Subject,effectSize,errBarType,graphImg,graphType,resp,RT,cycle,sample
1,0,EBTadj,v2sdEBTadj0i.bmp,SD,3,14154,1,1
1,5,EBTadj,v2sdEBTadj5i.bmp,SD,2,3480,1,2
1,5,EBTadj,v2sdEBTadj5a.bmp,SD,3,9261,1,3
1,8,EBTadj,v2SmallEBTadj8b.bmp,small,4,2205,1,4
1,3,EBTadj,v2SmallEBTadj3b.bmp,small,4,1253,1,5
1,0,EBTadj,v2sdEBTadj0h.bmp,SD,2,1363,1,6
1,0,EBTadj,v2FullEBTadj0a.bmp,full,2,901,1,7
1,3,EBTadj,v2FullEBTadj3f.bmp,full,2,2241,1,8
1,8,EBTadj,v2FullEBTadj8f.bmp,full,2,2679,1,9
1,3,EBTadj,v2sdEBTadj3h.bmp,SD,3,1509,1,10
1,8,EBTadj,v2FullEBTadj8g.bmp,full,2,808,1,11
1,3,EBTadj,v2FullEBTadj3e.bmp,full,1,575,1,12
1,5,EBTadj,v2sdEBTadj5c.bmp,SD,4,735,1,13
1,3,EBTadj,v2FullEBTadj3j.bmp,full,2,1242,1,14
1,0,EBTadj,v2FullEBTadj0b.bmp,full,1,480,1,15
1,8,EBTadj,v2FullEBTadj8d.bmp,full,2,1028,1,16
1,8,EBTadj,v2FullEBTadj8c.bmp,full,1,2819,1,17
1,3,EBTadj,v2FullEBTadj3i.bmp,full,1,1307,1,18
1,5,EBTadj,v2FullEBTadj5d.bmp,full,2,967,1,19
1,8,EBTadj,v2sdEBTadj8b.bmp,SD,4,832,1,20
1,8,EBTadj,v2SmallEBTadj8h.bmp,small,3,799,1,21
1,3,EBTadj,v2FullEBTadj3a.bmp,full,2,1879,1,22
1,3,EBTadj,v2SmallEBTadj3f.bmp,small,3,900,1,23
1,5,EBTadj,v2sdEBTadj5h.bmp,SD,1,768,1,24
1,0,EBTadj,v2sdEBTadj0c.bmp,SD,1,801,1,25
1,5,EBTadj,v2SmallEBTadj5d.bmp,small,3,1769,1,26
1,0,EBTadj,v2SmallEBTadj0i.bmp,small,2,851,1,27
1,3,EBTadj,v2sdEBTadj3e.bmp,SD,4,1128,1,28
1,8,EBTadj,v2SmallEBTadj8g.bmp,small,4,730,1,29
1,5,EBTadj,v2FullEBTadj5h.bmp,full,2,909,1,30
1,8,EBTadj,v2FullEBTadj8b.bmp,full,4,2985,1,31
1,0,EBTadj,v2FullEBTadj0f.bmp,full,2,1082,1,32
1,5,EBTadj,v2FullEBTadj5g.bmp,full,3,1031,1,33
1,0,EBTadj,v2sdEBTadj0b.bmp,SD,2,5357,1,34
1,8,EBTadj,v2sdEBTadj8e.bmp,SD,4,784,1,35
1,5,EBTadj,v2sdEBTadj5d.bmp,SD,4,3833,1,36
1,0,EBTadj,v2SmallEBTadj0e.bmp,small,2,809,1,37
1,3,EBTadj,v2sdEBTadj3b.bmp,SD,3,1128,1,38
1,5,EBTadj,v2SmallEBTadj5e.bmp,small,4,794,1,39
1,8,EBTadj,v2sdEBTadj8h.bmp,SD,4,634,1,40
1,8,EBTadj,v2FullEBTadj8j.bmp,full,2,912,1,41
1,8,EBTadj,v2SmallEBTadj8d.bmp,small,4,644,1,42
1,5,EBTadj,v2SmallEBTadj5b.bmp,small,4,930,1,43
1,3,EBTadj,v2SmallEBTadj3h.bmp,small,2,772,1,44
1,0,EBTadj,v2sdEBTadj0d.bmp,SD,3,773,1,45
1,0,EBTadj,v2SmallEBTadj0c.bmp,small,4,582,1,46
1,0,EBTadj,v2FullEBTadj0d.bmp,full,2,334,1,47
1,0,EBTadj,v2FullEBTadj0c.bmp,full,3,425,1,48
1,8,EBTadj,v2SmallEBTadj8e.bmp,small,4,759,1,49
1,0,EBTadj,v2FullEBTadj0g.bmp,full,1,577,1,50
1,5,EBTadj,v2FullEBTadj5a.bmp,full,2,3817,1,51
1,3,EBTadj,v2FullEBTadj3g.bmp,full,2,1010,1,52
1,0,EBTadj,v2FullEBTadj0h.bmp,full,1,969,1,53
1,8,EBTadj,v2sdEBTadj8j.bmp,SD,4,730,1,54
1,5,EBTadj,v2FullEBTadj5j.bmp,full,2,844,1,55
1,0,EBTadj,v2SmallEBTadj0h.bmp,small,2,3098,1,56
1,0,EBTadj,v2sdEBTadj0a.bmp,SD,1,735,1,57
1,5,EBTadj,v2sdEBTadj5j.bmp,SD,4,578,1,58
1,8,EBTadj,v2SmallEBTadj8j.bmp,small,4,754,1,59
1,5,EBTadj,v2FullEBTadj5e.bmp,full,2,812,1,60
1,8,EBTadj,v2SmallEBTadj8a.bmp,small,4,851,1,61
1,3,EBTadj,v2sdEBTadj3f.bmp,SD,3,937,1,62
1,0,EBTadj,v2sdEBTadj0f.bmp,SD,2,1003,1,63
1,3,EBTadj,v2SmallEBTadj3c.bmp,small,4,1579,1,64
1,8,EBTadj,v2FullEBTadj8h.bmp,full,2,4692,1,65
1,3,EBTadj,v2SmallEBTadj3j.bmp,small,3,1841,1,66
1,8,EBTadj,v2sdEBTadj8g.bmp,SD,4,8607,1,67
1,8,EBTadj,v2SmallEBTadj8f.bmp,small,4,1521,1,68
1,3,EBTadj,v2FullEBTadj3b.bmp,full,2,3140,1,69
1,5,EBTadj,v2sdEBTadj5e.bmp,SD,3,887,1,70
1,3,EBTadj,v2sdEBTadj3g.bmp,SD,4,788,1,71
1,3,EBTadj,v2sdEBTadj3c.bmp,SD,3,868,1,72
1,3,EBTadj,v2sdEBTadj3j.bmp,SD,3,522,1,73
1,5,EBTadj,v2FullEBTadj5i.bmp,full,2,644,1,74
1,5,EBTadj,v2FullEBTadj5f.bmp,full,3,634,1,75
1,8,EBTadj,v2FullEBTadj8i.bmp,full,2,1297,1,76
1,3,EBTadj,v2sdEBTadj3d.bmp,SD,3,765,1,77
1,8,EBTadj,v2sdEBTadj8f.bmp,SD,4,694,1,78
1,3,EBTadj,v2SmallEBTadj3g.bmp,small,3,714,1,79
1,8,EBTadj,v2SmallEBTadj8c.bmp,small,4,677,1,80
1,0,EBTadj,v2sdEBTadj0j.bmp,SD,2,897,1,81
1,0,EBTadj,v2SmallEBTadj0a.bmp,small,1,1045,1,82
1,3,EBTadj,v2SmallEBTadj3i.bmp,small,4,1291,1,83
1,0,EBTadj,v2SmallEBTadj0j.bmp,small,3,5271,1,84
1,0,EBTadj,v2SmallEBTadj0d.bmp,small,2,1094,1,85
1,5,EBTadj,v2SmallEBTadj5c.bmp,small,4,706,1,86
1,5,EBTadj,v2FullEBTadj5c.bmp,full,3,789,1,87
1,3,EBTadj,v2sdEBTadj3i.bmp,SD,3,1325,1,88
1,5,EBTadj,v2SmallEBTadj5f.bmp,small,3,1024,1,89
1,5,EBTadj,v2sdEBTadj5b.bmp,SD,3,1503,1,90
1,8,EBTadj,v2sdEBTadj8i.bmp,SD,3,907,1,91
1,0,EBTadj,v2FullEBTadj0i.bmp,full,1,1078,1,92
1,8,EBTadj,v2sdEBTadj8a.bmp,SD,4,835,1,93
1,5,EBTadj,v2SmallEBTadj5a.bmp,small,4,1377,1,94
1,5,EBTadj,v2SmallEBTadj5h.bmp,small,4,714,1,95
1,8,EBTadj,v2SmallEBTadj8i.bmp,small,4,485,1,96
1,3,EBTadj,v2FullEBTadj3c.bmp,full,3,961,1,97
1,3,EBTadj,v2FullEBTadj3d.bmp,full,3,899,1,98
1,5,EBTadj,v2SmallEBTadj5i.bmp,small,3,1095,1,99
1,5,EBTadj,v2SmallEBTadj5g.bmp,small,3,507,1,100
1,5,EBTadj,v2SmallEBTadj5j.bmp,small,4,542,1,101
1,8,EBTadj,v2sdEBTadj8d.bmp,SD,4,816,1,102
1,5,EBTadj,v2FullEBTadj5b.bmp,full,2,823,1,103
1,0,EBTadj,v2FullEBTadj0j.bmp,full,2,774,1,104
1,5,EBTadj,v2sdEBTadj5g.bmp,SD,3,815,1,105
1,0,EBTadj,v2SmallEBTadj0b.bmp,small,2,2646,1,106
1,0,EBTadj,v2FullEBTadj0e.bmp,full,1,1061,1,107
1,0,EBTadj,v2SmallEBTadj0f.bmp,small,2,1570,1,108
1,8,EBTadj,v2sdEBTadj8c.bmp,SD,4,972,1,109
1,8,EBTadj,v2FullEBTadj8e.bmp,full,2,852,1,110
1,3,EBTadj,v2sdEBTadj3a.bmp,SD,2,594,1,111
1,0,EBTadj,v2SmallEBTadj0g.bmp,small,2,1354,1,112
1,3,EBTadj,v2SmallEBTadj3a.bmp,small,3,1220,1,113
1,8,EBTadj,v2FullEBTadj8a.bmp,full,2,996,1,114
1,3,EBTadj,v2SmallEBTadj3e.bmp,small,3,924,1,115
1,5,EBTadj,v2sdEBTadj5f.bmp,SD,3,614,1,116
1,3,EBTadj,v2FullEBTadj3h.bmp,full,2,870,1,117
1,0,EBTadj,v2sdEBTadj0e.bmp,SD,1,1395,1,118
1,3,EBTadj,v2SmallEBTadj3d.bmp,small,3,891,1,119
1,0,EBTadj,v2sdEBTadj0g.bmp,SD,2,1351,1,120
1,5,EBTadj,v2sdEBTadj5i.bmp,SD,1,1849,2,121
1,5,EBTadj,v2SmallEBTadj5a.bmp,small,3,1056,2,122
1,3,EBTadj,v2sdEBTadj3e.bmp,SD,3,341,2,123
1,5,EBTadj,v2FullEBTadj5h.bmp,full,2,847,2,124
1,0,EBTadj,v2sdEBTadj0f.bmp,SD,2,669,2,125
1,8,EBTadj,v2sdEBTadj8a.bmp,SD,3,689,2,126
1,8,EBTadj,v2sdEBTadj8i.bmp,SD,3,2013,2,127
1,8,EBTadj,v2SmallEBTadj8f.bmp,small,3,557,2,128
1,3,EBTadj,v2SmallEBTadj3c.bmp,small,3,654,2,129
1,8,EBTadj,v2SmallEBTadj8c.bmp,small,3,684,2,130
1,8,EBTadj,v2FullEBTadj8d.bmp,full,2,865,2,131
1,0,EBTadj,v2FullEBTadj0a.bmp,full,1,926,2,132
1,8,EBTadj,v2FullEBTadj8b.bmp,full,2,1081,2,133
1,5,EBTadj,v2FullEBTadj5f.bmp,full,1,878,2,134
1,0,EBTadj,v2SmallEBTadj0b.bmp,small,1,930,2,135
1,8,EBTadj,v2SmallEBTadj8i.bmp,small,3,1397,2,136
1,3,EBTadj,v2SmallEBTadj3b.bmp,small,3,765,2,137
1,0,EBTadj,v2sdEBTadj0e.bmp,SD,1,615,2,138
1,0,EBTadj,v2FullEBTadj0i.bmp,full,1,814,2,139
1,0,EBTadj,v2sdEBTadj0h.bmp,SD,1,493,2,140
1,5,EBTadj,v2sdEBTadj5j.bmp,SD,3,1305,2,141
1,3,EBTadj,v2FullEBTadj3b.bmp,full,1,1876,2,142
1,8,EBTadj,v2SmallEBTadj8a.bmp,small,1,257,2,143
1,8,EBTadj,v2sdEBTadj8d.bmp,SD,3,1070,2,144
1,8,EBTadj,v2FullEBTadj8i.bmp,full,2,1484,2,145
1,3,EBTadj,v2FullEBTadj3h.bmp,full,2,2273,2,146
1,5,EBTadj,v2SmallEBTadj5h.bmp,small,3,2574,2,147
1,0,EBTadj,v2SmallEBTadj0g.bmp,small,1,895,2,148
1,0,EBTadj,v2FullEBTadj0c.bmp,full,1,971,2,149
1,8,EBTadj,v2FullEBTadj8a.bmp,full,3,701,2,150
1,8,EBTadj,v2sdEBTadj8j.bmp,SD,3,920,2,151
1,8,EBTadj,v2SmallEBTadj8b.bmp,small,3,660,2,152
1,5,EBTadj,v2FullEBTadj5c.bmp,full,3,385,2,153
1,8,EBTadj,v2sdEBTadj8b.bmp,SD,2,522,2,154
1,8,EBTadj,v2FullEBTadj8g.bmp,full,3,421,2,155
1,8,EBTadj,v2SmallEBTadj8g.bmp,small,3,828,2,156
1,8,EBTadj,v2sdEBTadj8c.bmp,SD,3,434,2,157
1,5,EBTadj,v2sdEBTadj5b.bmp,SD,3,480,2,158
1,8,EBTadj,v2FullEBTadj8e.bmp,full,2,1493,2,159
1,8,EBTadj,v2FullEBTadj8j.bmp,full,2,873,2,160
1,5,EBTadj,v2sdEBTadj5c.bmp,SD,2,102,2,161
1,0,EBTadj,v2sdEBTadj0b.bmp,SD,3,1297,2,162
1,0,EBTadj,v2SmallEBTadj0d.bmp,small,3,766,2,163
1,3,EBTadj,v2FullEBTadj3d.bmp,full,1,1319,2,164
1,0,EBTadj,v2FullEBTadj0f.bmp,full,1,354,2,165
1,8,EBTadj,v2FullEBTadj8f.bmp,full,1,340,2,166
1,5,EBTadj,v2SmallEBTadj5g.bmp,small,2,926,2,167
1,5,EBTadj,v2FullEBTadj5d.bmp,full,1,1369,2,168
1,5,EBTadj,v2SmallEBTadj5f.bmp,small,3,778,2,169
1,5,EBTadj,v2FullEBTadj5i.bmp,full,2,659,2,170
1,8,EBTadj,v2sdEBTadj8e.bmp,SD,3,760,2,171
1,3,EBTadj,v2sdEBTadj3g.bmp,SD,2,1305,2,172
1,3,EBTadj,v2sdEBTadj3f.bmp,SD,3,517,2,173
1,8,EBTadj,v2SmallEBTadj8d.bmp,small,3,2543,2,174
1,8,EBTadj,v2sdEBTadj8h.bmp,SD,3,522,2,175
1,3,EBTadj,v2SmallEBTadj3a.bmp,small,3,420,2,176
1,3,EBTadj,v2sdEBTadj3b.bmp,SD,3,332,2,177
1,5,EBTadj,v2sdEBTadj5e.bmp,SD,3,310,2,178
1,8,EBTadj,v2sdEBTadj8f.bmp,SD,3,425,2,179
1,3,EBTadj,v2SmallEBTadj3f.bmp,small,3,680,2,180
1,5,EBTadj,v2SmallEBTadj5j.bmp,small,3,468,2,181
1,5,EBTadj,v2sdEBTadj5f.bmp,SD,3,442,2,182
1,3,EBTadj,v2SmallEBTadj3g.bmp,small,3,663,2,183
1,0,EBTadj,v2FullEBTadj0g.bmp,full,3,1389,2,184
1,0,EBTadj,v2sdEBTadj0i.bmp,SD,3,413,2,185
1,5,EBTadj,v2SmallEBTadj5e.bmp,small,2,1388,2,186
1,0,EBTadj,v2SmallEBTadj0a.bmp,small,3,476,2,187
1,3,EBTadj,v2SmallEBTadj3h.bmp,small,3,513,2,188
1,5,EBTadj,v2SmallEBTadj5b.bmp,small,3,476,2,189
1,3,EBTadj,v2SmallEBTadj3j.bmp,small,1,7840,2,190
1,3,EBTadj,v2sdEBTadj3a.bmp,SD,3,3648,2,191
1,3,EBTadj,v2FullEBTadj3j.bmp,full,2,1990,2,192
1,3,EBTadj,v2sdEBTadj3h.bmp,SD,3,1095,2,193
1,5,EBTadj,v2FullEBTadj5a.bmp,full,2,1179,2,194
1,5,EBTadj,v2SmallEBTadj5d.bmp,small,3,684,2,195
1,0,EBTadj,v2sdEBTadj0a.bmp,SD,2,1344,2,196
1,0,EBTadj,v2sdEBTadj0c.bmp,SD,2,2026,2,197
1,3,EBTadj,v2SmallEBTadj3i.bmp,small,2,977,2,198
1,3,EBTadj,v2FullEBTadj3c.bmp,full,2,1002,2,199
1,8,EBTadj,v2FullEBTadj8c.bmp,full,2,249,2,200
1,3,EBTadj,v2SmallEBTadj3d.bmp,small,2,519,2,201
1,3,EBTadj,v2FullEBTadj3f.bmp,full,2,842,2,202
1,0,EBTadj,v2sdEBTadj0j.bmp,SD,2,232,2,203
1,8,EBTadj,v2SmallEBTadj8h.bmp,small,2,30,2,204
1,0,EBTadj,v2SmallEBTadj0i.bmp,small,1,2236,2,205
1,0,EBTadj,v2FullEBTadj0h.bmp,full,1,643,2,206
1,5,EBTadj,v2sdEBTadj5h.bmp,SD,3,745,2,207
1,3,EBTadj,v2FullEBTadj3i.bmp,full,1,635,2,208
1,3,EBTadj,v2FullEBTadj3e.bmp,full,2,986,2,209
1,0,EBTadj,v2sdEBTadj0d.bmp,SD,2,890,2,210
1,0,EBTadj,v2FullEBTadj0b.bmp,full,2,454,2,211
1,5,EBTadj,v2FullEBTadj5b.bmp,full,2,388,2,212
1,5,EBTadj,v2FullEBTadj5g.bmp,full,2,245,2,213
1,3,EBTadj,v2sdEBTadj3i.bmp,SD,3,691,2,214
1,0,EBTadj,v2FullEBTadj0d.bmp,full,2,462,2,215
1,5,EBTadj,v2FullEBTadj5j.bmp,full,3,532,2,216
1,0,EBTadj,v2SmallEBTadj0h.bmp,small,2,142,2,217
1,0,EBTadj,v2FullEBTadj0e.bmp,full,3,768,2,218
1,3,EBTadj,v2FullEBTadj3g.bmp,full,2,905,2,219
1,3,EBTadj,v2sdEBTadj3c.bmp,SD,2,389,2,220
1,0,EBTadj,v2FullEBTadj0j.bmp,full,1,893,2,221
1,5,EBTadj,v2sdEBTadj5g.bmp,SD,2,696,2,222
1,5,EBTadj,v2sdEBTadj5d.bmp,SD,2,444,2,223
1,3,EBTadj,v2FullEBTadj3a.bmp,full,2,346,2,224
1,5,EBTadj,v2FullEBTadj5e.bmp,full,2,1380,2,225
1,8,EBTadj,v2SmallEBTadj8e.bmp,small,3,717,2,226
1,3,EBTadj,v2SmallEBTadj3e.bmp,small,3,1152,2,227
1,5,EBTadj,v2sdEBTadj5a.bmp,SD,3,458,2,228
1,3,EBTadj,v2sdEBTadj3d.bmp,SD,3,63,2,229
1,8,EBTadj,v2FullEBTadj8h.bmp,full,2,11308,2,230
1,5,EBTadj,v2SmallEBTadj5i.bmp,small,2,1883,2,231
1,0,EBTadj,v2sdEBTadj0g.bmp,SD,2,249,2,232
1,0,EBTadj,v2SmallEBTadj0f.bmp,small,2,582,2,233
1,0,EBTadj,v2SmallEBTadj0e.bmp,small,2,79,2,234
1,8,EBTadj,v2SmallEBTadj8j.bmp,small,4,978,2,235
1,0,EBTadj,v2SmallEBTadj0c.bmp,small,2,875,2,236
1,8,EBTadj,v2sdEBTadj8g.bmp,SD,3,1592,2,237
1,3,EBTadj,v2sdEBTadj3j.bmp,SD,3,920,2,238
1,0,EBTadj,v2SmallEBTadj0j.bmp,small,3,851,2,239
1,5,EBTadj,v2SmallEBTadj5c.bmp,small,3,441,2,240
1,0,EBTadj,v2SmallEBTadj0b.bmp,small,3,863,3,241
1,5,EBTadj,v2FullEBTadj5d.bmp,full,3,3877,3,242
1,3,EBTadj,v2FullEBTadj3c.bmp,full,3,322,3,243
1,3,EBTadj,v2SmallEBTadj3c.bmp,small,3,189,3,244
1,0,EBTadj,v2FullEBTadj0h.bmp,full,3,117,3,245
1,8,EBTadj,v2SmallEBTadj8h.bmp,small,2,232,3,246
1,0,EBTadj,v2SmallEBTadj0c.bmp,small,2,462,3,247
1,8,EBTadj,v2sdEBTadj8b.bmp,SD,3,579,3,248
1,0,EBTadj,v2sdEBTadj0d.bmp,SD,2,540,3,249
1,8,EBTadj,v2FullEBTadj8b.bmp,full,2,574,3,250
1,8,EBTadj,v2FullEBTadj8c.bmp,full,2,438,3,251
1,8,EBTadj,v2FullEBTadj8a.bmp,full,2,261,3,252
1,5,EBTadj,v2FullEBTadj5b.bmp,full,2,433,3,253
1,3,EBTadj,v2SmallEBTadj3e.bmp,small,2,431,3,254
1,5,EBTadj,v2SmallEBTadj5g.bmp,small,3,422,3,255
1,0,EBTadj,v2SmallEBTadj0f.bmp,small,2,581,3,256
1,0,EBTadj,v2FullEBTadj0i.bmp,full,2,557,3,257
1,0,EBTadj,v2sdEBTadj0j.bmp,SD,2,782,3,258
1,3,EBTadj,v2SmallEBTadj3i.bmp,small,3,399,3,259
1,3,EBTadj,v2sdEBTadj3a.bmp,SD,2,503,3,260
1,0,EBTadj,v2SmallEBTadj0d.bmp,small,2,283,3,261
1,5,EBTadj,v2sdEBTadj5j.bmp,SD,2,215,3,262
1,5,EBTadj,v2sdEBTadj5d.bmp,SD,3,486,3,263
1,0,EBTadj,v2SmallEBTadj0i.bmp,small,2,723,3,264
1,3,EBTadj,v2FullEBTadj3a.bmp,full,3,445,3,265
1,3,EBTadj,v2FullEBTadj3e.bmp,full,3,763,3,266
1,0,EBTadj,v2FullEBTadj0e.bmp,full,2,45,3,267
1,3,EBTadj,v2SmallEBTadj3h.bmp,small,3,834,3,268
1,3,EBTadj,v2sdEBTadj3j.bmp,SD,3,633,3,269
1,8,EBTadj,v2SmallEBTadj8g.bmp,small,3,360,3,270
1,0,EBTadj,v2FullEBTadj0d.bmp,full,1,1969,3,271
1,0,EBTadj,v2sdEBTadj0h.bmp,SD,2,962,3,272
1,8,EBTadj,v2SmallEBTadj8e.bmp,small,3,827,3,273
1,3,EBTadj,v2SmallEBTadj3b.bmp,small,3,1122,3,274
1,3,EBTadj,v2FullEBTadj3f.bmp,full,2,668,3,275
1,8,EBTadj,v2FullEBTadj8i.bmp,full,2,498,3,276
1,8,EBTadj,v2FullEBTadj8g.bmp,full,2,278,3,277
1,3,EBTadj,v2sdEBTadj3c.bmp,SD,2,666,3,278
1,0,EBTadj,v2sdEBTadj0i.bmp,SD,2,247,3,279
1,3,EBTadj,v2sdEBTadj3i.bmp,SD,2,213,3,280
1,5,EBTadj,v2sdEBTadj5h.bmp,SD,2,500,3,281
1,5,EBTadj,v2SmallEBTadj5b.bmp,small,3,296,3,282
1,5,EBTadj,v2FullEBTadj5a.bmp,full,2,20,3,283
1,5,EBTadj,v2FullEBTadj5j.bmp,full,3,347,3,284
1,5,EBTadj,v2sdEBTadj5c.bmp,SD,2,1669,3,285
1,5,EBTadj,v2SmallEBTadj5f.bmp,small,3,498,3,286
1,5,EBTadj,v2SmallEBTadj5e.bmp,small,3,358,3,287
1,0,EBTadj,v2SmallEBTadj0g.bmp,small,3,239,3,288
1,3,EBTadj,v2FullEBTadj3j.bmp,full,2,1917,3,289
1,8,EBTadj,v2FullEBTadj8j.bmp,full,3,281,3,290
1,3,EBTadj,v2FullEBTadj3d.bmp,full,2,293,3,291
1,0,EBTadj,v2sdEBTadj0g.bmp,SD,2,200,3,292
1,5,EBTadj,v2SmallEBTadj5d.bmp,small,2,248,3,293
1,8,EBTadj,v2FullEBTadj8d.bmp,full,2,630,3,294
1,3,EBTadj,v2FullEBTadj3b.bmp,full,2,572,3,295
1,5,EBTadj,v2FullEBTadj5c.bmp,full,2,573,3,296
1,0,EBTadj,v2FullEBTadj0a.bmp,full,2,589,3,297
1,8,EBTadj,v2SmallEBTadj8d.bmp,small,2,373,3,298
1,3,EBTadj,v2sdEBTadj3h.bmp,SD,3,1582,3,299
1,5,EBTadj,v2sdEBTadj5a.bmp,SD,3,911,3,300
1,8,EBTadj,v2sdEBTadj8g.bmp,SD,3,602,3,301
1,3,EBTadj,v2SmallEBTadj3f.bmp,small,3,282,3,302
1,3,EBTadj,v2SmallEBTadj3j.bmp,small,3,31,3,303
1,8,EBTadj,v2SmallEBTadj8a.bmp,small,3,341,3,304
1,8,EBTadj,v2SmallEBTadj8j.bmp,small,3,327,3,305
1,5,EBTadj,v2FullEBTadj5i.bmp,full,3,57,3,306
1,0,EBTadj,v2FullEBTadj0c.bmp,full,1,1382,3,307
1,5,EBTadj,v2sdEBTadj5b.bmp,SD,3,703,3,308
1,8,EBTadj,v2sdEBTadj8c.bmp,SD,3,555,3,309
1,3,EBTadj,v2FullEBTadj3i.bmp,full,3,308,3,310
1,8,EBTadj,v2sdEBTadj8e.bmp,SD,3,200,3,311
1,8,EBTadj,v2SmallEBTadj8f.bmp,small,3,119,3,312
1,0,EBTadj,v2sdEBTadj0e.bmp,SD,3,10,3,313
1,3,EBTadj,v2SmallEBTadj3d.bmp,small,3,136,3,314
1,8,EBTadj,v2FullEBTadj8h.bmp,full,3,323,3,315
1,5,EBTadj,v2SmallEBTadj5i.bmp,small,3,869,3,316
1,5,EBTadj,v2SmallEBTadj5j.bmp,small,3,203,3,317
1,8,EBTadj,v2FullEBTadj8e.bmp,full,3,554,3,318
1,0,EBTadj,v2SmallEBTadj0j.bmp,small,3,580,3,319
1,5,EBTadj,v2SmallEBTadj5a.bmp,small,3,525,3,320
1,3,EBTadj,v2sdEBTadj3d.bmp,SD,3,359,3,321
1,0,EBTadj,v2sdEBTadj0a.bmp,SD,3,57,3,322
1,5,EBTadj,v2SmallEBTadj5h.bmp,small,3,622,3,323
1,0,EBTadj,v2SmallEBTadj0h.bmp,small,3,284,3,324
1,0,EBTadj,v2FullEBTadj0g.bmp,full,1,1041,3,325
1,8,EBTadj,v2sdEBTadj8a.bmp,SD,3,855,3,326
1,3,EBTadj,v2sdEBTadj3g.bmp,SD,2,741,3,327
1,8,EBTadj,v2SmallEBTadj8b.bmp,small,3,639,3,328
1,5,EBTadj,v2FullEBTadj5g.bmp,full,1,853,3,329
1,8,EBTadj,v2sdEBTadj8d.bmp,SD,2,1011,3,330
1,0,EBTadj,v2sdEBTadj0c.bmp,SD,1,1162,3,331
1,0,EBTadj,v2SmallEBTadj0a.bmp,small,1,2899,3,332
1,5,EBTadj,v2sdEBTadj5g.bmp,SD,2,775,3,333
1,5,EBTadj,v2SmallEBTadj5c.bmp,small,3,1472,3,334
1,5,EBTadj,v2sdEBTadj5f.bmp,SD,3,605,3,335
1,3,EBTadj,v2SmallEBTadj3g.bmp,small,3,2036,3,336
1,8,EBTadj,v2sdEBTadj8h.bmp,SD,3,243,3,337
1,8,EBTadj,v2SmallEBTadj8i.bmp,small,3,337,3,338
1,8,EBTadj,v2sdEBTadj8f.bmp,SD,3,596,3,339
1,8,EBTadj,v2SmallEBTadj8c.bmp,small,3,275,3,340
1,3,EBTadj,v2sdEBTadj3f.bmp,SD,3,264,3,341
1,5,EBTadj,v2sdEBTadj5e.bmp,SD,3,245,3,342
1,5,EBTadj,v2FullEBTadj5h.bmp,full,3,195,3,343
1,0,EBTadj,v2FullEBTadj0j.bmp,full,3,971,3,344
1,5,EBTadj,v2FullEBTadj5f.bmp,full,3,3940,3,345
1,3,EBTadj,v2sdEBTadj3b.bmp,SD,3,463,3,346
1,5,EBTadj,v2sdEBTadj5i.bmp,SD,3,300,3,347
1,0,EBTadj,v2sdEBTadj0b.bmp,SD,3,216,3,348
1,0,EBTadj,v2FullEBTadj0b.bmp,full,1,854,3,349
1,8,EBTadj,v2sdEBTadj8i.bmp,SD,2,7860,3,350
1,0,EBTadj,v2FullEBTadj0f.bmp,full,2,867,3,351
1,0,EBTadj,v2SmallEBTadj0e.bmp,small,2,985,3,352
1,3,EBTadj,v2sdEBTadj3e.bmp,SD,3,1145,3,353
1,3,EBTadj,v2FullEBTadj3h.bmp,full,2,660,3,354
1,5,EBTadj,v2FullEBTadj5e.bmp,full,2,585,3,355
1,3,EBTadj,v2SmallEBTadj3a.bmp,small,2,401,3,356
1,8,EBTadj,v2FullEBTadj8f.bmp,full,2,641,3,357
1,0,EBTadj,v2sdEBTadj0f.bmp,SD,2,551,3,358
1,3,EBTadj,v2FullEBTadj3g.bmp,full,2,377,3,359
1,8,EBTadj,v2sdEBTadj8j.bmp,SD,3,730,3,360
1,5,EBTadj,v2FullEBTadj5b.bmp,full,2,692,4,361
1,0,EBTadj,v2SmallEBTadj0i.bmp,small,2,1072,4,362
1,3,EBTadj,v2FullEBTadj3j.bmp,full,2,382,4,363
1,8,EBTadj,v2FullEBTadj8d.bmp,full,2,469,4,364
1,8,EBTadj,v2sdEBTadj8b.bmp,SD,3,538,4,365
1,8,EBTadj,v2FullEBTadj8j.bmp,full,2,804,4,366
1,8,EBTadj,v2sdEBTadj8g.bmp,SD,3,652,4,367
1,3,EBTadj,v2SmallEBTadj3e.bmp,small,3,386,4,368
1,5,EBTadj,v2sdEBTadj5b.bmp,SD,3,123,4,369
1,8,EBTadj,v2FullEBTadj8f.bmp,full,2,677,4,370
1,5,EBTadj,v2SmallEBTadj5h.bmp,small,3,450,4,371
1,8,EBTadj,v2SmallEBTadj8e.bmp,small,3,16,4,372
1,0,EBTadj,v2sdEBTadj0j.bmp,SD,2,455,4,373
1,5,EBTadj,v2FullEBTadj5g.bmp,full,3,380,4,374
1,8,EBTadj,v2sdEBTadj8d.bmp,SD,3,429,4,375
1,0,EBTadj,v2FullEBTadj0h.bmp,full,2,691,4,376
1,5,EBTadj,v2SmallEBTadj5b.bmp,small,3,1375,4,377
1,0,EBTadj,v2SmallEBTadj0g.bmp,small,2,776,4,378
1,0,EBTadj,v2FullEBTadj0b.bmp,full,3,281,4,379
1,0,EBTadj,v2FullEBTadj0g.bmp,full,1,1925,4,380
1,0,EBTadj,v2FullEBTadj0f.bmp,full,1,1064,4,381
1,0,EBTadj,v2sdEBTadj0h.bmp,SD,1,614,4,382
1,0,EBTadj,v2FullEBTadj0e.bmp,full,1,420,4,383
1,8,EBTadj,v2SmallEBTadj8a.bmp,small,3,571,4,384
1,5,EBTadj,v2SmallEBTadj5j.bmp,small,3,708,4,385
1,8,EBTadj,v2sdEBTadj8e.bmp,SD,3,799,4,386
1,0,EBTadj,v2SmallEBTadj0j.bmp,small,2,1447,4,387
1,3,EBTadj,v2SmallEBTadj3d.bmp,small,3,605,4,388
1,5,EBTadj,v2FullEBTadj5h.bmp,full,3,285,4,389
1,8,EBTadj,v2SmallEBTadj8c.bmp,small,2,273,4,390
1,0,EBTadj,v2SmallEBTadj0h.bmp,small,3,582,4,391
1,0,EBTadj,v2SmallEBTadj0b.bmp,small,2,566,4,392
1,3,EBTadj,v2FullEBTadj3g.bmp,full,2,367,4,393
1,3,EBTadj,v2FullEBTadj3e.bmp,full,2,241,4,394
1,5,EBTadj,v2sdEBTadj5j.bmp,SD,2,102,4,395
1,8,EBTadj,v2sdEBTadj8c.bmp,SD,3,402,4,396
1,8,EBTadj,v2FullEBTadj8i.bmp,full,3,3338,4,397
1,3,EBTadj,v2FullEBTadj3i.bmp,full,4,597,4,398
1,0,EBTadj,v2SmallEBTadj0e.bmp,small,4,661,4,399
1,3,EBTadj,v2FullEBTadj3a.bmp,full,4,50,4,400
1,5,EBTadj,v2SmallEBTadj5e.bmp,small,4,448,4,401
1,5,EBTadj,v2sdEBTadj5e.bmp,SD,4,629,4,402
1,8,EBTadj,v2SmallEBTadj8g.bmp,small,3,963,4,403
1,5,EBTadj,v2SmallEBTadj5d.bmp,small,4,413,4,404
1,3,EBTadj,v2sdEBTadj3c.bmp,SD,3,548,4,405
1,3,EBTadj,v2sdEBTadj3b.bmp,SD,3,742,4,406
1,3,EBTadj,v2SmallEBTadj3h.bmp,small,3,384,4,407
1,0,EBTadj,v2SmallEBTadj0f.bmp,small,3,976,4,408
1,5,EBTadj,v2sdEBTadj5f.bmp,SD,3,417,4,409
1,5,EBTadj,v2sdEBTadj5a.bmp,SD,3,672,4,410
1,0,EBTadj,v2FullEBTadj0c.bmp,full,1,3933,4,411
1,3,EBTadj,v2SmallEBTadj3i.bmp,small,3,832,4,412
1,3,EBTadj,v2SmallEBTadj3a.bmp,small,3,759,4,413
1,5,EBTadj,v2SmallEBTadj5f.bmp,small,3,384,4,414
1,3,EBTadj,v2SmallEBTadj3b.bmp,small,3,313,4,415
1,5,EBTadj,v2sdEBTadj5g.bmp,SD,3,532,4,416
1,5,EBTadj,v2sdEBTadj5h.bmp,SD,3,327,4,417
1,8,EBTadj,v2FullEBTadj8g.bmp,full,3,297,4,418
1,0,EBTadj,v2sdEBTadj0e.bmp,SD,2,2140,4,419
1,8,EBTadj,v2sdEBTadj8f.bmp,SD,3,718,4,420
1,0,EBTadj,v2sdEBTadj0f.bmp,SD,3,2946,4,421
1,0,EBTadj,v2sdEBTadj0i.bmp,SD,3,444,4,422
1,8,EBTadj,v2sdEBTadj8h.bmp,SD,3,818,4,423
1,5,EBTadj,v2FullEBTadj5f.bmp,full,2,794,4,424
1,5,EBTadj,v2SmallEBTadj5i.bmp,small,3,730,4,425
1,8,EBTadj,v2SmallEBTadj8f.bmp,small,3,628,4,426
1,3,EBTadj,v2SmallEBTadj3f.bmp,small,3,2499,4,427
1,5,EBTadj,v2SmallEBTadj5g.bmp,small,3,807,4,428
1,5,EBTadj,v2FullEBTadj5e.bmp,full,3,175,4,429
1,3,EBTadj,v2sdEBTadj3i.bmp,SD,2,655,4,430
1,0,EBTadj,v2sdEBTadj0d.bmp,SD,2,581,4,431
1,3,EBTadj,v2SmallEBTadj3g.bmp,small,2,669,4,432
1,0,EBTadj,v2FullEBTadj0a.bmp,full,2,1410,4,433
1,0,EBTadj,v2sdEBTadj0b.bmp,SD,2,1897,4,434
1,3,EBTadj,v2sdEBTadj3j.bmp,SD,3,853,4,435
1,3,EBTadj,v2sdEBTadj3h.bmp,SD,3,707,4,436
1,3,EBTadj,v2SmallEBTadj3c.bmp,small,3,479,4,437
1,8,EBTadj,v2SmallEBTadj8j.bmp,small,3,651,4,438
1,5,EBTadj,v2FullEBTadj5i.bmp,full,1,889,4,439
1,0,EBTadj,v2SmallEBTadj0d.bmp,small,1,909,4,440
1,8,EBTadj,v2FullEBTadj8a.bmp,full,2,648,4,441
1,0,EBTadj,v2SmallEBTadj0c.bmp,small,2,254,4,442
1,3,EBTadj,v2sdEBTadj3d.bmp,SD,2,484,4,443
1,8,EBTadj,v2SmallEBTadj8b.bmp,small,3,401,4,444
1,3,EBTadj,v2sdEBTadj3g.bmp,SD,2,793,4,445
1,0,EBTadj,v2FullEBTadj0j.bmp,full,2,601,4,446
1,0,EBTadj,v2sdEBTadj0a.bmp,SD,2,1144,4,447
1,8,EBTadj,v2sdEBTadj8a.bmp,SD,3,795,4,448
1,3,EBTadj,v2SmallEBTadj3j.bmp,small,2,971,4,449
1,5,EBTadj,v2sdEBTadj5c.bmp,SD,3,572,4,450
1,3,EBTadj,v2FullEBTadj3h.bmp,full,1,773,4,451
1,5,EBTadj,v2sdEBTadj5d.bmp,SD,2,829,4,452
1,8,EBTadj,v2SmallEBTadj8d.bmp,small,3,603,4,453
1,3,EBTadj,v2sdEBTadj3a.bmp,SD,2,1019,4,454
1,5,EBTadj,v2sdEBTadj5i.bmp,SD,2,930,4,455
1,3,EBTadj,v2sdEBTadj3f.bmp,SD,2,1093,4,456
1,3,EBTadj,v2FullEBTadj3b.bmp,full,2,793,4,457
1,8,EBTadj,v2sdEBTadj8i.bmp,SD,3,769,4,458
1,0,EBTadj,v2sdEBTadj0c.bmp,SD,3,578,4,459
1,3,EBTadj,v2sdEBTadj3e.bmp,SD,2,819,4,460
1,8,EBTadj,v2FullEBTadj8b.bmp,full,2,106,4,461
1,0,EBTadj,v2FullEBTadj0d.bmp,full,2,557,4,462
1,5,EBTadj,v2FullEBTadj5c.bmp,full,2,302,4,463
1,3,EBTadj,v2FullEBTadj3f.bmp,full,2,122,4,464
1,8,EBTadj,v2FullEBTadj8h.bmp,full,2,421,4,465
1,0,EBTadj,v2SmallEBTadj0a.bmp,small,2,341,4,466
1,8,EBTadj,v2FullEBTadj8c.bmp,full,1,582,4,467
1,3,EBTadj,v2FullEBTadj3c.bmp,full,2,823,4,468
1,8,EBTadj,v2SmallEBTadj8i.bmp,small,2,566,4,469
1,5,EBTadj,v2FullEBTadj5a.bmp,full,2,391,4,470
1,0,EBTadj,v2sdEBTadj0g.bmp,SD,2,951,4,471
1,8,EBTadj,v2SmallEBTadj8h.bmp,small,2,425,4,472
1,8,EBTadj,v2sdEBTadj8j.bmp,SD,3,446,4,473
1,5,EBTadj,v2FullEBTadj5j.bmp,full,3,92,4,474
1,5,EBTadj,v2SmallEBTadj5a.bmp,small,3,904,4,475
1,5,EBTadj,v2SmallEBTadj5c.bmp,small,3,2316,4,476
1,8,EBTadj,v2FullEBTadj8e.bmp,full,3,656,4,477
1,0,EBTadj,v2FullEBTadj0i.bmp,full,2,853,4,478
1,5,EBTadj,v2FullEBTadj5d.bmp,full,2,1795,4,479
1,3,EBTadj,v2FullEBTadj3d.bmp,full,2,723,4,480
2,0,EBTadj,v2FullEBTadj0b.bmp,full,2,27439,1,1
2,5,EBTadj,v2sdEBTadj5d.bmp,SD,3,11943,1,2
2,8,EBTadj,v2FullEBTadj8f.bmp,full,2,4245,1,3
2,5,EBTadj,v2FullEBTadj5i.bmp,full,2,7299,1,4
2,8,EBTadj,v2sdEBTadj8h.bmp,SD,3,4617,1,5
2,0,EBTadj,v2FullEBTadj0c.bmp,full,1,3802,1,6
2,3,EBTadj,v2SmallEBTadj3e.bmp,small,1,4755,1,7
2,5,EBTadj,v2SmallEBTadj5e.bmp,small,2,5854,1,8
2,0,EBTadj,v2FullEBTadj0i.bmp,full,1,1908,1,9
2,0,EBTadj,v2sdEBTadj0g.bmp,SD,1,2728,1,10
2,3,EBTadj,v2SmallEBTadj3i.bmp,small,1,1331,1,11
2,8,EBTadj,v2FullEBTadj8h.bmp,full,2,3094,1,12
2,0,EBTadj,v2FullEBTadj0h.bmp,full,1,4171,1,13
2,3,EBTadj,v2SmallEBTadj3h.bmp,small,1,2181,1,14
2,0,EBTadj,v2sdEBTadj0a.bmp,SD,1,2206,1,15
2,8,EBTadj,v2SmallEBTadj8i.bmp,small,3,2606,1,16
2,3,EBTadj,v2FullEBTadj3j.bmp,full,1,2654,1,17
2,5,EBTadj,v2FullEBTadj5h.bmp,full,1,4019,1,18
2,0,EBTadj,v2sdEBTadj0h.bmp,SD,1,1740,1,19
2,3,EBTadj,v2sdEBTadj3a.bmp,SD,1,1262,1,20
2,5,EBTadj,v2SmallEBTadj5g.bmp,small,2,2148,1,21
2,8,EBTadj,v2FullEBTadj8b.bmp,full,2,1390,1,22
2,3,EBTadj,v2FullEBTadj3e.bmp,full,1,2206,1,23
2,5,EBTadj,v2FullEBTadj5b.bmp,full,2,3438,1,24
2,0,EBTadj,v2FullEBTadj0g.bmp,full,1,1277,1,25
2,3,EBTadj,v2sdEBTadj3b.bmp,SD,1,2018,1,26
2,0,EBTadj,v2FullEBTadj0j.bmp,full,1,1418,1,27
2,0,EBTadj,v2SmallEBTadj0e.bmp,small,1,3232,1,28
2,5,EBTadj,v2SmallEBTadj5f.bmp,small,2,2024,1,29
2,3,EBTadj,v2sdEBTadj3e.bmp,SD,1,1399,1,30
2,5,EBTadj,v2sdEBTadj5a.bmp,SD,2,2071,1,31
2,8,EBTadj,v2FullEBTadj8g.bmp,full,2,1893,1,32
2,8,EBTadj,v2SmallEBTadj8e.bmp,small,4,2153,1,33
2,8,EBTadj,v2sdEBTadj8j.bmp,SD,4,1580,1,34
2,0,EBTadj,v2SmallEBTadj0f.bmp,small,1,1293,1,35
2,8,EBTadj,v2sdEBTadj8i.bmp,SD,3,2545,1,36
2,0,EBTadj,v2FullEBTadj0f.bmp,full,1,1875,1,37
2,3,EBTadj,v2sdEBTadj3f.bmp,SD,1,1744,1,38
2,8,EBTadj,v2SmallEBTadj8b.bmp,small,4,2266,1,39
2,5,EBTadj,v2SmallEBTadj5a.bmp,small,2,2136,1,40
2,5,EBTadj,v2SmallEBTadj5c.bmp,small,2,1563,1,41
2,5,EBTadj,v2sdEBTadj5j.bmp,SD,2,1412,1,42
2,3,EBTadj,v2FullEBTadj3d.bmp,full,1,1852,1,43
2,8,EBTadj,v2SmallEBTadj8f.bmp,small,3,2266,1,44
2,0,EBTadj,v2sdEBTadj0e.bmp,SD,1,1512,1,45
2,5,EBTadj,v2sdEBTadj5f.bmp,SD,2,1852,1,46
2,3,EBTadj,v2sdEBTadj3c.bmp,SD,1,1994,1,47
2,0,EBTadj,v2sdEBTadj0f.bmp,SD,1,930,1,48
2,3,EBTadj,v2FullEBTadj3h.bmp,full,1,1957,1,49
2,3,EBTadj,v2FullEBTadj3f.bmp,full,1,2086,1,50
2,5,EBTadj,v2sdEBTadj5i.bmp,SD,2,1675,1,51
2,8,EBTadj,v2SmallEBTadj8j.bmp,small,3,3216,1,52
2,3,EBTadj,v2sdEBTadj3j.bmp,SD,1,1040,1,53
2,5,EBTadj,v2sdEBTadj5c.bmp,SD,2,1822,1,54
2,3,EBTadj,v2SmallEBTadj3g.bmp,small,1,1325,1,55
2,5,EBTadj,v2SmallEBTadj5d.bmp,small,2,2168,1,56
2,5,EBTadj,v2SmallEBTadj5h.bmp,small,2,1794,1,57
2,5,EBTadj,v2FullEBTadj5c.bmp,full,1,3954,1,58
2,5,EBTadj,v2sdEBTadj5h.bmp,SD,2,1589,1,59
2,8,EBTadj,v2SmallEBTadj8d.bmp,small,3,1292,1,60
2,8,EBTadj,v2sdEBTadj8d.bmp,SD,3,1488,1,61
2,8,EBTadj,v2FullEBTadj8i.bmp,full,2,2108,1,62
2,3,EBTadj,v2FullEBTadj3a.bmp,full,1,1632,1,63
2,5,EBTadj,v2SmallEBTadj5i.bmp,small,2,1687,1,64
2,8,EBTadj,v2sdEBTadj8a.bmp,SD,3,1708,1,65
2,0,EBTadj,v2sdEBTadj0j.bmp,SD,1,1544,1,66
2,3,EBTadj,v2FullEBTadj3g.bmp,full,1,1010,1,67
2,3,EBTadj,v2SmallEBTadj3a.bmp,small,1,3865,1,68
2,0,EBTadj,v2sdEBTadj0d.bmp,SD,1,840,1,69
2,3,EBTadj,v2FullEBTadj3b.bmp,full,1,1726,1,70
2,0,EBTadj,v2SmallEBTadj0c.bmp,small,1,1241,1,71
2,0,EBTadj,v2SmallEBTadj0i.bmp,small,1,1487,1,72
2,5,EBTadj,v2SmallEBTadj5b.bmp,small,2,1603,1,73
2,5,EBTadj,v2FullEBTadj5d.bmp,full,2,3595,1,74
2,8,EBTadj,v2FullEBTadj8e.bmp,full,2,1052,1,75
2,3,EBTadj,v2sdEBTadj3i.bmp,SD,1,1098,1,76
2,0,EBTadj,v2FullEBTadj0e.bmp,full,1,1150,1,77
2,5,EBTadj,v2FullEBTadj5a.bmp,full,2,3329,1,78
2,0,EBTadj,v2sdEBTadj0i.bmp,SD,1,1212,1,79
2,5,EBTadj,v2SmallEBTadj5j.bmp,small,2,2228,1,80
2,3,EBTadj,v2FullEBTadj3c.bmp,full,1,1307,1,81
2,8,EBTadj,v2SmallEBTadj8c.bmp,small,3,4030,1,82
2,8,EBTadj,v2FullEBTadj8c.bmp,full,2,2165,1,83
2,0,EBTadj,v2SmallEBTadj0a.bmp,small,1,1815,1,84
2,5,EBTadj,v2FullEBTadj5e.bmp,full,2,5071,1,85
2,8,EBTadj,v2FullEBTadj8j.bmp,full,2,1221,1,86
2,5,EBTadj,v2FullEBTadj5f.bmp,full,1,1204,1,87
2,0,EBTadj,v2FullEBTadj0a.bmp,full,1,1116,1,88
2,0,EBTadj,v2SmallEBTadj0g.bmp,small,1,1360,1,89
2,3,EBTadj,v2SmallEBTadj3f.bmp,small,1,1385,1,90
2,3,EBTadj,v2FullEBTadj3i.bmp,full,1,1906,1,91
2,3,EBTadj,v2sdEBTadj3h.bmp,SD,1,1030,1,92
2,8,EBTadj,v2SmallEBTadj8a.bmp,small,3,1733,1,93
2,8,EBTadj,v2SmallEBTadj8h.bmp,small,3,712,1,94
2,3,EBTadj,v2SmallEBTadj3c.bmp,small,1,1002,1,95
2,5,EBTadj,v2FullEBTadj5j.bmp,full,2,5234,1,96
2,3,EBTadj,v2SmallEBTadj3d.bmp,small,1,1410,1,97
2,8,EBTadj,v2sdEBTadj8b.bmp,SD,3,1306,1,98
2,3,EBTadj,v2SmallEBTadj3j.bmp,small,1,1245,1,99
2,0,EBTadj,v2FullEBTadj0d.bmp,full,1,1083,1,100
2,8,EBTadj,v2sdEBTadj8c.bmp,SD,3,2752,1,101
2,0,EBTadj,v2SmallEBTadj0d.bmp,small,1,963,1,102
2,0,EBTadj,v2SmallEBTadj0b.bmp,small,1,892,1,103
2,5,EBTadj,v2sdEBTadj5g.bmp,SD,2,1288,1,104
2,8,EBTadj,v2sdEBTadj8g.bmp,SD,3,853,1,105
2,5,EBTadj,v2sdEBTadj5b.bmp,SD,2,1251,1,106
2,0,EBTadj,v2SmallEBTadj0j.bmp,small,1,632,1,107
2,5,EBTadj,v2sdEBTadj5e.bmp,SD,2,1279,1,108
2,5,EBTadj,v2FullEBTadj5g.bmp,full,2,3996,1,109
2,8,EBTadj,v2sdEBTadj8e.bmp,SD,3,2221,1,110
2,0,EBTadj,v2sdEBTadj0b.bmp,SD,1,837,1,111
2,0,EBTadj,v2sdEBTadj0c.bmp,SD,1,1251,1,112
2,8,EBTadj,v2SmallEBTadj8g.bmp,small,3,1537,1,113
2,8,EBTadj,v2FullEBTadj8d.bmp,full,2,2460,1,114
2,0,EBTadj,v2SmallEBTadj0h.bmp,small,1,1994,1,115
2,3,EBTadj,v2SmallEBTadj3b.bmp,small,1,1331,1,116
2,8,EBTadj,v2FullEBTadj8a.bmp,full,2,1366,1,117
2,8,EBTadj,v2sdEBTadj8f.bmp,SD,3,1591,1,118
2,3,EBTadj,v2sdEBTadj3g.bmp,SD,1,2326,1,119
2,3,EBTadj,v2sdEBTadj3d.bmp,SD,1,746,1,120
2,5,EBTadj,v2sdEBTadj5d.bmp,SD,2,1252,2,121
2,0,EBTadj,v2sdEBTadj0h.bmp,SD,1,2314,2,122
2,0,EBTadj,v2SmallEBTadj0c.bmp,small,1,1254,2,123
2,3,EBTadj,v2SmallEBTadj3e.bmp,small,1,1084,2,124
2,5,EBTadj,v2sdEBTadj5b.bmp,SD,2,1088,2,125
2,8,EBTadj,v2sdEBTadj8d.bmp,SD,3,1069,2,126
2,3,EBTadj,v2sdEBTadj3a.bmp,SD,1,1010,2,127
2,8,EBTadj,v2SmallEBTadj8d.bmp,small,3,1105,2,128
2,8,EBTadj,v2SmallEBTadj8g.bmp,small,3,1253,2,129
2,3,EBTadj,v2sdEBTadj3b.bmp,SD,1,1476,2,130
2,3,EBTadj,v2FullEBTadj3a.bmp,full,1,1201,2,131
2,5,EBTadj,v2FullEBTadj5i.bmp,full,1,3248,2,132
2,8,EBTadj,v2SmallEBTadj8i.bmp,small,3,1191,2,133
2,3,EBTadj,v2FullEBTadj3j.bmp,full,1,1679,2,134
2,0,EBTadj,v2FullEBTadj0e.bmp,full,1,684,2,135
2,0,EBTadj,v2sdEBTadj0a.bmp,SD,1,920,2,136
2,8,EBTadj,v2FullEBTadj8g.bmp,full,2,1404,2,137
2,0,EBTadj,v2sdEBTadj0b.bmp,SD,1,740,2,138
2,3,EBTadj,v2sdEBTadj3f.bmp,SD,1,1270,2,139
2,5,EBTadj,v2FullEBTadj5f.bmp,full,2,4675,2,140
2,0,EBTadj,v2SmallEBTadj0b.bmp,small,1,913,2,141
2,0,EBTadj,v2sdEBTadj0c.bmp,SD,1,733,2,142
2,0,EBTadj,v2sdEBTadj0j.bmp,SD,1,807,2,143
2,5,EBTadj,v2FullEBTadj5d.bmp,full,2,2222,2,144
2,3,EBTadj,v2FullEBTadj3e.bmp,full,1,1677,2,145
2,3,EBTadj,v2SmallEBTadj3c.bmp,small,1,1282,2,146
2,0,EBTadj,v2FullEBTadj0h.bmp,full,1,975,2,147
2,3,EBTadj,v2FullEBTadj3d.bmp,full,1,559,2,148
2,8,EBTadj,v2sdEBTadj8f.bmp,SD,3,1465,2,149
2,3,EBTadj,v2FullEBTadj3i.bmp,full,1,2110,2,150
2,3,EBTadj,v2FullEBTadj3f.bmp,full,1,3562,2,151
2,0,EBTadj,v2FullEBTadj0f.bmp,full,1,1516,2,152
2,0,EBTadj,v2sdEBTadj0i.bmp,SD,1,872,2,153
2,5,EBTadj,v2SmallEBTadj5b.bmp,small,2,1573,2,154
2,8,EBTadj,v2sdEBTadj8h.bmp,SD,3,734,2,155
2,0,EBTadj,v2FullEBTadj0g.bmp,full,1,1345,2,156
2,5,EBTadj,v2SmallEBTadj5c.bmp,small,2,1218,2,157
2,8,EBTadj,v2SmallEBTadj8c.bmp,small,3,921,2,158
2,8,EBTadj,v2sdEBTadj8e.bmp,SD,3,844,2,159
2,8,EBTadj,v2FullEBTadj8a.bmp,full,2,1394,2,160
2,5,EBTadj,v2FullEBTadj5c.bmp,full,2,3730,2,161
2,8,EBTadj,v2sdEBTadj8a.bmp,SD,3,1310,2,162
2,3,EBTadj,v2SmallEBTadj3a.bmp,small,1,1090,2,163
2,3,EBTadj,v2FullEBTadj3g.bmp,full,1,1078,2,164
2,5,EBTadj,v2sdEBTadj5f.bmp,SD,2,1618,2,165
2,8,EBTadj,v2SmallEBTadj8j.bmp,small,3,1298,2,166
2,8,EBTadj,v2FullEBTadj8d.bmp,full,2,1638,2,167
2,3,EBTadj,v2sdEBTadj3d.bmp,SD,1,2541,2,168
2,5,EBTadj,v2SmallEBTadj5g.bmp,small,2,895,2,169
2,8,EBTadj,v2SmallEBTadj8f.bmp,small,3,683,2,170
2,5,EBTadj,v2SmallEBTadj5d.bmp,small,2,879,2,171
2,8,EBTadj,v2FullEBTadj8e.bmp,full,2,1252,2,172
2,0,EBTadj,v2SmallEBTadj0d.bmp,small,1,1362,2,173
2,3,EBTadj,v2SmallEBTadj3g.bmp,small,1,988,2,174
2,0,EBTadj,v2FullEBTadj0d.bmp,full,1,2588,2,175
2,5,EBTadj,v2SmallEBTadj5e.bmp,small,2,1117,2,176
2,5,EBTadj,v2sdEBTadj5g.bmp,SD,2,833,2,177
2,3,EBTadj,v2sdEBTadj3h.bmp,SD,1,975,2,178
2,8,EBTadj,v2FullEBTadj8f.bmp,full,1,640,2,179
2,0,EBTadj,v2FullEBTadj0a.bmp,full,1,1214,2,180
2,8,EBTadj,v2SmallEBTadj8e.bmp,small,3,989,2,181
2,3,EBTadj,v2SmallEBTadj3j.bmp,small,1,1349,2,182
2,5,EBTadj,v2FullEBTadj5b.bmp,full,1,4479,2,183
2,3,EBTadj,v2FullEBTadj3h.bmp,full,1,2197,2,184
2,5,EBTadj,v2sdEBTadj5i.bmp,SD,2,3725,2,185
2,8,EBTadj,v2FullEBTadj8h.bmp,full,2,1625,2,186
2,5,EBTadj,v2sdEBTadj5h.bmp,SD,2,1008,2,187
2,5,EBTadj,v2SmallEBTadj5a.bmp,small,2,999,2,188
2,8,EBTadj,v2sdEBTadj8j.bmp,SD,3,1031,2,189
2,3,EBTadj,v2SmallEBTadj3i.bmp,small,1,1334,2,190
2,3,EBTadj,v2SmallEBTadj3b.bmp,small,1,945,2,191
2,0,EBTadj,v2SmallEBTadj0f.bmp,small,1,827,2,192
2,0,EBTadj,v2sdEBTadj0d.bmp,SD,1,1537,2,193
2,5,EBTadj,v2SmallEBTadj5j.bmp,small,2,1108,2,194
2,0,EBTadj,v2SmallEBTadj0e.bmp,small,1,864,2,195
2,5,EBTadj,v2SmallEBTadj5h.bmp,small,2,916,2,196
2,3,EBTadj,v2FullEBTadj3c.bmp,full,1,2216,2,197
2,0,EBTadj,v2sdEBTadj0e.bmp,SD,1,807,2,198
2,8,EBTadj,v2sdEBTadj8i.bmp,SD,3,2663,2,199
2,5,EBTadj,v2FullEBTadj5e.bmp,full,1,2037,2,200
2,3,EBTadj,v2SmallEBTadj3f.bmp,small,1,1580,2,201
2,0,EBTadj,v2SmallEBTadj0g.bmp,small,1,725,2,202
2,5,EBTadj,v2SmallEBTadj5f.bmp,small,2,1039,2,203
2,5,EBTadj,v2sdEBTadj5j.bmp,SD,2,1301,2,204
2,0,EBTadj,v2FullEBTadj0c.bmp,full,1,954,2,205
2,0,EBTadj,v2SmallEBTadj0a.bmp,small,1,1236,2,206
2,3,EBTadj,v2sdEBTadj3j.bmp,SD,1,2554,2,207
2,5,EBTadj,v2FullEBTadj5g.bmp,full,2,3043,2,208
2,8,EBTadj,v2SmallEBTadj8b.bmp,small,3,1154,2,209
2,8,EBTadj,v2FullEBTadj8j.bmp,full,2,1347,2,210
2,0,EBTadj,v2FullEBTadj0i.bmp,full,1,981,2,211
2,8,EBTadj,v2sdEBTadj8g.bmp,SD,3,1437,2,212
2,5,EBTadj,v2FullEBTadj5j.bmp,full,1,1491,2,213
2,8,EBTadj,v2SmallEBTadj8h.bmp,small,3,1336,2,214
2,5,EBTadj,v2sdEBTadj5e.bmp,SD,2,1714,2,215
2,0,EBTadj,v2FullEBTadj0b.bmp,full,1,1166,2,216
2,0,EBTadj,v2FullEBTadj0j.bmp,full,1,695,2,217
2,5,EBTadj,v2sdEBTadj5a.bmp,SD,2,923,2,218
2,0,EBTadj,v2SmallEBTadj0i.bmp,small,1,950,2,219
2,0,EBTadj,v2sdEBTadj0g.bmp,SD,1,1127,2,220
2,8,EBTadj,v2sdEBTadj8c.bmp,SD,3,1106,2,221
2,3,EBTadj,v2sdEBTadj3c.bmp,SD,1,932,2,222
2,8,EBTadj,v2FullEBTadj8b.bmp,full,2,1375,2,223
2,0,EBTadj,v2SmallEBTadj0h.bmp,small,1,624,2,224
2,5,EBTadj,v2FullEBTadj5h.bmp,full,1,1342,2,225
2,5,EBTadj,v2SmallEBTadj5i.bmp,small,2,881,2,226
2,3,EBTadj,v2FullEBTadj3b.bmp,full,1,1205,2,227
2,3,EBTadj,v2sdEBTadj3g.bmp,SD,1,1773,2,228
2,8,EBTadj,v2sdEBTadj8b.bmp,SD,3,1342,2,229
2,5,EBTadj,v2FullEBTadj5a.bmp,full,2,6848,2,230
2,3,EBTadj,v2SmallEBTadj3d.bmp,small,1,1144,2,231
2,3,EBTadj,v2SmallEBTadj3h.bmp,small,1,1098,2,232
2,0,EBTadj,v2SmallEBTadj0j.bmp,small,1,1270,2,233
2,3,EBTadj,v2sdEBTadj3e.bmp,SD,1,755,2,234
2,8,EBTadj,v2FullEBTadj8c.bmp,full,2,1293,2,235
2,8,EBTadj,v2SmallEBTadj8a.bmp,small,3,2033,2,236
2,5,EBTadj,v2sdEBTadj5c.bmp,SD,2,960,2,237
2,0,EBTadj,v2sdEBTadj0f.bmp,SD,1,769,2,238
2,8,EBTadj,v2FullEBTadj8i.bmp,full,2,1251,2,239
2,3,EBTadj,v2sdEBTadj3i.bmp,SD,1,1865,2,240
2,0,EBTadj,v2sdEBTadj0i.bmp,SD,1,975,3,241
2,0,EBTadj,v2FullEBTadj0f.bmp,full,1,831,3,242
2,5,EBTadj,v2SmallEBTadj5i.bmp,small,2,926,3,243
2,5,EBTadj,v2SmallEBTadj5b.bmp,small,2,1049,3,244
2,8,EBTadj,v2FullEBTadj8i.bmp,full,2,1231,3,245
2,0,EBTadj,v2FullEBTadj0g.bmp,full,1,830,3,246
2,3,EBTadj,v2sdEBTadj3i.bmp,SD,1,1212,3,247
2,5,EBTadj,v2FullEBTadj5j.bmp,full,2,2267,3,248
2,5,EBTadj,v2FullEBTadj5f.bmp,full,2,1345,3,249
2,0,EBTadj,v2sdEBTadj0a.bmp,SD,1,939,3,250
2,8,EBTadj,v2SmallEBTadj8c.bmp,small,3,1077,3,251
2,0,EBTadj,v2SmallEBTadj0j.bmp,small,1,882,3,252
2,5,EBTadj,v2sdEBTadj5b.bmp,SD,2,1030,3,253
2,0,EBTadj,v2SmallEBTadj0c.bmp,small,1,845,3,254
2,8,EBTadj,v2FullEBTadj8f.bmp,full,2,1067,3,255
2,0,EBTadj,v2sdEBTadj0e.bmp,SD,1,1544,3,256
2,8,EBTadj,v2FullEBTadj8a.bmp,full,2,1107,3,257
2,5,EBTadj,v2sdEBTadj5g.bmp,SD,2,1118,3,258
2,8,EBTadj,v2FullEBTadj8j.bmp,full,2,1225,3,259
2,0,EBTadj,v2FullEBTadj0d.bmp,full,1,4712,3,260
2,8,EBTadj,v2SmallEBTadj8j.bmp,small,4,2092,3,261
2,0,EBTadj,v2FullEBTadj0e.bmp,full,1,1281,3,262
2,8,EBTadj,v2sdEBTadj8f.bmp,SD,3,1749,3,263
2,3,EBTadj,v2SmallEBTadj3g.bmp,small,1,1384,3,264
2,0,EBTadj,v2FullEBTadj0c.bmp,full,1,873,3,265
2,3,EBTadj,v2SmallEBTadj3b.bmp,small,1,1549,3,266
2,3,EBTadj,v2SmallEBTadj3h.bmp,small,1,1135,3,267
2,8,EBTadj,v2FullEBTadj8b.bmp,full,2,2594,3,268
2,8,EBTadj,v2FullEBTadj8d.bmp,full,2,987,3,269
2,3,EBTadj,v2FullEBTadj3g.bmp,full,1,1196,3,270
2,3,EBTadj,v2SmallEBTadj3j.bmp,small,1,1292,3,271
2,5,EBTadj,v2SmallEBTadj5e.bmp,small,2,1512,3,272
2,0,EBTadj,v2FullEBTadj0j.bmp,full,1,1211,3,273
2,8,EBTadj,v2sdEBTadj8e.bmp,SD,3,1235,3,274
2,0,EBTadj,v2SmallEBTadj0f.bmp,small,1,873,3,275
2,5,EBTadj,v2sdEBTadj5d.bmp,SD,2,861,3,276
2,5,EBTadj,v2SmallEBTadj5g.bmp,small,2,883,3,277
2,3,EBTadj,v2FullEBTadj3j.bmp,full,1,1159,3,278
2,0,EBTadj,v2sdEBTadj0h.bmp,SD,1,961,3,279
2,3,EBTadj,v2FullEBTadj3i.bmp,full,1,1930,3,280
2,5,EBTadj,v2sdEBTadj5f.bmp,SD,2,1077,3,281
2,0,EBTadj,v2sdEBTadj0b.bmp,SD,1,834,3,282
2,3,EBTadj,v2sdEBTadj3j.bmp,SD,1,1169,3,283
2,0,EBTadj,v2SmallEBTadj0d.bmp,small,1,730,3,284
2,5,EBTadj,v2FullEBTadj5d.bmp,full,2,2429,3,285
2,8,EBTadj,v2SmallEBTadj8g.bmp,small,4,2676,3,286
2,5,EBTadj,v2FullEBTadj5c.bmp,full,1,1337,3,287
2,8,EBTadj,v2FullEBTadj8g.bmp,full,2,1011,3,288
2,5,EBTadj,v2sdEBTadj5a.bmp,SD,2,1843,3,289
2,3,EBTadj,v2FullEBTadj3b.bmp,full,1,1673,3,290
2,0,EBTadj,v2sdEBTadj0c.bmp,SD,1,1438,3,291
2,3,EBTadj,v2sdEBTadj3e.bmp,SD,1,1332,3,292
2,8,EBTadj,v2sdEBTadj8g.bmp,SD,3,2319,3,293
2,8,EBTadj,v2SmallEBTadj8e.bmp,small,3,987,3,294
2,8,EBTadj,v2FullEBTadj8c.bmp,full,2,1348,3,295
2,0,EBTadj,v2sdEBTadj0g.bmp,SD,1,942,3,296
2,0,EBTadj,v2SmallEBTadj0i.bmp,small,1,800,3,297
2,0,EBTadj,v2FullEBTadj0a.bmp,full,1,1048,3,298
2,3,EBTadj,v2FullEBTadj3e.bmp,full,1,1262,3,299
2,0,EBTadj,v2SmallEBTadj0a.bmp,small,1,731,3,300
2,5,EBTadj,v2sdEBTadj5e.bmp,SD,2,934,3,301
2,3,EBTadj,v2sdEBTadj3f.bmp,SD,1,920,3,302
2,8,EBTadj,v2SmallEBTadj8d.bmp,small,3,1075,3,303
2,3,EBTadj,v2FullEBTadj3c.bmp,full,1,1216,3,304
2,3,EBTadj,v2FullEBTadj3f.bmp,full,1,695,3,305
2,8,EBTadj,v2sdEBTadj8i.bmp,SD,3,1803,3,306
2,3,EBTadj,v2sdEBTadj3g.bmp,SD,1,1268,3,307
2,5,EBTadj,v2SmallEBTadj5c.bmp,small,2,1073,3,308
2,8,EBTadj,v2SmallEBTadj8i.bmp,small,3,1014,3,309
2,5,EBTadj,v2SmallEBTadj5d.bmp,small,2,925,3,310
2,0,EBTadj,v2SmallEBTadj0e.bmp,small,1,728,3,311
2,3,EBTadj,v2FullEBTadj3d.bmp,full,1,1083,3,312
2,3,EBTadj,v2sdEBTadj3d.bmp,SD,1,1015,3,313
2,8,EBTadj,v2SmallEBTadj8a.bmp,small,3,1167,3,314
2,5,EBTadj,v2sdEBTadj5c.bmp,SD,2,1016,3,315
2,3,EBTadj,v2SmallEBTadj3a.bmp,small,1,792,3,316
2,0,EBTadj,v2FullEBTadj0i.bmp,full,1,1159,3,317
2,5,EBTadj,v2FullEBTadj5a.bmp,full,2,2392,3,318
2,5,EBTadj,v2FullEBTadj5e.bmp,full,2,2985,3,319
2,5,EBTadj,v2sdEBTadj5i.bmp,SD,2,1130,3,320
2,8,EBTadj,v2sdEBTadj8j.bmp,SD,3,973,3,321
2,0,EBTadj,v2FullEBTadj0b.bmp,full,1,1006,3,322
2,5,EBTadj,v2SmallEBTadj5h.bmp,small,2,997,3,323
2,8,EBTadj,v2SmallEBTadj8f.bmp,small,3,973,3,324
2,3,EBTadj,v2SmallEBTadj3c.bmp,small,1,1622,3,325
2,3,EBTadj,v2SmallEBTadj3f.bmp,small,1,853,3,326
2,8,EBTadj,v2sdEBTadj8h.bmp,SD,3,1771,3,327
2,5,EBTadj,v2FullEBTadj5b.bmp,full,2,1925,3,328
2,3,EBTadj,v2FullEBTadj3a.bmp,full,1,1384,3,329
2,0,EBTadj,v2FullEBTadj0h.bmp,full,1,921,3,330
2,0,EBTadj,v2sdEBTadj0j.bmp,SD,1,1531,3,331
2,8,EBTadj,v2SmallEBTadj8h.bmp,small,3,1654,3,332
2,5,EBTadj,v2FullEBTadj5h.bmp,full,1,5476,3,333
2,8,EBTadj,v2FullEBTadj8h.bmp,full,2,1266,3,334
2,8,EBTadj,v2sdEBTadj8d.bmp,SD,3,1048,3,335
2,8,EBTadj,v2FullEBTadj8e.bmp,full,2,1198,3,336
2,5,EBTadj,v2sdEBTadj5h.bmp,SD,2,1206,3,337
2,3,EBTadj,v2sdEBTadj3a.bmp,SD,1,805,3,338
2,0,EBTadj,v2SmallEBTadj0h.bmp,small,1,3061,3,339
2,0,EBTadj,v2sdEBTadj0d.bmp,SD,1,2227,3,340
2,3,EBTadj,v2sdEBTadj3h.bmp,SD,1,1369,3,341
2,8,EBTadj,v2SmallEBTadj8b.bmp,small,3,2219,3,342
2,3,EBTadj,v2sdEBTadj3c.bmp,SD,1,898,3,343
2,3,EBTadj,v2FullEBTadj3h.bmp,full,1,2942,3,344
2,5,EBTadj,v2SmallEBTadj5f.bmp,small,2,2185,3,345
2,0,EBTadj,v2SmallEBTadj0b.bmp,small,1,2402,3,346
2,5,EBTadj,v2sdEBTadj5j.bmp,SD,2,963,3,347
2,0,EBTadj,v2SmallEBTadj0g.bmp,small,1,948,3,348
2,8,EBTadj,v2sdEBTadj8a.bmp,SD,3,966,3,349
2,3,EBTadj,v2SmallEBTadj3d.bmp,small,1,1208,3,350
2,5,EBTadj,v2FullEBTadj5i.bmp,full,2,3055,3,351
2,5,EBTadj,v2SmallEBTadj5a.bmp,small,2,973,3,352
2,5,EBTadj,v2FullEBTadj5g.bmp,full,2,2925,3,353
2,3,EBTadj,v2SmallEBTadj3e.bmp,small,1,665,3,354
2,5,EBTadj,v2SmallEBTadj5j.bmp,small,2,1614,3,355
2,8,EBTadj,v2sdEBTadj8b.bmp,SD,3,1893,3,356
2,3,EBTadj,v2SmallEBTadj3i.bmp,small,1,874,3,357
2,0,EBTadj,v2sdEBTadj0f.bmp,SD,1,710,3,358
2,3,EBTadj,v2sdEBTadj3b.bmp,SD,1,2242,3,359
2,8,EBTadj,v2sdEBTadj8c.bmp,SD,3,1728,3,360
2,0,EBTadj,v2SmallEBTadj0f.bmp,small,1,835,4,361
2,5,EBTadj,v2SmallEBTadj5g.bmp,small,2,1098,4,362
2,3,EBTadj,v2SmallEBTadj3h.bmp,small,1,942,4,363
2,8,EBTadj,v2SmallEBTadj8j.bmp,small,3,1032,4,364
2,8,EBTadj,v2SmallEBTadj8h.bmp,small,3,703,4,365
2,0,EBTadj,v2sdEBTadj0h.bmp,SD,1,787,4,366
2,5,EBTadj,v2sdEBTadj5b.bmp,SD,2,1714,4,367
2,0,EBTadj,v2sdEBTadj0j.bmp,SD,1,806,4,368
2,8,EBTadj,v2SmallEBTadj8i.bmp,small,3,2181,4,369
2,5,EBTadj,v2sdEBTadj5h.bmp,SD,2,1223,4,370
2,0,EBTadj,v2FullEBTadj0i.bmp,full,1,1037,4,371
2,0,EBTadj,v2sdEBTadj0d.bmp,SD,1,1076,4,372
2,8,EBTadj,v2FullEBTadj8g.bmp,full,2,1881,4,373
2,0,EBTadj,v2FullEBTadj0c.bmp,full,1,750,4,374
2,8,EBTadj,v2sdEBTadj8j.bmp,SD,3,1192,4,375
2,0,EBTadj,v2sdEBTadj0c.bmp,SD,1,768,4,376
2,0,EBTadj,v2SmallEBTadj0e.bmp,small,1,737,4,377
2,5,EBTadj,v2FullEBTadj5f.bmp,full,2,4932,4,378
2,3,EBTadj,v2SmallEBTadj3e.bmp,small,1,1159,4,379
2,3,EBTadj,v2sdEBTadj3j.bmp,SD,1,1337,4,380
2,0,EBTadj,v2SmallEBTadj0h.bmp,small,1,803,4,381
2,5,EBTadj,v2FullEBTadj5e.bmp,full,2,4099,4,382
2,3,EBTadj,v2FullEBTadj3d.bmp,full,1,1097,4,383
2,5,EBTadj,v2SmallEBTadj5d.bmp,small,2,1421,4,384
2,5,EBTadj,v2FullEBTadj5b.bmp,full,2,2724,4,385
2,8,EBTadj,v2FullEBTadj8j.bmp,full,2,872,4,386
2,5,EBTadj,v2sdEBTadj5a.bmp,SD,2,1589,4,387
2,5,EBTadj,v2FullEBTadj5i.bmp,full,2,1149,4,388
2,3,EBTadj,v2sdEBTadj3i.bmp,SD,1,847,4,389
2,8,EBTadj,v2sdEBTadj8b.bmp,SD,3,1189,4,390
2,8,EBTadj,v2SmallEBTadj8c.bmp,small,3,797,4,391
2,8,EBTadj,v2sdEBTadj8d.bmp,SD,3,917,4,392
2,0,EBTadj,v2FullEBTadj0e.bmp,full,1,1824,4,393
2,8,EBTadj,v2sdEBTadj8i.bmp,SD,3,1615,4,394
2,3,EBTadj,v2FullEBTadj3i.bmp,full,1,2598,4,395
2,3,EBTadj,v2sdEBTadj3d.bmp,SD,1,2263,4,396
2,0,EBTadj,v2SmallEBTadj0j.bmp,small,1,709,4,397
2,3,EBTadj,v2FullEBTadj3f.bmp,full,1,1496,4,398
2,8,EBTadj,v2SmallEBTadj8f.bmp,small,3,2740,4,399
2,5,EBTadj,v2FullEBTadj5d.bmp,full,2,1927,4,400
2,5,EBTadj,v2SmallEBTadj5h.bmp,small,2,930,4,401
2,0,EBTadj,v2sdEBTadj0e.bmp,SD,1,765,4,402
2,8,EBTadj,v2FullEBTadj8i.bmp,full,2,982,4,403
2,3,EBTadj,v2SmallEBTadj3g.bmp,small,1,1006,4,404
2,0,EBTadj,v2FullEBTadj0g.bmp,full,1,1789,4,405
2,8,EBTadj,v2SmallEBTadj8g.bmp,small,3,1150,4,406
2,5,EBTadj,v2SmallEBTadj5j.bmp,small,2,1168,4,407
2,3,EBTadj,v2sdEBTadj3c.bmp,SD,1,1033,4,408
2,5,EBTadj,v2FullEBTadj5a.bmp,full,2,1384,4,409
2,3,EBTadj,v2sdEBTadj3f.bmp,SD,1,841,4,410
2,8,EBTadj,v2sdEBTadj8e.bmp,SD,3,1175,4,411
2,5,EBTadj,v2sdEBTadj5c.bmp,SD,2,960,4,412
2,0,EBTadj,v2SmallEBTadj0b.bmp,small,1,793,4,413
2,8,EBTadj,v2FullEBTadj8b.bmp,full,2,1121,4,414
2,3,EBTadj,v2SmallEBTadj3c.bmp,small,1,1052,4,415
2,3,EBTadj,v2sdEBTadj3a.bmp,SD,1,1730,4,416
2,8,EBTadj,v2FullEBTadj8h.bmp,full,2,1109,4,417
2,8,EBTadj,v2SmallEBTadj8e.bmp,small,3,1657,4,418
2,3,EBTadj,v2SmallEBTadj3j.bmp,small,1,1022,4,419
2,5,EBTadj,v2SmallEBTadj5b.bmp,small,2,836,4,420
2,8,EBTadj,v2FullEBTadj8e.bmp,full,2,1259,4,421
2,0,EBTadj,v2FullEBTadj0j.bmp,full,1,776,4,422
2,8,EBTadj,v2sdEBTadj8h.bmp,SD,3,1025,4,423
2,3,EBTadj,v2SmallEBTadj3i.bmp,small,1,944,4,424
2,5,EBTadj,v2SmallEBTadj5i.bmp,small,2,866,4,425
2,0,EBTadj,v2sdEBTadj0i.bmp,SD,1,815,4,426
2,8,EBTadj,v2FullEBTadj8d.bmp,full,2,1143,4,427
2,5,EBTadj,v2sdEBTadj5j.bmp,SD,2,889,4,428
2,3,EBTadj,v2FullEBTadj3a.bmp,full,1,1389,4,429
2,0,EBTadj,v2SmallEBTadj0i.bmp,small,1,1061,4,430
2,3,EBTadj,v2sdEBTadj3h.bmp,SD,1,3690,4,431
2,0,EBTadj,v2SmallEBTadj0g.bmp,small,1,1135,4,432
2,0,EBTadj,v2FullEBTadj0a.bmp,full,1,1824,4,433
2,3,EBTadj,v2SmallEBTadj3b.bmp,small,1,1159,4,434
2,0,EBTadj,v2SmallEBTadj0c.bmp,small,1,985,4,435
2,3,EBTadj,v2SmallEBTadj3d.bmp,small,1,1250,4,436
2,5,EBTadj,v2FullEBTadj5j.bmp,full,2,1504,4,437
2,8,EBTadj,v2FullEBTadj8a.bmp,full,2,1196,4,438
2,8,EBTadj,v2FullEBTadj8f.bmp,full,2,780,4,439
2,3,EBTadj,v2FullEBTadj3b.bmp,full,1,893,4,440
2,3,EBTadj,v2FullEBTadj3e.bmp,full,1,825,4,441
2,8,EBTadj,v2SmallEBTadj8b.bmp,small,3,1784,4,442
2,3,EBTadj,v2sdEBTadj3g.bmp,SD,1,1049,4,443
2,5,EBTadj,v2SmallEBTadj5e.bmp,small,2,863,4,444
2,3,EBTadj,v2sdEBTadj3b.bmp,SD,1,756,4,445
2,5,EBTadj,v2sdEBTadj5g.bmp,SD,2,1005,4,446
2,5,EBTadj,v2sdEBTadj5f.bmp,SD,2,853,4,447
2,0,EBTadj,v2sdEBTadj0f.bmp,SD,1,818,4,448
2,5,EBTadj,v2FullEBTadj5c.bmp,full,2,1322,4,449
2,3,EBTadj,v2sdEBTadj3e.bmp,SD,1,948,4,450
2,3,EBTadj,v2SmallEBTadj3a.bmp,small,1,759,4,451
2,0,EBTadj,v2sdEBTadj0g.bmp,SD,1,728,4,452
2,8,EBTadj,v2SmallEBTadj8a.bmp,small,3,2594,4,453
2,3,EBTadj,v2SmallEBTadj3f.bmp,small,1,963,4,454
2,8,EBTadj,v2sdEBTadj8a.bmp,SD,3,1380,4,455
2,5,EBTadj,v2SmallEBTadj5c.bmp,small,2,1005,4,456
2,5,EBTadj,v2SmallEBTadj5a.bmp,small,2,973,4,457
2,0,EBTadj,v2FullEBTadj0b.bmp,full,1,741,4,458
2,8,EBTadj,v2sdEBTadj8c.bmp,SD,3,1375,4,459
2,5,EBTadj,v2FullEBTadj5g.bmp,full,2,1752,4,460
2,3,EBTadj,v2FullEBTadj3c.bmp,full,1,1579,4,461
2,5,EBTadj,v2sdEBTadj5e.bmp,SD,2,1764,4,462
2,5,EBTadj,v2SmallEBTadj5f.bmp,small,2,2660,4,463
2,5,EBTadj,v2sdEBTadj5d.bmp,SD,2,882,4,464
2,8,EBTadj,v2SmallEBTadj8d.bmp,small,3,4719,4,465
2,0,EBTadj,v2sdEBTadj0b.bmp,SD,1,884,4,466
2,3,EBTadj,v2FullEBTadj3h.bmp,full,1,1000,4,467
2,5,EBTadj,v2sdEBTadj5i.bmp,SD,2,1168,4,468
2,5,EBTadj,v2FullEBTadj5h.bmp,full,2,2426,4,469
2,0,EBTadj,v2sdEBTadj0a.bmp,SD,1,737,4,470
2,3,EBTadj,v2FullEBTadj3j.bmp,full,1,2756,4,471
2,0,EBTadj,v2FullEBTadj0f.bmp,full,1,1614,4,472
2,3,EBTadj,v2FullEBTadj3g.bmp,full,1,2508,4,473
2,8,EBTadj,v2FullEBTadj8c.bmp,full,2,2256,4,474
2,0,EBTadj,v2SmallEBTadj0d.bmp,small,1,838,4,475
2,0,EBTadj,v2FullEBTadj0d.bmp,full,1,5236,4,476
2,8,EBTadj,v2sdEBTadj8g.bmp,SD,3,1036,4,477
2,8,EBTadj,v2sdEBTadj8f.bmp,SD,3,563,4,478
2,0,EBTadj,v2SmallEBTadj0a.bmp,small,1,868,4,479
2,0,EBTadj,v2FullEBTadj0h.bmp,full,1,1122,4,480
3,0,EBTadj,v2SmallEBTadj0a.bmp,small,3,9398,1,1
3,0,EBTadj,v2SmallEBTadj0c.bmp,small,2,9160,1,2
3,5,EBTadj,v2FullEBTadj5c.bmp,full,2,3364,1,3
3,5,EBTadj,v2FullEBTadj5i.bmp,full,2,3110,1,4
3,3,EBTadj,v2SmallEBTadj3b.bmp,small,4,4458,1,5
3,0,EBTadj,v2FullEBTadj0j.bmp,full,2,2737,1,6
3,0,EBTadj,v2SmallEBTadj0i.bmp,small,2,2372,1,7
3,3,EBTadj,v2SmallEBTadj3i.bmp,small,4,3069,1,8
3,0,EBTadj,v2FullEBTadj0a.bmp,full,1,14811,1,9
3,5,EBTadj,v2SmallEBTadj5j.bmp,small,4,3759,1,10
3,8,EBTadj,v2SmallEBTadj8c.bmp,small,4,1162,1,11
3,3,EBTadj,v2SmallEBTadj3f.bmp,small,4,4883,1,12
3,8,EBTadj,v2SmallEBTadj8j.bmp,small,4,993,1,13
3,0,EBTadj,v2sdEBTadj0e.bmp,SD,1,2176,1,14
3,0,EBTadj,v2FullEBTadj0i.bmp,full,1,953,1,15
3,0,EBTadj,v2FullEBTadj0b.bmp,full,2,1619,1,16
3,5,EBTadj,v2sdEBTadj5f.bmp,SD,4,4347,1,17
3,3,EBTadj,v2SmallEBTadj3j.bmp,small,4,1238,1,18
3,3,EBTadj,v2FullEBTadj3a.bmp,full,2,16307,1,19
3,3,EBTadj,v2SmallEBTadj3c.bmp,small,4,1244,1,20
3,8,EBTadj,v2SmallEBTadj8i.bmp,small,4,1842,1,21
3,0,EBTadj,v2SmallEBTadj0e.bmp,small,2,1945,1,22
3,5,EBTadj,v2sdEBTadj5a.bmp,SD,3,2075,1,23
3,0,EBTadj,v2SmallEBTadj0b.bmp,small,3,2472,1,24
3,3,EBTadj,v2SmallEBTadj3e.bmp,small,4,1406,1,25
3,8,EBTadj,v2SmallEBTadj8b.bmp,small,4,1133,1,26
3,0,EBTadj,v2sdEBTadj0i.bmp,SD,3,1208,1,27
3,0,EBTadj,v2sdEBTadj0d.bmp,SD,2,1375,1,28
3,8,EBTadj,v2sdEBTadj8c.bmp,SD,4,1416,1,29
3,5,EBTadj,v2sdEBTadj5e.bmp,SD,4,2672,1,30
3,3,EBTadj,v2sdEBTadj3h.bmp,SD,4,2340,1,31
3,8,EBTadj,v2sdEBTadj8a.bmp,SD,4,2303,1,32
3,3,EBTadj,v2sdEBTadj3e.bmp,SD,4,2995,1,33
3,5,EBTadj,v2FullEBTadj5a.bmp,full,4,6388,1,34
3,5,EBTadj,v2SmallEBTadj5c.bmp,small,4,902,1,35
3,5,EBTadj,v2FullEBTadj5g.bmp,full,2,1922,1,36
3,0,EBTadj,v2sdEBTadj0b.bmp,SD,2,3717,1,37
3,5,EBTadj,v2SmallEBTadj5d.bmp,small,4,4249,1,38
3,3,EBTadj,v2sdEBTadj3f.bmp,SD,2,2632,1,39
3,8,EBTadj,v2sdEBTadj8b.bmp,SD,4,1719,1,40
3,8,EBTadj,v2SmallEBTadj8g.bmp,small,4,5195,1,41
3,5,EBTadj,v2FullEBTadj5b.bmp,full,3,1988,1,42
3,8,EBTadj,v2sdEBTadj8e.bmp,SD,2,1333,1,43
3,8,EBTadj,v2FullEBTadj8h.bmp,full,4,2279,1,44
3,8,EBTadj,v2sdEBTadj8d.bmp,SD,4,797,1,45
3,8,EBTadj,v2SmallEBTadj8e.bmp,small,4,2589,1,46
3,0,EBTadj,v2sdEBTadj0c.bmp,SD,2,4077,1,47
3,8,EBTadj,v2SmallEBTadj8a.bmp,small,4,2522,1,48
3,8,EBTadj,v2FullEBTadj8a.bmp,full,3,3221,1,49
3,3,EBTadj,v2SmallEBTadj3g.bmp,small,4,1941,1,50
3,0,EBTadj,v2sdEBTadj0j.bmp,SD,2,6543,1,51
3,5,EBTadj,v2SmallEBTadj5b.bmp,small,4,3243,1,52
3,3,EBTadj,v2FullEBTadj3c.bmp,full,1,1802,1,53
3,3,EBTadj,v2FullEBTadj3d.bmp,full,1,5106,1,54
3,8,EBTadj,v2FullEBTadj8e.bmp,full,1,4822,1,55
3,5,EBTadj,v2SmallEBTadj5e.bmp,small,4,1383,1,56
3,3,EBTadj,v2FullEBTadj3b.bmp,full,2,1247,1,57
3,3,EBTadj,v2FullEBTadj3h.bmp,full,2,1294,1,58
3,0,EBTadj,v2sdEBTadj0h.bmp,SD,4,1794,1,59
3,3,EBTadj,v2FullEBTadj3i.bmp,full,4,1386,1,60
3,8,EBTadj,v2sdEBTadj8h.bmp,SD,2,1739,1,61
3,3,EBTadj,v2sdEBTadj3a.bmp,SD,2,2669,1,62
3,5,EBTadj,v2SmallEBTadj5f.bmp,small,2,3955,1,63
3,8,EBTadj,v2sdEBTadj8f.bmp,SD,3,1790,1,64
3,5,EBTadj,v2sdEBTadj5b.bmp,SD,3,1949,1,65
3,8,EBTadj,v2FullEBTadj8f.bmp,full,3,2696,1,66
3,5,EBTadj,v2FullEBTadj5f.bmp,full,2,2220,1,67
3,5,EBTadj,v2SmallEBTadj5h.bmp,small,2,4100,1,68
3,3,EBTadj,v2sdEBTadj3i.bmp,SD,2,4529,1,69
3,5,EBTadj,v2FullEBTadj5j.bmp,full,4,1445,1,70
3,3,EBTadj,v2sdEBTadj3g.bmp,SD,4,3187,1,71
3,5,EBTadj,v2sdEBTadj5d.bmp,SD,4,5548,1,72
3,5,EBTadj,v2sdEBTadj5i.bmp,SD,4,3336,1,73
3,8,EBTadj,v2FullEBTadj8b.bmp,full,2,7411,1,74
3,0,EBTadj,v2FullEBTadj0f.bmp,full,1,1677,1,75
3,3,EBTadj,v2sdEBTadj3d.bmp,SD,2,1066,1,76
3,8,EBTadj,v2SmallEBTadj8d.bmp,small,4,1231,1,77
3,3,EBTadj,v2FullEBTadj3e.bmp,full,2,1438,1,78
3,0,EBTadj,v2FullEBTadj0c.bmp,full,2,972,1,79
3,0,EBTadj,v2sdEBTadj0f.bmp,SD,4,1189,1,80
3,5,EBTadj,v2SmallEBTadj5g.bmp,small,4,1333,1,81
3,8,EBTadj,v2sdEBTadj8j.bmp,SD,3,3247,1,82
3,0,EBTadj,v2FullEBTadj0d.bmp,full,1,1374,1,83
3,5,EBTadj,v2SmallEBTadj5i.bmp,small,2,2799,1,84
3,3,EBTadj,v2SmallEBTadj3h.bmp,small,3,2975,1,85
3,5,EBTadj,v2sdEBTadj5g.bmp,SD,3,5377,1,86
3,0,EBTadj,v2SmallEBTadj0j.bmp,small,4,2883,1,87
3,5,EBTadj,v2SmallEBTadj5a.bmp,small,4,4121,1,88
3,8,EBTadj,v2FullEBTadj8j.bmp,full,1,1309,1,89
3,8,EBTadj,v2FullEBTadj8i.bmp,full,2,2680,1,90
3,5,EBTadj,v2FullEBTadj5d.bmp,full,2,773,1,91
3,8,EBTadj,v2FullEBTadj8g.bmp,full,2,566,1,92
3,3,EBTadj,v2sdEBTadj3c.bmp,SD,4,1071,1,93
3,0,EBTadj,v2SmallEBTadj0g.bmp,small,3,764,1,94
3,8,EBTadj,v2FullEBTadj8c.bmp,full,1,1022,1,95
3,3,EBTadj,v2SmallEBTadj3d.bmp,small,3,1085,1,96
3,5,EBTadj,v2sdEBTadj5h.bmp,SD,3,522,1,97
3,5,EBTadj,v2sdEBTadj5j.bmp,SD,4,476,1,98
3,5,EBTadj,v2FullEBTadj5e.bmp,full,1,1361,1,99
3,5,EBTadj,v2FullEBTadj5h.bmp,full,1,746,1,100
3,8,EBTadj,v2sdEBTadj8g.bmp,SD,3,820,1,101
3,0,EBTadj,v2FullEBTadj0h.bmp,full,1,1420,1,102
3,8,EBTadj,v2SmallEBTadj8f.bmp,small,1,2507,1,103
3,5,EBTadj,v2sdEBTadj5c.bmp,SD,1,991,1,104
3,0,EBTadj,v2FullEBTadj0g.bmp,full,2,998,1,105
3,3,EBTadj,v2FullEBTadj3j.bmp,full,2,814,1,106
3,0,EBTadj,v2sdEBTadj0g.bmp,SD,4,1854,1,107
3,8,EBTadj,v2FullEBTadj8d.bmp,full,2,1292,1,108
3,8,EBTadj,v2sdEBTadj8i.bmp,SD,4,1360,1,109
3,3,EBTadj,v2FullEBTadj3g.bmp,full,2,1058,1,110
3,8,EBTadj,v2SmallEBTadj8h.bmp,small,3,1335,1,111
3,0,EBTadj,v2FullEBTadj0e.bmp,full,1,1306,1,112
3,0,EBTadj,v2SmallEBTadj0h.bmp,small,3,1045,1,113
3,0,EBTadj,v2sdEBTadj0a.bmp,SD,2,907,1,114
3,3,EBTadj,v2sdEBTadj3j.bmp,SD,3,695,1,115
3,0,EBTadj,v2SmallEBTadj0d.bmp,small,2,739,1,116
3,3,EBTadj,v2SmallEBTadj3a.bmp,small,4,1261,1,117
3,3,EBTadj,v2FullEBTadj3f.bmp,full,3,666,1,118
3,3,EBTadj,v2sdEBTadj3b.bmp,SD,2,936,1,119
3,0,EBTadj,v2SmallEBTadj0f.bmp,small,3,2825,1,120
3,5,EBTadj,v2FullEBTadj5h.bmp,full,2,1153,2,121
3,8,EBTadj,v2sdEBTadj8e.bmp,SD,2,1603,2,122
3,3,EBTadj,v2FullEBTadj3f.bmp,full,1,2459,2,123
3,0,EBTadj,v2SmallEBTadj0f.bmp,small,3,1929,2,124
3,8,EBTadj,v2sdEBTadj8j.bmp,SD,3,3252,2,125
3,3,EBTadj,v2FullEBTadj3i.bmp,full,2,1979,2,126
3,5,EBTadj,v2sdEBTadj5c.bmp,SD,4,1356,2,127
3,0,EBTadj,v2SmallEBTadj0c.bmp,small,3,1069,2,128
3,8,EBTadj,v2sdEBTadj8c.bmp,SD,4,723,2,129
3,8,EBTadj,v2sdEBTadj8g.bmp,SD,1,1022,2,130
3,0,EBTadj,v2sdEBTadj0b.bmp,SD,4,533,2,131
3,5,EBTadj,v2sdEBTadj5j.bmp,SD,3,327,2,132
3,5,EBTadj,v2FullEBTadj5a.bmp,full,2,257,2,133
3,3,EBTadj,v2SmallEBTadj3c.bmp,small,1,294,2,134
3,3,EBTadj,v2FullEBTadj3j.bmp,full,4,322,2,135
3,5,EBTadj,v2SmallEBTadj5b.bmp,small,3,324,2,136
3,5,EBTadj,v2FullEBTadj5e.bmp,full,1,287,2,137
3,8,EBTadj,v2SmallEBTadj8h.bmp,small,4,363,2,138
3,3,EBTadj,v2FullEBTadj3c.bmp,full,2,381,2,139
3,5,EBTadj,v2FullEBTadj5c.bmp,full,3,293,2,140
3,3,EBTadj,v2sdEBTadj3g.bmp,SD,1,193,2,141
3,5,EBTadj,v2FullEBTadj5i.bmp,full,2,209,2,142
3,3,EBTadj,v2sdEBTadj3b.bmp,SD,2,600,2,143
3,3,EBTadj,v2sdEBTadj3h.bmp,SD,2,288,2,144
3,3,EBTadj,v2sdEBTadj3e.bmp,SD,4,692,2,145
3,8,EBTadj,v2FullEBTadj8i.bmp,full,2,1248,2,146
3,8,EBTadj,v2SmallEBTadj8d.bmp,small,4,1022,2,147
3,3,EBTadj,v2sdEBTadj3c.bmp,SD,3,269,2,148
3,5,EBTadj,v2SmallEBTadj5d.bmp,small,3,450,2,149
3,5,EBTadj,v2FullEBTadj5b.bmp,full,3,112,2,150
3,8,EBTadj,v2SmallEBTadj8g.bmp,small,2,331,2,151
3,8,EBTadj,v2FullEBTadj8f.bmp,full,4,958,2,152
3,8,EBTadj,v2SmallEBTadj8i.bmp,small,4,735,2,153
3,5,EBTadj,v2sdEBTadj5g.bmp,SD,4,304,2,154
3,8,EBTadj,v2SmallEBTadj8j.bmp,small,4,372,2,155
3,5,EBTadj,v2sdEBTadj5f.bmp,SD,4,325,2,156
3,5,EBTadj,v2sdEBTadj5e.bmp,SD,4,215,2,157
3,3,EBTadj,v2FullEBTadj3a.bmp,full,4,174,2,158
3,0,EBTadj,v2sdEBTadj0a.bmp,SD,2,135,2,159
3,5,EBTadj,v2SmallEBTadj5f.bmp,small,1,153,2,160
3,5,EBTadj,v2sdEBTadj5a.bmp,SD,4,419,2,161
3,8,EBTadj,v2SmallEBTadj8f.bmp,small,2,986,2,162
3,0,EBTadj,v2sdEBTadj0f.bmp,SD,4,195,2,163
3,3,EBTadj,v2SmallEBTadj3d.bmp,small,3,675,2,164
3,5,EBTadj,v2SmallEBTadj5a.bmp,small,4,951,2,165
3,0,EBTadj,v2FullEBTadj0h.bmp,full,3,401,2,166
3,8,EBTadj,v2sdEBTadj8h.bmp,SD,1,73,2,167
3,5,EBTadj,v2FullEBTadj5j.bmp,full,2,86,2,168
3,8,EBTadj,v2SmallEBTadj8a.bmp,small,2,410,2,169
3,3,EBTadj,v2FullEBTadj3d.bmp,full,3,369,2,170
3,0,EBTadj,v2sdEBTadj0c.bmp,SD,1,610,2,171
3,8,EBTadj,v2sdEBTadj8a.bmp,SD,2,546,2,172
3,8,EBTadj,v2sdEBTadj8i.bmp,SD,2,1115,2,173
3,0,EBTadj,v2FullEBTadj0b.bmp,full,1,655,2,174
3,8,EBTadj,v2FullEBTadj8j.bmp,full,1,724,2,175
3,5,EBTadj,v2sdEBTadj5h.bmp,SD,4,734,2,176
3,0,EBTadj,v2sdEBTadj0i.bmp,SD,2,1449,2,177
3,3,EBTadj,v2SmallEBTadj3j.bmp,small,3,583,2,178
3,3,EBTadj,v2SmallEBTadj3g.bmp,small,3,1600,2,179
3,5,EBTadj,v2FullEBTadj5g.bmp,full,1,1112,2,180
3,0,EBTadj,v2sdEBTadj0d.bmp,SD,3,428,2,181
3,5,EBTadj,v2sdEBTadj5b.bmp,SD,3,554,2,182
3,0,EBTadj,v2SmallEBTadj0i.bmp,small,2,403,2,183
3,0,EBTadj,v2SmallEBTadj0e.bmp,small,4,147,2,184
3,8,EBTadj,v2SmallEBTadj8b.bmp,small,2,2148,2,185
3,0,EBTadj,v2FullEBTadj0f.bmp,full,1,1343,2,186
3,5,EBTadj,v2SmallEBTadj5g.bmp,small,2,1265,2,187
3,8,EBTadj,v2sdEBTadj8f.bmp,SD,3,5606,2,188
3,5,EBTadj,v2SmallEBTadj5h.bmp,small,1,3447,2,189
3,8,EBTadj,v2FullEBTadj8c.bmp,full,2,869,2,190
3,3,EBTadj,v2sdEBTadj3f.bmp,SD,2,2930,2,191
3,0,EBTadj,v2SmallEBTadj0h.bmp,small,3,782,2,192
3,5,EBTadj,v2SmallEBTadj5c.bmp,small,3,1446,2,193
3,3,EBTadj,v2FullEBTadj3e.bmp,full,2,1108,2,194
3,8,EBTadj,v2FullEBTadj8h.bmp,full,2,1040,2,195
3,8,EBTadj,v2sdEBTadj8d.bmp,SD,2,878,2,196
3,8,EBTadj,v2FullEBTadj8a.bmp,full,2,675,2,197
3,5,EBTadj,v2FullEBTadj5d.bmp,full,2,567,2,198
3,0,EBTadj,v2FullEBTadj0d.bmp,full,2,504,2,199
3,0,EBTadj,v2FullEBTadj0g.bmp,full,2,707,2,200
3,8,EBTadj,v2sdEBTadj8b.bmp,SD,2,1966,2,201
3,0,EBTadj,v2FullEBTadj0c.bmp,full,2,912,2,202
3,3,EBTadj,v2SmallEBTadj3a.bmp,small,4,1090,2,203
3,8,EBTadj,v2FullEBTadj8b.bmp,full,2,1015,2,204
3,3,EBTadj,v2FullEBTadj3g.bmp,full,2,1550,2,205
3,3,EBTadj,v2FullEBTadj3h.bmp,full,2,1400,2,206
3,0,EBTadj,v2sdEBTadj0h.bmp,SD,3,1672,2,207
3,0,EBTadj,v2sdEBTadj0g.bmp,SD,4,4149,2,208
3,5,EBTadj,v2sdEBTadj5d.bmp,SD,2,817,2,209
3,3,EBTadj,v2sdEBTadj3i.bmp,SD,2,1744,2,210
3,0,EBTadj,v2sdEBTadj0e.bmp,SD,2,730,2,211
3,3,EBTadj,v2SmallEBTadj3h.bmp,small,3,501,2,212
3,8,EBTadj,v2FullEBTadj8g.bmp,full,2,473,2,213
3,0,EBTadj,v2FullEBTadj0i.bmp,full,2,981,2,214
3,3,EBTadj,v2SmallEBTadj3f.bmp,small,2,8501,2,215
3,0,EBTadj,v2SmallEBTadj0g.bmp,small,3,548,2,216
3,8,EBTadj,v2FullEBTadj8e.bmp,full,2,1350,2,217
3,8,EBTadj,v2SmallEBTadj8e.bmp,small,4,792,2,218
3,3,EBTadj,v2SmallEBTadj3b.bmp,small,3,1152,2,219
3,3,EBTadj,v2sdEBTadj3j.bmp,SD,3,2306,2,220
3,0,EBTadj,v2sdEBTadj0j.bmp,SD,2,1694,2,221
3,0,EBTadj,v2FullEBTadj0e.bmp,full,3,1370,2,222
3,5,EBTadj,v2SmallEBTadj5i.bmp,small,2,1908,2,223
3,3,EBTadj,v2sdEBTadj3a.bmp,SD,2,871,2,224
3,5,EBTadj,v2FullEBTadj5f.bmp,full,3,645,2,225
3,0,EBTadj,v2SmallEBTadj0a.bmp,small,3,1619,2,226
3,0,EBTadj,v2SmallEBTadj0j.bmp,small,3,969,2,227
3,3,EBTadj,v2SmallEBTadj3i.bmp,small,3,1451,2,228
3,5,EBTadj,v2SmallEBTadj5e.bmp,small,2,673,2,229
3,3,EBTadj,v2sdEBTadj3d.bmp,SD,2,653,2,230
3,3,EBTadj,v2SmallEBTadj3e.bmp,small,2,995,2,231
3,0,EBTadj,v2SmallEBTadj0b.bmp,small,3,467,2,232
3,5,EBTadj,v2SmallEBTadj5j.bmp,small,4,1209,2,233
3,0,EBTadj,v2FullEBTadj0j.bmp,full,3,312,2,234
3,5,EBTadj,v2sdEBTadj5i.bmp,SD,2,587,2,235
3,0,EBTadj,v2SmallEBTadj0d.bmp,small,3,964,2,236
3,8,EBTadj,v2FullEBTadj8d.bmp,full,1,453,2,237
3,8,EBTadj,v2SmallEBTadj8c.bmp,small,3,667,2,238
3,0,EBTadj,v2FullEBTadj0a.bmp,full,2,848,2,239
3,3,EBTadj,v2FullEBTadj3b.bmp,full,2,582,2,240
3,8,EBTadj,v2FullEBTadj8g.bmp,full,2,5135,3,241
3,0,EBTadj,v2FullEBTadj0f.bmp,full,2,946,3,242
3,8,EBTadj,v2SmallEBTadj8d.bmp,small,4,1356,3,243
3,0,EBTadj,v2FullEBTadj0a.bmp,full,3,390,3,244
3,3,EBTadj,v2sdEBTadj3c.bmp,SD,2,262,3,245
3,3,EBTadj,v2SmallEBTadj3a.bmp,small,3,363,3,246
3,3,EBTadj,v2FullEBTadj3a.bmp,full,3,468,3,247
3,8,EBTadj,v2SmallEBTadj8f.bmp,small,2,321,3,248
3,8,EBTadj,v2FullEBTadj8b.bmp,full,4,124,3,249
3,5,EBTadj,v2sdEBTadj5d.bmp,SD,2,175,3,250
3,0,EBTadj,v2sdEBTadj0d.bmp,SD,3,327,3,251
3,5,EBTadj,v2FullEBTadj5g.bmp,full,3,7314,3,252
3,0,EBTadj,v2SmallEBTadj0j.bmp,small,2,1599,3,253
3,8,EBTadj,v2sdEBTadj8g.bmp,SD,2,9303,3,254
3,5,EBTadj,v2SmallEBTadj5j.bmp,small,3,1701,3,255
3,3,EBTadj,v2sdEBTadj3f.bmp,SD,2,15713,3,256
3,3,EBTadj,v2FullEBTadj3d.bmp,full,1,1378,3,257
3,0,EBTadj,v2SmallEBTadj0c.bmp,small,2,723,3,258
3,3,EBTadj,v2sdEBTadj3g.bmp,SD,2,437,3,259
3,5,EBTadj,v2FullEBTadj5h.bmp,full,2,332,3,260
3,5,EBTadj,v2sdEBTadj5j.bmp,SD,2,558,3,261
3,5,EBTadj,v2sdEBTadj5g.bmp,SD,2,551,3,262
3,0,EBTadj,v2FullEBTadj0e.bmp,full,3,465,3,263
3,0,EBTadj,v2sdEBTadj0j.bmp,SD,3,406,3,264
3,8,EBTadj,v2FullEBTadj8e.bmp,full,3,1549,3,265
3,8,EBTadj,v2FullEBTadj8i.bmp,full,3,599,3,266
3,3,EBTadj,v2SmallEBTadj3g.bmp,small,3,343,3,267
3,5,EBTadj,v2FullEBTadj5b.bmp,full,3,393,3,268
3,5,EBTadj,v2SmallEBTadj5f.bmp,small,2,1017,3,269
3,5,EBTadj,v2FullEBTadj5d.bmp,full,2,656,3,270
3,5,EBTadj,v2FullEBTadj5a.bmp,full,2,381,3,271
3,0,EBTadj,v2FullEBTadj0b.bmp,full,2,526,3,272
3,0,EBTadj,v2sdEBTadj0b.bmp,SD,2,609,3,273
3,5,EBTadj,v2FullEBTadj5e.bmp,full,2,1208,3,274
3,5,EBTadj,v2SmallEBTadj5b.bmp,small,3,935,3,275
3,8,EBTadj,v2sdEBTadj8d.bmp,SD,2,522,3,276
3,3,EBTadj,v2SmallEBTadj3h.bmp,small,2,380,3,277
3,8,EBTadj,v2SmallEBTadj8a.bmp,small,4,805,3,278
3,0,EBTadj,v2SmallEBTadj0h.bmp,small,2,693,3,279
3,0,EBTadj,v2FullEBTadj0i.bmp,full,4,681,3,280
3,3,EBTadj,v2FullEBTadj3h.bmp,full,2,957,3,281
3,8,EBTadj,v2FullEBTadj8d.bmp,full,4,758,3,282
3,3,EBTadj,v2sdEBTadj3b.bmp,SD,3,527,3,283
3,3,EBTadj,v2SmallEBTadj3f.bmp,small,2,810,3,284
3,8,EBTadj,v2SmallEBTadj8i.bmp,small,4,313,3,285
3,8,EBTadj,v2sdEBTadj8b.bmp,SD,2,284,3,286
3,0,EBTadj,v2FullEBTadj0j.bmp,full,3,441,3,287
3,5,EBTadj,v2FullEBTadj5j.bmp,full,2,303,3,288
3,3,EBTadj,v2sdEBTadj3d.bmp,SD,4,770,3,289
3,8,EBTadj,v2sdEBTadj8a.bmp,SD,2,1924,3,290
3,0,EBTadj,v2SmallEBTadj0f.bmp,small,4,295,3,291
3,5,EBTadj,v2SmallEBTadj5g.bmp,small,4,363,3,292
3,3,EBTadj,v2SmallEBTadj3b.bmp,small,2,460,3,293
3,5,EBTadj,v2FullEBTadj5f.bmp,full,4,681,3,294
3,3,EBTadj,v2sdEBTadj3j.bmp,SD,2,310,3,295
3,0,EBTadj,v2sdEBTadj0f.bmp,SD,4,377,3,296
3,5,EBTadj,v2sdEBTadj5f.bmp,SD,2,393,3,297
3,5,EBTadj,v2sdEBTadj5a.bmp,SD,4,361,3,298
3,3,EBTadj,v2FullEBTadj3b.bmp,full,2,554,3,299
3,0,EBTadj,v2sdEBTadj0e.bmp,SD,3,276,3,300
3,3,EBTadj,v2sdEBTadj3a.bmp,SD,1,433,3,301
3,3,EBTadj,v2FullEBTadj3g.bmp,full,4,558,3,302
3,3,EBTadj,v2FullEBTadj3c.bmp,full,2,719,3,303
3,0,EBTadj,v2FullEBTadj0h.bmp,full,2,883,3,304
3,0,EBTadj,v2SmallEBTadj0g.bmp,small,3,1199,3,305
3,8,EBTadj,v2sdEBTadj8e.bmp,SD,2,839,3,306
3,8,EBTadj,v2FullEBTadj8c.bmp,full,2,677,3,307
3,8,EBTadj,v2SmallEBTadj8c.bmp,small,2,498,3,308
3,8,EBTadj,v2SmallEBTadj8h.bmp,small,4,1134,3,309
3,0,EBTadj,v2SmallEBTadj0d.bmp,small,3,609,3,310
3,5,EBTadj,v2sdEBTadj5c.bmp,SD,2,1464,3,311
3,0,EBTadj,v2sdEBTadj0a.bmp,SD,4,974,3,312
3,5,EBTadj,v2SmallEBTadj5h.bmp,small,2,550,3,313
3,8,EBTadj,v2SmallEBTadj8j.bmp,small,3,792,3,314
3,5,EBTadj,v2FullEBTadj5i.bmp,full,3,1376,3,315
3,0,EBTadj,v2SmallEBTadj0a.bmp,small,3,7112,3,316
3,3,EBTadj,v2SmallEBTadj3e.bmp,small,2,4782,3,317
3,5,EBTadj,v2SmallEBTadj5i.bmp,small,3,800,3,318
3,3,EBTadj,v2FullEBTadj3f.bmp,full,2,5232,3,319
3,3,EBTadj,v2sdEBTadj3e.bmp,SD,4,472,3,320
3,0,EBTadj,v2sdEBTadj0g.bmp,SD,3,1148,3,321
3,8,EBTadj,v2FullEBTadj8f.bmp,full,2,471,3,322
3,8,EBTadj,v2SmallEBTadj8e.bmp,small,3,1052,3,323
3,5,EBTadj,v2sdEBTadj5i.bmp,SD,3,802,3,324
3,8,EBTadj,v2SmallEBTadj8b.bmp,small,3,466,3,325
3,8,EBTadj,v2FullEBTadj8a.bmp,full,2,887,3,326
3,0,EBTadj,v2sdEBTadj0i.bmp,SD,3,740,3,327
3,8,EBTadj,v2sdEBTadj8c.bmp,SD,2,285,3,328
3,3,EBTadj,v2FullEBTadj3i.bmp,full,3,297,3,329
3,5,EBTadj,v2sdEBTadj5b.bmp,SD,2,309,3,330
3,5,EBTadj,v2SmallEBTadj5a.bmp,small,1,504,3,331
3,8,EBTadj,v2sdEBTadj8h.bmp,SD,2,604,3,332
3,3,EBTadj,v2FullEBTadj3j.bmp,full,2,388,3,333
3,5,EBTadj,v2FullEBTadj5c.bmp,full,2,412,3,334
3,5,EBTadj,v2sdEBTadj5e.bmp,SD,2,388,3,335
3,0,EBTadj,v2FullEBTadj0c.bmp,full,3,356,3,336
3,8,EBTadj,v2SmallEBTadj8g.bmp,small,3,573,3,337
3,5,EBTadj,v2sdEBTadj5h.bmp,SD,4,766,3,338
3,0,EBTadj,v2sdEBTadj0c.bmp,SD,2,655,3,339
3,8,EBTadj,v2FullEBTadj8h.bmp,full,3,412,3,340
3,3,EBTadj,v2sdEBTadj3i.bmp,SD,3,1876,3,341
3,8,EBTadj,v2sdEBTadj8f.bmp,SD,2,993,3,342
3,0,EBTadj,v2FullEBTadj0d.bmp,full,3,625,3,343
3,3,EBTadj,v2FullEBTadj3e.bmp,full,1,1575,3,344
3,8,EBTadj,v2sdEBTadj8j.bmp,SD,2,696,3,345
3,3,EBTadj,v2SmallEBTadj3i.bmp,small,3,580,3,346
3,8,EBTadj,v2FullEBTadj8j.bmp,full,2,740,3,347
3,0,EBTadj,v2sdEBTadj0h.bmp,SD,3,1118,3,348
3,5,EBTadj,v2SmallEBTadj5d.bmp,small,3,1121,3,349
3,5,EBTadj,v2SmallEBTadj5c.bmp,small,2,628,3,350
3,3,EBTadj,v2SmallEBTadj3d.bmp,small,4,419,3,351
3,3,EBTadj,v2SmallEBTadj3j.bmp,small,3,642,3,352
3,0,EBTadj,v2SmallEBTadj0e.bmp,small,1,1768,3,353
3,0,EBTadj,v2SmallEBTadj0i.bmp,small,2,841,3,354
3,0,EBTadj,v2FullEBTadj0g.bmp,full,2,999,3,355
3,3,EBTadj,v2SmallEBTadj3c.bmp,small,2,4679,3,356
3,5,EBTadj,v2SmallEBTadj5e.bmp,small,2,1805,3,357
3,0,EBTadj,v2SmallEBTadj0b.bmp,small,2,2789,3,358
3,8,EBTadj,v2sdEBTadj8i.bmp,SD,2,1758,3,359
3,3,EBTadj,v2sdEBTadj3h.bmp,SD,2,12311,3,360
3,3,EBTadj,v2SmallEBTadj3c.bmp,small,2,1350,4,361
3,8,EBTadj,v2FullEBTadj8c.bmp,full,3,432,4,362
3,0,EBTadj,v2FullEBTadj0i.bmp,full,2,511,4,363
3,8,EBTadj,v2SmallEBTadj8h.bmp,small,2,386,4,364
3,8,EBTadj,v2sdEBTadj8d.bmp,SD,3,1066,4,365
3,3,EBTadj,v2FullEBTadj3c.bmp,full,2,456,4,366
3,8,EBTadj,v2SmallEBTadj8c.bmp,small,2,5429,4,367
3,0,EBTadj,v2FullEBTadj0j.bmp,full,3,2028,4,368
3,3,EBTadj,v2FullEBTadj3i.bmp,full,1,1339,4,369
3,5,EBTadj,v2FullEBTadj5h.bmp,full,1,838,4,370
3,3,EBTadj,v2SmallEBTadj3f.bmp,small,1,1348,4,371
3,8,EBTadj,v2FullEBTadj8a.bmp,full,1,663,4,372
3,8,EBTadj,v2SmallEBTadj8f.bmp,small,1,884,4,373
3,0,EBTadj,v2SmallEBTadj0h.bmp,small,2,744,4,374
3,8,EBTadj,v2FullEBTadj8h.bmp,full,2,2418,4,375
3,3,EBTadj,v2sdEBTadj3e.bmp,SD,2,890,4,376
3,5,EBTadj,v2sdEBTadj5j.bmp,SD,1,982,4,377
3,0,EBTadj,v2SmallEBTadj0i.bmp,small,2,1287,4,378
3,8,EBTadj,v2sdEBTadj8g.bmp,SD,2,7515,4,379
3,5,EBTadj,v2sdEBTadj5i.bmp,SD,3,968,4,380
3,8,EBTadj,v2sdEBTadj8c.bmp,SD,2,2153,4,381
3,5,EBTadj,v2FullEBTadj5e.bmp,full,2,1196,4,382
3,0,EBTadj,v2sdEBTadj0e.bmp,SD,2,2420,4,383
3,5,EBTadj,v2SmallEBTadj5i.bmp,small,2,1260,4,384
3,0,EBTadj,v2SmallEBTadj0j.bmp,small,2,3881,4,385
3,3,EBTadj,v2sdEBTadj3d.bmp,SD,2,1655,4,386
3,3,EBTadj,v2sdEBTadj3a.bmp,SD,2,2013,4,387
3,3,EBTadj,v2FullEBTadj3e.bmp,full,1,1285,4,388
3,3,EBTadj,v2sdEBTadj3h.bmp,SD,2,745,4,389
3,3,EBTadj,v2sdEBTadj3c.bmp,SD,4,1195,4,390
3,3,EBTadj,v2sdEBTadj3g.bmp,SD,2,908,4,391
3,0,EBTadj,v2FullEBTadj0f.bmp,full,3,926,4,392
3,0,EBTadj,v2SmallEBTadj0d.bmp,small,3,1593,4,393
3,8,EBTadj,v2sdEBTadj8e.bmp,SD,3,3737,4,394
3,3,EBTadj,v2sdEBTadj3b.bmp,SD,3,1829,4,395
3,3,EBTadj,v2SmallEBTadj3j.bmp,small,3,2020,4,396
3,3,EBTadj,v2SmallEBTadj3g.bmp,small,2,643,4,397
3,3,EBTadj,v2SmallEBTadj3a.bmp,small,3,1689,4,398
3,5,EBTadj,v2sdEBTadj5h.bmp,SD,3,678,4,399
3,8,EBTadj,v2FullEBTadj8j.bmp,full,2,698,4,400
3,0,EBTadj,v2SmallEBTadj0f.bmp,small,3,750,4,401
3,3,EBTadj,v2SmallEBTadj3b.bmp,small,2,432,4,402
3,0,EBTadj,v2SmallEBTadj0c.bmp,small,4,591,4,403
3,8,EBTadj,v2SmallEBTadj8b.bmp,small,3,311,4,404
3,5,EBTadj,v2sdEBTadj5b.bmp,SD,2,314,4,405
3,8,EBTadj,v2SmallEBTadj8d.bmp,small,3,373,4,406
3,5,EBTadj,v2SmallEBTadj5j.bmp,small,2,380,4,407
3,8,EBTadj,v2FullEBTadj8i.bmp,full,3,197,4,408
3,8,EBTadj,v2SmallEBTadj8e.bmp,small,2,429,4,409
3,5,EBTadj,v2SmallEBTadj5f.bmp,small,2,331,4,410
3,3,EBTadj,v2FullEBTadj3b.bmp,full,3,262,4,411
3,0,EBTadj,v2sdEBTadj0b.bmp,SD,3,331,4,412
3,8,EBTadj,v2sdEBTadj8b.bmp,SD,2,309,4,413
3,0,EBTadj,v2SmallEBTadj0b.bmp,small,2,792,4,414
3,0,EBTadj,v2sdEBTadj0i.bmp,SD,2,648,4,415
3,0,EBTadj,v2SmallEBTadj0g.bmp,small,2,782,4,416
3,0,EBTadj,v2sdEBTadj0g.bmp,SD,2,10167,4,417
3,3,EBTadj,v2FullEBTadj3a.bmp,full,3,292,4,418
3,8,EBTadj,v2sdEBTadj8i.bmp,SD,2,431,4,419
3,3,EBTadj,v2SmallEBTadj3e.bmp,small,2,318,4,420
3,3,EBTadj,v2FullEBTadj3j.bmp,full,2,4288,4,421
3,3,EBTadj,v2sdEBTadj3i.bmp,SD,3,573,4,422
3,8,EBTadj,v2SmallEBTadj8g.bmp,small,2,830,4,423
3,5,EBTadj,v2sdEBTadj5f.bmp,SD,3,597,4,424
3,0,EBTadj,v2sdEBTadj0j.bmp,SD,3,837,4,425
3,0,EBTadj,v2FullEBTadj0a.bmp,full,2,459,4,426
3,5,EBTadj,v2FullEBTadj5j.bmp,full,2,600,4,427
3,0,EBTadj,v2sdEBTadj0a.bmp,SD,2,720,4,428
3,5,EBTadj,v2sdEBTadj5g.bmp,SD,2,452,4,429
3,8,EBTadj,v2FullEBTadj8d.bmp,full,3,857,4,430
3,8,EBTadj,v2FullEBTadj8b.bmp,full,2,631,4,431
3,0,EBTadj,v2sdEBTadj0f.bmp,SD,3,989,4,432
3,5,EBTadj,v2SmallEBTadj5h.bmp,small,2,805,4,433
3,5,EBTadj,v2FullEBTadj5b.bmp,full,2,693,4,434
3,8,EBTadj,v2FullEBTadj8g.bmp,full,2,393,4,435
3,0,EBTadj,v2FullEBTadj0g.bmp,full,2,281,4,436
3,5,EBTadj,v2FullEBTadj5f.bmp,full,2,317,4,437
3,8,EBTadj,v2SmallEBTadj8a.bmp,small,2,280,4,438
3,5,EBTadj,v2FullEBTadj5i.bmp,full,3,133,4,439
3,3,EBTadj,v2FullEBTadj3d.bmp,full,2,326,4,440
3,5,EBTadj,v2FullEBTadj5c.bmp,full,2,465,4,441
3,8,EBTadj,v2sdEBTadj8f.bmp,SD,3,694,4,442
3,0,EBTadj,v2FullEBTadj0d.bmp,full,2,3874,4,443
3,5,EBTadj,v2FullEBTadj5d.bmp,full,3,232,4,444
3,0,EBTadj,v2FullEBTadj0h.bmp,full,2,302,4,445
3,8,EBTadj,v2FullEBTadj8e.bmp,full,2,314,4,446
3,8,EBTadj,v2sdEBTadj8h.bmp,SD,2,565,4,447
3,3,EBTadj,v2SmallEBTadj3i.bmp,small,3,622,4,448
3,8,EBTadj,v2SmallEBTadj8j.bmp,small,3,397,4,449
3,8,EBTadj,v2sdEBTadj8j.bmp,SD,3,645,4,450
3,3,EBTadj,v2SmallEBTadj3d.bmp,small,3,611,4,451
3,0,EBTadj,v2FullEBTadj0e.bmp,full,3,1370,4,452
3,3,EBTadj,v2sdEBTadj3f.bmp,SD,3,443,4,453
3,8,EBTadj,v2SmallEBTadj8i.bmp,small,4,681,4,454
3,3,EBTadj,v2SmallEBTadj3h.bmp,small,3,454,4,455
3,0,EBTadj,v2sdEBTadj0d.bmp,SD,3,340,4,456
3,0,EBTadj,v2FullEBTadj0c.bmp,full,2,573,4,457
3,5,EBTadj,v2SmallEBTadj5a.bmp,small,2,573,4,458
3,0,EBTadj,v2FullEBTadj0b.bmp,full,2,782,4,459
3,3,EBTadj,v2FullEBTadj3h.bmp,full,2,870,4,460
3,3,EBTadj,v2sdEBTadj3j.bmp,SD,2,1612,4,461
3,5,EBTadj,v2sdEBTadj5e.bmp,SD,2,795,4,462
3,5,EBTadj,v2SmallEBTadj5c.bmp,small,2,555,4,463
3,8,EBTadj,v2FullEBTadj8f.bmp,full,2,1557,4,464
3,5,EBTadj,v2sdEBTadj5d.bmp,SD,2,735,4,465
3,5,EBTadj,v2sdEBTadj5a.bmp,SD,2,841,4,466
3,0,EBTadj,v2sdEBTadj0c.bmp,SD,2,1095,4,467
3,5,EBTadj,v2SmallEBTadj5e.bmp,small,2,819,4,468
3,5,EBTadj,v2FullEBTadj5a.bmp,full,2,1819,4,469
3,3,EBTadj,v2FullEBTadj3g.bmp,full,2,762,4,470
3,5,EBTadj,v2sdEBTadj5c.bmp,SD,2,1060,4,471
3,5,EBTadj,v2SmallEBTadj5d.bmp,small,2,609,4,472
3,5,EBTadj,v2SmallEBTadj5b.bmp,small,2,256,4,473
3,8,EBTadj,v2sdEBTadj8a.bmp,SD,2,1589,4,474
3,3,EBTadj,v2FullEBTadj3f.bmp,full,2,405,4,475
3,5,EBTadj,v2SmallEBTadj5g.bmp,small,2,405,4,476
3,0,EBTadj,v2SmallEBTadj0a.bmp,small,2,676,4,477
3,0,EBTadj,v2SmallEBTadj0e.bmp,small,2,704,4,478
3,5,EBTadj,v2FullEBTadj5g.bmp,full,2,1084,4,479
3,0,EBTadj,v2sdEBTadj0h.bmp,SD,2,617,4,480
4,3,EBTadj,v2FullEBTadj3g.bmp,full,1,11205,1,1
4,5,EBTadj,v2sdEBTadj5a.bmp,SD,3,8056,1,2
4,0,EBTadj,v2sdEBTadj0g.bmp,SD,2,8415,1,3
4,8,EBTadj,v2sdEBTadj8b.bmp,SD,4,4345,1,4
4,8,EBTadj,v2sdEBTadj8f.bmp,SD,4,9916,1,5
4,8,EBTadj,v2SmallEBTadj8j.bmp,small,4,11123,1,6
4,3,EBTadj,v2SmallEBTadj3c.bmp,small,3,6601,1,7
4,8,EBTadj,v2SmallEBTadj8h.bmp,small,4,5106,1,8
4,5,EBTadj,v2FullEBTadj5g.bmp,full,2,7895,1,9
4,8,EBTadj,v2FullEBTadj8j.bmp,full,3,4133,1,10
4,3,EBTadj,v2SmallEBTadj3j.bmp,small,1,5497,1,11
4,5,EBTadj,v2SmallEBTadj5b.bmp,small,3,6919,1,12
4,5,EBTadj,v2FullEBTadj5f.bmp,full,2,3844,1,13
4,0,EBTadj,v2SmallEBTadj0g.bmp,small,1,4523,1,14
4,8,EBTadj,v2sdEBTadj8j.bmp,SD,4,5414,1,15
4,8,EBTadj,v2sdEBTadj8h.bmp,SD,4,10119,1,16
4,5,EBTadj,v2sdEBTadj5g.bmp,SD,3,4333,1,17
4,0,EBTadj,v2FullEBTadj0d.bmp,full,1,2473,1,18
4,8,EBTadj,v2SmallEBTadj8i.bmp,small,3,4286,1,19
4,3,EBTadj,v2FullEBTadj3j.bmp,full,1,2700,1,20
4,0,EBTadj,v2FullEBTadj0f.bmp,full,1,2481,1,21
4,5,EBTadj,v2sdEBTadj5b.bmp,SD,2,2310,1,22
4,5,EBTadj,v2sdEBTadj5d.bmp,SD,3,4874,1,23
4,8,EBTadj,v2SmallEBTadj8c.bmp,small,4,3647,1,24
4,5,EBTadj,v2FullEBTadj5j.bmp,full,2,3222,1,25
4,5,EBTadj,v2FullEBTadj5b.bmp,full,2,1693,1,26
4,3,EBTadj,v2sdEBTadj3j.bmp,SD,1,1858,1,27
4,3,EBTadj,v2SmallEBTadj3h.bmp,small,1,1055,1,28
4,0,EBTadj,v2FullEBTadj0a.bmp,full,1,1653,1,29
4,0,EBTadj,v2SmallEBTadj0h.bmp,small,1,4123,1,30
4,0,EBTadj,v2sdEBTadj0b.bmp,SD,1,951,1,31
4,8,EBTadj,v2FullEBTadj8b.bmp,full,2,1473,1,32
4,0,EBTadj,v2SmallEBTadj0i.bmp,small,1,3430,1,33
4,5,EBTadj,v2sdEBTadj5j.bmp,SD,2,8309,1,34
4,0,EBTadj,v2sdEBTadj0e.bmp,SD,1,1659,1,35
4,3,EBTadj,v2sdEBTadj3f.bmp,SD,1,1361,1,36
4,8,EBTadj,v2SmallEBTadj8e.bmp,small,4,4809,1,37
4,5,EBTadj,v2SmallEBTadj5d.bmp,small,3,1026,1,38
4,8,EBTadj,v2SmallEBTadj8a.bmp,small,4,1665,1,39
4,3,EBTadj,v2FullEBTadj3b.bmp,full,1,3646,1,40
4,3,EBTadj,v2sdEBTadj3e.bmp,SD,1,1389,1,41
4,8,EBTadj,v2sdEBTadj8e.bmp,SD,3,2245,1,42
4,5,EBTadj,v2sdEBTadj5f.bmp,SD,3,2732,1,43
4,0,EBTadj,v2sdEBTadj0h.bmp,SD,1,1791,1,44
4,8,EBTadj,v2SmallEBTadj8g.bmp,small,4,2976,1,45
4,8,EBTadj,v2sdEBTadj8a.bmp,SD,4,1545,1,46
4,3,EBTadj,v2SmallEBTadj3f.bmp,small,1,1171,1,47
4,0,EBTadj,v2SmallEBTadj0e.bmp,small,1,1885,1,48
4,0,EBTadj,v2FullEBTadj0i.bmp,full,1,1754,1,49
4,5,EBTadj,v2FullEBTadj5c.bmp,full,2,6795,1,50
4,3,EBTadj,v2FullEBTadj3i.bmp,full,1,5701,1,51
4,3,EBTadj,v2SmallEBTadj3b.bmp,small,1,1515,1,52
4,3,EBTadj,v2SmallEBTadj3d.bmp,small,1,5454,1,53
4,3,EBTadj,v2FullEBTadj3e.bmp,full,1,1573,1,54
4,0,EBTadj,v2sdEBTadj0i.bmp,SD,1,1478,1,55
4,3,EBTadj,v2sdEBTadj3d.bmp,SD,1,1387,1,56
4,8,EBTadj,v2FullEBTadj8i.bmp,full,2,1204,1,57
4,3,EBTadj,v2FullEBTadj3a.bmp,full,1,2772,1,58
4,0,EBTadj,v2SmallEBTadj0j.bmp,small,1,1437,1,59
4,3,EBTadj,v2SmallEBTadj3a.bmp,small,1,1148,1,60
4,5,EBTadj,v2sdEBTadj5c.bmp,SD,2,1358,1,61
4,0,EBTadj,v2SmallEBTadj0a.bmp,small,1,1776,1,62
4,0,EBTadj,v2sdEBTadj0j.bmp,SD,1,7560,1,63
4,0,EBTadj,v2FullEBTadj0e.bmp,full,1,2019,1,64
4,8,EBTadj,v2SmallEBTadj8f.bmp,small,3,1875,1,65
4,5,EBTadj,v2FullEBTadj5i.bmp,full,3,9760,1,66
4,8,EBTadj,v2FullEBTadj8e.bmp,full,3,1445,1,67
4,0,EBTadj,v2FullEBTadj0c.bmp,full,1,2107,1,68
4,0,EBTadj,v2FullEBTadj0b.bmp,full,1,1639,1,69
4,5,EBTadj,v2SmallEBTadj5g.bmp,small,3,4245,1,70
4,8,EBTadj,v2FullEBTadj8h.bmp,full,2,6812,1,71
4,0,EBTadj,v2sdEBTadj0c.bmp,SD,1,4796,1,72
4,3,EBTadj,v2sdEBTadj3a.bmp,SD,1,862,1,73
4,3,EBTadj,v2FullEBTadj3f.bmp,full,2,3115,1,74
4,3,EBTadj,v2sdEBTadj3b.bmp,SD,1,967,1,75
4,5,EBTadj,v2sdEBTadj5i.bmp,SD,2,1057,1,76
4,3,EBTadj,v2FullEBTadj3h.bmp,full,2,30397,1,77
4,8,EBTadj,v2SmallEBTadj8b.bmp,small,4,3127,1,78
4,8,EBTadj,v2sdEBTadj8i.bmp,SD,4,1922,1,79
4,0,EBTadj,v2FullEBTadj0h.bmp,full,1,3133,1,80
4,5,EBTadj,v2SmallEBTadj5j.bmp,small,3,4945,1,81
4,5,EBTadj,v2SmallEBTadj5a.bmp,small,3,2572,1,82
4,8,EBTadj,v2FullEBTadj8g.bmp,full,3,2877,1,83
4,8,EBTadj,v2sdEBTadj8g.bmp,SD,3,10075,1,84
4,3,EBTadj,v2FullEBTadj3c.bmp,full,1,2675,1,85
4,5,EBTadj,v2sdEBTadj5h.bmp,SD,2,2776,1,86
4,8,EBTadj,v2SmallEBTadj8d.bmp,small,4,2992,1,87
4,5,EBTadj,v2FullEBTadj5d.bmp,full,1,3057,1,88
4,3,EBTadj,v2FullEBTadj3d.bmp,full,1,1543,1,89
4,3,EBTadj,v2sdEBTadj3g.bmp,SD,1,1513,1,90
4,3,EBTadj,v2SmallEBTadj3e.bmp,small,1,717,1,91
4,5,EBTadj,v2SmallEBTadj5f.bmp,small,2,1184,1,92
4,5,EBTadj,v2SmallEBTadj5e.bmp,small,2,1353,1,93
4,8,EBTadj,v2FullEBTadj8f.bmp,full,2,1715,1,94
4,3,EBTadj,v2sdEBTadj3c.bmp,SD,1,1135,1,95
4,3,EBTadj,v2SmallEBTadj3g.bmp,small,1,1361,1,96
4,0,EBTadj,v2SmallEBTadj0c.bmp,small,1,1851,1,97
4,0,EBTadj,v2sdEBTadj0a.bmp,SD,1,10961,1,98
4,5,EBTadj,v2FullEBTadj5e.bmp,full,2,1174,1,99
4,5,EBTadj,v2FullEBTadj5a.bmp,full,2,999,1,100
4,0,EBTadj,v2SmallEBTadj0f.bmp,small,1,991,1,101
4,8,EBTadj,v2FullEBTadj8d.bmp,full,3,4398,1,102
4,0,EBTadj,v2SmallEBTadj0b.bmp,small,1,3471,1,103
4,8,EBTadj,v2sdEBTadj8c.bmp,SD,3,11909,1,104
4,0,EBTadj,v2sdEBTadj0f.bmp,SD,1,1268,1,105
4,8,EBTadj,v2FullEBTadj8a.bmp,full,2,1593,1,106
4,0,EBTadj,v2FullEBTadj0j.bmp,full,1,1818,1,107
4,3,EBTadj,v2sdEBTadj3h.bmp,SD,1,841,1,108
4,8,EBTadj,v2FullEBTadj8c.bmp,full,3,11455,1,109
4,8,EBTadj,v2sdEBTadj8d.bmp,SD,3,752,1,110
4,3,EBTadj,v2SmallEBTadj3i.bmp,small,1,1713,1,111
4,3,EBTadj,v2sdEBTadj3i.bmp,SD,1,861,1,112
4,5,EBTadj,v2SmallEBTadj5h.bmp,small,2,2834,1,113
4,5,EBTadj,v2FullEBTadj5h.bmp,full,2,6602,1,114
4,5,EBTadj,v2sdEBTadj5e.bmp,SD,2,804,1,115
4,0,EBTadj,v2sdEBTadj0d.bmp,SD,1,852,1,116
4,0,EBTadj,v2FullEBTadj0g.bmp,full,1,1194,1,117
4,0,EBTadj,v2SmallEBTadj0d.bmp,small,1,930,1,118
4,5,EBTadj,v2SmallEBTadj5i.bmp,small,2,3468,1,119
4,5,EBTadj,v2SmallEBTadj5c.bmp,small,2,4403,1,120
4,3,EBTadj,v2SmallEBTadj3f.bmp,small,1,1116,2,121
4,8,EBTadj,v2sdEBTadj8d.bmp,SD,3,2575,2,122
4,0,EBTadj,v2sdEBTadj0b.bmp,SD,1,2025,2,123
4,8,EBTadj,v2sdEBTadj8f.bmp,SD,4,4567,2,124
4,0,EBTadj,v2sdEBTadj0c.bmp,SD,1,1625,2,125
4,3,EBTadj,v2SmallEBTadj3b.bmp,small,1,896,2,126
4,5,EBTadj,v2SmallEBTadj5b.bmp,small,2,1292,2,127
4,3,EBTadj,v2sdEBTadj3e.bmp,SD,1,1024,2,128
4,3,EBTadj,v2sdEBTadj3h.bmp,SD,1,775,2,129
4,3,EBTadj,v2SmallEBTadj3d.bmp,small,1,600,2,130
4,5,EBTadj,v2SmallEBTadj5c.bmp,small,2,1744,2,131
4,5,EBTadj,v2sdEBTadj5g.bmp,SD,2,2186,2,132
4,5,EBTadj,v2SmallEBTadj5d.bmp,small,1,8595,2,133
4,8,EBTadj,v2SmallEBTadj8f.bmp,small,3,3838,2,134
4,0,EBTadj,v2SmallEBTadj0g.bmp,small,1,1429,2,135
4,3,EBTadj,v2sdEBTadj3i.bmp,SD,1,1076,2,136
4,3,EBTadj,v2sdEBTadj3j.bmp,SD,1,745,2,137
4,0,EBTadj,v2sdEBTadj0d.bmp,SD,1,651,2,138
4,8,EBTadj,v2SmallEBTadj8e.bmp,small,3,1809,2,139
4,5,EBTadj,v2SmallEBTadj5a.bmp,small,2,1304,2,140
4,3,EBTadj,v2FullEBTadj3g.bmp,full,1,1540,2,141
4,0,EBTadj,v2sdEBTadj0h.bmp,SD,1,1110,2,142
4,8,EBTadj,v2sdEBTadj8g.bmp,SD,3,10201,2,143
4,5,EBTadj,v2sdEBTadj5h.bmp,SD,2,5621,2,144
4,5,EBTadj,v2FullEBTadj5e.bmp,full,2,2285,2,145
4,8,EBTadj,v2sdEBTadj8c.bmp,SD,4,3890,2,146
4,0,EBTadj,v2sdEBTadj0f.bmp,SD,1,5863,2,147
4,0,EBTadj,v2FullEBTadj0j.bmp,full,1,774,2,148
4,0,EBTadj,v2SmallEBTadj0i.bmp,small,1,695,2,149
4,3,EBTadj,v2FullEBTadj3e.bmp,full,1,1547,2,150
4,5,EBTadj,v2sdEBTadj5e.bmp,SD,2,3948,2,151
4,3,EBTadj,v2SmallEBTadj3g.bmp,small,1,967,2,152
4,0,EBTadj,v2SmallEBTadj0b.bmp,small,1,712,2,153
4,5,EBTadj,v2SmallEBTadj5g.bmp,small,2,16404,2,154
4,0,EBTadj,v2SmallEBTadj0c.bmp,small,1,784,2,155
4,5,EBTadj,v2SmallEBTadj5h.bmp,small,2,1041,2,156
4,0,EBTadj,v2FullEBTadj0g.bmp,full,1,759,2,157
4,8,EBTadj,v2FullEBTadj8g.bmp,full,3,2696,2,158
4,3,EBTadj,v2sdEBTadj3d.bmp,SD,1,965,2,159
4,8,EBTadj,v2sdEBTadj8b.bmp,SD,2,1102,2,160
4,8,EBTadj,v2FullEBTadj8i.bmp,full,2,1147,2,161
4,8,EBTadj,v2SmallEBTadj8b.bmp,small,3,3685,2,162
4,5,EBTadj,v2SmallEBTadj5j.bmp,small,3,4081,2,163
4,8,EBTadj,v2FullEBTadj8b.bmp,full,3,2471,2,164
4,3,EBTadj,v2FullEBTadj3j.bmp,full,2,3172,2,165
4,3,EBTadj,v2FullEBTadj3a.bmp,full,1,1486,2,166
4,8,EBTadj,v2FullEBTadj8c.bmp,full,3,2603,2,167
4,5,EBTadj,v2FullEBTadj5i.bmp,full,2,4403,2,168
4,5,EBTadj,v2FullEBTadj5b.bmp,full,2,13116,2,169
4,5,EBTadj,v2SmallEBTadj5i.bmp,small,2,2228,2,170
4,8,EBTadj,v2SmallEBTadj8h.bmp,small,2,3898,2,171
4,5,EBTadj,v2sdEBTadj5j.bmp,SD,2,2975,2,172
4,8,EBTadj,v2SmallEBTadj8d.bmp,small,3,1345,2,173
4,8,EBTadj,v2sdEBTadj8j.bmp,SD,3,1683,2,174
4,0,EBTadj,v2FullEBTadj0c.bmp,full,2,1168,2,175
4,8,EBTadj,v2SmallEBTadj8c.bmp,small,4,3185,2,176
4,5,EBTadj,v2sdEBTadj5a.bmp,SD,4,3371,2,177
4,3,EBTadj,v2sdEBTadj3g.bmp,SD,1,2436,2,178
4,0,EBTadj,v2SmallEBTadj0d.bmp,small,1,867,2,179
4,3,EBTadj,v2sdEBTadj3f.bmp,SD,1,1153,2,180
4,3,EBTadj,v2SmallEBTadj3h.bmp,small,1,1139,2,181
4,5,EBTadj,v2FullEBTadj5d.bmp,full,2,2277,2,182
4,8,EBTadj,v2FullEBTadj8a.bmp,full,3,2306,2,183
4,0,EBTadj,v2SmallEBTadj0f.bmp,small,1,886,2,184
4,0,EBTadj,v2sdEBTadj0j.bmp,SD,1,3235,2,185
4,0,EBTadj,v2SmallEBTadj0a.bmp,small,1,794,2,186
4,0,EBTadj,v2sdEBTadj0e.bmp,SD,1,801,2,187
4,0,EBTadj,v2FullEBTadj0h.bmp,full,1,5385,2,188
4,8,EBTadj,v2SmallEBTadj8g.bmp,small,3,3451,2,189
4,3,EBTadj,v2SmallEBTadj3a.bmp,small,1,818,2,190
4,0,EBTadj,v2sdEBTadj0i.bmp,SD,1,1130,2,191
4,8,EBTadj,v2SmallEBTadj8i.bmp,small,3,2284,2,192
4,3,EBTadj,v2sdEBTadj3b.bmp,SD,1,809,2,193
4,0,EBTadj,v2SmallEBTadj0h.bmp,small,1,6449,2,194
4,3,EBTadj,v2sdEBTadj3a.bmp,SD,1,657,2,195
4,8,EBTadj,v2FullEBTadj8e.bmp,full,2,1046,2,196
4,8,EBTadj,v2SmallEBTadj8a.bmp,small,1,2148,2,197
4,3,EBTadj,v2SmallEBTadj3j.bmp,small,1,1070,2,198
4,3,EBTadj,v2FullEBTadj3h.bmp,full,1,716,2,199
4,0,EBTadj,v2SmallEBTadj0j.bmp,small,1,711,2,200
4,8,EBTadj,v2sdEBTadj8a.bmp,SD,3,2194,2,201
4,8,EBTadj,v2FullEBTadj8d.bmp,full,3,1826,2,202
4,8,EBTadj,v2sdEBTadj8e.bmp,SD,2,1625,2,203
4,5,EBTadj,v2sdEBTadj5d.bmp,SD,2,1536,2,204
4,0,EBTadj,v2FullEBTadj0e.bmp,full,1,835,2,205
4,8,EBTadj,v2sdEBTadj8h.bmp,SD,2,4217,2,206
4,3,EBTadj,v2SmallEBTadj3i.bmp,small,1,1922,2,207
4,5,EBTadj,v2FullEBTadj5c.bmp,full,2,1533,2,208
4,3,EBTadj,v2FullEBTadj3b.bmp,full,1,1495,2,209
4,3,EBTadj,v2sdEBTadj3c.bmp,SD,1,1067,2,210
4,8,EBTadj,v2SmallEBTadj8j.bmp,small,4,5808,2,211
4,0,EBTadj,v2FullEBTadj0a.bmp,full,1,1233,2,212
4,5,EBTadj,v2FullEBTadj5a.bmp,full,2,1407,2,213
4,0,EBTadj,v2FullEBTadj0b.bmp,full,2,1159,2,214
4,5,EBTadj,v2FullEBTadj5h.bmp,full,2,1336,2,215
4,0,EBTadj,v2FullEBTadj0d.bmp,full,1,762,2,216
4,0,EBTadj,v2sdEBTadj0g.bmp,SD,1,844,2,217
4,5,EBTadj,v2sdEBTadj5i.bmp,SD,2,890,2,218
4,8,EBTadj,v2FullEBTadj8f.bmp,full,3,5029,2,219
4,0,EBTadj,v2FullEBTadj0i.bmp,full,1,3805,2,220
4,0,EBTadj,v2FullEBTadj0f.bmp,full,1,1805,2,221
4,5,EBTadj,v2FullEBTadj5g.bmp,full,2,4613,2,222
4,3,EBTadj,v2FullEBTadj3d.bmp,full,1,4437,2,223
4,0,EBTadj,v2SmallEBTadj0e.bmp,small,1,885,2,224
4,5,EBTadj,v2sdEBTadj5b.bmp,SD,2,1129,2,225
4,5,EBTadj,v2sdEBTadj5f.bmp,SD,2,1787,2,226
4,3,EBTadj,v2SmallEBTadj3c.bmp,small,1,852,2,227
4,5,EBTadj,v2SmallEBTadj5f.bmp,small,2,1178,2,228
4,3,EBTadj,v2SmallEBTadj3e.bmp,small,1,803,2,229
4,5,EBTadj,v2sdEBTadj5c.bmp,SD,2,2419,2,230
4,5,EBTadj,v2FullEBTadj5j.bmp,full,2,2811,2,231
4,3,EBTadj,v2FullEBTadj3c.bmp,full,1,6402,2,232
4,8,EBTadj,v2FullEBTadj8h.bmp,full,2,1043,2,233
4,3,EBTadj,v2FullEBTadj3f.bmp,full,1,993,2,234
4,0,EBTadj,v2sdEBTadj0a.bmp,SD,1,1217,2,235
4,8,EBTadj,v2sdEBTadj8i.bmp,SD,3,3537,2,236
4,3,EBTadj,v2FullEBTadj3i.bmp,full,1,3084,2,237
4,5,EBTadj,v2FullEBTadj5f.bmp,full,2,13194,2,238
4,8,EBTadj,v2FullEBTadj8j.bmp,full,2,1782,2,239
4,5,EBTadj,v2SmallEBTadj5e.bmp,small,2,3351,2,240
4,5,EBTadj,v2sdEBTadj5e.bmp,SD,3,2690,3,241
4,0,EBTadj,v2SmallEBTadj0a.bmp,small,1,1062,3,242
4,3,EBTadj,v2sdEBTadj3f.bmp,SD,1,1971,3,243
4,8,EBTadj,v2FullEBTadj8j.bmp,full,2,1236,3,244
4,3,EBTadj,v2FullEBTadj3e.bmp,full,1,2947,3,245
4,8,EBTadj,v2FullEBTadj8a.bmp,full,3,5446,3,246
4,3,EBTadj,v2FullEBTadj3b.bmp,full,1,1173,3,247
4,3,EBTadj,v2sdEBTadj3c.bmp,SD,1,1382,3,248
4,3,EBTadj,v2SmallEBTadj3g.bmp,small,1,623,3,249
4,3,EBTadj,v2FullEBTadj3i.bmp,full,1,789,3,250
4,3,EBTadj,v2sdEBTadj3g.bmp,SD,1,677,3,251
4,8,EBTadj,v2SmallEBTadj8j.bmp,small,3,5778,3,252
4,0,EBTadj,v2FullEBTadj0i.bmp,full,1,1204,3,253
4,3,EBTadj,v2SmallEBTadj3i.bmp,small,1,1021,3,254
4,0,EBTadj,v2FullEBTadj0b.bmp,full,1,2084,3,255
4,8,EBTadj,v2sdEBTadj8b.bmp,SD,3,6136,3,256
4,0,EBTadj,v2FullEBTadj0g.bmp,full,1,820,3,257
4,3,EBTadj,v2sdEBTadj3b.bmp,SD,1,3299,3,258
4,3,EBTadj,v2SmallEBTadj3a.bmp,small,1,592,3,259
4,3,EBTadj,v2SmallEBTadj3e.bmp,small,1,488,3,260
4,3,EBTadj,v2SmallEBTadj3b.bmp,small,1,588,3,261
4,0,EBTadj,v2FullEBTadj0a.bmp,full,1,1421,3,262
4,5,EBTadj,v2FullEBTadj5g.bmp,full,3,3981,3,263
4,8,EBTadj,v2sdEBTadj8i.bmp,SD,3,7390,3,264
4,8,EBTadj,v2sdEBTadj8e.bmp,SD,3,1481,3,265
4,0,EBTadj,v2SmallEBTadj0i.bmp,small,1,1581,3,266
4,8,EBTadj,v2FullEBTadj8i.bmp,full,3,3270,3,267
4,0,EBTadj,v2SmallEBTadj0c.bmp,small,1,1324,3,268
4,5,EBTadj,v2SmallEBTadj5j.bmp,small,2,6670,3,269
4,8,EBTadj,v2sdEBTadj8h.bmp,SD,3,6013,3,270
4,0,EBTadj,v2sdEBTadj0b.bmp,SD,1,1598,3,271
4,5,EBTadj,v2FullEBTadj5d.bmp,full,2,1614,3,272
4,0,EBTadj,v2FullEBTadj0e.bmp,full,1,1886,3,273
4,8,EBTadj,v2FullEBTadj8d.bmp,full,2,7603,3,274
4,8,EBTadj,v2sdEBTadj8g.bmp,SD,3,7429,3,275
4,0,EBTadj,v2SmallEBTadj0d.bmp,small,1,1902,3,276
4,5,EBTadj,v2SmallEBTadj5d.bmp,small,2,3690,3,277
4,5,EBTadj,v2sdEBTadj5b.bmp,SD,2,3694,3,278
4,8,EBTadj,v2SmallEBTadj8a.bmp,small,3,7619,3,279
4,5,EBTadj,v2SmallEBTadj5f.bmp,small,2,1724,3,280
4,0,EBTadj,v2SmallEBTadj0g.bmp,small,1,1279,3,281
4,5,EBTadj,v2sdEBTadj5h.bmp,SD,2,1916,3,282
4,5,EBTadj,v2SmallEBTadj5c.bmp,small,2,799,3,283
4,5,EBTadj,v2sdEBTadj5a.bmp,SD,2,623,3,284
4,5,EBTadj,v2sdEBTadj5g.bmp,SD,2,718,3,285
4,8,EBTadj,v2SmallEBTadj8d.bmp,small,2,2761,3,286
4,8,EBTadj,v2sdEBTadj8d.bmp,SD,3,5211,3,287
4,3,EBTadj,v2FullEBTadj3g.bmp,full,1,4428,3,288
4,3,EBTadj,v2FullEBTadj3f.bmp,full,2,2124,3,289
4,8,EBTadj,v2FullEBTadj8f.bmp,full,3,3246,3,290
4,5,EBTadj,v2sdEBTadj5d.bmp,SD,3,3325,3,291
4,8,EBTadj,v2SmallEBTadj8h.bmp,small,3,5273,3,292
4,5,EBTadj,v2FullEBTadj5h.bmp,full,2,2471,3,293
4,5,EBTadj,v2SmallEBTadj5e.bmp,small,2,2709,3,294
4,0,EBTadj,v2SmallEBTadj0e.bmp,small,1,1873,3,295
4,5,EBTadj,v2SmallEBTadj5h.bmp,small,2,3558,3,296
4,5,EBTadj,v2FullEBTadj5b.bmp,full,2,1904,3,297
4,8,EBTadj,v2sdEBTadj8j.bmp,SD,4,6348,3,298
4,8,EBTadj,v2SmallEBTadj8b.bmp,small,4,2024,3,299
4,0,EBTadj,v2sdEBTadj0j.bmp,SD,1,3287,3,300
4,5,EBTadj,v2SmallEBTadj5i.bmp,small,2,3116,3,301
4,0,EBTadj,v2FullEBTadj0c.bmp,full,1,1104,3,302
4,5,EBTadj,v2sdEBTadj5i.bmp,SD,2,8467,3,303
4,3,EBTadj,v2sdEBTadj3i.bmp,SD,1,1123,3,304
4,0,EBTadj,v2SmallEBTadj0j.bmp,small,1,7062,3,305
4,5,EBTadj,v2FullEBTadj5f.bmp,full,2,2206,3,306
4,5,EBTadj,v2FullEBTadj5j.bmp,full,2,877,3,307
4,5,EBTadj,v2FullEBTadj5i.bmp,full,2,1082,3,308
4,0,EBTadj,v2sdEBTadj0e.bmp,SD,1,1119,3,309
4,8,EBTadj,v2SmallEBTadj8f.bmp,small,3,4298,3,310
4,3,EBTadj,v2sdEBTadj3j.bmp,SD,1,991,3,311
4,8,EBTadj,v2SmallEBTadj8c.bmp,small,3,2295,3,312
4,3,EBTadj,v2sdEBTadj3e.bmp,SD,1,11810,3,313
4,5,EBTadj,v2sdEBTadj5f.bmp,SD,2,11349,3,314
4,5,EBTadj,v2SmallEBTadj5g.bmp,small,2,5819,3,315
4,5,EBTadj,v2sdEBTadj5c.bmp,SD,2,2252,3,316
4,5,EBTadj,v2FullEBTadj5c.bmp,full,2,1307,3,317
4,8,EBTadj,v2sdEBTadj8a.bmp,SD,3,2334,3,318
4,8,EBTadj,v2FullEBTadj8h.bmp,full,3,4481,3,319
4,5,EBTadj,v2FullEBTadj5e.bmp,full,2,1463,3,320
4,0,EBTadj,v2sdEBTadj0h.bmp,SD,1,820,3,321
4,0,EBTadj,v2sdEBTadj0i.bmp,SD,1,883,3,322
4,8,EBTadj,v2SmallEBTadj8i.bmp,small,3,2336,3,323
4,0,EBTadj,v2sdEBTadj0g.bmp,SD,1,1162,3,324
4,0,EBTadj,v2SmallEBTadj0h.bmp,small,1,740,3,325
4,8,EBTadj,v2SmallEBTadj8g.bmp,small,4,5062,3,326
4,3,EBTadj,v2SmallEBTadj3c.bmp,small,1,1084,3,327
4,5,EBTadj,v2sdEBTadj5j.bmp,SD,2,5721,3,328
4,3,EBTadj,v2FullEBTadj3d.bmp,full,1,1966,3,329
4,0,EBTadj,v2FullEBTadj0d.bmp,full,1,807,3,330
4,0,EBTadj,v2FullEBTadj0h.bmp,full,1,935,3,331
4,0,EBTadj,v2FullEBTadj0j.bmp,full,1,1241,3,332
4,8,EBTadj,v2SmallEBTadj8e.bmp,small,3,2663,3,333
4,0,EBTadj,v2SmallEBTadj0f.bmp,small,1,845,3,334
4,3,EBTadj,v2SmallEBTadj3d.bmp,small,1,1211,3,335
4,3,EBTadj,v2FullEBTadj3a.bmp,full,1,1531,3,336
4,3,EBTadj,v2sdEBTadj3h.bmp,SD,1,669,3,337
4,0,EBTadj,v2sdEBTadj0f.bmp,SD,1,746,3,338
4,0,EBTadj,v2sdEBTadj0d.bmp,SD,1,1660,3,339
4,5,EBTadj,v2SmallEBTadj5b.bmp,small,3,2977,3,340
4,8,EBTadj,v2FullEBTadj8g.bmp,full,4,6611,3,341
4,0,EBTadj,v2sdEBTadj0a.bmp,SD,1,1228,3,342
4,5,EBTadj,v2FullEBTadj5a.bmp,full,3,2923,3,343
4,0,EBTadj,v2sdEBTadj0c.bmp,SD,1,974,3,344
4,8,EBTadj,v2FullEBTadj8c.bmp,full,3,2911,3,345
4,3,EBTadj,v2SmallEBTadj3f.bmp,small,1,1851,3,346
4,8,EBTadj,v2sdEBTadj8c.bmp,SD,3,6233,3,347
4,3,EBTadj,v2FullEBTadj3j.bmp,full,2,4090,3,348
4,8,EBTadj,v2FullEBTadj8b.bmp,full,3,3230,3,349
4,8,EBTadj,v2FullEBTadj8e.bmp,full,3,974,3,350
4,3,EBTadj,v2SmallEBTadj3j.bmp,small,2,4686,3,351
4,3,EBTadj,v2SmallEBTadj3h.bmp,small,1,1004,3,352
4,3,EBTadj,v2FullEBTadj3c.bmp,full,2,3236,3,353
4,8,EBTadj,v2sdEBTadj8f.bmp,SD,3,5796,3,354
4,5,EBTadj,v2SmallEBTadj5a.bmp,small,3,9438,3,355
4,0,EBTadj,v2FullEBTadj0f.bmp,full,1,1031,3,356
4,3,EBTadj,v2FullEBTadj3h.bmp,full,1,709,3,357
4,3,EBTadj,v2sdEBTadj3d.bmp,SD,1,689,3,358
4,3,EBTadj,v2sdEBTadj3a.bmp,SD,1,501,3,359
4,0,EBTadj,v2SmallEBTadj0b.bmp,small,1,753,3,360
4,5,EBTadj,v2FullEBTadj5b.bmp,full,3,3074,4,361
4,8,EBTadj,v2FullEBTadj8j.bmp,full,3,1367,4,362
4,8,EBTadj,v2SmallEBTadj8g.bmp,small,4,3937,4,363
4,8,EBTadj,v2sdEBTadj8d.bmp,SD,4,5420,4,364
4,8,EBTadj,v2FullEBTadj8d.bmp,full,4,2429,4,365
4,3,EBTadj,v2FullEBTadj3d.bmp,full,1,2268,4,366
4,8,EBTadj,v2SmallEBTadj8c.bmp,small,3,18634,4,367
4,0,EBTadj,v2SmallEBTadj0c.bmp,small,1,5517,4,368
4,5,EBTadj,v2SmallEBTadj5j.bmp,small,3,4154,4,369
4,8,EBTadj,v2sdEBTadj8g.bmp,SD,3,6437,4,370
4,8,EBTadj,v2SmallEBTadj8f.bmp,small,4,4085,4,371
4,8,EBTadj,v2SmallEBTadj8a.bmp,small,3,2226,4,372
4,3,EBTadj,v2FullEBTadj3j.bmp,full,1,2953,4,373
4,0,EBTadj,v2FullEBTadj0e.bmp,full,1,1852,4,374
4,5,EBTadj,v2sdEBTadj5a.bmp,SD,2,2939,4,375
4,5,EBTadj,v2FullEBTadj5d.bmp,full,2,2565,4,376
4,8,EBTadj,v2FullEBTadj8c.bmp,full,4,3095,4,377
4,0,EBTadj,v2sdEBTadj0f.bmp,SD,1,988,4,378
4,0,EBTadj,v2sdEBTadj0j.bmp,SD,1,989,4,379
4,5,EBTadj,v2sdEBTadj5i.bmp,SD,2,1364,4,380
4,0,EBTadj,v2FullEBTadj0g.bmp,full,1,877,4,381
4,3,EBTadj,v2sdEBTadj3i.bmp,SD,1,4618,4,382
4,8,EBTadj,v2FullEBTadj8g.bmp,full,3,3219,4,383
4,0,EBTadj,v2FullEBTadj0d.bmp,full,1,819,4,384
4,5,EBTadj,v2sdEBTadj5c.bmp,SD,2,2114,4,385
4,5,EBTadj,v2SmallEBTadj5e.bmp,small,2,2390,4,386
4,3,EBTadj,v2SmallEBTadj3f.bmp,small,1,870,4,387
4,5,EBTadj,v2FullEBTadj5g.bmp,full,2,1116,4,388
4,0,EBTadj,v2SmallEBTadj0j.bmp,small,1,711,4,389
4,8,EBTadj,v2sdEBTadj8f.bmp,SD,3,4402,4,390
4,3,EBTadj,v2FullEBTadj3f.bmp,full,1,1604,4,391
4,0,EBTadj,v2sdEBTadj0e.bmp,SD,1,1148,4,392
4,3,EBTadj,v2sdEBTadj3g.bmp,SD,1,726,4,393
4,5,EBTadj,v2SmallEBTadj5d.bmp,small,2,6224,4,394
4,0,EBTadj,v2sdEBTadj0h.bmp,SD,1,1744,4,395
4,3,EBTadj,v2FullEBTadj3e.bmp,full,1,1858,4,396
4,8,EBTadj,v2FullEBTadj8b.bmp,full,3,2136,4,397
4,0,EBTadj,v2sdEBTadj0i.bmp,SD,1,1635,4,398
4,3,EBTadj,v2sdEBTadj3e.bmp,SD,1,842,4,399
4,5,EBTadj,v2FullEBTadj5h.bmp,full,2,1328,4,400
4,5,EBTadj,v2FullEBTadj5f.bmp,full,2,3051,4,401
4,8,EBTadj,v2SmallEBTadj8j.bmp,small,4,6466,4,402
4,5,EBTadj,v2sdEBTadj5g.bmp,SD,3,4873,4,403
4,3,EBTadj,v2FullEBTadj3a.bmp,full,2,6279,4,404
4,8,EBTadj,v2SmallEBTadj8e.bmp,small,3,3062,4,405
4,8,EBTadj,v2sdEBTadj8j.bmp,SD,3,2467,4,406
4,5,EBTadj,v2sdEBTadj5h.bmp,SD,2,4177,4,407
4,0,EBTadj,v2FullEBTadj0j.bmp,full,1,1466,4,408
4,0,EBTadj,v2SmallEBTadj0g.bmp,small,1,1136,4,409
4,8,EBTadj,v2sdEBTadj8a.bmp,SD,3,2787,4,410
4,5,EBTadj,v2SmallEBTadj5a.bmp,small,2,6740,4,411
4,3,EBTadj,v2FullEBTadj3c.bmp,full,1,912,4,412
4,8,EBTadj,v2FullEBTadj8a.bmp,full,3,2043,4,413
4,3,EBTadj,v2SmallEBTadj3c.bmp,small,1,962,4,414
4,0,EBTadj,v2SmallEBTadj0a.bmp,small,1,883,4,415
4,8,EBTadj,v2FullEBTadj8h.bmp,full,3,2720,4,416
4,3,EBTadj,v2sdEBTadj3c.bmp,SD,1,836,4,417
4,3,EBTadj,v2SmallEBTadj3a.bmp,small,1,706,4,418
4,0,EBTadj,v2SmallEBTadj0b.bmp,small,1,1294,4,419
4,3,EBTadj,v2SmallEBTadj3g.bmp,small,1,922,4,420
4,8,EBTadj,v2sdEBTadj8c.bmp,SD,3,3580,4,421
4,0,EBTadj,v2SmallEBTadj0d.bmp,small,1,878,4,422
4,8,EBTadj,v2SmallEBTadj8i.bmp,small,3,3178,4,423
4,0,EBTadj,v2FullEBTadj0f.bmp,full,1,980,4,424
4,0,EBTadj,v2SmallEBTadj0e.bmp,small,1,757,4,425
4,3,EBTadj,v2sdEBTadj3j.bmp,SD,1,662,4,426
4,5,EBTadj,v2sdEBTadj5d.bmp,SD,3,5267,4,427
4,5,EBTadj,v2FullEBTadj5i.bmp,full,3,3530,4,428
4,5,EBTadj,v2SmallEBTadj5f.bmp,small,3,3694,4,429
4,3,EBTadj,v2FullEBTadj3h.bmp,full,1,1635,4,430
4,5,EBTadj,v2sdEBTadj5b.bmp,SD,2,4938,4,431
4,8,EBTadj,v2FullEBTadj8e.bmp,full,3,4197,4,432
4,8,EBTadj,v2FullEBTadj8f.bmp,full,3,1093,4,433
4,0,EBTadj,v2sdEBTadj0c.bmp,SD,1,1185,4,434
4,0,EBTadj,v2SmallEBTadj0f.bmp,small,1,626,4,435
4,8,EBTadj,v2SmallEBTadj8h.bmp,small,3,3625,4,436
4,5,EBTadj,v2SmallEBTadj5i.bmp,small,2,13360,4,437
4,0,EBTadj,v2SmallEBTadj0i.bmp,small,1,7174,4,438
4,5,EBTadj,v2FullEBTadj5e.bmp,full,2,2809,4,439
4,3,EBTadj,v2FullEBTadj3i.bmp,full,1,1265,4,440
4,5,EBTadj,v2sdEBTadj5e.bmp,SD,2,5230,4,441
4,8,EBTadj,v2SmallEBTadj8d.bmp,small,4,5110,4,442
4,3,EBTadj,v2FullEBTadj3b.bmp,full,2,2970,4,443
4,3,EBTadj,v2SmallEBTadj3j.bmp,small,1,1100,4,444
4,5,EBTadj,v2sdEBTadj5j.bmp,SD,2,4848,4,445
4,5,EBTadj,v2SmallEBTadj5g.bmp,small,2,2368,4,446
4,0,EBTadj,v2FullEBTadj0a.bmp,full,1,1026,4,447
4,3,EBTadj,v2sdEBTadj3a.bmp,SD,1,736,4,448
4,8,EBTadj,v2SmallEBTadj8b.bmp,small,3,11987,4,449
4,5,EBTadj,v2SmallEBTadj5b.bmp,small,2,2343,4,450
4,3,EBTadj,v2FullEBTadj3g.bmp,full,1,1369,4,451
4,5,EBTadj,v2sdEBTadj5f.bmp,SD,2,1027,4,452
4,3,EBTadj,v2sdEBTadj3h.bmp,SD,1,721,4,453
4,5,EBTadj,v2FullEBTadj5j.bmp,full,2,1140,4,454
4,3,EBTadj,v2SmallEBTadj3e.bmp,small,1,694,4,455
4,0,EBTadj,v2SmallEBTadj0h.bmp,small,1,722,4,456
4,5,EBTadj,v2FullEBTadj5c.bmp,full,2,6061,4,457
4,5,EBTadj,v2FullEBTadj5a.bmp,full,2,2332,4,458
4,0,EBTadj,v2sdEBTadj0b.bmp,SD,1,727,4,459
4,3,EBTadj,v2sdEBTadj3d.bmp,SD,1,890,4,460
4,0,EBTadj,v2sdEBTadj0g.bmp,SD,1,558,4,461
4,0,EBTadj,v2FullEBTadj0h.bmp,full,1,2967,4,462
4,3,EBTadj,v2SmallEBTadj3d.bmp,small,1,649,4,463
4,3,EBTadj,v2SmallEBTadj3i.bmp,small,1,551,4,464
4,3,EBTadj,v2SmallEBTadj3h.bmp,small,1,585,4,465
4,8,EBTadj,v2sdEBTadj8e.bmp,SD,3,3185,4,466
4,8,EBTadj,v2FullEBTadj8i.bmp,full,3,1619,4,467
4,8,EBTadj,v2sdEBTadj8h.bmp,SD,3,4426,4,468
4,3,EBTadj,v2sdEBTadj3f.bmp,SD,1,842,4,469
4,0,EBTadj,v2FullEBTadj0i.bmp,full,1,1303,4,470
4,0,EBTadj,v2FullEBTadj0b.bmp,full,1,1051,4,471
4,5,EBTadj,v2SmallEBTadj5h.bmp,small,2,1761,4,472
4,8,EBTadj,v2sdEBTadj8b.bmp,SD,3,3067,4,473
4,5,EBTadj,v2SmallEBTadj5c.bmp,small,2,5441,4,474
4,3,EBTadj,v2sdEBTadj3b.bmp,SD,1,2681,4,475
4,0,EBTadj,v2sdEBTadj0a.bmp,SD,1,1022,4,476
4,0,EBTadj,v2FullEBTadj0c.bmp,full,1,3485,4,477
4,3,EBTadj,v2SmallEBTadj3b.bmp,small,1,730,4,478
4,8,EBTadj,v2sdEBTadj8i.bmp,SD,3,3565,4,479
4,0,EBTadj,v2sdEBTadj0d.bmp,SD,1,711,4,480
5,3,EBTadj,v2FullEBTadj3f.bmp,full,1,3834,1,1
5,0,EBTadj,v2FullEBTadj0a.bmp,full,1,6281,1,2
5,8,EBTadj,v2sdEBTadj8a.bmp,SD,4,4766,1,3
5,3,EBTadj,v2FullEBTadj3a.bmp,full,1,9176,1,4
5,8,EBTadj,v2SmallEBTadj8f.bmp,small,4,2627,1,5
5,5,EBTadj,v2FullEBTadj5a.bmp,full,2,3843,1,6
5,5,EBTadj,v2SmallEBTadj5j.bmp,small,3,2954,1,7
5,0,EBTadj,v2SmallEBTadj0i.bmp,small,1,2884,1,8
5,0,EBTadj,v2SmallEBTadj0f.bmp,small,1,1712,1,9
5,8,EBTadj,v2sdEBTadj8j.bmp,SD,4,4692,1,10
5,3,EBTadj,v2FullEBTadj3g.bmp,full,1,1769,1,11
5,5,EBTadj,v2sdEBTadj5b.bmp,SD,2,2201,1,12
5,3,EBTadj,v2FullEBTadj3b.bmp,full,1,4913,1,13
5,3,EBTadj,v2SmallEBTadj3c.bmp,small,1,2301,1,14
5,5,EBTadj,v2FullEBTadj5d.bmp,full,2,6817,1,15
5,0,EBTadj,v2SmallEBTadj0j.bmp,small,1,1362,1,16
5,0,EBTadj,v2FullEBTadj0i.bmp,full,1,4603,1,17
5,8,EBTadj,v2sdEBTadj8f.bmp,SD,4,6940,1,18
5,3,EBTadj,v2sdEBTadj3c.bmp,SD,1,6344,1,19
5,0,EBTadj,v2FullEBTadj0f.bmp,full,1,1412,1,20
5,8,EBTadj,v2FullEBTadj8g.bmp,full,2,2179,1,21
5,3,EBTadj,v2sdEBTadj3b.bmp,SD,1,2996,1,22
5,8,EBTadj,v2FullEBTadj8f.bmp,full,2,2020,1,23
5,0,EBTadj,v2sdEBTadj0g.bmp,SD,1,971,1,24
5,5,EBTadj,v2sdEBTadj5h.bmp,SD,2,1580,1,25
5,8,EBTadj,v2sdEBTadj8e.bmp,SD,4,2213,1,26
5,5,EBTadj,v2FullEBTadj5h.bmp,full,1,3301,1,27
5,0,EBTadj,v2SmallEBTadj0d.bmp,small,1,1537,1,28
5,3,EBTadj,v2sdEBTadj3a.bmp,SD,1,1347,1,29
5,8,EBTadj,v2FullEBTadj8d.bmp,full,2,1861,1,30
5,8,EBTadj,v2sdEBTadj8i.bmp,SD,4,1467,1,31
5,3,EBTadj,v2SmallEBTadj3f.bmp,small,1,1064,1,32
5,0,EBTadj,v2sdEBTadj0d.bmp,SD,1,2821,1,33
5,8,EBTadj,v2SmallEBTadj8i.bmp,small,3,2573,1,34
5,3,EBTadj,v2FullEBTadj3h.bmp,full,1,1238,1,35
5,5,EBTadj,v2sdEBTadj5f.bmp,SD,2,1364,1,36
5,8,EBTadj,v2sdEBTadj8b.bmp,SD,4,1525,1,37
5,3,EBTadj,v2FullEBTadj3d.bmp,full,1,1112,1,38
5,8,EBTadj,v2SmallEBTadj8a.bmp,small,4,1651,1,39
5,8,EBTadj,v2FullEBTadj8i.bmp,full,2,1633,1,40
5,0,EBTadj,v2SmallEBTadj0b.bmp,small,1,1847,1,41
5,8,EBTadj,v2SmallEBTadj8c.bmp,small,4,3357,1,42
5,5,EBTadj,v2SmallEBTadj5a.bmp,small,3,1055,1,43
5,5,EBTadj,v2sdEBTadj5e.bmp,SD,3,1053,1,44
5,5,EBTadj,v2SmallEBTadj5b.bmp,small,3,1626,1,45
5,8,EBTadj,v2sdEBTadj8h.bmp,SD,4,1097,1,46
5,0,EBTadj,v2FullEBTadj0d.bmp,full,1,989,1,47
5,0,EBTadj,v2sdEBTadj0e.bmp,SD,1,1141,1,48
5,8,EBTadj,v2SmallEBTadj8b.bmp,small,4,1439,1,49
5,0,EBTadj,v2FullEBTadj0j.bmp,full,1,870,1,50
5,5,EBTadj,v2FullEBTadj5e.bmp,full,2,2306,1,51
5,8,EBTadj,v2SmallEBTadj8d.bmp,small,4,2334,1,52
5,5,EBTadj,v2FullEBTadj5j.bmp,full,1,1049,1,53
5,5,EBTadj,v2SmallEBTadj5f.bmp,small,2,3301,1,54
5,3,EBTadj,v2sdEBTadj3f.bmp,SD,1,849,1,55
5,3,EBTadj,v2sdEBTadj3e.bmp,SD,1,2854,1,56
5,8,EBTadj,v2FullEBTadj8e.bmp,full,2,1404,1,57
5,0,EBTadj,v2FullEBTadj0e.bmp,full,1,876,1,58
5,3,EBTadj,v2SmallEBTadj3i.bmp,small,1,977,1,59
5,3,EBTadj,v2SmallEBTadj3d.bmp,small,1,3313,1,60
5,0,EBTadj,v2FullEBTadj0h.bmp,full,1,2493,1,61
5,0,EBTadj,v2sdEBTadj0j.bmp,SD,1,729,1,62
5,0,EBTadj,v2sdEBTadj0a.bmp,SD,1,716,1,63
5,8,EBTadj,v2FullEBTadj8b.bmp,full,2,1087,1,64
5,3,EBTadj,v2SmallEBTadj3b.bmp,small,1,2043,1,65
5,3,EBTadj,v2sdEBTadj3d.bmp,SD,1,2201,1,66
5,0,EBTadj,v2sdEBTadj0f.bmp,SD,2,4249,1,67
5,3,EBTadj,v2SmallEBTadj3g.bmp,small,1,2895,1,68
5,3,EBTadj,v2SmallEBTadj3j.bmp,small,1,580,1,69
5,5,EBTadj,v2SmallEBTadj5d.bmp,small,3,3828,1,70
5,3,EBTadj,v2SmallEBTadj3e.bmp,small,1,915,1,71
5,8,EBTadj,v2sdEBTadj8d.bmp,SD,4,1270,1,72
5,8,EBTadj,v2SmallEBTadj8g.bmp,small,4,1147,1,73
5,3,EBTadj,v2FullEBTadj3j.bmp,full,1,1141,1,74
5,8,EBTadj,v2FullEBTadj8c.bmp,full,2,3135,1,75
5,3,EBTadj,v2FullEBTadj3c.bmp,full,1,874,1,76
5,8,EBTadj,v2SmallEBTadj8j.bmp,small,3,1215,1,77
5,0,EBTadj,v2sdEBTadj0i.bmp,SD,1,942,1,78
5,0,EBTadj,v2sdEBTadj0c.bmp,SD,1,576,1,79
5,5,EBTadj,v2sdEBTadj5g.bmp,SD,2,1249,1,80
5,5,EBTadj,v2SmallEBTadj5h.bmp,small,2,3430,1,81
5,3,EBTadj,v2sdEBTadj3h.bmp,SD,1,1070,1,82
5,0,EBTadj,v2sdEBTadj0b.bmp,SD,1,1122,1,83
5,5,EBTadj,v2sdEBTadj5j.bmp,SD,2,1805,1,84
5,5,EBTadj,v2FullEBTadj5g.bmp,full,2,1309,1,85
5,0,EBTadj,v2SmallEBTadj0a.bmp,small,1,856,1,86
5,3,EBTadj,v2sdEBTadj3j.bmp,SD,1,1070,1,87
5,8,EBTadj,v2FullEBTadj8j.bmp,full,2,1434,1,88
5,5,EBTadj,v2sdEBTadj5i.bmp,SD,3,1272,1,89
5,0,EBTadj,v2FullEBTadj0c.bmp,full,1,604,1,90
5,5,EBTadj,v2FullEBTadj5f.bmp,full,2,1652,1,91
5,0,EBTadj,v2SmallEBTadj0h.bmp,small,1,2129,1,92
5,8,EBTadj,v2sdEBTadj8g.bmp,SD,4,1460,1,93
5,0,EBTadj,v2FullEBTadj0b.bmp,full,1,1922,1,94
5,3,EBTadj,v2SmallEBTadj3h.bmp,small,1,941,1,95
5,3,EBTadj,v2sdEBTadj3i.bmp,SD,1,2911,1,96
5,5,EBTadj,v2SmallEBTadj5c.bmp,small,3,2795,1,97
5,5,EBTadj,v2SmallEBTadj5i.bmp,small,2,884,1,98
5,0,EBTadj,v2sdEBTadj0h.bmp,SD,1,1688,1,99
5,5,EBTadj,v2FullEBTadj5b.bmp,full,1,1804,1,100
5,8,EBTadj,v2FullEBTadj8h.bmp,full,2,1012,1,101
5,3,EBTadj,v2SmallEBTadj3a.bmp,small,1,803,1,102
5,3,EBTadj,v2FullEBTadj3i.bmp,full,1,1202,1,103
5,5,EBTadj,v2FullEBTadj5i.bmp,full,1,1730,1,104
5,5,EBTadj,v2sdEBTadj5c.bmp,SD,2,1141,1,105
5,5,EBTadj,v2FullEBTadj5c.bmp,full,1,1334,1,106
5,0,EBTadj,v2SmallEBTadj0c.bmp,small,1,896,1,107
5,0,EBTadj,v2SmallEBTadj0e.bmp,small,1,996,1,108
5,8,EBTadj,v2SmallEBTadj8h.bmp,small,4,1156,1,109
5,8,EBTadj,v2SmallEBTadj8e.bmp,small,4,733,1,110
5,3,EBTadj,v2sdEBTadj3g.bmp,SD,1,1311,1,111
5,3,EBTadj,v2FullEBTadj3e.bmp,full,1,1507,1,112
5,5,EBTadj,v2sdEBTadj5a.bmp,SD,3,1110,1,113
5,5,EBTadj,v2sdEBTadj5d.bmp,SD,3,1194,1,114
5,0,EBTadj,v2FullEBTadj0g.bmp,full,1,674,1,115
5,5,EBTadj,v2SmallEBTadj5g.bmp,small,3,4007,1,116
5,5,EBTadj,v2SmallEBTadj5e.bmp,small,3,1527,1,117
5,0,EBTadj,v2SmallEBTadj0g.bmp,small,1,818,1,118
5,8,EBTadj,v2sdEBTadj8c.bmp,SD,4,1104,1,119
5,8,EBTadj,v2FullEBTadj8a.bmp,full,2,1716,1,120
5,8,EBTadj,v2sdEBTadj8h.bmp,SD,3,791,2,121
5,8,EBTadj,v2sdEBTadj8e.bmp,SD,3,1063,2,122
5,0,EBTadj,v2FullEBTadj0e.bmp,full,1,700,2,123
5,0,EBTadj,v2sdEBTadj0g.bmp,SD,1,656,2,124
5,5,EBTadj,v2FullEBTadj5a.bmp,full,1,813,2,125
5,8,EBTadj,v2SmallEBTadj8j.bmp,small,3,876,2,126
5,0,EBTadj,v2sdEBTadj0f.bmp,SD,1,1408,2,127
5,3,EBTadj,v2sdEBTadj3c.bmp,SD,1,711,2,128
5,3,EBTadj,v2SmallEBTadj3c.bmp,small,1,595,2,129
5,5,EBTadj,v2FullEBTadj5c.bmp,full,1,1050,2,130
5,8,EBTadj,v2sdEBTadj8b.bmp,SD,3,1192,2,131
5,8,EBTadj,v2FullEBTadj8e.bmp,full,2,1216,2,132
5,0,EBTadj,v2SmallEBTadj0b.bmp,small,1,791,2,133
5,5,EBTadj,v2SmallEBTadj5e.bmp,small,3,1503,2,134
5,3,EBTadj,v2FullEBTadj3j.bmp,full,1,1634,2,135
5,3,EBTadj,v2SmallEBTadj3i.bmp,small,1,649,2,136
5,3,EBTadj,v2SmallEBTadj3g.bmp,small,1,718,2,137
5,3,EBTadj,v2sdEBTadj3h.bmp,SD,1,1608,2,138
5,5,EBTadj,v2FullEBTadj5b.bmp,full,1,1704,2,139
5,0,EBTadj,v2SmallEBTadj0e.bmp,small,1,828,2,140
5,3,EBTadj,v2SmallEBTadj3j.bmp,small,1,746,2,141
5,3,EBTadj,v2sdEBTadj3d.bmp,SD,1,596,2,142
5,3,EBTadj,v2SmallEBTadj3d.bmp,small,1,556,2,143
5,3,EBTadj,v2FullEBTadj3i.bmp,full,1,1373,2,144
5,3,EBTadj,v2FullEBTadj3b.bmp,full,1,606,2,145
5,8,EBTadj,v2SmallEBTadj8h.bmp,small,3,1141,2,146
5,0,EBTadj,v2sdEBTadj0a.bmp,SD,1,992,2,147
5,0,EBTadj,v2sdEBTadj0d.bmp,SD,1,856,2,148
5,3,EBTadj,v2sdEBTadj3f.bmp,SD,1,1965,2,149
5,8,EBTadj,v2SmallEBTadj8g.bmp,small,3,1085,2,150
5,3,EBTadj,v2FullEBTadj3a.bmp,full,1,1297,2,151
5,0,EBTadj,v2SmallEBTadj0i.bmp,small,1,2165,2,152
5,0,EBTadj,v2sdEBTadj0j.bmp,SD,1,806,2,153
5,8,EBTadj,v2FullEBTadj8b.bmp,full,2,1342,2,154
5,8,EBTadj,v2FullEBTadj8j.bmp,full,2,2040,2,155
5,3,EBTadj,v2sdEBTadj3e.bmp,SD,1,878,2,156
5,5,EBTadj,v2sdEBTadj5f.bmp,SD,2,947,2,157
5,5,EBTadj,v2SmallEBTadj5h.bmp,small,2,1013,2,158
5,5,EBTadj,v2sdEBTadj5c.bmp,SD,2,964,2,159
5,0,EBTadj,v2SmallEBTadj0h.bmp,small,1,870,2,160
5,3,EBTadj,v2sdEBTadj3g.bmp,SD,1,898,2,161
5,5,EBTadj,v2FullEBTadj5h.bmp,full,1,2518,2,162
5,0,EBTadj,v2sdEBTadj0i.bmp,SD,1,1282,2,163
5,5,EBTadj,v2SmallEBTadj5f.bmp,small,2,2006,2,164
5,3,EBTadj,v2FullEBTadj3h.bmp,full,1,726,2,165
5,3,EBTadj,v2SmallEBTadj3h.bmp,small,1,641,2,166
5,0,EBTadj,v2SmallEBTadj0j.bmp,small,1,887,2,167
5,0,EBTadj,v2FullEBTadj0a.bmp,full,1,715,2,168
5,8,EBTadj,v2sdEBTadj8f.bmp,SD,3,1270,2,169
5,8,EBTadj,v2sdEBTadj8g.bmp,SD,3,1026,2,170
5,5,EBTadj,v2FullEBTadj5d.bmp,full,2,2688,2,171
5,8,EBTadj,v2sdEBTadj8c.bmp,SD,4,1677,2,172
5,3,EBTadj,v2sdEBTadj3i.bmp,SD,1,1338,2,173
5,5,EBTadj,v2SmallEBTadj5j.bmp,small,2,988,2,174
5,0,EBTadj,v2FullEBTadj0d.bmp,full,1,676,2,175
5,8,EBTadj,v2FullEBTadj8h.bmp,full,2,1057,2,176
5,5,EBTadj,v2sdEBTadj5i.bmp,SD,2,1190,2,177
5,8,EBTadj,v2FullEBTadj8i.bmp,full,2,1046,2,178
5,8,EBTadj,v2FullEBTadj8d.bmp,full,2,740,2,179
5,8,EBTadj,v2SmallEBTadj8d.bmp,small,3,958,2,180
5,5,EBTadj,v2sdEBTadj5e.bmp,SD,2,1040,2,181
5,0,EBTadj,v2FullEBTadj0i.bmp,full,1,742,2,182
5,3,EBTadj,v2SmallEBTadj3a.bmp,small,1,784,2,183
5,3,EBTadj,v2SmallEBTadj3e.bmp,small,1,1176,2,184
5,3,EBTadj,v2sdEBTadj3a.bmp,SD,1,1617,2,185
5,8,EBTadj,v2sdEBTadj8j.bmp,SD,4,1073,2,186
5,5,EBTadj,v2FullEBTadj5f.bmp,full,1,1821,2,187
5,8,EBTadj,v2FullEBTadj8g.bmp,full,2,989,2,188
5,8,EBTadj,v2SmallEBTadj8f.bmp,small,3,861,2,189
5,3,EBTadj,v2FullEBTadj3e.bmp,full,1,666,2,190
5,5,EBTadj,v2sdEBTadj5h.bmp,SD,2,1080,2,191
5,5,EBTadj,v2SmallEBTadj5a.bmp,small,3,931,2,192
5,0,EBTadj,v2SmallEBTadj0d.bmp,small,1,758,2,193
5,5,EBTadj,v2SmallEBTadj5i.bmp,small,2,919,2,194
5,8,EBTadj,v2sdEBTadj8d.bmp,SD,4,899,2,195
5,0,EBTadj,v2FullEBTadj0c.bmp,full,1,1287,2,196
5,3,EBTadj,v2sdEBTadj3b.bmp,SD,1,1796,2,197
5,0,EBTadj,v2SmallEBTadj0g.bmp,small,1,812,2,198
5,5,EBTadj,v2SmallEBTadj5g.bmp,small,3,1515,2,199
5,0,EBTadj,v2SmallEBTadj0f.bmp,small,1,839,2,200
5,3,EBTadj,v2FullEBTadj3f.bmp,full,1,805,2,201
5,8,EBTadj,v2SmallEBTadj8c.bmp,small,3,1013,2,202
5,5,EBTadj,v2SmallEBTadj5b.bmp,small,2,1052,2,203
5,8,EBTadj,v2SmallEBTadj8e.bmp,small,3,746,2,204
5,8,EBTadj,v2SmallEBTadj8i.bmp,small,3,1468,2,205
5,3,EBTadj,v2FullEBTadj3g.bmp,full,1,914,2,206
5,0,EBTadj,v2FullEBTadj0h.bmp,full,1,1117,2,207
5,8,EBTadj,v2SmallEBTadj8a.bmp,small,3,1088,2,208
5,5,EBTadj,v2sdEBTadj5b.bmp,SD,2,2901,2,209
5,5,EBTadj,v2SmallEBTadj5d.bmp,small,2,810,2,210
5,8,EBTadj,v2sdEBTadj8a.bmp,SD,4,953,2,211
5,8,EBTadj,v2sdEBTadj8i.bmp,SD,4,1123,2,212
5,0,EBTadj,v2FullEBTadj0g.bmp,full,1,749,2,213
5,0,EBTadj,v2sdEBTadj0h.bmp,SD,1,967,2,214
5,0,EBTadj,v2FullEBTadj0j.bmp,full,1,744,2,215
5,5,EBTadj,v2sdEBTadj5j.bmp,SD,2,1346,2,216
5,0,EBTadj,v2SmallEBTadj0c.bmp,small,1,756,2,217
5,3,EBTadj,v2SmallEBTadj3f.bmp,small,1,1238,2,218
5,5,EBTadj,v2sdEBTadj5d.bmp,SD,3,1124,2,219
5,8,EBTadj,v2FullEBTadj8f.bmp,full,2,991,2,220
5,8,EBTadj,v2SmallEBTadj8b.bmp,small,3,1183,2,221
5,3,EBTadj,v2sdEBTadj3j.bmp,SD,1,1160,2,222
5,0,EBTadj,v2FullEBTadj0b.bmp,full,1,665,2,223
5,3,EBTadj,v2FullEBTadj3c.bmp,full,1,543,2,224
5,5,EBTadj,v2SmallEBTadj5c.bmp,small,2,2249,2,225
5,0,EBTadj,v2FullEBTadj0f.bmp,full,1,727,2,226
5,0,EBTadj,v2SmallEBTadj0a.bmp,small,1,914,2,227
5,0,EBTadj,v2sdEBTadj0e.bmp,SD,1,797,2,228
5,5,EBTadj,v2FullEBTadj5g.bmp,full,2,5437,2,229
5,3,EBTadj,v2FullEBTadj3d.bmp,full,1,1645,2,230
5,5,EBTadj,v2sdEBTadj5a.bmp,SD,3,1619,2,231
5,3,EBTadj,v2SmallEBTadj3b.bmp,small,1,1153,2,232
5,0,EBTadj,v2sdEBTadj0b.bmp,SD,1,644,2,233
5,5,EBTadj,v2FullEBTadj5j.bmp,full,2,2553,2,234
5,8,EBTadj,v2FullEBTadj8c.bmp,full,2,1219,2,235
5,5,EBTadj,v2FullEBTadj5e.bmp,full,1,1363,2,236
5,8,EBTadj,v2FullEBTadj8a.bmp,full,2,908,2,237
5,5,EBTadj,v2sdEBTadj5g.bmp,SD,3,1896,2,238
5,0,EBTadj,v2sdEBTadj0c.bmp,SD,1,932,2,239
5,5,EBTadj,v2FullEBTadj5i.bmp,full,1,1127,2,240
5,3,EBTadj,v2FullEBTadj3j.bmp,full,1,753,3,241
5,8,EBTadj,v2sdEBTadj8j.bmp,SD,3,1435,3,242
5,3,EBTadj,v2FullEBTadj3f.bmp,full,1,778,3,243
5,5,EBTadj,v2SmallEBTadj5j.bmp,small,2,1379,3,244
5,8,EBTadj,v2SmallEBTadj8f.bmp,small,3,996,3,245
5,0,EBTadj,v2FullEBTadj0a.bmp,full,1,1748,3,246
5,3,EBTadj,v2SmallEBTadj3b.bmp,small,1,1318,3,247
5,8,EBTadj,v2FullEBTadj8a.bmp,full,2,1282,3,248
5,3,EBTadj,v2SmallEBTadj3a.bmp,small,1,726,3,249
5,5,EBTadj,v2sdEBTadj5g.bmp,SD,3,2041,3,250
5,3,EBTadj,v2FullEBTadj3c.bmp,full,1,1479,3,251
5,8,EBTadj,v2sdEBTadj8b.bmp,SD,3,1979,3,252
5,8,EBTadj,v2FullEBTadj8h.bmp,full,2,1236,3,253
5,3,EBTadj,v2sdEBTadj3d.bmp,SD,1,739,3,254
5,5,EBTadj,v2sdEBTadj5h.bmp,SD,2,941,3,255
5,5,EBTadj,v2FullEBTadj5d.bmp,full,2,2111,3,256
5,0,EBTadj,v2FullEBTadj0e.bmp,full,1,851,3,257
5,5,EBTadj,v2sdEBTadj5e.bmp,SD,2,1641,3,258
5,8,EBTadj,v2SmallEBTadj8d.bmp,small,3,879,3,259
5,0,EBTadj,v2sdEBTadj0e.bmp,SD,1,684,3,260
5,3,EBTadj,v2SmallEBTadj3j.bmp,small,1,1296,3,261
5,0,EBTadj,v2sdEBTadj0a.bmp,SD,1,661,3,262
5,5,EBTadj,v2SmallEBTadj5c.bmp,small,2,4378,3,263
5,8,EBTadj,v2SmallEBTadj8i.bmp,small,3,892,3,264
5,3,EBTadj,v2SmallEBTadj3d.bmp,small,1,712,3,265
5,8,EBTadj,v2FullEBTadj8j.bmp,full,2,1251,3,266
5,0,EBTadj,v2FullEBTadj0f.bmp,full,1,1833,3,267
5,8,EBTadj,v2SmallEBTadj8c.bmp,small,3,1168,3,268
5,5,EBTadj,v2sdEBTadj5b.bmp,SD,2,994,3,269
5,5,EBTadj,v2SmallEBTadj5a.bmp,small,2,1242,3,270
5,0,EBTadj,v2SmallEBTadj0e.bmp,small,1,768,3,271
5,3,EBTadj,v2sdEBTadj3i.bmp,SD,1,1368,3,272
5,5,EBTadj,v2sdEBTadj5a.bmp,SD,2,1169,3,273
5,0,EBTadj,v2sdEBTadj0g.bmp,SD,1,619,3,274
5,0,EBTadj,v2SmallEBTadj0a.bmp,small,1,1226,3,275
5,0,EBTadj,v2SmallEBTadj0b.bmp,small,1,689,3,276
5,5,EBTadj,v2FullEBTadj5e.bmp,full,2,1485,3,277
5,0,EBTadj,v2FullEBTadj0i.bmp,full,1,1122,3,278
5,8,EBTadj,v2SmallEBTadj8b.bmp,small,4,1516,3,279
5,0,EBTadj,v2sdEBTadj0h.bmp,SD,1,1472,3,280
5,5,EBTadj,v2SmallEBTadj5h.bmp,small,2,1053,3,281
5,0,EBTadj,v2sdEBTadj0i.bmp,SD,1,723,3,282
5,0,EBTadj,v2FullEBTadj0d.bmp,full,1,718,3,283
5,8,EBTadj,v2sdEBTadj8e.bmp,SD,4,1937,3,284
5,8,EBTadj,v2FullEBTadj8i.bmp,full,2,1108,3,285
5,5,EBTadj,v2sdEBTadj5c.bmp,SD,3,3719,3,286
5,3,EBTadj,v2sdEBTadj3j.bmp,SD,1,844,3,287
5,0,EBTadj,v2SmallEBTadj0g.bmp,small,1,642,3,288
5,3,EBTadj,v2sdEBTadj3c.bmp,SD,1,1472,3,289
5,0,EBTadj,v2SmallEBTadj0d.bmp,small,1,1101,3,290
5,0,EBTadj,v2sdEBTadj0f.bmp,SD,1,577,3,291
5,8,EBTadj,v2sdEBTadj8a.bmp,SD,4,1065,3,292
5,5,EBTadj,v2SmallEBTadj5g.bmp,small,3,974,3,293
5,0,EBTadj,v2FullEBTadj0j.bmp,full,1,1631,3,294
5,5,EBTadj,v2sdEBTadj5d.bmp,SD,3,1318,3,295
5,3,EBTadj,v2FullEBTadj3g.bmp,full,1,1185,3,296
5,8,EBTadj,v2FullEBTadj8f.bmp,full,2,1010,3,297
5,8,EBTadj,v2SmallEBTadj8g.bmp,small,4,1297,3,298
5,3,EBTadj,v2SmallEBTadj3h.bmp,small,1,686,3,299
5,5,EBTadj,v2FullEBTadj5a.bmp,full,2,1242,3,300
5,0,EBTadj,v2sdEBTadj0b.bmp,SD,1,648,3,301
5,3,EBTadj,v2SmallEBTadj3f.bmp,small,1,862,3,302
5,8,EBTadj,v2FullEBTadj8c.bmp,full,2,1019,3,303
5,8,EBTadj,v2sdEBTadj8d.bmp,SD,4,1059,3,304
5,0,EBTadj,v2SmallEBTadj0f.bmp,small,1,688,3,305
5,3,EBTadj,v2FullEBTadj3d.bmp,full,1,789,3,306
5,5,EBTadj,v2SmallEBTadj5f.bmp,small,3,1285,3,307
5,3,EBTadj,v2sdEBTadj3f.bmp,SD,1,1018,3,308
5,3,EBTadj,v2SmallEBTadj3g.bmp,small,1,1625,3,309
5,3,EBTadj,v2sdEBTadj3e.bmp,SD,1,576,3,310
5,5,EBTadj,v2SmallEBTadj5d.bmp,small,3,1425,3,311
5,0,EBTadj,v2FullEBTadj0c.bmp,full,1,655,3,312
5,8,EBTadj,v2SmallEBTadj8h.bmp,small,4,1221,3,313
5,0,EBTadj,v2SmallEBTadj0c.bmp,small,1,677,3,314
5,5,EBTadj,v2FullEBTadj5f.bmp,full,2,2984,3,315
5,3,EBTadj,v2FullEBTadj3b.bmp,full,1,1234,3,316
5,8,EBTadj,v2SmallEBTadj8a.bmp,small,4,1025,3,317
5,3,EBTadj,v2sdEBTadj3b.bmp,SD,1,1679,3,318
5,8,EBTadj,v2FullEBTadj8g.bmp,full,2,972,3,319
5,8,EBTadj,v2FullEBTadj8d.bmp,full,2,1205,3,320
5,8,EBTadj,v2sdEBTadj8g.bmp,SD,4,909,3,321
5,0,EBTadj,v2sdEBTadj0c.bmp,SD,1,1168,3,322
5,5,EBTadj,v2FullEBTadj5j.bmp,full,2,1930,3,323
5,0,EBTadj,v2sdEBTadj0d.bmp,SD,1,621,3,324
5,0,EBTadj,v2sdEBTadj0j.bmp,SD,1,580,3,325
5,0,EBTadj,v2SmallEBTadj0i.bmp,small,1,1021,3,326
5,3,EBTadj,v2FullEBTadj3a.bmp,full,1,1364,3,327
5,3,EBTadj,v2sdEBTadj3g.bmp,SD,1,550,3,328
5,3,EBTadj,v2sdEBTadj3h.bmp,SD,1,1135,3,329
5,8,EBTadj,v2FullEBTadj8e.bmp,full,2,930,3,330
5,8,EBTadj,v2FullEBTadj8b.bmp,full,2,1093,3,331
5,0,EBTadj,v2SmallEBTadj0h.bmp,small,1,657,3,332
5,8,EBTadj,v2sdEBTadj8c.bmp,SD,4,1358,3,333
5,0,EBTadj,v2FullEBTadj0b.bmp,full,1,864,3,334
5,8,EBTadj,v2sdEBTadj8i.bmp,SD,3,1964,3,335
5,5,EBTadj,v2sdEBTadj5j.bmp,SD,3,1286,3,336
5,5,EBTadj,v2sdEBTadj5f.bmp,SD,3,1594,3,337
5,3,EBTadj,v2sdEBTadj3a.bmp,SD,1,771,3,338
5,3,EBTadj,v2FullEBTadj3i.bmp,full,1,644,3,339
5,0,EBTadj,v2FullEBTadj0h.bmp,full,1,642,3,340
5,0,EBTadj,v2FullEBTadj0g.bmp,full,1,888,3,341
5,5,EBTadj,v2FullEBTadj5g.bmp,full,2,1661,3,342
5,3,EBTadj,v2FullEBTadj3e.bmp,full,1,2082,3,343
5,5,EBTadj,v2FullEBTadj5b.bmp,full,1,671,3,344
5,8,EBTadj,v2sdEBTadj8h.bmp,SD,4,1653,3,345
5,8,EBTadj,v2SmallEBTadj8e.bmp,small,4,827,3,346
5,3,EBTadj,v2FullEBTadj3h.bmp,full,1,633,3,347
5,3,EBTadj,v2SmallEBTadj3i.bmp,small,1,920,3,348
5,5,EBTadj,v2FullEBTadj5c.bmp,full,1,603,3,349
5,3,EBTadj,v2SmallEBTadj3c.bmp,small,1,627,3,350
5,5,EBTadj,v2SmallEBTadj5e.bmp,small,3,866,3,351
5,5,EBTadj,v2SmallEBTadj5b.bmp,small,3,703,3,352
5,5,EBTadj,v2sdEBTadj5i.bmp,SD,3,1147,3,353
5,8,EBTadj,v2sdEBTadj8f.bmp,SD,4,1005,3,354
5,5,EBTadj,v2FullEBTadj5i.bmp,full,1,781,3,355
5,8,EBTadj,v2SmallEBTadj8j.bmp,small,4,1030,3,356
5,0,EBTadj,v2SmallEBTadj0j.bmp,small,1,629,3,357
5,3,EBTadj,v2SmallEBTadj3e.bmp,small,1,1562,3,358
5,5,EBTadj,v2FullEBTadj5h.bmp,full,1,804,3,359
5,5,EBTadj,v2SmallEBTadj5i.bmp,small,3,1132,3,360
5,0,EBTadj,v2sdEBTadj0j.bmp,SD,1,806,4,361
5,5,EBTadj,v2FullEBTadj5e.bmp,full,2,1638,4,362
5,8,EBTadj,v2FullEBTadj8d.bmp,full,2,1229,4,363
5,5,EBTadj,v2sdEBTadj5g.bmp,SD,3,851,4,364
5,0,EBTadj,v2SmallEBTadj0g.bmp,small,1,729,4,365
5,8,EBTadj,v2SmallEBTadj8a.bmp,small,4,1044,4,366
5,5,EBTadj,v2sdEBTadj5b.bmp,SD,3,1034,4,367
5,0,EBTadj,v2sdEBTadj0f.bmp,SD,1,689,4,368
5,8,EBTadj,v2sdEBTadj8i.bmp,SD,4,1109,4,369
5,3,EBTadj,v2FullEBTadj3h.bmp,full,1,728,4,370
5,3,EBTadj,v2sdEBTadj3b.bmp,SD,1,707,4,371
5,5,EBTadj,v2SmallEBTadj5b.bmp,small,3,1326,4,372
5,3,EBTadj,v2sdEBTadj3i.bmp,SD,1,1433,4,373
5,3,EBTadj,v2sdEBTadj3d.bmp,SD,1,584,4,374
5,5,EBTadj,v2FullEBTadj5c.bmp,full,1,1512,4,375
5,5,EBTadj,v2FullEBTadj5f.bmp,full,1,628,4,376
5,5,EBTadj,v2SmallEBTadj5f.bmp,small,3,2074,4,377
5,3,EBTadj,v2SmallEBTadj3f.bmp,small,1,816,4,378
5,0,EBTadj,v2SmallEBTadj0a.bmp,small,1,599,4,379
5,8,EBTadj,v2sdEBTadj8a.bmp,SD,4,1702,4,380
5,8,EBTadj,v2SmallEBTadj8f.bmp,small,4,866,4,381
5,3,EBTadj,v2SmallEBTadj3g.bmp,small,1,1391,4,382
5,5,EBTadj,v2sdEBTadj5i.bmp,SD,2,4600,4,383
5,5,EBTadj,v2SmallEBTadj5e.bmp,small,3,753,4,384
5,0,EBTadj,v2FullEBTadj0c.bmp,full,1,586,4,385
5,8,EBTadj,v2sdEBTadj8b.bmp,SD,4,851,4,386
5,0,EBTadj,v2sdEBTadj0i.bmp,SD,1,809,4,387
5,0,EBTadj,v2FullEBTadj0f.bmp,full,1,568,4,388
5,3,EBTadj,v2FullEBTadj3j.bmp,full,1,745,4,389
5,5,EBTadj,v2SmallEBTadj5c.bmp,small,3,1155,4,390
5,0,EBTadj,v2sdEBTadj0c.bmp,SD,1,693,4,391
5,8,EBTadj,v2FullEBTadj8a.bmp,full,2,1073,4,392
5,0,EBTadj,v2FullEBTadj0b.bmp,full,1,3413,4,393
5,5,EBTadj,v2FullEBTadj5g.bmp,full,1,2334,4,394
5,3,EBTadj,v2SmallEBTadj3d.bmp,small,1,665,4,395
5,8,EBTadj,v2FullEBTadj8i.bmp,full,2,1382,4,396
5,0,EBTadj,v2SmallEBTadj0e.bmp,small,1,791,4,397
5,3,EBTadj,v2FullEBTadj3g.bmp,full,1,831,4,398
5,8,EBTadj,v2SmallEBTadj8b.bmp,small,4,1876,4,399
5,5,EBTadj,v2SmallEBTadj5g.bmp,small,3,929,4,400
5,5,EBTadj,v2FullEBTadj5b.bmp,full,1,1492,4,401
5,8,EBTadj,v2FullEBTadj8f.bmp,full,2,5728,4,402
5,8,EBTadj,v2sdEBTadj8c.bmp,SD,4,933,4,403
5,0,EBTadj,v2FullEBTadj0d.bmp,full,1,791,4,404
5,0,EBTadj,v2sdEBTadj0g.bmp,SD,1,695,4,405
5,3,EBTadj,v2SmallEBTadj3e.bmp,small,1,675,4,406
5,5,EBTadj,v2SmallEBTadj5i.bmp,small,3,1375,4,407
5,3,EBTadj,v2FullEBTadj3d.bmp,full,1,536,4,408
5,3,EBTadj,v2sdEBTadj3c.bmp,SD,1,627,4,409
5,3,EBTadj,v2FullEBTadj3a.bmp,full,1,713,4,410
5,0,EBTadj,v2SmallEBTadj0j.bmp,small,1,628,4,411
5,5,EBTadj,v2FullEBTadj5h.bmp,full,1,683,4,412
5,0,EBTadj,v2sdEBTadj0b.bmp,SD,1,568,4,413
5,5,EBTadj,v2sdEBTadj5d.bmp,SD,3,1225,4,414
5,3,EBTadj,v2sdEBTadj3a.bmp,SD,1,648,4,415
5,3,EBTadj,v2SmallEBTadj3c.bmp,small,1,974,4,416
5,0,EBTadj,v2SmallEBTadj0f.bmp,small,1,686,4,417
5,0,EBTadj,v2FullEBTadj0e.bmp,full,1,715,4,418
5,5,EBTadj,v2sdEBTadj5h.bmp,SD,2,1174,4,419
5,0,EBTadj,v2sdEBTadj0h.bmp,SD,1,2903,4,420
5,3,EBTadj,v2FullEBTadj3e.bmp,full,1,1675,4,421
5,5,EBTadj,v2FullEBTadj5a.bmp,full,2,1384,4,422
5,5,EBTadj,v2SmallEBTadj5a.bmp,small,3,912,4,423
5,0,EBTadj,v2sdEBTadj0a.bmp,SD,1,700,4,424
5,0,EBTadj,v2FullEBTadj0a.bmp,full,1,752,4,425
5,0,EBTadj,v2SmallEBTadj0c.bmp,small,1,578,4,426
5,3,EBTadj,v2SmallEBTadj3j.bmp,small,1,674,4,427
5,5,EBTadj,v2FullEBTadj5d.bmp,full,2,1007,4,428
5,8,EBTadj,v2FullEBTadj8g.bmp,full,2,910,4,429
5,5,EBTadj,v2FullEBTadj5i.bmp,full,1,1241,4,430
5,8,EBTadj,v2SmallEBTadj8g.bmp,small,4,952,4,431
5,8,EBTadj,v2SmallEBTadj8i.bmp,small,4,906,4,432
5,0,EBTadj,v2SmallEBTadj0h.bmp,small,1,741,4,433
5,5,EBTadj,v2sdEBTadj5a.bmp,SD,3,1391,4,434
5,8,EBTadj,v2sdEBTadj8d.bmp,SD,4,847,4,435
5,3,EBTadj,v2sdEBTadj3e.bmp,SD,1,789,4,436
5,3,EBTadj,v2FullEBTadj3f.bmp,full,1,829,4,437
5,8,EBTadj,v2FullEBTadj8c.bmp,full,2,1156,4,438
5,5,EBTadj,v2FullEBTadj5j.bmp,full,1,1941,4,439
5,0,EBTadj,v2FullEBTadj0g.bmp,full,1,632,4,440
5,8,EBTadj,v2FullEBTadj8e.bmp,full,2,886,4,441
5,8,EBTadj,v2sdEBTadj8j.bmp,SD,4,2043,4,442
5,3,EBTadj,v2SmallEBTadj3h.bmp,small,1,1000,4,443
5,3,EBTadj,v2sdEBTadj3g.bmp,SD,1,616,4,444
5,0,EBTadj,v2SmallEBTadj0d.bmp,small,1,607,4,445
5,8,EBTadj,v2SmallEBTadj8j.bmp,small,4,1031,4,446
5,8,EBTadj,v2sdEBTadj8g.bmp,SD,4,621,4,447
5,3,EBTadj,v2sdEBTadj3f.bmp,SD,1,780,4,448
5,3,EBTadj,v2sdEBTadj3h.bmp,SD,1,685,4,449
5,5,EBTadj,v2sdEBTadj5f.bmp,SD,2,969,4,450
5,8,EBTadj,v2sdEBTadj8h.bmp,SD,3,571,4,451
5,3,EBTadj,v2FullEBTadj3i.bmp,full,1,620,4,452
5,8,EBTadj,v2SmallEBTadj8c.bmp,small,4,955,4,453
5,0,EBTadj,v2sdEBTadj0d.bmp,SD,1,644,4,454
5,3,EBTadj,v2SmallEBTadj3a.bmp,small,1,866,4,455
5,3,EBTadj,v2SmallEBTadj3b.bmp,small,1,536,4,456
5,3,EBTadj,v2FullEBTadj3b.bmp,full,1,1274,4,457
5,8,EBTadj,v2FullEBTadj8j.bmp,full,2,983,4,458
5,5,EBTadj,v2SmallEBTadj5d.bmp,small,3,3464,4,459
5,0,EBTadj,v2SmallEBTadj0b.bmp,small,1,742,4,460
5,8,EBTadj,v2sdEBTadj8e.bmp,SD,4,1072,4,461
5,8,EBTadj,v2SmallEBTadj8d.bmp,small,4,613,4,462
5,8,EBTadj,v2SmallEBTadj8e.bmp,small,4,636,4,463
5,8,EBTadj,v2sdEBTadj8f.bmp,SD,4,714,4,464
5,3,EBTadj,v2SmallEBTadj3i.bmp,small,1,1110,4,465
5,8,EBTadj,v2FullEBTadj8h.bmp,full,2,1240,4,466
5,5,EBTadj,v2SmallEBTadj5h.bmp,small,2,950,4,467
5,0,EBTadj,v2FullEBTadj0h.bmp,full,1,1064,4,468
5,8,EBTadj,v2FullEBTadj8b.bmp,full,2,1398,4,469
5,0,EBTadj,v2SmallEBTadj0i.bmp,small,1,926,4,470
5,5,EBTadj,v2sdEBTadj5j.bmp,SD,2,2465,4,471
5,5,EBTadj,v2SmallEBTadj5j.bmp,small,3,678,4,472
5,3,EBTadj,v2sdEBTadj3j.bmp,SD,1,1267,4,473
5,5,EBTadj,v2sdEBTadj5e.bmp,SD,3,793,4,474
5,3,EBTadj,v2FullEBTadj3c.bmp,full,1,1001,4,475
5,5,EBTadj,v2sdEBTadj5c.bmp,SD,2,1009,4,476
5,0,EBTadj,v2FullEBTadj0j.bmp,full,1,696,4,477
5,0,EBTadj,v2FullEBTadj0i.bmp,full,1,1060,4,478
5,8,EBTadj,v2SmallEBTadj8h.bmp,small,4,1009,4,479
5,0,EBTadj,v2sdEBTadj0e.bmp,SD,1,633,4,480
6,8,EBTadj,v2FullEBTadj8b.bmp,full,2,35383,1,1
6,3,EBTadj,v2SmallEBTadj3g.bmp,small,2,3939,1,2
6,0,EBTadj,v2sdEBTadj0g.bmp,SD,2,5838,1,3
6,3,EBTadj,v2SmallEBTadj3d.bmp,small,2,2742,1,4
6,3,EBTadj,v2SmallEBTadj3h.bmp,small,2,11832,1,5
6,8,EBTadj,v2sdEBTadj8i.bmp,SD,2,4098,1,6
6,3,EBTadj,v2sdEBTadj3j.bmp,SD,2,3334,1,7
6,3,EBTadj,v2SmallEBTadj3c.bmp,small,2,3073,1,8
6,0,EBTadj,v2SmallEBTadj0a.bmp,small,1,7614,1,9
6,5,EBTadj,v2FullEBTadj5j.bmp,full,2,3295,1,10
6,5,EBTadj,v2FullEBTadj5f.bmp,full,2,3988,1,11
6,5,EBTadj,v2SmallEBTadj5f.bmp,small,2,7141,1,12
6,0,EBTadj,v2sdEBTadj0j.bmp,SD,1,3281,1,13
6,5,EBTadj,v2SmallEBTadj5d.bmp,small,2,3181,1,14
6,5,EBTadj,v2FullEBTadj5h.bmp,full,1,3542,1,15
6,8,EBTadj,v2FullEBTadj8d.bmp,full,2,1121,1,16
6,0,EBTadj,v2SmallEBTadj0c.bmp,small,2,6996,1,17
6,0,EBTadj,v2FullEBTadj0b.bmp,full,1,2301,1,18
6,8,EBTadj,v2SmallEBTadj8b.bmp,small,2,3505,1,19
6,8,EBTadj,v2SmallEBTadj8d.bmp,small,3,3885,1,20
6,8,EBTadj,v2sdEBTadj8j.bmp,SD,3,2706,1,21
6,8,EBTadj,v2FullEBTadj8f.bmp,full,2,1110,1,22
6,8,EBTadj,v2sdEBTadj8g.bmp,SD,3,866,1,23
6,5,EBTadj,v2SmallEBTadj5e.bmp,small,3,3446,1,24
6,0,EBTadj,v2SmallEBTadj0e.bmp,small,1,2956,1,25
6,0,EBTadj,v2FullEBTadj0c.bmp,full,1,814,1,26
6,8,EBTadj,v2FullEBTadj8a.bmp,full,2,829,1,27
6,8,EBTadj,v2SmallEBTadj8g.bmp,small,3,4964,1,28
6,3,EBTadj,v2sdEBTadj3e.bmp,SD,2,1702,1,29
6,3,EBTadj,v2FullEBTadj3a.bmp,full,2,3186,1,30
6,0,EBTadj,v2FullEBTadj0i.bmp,full,1,1450,1,31
6,5,EBTadj,v2FullEBTadj5d.bmp,full,2,1368,1,32
6,5,EBTadj,v2FullEBTadj5g.bmp,full,2,1217,1,33
6,8,EBTadj,v2SmallEBTadj8c.bmp,small,3,1432,1,34
6,8,EBTadj,v2FullEBTadj8j.bmp,full,2,758,1,35
6,3,EBTadj,v2FullEBTadj3b.bmp,full,2,2159,1,36
6,0,EBTadj,v2sdEBTadj0i.bmp,SD,2,1784,1,37
6,3,EBTadj,v2sdEBTadj3h.bmp,SD,2,1376,1,38
6,8,EBTadj,v2sdEBTadj8c.bmp,SD,3,945,1,39
6,0,EBTadj,v2sdEBTadj0f.bmp,SD,2,2035,1,40
6,3,EBTadj,v2SmallEBTadj3f.bmp,small,2,1049,1,41
6,0,EBTadj,v2sdEBTadj0b.bmp,SD,2,2607,1,42
6,8,EBTadj,v2sdEBTadj8b.bmp,SD,3,1567,1,43
6,8,EBTadj,v2sdEBTadj8d.bmp,SD,3,872,1,44
6,3,EBTadj,v2sdEBTadj3d.bmp,SD,2,2668,1,45
6,5,EBTadj,v2FullEBTadj5e.bmp,full,2,802,1,46
6,5,EBTadj,v2FullEBTadj5i.bmp,full,2,1761,1,47
6,8,EBTadj,v2SmallEBTadj8e.bmp,small,3,907,1,48
6,5,EBTadj,v2FullEBTadj5b.bmp,full,2,598,1,49
6,5,EBTadj,v2SmallEBTadj5j.bmp,small,2,1894,1,50
6,5,EBTadj,v2sdEBTadj5e.bmp,SD,2,2002,1,51
6,0,EBTadj,v2FullEBTadj0d.bmp,full,1,5073,1,52
6,5,EBTadj,v2SmallEBTadj5b.bmp,small,2,5047,1,53
6,0,EBTadj,v2FullEBTadj0f.bmp,full,1,1606,1,54
6,3,EBTadj,v2FullEBTadj3i.bmp,full,2,2806,1,55
6,5,EBTadj,v2SmallEBTadj5c.bmp,small,2,2310,1,56
6,0,EBTadj,v2FullEBTadj0j.bmp,full,1,1122,1,57
6,5,EBTadj,v2sdEBTadj5f.bmp,SD,2,2532,1,58
6,0,EBTadj,v2FullEBTadj0a.bmp,full,1,863,1,59
6,8,EBTadj,v2sdEBTadj8h.bmp,SD,2,900,1,60
6,5,EBTadj,v2sdEBTadj5d.bmp,SD,2,784,1,61
6,3,EBTadj,v2sdEBTadj3b.bmp,SD,2,632,1,62
6,8,EBTadj,v2FullEBTadj8h.bmp,full,2,1334,1,63
6,0,EBTadj,v2SmallEBTadj0b.bmp,small,2,1544,1,64
6,5,EBTadj,v2sdEBTadj5h.bmp,SD,2,1307,1,65
6,0,EBTadj,v2sdEBTadj0a.bmp,SD,1,6845,1,66
6,0,EBTadj,v2FullEBTadj0g.bmp,full,1,1141,1,67
6,5,EBTadj,v2sdEBTadj5g.bmp,SD,2,703,1,68
6,8,EBTadj,v2FullEBTadj8c.bmp,full,2,699,1,69
6,8,EBTadj,v2SmallEBTadj8i.bmp,small,2,558,1,70
6,8,EBTadj,v2sdEBTadj8f.bmp,SD,3,1056,1,71
6,8,EBTadj,v2sdEBTadj8e.bmp,SD,3,845,1,72
6,8,EBTadj,v2FullEBTadj8i.bmp,full,2,627,1,73
6,5,EBTadj,v2FullEBTadj5c.bmp,full,2,754,1,74
6,0,EBTadj,v2FullEBTadj0e.bmp,full,1,843,1,75
6,3,EBTadj,v2SmallEBTadj3i.bmp,small,2,881,1,76
6,5,EBTadj,v2sdEBTadj5i.bmp,SD,2,582,1,77
6,3,EBTadj,v2sdEBTadj3i.bmp,SD,2,566,1,78
6,5,EBTadj,v2sdEBTadj5j.bmp,SD,2,463,1,79
6,5,EBTadj,v2sdEBTadj5b.bmp,SD,2,413,1,80
6,3,EBTadj,v2FullEBTadj3j.bmp,full,2,348,1,81
6,0,EBTadj,v2sdEBTadj0e.bmp,SD,1,806,1,82
6,3,EBTadj,v2FullEBTadj3c.bmp,full,2,1949,1,83
6,5,EBTadj,v2sdEBTadj5a.bmp,SD,2,1526,1,84
6,5,EBTadj,v2SmallEBTadj5h.bmp,small,2,529,1,85
6,8,EBTadj,v2FullEBTadj8e.bmp,full,2,755,1,86
6,5,EBTadj,v2sdEBTadj5c.bmp,SD,2,1092,1,87
6,0,EBTadj,v2SmallEBTadj0i.bmp,small,2,912,1,88
6,3,EBTadj,v2FullEBTadj3g.bmp,full,2,1044,1,89
6,3,EBTadj,v2sdEBTadj3g.bmp,SD,2,642,1,90
6,3,EBTadj,v2FullEBTadj3d.bmp,full,2,608,1,91
6,3,EBTadj,v2sdEBTadj3c.bmp,SD,2,639,1,92
6,3,EBTadj,v2FullEBTadj3h.bmp,full,2,893,1,93
6,8,EBTadj,v2sdEBTadj8a.bmp,SD,3,945,1,94
6,5,EBTadj,v2SmallEBTadj5a.bmp,small,2,1387,1,95
6,5,EBTadj,v2SmallEBTadj5g.bmp,small,2,1035,1,96
6,3,EBTadj,v2sdEBTadj3f.bmp,SD,2,809,1,97
6,8,EBTadj,v2SmallEBTadj8h.bmp,small,3,873,1,98
6,0,EBTadj,v2SmallEBTadj0d.bmp,small,2,685,1,99
6,5,EBTadj,v2FullEBTadj5a.bmp,full,2,594,1,100
6,3,EBTadj,v2SmallEBTadj3j.bmp,small,2,810,1,101
6,0,EBTadj,v2sdEBTadj0c.bmp,SD,1,1201,1,102
6,0,EBTadj,v2SmallEBTadj0f.bmp,small,2,785,1,103
6,0,EBTadj,v2SmallEBTadj0g.bmp,small,2,3633,1,104
6,0,EBTadj,v2SmallEBTadj0j.bmp,small,2,1209,1,105
6,3,EBTadj,v2FullEBTadj3e.bmp,full,2,1224,1,106
6,3,EBTadj,v2sdEBTadj3a.bmp,SD,2,447,1,107
6,3,EBTadj,v2SmallEBTadj3a.bmp,small,2,1277,1,108
6,3,EBTadj,v2FullEBTadj3f.bmp,full,2,2329,1,109
6,0,EBTadj,v2sdEBTadj0h.bmp,SD,2,509,1,110
6,8,EBTadj,v2SmallEBTadj8a.bmp,small,2,464,1,111
6,8,EBTadj,v2SmallEBTadj8j.bmp,small,3,757,1,112
6,3,EBTadj,v2SmallEBTadj3e.bmp,small,2,718,1,113
6,0,EBTadj,v2FullEBTadj0h.bmp,full,2,665,1,114
6,8,EBTadj,v2SmallEBTadj8f.bmp,small,3,918,1,115
6,5,EBTadj,v2SmallEBTadj5i.bmp,small,2,752,1,116
6,3,EBTadj,v2SmallEBTadj3b.bmp,small,2,1114,1,117
6,0,EBTadj,v2SmallEBTadj0h.bmp,small,2,1973,1,118
6,8,EBTadj,v2FullEBTadj8g.bmp,full,2,870,1,119
6,0,EBTadj,v2sdEBTadj0d.bmp,SD,2,1091,1,120
6,3,EBTadj,v2sdEBTadj3a.bmp,SD,2,2407,2,121
6,0,EBTadj,v2sdEBTadj0j.bmp,SD,1,1143,2,122
6,8,EBTadj,v2SmallEBTadj8a.bmp,small,2,864,2,123
6,3,EBTadj,v2SmallEBTadj3e.bmp,small,2,973,2,124
6,0,EBTadj,v2sdEBTadj0i.bmp,SD,2,1958,2,125
6,8,EBTadj,v2FullEBTadj8b.bmp,full,2,672,2,126
6,5,EBTadj,v2SmallEBTadj5a.bmp,small,2,684,2,127
6,0,EBTadj,v2FullEBTadj0i.bmp,full,1,1312,2,128
6,8,EBTadj,v2sdEBTadj8d.bmp,SD,2,628,2,129
6,0,EBTadj,v2sdEBTadj0a.bmp,SD,1,5162,2,130
6,3,EBTadj,v2SmallEBTadj3h.bmp,small,2,5757,2,131
6,5,EBTadj,v2FullEBTadj5g.bmp,full,2,800,2,132
6,0,EBTadj,v2sdEBTadj0b.bmp,SD,1,1383,2,133
6,3,EBTadj,v2SmallEBTadj3j.bmp,small,2,696,2,134
6,8,EBTadj,v2SmallEBTadj8j.bmp,small,3,907,2,135
6,8,EBTadj,v2SmallEBTadj8i.bmp,small,3,751,2,136
6,0,EBTadj,v2sdEBTadj0c.bmp,SD,1,1232,2,137
6,0,EBTadj,v2FullEBTadj0g.bmp,full,1,1173,2,138
6,3,EBTadj,v2FullEBTadj3f.bmp,full,2,4774,2,139
6,0,EBTadj,v2SmallEBTadj0f.bmp,small,2,1272,2,140
6,3,EBTadj,v2FullEBTadj3d.bmp,full,2,1973,2,141
6,8,EBTadj,v2sdEBTadj8h.bmp,SD,2,574,2,142
6,8,EBTadj,v2SmallEBTadj8f.bmp,small,3,487,2,143
6,8,EBTadj,v2FullEBTadj8a.bmp,full,2,778,2,144
6,5,EBTadj,v2sdEBTadj5g.bmp,SD,2,3363,2,145
6,3,EBTadj,v2sdEBTadj3i.bmp,SD,2,621,2,146
6,0,EBTadj,v2SmallEBTadj0g.bmp,small,2,676,2,147
6,8,EBTadj,v2sdEBTadj8g.bmp,SD,3,792,2,148
6,0,EBTadj,v2SmallEBTadj0e.bmp,small,1,2704,2,149
6,8,EBTadj,v2sdEBTadj8j.bmp,SD,2,772,2,150
6,0,EBTadj,v2SmallEBTadj0c.bmp,small,1,3445,2,151
6,8,EBTadj,v2FullEBTadj8i.bmp,full,2,1244,2,152
6,5,EBTadj,v2FullEBTadj5j.bmp,full,2,1041,2,153
6,8,EBTadj,v2FullEBTadj8c.bmp,full,2,527,2,154
6,5,EBTadj,v2SmallEBTadj5g.bmp,small,2,1122,2,155
6,3,EBTadj,v2FullEBTadj3g.bmp,full,2,636,2,156
6,5,EBTadj,v2sdEBTadj5f.bmp,SD,2,1074,2,157
6,0,EBTadj,v2FullEBTadj0a.bmp,full,1,999,2,158
6,0,EBTadj,v2FullEBTadj0j.bmp,full,1,655,2,159
6,5,EBTadj,v2SmallEBTadj5j.bmp,small,2,1020,2,160
6,0,EBTadj,v2FullEBTadj0e.bmp,full,1,787,2,161
6,3,EBTadj,v2SmallEBTadj3c.bmp,small,2,1123,2,162
6,3,EBTadj,v2sdEBTadj3b.bmp,SD,2,853,2,163
6,0,EBTadj,v2sdEBTadj0e.bmp,SD,1,2091,2,164
6,0,EBTadj,v2sdEBTadj0h.bmp,SD,2,1039,2,165
6,8,EBTadj,v2FullEBTadj8g.bmp,full,2,909,2,166
6,5,EBTadj,v2SmallEBTadj5f.bmp,small,2,792,2,167
6,3,EBTadj,v2SmallEBTadj3b.bmp,small,2,488,2,168
6,5,EBTadj,v2SmallEBTadj5h.bmp,small,2,524,2,169
6,8,EBTadj,v2sdEBTadj8i.bmp,SD,3,935,2,170
6,8,EBTadj,v2sdEBTadj8f.bmp,SD,3,506,2,171
6,3,EBTadj,v2SmallEBTadj3a.bmp,small,2,637,2,172
6,3,EBTadj,v2FullEBTadj3a.bmp,full,2,1331,2,173
6,5,EBTadj,v2sdEBTadj5c.bmp,SD,2,781,2,174
6,5,EBTadj,v2FullEBTadj5f.bmp,full,2,550,2,175
6,3,EBTadj,v2sdEBTadj3j.bmp,SD,2,576,2,176
6,3,EBTadj,v2SmallEBTadj3f.bmp,small,2,616,2,177
6,0,EBTadj,v2SmallEBTadj0d.bmp,small,2,480,2,178
6,3,EBTadj,v2FullEBTadj3b.bmp,full,2,884,2,179
6,8,EBTadj,v2FullEBTadj8j.bmp,full,2,961,2,180
6,5,EBTadj,v2sdEBTadj5a.bmp,SD,2,754,2,181
6,8,EBTadj,v2SmallEBTadj8b.bmp,small,3,732,2,182
6,5,EBTadj,v2FullEBTadj5c.bmp,full,2,1343,2,183
6,3,EBTadj,v2FullEBTadj3h.bmp,full,2,905,2,184
6,5,EBTadj,v2FullEBTadj5i.bmp,full,2,653,2,185
6,3,EBTadj,v2SmallEBTadj3i.bmp,small,2,683,2,186
6,0,EBTadj,v2SmallEBTadj0j.bmp,small,1,2591,2,187
6,5,EBTadj,v2sdEBTadj5b.bmp,SD,2,680,2,188
6,5,EBTadj,v2SmallEBTadj5d.bmp,small,2,525,2,189
6,5,EBTadj,v2SmallEBTadj5b.bmp,small,2,863,2,190
6,5,EBTadj,v2SmallEBTadj5c.bmp,small,2,564,2,191
6,8,EBTadj,v2sdEBTadj8c.bmp,SD,3,806,2,192
6,0,EBTadj,v2sdEBTadj0g.bmp,SD,2,902,2,193
6,8,EBTadj,v2SmallEBTadj8c.bmp,small,2,2057,2,194
6,5,EBTadj,v2FullEBTadj5a.bmp,full,2,686,2,195
6,0,EBTadj,v2SmallEBTadj0b.bmp,small,2,578,2,196
6,8,EBTadj,v2FullEBTadj8f.bmp,full,2,563,2,197
6,5,EBTadj,v2SmallEBTadj5e.bmp,small,2,764,2,198
6,8,EBTadj,v2FullEBTadj8d.bmp,full,2,509,2,199
6,5,EBTadj,v2sdEBTadj5j.bmp,SD,2,865,2,200
6,8,EBTadj,v2sdEBTadj8b.bmp,SD,2,1654,2,201
6,3,EBTadj,v2FullEBTadj3j.bmp,full,2,2620,2,202
6,8,EBTadj,v2SmallEBTadj8g.bmp,small,3,2068,2,203
6,3,EBTadj,v2sdEBTadj3c.bmp,SD,2,594,2,204
6,3,EBTadj,v2sdEBTadj3e.bmp,SD,2,562,2,205
6,0,EBTadj,v2sdEBTadj0d.bmp,SD,1,1507,2,206
6,0,EBTadj,v2FullEBTadj0d.bmp,full,1,719,2,207
6,0,EBTadj,v2sdEBTadj0f.bmp,SD,1,2114,2,208
6,3,EBTadj,v2SmallEBTadj3g.bmp,small,2,878,2,209
6,0,EBTadj,v2FullEBTadj0b.bmp,full,1,722,2,210
6,3,EBTadj,v2FullEBTadj3i.bmp,full,2,1005,2,211
6,5,EBTadj,v2FullEBTadj5e.bmp,full,2,1005,2,212
6,0,EBTadj,v2FullEBTadj0h.bmp,full,2,1356,2,213
6,8,EBTadj,v2SmallEBTadj8e.bmp,small,3,934,2,214
6,5,EBTadj,v2FullEBTadj5h.bmp,full,2,720,2,215
6,5,EBTadj,v2sdEBTadj5i.bmp,SD,2,1660,2,216
6,8,EBTadj,v2sdEBTadj8e.bmp,SD,3,1057,2,217
6,0,EBTadj,v2SmallEBTadj0h.bmp,small,2,10103,2,218
6,8,EBTadj,v2FullEBTadj8h.bmp,full,2,7133,2,219
6,0,EBTadj,v2FullEBTadj0c.bmp,full,1,5034,2,220
6,8,EBTadj,v2sdEBTadj8a.bmp,SD,3,11825,2,221
6,0,EBTadj,v2SmallEBTadj0a.bmp,small,2,732,2,222
6,3,EBTadj,v2sdEBTadj3h.bmp,SD,2,606,2,223
6,5,EBTadj,v2FullEBTadj5b.bmp,full,2,1246,2,224
6,5,EBTadj,v2sdEBTadj5h.bmp,SD,2,588,2,225
6,3,EBTadj,v2sdEBTadj3g.bmp,SD,2,420,2,226
6,5,EBTadj,v2FullEBTadj5d.bmp,full,2,588,2,227
6,0,EBTadj,v2FullEBTadj0f.bmp,full,1,820,2,228
6,8,EBTadj,v2FullEBTadj8e.bmp,full,2,715,2,229
6,0,EBTadj,v2SmallEBTadj0i.bmp,small,1,1239,2,230
6,3,EBTadj,v2SmallEBTadj3d.bmp,small,2,605,2,231
6,5,EBTadj,v2sdEBTadj5e.bmp,SD,2,469,2,232
6,3,EBTadj,v2sdEBTadj3d.bmp,SD,2,434,2,233
6,5,EBTadj,v2sdEBTadj5d.bmp,SD,2,416,2,234
6,8,EBTadj,v2SmallEBTadj8h.bmp,small,3,832,2,235
6,8,EBTadj,v2SmallEBTadj8d.bmp,small,3,1518,2,236
6,5,EBTadj,v2SmallEBTadj5i.bmp,small,3,562,2,237
6,3,EBTadj,v2FullEBTadj3e.bmp,full,2,387,2,238
6,3,EBTadj,v2FullEBTadj3c.bmp,full,2,340,2,239
6,3,EBTadj,v2sdEBTadj3f.bmp,SD,2,365,2,240
6,0,EBTadj,v2SmallEBTadj0e.bmp,small,1,1718,3,241
6,5,EBTadj,v2SmallEBTadj5d.bmp,small,2,1121,3,242
6,5,EBTadj,v2SmallEBTadj5c.bmp,small,2,356,3,243
6,5,EBTadj,v2SmallEBTadj5h.bmp,small,2,301,3,244
6,3,EBTadj,v2sdEBTadj3f.bmp,SD,2,305,3,245
6,3,EBTadj,v2FullEBTadj3g.bmp,full,2,860,3,246
6,0,EBTadj,v2sdEBTadj0i.bmp,SD,1,841,3,247
6,8,EBTadj,v2sdEBTadj8c.bmp,SD,3,799,3,248
6,0,EBTadj,v2FullEBTadj0d.bmp,full,1,1871,3,249
6,8,EBTadj,v2SmallEBTadj8h.bmp,small,3,1013,3,250
6,3,EBTadj,v2FullEBTadj3c.bmp,full,2,2260,3,251
6,0,EBTadj,v2SmallEBTadj0h.bmp,small,1,1658,3,252
6,0,EBTadj,v2SmallEBTadj0c.bmp,small,1,792,3,253
6,3,EBTadj,v2SmallEBTadj3a.bmp,small,2,808,3,254
6,0,EBTadj,v2sdEBTadj0a.bmp,SD,2,1239,3,255
6,5,EBTadj,v2sdEBTadj5g.bmp,SD,2,605,3,256
6,8,EBTadj,v2FullEBTadj8i.bmp,full,2,909,3,257
6,3,EBTadj,v2FullEBTadj3d.bmp,full,2,937,3,258
6,0,EBTadj,v2SmallEBTadj0j.bmp,small,2,619,3,259
6,5,EBTadj,v2FullEBTadj5g.bmp,full,2,674,3,260
6,0,EBTadj,v2sdEBTadj0h.bmp,SD,2,406,3,261
6,3,EBTadj,v2SmallEBTadj3f.bmp,small,2,501,3,262
6,8,EBTadj,v2FullEBTadj8d.bmp,full,2,585,3,263
6,3,EBTadj,v2SmallEBTadj3d.bmp,small,2,538,3,264
6,0,EBTadj,v2sdEBTadj0e.bmp,SD,2,372,3,265
6,3,EBTadj,v2sdEBTadj3j.bmp,SD,2,389,3,266
6,3,EBTadj,v2SmallEBTadj3b.bmp,small,2,733,3,267
6,5,EBTadj,v2FullEBTadj5f.bmp,full,2,1239,3,268
6,8,EBTadj,v2SmallEBTadj8e.bmp,small,3,757,3,269
6,3,EBTadj,v2sdEBTadj3e.bmp,SD,2,535,3,270
6,3,EBTadj,v2sdEBTadj3g.bmp,SD,2,465,3,271
6,3,EBTadj,v2SmallEBTadj3c.bmp,small,2,390,3,272
6,5,EBTadj,v2FullEBTadj5h.bmp,full,2,510,3,273
6,8,EBTadj,v2SmallEBTadj8i.bmp,small,2,753,3,274
6,0,EBTadj,v2sdEBTadj0g.bmp,SD,2,523,3,275
6,5,EBTadj,v2sdEBTadj5j.bmp,SD,2,606,3,276
6,5,EBTadj,v2sdEBTadj5h.bmp,SD,2,765,3,277
6,8,EBTadj,v2SmallEBTadj8a.bmp,small,3,678,3,278
6,8,EBTadj,v2sdEBTadj8a.bmp,SD,3,643,3,279
6,0,EBTadj,v2SmallEBTadj0d.bmp,small,2,617,3,280
6,8,EBTadj,v2sdEBTadj8h.bmp,SD,2,576,3,281
6,0,EBTadj,v2SmallEBTadj0f.bmp,small,2,769,3,282
6,5,EBTadj,v2FullEBTadj5d.bmp,full,2,554,3,283
6,8,EBTadj,v2sdEBTadj8j.bmp,SD,3,668,3,284
6,8,EBTadj,v2FullEBTadj8j.bmp,full,2,392,3,285
6,5,EBTadj,v2sdEBTadj5b.bmp,SD,2,1008,3,286
6,0,EBTadj,v2FullEBTadj0h.bmp,full,2,1703,3,287
6,8,EBTadj,v2FullEBTadj8a.bmp,full,2,908,3,288
6,3,EBTadj,v2sdEBTadj3b.bmp,SD,2,599,3,289
6,0,EBTadj,v2SmallEBTadj0a.bmp,small,2,583,3,290
6,0,EBTadj,v2FullEBTadj0i.bmp,full,2,1464,3,291
6,3,EBTadj,v2FullEBTadj3h.bmp,full,2,709,3,292
6,8,EBTadj,v2FullEBTadj8g.bmp,full,2,864,3,293
6,5,EBTadj,v2SmallEBTadj5j.bmp,small,2,694,3,294
6,5,EBTadj,v2FullEBTadj5e.bmp,full,2,578,3,295
6,8,EBTadj,v2sdEBTadj8d.bmp,SD,3,658,3,296
6,3,EBTadj,v2SmallEBTadj3i.bmp,small,2,560,3,297
6,5,EBTadj,v2FullEBTadj5c.bmp,full,2,545,3,298
6,8,EBTadj,v2FullEBTadj8h.bmp,full,2,539,3,299
6,3,EBTadj,v2FullEBTadj3a.bmp,full,2,653,3,300
6,5,EBTadj,v2SmallEBTadj5f.bmp,small,2,1394,3,301
6,5,EBTadj,v2SmallEBTadj5g.bmp,small,2,4819,3,302
6,5,EBTadj,v2SmallEBTadj5e.bmp,small,2,1123,3,303
6,0,EBTadj,v2SmallEBTadj0b.bmp,small,2,558,3,304
6,8,EBTadj,v2SmallEBTadj8d.bmp,small,3,710,3,305
6,8,EBTadj,v2sdEBTadj8e.bmp,SD,3,842,3,306
6,5,EBTadj,v2SmallEBTadj5i.bmp,small,2,608,3,307
6,5,EBTadj,v2FullEBTadj5j.bmp,full,2,751,3,308
6,3,EBTadj,v2sdEBTadj3d.bmp,SD,2,937,3,309
6,3,EBTadj,v2SmallEBTadj3h.bmp,small,2,716,3,310
6,0,EBTadj,v2sdEBTadj0j.bmp,SD,2,527,3,311
6,5,EBTadj,v2sdEBTadj5e.bmp,SD,2,809,3,312
6,8,EBTadj,v2sdEBTadj8b.bmp,SD,3,1985,3,313
6,5,EBTadj,v2SmallEBTadj5a.bmp,small,2,8842,3,314
6,3,EBTadj,v2FullEBTadj3i.bmp,full,2,923,3,315
6,3,EBTadj,v2FullEBTadj3f.bmp,full,2,525,3,316
6,0,EBTadj,v2SmallEBTadj0g.bmp,small,2,768,3,317
6,0,EBTadj,v2sdEBTadj0b.bmp,SD,2,1841,3,318
6,3,EBTadj,v2sdEBTadj3i.bmp,SD,2,583,3,319
6,0,EBTadj,v2FullEBTadj0f.bmp,full,2,1048,3,320
6,0,EBTadj,v2sdEBTadj0f.bmp,SD,2,429,3,321
6,3,EBTadj,v2FullEBTadj3b.bmp,full,2,572,3,322
6,5,EBTadj,v2sdEBTadj5i.bmp,SD,2,789,3,323
6,0,EBTadj,v2SmallEBTadj0i.bmp,small,2,533,3,324
6,8,EBTadj,v2sdEBTadj8g.bmp,SD,3,1743,3,325
6,8,EBTadj,v2SmallEBTadj8b.bmp,small,3,602,3,326
6,0,EBTadj,v2sdEBTadj0c.bmp,SD,2,594,3,327
6,5,EBTadj,v2FullEBTadj5i.bmp,full,2,2217,3,328
6,8,EBTadj,v2FullEBTadj8c.bmp,full,2,505,3,329
6,0,EBTadj,v2FullEBTadj0j.bmp,full,2,717,3,330
6,5,EBTadj,v2FullEBTadj5a.bmp,full,2,424,3,331
6,5,EBTadj,v2FullEBTadj5b.bmp,full,2,439,3,332
6,8,EBTadj,v2SmallEBTadj8f.bmp,small,2,357,3,333
6,3,EBTadj,v2SmallEBTadj3j.bmp,small,2,414,3,334
6,0,EBTadj,v2FullEBTadj0a.bmp,full,2,389,3,335
6,0,EBTadj,v2FullEBTadj0e.bmp,full,2,445,3,336
6,8,EBTadj,v2sdEBTadj8i.bmp,SD,3,571,3,337
6,0,EBTadj,v2FullEBTadj0c.bmp,full,2,412,3,338
6,8,EBTadj,v2FullEBTadj8b.bmp,full,2,627,3,339
6,5,EBTadj,v2sdEBTadj5c.bmp,SD,2,874,3,340
6,0,EBTadj,v2FullEBTadj0b.bmp,full,2,702,3,341
6,8,EBTadj,v2SmallEBTadj8c.bmp,small,3,746,3,342
6,8,EBTadj,v2SmallEBTadj8g.bmp,small,3,556,3,343
6,3,EBTadj,v2SmallEBTadj3e.bmp,small,2,646,3,344
6,3,EBTadj,v2sdEBTadj3h.bmp,SD,2,827,3,345
6,0,EBTadj,v2sdEBTadj0d.bmp,SD,2,921,3,346
6,5,EBTadj,v2sdEBTadj5f.bmp,SD,2,652,3,347
6,8,EBTadj,v2FullEBTadj8e.bmp,full,2,530,3,348
6,3,EBTadj,v2sdEBTadj3a.bmp,SD,2,380,3,349
6,5,EBTadj,v2SmallEBTadj5b.bmp,small,2,309,3,350
6,3,EBTadj,v2FullEBTadj3e.bmp,full,2,776,3,351
6,5,EBTadj,v2sdEBTadj5d.bmp,SD,2,1625,3,352
6,8,EBTadj,v2SmallEBTadj8j.bmp,small,3,1032,3,353
6,5,EBTadj,v2sdEBTadj5a.bmp,SD,2,678,3,354
6,8,EBTadj,v2FullEBTadj8f.bmp,full,2,547,3,355
6,3,EBTadj,v2SmallEBTadj3g.bmp,small,2,589,3,356
6,8,EBTadj,v2sdEBTadj8f.bmp,SD,3,885,3,357
6,0,EBTadj,v2FullEBTadj0g.bmp,full,2,641,3,358
6,3,EBTadj,v2sdEBTadj3c.bmp,SD,2,671,3,359
6,3,EBTadj,v2FullEBTadj3j.bmp,full,2,532,3,360
6,5,EBTadj,v2FullEBTadj5c.bmp,full,2,406,4,361
6,8,EBTadj,v2FullEBTadj8g.bmp,full,2,398,4,362
6,8,EBTadj,v2SmallEBTadj8a.bmp,small,3,589,4,363
6,0,EBTadj,v2FullEBTadj0a.bmp,full,2,597,4,364
6,8,EBTadj,v2sdEBTadj8f.bmp,SD,3,757,4,365
6,0,EBTadj,v2sdEBTadj0d.bmp,SD,2,543,4,366
6,3,EBTadj,v2FullEBTadj3f.bmp,full,2,1016,4,367
6,0,EBTadj,v2FullEBTadj0e.bmp,full,1,1183,4,368
6,3,EBTadj,v2FullEBTadj3i.bmp,full,2,1080,4,369
6,0,EBTadj,v2sdEBTadj0a.bmp,SD,2,636,4,370
6,5,EBTadj,v2SmallEBTadj5b.bmp,small,2,435,4,371
6,8,EBTadj,v2SmallEBTadj8h.bmp,small,3,665,4,372
6,3,EBTadj,v2sdEBTadj3d.bmp,SD,2,1239,4,373
6,0,EBTadj,v2sdEBTadj0c.bmp,SD,1,1189,4,374
6,8,EBTadj,v2sdEBTadj8c.bmp,SD,3,861,4,375
6,8,EBTadj,v2sdEBTadj8a.bmp,SD,3,442,4,376
6,5,EBTadj,v2sdEBTadj5b.bmp,SD,2,1072,4,377
6,0,EBTadj,v2FullEBTadj0i.bmp,full,2,1333,4,378
6,3,EBTadj,v2FullEBTadj3j.bmp,full,2,952,4,379
6,5,EBTadj,v2FullEBTadj5g.bmp,full,2,450,4,380
6,8,EBTadj,v2sdEBTadj8e.bmp,SD,3,1264,4,381
6,8,EBTadj,v2sdEBTadj8j.bmp,SD,3,445,4,382
6,8,EBTadj,v2SmallEBTadj8c.bmp,small,3,387,4,383
6,5,EBTadj,v2FullEBTadj5b.bmp,full,2,683,4,384
6,5,EBTadj,v2SmallEBTadj5i.bmp,small,2,888,4,385
6,0,EBTadj,v2SmallEBTadj0d.bmp,small,2,628,4,386
6,5,EBTadj,v2FullEBTadj5a.bmp,full,2,435,4,387
6,8,EBTadj,v2sdEBTadj8g.bmp,SD,3,1185,4,388
6,5,EBTadj,v2sdEBTadj5e.bmp,SD,2,706,4,389
6,3,EBTadj,v2FullEBTadj3e.bmp,full,2,740,4,390
6,8,EBTadj,v2FullEBTadj8a.bmp,full,2,574,4,391
6,8,EBTadj,v2sdEBTadj8b.bmp,SD,2,1095,4,392
6,0,EBTadj,v2FullEBTadj0f.bmp,full,2,363,4,393
6,5,EBTadj,v2SmallEBTadj5d.bmp,small,2,588,4,394
6,8,EBTadj,v2SmallEBTadj8g.bmp,small,3,813,4,395
6,5,EBTadj,v2SmallEBTadj5a.bmp,small,2,1140,4,396
6,3,EBTadj,v2sdEBTadj3c.bmp,SD,2,678,4,397
6,0,EBTadj,v2sdEBTadj0h.bmp,SD,2,803,4,398
6,5,EBTadj,v2FullEBTadj5h.bmp,full,2,851,4,399
6,5,EBTadj,v2FullEBTadj5j.bmp,full,2,408,4,400
6,0,EBTadj,v2FullEBTadj0c.bmp,full,2,360,4,401
6,3,EBTadj,v2SmallEBTadj3d.bmp,small,2,393,4,402
6,0,EBTadj,v2sdEBTadj0f.bmp,SD,2,409,4,403
6,8,EBTadj,v2FullEBTadj8f.bmp,full,2,552,4,404
6,5,EBTadj,v2FullEBTadj5f.bmp,full,2,562,4,405
6,3,EBTadj,v2sdEBTadj3g.bmp,SD,2,491,4,406
6,3,EBTadj,v2SmallEBTadj3g.bmp,small,2,527,4,407
6,8,EBTadj,v2FullEBTadj8c.bmp,full,2,3577,4,408
6,3,EBTadj,v2sdEBTadj3a.bmp,SD,2,683,4,409
6,3,EBTadj,v2FullEBTadj3a.bmp,full,2,888,4,410
6,8,EBTadj,v2SmallEBTadj8e.bmp,small,3,756,4,411
6,0,EBTadj,v2FullEBTadj0g.bmp,full,1,1141,4,412
6,0,EBTadj,v2sdEBTadj0b.bmp,SD,1,1695,4,413
6,5,EBTadj,v2SmallEBTadj5f.bmp,small,2,651,4,414
6,8,EBTadj,v2sdEBTadj8i.bmp,SD,2,609,4,415
6,8,EBTadj,v2sdEBTadj8h.bmp,SD,2,440,4,416
6,8,EBTadj,v2SmallEBTadj8i.bmp,small,2,326,4,417
6,3,EBTadj,v2SmallEBTadj3i.bmp,small,2,600,4,418
6,0,EBTadj,v2SmallEBTadj0c.bmp,small,2,368,4,419
6,3,EBTadj,v2SmallEBTadj3b.bmp,small,2,546,4,420
6,0,EBTadj,v2sdEBTadj0i.bmp,SD,1,1387,4,421
6,0,EBTadj,v2FullEBTadj0b.bmp,full,1,1076,4,422
6,8,EBTadj,v2SmallEBTadj8j.bmp,small,3,961,4,423
6,8,EBTadj,v2FullEBTadj8d.bmp,full,2,682,4,424
6,5,EBTadj,v2sdEBTadj5d.bmp,SD,2,567,4,425
6,3,EBTadj,v2FullEBTadj3h.bmp,full,2,928,4,426
6,3,EBTadj,v2FullEBTadj3d.bmp,full,2,667,4,427
6,8,EBTadj,v2SmallEBTadj8f.bmp,small,3,752,4,428
6,5,EBTadj,v2sdEBTadj5c.bmp,SD,2,826,4,429
6,0,EBTadj,v2FullEBTadj0h.bmp,full,2,897,4,430
6,8,EBTadj,v2FullEBTadj8h.bmp,full,2,2717,4,431
6,3,EBTadj,v2FullEBTadj3g.bmp,full,2,920,4,432
6,5,EBTadj,v2sdEBTadj5j.bmp,SD,2,843,4,433
6,3,EBTadj,v2FullEBTadj3b.bmp,full,2,681,4,434
6,0,EBTadj,v2SmallEBTadj0g.bmp,small,2,566,4,435
6,8,EBTadj,v2FullEBTadj8j.bmp,full,2,551,4,436
6,3,EBTadj,v2sdEBTadj3e.bmp,SD,2,553,4,437
6,0,EBTadj,v2sdEBTadj0j.bmp,SD,2,307,4,438
6,8,EBTadj,v2FullEBTadj8b.bmp,full,2,566,4,439
6,3,EBTadj,v2sdEBTadj3h.bmp,SD,2,567,4,440
6,5,EBTadj,v2SmallEBTadj5c.bmp,small,2,248,4,441
6,5,EBTadj,v2sdEBTadj5f.bmp,SD,2,390,4,442
6,3,EBTadj,v2sdEBTadj3f.bmp,SD,2,278,4,443
6,0,EBTadj,v2SmallEBTadj0b.bmp,small,2,490,4,444
6,5,EBTadj,v2FullEBTadj5i.bmp,full,2,694,4,445
6,3,EBTadj,v2SmallEBTadj3c.bmp,small,2,402,4,446
6,8,EBTadj,v2sdEBTadj8d.bmp,SD,3,650,4,447
6,0,EBTadj,v2SmallEBTadj0a.bmp,small,2,576,4,448
6,3,EBTadj,v2sdEBTadj3j.bmp,SD,2,657,4,449
6,5,EBTadj,v2FullEBTadj5e.bmp,full,2,510,4,450
6,3,EBTadj,v2sdEBTadj3i.bmp,SD,2,593,4,451
6,5,EBTadj,v2SmallEBTadj5g.bmp,small,2,705,4,452
6,0,EBTadj,v2FullEBTadj0j.bmp,full,1,853,4,453
6,0,EBTadj,v2SmallEBTadj0f.bmp,small,2,563,4,454
6,5,EBTadj,v2sdEBTadj5a.bmp,SD,2,540,4,455
6,5,EBTadj,v2SmallEBTadj5e.bmp,small,2,670,4,456
6,5,EBTadj,v2SmallEBTadj5h.bmp,small,2,419,4,457
6,0,EBTadj,v2SmallEBTadj0e.bmp,small,1,993,4,458
6,3,EBTadj,v2SmallEBTadj3f.bmp,small,2,441,4,459
6,5,EBTadj,v2sdEBTadj5i.bmp,SD,2,439,4,460
6,3,EBTadj,v2sdEBTadj3b.bmp,SD,2,349,4,461
6,8,EBTadj,v2FullEBTadj8e.bmp,full,2,575,4,462
6,8,EBTadj,v2SmallEBTadj8d.bmp,small,3,1016,4,463
6,0,EBTadj,v2FullEBTadj0d.bmp,full,1,863,4,464
6,5,EBTadj,v2sdEBTadj5g.bmp,SD,2,772,4,465
6,0,EBTadj,v2sdEBTadj0e.bmp,SD,1,933,4,466
6,3,EBTadj,v2SmallEBTadj3a.bmp,small,2,2456,4,467
6,3,EBTadj,v2SmallEBTadj3j.bmp,small,2,1189,4,468
6,0,EBTadj,v2sdEBTadj0g.bmp,SD,1,1046,4,469
6,3,EBTadj,v2SmallEBTadj3h.bmp,small,2,596,4,470
6,8,EBTadj,v2SmallEBTadj8b.bmp,small,3,1452,4,471
6,5,EBTadj,v2SmallEBTadj5j.bmp,small,2,586,4,472
6,0,EBTadj,v2SmallEBTadj0j.bmp,small,1,2090,4,473
6,3,EBTadj,v2SmallEBTadj3e.bmp,small,2,775,4,474
6,0,EBTadj,v2SmallEBTadj0h.bmp,small,1,1175,4,475
6,5,EBTadj,v2FullEBTadj5d.bmp,full,2,848,4,476
6,3,EBTadj,v2FullEBTadj3c.bmp,full,2,718,4,477
6,5,EBTadj,v2sdEBTadj5h.bmp,SD,2,568,4,478
6,0,EBTadj,v2SmallEBTadj0i.bmp,small,2,706,4,479
6,8,EBTadj,v2FullEBTadj8i.bmp,full,2,525,4,480
7,0,EBTadj,v2FullEBTadj0i.bmp,full,1,4079,1,1
7,0,EBTadj,v2sdEBTadj0b.bmp,SD,2,2869,1,2
7,5,EBTadj,v2FullEBTadj5c.bmp,full,2,915,1,3
7,5,EBTadj,v2sdEBTadj5f.bmp,SD,4,1590,1,4
7,8,EBTadj,v2sdEBTadj8e.bmp,SD,4,870,1,5
7,0,EBTadj,v2FullEBTadj0c.bmp,full,1,979,1,6
7,3,EBTadj,v2FullEBTadj3j.bmp,full,2,844,1,7
7,8,EBTadj,v2FullEBTadj8f.bmp,full,2,706,1,8
7,3,EBTadj,v2sdEBTadj3b.bmp,SD,3,805,1,9
7,8,EBTadj,v2SmallEBTadj8d.bmp,small,4,547,1,10
7,8,EBTadj,v2FullEBTadj8g.bmp,full,2,1013,1,11
7,3,EBTadj,v2sdEBTadj3f.bmp,SD,3,701,1,12
7,0,EBTadj,v2sdEBTadj0j.bmp,SD,2,976,1,13
7,8,EBTadj,v2FullEBTadj8e.bmp,full,2,793,1,14
7,8,EBTadj,v2FullEBTadj8a.bmp,full,2,665,1,15
7,5,EBTadj,v2FullEBTadj5b.bmp,full,2,614,1,16
7,5,EBTadj,v2sdEBTadj5e.bmp,SD,4,1485,1,17
7,5,EBTadj,v2FullEBTadj5a.bmp,full,1,1009,1,18
7,3,EBTadj,v2FullEBTadj3f.bmp,full,2,1593,1,19
7,0,EBTadj,v2SmallEBTadj0g.bmp,small,2,1969,1,20
7,3,EBTadj,v2sdEBTadj3j.bmp,SD,3,1426,1,21
7,0,EBTadj,v2sdEBTadj0g.bmp,SD,2,905,1,22
7,3,EBTadj,v2sdEBTadj3d.bmp,SD,3,724,1,23
7,5,EBTadj,v2FullEBTadj5e.bmp,full,2,751,1,24
7,5,EBTadj,v2sdEBTadj5g.bmp,SD,4,879,1,25
7,0,EBTadj,v2SmallEBTadj0e.bmp,small,2,1316,1,26
7,3,EBTadj,v2sdEBTadj3g.bmp,SD,3,951,1,27
7,0,EBTadj,v2SmallEBTadj0a.bmp,small,2,953,1,28
7,8,EBTadj,v2sdEBTadj8b.bmp,SD,4,906,1,29
7,0,EBTadj,v2sdEBTadj0h.bmp,SD,2,790,1,30
7,5,EBTadj,v2sdEBTadj5b.bmp,SD,4,1374,1,31
7,5,EBTadj,v2FullEBTadj5j.bmp,full,2,726,1,32
7,5,EBTadj,v2sdEBTadj5d.bmp,SD,4,801,1,33
7,8,EBTadj,v2sdEBTadj8f.bmp,SD,4,809,1,34
7,3,EBTadj,v2FullEBTadj3d.bmp,full,2,1056,1,35
7,3,EBTadj,v2FullEBTadj3h.bmp,full,2,710,1,36
7,0,EBTadj,v2FullEBTadj0f.bmp,full,2,769,1,37
7,5,EBTadj,v2SmallEBTadj5d.bmp,small,4,970,1,38
7,8,EBTadj,v2sdEBTadj8i.bmp,SD,4,538,1,39
7,3,EBTadj,v2sdEBTadj3i.bmp,SD,3,684,1,40
7,5,EBTadj,v2SmallEBTadj5g.bmp,small,4,593,1,41
7,5,EBTadj,v2FullEBTadj5d.bmp,full,2,712,1,42
7,8,EBTadj,v2sdEBTadj8j.bmp,SD,4,659,1,43
7,5,EBTadj,v2sdEBTadj5j.bmp,SD,4,1072,1,44
7,0,EBTadj,v2FullEBTadj0d.bmp,full,2,1085,1,45
7,3,EBTadj,v2sdEBTadj3h.bmp,SD,3,674,1,46
7,3,EBTadj,v2SmallEBTadj3a.bmp,small,4,727,1,47
7,0,EBTadj,v2SmallEBTadj0h.bmp,small,2,945,1,48
7,3,EBTadj,v2SmallEBTadj3i.bmp,small,4,1115,1,49
7,5,EBTadj,v2FullEBTadj5g.bmp,full,2,775,1,50
7,3,EBTadj,v2SmallEBTadj3g.bmp,small,3,663,1,51
7,3,EBTadj,v2SmallEBTadj3j.bmp,small,4,669,1,52
7,0,EBTadj,v2FullEBTadj0j.bmp,full,2,1322,1,53
7,3,EBTadj,v2sdEBTadj3a.bmp,SD,3,1285,1,54
7,8,EBTadj,v2FullEBTadj8d.bmp,full,2,754,1,55
7,0,EBTadj,v2sdEBTadj0f.bmp,SD,2,635,1,56
7,3,EBTadj,v2sdEBTadj3e.bmp,SD,3,657,1,57
7,5,EBTadj,v2FullEBTadj5i.bmp,full,2,671,1,58
7,8,EBTadj,v2SmallEBTadj8e.bmp,small,4,634,1,59
7,5,EBTadj,v2FullEBTadj5h.bmp,full,2,632,1,60
7,8,EBTadj,v2FullEBTadj8i.bmp,full,2,582,1,61
7,0,EBTadj,v2sdEBTadj0c.bmp,SD,2,1215,1,62
7,8,EBTadj,v2sdEBTadj8a.bmp,SD,4,806,1,63
7,8,EBTadj,v2FullEBTadj8j.bmp,full,2,934,1,64
7,0,EBTadj,v2SmallEBTadj0d.bmp,small,2,744,1,65
7,0,EBTadj,v2FullEBTadj0a.bmp,full,2,1282,1,66
7,5,EBTadj,v2sdEBTadj5c.bmp,SD,3,1006,1,67
7,0,EBTadj,v2FullEBTadj0h.bmp,full,4,909,1,68
7,8,EBTadj,v2SmallEBTadj8g.bmp,small,4,625,1,69
7,0,EBTadj,v2SmallEBTadj0c.bmp,small,2,855,1,70
7,5,EBTadj,v2SmallEBTadj5b.bmp,small,4,1276,1,71
7,3,EBTadj,v2FullEBTadj3i.bmp,full,2,737,1,72
7,8,EBTadj,v2SmallEBTadj8a.bmp,small,4,635,1,73
7,8,EBTadj,v2sdEBTadj8c.bmp,SD,4,809,1,74
7,8,EBTadj,v2SmallEBTadj8i.bmp,small,4,569,1,75
7,3,EBTadj,v2FullEBTadj3b.bmp,full,2,768,1,76
7,3,EBTadj,v2FullEBTadj3g.bmp,full,2,537,1,77
7,3,EBTadj,v2SmallEBTadj3e.bmp,small,3,1403,1,78
7,0,EBTadj,v2FullEBTadj0b.bmp,full,2,1218,1,79
7,3,EBTadj,v2SmallEBTadj3b.bmp,small,3,818,1,80
7,5,EBTadj,v2SmallEBTadj5h.bmp,small,3,681,1,81
7,0,EBTadj,v2sdEBTadj0i.bmp,SD,2,854,1,82
7,3,EBTadj,v2SmallEBTadj3h.bmp,small,3,979,1,83
7,0,EBTadj,v2SmallEBTadj0b.bmp,small,2,1012,1,84
7,8,EBTadj,v2sdEBTadj8g.bmp,SD,3,2179,1,85
7,5,EBTadj,v2SmallEBTadj5e.bmp,small,4,1604,1,86
7,3,EBTadj,v2SmallEBTadj3d.bmp,small,3,972,1,87
7,0,EBTadj,v2SmallEBTadj0i.bmp,small,2,741,1,88
7,5,EBTadj,v2sdEBTadj5a.bmp,SD,3,1095,1,89
7,3,EBTadj,v2SmallEBTadj3c.bmp,small,3,1067,1,90
7,3,EBTadj,v2SmallEBTadj3f.bmp,small,3,1008,1,91
7,5,EBTadj,v2sdEBTadj5h.bmp,SD,3,790,1,92
7,8,EBTadj,v2SmallEBTadj8b.bmp,small,4,942,1,93
7,8,EBTadj,v2SmallEBTadj8f.bmp,small,4,600,1,94
7,8,EBTadj,v2SmallEBTadj8c.bmp,small,4,488,1,95
7,3,EBTadj,v2FullEBTadj3a.bmp,full,2,836,1,96
7,5,EBTadj,v2sdEBTadj5i.bmp,SD,3,963,1,97
7,5,EBTadj,v2FullEBTadj5f.bmp,full,2,708,1,98
7,5,EBTadj,v2SmallEBTadj5i.bmp,small,4,928,1,99
7,8,EBTadj,v2SmallEBTadj8h.bmp,small,4,1114,1,100
7,8,EBTadj,v2SmallEBTadj8j.bmp,small,4,486,1,101
7,5,EBTadj,v2SmallEBTadj5c.bmp,small,4,618,1,102
7,8,EBTadj,v2sdEBTadj8d.bmp,SD,4,482,1,103
7,3,EBTadj,v2FullEBTadj3c.bmp,full,2,686,1,104
7,0,EBTadj,v2SmallEBTadj0f.bmp,small,3,939,1,105
7,3,EBTadj,v2sdEBTadj3c.bmp,SD,3,421,1,106
7,0,EBTadj,v2sdEBTadj0e.bmp,SD,2,732,1,107
7,8,EBTadj,v2sdEBTadj8h.bmp,SD,4,647,1,108
7,8,EBTadj,v2FullEBTadj8b.bmp,full,2,788,1,109
7,5,EBTadj,v2SmallEBTadj5j.bmp,small,3,907,1,110
7,8,EBTadj,v2FullEBTadj8h.bmp,full,2,727,1,111
7,0,EBTadj,v2sdEBTadj0d.bmp,SD,2,849,1,112
7,0,EBTadj,v2FullEBTadj0e.bmp,full,2,2999,1,113
7,8,EBTadj,v2FullEBTadj8c.bmp,full,2,807,1,114
7,0,EBTadj,v2SmallEBTadj0j.bmp,small,2,598,1,115
7,5,EBTadj,v2SmallEBTadj5f.bmp,small,4,670,1,116
7,5,EBTadj,v2SmallEBTadj5a.bmp,small,4,643,1,117
7,0,EBTadj,v2FullEBTadj0g.bmp,full,2,873,1,118
7,0,EBTadj,v2sdEBTadj0a.bmp,SD,2,669,1,119
7,3,EBTadj,v2FullEBTadj3e.bmp,full,2,506,1,120
7,8,EBTadj,v2sdEBTadj8b.bmp,SD,4,685,2,121
7,8,EBTadj,v2sdEBTadj8h.bmp,SD,4,601,2,122
7,5,EBTadj,v2SmallEBTadj5a.bmp,small,4,537,2,123
7,3,EBTadj,v2SmallEBTadj3b.bmp,small,3,916,2,124
7,5,EBTadj,v2FullEBTadj5a.bmp,full,2,999,2,125
7,3,EBTadj,v2FullEBTadj3i.bmp,full,2,527,2,126
7,5,EBTadj,v2FullEBTadj5g.bmp,full,2,577,2,127
7,5,EBTadj,v2SmallEBTadj5d.bmp,small,4,753,2,128
7,8,EBTadj,v2sdEBTadj8d.bmp,SD,4,707,2,129
7,0,EBTadj,v2SmallEBTadj0e.bmp,small,2,638,2,130
7,3,EBTadj,v2FullEBTadj3h.bmp,full,2,724,2,131
7,3,EBTadj,v2FullEBTadj3c.bmp,full,2,823,2,132
7,3,EBTadj,v2sdEBTadj3i.bmp,SD,3,646,2,133
7,3,EBTadj,v2sdEBTadj3g.bmp,SD,3,540,2,134
7,0,EBTadj,v2sdEBTadj0h.bmp,SD,2,582,2,135
7,8,EBTadj,v2FullEBTadj8b.bmp,full,3,894,2,136
7,5,EBTadj,v2SmallEBTadj5i.bmp,small,4,866,2,137
7,8,EBTadj,v2FullEBTadj8j.bmp,full,2,623,2,138
7,8,EBTadj,v2sdEBTadj8a.bmp,SD,4,646,2,139
7,3,EBTadj,v2FullEBTadj3j.bmp,full,2,748,2,140
7,0,EBTadj,v2FullEBTadj0h.bmp,full,2,958,2,141
7,5,EBTadj,v2FullEBTadj5c.bmp,full,2,703,2,142
7,3,EBTadj,v2FullEBTadj3b.bmp,full,2,1363,2,143
7,5,EBTadj,v2FullEBTadj5i.bmp,full,2,1364,2,144
7,3,EBTadj,v2FullEBTadj3f.bmp,full,2,693,2,145
7,8,EBTadj,v2FullEBTadj8g.bmp,full,2,593,2,146
7,8,EBTadj,v2SmallEBTadj8g.bmp,small,4,577,2,147
7,8,EBTadj,v2FullEBTadj8d.bmp,full,4,466,2,148
7,0,EBTadj,v2SmallEBTadj0c.bmp,small,2,846,2,149
7,0,EBTadj,v2FullEBTadj0i.bmp,full,2,684,2,150
7,5,EBTadj,v2FullEBTadj5j.bmp,full,2,464,2,151
7,3,EBTadj,v2SmallEBTadj3e.bmp,small,3,829,2,152
7,3,EBTadj,v2SmallEBTadj3d.bmp,small,3,1012,2,153
7,5,EBTadj,v2SmallEBTadj5b.bmp,small,3,716,2,154
7,0,EBTadj,v2SmallEBTadj0i.bmp,small,2,703,2,155
7,3,EBTadj,v2sdEBTadj3a.bmp,SD,2,722,2,156
7,8,EBTadj,v2FullEBTadj8f.bmp,full,2,525,2,157
7,5,EBTadj,v2sdEBTadj5h.bmp,SD,3,695,2,158
7,3,EBTadj,v2FullEBTadj3a.bmp,full,2,555,2,159
7,5,EBTadj,v2sdEBTadj5g.bmp,SD,4,1157,2,160
7,3,EBTadj,v2sdEBTadj3d.bmp,SD,3,766,2,161
7,8,EBTadj,v2FullEBTadj8c.bmp,full,2,566,2,162
7,3,EBTadj,v2sdEBTadj3e.bmp,SD,2,848,2,163
7,0,EBTadj,v2sdEBTadj0i.bmp,SD,2,694,2,164
7,8,EBTadj,v2FullEBTadj8a.bmp,full,2,577,2,165
7,0,EBTadj,v2FullEBTadj0b.bmp,full,2,602,2,166
7,0,EBTadj,v2SmallEBTadj0d.bmp,small,2,522,2,167
7,5,EBTadj,v2sdEBTadj5e.bmp,SD,3,541,2,168
7,3,EBTadj,v2FullEBTadj3d.bmp,full,2,582,2,169
7,0,EBTadj,v2sdEBTadj0g.bmp,SD,3,1023,2,170
7,8,EBTadj,v2sdEBTadj8e.bmp,SD,4,702,2,171
7,3,EBTadj,v2sdEBTadj3f.bmp,SD,3,842,2,172
7,0,EBTadj,v2FullEBTadj0e.bmp,full,2,648,2,173
7,8,EBTadj,v2SmallEBTadj8b.bmp,small,4,1558,2,174
7,3,EBTadj,v2SmallEBTadj3a.bmp,small,3,1175,2,175
7,3,EBTadj,v2sdEBTadj3j.bmp,SD,3,904,2,176
7,3,EBTadj,v2sdEBTadj3b.bmp,SD,3,692,2,177
7,0,EBTadj,v2sdEBTadj0e.bmp,SD,2,1000,2,178
7,0,EBTadj,v2FullEBTadj0c.bmp,full,1,592,2,179
7,8,EBTadj,v2SmallEBTadj8c.bmp,small,4,807,2,180
7,3,EBTadj,v2FullEBTadj3g.bmp,full,2,774,2,181
7,0,EBTadj,v2FullEBTadj0j.bmp,full,2,655,2,182
7,5,EBTadj,v2FullEBTadj5d.bmp,full,2,500,2,183
7,8,EBTadj,v2sdEBTadj8g.bmp,SD,4,688,2,184
7,5,EBTadj,v2sdEBTadj5i.bmp,SD,3,1004,2,185
7,5,EBTadj,v2FullEBTadj5e.bmp,full,2,939,2,186
7,8,EBTadj,v2sdEBTadj8i.bmp,SD,4,1245,2,187
7,5,EBTadj,v2sdEBTadj5c.bmp,SD,3,1716,2,188
7,0,EBTadj,v2sdEBTadj0a.bmp,SD,2,599,2,189
7,8,EBTadj,v2FullEBTadj8i.bmp,full,2,695,2,190
7,5,EBTadj,v2FullEBTadj5h.bmp,full,2,563,2,191
7,8,EBTadj,v2sdEBTadj8f.bmp,SD,4,644,2,192
7,8,EBTadj,v2sdEBTadj8j.bmp,SD,4,466,2,193
7,5,EBTadj,v2FullEBTadj5b.bmp,full,4,279,2,194
7,3,EBTadj,v2SmallEBTadj3c.bmp,small,4,467,2,195
7,0,EBTadj,v2FullEBTadj0g.bmp,full,2,496,2,196
7,8,EBTadj,v2FullEBTadj8e.bmp,full,3,444,2,197
7,0,EBTadj,v2SmallEBTadj0b.bmp,small,2,793,2,198
7,0,EBTadj,v2SmallEBTadj0h.bmp,small,2,873,2,199
7,5,EBTadj,v2FullEBTadj5f.bmp,full,2,621,2,200
7,3,EBTadj,v2SmallEBTadj3f.bmp,small,3,724,2,201
7,3,EBTadj,v2sdEBTadj3c.bmp,SD,2,551,2,202
7,5,EBTadj,v2SmallEBTadj5h.bmp,small,4,632,2,203
7,0,EBTadj,v2sdEBTadj0f.bmp,SD,2,694,2,204
7,5,EBTadj,v2sdEBTadj5j.bmp,SD,4,6778,2,205
7,8,EBTadj,v2SmallEBTadj8i.bmp,small,4,701,2,206
7,0,EBTadj,v2FullEBTadj0d.bmp,full,2,1225,2,207
7,3,EBTadj,v2SmallEBTadj3g.bmp,small,3,752,2,208
7,0,EBTadj,v2sdEBTadj0j.bmp,SD,2,682,2,209
7,8,EBTadj,v2SmallEBTadj8e.bmp,small,4,1030,2,210
7,8,EBTadj,v2SmallEBTadj8f.bmp,small,4,749,2,211
7,5,EBTadj,v2SmallEBTadj5g.bmp,small,4,679,2,212
7,5,EBTadj,v2SmallEBTadj5f.bmp,small,4,539,2,213
7,0,EBTadj,v2SmallEBTadj0g.bmp,small,2,813,2,214
7,3,EBTadj,v2FullEBTadj3e.bmp,full,2,716,2,215
7,5,EBTadj,v2sdEBTadj5d.bmp,SD,3,991,2,216
7,0,EBTadj,v2SmallEBTadj0a.bmp,small,2,743,2,217
7,0,EBTadj,v2FullEBTadj0f.bmp,full,2,1073,2,218
7,3,EBTadj,v2SmallEBTadj3i.bmp,small,3,814,2,219
7,0,EBTadj,v2SmallEBTadj0j.bmp,small,2,1045,2,220
7,0,EBTadj,v2sdEBTadj0c.bmp,SD,2,1491,2,221
7,5,EBTadj,v2SmallEBTadj5c.bmp,small,4,2264,2,222
7,3,EBTadj,v2SmallEBTadj3j.bmp,small,3,1134,2,223
7,5,EBTadj,v2SmallEBTadj5e.bmp,small,3,656,2,224
7,8,EBTadj,v2sdEBTadj8c.bmp,SD,4,534,2,225
7,5,EBTadj,v2SmallEBTadj5j.bmp,small,4,576,2,226
7,8,EBTadj,v2SmallEBTadj8d.bmp,small,4,561,2,227
7,8,EBTadj,v2SmallEBTadj8h.bmp,small,4,442,2,228
7,0,EBTadj,v2FullEBTadj0a.bmp,full,2,896,2,229
7,3,EBTadj,v2SmallEBTadj3h.bmp,small,3,1163,2,230
7,3,EBTadj,v2sdEBTadj3h.bmp,SD,3,860,2,231
7,8,EBTadj,v2SmallEBTadj8j.bmp,small,4,794,2,232
7,5,EBTadj,v2sdEBTadj5a.bmp,SD,3,682,2,233
7,8,EBTadj,v2FullEBTadj8h.bmp,full,4,502,2,234
7,8,EBTadj,v2SmallEBTadj8a.bmp,small,4,434,2,235
7,0,EBTadj,v2sdEBTadj0d.bmp,SD,2,841,2,236
7,0,EBTadj,v2SmallEBTadj0f.bmp,small,2,871,2,237
7,5,EBTadj,v2sdEBTadj5f.bmp,SD,3,764,2,238
7,5,EBTadj,v2sdEBTadj5b.bmp,SD,3,765,2,239
7,0,EBTadj,v2sdEBTadj0b.bmp,SD,2,671,2,240
7,3,EBTadj,v2FullEBTadj3a.bmp,full,2,644,3,241
7,8,EBTadj,v2SmallEBTadj8e.bmp,small,4,762,3,242
7,8,EBTadj,v2FullEBTadj8j.bmp,full,3,923,3,243
7,8,EBTadj,v2sdEBTadj8b.bmp,SD,4,750,3,244
7,3,EBTadj,v2SmallEBTadj3c.bmp,small,4,1032,3,245
7,3,EBTadj,v2FullEBTadj3j.bmp,full,2,711,3,246
7,8,EBTadj,v2SmallEBTadj8g.bmp,small,4,737,3,247
7,0,EBTadj,v2FullEBTadj0a.bmp,full,2,1180,3,248
7,0,EBTadj,v2FullEBTadj0b.bmp,full,2,1668,3,249
7,3,EBTadj,v2sdEBTadj3a.bmp,SD,3,1346,3,250
7,3,EBTadj,v2SmallEBTadj3e.bmp,small,4,1708,3,251
7,5,EBTadj,v2FullEBTadj5d.bmp,full,2,1576,3,252
7,5,EBTadj,v2SmallEBTadj5b.bmp,small,4,697,3,253
7,3,EBTadj,v2FullEBTadj3b.bmp,full,2,789,3,254
7,0,EBTadj,v2SmallEBTadj0c.bmp,small,2,725,3,255
7,0,EBTadj,v2sdEBTadj0i.bmp,SD,2,839,3,256
7,0,EBTadj,v2sdEBTadj0c.bmp,SD,2,949,3,257
7,0,EBTadj,v2FullEBTadj0h.bmp,full,2,647,3,258
7,0,EBTadj,v2FullEBTadj0g.bmp,full,2,701,3,259
7,0,EBTadj,v2sdEBTadj0d.bmp,SD,2,529,3,260
7,0,EBTadj,v2FullEBTadj0i.bmp,full,2,428,3,261
7,8,EBTadj,v2SmallEBTadj8j.bmp,small,4,738,3,262
7,0,EBTadj,v2sdEBTadj0f.bmp,SD,2,972,3,263
7,0,EBTadj,v2SmallEBTadj0e.bmp,small,2,669,3,264
7,5,EBTadj,v2sdEBTadj5f.bmp,SD,3,1058,3,265
7,3,EBTadj,v2sdEBTadj3j.bmp,SD,3,599,3,266
7,5,EBTadj,v2SmallEBTadj5h.bmp,small,4,703,3,267
7,0,EBTadj,v2sdEBTadj0g.bmp,SD,2,843,3,268
7,0,EBTadj,v2sdEBTadj0j.bmp,SD,2,649,3,269
7,5,EBTadj,v2SmallEBTadj5e.bmp,small,4,1087,3,270
7,0,EBTadj,v2SmallEBTadj0d.bmp,small,2,1300,3,271
7,8,EBTadj,v2SmallEBTadj8f.bmp,small,4,1480,3,272
7,3,EBTadj,v2FullEBTadj3i.bmp,full,2,789,3,273
7,3,EBTadj,v2sdEBTadj3b.bmp,SD,3,1557,3,274
7,3,EBTadj,v2sdEBTadj3f.bmp,SD,3,759,3,275
7,5,EBTadj,v2FullEBTadj5i.bmp,full,2,680,3,276
7,5,EBTadj,v2SmallEBTadj5d.bmp,small,4,836,3,277
7,3,EBTadj,v2sdEBTadj3g.bmp,SD,3,1099,3,278
7,8,EBTadj,v2FullEBTadj8e.bmp,full,2,927,3,279
7,5,EBTadj,v2FullEBTadj5a.bmp,full,2,785,3,280
7,8,EBTadj,v2FullEBTadj8f.bmp,full,2,666,3,281
7,0,EBTadj,v2SmallEBTadj0h.bmp,small,2,1711,3,282
7,5,EBTadj,v2FullEBTadj5g.bmp,full,2,595,3,283
7,5,EBTadj,v2sdEBTadj5c.bmp,SD,3,794,3,284
7,3,EBTadj,v2SmallEBTadj3b.bmp,small,3,626,3,285
7,8,EBTadj,v2FullEBTadj8d.bmp,full,2,609,3,286
7,8,EBTadj,v2SmallEBTadj8c.bmp,small,4,728,3,287
7,5,EBTadj,v2sdEBTadj5i.bmp,SD,3,1595,3,288
7,0,EBTadj,v2FullEBTadj0e.bmp,full,2,635,3,289
7,3,EBTadj,v2SmallEBTadj3i.bmp,small,4,890,3,290
7,8,EBTadj,v2sdEBTadj8h.bmp,SD,4,446,3,291
7,5,EBTadj,v2SmallEBTadj5g.bmp,small,4,452,3,292
7,3,EBTadj,v2FullEBTadj3f.bmp,full,2,634,3,293
7,8,EBTadj,v2FullEBTadj8a.bmp,full,2,688,3,294
7,3,EBTadj,v2SmallEBTadj3f.bmp,small,3,1013,3,295
7,0,EBTadj,v2SmallEBTadj0f.bmp,small,3,1820,3,296
7,8,EBTadj,v2sdEBTadj8j.bmp,SD,4,843,3,297
7,0,EBTadj,v2SmallEBTadj0a.bmp,small,2,2137,3,298
7,5,EBTadj,v2SmallEBTadj5f.bmp,small,4,788,3,299
7,5,EBTadj,v2sdEBTadj5b.bmp,SD,3,1692,3,300
7,8,EBTadj,v2sdEBTadj8d.bmp,SD,4,848,3,301
7,8,EBTadj,v2sdEBTadj8e.bmp,SD,4,726,3,302
7,5,EBTadj,v2FullEBTadj5f.bmp,full,2,1961,3,303
7,3,EBTadj,v2SmallEBTadj3h.bmp,small,3,867,3,304
7,8,EBTadj,v2sdEBTadj8a.bmp,SD,4,848,3,305
7,8,EBTadj,v2sdEBTadj8i.bmp,SD,4,878,3,306
7,3,EBTadj,v2sdEBTadj3d.bmp,SD,4,683,3,307
7,8,EBTadj,v2SmallEBTadj8h.bmp,small,4,591,3,308
7,3,EBTadj,v2FullEBTadj3c.bmp,full,2,1183,3,309
7,3,EBTadj,v2SmallEBTadj3a.bmp,small,3,1000,3,310
7,0,EBTadj,v2sdEBTadj0b.bmp,SD,2,936,3,311
7,3,EBTadj,v2sdEBTadj3c.bmp,SD,3,850,3,312
7,0,EBTadj,v2SmallEBTadj0j.bmp,small,2,792,3,313
7,8,EBTadj,v2FullEBTadj8i.bmp,full,2,928,3,314
7,0,EBTadj,v2sdEBTadj0h.bmp,SD,2,594,3,315
7,5,EBTadj,v2FullEBTadj5c.bmp,full,2,666,3,316
7,8,EBTadj,v2SmallEBTadj8a.bmp,small,4,944,3,317
7,3,EBTadj,v2FullEBTadj3e.bmp,full,2,706,3,318
7,3,EBTadj,v2FullEBTadj3h.bmp,full,2,597,3,319
7,0,EBTadj,v2FullEBTadj0c.bmp,full,2,605,3,320
7,8,EBTadj,v2FullEBTadj8g.bmp,full,2,413,3,321
7,0,EBTadj,v2FullEBTadj0f.bmp,full,2,988,3,322
7,8,EBTadj,v2SmallEBTadj8b.bmp,small,4,749,3,323
7,5,EBTadj,v2sdEBTadj5g.bmp,SD,4,679,3,324
7,8,EBTadj,v2FullEBTadj8c.bmp,full,3,427,3,325
7,8,EBTadj,v2FullEBTadj8b.bmp,full,2,930,3,326
7,5,EBTadj,v2FullEBTadj5e.bmp,full,2,797,3,327
7,0,EBTadj,v2FullEBTadj0d.bmp,full,2,516,3,328
7,3,EBTadj,v2sdEBTadj3e.bmp,SD,3,728,3,329
7,5,EBTadj,v2SmallEBTadj5a.bmp,small,4,737,3,330
7,3,EBTadj,v2SmallEBTadj3g.bmp,small,4,524,3,331
7,5,EBTadj,v2SmallEBTadj5i.bmp,small,4,543,3,332
7,5,EBTadj,v2sdEBTadj5j.bmp,SD,3,696,3,333
7,5,EBTadj,v2FullEBTadj5j.bmp,full,2,660,3,334
7,0,EBTadj,v2sdEBTadj0a.bmp,SD,2,954,3,335
7,5,EBTadj,v2sdEBTadj5a.bmp,SD,3,980,3,336
7,8,EBTadj,v2sdEBTadj8g.bmp,SD,4,628,3,337
7,0,EBTadj,v2SmallEBTadj0i.bmp,small,2,723,3,338
7,8,EBTadj,v2sdEBTadj8f.bmp,SD,4,718,3,339
7,3,EBTadj,v2SmallEBTadj3j.bmp,small,3,585,3,340
7,0,EBTadj,v2SmallEBTadj0g.bmp,small,2,601,3,341
7,8,EBTadj,v2FullEBTadj8h.bmp,full,2,833,3,342
7,8,EBTadj,v2SmallEBTadj8d.bmp,small,4,808,3,343
7,0,EBTadj,v2FullEBTadj0j.bmp,full,2,1119,3,344
7,5,EBTadj,v2SmallEBTadj5c.bmp,small,3,4731,3,345
7,5,EBTadj,v2FullEBTadj5h.bmp,full,2,1870,3,346
7,3,EBTadj,v2sdEBTadj3h.bmp,SD,3,1059,3,347
7,8,EBTadj,v2sdEBTadj8c.bmp,SD,4,600,3,348
7,5,EBTadj,v2sdEBTadj5h.bmp,SD,3,712,3,349
7,3,EBTadj,v2FullEBTadj3g.bmp,full,2,844,3,350
7,3,EBTadj,v2FullEBTadj3d.bmp,full,2,682,3,351
7,0,EBTadj,v2SmallEBTadj0b.bmp,small,2,1534,3,352
7,5,EBTadj,v2FullEBTadj5b.bmp,full,2,433,3,353
7,3,EBTadj,v2SmallEBTadj3d.bmp,small,3,1096,3,354
7,8,EBTadj,v2SmallEBTadj8i.bmp,small,4,1100,3,355
7,0,EBTadj,v2sdEBTadj0e.bmp,SD,4,2896,3,356
7,5,EBTadj,v2sdEBTadj5d.bmp,SD,3,1293,3,357
7,5,EBTadj,v2sdEBTadj5e.bmp,SD,3,889,3,358
7,5,EBTadj,v2SmallEBTadj5j.bmp,small,3,709,3,359
7,3,EBTadj,v2sdEBTadj3i.bmp,SD,3,776,3,360
7,0,EBTadj,v2sdEBTadj0i.bmp,SD,2,672,4,361
7,0,EBTadj,v2sdEBTadj0h.bmp,SD,2,628,4,362
7,8,EBTadj,v2SmallEBTadj8b.bmp,small,3,819,4,363
7,5,EBTadj,v2SmallEBTadj5a.bmp,small,4,618,4,364
7,0,EBTadj,v2SmallEBTadj0h.bmp,small,2,713,4,365
7,3,EBTadj,v2FullEBTadj3c.bmp,full,2,1085,4,366
7,3,EBTadj,v2FullEBTadj3h.bmp,full,2,586,4,367
7,3,EBTadj,v2SmallEBTadj3e.bmp,small,3,882,4,368
7,8,EBTadj,v2sdEBTadj8j.bmp,SD,4,927,4,369
7,5,EBTadj,v2FullEBTadj5f.bmp,full,2,714,4,370
7,8,EBTadj,v2FullEBTadj8f.bmp,full,2,685,4,371
7,5,EBTadj,v2FullEBTadj5j.bmp,full,2,529,4,372
7,0,EBTadj,v2sdEBTadj0d.bmp,SD,2,748,4,373
7,3,EBTadj,v2FullEBTadj3j.bmp,full,2,790,4,374
7,0,EBTadj,v2FullEBTadj0e.bmp,full,2,1510,4,375
7,8,EBTadj,v2sdEBTadj8e.bmp,SD,3,690,4,376
7,5,EBTadj,v2FullEBTadj5h.bmp,full,2,749,4,377
7,3,EBTadj,v2FullEBTadj3a.bmp,full,2,791,4,378
7,8,EBTadj,v2FullEBTadj8e.bmp,full,2,638,4,379
7,5,EBTadj,v2FullEBTadj5a.bmp,full,2,516,4,380
7,3,EBTadj,v2sdEBTadj3h.bmp,SD,3,696,4,381
7,5,EBTadj,v2FullEBTadj5e.bmp,full,2,652,4,382
7,8,EBTadj,v2SmallEBTadj8g.bmp,small,3,577,4,383
7,3,EBTadj,v2sdEBTadj3j.bmp,SD,2,562,4,384
7,3,EBTadj,v2sdEBTadj3f.bmp,SD,2,627,4,385
7,3,EBTadj,v2SmallEBTadj3j.bmp,small,3,1602,4,386
7,5,EBTadj,v2FullEBTadj5d.bmp,full,2,746,4,387
7,5,EBTadj,v2SmallEBTadj5j.bmp,small,3,868,4,388
7,8,EBTadj,v2FullEBTadj8h.bmp,full,2,513,4,389
7,5,EBTadj,v2SmallEBTadj5g.bmp,small,4,381,4,390
7,8,EBTadj,v2sdEBTadj8i.bmp,SD,4,901,4,391
7,5,EBTadj,v2sdEBTadj5c.bmp,SD,3,849,4,392
7,8,EBTadj,v2FullEBTadj8a.bmp,full,4,591,4,393
7,3,EBTadj,v2FullEBTadj3f.bmp,full,2,687,4,394
7,0,EBTadj,v2SmallEBTadj0b.bmp,small,2,628,4,395
7,5,EBTadj,v2SmallEBTadj5b.bmp,small,2,530,4,396
7,0,EBTadj,v2SmallEBTadj0a.bmp,small,2,796,4,397
7,8,EBTadj,v2FullEBTadj8g.bmp,full,2,852,4,398
7,8,EBTadj,v2SmallEBTadj8i.bmp,small,3,610,4,399
7,3,EBTadj,v2SmallEBTadj3i.bmp,small,3,785,4,400
7,0,EBTadj,v2SmallEBTadj0f.bmp,small,2,626,4,401
7,5,EBTadj,v2SmallEBTadj5h.bmp,small,3,632,4,402
7,5,EBTadj,v2SmallEBTadj5d.bmp,small,3,1191,4,403
7,3,EBTadj,v2SmallEBTadj3d.bmp,small,3,599,4,404
7,8,EBTadj,v2FullEBTadj8i.bmp,full,2,807,4,405
7,0,EBTadj,v2SmallEBTadj0e.bmp,small,2,1118,4,406
7,3,EBTadj,v2SmallEBTadj3a.bmp,small,3,1034,4,407
7,0,EBTadj,v2FullEBTadj0c.bmp,full,1,1633,4,408
7,0,EBTadj,v2sdEBTadj0b.bmp,SD,2,727,4,409
7,3,EBTadj,v2sdEBTadj3d.bmp,SD,3,874,4,410
7,0,EBTadj,v2FullEBTadj0g.bmp,full,2,1575,4,411
7,8,EBTadj,v2sdEBTadj8h.bmp,SD,4,880,4,412
7,5,EBTadj,v2sdEBTadj5h.bmp,SD,3,788,4,413
7,3,EBTadj,v2sdEBTadj3e.bmp,SD,3,892,4,414
7,0,EBTadj,v2FullEBTadj0a.bmp,full,2,904,4,415
7,5,EBTadj,v2sdEBTadj5d.bmp,SD,3,1028,4,416
7,0,EBTadj,v2sdEBTadj0f.bmp,SD,2,603,4,417
7,8,EBTadj,v2FullEBTadj8b.bmp,full,2,3267,4,418
7,0,EBTadj,v2sdEBTadj0g.bmp,SD,2,737,4,419
7,8,EBTadj,v2sdEBTadj8c.bmp,SD,4,860,4,420
7,3,EBTadj,v2sdEBTadj3c.bmp,SD,3,865,4,421
7,0,EBTadj,v2sdEBTadj0e.bmp,SD,2,846,4,422
7,8,EBTadj,v2sdEBTadj8a.bmp,SD,4,812,4,423
7,8,EBTadj,v2SmallEBTadj8c.bmp,small,4,2868,4,424
7,3,EBTadj,v2FullEBTadj3e.bmp,full,2,730,4,425
7,3,EBTadj,v2sdEBTadj3i.bmp,SD,3,1012,4,426
7,5,EBTadj,v2sdEBTadj5a.bmp,SD,3,660,4,427
7,5,EBTadj,v2sdEBTadj5e.bmp,SD,3,577,4,428
7,8,EBTadj,v2SmallEBTadj8f.bmp,small,4,449,4,429
7,5,EBTadj,v2sdEBTadj5b.bmp,SD,3,630,4,430
7,0,EBTadj,v2FullEBTadj0b.bmp,full,2,717,4,431
7,3,EBTadj,v2FullEBTadj3d.bmp,full,2,632,4,432
7,3,EBTadj,v2sdEBTadj3g.bmp,SD,3,927,4,433
7,0,EBTadj,v2sdEBTadj0a.bmp,SD,2,1338,4,434
7,0,EBTadj,v2SmallEBTadj0i.bmp,small,2,716,4,435
7,8,EBTadj,v2FullEBTadj8c.bmp,full,2,552,4,436
7,5,EBTadj,v2SmallEBTadj5i.bmp,small,4,1162,4,437
7,5,EBTadj,v2sdEBTadj5g.bmp,SD,3,739,4,438
7,0,EBTadj,v2FullEBTadj0d.bmp,full,2,509,4,439
7,8,EBTadj,v2FullEBTadj8j.bmp,full,2,576,4,440
7,8,EBTadj,v2SmallEBTadj8j.bmp,small,4,857,4,441
7,0,EBTadj,v2FullEBTadj0j.bmp,full,2,654,4,442
7,0,EBTadj,v2FullEBTadj0f.bmp,full,2,604,4,443
7,5,EBTadj,v2FullEBTadj5b.bmp,full,2,508,4,444
7,3,EBTadj,v2SmallEBTadj3h.bmp,small,3,743,4,445
7,3,EBTadj,v2SmallEBTadj3g.bmp,small,4,873,4,446
7,5,EBTadj,v2sdEBTadj5j.bmp,SD,3,613,4,447
7,0,EBTadj,v2sdEBTadj0c.bmp,SD,2,628,4,448
7,0,EBTadj,v2SmallEBTadj0c.bmp,small,2,811,4,449
7,0,EBTadj,v2SmallEBTadj0j.bmp,small,2,618,4,450
7,5,EBTadj,v2sdEBTadj5i.bmp,SD,4,945,4,451
7,3,EBTadj,v2FullEBTadj3b.bmp,full,2,539,4,452
7,5,EBTadj,v2SmallEBTadj5c.bmp,small,4,1037,4,453
7,8,EBTadj,v2SmallEBTadj8d.bmp,small,4,596,4,454
7,5,EBTadj,v2sdEBTadj5f.bmp,SD,3,460,4,455
7,5,EBTadj,v2SmallEBTadj5f.bmp,small,3,705,4,456
7,8,EBTadj,v2sdEBTadj8f.bmp,SD,4,517,4,457
7,8,EBTadj,v2SmallEBTadj8a.bmp,small,4,520,4,458
7,8,EBTadj,v2sdEBTadj8b.bmp,SD,4,396,4,459
7,8,EBTadj,v2sdEBTadj8g.bmp,SD,4,355,4,460
7,3,EBTadj,v2FullEBTadj3i.bmp,full,2,613,4,461
7,3,EBTadj,v2SmallEBTadj3f.bmp,small,3,1589,4,462
7,8,EBTadj,v2SmallEBTadj8e.bmp,small,4,893,4,463
7,8,EBTadj,v2SmallEBTadj8h.bmp,small,4,1025,4,464
7,5,EBTadj,v2FullEBTadj5i.bmp,full,2,631,4,465
7,0,EBTadj,v2FullEBTadj0h.bmp,full,2,741,4,466
7,5,EBTadj,v2SmallEBTadj5e.bmp,small,2,527,4,467
7,3,EBTadj,v2sdEBTadj3b.bmp,SD,3,842,4,468
7,0,EBTadj,v2sdEBTadj0j.bmp,SD,2,664,4,469
7,0,EBTadj,v2FullEBTadj0i.bmp,full,2,557,4,470
7,8,EBTadj,v2FullEBTadj8d.bmp,full,2,550,4,471
7,0,EBTadj,v2SmallEBTadj0g.bmp,small,2,456,4,472
7,3,EBTadj,v2SmallEBTadj3b.bmp,small,3,677,4,473
7,8,EBTadj,v2sdEBTadj8d.bmp,SD,4,642,4,474
7,3,EBTadj,v2sdEBTadj3a.bmp,SD,3,824,4,475
7,5,EBTadj,v2FullEBTadj5g.bmp,full,2,622,4,476
7,0,EBTadj,v2SmallEBTadj0d.bmp,small,2,1677,4,477
7,5,EBTadj,v2FullEBTadj5c.bmp,full,2,754,4,478
7,3,EBTadj,v2FullEBTadj3g.bmp,full,2,2228,4,479
7,3,EBTadj,v2SmallEBTadj3c.bmp,small,3,883,4,480
8,3,EBTadj,v2SmallEBTadj3b.bmp,small,3,11842,1,1
8,3,EBTadj,v2sdEBTadj3g.bmp,SD,3,1149,1,2
8,3,EBTadj,v2SmallEBTadj3j.bmp,small,3,990,1,3
8,8,EBTadj,v2sdEBTadj8e.bmp,SD,4,794,1,4
8,8,EBTadj,v2SmallEBTadj8h.bmp,small,4,622,1,5
8,3,EBTadj,v2sdEBTadj3c.bmp,SD,3,1958,1,6
8,0,EBTadj,v2sdEBTadj0g.bmp,SD,2,5262,1,7
8,5,EBTadj,v2FullEBTadj5c.bmp,full,2,705,1,8
8,3,EBTadj,v2FullEBTadj3c.bmp,full,2,574,1,9
8,8,EBTadj,v2SmallEBTadj8e.bmp,small,4,1796,1,10
8,5,EBTadj,v2SmallEBTadj5g.bmp,small,4,946,1,11
8,3,EBTadj,v2SmallEBTadj3e.bmp,small,4,446,1,12
8,8,EBTadj,v2FullEBTadj8c.bmp,full,2,1255,1,13
8,5,EBTadj,v2sdEBTadj5j.bmp,SD,3,733,1,14
8,8,EBTadj,v2SmallEBTadj8b.bmp,small,4,534,1,15
8,0,EBTadj,v2sdEBTadj0f.bmp,SD,2,893,1,16
8,8,EBTadj,v2SmallEBTadj8i.bmp,small,4,912,1,17
8,3,EBTadj,v2FullEBTadj3b.bmp,full,2,677,1,18
8,8,EBTadj,v2sdEBTadj8h.bmp,SD,4,617,1,19
8,5,EBTadj,v2SmallEBTadj5d.bmp,small,4,655,1,20
8,5,EBTadj,v2SmallEBTadj5f.bmp,small,4,521,1,21
8,8,EBTadj,v2SmallEBTadj8d.bmp,small,4,394,1,22
8,0,EBTadj,v2FullEBTadj0i.bmp,full,1,4849,1,23
8,5,EBTadj,v2FullEBTadj5e.bmp,full,2,892,1,24
8,8,EBTadj,v2sdEBTadj8d.bmp,SD,4,544,1,25
8,0,EBTadj,v2SmallEBTadj0f.bmp,small,2,764,1,26
8,0,EBTadj,v2FullEBTadj0h.bmp,full,1,966,1,27
8,0,EBTadj,v2SmallEBTadj0h.bmp,small,2,1225,1,28
8,5,EBTadj,v2SmallEBTadj5b.bmp,small,4,2352,1,29
8,5,EBTadj,v2sdEBTadj5d.bmp,SD,3,909,1,30
8,0,EBTadj,v2FullEBTadj0f.bmp,full,2,1534,1,31
8,0,EBTadj,v2sdEBTadj0b.bmp,SD,2,650,1,32
8,0,EBTadj,v2FullEBTadj0b.bmp,full,2,590,1,33
8,3,EBTadj,v2sdEBTadj3e.bmp,SD,3,1760,1,34
8,3,EBTadj,v2FullEBTadj3g.bmp,full,2,614,1,35
8,0,EBTadj,v2FullEBTadj0a.bmp,full,2,4128,1,36
8,5,EBTadj,v2SmallEBTadj5a.bmp,small,4,799,1,37
8,3,EBTadj,v2SmallEBTadj3f.bmp,small,3,695,1,38
8,3,EBTadj,v2FullEBTadj3a.bmp,full,2,584,1,39
8,3,EBTadj,v2sdEBTadj3d.bmp,SD,3,582,1,40
8,8,EBTadj,v2SmallEBTadj8c.bmp,small,4,461,1,41
8,3,EBTadj,v2SmallEBTadj3c.bmp,small,4,415,1,42
8,8,EBTadj,v2SmallEBTadj8j.bmp,small,4,415,1,43
8,0,EBTadj,v2sdEBTadj0a.bmp,SD,2,622,1,44
8,8,EBTadj,v2FullEBTadj8d.bmp,full,3,571,1,45
8,0,EBTadj,v2SmallEBTadj0c.bmp,small,2,1042,1,46
8,8,EBTadj,v2SmallEBTadj8g.bmp,small,4,605,1,47
8,5,EBTadj,v2SmallEBTadj5i.bmp,small,4,428,1,48
8,0,EBTadj,v2FullEBTadj0e.bmp,full,1,1212,1,49
8,0,EBTadj,v2SmallEBTadj0b.bmp,small,2,562,1,50
8,3,EBTadj,v2SmallEBTadj3i.bmp,small,4,550,1,51
8,8,EBTadj,v2sdEBTadj8i.bmp,SD,4,538,1,52
8,3,EBTadj,v2sdEBTadj3f.bmp,SD,3,594,1,53
8,5,EBTadj,v2SmallEBTadj5c.bmp,small,4,1109,1,54
8,5,EBTadj,v2FullEBTadj5d.bmp,full,2,613,1,55
8,0,EBTadj,v2sdEBTadj0c.bmp,SD,2,1118,1,56
8,8,EBTadj,v2sdEBTadj8b.bmp,SD,4,537,1,57
8,3,EBTadj,v2sdEBTadj3a.bmp,SD,3,971,1,58
8,8,EBTadj,v2FullEBTadj8a.bmp,full,2,529,1,59
8,8,EBTadj,v2sdEBTadj8f.bmp,SD,4,588,1,60
8,3,EBTadj,v2SmallEBTadj3d.bmp,small,3,670,1,61
8,3,EBTadj,v2FullEBTadj3d.bmp,full,2,672,1,62
8,0,EBTadj,v2FullEBTadj0g.bmp,full,2,1901,1,63
8,8,EBTadj,v2FullEBTadj8f.bmp,full,3,579,1,64
8,3,EBTadj,v2SmallEBTadj3h.bmp,small,3,876,1,65
8,3,EBTadj,v2SmallEBTadj3a.bmp,small,4,686,1,66
8,0,EBTadj,v2sdEBTadj0j.bmp,SD,2,592,1,67
8,0,EBTadj,v2SmallEBTadj0j.bmp,small,2,582,1,68
8,3,EBTadj,v2sdEBTadj3j.bmp,SD,3,538,1,69
8,5,EBTadj,v2FullEBTadj5f.bmp,full,2,631,1,70
8,0,EBTadj,v2FullEBTadj0d.bmp,full,1,1606,1,71
8,0,EBTadj,v2SmallEBTadj0e.bmp,small,2,993,1,72
8,8,EBTadj,v2sdEBTadj8g.bmp,SD,4,806,1,73
8,8,EBTadj,v2sdEBTadj8c.bmp,SD,4,699,1,74
8,0,EBTadj,v2FullEBTadj0c.bmp,full,2,1342,1,75
8,0,EBTadj,v2sdEBTadj0h.bmp,SD,2,732,1,76
8,8,EBTadj,v2FullEBTadj8h.bmp,full,2,783,1,77
8,5,EBTadj,v2FullEBTadj5h.bmp,full,2,520,1,78
8,8,EBTadj,v2sdEBTadj8j.bmp,SD,4,595,1,79
8,5,EBTadj,v2FullEBTadj5a.bmp,full,2,737,1,80
8,3,EBTadj,v2FullEBTadj3j.bmp,full,2,498,1,81
8,5,EBTadj,v2SmallEBTadj5e.bmp,small,4,540,1,82
8,0,EBTadj,v2SmallEBTadj0d.bmp,small,2,569,1,83
8,3,EBTadj,v2sdEBTadj3b.bmp,SD,3,628,1,84
8,5,EBTadj,v2SmallEBTadj5j.bmp,small,4,461,1,85
8,5,EBTadj,v2sdEBTadj5b.bmp,SD,4,683,1,86
8,5,EBTadj,v2SmallEBTadj5h.bmp,small,4,757,1,87
8,0,EBTadj,v2sdEBTadj0d.bmp,SD,2,588,1,88
8,3,EBTadj,v2sdEBTadj3h.bmp,SD,2,659,1,89
8,5,EBTadj,v2sdEBTadj5e.bmp,SD,3,1100,1,90
8,8,EBTadj,v2FullEBTadj8g.bmp,full,2,657,1,91
8,3,EBTadj,v2sdEBTadj3i.bmp,SD,3,788,1,92
8,3,EBTadj,v2FullEBTadj3f.bmp,full,2,598,1,93
8,8,EBTadj,v2FullEBTadj8i.bmp,full,2,509,1,94
8,8,EBTadj,v2sdEBTadj8a.bmp,SD,4,491,1,95
8,5,EBTadj,v2sdEBTadj5h.bmp,SD,3,600,1,96
8,3,EBTadj,v2FullEBTadj3h.bmp,full,2,527,1,97
8,0,EBTadj,v2SmallEBTadj0i.bmp,small,2,722,1,98
8,5,EBTadj,v2FullEBTadj5b.bmp,full,2,549,1,99
8,5,EBTadj,v2sdEBTadj5g.bmp,SD,4,1836,1,100
8,5,EBTadj,v2FullEBTadj5i.bmp,full,2,620,1,101
8,8,EBTadj,v2SmallEBTadj8a.bmp,small,4,1085,1,102
8,3,EBTadj,v2FullEBTadj3e.bmp,full,2,637,1,103
8,3,EBTadj,v2SmallEBTadj3g.bmp,small,3,581,1,104
8,0,EBTadj,v2FullEBTadj0j.bmp,full,1,1652,1,105
8,5,EBTadj,v2FullEBTadj5j.bmp,full,2,698,1,106
8,8,EBTadj,v2SmallEBTadj8f.bmp,small,4,491,1,107
8,0,EBTadj,v2SmallEBTadj0a.bmp,small,2,600,1,108
8,0,EBTadj,v2sdEBTadj0i.bmp,SD,2,935,1,109
8,8,EBTadj,v2FullEBTadj8e.bmp,full,2,494,1,110
8,8,EBTadj,v2FullEBTadj8j.bmp,full,2,393,1,111
8,5,EBTadj,v2sdEBTadj5c.bmp,SD,3,533,1,112
8,5,EBTadj,v2sdEBTadj5a.bmp,SD,3,657,1,113
8,5,EBTadj,v2sdEBTadj5f.bmp,SD,4,1006,1,114
8,5,EBTadj,v2sdEBTadj5i.bmp,SD,3,621,1,115
8,8,EBTadj,v2FullEBTadj8b.bmp,full,2,513,1,116
8,0,EBTadj,v2sdEBTadj0e.bmp,SD,2,689,1,117
8,5,EBTadj,v2FullEBTadj5g.bmp,full,2,595,1,118
8,0,EBTadj,v2SmallEBTadj0g.bmp,small,2,533,1,119
8,3,EBTadj,v2FullEBTadj3i.bmp,full,2,516,1,120
8,3,EBTadj,v2sdEBTadj3b.bmp,SD,3,604,2,121
8,5,EBTadj,v2FullEBTadj5g.bmp,full,2,623,2,122
8,3,EBTadj,v2SmallEBTadj3b.bmp,small,3,959,2,123
8,3,EBTadj,v2sdEBTadj3c.bmp,SD,3,605,2,124
8,0,EBTadj,v2FullEBTadj0d.bmp,full,1,1127,2,125
8,5,EBTadj,v2SmallEBTadj5e.bmp,small,4,7087,2,126
8,8,EBTadj,v2sdEBTadj8b.bmp,SD,4,580,2,127
8,8,EBTadj,v2FullEBTadj8i.bmp,full,2,693,2,128
8,3,EBTadj,v2FullEBTadj3c.bmp,full,2,495,2,129
8,3,EBTadj,v2SmallEBTadj3d.bmp,small,3,1043,2,130
8,0,EBTadj,v2sdEBTadj0h.bmp,SD,2,602,2,131
8,8,EBTadj,v2SmallEBTadj8e.bmp,small,4,557,2,132
8,8,EBTadj,v2sdEBTadj8j.bmp,SD,4,496,2,133
8,8,EBTadj,v2SmallEBTadj8j.bmp,small,4,454,2,134
8,8,EBTadj,v2sdEBTadj8g.bmp,SD,4,401,2,135
8,8,EBTadj,v2sdEBTadj8d.bmp,SD,4,426,2,136
8,5,EBTadj,v2SmallEBTadj5i.bmp,small,4,2023,2,137
8,0,EBTadj,v2SmallEBTadj0j.bmp,small,2,745,2,138
8,8,EBTadj,v2FullEBTadj8b.bmp,full,2,626,2,139
8,8,EBTadj,v2SmallEBTadj8d.bmp,small,4,2096,2,140
8,8,EBTadj,v2FullEBTadj8e.bmp,full,2,636,2,141
8,3,EBTadj,v2sdEBTadj3d.bmp,SD,3,1066,2,142
8,8,EBTadj,v2sdEBTadj8i.bmp,SD,2,1037,2,143
8,8,EBTadj,v2SmallEBTadj8b.bmp,small,4,723,2,144
8,8,EBTadj,v2SmallEBTadj8c.bmp,small,4,426,2,145
8,5,EBTadj,v2FullEBTadj5e.bmp,full,2,2189,2,146
8,0,EBTadj,v2FullEBTadj0a.bmp,full,2,1361,2,147
8,3,EBTadj,v2SmallEBTadj3i.bmp,small,3,1082,2,148
8,3,EBTadj,v2SmallEBTadj3f.bmp,small,3,3446,2,149
8,3,EBTadj,v2FullEBTadj3d.bmp,full,2,613,2,150
8,5,EBTadj,v2FullEBTadj5b.bmp,full,2,1410,2,151
8,0,EBTadj,v2sdEBTadj0c.bmp,SD,2,1334,2,152
8,0,EBTadj,v2SmallEBTadj0i.bmp,small,2,712,2,153
8,5,EBTadj,v2SmallEBTadj5b.bmp,small,3,3091,2,154
8,5,EBTadj,v2SmallEBTadj5j.bmp,small,4,5606,2,155
8,3,EBTadj,v2SmallEBTadj3e.bmp,small,3,2122,2,156
8,3,EBTadj,v2FullEBTadj3a.bmp,full,2,1454,2,157
8,0,EBTadj,v2sdEBTadj0i.bmp,SD,2,589,2,158
8,8,EBTadj,v2SmallEBTadj8g.bmp,small,2,839,2,159
8,5,EBTadj,v2SmallEBTadj5d.bmp,small,4,9390,2,160
8,5,EBTadj,v2SmallEBTadj5c.bmp,small,4,442,2,161
8,8,EBTadj,v2FullEBTadj8j.bmp,full,2,782,2,162
8,5,EBTadj,v2FullEBTadj5h.bmp,full,2,560,2,163
8,5,EBTadj,v2FullEBTadj5a.bmp,full,2,396,2,164
8,0,EBTadj,v2SmallEBTadj0h.bmp,small,2,687,2,165
8,3,EBTadj,v2SmallEBTadj3h.bmp,small,3,830,2,166
8,5,EBTadj,v2SmallEBTadj5f.bmp,small,4,747,2,167
8,8,EBTadj,v2FullEBTadj8a.bmp,full,2,559,2,168
8,0,EBTadj,v2sdEBTadj0e.bmp,SD,2,537,2,169
8,5,EBTadj,v2sdEBTadj5b.bmp,SD,3,941,2,170
8,5,EBTadj,v2sdEBTadj5i.bmp,SD,3,428,2,171
8,8,EBTadj,v2sdEBTadj8f.bmp,SD,4,537,2,172
8,5,EBTadj,v2FullEBTadj5d.bmp,full,2,498,2,173
8,0,EBTadj,v2sdEBTadj0j.bmp,SD,2,612,2,174
8,0,EBTadj,v2SmallEBTadj0e.bmp,small,2,511,2,175
8,0,EBTadj,v2sdEBTadj0f.bmp,SD,2,492,2,176
8,5,EBTadj,v2FullEBTadj5c.bmp,full,2,360,2,177
8,3,EBTadj,v2FullEBTadj3g.bmp,full,2,384,2,178
8,0,EBTadj,v2FullEBTadj0b.bmp,full,2,386,2,179
8,3,EBTadj,v2sdEBTadj3a.bmp,SD,2,496,2,180
8,0,EBTadj,v2FullEBTadj0c.bmp,full,2,576,2,181
8,3,EBTadj,v2FullEBTadj3b.bmp,full,2,687,2,182
8,3,EBTadj,v2sdEBTadj3g.bmp,SD,3,1941,2,183
8,0,EBTadj,v2FullEBTadj0g.bmp,full,2,834,2,184
8,3,EBTadj,v2SmallEBTadj3c.bmp,small,3,6154,2,185
8,0,EBTadj,v2FullEBTadj0f.bmp,full,2,565,2,186
8,8,EBTadj,v2SmallEBTadj8h.bmp,small,4,590,2,187
8,0,EBTadj,v2SmallEBTadj0f.bmp,small,2,1021,2,188
8,5,EBTadj,v2sdEBTadj5f.bmp,SD,3,666,2,189
8,3,EBTadj,v2sdEBTadj3j.bmp,SD,3,868,2,190
8,0,EBTadj,v2FullEBTadj0e.bmp,full,1,1093,2,191
8,0,EBTadj,v2FullEBTadj0i.bmp,full,1,587,2,192
8,5,EBTadj,v2sdEBTadj5h.bmp,SD,3,707,2,193
8,3,EBTadj,v2SmallEBTadj3g.bmp,small,3,960,2,194
8,3,EBTadj,v2SmallEBTadj3a.bmp,small,3,431,2,195
8,3,EBTadj,v2sdEBTadj3h.bmp,SD,3,646,2,196
8,5,EBTadj,v2FullEBTadj5j.bmp,full,2,459,2,197
8,3,EBTadj,v2FullEBTadj3f.bmp,full,2,383,2,198
8,8,EBTadj,v2SmallEBTadj8a.bmp,small,4,600,2,199
8,8,EBTadj,v2FullEBTadj8d.bmp,full,2,523,2,200
8,8,EBTadj,v2FullEBTadj8c.bmp,full,2,423,2,201
8,3,EBTadj,v2sdEBTadj3f.bmp,SD,2,602,2,202
8,8,EBTadj,v2FullEBTadj8g.bmp,full,2,557,2,203
8,5,EBTadj,v2FullEBTadj5f.bmp,full,2,427,2,204
8,5,EBTadj,v2sdEBTadj5j.bmp,SD,3,630,2,205
8,3,EBTadj,v2FullEBTadj3j.bmp,full,2,459,2,206
8,0,EBTadj,v2sdEBTadj0a.bmp,SD,2,724,2,207
8,3,EBTadj,v2FullEBTadj3e.bmp,full,2,646,2,208
8,0,EBTadj,v2SmallEBTadj0d.bmp,small,2,401,2,209
8,8,EBTadj,v2FullEBTadj8f.bmp,full,2,359,2,210
8,5,EBTadj,v2sdEBTadj5c.bmp,SD,3,732,2,211
8,5,EBTadj,v2sdEBTadj5g.bmp,SD,4,1821,2,212
8,0,EBTadj,v2sdEBTadj0g.bmp,SD,2,587,2,213
8,5,EBTadj,v2SmallEBTadj5a.bmp,small,4,608,2,214
8,0,EBTadj,v2sdEBTadj0b.bmp,SD,2,562,2,215
8,3,EBTadj,v2sdEBTadj3i.bmp,SD,3,625,2,216
8,3,EBTadj,v2SmallEBTadj3j.bmp,small,4,609,2,217
8,5,EBTadj,v2SmallEBTadj5h.bmp,small,4,498,2,218
8,0,EBTadj,v2SmallEBTadj0c.bmp,small,2,607,2,219
8,8,EBTadj,v2sdEBTadj8h.bmp,SD,4,492,2,220
8,0,EBTadj,v2FullEBTadj0j.bmp,full,2,2164,2,221
8,5,EBTadj,v2FullEBTadj5i.bmp,full,2,549,2,222
8,5,EBTadj,v2SmallEBTadj5g.bmp,small,4,1017,2,223
8,0,EBTadj,v2sdEBTadj0d.bmp,SD,2,554,2,224
8,8,EBTadj,v2sdEBTadj8a.bmp,SD,4,574,2,225
8,8,EBTadj,v2FullEBTadj8h.bmp,full,2,558,2,226
8,8,EBTadj,v2sdEBTadj8c.bmp,SD,4,635,2,227
8,3,EBTadj,v2sdEBTadj3e.bmp,SD,2,2572,2,228
8,0,EBTadj,v2FullEBTadj0h.bmp,full,2,1357,2,229
8,3,EBTadj,v2FullEBTadj3h.bmp,full,2,516,2,230
8,0,EBTadj,v2SmallEBTadj0a.bmp,small,2,611,2,231
8,8,EBTadj,v2sdEBTadj8e.bmp,SD,4,715,2,232
8,5,EBTadj,v2sdEBTadj5e.bmp,SD,3,2809,2,233
8,8,EBTadj,v2SmallEBTadj8f.bmp,small,4,621,2,234
8,5,EBTadj,v2sdEBTadj5d.bmp,SD,3,2602,2,235
8,3,EBTadj,v2FullEBTadj3i.bmp,full,2,588,2,236
8,8,EBTadj,v2SmallEBTadj8i.bmp,small,4,582,2,237
8,5,EBTadj,v2sdEBTadj5a.bmp,SD,4,472,2,238
8,0,EBTadj,v2SmallEBTadj0b.bmp,small,2,514,2,239
8,0,EBTadj,v2SmallEBTadj0g.bmp,small,2,624,2,240
8,0,EBTadj,v2sdEBTadj0d.bmp,SD,2,550,3,241
8,0,EBTadj,v2sdEBTadj0b.bmp,SD,2,416,3,242
8,8,EBTadj,v2SmallEBTadj8c.bmp,small,4,589,3,243
8,0,EBTadj,v2FullEBTadj0a.bmp,full,2,567,3,244
8,5,EBTadj,v2SmallEBTadj5f.bmp,small,4,578,3,245
8,5,EBTadj,v2FullEBTadj5j.bmp,full,2,465,3,246
8,0,EBTadj,v2sdEBTadj0j.bmp,SD,2,454,3,247
8,0,EBTadj,v2FullEBTadj0c.bmp,full,1,1121,3,248
8,3,EBTadj,v2FullEBTadj3d.bmp,full,2,651,3,249
8,8,EBTadj,v2SmallEBTadj8d.bmp,small,4,677,3,250
8,5,EBTadj,v2SmallEBTadj5d.bmp,small,4,491,3,251
8,0,EBTadj,v2sdEBTadj0f.bmp,SD,2,562,3,252
8,0,EBTadj,v2SmallEBTadj0i.bmp,small,2,462,3,253
8,5,EBTadj,v2FullEBTadj5e.bmp,full,2,418,3,254
8,0,EBTadj,v2SmallEBTadj0b.bmp,small,2,480,3,255
8,3,EBTadj,v2sdEBTadj3e.bmp,SD,2,459,3,256
8,5,EBTadj,v2sdEBTadj5e.bmp,SD,4,1555,3,257
8,5,EBTadj,v2sdEBTadj5a.bmp,SD,3,1790,3,258
8,5,EBTadj,v2sdEBTadj5i.bmp,SD,3,619,3,259
8,3,EBTadj,v2SmallEBTadj3h.bmp,small,3,491,3,260
8,0,EBTadj,v2sdEBTadj0i.bmp,SD,2,547,3,261
8,3,EBTadj,v2SmallEBTadj3e.bmp,small,3,1474,3,262
8,3,EBTadj,v2FullEBTadj3c.bmp,full,2,547,3,263
8,8,EBTadj,v2SmallEBTadj8f.bmp,small,4,732,3,264
8,8,EBTadj,v2FullEBTadj8h.bmp,full,2,587,3,265
8,0,EBTadj,v2SmallEBTadj0g.bmp,small,2,512,3,266
8,5,EBTadj,v2sdEBTadj5f.bmp,SD,4,3155,3,267
8,5,EBTadj,v2SmallEBTadj5j.bmp,small,4,584,3,268
8,3,EBTadj,v2SmallEBTadj3j.bmp,small,3,2459,3,269
8,0,EBTadj,v2sdEBTadj0c.bmp,SD,2,560,3,270
8,5,EBTadj,v2SmallEBTadj5i.bmp,small,4,810,3,271
8,0,EBTadj,v2sdEBTadj0h.bmp,SD,2,552,3,272
8,3,EBTadj,v2sdEBTadj3h.bmp,SD,3,2370,3,273
8,3,EBTadj,v2sdEBTadj3d.bmp,SD,3,512,3,274
8,8,EBTadj,v2sdEBTadj8g.bmp,SD,4,492,3,275
8,3,EBTadj,v2SmallEBTadj3i.bmp,small,3,1509,3,276
8,5,EBTadj,v2FullEBTadj5h.bmp,full,2,2805,3,277
8,0,EBTadj,v2FullEBTadj0i.bmp,full,1,1430,3,278
8,8,EBTadj,v2FullEBTadj8d.bmp,full,2,449,3,279
8,3,EBTadj,v2FullEBTadj3b.bmp,full,2,365,3,280
8,3,EBTadj,v2sdEBTadj3j.bmp,SD,3,737,3,281
8,3,EBTadj,v2FullEBTadj3g.bmp,full,2,550,3,282
8,8,EBTadj,v2FullEBTadj8j.bmp,full,2,485,3,283
8,0,EBTadj,v2SmallEBTadj0d.bmp,small,2,460,3,284
8,0,EBTadj,v2sdEBTadj0e.bmp,SD,1,740,3,285
8,8,EBTadj,v2sdEBTadj8b.bmp,SD,4,718,3,286
8,8,EBTadj,v2SmallEBTadj8j.bmp,small,4,507,3,287
8,5,EBTadj,v2SmallEBTadj5c.bmp,small,3,2967,3,288
8,8,EBTadj,v2SmallEBTadj8i.bmp,small,4,740,3,289
8,5,EBTadj,v2sdEBTadj5d.bmp,SD,4,2010,3,290
8,0,EBTadj,v2FullEBTadj0f.bmp,full,2,599,3,291
8,8,EBTadj,v2sdEBTadj8f.bmp,SD,4,507,3,292
8,3,EBTadj,v2sdEBTadj3i.bmp,SD,3,457,3,293
8,8,EBTadj,v2sdEBTadj8c.bmp,SD,4,477,3,294
8,8,EBTadj,v2sdEBTadj8h.bmp,SD,4,703,3,295
8,5,EBTadj,v2FullEBTadj5g.bmp,full,2,618,3,296
8,0,EBTadj,v2sdEBTadj0g.bmp,SD,2,805,3,297
8,3,EBTadj,v2sdEBTadj3f.bmp,SD,3,1590,3,298
8,0,EBTadj,v2SmallEBTadj0e.bmp,small,2,646,3,299
8,3,EBTadj,v2SmallEBTadj3d.bmp,small,3,3037,3,300
8,8,EBTadj,v2FullEBTadj8e.bmp,full,2,1383,3,301
8,3,EBTadj,v2sdEBTadj3a.bmp,SD,2,2336,3,302
8,3,EBTadj,v2sdEBTadj3c.bmp,SD,3,684,3,303
8,3,EBTadj,v2SmallEBTadj3f.bmp,small,3,348,3,304
8,3,EBTadj,v2FullEBTadj3i.bmp,full,2,491,3,305
8,5,EBTadj,v2sdEBTadj5c.bmp,SD,3,608,3,306
8,8,EBTadj,v2SmallEBTadj8g.bmp,small,4,547,3,307
8,0,EBTadj,v2FullEBTadj0b.bmp,full,2,574,3,308
8,5,EBTadj,v2SmallEBTadj5g.bmp,small,4,573,3,309
8,0,EBTadj,v2FullEBTadj0d.bmp,full,2,717,3,310
8,3,EBTadj,v2FullEBTadj3a.bmp,full,2,490,3,311
8,3,EBTadj,v2sdEBTadj3g.bmp,SD,3,760,3,312
8,8,EBTadj,v2FullEBTadj8c.bmp,full,2,476,3,313
8,5,EBTadj,v2sdEBTadj5h.bmp,SD,3,541,3,314
8,0,EBTadj,v2FullEBTadj0g.bmp,full,2,715,3,315
8,0,EBTadj,v2SmallEBTadj0h.bmp,small,2,456,3,316
8,0,EBTadj,v2SmallEBTadj0a.bmp,small,2,385,3,317
8,3,EBTadj,v2FullEBTadj3f.bmp,full,2,498,3,318
8,0,EBTadj,v2SmallEBTadj0c.bmp,small,2,404,3,319
8,5,EBTadj,v2SmallEBTadj5h.bmp,small,3,3174,3,320
8,5,EBTadj,v2FullEBTadj5c.bmp,full,2,479,3,321
8,8,EBTadj,v2sdEBTadj8a.bmp,SD,4,615,3,322
8,0,EBTadj,v2FullEBTadj0j.bmp,full,2,494,3,323
8,0,EBTadj,v2FullEBTadj0h.bmp,full,2,668,3,324
8,3,EBTadj,v2FullEBTadj3h.bmp,full,2,482,3,325
8,8,EBTadj,v2sdEBTadj8j.bmp,SD,4,633,3,326
8,5,EBTadj,v2FullEBTadj5b.bmp,full,2,554,3,327
8,0,EBTadj,v2FullEBTadj0e.bmp,full,1,1395,3,328
8,8,EBTadj,v2SmallEBTadj8a.bmp,small,4,503,3,329
8,3,EBTadj,v2FullEBTadj3j.bmp,full,2,560,3,330
8,0,EBTadj,v2SmallEBTadj0f.bmp,small,3,515,3,331
8,8,EBTadj,v2sdEBTadj8i.bmp,SD,4,744,3,332
8,8,EBTadj,v2SmallEBTadj8b.bmp,small,4,399,3,333
8,5,EBTadj,v2SmallEBTadj5e.bmp,small,4,481,3,334
8,0,EBTadj,v2sdEBTadj0a.bmp,SD,2,521,3,335
8,3,EBTadj,v2FullEBTadj3e.bmp,full,2,670,3,336
8,3,EBTadj,v2SmallEBTadj3a.bmp,small,3,779,3,337
8,5,EBTadj,v2FullEBTadj5d.bmp,full,2,527,3,338
8,5,EBTadj,v2sdEBTadj5b.bmp,SD,3,550,3,339
8,8,EBTadj,v2SmallEBTadj8h.bmp,small,4,481,3,340
8,8,EBTadj,v2FullEBTadj8a.bmp,full,2,552,3,341
8,3,EBTadj,v2sdEBTadj3b.bmp,SD,2,602,3,342
8,5,EBTadj,v2sdEBTadj5g.bmp,SD,2,534,3,343
8,8,EBTadj,v2FullEBTadj8f.bmp,full,2,532,3,344
8,3,EBTadj,v2SmallEBTadj3g.bmp,small,3,606,3,345
8,8,EBTadj,v2SmallEBTadj8e.bmp,small,4,587,3,346
8,5,EBTadj,v2FullEBTadj5f.bmp,full,2,543,3,347
8,8,EBTadj,v2sdEBTadj8d.bmp,SD,4,529,3,348
8,5,EBTadj,v2sdEBTadj5j.bmp,SD,3,500,3,349
8,0,EBTadj,v2SmallEBTadj0j.bmp,small,2,474,3,350
8,8,EBTadj,v2FullEBTadj8i.bmp,full,3,562,3,351
8,8,EBTadj,v2FullEBTadj8g.bmp,full,2,426,3,352
8,5,EBTadj,v2SmallEBTadj5a.bmp,small,3,1552,3,353
8,5,EBTadj,v2FullEBTadj5i.bmp,full,2,561,3,354
8,5,EBTadj,v2FullEBTadj5a.bmp,full,2,550,3,355
8,8,EBTadj,v2FullEBTadj8b.bmp,full,2,3746,3,356
8,3,EBTadj,v2SmallEBTadj3b.bmp,small,3,1460,3,357
8,5,EBTadj,v2SmallEBTadj5b.bmp,small,4,855,3,358
8,3,EBTadj,v2SmallEBTadj3c.bmp,small,4,453,3,359
8,8,EBTadj,v2sdEBTadj8e.bmp,SD,4,2063,3,360
8,5,EBTadj,v2sdEBTadj5f.bmp,SD,4,2778,4,361
8,5,EBTadj,v2FullEBTadj5h.bmp,full,2,664,4,362
8,0,EBTadj,v2FullEBTadj0d.bmp,full,2,460,4,363
8,3,EBTadj,v2sdEBTadj3e.bmp,SD,2,614,4,364
8,0,EBTadj,v2SmallEBTadj0a.bmp,small,2,429,4,365
8,3,EBTadj,v2SmallEBTadj3d.bmp,small,3,623,4,366
8,5,EBTadj,v2FullEBTadj5i.bmp,full,2,533,4,367
8,0,EBTadj,v2SmallEBTadj0g.bmp,small,2,450,4,368
8,5,EBTadj,v2sdEBTadj5a.bmp,SD,3,594,4,369
8,3,EBTadj,v2SmallEBTadj3g.bmp,small,3,434,4,370
8,3,EBTadj,v2FullEBTadj3c.bmp,full,2,505,4,371
8,8,EBTadj,v2sdEBTadj8j.bmp,SD,4,594,4,372
8,5,EBTadj,v2SmallEBTadj5b.bmp,small,3,883,4,373
8,8,EBTadj,v2FullEBTadj8d.bmp,full,2,646,4,374
8,5,EBTadj,v2sdEBTadj5b.bmp,SD,3,519,4,375
8,3,EBTadj,v2SmallEBTadj3c.bmp,small,3,515,4,376
8,0,EBTadj,v2sdEBTadj0d.bmp,SD,2,530,4,377
8,5,EBTadj,v2FullEBTadj5j.bmp,full,2,389,4,378
8,0,EBTadj,v2sdEBTadj0a.bmp,SD,2,456,4,379
8,0,EBTadj,v2FullEBTadj0g.bmp,full,2,305,4,380
8,3,EBTadj,v2SmallEBTadj3i.bmp,small,4,497,4,381
8,0,EBTadj,v2sdEBTadj0c.bmp,SD,2,513,4,382
8,0,EBTadj,v2FullEBTadj0e.bmp,full,2,470,4,383
8,5,EBTadj,v2sdEBTadj5h.bmp,SD,3,553,4,384
8,0,EBTadj,v2sdEBTadj0f.bmp,SD,2,463,4,385
8,8,EBTadj,v2FullEBTadj8a.bmp,full,3,415,4,386
8,0,EBTadj,v2SmallEBTadj0c.bmp,small,2,404,4,387
8,8,EBTadj,v2sdEBTadj8c.bmp,SD,4,588,4,388
8,0,EBTadj,v2FullEBTadj0i.bmp,full,1,1383,4,389
8,5,EBTadj,v2SmallEBTadj5g.bmp,small,4,765,4,390
8,3,EBTadj,v2SmallEBTadj3a.bmp,small,3,411,4,391
8,0,EBTadj,v2SmallEBTadj0d.bmp,small,2,488,4,392
8,8,EBTadj,v2SmallEBTadj8i.bmp,small,4,482,4,393
8,3,EBTadj,v2FullEBTadj3f.bmp,full,2,636,4,394
8,5,EBTadj,v2FullEBTadj5d.bmp,full,2,852,4,395
8,5,EBTadj,v2SmallEBTadj5a.bmp,small,4,684,4,396
8,5,EBTadj,v2SmallEBTadj5j.bmp,small,4,505,4,397
8,8,EBTadj,v2FullEBTadj8c.bmp,full,2,651,4,398
8,0,EBTadj,v2sdEBTadj0j.bmp,SD,2,686,4,399
8,3,EBTadj,v2SmallEBTadj3f.bmp,small,3,591,4,400
8,0,EBTadj,v2sdEBTadj0e.bmp,SD,2,482,4,401
8,8,EBTadj,v2sdEBTadj8d.bmp,SD,4,598,4,402
8,8,EBTadj,v2sdEBTadj8g.bmp,SD,4,526,4,403
8,0,EBTadj,v2sdEBTadj0i.bmp,SD,2,532,4,404
8,8,EBTadj,v2SmallEBTadj8h.bmp,small,4,511,4,405
8,8,EBTadj,v2FullEBTadj8i.bmp,full,2,468,4,406
8,5,EBTadj,v2sdEBTadj5j.bmp,SD,3,767,4,407
8,0,EBTadj,v2FullEBTadj0f.bmp,full,2,680,4,408
8,5,EBTadj,v2SmallEBTadj5c.bmp,small,4,662,4,409
8,3,EBTadj,v2FullEBTadj3d.bmp,full,2,420,4,410
8,8,EBTadj,v2FullEBTadj8g.bmp,full,2,432,4,411
8,3,EBTadj,v2sdEBTadj3f.bmp,SD,2,364,4,412
8,8,EBTadj,v2SmallEBTadj8j.bmp,small,4,1046,4,413
8,8,EBTadj,v2sdEBTadj8a.bmp,SD,4,588,4,414
8,5,EBTadj,v2SmallEBTadj5i.bmp,small,4,407,4,415
8,3,EBTadj,v2FullEBTadj3b.bmp,full,2,496,4,416
8,3,EBTadj,v2SmallEBTadj3h.bmp,small,3,557,4,417
8,5,EBTadj,v2sdEBTadj5d.bmp,SD,3,393,4,418
8,5,EBTadj,v2sdEBTadj5i.bmp,SD,3,349,4,419
8,3,EBTadj,v2FullEBTadj3a.bmp,full,2,534,4,420
8,3,EBTadj,v2SmallEBTadj3b.bmp,small,2,432,4,421
8,8,EBTadj,v2sdEBTadj8e.bmp,SD,4,680,4,422
8,8,EBTadj,v2sdEBTadj8i.bmp,SD,4,765,4,423
8,5,EBTadj,v2sdEBTadj5e.bmp,SD,4,438,4,424
8,0,EBTadj,v2SmallEBTadj0i.bmp,small,2,475,4,425
8,8,EBTadj,v2FullEBTadj8j.bmp,full,2,455,4,426
8,8,EBTadj,v2sdEBTadj8h.bmp,SD,4,544,4,427
8,5,EBTadj,v2SmallEBTadj5d.bmp,small,4,396,4,428
8,0,EBTadj,v2FullEBTadj0j.bmp,full,2,757,4,429
8,0,EBTadj,v2FullEBTadj0h.bmp,full,2,557,4,430
8,8,EBTadj,v2FullEBTadj8e.bmp,full,2,605,4,431
8,3,EBTadj,v2sdEBTadj3h.bmp,SD,2,417,4,432
8,8,EBTadj,v2sdEBTadj8f.bmp,SD,4,593,4,433
8,0,EBTadj,v2sdEBTadj0h.bmp,SD,2,472,4,434
8,8,EBTadj,v2FullEBTadj8b.bmp,full,2,525,4,435
8,3,EBTadj,v2FullEBTadj3j.bmp,full,2,432,4,436
8,0,EBTadj,v2FullEBTadj0c.bmp,full,2,350,4,437
8,3,EBTadj,v2FullEBTadj3g.bmp,full,2,397,4,438
8,5,EBTadj,v2FullEBTadj5c.bmp,full,2,375,4,439
8,8,EBTadj,v2sdEBTadj8b.bmp,SD,4,743,4,440
8,0,EBTadj,v2SmallEBTadj0j.bmp,small,2,433,4,441
8,0,EBTadj,v2SmallEBTadj0h.bmp,small,2,612,4,442
8,8,EBTadj,v2SmallEBTadj8f.bmp,small,4,924,4,443
8,5,EBTadj,v2sdEBTadj5c.bmp,SD,3,827,4,444
8,0,EBTadj,v2SmallEBTadj0f.bmp,small,2,492,4,445
8,5,EBTadj,v2FullEBTadj5e.bmp,full,2,429,4,446
8,8,EBTadj,v2FullEBTadj8h.bmp,full,2,373,4,447
8,8,EBTadj,v2FullEBTadj8f.bmp,full,2,756,4,448
8,3,EBTadj,v2SmallEBTadj3j.bmp,small,3,2672,4,449
8,3,EBTadj,v2SmallEBTadj3e.bmp,small,3,1062,4,450
8,0,EBTadj,v2SmallEBTadj0b.bmp,small,2,474,4,451
8,0,EBTadj,v2FullEBTadj0a.bmp,full,2,638,4,452
8,0,EBTadj,v2FullEBTadj0b.bmp,full,2,624,4,453
8,8,EBTadj,v2SmallEBTadj8b.bmp,small,4,1347,4,454
8,8,EBTadj,v2SmallEBTadj8c.bmp,small,4,421,4,455
8,5,EBTadj,v2FullEBTadj5a.bmp,full,2,566,4,456
8,8,EBTadj,v2SmallEBTadj8g.bmp,small,4,600,4,457
8,0,EBTadj,v2SmallEBTadj0e.bmp,small,2,849,4,458
8,5,EBTadj,v2SmallEBTadj5h.bmp,small,4,4374,4,459
8,3,EBTadj,v2sdEBTadj3i.bmp,SD,2,544,4,460
8,8,EBTadj,v2SmallEBTadj8a.bmp,small,4,569,4,461
8,5,EBTadj,v2sdEBTadj5g.bmp,SD,3,576,4,462
8,3,EBTadj,v2sdEBTadj3b.bmp,SD,3,482,4,463
8,5,EBTadj,v2FullEBTadj5b.bmp,full,2,411,4,464
8,3,EBTadj,v2sdEBTadj3g.bmp,SD,3,672,4,465
8,5,EBTadj,v2SmallEBTadj5f.bmp,small,4,685,4,466
8,5,EBTadj,v2FullEBTadj5g.bmp,full,2,537,4,467
8,0,EBTadj,v2sdEBTadj0b.bmp,SD,2,746,4,468
8,8,EBTadj,v2SmallEBTadj8e.bmp,small,4,512,4,469
8,5,EBTadj,v2FullEBTadj5f.bmp,full,2,492,4,470
8,3,EBTadj,v2sdEBTadj3c.bmp,SD,3,620,4,471
8,3,EBTadj,v2sdEBTadj3j.bmp,SD,3,1080,4,472
8,3,EBTadj,v2FullEBTadj3e.bmp,full,2,570,4,473
8,3,EBTadj,v2sdEBTadj3d.bmp,SD,3,650,4,474
8,8,EBTadj,v2SmallEBTadj8d.bmp,small,4,508,4,475
8,3,EBTadj,v2FullEBTadj3h.bmp,full,2,424,4,476
8,0,EBTadj,v2sdEBTadj0g.bmp,SD,2,466,4,477
8,5,EBTadj,v2SmallEBTadj5e.bmp,small,4,527,4,478
8,3,EBTadj,v2FullEBTadj3i.bmp,full,2,491,4,479
8,3,EBTadj,v2sdEBTadj3a.bmp,SD,3,543,4,480
9,0,EBTadj,v2sdEBTadj0g.bmp,SD,3,8602,1,1
9,8,EBTadj,v2SmallEBTadj8f.bmp,small,2,6427,1,2
9,0,EBTadj,v2FullEBTadj0e.bmp,full,3,18108,1,3
9,8,EBTadj,v2sdEBTadj8i.bmp,SD,4,1445,1,4
9,3,EBTadj,v2SmallEBTadj3c.bmp,small,4,1052,1,5
9,0,EBTadj,v2SmallEBTadj0b.bmp,small,2,1618,1,6
9,0,EBTadj,v2sdEBTadj0d.bmp,SD,2,1145,1,7
9,0,EBTadj,v2SmallEBTadj0i.bmp,small,4,1395,1,8
9,8,EBTadj,v2sdEBTadj8e.bmp,SD,4,1828,1,9
9,5,EBTadj,v2SmallEBTadj5a.bmp,small,4,1163,1,10
9,5,EBTadj,v2FullEBTadj5a.bmp,full,2,1348,1,11
9,3,EBTadj,v2FullEBTadj3j.bmp,full,2,1294,1,12
9,8,EBTadj,v2sdEBTadj8f.bmp,SD,4,826,1,13
9,3,EBTadj,v2SmallEBTadj3e.bmp,small,4,848,1,14
9,8,EBTadj,v2SmallEBTadj8h.bmp,small,4,590,1,15
9,3,EBTadj,v2sdEBTadj3a.bmp,SD,3,1550,1,16
9,3,EBTadj,v2SmallEBTadj3d.bmp,small,4,1024,1,17
9,0,EBTadj,v2sdEBTadj0a.bmp,SD,2,3255,1,18
9,5,EBTadj,v2FullEBTadj5b.bmp,full,2,1133,1,19
9,5,EBTadj,v2sdEBTadj5g.bmp,SD,4,1752,1,20
9,0,EBTadj,v2sdEBTadj0i.bmp,SD,2,1138,1,21
9,8,EBTadj,v2FullEBTadj8e.bmp,full,2,828,1,22
9,8,EBTadj,v2SmallEBTadj8e.bmp,small,4,819,1,23
9,3,EBTadj,v2SmallEBTadj3i.bmp,small,4,818,1,24
9,8,EBTadj,v2FullEBTadj8a.bmp,full,2,913,1,25
9,0,EBTadj,v2FullEBTadj0j.bmp,full,1,1261,1,26
9,0,EBTadj,v2SmallEBTadj0d.bmp,small,2,1562,1,27
9,0,EBTadj,v2SmallEBTadj0g.bmp,small,3,1172,1,28
9,5,EBTadj,v2FullEBTadj5f.bmp,full,2,957,1,29
9,0,EBTadj,v2sdEBTadj0b.bmp,SD,2,918,1,30
9,3,EBTadj,v2FullEBTadj3g.bmp,full,2,714,1,31
9,8,EBTadj,v2FullEBTadj8d.bmp,full,2,1637,1,32
9,3,EBTadj,v2FullEBTadj3f.bmp,full,2,1108,1,33
9,5,EBTadj,v2FullEBTadj5h.bmp,full,2,663,1,34
9,3,EBTadj,v2SmallEBTadj3b.bmp,small,4,836,1,35
9,5,EBTadj,v2sdEBTadj5h.bmp,SD,4,754,1,36
9,8,EBTadj,v2FullEBTadj8b.bmp,full,3,2604,1,37
9,8,EBTadj,v2SmallEBTadj8b.bmp,small,4,676,1,38
9,3,EBTadj,v2FullEBTadj3a.bmp,full,2,777,1,39
9,5,EBTadj,v2SmallEBTadj5i.bmp,small,4,690,1,40
9,8,EBTadj,v2FullEBTadj8h.bmp,full,2,1661,1,41
9,5,EBTadj,v2SmallEBTadj5j.bmp,small,4,731,1,42
9,8,EBTadj,v2FullEBTadj8f.bmp,full,2,846,1,43
9,3,EBTadj,v2FullEBTadj3d.bmp,full,2,996,1,44
9,8,EBTadj,v2SmallEBTadj8i.bmp,small,4,732,1,45
9,8,EBTadj,v2sdEBTadj8h.bmp,SD,4,542,1,46
9,5,EBTadj,v2sdEBTadj5e.bmp,SD,4,464,1,47
9,8,EBTadj,v2FullEBTadj8j.bmp,full,2,717,1,48
9,3,EBTadj,v2sdEBTadj3i.bmp,SD,4,793,1,49
9,0,EBTadj,v2SmallEBTadj0j.bmp,small,2,689,1,50
9,3,EBTadj,v2sdEBTadj3d.bmp,SD,3,4933,1,51
9,8,EBTadj,v2FullEBTadj8c.bmp,full,2,1353,1,52
9,5,EBTadj,v2FullEBTadj5j.bmp,full,2,763,1,53
9,0,EBTadj,v2FullEBTadj0d.bmp,full,2,700,1,54
9,8,EBTadj,v2SmallEBTadj8j.bmp,small,4,1120,1,55
9,3,EBTadj,v2FullEBTadj3b.bmp,full,2,4970,1,56
9,5,EBTadj,v2sdEBTadj5f.bmp,SD,4,573,1,57
9,3,EBTadj,v2SmallEBTadj3h.bmp,small,4,565,1,58
9,3,EBTadj,v2SmallEBTadj3g.bmp,small,4,438,1,59
9,3,EBTadj,v2sdEBTadj3j.bmp,SD,3,1309,1,60
9,5,EBTadj,v2sdEBTadj5a.bmp,SD,4,512,1,61
9,0,EBTadj,v2FullEBTadj0c.bmp,full,1,1068,1,62
9,0,EBTadj,v2sdEBTadj0h.bmp,SD,2,1017,1,63
9,8,EBTadj,v2sdEBTadj8d.bmp,SD,4,800,1,64
9,8,EBTadj,v2SmallEBTadj8c.bmp,small,4,576,1,65
9,8,EBTadj,v2SmallEBTadj8d.bmp,small,4,545,1,66
9,5,EBTadj,v2sdEBTadj5d.bmp,SD,4,563,1,67
9,0,EBTadj,v2FullEBTadj0f.bmp,full,1,964,1,68
9,3,EBTadj,v2SmallEBTadj3f.bmp,small,4,1173,1,69
9,5,EBTadj,v2sdEBTadj5c.bmp,SD,4,526,1,70
9,0,EBTadj,v2FullEBTadj0a.bmp,full,1,865,1,71
9,8,EBTadj,v2FullEBTadj8g.bmp,full,2,3134,1,72
9,8,EBTadj,v2FullEBTadj8i.bmp,full,3,1049,1,73
9,3,EBTadj,v2FullEBTadj3e.bmp,full,2,1167,1,74
9,0,EBTadj,v2sdEBTadj0c.bmp,SD,2,1289,1,75
9,3,EBTadj,v2sdEBTadj3g.bmp,SD,4,1037,1,76
9,5,EBTadj,v2FullEBTadj5i.bmp,full,2,1275,1,77
9,5,EBTadj,v2FullEBTadj5c.bmp,full,2,792,1,78
9,0,EBTadj,v2SmallEBTadj0c.bmp,small,2,1544,1,79
9,5,EBTadj,v2sdEBTadj5j.bmp,SD,4,2138,1,80
9,8,EBTadj,v2SmallEBTadj8a.bmp,small,4,949,1,81
9,0,EBTadj,v2SmallEBTadj0h.bmp,small,3,1807,1,82
9,5,EBTadj,v2SmallEBTadj5b.bmp,small,4,1183,1,83
9,5,EBTadj,v2sdEBTadj5i.bmp,SD,4,911,1,84
9,3,EBTadj,v2SmallEBTadj3j.bmp,small,4,995,1,85
9,3,EBTadj,v2sdEBTadj3h.bmp,SD,3,1179,1,86
9,5,EBTadj,v2FullEBTadj5d.bmp,full,2,1915,1,87
9,8,EBTadj,v2sdEBTadj8b.bmp,SD,4,975,1,88
9,0,EBTadj,v2sdEBTadj0j.bmp,SD,2,1744,1,89
9,0,EBTadj,v2FullEBTadj0h.bmp,full,2,1138,1,90
9,5,EBTadj,v2SmallEBTadj5c.bmp,small,4,1293,1,91
9,3,EBTadj,v2FullEBTadj3c.bmp,full,2,1177,1,92
9,3,EBTadj,v2SmallEBTadj3a.bmp,small,4,1090,1,93
9,0,EBTadj,v2SmallEBTadj0e.bmp,small,2,1326,1,94
9,5,EBTadj,v2SmallEBTadj5d.bmp,small,4,873,1,95
9,5,EBTadj,v2FullEBTadj5e.bmp,full,2,1621,1,96
9,5,EBTadj,v2SmallEBTadj5e.bmp,small,4,333,1,97
9,0,EBTadj,v2sdEBTadj0f.bmp,SD,2,526,1,98
9,5,EBTadj,v2SmallEBTadj5g.bmp,small,4,529,1,99
9,8,EBTadj,v2sdEBTadj8g.bmp,SD,4,588,1,100
9,3,EBTadj,v2FullEBTadj3i.bmp,full,2,564,1,101
9,3,EBTadj,v2sdEBTadj3e.bmp,SD,4,349,1,102
9,5,EBTadj,v2FullEBTadj5g.bmp,full,3,471,1,103
9,0,EBTadj,v2sdEBTadj0e.bmp,SD,2,1020,1,104
9,5,EBTadj,v2sdEBTadj5b.bmp,SD,4,788,1,105
9,0,EBTadj,v2FullEBTadj0i.bmp,full,1,948,1,106
9,0,EBTadj,v2SmallEBTadj0f.bmp,small,3,774,1,107
9,0,EBTadj,v2FullEBTadj0b.bmp,full,1,910,1,108
9,8,EBTadj,v2sdEBTadj8c.bmp,SD,4,618,1,109
9,0,EBTadj,v2FullEBTadj0g.bmp,full,1,1041,1,110
9,5,EBTadj,v2SmallEBTadj5f.bmp,small,4,703,1,111
9,8,EBTadj,v2sdEBTadj8j.bmp,SD,4,739,1,112
9,3,EBTadj,v2sdEBTadj3b.bmp,SD,3,709,1,113
9,8,EBTadj,v2sdEBTadj8a.bmp,SD,4,304,1,114
9,0,EBTadj,v2SmallEBTadj0a.bmp,small,2,1116,1,115
9,5,EBTadj,v2SmallEBTadj5h.bmp,small,3,567,1,116
9,8,EBTadj,v2SmallEBTadj8g.bmp,small,4,529,1,117
9,3,EBTadj,v2sdEBTadj3f.bmp,SD,3,851,1,118
9,3,EBTadj,v2FullEBTadj3h.bmp,full,2,865,1,119
9,3,EBTadj,v2sdEBTadj3c.bmp,SD,3,1014,1,120
9,8,EBTadj,v2SmallEBTadj8d.bmp,small,4,710,2,121
9,0,EBTadj,v2SmallEBTadj0j.bmp,small,2,1129,2,122
9,3,EBTadj,v2FullEBTadj3b.bmp,full,2,884,2,123
9,5,EBTadj,v2FullEBTadj5a.bmp,full,2,624,2,124
9,0,EBTadj,v2SmallEBTadj0g.bmp,small,3,902,2,125
9,8,EBTadj,v2FullEBTadj8e.bmp,full,2,538,2,126
9,0,EBTadj,v2SmallEBTadj0i.bmp,small,3,372,2,127
9,0,EBTadj,v2sdEBTadj0b.bmp,SD,2,452,2,128
9,3,EBTadj,v2SmallEBTadj3e.bmp,small,4,722,2,129
9,8,EBTadj,v2FullEBTadj8d.bmp,full,3,797,2,130
9,3,EBTadj,v2sdEBTadj3e.bmp,SD,3,437,2,131
9,0,EBTadj,v2SmallEBTadj0h.bmp,small,2,659,2,132
9,3,EBTadj,v2SmallEBTadj3c.bmp,small,3,593,2,133
9,8,EBTadj,v2SmallEBTadj8f.bmp,small,4,577,2,134
9,0,EBTadj,v2sdEBTadj0g.bmp,SD,2,1009,2,135
9,3,EBTadj,v2FullEBTadj3e.bmp,full,2,1545,2,136
9,8,EBTadj,v2FullEBTadj8g.bmp,full,2,571,2,137
9,3,EBTadj,v2SmallEBTadj3f.bmp,small,3,564,2,138
9,5,EBTadj,v2sdEBTadj5a.bmp,SD,3,477,2,139
9,8,EBTadj,v2SmallEBTadj8i.bmp,small,3,426,2,140
9,8,EBTadj,v2SmallEBTadj8j.bmp,small,4,480,2,141
9,5,EBTadj,v2sdEBTadj5e.bmp,SD,4,421,2,142
9,0,EBTadj,v2FullEBTadj0f.bmp,full,1,1012,2,143
9,0,EBTadj,v2FullEBTadj0a.bmp,full,1,939,2,144
9,5,EBTadj,v2SmallEBTadj5h.bmp,small,4,1045,2,145
9,8,EBTadj,v2FullEBTadj8h.bmp,full,2,1315,2,146
9,8,EBTadj,v2SmallEBTadj8e.bmp,small,4,1719,2,147
9,3,EBTadj,v2SmallEBTadj3i.bmp,small,4,626,2,148
9,8,EBTadj,v2SmallEBTadj8g.bmp,small,4,673,2,149
9,8,EBTadj,v2SmallEBTadj8a.bmp,small,4,549,2,150
9,0,EBTadj,v2SmallEBTadj0d.bmp,small,3,943,2,151
9,5,EBTadj,v2FullEBTadj5b.bmp,full,2,849,2,152
9,8,EBTadj,v2sdEBTadj8h.bmp,SD,4,511,2,153
9,0,EBTadj,v2sdEBTadj0i.bmp,SD,2,1090,2,154
9,3,EBTadj,v2SmallEBTadj3h.bmp,small,3,1814,2,155
9,0,EBTadj,v2FullEBTadj0b.bmp,full,1,1029,2,156
9,5,EBTadj,v2SmallEBTadj5j.bmp,small,4,1460,2,157
9,3,EBTadj,v2FullEBTadj3g.bmp,full,2,1394,2,158
9,3,EBTadj,v2FullEBTadj3d.bmp,full,2,642,2,159
9,5,EBTadj,v2SmallEBTadj5b.bmp,small,4,2616,2,160
9,3,EBTadj,v2FullEBTadj3f.bmp,full,2,1504,2,161
9,0,EBTadj,v2sdEBTadj0c.bmp,SD,2,1307,2,162
9,3,EBTadj,v2FullEBTadj3h.bmp,full,2,743,2,163
9,8,EBTadj,v2FullEBTadj8j.bmp,full,2,529,2,164
9,5,EBTadj,v2SmallEBTadj5a.bmp,small,4,1155,2,165
9,3,EBTadj,v2SmallEBTadj3a.bmp,small,4,541,2,166
9,5,EBTadj,v2SmallEBTadj5d.bmp,small,4,703,2,167
9,8,EBTadj,v2sdEBTadj8b.bmp,SD,4,546,2,168
9,0,EBTadj,v2FullEBTadj0i.bmp,full,1,948,2,169
9,0,EBTadj,v2FullEBTadj0h.bmp,full,1,502,2,170
9,3,EBTadj,v2sdEBTadj3g.bmp,SD,2,1081,2,171
9,3,EBTadj,v2FullEBTadj3i.bmp,full,2,1166,2,172
9,8,EBTadj,v2SmallEBTadj8c.bmp,small,4,870,2,173
9,8,EBTadj,v2sdEBTadj8g.bmp,SD,4,427,2,174
9,0,EBTadj,v2SmallEBTadj0c.bmp,small,2,1897,2,175
9,5,EBTadj,v2SmallEBTadj5e.bmp,small,4,790,2,176
9,0,EBTadj,v2sdEBTadj0a.bmp,SD,2,878,2,177
9,5,EBTadj,v2FullEBTadj5d.bmp,full,2,618,2,178
9,8,EBTadj,v2sdEBTadj8j.bmp,SD,4,650,2,179
9,5,EBTadj,v2SmallEBTadj5i.bmp,small,4,504,2,180
9,0,EBTadj,v2sdEBTadj0d.bmp,SD,2,1115,2,181
9,0,EBTadj,v2FullEBTadj0c.bmp,full,1,759,2,182
9,8,EBTadj,v2sdEBTadj8c.bmp,SD,4,688,2,183
9,5,EBTadj,v2SmallEBTadj5c.bmp,small,4,621,2,184
9,3,EBTadj,v2SmallEBTadj3d.bmp,small,4,532,2,185
9,0,EBTadj,v2SmallEBTadj0b.bmp,small,2,1278,2,186
9,0,EBTadj,v2sdEBTadj0f.bmp,SD,2,683,2,187
9,0,EBTadj,v2FullEBTadj0e.bmp,full,1,888,2,188
9,8,EBTadj,v2FullEBTadj8c.bmp,full,2,1045,2,189
9,5,EBTadj,v2FullEBTadj5c.bmp,full,2,579,2,190
9,5,EBTadj,v2sdEBTadj5h.bmp,SD,4,979,2,191
9,5,EBTadj,v2sdEBTadj5g.bmp,SD,3,396,2,192
9,8,EBTadj,v2sdEBTadj8f.bmp,SD,3,396,2,193
9,0,EBTadj,v2sdEBTadj0e.bmp,SD,2,924,2,194
9,3,EBTadj,v2sdEBTadj3d.bmp,SD,3,3573,2,195
9,0,EBTadj,v2SmallEBTadj0e.bmp,small,2,879,2,196
9,5,EBTadj,v2SmallEBTadj5g.bmp,small,4,723,2,197
9,8,EBTadj,v2sdEBTadj8d.bmp,SD,4,494,2,198
9,0,EBTadj,v2sdEBTadj0j.bmp,SD,2,1514,2,199
9,5,EBTadj,v2sdEBTadj5d.bmp,SD,3,2390,2,200
9,5,EBTadj,v2sdEBTadj5b.bmp,SD,3,502,2,201
9,5,EBTadj,v2sdEBTadj5f.bmp,SD,3,594,2,202
9,8,EBTadj,v2SmallEBTadj8b.bmp,small,4,490,2,203
9,8,EBTadj,v2SmallEBTadj8h.bmp,small,4,638,2,204
9,8,EBTadj,v2sdEBTadj8a.bmp,SD,4,644,2,205
9,0,EBTadj,v2SmallEBTadj0f.bmp,small,2,994,2,206
9,3,EBTadj,v2sdEBTadj3a.bmp,SD,2,5946,2,207
9,0,EBTadj,v2FullEBTadj0j.bmp,full,1,806,2,208
9,3,EBTadj,v2sdEBTadj3j.bmp,SD,2,693,2,209
9,3,EBTadj,v2sdEBTadj3c.bmp,SD,2,569,2,210
9,3,EBTadj,v2FullEBTadj3a.bmp,full,2,1082,2,211
9,5,EBTadj,v2sdEBTadj5i.bmp,SD,3,2591,2,212
9,8,EBTadj,v2FullEBTadj8b.bmp,full,2,904,2,213
9,3,EBTadj,v2sdEBTadj3b.bmp,SD,3,980,2,214
9,3,EBTadj,v2sdEBTadj3i.bmp,SD,3,916,2,215
9,3,EBTadj,v2SmallEBTadj3j.bmp,small,3,1224,2,216
9,5,EBTadj,v2FullEBTadj5j.bmp,full,2,958,2,217
9,8,EBTadj,v2FullEBTadj8f.bmp,full,2,831,2,218
9,5,EBTadj,v2FullEBTadj5f.bmp,full,2,822,2,219
9,3,EBTadj,v2SmallEBTadj3g.bmp,small,3,2652,2,220
9,0,EBTadj,v2SmallEBTadj0a.bmp,small,2,899,2,221
9,0,EBTadj,v2FullEBTadj0g.bmp,full,2,1223,2,222
9,5,EBTadj,v2FullEBTadj5e.bmp,full,2,742,2,223
9,3,EBTadj,v2SmallEBTadj3b.bmp,small,3,968,2,224
9,5,EBTadj,v2FullEBTadj5i.bmp,full,2,849,2,225
9,8,EBTadj,v2sdEBTadj8i.bmp,SD,4,711,2,226
9,3,EBTadj,v2sdEBTadj3h.bmp,SD,3,1186,2,227
9,8,EBTadj,v2sdEBTadj8e.bmp,SD,4,355,2,228
9,8,EBTadj,v2FullEBTadj8a.bmp,full,2,805,2,229
9,0,EBTadj,v2sdEBTadj0h.bmp,SD,2,1181,2,230
9,0,EBTadj,v2FullEBTadj0d.bmp,full,1,758,2,231
9,5,EBTadj,v2FullEBTadj5h.bmp,full,2,759,2,232
9,5,EBTadj,v2sdEBTadj5c.bmp,SD,4,800,2,233
9,3,EBTadj,v2FullEBTadj3c.bmp,full,2,6312,2,234
9,8,EBTadj,v2FullEBTadj8i.bmp,full,3,16748,2,235
9,3,EBTadj,v2FullEBTadj3j.bmp,full,2,956,2,236
9,5,EBTadj,v2sdEBTadj5j.bmp,SD,3,965,2,237
9,5,EBTadj,v2SmallEBTadj5f.bmp,small,4,1167,2,238
9,3,EBTadj,v2sdEBTadj3f.bmp,SD,3,1120,2,239
9,5,EBTadj,v2FullEBTadj5g.bmp,full,2,772,2,240
9,3,EBTadj,v2sdEBTadj3h.bmp,SD,3,572,3,241
9,8,EBTadj,v2SmallEBTadj8d.bmp,small,4,1053,3,242
9,8,EBTadj,v2sdEBTadj8i.bmp,SD,4,1123,3,243
9,3,EBTadj,v2sdEBTadj3c.bmp,SD,3,2614,3,244
9,5,EBTadj,v2SmallEBTadj5e.bmp,small,4,1021,3,245
9,8,EBTadj,v2sdEBTadj8a.bmp,SD,4,805,3,246
9,5,EBTadj,v2FullEBTadj5c.bmp,full,2,1005,3,247
9,5,EBTadj,v2SmallEBTadj5g.bmp,small,4,1269,3,248
9,5,EBTadj,v2SmallEBTadj5b.bmp,small,4,970,3,249
9,5,EBTadj,v2sdEBTadj5f.bmp,SD,4,676,3,250
9,8,EBTadj,v2FullEBTadj8b.bmp,full,2,1479,3,251
9,8,EBTadj,v2sdEBTadj8e.bmp,SD,4,1268,3,252
9,3,EBTadj,v2sdEBTadj3a.bmp,SD,3,1994,3,253
9,0,EBTadj,v2FullEBTadj0i.bmp,full,1,1122,3,254
9,0,EBTadj,v2SmallEBTadj0d.bmp,small,2,2901,3,255
9,5,EBTadj,v2FullEBTadj5a.bmp,full,2,778,3,256
9,0,EBTadj,v2FullEBTadj0c.bmp,full,1,762,3,257
9,3,EBTadj,v2sdEBTadj3e.bmp,SD,2,603,3,258
9,0,EBTadj,v2SmallEBTadj0j.bmp,small,2,4299,3,259
9,8,EBTadj,v2SmallEBTadj8g.bmp,small,4,1305,3,260
9,8,EBTadj,v2FullEBTadj8i.bmp,full,2,4884,3,261
9,0,EBTadj,v2FullEBTadj0g.bmp,full,2,1050,3,262
9,3,EBTadj,v2FullEBTadj3e.bmp,full,2,600,3,263
9,3,EBTadj,v2sdEBTadj3f.bmp,SD,3,952,3,264
9,8,EBTadj,v2sdEBTadj8f.bmp,SD,4,1042,3,265
9,8,EBTadj,v2SmallEBTadj8h.bmp,small,4,736,3,266
9,5,EBTadj,v2FullEBTadj5i.bmp,full,2,1667,3,267
9,3,EBTadj,v2SmallEBTadj3h.bmp,small,3,1775,3,268
9,8,EBTadj,v2SmallEBTadj8f.bmp,small,3,400,3,269
9,8,EBTadj,v2SmallEBTadj8i.bmp,small,3,656,3,270
9,0,EBTadj,v2SmallEBTadj0g.bmp,small,2,2653,3,271
9,3,EBTadj,v2sdEBTadj3g.bmp,SD,3,4236,3,272
9,0,EBTadj,v2SmallEBTadj0c.bmp,small,2,1004,3,273
9,5,EBTadj,v2FullEBTadj5f.bmp,full,2,972,3,274
9,8,EBTadj,v2SmallEBTadj8b.bmp,small,4,1149,3,275
9,5,EBTadj,v2FullEBTadj5j.bmp,full,2,1151,3,276
9,8,EBTadj,v2SmallEBTadj8j.bmp,small,4,961,3,277
9,5,EBTadj,v2sdEBTadj5b.bmp,SD,3,1066,3,278
9,0,EBTadj,v2sdEBTadj0b.bmp,SD,2,992,3,279
9,3,EBTadj,v2SmallEBTadj3i.bmp,small,3,1384,3,280
9,3,EBTadj,v2SmallEBTadj3e.bmp,small,3,920,3,281
9,3,EBTadj,v2FullEBTadj3g.bmp,full,2,956,3,282
9,8,EBTadj,v2sdEBTadj8d.bmp,SD,4,1445,3,283
9,0,EBTadj,v2FullEBTadj0b.bmp,full,1,1187,3,284
9,3,EBTadj,v2SmallEBTadj3a.bmp,small,3,2060,3,285
9,5,EBTadj,v2FullEBTadj5h.bmp,full,2,1426,3,286
9,3,EBTadj,v2SmallEBTadj3d.bmp,small,3,5400,3,287
9,0,EBTadj,v2SmallEBTadj0f.bmp,small,2,1465,3,288
9,5,EBTadj,v2SmallEBTadj5h.bmp,small,3,863,3,289
9,3,EBTadj,v2FullEBTadj3b.bmp,full,2,804,3,290
9,5,EBTadj,v2FullEBTadj5e.bmp,full,2,908,3,291
9,8,EBTadj,v2FullEBTadj8g.bmp,full,2,751,3,292
9,0,EBTadj,v2sdEBTadj0j.bmp,SD,2,857,3,293
9,0,EBTadj,v2sdEBTadj0g.bmp,SD,2,871,3,294
9,5,EBTadj,v2sdEBTadj5h.bmp,SD,3,836,3,295
9,8,EBTadj,v2sdEBTadj8j.bmp,SD,4,955,3,296
9,8,EBTadj,v2FullEBTadj8h.bmp,full,2,877,3,297
9,3,EBTadj,v2SmallEBTadj3b.bmp,small,3,1033,3,298
9,8,EBTadj,v2sdEBTadj8h.bmp,SD,4,472,3,299
9,5,EBTadj,v2SmallEBTadj5i.bmp,small,4,1005,3,300
9,5,EBTadj,v2FullEBTadj5d.bmp,full,2,1053,3,301
9,8,EBTadj,v2FullEBTadj8f.bmp,full,2,803,3,302
9,3,EBTadj,v2SmallEBTadj3c.bmp,small,3,739,3,303
9,0,EBTadj,v2FullEBTadj0h.bmp,full,1,1261,3,304
9,5,EBTadj,v2sdEBTadj5d.bmp,SD,3,3906,3,305
9,0,EBTadj,v2FullEBTadj0a.bmp,full,1,1327,3,306
9,5,EBTadj,v2sdEBTadj5g.bmp,SD,3,856,3,307
9,3,EBTadj,v2SmallEBTadj3f.bmp,small,3,774,3,308
9,8,EBTadj,v2SmallEBTadj8a.bmp,small,3,686,3,309
9,5,EBTadj,v2SmallEBTadj5c.bmp,small,4,427,3,310
9,8,EBTadj,v2SmallEBTadj8c.bmp,small,4,729,3,311
9,3,EBTadj,v2FullEBTadj3d.bmp,full,2,964,3,312
9,0,EBTadj,v2SmallEBTadj0b.bmp,small,2,3589,3,313
9,0,EBTadj,v2sdEBTadj0f.bmp,SD,2,1630,3,314
9,5,EBTadj,v2SmallEBTadj5j.bmp,small,3,821,3,315
9,0,EBTadj,v2SmallEBTadj0e.bmp,small,2,1077,3,316
9,3,EBTadj,v2FullEBTadj3c.bmp,full,2,969,3,317
9,5,EBTadj,v2SmallEBTadj5a.bmp,small,3,1419,3,318
9,8,EBTadj,v2sdEBTadj8c.bmp,SD,4,570,3,319
9,3,EBTadj,v2FullEBTadj3j.bmp,full,2,891,3,320
9,8,EBTadj,v2sdEBTadj8g.bmp,SD,4,935,3,321
9,5,EBTadj,v2SmallEBTadj5f.bmp,small,3,722,3,322
9,0,EBTadj,v2sdEBTadj0e.bmp,SD,2,1037,3,323
9,0,EBTadj,v2FullEBTadj0d.bmp,full,1,1171,3,324
9,0,EBTadj,v2SmallEBTadj0a.bmp,small,2,1612,3,325
9,5,EBTadj,v2sdEBTadj5j.bmp,SD,3,580,3,326
9,0,EBTadj,v2sdEBTadj0i.bmp,SD,2,972,3,327
9,0,EBTadj,v2FullEBTadj0f.bmp,full,1,989,3,328
9,5,EBTadj,v2sdEBTadj5c.bmp,SD,3,7788,3,329
9,5,EBTadj,v2sdEBTadj5e.bmp,SD,3,9335,3,330
9,0,EBTadj,v2SmallEBTadj0i.bmp,small,2,828,3,331
9,0,EBTadj,v2FullEBTadj0j.bmp,full,1,1227,3,332
9,3,EBTadj,v2sdEBTadj3b.bmp,SD,3,1778,3,333
9,3,EBTadj,v2FullEBTadj3i.bmp,full,2,771,3,334
9,8,EBTadj,v2SmallEBTadj8e.bmp,small,4,1068,3,335
9,8,EBTadj,v2FullEBTadj8c.bmp,full,2,817,3,336
9,8,EBTadj,v2FullEBTadj8a.bmp,full,2,753,3,337
9,0,EBTadj,v2sdEBTadj0d.bmp,SD,2,811,3,338
9,5,EBTadj,v2sdEBTadj5a.bmp,SD,3,722,3,339
9,0,EBTadj,v2sdEBTadj0c.bmp,SD,2,828,3,340
9,8,EBTadj,v2FullEBTadj8e.bmp,full,2,627,3,341
9,0,EBTadj,v2sdEBTadj0a.bmp,SD,2,1026,3,342
9,3,EBTadj,v2FullEBTadj3f.bmp,full,2,760,3,343
9,3,EBTadj,v2SmallEBTadj3g.bmp,small,3,658,3,344
9,5,EBTadj,v2SmallEBTadj5d.bmp,small,4,599,3,345
9,0,EBTadj,v2sdEBTadj0h.bmp,SD,2,742,3,346
9,5,EBTadj,v2FullEBTadj5g.bmp,full,2,1440,3,347
9,8,EBTadj,v2FullEBTadj8d.bmp,full,2,830,3,348
9,8,EBTadj,v2sdEBTadj8b.bmp,SD,3,917,3,349
9,3,EBTadj,v2sdEBTadj3j.bmp,SD,3,1592,3,350
9,3,EBTadj,v2sdEBTadj3d.bmp,SD,3,392,3,351
9,5,EBTadj,v2FullEBTadj5b.bmp,full,2,968,3,352
9,8,EBTadj,v2FullEBTadj8j.bmp,full,2,793,3,353
9,3,EBTadj,v2SmallEBTadj3j.bmp,small,3,809,3,354
9,0,EBTadj,v2FullEBTadj0e.bmp,full,2,825,3,355
9,0,EBTadj,v2SmallEBTadj0h.bmp,small,3,831,3,356
9,5,EBTadj,v2sdEBTadj5i.bmp,SD,3,950,3,357
9,3,EBTadj,v2sdEBTadj3i.bmp,SD,3,840,3,358
9,3,EBTadj,v2FullEBTadj3h.bmp,full,2,926,3,359
9,3,EBTadj,v2FullEBTadj3a.bmp,full,2,633,3,360
9,8,EBTadj,v2sdEBTadj8h.bmp,SD,4,2111,4,361
9,5,EBTadj,v2sdEBTadj5e.bmp,SD,3,859,4,362
9,8,EBTadj,v2sdEBTadj8i.bmp,SD,4,448,4,363
9,5,EBTadj,v2FullEBTadj5j.bmp,full,2,934,4,364
9,8,EBTadj,v2FullEBTadj8i.bmp,full,2,953,4,365
9,5,EBTadj,v2sdEBTadj5g.bmp,SD,3,1003,4,366
9,5,EBTadj,v2SmallEBTadj5g.bmp,small,3,627,4,367
9,8,EBTadj,v2SmallEBTadj8c.bmp,small,3,626,4,368
9,3,EBTadj,v2FullEBTadj3g.bmp,full,2,791,4,369
9,3,EBTadj,v2sdEBTadj3h.bmp,SD,2,2463,4,370
9,0,EBTadj,v2SmallEBTadj0a.bmp,small,2,765,4,371
9,3,EBTadj,v2sdEBTadj3c.bmp,SD,2,590,4,372
9,3,EBTadj,v2FullEBTadj3h.bmp,full,2,654,4,373
9,8,EBTadj,v2FullEBTadj8j.bmp,full,2,604,4,374
9,8,EBTadj,v2sdEBTadj8b.bmp,SD,3,1372,4,375
9,3,EBTadj,v2SmallEBTadj3h.bmp,small,4,877,4,376
9,8,EBTadj,v2FullEBTadj8b.bmp,full,2,762,4,377
9,8,EBTadj,v2SmallEBTadj8d.bmp,small,4,1427,4,378
9,8,EBTadj,v2sdEBTadj8d.bmp,SD,4,522,4,379
9,5,EBTadj,v2FullEBTadj5e.bmp,full,3,1364,4,380
9,5,EBTadj,v2FullEBTadj5i.bmp,full,2,766,4,381
9,3,EBTadj,v2sdEBTadj3g.bmp,SD,3,879,4,382
9,5,EBTadj,v2sdEBTadj5d.bmp,SD,3,812,4,383
9,0,EBTadj,v2FullEBTadj0e.bmp,full,1,1643,4,384
9,8,EBTadj,v2FullEBTadj8g.bmp,full,2,801,4,385
9,5,EBTadj,v2FullEBTadj5g.bmp,full,2,545,4,386
9,8,EBTadj,v2sdEBTadj8j.bmp,SD,4,5171,4,387
9,0,EBTadj,v2SmallEBTadj0f.bmp,small,2,1341,4,388
9,0,EBTadj,v2FullEBTadj0a.bmp,full,1,1158,4,389
9,5,EBTadj,v2SmallEBTadj5h.bmp,small,4,5288,4,390
9,3,EBTadj,v2sdEBTadj3d.bmp,SD,3,661,4,391
9,3,EBTadj,v2SmallEBTadj3d.bmp,small,3,1339,4,392
9,3,EBTadj,v2SmallEBTadj3f.bmp,small,3,701,4,393
9,3,EBTadj,v2FullEBTadj3f.bmp,full,2,1009,4,394
9,3,EBTadj,v2FullEBTadj3d.bmp,full,2,712,4,395
9,8,EBTadj,v2SmallEBTadj8a.bmp,small,4,851,4,396
9,8,EBTadj,v2sdEBTadj8a.bmp,SD,4,673,4,397
9,3,EBTadj,v2FullEBTadj3e.bmp,full,2,1366,4,398
9,5,EBTadj,v2SmallEBTadj5a.bmp,small,4,2496,4,399
9,5,EBTadj,v2FullEBTadj5b.bmp,full,2,1036,4,400
9,3,EBTadj,v2sdEBTadj3f.bmp,SD,2,1123,4,401
9,5,EBTadj,v2sdEBTadj5b.bmp,SD,3,1182,4,402
9,8,EBTadj,v2sdEBTadj8g.bmp,SD,4,702,4,403
9,5,EBTadj,v2FullEBTadj5d.bmp,full,2,1258,4,404
9,3,EBTadj,v2FullEBTadj3j.bmp,full,2,720,4,405
9,3,EBTadj,v2SmallEBTadj3i.bmp,small,3,707,4,406
9,0,EBTadj,v2sdEBTadj0e.bmp,SD,2,854,4,407
9,0,EBTadj,v2SmallEBTadj0b.bmp,small,2,1324,4,408
9,0,EBTadj,v2sdEBTadj0g.bmp,SD,2,727,4,409
9,0,EBTadj,v2SmallEBTadj0e.bmp,small,2,665,4,410
9,8,EBTadj,v2SmallEBTadj8j.bmp,small,4,1822,4,411
9,0,EBTadj,v2sdEBTadj0c.bmp,SD,2,1765,4,412
9,3,EBTadj,v2FullEBTadj3i.bmp,full,2,847,4,413
9,3,EBTadj,v2FullEBTadj3a.bmp,full,2,1157,4,414
9,5,EBTadj,v2SmallEBTadj5i.bmp,small,4,814,4,415
9,0,EBTadj,v2SmallEBTadj0i.bmp,small,2,1749,4,416
9,8,EBTadj,v2FullEBTadj8a.bmp,full,2,680,4,417
9,5,EBTadj,v2FullEBTadj5a.bmp,full,2,892,4,418
9,0,EBTadj,v2sdEBTadj0a.bmp,SD,2,952,4,419
9,5,EBTadj,v2sdEBTadj5j.bmp,SD,4,1274,4,420
9,0,EBTadj,v2FullEBTadj0c.bmp,full,1,1071,4,421
9,0,EBTadj,v2FullEBTadj0j.bmp,full,1,1189,4,422
9,0,EBTadj,v2sdEBTadj0f.bmp,SD,2,997,4,423
9,0,EBTadj,v2FullEBTadj0g.bmp,full,2,1157,4,424
9,5,EBTadj,v2FullEBTadj5f.bmp,full,2,846,4,425
9,3,EBTadj,v2FullEBTadj3c.bmp,full,2,524,4,426
9,5,EBTadj,v2SmallEBTadj5d.bmp,small,4,1087,4,427
9,8,EBTadj,v2sdEBTadj8e.bmp,SD,4,2139,4,428
9,5,EBTadj,v2SmallEBTadj5c.bmp,small,4,710,4,429
9,5,EBTadj,v2SmallEBTadj5e.bmp,small,4,497,4,430
9,5,EBTadj,v2SmallEBTadj5b.bmp,small,4,549,4,431
9,5,EBTadj,v2sdEBTadj5a.bmp,SD,4,527,4,432
9,5,EBTadj,v2sdEBTadj5c.bmp,SD,3,504,4,433
9,5,EBTadj,v2sdEBTadj5h.bmp,SD,3,428,4,434
9,3,EBTadj,v2SmallEBTadj3g.bmp,small,3,379,4,435
9,8,EBTadj,v2FullEBTadj8e.bmp,full,2,971,4,436
9,0,EBTadj,v2FullEBTadj0f.bmp,full,2,748,4,437
9,0,EBTadj,v2FullEBTadj0i.bmp,full,2,718,4,438
9,0,EBTadj,v2sdEBTadj0i.bmp,SD,2,913,4,439
9,3,EBTadj,v2sdEBTadj3i.bmp,SD,3,1228,4,440
9,5,EBTadj,v2FullEBTadj5c.bmp,full,2,747,4,441
9,0,EBTadj,v2sdEBTadj0b.bmp,SD,2,789,4,442
9,8,EBTadj,v2SmallEBTadj8e.bmp,small,4,1093,4,443
9,0,EBTadj,v2sdEBTadj0d.bmp,SD,2,857,4,444
9,8,EBTadj,v2SmallEBTadj8f.bmp,small,4,1191,4,445
9,3,EBTadj,v2SmallEBTadj3j.bmp,small,3,1983,4,446
9,3,EBTadj,v2FullEBTadj3b.bmp,full,2,912,4,447
9,3,EBTadj,v2SmallEBTadj3e.bmp,small,3,755,4,448
9,5,EBTadj,v2SmallEBTadj5f.bmp,small,3,548,4,449
9,5,EBTadj,v2SmallEBTadj5j.bmp,small,4,1822,4,450
9,0,EBTadj,v2SmallEBTadj0j.bmp,small,2,2797,4,451
9,0,EBTadj,v2sdEBTadj0h.bmp,SD,2,1926,4,452
9,5,EBTadj,v2FullEBTadj5h.bmp,full,2,2857,4,453
9,8,EBTadj,v2sdEBTadj8c.bmp,SD,4,2150,4,454
9,0,EBTadj,v2FullEBTadj0h.bmp,full,1,1336,4,455
9,8,EBTadj,v2sdEBTadj8f.bmp,SD,4,1251,4,456
9,8,EBTadj,v2FullEBTadj8f.bmp,full,2,1137,4,457
9,0,EBTadj,v2sdEBTadj0j.bmp,SD,2,988,4,458
9,0,EBTadj,v2SmallEBTadj0g.bmp,small,3,1044,4,459
9,8,EBTadj,v2FullEBTadj8d.bmp,full,2,1234,4,460
9,3,EBTadj,v2SmallEBTadj3b.bmp,small,3,649,4,461
9,3,EBTadj,v2SmallEBTadj3c.bmp,small,3,351,4,462
9,0,EBTadj,v2FullEBTadj0d.bmp,full,2,929,4,463
9,3,EBTadj,v2SmallEBTadj3a.bmp,small,3,3227,4,464
9,3,EBTadj,v2sdEBTadj3e.bmp,SD,3,403,4,465
9,3,EBTadj,v2sdEBTadj3j.bmp,SD,3,403,4,466
9,3,EBTadj,v2sdEBTadj3a.bmp,SD,3,387,4,467
9,8,EBTadj,v2SmallEBTadj8i.bmp,small,4,475,4,468
9,8,EBTadj,v2SmallEBTadj8b.bmp,small,4,664,4,469
9,0,EBTadj,v2SmallEBTadj0d.bmp,small,3,653,4,470
9,5,EBTadj,v2sdEBTadj5f.bmp,SD,4,563,4,471
9,3,EBTadj,v2sdEBTadj3b.bmp,SD,3,340,4,472
9,8,EBTadj,v2SmallEBTadj8h.bmp,small,4,542,4,473
9,8,EBTadj,v2FullEBTadj8c.bmp,full,2,864,4,474
9,0,EBTadj,v2FullEBTadj0b.bmp,full,1,1301,4,475
9,0,EBTadj,v2SmallEBTadj0c.bmp,small,2,1216,4,476
9,5,EBTadj,v2sdEBTadj5i.bmp,SD,3,936,4,477
9,8,EBTadj,v2SmallEBTadj8g.bmp,small,3,458,4,478
9,8,EBTadj,v2FullEBTadj8h.bmp,full,2,1056,4,479
9,0,EBTadj,v2SmallEBTadj0h.bmp,small,2,2285,4,480
10,0,EBTadj,v2SmallEBTadj0c.bmp,small,2,13020,1,1
10,8,EBTadj,v2SmallEBTadj8i.bmp,small,4,5519,1,2
10,8,EBTadj,v2FullEBTadj8h.bmp,full,2,9804,1,3
10,5,EBTadj,v2sdEBTadj5e.bmp,SD,4,3887,1,4
10,0,EBTadj,v2FullEBTadj0b.bmp,full,1,5901,1,5
10,5,EBTadj,v2sdEBTadj5f.bmp,SD,4,3457,1,6
10,5,EBTadj,v2SmallEBTadj5i.bmp,small,4,3752,1,7
10,3,EBTadj,v2sdEBTadj3f.bmp,SD,4,2067,1,8
10,0,EBTadj,v2SmallEBTadj0h.bmp,small,3,4664,1,9
10,3,EBTadj,v2sdEBTadj3a.bmp,SD,4,1591,1,10
10,0,EBTadj,v2SmallEBTadj0e.bmp,small,2,4015,1,11
10,8,EBTadj,v2FullEBTadj8j.bmp,full,3,5464,1,12
10,8,EBTadj,v2sdEBTadj8c.bmp,SD,4,2551,1,13
10,8,EBTadj,v2SmallEBTadj8j.bmp,small,4,1417,1,14
10,5,EBTadj,v2sdEBTadj5a.bmp,SD,4,1121,1,15
10,0,EBTadj,v2SmallEBTadj0b.bmp,small,3,2459,1,16
10,0,EBTadj,v2FullEBTadj0h.bmp,full,1,2705,1,17
10,3,EBTadj,v2sdEBTadj3e.bmp,SD,3,3125,1,18
10,0,EBTadj,v2sdEBTadj0i.bmp,SD,1,2129,1,19
10,0,EBTadj,v2FullEBTadj0f.bmp,full,1,1492,1,20
10,8,EBTadj,v2SmallEBTadj8g.bmp,small,4,3560,1,21
10,0,EBTadj,v2FullEBTadj0d.bmp,full,1,1882,1,22
10,0,EBTadj,v2FullEBTadj0c.bmp,full,1,2055,1,23
10,8,EBTadj,v2SmallEBTadj8d.bmp,small,4,2725,1,24
10,8,EBTadj,v2SmallEBTadj8c.bmp,small,4,824,1,25
10,8,EBTadj,v2FullEBTadj8f.bmp,full,2,2199,1,26
10,5,EBTadj,v2SmallEBTadj5e.bmp,small,4,1271,1,27
10,3,EBTadj,v2FullEBTadj3f.bmp,full,1,1348,1,28
10,8,EBTadj,v2sdEBTadj8b.bmp,SD,4,1798,1,29
10,0,EBTadj,v2SmallEBTadj0i.bmp,small,2,3718,1,30
10,3,EBTadj,v2FullEBTadj3d.bmp,full,2,1739,1,31
10,5,EBTadj,v2FullEBTadj5e.bmp,full,2,1133,1,32
10,8,EBTadj,v2FullEBTadj8e.bmp,full,2,1080,1,33
10,8,EBTadj,v2sdEBTadj8i.bmp,SD,4,1333,1,34
10,8,EBTadj,v2FullEBTadj8i.bmp,full,2,1359,1,35
10,8,EBTadj,v2SmallEBTadj8h.bmp,small,4,1313,1,36
10,3,EBTadj,v2FullEBTadj3c.bmp,full,1,1644,1,37
10,5,EBTadj,v2sdEBTadj5b.bmp,SD,4,2379,1,38
10,8,EBTadj,v2sdEBTadj8a.bmp,SD,4,580,1,39
10,0,EBTadj,v2SmallEBTadj0d.bmp,small,2,1908,1,40
10,3,EBTadj,v2sdEBTadj3j.bmp,SD,4,2240,1,41
10,0,EBTadj,v2sdEBTadj0g.bmp,SD,2,2135,1,42
10,3,EBTadj,v2FullEBTadj3a.bmp,full,2,657,1,43
10,5,EBTadj,v2sdEBTadj5h.bmp,SD,4,966,1,44
10,3,EBTadj,v2SmallEBTadj3i.bmp,small,4,623,1,45
10,8,EBTadj,v2FullEBTadj8a.bmp,full,2,1534,1,46
10,3,EBTadj,v2sdEBTadj3i.bmp,SD,4,681,1,47
10,0,EBTadj,v2SmallEBTadj0a.bmp,small,2,1966,1,48
10,5,EBTadj,v2SmallEBTadj5a.bmp,small,4,2687,1,49
10,3,EBTadj,v2FullEBTadj3g.bmp,full,2,1293,1,50
10,3,EBTadj,v2FullEBTadj3h.bmp,full,2,705,1,51
10,5,EBTadj,v2sdEBTadj5i.bmp,SD,4,789,1,52
10,3,EBTadj,v2FullEBTadj3i.bmp,full,2,2925,1,53
10,3,EBTadj,v2sdEBTadj3b.bmp,SD,3,3184,1,54
10,5,EBTadj,v2SmallEBTadj5b.bmp,small,4,889,1,55
10,8,EBTadj,v2FullEBTadj8b.bmp,full,2,2181,1,56
10,5,EBTadj,v2FullEBTadj5b.bmp,full,2,751,1,57
10,3,EBTadj,v2SmallEBTadj3c.bmp,small,4,577,1,58
10,8,EBTadj,v2sdEBTadj8e.bmp,SD,4,656,1,59
10,0,EBTadj,v2FullEBTadj0i.bmp,full,1,2917,1,60
10,5,EBTadj,v2FullEBTadj5a.bmp,full,2,1457,1,61
10,0,EBTadj,v2SmallEBTadj0g.bmp,small,2,1303,1,62
10,3,EBTadj,v2sdEBTadj3g.bmp,SD,4,2259,1,63
10,5,EBTadj,v2SmallEBTadj5g.bmp,small,4,809,1,64
10,5,EBTadj,v2sdEBTadj5j.bmp,SD,4,600,1,65
10,0,EBTadj,v2FullEBTadj0g.bmp,full,1,1040,1,66
10,5,EBTadj,v2SmallEBTadj5f.bmp,small,4,870,1,67
10,0,EBTadj,v2FullEBTadj0a.bmp,full,1,948,1,68
10,3,EBTadj,v2SmallEBTadj3d.bmp,small,4,582,1,69
10,8,EBTadj,v2SmallEBTadj8b.bmp,small,4,518,1,70
10,5,EBTadj,v2FullEBTadj5j.bmp,full,2,1545,1,71
10,5,EBTadj,v2sdEBTadj5d.bmp,SD,4,2140,1,72
10,5,EBTadj,v2sdEBTadj5g.bmp,SD,4,558,1,73
10,8,EBTadj,v2sdEBTadj8f.bmp,SD,4,559,1,74
10,5,EBTadj,v2sdEBTadj5c.bmp,SD,4,817,1,75
10,8,EBTadj,v2FullEBTadj8d.bmp,full,2,1240,1,76
10,8,EBTadj,v2sdEBTadj8d.bmp,SD,4,422,1,77
10,5,EBTadj,v2FullEBTadj5i.bmp,full,2,676,1,78
10,3,EBTadj,v2SmallEBTadj3j.bmp,small,4,545,1,79
10,0,EBTadj,v2sdEBTadj0b.bmp,SD,1,1747,1,80
10,0,EBTadj,v2sdEBTadj0a.bmp,SD,1,917,1,81
10,3,EBTadj,v2FullEBTadj3b.bmp,full,1,1232,1,82
10,0,EBTadj,v2FullEBTadj0e.bmp,full,1,911,1,83
10,8,EBTadj,v2SmallEBTadj8a.bmp,small,4,842,1,84
10,3,EBTadj,v2sdEBTadj3c.bmp,SD,3,2248,1,85
10,3,EBTadj,v2SmallEBTadj3h.bmp,small,4,735,1,86
10,5,EBTadj,v2FullEBTadj5g.bmp,full,2,1002,1,87
10,3,EBTadj,v2SmallEBTadj3f.bmp,small,4,650,1,88
10,8,EBTadj,v2FullEBTadj8g.bmp,full,3,928,1,89
10,0,EBTadj,v2sdEBTadj0f.bmp,SD,2,1186,1,90
10,5,EBTadj,v2SmallEBTadj5j.bmp,small,4,619,1,91
10,8,EBTadj,v2sdEBTadj8h.bmp,SD,4,602,1,92
10,3,EBTadj,v2FullEBTadj3j.bmp,full,2,834,1,93
10,0,EBTadj,v2SmallEBTadj0f.bmp,small,2,1609,1,94
10,5,EBTadj,v2SmallEBTadj5d.bmp,small,4,496,1,95
10,0,EBTadj,v2sdEBTadj0h.bmp,SD,1,5507,1,96
10,3,EBTadj,v2SmallEBTadj3b.bmp,small,4,632,1,97
10,8,EBTadj,v2FullEBTadj8c.bmp,full,2,1367,1,98
10,0,EBTadj,v2sdEBTadj0c.bmp,SD,1,1000,1,99
10,3,EBTadj,v2SmallEBTadj3g.bmp,small,4,1120,1,100
10,0,EBTadj,v2sdEBTadj0j.bmp,SD,1,1308,1,101
10,3,EBTadj,v2sdEBTadj3h.bmp,SD,4,679,1,102
10,3,EBTadj,v2sdEBTadj3d.bmp,SD,3,1228,1,103
10,3,EBTadj,v2SmallEBTadj3e.bmp,small,4,1995,1,104
10,3,EBTadj,v2FullEBTadj3e.bmp,full,1,1147,1,105
10,5,EBTadj,v2FullEBTadj5f.bmp,full,2,1749,1,106
10,5,EBTadj,v2FullEBTadj5d.bmp,full,2,648,1,107
10,8,EBTadj,v2sdEBTadj8g.bmp,SD,4,853,1,108
10,8,EBTadj,v2SmallEBTadj8e.bmp,small,4,580,1,109
10,3,EBTadj,v2SmallEBTadj3a.bmp,small,4,868,1,110
10,0,EBTadj,v2SmallEBTadj0j.bmp,small,2,7688,1,111
10,5,EBTadj,v2FullEBTadj5h.bmp,full,2,1879,1,112
10,5,EBTadj,v2SmallEBTadj5c.bmp,small,4,700,1,113
10,5,EBTadj,v2SmallEBTadj5h.bmp,small,4,600,1,114
10,5,EBTadj,v2FullEBTadj5c.bmp,full,1,992,1,115
10,0,EBTadj,v2sdEBTadj0d.bmp,SD,1,1056,1,116
10,0,EBTadj,v2FullEBTadj0j.bmp,full,1,677,1,117
10,8,EBTadj,v2SmallEBTadj8f.bmp,small,4,538,1,118
10,8,EBTadj,v2sdEBTadj8j.bmp,SD,4,532,1,119
10,0,EBTadj,v2sdEBTadj0e.bmp,SD,1,1591,1,120
10,5,EBTadj,v2SmallEBTadj5a.bmp,small,4,871,2,121
10,8,EBTadj,v2FullEBTadj8a.bmp,full,2,1244,2,122
10,0,EBTadj,v2sdEBTadj0b.bmp,SD,2,1139,2,123
10,0,EBTadj,v2sdEBTadj0j.bmp,SD,2,1381,2,124
10,3,EBTadj,v2sdEBTadj3i.bmp,SD,3,1214,2,125
10,5,EBTadj,v2SmallEBTadj5j.bmp,small,4,1149,2,126
10,8,EBTadj,v2sdEBTadj8j.bmp,SD,4,423,2,127
10,3,EBTadj,v2sdEBTadj3h.bmp,SD,3,1038,2,128
10,5,EBTadj,v2FullEBTadj5j.bmp,full,2,1468,2,129
10,8,EBTadj,v2sdEBTadj8h.bmp,SD,4,722,2,130
10,8,EBTadj,v2sdEBTadj8f.bmp,SD,4,692,2,131
10,5,EBTadj,v2FullEBTadj5f.bmp,full,2,1960,2,132
10,3,EBTadj,v2sdEBTadj3b.bmp,SD,3,1290,2,133
10,3,EBTadj,v2SmallEBTadj3b.bmp,small,4,518,2,134
10,8,EBTadj,v2SmallEBTadj8c.bmp,small,4,889,2,135
10,8,EBTadj,v2sdEBTadj8g.bmp,SD,4,861,2,136
10,5,EBTadj,v2sdEBTadj5j.bmp,SD,4,1155,2,137
10,5,EBTadj,v2SmallEBTadj5i.bmp,small,4,861,2,138
10,0,EBTadj,v2sdEBTadj0a.bmp,SD,2,1866,2,139
10,5,EBTadj,v2sdEBTadj5i.bmp,SD,4,552,2,140
10,5,EBTadj,v2SmallEBTadj5c.bmp,small,4,698,2,141
10,0,EBTadj,v2FullEBTadj0d.bmp,full,1,949,2,142
10,3,EBTadj,v2sdEBTadj3j.bmp,SD,3,951,2,143
10,3,EBTadj,v2FullEBTadj3j.bmp,full,3,962,2,144
10,0,EBTadj,v2SmallEBTadj0h.bmp,small,3,3035,2,145
10,0,EBTadj,v2FullEBTadj0e.bmp,full,1,1026,2,146
10,8,EBTadj,v2FullEBTadj8b.bmp,full,2,785,2,147
10,8,EBTadj,v2sdEBTadj8b.bmp,SD,4,810,2,148
10,5,EBTadj,v2FullEBTadj5g.bmp,full,2,609,2,149
10,3,EBTadj,v2SmallEBTadj3e.bmp,small,4,591,2,150
10,3,EBTadj,v2sdEBTadj3d.bmp,SD,4,623,2,151
10,3,EBTadj,v2SmallEBTadj3g.bmp,small,4,550,2,152
10,8,EBTadj,v2SmallEBTadj8d.bmp,small,4,576,2,153
10,5,EBTadj,v2SmallEBTadj5h.bmp,small,4,528,2,154
10,8,EBTadj,v2sdEBTadj8c.bmp,SD,4,443,2,155
10,0,EBTadj,v2FullEBTadj0c.bmp,full,1,1337,2,156
10,8,EBTadj,v2sdEBTadj8d.bmp,SD,4,579,2,157
10,8,EBTadj,v2FullEBTadj8h.bmp,full,2,931,2,158
10,8,EBTadj,v2FullEBTadj8f.bmp,full,2,694,2,159
10,3,EBTadj,v2SmallEBTadj3f.bmp,small,4,658,2,160
10,0,EBTadj,v2SmallEBTadj0i.bmp,small,2,1351,2,161
10,3,EBTadj,v2sdEBTadj3f.bmp,SD,3,4417,2,162
10,5,EBTadj,v2SmallEBTadj5d.bmp,small,4,1377,2,163
10,3,EBTadj,v2sdEBTadj3g.bmp,SD,4,3562,2,164
10,5,EBTadj,v2SmallEBTadj5g.bmp,small,4,1780,2,165
10,8,EBTadj,v2SmallEBTadj8a.bmp,small,4,509,2,166
10,0,EBTadj,v2FullEBTadj0h.bmp,full,1,1520,2,167
10,3,EBTadj,v2FullEBTadj3a.bmp,full,2,1666,2,168
10,5,EBTadj,v2sdEBTadj5g.bmp,SD,3,2912,2,169
10,0,EBTadj,v2FullEBTadj0g.bmp,full,1,1724,2,170
10,3,EBTadj,v2FullEBTadj3e.bmp,full,1,2591,2,171
10,5,EBTadj,v2SmallEBTadj5b.bmp,small,3,1639,2,172
10,8,EBTadj,v2SmallEBTadj8j.bmp,small,4,1373,2,173
10,8,EBTadj,v2SmallEBTadj8i.bmp,small,4,694,2,174
10,3,EBTadj,v2sdEBTadj3e.bmp,SD,3,2282,2,175
10,8,EBTadj,v2FullEBTadj8g.bmp,full,3,3399,2,176
10,8,EBTadj,v2sdEBTadj8e.bmp,SD,4,624,2,177
10,3,EBTadj,v2FullEBTadj3f.bmp,full,2,1015,2,178
10,5,EBTadj,v2FullEBTadj5e.bmp,full,2,774,2,179
10,0,EBTadj,v2FullEBTadj0j.bmp,full,1,1135,2,180
10,3,EBTadj,v2FullEBTadj3g.bmp,full,1,906,2,181
10,8,EBTadj,v2SmallEBTadj8b.bmp,small,4,973,2,182
10,8,EBTadj,v2sdEBTadj8a.bmp,SD,4,653,2,183
10,3,EBTadj,v2FullEBTadj3i.bmp,full,2,1883,2,184
10,5,EBTadj,v2sdEBTadj5c.bmp,SD,3,1240,2,185
10,3,EBTadj,v2sdEBTadj3a.bmp,SD,3,822,2,186
10,0,EBTadj,v2sdEBTadj0c.bmp,SD,1,1052,2,187
10,3,EBTadj,v2SmallEBTadj3a.bmp,small,4,5315,2,188
10,0,EBTadj,v2SmallEBTadj0c.bmp,small,2,5975,2,189
10,5,EBTadj,v2FullEBTadj5a.bmp,full,2,2074,2,190
10,0,EBTadj,v2sdEBTadj0i.bmp,SD,2,1391,2,191
10,8,EBTadj,v2FullEBTadj8c.bmp,full,3,975,2,192
10,5,EBTadj,v2SmallEBTadj5f.bmp,small,3,1000,2,193
10,0,EBTadj,v2SmallEBTadj0f.bmp,small,3,968,2,194
10,5,EBTadj,v2sdEBTadj5b.bmp,SD,4,849,2,195
10,0,EBTadj,v2sdEBTadj0f.bmp,SD,2,1439,2,196
10,8,EBTadj,v2FullEBTadj8e.bmp,full,2,733,2,197
10,3,EBTadj,v2SmallEBTadj3d.bmp,small,3,1095,2,198
10,0,EBTadj,v2SmallEBTadj0e.bmp,small,2,1811,2,199
10,0,EBTadj,v2SmallEBTadj0d.bmp,small,2,563,2,200
10,8,EBTadj,v2SmallEBTadj8h.bmp,small,4,1004,2,201
10,0,EBTadj,v2sdEBTadj0e.bmp,SD,1,2540,2,202
10,3,EBTadj,v2SmallEBTadj3c.bmp,small,4,5695,2,203
10,5,EBTadj,v2FullEBTadj5c.bmp,full,2,1052,2,204
10,3,EBTadj,v2SmallEBTadj3h.bmp,small,4,1083,2,205
10,5,EBTadj,v2sdEBTadj5d.bmp,SD,4,479,2,206
10,8,EBTadj,v2SmallEBTadj8g.bmp,small,4,428,2,207
10,8,EBTadj,v2FullEBTadj8j.bmp,full,2,1410,2,208
10,0,EBTadj,v2sdEBTadj0d.bmp,SD,2,1050,2,209
10,3,EBTadj,v2FullEBTadj3h.bmp,full,2,584,2,210
10,3,EBTadj,v2FullEBTadj3c.bmp,full,2,552,2,211
10,5,EBTadj,v2FullEBTadj5i.bmp,full,2,642,2,212
10,8,EBTadj,v2SmallEBTadj8e.bmp,small,4,1040,2,213
10,3,EBTadj,v2FullEBTadj3b.bmp,full,2,5157,2,214
10,3,EBTadj,v2sdEBTadj3c.bmp,SD,2,1800,2,215
10,8,EBTadj,v2FullEBTadj8d.bmp,full,2,681,2,216
10,5,EBTadj,v2FullEBTadj5d.bmp,full,2,517,2,217
10,8,EBTadj,v2FullEBTadj8i.bmp,full,2,808,2,218
10,0,EBTadj,v2FullEBTadj0f.bmp,full,2,616,2,219
10,3,EBTadj,v2SmallEBTadj3j.bmp,small,4,1359,2,220
10,5,EBTadj,v2sdEBTadj5f.bmp,SD,4,520,2,221
10,3,EBTadj,v2SmallEBTadj3i.bmp,small,4,660,2,222
10,5,EBTadj,v2sdEBTadj5h.bmp,SD,4,489,2,223
10,0,EBTadj,v2sdEBTadj0h.bmp,SD,4,333,2,224
10,5,EBTadj,v2sdEBTadj5e.bmp,SD,4,1095,2,225
10,3,EBTadj,v2FullEBTadj3d.bmp,full,2,1611,2,226
10,5,EBTadj,v2sdEBTadj5a.bmp,SD,3,1283,2,227
10,0,EBTadj,v2FullEBTadj0i.bmp,full,1,1920,2,228
10,5,EBTadj,v2FullEBTadj5h.bmp,full,2,779,2,229
10,5,EBTadj,v2FullEBTadj5b.bmp,full,2,684,2,230
10,0,EBTadj,v2SmallEBTadj0b.bmp,small,2,641,2,231
10,0,EBTadj,v2FullEBTadj0b.bmp,full,1,983,2,232
10,0,EBTadj,v2SmallEBTadj0j.bmp,small,2,654,2,233
10,0,EBTadj,v2SmallEBTadj0g.bmp,small,2,1076,2,234
10,0,EBTadj,v2FullEBTadj0a.bmp,full,1,1017,2,235
10,5,EBTadj,v2SmallEBTadj5e.bmp,small,4,928,2,236
10,8,EBTadj,v2SmallEBTadj8f.bmp,small,4,395,2,237
10,0,EBTadj,v2SmallEBTadj0a.bmp,small,2,779,2,238
10,0,EBTadj,v2sdEBTadj0g.bmp,SD,2,612,2,239
10,8,EBTadj,v2sdEBTadj8i.bmp,SD,4,643,2,240
10,8,EBTadj,v2SmallEBTadj8j.bmp,small,4,1057,3,241
10,0,EBTadj,v2SmallEBTadj0i.bmp,small,2,814,3,242
10,5,EBTadj,v2sdEBTadj5g.bmp,SD,4,4437,3,243
10,3,EBTadj,v2sdEBTadj3a.bmp,SD,2,1533,3,244
10,0,EBTadj,v2FullEBTadj0f.bmp,full,1,1168,3,245
10,5,EBTadj,v2sdEBTadj5f.bmp,SD,4,1953,3,246
10,3,EBTadj,v2SmallEBTadj3f.bmp,small,4,819,3,247
10,3,EBTadj,v2SmallEBTadj3c.bmp,small,4,1531,3,248
10,3,EBTadj,v2sdEBTadj3b.bmp,SD,2,782,3,249
10,5,EBTadj,v2sdEBTadj5j.bmp,SD,2,646,3,250
10,8,EBTadj,v2FullEBTadj8j.bmp,full,2,931,3,251
10,0,EBTadj,v2FullEBTadj0a.bmp,full,1,910,3,252
10,8,EBTadj,v2SmallEBTadj8a.bmp,small,4,1001,3,253
10,5,EBTadj,v2SmallEBTadj5d.bmp,small,4,617,3,254
10,3,EBTadj,v2sdEBTadj3h.bmp,SD,4,649,3,255
10,5,EBTadj,v2FullEBTadj5h.bmp,full,2,726,3,256
10,3,EBTadj,v2FullEBTadj3a.bmp,full,2,625,3,257
10,5,EBTadj,v2FullEBTadj5b.bmp,full,2,432,3,258
10,0,EBTadj,v2sdEBTadj0b.bmp,SD,2,526,3,259
10,0,EBTadj,v2SmallEBTadj0d.bmp,small,2,465,3,260
10,3,EBTadj,v2FullEBTadj3f.bmp,full,2,678,3,261
10,3,EBTadj,v2FullEBTadj3j.bmp,full,2,395,3,262
10,8,EBTadj,v2SmallEBTadj8c.bmp,small,4,738,3,263
10,5,EBTadj,v2SmallEBTadj5a.bmp,small,4,588,3,264
10,0,EBTadj,v2SmallEBTadj0f.bmp,small,2,708,3,265
10,3,EBTadj,v2FullEBTadj3h.bmp,full,2,679,3,266
10,5,EBTadj,v2FullEBTadj5j.bmp,full,2,436,3,267
10,0,EBTadj,v2FullEBTadj0c.bmp,full,1,1211,3,268
10,8,EBTadj,v2sdEBTadj8a.bmp,SD,4,618,3,269
10,3,EBTadj,v2SmallEBTadj3d.bmp,small,4,1681,3,270
10,3,EBTadj,v2SmallEBTadj3j.bmp,small,4,566,3,271
10,0,EBTadj,v2sdEBTadj0j.bmp,SD,1,1192,3,272
10,0,EBTadj,v2sdEBTadj0a.bmp,SD,1,1023,3,273
10,0,EBTadj,v2FullEBTadj0h.bmp,full,1,757,3,274
10,0,EBTadj,v2FullEBTadj0j.bmp,full,1,639,3,275
10,8,EBTadj,v2SmallEBTadj8i.bmp,small,4,893,3,276
10,8,EBTadj,v2FullEBTadj8e.bmp,full,2,913,3,277
10,8,EBTadj,v2sdEBTadj8i.bmp,SD,4,596,3,278
10,0,EBTadj,v2SmallEBTadj0b.bmp,small,2,756,3,279
10,8,EBTadj,v2sdEBTadj8c.bmp,SD,4,581,3,280
10,5,EBTadj,v2SmallEBTadj5e.bmp,small,4,590,3,281
10,0,EBTadj,v2FullEBTadj0g.bmp,full,1,1054,3,282
10,8,EBTadj,v2FullEBTadj8g.bmp,full,2,1540,3,283
10,5,EBTadj,v2SmallEBTadj5j.bmp,small,4,606,3,284
10,5,EBTadj,v2FullEBTadj5c.bmp,full,2,3357,3,285
10,3,EBTadj,v2sdEBTadj3g.bmp,SD,3,2623,3,286
10,3,EBTadj,v2sdEBTadj3f.bmp,SD,3,719,3,287
10,0,EBTadj,v2SmallEBTadj0j.bmp,small,2,858,3,288
10,8,EBTadj,v2FullEBTadj8c.bmp,full,2,591,3,289
10,0,EBTadj,v2sdEBTadj0g.bmp,SD,1,1279,3,290
10,0,EBTadj,v2FullEBTadj0e.bmp,full,1,1140,3,291
10,0,EBTadj,v2sdEBTadj0d.bmp,SD,2,1213,3,292
10,5,EBTadj,v2FullEBTadj5a.bmp,full,2,1013,3,293
10,0,EBTadj,v2sdEBTadj0f.bmp,SD,2,692,3,294
10,8,EBTadj,v2SmallEBTadj8g.bmp,small,4,928,3,295
10,3,EBTadj,v2sdEBTadj3i.bmp,SD,3,1915,3,296
10,8,EBTadj,v2sdEBTadj8g.bmp,SD,4,494,3,297
10,3,EBTadj,v2sdEBTadj3c.bmp,SD,4,602,3,298
10,8,EBTadj,v2SmallEBTadj8b.bmp,small,4,546,3,299
10,5,EBTadj,v2FullEBTadj5d.bmp,full,2,796,3,300
10,8,EBTadj,v2FullEBTadj8b.bmp,full,2,668,3,301
10,5,EBTadj,v2FullEBTadj5g.bmp,full,2,465,3,302
10,3,EBTadj,v2sdEBTadj3d.bmp,SD,4,1670,3,303
10,5,EBTadj,v2SmallEBTadj5h.bmp,small,4,564,3,304
10,5,EBTadj,v2sdEBTadj5a.bmp,SD,4,549,3,305
10,8,EBTadj,v2SmallEBTadj8d.bmp,small,4,591,3,306
10,8,EBTadj,v2SmallEBTadj8f.bmp,small,4,407,3,307
10,0,EBTadj,v2FullEBTadj0b.bmp,full,1,3622,3,308
10,3,EBTadj,v2SmallEBTadj3h.bmp,small,4,782,3,309
10,3,EBTadj,v2FullEBTadj3c.bmp,full,1,1398,3,310
10,8,EBTadj,v2FullEBTadj8h.bmp,full,1,775,3,311
10,5,EBTadj,v2FullEBTadj5f.bmp,full,1,806,3,312
10,3,EBTadj,v2sdEBTadj3e.bmp,SD,4,726,3,313
10,5,EBTadj,v2SmallEBTadj5c.bmp,small,4,640,3,314
10,0,EBTadj,v2sdEBTadj0h.bmp,SD,2,814,3,315
10,8,EBTadj,v2FullEBTadj8a.bmp,full,2,589,3,316
10,8,EBTadj,v2SmallEBTadj8e.bmp,small,4,549,3,317
10,0,EBTadj,v2sdEBTadj0i.bmp,SD,2,623,3,318
10,8,EBTadj,v2FullEBTadj8f.bmp,full,2,558,3,319
10,5,EBTadj,v2sdEBTadj5d.bmp,SD,2,559,3,320
10,3,EBTadj,v2FullEBTadj3b.bmp,full,2,1312,3,321
10,5,EBTadj,v2SmallEBTadj5b.bmp,small,4,524,3,322
10,8,EBTadj,v2sdEBTadj8j.bmp,SD,4,558,3,323
10,8,EBTadj,v2sdEBTadj8h.bmp,SD,4,504,3,324
10,0,EBTadj,v2SmallEBTadj0e.bmp,small,2,1243,3,325
10,0,EBTadj,v2sdEBTadj0c.bmp,SD,1,1122,3,326
10,5,EBTadj,v2SmallEBTadj5g.bmp,small,4,596,3,327
10,5,EBTadj,v2sdEBTadj5h.bmp,SD,4,788,3,328
10,0,EBTadj,v2SmallEBTadj0h.bmp,small,2,3349,3,329
10,8,EBTadj,v2sdEBTadj8f.bmp,SD,4,608,3,330
10,3,EBTadj,v2FullEBTadj3d.bmp,full,2,919,3,331
10,8,EBTadj,v2FullEBTadj8d.bmp,full,2,738,3,332
10,3,EBTadj,v2SmallEBTadj3g.bmp,small,4,573,3,333
10,5,EBTadj,v2sdEBTadj5c.bmp,SD,3,813,3,334
10,5,EBTadj,v2sdEBTadj5e.bmp,SD,3,852,3,335
10,8,EBTadj,v2sdEBTadj8e.bmp,SD,4,914,3,336
10,3,EBTadj,v2SmallEBTadj3i.bmp,small,3,845,3,337
10,3,EBTadj,v2FullEBTadj3e.bmp,full,2,1187,3,338
10,8,EBTadj,v2SmallEBTadj8h.bmp,small,4,780,3,339
10,0,EBTadj,v2sdEBTadj0e.bmp,SD,1,1301,3,340
10,0,EBTadj,v2SmallEBTadj0g.bmp,small,2,1225,3,341
10,5,EBTadj,v2sdEBTadj5b.bmp,SD,3,1168,3,342
10,3,EBTadj,v2FullEBTadj3i.bmp,full,2,889,3,343
10,3,EBTadj,v2SmallEBTadj3e.bmp,small,2,869,3,344
10,5,EBTadj,v2sdEBTadj5i.bmp,SD,3,850,3,345
10,3,EBTadj,v2sdEBTadj3j.bmp,SD,3,1168,3,346
10,5,EBTadj,v2FullEBTadj5i.bmp,full,2,962,3,347
10,3,EBTadj,v2SmallEBTadj3b.bmp,small,4,2403,3,348
10,5,EBTadj,v2SmallEBTadj5f.bmp,small,4,1532,3,349
10,5,EBTadj,v2SmallEBTadj5i.bmp,small,4,671,3,350
10,0,EBTadj,v2FullEBTadj0i.bmp,full,1,1156,3,351
10,8,EBTadj,v2sdEBTadj8b.bmp,SD,4,829,3,352
10,0,EBTadj,v2SmallEBTadj0a.bmp,small,2,995,3,353
10,0,EBTadj,v2FullEBTadj0d.bmp,full,1,995,3,354
10,8,EBTadj,v2sdEBTadj8d.bmp,SD,4,1627,3,355
10,0,EBTadj,v2SmallEBTadj0c.bmp,small,2,1378,3,356
10,3,EBTadj,v2FullEBTadj3g.bmp,full,2,563,3,357
10,3,EBTadj,v2SmallEBTadj3a.bmp,small,3,4940,3,358
10,8,EBTadj,v2FullEBTadj8i.bmp,full,2,967,3,359
10,5,EBTadj,v2FullEBTadj5e.bmp,full,1,1081,3,360
10,0,EBTadj,v2FullEBTadj0e.bmp,full,1,1054,4,361
10,3,EBTadj,v2sdEBTadj3c.bmp,SD,2,732,4,362
10,5,EBTadj,v2sdEBTadj5g.bmp,SD,3,958,4,363
10,8,EBTadj,v2SmallEBTadj8f.bmp,small,4,1968,4,364
10,8,EBTadj,v2sdEBTadj8a.bmp,SD,4,777,4,365
10,5,EBTadj,v2SmallEBTadj5j.bmp,small,4,658,4,366
10,8,EBTadj,v2FullEBTadj8c.bmp,full,2,935,4,367
10,0,EBTadj,v2sdEBTadj0h.bmp,SD,2,1018,4,368
10,5,EBTadj,v2SmallEBTadj5c.bmp,small,4,2049,4,369
10,5,EBTadj,v2FullEBTadj5j.bmp,full,2,1103,4,370
10,5,EBTadj,v2FullEBTadj5i.bmp,full,2,627,4,371
10,8,EBTadj,v2sdEBTadj8e.bmp,SD,4,729,4,372
10,5,EBTadj,v2FullEBTadj5h.bmp,full,2,492,4,373
10,0,EBTadj,v2FullEBTadj0c.bmp,full,1,3192,4,374
10,0,EBTadj,v2sdEBTadj0e.bmp,SD,1,4673,4,375
10,0,EBTadj,v2FullEBTadj0j.bmp,full,1,759,4,376
10,5,EBTadj,v2sdEBTadj5a.bmp,SD,4,1376,4,377
10,8,EBTadj,v2SmallEBTadj8g.bmp,small,4,713,4,378
10,8,EBTadj,v2sdEBTadj8d.bmp,SD,4,652,4,379
10,3,EBTadj,v2SmallEBTadj3j.bmp,small,4,690,4,380
10,8,EBTadj,v2FullEBTadj8e.bmp,full,2,1182,4,381
10,3,EBTadj,v2SmallEBTadj3c.bmp,small,4,1399,4,382
10,5,EBTadj,v2SmallEBTadj5i.bmp,small,4,663,4,383
10,0,EBTadj,v2SmallEBTadj0i.bmp,small,2,844,4,384
10,0,EBTadj,v2sdEBTadj0f.bmp,SD,2,562,4,385
10,3,EBTadj,v2sdEBTadj3i.bmp,SD,2,2340,4,386
10,0,EBTadj,v2sdEBTadj0c.bmp,SD,1,1109,4,387
10,5,EBTadj,v2sdEBTadj5c.bmp,SD,3,12696,4,388
10,0,EBTadj,v2SmallEBTadj0e.bmp,small,2,1017,4,389
10,0,EBTadj,v2FullEBTadj0a.bmp,full,2,656,4,390
10,5,EBTadj,v2FullEBTadj5d.bmp,full,2,549,4,391
10,0,EBTadj,v2FullEBTadj0g.bmp,full,1,1295,4,392
10,3,EBTadj,v2sdEBTadj3b.bmp,SD,2,3411,4,393
10,3,EBTadj,v2FullEBTadj3h.bmp,full,2,668,4,394
10,5,EBTadj,v2sdEBTadj5j.bmp,SD,3,1105,4,395
10,0,EBTadj,v2SmallEBTadj0h.bmp,small,2,1205,4,396
10,5,EBTadj,v2SmallEBTadj5b.bmp,small,4,1437,4,397
10,3,EBTadj,v2sdEBTadj3h.bmp,SD,2,4523,4,398
10,8,EBTadj,v2sdEBTadj8b.bmp,SD,4,735,4,399
10,5,EBTadj,v2SmallEBTadj5e.bmp,small,4,4897,4,400
10,0,EBTadj,v2FullEBTadj0i.bmp,full,1,1047,4,401
10,0,EBTadj,v2sdEBTadj0j.bmp,SD,1,5605,4,402
10,8,EBTadj,v2FullEBTadj8g.bmp,full,1,1942,4,403
10,8,EBTadj,v2sdEBTadj8c.bmp,SD,4,1064,4,404
10,0,EBTadj,v2sdEBTadj0b.bmp,SD,1,1126,4,405
10,5,EBTadj,v2FullEBTadj5b.bmp,full,1,769,4,406
10,8,EBTadj,v2sdEBTadj8j.bmp,SD,4,954,4,407
10,3,EBTadj,v2SmallEBTadj3h.bmp,small,4,1052,4,408
10,0,EBTadj,v2sdEBTadj0a.bmp,SD,1,1058,4,409
10,5,EBTadj,v2FullEBTadj5g.bmp,full,1,903,4,410
10,3,EBTadj,v2SmallEBTadj3a.bmp,small,4,811,4,411
10,5,EBTadj,v2sdEBTadj5f.bmp,SD,4,579,4,412
10,5,EBTadj,v2SmallEBTadj5g.bmp,small,4,475,4,413
10,0,EBTadj,v2FullEBTadj0b.bmp,full,1,1487,4,414
10,3,EBTadj,v2FullEBTadj3d.bmp,full,1,756,4,415
10,3,EBTadj,v2FullEBTadj3c.bmp,full,1,797,4,416
10,0,EBTadj,v2sdEBTadj0i.bmp,SD,1,653,4,417
10,3,EBTadj,v2sdEBTadj3g.bmp,SD,2,747,4,418
10,5,EBTadj,v2FullEBTadj5c.bmp,full,2,541,4,419
10,0,EBTadj,v2sdEBTadj0d.bmp,SD,2,535,4,420
10,3,EBTadj,v2SmallEBTadj3f.bmp,small,4,1937,4,421
10,8,EBTadj,v2SmallEBTadj8h.bmp,small,4,756,4,422
10,0,EBTadj,v2SmallEBTadj0d.bmp,small,1,1110,4,423
10,8,EBTadj,v2FullEBTadj8a.bmp,full,2,857,4,424
10,8,EBTadj,v2SmallEBTadj8i.bmp,small,4,726,4,425
10,3,EBTadj,v2SmallEBTadj3i.bmp,small,3,1713,4,426
10,8,EBTadj,v2SmallEBTadj8e.bmp,small,4,1317,4,427
10,8,EBTadj,v2SmallEBTadj8j.bmp,small,4,2432,4,428
10,0,EBTadj,v2FullEBTadj0d.bmp,full,1,1103,4,429
10,0,EBTadj,v2SmallEBTadj0b.bmp,small,1,2627,4,430
10,3,EBTadj,v2FullEBTadj3j.bmp,full,1,1163,4,431
10,0,EBTadj,v2sdEBTadj0g.bmp,SD,1,859,4,432
10,8,EBTadj,v2SmallEBTadj8d.bmp,small,4,1168,4,433
10,3,EBTadj,v2sdEBTadj3a.bmp,SD,4,754,4,434
10,8,EBTadj,v2sdEBTadj8f.bmp,SD,4,484,4,435
10,0,EBTadj,v2FullEBTadj0f.bmp,full,1,776,4,436
10,8,EBTadj,v2SmallEBTadj8b.bmp,small,4,593,4,437
10,5,EBTadj,v2SmallEBTadj5a.bmp,small,4,561,4,438
10,3,EBTadj,v2SmallEBTadj3g.bmp,small,4,666,4,439
10,3,EBTadj,v2FullEBTadj3f.bmp,full,4,847,4,440
10,0,EBTadj,v2SmallEBTadj0c.bmp,small,1,1189,4,441
10,8,EBTadj,v2sdEBTadj8g.bmp,SD,4,798,4,442
10,8,EBTadj,v2FullEBTadj8f.bmp,full,2,1078,4,443
10,5,EBTadj,v2SmallEBTadj5h.bmp,small,4,954,4,444
10,3,EBTadj,v2FullEBTadj3a.bmp,full,1,996,4,445
10,3,EBTadj,v2SmallEBTadj3e.bmp,small,4,572,4,446
10,5,EBTadj,v2sdEBTadj5e.bmp,SD,4,445,4,447
10,8,EBTadj,v2SmallEBTadj8c.bmp,small,4,411,4,448
10,3,EBTadj,v2sdEBTadj3d.bmp,SD,2,730,4,449
10,8,EBTadj,v2FullEBTadj8j.bmp,full,2,1773,4,450
10,3,EBTadj,v2FullEBTadj3i.bmp,full,1,2110,4,451
10,3,EBTadj,v2SmallEBTadj3d.bmp,small,4,697,4,452
10,5,EBTadj,v2SmallEBTadj5f.bmp,small,4,2124,4,453
10,5,EBTadj,v2FullEBTadj5a.bmp,full,1,1295,4,454
10,5,EBTadj,v2sdEBTadj5i.bmp,SD,4,636,4,455
10,3,EBTadj,v2sdEBTadj3j.bmp,SD,4,706,4,456
10,3,EBTadj,v2FullEBTadj3g.bmp,full,1,869,4,457
10,8,EBTadj,v2FullEBTadj8b.bmp,full,2,819,4,458
10,5,EBTadj,v2sdEBTadj5h.bmp,SD,4,2050,4,459
10,8,EBTadj,v2sdEBTadj8i.bmp,SD,4,712,4,460
10,5,EBTadj,v2SmallEBTadj5d.bmp,small,4,812,4,461
10,8,EBTadj,v2FullEBTadj8d.bmp,full,1,2211,4,462
10,0,EBTadj,v2SmallEBTadj0j.bmp,small,1,851,4,463
10,5,EBTadj,v2FullEBTadj5f.bmp,full,1,745,4,464
10,0,EBTadj,v2SmallEBTadj0g.bmp,small,1,3371,4,465
10,3,EBTadj,v2FullEBTadj3e.bmp,full,1,901,4,466
10,0,EBTadj,v2SmallEBTadj0a.bmp,small,1,1201,4,467
10,5,EBTadj,v2sdEBTadj5b.bmp,SD,4,873,4,468
10,3,EBTadj,v2sdEBTadj3f.bmp,SD,3,806,4,469
10,3,EBTadj,v2FullEBTadj3b.bmp,full,1,932,4,470
10,8,EBTadj,v2FullEBTadj8h.bmp,full,1,903,4,471
10,5,EBTadj,v2FullEBTadj5e.bmp,full,1,651,4,472
10,5,EBTadj,v2sdEBTadj5d.bmp,SD,4,1321,4,473
10,3,EBTadj,v2SmallEBTadj3b.bmp,small,4,636,4,474
10,8,EBTadj,v2sdEBTadj8h.bmp,SD,4,539,4,475
10,0,EBTadj,v2SmallEBTadj0f.bmp,small,2,885,4,476
10,0,EBTadj,v2FullEBTadj0h.bmp,full,1,889,4,477
10,8,EBTadj,v2FullEBTadj8i.bmp,full,2,917,4,478
10,3,EBTadj,v2sdEBTadj3e.bmp,SD,3,1441,4,479
10,8,EBTadj,v2SmallEBTadj8a.bmp,small,4,679,4,480
11,8,EBTadj,v2FullEBTadj8i.bmp,full,3,31559,1,1
11,8,EBTadj,v2FullEBTadj8g.bmp,full,3,6788,1,2
11,0,EBTadj,v2sdEBTadj0h.bmp,SD,4,1750,1,3
11,5,EBTadj,v2sdEBTadj5i.bmp,SD,4,3480,1,4
11,8,EBTadj,v2FullEBTadj8d.bmp,full,3,5269,1,5
11,0,EBTadj,v2sdEBTadj0b.bmp,SD,2,3692,1,6
11,5,EBTadj,v2sdEBTadj5j.bmp,SD,3,4009,1,7
11,3,EBTadj,v2FullEBTadj3i.bmp,full,2,4265,1,8
11,5,EBTadj,v2FullEBTadj5i.bmp,full,4,8920,1,9
11,3,EBTadj,v2SmallEBTadj3c.bmp,small,4,4852,1,10
11,3,EBTadj,v2SmallEBTadj3e.bmp,small,4,1820,1,11
11,0,EBTadj,v2sdEBTadj0i.bmp,SD,1,2467,1,12
11,0,EBTadj,v2sdEBTadj0d.bmp,SD,2,7337,1,13
11,5,EBTadj,v2FullEBTadj5d.bmp,full,2,1574,1,14
11,3,EBTadj,v2FullEBTadj3j.bmp,full,2,1991,1,15
11,5,EBTadj,v2SmallEBTadj5j.bmp,small,4,2463,1,16
11,3,EBTadj,v2SmallEBTadj3b.bmp,small,4,1869,1,17
11,3,EBTadj,v2SmallEBTadj3i.bmp,small,4,1658,1,18
11,3,EBTadj,v2SmallEBTadj3h.bmp,small,3,1751,1,19
11,8,EBTadj,v2SmallEBTadj8e.bmp,small,4,2578,1,20
11,0,EBTadj,v2sdEBTadj0e.bmp,SD,2,2307,1,21
11,0,EBTadj,v2sdEBTadj0j.bmp,SD,2,2623,1,22
11,3,EBTadj,v2sdEBTadj3i.bmp,SD,3,2310,1,23
11,3,EBTadj,v2FullEBTadj3h.bmp,full,2,1882,1,24
11,0,EBTadj,v2sdEBTadj0a.bmp,SD,1,2199,1,25
11,3,EBTadj,v2sdEBTadj3f.bmp,SD,2,1911,1,26
11,5,EBTadj,v2SmallEBTadj5f.bmp,small,4,2571,1,27
11,3,EBTadj,v2sdEBTadj3e.bmp,SD,3,1668,1,28
11,0,EBTadj,v2SmallEBTadj0b.bmp,small,2,1370,1,29
11,8,EBTadj,v2SmallEBTadj8f.bmp,small,4,4843,1,30
11,0,EBTadj,v2SmallEBTadj0j.bmp,small,2,2139,1,31
11,0,EBTadj,v2SmallEBTadj0f.bmp,small,2,1725,1,32
11,3,EBTadj,v2FullEBTadj3c.bmp,full,2,2240,1,33
11,5,EBTadj,v2FullEBTadj5h.bmp,full,2,1183,1,34
11,8,EBTadj,v2FullEBTadj8e.bmp,full,2,1240,1,35
11,0,EBTadj,v2FullEBTadj0b.bmp,full,1,1510,1,36
11,5,EBTadj,v2sdEBTadj5h.bmp,SD,3,1177,1,37
11,8,EBTadj,v2sdEBTadj8a.bmp,SD,4,2114,1,38
11,5,EBTadj,v2SmallEBTadj5d.bmp,small,4,3773,1,39
11,5,EBTadj,v2sdEBTadj5d.bmp,SD,3,1255,1,40
11,8,EBTadj,v2FullEBTadj8h.bmp,full,2,1141,1,41
11,3,EBTadj,v2FullEBTadj3f.bmp,full,2,1599,1,42
11,8,EBTadj,v2SmallEBTadj8d.bmp,small,4,1103,1,43
11,3,EBTadj,v2FullEBTadj3e.bmp,full,2,3307,1,44
11,5,EBTadj,v2SmallEBTadj5g.bmp,small,2,2975,1,45
11,8,EBTadj,v2sdEBTadj8g.bmp,SD,4,1529,1,46
11,8,EBTadj,v2SmallEBTadj8b.bmp,small,4,1428,1,47
11,5,EBTadj,v2SmallEBTadj5a.bmp,small,4,987,1,48
11,3,EBTadj,v2FullEBTadj3g.bmp,full,2,1555,1,49
11,0,EBTadj,v2SmallEBTadj0i.bmp,small,2,2292,1,50
11,5,EBTadj,v2FullEBTadj5j.bmp,full,2,1177,1,51
11,5,EBTadj,v2sdEBTadj5a.bmp,SD,3,1169,1,52
11,8,EBTadj,v2SmallEBTadj8a.bmp,small,4,1187,1,53
11,0,EBTadj,v2SmallEBTadj0d.bmp,small,3,1564,1,54
11,8,EBTadj,v2FullEBTadj8a.bmp,full,2,1061,1,55
11,8,EBTadj,v2SmallEBTadj8j.bmp,small,4,1323,1,56
11,3,EBTadj,v2FullEBTadj3b.bmp,full,1,3637,1,57
11,0,EBTadj,v2SmallEBTadj0g.bmp,small,2,5764,1,58
11,0,EBTadj,v2FullEBTadj0e.bmp,full,1,1472,1,59
11,5,EBTadj,v2SmallEBTadj5i.bmp,small,4,1588,1,60
11,8,EBTadj,v2SmallEBTadj8g.bmp,small,4,1052,1,61
11,0,EBTadj,v2FullEBTadj0a.bmp,full,1,1122,1,62
11,5,EBTadj,v2sdEBTadj5c.bmp,SD,3,1045,1,63
11,0,EBTadj,v2SmallEBTadj0h.bmp,small,2,1131,1,64
11,3,EBTadj,v2sdEBTadj3j.bmp,SD,3,1206,1,65
11,3,EBTadj,v2FullEBTadj3a.bmp,full,2,934,1,66
11,8,EBTadj,v2sdEBTadj8c.bmp,SD,3,1304,1,67
11,3,EBTadj,v2SmallEBTadj3a.bmp,small,3,1028,1,68
11,3,EBTadj,v2SmallEBTadj3j.bmp,small,3,987,1,69
11,0,EBTadj,v2FullEBTadj0j.bmp,full,1,1020,1,70
11,0,EBTadj,v2SmallEBTadj0c.bmp,small,2,1083,1,71
11,0,EBTadj,v2SmallEBTadj0e.bmp,small,1,1048,1,72
11,3,EBTadj,v2SmallEBTadj3d.bmp,small,3,1150,1,73
11,5,EBTadj,v2FullEBTadj5e.bmp,full,3,872,1,74
11,8,EBTadj,v2SmallEBTadj8c.bmp,small,4,5173,1,75
11,3,EBTadj,v2sdEBTadj3b.bmp,SD,3,1191,1,76
11,0,EBTadj,v2FullEBTadj0f.bmp,full,2,1015,1,77
11,0,EBTadj,v2FullEBTadj0g.bmp,full,1,966,1,78
11,8,EBTadj,v2FullEBTadj8c.bmp,full,2,1472,1,79
11,3,EBTadj,v2FullEBTadj3d.bmp,full,2,1045,1,80
11,5,EBTadj,v2SmallEBTadj5e.bmp,small,4,1171,1,81
11,0,EBTadj,v2SmallEBTadj0a.bmp,small,1,1172,1,82
11,0,EBTadj,v2FullEBTadj0i.bmp,full,1,1149,1,83
11,3,EBTadj,v2sdEBTadj3h.bmp,SD,3,1439,1,84
11,0,EBTadj,v2sdEBTadj0g.bmp,SD,2,997,1,85
11,5,EBTadj,v2sdEBTadj5g.bmp,SD,3,869,1,86
11,8,EBTadj,v2FullEBTadj8b.bmp,full,3,1051,1,87
11,3,EBTadj,v2sdEBTadj3g.bmp,SD,3,960,1,88
11,5,EBTadj,v2FullEBTadj5b.bmp,full,3,825,1,89
11,5,EBTadj,v2SmallEBTadj5h.bmp,small,4,1736,1,90
11,8,EBTadj,v2sdEBTadj8i.bmp,SD,4,811,1,91
11,0,EBTadj,v2sdEBTadj0f.bmp,SD,3,1010,1,92
11,8,EBTadj,v2sdEBTadj8d.bmp,SD,2,1058,1,93
11,8,EBTadj,v2FullEBTadj8f.bmp,full,2,895,1,94
11,8,EBTadj,v2SmallEBTadj8h.bmp,small,3,2467,1,95
11,5,EBTadj,v2SmallEBTadj5c.bmp,small,3,865,1,96
11,3,EBTadj,v2sdEBTadj3c.bmp,SD,3,902,1,97
11,8,EBTadj,v2sdEBTadj8b.bmp,SD,4,834,1,98
11,5,EBTadj,v2FullEBTadj5f.bmp,full,3,825,1,99
11,5,EBTadj,v2sdEBTadj5f.bmp,SD,3,736,1,100
11,5,EBTadj,v2sdEBTadj5e.bmp,SD,3,794,1,101
11,3,EBTadj,v2SmallEBTadj3g.bmp,small,3,842,1,102
11,3,EBTadj,v2sdEBTadj3a.bmp,SD,3,648,1,103
11,8,EBTadj,v2FullEBTadj8j.bmp,full,2,7677,1,104
11,0,EBTadj,v2sdEBTadj0c.bmp,SD,1,1620,1,105
11,8,EBTadj,v2sdEBTadj8h.bmp,SD,4,1332,1,106
11,5,EBTadj,v2sdEBTadj5b.bmp,SD,3,983,1,107
11,0,EBTadj,v2FullEBTadj0c.bmp,full,1,1159,1,108
11,8,EBTadj,v2sdEBTadj8j.bmp,SD,4,1161,1,109
11,8,EBTadj,v2SmallEBTadj8i.bmp,small,4,1298,1,110
11,5,EBTadj,v2FullEBTadj5a.bmp,full,3,991,1,111
11,0,EBTadj,v2FullEBTadj0h.bmp,full,2,975,1,112
11,0,EBTadj,v2FullEBTadj0d.bmp,full,1,847,1,113
11,8,EBTadj,v2sdEBTadj8e.bmp,SD,4,973,1,114
11,5,EBTadj,v2FullEBTadj5c.bmp,full,3,982,1,115
11,8,EBTadj,v2sdEBTadj8f.bmp,SD,4,894,1,116
11,3,EBTadj,v2SmallEBTadj3f.bmp,small,4,882,1,117
11,5,EBTadj,v2FullEBTadj5g.bmp,full,3,806,1,118
11,5,EBTadj,v2SmallEBTadj5b.bmp,small,3,982,1,119
11,3,EBTadj,v2sdEBTadj3d.bmp,SD,3,775,1,120
11,8,EBTadj,v2FullEBTadj8e.bmp,full,3,839,2,121
11,0,EBTadj,v2sdEBTadj0d.bmp,SD,2,917,2,122
11,3,EBTadj,v2sdEBTadj3a.bmp,SD,2,865,2,123
11,8,EBTadj,v2FullEBTadj8d.bmp,full,3,830,2,124
11,8,EBTadj,v2sdEBTadj8f.bmp,SD,4,813,2,125
11,0,EBTadj,v2sdEBTadj0j.bmp,SD,2,876,2,126
11,3,EBTadj,v2FullEBTadj3i.bmp,full,2,857,2,127
11,3,EBTadj,v2SmallEBTadj3a.bmp,small,3,830,2,128
11,5,EBTadj,v2SmallEBTadj5d.bmp,small,4,741,2,129
11,0,EBTadj,v2sdEBTadj0g.bmp,SD,2,1055,2,130
11,0,EBTadj,v2FullEBTadj0g.bmp,full,2,925,2,131
11,5,EBTadj,v2sdEBTadj5i.bmp,SD,3,823,2,132
11,0,EBTadj,v2SmallEBTadj0a.bmp,small,4,1029,2,133
11,0,EBTadj,v2sdEBTadj0i.bmp,SD,3,1044,2,134
11,5,EBTadj,v2sdEBTadj5j.bmp,SD,4,818,2,135
11,3,EBTadj,v2sdEBTadj3f.bmp,SD,3,825,2,136
11,0,EBTadj,v2sdEBTadj0h.bmp,SD,2,944,2,137
11,8,EBTadj,v2FullEBTadj8a.bmp,full,4,898,2,138
11,0,EBTadj,v2SmallEBTadj0i.bmp,small,3,702,2,139
11,0,EBTadj,v2FullEBTadj0b.bmp,full,4,362,2,140
11,5,EBTadj,v2SmallEBTadj5a.bmp,small,4,859,2,141
11,5,EBTadj,v2SmallEBTadj5i.bmp,small,4,296,2,142
11,3,EBTadj,v2SmallEBTadj3b.bmp,small,4,404,2,143
11,5,EBTadj,v2sdEBTadj5e.bmp,SD,4,380,2,144
11,3,EBTadj,v2SmallEBTadj3d.bmp,small,4,381,2,145
11,3,EBTadj,v2sdEBTadj3h.bmp,SD,4,317,2,146
11,8,EBTadj,v2SmallEBTadj8i.bmp,small,4,1008,2,147
11,3,EBTadj,v2FullEBTadj3d.bmp,full,3,928,2,148
11,5,EBTadj,v2FullEBTadj5c.bmp,full,3,762,2,149
11,0,EBTadj,v2sdEBTadj0b.bmp,SD,1,7147,2,150
11,5,EBTadj,v2sdEBTadj5a.bmp,SD,3,2719,2,151
11,5,EBTadj,v2SmallEBTadj5j.bmp,small,4,2779,2,152
11,5,EBTadj,v2FullEBTadj5a.bmp,full,3,908,2,153
11,8,EBTadj,v2SmallEBTadj8a.bmp,small,4,1088,2,154
11,3,EBTadj,v2FullEBTadj3b.bmp,full,4,876,2,155
11,8,EBTadj,v2sdEBTadj8a.bmp,SD,4,977,2,156
11,8,EBTadj,v2sdEBTadj8c.bmp,SD,4,778,2,157
11,5,EBTadj,v2FullEBTadj5d.bmp,full,3,1170,2,158
11,8,EBTadj,v2sdEBTadj8b.bmp,SD,3,980,2,159
11,0,EBTadj,v2SmallEBTadj0e.bmp,small,2,1005,2,160
11,3,EBTadj,v2sdEBTadj3c.bmp,SD,3,957,2,161
11,0,EBTadj,v2FullEBTadj0c.bmp,full,1,1093,2,162
11,3,EBTadj,v2sdEBTadj3i.bmp,SD,3,1057,2,163
11,5,EBTadj,v2FullEBTadj5h.bmp,full,2,959,2,164
11,3,EBTadj,v2sdEBTadj3g.bmp,SD,3,744,2,165
11,3,EBTadj,v2SmallEBTadj3j.bmp,small,4,866,2,166
11,3,EBTadj,v2SmallEBTadj3i.bmp,small,4,1863,2,167
11,5,EBTadj,v2SmallEBTadj5e.bmp,small,4,653,2,168
11,5,EBTadj,v2SmallEBTadj5c.bmp,small,4,691,2,169
11,0,EBTadj,v2FullEBTadj0h.bmp,full,2,967,2,170
11,8,EBTadj,v2sdEBTadj8j.bmp,SD,4,880,2,171
11,5,EBTadj,v2sdEBTadj5b.bmp,SD,4,837,2,172
11,5,EBTadj,v2sdEBTadj5c.bmp,SD,4,676,2,173
11,5,EBTadj,v2FullEBTadj5i.bmp,full,3,760,2,174
11,0,EBTadj,v2FullEBTadj0f.bmp,full,2,809,2,175
11,3,EBTadj,v2SmallEBTadj3e.bmp,small,4,785,2,176
11,8,EBTadj,v2FullEBTadj8g.bmp,full,3,777,2,177
11,5,EBTadj,v2SmallEBTadj5b.bmp,small,4,1841,2,178
11,0,EBTadj,v2SmallEBTadj0b.bmp,small,3,831,2,179
11,5,EBTadj,v2FullEBTadj5f.bmp,full,2,782,2,180
11,5,EBTadj,v2FullEBTadj5j.bmp,full,2,791,2,181
11,5,EBTadj,v2SmallEBTadj5h.bmp,small,4,799,2,182
11,8,EBTadj,v2FullEBTadj8b.bmp,full,3,767,2,183
11,3,EBTadj,v2FullEBTadj3c.bmp,full,3,832,2,184
11,0,EBTadj,v2sdEBTadj0f.bmp,SD,3,679,2,185
11,3,EBTadj,v2sdEBTadj3d.bmp,SD,2,787,2,186
11,0,EBTadj,v2sdEBTadj0e.bmp,SD,2,1011,2,187
11,8,EBTadj,v2sdEBTadj8h.bmp,SD,4,763,2,188
11,8,EBTadj,v2FullEBTadj8h.bmp,full,4,748,2,189
11,0,EBTadj,v2SmallEBTadj0d.bmp,small,4,622,2,190
11,8,EBTadj,v2FullEBTadj8f.bmp,full,4,669,2,191
11,3,EBTadj,v2FullEBTadj3h.bmp,full,4,609,2,192
11,3,EBTadj,v2SmallEBTadj3f.bmp,small,3,880,2,193
11,5,EBTadj,v2SmallEBTadj5f.bmp,small,4,709,2,194
11,3,EBTadj,v2sdEBTadj3b.bmp,SD,4,663,2,195
11,0,EBTadj,v2FullEBTadj0e.bmp,full,1,957,2,196
11,5,EBTadj,v2FullEBTadj5g.bmp,full,2,830,2,197
11,3,EBTadj,v2SmallEBTadj3g.bmp,small,3,789,2,198
11,8,EBTadj,v2sdEBTadj8d.bmp,SD,4,677,2,199
11,8,EBTadj,v2SmallEBTadj8g.bmp,small,4,665,2,200
11,8,EBTadj,v2SmallEBTadj8b.bmp,small,4,679,2,201
11,3,EBTadj,v2FullEBTadj3j.bmp,full,2,931,2,202
11,3,EBTadj,v2FullEBTadj3a.bmp,full,2,798,2,203
11,3,EBTadj,v2FullEBTadj3f.bmp,full,2,950,2,204
11,3,EBTadj,v2sdEBTadj3j.bmp,SD,3,720,2,205
11,5,EBTadj,v2FullEBTadj5e.bmp,full,3,691,2,206
11,0,EBTadj,v2SmallEBTadj0j.bmp,small,4,903,2,207
11,0,EBTadj,v2sdEBTadj0c.bmp,SD,2,787,2,208
11,8,EBTadj,v2sdEBTadj8g.bmp,SD,4,1092,2,209
11,0,EBTadj,v2SmallEBTadj0g.bmp,small,2,1064,2,210
11,0,EBTadj,v2SmallEBTadj0h.bmp,small,3,885,2,211
11,8,EBTadj,v2SmallEBTadj8j.bmp,small,4,1761,2,212
11,0,EBTadj,v2sdEBTadj0a.bmp,SD,4,1275,2,213
11,0,EBTadj,v2FullEBTadj0d.bmp,full,4,512,2,214
11,3,EBTadj,v2FullEBTadj3g.bmp,full,2,803,2,215
11,8,EBTadj,v2SmallEBTadj8f.bmp,small,3,995,2,216
11,8,EBTadj,v2SmallEBTadj8c.bmp,small,4,907,2,217
11,8,EBTadj,v2SmallEBTadj8h.bmp,small,3,494,2,218
11,5,EBTadj,v2sdEBTadj5f.bmp,SD,4,746,2,219
11,0,EBTadj,v2SmallEBTadj0f.bmp,small,4,300,2,220
11,3,EBTadj,v2SmallEBTadj3c.bmp,small,4,608,2,221
11,5,EBTadj,v2SmallEBTadj5g.bmp,small,4,711,2,222
11,8,EBTadj,v2FullEBTadj8i.bmp,full,3,426,2,223
11,5,EBTadj,v2sdEBTadj5g.bmp,SD,3,553,2,224
11,8,EBTadj,v2sdEBTadj8e.bmp,SD,3,411,2,225
11,3,EBTadj,v2SmallEBTadj3h.bmp,small,2,682,2,226
11,0,EBTadj,v2FullEBTadj0j.bmp,full,1,1063,2,227
11,8,EBTadj,v2FullEBTadj8j.bmp,full,2,1060,2,228
11,8,EBTadj,v2sdEBTadj8i.bmp,SD,4,1601,2,229
11,8,EBTadj,v2SmallEBTadj8d.bmp,small,4,969,2,230
11,0,EBTadj,v2FullEBTadj0i.bmp,full,1,1026,2,231
11,5,EBTadj,v2FullEBTadj5b.bmp,full,2,657,2,232
11,0,EBTadj,v2SmallEBTadj0c.bmp,small,3,318,2,233
11,8,EBTadj,v2FullEBTadj8c.bmp,full,3,881,2,234
11,5,EBTadj,v2sdEBTadj5h.bmp,SD,4,950,2,235
11,5,EBTadj,v2sdEBTadj5d.bmp,SD,4,592,2,236
11,8,EBTadj,v2SmallEBTadj8e.bmp,small,3,720,2,237
11,3,EBTadj,v2FullEBTadj3e.bmp,full,2,1075,2,238
11,0,EBTadj,v2FullEBTadj0a.bmp,full,1,760,2,239
11,3,EBTadj,v2sdEBTadj3e.bmp,SD,1,825,2,240
11,5,EBTadj,v2sdEBTadj5i.bmp,SD,3,1192,3,241
11,0,EBTadj,v2FullEBTadj0g.bmp,full,1,968,3,242
11,0,EBTadj,v2SmallEBTadj0e.bmp,small,3,1297,3,243
11,5,EBTadj,v2FullEBTadj5a.bmp,full,2,1526,3,244
11,3,EBTadj,v2FullEBTadj3c.bmp,full,2,857,3,245
11,5,EBTadj,v2FullEBTadj5i.bmp,full,2,574,3,246
11,8,EBTadj,v2sdEBTadj8h.bmp,SD,4,797,3,247
11,5,EBTadj,v2SmallEBTadj5c.bmp,small,4,693,3,248
11,0,EBTadj,v2SmallEBTadj0h.bmp,small,2,913,3,249
11,8,EBTadj,v2sdEBTadj8j.bmp,SD,4,1013,3,250
11,8,EBTadj,v2FullEBTadj8c.bmp,full,3,732,3,251
11,0,EBTadj,v2sdEBTadj0d.bmp,SD,2,975,3,252
11,3,EBTadj,v2SmallEBTadj3d.bmp,small,3,952,3,253
11,5,EBTadj,v2SmallEBTadj5e.bmp,small,3,706,3,254
11,3,EBTadj,v2FullEBTadj3h.bmp,full,2,1069,3,255
11,8,EBTadj,v2sdEBTadj8g.bmp,SD,4,890,3,256
11,8,EBTadj,v2sdEBTadj8b.bmp,SD,3,598,3,257
11,3,EBTadj,v2SmallEBTadj3i.bmp,small,4,286,3,258
11,0,EBTadj,v2sdEBTadj0i.bmp,SD,2,258,3,259
11,5,EBTadj,v2FullEBTadj5j.bmp,full,3,1031,3,260
11,5,EBTadj,v2FullEBTadj5h.bmp,full,4,238,3,261
11,3,EBTadj,v2sdEBTadj3j.bmp,SD,2,84,3,262
11,3,EBTadj,v2FullEBTadj3j.bmp,full,4,425,3,263
11,5,EBTadj,v2sdEBTadj5e.bmp,SD,3,279,3,264
11,8,EBTadj,v2SmallEBTadj8d.bmp,small,2,220,3,265
11,0,EBTadj,v2SmallEBTadj0c.bmp,small,4,234,3,266
11,0,EBTadj,v2FullEBTadj0e.bmp,full,3,248,3,267
11,0,EBTadj,v2FullEBTadj0j.bmp,full,1,638,3,268
11,5,EBTadj,v2FullEBTadj5d.bmp,full,1,300,3,269
11,8,EBTadj,v2sdEBTadj8i.bmp,SD,2,320,3,270
11,8,EBTadj,v2FullEBTadj8e.bmp,full,3,259,3,271
11,3,EBTadj,v2SmallEBTadj3c.bmp,small,3,256,3,272
11,0,EBTadj,v2FullEBTadj0d.bmp,full,3,309,3,273
11,5,EBTadj,v2FullEBTadj5g.bmp,full,2,6272,3,274
11,5,EBTadj,v2SmallEBTadj5g.bmp,small,3,1247,3,275
11,3,EBTadj,v2sdEBTadj3f.bmp,SD,3,693,3,276
11,5,EBTadj,v2sdEBTadj5g.bmp,SD,3,2441,3,277
11,8,EBTadj,v2FullEBTadj8b.bmp,full,3,344,3,278
11,5,EBTadj,v2FullEBTadj5f.bmp,full,4,306,3,279
11,3,EBTadj,v2sdEBTadj3b.bmp,SD,4,397,3,280
11,5,EBTadj,v2sdEBTadj5j.bmp,SD,3,437,3,281
11,3,EBTadj,v2sdEBTadj3d.bmp,SD,2,484,3,282
11,0,EBTadj,v2sdEBTadj0b.bmp,SD,3,367,3,283
11,5,EBTadj,v2sdEBTadj5c.bmp,SD,2,328,3,284
11,0,EBTadj,v2SmallEBTadj0b.bmp,small,4,219,3,285
11,5,EBTadj,v2SmallEBTadj5i.bmp,small,2,714,3,286
11,0,EBTadj,v2sdEBTadj0e.bmp,SD,3,1645,3,287
11,8,EBTadj,v2SmallEBTadj8g.bmp,small,4,156,3,288
11,0,EBTadj,v2FullEBTadj0i.bmp,full,3,301,3,289
11,0,EBTadj,v2sdEBTadj0a.bmp,SD,3,512,3,290
11,0,EBTadj,v2sdEBTadj0f.bmp,SD,4,252,3,291
11,5,EBTadj,v2FullEBTadj5b.bmp,full,2,313,3,292
11,3,EBTadj,v2SmallEBTadj3f.bmp,small,1,173,3,293
11,3,EBTadj,v2SmallEBTadj3a.bmp,small,2,45,3,294
11,8,EBTadj,v2sdEBTadj8c.bmp,SD,3,227,3,295
11,8,EBTadj,v2FullEBTadj8j.bmp,full,2,217,3,296
11,0,EBTadj,v2sdEBTadj0c.bmp,SD,3,240,3,297
11,5,EBTadj,v2sdEBTadj5a.bmp,SD,2,246,3,298
11,3,EBTadj,v2sdEBTadj3a.bmp,SD,1,204,3,299
11,0,EBTadj,v2sdEBTadj0h.bmp,SD,3,1476,3,300
11,3,EBTadj,v2sdEBTadj3h.bmp,SD,4,369,3,301
11,8,EBTadj,v2sdEBTadj8e.bmp,SD,3,298,3,302
11,3,EBTadj,v2SmallEBTadj3e.bmp,small,3,366,3,303
11,5,EBTadj,v2SmallEBTadj5j.bmp,small,2,270,3,304
11,0,EBTadj,v2SmallEBTadj0f.bmp,small,3,459,3,305
11,8,EBTadj,v2SmallEBTadj8j.bmp,small,4,304,3,306
11,8,EBTadj,v2SmallEBTadj8a.bmp,small,3,196,3,307
11,0,EBTadj,v2sdEBTadj0g.bmp,SD,2,252,3,308
11,0,EBTadj,v2SmallEBTadj0i.bmp,small,4,265,3,309
11,8,EBTadj,v2FullEBTadj8g.bmp,full,2,287,3,310
11,0,EBTadj,v2FullEBTadj0c.bmp,full,2,235,3,311
11,3,EBTadj,v2sdEBTadj3e.bmp,SD,1,273,3,312
11,8,EBTadj,v2SmallEBTadj8h.bmp,small,2,238,3,313
11,8,EBTadj,v2sdEBTadj8f.bmp,SD,4,460,3,314
11,5,EBTadj,v2SmallEBTadj5d.bmp,small,4,442,3,315
11,3,EBTadj,v2FullEBTadj3e.bmp,full,2,1167,3,316
11,0,EBTadj,v2SmallEBTadj0a.bmp,small,2,961,3,317
11,3,EBTadj,v2SmallEBTadj3b.bmp,small,4,378,3,318
11,8,EBTadj,v2SmallEBTadj8i.bmp,small,3,307,3,319
11,3,EBTadj,v2FullEBTadj3b.bmp,full,3,230,3,320
11,3,EBTadj,v2sdEBTadj3c.bmp,SD,3,100,3,321
11,5,EBTadj,v2sdEBTadj5f.bmp,SD,2,280,3,322
11,5,EBTadj,v2SmallEBTadj5b.bmp,small,2,269,3,323
11,3,EBTadj,v2FullEBTadj3a.bmp,full,3,266,3,324
11,0,EBTadj,v2FullEBTadj0b.bmp,full,3,167,3,325
11,8,EBTadj,v2SmallEBTadj8f.bmp,small,3,336,3,326
11,3,EBTadj,v2FullEBTadj3g.bmp,full,2,858,3,327
11,8,EBTadj,v2FullEBTadj8f.bmp,full,3,727,3,328
11,8,EBTadj,v2FullEBTadj8i.bmp,full,4,465,3,329
11,0,EBTadj,v2FullEBTadj0a.bmp,full,1,983,3,330
11,0,EBTadj,v2FullEBTadj0f.bmp,full,1,559,3,331
11,8,EBTadj,v2FullEBTadj8a.bmp,full,2,633,3,332
11,8,EBTadj,v2sdEBTadj8a.bmp,SD,4,775,3,333
11,8,EBTadj,v2sdEBTadj8d.bmp,SD,3,448,3,334
11,0,EBTadj,v2FullEBTadj0h.bmp,full,2,846,3,335
11,3,EBTadj,v2SmallEBTadj3h.bmp,small,3,1092,3,336
11,5,EBTadj,v2sdEBTadj5d.bmp,SD,3,712,3,337
11,5,EBTadj,v2SmallEBTadj5f.bmp,small,4,883,3,338
11,8,EBTadj,v2FullEBTadj8d.bmp,full,3,616,3,339
11,3,EBTadj,v2sdEBTadj3i.bmp,SD,2,407,3,340
11,5,EBTadj,v2sdEBTadj5h.bmp,SD,3,326,3,341
11,5,EBTadj,v2SmallEBTadj5a.bmp,small,4,289,3,342
11,3,EBTadj,v2sdEBTadj3g.bmp,SD,2,269,3,343
11,5,EBTadj,v2sdEBTadj5b.bmp,SD,3,282,3,344
11,3,EBTadj,v2SmallEBTadj3g.bmp,small,4,271,3,345
11,3,EBTadj,v2FullEBTadj3i.bmp,full,2,308,3,346
11,3,EBTadj,v2FullEBTadj3d.bmp,full,4,215,3,347
11,8,EBTadj,v2SmallEBTadj8e.bmp,small,3,285,3,348
11,8,EBTadj,v2SmallEBTadj8b.bmp,small,3,258,3,349
11,0,EBTadj,v2sdEBTadj0j.bmp,SD,2,391,3,350
11,5,EBTadj,v2SmallEBTadj5h.bmp,small,3,319,3,351
11,3,EBTadj,v2FullEBTadj3f.bmp,full,4,282,3,352
11,3,EBTadj,v2SmallEBTadj3j.bmp,small,3,406,3,353
11,0,EBTadj,v2SmallEBTadj0d.bmp,small,3,341,3,354
11,8,EBTadj,v2FullEBTadj8h.bmp,full,2,391,3,355
11,5,EBTadj,v2FullEBTadj5c.bmp,full,3,271,3,356
11,5,EBTadj,v2FullEBTadj5e.bmp,full,4,10732,3,357
11,0,EBTadj,v2SmallEBTadj0g.bmp,small,3,258,3,358
11,8,EBTadj,v2SmallEBTadj8c.bmp,small,3,968,3,359
11,0,EBTadj,v2SmallEBTadj0j.bmp,small,2,1881,3,360
11,3,EBTadj,v2SmallEBTadj3d.bmp,small,2,1757,4,361
11,5,EBTadj,v2FullEBTadj5h.bmp,full,2,975,4,362
11,8,EBTadj,v2sdEBTadj8d.bmp,SD,4,2295,4,363
11,8,EBTadj,v2sdEBTadj8e.bmp,SD,4,948,4,364
11,0,EBTadj,v2sdEBTadj0b.bmp,SD,2,1486,4,365
11,8,EBTadj,v2SmallEBTadj8j.bmp,small,4,1075,4,366
11,5,EBTadj,v2sdEBTadj5e.bmp,SD,3,1160,4,367
11,3,EBTadj,v2FullEBTadj3h.bmp,full,2,1177,4,368
11,0,EBTadj,v2SmallEBTadj0j.bmp,small,2,1186,4,369
11,0,EBTadj,v2SmallEBTadj0d.bmp,small,2,995,4,370
11,8,EBTadj,v2SmallEBTadj8e.bmp,small,4,1107,4,371
11,8,EBTadj,v2FullEBTadj8e.bmp,full,2,1006,4,372
11,3,EBTadj,v2FullEBTadj3f.bmp,full,2,1157,4,373
11,5,EBTadj,v2SmallEBTadj5j.bmp,small,4,1671,4,374
11,3,EBTadj,v2SmallEBTadj3j.bmp,small,4,997,4,375
11,0,EBTadj,v2FullEBTadj0d.bmp,full,1,1020,4,376
11,0,EBTadj,v2sdEBTadj0h.bmp,SD,2,891,4,377
11,3,EBTadj,v2sdEBTadj3j.bmp,SD,4,1119,4,378
11,5,EBTadj,v2FullEBTadj5c.bmp,full,2,1034,4,379
11,5,EBTadj,v2sdEBTadj5i.bmp,SD,3,393,4,380
11,0,EBTadj,v2SmallEBTadj0c.bmp,small,4,321,4,381
11,5,EBTadj,v2SmallEBTadj5b.bmp,small,3,676,4,382
11,0,EBTadj,v2SmallEBTadj0h.bmp,small,2,233,4,383
11,8,EBTadj,v2sdEBTadj8j.bmp,SD,3,263,4,384
11,5,EBTadj,v2SmallEBTadj5i.bmp,small,2,340,4,385
11,8,EBTadj,v2sdEBTadj8f.bmp,SD,4,798,4,386
11,5,EBTadj,v2SmallEBTadj5d.bmp,small,4,894,4,387
11,0,EBTadj,v2FullEBTadj0j.bmp,full,1,1298,4,388
11,3,EBTadj,v2sdEBTadj3i.bmp,SD,3,1390,4,389
11,5,EBTadj,v2FullEBTadj5d.bmp,full,2,1071,4,390
11,3,EBTadj,v2FullEBTadj3b.bmp,full,2,1332,4,391
11,5,EBTadj,v2FullEBTadj5j.bmp,full,2,783,4,392
11,5,EBTadj,v2FullEBTadj5f.bmp,full,2,831,4,393
11,5,EBTadj,v2SmallEBTadj5h.bmp,small,4,1285,4,394
11,8,EBTadj,v2SmallEBTadj8b.bmp,small,4,890,4,395
11,3,EBTadj,v2SmallEBTadj3h.bmp,small,4,918,4,396
11,0,EBTadj,v2sdEBTadj0j.bmp,SD,2,1209,4,397
11,5,EBTadj,v2FullEBTadj5e.bmp,full,2,1457,4,398
11,3,EBTadj,v2SmallEBTadj3c.bmp,small,3,1270,4,399
11,3,EBTadj,v2SmallEBTadj3a.bmp,small,3,12132,4,400
11,8,EBTadj,v2sdEBTadj8i.bmp,SD,4,1315,4,401
11,8,EBTadj,v2FullEBTadj8i.bmp,full,2,1078,4,402
11,5,EBTadj,v2FullEBTadj5g.bmp,full,2,650,4,403
11,0,EBTadj,v2SmallEBTadj0g.bmp,small,3,872,4,404
11,0,EBTadj,v2FullEBTadj0f.bmp,full,3,637,4,405
11,5,EBTadj,v2SmallEBTadj5a.bmp,small,3,507,4,406
11,5,EBTadj,v2FullEBTadj5a.bmp,full,2,350,4,407
11,8,EBTadj,v2SmallEBTadj8c.bmp,small,2,288,4,408
11,0,EBTadj,v2sdEBTadj0i.bmp,SD,3,1076,4,409
11,8,EBTadj,v2FullEBTadj8g.bmp,full,2,609,4,410
11,0,EBTadj,v2FullEBTadj0a.bmp,full,1,1320,4,411
11,3,EBTadj,v2sdEBTadj3c.bmp,SD,1,724,4,412
11,3,EBTadj,v2sdEBTadj3a.bmp,SD,1,1110,4,413
11,0,EBTadj,v2sdEBTadj0a.bmp,SD,1,722,4,414
11,0,EBTadj,v2SmallEBTadj0b.bmp,small,1,317,4,415
11,3,EBTadj,v2SmallEBTadj3i.bmp,small,4,1432,4,416
11,8,EBTadj,v2SmallEBTadj8g.bmp,small,4,343,4,417
11,5,EBTadj,v2sdEBTadj5b.bmp,SD,2,385,4,418
11,5,EBTadj,v2SmallEBTadj5c.bmp,small,1,233,4,419
11,5,EBTadj,v2sdEBTadj5a.bmp,SD,4,424,4,420
11,0,EBTadj,v2FullEBTadj0b.bmp,full,2,150,4,421
11,5,EBTadj,v2sdEBTadj5j.bmp,SD,1,247,4,422
11,0,EBTadj,v2sdEBTadj0e.bmp,SD,4,141,4,423
11,0,EBTadj,v2FullEBTadj0h.bmp,full,2,231,4,424
11,5,EBTadj,v2FullEBTadj5b.bmp,full,1,1005,4,425
11,3,EBTadj,v2sdEBTadj3e.bmp,SD,1,268,4,426
11,3,EBTadj,v2SmallEBTadj3b.bmp,small,4,369,4,427
11,8,EBTadj,v2sdEBTadj8g.bmp,SD,2,331,4,428
11,8,EBTadj,v2SmallEBTadj8a.bmp,small,1,301,4,429
11,3,EBTadj,v2SmallEBTadj3f.bmp,small,1,297,4,430
11,8,EBTadj,v2FullEBTadj8d.bmp,full,2,381,4,431
11,8,EBTadj,v2FullEBTadj8a.bmp,full,2,197,4,432
11,0,EBTadj,v2FullEBTadj0g.bmp,full,4,301,4,433
11,5,EBTadj,v2sdEBTadj5h.bmp,SD,3,1145,4,434
11,5,EBTadj,v2SmallEBTadj5f.bmp,small,3,347,4,435
11,8,EBTadj,v2sdEBTadj8h.bmp,SD,3,373,4,436
11,8,EBTadj,v2sdEBTadj8a.bmp,SD,4,317,4,437
11,8,EBTadj,v2sdEBTadj8b.bmp,SD,4,440,4,438
11,5,EBTadj,v2SmallEBTadj5e.bmp,small,4,678,4,439
11,3,EBTadj,v2SmallEBTadj3e.bmp,small,4,499,4,440
11,3,EBTadj,v2sdEBTadj3h.bmp,SD,4,271,4,441
11,5,EBTadj,v2sdEBTadj5c.bmp,SD,2,1011,4,442
11,0,EBTadj,v2SmallEBTadj0a.bmp,small,2,307,4,443
11,3,EBTadj,v2FullEBTadj3i.bmp,full,2,221,4,444
11,0,EBTadj,v2FullEBTadj0e.bmp,full,2,212,4,445
11,0,EBTadj,v2SmallEBTadj0i.bmp,small,2,387,4,446
11,3,EBTadj,v2FullEBTadj3g.bmp,full,2,308,4,447
11,5,EBTadj,v2FullEBTadj5i.bmp,full,4,215,4,448
11,8,EBTadj,v2FullEBTadj8b.bmp,full,4,270,4,449
11,0,EBTadj,v2sdEBTadj0c.bmp,SD,1,1003,4,450
11,3,EBTadj,v2SmallEBTadj3g.bmp,small,3,1107,4,451
11,5,EBTadj,v2sdEBTadj5d.bmp,SD,4,942,4,452
11,3,EBTadj,v2sdEBTadj3b.bmp,SD,3,1192,4,453
11,3,EBTadj,v2FullEBTadj3e.bmp,full,2,945,4,454
11,3,EBTadj,v2FullEBTadj3c.bmp,full,1,947,4,455
11,0,EBTadj,v2sdEBTadj0f.bmp,SD,2,949,4,456
11,3,EBTadj,v2sdEBTadj3g.bmp,SD,3,831,4,457
11,0,EBTadj,v2sdEBTadj0g.bmp,SD,3,541,4,458
11,0,EBTadj,v2SmallEBTadj0f.bmp,small,3,767,4,459
11,8,EBTadj,v2FullEBTadj8c.bmp,full,3,537,4,460
11,8,EBTadj,v2SmallEBTadj8h.bmp,small,4,1035,4,461
11,8,EBTadj,v2sdEBTadj8c.bmp,SD,4,394,4,462
11,8,EBTadj,v2SmallEBTadj8d.bmp,small,4,369,4,463
11,8,EBTadj,v2SmallEBTadj8f.bmp,small,4,370,4,464
11,0,EBTadj,v2SmallEBTadj0e.bmp,small,2,867,4,465
11,0,EBTadj,v2FullEBTadj0c.bmp,full,1,848,4,466
11,8,EBTadj,v2FullEBTadj8j.bmp,full,2,814,4,467
11,8,EBTadj,v2FullEBTadj8h.bmp,full,3,1126,4,468
11,3,EBTadj,v2sdEBTadj3d.bmp,SD,4,889,4,469
11,3,EBTadj,v2sdEBTadj3f.bmp,SD,3,445,4,470
11,5,EBTadj,v2SmallEBTadj5g.bmp,small,4,530,4,471
11,0,EBTadj,v2FullEBTadj0i.bmp,full,3,293,4,472
11,0,EBTadj,v2sdEBTadj0d.bmp,SD,2,817,4,473
11,3,EBTadj,v2FullEBTadj3a.bmp,full,2,896,4,474
11,5,EBTadj,v2sdEBTadj5g.bmp,SD,3,796,4,475
11,8,EBTadj,v2SmallEBTadj8i.bmp,small,3,268,4,476
11,5,EBTadj,v2sdEBTadj5f.bmp,SD,2,281,4,477
11,8,EBTadj,v2FullEBTadj8f.bmp,full,2,246,4,478
11,3,EBTadj,v2FullEBTadj3d.bmp,full,2,211,4,479
11,3,EBTadj,v2FullEBTadj3j.bmp,full,2,267,4,480
12,5,EBTadj,v2sdEBTadj5c.bmp,SD,4,7767,1,1
12,8,EBTadj,v2sdEBTadj8i.bmp,SD,4,2224,1,2
12,5,EBTadj,v2FullEBTadj5f.bmp,full,2,2670,1,3
12,3,EBTadj,v2FullEBTadj3f.bmp,full,1,1704,1,4
12,8,EBTadj,v2sdEBTadj8j.bmp,SD,4,1789,1,5
12,0,EBTadj,v2sdEBTadj0f.bmp,SD,2,2250,1,6
12,3,EBTadj,v2FullEBTadj3e.bmp,full,1,1099,1,7
12,8,EBTadj,v2sdEBTadj8a.bmp,SD,4,1297,1,8
12,3,EBTadj,v2SmallEBTadj3c.bmp,small,3,3027,1,9
12,3,EBTadj,v2FullEBTadj3g.bmp,full,1,1756,1,10
12,0,EBTadj,v2sdEBTadj0c.bmp,SD,1,706,1,11
12,5,EBTadj,v2FullEBTadj5i.bmp,full,1,660,1,12
12,3,EBTadj,v2sdEBTadj3h.bmp,SD,3,8945,1,13
12,5,EBTadj,v2SmallEBTadj5c.bmp,small,4,2480,1,14
12,8,EBTadj,v2FullEBTadj8e.bmp,full,2,1333,1,15
12,3,EBTadj,v2SmallEBTadj3i.bmp,small,3,1727,1,16
12,5,EBTadj,v2FullEBTadj5g.bmp,full,1,1718,1,17
12,8,EBTadj,v2SmallEBTadj8a.bmp,small,4,3200,1,18
12,5,EBTadj,v2FullEBTadj5e.bmp,full,2,973,1,19
12,0,EBTadj,v2sdEBTadj0b.bmp,SD,1,886,1,20
12,8,EBTadj,v2sdEBTadj8g.bmp,SD,4,1001,1,21
12,0,EBTadj,v2SmallEBTadj0b.bmp,small,2,947,1,22
12,3,EBTadj,v2FullEBTadj3a.bmp,full,1,605,1,23
12,0,EBTadj,v2SmallEBTadj0i.bmp,small,1,719,1,24
12,3,EBTadj,v2sdEBTadj3e.bmp,SD,3,1446,1,25
12,0,EBTadj,v2SmallEBTadj0j.bmp,small,2,1038,1,26
12,0,EBTadj,v2sdEBTadj0d.bmp,SD,1,770,1,27
12,3,EBTadj,v2SmallEBTadj3f.bmp,small,4,807,1,28
12,0,EBTadj,v2SmallEBTadj0c.bmp,small,1,3335,1,29
12,5,EBTadj,v2FullEBTadj5h.bmp,full,1,4040,1,30
12,0,EBTadj,v2SmallEBTadj0a.bmp,small,2,1395,1,31
12,8,EBTadj,v2FullEBTadj8b.bmp,full,1,809,1,32
12,3,EBTadj,v2SmallEBTadj3a.bmp,small,3,1522,1,33
12,3,EBTadj,v2SmallEBTadj3g.bmp,small,3,855,1,34
12,5,EBTadj,v2FullEBTadj5d.bmp,full,2,1552,1,35
12,8,EBTadj,v2FullEBTadj8j.bmp,full,2,718,1,36
12,5,EBTadj,v2SmallEBTadj5a.bmp,small,1,757,1,37
12,3,EBTadj,v2FullEBTadj3b.bmp,full,2,1015,1,38
12,0,EBTadj,v2SmallEBTadj0f.bmp,small,2,1932,1,39
12,5,EBTadj,v2SmallEBTadj5b.bmp,small,4,2527,1,40
12,8,EBTadj,v2SmallEBTadj8e.bmp,small,4,4152,1,41
12,3,EBTadj,v2FullEBTadj3i.bmp,full,1,2224,1,42
12,3,EBTadj,v2sdEBTadj3c.bmp,SD,3,2813,1,43
12,8,EBTadj,v2sdEBTadj8d.bmp,SD,4,4605,1,44
12,5,EBTadj,v2FullEBTadj5b.bmp,full,2,1113,1,45
12,3,EBTadj,v2FullEBTadj3c.bmp,full,1,750,1,46
12,0,EBTadj,v2SmallEBTadj0d.bmp,small,2,784,1,47
12,5,EBTadj,v2sdEBTadj5d.bmp,SD,3,1022,1,48
12,3,EBTadj,v2FullEBTadj3d.bmp,full,1,794,1,49
12,5,EBTadj,v2sdEBTadj5a.bmp,SD,3,2220,1,50
12,8,EBTadj,v2FullEBTadj8g.bmp,full,2,1727,1,51
12,8,EBTadj,v2sdEBTadj8e.bmp,SD,4,1058,1,52
12,3,EBTadj,v2sdEBTadj3j.bmp,SD,3,1164,1,53
12,8,EBTadj,v2sdEBTadj8b.bmp,SD,4,705,1,54
12,5,EBTadj,v2FullEBTadj5c.bmp,full,2,2185,1,55
12,5,EBTadj,v2SmallEBTadj5i.bmp,small,4,870,1,56
12,0,EBTadj,v2FullEBTadj0d.bmp,full,1,1075,1,57
12,3,EBTadj,v2sdEBTadj3d.bmp,SD,4,919,1,58
12,8,EBTadj,v2SmallEBTadj8c.bmp,small,4,711,1,59
12,0,EBTadj,v2sdEBTadj0h.bmp,SD,2,1132,1,60
12,3,EBTadj,v2sdEBTadj3a.bmp,SD,3,2813,1,61
12,0,EBTadj,v2FullEBTadj0g.bmp,full,1,970,1,62
12,0,EBTadj,v2FullEBTadj0e.bmp,full,1,492,1,63
12,8,EBTadj,v2FullEBTadj8h.bmp,full,2,2632,1,64
12,0,EBTadj,v2sdEBTadj0a.bmp,SD,2,2117,1,65
12,0,EBTadj,v2FullEBTadj0b.bmp,full,1,536,1,66
12,0,EBTadj,v2FullEBTadj0h.bmp,full,1,366,1,67
12,5,EBTadj,v2sdEBTadj5i.bmp,SD,3,1232,1,68
12,5,EBTadj,v2sdEBTadj5f.bmp,SD,4,2860,1,69
12,3,EBTadj,v2FullEBTadj3h.bmp,full,1,994,1,70
12,3,EBTadj,v2SmallEBTadj3e.bmp,small,3,1445,1,71
12,0,EBTadj,v2sdEBTadj0e.bmp,SD,2,2290,1,72
12,8,EBTadj,v2FullEBTadj8i.bmp,full,2,1753,1,73
12,0,EBTadj,v2SmallEBTadj0h.bmp,small,3,2272,1,74
12,3,EBTadj,v2sdEBTadj3g.bmp,SD,3,805,1,75
12,5,EBTadj,v2sdEBTadj5e.bmp,SD,4,1211,1,76
12,8,EBTadj,v2sdEBTadj8c.bmp,SD,4,622,1,77
12,0,EBTadj,v2FullEBTadj0f.bmp,full,1,6043,1,78
12,8,EBTadj,v2FullEBTadj8a.bmp,full,2,1492,1,79
12,5,EBTadj,v2sdEBTadj5b.bmp,SD,4,824,1,80
12,0,EBTadj,v2FullEBTadj0c.bmp,full,1,711,1,81
12,5,EBTadj,v2SmallEBTadj5f.bmp,small,4,787,1,82
12,5,EBTadj,v2sdEBTadj5j.bmp,SD,4,492,1,83
12,0,EBTadj,v2SmallEBTadj0g.bmp,small,2,2142,1,84
12,8,EBTadj,v2SmallEBTadj8j.bmp,small,4,720,1,85
12,8,EBTadj,v2FullEBTadj8d.bmp,full,2,788,1,86
12,5,EBTadj,v2SmallEBTadj5e.bmp,small,4,670,1,87
12,8,EBTadj,v2FullEBTadj8f.bmp,full,2,1248,1,88
12,8,EBTadj,v2SmallEBTadj8d.bmp,small,4,839,1,89
12,3,EBTadj,v2sdEBTadj3i.bmp,SD,2,710,1,90
12,5,EBTadj,v2SmallEBTadj5j.bmp,small,3,1002,1,91
12,0,EBTadj,v2FullEBTadj0i.bmp,full,1,555,1,92
12,3,EBTadj,v2sdEBTadj3f.bmp,SD,3,2069,1,93
12,5,EBTadj,v2FullEBTadj5a.bmp,full,2,976,1,94
12,0,EBTadj,v2sdEBTadj0j.bmp,SD,1,1026,1,95
12,3,EBTadj,v2SmallEBTadj3b.bmp,small,3,990,1,96
12,5,EBTadj,v2sdEBTadj5h.bmp,SD,3,557,1,97
12,0,EBTadj,v2SmallEBTadj0e.bmp,small,1,2286,1,98
12,5,EBTadj,v2SmallEBTadj5h.bmp,small,3,1278,1,99
12,0,EBTadj,v2FullEBTadj0j.bmp,full,1,1082,1,100
12,0,EBTadj,v2sdEBTadj0g.bmp,SD,2,1664,1,101
12,3,EBTadj,v2SmallEBTadj3j.bmp,small,3,840,1,102
12,3,EBTadj,v2SmallEBTadj3d.bmp,small,3,530,1,103
12,8,EBTadj,v2SmallEBTadj8i.bmp,small,4,1279,1,104
12,0,EBTadj,v2FullEBTadj0a.bmp,full,1,887,1,105
12,8,EBTadj,v2sdEBTadj8h.bmp,SD,3,1750,1,106
12,8,EBTadj,v2FullEBTadj8c.bmp,full,1,578,1,107
12,8,EBTadj,v2SmallEBTadj8b.bmp,small,4,1225,1,108
12,0,EBTadj,v2sdEBTadj0i.bmp,SD,1,868,1,109
12,5,EBTadj,v2SmallEBTadj5g.bmp,small,4,771,1,110
12,5,EBTadj,v2sdEBTadj5g.bmp,SD,4,501,1,111
12,5,EBTadj,v2SmallEBTadj5d.bmp,small,4,440,1,112
12,8,EBTadj,v2SmallEBTadj8h.bmp,small,4,496,1,113
12,8,EBTadj,v2sdEBTadj8f.bmp,SD,4,481,1,114
12,8,EBTadj,v2SmallEBTadj8f.bmp,small,4,433,1,115
12,3,EBTadj,v2sdEBTadj3b.bmp,SD,3,1803,1,116
12,3,EBTadj,v2SmallEBTadj3h.bmp,small,3,1175,1,117
12,5,EBTadj,v2FullEBTadj5j.bmp,full,2,1092,1,118
12,8,EBTadj,v2SmallEBTadj8g.bmp,small,4,3280,1,119
12,3,EBTadj,v2FullEBTadj3j.bmp,full,1,3054,1,120
12,5,EBTadj,v2SmallEBTadj5g.bmp,small,4,651,2,121
12,8,EBTadj,v2sdEBTadj8c.bmp,SD,4,540,2,122
12,5,EBTadj,v2SmallEBTadj5h.bmp,small,4,458,2,123
12,5,EBTadj,v2FullEBTadj5c.bmp,full,2,876,2,124
12,5,EBTadj,v2sdEBTadj5f.bmp,SD,4,495,2,125
12,3,EBTadj,v2sdEBTadj3b.bmp,SD,4,1043,2,126
12,5,EBTadj,v2sdEBTadj5h.bmp,SD,4,399,2,127
12,5,EBTadj,v2FullEBTadj5i.bmp,full,1,841,2,128
12,8,EBTadj,v2sdEBTadj8e.bmp,SD,4,1015,2,129
12,5,EBTadj,v2sdEBTadj5b.bmp,SD,4,402,2,130
12,8,EBTadj,v2SmallEBTadj8c.bmp,small,4,921,2,131
12,0,EBTadj,v2SmallEBTadj0a.bmp,small,2,1535,2,132
12,0,EBTadj,v2SmallEBTadj0i.bmp,small,2,1745,2,133
12,0,EBTadj,v2FullEBTadj0e.bmp,full,1,2725,2,134
12,3,EBTadj,v2FullEBTadj3b.bmp,full,1,660,2,135
12,0,EBTadj,v2sdEBTadj0j.bmp,SD,1,1782,2,136
12,3,EBTadj,v2FullEBTadj3h.bmp,full,1,834,2,137
12,3,EBTadj,v2FullEBTadj3c.bmp,full,1,765,2,138
12,0,EBTadj,v2sdEBTadj0e.bmp,SD,2,1097,2,139
12,5,EBTadj,v2FullEBTadj5h.bmp,full,1,777,2,140
12,3,EBTadj,v2sdEBTadj3e.bmp,SD,1,814,2,141
12,5,EBTadj,v2sdEBTadj5d.bmp,SD,1,606,2,142
12,3,EBTadj,v2sdEBTadj3f.bmp,SD,3,2388,2,143
12,0,EBTadj,v2SmallEBTadj0c.bmp,small,3,717,2,144
12,5,EBTadj,v2FullEBTadj5d.bmp,full,2,3263,2,145
12,0,EBTadj,v2sdEBTadj0h.bmp,SD,2,5100,2,146
12,5,EBTadj,v2FullEBTadj5a.bmp,full,1,648,2,147
12,8,EBTadj,v2FullEBTadj8i.bmp,full,2,1847,2,148
12,5,EBTadj,v2FullEBTadj5b.bmp,full,2,529,2,149
12,0,EBTadj,v2SmallEBTadj0d.bmp,small,2,1646,2,150
12,3,EBTadj,v2SmallEBTadj3e.bmp,small,3,1325,2,151
12,8,EBTadj,v2sdEBTadj8b.bmp,SD,4,808,2,152
12,0,EBTadj,v2SmallEBTadj0f.bmp,small,2,1332,2,153
12,0,EBTadj,v2sdEBTadj0d.bmp,SD,1,1301,2,154
12,8,EBTadj,v2FullEBTadj8d.bmp,full,1,747,2,155
12,0,EBTadj,v2sdEBTadj0f.bmp,SD,2,885,2,156
12,5,EBTadj,v2SmallEBTadj5d.bmp,small,4,1047,2,157
12,5,EBTadj,v2sdEBTadj5c.bmp,SD,4,692,2,158
12,3,EBTadj,v2sdEBTadj3g.bmp,SD,2,881,2,159
12,8,EBTadj,v2SmallEBTadj8d.bmp,small,4,2185,2,160
12,5,EBTadj,v2sdEBTadj5a.bmp,SD,3,1147,2,161
12,8,EBTadj,v2sdEBTadj8h.bmp,SD,4,930,2,162
12,5,EBTadj,v2FullEBTadj5f.bmp,full,1,943,2,163
12,0,EBTadj,v2FullEBTadj0a.bmp,full,1,441,2,164
12,3,EBTadj,v2SmallEBTadj3a.bmp,small,3,2359,2,165
12,8,EBTadj,v2sdEBTadj8f.bmp,SD,4,920,2,166
12,3,EBTadj,v2FullEBTadj3j.bmp,full,1,1141,2,167
12,3,EBTadj,v2FullEBTadj3a.bmp,full,1,520,2,168
12,3,EBTadj,v2SmallEBTadj3d.bmp,small,3,1255,2,169
12,8,EBTadj,v2SmallEBTadj8i.bmp,small,4,2649,2,170
12,8,EBTadj,v2FullEBTadj8e.bmp,full,1,987,2,171
12,5,EBTadj,v2SmallEBTadj5b.bmp,small,3,1443,2,172
12,8,EBTadj,v2sdEBTadj8g.bmp,SD,3,499,2,173
12,3,EBTadj,v2sdEBTadj3j.bmp,SD,4,1163,2,174
12,8,EBTadj,v2FullEBTadj8b.bmp,full,1,964,2,175
12,0,EBTadj,v2SmallEBTadj0e.bmp,small,1,705,2,176
12,8,EBTadj,v2sdEBTadj8a.bmp,SD,4,1000,2,177
12,0,EBTadj,v2FullEBTadj0j.bmp,full,1,666,2,178
12,8,EBTadj,v2FullEBTadj8f.bmp,full,4,557,2,179
12,0,EBTadj,v2sdEBTadj0c.bmp,SD,1,554,2,180
12,8,EBTadj,v2FullEBTadj8g.bmp,full,2,761,2,181
12,5,EBTadj,v2SmallEBTadj5a.bmp,small,4,959,2,182
12,5,EBTadj,v2FullEBTadj5j.bmp,full,1,786,2,183
12,5,EBTadj,v2FullEBTadj5g.bmp,full,2,741,2,184
12,3,EBTadj,v2SmallEBTadj3j.bmp,small,4,918,2,185
12,0,EBTadj,v2FullEBTadj0b.bmp,full,1,616,2,186
12,8,EBTadj,v2SmallEBTadj8g.bmp,small,4,588,2,187
12,5,EBTadj,v2sdEBTadj5e.bmp,SD,4,437,2,188
12,5,EBTadj,v2SmallEBTadj5f.bmp,small,4,408,2,189
12,0,EBTadj,v2FullEBTadj0c.bmp,full,1,455,2,190
12,8,EBTadj,v2sdEBTadj8i.bmp,SD,4,654,2,191
12,8,EBTadj,v2FullEBTadj8h.bmp,full,2,927,2,192
12,0,EBTadj,v2sdEBTadj0i.bmp,SD,2,581,2,193
12,3,EBTadj,v2sdEBTadj3d.bmp,SD,3,1437,2,194
12,3,EBTadj,v2FullEBTadj3d.bmp,full,1,676,2,195
12,0,EBTadj,v2sdEBTadj0a.bmp,SD,1,645,2,196
12,8,EBTadj,v2FullEBTadj8c.bmp,full,1,646,2,197
12,8,EBTadj,v2SmallEBTadj8j.bmp,small,4,1015,2,198
12,3,EBTadj,v2FullEBTadj3e.bmp,full,4,526,2,199
12,5,EBTadj,v2SmallEBTadj5j.bmp,small,4,1410,2,200
12,0,EBTadj,v2FullEBTadj0d.bmp,full,1,772,2,201
12,5,EBTadj,v2FullEBTadj5e.bmp,full,2,1606,2,202
12,5,EBTadj,v2SmallEBTadj5c.bmp,small,3,1966,2,203
12,8,EBTadj,v2sdEBTadj8j.bmp,SD,4,969,2,204
12,0,EBTadj,v2SmallEBTadj0h.bmp,small,2,1509,2,205
12,5,EBTadj,v2sdEBTadj5j.bmp,SD,3,727,2,206
12,0,EBTadj,v2FullEBTadj0h.bmp,full,1,689,2,207
12,0,EBTadj,v2sdEBTadj0g.bmp,SD,2,1166,2,208
12,3,EBTadj,v2sdEBTadj3a.bmp,SD,3,764,2,209
12,0,EBTadj,v2FullEBTadj0g.bmp,full,1,444,2,210
12,3,EBTadj,v2sdEBTadj3c.bmp,SD,3,611,2,211
12,3,EBTadj,v2FullEBTadj3i.bmp,full,1,576,2,212
12,5,EBTadj,v2SmallEBTadj5e.bmp,small,4,847,2,213
12,8,EBTadj,v2SmallEBTadj8a.bmp,small,4,589,2,214
12,8,EBTadj,v2FullEBTadj8j.bmp,full,2,756,2,215
12,8,EBTadj,v2FullEBTadj8a.bmp,full,2,533,2,216
12,8,EBTadj,v2SmallEBTadj8h.bmp,small,3,872,2,217
12,3,EBTadj,v2sdEBTadj3h.bmp,SD,3,920,2,218
12,0,EBTadj,v2FullEBTadj0i.bmp,full,1,1075,2,219
12,5,EBTadj,v2SmallEBTadj5i.bmp,small,2,862,2,220
12,3,EBTadj,v2SmallEBTadj3f.bmp,small,3,771,2,221
12,0,EBTadj,v2SmallEBTadj0b.bmp,small,3,934,2,222
12,3,EBTadj,v2SmallEBTadj3b.bmp,small,3,1030,2,223
12,3,EBTadj,v2SmallEBTadj3c.bmp,small,3,850,2,224
12,8,EBTadj,v2SmallEBTadj8b.bmp,small,3,436,2,225
12,0,EBTadj,v2FullEBTadj0f.bmp,full,2,1519,2,226
12,0,EBTadj,v2SmallEBTadj0j.bmp,small,2,607,2,227
12,3,EBTadj,v2sdEBTadj3i.bmp,SD,3,749,2,228
12,5,EBTadj,v2sdEBTadj5i.bmp,SD,3,629,2,229
12,5,EBTadj,v2sdEBTadj5g.bmp,SD,3,466,2,230
12,8,EBTadj,v2SmallEBTadj8e.bmp,small,3,431,2,231
12,3,EBTadj,v2FullEBTadj3f.bmp,full,2,908,2,232
12,0,EBTadj,v2sdEBTadj0b.bmp,SD,2,635,2,233
12,0,EBTadj,v2SmallEBTadj0g.bmp,small,3,709,2,234
12,3,EBTadj,v2SmallEBTadj3h.bmp,small,3,733,2,235
12,8,EBTadj,v2SmallEBTadj8f.bmp,small,4,991,2,236
12,8,EBTadj,v2sdEBTadj8d.bmp,SD,4,504,2,237
12,3,EBTadj,v2FullEBTadj3g.bmp,full,1,1167,2,238
12,3,EBTadj,v2SmallEBTadj3i.bmp,small,4,804,2,239
12,3,EBTadj,v2SmallEBTadj3g.bmp,small,4,498,2,240
12,0,EBTadj,v2FullEBTadj0f.bmp,full,1,973,3,241
12,5,EBTadj,v2sdEBTadj5c.bmp,SD,3,768,3,242
12,3,EBTadj,v2SmallEBTadj3j.bmp,small,3,662,3,243
12,5,EBTadj,v2SmallEBTadj5c.bmp,small,3,769,3,244
12,5,EBTadj,v2SmallEBTadj5f.bmp,small,3,637,3,245
12,3,EBTadj,v2sdEBTadj3c.bmp,SD,2,876,3,246
12,0,EBTadj,v2SmallEBTadj0i.bmp,small,1,1939,3,247
12,3,EBTadj,v2SmallEBTadj3c.bmp,small,3,1112,3,248
12,8,EBTadj,v2sdEBTadj8e.bmp,SD,3,550,3,249
12,3,EBTadj,v2sdEBTadj3b.bmp,SD,2,746,3,250
12,8,EBTadj,v2sdEBTadj8j.bmp,SD,4,792,3,251
12,5,EBTadj,v2SmallEBTadj5i.bmp,small,4,563,3,252
12,8,EBTadj,v2sdEBTadj8h.bmp,SD,4,508,3,253
12,5,EBTadj,v2sdEBTadj5g.bmp,SD,4,428,3,254
12,8,EBTadj,v2FullEBTadj8i.bmp,full,2,825,3,255
12,5,EBTadj,v2FullEBTadj5c.bmp,full,2,666,3,256
12,5,EBTadj,v2SmallEBTadj5a.bmp,small,4,968,3,257
12,5,EBTadj,v2sdEBTadj5h.bmp,SD,4,583,3,258
12,8,EBTadj,v2SmallEBTadj8g.bmp,small,4,393,3,259
12,5,EBTadj,v2FullEBTadj5i.bmp,full,2,782,3,260
12,0,EBTadj,v2FullEBTadj0j.bmp,full,1,1852,3,261
12,8,EBTadj,v2SmallEBTadj8b.bmp,small,4,1418,3,262
12,8,EBTadj,v2sdEBTadj8g.bmp,SD,4,533,3,263
12,8,EBTadj,v2sdEBTadj8i.bmp,SD,4,470,3,264
12,8,EBTadj,v2SmallEBTadj8h.bmp,small,4,489,3,265
12,3,EBTadj,v2FullEBTadj3j.bmp,full,1,1042,3,266
12,0,EBTadj,v2SmallEBTadj0d.bmp,small,2,851,3,267
12,0,EBTadj,v2sdEBTadj0c.bmp,SD,1,578,3,268
12,5,EBTadj,v2SmallEBTadj5e.bmp,small,3,1112,3,269
12,3,EBTadj,v2SmallEBTadj3a.bmp,small,1,523,3,270
12,0,EBTadj,v2SmallEBTadj0f.bmp,small,2,653,3,271
12,8,EBTadj,v2FullEBTadj8f.bmp,full,2,752,3,272
12,8,EBTadj,v2SmallEBTadj8f.bmp,small,3,1120,3,273
12,0,EBTadj,v2sdEBTadj0e.bmp,SD,2,1132,3,274
12,8,EBTadj,v2SmallEBTadj8c.bmp,small,4,1182,3,275
12,0,EBTadj,v2FullEBTadj0i.bmp,full,1,848,3,276
12,5,EBTadj,v2sdEBTadj5e.bmp,SD,4,613,3,277
12,8,EBTadj,v2sdEBTadj8c.bmp,SD,4,502,3,278
12,8,EBTadj,v2FullEBTadj8b.bmp,full,1,1134,3,279
12,0,EBTadj,v2SmallEBTadj0g.bmp,small,3,777,3,280
12,3,EBTadj,v2FullEBTadj3i.bmp,full,2,644,3,281
12,8,EBTadj,v2sdEBTadj8f.bmp,SD,4,878,3,282
12,3,EBTadj,v2FullEBTadj3c.bmp,full,1,971,3,283
12,5,EBTadj,v2SmallEBTadj5d.bmp,small,4,723,3,284
12,3,EBTadj,v2sdEBTadj3d.bmp,SD,3,1070,3,285
12,8,EBTadj,v2SmallEBTadj8j.bmp,small,4,705,3,286
12,5,EBTadj,v2FullEBTadj5h.bmp,full,1,893,3,287
12,3,EBTadj,v2SmallEBTadj3g.bmp,small,3,2782,3,288
12,5,EBTadj,v2SmallEBTadj5g.bmp,small,3,1248,3,289
12,0,EBTadj,v2sdEBTadj0d.bmp,SD,4,1269,3,290
12,0,EBTadj,v2FullEBTadj0d.bmp,full,1,786,3,291
12,5,EBTadj,v2sdEBTadj5i.bmp,SD,3,2239,3,292
12,5,EBTadj,v2FullEBTadj5g.bmp,full,1,772,3,293
12,3,EBTadj,v2FullEBTadj3e.bmp,full,1,528,3,294
12,0,EBTadj,v2FullEBTadj0a.bmp,full,1,484,3,295
12,0,EBTadj,v2sdEBTadj0f.bmp,SD,2,904,3,296
12,5,EBTadj,v2SmallEBTadj5j.bmp,small,3,792,3,297
12,8,EBTadj,v2sdEBTadj8d.bmp,SD,4,697,3,298
12,5,EBTadj,v2sdEBTadj5d.bmp,SD,4,520,3,299
12,0,EBTadj,v2sdEBTadj0j.bmp,SD,2,738,3,300
12,3,EBTadj,v2sdEBTadj3j.bmp,SD,4,1456,3,301
12,5,EBTadj,v2FullEBTadj5f.bmp,full,1,676,3,302
12,0,EBTadj,v2SmallEBTadj0c.bmp,small,2,651,3,303
12,3,EBTadj,v2sdEBTadj3f.bmp,SD,2,805,3,304
12,3,EBTadj,v2FullEBTadj3d.bmp,full,2,268,3,305
12,5,EBTadj,v2SmallEBTadj5h.bmp,small,2,172,3,306
12,5,EBTadj,v2sdEBTadj5j.bmp,SD,2,199,3,307
12,0,EBTadj,v2sdEBTadj0g.bmp,SD,2,216,3,308
12,0,EBTadj,v2SmallEBTadj0e.bmp,small,2,270,3,309
12,3,EBTadj,v2SmallEBTadj3d.bmp,small,2,251,3,310
12,3,EBTadj,v2SmallEBTadj3f.bmp,small,2,206,3,311
12,3,EBTadj,v2FullEBTadj3h.bmp,full,2,330,3,312
12,0,EBTadj,v2FullEBTadj0g.bmp,full,1,735,3,313
12,5,EBTadj,v2FullEBTadj5d.bmp,full,2,1291,3,314
12,0,EBTadj,v2SmallEBTadj0b.bmp,small,3,1314,3,315
12,3,EBTadj,v2FullEBTadj3g.bmp,full,2,1617,3,316
12,3,EBTadj,v2SmallEBTadj3e.bmp,small,3,640,3,317
12,5,EBTadj,v2FullEBTadj5a.bmp,full,1,618,3,318
12,8,EBTadj,v2FullEBTadj8d.bmp,full,1,643,3,319
12,3,EBTadj,v2SmallEBTadj3b.bmp,small,3,591,3,320
12,3,EBTadj,v2FullEBTadj3f.bmp,full,1,738,3,321
12,8,EBTadj,v2SmallEBTadj8i.bmp,small,3,693,3,322
12,0,EBTadj,v2sdEBTadj0h.bmp,SD,2,790,3,323
12,0,EBTadj,v2FullEBTadj0c.bmp,full,1,584,3,324
12,8,EBTadj,v2SmallEBTadj8d.bmp,small,3,915,3,325
12,3,EBTadj,v2sdEBTadj3i.bmp,SD,1,718,3,326
12,5,EBTadj,v2SmallEBTadj5b.bmp,small,2,1173,3,327
12,3,EBTadj,v2SmallEBTadj3h.bmp,small,2,476,3,328
12,0,EBTadj,v2FullEBTadj0b.bmp,full,1,567,3,329
12,0,EBTadj,v2sdEBTadj0b.bmp,SD,1,704,3,330
12,3,EBTadj,v2sdEBTadj3g.bmp,SD,3,597,3,331
12,8,EBTadj,v2FullEBTadj8a.bmp,full,2,682,3,332
12,0,EBTadj,v2FullEBTadj0h.bmp,full,1,602,3,333
12,3,EBTadj,v2FullEBTadj3a.bmp,full,1,530,3,334
12,0,EBTadj,v2sdEBTadj0i.bmp,SD,1,251,3,335
12,0,EBTadj,v2SmallEBTadj0a.bmp,small,2,655,3,336
12,5,EBTadj,v2FullEBTadj5j.bmp,full,3,1230,3,337
12,3,EBTadj,v2sdEBTadj3h.bmp,SD,2,2100,3,338
12,8,EBTadj,v2SmallEBTadj8a.bmp,small,1,279,3,339
12,3,EBTadj,v2SmallEBTadj3i.bmp,small,1,246,3,340
12,0,EBTadj,v2sdEBTadj0a.bmp,SD,1,383,3,341
12,8,EBTadj,v2FullEBTadj8e.bmp,full,1,412,3,342
12,3,EBTadj,v2sdEBTadj3a.bmp,SD,3,596,3,343
12,8,EBTadj,v2FullEBTadj8j.bmp,full,3,891,3,344
12,8,EBTadj,v2sdEBTadj8b.bmp,SD,1,730,3,345
12,8,EBTadj,v2FullEBTadj8h.bmp,full,2,816,3,346
12,3,EBTadj,v2sdEBTadj3e.bmp,SD,3,507,3,347
12,0,EBTadj,v2FullEBTadj0e.bmp,full,1,1519,3,348
12,0,EBTadj,v2SmallEBTadj0h.bmp,small,3,883,3,349
12,5,EBTadj,v2sdEBTadj5f.bmp,SD,3,600,3,350
12,5,EBTadj,v2sdEBTadj5a.bmp,SD,3,405,3,351
12,8,EBTadj,v2SmallEBTadj8e.bmp,small,4,532,3,352
12,3,EBTadj,v2FullEBTadj3b.bmp,full,2,917,3,353
12,0,EBTadj,v2SmallEBTadj0j.bmp,small,2,666,3,354
12,5,EBTadj,v2sdEBTadj5b.bmp,SD,3,748,3,355
12,8,EBTadj,v2FullEBTadj8g.bmp,full,2,779,3,356
12,5,EBTadj,v2FullEBTadj5b.bmp,full,2,466,3,357
12,8,EBTadj,v2sdEBTadj8a.bmp,SD,4,997,3,358
12,8,EBTadj,v2FullEBTadj8c.bmp,full,4,526,3,359
12,5,EBTadj,v2FullEBTadj5e.bmp,full,4,566,3,360
12,3,EBTadj,v2sdEBTadj3c.bmp,SD,3,435,4,361
12,0,EBTadj,v2sdEBTadj0j.bmp,SD,2,460,4,362
12,0,EBTadj,v2sdEBTadj0i.bmp,SD,4,285,4,363
12,3,EBTadj,v2FullEBTadj3f.bmp,full,2,640,4,364
12,0,EBTadj,v2FullEBTadj0a.bmp,full,1,281,4,365
12,8,EBTadj,v2FullEBTadj8a.bmp,full,2,820,4,366
12,8,EBTadj,v2FullEBTadj8e.bmp,full,2,420,4,367
12,5,EBTadj,v2sdEBTadj5d.bmp,SD,3,956,4,368
12,5,EBTadj,v2sdEBTadj5f.bmp,SD,4,618,4,369
12,5,EBTadj,v2FullEBTadj5c.bmp,full,2,808,4,370
12,3,EBTadj,v2FullEBTadj3j.bmp,full,2,601,4,371
12,8,EBTadj,v2SmallEBTadj8g.bmp,small,2,333,4,372
12,3,EBTadj,v2SmallEBTadj3j.bmp,small,4,657,4,373
12,3,EBTadj,v2FullEBTadj3a.bmp,full,2,829,4,374
12,8,EBTadj,v2sdEBTadj8b.bmp,SD,4,872,4,375
12,0,EBTadj,v2sdEBTadj0e.bmp,SD,3,445,4,376
12,5,EBTadj,v2SmallEBTadj5h.bmp,small,3,871,4,377
12,3,EBTadj,v2sdEBTadj3b.bmp,SD,3,735,4,378
12,5,EBTadj,v2sdEBTadj5i.bmp,SD,2,674,4,379
12,8,EBTadj,v2SmallEBTadj8j.bmp,small,4,1064,4,380
12,0,EBTadj,v2FullEBTadj0c.bmp,full,1,970,4,381
12,3,EBTadj,v2sdEBTadj3f.bmp,SD,3,1363,4,382
12,5,EBTadj,v2FullEBTadj5g.bmp,full,2,619,4,383
12,8,EBTadj,v2SmallEBTadj8e.bmp,small,4,457,4,384
12,8,EBTadj,v2sdEBTadj8f.bmp,SD,4,710,4,385
12,5,EBTadj,v2SmallEBTadj5f.bmp,small,3,565,4,386
12,8,EBTadj,v2sdEBTadj8c.bmp,SD,3,1050,4,387
12,8,EBTadj,v2FullEBTadj8b.bmp,full,2,708,4,388
12,5,EBTadj,v2SmallEBTadj5c.bmp,small,3,643,4,389
12,5,EBTadj,v2FullEBTadj5a.bmp,full,1,809,4,390
12,0,EBTadj,v2SmallEBTadj0e.bmp,small,3,790,4,391
12,5,EBTadj,v2FullEBTadj5h.bmp,full,2,771,4,392
12,8,EBTadj,v2SmallEBTadj8i.bmp,small,3,1532,4,393
12,5,EBTadj,v2SmallEBTadj5e.bmp,small,3,684,4,394
12,3,EBTadj,v2sdEBTadj3h.bmp,SD,4,585,4,395
12,0,EBTadj,v2SmallEBTadj0i.bmp,small,2,629,4,396
12,3,EBTadj,v2FullEBTadj3b.bmp,full,1,669,4,397
12,3,EBTadj,v2SmallEBTadj3c.bmp,small,3,1004,4,398
12,5,EBTadj,v2SmallEBTadj5g.bmp,small,3,1394,4,399
12,5,EBTadj,v2sdEBTadj5b.bmp,SD,3,4121,4,400
12,3,EBTadj,v2FullEBTadj3c.bmp,full,1,970,4,401
12,3,EBTadj,v2SmallEBTadj3b.bmp,small,3,537,4,402
12,3,EBTadj,v2SmallEBTadj3a.bmp,small,4,684,4,403
12,3,EBTadj,v2SmallEBTadj3f.bmp,small,4,839,4,404
12,5,EBTadj,v2FullEBTadj5f.bmp,full,1,790,4,405
12,8,EBTadj,v2SmallEBTadj8c.bmp,small,4,853,4,406
12,8,EBTadj,v2SmallEBTadj8d.bmp,small,4,484,4,407
12,3,EBTadj,v2SmallEBTadj3d.bmp,small,3,1229,4,408
12,5,EBTadj,v2sdEBTadj5c.bmp,SD,3,1029,4,409
12,3,EBTadj,v2sdEBTadj3d.bmp,SD,3,419,4,410
12,0,EBTadj,v2FullEBTadj0e.bmp,full,1,772,4,411
12,3,EBTadj,v2sdEBTadj3e.bmp,SD,2,1556,4,412
12,8,EBTadj,v2FullEBTadj8h.bmp,full,1,966,4,413
12,0,EBTadj,v2sdEBTadj0g.bmp,SD,1,1190,4,414
12,0,EBTadj,v2SmallEBTadj0a.bmp,small,1,592,4,415
12,5,EBTadj,v2sdEBTadj5g.bmp,SD,3,1218,4,416
12,0,EBTadj,v2FullEBTadj0d.bmp,full,1,591,4,417
12,3,EBTadj,v2sdEBTadj3j.bmp,SD,3,623,4,418
12,0,EBTadj,v2SmallEBTadj0c.bmp,small,1,806,4,419
12,5,EBTadj,v2FullEBTadj5i.bmp,full,1,495,4,420
12,0,EBTadj,v2FullEBTadj0j.bmp,full,1,542,4,421
12,3,EBTadj,v2SmallEBTadj3g.bmp,small,3,669,4,422
12,8,EBTadj,v2FullEBTadj8f.bmp,full,1,656,4,423
12,5,EBTadj,v2sdEBTadj5e.bmp,SD,3,541,4,424
12,8,EBTadj,v2SmallEBTadj8h.bmp,small,4,823,4,425
12,5,EBTadj,v2SmallEBTadj5j.bmp,small,4,453,4,426
12,8,EBTadj,v2FullEBTadj8d.bmp,full,1,1051,4,427
12,8,EBTadj,v2FullEBTadj8j.bmp,full,1,526,4,428
12,8,EBTadj,v2SmallEBTadj8b.bmp,small,1,383,4,429
12,5,EBTadj,v2SmallEBTadj5d.bmp,small,3,327,4,430
12,5,EBTadj,v2FullEBTadj5d.bmp,full,1,803,4,431
12,5,EBTadj,v2SmallEBTadj5a.bmp,small,4,1522,4,432
12,5,EBTadj,v2sdEBTadj5h.bmp,SD,4,472,4,433
12,0,EBTadj,v2SmallEBTadj0h.bmp,small,3,560,4,434
12,3,EBTadj,v2FullEBTadj3d.bmp,full,2,698,4,435
12,5,EBTadj,v2sdEBTadj5j.bmp,SD,4,545,4,436
12,0,EBTadj,v2sdEBTadj0c.bmp,SD,1,775,4,437
12,8,EBTadj,v2sdEBTadj8h.bmp,SD,4,1241,4,438
12,5,EBTadj,v2SmallEBTadj5b.bmp,small,4,436,4,439
12,5,EBTadj,v2FullEBTadj5j.bmp,full,1,545,4,440
12,0,EBTadj,v2sdEBTadj0h.bmp,SD,1,1139,4,441
12,8,EBTadj,v2sdEBTadj8e.bmp,SD,4,820,4,442
12,5,EBTadj,v2SmallEBTadj5i.bmp,small,4,826,4,443
12,0,EBTadj,v2FullEBTadj0g.bmp,full,1,668,4,444
12,8,EBTadj,v2sdEBTadj8a.bmp,SD,4,535,4,445
12,3,EBTadj,v2FullEBTadj3e.bmp,full,2,656,4,446
12,0,EBTadj,v2sdEBTadj0b.bmp,SD,2,584,4,447
12,8,EBTadj,v2SmallEBTadj8a.bmp,small,4,746,4,448
12,0,EBTadj,v2sdEBTadj0f.bmp,SD,1,1202,4,449
12,3,EBTadj,v2SmallEBTadj3h.bmp,small,4,675,4,450
12,0,EBTadj,v2SmallEBTadj0d.bmp,small,2,1022,4,451
12,0,EBTadj,v2SmallEBTadj0g.bmp,small,2,828,4,452
12,3,EBTadj,v2sdEBTadj3i.bmp,SD,4,1227,4,453
12,8,EBTadj,v2FullEBTadj8i.bmp,full,1,818,4,454
12,8,EBTadj,v2sdEBTadj8g.bmp,SD,4,981,4,455
12,0,EBTadj,v2FullEBTadj0f.bmp,full,1,579,4,456
12,3,EBTadj,v2sdEBTadj3g.bmp,SD,4,1098,4,457
12,0,EBTadj,v2sdEBTadj0a.bmp,SD,1,928,4,458
12,0,EBTadj,v2sdEBTadj0d.bmp,SD,1,530,4,459
12,8,EBTadj,v2SmallEBTadj8f.bmp,small,4,669,4,460
12,5,EBTadj,v2FullEBTadj5e.bmp,full,1,725,4,461
12,0,EBTadj,v2SmallEBTadj0b.bmp,small,1,693,4,462
12,8,EBTadj,v2FullEBTadj8c.bmp,full,1,418,4,463
12,8,EBTadj,v2sdEBTadj8j.bmp,SD,4,683,4,464
12,0,EBTadj,v2FullEBTadj0i.bmp,full,1,527,4,465
12,3,EBTadj,v2FullEBTadj3g.bmp,full,1,556,4,466
12,3,EBTadj,v2SmallEBTadj3i.bmp,small,4,603,4,467
12,3,EBTadj,v2FullEBTadj3h.bmp,full,4,472,4,468
12,8,EBTadj,v2FullEBTadj8g.bmp,full,1,678,4,469
12,3,EBTadj,v2FullEBTadj3i.bmp,full,1,617,4,470
12,0,EBTadj,v2FullEBTadj0h.bmp,full,1,575,4,471
12,5,EBTadj,v2FullEBTadj5b.bmp,full,1,454,4,472
12,8,EBTadj,v2sdEBTadj8i.bmp,SD,4,1098,4,473
12,3,EBTadj,v2sdEBTadj3a.bmp,SD,4,622,4,474
12,5,EBTadj,v2sdEBTadj5a.bmp,SD,4,621,4,475
12,0,EBTadj,v2SmallEBTadj0j.bmp,small,1,1014,4,476
12,0,EBTadj,v2SmallEBTadj0f.bmp,small,2,851,4,477
12,0,EBTadj,v2FullEBTadj0b.bmp,full,1,666,4,478
12,8,EBTadj,v2sdEBTadj8d.bmp,SD,4,573,4,479
12,3,EBTadj,v2SmallEBTadj3e.bmp,small,4,1097,4,480
14,8,EBTadj,v2SmallEBTadj8h.bmp,small,4,14635,1,1
14,0,EBTadj,v2SmallEBTadj0j.bmp,small,2,11510,1,2
14,5,EBTadj,v2FullEBTadj5e.bmp,full,2,5133,1,3
14,3,EBTadj,v2sdEBTadj3j.bmp,SD,3,3520,1,4
14,5,EBTadj,v2sdEBTadj5c.bmp,SD,3,1308,1,5
14,8,EBTadj,v2FullEBTadj8f.bmp,full,2,1736,1,6
14,0,EBTadj,v2sdEBTadj0b.bmp,SD,2,1179,1,7
14,5,EBTadj,v2SmallEBTadj5d.bmp,small,4,3147,1,8
14,3,EBTadj,v2FullEBTadj3f.bmp,full,2,2478,1,9
14,8,EBTadj,v2sdEBTadj8c.bmp,SD,4,2459,1,10
14,5,EBTadj,v2SmallEBTadj5c.bmp,small,4,2769,1,11
14,5,EBTadj,v2FullEBTadj5d.bmp,full,2,2067,1,12
14,3,EBTadj,v2SmallEBTadj3i.bmp,small,4,2049,1,13
14,8,EBTadj,v2SmallEBTadj8d.bmp,small,4,2655,1,14
14,5,EBTadj,v2sdEBTadj5i.bmp,SD,4,2205,1,15
14,5,EBTadj,v2SmallEBTadj5j.bmp,small,4,1157,1,16
14,5,EBTadj,v2sdEBTadj5a.bmp,SD,3,1303,1,17
14,3,EBTadj,v2sdEBTadj3e.bmp,SD,3,651,1,18
14,5,EBTadj,v2SmallEBTadj5e.bmp,small,4,2616,1,19
14,8,EBTadj,v2FullEBTadj8g.bmp,full,2,1351,1,20
14,5,EBTadj,v2SmallEBTadj5f.bmp,small,4,2225,1,21
14,3,EBTadj,v2sdEBTadj3g.bmp,SD,3,2616,1,22
14,5,EBTadj,v2FullEBTadj5h.bmp,full,2,1616,1,23
14,5,EBTadj,v2FullEBTadj5b.bmp,full,2,888,1,24
14,8,EBTadj,v2FullEBTadj8i.bmp,full,2,1156,1,25
14,0,EBTadj,v2FullEBTadj0d.bmp,full,1,1446,1,26
14,3,EBTadj,v2SmallEBTadj3h.bmp,small,3,2900,1,27
14,8,EBTadj,v2sdEBTadj8g.bmp,SD,4,1217,1,28
14,8,EBTadj,v2sdEBTadj8f.bmp,SD,4,2256,1,29
14,5,EBTadj,v2sdEBTadj5j.bmp,SD,3,6310,1,30
14,3,EBTadj,v2sdEBTadj3i.bmp,SD,2,1291,1,31
14,5,EBTadj,v2sdEBTadj5e.bmp,SD,3,1127,1,32
14,8,EBTadj,v2FullEBTadj8b.bmp,full,2,1266,1,33
14,8,EBTadj,v2SmallEBTadj8j.bmp,small,4,1520,1,34
14,5,EBTadj,v2FullEBTadj5g.bmp,full,2,1258,1,35
14,3,EBTadj,v2FullEBTadj3e.bmp,full,2,1584,1,36
14,0,EBTadj,v2FullEBTadj0h.bmp,full,1,1577,1,37
14,3,EBTadj,v2FullEBTadj3d.bmp,full,2,1458,1,38
14,3,EBTadj,v2sdEBTadj3c.bmp,SD,3,1463,1,39
14,3,EBTadj,v2SmallEBTadj3c.bmp,small,4,701,1,40
14,8,EBTadj,v2SmallEBTadj8i.bmp,small,4,657,1,41
14,0,EBTadj,v2SmallEBTadj0g.bmp,small,2,2566,1,42
14,8,EBTadj,v2sdEBTadj8d.bmp,SD,4,1232,1,43
14,0,EBTadj,v2SmallEBTadj0a.bmp,small,2,1487,1,44
14,3,EBTadj,v2SmallEBTadj3d.bmp,small,4,1523,1,45
14,8,EBTadj,v2FullEBTadj8d.bmp,full,2,2398,1,46
14,0,EBTadj,v2sdEBTadj0i.bmp,SD,1,1743,1,47
14,8,EBTadj,v2SmallEBTadj8c.bmp,small,4,1929,1,48
14,8,EBTadj,v2sdEBTadj8b.bmp,SD,4,492,1,49
14,8,EBTadj,v2FullEBTadj8a.bmp,full,2,1272,1,50
14,5,EBTadj,v2sdEBTadj5d.bmp,SD,3,1149,1,51
14,0,EBTadj,v2sdEBTadj0e.bmp,SD,1,1463,1,52
14,0,EBTadj,v2FullEBTadj0b.bmp,full,1,1451,1,53
14,3,EBTadj,v2FullEBTadj3i.bmp,full,2,1570,1,54
14,3,EBTadj,v2sdEBTadj3b.bmp,SD,3,1571,1,55
14,8,EBTadj,v2sdEBTadj8e.bmp,SD,4,2044,1,56
14,3,EBTadj,v2sdEBTadj3f.bmp,SD,3,1499,1,57
14,0,EBTadj,v2FullEBTadj0a.bmp,full,1,1383,1,58
14,3,EBTadj,v2FullEBTadj3g.bmp,full,2,2496,1,59
14,8,EBTadj,v2SmallEBTadj8f.bmp,small,4,1916,1,60
14,3,EBTadj,v2sdEBTadj3h.bmp,SD,3,1208,1,61
14,0,EBTadj,v2SmallEBTadj0d.bmp,small,2,1983,1,62
14,5,EBTadj,v2sdEBTadj5b.bmp,SD,4,1648,1,63
14,5,EBTadj,v2FullEBTadj5j.bmp,full,2,1335,1,64
14,0,EBTadj,v2FullEBTadj0g.bmp,full,1,1353,1,65
14,5,EBTadj,v2sdEBTadj5h.bmp,SD,3,2508,1,66
14,0,EBTadj,v2FullEBTadj0j.bmp,full,1,1328,1,67
14,3,EBTadj,v2SmallEBTadj3j.bmp,small,3,1434,1,68
14,0,EBTadj,v2sdEBTadj0f.bmp,SD,1,1569,1,69
14,0,EBTadj,v2sdEBTadj0h.bmp,SD,1,2650,1,70
14,0,EBTadj,v2SmallEBTadj0i.bmp,small,2,9328,1,71
14,8,EBTadj,v2SmallEBTadj8b.bmp,small,4,1478,1,72
14,0,EBTadj,v2SmallEBTadj0b.bmp,small,2,1347,1,73
14,3,EBTadj,v2SmallEBTadj3f.bmp,small,3,1749,1,74
14,3,EBTadj,v2SmallEBTadj3a.bmp,small,4,1879,1,75
14,0,EBTadj,v2SmallEBTadj0h.bmp,small,2,3108,1,76
14,0,EBTadj,v2SmallEBTadj0c.bmp,small,2,1448,1,77
14,5,EBTadj,v2FullEBTadj5i.bmp,full,2,1007,1,78
14,8,EBTadj,v2FullEBTadj8e.bmp,full,2,870,1,79
14,5,EBTadj,v2FullEBTadj5c.bmp,full,2,707,1,80
14,5,EBTadj,v2FullEBTadj5f.bmp,full,2,1167,1,81
14,3,EBTadj,v2SmallEBTadj3b.bmp,small,3,1240,1,82
14,5,EBTadj,v2SmallEBTadj5h.bmp,small,4,1822,1,83
14,5,EBTadj,v2SmallEBTadj5b.bmp,small,4,2285,1,84
14,3,EBTadj,v2sdEBTadj3d.bmp,SD,4,2417,1,85
14,3,EBTadj,v2sdEBTadj3a.bmp,SD,3,1337,1,86
14,0,EBTadj,v2sdEBTadj0g.bmp,SD,2,1804,1,87
14,3,EBTadj,v2SmallEBTadj3g.bmp,small,3,1396,1,88
14,8,EBTadj,v2FullEBTadj8h.bmp,full,2,1452,1,89
14,8,EBTadj,v2SmallEBTadj8a.bmp,small,4,1154,1,90
14,8,EBTadj,v2FullEBTadj8j.bmp,full,2,9372,1,91
14,0,EBTadj,v2SmallEBTadj0e.bmp,small,2,2336,1,92
14,3,EBTadj,v2FullEBTadj3h.bmp,full,2,1627,1,93
14,5,EBTadj,v2SmallEBTadj5i.bmp,small,4,2338,1,94
14,3,EBTadj,v2FullEBTadj3b.bmp,full,2,1388,1,95
14,0,EBTadj,v2SmallEBTadj0f.bmp,small,3,1477,1,96
14,0,EBTadj,v2sdEBTadj0c.bmp,SD,1,4122,1,97
14,5,EBTadj,v2FullEBTadj5a.bmp,full,2,1508,1,98
14,0,EBTadj,v2sdEBTadj0j.bmp,SD,2,1576,1,99
14,0,EBTadj,v2FullEBTadj0f.bmp,full,1,3521,1,100
14,0,EBTadj,v2sdEBTadj0a.bmp,SD,1,1124,1,101
14,0,EBTadj,v2sdEBTadj0d.bmp,SD,1,735,1,102
14,5,EBTadj,v2sdEBTadj5g.bmp,SD,3,1282,1,103
14,8,EBTadj,v2sdEBTadj8i.bmp,SD,4,1471,1,104
14,5,EBTadj,v2SmallEBTadj5a.bmp,small,4,636,1,105
14,0,EBTadj,v2FullEBTadj0c.bmp,full,1,1243,1,106
14,5,EBTadj,v2sdEBTadj5f.bmp,SD,3,1705,1,107
14,0,EBTadj,v2FullEBTadj0i.bmp,full,1,757,1,108
14,8,EBTadj,v2SmallEBTadj8g.bmp,small,4,2102,1,109
14,3,EBTadj,v2FullEBTadj3j.bmp,full,2,1115,1,110
14,8,EBTadj,v2sdEBTadj8h.bmp,SD,4,1086,1,111
14,3,EBTadj,v2FullEBTadj3c.bmp,full,2,1491,1,112
14,8,EBTadj,v2FullEBTadj8c.bmp,full,2,911,1,113
14,0,EBTadj,v2FullEBTadj0e.bmp,full,1,1083,1,114
14,8,EBTadj,v2SmallEBTadj8e.bmp,small,4,1343,1,115
14,5,EBTadj,v2SmallEBTadj5g.bmp,small,4,729,1,116
14,8,EBTadj,v2sdEBTadj8j.bmp,SD,4,940,1,117
14,3,EBTadj,v2FullEBTadj3a.bmp,full,2,1285,1,118
14,8,EBTadj,v2sdEBTadj8a.bmp,SD,4,554,1,119
14,3,EBTadj,v2SmallEBTadj3e.bmp,small,4,612,1,120
14,8,EBTadj,v2SmallEBTadj8b.bmp,small,4,451,2,121
14,5,EBTadj,v2SmallEBTadj5i.bmp,small,4,561,2,122
14,3,EBTadj,v2sdEBTadj3g.bmp,SD,3,1250,2,123
14,8,EBTadj,v2SmallEBTadj8d.bmp,small,4,984,2,124
14,0,EBTadj,v2SmallEBTadj0c.bmp,small,2,1041,2,125
14,8,EBTadj,v2FullEBTadj8j.bmp,full,2,4775,2,126
14,0,EBTadj,v2SmallEBTadj0d.bmp,small,2,4033,2,127
14,5,EBTadj,v2SmallEBTadj5j.bmp,small,4,1904,2,128
14,8,EBTadj,v2SmallEBTadj8i.bmp,small,4,900,2,129
14,5,EBTadj,v2FullEBTadj5a.bmp,full,2,1191,2,130
14,8,EBTadj,v2SmallEBTadj8f.bmp,small,4,1815,2,131
14,3,EBTadj,v2FullEBTadj3d.bmp,full,2,1839,2,132
14,3,EBTadj,v2sdEBTadj3c.bmp,SD,3,1085,2,133
14,5,EBTadj,v2FullEBTadj5e.bmp,full,2,1097,2,134
14,8,EBTadj,v2sdEBTadj8f.bmp,SD,4,1213,2,135
14,3,EBTadj,v2SmallEBTadj3f.bmp,small,3,1061,2,136
14,0,EBTadj,v2sdEBTadj0j.bmp,SD,2,4321,2,137
14,5,EBTadj,v2SmallEBTadj5c.bmp,small,4,1285,2,138
14,5,EBTadj,v2SmallEBTadj5b.bmp,small,4,921,2,139
14,0,EBTadj,v2FullEBTadj0h.bmp,full,2,3364,2,140
14,5,EBTadj,v2FullEBTadj5f.bmp,full,2,3102,2,141
14,8,EBTadj,v2FullEBTadj8i.bmp,full,2,1315,2,142
14,3,EBTadj,v2FullEBTadj3c.bmp,full,2,654,2,143
14,5,EBTadj,v2sdEBTadj5e.bmp,SD,3,1660,2,144
14,0,EBTadj,v2SmallEBTadj0b.bmp,small,3,1410,2,145
14,8,EBTadj,v2sdEBTadj8e.bmp,SD,4,1057,2,146
14,3,EBTadj,v2SmallEBTadj3g.bmp,small,4,543,2,147
14,8,EBTadj,v2sdEBTadj8b.bmp,SD,4,457,2,148
14,3,EBTadj,v2FullEBTadj3f.bmp,full,1,1094,2,149
14,0,EBTadj,v2sdEBTadj0e.bmp,SD,1,1786,2,150
14,3,EBTadj,v2SmallEBTadj3b.bmp,small,3,1155,2,151
14,3,EBTadj,v2sdEBTadj3e.bmp,SD,3,1196,2,152
14,8,EBTadj,v2sdEBTadj8a.bmp,SD,3,469,2,153
14,0,EBTadj,v2sdEBTadj0d.bmp,SD,1,1681,2,154
14,5,EBTadj,v2FullEBTadj5b.bmp,full,1,1086,2,155
14,8,EBTadj,v2FullEBTadj8h.bmp,full,1,1162,2,156
14,3,EBTadj,v2FullEBTadj3e.bmp,full,1,1796,2,157
14,3,EBTadj,v2FullEBTadj3j.bmp,full,1,612,2,158
14,3,EBTadj,v2sdEBTadj3d.bmp,SD,3,1315,2,159
14,5,EBTadj,v2sdEBTadj5a.bmp,SD,3,479,2,160
14,5,EBTadj,v2FullEBTadj5h.bmp,full,1,1147,2,161
14,3,EBTadj,v2SmallEBTadj3e.bmp,small,3,1534,2,162
14,3,EBTadj,v2SmallEBTadj3c.bmp,small,4,6536,2,163
14,0,EBTadj,v2SmallEBTadj0e.bmp,small,2,2308,2,164
14,0,EBTadj,v2FullEBTadj0b.bmp,full,2,1200,2,165
14,0,EBTadj,v2sdEBTadj0g.bmp,SD,2,535,2,166
14,0,EBTadj,v2sdEBTadj0f.bmp,SD,2,553,2,167
14,8,EBTadj,v2SmallEBTadj8h.bmp,small,3,1554,2,168
14,3,EBTadj,v2sdEBTadj3i.bmp,SD,3,444,2,169
14,5,EBTadj,v2FullEBTadj5g.bmp,full,2,1018,2,170
14,0,EBTadj,v2sdEBTadj0a.bmp,SD,2,3377,2,171
14,8,EBTadj,v2SmallEBTadj8j.bmp,small,4,2025,2,172
14,5,EBTadj,v2FullEBTadj5d.bmp,full,1,1545,2,173
14,8,EBTadj,v2SmallEBTadj8a.bmp,small,4,1587,2,174
14,0,EBTadj,v2SmallEBTadj0a.bmp,small,2,1219,2,175
14,0,EBTadj,v2FullEBTadj0a.bmp,full,1,922,2,176
14,5,EBTadj,v2SmallEBTadj5g.bmp,small,4,1173,2,177
14,8,EBTadj,v2FullEBTadj8a.bmp,full,2,1278,2,178
14,3,EBTadj,v2FullEBTadj3a.bmp,full,2,1043,2,179
14,0,EBTadj,v2FullEBTadj0i.bmp,full,1,1465,2,180
14,8,EBTadj,v2sdEBTadj8j.bmp,SD,4,1182,2,181
14,0,EBTadj,v2sdEBTadj0c.bmp,SD,4,2999,2,182
14,0,EBTadj,v2FullEBTadj0d.bmp,full,1,1216,2,183
14,3,EBTadj,v2sdEBTadj3f.bmp,SD,3,1415,2,184
14,8,EBTadj,v2sdEBTadj8c.bmp,SD,4,1103,2,185
14,0,EBTadj,v2FullEBTadj0f.bmp,full,1,1139,2,186
14,8,EBTadj,v2sdEBTadj8g.bmp,SD,4,925,2,187
14,0,EBTadj,v2sdEBTadj0b.bmp,SD,2,1208,2,188
14,5,EBTadj,v2sdEBTadj5h.bmp,SD,4,2287,2,189
14,3,EBTadj,v2SmallEBTadj3d.bmp,small,3,1212,2,190
14,0,EBTadj,v2SmallEBTadj0i.bmp,small,2,1731,2,191
14,8,EBTadj,v2FullEBTadj8c.bmp,full,4,1438,2,192
14,5,EBTadj,v2sdEBTadj5f.bmp,SD,4,620,2,193
14,8,EBTadj,v2FullEBTadj8e.bmp,full,2,1675,2,194
14,5,EBTadj,v2sdEBTadj5j.bmp,SD,3,1048,2,195
14,3,EBTadj,v2SmallEBTadj3h.bmp,small,3,926,2,196
14,8,EBTadj,v2FullEBTadj8g.bmp,full,2,1065,2,197
14,8,EBTadj,v2sdEBTadj8d.bmp,SD,4,1190,2,198
14,5,EBTadj,v2SmallEBTadj5h.bmp,small,4,1294,2,199
14,5,EBTadj,v2sdEBTadj5g.bmp,SD,3,1178,2,200
14,3,EBTadj,v2sdEBTadj3h.bmp,SD,2,955,2,201
14,5,EBTadj,v2SmallEBTadj5f.bmp,small,4,1733,2,202
14,3,EBTadj,v2FullEBTadj3i.bmp,full,2,1800,2,203
14,8,EBTadj,v2sdEBTadj8i.bmp,SD,4,1696,2,204
14,3,EBTadj,v2FullEBTadj3b.bmp,full,1,1884,2,205
14,5,EBTadj,v2SmallEBTadj5a.bmp,small,3,1457,2,206
14,0,EBTadj,v2SmallEBTadj0g.bmp,small,2,1215,2,207
14,0,EBTadj,v2SmallEBTadj0h.bmp,small,2,982,2,208
14,5,EBTadj,v2sdEBTadj5d.bmp,SD,3,1039,2,209
14,8,EBTadj,v2SmallEBTadj8e.bmp,small,4,1077,2,210
14,3,EBTadj,v2sdEBTadj3b.bmp,SD,3,1185,2,211
14,5,EBTadj,v2SmallEBTadj5d.bmp,small,4,1257,2,212
14,3,EBTadj,v2SmallEBTadj3a.bmp,small,3,1295,2,213
14,5,EBTadj,v2FullEBTadj5j.bmp,full,2,1227,2,214
14,8,EBTadj,v2FullEBTadj8f.bmp,full,2,618,2,215
14,8,EBTadj,v2FullEBTadj8b.bmp,full,2,673,2,216
14,5,EBTadj,v2sdEBTadj5i.bmp,SD,3,1390,2,217
14,3,EBTadj,v2FullEBTadj3g.bmp,full,2,966,2,218
14,8,EBTadj,v2sdEBTadj8h.bmp,SD,3,1103,2,219
14,3,EBTadj,v2sdEBTadj3j.bmp,SD,3,1043,2,220
14,3,EBTadj,v2SmallEBTadj3j.bmp,small,3,1273,2,221
14,0,EBTadj,v2SmallEBTadj0f.bmp,small,2,1318,2,222
14,3,EBTadj,v2SmallEBTadj3i.bmp,small,3,1114,2,223
14,0,EBTadj,v2FullEBTadj0e.bmp,full,1,1317,2,224
14,0,EBTadj,v2SmallEBTadj0j.bmp,small,2,1137,2,225
14,5,EBTadj,v2FullEBTadj5i.bmp,full,2,915,2,226
14,0,EBTadj,v2FullEBTadj0g.bmp,full,1,1111,2,227
14,8,EBTadj,v2SmallEBTadj8c.bmp,small,4,1266,2,228
14,8,EBTadj,v2SmallEBTadj8g.bmp,small,4,648,2,229
14,0,EBTadj,v2sdEBTadj0h.bmp,SD,2,1005,2,230
14,5,EBTadj,v2SmallEBTadj5e.bmp,small,3,1085,2,231
14,0,EBTadj,v2FullEBTadj0c.bmp,full,1,1098,2,232
14,5,EBTadj,v2sdEBTadj5b.bmp,SD,3,1053,2,233
14,0,EBTadj,v2sdEBTadj0i.bmp,SD,1,4411,2,234
14,5,EBTadj,v2sdEBTadj5c.bmp,SD,3,3939,2,235
14,0,EBTadj,v2FullEBTadj0j.bmp,full,1,1438,2,236
14,3,EBTadj,v2FullEBTadj3h.bmp,full,2,1125,2,237
14,5,EBTadj,v2FullEBTadj5c.bmp,full,2,583,2,238
14,8,EBTadj,v2FullEBTadj8d.bmp,full,2,464,2,239
14,3,EBTadj,v2sdEBTadj3a.bmp,SD,3,1117,2,240
14,8,EBTadj,v2SmallEBTadj8d.bmp,small,4,1000,3,241
14,0,EBTadj,v2FullEBTadj0a.bmp,full,1,1449,3,242
14,5,EBTadj,v2sdEBTadj5a.bmp,SD,3,1047,3,243
14,0,EBTadj,v2SmallEBTadj0c.bmp,small,2,1541,3,244
14,0,EBTadj,v2sdEBTadj0i.bmp,SD,2,1071,3,245
14,8,EBTadj,v2SmallEBTadj8f.bmp,small,4,964,3,246
14,8,EBTadj,v2sdEBTadj8i.bmp,SD,4,558,3,247
14,8,EBTadj,v2SmallEBTadj8i.bmp,small,4,399,3,248
14,0,EBTadj,v2SmallEBTadj0a.bmp,small,2,1031,3,249
14,5,EBTadj,v2SmallEBTadj5d.bmp,small,4,1198,3,250
14,5,EBTadj,v2FullEBTadj5f.bmp,full,2,1158,3,251
14,0,EBTadj,v2FullEBTadj0c.bmp,full,1,1022,3,252
14,5,EBTadj,v2FullEBTadj5h.bmp,full,2,1077,3,253
14,5,EBTadj,v2sdEBTadj5i.bmp,SD,4,1442,3,254
14,0,EBTadj,v2sdEBTadj0j.bmp,SD,2,936,3,255
14,3,EBTadj,v2SmallEBTadj3g.bmp,small,3,962,3,256
14,3,EBTadj,v2SmallEBTadj3b.bmp,small,3,1868,3,257
14,8,EBTadj,v2FullEBTadj8h.bmp,full,2,1281,3,258
14,0,EBTadj,v2sdEBTadj0a.bmp,SD,2,1198,3,259
14,8,EBTadj,v2FullEBTadj8e.bmp,full,2,646,3,260
14,3,EBTadj,v2FullEBTadj3a.bmp,full,2,540,3,261
14,0,EBTadj,v2FullEBTadj0e.bmp,full,1,950,3,262
14,8,EBTadj,v2SmallEBTadj8g.bmp,small,4,1216,3,263
14,3,EBTadj,v2sdEBTadj3f.bmp,SD,3,872,3,264
14,5,EBTadj,v2SmallEBTadj5i.bmp,small,2,1501,3,265
14,5,EBTadj,v2FullEBTadj5b.bmp,full,3,1281,3,266
14,5,EBTadj,v2FullEBTadj5a.bmp,full,2,1374,3,267
14,8,EBTadj,v2SmallEBTadj8c.bmp,small,4,1215,3,268
14,0,EBTadj,v2FullEBTadj0b.bmp,full,1,958,3,269
14,0,EBTadj,v2FullEBTadj0h.bmp,full,1,984,3,270
14,5,EBTadj,v2SmallEBTadj5f.bmp,small,3,1888,3,271
14,3,EBTadj,v2FullEBTadj3h.bmp,full,2,1133,3,272
14,8,EBTadj,v2sdEBTadj8c.bmp,SD,4,1078,3,273
14,5,EBTadj,v2SmallEBTadj5b.bmp,small,4,915,3,274
14,8,EBTadj,v2sdEBTadj8h.bmp,SD,4,519,3,275
14,3,EBTadj,v2SmallEBTadj3e.bmp,small,3,2330,3,276
14,5,EBTadj,v2sdEBTadj5f.bmp,SD,3,829,3,277
14,5,EBTadj,v2FullEBTadj5d.bmp,full,2,1076,3,278
14,5,EBTadj,v2SmallEBTadj5j.bmp,small,3,1288,3,279
14,5,EBTadj,v2SmallEBTadj5c.bmp,small,3,1060,3,280
14,8,EBTadj,v2sdEBTadj8g.bmp,SD,4,4346,3,281
14,8,EBTadj,v2sdEBTadj8j.bmp,SD,4,501,3,282
14,5,EBTadj,v2sdEBTadj5c.bmp,SD,4,353,3,283
14,8,EBTadj,v2sdEBTadj8b.bmp,SD,4,515,3,284
14,8,EBTadj,v2SmallEBTadj8h.bmp,small,4,574,3,285
14,8,EBTadj,v2FullEBTadj8b.bmp,full,2,1327,3,286
14,3,EBTadj,v2sdEBTadj3b.bmp,SD,3,961,3,287
14,8,EBTadj,v2sdEBTadj8a.bmp,SD,4,1315,3,288
14,5,EBTadj,v2sdEBTadj5j.bmp,SD,3,758,3,289
14,3,EBTadj,v2FullEBTadj3c.bmp,full,1,1207,3,290
14,0,EBTadj,v2sdEBTadj0d.bmp,SD,1,1455,3,291
14,3,EBTadj,v2FullEBTadj3d.bmp,full,2,1853,3,292
14,0,EBTadj,v2sdEBTadj0h.bmp,SD,3,875,3,293
14,0,EBTadj,v2sdEBTadj0e.bmp,SD,2,2143,3,294
14,8,EBTadj,v2FullEBTadj8d.bmp,full,2,602,3,295
14,5,EBTadj,v2FullEBTadj5c.bmp,full,2,489,3,296
14,3,EBTadj,v2FullEBTadj3f.bmp,full,2,589,3,297
14,8,EBTadj,v2SmallEBTadj8e.bmp,small,4,1373,3,298
14,0,EBTadj,v2sdEBTadj0b.bmp,SD,2,838,3,299
14,5,EBTadj,v2FullEBTadj5j.bmp,full,2,764,3,300
14,5,EBTadj,v2SmallEBTadj5e.bmp,small,4,637,3,301
14,8,EBTadj,v2FullEBTadj8i.bmp,full,2,1140,3,302
14,0,EBTadj,v2SmallEBTadj0e.bmp,small,2,806,3,303
14,3,EBTadj,v2FullEBTadj3i.bmp,full,2,1061,3,304
14,3,EBTadj,v2sdEBTadj3j.bmp,SD,3,851,3,305
14,0,EBTadj,v2SmallEBTadj0d.bmp,small,2,697,3,306
14,5,EBTadj,v2SmallEBTadj5a.bmp,small,4,1069,3,307
14,0,EBTadj,v2sdEBTadj0c.bmp,SD,1,1290,3,308
14,8,EBTadj,v2FullEBTadj8c.bmp,full,2,1062,3,309
14,3,EBTadj,v2sdEBTadj3c.bmp,SD,3,692,3,310
14,8,EBTadj,v2SmallEBTadj8j.bmp,small,4,752,3,311
14,8,EBTadj,v2SmallEBTadj8b.bmp,small,4,737,3,312
14,0,EBTadj,v2SmallEBTadj0j.bmp,small,3,724,3,313
14,5,EBTadj,v2SmallEBTadj5h.bmp,small,4,1103,3,314
14,3,EBTadj,v2FullEBTadj3j.bmp,full,2,1523,3,315
14,0,EBTadj,v2SmallEBTadj0i.bmp,small,2,870,3,316
14,0,EBTadj,v2SmallEBTadj0h.bmp,small,3,827,3,317
14,5,EBTadj,v2sdEBTadj5d.bmp,SD,4,1145,3,318
14,8,EBTadj,v2sdEBTadj8f.bmp,SD,4,603,3,319
14,3,EBTadj,v2FullEBTadj3g.bmp,full,2,1139,3,320
14,5,EBTadj,v2FullEBTadj5i.bmp,full,2,581,3,321
14,0,EBTadj,v2FullEBTadj0d.bmp,full,1,1085,3,322
14,8,EBTadj,v2FullEBTadj8j.bmp,full,2,530,3,323
14,5,EBTadj,v2FullEBTadj5e.bmp,full,2,1189,3,324
14,8,EBTadj,v2SmallEBTadj8a.bmp,small,4,853,3,325
14,3,EBTadj,v2sdEBTadj3a.bmp,SD,3,1475,3,326
14,8,EBTadj,v2FullEBTadj8g.bmp,full,2,672,3,327
14,3,EBTadj,v2sdEBTadj3d.bmp,SD,3,772,3,328
14,5,EBTadj,v2SmallEBTadj5g.bmp,small,4,373,3,329
14,3,EBTadj,v2SmallEBTadj3i.bmp,small,4,533,3,330
14,3,EBTadj,v2SmallEBTadj3j.bmp,small,4,656,3,331
14,0,EBTadj,v2FullEBTadj0j.bmp,full,1,1389,3,332
14,3,EBTadj,v2sdEBTadj3g.bmp,SD,3,877,3,333
14,3,EBTadj,v2FullEBTadj3b.bmp,full,2,962,3,334
14,8,EBTadj,v2FullEBTadj8a.bmp,full,2,667,3,335
14,5,EBTadj,v2sdEBTadj5h.bmp,SD,3,561,3,336
14,5,EBTadj,v2sdEBTadj5g.bmp,SD,3,1250,3,337
14,0,EBTadj,v2FullEBTadj0f.bmp,full,1,1424,3,338
14,0,EBTadj,v2sdEBTadj0f.bmp,SD,2,679,3,339
14,5,EBTadj,v2sdEBTadj5e.bmp,SD,4,707,3,340
14,3,EBTadj,v2sdEBTadj3h.bmp,SD,3,511,3,341
14,3,EBTadj,v2SmallEBTadj3h.bmp,small,3,985,3,342
14,3,EBTadj,v2SmallEBTadj3f.bmp,small,3,1258,3,343
14,8,EBTadj,v2FullEBTadj8f.bmp,full,2,1111,3,344
14,3,EBTadj,v2SmallEBTadj3c.bmp,small,4,810,3,345
14,5,EBTadj,v2sdEBTadj5b.bmp,SD,4,858,3,346
14,0,EBTadj,v2SmallEBTadj0f.bmp,small,3,895,3,347
14,0,EBTadj,v2SmallEBTadj0g.bmp,small,2,1459,3,348
14,3,EBTadj,v2sdEBTadj3e.bmp,SD,3,849,3,349
14,8,EBTadj,v2sdEBTadj8d.bmp,SD,4,727,3,350
14,3,EBTadj,v2sdEBTadj3i.bmp,SD,3,761,3,351
14,3,EBTadj,v2SmallEBTadj3a.bmp,small,3,1554,3,352
14,5,EBTadj,v2FullEBTadj5g.bmp,full,2,557,3,353
14,0,EBTadj,v2sdEBTadj0g.bmp,SD,2,766,3,354
14,0,EBTadj,v2SmallEBTadj0b.bmp,small,2,487,3,355
14,3,EBTadj,v2FullEBTadj3e.bmp,full,2,340,3,356
14,0,EBTadj,v2FullEBTadj0g.bmp,full,2,374,3,357
14,3,EBTadj,v2SmallEBTadj3d.bmp,small,3,758,3,358
14,0,EBTadj,v2FullEBTadj0i.bmp,full,1,1183,3,359
14,8,EBTadj,v2sdEBTadj8e.bmp,SD,4,920,3,360
14,8,EBTadj,v2SmallEBTadj8i.bmp,small,4,715,4,361
14,0,EBTadj,v2sdEBTadj0c.bmp,SD,1,1271,4,362
14,3,EBTadj,v2sdEBTadj3i.bmp,SD,2,1268,4,363
14,3,EBTadj,v2sdEBTadj3e.bmp,SD,2,714,4,364
14,3,EBTadj,v2sdEBTadj3h.bmp,SD,2,469,4,365
14,3,EBTadj,v2FullEBTadj3g.bmp,full,2,857,4,366
14,8,EBTadj,v2FullEBTadj8b.bmp,full,2,542,4,367
14,0,EBTadj,v2FullEBTadj0a.bmp,full,1,1112,4,368
14,5,EBTadj,v2sdEBTadj5b.bmp,SD,3,732,4,369
14,5,EBTadj,v2FullEBTadj5f.bmp,full,2,1438,4,370
14,0,EBTadj,v2SmallEBTadj0f.bmp,small,2,805,4,371
14,8,EBTadj,v2sdEBTadj8j.bmp,SD,4,805,4,372
14,8,EBTadj,v2SmallEBTadj8d.bmp,small,4,485,4,373
14,5,EBTadj,v2FullEBTadj5a.bmp,full,2,833,4,374
14,5,EBTadj,v2sdEBTadj5g.bmp,SD,4,928,4,375
14,0,EBTadj,v2sdEBTadj0g.bmp,SD,2,818,4,376
14,3,EBTadj,v2sdEBTadj3b.bmp,SD,2,362,4,377
14,5,EBTadj,v2sdEBTadj5h.bmp,SD,4,755,4,378
14,8,EBTadj,v2SmallEBTadj8e.bmp,small,3,605,4,379
14,0,EBTadj,v2SmallEBTadj0c.bmp,small,2,813,4,380
14,8,EBTadj,v2FullEBTadj8c.bmp,full,2,412,4,381
14,3,EBTadj,v2SmallEBTadj3b.bmp,small,2,355,4,382
14,8,EBTadj,v2SmallEBTadj8j.bmp,small,4,749,4,383
14,5,EBTadj,v2sdEBTadj5j.bmp,SD,3,687,4,384
14,5,EBTadj,v2FullEBTadj5i.bmp,full,2,1540,4,385
14,3,EBTadj,v2FullEBTadj3e.bmp,full,2,1086,4,386
14,5,EBTadj,v2SmallEBTadj5d.bmp,small,4,682,4,387
14,8,EBTadj,v2FullEBTadj8i.bmp,full,2,815,4,388
14,8,EBTadj,v2sdEBTadj8i.bmp,SD,4,678,4,389
14,0,EBTadj,v2SmallEBTadj0i.bmp,small,2,2131,4,390
14,5,EBTadj,v2sdEBTadj5i.bmp,SD,3,925,4,391
14,8,EBTadj,v2SmallEBTadj8b.bmp,small,4,1176,4,392
14,5,EBTadj,v2FullEBTadj5c.bmp,full,2,1305,4,393
14,3,EBTadj,v2sdEBTadj3f.bmp,SD,4,932,4,394
14,3,EBTadj,v2FullEBTadj3c.bmp,full,2,815,4,395
14,0,EBTadj,v2FullEBTadj0h.bmp,full,2,670,4,396
14,5,EBTadj,v2SmallEBTadj5e.bmp,small,3,699,4,397
14,3,EBTadj,v2sdEBTadj3c.bmp,SD,3,911,4,398
14,8,EBTadj,v2FullEBTadj8f.bmp,full,2,971,4,399
14,5,EBTadj,v2FullEBTadj5j.bmp,full,2,596,4,400
14,0,EBTadj,v2FullEBTadj0f.bmp,full,1,1292,4,401
14,3,EBTadj,v2sdEBTadj3d.bmp,SD,3,872,4,402
14,8,EBTadj,v2FullEBTadj8h.bmp,full,2,1253,4,403
14,0,EBTadj,v2sdEBTadj0e.bmp,SD,1,1250,4,404
14,3,EBTadj,v2sdEBTadj3g.bmp,SD,3,1704,4,405
14,0,EBTadj,v2sdEBTadj0d.bmp,SD,2,1077,4,406
14,3,EBTadj,v2FullEBTadj3f.bmp,full,2,625,4,407
14,5,EBTadj,v2SmallEBTadj5b.bmp,small,3,6136,4,408
14,3,EBTadj,v2FullEBTadj3j.bmp,full,2,1220,4,409
14,0,EBTadj,v2SmallEBTadj0g.bmp,small,2,2371,4,410
14,8,EBTadj,v2SmallEBTadj8f.bmp,small,4,1140,4,411
14,0,EBTadj,v2sdEBTadj0b.bmp,SD,2,1214,4,412
14,5,EBTadj,v2sdEBTadj5c.bmp,SD,3,1030,4,413
14,5,EBTadj,v2FullEBTadj5b.bmp,full,2,1476,4,414
14,3,EBTadj,v2sdEBTadj3a.bmp,SD,3,977,4,415
14,5,EBTadj,v2SmallEBTadj5j.bmp,small,3,826,4,416
14,8,EBTadj,v2FullEBTadj8j.bmp,full,2,992,4,417
14,0,EBTadj,v2FullEBTadj0i.bmp,full,1,1145,4,418
14,8,EBTadj,v2sdEBTadj8g.bmp,SD,4,2707,4,419
14,0,EBTadj,v2SmallEBTadj0e.bmp,small,1,1871,4,420
14,0,EBTadj,v2FullEBTadj0b.bmp,full,1,900,4,421
14,3,EBTadj,v2SmallEBTadj3e.bmp,small,3,1200,4,422
14,8,EBTadj,v2SmallEBTadj8g.bmp,small,4,2168,4,423
14,0,EBTadj,v2sdEBTadj0j.bmp,SD,2,834,4,424
14,3,EBTadj,v2SmallEBTadj3j.bmp,small,3,665,4,425
14,0,EBTadj,v2SmallEBTadj0j.bmp,small,2,1126,4,426
14,8,EBTadj,v2sdEBTadj8f.bmp,SD,4,1009,4,427
14,0,EBTadj,v2FullEBTadj0c.bmp,full,1,1072,4,428
14,8,EBTadj,v2SmallEBTadj8h.bmp,small,4,973,4,429
14,0,EBTadj,v2SmallEBTadj0d.bmp,small,2,974,4,430
14,3,EBTadj,v2SmallEBTadj3d.bmp,small,3,349,4,431
14,8,EBTadj,v2sdEBTadj8e.bmp,SD,4,327,4,432
14,8,EBTadj,v2SmallEBTadj8a.bmp,small,4,594,4,433
14,5,EBTadj,v2sdEBTadj5a.bmp,SD,3,770,4,434
14,5,EBTadj,v2sdEBTadj5d.bmp,SD,3,547,4,435
14,8,EBTadj,v2SmallEBTadj8c.bmp,small,4,629,4,436
14,5,EBTadj,v2FullEBTadj5g.bmp,full,2,651,4,437
14,8,EBTadj,v2FullEBTadj8e.bmp,full,2,329,4,438
14,5,EBTadj,v2FullEBTadj5h.bmp,full,2,404,4,439
14,8,EBTadj,v2sdEBTadj8b.bmp,SD,4,971,4,440
14,5,EBTadj,v2SmallEBTadj5g.bmp,small,4,669,4,441
14,5,EBTadj,v2sdEBTadj5e.bmp,SD,4,482,4,442
14,5,EBTadj,v2SmallEBTadj5f.bmp,small,4,647,4,443
14,0,EBTadj,v2FullEBTadj0e.bmp,full,1,1293,4,444
14,0,EBTadj,v2SmallEBTadj0b.bmp,small,2,1009,4,445
14,0,EBTadj,v2sdEBTadj0a.bmp,SD,2,1064,4,446
14,8,EBTadj,v2sdEBTadj8a.bmp,SD,4,853,4,447
14,3,EBTadj,v2SmallEBTadj3a.bmp,small,3,611,4,448
14,3,EBTadj,v2SmallEBTadj3g.bmp,small,3,3195,4,449
14,8,EBTadj,v2FullEBTadj8g.bmp,full,2,1908,4,450
14,5,EBTadj,v2FullEBTadj5d.bmp,full,2,551,4,451
14,0,EBTadj,v2SmallEBTadj0a.bmp,small,2,921,4,452
14,0,EBTadj,v2sdEBTadj0f.bmp,SD,2,652,4,453
14,8,EBTadj,v2sdEBTadj8d.bmp,SD,4,866,4,454
14,0,EBTadj,v2FullEBTadj0d.bmp,full,1,1223,4,455
14,3,EBTadj,v2SmallEBTadj3c.bmp,small,3,1245,4,456
14,5,EBTadj,v2SmallEBTadj5a.bmp,small,4,684,4,457
14,8,EBTadj,v2sdEBTadj8c.bmp,SD,4,440,4,458
14,3,EBTadj,v2SmallEBTadj3i.bmp,small,4,342,4,459
14,8,EBTadj,v2FullEBTadj8d.bmp,full,2,1048,4,460
14,0,EBTadj,v2sdEBTadj0h.bmp,SD,2,990,4,461
14,5,EBTadj,v2SmallEBTadj5i.bmp,small,4,2086,4,462
14,3,EBTadj,v2FullEBTadj3d.bmp,full,2,851,4,463
14,3,EBTadj,v2FullEBTadj3a.bmp,full,2,1041,4,464
14,3,EBTadj,v2SmallEBTadj3f.bmp,small,3,703,4,465
14,5,EBTadj,v2sdEBTadj5f.bmp,SD,3,1211,4,466
14,3,EBTadj,v2sdEBTadj3j.bmp,SD,3,770,4,467
14,8,EBTadj,v2sdEBTadj8h.bmp,SD,4,516,4,468
14,0,EBTadj,v2FullEBTadj0j.bmp,full,2,687,4,469
14,0,EBTadj,v2SmallEBTadj0h.bmp,small,2,804,4,470
14,3,EBTadj,v2FullEBTadj3i.bmp,full,2,700,4,471
14,3,EBTadj,v2SmallEBTadj3h.bmp,small,3,735,4,472
14,3,EBTadj,v2FullEBTadj3b.bmp,full,2,698,4,473
14,0,EBTadj,v2sdEBTadj0i.bmp,SD,2,1534,4,474
14,3,EBTadj,v2FullEBTadj3h.bmp,full,2,497,4,475
14,0,EBTadj,v2FullEBTadj0g.bmp,full,1,1157,4,476
14,8,EBTadj,v2FullEBTadj8a.bmp,full,2,1550,4,477
14,5,EBTadj,v2SmallEBTadj5h.bmp,small,3,1376,4,478
14,5,EBTadj,v2SmallEBTadj5c.bmp,small,2,1728,4,479
14,5,EBTadj,v2FullEBTadj5e.bmp,full,2,875,4,480
