Subject,effectSize,graphImg,graphType,resp,RT,cycle,sample
1,8,v2lineFull8b.bmp,Full,2,14931,1,1
1,5,v2lineSmall5b.bmp,Small,4,11165,1,2
1,3,v2lineSmall3e.bmp,Small,4,6006,1,3
1,3,v2lineFull3i.bmp,Full,2,3096,1,4
1,3,v2lineFull3d.bmp,Full,1,3501,1,5
1,5,v2lineSmall5h.bmp,Small,4,4589,1,6
1,0,v2lineSD0a.bmp,SD,1,1731,1,7
1,0,v2lineSD0b.bmp,SD,1,873,1,8
1,8,v2lineFull8e.bmp,Full,2,2033,1,9
1,3,v2lineSD3i.bmp,SD,3,1295,1,10
1,5,v2lineSD5j.bmp,SD,4,1060,1,11
1,3,v2lineFull3a.bmp,Full,2,1950,1,12
1,5,v2lineSmall5c.bmp,Small,4,1447,1,13
1,5,v2lineFull5f.bmp,Full,2,1561,1,14
1,5,v2lineFull5d.bmp,Full,2,1943,1,15
1,8,v2lineFull8a.bmp,Full,2,1888,1,16
1,3,v2lineSD3e.bmp,SD,3,1152,1,17
1,0,v2lineSmall0b.bmp,Small,1,2571,1,18
1,8,v2lineSmall8g.bmp,Small,4,1370,1,19
1,8,v2lineSD8g.bmp,SD,4,613,1,20
1,3,v2lineFull3h.bmp,Full,2,1059,1,21
1,3,v2lineSmall3f.bmp,Small,4,623,1,22
1,8,v2lineFull8d.bmp,Full,2,920,1,23
1,3,v2lineSmall3g.bmp,Small,4,621,1,24
1,8,v2lineSD8i.bmp,SD,4,1060,1,25
1,8,v2lineSmall8f.bmp,Small,4,637,1,26
1,3,v2lineSD3h.bmp,SD,3,1388,1,27
1,0,v2lineSmall0i.bmp,Small,2,971,1,28
1,8,v2lineSmall8j.bmp,Small,4,913,1,29
1,0,v2lineSD0f.bmp,SD,1,8687,1,30
1,5,v2lineFull5b.bmp,Full,2,1546,1,31
1,3,v2lineFull3c.bmp,Full,1,1055,1,32
1,0,v2lineFull0j.bmp,Full,1,868,1,33
1,5,v2lineSD5f.bmp,SD,3,1115,1,34
1,3,v2lineFull3b.bmp,Full,2,943,1,35
1,0,v2lineSD0e.bmp,SD,1,1113,1,36
1,0,v2lineSmall0e.bmp,Small,1,1026,1,37
1,0,v2lineSD0g.bmp,SD,1,1136,1,38
1,3,v2lineSmall3i.bmp,Small,4,1098,1,39
1,5,v2lineSD5i.bmp,SD,4,609,1,40
1,0,v2lineSmall0f.bmp,Small,2,2914,1,41
1,3,v2lineSD3f.bmp,SD,2,1046,1,42
1,0,v2lineFull0b.bmp,Full,2,900,1,43
1,8,v2lineFull8j.bmp,Full,2,850,1,44
1,3,v2lineSD3d.bmp,SD,3,693,1,45
1,0,v2lineSmall0d.bmp,Small,2,787,1,46
1,8,v2lineFull8c.bmp,Full,2,1626,1,47
1,5,v2lineSmall5a.bmp,Small,4,840,1,48
1,3,v2lineSD3j.bmp,SD,3,1829,1,49
1,3,v2lineSD3c.bmp,SD,3,1016,1,50
1,5,v2lineSD5g.bmp,SD,3,504,1,51
1,8,v2lineSmall8a.bmp,Small,4,791,1,52
1,0,v2lineSmall0h.bmp,Small,2,877,1,53
1,8,v2lineSmall8d.bmp,Small,4,820,1,54
1,5,v2lineSmall5f.bmp,Small,4,606,1,55
1,8,v2lineSD8f.bmp,SD,4,497,1,56
1,5,v2lineFull5e.bmp,Full,2,1306,1,57
1,3,v2lineSmall3b.bmp,Small,4,646,1,58
1,0,v2lineSD0i.bmp,SD,2,822,1,59
1,5,v2lineSmall5j.bmp,Small,4,404,1,60
1,8,v2lineFull8i.bmp,Full,3,1618,1,61
1,8,v2lineSD8d.bmp,SD,4,679,1,62
1,8,v2lineFull8g.bmp,Full,2,803,1,63
1,5,v2lineFull5c.bmp,Full,2,703,1,64
1,0,v2lineFull0a.bmp,Full,1,559,1,65
1,3,v2lineFull3f.bmp,Full,1,1086,1,66
1,8,v2lineSmall8e.bmp,Small,4,762,1,67
1,3,v2lineSmall3j.bmp,Small,4,649,1,68
1,5,v2lineSmall5d.bmp,Small,4,511,1,69
1,0,v2lineFull0g.bmp,Full,1,973,1,70
1,3,v2lineFull3e.bmp,Full,1,1142,1,71
1,5,v2lineFull5i.bmp,Full,1,570,1,72
1,3,v2lineSD3b.bmp,SD,3,2090,1,73
1,0,v2lineSmall0a.bmp,Small,2,870,1,74
1,0,v2lineFull0d.bmp,Full,1,803,1,75
1,3,v2lineSD3a.bmp,SD,3,713,1,76
1,0,v2lineSD0h.bmp,SD,2,872,1,77
1,5,v2lineFull5j.bmp,Full,1,1010,1,78
1,3,v2lineFull3j.bmp,Full,1,463,1,79
1,8,v2lineSmall8i.bmp,Small,4,763,1,80
1,0,v2lineSmall0c.bmp,Small,2,1191,1,81
1,5,v2lineSD5c.bmp,SD,2,667,1,82
1,5,v2lineSD5e.bmp,SD,3,687,1,83
1,8,v2lineSmall8b.bmp,Small,4,1063,1,84
1,3,v2lineSmall3d.bmp,Small,4,965,1,85
1,5,v2lineFull5a.bmp,Full,2,979,1,86
1,3,v2lineSmall3a.bmp,Small,4,1157,1,87
1,5,v2lineSD5a.bmp,SD,4,519,1,88
1,8,v2lineSmall8h.bmp,Small,4,1542,1,89
1,3,v2lineSmall3h.bmp,Small,4,571,1,90
1,8,v2lineSD8c.bmp,SD,4,458,1,91
1,8,v2lineSD8e.bmp,SD,4,492,1,92
1,0,v2lineFull0e.bmp,Full,2,850,1,93
1,5,v2lineSD5b.bmp,SD,2,1120,1,94
1,8,v2lineSD8h.bmp,SD,3,1424,1,95
1,0,v2lineFull0i.bmp,Full,2,818,1,96
1,5,v2lineSmall5g.bmp,Small,4,801,1,97
1,3,v2lineSD3g.bmp,SD,2,821,1,98
1,3,v2lineSmall3c.bmp,Small,4,1194,1,99
1,0,v2lineSmall0g.bmp,Small,2,951,1,100
1,5,v2lineSD5h.bmp,SD,2,774,1,101
1,5,v2lineFull5h.bmp,Full,2,722,1,102
1,8,v2lineSD8j.bmp,SD,4,717,1,103
1,3,v2lineFull3g.bmp,Full,2,1084,1,104
1,0,v2lineSD0d.bmp,SD,2,1602,1,105
1,0,v2lineSmall0j.bmp,Small,2,995,1,106
1,0,v2lineSD0c.bmp,SD,1,1402,1,107
1,8,v2lineFull8f.bmp,Full,2,878,1,108
1,8,v2lineSD8a.bmp,SD,4,928,1,109
1,0,v2lineFull0f.bmp,Full,1,1084,1,110
1,0,v2lineFull0c.bmp,Full,1,652,1,111
1,8,v2lineFull8h.bmp,Full,2,715,1,112
1,5,v2lineFull5g.bmp,Full,2,512,1,113
1,5,v2lineSmall5i.bmp,Small,4,753,1,114
1,8,v2lineSD8b.bmp,SD,4,529,1,115
1,8,v2lineSmall8c.bmp,Small,4,598,1,116
1,5,v2lineSD5d.bmp,SD,3,918,1,117
1,5,v2lineSmall5e.bmp,Small,4,837,1,118
1,0,v2lineFull0h.bmp,Full,1,1193,1,119
1,0,v2lineSD0j.bmp,SD,1,1283,1,120
1,0,v2lineSmall0f.bmp,Small,2,1119,2,121
1,8,v2lineSmall8h.bmp,Small,4,1032,2,122
1,8,v2lineFull8g.bmp,Full,2,890,2,123
1,5,v2lineFull5a.bmp,Full,2,643,2,124
1,3,v2lineSD3h.bmp,SD,3,711,2,125
1,5,v2lineFull5f.bmp,Full,2,712,2,126
1,3,v2lineSmall3b.bmp,Small,4,662,2,127
1,0,v2lineSD0a.bmp,SD,1,1239,2,128
1,5,v2lineSmall5j.bmp,Small,4,855,2,129
1,8,v2lineSD8e.bmp,SD,4,638,2,130
1,8,v2lineSD8i.bmp,SD,4,519,2,131
1,0,v2lineSD0j.bmp,SD,1,1076,2,132
1,5,v2lineFull5g.bmp,Full,2,1144,2,133
1,0,v2lineSD0e.bmp,SD,2,618,2,134
1,0,v2lineFull0i.bmp,Full,2,688,2,135
1,5,v2lineSD5c.bmp,SD,4,1140,2,136
1,3,v2lineSmall3d.bmp,Small,4,422,2,137
1,0,v2lineFull0d.bmp,Full,1,906,2,138
1,3,v2lineFull3g.bmp,Full,1,554,2,139
1,8,v2lineSD8a.bmp,SD,4,839,2,140
1,3,v2lineSmall3f.bmp,Small,4,747,2,141
1,0,v2lineSD0c.bmp,SD,1,995,2,142
1,3,v2lineFull3b.bmp,Full,1,767,2,143
1,8,v2lineFull8e.bmp,Full,1,569,2,144
1,3,v2lineSmall3j.bmp,Small,4,771,2,145
1,3,v2lineSD3i.bmp,SD,3,1606,2,146
1,5,v2lineFull5i.bmp,Full,2,672,2,147
1,5,v2lineSD5d.bmp,SD,4,541,2,148
1,8,v2lineSD8c.bmp,SD,4,789,2,149
1,0,v2lineSD0b.bmp,SD,1,829,2,150
1,0,v2lineSD0d.bmp,SD,1,1002,2,151
1,8,v2lineSmall8a.bmp,Small,4,741,2,152
1,5,v2lineFull5b.bmp,Full,2,1065,2,153
1,0,v2lineSmall0h.bmp,Small,2,1323,2,154
1,8,v2lineSmall8i.bmp,Small,4,1061,2,155
1,5,v2lineSmall5h.bmp,Small,4,687,2,156
1,5,v2lineSmall5b.bmp,Small,4,504,2,157
1,3,v2lineFull3e.bmp,Full,2,1916,2,158
1,8,v2lineSD8d.bmp,SD,4,576,2,159
1,0,v2lineSmall0j.bmp,Small,2,1955,2,160
1,8,v2lineSmall8d.bmp,Small,4,732,2,161
1,5,v2lineSmall5a.bmp,Small,4,885,2,162
1,0,v2lineFull0f.bmp,Full,1,2475,2,163
1,8,v2lineSD8j.bmp,SD,4,965,2,164
1,8,v2lineFull8i.bmp,Full,2,1355,2,165
1,3,v2lineFull3c.bmp,Full,1,1574,2,166
1,3,v2lineFull3j.bmp,Full,1,522,2,167
1,0,v2lineFull0j.bmp,Full,1,562,2,168
1,5,v2lineSmall5f.bmp,Small,4,1055,2,169
1,8,v2lineSD8h.bmp,SD,4,441,2,170
1,8,v2lineSmall8b.bmp,Small,4,473,2,171
1,0,v2lineSD0i.bmp,SD,4,630,2,172
1,3,v2lineSD3a.bmp,SD,4,438,2,173
1,3,v2lineSD3b.bmp,SD,4,337,2,174
1,5,v2lineSD5i.bmp,SD,4,242,2,175
1,0,v2lineSmall0a.bmp,Small,4,274,2,176
1,8,v2lineFull8d.bmp,Full,1,2340,2,177
1,3,v2lineSmall3i.bmp,Small,4,825,2,178
1,8,v2lineSmall8j.bmp,Small,4,935,2,179
1,0,v2lineFull0e.bmp,Full,1,646,2,180
1,8,v2lineSD8b.bmp,SD,4,813,2,181
1,0,v2lineSD0f.bmp,SD,2,770,2,182
1,8,v2lineFull8h.bmp,Full,2,739,2,183
1,8,v2lineFull8a.bmp,Full,2,445,2,184
1,8,v2lineFull8f.bmp,Full,2,556,2,185
1,5,v2lineSmall5e.bmp,Small,4,866,2,186
1,0,v2lineFull0a.bmp,Full,1,759,2,187
1,3,v2lineSD3d.bmp,SD,2,1029,2,188
1,0,v2lineSmall0b.bmp,Small,1,743,2,189
1,3,v2lineSD3f.bmp,SD,2,863,2,190
1,0,v2lineSmall0c.bmp,Small,1,562,2,191
1,3,v2lineSmall3c.bmp,Small,4,1030,2,192
1,8,v2lineSmall8f.bmp,Small,4,883,2,193
1,8,v2lineSmall8e.bmp,Small,4,1056,2,194
1,5,v2lineSD5j.bmp,SD,3,916,2,195
1,3,v2lineFull3f.bmp,Full,2,786,2,196
1,3,v2lineFull3i.bmp,Full,2,725,2,197
1,8,v2lineFull8j.bmp,Full,2,713,2,198
1,8,v2lineSD8f.bmp,SD,4,960,2,199
1,5,v2lineSmall5i.bmp,Small,4,471,2,200
1,5,v2lineSmall5d.bmp,Small,4,376,2,201
1,5,v2lineSD5f.bmp,SD,4,784,2,202
1,0,v2lineSmall0d.bmp,Small,2,1066,2,203
1,5,v2lineFull5c.bmp,Full,2,653,2,204
1,3,v2lineFull3d.bmp,Full,2,913,2,205
1,5,v2lineSD5g.bmp,SD,4,648,2,206
1,0,v2lineFull0g.bmp,Full,1,1003,2,207
1,3,v2lineSmall3e.bmp,Small,4,1251,2,208
1,0,v2lineSD0g.bmp,SD,1,1790,2,209
1,3,v2lineSD3c.bmp,SD,2,749,2,210
1,5,v2lineFull5e.bmp,Full,2,545,2,211
1,5,v2lineSD5a.bmp,SD,2,593,2,212
1,0,v2lineSmall0e.bmp,Small,2,3186,2,213
1,5,v2lineSD5h.bmp,SD,4,918,2,214
1,3,v2lineSD3e.bmp,SD,3,888,2,215
1,0,v2lineFull0b.bmp,Full,1,3801,2,216
1,5,v2lineFull5j.bmp,Full,1,577,2,217
1,5,v2lineSmall5c.bmp,Small,4,1057,2,218
1,3,v2lineFull3h.bmp,Full,1,7679,2,219
1,5,v2lineSD5b.bmp,SD,4,3426,2,220
1,8,v2lineFull8b.bmp,Full,2,2323,2,221
1,0,v2lineFull0c.bmp,Full,1,739,2,222
1,8,v2lineSmall8g.bmp,Small,4,1687,2,223
1,0,v2lineSmall0g.bmp,Small,1,4166,2,224
1,0,v2lineSmall0i.bmp,Small,2,864,2,225
1,8,v2lineSD8g.bmp,SD,4,16161,2,226
1,5,v2lineSmall5g.bmp,Small,4,565,2,227
1,3,v2lineSmall3a.bmp,Small,4,834,2,228
1,8,v2lineSmall8c.bmp,Small,4,963,2,229
1,5,v2lineSD5e.bmp,SD,3,1358,2,230
1,5,v2lineFull5h.bmp,Full,2,1361,2,231
1,0,v2lineFull0h.bmp,Full,1,1218,2,232
1,8,v2lineFull8c.bmp,Full,2,585,2,233
1,3,v2lineSD3j.bmp,SD,4,3398,2,234
1,3,v2lineSmall3h.bmp,Small,4,678,2,235
1,3,v2lineFull3a.bmp,Full,1,1332,2,236
1,5,v2lineFull5d.bmp,Full,2,607,2,237
1,3,v2lineSD3g.bmp,SD,2,6277,2,238
1,3,v2lineSmall3g.bmp,Small,4,805,2,239
1,0,v2lineSD0h.bmp,SD,2,1198,2,240
1,5,v2lineFull5g.bmp,Full,2,1615,3,241
1,8,v2lineFull8f.bmp,Full,2,747,3,242
1,0,v2lineFull0c.bmp,Full,1,1150,3,243
1,3,v2lineFull3e.bmp,Full,1,506,3,244
1,5,v2lineSD5d.bmp,SD,3,1392,3,245
1,0,v2lineSmall0j.bmp,Small,3,962,3,246
1,0,v2lineSD0f.bmp,SD,3,501,3,247
1,3,v2lineSD3a.bmp,SD,3,900,3,248
1,3,v2lineFull3c.bmp,Full,1,1069,3,249
1,5,v2lineSmall5e.bmp,Small,4,641,3,250
1,0,v2lineSmall0e.bmp,Small,2,1448,3,251
1,8,v2lineSmall8a.bmp,Small,4,593,3,252
1,8,v2lineSD8h.bmp,SD,4,668,3,253
1,3,v2lineFull3i.bmp,Full,1,1052,3,254
1,8,v2lineFull8c.bmp,Full,1,1095,3,255
1,0,v2lineSD0c.bmp,SD,1,599,3,256
1,3,v2lineSD3j.bmp,SD,2,1435,3,257
1,3,v2lineSmall3h.bmp,Small,4,1142,3,258
1,5,v2lineSmall5i.bmp,Small,4,802,3,259
1,3,v2lineSmall3j.bmp,Small,4,835,3,260
1,3,v2lineSD3c.bmp,SD,3,2651,3,261
1,3,v2lineSD3h.bmp,SD,3,2445,3,262
1,0,v2lineSmall0d.bmp,Small,2,2143,3,263
1,5,v2lineSD5e.bmp,SD,2,890,3,264
1,8,v2lineFull8g.bmp,Full,2,960,3,265
1,8,v2lineFull8h.bmp,Full,2,672,3,266
1,8,v2lineSD8b.bmp,SD,4,948,3,267
1,3,v2lineFull3j.bmp,Full,1,3851,3,268
1,5,v2lineSmall5h.bmp,Small,4,708,3,269
1,5,v2lineFull5j.bmp,Full,2,832,3,270
1,3,v2lineSmall3a.bmp,Small,4,940,3,271
1,5,v2lineSD5a.bmp,SD,3,3680,3,272
1,0,v2lineSmall0a.bmp,Small,2,681,3,273
1,5,v2lineFull5e.bmp,Full,2,976,3,274
1,5,v2lineSD5g.bmp,SD,4,1220,3,275
1,0,v2lineSmall0b.bmp,Small,1,988,3,276
1,5,v2lineSmall5b.bmp,Small,4,837,3,277
1,3,v2lineSmall3f.bmp,Small,4,698,3,278
1,3,v2lineFull3h.bmp,Full,1,963,3,279
1,8,v2lineSD8f.bmp,SD,4,1514,3,280
1,8,v2lineFull8d.bmp,Full,1,2337,3,281
1,0,v2lineSmall0f.bmp,Small,4,3553,3,282
1,8,v2lineSD8e.bmp,SD,3,1318,3,283
1,0,v2lineFull0d.bmp,Full,1,1051,3,284
1,3,v2lineSD3g.bmp,SD,2,817,3,285
1,3,v2lineSmall3c.bmp,Small,4,1169,3,286
1,8,v2lineSmall8g.bmp,Small,4,445,3,287
1,3,v2lineFull3b.bmp,Full,1,743,3,288
1,3,v2lineFull3a.bmp,Full,1,782,3,289
1,8,v2lineFull8b.bmp,Full,1,517,3,290
1,5,v2lineSmall5c.bmp,Small,4,596,3,291
1,5,v2lineSD5h.bmp,SD,3,1307,3,292
1,0,v2lineFull0g.bmp,Full,1,1129,3,293
1,8,v2lineSmall8e.bmp,Small,4,486,3,294
1,0,v2lineSmall0c.bmp,Small,2,798,3,295
1,8,v2lineSmall8d.bmp,Small,4,628,3,296
1,0,v2lineFull0h.bmp,Full,1,1084,3,297
1,8,v2lineFull8e.bmp,Full,1,708,3,298
1,5,v2lineFull5f.bmp,Full,1,504,3,299
1,5,v2lineSmall5j.bmp,Small,4,500,3,300
1,0,v2lineSD0j.bmp,SD,2,782,3,301
1,0,v2lineSD0h.bmp,SD,1,722,3,302
1,8,v2lineSD8g.bmp,SD,4,555,3,303
1,8,v2lineSD8a.bmp,SD,4,545,3,304
1,5,v2lineFull5h.bmp,Full,1,1200,3,305
1,5,v2lineFull5a.bmp,Full,1,860,3,306
1,8,v2lineSD8j.bmp,SD,4,573,3,307
1,0,v2lineSD0g.bmp,SD,1,923,3,308
1,5,v2lineSD5b.bmp,SD,3,1498,3,309
1,8,v2lineFull8a.bmp,Full,1,901,3,310
1,3,v2lineFull3f.bmp,Full,1,734,3,311
1,5,v2lineSmall5g.bmp,Small,4,902,3,312
1,8,v2lineFull8i.bmp,Full,1,787,3,313
1,8,v2lineSmall8f.bmp,Small,4,1139,3,314
1,0,v2lineSD0a.bmp,SD,1,732,3,315
1,5,v2lineFull5i.bmp,Full,1,1475,3,316
1,0,v2lineSmall0i.bmp,Small,2,693,3,317
1,5,v2lineFull5d.bmp,Full,2,892,3,318
1,0,v2lineFull0i.bmp,Full,1,638,3,319
1,0,v2lineFull0b.bmp,Full,1,540,3,320
1,0,v2lineFull0f.bmp,Full,1,457,3,321
1,8,v2lineSD8i.bmp,SD,4,917,3,322
1,8,v2lineFull8j.bmp,Full,1,815,3,323
1,8,v2lineSmall8j.bmp,Small,4,1146,3,324
1,8,v2lineSD8d.bmp,SD,4,1664,3,325
1,3,v2lineSD3d.bmp,SD,3,5303,3,326
1,5,v2lineSD5i.bmp,SD,4,937,3,327
1,8,v2lineSmall8i.bmp,Small,4,725,3,328
1,0,v2lineSD0i.bmp,SD,2,818,3,329
1,0,v2lineSmall0g.bmp,Small,2,689,3,330
1,3,v2lineSmall3e.bmp,Small,4,1641,3,331
1,3,v2lineSmall3d.bmp,Small,4,373,3,332
1,5,v2lineSmall5d.bmp,Small,4,336,3,333
1,3,v2lineFull3d.bmp,Full,2,941,3,334
1,3,v2lineFull3g.bmp,Full,1,1300,3,335
1,0,v2lineFull0e.bmp,Full,4,704,3,336
1,0,v2lineFull0j.bmp,Full,1,873,3,337
1,0,v2lineSmall0h.bmp,Small,1,731,3,338
1,0,v2lineSD0d.bmp,SD,1,706,3,339
1,8,v2lineSmall8b.bmp,Small,4,460,3,340
1,3,v2lineSD3b.bmp,SD,2,878,3,341
1,8,v2lineSmall8c.bmp,Small,4,773,3,342
1,3,v2lineSD3e.bmp,SD,2,573,3,343
1,5,v2lineSD5j.bmp,SD,3,911,3,344
1,5,v2lineSmall5f.bmp,Small,4,640,3,345
1,0,v2lineFull0a.bmp,Full,1,597,3,346
1,3,v2lineSmall3b.bmp,Small,4,669,3,347
1,3,v2lineSmall3i.bmp,Small,4,516,3,348
1,3,v2lineSD3f.bmp,SD,3,450,3,349
1,5,v2lineFull5c.bmp,Full,2,348,3,350
1,3,v2lineSD3i.bmp,SD,2,542,3,351
1,5,v2lineSD5f.bmp,SD,3,566,3,352
1,8,v2lineSD8c.bmp,SD,3,754,3,353
1,3,v2lineSmall3g.bmp,Small,4,1041,3,354
1,0,v2lineSD0b.bmp,SD,1,800,3,355
1,0,v2lineSD0e.bmp,SD,1,693,3,356
1,5,v2lineSmall5a.bmp,Small,4,826,3,357
1,5,v2lineFull5b.bmp,Full,2,851,3,358
1,5,v2lineSD5c.bmp,SD,2,896,3,359
1,8,v2lineSmall8h.bmp,Small,4,855,3,360
1,0,v2lineFull0j.bmp,Full,1,1005,4,361
1,5,v2lineSmall5c.bmp,Small,4,3764,4,362
1,5,v2lineSmall5a.bmp,Small,4,1206,4,363
1,0,v2lineFull0i.bmp,Full,1,1111,4,364
1,3,v2lineSD3c.bmp,SD,2,979,4,365
1,8,v2lineSD8g.bmp,SD,2,1579,4,366
1,3,v2lineFull3j.bmp,Full,1,1104,4,367
1,0,v2lineSmall0f.bmp,Small,2,1253,4,368
1,8,v2lineSD8d.bmp,SD,4,3321,4,369
1,3,v2lineSD3h.bmp,SD,2,928,4,370
1,5,v2lineSD5j.bmp,SD,2,699,4,371
1,8,v2lineSD8c.bmp,SD,4,1810,4,372
1,8,v2lineFull8c.bmp,Full,1,1197,4,373
1,5,v2lineFull5e.bmp,Full,1,1797,4,374
1,5,v2lineFull5c.bmp,Full,1,546,4,375
1,3,v2lineSD3g.bmp,SD,2,567,4,376
1,0,v2lineSD0g.bmp,SD,2,1078,4,377
1,0,v2lineSD0c.bmp,SD,4,2986,4,378
1,0,v2lineSD0f.bmp,SD,1,2815,4,379
1,8,v2lineFull8g.bmp,Full,2,2157,4,380
1,5,v2lineSmall5h.bmp,Small,4,1292,4,381
1,8,v2lineSmall8f.bmp,Small,4,2115,4,382
1,0,v2lineSD0a.bmp,SD,2,784,4,383
1,8,v2lineSD8a.bmp,SD,4,5298,4,384
1,0,v2lineSmall0e.bmp,Small,2,729,4,385
1,0,v2lineFull0h.bmp,Full,1,704,4,386
1,0,v2lineSD0i.bmp,SD,2,811,4,387
1,0,v2lineSD0h.bmp,SD,2,658,4,388
1,3,v2lineFull3b.bmp,Full,2,670,4,389
1,3,v2lineSD3b.bmp,SD,2,1099,4,390
1,5,v2lineSD5f.bmp,SD,3,1252,4,391
1,3,v2lineFull3d.bmp,Full,2,820,4,392
1,5,v2lineSD5g.bmp,SD,2,897,4,393
1,0,v2lineSmall0j.bmp,Small,2,990,4,394
1,5,v2lineSD5c.bmp,SD,4,1295,4,395
1,8,v2lineSD8b.bmp,SD,4,883,4,396
1,8,v2lineSmall8c.bmp,Small,4,583,4,397
1,3,v2lineFull3e.bmp,Full,2,771,4,398
1,5,v2lineSmall5f.bmp,Small,4,525,4,399
1,5,v2lineSmall5d.bmp,Small,4,397,4,400
1,0,v2lineSmall0i.bmp,Small,2,1907,4,401
1,5,v2lineFull5b.bmp,Full,2,1161,4,402
1,3,v2lineSmall3g.bmp,Small,4,772,4,403
1,5,v2lineFull5f.bmp,Full,2,765,4,404
1,0,v2lineSD0j.bmp,SD,1,988,4,405
1,0,v2lineFull0a.bmp,Full,1,1062,4,406
1,8,v2lineSmall8a.bmp,Small,4,652,4,407
1,3,v2lineSmall3b.bmp,Small,4,468,4,408
1,5,v2lineFull5j.bmp,Full,2,703,4,409
1,3,v2lineSD3i.bmp,SD,3,2677,4,410
1,8,v2lineSD8h.bmp,SD,4,6897,4,411
1,8,v2lineSmall8h.bmp,Small,4,689,4,412
1,3,v2lineSmall3f.bmp,Small,4,448,4,413
1,5,v2lineSD5e.bmp,SD,4,336,4,414
1,3,v2lineFull3i.bmp,Full,2,659,4,415
1,5,v2lineFull5h.bmp,Full,2,716,4,416
1,3,v2lineSmall3a.bmp,Small,4,801,4,417
1,3,v2lineSD3e.bmp,SD,2,810,4,418
1,0,v2lineFull0f.bmp,Full,1,897,4,419
1,8,v2lineFull8e.bmp,Full,2,3445,4,420
1,5,v2lineSmall5e.bmp,Small,4,3768,4,421
1,0,v2lineSmall0a.bmp,Small,2,780,4,422
1,8,v2lineFull8j.bmp,Full,2,481,4,423
1,3,v2lineSmall3h.bmp,Small,4,740,4,424
1,8,v2lineFull8h.bmp,Full,2,2101,4,425
1,0,v2lineSD0d.bmp,SD,1,1346,4,426
1,0,v2lineFull0b.bmp,Full,1,1274,4,427
1,8,v2lineSmall8j.bmp,Small,4,816,4,428
1,8,v2lineSD8e.bmp,SD,4,1260,4,429
1,8,v2lineSmall8g.bmp,Small,4,636,4,430
1,8,v2lineFull8f.bmp,Full,2,3899,4,431
1,5,v2lineFull5a.bmp,Full,2,694,4,432
1,3,v2lineFull3f.bmp,Full,1,2494,4,433
1,8,v2lineSmall8e.bmp,Small,4,779,4,434
1,3,v2lineSD3j.bmp,SD,3,819,4,435
1,5,v2lineFull5g.bmp,Full,2,733,4,436
1,5,v2lineSmall5g.bmp,Small,4,1150,4,437
1,3,v2lineFull3c.bmp,Full,1,1275,4,438
1,3,v2lineFull3g.bmp,Full,1,935,4,439
1,3,v2lineSmall3c.bmp,Small,4,4877,4,440
1,0,v2lineFull0c.bmp,Full,1,680,4,441
1,8,v2lineFull8a.bmp,Full,1,1226,4,442
1,5,v2lineSD5h.bmp,SD,2,1081,4,443
1,5,v2lineSmall5j.bmp,Small,4,901,4,444
1,8,v2lineFull8i.bmp,Full,2,895,4,445
1,5,v2lineSmall5i.bmp,Small,4,689,4,446
1,8,v2lineSmall8b.bmp,Small,4,774,4,447
1,0,v2lineSD0e.bmp,SD,1,1140,4,448
1,3,v2lineSD3d.bmp,SD,2,1309,4,449
1,8,v2lineSD8i.bmp,SD,4,1123,4,450
1,8,v2lineFull8b.bmp,Full,2,990,4,451
1,3,v2lineSmall3i.bmp,Small,4,806,4,452
1,0,v2lineFull0e.bmp,Full,2,745,4,453
1,5,v2lineSmall5b.bmp,Small,4,455,4,454
1,0,v2lineSmall0c.bmp,Small,1,817,4,455
1,0,v2lineSmall0h.bmp,Small,1,517,4,456
1,5,v2lineSD5a.bmp,SD,2,682,4,457
1,5,v2lineSD5i.bmp,SD,2,1129,4,458
1,0,v2lineSmall0g.bmp,Small,2,665,4,459
1,3,v2lineSmall3e.bmp,Small,4,852,4,460
1,8,v2lineSD8f.bmp,SD,4,2098,4,461
1,3,v2lineSmall3j.bmp,Small,4,622,4,462
1,8,v2lineSmall8i.bmp,Small,4,662,4,463
1,3,v2lineFull3h.bmp,Full,2,874,4,464
1,8,v2lineSD8j.bmp,SD,4,973,4,465
1,0,v2lineFull0g.bmp,Full,1,720,4,466
1,3,v2lineSmall3d.bmp,Small,4,532,4,467
1,5,v2lineFull5d.bmp,Full,2,631,4,468
1,0,v2lineSmall0d.bmp,Small,2,603,4,469
1,5,v2lineSD5d.bmp,SD,4,2401,4,470
1,0,v2lineFull0d.bmp,Full,2,625,4,471
1,5,v2lineFull5i.bmp,Full,2,463,4,472
1,5,v2lineSD5b.bmp,SD,3,1207,4,473
1,0,v2lineSmall0b.bmp,Small,2,489,4,474
1,3,v2lineSD3a.bmp,SD,3,508,4,475
1,8,v2lineFull8d.bmp,Full,1,541,4,476
1,3,v2lineSD3f.bmp,SD,3,627,4,477
1,0,v2lineSD0b.bmp,SD,1,902,4,478
1,8,v2lineSmall8d.bmp,Small,4,1017,4,479
1,3,v2lineFull3a.bmp,Full,1,536,4,480
2,0,v2lineSD0j.bmp,SD,2,9735,1,1
2,0,v2lineFull0a.bmp,Full,1,1584,1,2
2,5,v2lineSD5g.bmp,SD,3,1835,1,3
2,5,v2lineSmall5c.bmp,Small,4,1109,1,4
2,8,v2lineSmall8a.bmp,Small,4,3952,1,5
2,0,v2lineSD0i.bmp,SD,2,1378,1,6
2,8,v2lineFull8d.bmp,Full,2,802,1,7
2,8,v2lineFull8c.bmp,Full,2,699,1,8
2,3,v2lineSmall3g.bmp,Small,4,2497,1,9
2,5,v2lineFull5f.bmp,Full,2,1250,1,10
2,0,v2lineSD0a.bmp,SD,1,1367,1,11
2,8,v2lineSmall8b.bmp,Small,4,1352,1,12
2,5,v2lineFull5h.bmp,Full,2,3797,1,13
2,8,v2lineSmall8i.bmp,Small,4,990,1,14
2,0,v2lineSmall0a.bmp,Small,2,5084,1,15
2,3,v2lineSmall3b.bmp,Small,4,714,1,16
2,0,v2lineSD0c.bmp,SD,1,2820,1,17
2,0,v2lineFull0b.bmp,Full,1,690,1,18
2,3,v2lineSD3c.bmp,SD,3,1589,1,19
2,8,v2lineSD8g.bmp,SD,4,1257,1,20
2,0,v2lineFull0h.bmp,Full,1,1249,1,21
2,8,v2lineSD8d.bmp,SD,3,2408,1,22
2,0,v2lineFull0d.bmp,Full,1,1074,1,23
2,5,v2lineSD5c.bmp,SD,3,1435,1,24
2,5,v2lineSmall5b.bmp,Small,2,845,1,25
2,3,v2lineSD3g.bmp,SD,3,856,1,26
2,8,v2lineSD8j.bmp,SD,4,557,1,27
2,5,v2lineSmall5f.bmp,Small,4,324,1,28
2,5,v2lineSmall5h.bmp,Small,4,285,1,29
2,3,v2lineSmall3e.bmp,Small,4,384,1,30
2,8,v2lineFull8f.bmp,Full,2,2383,1,31
2,0,v2lineFull0c.bmp,Full,1,831,1,32
2,3,v2lineSD3f.bmp,SD,2,1369,1,33
2,3,v2lineFull3b.bmp,Full,2,791,1,34
2,5,v2lineFull5a.bmp,Full,2,1310,1,35
2,5,v2lineFull5j.bmp,Full,2,611,1,36
2,5,v2lineFull5e.bmp,Full,2,558,1,37
2,0,v2lineFull0g.bmp,Full,1,765,1,38
2,8,v2lineFull8g.bmp,Full,2,756,1,39
2,8,v2lineFull8e.bmp,Full,2,373,1,40
2,3,v2lineFull3d.bmp,Full,2,473,1,41
2,0,v2lineSmall0e.bmp,Small,3,4881,1,42
2,8,v2lineSD8b.bmp,SD,4,1006,1,43
2,3,v2lineSD3a.bmp,SD,3,1132,1,44
2,3,v2lineSD3e.bmp,SD,3,568,1,45
2,3,v2lineFull3i.bmp,Full,2,722,1,46
2,0,v2lineSmall0i.bmp,Small,2,409,1,47
2,0,v2lineSD0e.bmp,SD,2,477,1,48
2,3,v2lineSmall3c.bmp,Small,4,928,1,49
2,8,v2lineSmall8f.bmp,Small,4,1768,1,50
2,3,v2lineFull3f.bmp,Full,2,4884,1,51
2,8,v2lineSmall8c.bmp,Small,4,634,1,52
2,0,v2lineSmall0b.bmp,Small,2,1341,1,53
2,3,v2lineSD3h.bmp,SD,2,923,1,54
2,0,v2lineSmall0d.bmp,Small,3,2075,1,55
2,5,v2lineSD5a.bmp,SD,4,606,1,56
2,0,v2lineSmall0f.bmp,Small,3,7560,1,57
2,8,v2lineSmall8h.bmp,Small,4,550,1,58
2,0,v2lineSmall0c.bmp,Small,2,1621,1,59
2,3,v2lineSmall3j.bmp,Small,4,797,1,60
2,8,v2lineFull8j.bmp,Full,2,1298,1,61
2,8,v2lineFull8h.bmp,Full,2,477,1,62
2,3,v2lineSmall3d.bmp,Small,2,526,1,63
2,8,v2lineFull8i.bmp,Full,3,472,1,64
2,3,v2lineFull3h.bmp,Full,4,718,1,65
2,5,v2lineFull5c.bmp,Full,4,965,1,66
2,5,v2lineSmall5i.bmp,Small,4,3175,1,67
2,5,v2lineSmall5j.bmp,Small,4,465,1,68
2,0,v2lineSmall0h.bmp,Small,3,1122,1,69
2,5,v2lineFull5b.bmp,Full,2,1041,1,70
2,5,v2lineSD5i.bmp,SD,4,489,1,71
2,8,v2lineSD8a.bmp,SD,4,1323,1,72
2,5,v2lineSD5h.bmp,SD,2,1148,1,73
2,5,v2lineSD5j.bmp,SD,3,1163,1,74
2,3,v2lineFull3g.bmp,Full,2,754,1,75
2,8,v2lineSmall8e.bmp,Small,4,612,1,76
2,0,v2lineFull0i.bmp,Full,1,2160,1,77
2,3,v2lineSmall3h.bmp,Small,4,661,1,78
2,8,v2lineSD8c.bmp,SD,4,572,1,79
2,8,v2lineSD8f.bmp,SD,4,422,1,80
2,3,v2lineSD3j.bmp,SD,3,832,1,81
2,3,v2lineFull3c.bmp,Full,2,734,1,82
2,5,v2lineSmall5g.bmp,Small,4,662,1,83
2,5,v2lineSD5d.bmp,SD,3,1128,1,84
2,3,v2lineSmall3i.bmp,Small,4,646,1,85
2,0,v2lineSD0h.bmp,SD,1,1356,1,86
2,0,v2lineSD0g.bmp,SD,1,706,1,87
2,8,v2lineSmall8g.bmp,Small,4,641,1,88
2,3,v2lineFull3j.bmp,Full,2,1061,1,89
2,0,v2lineFull0e.bmp,Full,1,1083,1,90
2,3,v2lineSmall3f.bmp,Small,4,1417,1,91
2,0,v2lineSD0f.bmp,SD,2,1920,1,92
2,8,v2lineSmall8d.bmp,Small,4,715,1,93
2,3,v2lineFull3e.bmp,Full,2,994,1,94
2,5,v2lineSD5b.bmp,SD,2,773,1,95
2,3,v2lineSmall3a.bmp,Small,4,759,1,96
2,8,v2lineSmall8j.bmp,Small,4,449,1,97
2,3,v2lineFull3a.bmp,Full,2,2409,1,98
2,5,v2lineSmall5e.bmp,Small,4,587,1,99
2,5,v2lineFull5g.bmp,Full,2,1233,1,100
2,0,v2lineSD0d.bmp,SD,2,8136,1,101
2,3,v2lineSD3d.bmp,SD,2,771,1,102
2,8,v2lineFull8b.bmp,Full,2,417,1,103
2,0,v2lineSmall0j.bmp,Small,2,1057,1,104
2,8,v2lineSD8h.bmp,SD,3,1236,1,105
2,5,v2lineSD5f.bmp,SD,3,373,1,106
2,0,v2lineSmall0g.bmp,Small,2,1466,1,107
2,5,v2lineSmall5d.bmp,Small,4,509,1,108
2,3,v2lineSD3i.bmp,SD,2,1165,1,109
2,8,v2lineSD8e.bmp,SD,2,580,1,110
2,5,v2lineFull5d.bmp,Full,2,750,1,111
2,0,v2lineSD0b.bmp,SD,2,556,1,112
2,5,v2lineSmall5a.bmp,Small,4,1326,1,113
2,5,v2lineSD5e.bmp,SD,3,1270,1,114
2,8,v2lineFull8a.bmp,Full,2,1505,1,115
2,5,v2lineFull5i.bmp,Full,2,774,1,116
2,0,v2lineFull0f.bmp,Full,2,750,1,117
2,3,v2lineSD3b.bmp,SD,3,1882,1,118
2,8,v2lineSD8i.bmp,SD,4,1990,1,119
2,0,v2lineFull0j.bmp,Full,1,2414,1,120
2,0,v2lineFull0e.bmp,Full,1,475,2,121
2,5,v2lineSD5a.bmp,SD,3,1552,2,122
2,0,v2lineFull0c.bmp,Full,1,1368,2,123
2,3,v2lineFull3i.bmp,Full,2,840,2,124
2,0,v2lineSmall0c.bmp,Small,2,1520,2,125
2,0,v2lineSD0g.bmp,SD,1,742,2,126
2,0,v2lineSD0e.bmp,SD,1,436,2,127
2,0,v2lineSD0b.bmp,SD,1,435,2,128
2,3,v2lineFull3f.bmp,Full,2,897,2,129
2,3,v2lineSD3j.bmp,SD,3,785,2,130
2,0,v2lineSmall0h.bmp,Small,2,1085,2,131
2,5,v2lineSmall5j.bmp,Small,4,637,2,132
2,3,v2lineFull3c.bmp,Full,2,888,2,133
2,8,v2lineSD8e.bmp,SD,4,931,2,134
2,5,v2lineFull5e.bmp,Full,4,541,2,135
2,3,v2lineSmall3f.bmp,Small,4,501,2,136
2,8,v2lineSD8d.bmp,SD,4,410,2,137
2,8,v2lineFull8j.bmp,Full,2,1292,2,138
2,8,v2lineFull8a.bmp,Full,2,774,2,139
2,5,v2lineSmall5e.bmp,Small,4,758,2,140
2,3,v2lineSmall3j.bmp,Small,4,336,2,141
2,5,v2lineFull5b.bmp,Full,3,983,2,142
2,0,v2lineSD0i.bmp,SD,4,770,2,143
2,0,v2lineSD0h.bmp,SD,2,1193,2,144
2,5,v2lineFull5a.bmp,Full,4,2182,2,145
2,5,v2lineSmall5c.bmp,Small,3,282,2,146
2,8,v2lineSmall8f.bmp,Small,4,714,2,147
2,0,v2lineFull0a.bmp,Full,1,1212,2,148
2,8,v2lineFull8f.bmp,Full,2,811,2,149
2,3,v2lineSmall3a.bmp,Small,4,611,2,150
2,8,v2lineSmall8j.bmp,Small,4,622,2,151
2,3,v2lineSD3g.bmp,SD,3,1017,2,152
2,8,v2lineFull8i.bmp,Full,3,655,2,153
2,5,v2lineSD5i.bmp,SD,3,796,2,154
2,8,v2lineSmall8g.bmp,Small,4,659,2,155
2,3,v2lineSD3a.bmp,SD,3,1851,2,156
2,3,v2lineFull3g.bmp,Full,2,752,2,157
2,5,v2lineFull5j.bmp,Full,2,525,2,158
2,0,v2lineFull0b.bmp,Full,1,1318,2,159
2,8,v2lineSmall8a.bmp,Small,4,718,2,160
2,3,v2lineSmall3b.bmp,Small,4,620,2,161
2,0,v2lineSmall0a.bmp,Small,2,3648,2,162
2,8,v2lineSD8c.bmp,SD,4,669,2,163
2,0,v2lineFull0f.bmp,Full,1,1047,2,164
2,5,v2lineSD5f.bmp,SD,3,1924,2,165
2,5,v2lineSmall5b.bmp,Small,4,574,2,166
2,8,v2lineFull8d.bmp,Full,2,1409,2,167
2,5,v2lineSD5g.bmp,SD,3,663,2,168
2,8,v2lineSmall8e.bmp,Small,4,777,2,169
2,8,v2lineSmall8b.bmp,Small,4,608,2,170
2,3,v2lineSmall3d.bmp,Small,4,562,2,171
2,3,v2lineSmall3e.bmp,Small,4,485,2,172
2,0,v2lineFull0h.bmp,Full,1,882,2,173
2,3,v2lineSD3i.bmp,SD,3,883,2,174
2,8,v2lineSmall8i.bmp,Small,4,596,2,175
2,5,v2lineFull5c.bmp,Full,2,3805,2,176
2,0,v2lineSmall0e.bmp,Small,2,1998,2,177
2,3,v2lineFull3d.bmp,Full,2,515,2,178
2,0,v2lineSmall0j.bmp,Small,2,717,2,179
2,5,v2lineFull5d.bmp,Full,2,444,2,180
2,3,v2lineSD3e.bmp,SD,3,610,2,181
2,0,v2lineSmall0b.bmp,Small,2,577,2,182
2,8,v2lineSmall8c.bmp,Small,4,1024,2,183
2,3,v2lineSD3c.bmp,SD,3,1022,2,184
2,3,v2lineSmall3i.bmp,Small,4,587,2,185
2,5,v2lineFull5f.bmp,Full,2,1329,2,186
2,8,v2lineSD8f.bmp,SD,4,1868,2,187
2,3,v2lineFull3a.bmp,Full,1,1404,2,188
2,8,v2lineSD8i.bmp,SD,3,1843,2,189
2,0,v2lineFull0j.bmp,Full,2,610,2,190
2,0,v2lineSD0j.bmp,SD,2,642,2,191
2,5,v2lineFull5g.bmp,Full,2,1414,2,192
2,5,v2lineSD5b.bmp,SD,4,652,2,193
2,3,v2lineSmall3c.bmp,Small,4,1407,2,194
2,3,v2lineSmall3g.bmp,Small,4,988,2,195
2,8,v2lineSD8j.bmp,SD,4,532,2,196
2,5,v2lineSD5h.bmp,SD,4,354,2,197
2,8,v2lineSD8b.bmp,SD,4,398,2,198
2,8,v2lineFull8h.bmp,Full,2,2610,2,199
2,5,v2lineSmall5i.bmp,Small,4,868,2,200
2,5,v2lineSmall5f.bmp,Small,4,1372,2,201
2,8,v2lineFull8c.bmp,Full,2,875,2,202
2,3,v2lineSD3b.bmp,SD,2,1121,2,203
2,5,v2lineSD5d.bmp,SD,4,778,2,204
2,5,v2lineSD5e.bmp,SD,4,595,2,205
2,8,v2lineFull8g.bmp,Full,2,2145,2,206
2,3,v2lineFull3h.bmp,Full,1,1240,2,207
2,3,v2lineFull3j.bmp,Full,1,787,2,208
2,0,v2lineSmall0f.bmp,Small,3,1268,2,209
2,8,v2lineSmall8h.bmp,Small,4,652,2,210
2,5,v2lineSmall5a.bmp,Small,4,575,2,211
2,5,v2lineSmall5h.bmp,Small,4,774,2,212
2,0,v2lineFull0d.bmp,Full,2,1103,2,213
2,8,v2lineSD8g.bmp,SD,4,599,2,214
2,3,v2lineSD3d.bmp,SD,3,825,2,215
2,0,v2lineSmall0g.bmp,Small,4,610,2,216
2,3,v2lineFull3b.bmp,Full,2,729,2,217
2,0,v2lineSD0d.bmp,SD,1,493,2,218
2,5,v2lineFull5i.bmp,Full,1,399,2,219
2,8,v2lineSD8h.bmp,SD,4,646,2,220
2,0,v2lineSmall0d.bmp,Small,2,1884,2,221
2,8,v2lineSmall8d.bmp,Small,4,1116,2,222
2,8,v2lineFull8e.bmp,Full,2,1764,2,223
2,8,v2lineSD8a.bmp,SD,4,1175,2,224
2,0,v2lineFull0g.bmp,Full,1,834,2,225
2,5,v2lineSmall5d.bmp,Small,4,545,2,226
2,5,v2lineSmall5g.bmp,Small,4,495,2,227
2,3,v2lineSD3h.bmp,SD,2,1025,2,228
2,5,v2lineSD5c.bmp,SD,2,1414,2,229
2,5,v2lineSD5j.bmp,SD,2,587,2,230
2,8,v2lineFull8b.bmp,Full,2,704,2,231
2,3,v2lineSD3f.bmp,SD,3,6388,2,232
2,3,v2lineFull3e.bmp,Full,2,1746,2,233
2,0,v2lineSD0c.bmp,SD,2,478,2,234
2,0,v2lineSD0a.bmp,SD,2,411,2,235
2,5,v2lineFull5h.bmp,Full,2,266,2,236
2,0,v2lineSmall0i.bmp,Small,2,319,2,237
2,3,v2lineSmall3h.bmp,Small,4,1765,2,238
2,0,v2lineFull0i.bmp,Full,2,856,2,239
2,0,v2lineSD0f.bmp,SD,2,3179,2,240
2,3,v2lineSD3b.bmp,SD,4,755,3,241
2,5,v2lineSD5j.bmp,SD,4,3280,3,242
2,8,v2lineSD8j.bmp,SD,4,1342,3,243
2,3,v2lineFull3j.bmp,Full,4,2230,3,244
2,8,v2lineFull8b.bmp,Full,2,802,3,245
2,5,v2lineSmall5f.bmp,Small,4,774,3,246
2,8,v2lineSD8f.bmp,SD,4,612,3,247
2,5,v2lineSD5h.bmp,SD,3,1191,3,248
2,5,v2lineSmall5d.bmp,Small,4,937,3,249
2,8,v2lineSmall8j.bmp,Small,4,516,3,250
2,8,v2lineSD8g.bmp,SD,4,1172,3,251
2,3,v2lineSD3c.bmp,SD,3,1430,3,252
2,8,v2lineSmall8f.bmp,Small,4,1686,3,253
2,0,v2lineSD0d.bmp,SD,2,1205,3,254
2,8,v2lineSD8i.bmp,SD,4,1434,3,255
2,5,v2lineSD5i.bmp,SD,4,607,3,256
2,3,v2lineSD3h.bmp,SD,3,1283,3,257
2,5,v2lineFull5c.bmp,Full,2,723,3,258
2,5,v2lineSD5f.bmp,SD,4,783,3,259
2,8,v2lineFull8i.bmp,Full,2,988,3,260
2,0,v2lineFull0d.bmp,Full,1,912,3,261
2,0,v2lineSD0f.bmp,SD,1,1267,3,262
2,5,v2lineSD5e.bmp,SD,2,5423,3,263
2,3,v2lineSmall3i.bmp,Small,2,1102,3,264
2,3,v2lineFull3c.bmp,Full,1,2114,3,265
2,5,v2lineFull5i.bmp,Full,2,1012,3,266
2,8,v2lineFull8g.bmp,Full,2,5015,3,267
2,5,v2lineSmall5b.bmp,Small,4,1390,3,268
2,0,v2lineFull0f.bmp,Full,4,718,3,269
2,0,v2lineFull0h.bmp,Full,1,1848,3,270
2,0,v2lineSmall0d.bmp,Small,2,2098,3,271
2,8,v2lineSmall8e.bmp,Small,4,1044,3,272
2,0,v2lineSmall0g.bmp,Small,1,1642,3,273
2,3,v2lineFull3a.bmp,Full,1,4029,3,274
2,5,v2lineSmall5c.bmp,Small,4,659,3,275
2,8,v2lineFull8f.bmp,Full,2,1418,3,276
2,8,v2lineSmall8a.bmp,Small,4,667,3,277
2,5,v2lineFull5f.bmp,Full,2,1655,3,278
2,0,v2lineSmall0i.bmp,Small,2,1737,3,279
2,3,v2lineFull3h.bmp,Full,2,466,3,280
2,0,v2lineSD0c.bmp,SD,1,784,3,281
2,8,v2lineFull8j.bmp,Full,2,747,3,282
2,3,v2lineSD3d.bmp,SD,3,835,3,283
2,3,v2lineSmall3c.bmp,Small,4,806,3,284
2,3,v2lineFull3b.bmp,Full,2,2163,3,285
2,8,v2lineSD8b.bmp,SD,4,578,3,286
2,5,v2lineSD5b.bmp,SD,4,626,3,287
2,0,v2lineSD0b.bmp,SD,2,1572,3,288
2,0,v2lineSD0e.bmp,SD,2,1235,3,289
2,5,v2lineFull5d.bmp,Full,2,1097,3,290
2,0,v2lineFull0b.bmp,Full,1,823,3,291
2,5,v2lineFull5b.bmp,Full,1,691,3,292
2,8,v2lineSmall8g.bmp,Small,3,2180,3,293
2,8,v2lineFull8c.bmp,Full,2,1058,3,294
2,5,v2lineSmall5h.bmp,Small,4,632,3,295
2,0,v2lineSmall0a.bmp,Small,2,2730,3,296
2,5,v2lineFull5a.bmp,Full,2,594,3,297
2,3,v2lineSD3j.bmp,SD,2,526,3,298
2,0,v2lineSmall0c.bmp,Small,2,897,3,299
2,8,v2lineFull8a.bmp,Full,2,533,3,300
2,8,v2lineSD8e.bmp,SD,3,1033,3,301
2,0,v2lineSmall0e.bmp,Small,2,750,3,302
2,8,v2lineFull8d.bmp,Full,2,968,3,303
2,3,v2lineSD3g.bmp,SD,2,468,3,304
2,0,v2lineFull0c.bmp,Full,1,971,3,305
2,8,v2lineSD8d.bmp,SD,4,1171,3,306
2,5,v2lineSmall5a.bmp,Small,4,486,3,307
2,3,v2lineSmall3d.bmp,Small,4,3556,3,308
2,8,v2lineSmall8b.bmp,Small,4,493,3,309
2,8,v2lineSmall8i.bmp,Small,4,349,3,310
2,0,v2lineSD0h.bmp,SD,1,2205,3,311
2,0,v2lineFull0a.bmp,Full,1,465,3,312
2,3,v2lineFull3i.bmp,Full,3,882,3,313
2,0,v2lineFull0j.bmp,Full,1,1252,3,314
2,3,v2lineSmall3b.bmp,Small,4,654,3,315
2,0,v2lineSmall0h.bmp,Small,2,923,3,316
2,5,v2lineFull5e.bmp,Full,2,852,3,317
2,8,v2lineFull8e.bmp,Full,2,538,3,318
2,0,v2lineSD0j.bmp,SD,1,1548,3,319
2,8,v2lineSmall8c.bmp,Small,4,843,3,320
2,5,v2lineSD5a.bmp,SD,4,733,3,321
2,0,v2lineSmall0j.bmp,Small,3,1725,3,322
2,5,v2lineSD5g.bmp,SD,4,436,3,323
2,3,v2lineSD3f.bmp,SD,4,837,3,324
2,5,v2lineSD5d.bmp,SD,4,735,3,325
2,3,v2lineSmall3g.bmp,Small,4,541,3,326
2,5,v2lineSmall5g.bmp,Small,4,1175,3,327
2,8,v2lineSmall8h.bmp,Small,4,5822,3,328
2,5,v2lineSmall5i.bmp,Small,4,673,3,329
2,5,v2lineFull5j.bmp,Full,2,1170,3,330
2,3,v2lineFull3f.bmp,Full,4,923,3,331
2,0,v2lineFull0g.bmp,Full,4,519,3,332
2,3,v2lineSD3e.bmp,SD,4,1181,3,333
2,3,v2lineSD3i.bmp,SD,4,645,3,334
2,3,v2lineSmall3e.bmp,Small,2,4539,3,335
2,3,v2lineFull3g.bmp,Full,2,715,3,336
2,3,v2lineSmall3a.bmp,Small,4,6900,3,337
2,5,v2lineSD5c.bmp,SD,4,772,3,338
2,0,v2lineFull0e.bmp,Full,2,1204,3,339
2,3,v2lineSmall3f.bmp,Small,4,4104,3,340
2,0,v2lineFull0i.bmp,Full,1,894,3,341
2,8,v2lineFull8h.bmp,Full,4,9914,3,342
2,5,v2lineFull5h.bmp,Full,2,1031,3,343
2,0,v2lineSD0g.bmp,SD,1,771,3,344
2,5,v2lineSmall5j.bmp,Small,4,1291,3,345
2,3,v2lineSD3a.bmp,SD,2,911,3,346
2,3,v2lineSmall3h.bmp,Small,4,415,3,347
2,8,v2lineSD8h.bmp,SD,4,648,3,348
2,0,v2lineSD0a.bmp,SD,2,1158,3,349
2,0,v2lineSmall0f.bmp,Small,2,816,3,350
2,8,v2lineSmall8d.bmp,Small,4,535,3,351
2,8,v2lineSD8a.bmp,SD,4,453,3,352
2,3,v2lineSmall3j.bmp,Small,4,347,3,353
2,0,v2lineSmall0b.bmp,Small,2,838,3,354
2,3,v2lineFull3e.bmp,Full,2,579,3,355
2,8,v2lineSD8c.bmp,SD,4,458,3,356
2,0,v2lineSD0i.bmp,SD,2,1008,3,357
2,5,v2lineFull5g.bmp,Full,2,811,3,358
2,5,v2lineSmall5e.bmp,Small,4,550,3,359
2,3,v2lineFull3d.bmp,Full,2,696,3,360
2,8,v2lineSmall8e.bmp,Small,4,451,4,361
2,0,v2lineSD0d.bmp,SD,2,651,4,362
2,0,v2lineFull0a.bmp,Full,1,1119,4,363
2,5,v2lineSD5h.bmp,SD,3,1063,4,364
2,3,v2lineSD3g.bmp,SD,3,386,4,365
2,0,v2lineSD0c.bmp,SD,1,803,4,366
2,0,v2lineSD0g.bmp,SD,1,296,4,367
2,3,v2lineSD3e.bmp,SD,3,965,4,368
2,0,v2lineSmall0e.bmp,Small,2,1086,4,369
2,0,v2lineSD0h.bmp,SD,1,756,4,370
2,3,v2lineFull3i.bmp,Full,1,588,4,371
2,0,v2lineFull0e.bmp,Full,1,578,4,372
2,5,v2lineFull5j.bmp,Full,1,389,4,373
2,0,v2lineSmall0f.bmp,Small,3,882,4,374
2,3,v2lineSmall3c.bmp,Small,4,538,4,375
2,3,v2lineSD3h.bmp,SD,4,582,4,376
2,8,v2lineSmall8a.bmp,Small,4,745,4,377
2,0,v2lineFull0f.bmp,Full,1,1231,4,378
2,8,v2lineSmall8b.bmp,Small,4,506,4,379
2,8,v2lineSmall8c.bmp,Small,4,450,4,380
2,5,v2lineFull5i.bmp,Full,3,1026,4,381
2,5,v2lineSD5g.bmp,SD,4,729,4,382
2,0,v2lineFull0b.bmp,Full,1,754,4,383
2,5,v2lineSD5i.bmp,SD,3,799,4,384
2,3,v2lineFull3f.bmp,Full,1,581,4,385
2,0,v2lineSmall0a.bmp,Small,2,625,4,386
2,0,v2lineSD0j.bmp,SD,2,394,4,387
2,5,v2lineSmall5b.bmp,Small,4,511,4,388
2,8,v2lineSmall8j.bmp,Small,4,435,4,389
2,5,v2lineSD5c.bmp,SD,4,387,4,390
2,3,v2lineFull3h.bmp,Full,1,646,4,391
2,0,v2lineSD0b.bmp,SD,1,547,4,392
2,0,v2lineSmall0c.bmp,Small,2,884,4,393
2,3,v2lineSmall3i.bmp,Small,4,571,4,394
2,8,v2lineFull8e.bmp,Full,2,831,4,395
2,8,v2lineFull8i.bmp,Full,2,510,4,396
2,5,v2lineSmall5c.bmp,Small,4,503,4,397
2,8,v2lineFull8g.bmp,Full,2,1317,4,398
2,5,v2lineFull5d.bmp,Full,2,441,4,399
2,5,v2lineFull5h.bmp,Full,2,454,4,400
2,3,v2lineSD3b.bmp,SD,2,639,4,401
2,8,v2lineSmall8f.bmp,Small,4,649,4,402
2,8,v2lineFull8j.bmp,Full,4,913,4,403
2,0,v2lineFull0h.bmp,Full,1,843,4,404
2,0,v2lineSD0a.bmp,SD,1,522,4,405
2,8,v2lineSD8b.bmp,SD,4,568,4,406
2,0,v2lineSmall0d.bmp,Small,2,1072,4,407
2,3,v2lineFull3a.bmp,Full,2,1841,4,408
2,8,v2lineSmall8d.bmp,Small,4,835,4,409
2,3,v2lineSD3d.bmp,SD,2,909,4,410
2,3,v2lineSmall3b.bmp,Small,4,590,4,411
2,8,v2lineSD8d.bmp,SD,4,535,4,412
2,0,v2lineFull0d.bmp,Full,1,698,4,413
2,5,v2lineFull5a.bmp,Full,1,613,4,414
2,3,v2lineSmall3h.bmp,Small,4,513,4,415
2,5,v2lineSD5f.bmp,SD,3,1563,4,416
2,8,v2lineFull8f.bmp,Full,2,839,4,417
2,8,v2lineFull8d.bmp,Full,2,368,4,418
2,5,v2lineSmall5g.bmp,Small,4,651,4,419
2,0,v2lineFull0c.bmp,Full,1,675,4,420
2,5,v2lineSD5j.bmp,SD,3,888,4,421
2,3,v2lineSmall3e.bmp,Small,4,671,4,422
2,8,v2lineSD8i.bmp,SD,4,658,4,423
2,5,v2lineSmall5e.bmp,Small,4,494,4,424
2,8,v2lineSmall8g.bmp,Small,4,462,4,425
2,8,v2lineSD8e.bmp,SD,4,661,4,426
2,5,v2lineFull5c.bmp,Full,2,975,4,427
2,5,v2lineSmall5d.bmp,Small,3,801,4,428
2,0,v2lineSD0e.bmp,SD,1,1016,4,429
2,8,v2lineFull8h.bmp,Full,2,1126,4,430
2,3,v2lineFull3j.bmp,Full,2,521,4,431
2,0,v2lineFull0j.bmp,Full,2,402,4,432
2,5,v2lineFull5b.bmp,Full,2,675,4,433
2,3,v2lineFull3e.bmp,Full,2,318,4,434
2,3,v2lineSD3i.bmp,SD,4,643,4,435
2,5,v2lineSmall5a.bmp,Small,4,859,4,436
2,0,v2lineFull0i.bmp,Full,1,699,4,437
2,0,v2lineSmall0j.bmp,Small,2,925,4,438
2,0,v2lineSmall0i.bmp,Small,3,731,4,439
2,8,v2lineSmall8i.bmp,Small,4,572,4,440
2,5,v2lineSmall5h.bmp,Small,4,506,4,441
2,5,v2lineSD5e.bmp,SD,3,1017,4,442
2,0,v2lineSD0i.bmp,SD,2,950,4,443
2,3,v2lineSmall3a.bmp,Small,4,508,4,444
2,8,v2lineSD8f.bmp,SD,4,575,4,445
2,5,v2lineSD5a.bmp,SD,4,574,4,446
2,0,v2lineSmall0g.bmp,Small,1,1240,4,447
2,8,v2lineFull8b.bmp,Full,2,1658,4,448
2,8,v2lineSD8j.bmp,SD,4,866,4,449
2,3,v2lineSD3c.bmp,SD,3,803,4,450
2,3,v2lineFull3c.bmp,Full,2,1554,4,451
2,5,v2lineFull5f.bmp,Full,2,567,4,452
2,3,v2lineSmall3f.bmp,Small,4,512,4,453
2,8,v2lineSD8c.bmp,SD,4,1071,4,454
2,3,v2lineSmall3g.bmp,Small,4,517,4,455
2,8,v2lineSD8g.bmp,SD,4,356,4,456
2,5,v2lineSD5d.bmp,SD,3,763,4,457
2,3,v2lineSmall3j.bmp,Small,4,623,4,458
2,3,v2lineSmall3d.bmp,Small,4,496,4,459
2,5,v2lineSmall5j.bmp,Small,4,643,4,460
2,5,v2lineFull5e.bmp,Full,2,1813,4,461
2,0,v2lineSmall0h.bmp,Small,2,1147,4,462
2,8,v2lineSD8a.bmp,SD,4,1118,4,463
2,3,v2lineFull3g.bmp,Full,1,875,4,464
2,5,v2lineSD5b.bmp,SD,3,1237,4,465
2,0,v2lineSD0f.bmp,SD,1,1015,4,466
2,8,v2lineSmall8h.bmp,Small,4,683,4,467
2,0,v2lineFull0g.bmp,Full,1,1996,4,468
2,5,v2lineSmall5i.bmp,Small,4,666,4,469
2,3,v2lineSD3f.bmp,SD,3,1477,4,470
2,5,v2lineFull5g.bmp,Full,2,1381,4,471
2,3,v2lineFull3b.bmp,Full,2,1304,4,472
2,3,v2lineSD3j.bmp,SD,3,1402,4,473
2,5,v2lineSmall5f.bmp,Small,4,779,4,474
2,3,v2lineFull3d.bmp,Full,1,906,4,475
2,8,v2lineFull8c.bmp,Full,2,883,4,476
2,8,v2lineSD8h.bmp,SD,3,1528,4,477
2,3,v2lineSD3a.bmp,SD,3,1243,4,478
2,0,v2lineSmall0b.bmp,Small,1,749,4,479
2,8,v2lineFull8a.bmp,Full,2,2033,4,480
3,5,v2lineSmall5c.bmp,Small,3,8110,1,1
3,3,v2lineSD3c.bmp,SD,2,2732,1,2
3,8,v2lineFull8h.bmp,Full,1,4825,1,3
3,0,v2lineFull0i.bmp,Full,1,694,1,4
3,5,v2lineSmall5b.bmp,Small,4,2267,1,5
3,3,v2lineSmall3i.bmp,Small,4,1261,1,6
3,0,v2lineFull0b.bmp,Full,1,994,1,7
3,5,v2lineSD5f.bmp,SD,3,1174,1,8
3,8,v2lineSmall8i.bmp,Small,4,860,1,9
3,0,v2lineSmall0h.bmp,Small,1,1203,1,10
3,0,v2lineFull0e.bmp,Full,1,586,1,11
3,3,v2lineFull3a.bmp,Full,1,506,1,12
3,0,v2lineFull0g.bmp,Full,1,751,1,13
3,8,v2lineSmall8d.bmp,Small,4,988,1,14
3,0,v2lineFull0c.bmp,Full,1,786,1,15
3,8,v2lineSmall8f.bmp,Small,4,788,1,16
3,8,v2lineSD8j.bmp,SD,3,4084,1,17
3,5,v2lineSmall5a.bmp,Small,4,1709,1,18
3,3,v2lineFull3b.bmp,Full,1,870,1,19
3,5,v2lineSD5e.bmp,SD,3,1256,1,20
3,5,v2lineFull5c.bmp,Full,1,2691,1,21
3,8,v2lineFull8a.bmp,Full,1,1487,1,22
3,0,v2lineSmall0e.bmp,Small,1,954,1,23
3,8,v2lineSmall8e.bmp,Small,4,909,1,24
3,5,v2lineSmall5f.bmp,Small,4,812,1,25
3,3,v2lineSD3e.bmp,SD,3,1039,1,26
3,5,v2lineFull5d.bmp,Full,2,1437,1,27
3,5,v2lineFull5a.bmp,Full,2,924,1,28
3,8,v2lineSD8a.bmp,SD,3,1116,1,29
3,3,v2lineSmall3j.bmp,Small,3,705,1,30
3,3,v2lineFull3d.bmp,Full,1,1416,1,31
3,3,v2lineFull3g.bmp,Full,1,1386,1,32
3,0,v2lineSD0j.bmp,SD,1,980,1,33
3,0,v2lineSmall0j.bmp,Small,1,1057,1,34
3,3,v2lineSmall3g.bmp,Small,3,1138,1,35
3,8,v2lineFull8f.bmp,Full,2,1873,1,36
3,8,v2lineSmall8c.bmp,Small,4,937,1,37
3,8,v2lineSmall8j.bmp,Small,4,649,1,38
3,8,v2lineSD8h.bmp,SD,4,464,1,39
3,8,v2lineFull8d.bmp,Full,2,999,1,40
3,0,v2lineSD0i.bmp,SD,1,1093,1,41
3,0,v2lineSD0g.bmp,SD,1,1086,1,42
3,5,v2lineFull5i.bmp,Full,2,1569,1,43
3,5,v2lineSmall5d.bmp,Small,4,3329,1,44
3,8,v2lineSD8f.bmp,SD,4,887,1,45
3,0,v2lineFull0h.bmp,Full,1,1290,1,46
3,3,v2lineSD3g.bmp,SD,2,1646,1,47
3,5,v2lineSmall5g.bmp,Small,4,1044,1,48
3,8,v2lineFull8e.bmp,Full,2,1089,1,49
3,5,v2lineSD5c.bmp,SD,3,978,1,50
3,0,v2lineSD0e.bmp,SD,1,943,1,51
3,5,v2lineSD5h.bmp,SD,3,922,1,52
3,8,v2lineFull8c.bmp,Full,1,987,1,53
3,3,v2lineSD3f.bmp,SD,2,1896,1,54
3,0,v2lineFull0a.bmp,Full,1,847,1,55
3,3,v2lineSmall3d.bmp,Small,3,973,1,56
3,5,v2lineFull5g.bmp,Full,2,939,1,57
3,8,v2lineSmall8b.bmp,Small,3,763,1,58
3,8,v2lineFull8i.bmp,Full,2,872,1,59
3,3,v2lineSD3d.bmp,SD,3,1253,1,60
3,3,v2lineSmall3e.bmp,Small,4,948,1,61
3,5,v2lineSD5b.bmp,SD,3,1186,1,62
3,0,v2lineSmall0c.bmp,Small,1,1145,1,63
3,8,v2lineFull8g.bmp,Full,2,1491,1,64
3,5,v2lineFull5b.bmp,Full,2,790,1,65
3,0,v2lineSD0h.bmp,SD,1,889,1,66
3,0,v2lineSmall0f.bmp,Small,1,1136,1,67
3,0,v2lineSD0a.bmp,SD,1,610,1,68
3,0,v2lineFull0j.bmp,Full,1,553,1,69
3,0,v2lineSD0d.bmp,SD,1,527,1,70
3,8,v2lineSmall8h.bmp,Small,4,1515,1,71
3,8,v2lineSD8e.bmp,SD,4,2394,1,72
3,0,v2lineSmall0b.bmp,Small,1,1325,1,73
3,3,v2lineSmall3a.bmp,Small,3,1093,1,74
3,3,v2lineSmall3h.bmp,Small,3,1024,1,75
3,0,v2lineFull0f.bmp,Full,1,910,1,76
3,3,v2lineSD3i.bmp,SD,2,1035,1,77
3,5,v2lineSD5g.bmp,SD,3,3515,1,78
3,3,v2lineSmall3f.bmp,Small,4,871,1,79
3,0,v2lineSmall0i.bmp,Small,2,777,1,80
3,8,v2lineSD8i.bmp,SD,3,904,1,81
3,0,v2lineFull0d.bmp,Full,1,909,1,82
3,5,v2lineSD5a.bmp,SD,3,1030,1,83
3,5,v2lineSmall5i.bmp,Small,4,957,1,84
3,0,v2lineSmall0g.bmp,Small,1,1397,1,85
3,3,v2lineFull3h.bmp,Full,1,458,1,86
3,3,v2lineFull3j.bmp,Full,1,311,1,87
3,5,v2lineFull5e.bmp,Full,1,366,1,88
3,5,v2lineSD5d.bmp,SD,2,1047,1,89
3,8,v2lineFull8b.bmp,Full,2,479,1,90
3,8,v2lineSmall8g.bmp,Small,3,868,1,91
3,0,v2lineSmall0a.bmp,Small,2,839,1,92
3,8,v2lineSmall8a.bmp,Small,4,2922,1,93
3,3,v2lineSmall3c.bmp,Small,3,11846,1,94
3,5,v2lineSmall5e.bmp,Small,3,703,1,95
3,3,v2lineSD3j.bmp,SD,2,4499,1,96
3,8,v2lineSD8d.bmp,SD,3,1024,1,97
3,5,v2lineSD5j.bmp,SD,3,884,1,98
3,0,v2lineSmall0d.bmp,Small,1,1010,1,99
3,0,v2lineSD0c.bmp,SD,1,543,1,100
3,3,v2lineFull3c.bmp,Full,1,465,1,101
3,5,v2lineSmall5j.bmp,Small,4,3498,1,102
3,5,v2lineFull5j.bmp,Full,1,1183,1,103
3,3,v2lineFull3f.bmp,Full,1,1117,1,104
3,8,v2lineFull8j.bmp,Full,1,988,1,105
3,5,v2lineFull5f.bmp,Full,2,5468,1,106
3,3,v2lineFull3i.bmp,Full,2,933,1,107
3,3,v2lineSmall3b.bmp,Small,1,3246,1,108
3,0,v2lineSD0b.bmp,SD,1,3209,1,109
3,5,v2lineSD5i.bmp,SD,2,3005,1,110
3,8,v2lineSD8g.bmp,SD,3,2897,1,111
3,3,v2lineSD3a.bmp,SD,2,2100,1,112
3,8,v2lineSD8b.bmp,SD,3,3470,1,113
3,3,v2lineSD3b.bmp,SD,3,2634,1,114
3,5,v2lineSmall5h.bmp,Small,3,925,1,115
3,3,v2lineFull3e.bmp,Full,1,1325,1,116
3,0,v2lineSD0f.bmp,SD,1,516,1,117
3,3,v2lineSD3h.bmp,SD,2,1947,1,118
3,5,v2lineFull5h.bmp,Full,1,884,1,119
3,8,v2lineSD8c.bmp,SD,3,1848,1,120
3,0,v2lineSD0b.bmp,SD,1,795,2,121
3,3,v2lineSmall3g.bmp,Small,3,1625,2,122
3,3,v2lineSD3j.bmp,SD,2,1373,2,123
3,8,v2lineFull8i.bmp,Full,2,2230,2,124
3,0,v2lineSmall0b.bmp,Small,1,1832,2,125
3,0,v2lineSD0j.bmp,SD,1,911,2,126
3,0,v2lineSmall0d.bmp,Small,1,1240,2,127
3,5,v2lineSD5e.bmp,SD,2,4618,2,128
3,5,v2lineSmall5f.bmp,Small,3,788,2,129
3,3,v2lineSmall3e.bmp,Small,3,786,2,130
3,3,v2lineFull3a.bmp,Full,1,4291,2,131
3,0,v2lineSmall0f.bmp,Small,1,834,2,132
3,0,v2lineSD0e.bmp,SD,1,537,2,133
3,3,v2lineFull3b.bmp,Full,1,2039,2,134
3,3,v2lineSmall3f.bmp,Small,3,2632,2,135
3,5,v2lineFull5i.bmp,Full,2,1853,2,136
3,0,v2lineFull0b.bmp,Full,1,1159,2,137
3,8,v2lineSD8a.bmp,SD,3,2522,2,138
3,5,v2lineSmall5i.bmp,Small,4,1566,2,139
3,3,v2lineFull3g.bmp,Full,1,1814,2,140
3,5,v2lineSmall5b.bmp,Small,2,1958,2,141
3,0,v2lineSmall0j.bmp,Small,1,1511,2,142
3,0,v2lineSmall0e.bmp,Small,1,791,2,143
3,8,v2lineSD8d.bmp,SD,3,2112,2,144
3,8,v2lineSmall8f.bmp,Small,3,778,2,145
3,5,v2lineSmall5h.bmp,Small,3,1214,2,146
3,0,v2lineSmall0c.bmp,Small,1,1080,2,147
3,0,v2lineFull0h.bmp,Full,1,583,2,148
3,3,v2lineSmall3d.bmp,Small,2,2083,2,149
3,3,v2lineSD3e.bmp,SD,2,1362,2,150
3,5,v2lineSmall5c.bmp,Small,3,1951,2,151
3,3,v2lineSD3b.bmp,SD,2,1345,2,152
3,0,v2lineSD0g.bmp,SD,1,1581,2,153
3,5,v2lineFull5b.bmp,Full,2,1431,2,154
3,5,v2lineSD5d.bmp,SD,2,2675,2,155
3,3,v2lineSmall3i.bmp,Small,2,991,2,156
3,3,v2lineSD3c.bmp,SD,2,2064,2,157
3,8,v2lineSD8c.bmp,SD,3,2486,2,158
3,8,v2lineFull8b.bmp,Full,2,2173,2,159
3,5,v2lineSD5f.bmp,SD,3,1805,2,160
3,3,v2lineSD3d.bmp,SD,3,3236,2,161
3,8,v2lineSmall8g.bmp,Small,2,3007,2,162
3,5,v2lineSD5g.bmp,SD,3,1676,2,163
3,0,v2lineFull0a.bmp,Full,1,1871,2,164
3,5,v2lineSD5h.bmp,SD,2,3596,2,165
3,5,v2lineFull5j.bmp,Full,2,1554,2,166
3,5,v2lineFull5f.bmp,Full,2,733,2,167
3,3,v2lineSD3h.bmp,SD,2,1974,2,168
3,8,v2lineSmall8b.bmp,Small,3,1637,2,169
3,3,v2lineSmall3c.bmp,Small,2,2126,2,170
3,3,v2lineSmall3a.bmp,Small,2,2141,2,171
3,0,v2lineFull0i.bmp,Full,1,3300,2,172
3,5,v2lineFull5d.bmp,Full,1,2266,2,173
3,8,v2lineSD8j.bmp,SD,3,7842,2,174
3,3,v2lineSD3g.bmp,SD,2,3522,2,175
3,8,v2lineFull8j.bmp,Full,2,2502,2,176
3,3,v2lineSD3i.bmp,SD,2,2529,2,177
3,3,v2lineSD3a.bmp,SD,2,2554,2,178
3,3,v2lineFull3e.bmp,Full,2,7626,2,179
3,3,v2lineFull3i.bmp,Full,2,797,2,180
3,8,v2lineFull8h.bmp,Full,2,1726,2,181
3,8,v2lineSD8h.bmp,SD,3,1874,2,182
3,5,v2lineFull5c.bmp,Full,2,6049,2,183
3,8,v2lineSmall8j.bmp,Small,3,2150,2,184
3,0,v2lineSD0f.bmp,SD,1,2087,2,185
3,5,v2lineFull5g.bmp,Full,2,3592,2,186
3,5,v2lineSmall5g.bmp,Small,3,1463,2,187
3,8,v2lineSmall8c.bmp,Small,3,1762,2,188
3,5,v2lineFull5e.bmp,Full,2,1337,2,189
3,0,v2lineSD0i.bmp,SD,2,3403,2,190
3,8,v2lineFull8c.bmp,Full,2,1693,2,191
3,8,v2lineFull8g.bmp,Full,2,3277,2,192
3,5,v2lineFull5h.bmp,Full,2,1430,2,193
3,5,v2lineSD5c.bmp,SD,3,1776,2,194
3,0,v2lineSmall0g.bmp,Small,1,915,2,195
3,0,v2lineFull0d.bmp,Full,1,837,2,196
3,5,v2lineSD5b.bmp,SD,3,1911,2,197
3,8,v2lineSmall8h.bmp,Small,3,543,2,198
3,8,v2lineFull8e.bmp,Full,2,956,2,199
3,8,v2lineFull8a.bmp,Full,2,897,2,200
3,3,v2lineSmall3j.bmp,Small,3,1543,2,201
3,0,v2lineSD0c.bmp,SD,1,903,2,202
3,8,v2lineSD8b.bmp,SD,3,763,2,203
3,5,v2lineSmall5j.bmp,Small,4,831,2,204
3,3,v2lineFull3d.bmp,Full,2,800,2,205
3,8,v2lineSmall8d.bmp,Small,3,928,2,206
3,5,v2lineSD5a.bmp,SD,3,665,2,207
3,8,v2lineFull8f.bmp,Full,2,2174,2,208
3,5,v2lineSmall5e.bmp,Small,3,1874,2,209
3,0,v2lineSmall0a.bmp,Small,2,1750,2,210
3,0,v2lineFull0f.bmp,Full,1,2292,2,211
3,5,v2lineSD5i.bmp,SD,3,1839,2,212
3,8,v2lineSD8i.bmp,SD,3,883,2,213
3,5,v2lineSD5j.bmp,SD,3,1016,2,214
3,8,v2lineSmall8a.bmp,Small,3,2645,2,215
3,0,v2lineSmall0i.bmp,Small,1,1728,2,216
3,0,v2lineFull0e.bmp,Full,1,1256,2,217
3,5,v2lineSmall5d.bmp,Small,3,1805,2,218
3,5,v2lineSmall5a.bmp,Small,3,1480,2,219
3,3,v2lineSD3f.bmp,SD,2,2447,2,220
3,8,v2lineSD8e.bmp,SD,2,1635,2,221
3,8,v2lineSD8f.bmp,SD,3,2294,2,222
3,0,v2lineSD0d.bmp,SD,1,1837,2,223
3,0,v2lineFull0j.bmp,Full,1,585,2,224
3,0,v2lineFull0g.bmp,Full,1,662,2,225
3,8,v2lineFull8d.bmp,Full,2,2937,2,226
3,3,v2lineSmall3b.bmp,Small,2,1873,2,227
3,0,v2lineSmall0h.bmp,Small,1,1175,2,228
3,3,v2lineFull3h.bmp,Full,1,633,2,229
3,3,v2lineFull3j.bmp,Full,2,1764,2,230
3,3,v2lineSmall3h.bmp,Small,2,1759,2,231
3,3,v2lineFull3f.bmp,Full,2,1303,2,232
3,3,v2lineFull3c.bmp,Full,2,1053,2,233
3,0,v2lineSD0a.bmp,SD,1,1663,2,234
3,0,v2lineFull0c.bmp,Full,1,1447,2,235
3,8,v2lineSmall8e.bmp,Small,3,2068,2,236
3,8,v2lineSmall8i.bmp,Small,3,1813,2,237
3,8,v2lineSD8g.bmp,SD,3,1765,2,238
3,5,v2lineFull5a.bmp,Full,2,2258,2,239
3,0,v2lineSD0h.bmp,SD,1,1323,2,240
3,0,v2lineSD0d.bmp,SD,1,689,3,241
3,3,v2lineSmall3b.bmp,Small,3,1919,3,242
3,5,v2lineFull5f.bmp,Full,2,1323,3,243
3,3,v2lineSD3d.bmp,SD,2,2360,3,244
3,3,v2lineSD3f.bmp,SD,2,647,3,245
3,0,v2lineFull0j.bmp,Full,1,1181,3,246
3,8,v2lineFull8f.bmp,Full,2,1451,3,247
3,5,v2lineFull5j.bmp,Full,2,799,3,248
3,8,v2lineSmall8c.bmp,Small,3,3295,3,249
3,3,v2lineFull3a.bmp,Full,2,3704,3,250
3,8,v2lineSD8f.bmp,SD,2,2294,3,251
3,8,v2lineSmall8f.bmp,Small,3,3135,3,252
3,8,v2lineSD8c.bmp,SD,3,1028,3,253
3,5,v2lineSmall5h.bmp,Small,3,966,3,254
3,5,v2lineFull5d.bmp,Full,2,1389,3,255
3,5,v2lineSmall5j.bmp,Small,3,1850,3,256
3,8,v2lineSmall8j.bmp,Small,3,1231,3,257
3,3,v2lineFull3e.bmp,Full,2,3668,3,258
3,5,v2lineSD5e.bmp,SD,2,1324,3,259
3,5,v2lineSmall5i.bmp,Small,3,2244,3,260
3,5,v2lineSD5h.bmp,SD,3,1793,3,261
3,8,v2lineFull8b.bmp,Full,2,1770,3,262
3,0,v2lineSD0j.bmp,SD,1,1230,3,263
3,8,v2lineFull8a.bmp,Full,2,1554,3,264
3,0,v2lineSmall0f.bmp,Small,1,1131,3,265
3,8,v2lineFull8j.bmp,Full,2,4665,3,266
3,5,v2lineFull5b.bmp,Full,2,939,3,267
3,3,v2lineSD3g.bmp,SD,2,1631,3,268
3,0,v2lineSmall0c.bmp,Small,1,1022,3,269
3,0,v2lineSmall0e.bmp,Small,1,775,3,270
3,3,v2lineSmall3c.bmp,Small,2,1659,3,271
3,0,v2lineFull0e.bmp,Full,1,1186,3,272
3,0,v2lineSmall0i.bmp,Small,1,919,3,273
3,5,v2lineSD5d.bmp,SD,2,4068,3,274
3,5,v2lineFull5h.bmp,Full,2,1317,3,275
3,3,v2lineFull3d.bmp,Full,2,1433,3,276
3,3,v2lineSD3a.bmp,SD,2,1268,3,277
3,0,v2lineSD0g.bmp,SD,1,1176,3,278
3,0,v2lineSmall0g.bmp,Small,1,762,3,279
3,5,v2lineSD5j.bmp,SD,2,2055,3,280
3,0,v2lineFull0c.bmp,Full,1,1123,3,281
3,5,v2lineSD5i.bmp,SD,2,1325,3,282
3,8,v2lineSD8i.bmp,SD,3,1369,3,283
3,0,v2lineSmall0b.bmp,Small,1,1073,3,284
3,0,v2lineFull0i.bmp,Full,1,649,3,285
3,8,v2lineSmall8d.bmp,Small,3,1943,3,286
3,0,v2lineFull0a.bmp,Full,1,1081,3,287
3,8,v2lineSmall8i.bmp,Small,2,1691,3,288
3,5,v2lineSmall5a.bmp,Small,2,1458,3,289
3,8,v2lineSD8e.bmp,SD,2,1704,3,290
3,8,v2lineSmall8b.bmp,Small,2,1807,3,291
3,0,v2lineSD0i.bmp,SD,1,1101,3,292
3,0,v2lineSmall0h.bmp,Small,1,769,3,293
3,0,v2lineFull0g.bmp,Full,1,638,3,294
3,3,v2lineFull3i.bmp,Full,2,3590,3,295
3,0,v2lineSD0b.bmp,SD,1,680,3,296
3,8,v2lineSD8h.bmp,SD,2,2835,3,297
3,3,v2lineSD3i.bmp,SD,2,1202,3,298
3,5,v2lineFull5g.bmp,Full,2,854,3,299
3,3,v2lineFull3b.bmp,Full,2,782,3,300
3,5,v2lineSD5f.bmp,SD,3,1425,3,301
3,5,v2lineSD5c.bmp,SD,3,640,3,302
3,3,v2lineSmall3f.bmp,Small,2,1835,3,303
3,3,v2lineFull3j.bmp,Full,2,2031,3,304
3,3,v2lineSmall3a.bmp,Small,2,2667,3,305
3,8,v2lineFull8c.bmp,Full,2,1258,3,306
3,8,v2lineSD8b.bmp,SD,3,3113,3,307
3,5,v2lineSmall5g.bmp,Small,3,837,3,308
3,8,v2lineSmall8e.bmp,Small,3,1938,3,309
3,8,v2lineFull8h.bmp,Full,2,3027,3,310
3,3,v2lineSD3e.bmp,SD,2,2545,3,311
3,3,v2lineSmall3d.bmp,Small,2,1426,3,312
3,8,v2lineSmall8h.bmp,Small,3,3419,3,313
3,5,v2lineSmall5c.bmp,Small,2,2251,3,314
3,3,v2lineFull3f.bmp,Full,2,1259,3,315
3,8,v2lineSD8j.bmp,SD,3,1582,3,316
3,0,v2lineSmall0j.bmp,Small,1,1139,3,317
3,5,v2lineFull5c.bmp,Full,2,1223,3,318
3,8,v2lineSD8g.bmp,SD,3,1253,3,319
3,3,v2lineSmall3g.bmp,Small,2,2262,3,320
3,3,v2lineFull3h.bmp,Full,2,1196,3,321
3,0,v2lineSD0c.bmp,SD,1,1429,3,322
3,5,v2lineFull5a.bmp,Full,2,947,3,323
3,0,v2lineSD0h.bmp,SD,1,1049,3,324
3,3,v2lineSmall3h.bmp,Small,2,1550,3,325
3,5,v2lineFull5i.bmp,Full,2,1803,3,326
3,3,v2lineSD3j.bmp,SD,2,1957,3,327
3,3,v2lineSD3b.bmp,SD,2,1539,3,328
3,0,v2lineFull0h.bmp,Full,1,1002,3,329
3,0,v2lineSmall0a.bmp,Small,1,844,3,330
3,8,v2lineFull8d.bmp,Full,3,3656,3,331
3,0,v2lineSmall0d.bmp,Small,1,1203,3,332
3,3,v2lineFull3c.bmp,Full,2,1750,3,333
3,0,v2lineSD0e.bmp,SD,1,1093,3,334
3,0,v2lineFull0f.bmp,Full,1,1182,3,335
3,3,v2lineSmall3i.bmp,Small,2,1717,3,336
3,8,v2lineSmall8g.bmp,Small,3,2395,3,337
3,8,v2lineFull8g.bmp,Full,2,2513,3,338
3,3,v2lineSmall3j.bmp,Small,2,1254,3,339
3,5,v2lineSmall5b.bmp,Small,2,2720,3,340
3,5,v2lineSD5a.bmp,SD,2,2743,3,341
3,8,v2lineSD8d.bmp,SD,2,1388,3,342
3,8,v2lineSmall8a.bmp,Small,2,1010,3,343
3,0,v2lineSD0f.bmp,SD,1,1320,3,344
3,3,v2lineSmall3e.bmp,Small,2,1363,3,345
3,3,v2lineSD3c.bmp,SD,2,960,3,346
3,0,v2lineSD0a.bmp,SD,1,1089,3,347
3,8,v2lineSD8a.bmp,SD,2,2975,3,348
3,3,v2lineSD3h.bmp,SD,2,1662,3,349
3,5,v2lineSD5b.bmp,SD,2,5453,3,350
3,5,v2lineSmall5d.bmp,Small,3,854,3,351
3,8,v2lineFull8i.bmp,Full,2,1282,3,352
3,5,v2lineSD5g.bmp,SD,2,1558,3,353
3,5,v2lineFull5e.bmp,Full,2,1269,3,354
3,3,v2lineFull3g.bmp,Full,1,878,3,355
3,0,v2lineFull0b.bmp,Full,1,472,3,356
3,5,v2lineSmall5e.bmp,Small,4,3045,3,357
3,8,v2lineFull8e.bmp,Full,2,1346,3,358
3,5,v2lineSmall5f.bmp,Small,3,2735,3,359
3,0,v2lineFull0d.bmp,Full,1,968,3,360
3,3,v2lineFull3i.bmp,Full,1,858,4,361
3,3,v2lineSD3i.bmp,SD,2,2252,4,362
3,3,v2lineFull3f.bmp,Full,2,921,4,363
3,8,v2lineSD8e.bmp,SD,3,2088,4,364
3,3,v2lineSmall3c.bmp,Small,2,1739,4,365
3,8,v2lineSmall8j.bmp,Small,2,1201,4,366
3,8,v2lineFull8g.bmp,Full,2,1565,4,367
3,8,v2lineSD8d.bmp,SD,2,1374,4,368
3,0,v2lineFull0g.bmp,Full,1,1664,4,369
3,5,v2lineFull5d.bmp,Full,2,1026,4,370
3,3,v2lineSmall3j.bmp,Small,2,1249,4,371
3,5,v2lineSD5c.bmp,SD,2,1670,4,372
3,0,v2lineSD0j.bmp,SD,1,1042,4,373
3,0,v2lineSmall0d.bmp,Small,1,796,4,374
3,0,v2lineFull0c.bmp,Full,1,548,4,375
3,3,v2lineSD3a.bmp,SD,2,1570,4,376
3,5,v2lineSmall5f.bmp,Small,3,4002,4,377
3,5,v2lineSmall5j.bmp,Small,3,2068,4,378
3,8,v2lineFull8b.bmp,Full,2,2816,4,379
3,5,v2lineSD5e.bmp,SD,2,1267,4,380
3,0,v2lineSmall0i.bmp,Small,1,2844,4,381
3,0,v2lineSmall0c.bmp,Small,1,794,4,382
3,0,v2lineSD0h.bmp,SD,1,1024,4,383
3,5,v2lineFull5e.bmp,Full,2,1187,4,384
3,8,v2lineSmall8b.bmp,Small,2,2071,4,385
3,5,v2lineSmall5a.bmp,Small,2,3674,4,386
3,5,v2lineSmall5i.bmp,Small,3,1843,4,387
3,5,v2lineFull5h.bmp,Full,2,1168,4,388
3,5,v2lineSD5j.bmp,SD,2,889,4,389
3,0,v2lineFull0i.bmp,Full,1,1078,4,390
3,5,v2lineFull5g.bmp,Full,2,1548,4,391
3,8,v2lineSD8c.bmp,SD,3,2070,4,392
3,8,v2lineFull8e.bmp,Full,2,1310,4,393
3,8,v2lineSmall8f.bmp,Small,2,1022,4,394
3,5,v2lineSD5f.bmp,SD,2,1766,4,395
3,0,v2lineSmall0f.bmp,Small,1,1199,4,396
3,0,v2lineSmall0j.bmp,Small,1,582,4,397
3,8,v2lineFull8h.bmp,Full,2,1360,4,398
3,5,v2lineSmall5b.bmp,Small,2,943,4,399
3,0,v2lineSD0e.bmp,SD,1,1364,4,400
3,3,v2lineFull3g.bmp,Full,1,595,4,401
3,5,v2lineSD5b.bmp,SD,2,1011,4,402
3,5,v2lineFull5f.bmp,Full,2,1053,4,403
3,0,v2lineSD0d.bmp,SD,1,1218,4,404
3,0,v2lineSmall0b.bmp,Small,1,676,4,405
3,5,v2lineFull5a.bmp,Full,2,1146,4,406
3,3,v2lineSmall3b.bmp,Small,2,1285,4,407
3,5,v2lineSD5a.bmp,SD,2,1189,4,408
3,3,v2lineSD3g.bmp,SD,2,1432,4,409
3,8,v2lineSD8a.bmp,SD,3,2051,4,410
3,3,v2lineSD3d.bmp,SD,2,702,4,411
3,8,v2lineSD8b.bmp,SD,3,1335,4,412
3,0,v2lineSmall0g.bmp,Small,1,1028,4,413
3,0,v2lineSD0c.bmp,SD,1,724,4,414
3,5,v2lineSmall5h.bmp,Small,3,817,4,415
3,3,v2lineSD3f.bmp,SD,2,2143,4,416
3,8,v2lineSmall8e.bmp,Small,3,1695,4,417
3,8,v2lineFull8j.bmp,Full,2,728,4,418
3,3,v2lineFull3j.bmp,Full,2,707,4,419
3,5,v2lineFull5i.bmp,Full,2,558,4,420
3,0,v2lineSD0g.bmp,SD,1,991,4,421
3,3,v2lineSmall3f.bmp,Small,2,1455,4,422
3,3,v2lineSmall3g.bmp,Small,2,4812,4,423
3,8,v2lineSmall8a.bmp,Small,2,1361,4,424
3,3,v2lineFull3d.bmp,Full,2,1412,4,425
3,8,v2lineSmall8c.bmp,Small,2,1925,4,426
3,5,v2lineSmall5d.bmp,Small,3,1980,4,427
3,8,v2lineFull8i.bmp,Full,2,1648,4,428
3,5,v2lineSD5i.bmp,SD,2,898,4,429
3,3,v2lineFull3b.bmp,Full,2,1013,4,430
3,8,v2lineSmall8d.bmp,Small,2,1946,4,431
3,8,v2lineSmall8i.bmp,Small,3,1883,4,432
3,0,v2lineFull0f.bmp,Full,1,1568,4,433
3,3,v2lineSmall3a.bmp,Small,2,1256,4,434
3,8,v2lineSD8g.bmp,SD,2,1753,4,435
3,3,v2lineFull3c.bmp,Full,2,1378,4,436
3,8,v2lineFull8d.bmp,Full,2,717,4,437
3,5,v2lineFull5c.bmp,Full,2,629,4,438
3,3,v2lineSD3h.bmp,SD,2,1583,4,439
3,3,v2lineSD3e.bmp,SD,2,1100,4,440
3,3,v2lineFull3h.bmp,Full,2,1169,4,441
3,0,v2lineSD0b.bmp,SD,1,1301,4,442
3,8,v2lineSD8f.bmp,SD,3,2337,4,443
3,3,v2lineSmall3d.bmp,Small,2,1127,4,444
3,5,v2lineSD5g.bmp,SD,2,1307,4,445
3,8,v2lineFull8c.bmp,Full,2,1244,4,446
3,5,v2lineSD5d.bmp,SD,2,2013,4,447
3,8,v2lineFull8a.bmp,Full,3,3279,4,448
3,3,v2lineSmall3i.bmp,Small,2,1171,4,449
3,0,v2lineSD0a.bmp,SD,1,1141,4,450
3,5,v2lineSD5h.bmp,SD,2,1198,4,451
3,0,v2lineFull0j.bmp,Full,1,1059,4,452
3,3,v2lineSD3c.bmp,SD,2,1569,4,453
3,8,v2lineSD8h.bmp,SD,3,2226,4,454
3,8,v2lineSmall8g.bmp,Small,3,1642,4,455
3,5,v2lineFull5j.bmp,Full,3,937,4,456
3,0,v2lineFull0d.bmp,Full,1,1212,4,457
3,3,v2lineSD3j.bmp,SD,2,2237,4,458
3,3,v2lineFull3a.bmp,Full,3,1709,4,459
3,8,v2lineFull8f.bmp,Full,3,1027,4,460
3,5,v2lineSmall5g.bmp,Small,2,1794,4,461
3,0,v2lineSmall0e.bmp,Small,1,1031,4,462
3,0,v2lineSmall0a.bmp,Small,1,967,4,463
3,0,v2lineFull0a.bmp,Full,1,799,4,464
3,8,v2lineSD8i.bmp,SD,2,1693,4,465
3,0,v2lineSD0i.bmp,SD,1,2075,4,466
3,3,v2lineSD3b.bmp,SD,2,4338,4,467
3,0,v2lineFull0e.bmp,Full,1,988,4,468
3,0,v2lineFull0h.bmp,Full,1,1016,4,469
3,0,v2lineSmall0h.bmp,Small,1,757,4,470
3,8,v2lineSmall8h.bmp,Small,3,1636,4,471
3,5,v2lineSmall5c.bmp,Small,2,1319,4,472
3,0,v2lineFull0b.bmp,Full,1,1414,4,473
3,0,v2lineSD0f.bmp,SD,1,692,4,474
3,3,v2lineSmall3h.bmp,Small,2,1447,4,475
3,3,v2lineFull3e.bmp,Full,2,3858,4,476
3,8,v2lineSD8j.bmp,SD,3,1713,4,477
3,3,v2lineSmall3e.bmp,Small,2,1790,4,478
3,5,v2lineFull5b.bmp,Full,1,792,4,479
3,5,v2lineSmall5e.bmp,Small,2,1454,4,480
4,5,v2lineFull5h.bmp,Full,1,6910,1,1
4,5,v2lineSmall5f.bmp,Small,4,3780,1,2
4,0,v2lineSmall0a.bmp,Small,1,3124,1,3
4,5,v2lineFull5a.bmp,Full,1,1024,1,4
4,3,v2lineFull3d.bmp,Full,1,743,1,5
4,5,v2lineFull5b.bmp,Full,3,1961,1,6
4,8,v2lineFull8a.bmp,Full,1,618,1,7
4,8,v2lineFull8b.bmp,Full,3,377,1,8
4,0,v2lineFull0i.bmp,Full,3,434,1,9
4,0,v2lineSD0f.bmp,SD,1,871,1,10
4,0,v2lineSmall0j.bmp,Small,4,4532,1,11
4,8,v2lineSmall8h.bmp,Small,1,7031,1,12
4,0,v2lineSD0c.bmp,SD,4,879,1,13
4,0,v2lineSmall0f.bmp,Small,2,3995,1,14
4,8,v2lineSD8d.bmp,SD,4,2701,1,15
4,3,v2lineSD3c.bmp,SD,1,561,1,16
4,3,v2lineFull3c.bmp,Full,4,410,1,17
4,8,v2lineSD8b.bmp,SD,1,417,1,18
4,0,v2lineSmall0e.bmp,Small,1,672,1,19
4,5,v2lineSD5c.bmp,SD,1,356,1,20
4,3,v2lineSD3h.bmp,SD,1,381,1,21
4,3,v2lineFull3g.bmp,Full,4,526,1,22
4,5,v2lineFull5d.bmp,Full,4,776,1,23
4,5,v2lineSD5a.bmp,SD,4,825,1,24
4,0,v2lineSD0d.bmp,SD,2,9783,1,25
4,3,v2lineSmall3i.bmp,Small,4,1042,1,26
4,0,v2lineFull0e.bmp,Full,3,1200,1,27
4,5,v2lineSmall5g.bmp,Small,4,600,1,28
4,0,v2lineFull0j.bmp,Full,4,263,1,29
4,5,v2lineSmall5a.bmp,Small,4,452,1,30
4,8,v2lineSD8e.bmp,SD,4,265,1,31
4,0,v2lineSmall0g.bmp,Small,4,230,1,32
4,8,v2lineSmall8d.bmp,Small,4,932,1,33
4,8,v2lineSmall8f.bmp,Small,4,270,1,34
4,5,v2lineFull5i.bmp,Full,4,251,1,35
4,0,v2lineSmall0i.bmp,Small,4,216,1,36
4,8,v2lineSD8c.bmp,SD,3,446,1,37
4,5,v2lineSmall5h.bmp,Small,4,308,1,38
4,8,v2lineSD8j.bmp,SD,4,559,1,39
4,0,v2lineFull0c.bmp,Full,3,487,1,40
4,0,v2lineSD0g.bmp,SD,4,403,1,41
4,8,v2lineFull8e.bmp,Full,4,315,1,42
4,8,v2lineFull8j.bmp,Full,4,269,1,43
4,8,v2lineSmall8c.bmp,Small,3,265,1,44
4,8,v2lineSD8h.bmp,SD,4,630,1,45
4,5,v2lineSmall5d.bmp,Small,4,261,1,46
4,3,v2lineSD3a.bmp,SD,4,74,1,47
4,5,v2lineSD5i.bmp,SD,4,430,1,48
4,5,v2lineFull5g.bmp,Full,4,285,1,49
4,0,v2lineSmall0h.bmp,Small,3,504,1,50
4,5,v2lineSD5j.bmp,SD,3,260,1,51
4,3,v2lineSmall3e.bmp,Small,4,361,1,52
4,3,v2lineFull3b.bmp,Full,4,594,1,53
4,0,v2lineSmall0b.bmp,Small,4,434,1,54
4,5,v2lineSD5f.bmp,SD,4,312,1,55
4,5,v2lineSD5e.bmp,SD,4,347,1,56
4,3,v2lineFull3e.bmp,Full,4,301,1,57
4,0,v2lineSD0b.bmp,SD,3,472,1,58
4,0,v2lineFull0d.bmp,Full,4,292,1,59
4,0,v2lineFull0f.bmp,Full,4,432,1,60
4,0,v2lineSD0e.bmp,SD,4,342,1,61
4,8,v2lineFull8c.bmp,Full,4,351,1,62
4,0,v2lineSD0h.bmp,SD,4,368,1,63
4,3,v2lineSD3e.bmp,SD,4,441,1,64
4,8,v2lineSmall8e.bmp,Small,4,670,1,65
4,3,v2lineSmall3f.bmp,Small,4,1611,1,66
4,3,v2lineSmall3d.bmp,Small,4,419,1,67
4,3,v2lineFull3f.bmp,Full,3,1081,1,68
4,3,v2lineFull3h.bmp,Full,4,333,1,69
4,0,v2lineSD0i.bmp,SD,3,255,1,70
4,5,v2lineSD5b.bmp,SD,4,844,1,71
4,3,v2lineSD3j.bmp,SD,4,986,1,72
4,5,v2lineSmall5c.bmp,Small,3,810,1,73
4,5,v2lineSD5g.bmp,SD,4,434,1,74
4,8,v2lineSmall8a.bmp,Small,4,392,1,75
4,3,v2lineSmall3h.bmp,Small,3,391,1,76
4,5,v2lineFull5j.bmp,Full,4,279,1,77
4,5,v2lineSD5h.bmp,SD,4,676,1,78
4,0,v2lineFull0a.bmp,Full,1,1359,1,79
4,8,v2lineSmall8b.bmp,Small,4,2633,1,80
4,5,v2lineFull5e.bmp,Full,3,1104,1,81
4,0,v2lineFull0h.bmp,Full,4,379,1,82
4,3,v2lineSD3i.bmp,SD,4,364,1,83
4,0,v2lineSmall0c.bmp,Small,4,421,1,84
4,3,v2lineFull3a.bmp,Full,3,315,1,85
4,3,v2lineFull3i.bmp,Full,1,422,1,86
4,3,v2lineSmall3g.bmp,Small,4,1172,1,87
4,8,v2lineSD8a.bmp,SD,4,773,1,88
4,5,v2lineSmall5e.bmp,Small,4,310,1,89
4,5,v2lineFull5f.bmp,Full,1,985,1,90
4,3,v2lineSmall3c.bmp,Small,4,417,1,91
4,3,v2lineSD3d.bmp,SD,3,1335,1,92
4,3,v2lineSmall3b.bmp,Small,4,3305,1,93
4,8,v2lineSD8g.bmp,SD,4,941,1,94
4,3,v2lineSD3b.bmp,SD,1,615,1,95
4,5,v2lineSmall5j.bmp,Small,4,430,1,96
4,8,v2lineFull8i.bmp,Full,3,1268,1,97
4,5,v2lineSmall5i.bmp,Small,4,425,1,98
4,8,v2lineFull8h.bmp,Full,3,663,1,99
4,3,v2lineSmall3j.bmp,Small,4,348,1,100
4,8,v2lineFull8d.bmp,Full,1,1053,1,101
4,5,v2lineSD5d.bmp,SD,4,747,1,102
4,3,v2lineSmall3a.bmp,Small,4,389,1,103
4,3,v2lineFull3j.bmp,Full,1,716,1,104
4,8,v2lineSD8f.bmp,SD,4,383,1,105
4,8,v2lineSmall8i.bmp,Small,4,823,1,106
4,0,v2lineFull0b.bmp,Full,1,942,1,107
4,8,v2lineSD8i.bmp,SD,4,632,1,108
4,8,v2lineFull8f.bmp,Full,2,2261,1,109
4,0,v2lineFull0g.bmp,Full,2,827,1,110
4,0,v2lineSD0j.bmp,SD,2,554,1,111
4,8,v2lineSmall8g.bmp,Small,4,643,1,112
4,0,v2lineSmall0d.bmp,Small,1,841,1,113
4,5,v2lineSmall5b.bmp,Small,4,671,1,114
4,5,v2lineFull5c.bmp,Full,2,1284,1,115
4,3,v2lineSD3g.bmp,SD,3,1096,1,116
4,8,v2lineSmall8j.bmp,Small,4,588,1,117
4,8,v2lineFull8g.bmp,Full,1,900,1,118
4,3,v2lineSD3f.bmp,SD,4,439,1,119
4,0,v2lineSD0a.bmp,SD,2,1021,1,120
4,8,v2lineSmall8g.bmp,Small,4,812,2,121
4,0,v2lineFull0h.bmp,Full,2,1011,2,122
4,3,v2lineSmall3b.bmp,Small,4,435,2,123
4,0,v2lineSD0e.bmp,SD,2,320,2,124
4,0,v2lineSmall0j.bmp,Small,4,274,2,125
4,5,v2lineSmall5i.bmp,Small,2,262,2,126
4,8,v2lineFull8c.bmp,Full,4,291,2,127
4,5,v2lineSD5f.bmp,SD,2,39,2,128
4,5,v2lineFull5i.bmp,Full,2,877,2,129
4,0,v2lineSmall0a.bmp,Small,2,386,2,130
4,3,v2lineFull3b.bmp,Full,2,370,2,131
4,8,v2lineSD8c.bmp,SD,4,634,2,132
4,0,v2lineSmall0i.bmp,Small,2,448,2,133
4,8,v2lineSmall8b.bmp,Small,4,382,2,134
4,3,v2lineSD3b.bmp,SD,2,1190,2,135
4,8,v2lineSD8b.bmp,SD,4,742,2,136
4,5,v2lineSD5h.bmp,SD,2,304,2,137
4,3,v2lineFull3i.bmp,Full,4,547,2,138
4,5,v2lineFull5c.bmp,Full,2,325,2,139
4,8,v2lineSmall8c.bmp,Small,4,495,2,140
4,8,v2lineSD8h.bmp,SD,2,499,2,141
4,5,v2lineFull5e.bmp,Full,4,559,2,142
4,3,v2lineSmall3d.bmp,Small,4,744,2,143
4,5,v2lineSD5j.bmp,SD,4,537,2,144
4,5,v2lineSmall5b.bmp,Small,2,579,2,145
4,5,v2lineFull5h.bmp,Full,2,1307,2,146
4,0,v2lineSmall0f.bmp,Small,4,871,2,147
4,5,v2lineFull5j.bmp,Full,4,563,2,148
4,5,v2lineSmall5a.bmp,Small,4,741,2,149
4,3,v2lineSD3a.bmp,SD,4,679,2,150
4,5,v2lineFull5g.bmp,Full,4,371,2,151
4,3,v2lineSmall3f.bmp,Small,4,364,2,152
4,8,v2lineSmall8j.bmp,Small,4,517,2,153
4,3,v2lineSD3c.bmp,SD,4,583,2,154
4,3,v2lineSmall3e.bmp,Small,4,343,2,155
4,0,v2lineSmall0d.bmp,Small,4,473,2,156
4,3,v2lineSD3e.bmp,SD,1,294,2,157
4,3,v2lineSD3f.bmp,SD,4,570,2,158
4,3,v2lineSmall3c.bmp,Small,4,450,2,159
4,8,v2lineFull8d.bmp,Full,4,607,2,160
4,8,v2lineSmall8h.bmp,Small,4,391,2,161
4,3,v2lineFull3c.bmp,Full,4,351,2,162
4,8,v2lineSmall8e.bmp,Small,4,559,2,163
4,0,v2lineFull0f.bmp,Full,2,1304,2,164
4,8,v2lineFull8f.bmp,Full,4,355,2,165
4,8,v2lineSmall8a.bmp,Small,4,485,2,166
4,8,v2lineSD8j.bmp,SD,4,408,2,167
4,0,v2lineSD0c.bmp,SD,2,1208,2,168
4,5,v2lineSD5i.bmp,SD,4,551,2,169
4,5,v2lineSmall5e.bmp,Small,4,1072,2,170
4,8,v2lineSD8g.bmp,SD,4,357,2,171
4,0,v2lineSD0j.bmp,SD,2,1158,2,172
4,3,v2lineSD3d.bmp,SD,2,1408,2,173
4,3,v2lineSmall3h.bmp,Small,4,639,2,174
4,8,v2lineFull8i.bmp,Full,1,1045,2,175
4,0,v2lineSmall0c.bmp,Small,4,1187,2,176
4,5,v2lineFull5b.bmp,Full,2,1467,2,177
4,5,v2lineSD5a.bmp,SD,4,791,2,178
4,8,v2lineSmall8f.bmp,Small,4,1095,2,179
4,3,v2lineSmall3j.bmp,Small,4,603,2,180
4,0,v2lineSmall0h.bmp,Small,2,1595,2,181
4,3,v2lineFull3g.bmp,Full,2,3067,2,182
4,5,v2lineSD5g.bmp,SD,4,1001,2,183
4,0,v2lineSmall0e.bmp,Small,4,816,2,184
4,5,v2lineSmall5c.bmp,Small,2,1223,2,185
4,0,v2lineFull0d.bmp,Full,4,709,2,186
4,3,v2lineSmall3a.bmp,Small,4,905,2,187
4,0,v2lineSD0i.bmp,SD,4,836,2,188
4,8,v2lineSD8i.bmp,SD,4,602,2,189
4,3,v2lineFull3h.bmp,Full,1,1801,2,190
4,3,v2lineFull3e.bmp,Full,1,728,2,191
4,8,v2lineSD8e.bmp,SD,4,995,2,192
4,5,v2lineSmall5d.bmp,Small,4,467,2,193
4,3,v2lineFull3f.bmp,Full,1,831,2,194
4,8,v2lineFull8e.bmp,Full,1,598,2,195
4,0,v2lineFull0c.bmp,Full,4,934,2,196
4,5,v2lineSmall5g.bmp,Small,1,1304,2,197
4,8,v2lineSD8f.bmp,SD,4,803,2,198
4,8,v2lineSD8a.bmp,SD,4,555,2,199
4,8,v2lineSmall8i.bmp,Small,4,444,2,200
4,0,v2lineSmall0g.bmp,Small,1,1346,2,201
4,0,v2lineFull0a.bmp,Full,4,1324,2,202
4,0,v2lineSD0h.bmp,SD,1,1407,2,203
4,8,v2lineSmall8d.bmp,Small,4,2055,2,204
4,8,v2lineFull8b.bmp,Full,2,1244,2,205
4,3,v2lineSD3i.bmp,SD,2,1394,2,206
4,3,v2lineFull3d.bmp,Full,1,1826,2,207
4,3,v2lineSD3j.bmp,SD,3,1577,2,208
4,8,v2lineFull8h.bmp,Full,3,738,2,209
4,0,v2lineFull0g.bmp,Full,1,2037,2,210
4,3,v2lineFull3j.bmp,Full,1,604,2,211
4,0,v2lineSD0f.bmp,SD,1,412,2,212
4,3,v2lineSD3g.bmp,SD,2,1635,2,213
4,5,v2lineFull5a.bmp,Full,2,682,2,214
4,0,v2lineFull0j.bmp,Full,2,1247,2,215
4,5,v2lineSD5d.bmp,SD,2,781,2,216
4,5,v2lineSD5e.bmp,SD,3,1238,2,217
4,0,v2lineSD0g.bmp,SD,3,859,2,218
4,8,v2lineSD8d.bmp,SD,4,905,2,219
4,0,v2lineFull0i.bmp,Full,2,1196,2,220
4,5,v2lineSD5b.bmp,SD,3,2060,2,221
4,8,v2lineFull8g.bmp,Full,3,1050,2,222
4,3,v2lineFull3a.bmp,Full,2,1160,2,223
4,3,v2lineSmall3g.bmp,Small,4,1058,2,224
4,5,v2lineFull5f.bmp,Full,4,975,2,225
4,0,v2lineSD0a.bmp,SD,2,1360,2,226
4,0,v2lineFull0b.bmp,Full,1,1145,2,227
4,5,v2lineSmall5f.bmp,Small,4,995,2,228
4,0,v2lineSD0d.bmp,SD,2,1067,2,229
4,5,v2lineSD5c.bmp,SD,4,833,2,230
4,8,v2lineFull8j.bmp,Full,3,1599,2,231
4,3,v2lineSmall3i.bmp,Small,4,863,2,232
4,8,v2lineFull8a.bmp,Full,1,756,2,233
4,3,v2lineSD3h.bmp,SD,4,989,2,234
4,0,v2lineSmall0b.bmp,Small,2,1054,2,235
4,0,v2lineSD0b.bmp,SD,2,1084,2,236
4,0,v2lineFull0e.bmp,Full,2,840,2,237
4,5,v2lineSmall5j.bmp,Small,4,894,2,238
4,5,v2lineFull5d.bmp,Full,2,1002,2,239
4,5,v2lineSmall5h.bmp,Small,4,715,2,240
4,8,v2lineSmall8i.bmp,Small,4,534,3,241
4,0,v2lineFull0f.bmp,Full,1,672,3,242
4,3,v2lineFull3c.bmp,Full,1,1149,3,243
4,8,v2lineSD8a.bmp,SD,4,847,3,244
4,0,v2lineSD0g.bmp,SD,2,1045,3,245
4,0,v2lineSD0j.bmp,SD,2,1010,3,246
4,8,v2lineFull8f.bmp,Full,2,442,3,247
4,8,v2lineSD8e.bmp,SD,4,927,3,248
4,0,v2lineFull0i.bmp,Full,1,834,3,249
4,3,v2lineSmall3d.bmp,Small,1,665,3,250
4,8,v2lineSmall8a.bmp,Small,1,654,3,251
4,5,v2lineFull5f.bmp,Full,1,620,3,252
4,3,v2lineFull3a.bmp,Full,1,435,3,253
4,3,v2lineSD3e.bmp,SD,3,1210,3,254
4,5,v2lineSD5d.bmp,SD,3,577,3,255
4,3,v2lineSD3a.bmp,SD,3,538,3,256
4,0,v2lineSmall0a.bmp,Small,3,476,3,257
4,0,v2lineFull0b.bmp,Full,1,1289,3,258
4,3,v2lineSD3c.bmp,SD,2,1253,3,259
4,5,v2lineSmall5g.bmp,Small,4,1075,3,260
4,5,v2lineFull5j.bmp,Full,2,1208,3,261
4,5,v2lineFull5b.bmp,Full,2,927,3,262
4,0,v2lineSD0e.bmp,SD,2,561,3,263
4,5,v2lineFull5c.bmp,Full,2,427,3,264
4,0,v2lineSmall0e.bmp,Small,2,377,3,265
4,5,v2lineSmall5e.bmp,Small,4,1546,3,266
4,5,v2lineSD5j.bmp,SD,4,1164,3,267
4,3,v2lineSmall3f.bmp,Small,4,389,3,268
4,3,v2lineSD3h.bmp,SD,4,3901,3,269
4,5,v2lineSD5f.bmp,SD,4,378,3,270
4,8,v2lineFull8j.bmp,Full,4,403,3,271
4,3,v2lineFull3e.bmp,Full,4,435,3,272
4,3,v2lineSmall3h.bmp,Small,4,369,3,273
4,3,v2lineSD3j.bmp,SD,4,362,3,274
4,8,v2lineFull8d.bmp,Full,4,348,3,275
4,0,v2lineSmall0b.bmp,Small,1,1293,3,276
4,0,v2lineSmall0c.bmp,Small,1,1209,3,277
4,3,v2lineFull3i.bmp,Full,1,624,3,278
4,8,v2lineFull8h.bmp,Full,1,415,3,279
4,0,v2lineSmall0i.bmp,Small,2,846,3,280
4,0,v2lineSmall0h.bmp,Small,2,676,3,281
4,8,v2lineSmall8e.bmp,Small,4,1096,3,282
4,8,v2lineFull8g.bmp,Full,4,653,3,283
4,3,v2lineSmall3j.bmp,Small,4,538,3,284
4,3,v2lineFull3b.bmp,Full,2,1101,3,285
4,5,v2lineSD5b.bmp,SD,4,1353,3,286
4,5,v2lineFull5h.bmp,Full,3,1171,3,287
4,0,v2lineSmall0j.bmp,Small,3,1301,3,288
4,0,v2lineSmall0g.bmp,Small,3,529,3,289
4,5,v2lineFull5d.bmp,Full,3,420,3,290
4,0,v2lineSD0i.bmp,SD,3,403,3,291
4,5,v2lineFull5a.bmp,Full,4,587,3,292
4,5,v2lineSmall5b.bmp,Small,4,466,3,293
4,0,v2lineSD0c.bmp,SD,2,1007,3,294
4,3,v2lineSD3b.bmp,SD,3,1263,3,295
4,3,v2lineSmall3e.bmp,Small,4,620,3,296
4,8,v2lineFull8i.bmp,Full,2,636,3,297
4,0,v2lineSD0a.bmp,SD,1,1186,3,298
4,5,v2lineSmall5j.bmp,Small,4,851,3,299
4,3,v2lineSmall3c.bmp,Small,4,457,3,300
4,8,v2lineFull8b.bmp,Full,2,1038,3,301
4,8,v2lineSD8d.bmp,SD,4,420,3,302
4,5,v2lineSmall5c.bmp,Small,4,427,3,303
4,5,v2lineSmall5a.bmp,Small,2,458,3,304
4,8,v2lineSD8b.bmp,SD,4,327,3,305
4,5,v2lineFull5i.bmp,Full,2,658,3,306
4,5,v2lineSmall5d.bmp,Small,4,3343,3,307
4,5,v2lineFull5g.bmp,Full,2,626,3,308
4,8,v2lineSD8f.bmp,SD,4,391,3,309
4,0,v2lineFull0j.bmp,Full,2,575,3,310
4,0,v2lineFull0g.bmp,Full,1,1344,3,311
4,8,v2lineSmall8b.bmp,Small,4,434,3,312
4,8,v2lineFull8a.bmp,Full,4,529,3,313
4,3,v2lineSmall3i.bmp,Small,4,555,3,314
4,5,v2lineSD5g.bmp,SD,4,596,3,315
4,8,v2lineSmall8g.bmp,Small,4,332,3,316
4,3,v2lineSmall3g.bmp,Small,4,391,3,317
4,5,v2lineSmall5h.bmp,Small,4,351,3,318
4,8,v2lineSD8c.bmp,SD,4,416,3,319
4,8,v2lineSD8j.bmp,SD,4,360,3,320
4,8,v2lineFull8e.bmp,Full,2,1081,3,321
4,3,v2lineFull3j.bmp,Full,1,822,3,322
4,3,v2lineFull3g.bmp,Full,1,517,3,323
4,3,v2lineFull3f.bmp,Full,1,408,3,324
4,8,v2lineSmall8h.bmp,Small,4,623,3,325
4,8,v2lineSmall8d.bmp,Small,4,446,3,326
4,3,v2lineSD3d.bmp,SD,4,371,3,327
4,0,v2lineFull0d.bmp,Full,1,628,3,328
4,0,v2lineSD0d.bmp,SD,4,419,3,329
4,3,v2lineFull3h.bmp,Full,2,1378,3,330
4,8,v2lineSD8i.bmp,SD,4,731,3,331
4,3,v2lineFull3d.bmp,Full,2,781,3,332
4,5,v2lineSmall5i.bmp,Small,4,486,3,333
4,0,v2lineSD0h.bmp,SD,1,666,3,334
4,3,v2lineSD3f.bmp,SD,2,592,3,335
4,8,v2lineSmall8j.bmp,Small,4,360,3,336
4,5,v2lineFull5e.bmp,Full,2,497,3,337
4,0,v2lineSmall0d.bmp,Small,2,829,3,338
4,0,v2lineFull0e.bmp,Full,4,363,3,339
4,5,v2lineSD5i.bmp,SD,1,493,3,340
4,3,v2lineSD3i.bmp,SD,4,1856,3,341
4,0,v2lineFull0h.bmp,Full,2,1294,3,342
4,8,v2lineSmall8f.bmp,Small,4,529,3,343
4,0,v2lineSD0b.bmp,SD,1,1588,3,344
4,8,v2lineSD8g.bmp,SD,4,605,3,345
4,3,v2lineSmall3a.bmp,Small,4,509,3,346
4,0,v2lineSD0f.bmp,SD,2,1304,3,347
4,0,v2lineFull0a.bmp,Full,1,844,3,348
4,3,v2lineSmall3b.bmp,Small,4,498,3,349
4,3,v2lineSD3g.bmp,SD,4,926,3,350
4,5,v2lineSD5h.bmp,SD,4,417,3,351
4,8,v2lineSD8h.bmp,SD,4,360,3,352
4,5,v2lineSD5a.bmp,SD,4,369,3,353
4,8,v2lineFull8c.bmp,Full,2,850,3,354
4,5,v2lineSD5c.bmp,SD,4,416,3,355
4,5,v2lineSD5e.bmp,SD,4,440,3,356
4,0,v2lineSmall0f.bmp,Small,2,605,3,357
4,0,v2lineFull0c.bmp,Full,1,925,3,358
4,5,v2lineSmall5f.bmp,Small,4,407,3,359
4,8,v2lineSmall8c.bmp,Small,4,390,3,360
4,8,v2lineFull8a.bmp,Full,2,1029,4,361
4,5,v2lineFull5h.bmp,Full,3,1124,4,362
4,3,v2lineSD3f.bmp,SD,4,879,4,363
4,5,v2lineSD5a.bmp,SD,4,508,4,364
4,5,v2lineSD5e.bmp,SD,4,359,4,365
4,3,v2lineFull3a.bmp,Full,1,784,4,366
4,0,v2lineSmall0e.bmp,Small,1,1273,4,367
4,3,v2lineSmall3g.bmp,Small,4,861,4,368
4,3,v2lineSmall3h.bmp,Small,4,507,4,369
4,0,v2lineSD0i.bmp,SD,2,702,4,370
4,5,v2lineSD5i.bmp,SD,4,450,4,371
4,8,v2lineFull8j.bmp,Full,4,408,4,372
4,8,v2lineSD8d.bmp,SD,4,551,4,373
4,3,v2lineFull3c.bmp,Full,1,905,4,374
4,5,v2lineSmall5j.bmp,Small,4,541,4,375
4,8,v2lineSmall8j.bmp,Small,4,351,4,376
4,3,v2lineSD3i.bmp,SD,4,720,4,377
4,5,v2lineSmall5b.bmp,Small,4,491,4,378
4,3,v2lineSmall3e.bmp,Small,4,551,4,379
4,5,v2lineSmall5h.bmp,Small,4,417,4,380
4,8,v2lineSmall8i.bmp,Small,4,1368,4,381
4,8,v2lineSD8b.bmp,SD,4,322,4,382
4,5,v2lineSD5b.bmp,SD,4,396,4,383
4,3,v2lineSD3b.bmp,SD,4,316,4,384
4,0,v2lineSmall0f.bmp,Small,4,423,4,385
4,5,v2lineFull5c.bmp,Full,2,1342,4,386
4,0,v2lineFull0f.bmp,Full,2,640,4,387
4,0,v2lineSmall0a.bmp,Small,2,390,4,388
4,0,v2lineSmall0b.bmp,Small,2,710,4,389
4,3,v2lineFull3d.bmp,Full,2,441,4,390
4,0,v2lineFull0e.bmp,Full,2,519,4,391
4,0,v2lineSmall0d.bmp,Small,2,570,4,392
4,3,v2lineSD3g.bmp,SD,2,539,4,393
4,8,v2lineSmall8h.bmp,Small,2,773,4,394
4,3,v2lineSmall3d.bmp,Small,2,461,4,395
4,0,v2lineSmall0g.bmp,Small,2,378,4,396
4,8,v2lineSD8j.bmp,SD,2,346,4,397
4,5,v2lineFull5e.bmp,Full,2,364,4,398
4,3,v2lineSmall3j.bmp,Small,2,317,4,399
4,0,v2lineSD0j.bmp,SD,2,305,4,400
4,3,v2lineSD3j.bmp,SD,4,612,4,401
4,0,v2lineSD0h.bmp,SD,2,300,4,402
4,3,v2lineSmall3b.bmp,Small,2,335,4,403
4,3,v2lineFull3f.bmp,Full,2,386,4,404
4,0,v2lineFull0i.bmp,Full,2,466,4,405
4,0,v2lineSD0e.bmp,SD,2,432,4,406
4,0,v2lineSD0b.bmp,SD,2,422,4,407
4,0,v2lineFull0a.bmp,Full,2,317,4,408
4,8,v2lineSD8e.bmp,SD,2,728,4,409
4,5,v2lineSD5c.bmp,SD,4,435,4,410
4,3,v2lineFull3b.bmp,Full,2,361,4,411
4,0,v2lineFull0b.bmp,Full,2,562,4,412
4,5,v2lineSD5j.bmp,SD,2,443,4,413
4,8,v2lineSmall8d.bmp,Small,4,313,4,414
4,8,v2lineFull8f.bmp,Full,4,467,4,415
4,0,v2lineFull0c.bmp,Full,1,961,4,416
4,0,v2lineFull0h.bmp,Full,1,634,4,417
4,3,v2lineSmall3i.bmp,Small,4,601,4,418
4,3,v2lineFull3j.bmp,Full,2,1289,4,419
4,8,v2lineFull8g.bmp,Full,2,1309,4,420
4,5,v2lineFull5i.bmp,Full,2,536,4,421
4,8,v2lineSmall8f.bmp,Small,4,915,4,422
4,8,v2lineSmall8g.bmp,Small,4,422,4,423
4,0,v2lineSmall0c.bmp,Small,2,1117,4,424
4,8,v2lineSmall8a.bmp,Small,2,696,4,425
4,8,v2lineSmall8b.bmp,Small,4,972,4,426
4,0,v2lineSD0g.bmp,SD,1,1053,4,427
4,0,v2lineSmall0h.bmp,Small,1,707,4,428
4,5,v2lineSmall5f.bmp,Small,4,654,4,429
4,0,v2lineSD0a.bmp,SD,1,803,4,430
4,5,v2lineSmall5c.bmp,Small,4,531,4,431
4,8,v2lineSD8c.bmp,SD,4,910,4,432
4,5,v2lineSmall5d.bmp,Small,4,377,4,433
4,8,v2lineFull8i.bmp,Full,4,394,4,434
4,8,v2lineSD8a.bmp,SD,4,305,4,435
4,3,v2lineSD3e.bmp,SD,4,413,4,436
4,5,v2lineSD5d.bmp,SD,4,460,4,437
4,3,v2lineFull3e.bmp,Full,4,337,4,438
4,8,v2lineSD8i.bmp,SD,4,356,4,439
4,8,v2lineFull8c.bmp,Full,4,421,4,440
4,0,v2lineSD0d.bmp,SD,4,300,4,441
4,0,v2lineSmall0i.bmp,Small,4,312,4,442
4,5,v2lineFull5d.bmp,Full,4,443,4,443
4,3,v2lineSD3c.bmp,SD,4,433,4,444
4,8,v2lineFull8e.bmp,Full,4,455,4,445
4,5,v2lineSD5h.bmp,SD,4,565,4,446
4,5,v2lineFull5a.bmp,Full,4,462,4,447
4,0,v2lineFull0g.bmp,Full,4,340,4,448
4,8,v2lineSmall8e.bmp,Small,4,429,4,449
4,5,v2lineFull5b.bmp,Full,2,1171,4,450
4,3,v2lineSD3d.bmp,SD,2,596,4,451
4,8,v2lineSD8g.bmp,SD,4,804,4,452
4,5,v2lineFull5j.bmp,Full,2,1156,4,453
4,3,v2lineFull3i.bmp,Full,4,422,4,454
4,3,v2lineSmall3f.bmp,Small,2,604,4,455
4,8,v2lineSD8f.bmp,SD,4,636,4,456
4,8,v2lineFull8d.bmp,Full,4,467,4,457
4,8,v2lineFull8b.bmp,Full,4,464,4,458
4,3,v2lineSmall3c.bmp,Small,4,445,4,459
4,5,v2lineFull5f.bmp,Full,4,571,4,460
4,3,v2lineSD3a.bmp,SD,4,500,4,461
4,5,v2lineSD5g.bmp,SD,4,608,4,462
4,0,v2lineSD0f.bmp,SD,1,1119,4,463
4,5,v2lineSmall5i.bmp,Small,4,627,4,464
4,3,v2lineFull3h.bmp,Full,3,1289,4,465
4,3,v2lineSmall3a.bmp,Small,4,965,4,466
4,5,v2lineSD5f.bmp,SD,4,526,4,467
4,0,v2lineFull0d.bmp,Full,2,1209,4,468
4,5,v2lineSmall5g.bmp,Small,4,600,4,469
4,0,v2lineSD0c.bmp,SD,4,416,4,470
4,0,v2lineFull0j.bmp,Full,3,1383,4,471
4,3,v2lineFull3g.bmp,Full,2,1064,4,472
4,8,v2lineFull8h.bmp,Full,2,1149,4,473
4,5,v2lineSmall5e.bmp,Small,4,1040,4,474
4,3,v2lineSD3h.bmp,SD,4,622,4,475
4,0,v2lineSmall0j.bmp,Small,1,885,4,476
4,8,v2lineSD8h.bmp,SD,4,386,4,477
4,5,v2lineFull5g.bmp,Full,1,938,4,478
4,5,v2lineSmall5a.bmp,Small,4,1109,4,479
4,8,v2lineSmall8c.bmp,Small,4,408,4,480
5,5,v2lineSmall5e.bmp,Small,3,7051,1,1
5,0,v2lineFull0j.bmp,Full,1,6431,1,2
5,8,v2lineSD8f.bmp,SD,3,8389,1,3
5,5,v2lineFull5g.bmp,Full,3,6040,1,4
5,3,v2lineSmall3e.bmp,Small,2,7213,1,5
5,3,v2lineSmall3i.bmp,Small,2,3623,1,6
5,3,v2lineSmall3f.bmp,Small,2,3306,1,7
5,3,v2lineSD3j.bmp,SD,3,4275,1,8
5,8,v2lineFull8h.bmp,Full,3,2205,1,9
5,3,v2lineSmall3c.bmp,Small,2,5213,1,10
5,3,v2lineSD3d.bmp,SD,4,5456,1,11
5,3,v2lineSmall3d.bmp,Small,2,6748,1,12
5,8,v2lineFull8b.bmp,Full,2,1690,1,13
5,5,v2lineSD5j.bmp,SD,3,2343,1,14
5,0,v2lineSD0h.bmp,SD,1,4036,1,15
5,8,v2lineSD8h.bmp,SD,4,3078,1,16
5,3,v2lineSD3c.bmp,SD,3,3279,1,17
5,8,v2lineFull8c.bmp,Full,2,3199,1,18
5,3,v2lineSD3g.bmp,SD,2,5292,1,19
5,3,v2lineSmall3a.bmp,Small,2,1773,1,20
5,0,v2lineFull0h.bmp,Full,1,3152,1,21
5,5,v2lineSmall5f.bmp,Small,3,5840,1,22
5,5,v2lineSmall5c.bmp,Small,3,3748,1,23
5,5,v2lineSmall5h.bmp,Small,3,7230,1,24
5,8,v2lineFull8a.bmp,Full,2,1401,1,25
5,8,v2lineSmall8b.bmp,Small,3,5319,1,26
5,0,v2lineSmall0c.bmp,Small,1,2954,1,27
5,0,v2lineSmall0d.bmp,Small,1,6163,1,28
5,3,v2lineSmall3b.bmp,Small,2,10013,1,29
5,3,v2lineSD3e.bmp,SD,2,4118,1,30
5,5,v2lineSmall5i.bmp,Small,3,2961,1,31
5,3,v2lineFull3d.bmp,Full,1,1297,1,32
5,3,v2lineFull3b.bmp,Full,1,920,1,33
5,0,v2lineFull0f.bmp,Full,1,707,1,34
5,3,v2lineSmall3h.bmp,Small,2,2567,1,35
5,5,v2lineFull5f.bmp,Full,2,1256,1,36
5,8,v2lineSmall8f.bmp,Small,2,16291,1,37
5,8,v2lineSD8a.bmp,SD,2,11157,1,38
5,5,v2lineFull5e.bmp,Full,2,1879,1,39
5,0,v2lineSD0j.bmp,SD,1,1326,1,40
5,5,v2lineSD5h.bmp,SD,3,4799,1,41
5,0,v2lineSmall0e.bmp,Small,2,6508,1,42
5,0,v2lineSD0d.bmp,SD,1,1834,1,43
5,5,v2lineSD5a.bmp,SD,3,10144,1,44
5,5,v2lineFull5d.bmp,Full,2,1511,1,45
5,0,v2lineSD0i.bmp,SD,2,760,1,46
5,5,v2lineSD5b.bmp,SD,3,1255,1,47
5,3,v2lineSD3a.bmp,SD,2,4975,1,48
5,5,v2lineFull5j.bmp,Full,2,990,1,49
5,8,v2lineSD8b.bmp,SD,3,10799,1,50
5,0,v2lineFull0g.bmp,Full,1,952,1,51
5,8,v2lineSD8e.bmp,SD,3,2550,1,52
5,5,v2lineFull5i.bmp,Full,2,897,1,53
5,0,v2lineSmall0b.bmp,Small,1,1045,1,54
5,0,v2lineSD0g.bmp,SD,1,723,1,55
5,3,v2lineSmall3j.bmp,Small,3,2887,1,56
5,0,v2lineFull0a.bmp,Full,1,682,1,57
5,0,v2lineSmall0h.bmp,Small,2,829,1,58
5,5,v2lineSD5g.bmp,SD,3,1037,1,59
5,8,v2lineFull8d.bmp,Full,2,1038,1,60
5,3,v2lineFull3j.bmp,Full,2,1326,1,61
5,5,v2lineSD5d.bmp,SD,3,767,1,62
5,8,v2lineSmall8j.bmp,Small,4,2904,1,63
5,8,v2lineFull8j.bmp,Full,2,794,1,64
5,8,v2lineFull8e.bmp,Full,2,707,1,65
5,0,v2lineSmall0a.bmp,Small,2,734,1,66
5,8,v2lineSmall8a.bmp,Small,4,1053,1,67
5,5,v2lineSmall5j.bmp,Small,4,1501,1,68
5,0,v2lineSD0c.bmp,SD,1,1196,1,69
5,8,v2lineSD8g.bmp,SD,3,1015,1,70
5,0,v2lineSmall0j.bmp,Small,2,752,1,71
5,8,v2lineSD8c.bmp,SD,3,886,1,72
5,3,v2lineFull3c.bmp,Full,2,1496,1,73
5,8,v2lineFull8f.bmp,Full,2,1885,1,74
5,0,v2lineFull0i.bmp,Full,1,1684,1,75
5,3,v2lineFull3f.bmp,Full,2,878,1,76
5,8,v2lineSmall8d.bmp,Small,3,1171,1,77
5,0,v2lineSmall0i.bmp,Small,2,2748,1,78
5,5,v2lineSmall5a.bmp,Small,3,6540,1,79
5,3,v2lineSD3f.bmp,SD,3,3070,1,80
5,5,v2lineSmall5g.bmp,Small,3,5250,1,81
5,5,v2lineSD5f.bmp,SD,3,3741,1,82
5,3,v2lineSD3i.bmp,SD,2,1165,1,83
5,3,v2lineFull3g.bmp,Full,2,680,1,84
5,3,v2lineFull3i.bmp,Full,2,2540,1,85
5,0,v2lineFull0c.bmp,Full,1,1249,1,86
5,5,v2lineFull5b.bmp,Full,2,3532,1,87
5,3,v2lineSD3h.bmp,SD,2,4184,1,88
5,5,v2lineSmall5d.bmp,Small,4,4952,1,89
5,5,v2lineFull5c.bmp,Full,2,1919,1,90
5,8,v2lineFull8i.bmp,Full,2,795,1,91
5,0,v2lineSD0e.bmp,SD,2,1244,1,92
5,5,v2lineSD5e.bmp,SD,2,2018,1,93
5,0,v2lineSmall0f.bmp,Small,2,2415,1,94
5,0,v2lineFull0e.bmp,Full,1,1386,1,95
5,5,v2lineSD5i.bmp,SD,2,2999,1,96
5,3,v2lineFull3h.bmp,Full,2,1596,1,97
5,5,v2lineFull5h.bmp,Full,2,1084,1,98
5,3,v2lineFull3e.bmp,Full,2,640,1,99
5,0,v2lineSD0f.bmp,SD,2,676,1,100
5,8,v2lineSmall8h.bmp,Small,4,3907,1,101
5,3,v2lineFull3a.bmp,Full,2,1368,1,102
5,8,v2lineSmall8i.bmp,Small,3,1522,1,103
5,3,v2lineSD3b.bmp,SD,2,1955,1,104
5,8,v2lineFull8g.bmp,Full,3,2568,1,105
5,0,v2lineSmall0g.bmp,Small,2,1569,1,106
5,8,v2lineSmall8c.bmp,Small,4,2224,1,107
5,8,v2lineSmall8e.bmp,Small,4,2563,1,108
5,0,v2lineFull0d.bmp,Full,1,2909,1,109
5,5,v2lineFull5a.bmp,Full,2,775,1,110
5,8,v2lineSD8i.bmp,SD,3,4373,1,111
5,0,v2lineFull0b.bmp,Full,1,923,1,112
5,8,v2lineSmall8g.bmp,Small,4,2202,1,113
5,8,v2lineSD8d.bmp,SD,4,2979,1,114
5,5,v2lineSD5c.bmp,SD,3,3518,1,115
5,0,v2lineSD0b.bmp,SD,2,759,1,116
5,5,v2lineSmall5b.bmp,Small,3,3102,1,117
5,8,v2lineSD8j.bmp,SD,4,2868,1,118
5,0,v2lineSD0a.bmp,SD,1,1006,1,119
5,3,v2lineSmall3g.bmp,Small,2,4929,1,120
5,5,v2lineSD5c.bmp,SD,3,4952,2,121
5,3,v2lineFull3e.bmp,Full,2,1168,2,122
5,0,v2lineSD0d.bmp,SD,2,613,2,123
5,0,v2lineSD0g.bmp,SD,2,487,2,124
5,3,v2lineSD3i.bmp,SD,3,5763,2,125
5,5,v2lineSD5e.bmp,SD,3,3101,2,126
5,3,v2lineSD3g.bmp,SD,3,900,2,127
5,8,v2lineSmall8a.bmp,Small,4,2264,2,128
5,8,v2lineSmall8b.bmp,Small,4,1285,2,129
5,8,v2lineFull8f.bmp,Full,2,1173,2,130
5,3,v2lineSmall3d.bmp,Small,2,1930,2,131
5,0,v2lineFull0j.bmp,Full,1,1160,2,132
5,0,v2lineSmall0a.bmp,Small,2,753,2,133
5,0,v2lineFull0h.bmp,Full,1,1040,2,134
5,5,v2lineFull5f.bmp,Full,2,842,2,135
5,8,v2lineSD8d.bmp,SD,3,1234,2,136
5,3,v2lineSD3j.bmp,SD,2,2019,2,137
5,5,v2lineSmall5e.bmp,Small,4,2049,2,138
5,8,v2lineFull8g.bmp,Full,2,1382,2,139
5,3,v2lineSD3b.bmp,SD,2,2833,2,140
5,0,v2lineSD0b.bmp,SD,1,1821,2,141
5,3,v2lineFull3j.bmp,Full,2,1551,2,142
5,8,v2lineSmall8c.bmp,Small,4,3171,2,143
5,0,v2lineFull0g.bmp,Full,2,633,2,144
5,8,v2lineSmall8j.bmp,Small,4,2762,2,145
5,8,v2lineFull8i.bmp,Full,2,1489,2,146
5,3,v2lineFull3a.bmp,Full,2,642,2,147
5,3,v2lineSD3h.bmp,SD,2,2353,2,148
5,3,v2lineSmall3c.bmp,Small,2,4981,2,149
5,5,v2lineFull5e.bmp,Full,2,830,2,150
5,8,v2lineSmall8h.bmp,Small,2,1567,2,151
5,5,v2lineSmall5f.bmp,Small,2,4016,2,152
5,5,v2lineFull5g.bmp,Full,2,815,2,153
5,0,v2lineFull0d.bmp,Full,2,2189,2,154
5,8,v2lineFull8j.bmp,Full,2,1270,2,155
5,0,v2lineSD0h.bmp,SD,2,818,2,156
5,5,v2lineSmall5b.bmp,Small,3,2070,2,157
5,5,v2lineFull5j.bmp,Full,2,1076,2,158
5,5,v2lineSmall5j.bmp,Small,4,1668,2,159
5,5,v2lineSD5a.bmp,SD,4,1952,2,160
5,3,v2lineFull3i.bmp,Full,2,1300,2,161
5,0,v2lineSD0a.bmp,SD,2,483,2,162
5,0,v2lineSD0i.bmp,SD,2,412,2,163
5,8,v2lineSD8f.bmp,SD,4,1718,2,164
5,0,v2lineSmall0c.bmp,Small,2,1867,2,165
5,0,v2lineFull0e.bmp,Full,2,775,2,166
5,3,v2lineFull3b.bmp,Full,2,570,2,167
5,5,v2lineSmall5c.bmp,Small,3,1953,2,168
5,8,v2lineSD8g.bmp,SD,4,1348,2,169
5,8,v2lineSD8a.bmp,SD,4,1411,2,170
5,8,v2lineSmall8e.bmp,Small,4,3182,2,171
5,0,v2lineSmall0i.bmp,Small,2,1371,2,172
5,5,v2lineSD5f.bmp,SD,3,3445,2,173
5,0,v2lineSD0c.bmp,SD,2,1172,2,174
5,8,v2lineSD8b.bmp,SD,3,855,2,175
5,5,v2lineFull5c.bmp,Full,2,1457,2,176
5,8,v2lineSD8j.bmp,SD,4,2271,2,177
5,8,v2lineFull8h.bmp,Full,2,993,2,178
5,5,v2lineSmall5d.bmp,Small,3,2825,2,179
5,3,v2lineSD3d.bmp,SD,3,7248,2,180
5,3,v2lineSmall3j.bmp,Small,3,4059,2,181
5,8,v2lineFull8c.bmp,Full,2,1013,2,182
5,5,v2lineSD5h.bmp,SD,3,4353,2,183
5,0,v2lineFull0b.bmp,Full,2,670,2,184
5,3,v2lineSmall3f.bmp,Small,3,2571,2,185
5,5,v2lineSD5d.bmp,SD,3,1613,2,186
5,5,v2lineSmall5h.bmp,Small,3,1660,2,187
5,3,v2lineFull3g.bmp,Full,2,1173,2,188
5,5,v2lineSD5g.bmp,SD,3,2405,2,189
5,3,v2lineSmall3h.bmp,Small,3,1231,2,190
5,8,v2lineSmall8g.bmp,Small,3,667,2,191
5,3,v2lineSmall3i.bmp,Small,2,1809,2,192
5,3,v2lineSD3a.bmp,SD,2,709,2,193
5,8,v2lineSD8c.bmp,SD,3,1365,2,194
5,0,v2lineSmall0h.bmp,Small,2,771,2,195
5,3,v2lineSmall3e.bmp,Small,3,2564,2,196
5,3,v2lineSD3c.bmp,SD,2,2097,2,197
5,8,v2lineSD8i.bmp,SD,3,3622,2,198
5,5,v2lineSD5b.bmp,SD,2,2451,2,199
5,5,v2lineSmall5a.bmp,Small,3,2982,2,200
5,3,v2lineFull3h.bmp,Full,2,834,2,201
5,0,v2lineFull0f.bmp,Full,2,678,2,202
5,8,v2lineSmall8d.bmp,Small,3,1136,2,203
5,0,v2lineSmall0b.bmp,Small,2,1800,2,204
5,8,v2lineFull8e.bmp,Full,2,581,2,205
5,5,v2lineSD5i.bmp,SD,3,2173,2,206
5,0,v2lineFull0a.bmp,Full,1,1287,2,207
5,0,v2lineSmall0f.bmp,Small,2,834,2,208
5,0,v2lineSD0j.bmp,SD,2,888,2,209
5,3,v2lineFull3c.bmp,Full,2,694,2,210
5,8,v2lineSmall8f.bmp,Small,3,3367,2,211
5,5,v2lineSmall5i.bmp,Small,4,2549,2,212
5,0,v2lineFull0i.bmp,Full,2,727,2,213
5,8,v2lineSD8e.bmp,SD,3,1964,2,214
5,5,v2lineSmall5g.bmp,Small,4,1832,2,215
5,0,v2lineSmall0e.bmp,Small,2,1462,2,216
5,3,v2lineFull3d.bmp,Full,2,769,2,217
5,3,v2lineSmall3a.bmp,Small,2,1645,2,218
5,0,v2lineSD0e.bmp,SD,2,1914,2,219
5,0,v2lineSmall0g.bmp,Small,2,1285,2,220
5,5,v2lineFull5d.bmp,Full,2,499,2,221
5,8,v2lineSmall8i.bmp,Small,3,1730,2,222
5,3,v2lineSmall3g.bmp,Small,3,1663,2,223
5,5,v2lineFull5a.bmp,Full,2,1099,2,224
5,8,v2lineFull8d.bmp,Full,2,593,2,225
5,3,v2lineFull3f.bmp,Full,2,457,2,226
5,5,v2lineFull5i.bmp,Full,2,361,2,227
5,0,v2lineSD0f.bmp,SD,2,519,2,228
5,3,v2lineSD3e.bmp,SD,2,307,2,229
5,8,v2lineFull8a.bmp,Full,2,871,2,230
5,0,v2lineSmall0j.bmp,Small,2,1092,2,231
5,0,v2lineSmall0d.bmp,Small,2,2438,2,232
5,0,v2lineFull0c.bmp,Full,2,713,2,233
5,3,v2lineSD3f.bmp,SD,3,3690,2,234
5,8,v2lineSD8h.bmp,SD,3,4395,2,235
5,8,v2lineFull8b.bmp,Full,2,950,2,236
5,5,v2lineFull5h.bmp,Full,2,861,2,237
5,5,v2lineSD5j.bmp,SD,3,1108,2,238
5,3,v2lineSmall3b.bmp,Small,2,2645,2,239
5,5,v2lineFull5b.bmp,Full,2,1079,2,240
5,8,v2lineFull8i.bmp,Full,2,707,3,241
5,3,v2lineSmall3f.bmp,Small,2,1807,3,242
5,8,v2lineSmall8i.bmp,Small,4,2202,3,243
5,0,v2lineSD0b.bmp,SD,2,887,3,244
5,5,v2lineSmall5h.bmp,Small,4,1608,3,245
5,3,v2lineFull3a.bmp,Full,2,548,3,246
5,5,v2lineSmall5j.bmp,Small,3,1583,3,247
5,8,v2lineSmall8j.bmp,Small,4,2115,3,248
5,8,v2lineSD8e.bmp,SD,4,2600,3,249
5,8,v2lineSmall8h.bmp,Small,4,1191,3,250
5,5,v2lineSmall5a.bmp,Small,3,1482,3,251
5,3,v2lineFull3c.bmp,Full,2,1095,3,252
5,8,v2lineSmall8d.bmp,Small,4,1300,3,253
5,0,v2lineSmall0j.bmp,Small,2,601,3,254
5,5,v2lineSmall5g.bmp,Small,3,1809,3,255
5,3,v2lineFull3b.bmp,Full,2,721,3,256
5,8,v2lineSD8j.bmp,SD,4,1674,3,257
5,0,v2lineSmall0e.bmp,Small,2,762,3,258
5,0,v2lineFull0h.bmp,Full,1,1006,3,259
5,5,v2lineSD5d.bmp,SD,2,1817,3,260
5,8,v2lineSD8d.bmp,SD,3,2430,3,261
5,3,v2lineSmall3c.bmp,Small,3,2020,3,262
5,0,v2lineFull0i.bmp,Full,1,1754,3,263
5,8,v2lineSD8i.bmp,SD,3,3736,3,264
5,3,v2lineSD3h.bmp,SD,2,2467,3,265
5,0,v2lineSD0c.bmp,SD,2,943,3,266
5,5,v2lineSD5f.bmp,SD,3,3067,3,267
5,3,v2lineSD3f.bmp,SD,3,605,3,268
5,5,v2lineSD5c.bmp,SD,3,1100,3,269
5,8,v2lineSD8b.bmp,SD,4,1355,3,270
5,0,v2lineSmall0a.bmp,Small,2,594,3,271
5,3,v2lineSD3b.bmp,SD,2,523,3,272
5,3,v2lineFull3e.bmp,Full,2,706,3,273
5,5,v2lineSmall5e.bmp,Small,4,1078,3,274
5,8,v2lineSD8h.bmp,SD,4,1411,3,275
5,0,v2lineSD0j.bmp,SD,1,975,3,276
5,8,v2lineSD8c.bmp,SD,4,1694,3,277
5,0,v2lineSD0g.bmp,SD,2,1078,3,278
5,3,v2lineSmall3j.bmp,Small,3,1067,3,279
5,3,v2lineSmall3b.bmp,Small,3,1643,3,280
5,0,v2lineSmall0h.bmp,Small,2,1090,3,281
5,0,v2lineSmall0g.bmp,Small,2,665,3,282
5,8,v2lineFull8g.bmp,Full,2,575,3,283
5,3,v2lineSD3g.bmp,SD,2,1357,3,284
5,3,v2lineSmall3g.bmp,Small,2,1390,3,285
5,0,v2lineSmall0b.bmp,Small,2,864,3,286
5,8,v2lineFull8e.bmp,Full,2,1464,3,287
5,8,v2lineSD8f.bmp,SD,3,1687,3,288
5,5,v2lineSmall5b.bmp,Small,4,1815,3,289
5,0,v2lineFull0c.bmp,Full,1,764,3,290
5,5,v2lineFull5a.bmp,Full,2,679,3,291
5,3,v2lineFull3i.bmp,Full,2,439,3,292
5,3,v2lineSD3j.bmp,SD,2,1058,3,293
5,0,v2lineSmall0c.bmp,Small,2,620,3,294
5,5,v2lineSmall5c.bmp,Small,4,1340,3,295
5,5,v2lineFull5i.bmp,Full,2,577,3,296
5,0,v2lineSmall0i.bmp,Small,2,703,3,297
5,8,v2lineSmall8g.bmp,Small,4,1063,3,298
5,3,v2lineFull3f.bmp,Full,2,578,3,299
5,5,v2lineFull5c.bmp,Full,2,599,3,300
5,3,v2lineSD3a.bmp,SD,3,922,3,301
5,8,v2lineFull8d.bmp,Full,2,850,3,302
5,3,v2lineSmall3e.bmp,Small,3,1311,3,303
5,8,v2lineSmall8a.bmp,Small,4,1140,3,304
5,8,v2lineFull8a.bmp,Full,2,769,3,305
5,5,v2lineSD5g.bmp,SD,3,1602,3,306
5,0,v2lineSD0i.bmp,SD,2,642,3,307
5,5,v2lineFull5h.bmp,Full,2,582,3,308
5,5,v2lineFull5d.bmp,Full,2,599,3,309
5,5,v2lineSD5b.bmp,SD,3,2021,3,310
5,5,v2lineSD5e.bmp,SD,3,1059,3,311
5,8,v2lineFull8f.bmp,Full,2,824,3,312
5,8,v2lineFull8b.bmp,Full,2,777,3,313
5,5,v2lineFull5f.bmp,Full,2,653,3,314
5,5,v2lineSD5h.bmp,SD,2,2197,3,315
5,8,v2lineFull8c.bmp,Full,2,553,3,316
5,0,v2lineFull0a.bmp,Full,1,1032,3,317
5,5,v2lineSD5a.bmp,SD,4,1937,3,318
5,0,v2lineFull0b.bmp,Full,1,720,3,319
5,5,v2lineSmall5d.bmp,Small,4,1145,3,320
5,8,v2lineFull8h.bmp,Full,2,825,3,321
5,3,v2lineSD3i.bmp,SD,3,2073,3,322
5,0,v2lineSD0a.bmp,SD,1,830,3,323
5,0,v2lineFull0g.bmp,Full,1,608,3,324
5,5,v2lineFull5b.bmp,Full,2,498,3,325
5,3,v2lineSmall3d.bmp,Small,3,1304,3,326
5,3,v2lineFull3d.bmp,Full,2,1275,3,327
5,3,v2lineSmall3a.bmp,Small,2,1149,3,328
5,3,v2lineFull3g.bmp,Full,2,754,3,329
5,0,v2lineSD0f.bmp,SD,2,462,3,330
5,5,v2lineSD5i.bmp,SD,2,623,3,331
5,3,v2lineFull3h.bmp,Full,2,557,3,332
5,3,v2lineFull3j.bmp,Full,2,511,3,333
5,0,v2lineSD0e.bmp,SD,2,557,3,334
5,0,v2lineSmall0f.bmp,Small,2,1075,3,335
5,0,v2lineFull0d.bmp,Full,2,578,3,336
5,5,v2lineSmall5i.bmp,Small,4,1186,3,337
5,0,v2lineSD0d.bmp,SD,2,1013,3,338
5,0,v2lineSmall0d.bmp,Small,2,1329,3,339
5,0,v2lineFull0e.bmp,Full,2,1240,3,340
5,8,v2lineSmall8e.bmp,Small,3,2508,3,341
5,8,v2lineSmall8f.bmp,Small,4,1364,3,342
5,5,v2lineFull5e.bmp,Full,2,583,3,343
5,3,v2lineSmall3i.bmp,Small,2,1581,3,344
5,5,v2lineFull5j.bmp,Full,2,550,3,345
5,0,v2lineSD0h.bmp,SD,2,466,3,346
5,3,v2lineSD3d.bmp,SD,2,784,3,347
5,8,v2lineSmall8c.bmp,Small,3,1927,3,348
5,8,v2lineSD8g.bmp,SD,3,1267,3,349
5,5,v2lineSmall5f.bmp,Small,3,2663,3,350
5,3,v2lineSD3c.bmp,SD,3,804,3,351
5,5,v2lineFull5g.bmp,Full,2,628,3,352
5,0,v2lineFull0j.bmp,Full,2,496,3,353
5,3,v2lineSmall3h.bmp,Small,2,1412,3,354
5,8,v2lineFull8j.bmp,Full,2,566,3,355
5,8,v2lineSD8a.bmp,SD,4,1328,3,356
5,0,v2lineFull0f.bmp,Full,2,565,3,357
5,5,v2lineSD5j.bmp,SD,3,1254,3,358
5,8,v2lineSmall8b.bmp,Small,3,2137,3,359
5,3,v2lineSD3e.bmp,SD,3,1479,3,360
5,8,v2lineFull8e.bmp,Full,2,665,4,361
5,8,v2lineSD8d.bmp,SD,4,1102,4,362
5,3,v2lineSmall3e.bmp,Small,4,1020,4,363
5,8,v2lineFull8h.bmp,Full,2,688,4,364
5,8,v2lineSmall8g.bmp,Small,4,1521,4,365
5,0,v2lineSmall0a.bmp,Small,2,1031,4,366
5,8,v2lineFull8c.bmp,Full,2,444,4,367
5,0,v2lineSmall0b.bmp,Small,2,492,4,368
5,3,v2lineSD3e.bmp,SD,2,1295,4,369
5,8,v2lineFull8i.bmp,Full,2,599,4,370
5,5,v2lineSmall5j.bmp,Small,4,934,4,371
5,8,v2lineSmall8f.bmp,Small,4,1364,4,372
5,5,v2lineSD5d.bmp,SD,2,1510,4,373
5,3,v2lineSD3b.bmp,SD,3,1411,4,374
5,5,v2lineSmall5d.bmp,Small,4,952,4,375
5,8,v2lineSmall8j.bmp,Small,4,2113,4,376
5,5,v2lineSD5i.bmp,SD,3,2487,4,377
5,8,v2lineSmall8a.bmp,Small,4,1019,4,378
5,0,v2lineSD0d.bmp,SD,2,1063,4,379
5,3,v2lineFull3g.bmp,Full,2,540,4,380
5,8,v2lineSD8a.bmp,SD,2,2227,4,381
5,0,v2lineSD0a.bmp,SD,2,836,4,382
5,8,v2lineFull8g.bmp,Full,2,799,4,383
5,8,v2lineFull8f.bmp,Full,2,516,4,384
5,5,v2lineSmall5c.bmp,Small,3,1354,4,385
5,3,v2lineFull3h.bmp,Full,2,594,4,386
5,5,v2lineSmall5e.bmp,Small,4,2029,4,387
5,5,v2lineSD5j.bmp,SD,3,1332,4,388
5,3,v2lineSD3c.bmp,SD,3,2685,4,389
5,3,v2lineSmall3h.bmp,Small,2,1864,4,390
5,3,v2lineSmall3c.bmp,Small,2,2369,4,391
5,5,v2lineFull5c.bmp,Full,2,396,4,392
5,0,v2lineSD0h.bmp,SD,2,535,4,393
5,8,v2lineSmall8b.bmp,Small,4,1299,4,394
5,5,v2lineFull5d.bmp,Full,2,662,4,395
5,0,v2lineFull0h.bmp,Full,1,715,4,396
5,3,v2lineSD3f.bmp,SD,3,1698,4,397
5,3,v2lineSD3i.bmp,SD,2,1588,4,398
5,8,v2lineFull8j.bmp,Full,2,675,4,399
5,3,v2lineSD3j.bmp,SD,3,1041,4,400
5,3,v2lineSmall3b.bmp,Small,3,2183,4,401
5,0,v2lineSmall0f.bmp,Small,2,816,4,402
5,0,v2lineSD0b.bmp,SD,2,485,4,403
5,5,v2lineSD5g.bmp,SD,2,775,4,404
5,5,v2lineSmall5h.bmp,Small,4,1049,4,405
5,3,v2lineFull3c.bmp,Full,2,646,4,406
5,3,v2lineFull3f.bmp,Full,2,573,4,407
5,3,v2lineFull3d.bmp,Full,2,408,4,408
5,3,v2lineSD3a.bmp,SD,2,1056,4,409
5,8,v2lineSD8i.bmp,SD,3,1409,4,410
5,0,v2lineSmall0e.bmp,Small,3,858,4,411
5,3,v2lineSmall3j.bmp,Small,3,1073,4,412
5,5,v2lineSmall5i.bmp,Small,4,1231,4,413
5,3,v2lineSD3h.bmp,SD,2,790,4,414
5,0,v2lineFull0e.bmp,Full,2,508,4,415
5,0,v2lineSmall0d.bmp,Small,2,420,4,416
5,8,v2lineSD8h.bmp,SD,3,1689,4,417
5,8,v2lineSmall8e.bmp,Small,4,1863,4,418
5,3,v2lineSmall3i.bmp,Small,3,1425,4,419
5,5,v2lineSD5h.bmp,SD,3,1609,4,420
5,8,v2lineFull8d.bmp,Full,2,2190,4,421
5,5,v2lineSmall5g.bmp,Small,4,1064,4,422
5,5,v2lineSD5b.bmp,SD,2,847,4,423
5,0,v2lineSD0c.bmp,SD,2,896,4,424
5,8,v2lineSD8g.bmp,SD,2,286,4,425
5,8,v2lineSmall8h.bmp,Small,2,909,4,426
5,3,v2lineFull3i.bmp,Full,2,756,4,427
5,5,v2lineFull5f.bmp,Full,2,353,4,428
5,0,v2lineSD0g.bmp,SD,2,236,4,429
5,0,v2lineSD0i.bmp,SD,2,403,4,430
5,5,v2lineFull5g.bmp,Full,2,362,4,431
5,3,v2lineSmall3g.bmp,Small,2,1209,4,432
5,0,v2lineSmall0g.bmp,Small,2,584,4,433
5,8,v2lineSD8e.bmp,SD,4,1164,4,434
5,0,v2lineFull0i.bmp,Full,2,486,4,435
5,0,v2lineFull0f.bmp,Full,2,419,4,436
5,5,v2lineFull5b.bmp,Full,2,350,4,437
5,0,v2lineSmall0h.bmp,Small,2,623,4,438
5,8,v2lineSmall8d.bmp,Small,3,1412,4,439
5,0,v2lineFull0j.bmp,Full,2,516,4,440
5,5,v2lineSD5c.bmp,SD,2,450,4,441
5,0,v2lineSmall0i.bmp,Small,2,842,4,442
5,0,v2lineFull0c.bmp,Full,1,1112,4,443
5,3,v2lineFull3a.bmp,Full,2,925,4,444
5,0,v2lineFull0d.bmp,Full,2,479,4,445
5,5,v2lineFull5i.bmp,Full,2,476,4,446
5,8,v2lineFull8b.bmp,Full,2,404,4,447
5,3,v2lineSD3d.bmp,SD,2,1014,4,448
5,8,v2lineSD8b.bmp,SD,4,1299,4,449
5,8,v2lineSD8c.bmp,SD,4,1405,4,450
5,5,v2lineSmall5b.bmp,Small,4,1338,4,451
5,5,v2lineSD5f.bmp,SD,2,820,4,452
5,8,v2lineSmall8c.bmp,Small,3,1094,4,453
5,0,v2lineFull0b.bmp,Full,2,591,4,454
5,5,v2lineFull5e.bmp,Full,2,616,4,455
5,5,v2lineFull5h.bmp,Full,2,692,4,456
5,8,v2lineSmall8i.bmp,Small,2,245,4,457
5,5,v2lineFull5a.bmp,Full,2,618,4,458
5,8,v2lineSD8j.bmp,SD,4,1357,4,459
5,5,v2lineSD5e.bmp,SD,3,1010,4,460
5,5,v2lineSD5a.bmp,SD,3,1194,4,461
5,8,v2lineSD8f.bmp,SD,3,1190,4,462
5,0,v2lineSD0j.bmp,SD,2,1634,4,463
5,3,v2lineFull3b.bmp,Full,2,283,4,464
5,0,v2lineSmall0j.bmp,Small,2,79,4,465
5,0,v2lineSD0f.bmp,SD,2,255,4,466
5,0,v2lineFull0g.bmp,Full,2,135,4,467
5,5,v2lineSmall5a.bmp,Small,2,209,4,468
5,3,v2lineSD3g.bmp,SD,2,1047,4,469
5,3,v2lineFull3e.bmp,Full,2,429,4,470
5,5,v2lineSmall5f.bmp,Small,2,953,4,471
5,0,v2lineSD0e.bmp,SD,2,545,4,472
5,0,v2lineSmall0c.bmp,Small,2,512,4,473
5,8,v2lineFull8a.bmp,Full,2,392,4,474
5,3,v2lineSmall3d.bmp,Small,2,249,4,475
5,3,v2lineFull3j.bmp,Full,2,427,4,476
5,5,v2lineFull5j.bmp,Full,2,450,4,477
5,0,v2lineFull0a.bmp,Full,2,420,4,478
5,3,v2lineSmall3f.bmp,Small,2,1010,4,479
5,3,v2lineSmall3a.bmp,Small,2,2649,4,480
6,0,v2lineSD0c.bmp,SD,1,7957,1,1
6,8,v2lineFull8h.bmp,Full,3,7768,1,2
6,8,v2lineFull8c.bmp,Full,2,6187,1,3
6,3,v2lineFull3a.bmp,Full,2,2309,1,4
6,0,v2lineSD0f.bmp,SD,2,5441,1,5
6,5,v2lineFull5d.bmp,Full,3,4609,1,6
6,8,v2lineSmall8e.bmp,Small,4,2226,1,7
6,5,v2lineSmall5d.bmp,Small,4,1544,1,8
6,0,v2lineFull0c.bmp,Full,1,1122,1,9
6,8,v2lineSD8c.bmp,SD,4,1261,1,10
6,0,v2lineSmall0c.bmp,Small,1,6954,1,11
6,8,v2lineFull8f.bmp,Full,2,3278,1,12
6,3,v2lineSmall3a.bmp,Small,1,6091,1,13
6,0,v2lineSD0i.bmp,SD,2,3425,1,14
6,3,v2lineFull3h.bmp,Full,2,3024,1,15
6,3,v2lineSmall3b.bmp,Small,2,5335,1,16
6,5,v2lineSmall5a.bmp,Small,2,3779,1,17
6,5,v2lineFull5i.bmp,Full,3,5637,1,18
6,0,v2lineSD0e.bmp,SD,2,2252,1,19
6,0,v2lineFull0a.bmp,Full,1,1962,1,20
6,0,v2lineFull0i.bmp,Full,1,1212,1,21
6,3,v2lineSD3b.bmp,SD,2,2930,1,22
6,8,v2lineSD8f.bmp,SD,2,5341,1,23
6,5,v2lineSD5h.bmp,SD,2,4641,1,24
6,0,v2lineSD0a.bmp,SD,1,1192,1,25
6,8,v2lineFull8g.bmp,Full,2,4880,1,26
6,0,v2lineFull0d.bmp,Full,1,790,1,27
6,5,v2lineFull5j.bmp,Full,2,3582,1,28
6,3,v2lineFull3f.bmp,Full,2,3127,1,29
6,8,v2lineSmall8a.bmp,Small,3,4601,1,30
6,8,v2lineFull8a.bmp,Full,2,5050,1,31
6,3,v2lineSmall3j.bmp,Small,3,8305,1,32
6,8,v2lineSmall8c.bmp,Small,3,3295,1,33
6,5,v2lineSmall5f.bmp,Small,2,3548,1,34
6,5,v2lineFull5g.bmp,Full,2,2373,1,35
6,5,v2lineSmall5j.bmp,Small,2,3086,1,36
6,8,v2lineSmall8i.bmp,Small,2,2283,1,37
6,3,v2lineSD3c.bmp,SD,2,4576,1,38
6,5,v2lineFull5a.bmp,Full,2,2274,1,39
6,0,v2lineFull0e.bmp,Full,1,1495,1,40
6,3,v2lineSmall3i.bmp,Small,2,1619,1,41
6,3,v2lineFull3g.bmp,Full,1,2362,1,42
6,8,v2lineSD8a.bmp,SD,3,4020,1,43
6,8,v2lineFull8j.bmp,Full,2,6315,1,44
6,3,v2lineFull3c.bmp,Full,1,2631,1,45
6,0,v2lineFull0j.bmp,Full,1,1430,1,46
6,0,v2lineFull0b.bmp,Full,1,1781,1,47
6,8,v2lineFull8b.bmp,Full,2,2558,1,48
6,3,v2lineSmall3g.bmp,Small,2,2816,1,49
6,0,v2lineSmall0i.bmp,Small,2,6895,1,50
6,3,v2lineSmall3f.bmp,Small,2,7885,1,51
6,8,v2lineSD8h.bmp,SD,3,3339,1,52
6,8,v2lineFull8d.bmp,Full,3,5350,1,53
6,8,v2lineFull8i.bmp,Full,3,2041,1,54
6,5,v2lineSD5a.bmp,SD,2,2911,1,55
6,3,v2lineSD3f.bmp,SD,2,4755,1,56
6,3,v2lineSmall3h.bmp,Small,2,4901,1,57
6,8,v2lineSmall8b.bmp,Small,3,2082,1,58
6,8,v2lineSD8e.bmp,SD,3,3710,1,59
6,5,v2lineFull5h.bmp,Full,2,1875,1,60
6,5,v2lineSD5e.bmp,SD,2,2752,1,61
6,0,v2lineSmall0d.bmp,Small,2,3106,1,62
6,3,v2lineSD3e.bmp,SD,2,2606,1,63
6,3,v2lineSmall3d.bmp,Small,2,6909,1,64
6,5,v2lineFull5c.bmp,Full,2,1059,1,65
6,0,v2lineSmall0e.bmp,Small,2,1016,1,66
6,0,v2lineSmall0f.bmp,Small,1,7679,1,67
6,5,v2lineSmall5i.bmp,Small,3,3126,1,68
6,3,v2lineFull3i.bmp,Full,2,4465,1,69
6,3,v2lineSmall3c.bmp,Small,2,3231,1,70
6,0,v2lineSD0j.bmp,SD,1,1477,1,71
6,3,v2lineSD3j.bmp,SD,2,3266,1,72
6,8,v2lineSD8g.bmp,SD,3,2128,1,73
6,8,v2lineSmall8d.bmp,Small,3,2147,1,74
6,8,v2lineSD8d.bmp,SD,3,5797,1,75
6,5,v2lineSD5b.bmp,SD,3,2342,1,76
6,0,v2lineSmall0g.bmp,Small,1,3001,1,77
6,0,v2lineSmall0b.bmp,Small,1,1841,1,78
6,5,v2lineSmall5g.bmp,Small,2,2222,1,79
6,5,v2lineFull5e.bmp,Full,3,11038,1,80
6,3,v2lineFull3e.bmp,Full,2,4647,1,81
6,8,v2lineFull8e.bmp,Full,2,3214,1,82
6,3,v2lineSD3i.bmp,SD,2,3878,1,83
6,5,v2lineSD5c.bmp,SD,3,3746,1,84
6,8,v2lineSmall8g.bmp,Small,3,1709,1,85
6,8,v2lineSmall8f.bmp,Small,3,1280,1,86
6,5,v2lineSD5i.bmp,SD,3,3813,1,87
6,5,v2lineSD5g.bmp,SD,3,3486,1,88
6,5,v2lineSmall5b.bmp,Small,3,3971,1,89
6,8,v2lineSD8i.bmp,SD,3,3388,1,90
6,0,v2lineFull0g.bmp,Full,1,1629,1,91
6,5,v2lineSmall5c.bmp,Small,3,2284,1,92
6,0,v2lineSmall0h.bmp,Small,2,2072,1,93
6,3,v2lineSD3a.bmp,SD,2,5349,1,94
6,0,v2lineFull0f.bmp,Full,1,1440,1,95
6,0,v2lineFull0h.bmp,Full,1,854,1,96
6,5,v2lineSmall5h.bmp,Small,3,4675,1,97
6,5,v2lineSmall5e.bmp,Small,3,1937,1,98
6,0,v2lineSD0b.bmp,SD,1,1268,1,99
6,3,v2lineSmall3e.bmp,Small,2,3281,1,100
6,8,v2lineSmall8j.bmp,Small,3,2014,1,101
6,3,v2lineSD3h.bmp,SD,2,5492,1,102
6,0,v2lineSmall0j.bmp,Small,2,1026,1,103
6,0,v2lineSD0h.bmp,SD,1,1345,1,104
6,5,v2lineSD5d.bmp,SD,3,6683,1,105
6,5,v2lineSD5f.bmp,SD,3,3537,1,106
6,5,v2lineFull5b.bmp,Full,2,1708,1,107
6,3,v2lineSD3d.bmp,SD,2,3104,1,108
6,0,v2lineSD0g.bmp,SD,1,1612,1,109
6,0,v2lineSmall0a.bmp,Small,1,4402,1,110
6,8,v2lineSmall8h.bmp,Small,4,2859,1,111
6,3,v2lineFull3b.bmp,Full,3,2177,1,112
6,3,v2lineSD3g.bmp,SD,2,4178,1,113
6,5,v2lineFull5f.bmp,Full,3,4148,1,114
6,0,v2lineSD0d.bmp,SD,1,1023,1,115
6,3,v2lineFull3j.bmp,Full,2,2229,1,116
6,5,v2lineSD5j.bmp,SD,2,3261,1,117
6,8,v2lineSD8j.bmp,SD,3,1890,1,118
6,8,v2lineSD8b.bmp,SD,4,3958,1,119
6,3,v2lineFull3d.bmp,Full,2,2897,1,120
6,5,v2lineSD5b.bmp,SD,2,5413,2,121
6,3,v2lineSD3i.bmp,SD,2,5822,2,122
6,8,v2lineFull8f.bmp,Full,3,7053,2,123
6,3,v2lineFull3c.bmp,Full,3,1029,2,124
6,8,v2lineSD8g.bmp,SD,3,5411,2,125
6,0,v2lineSmall0b.bmp,Small,1,1660,2,126
6,8,v2lineSD8a.bmp,SD,3,5810,2,127
6,8,v2lineSmall8f.bmp,Small,4,2803,2,128
6,3,v2lineFull3a.bmp,Full,1,1955,2,129
6,3,v2lineFull3g.bmp,Full,1,653,2,130
6,0,v2lineSD0g.bmp,SD,1,882,2,131
6,3,v2lineSmall3c.bmp,Small,2,4813,2,132
6,5,v2lineFull5a.bmp,Full,3,10653,2,133
6,5,v2lineSmall5b.bmp,Small,2,3622,2,134
6,5,v2lineFull5i.bmp,Full,3,5822,2,135
6,8,v2lineSD8f.bmp,SD,2,4598,2,136
6,8,v2lineSD8j.bmp,SD,2,12158,2,137
6,8,v2lineFull8d.bmp,Full,3,2756,2,138
6,0,v2lineFull0g.bmp,Full,1,1382,2,139
6,5,v2lineSmall5e.bmp,Small,2,2950,2,140
6,3,v2lineFull3b.bmp,Full,2,2000,2,141
6,3,v2lineFull3h.bmp,Full,2,1216,2,142
6,0,v2lineFull0b.bmp,Full,1,1030,2,143
6,3,v2lineSD3a.bmp,SD,3,5292,2,144
6,5,v2lineFull5d.bmp,Full,2,4386,2,145
6,5,v2lineFull5f.bmp,Full,2,1243,2,146
6,5,v2lineFull5b.bmp,Full,2,2273,2,147
6,8,v2lineFull8i.bmp,Full,2,4438,2,148
6,8,v2lineFull8c.bmp,Full,2,2110,2,149
6,8,v2lineFull8e.bmp,Full,2,554,2,150
6,8,v2lineSmall8b.bmp,Small,2,4139,2,151
6,0,v2lineSD0a.bmp,SD,1,2517,2,152
6,0,v2lineSD0d.bmp,SD,2,3448,2,153
6,5,v2lineSD5d.bmp,SD,3,2663,2,154
6,0,v2lineFull0i.bmp,Full,1,1405,2,155
6,0,v2lineFull0c.bmp,Full,1,644,2,156
6,0,v2lineSmall0d.bmp,Small,2,2442,2,157
6,0,v2lineSmall0g.bmp,Small,1,3953,2,158
6,3,v2lineSD3j.bmp,SD,2,3139,2,159
6,3,v2lineSmall3i.bmp,Small,3,3245,2,160
6,5,v2lineSmall5d.bmp,Small,3,2580,2,161
6,8,v2lineSmall8d.bmp,Small,4,2189,2,162
6,8,v2lineFull8h.bmp,Full,2,3022,2,163
6,3,v2lineSD3f.bmp,SD,2,2565,2,164
6,8,v2lineSD8h.bmp,SD,4,2390,2,165
6,5,v2lineSmall5f.bmp,Small,2,4495,2,166
6,5,v2lineSD5f.bmp,SD,2,3972,2,167
6,3,v2lineSmall3h.bmp,Small,2,2558,2,168
6,3,v2lineSmall3b.bmp,Small,2,815,2,169
6,5,v2lineSmall5i.bmp,Small,2,902,2,170
6,0,v2lineSmall0e.bmp,Small,1,5857,2,171
6,5,v2lineSmall5c.bmp,Small,4,4024,2,172
6,5,v2lineFull5c.bmp,Full,4,3208,2,173
6,0,v2lineFull0a.bmp,Full,2,4872,2,174
6,0,v2lineSD0f.bmp,SD,2,1622,2,175
6,5,v2lineSmall5g.bmp,Small,2,4044,2,176
6,0,v2lineFull0e.bmp,Full,2,1331,2,177
6,8,v2lineSmall8c.bmp,Small,3,3550,2,178
6,5,v2lineSD5c.bmp,SD,2,6680,2,179
6,0,v2lineSmall0j.bmp,Small,1,4982,2,180
6,0,v2lineSD0c.bmp,SD,1,1880,2,181
6,0,v2lineSD0b.bmp,SD,1,597,2,182
6,3,v2lineSD3d.bmp,SD,2,2308,2,183
6,0,v2lineSD0h.bmp,SD,1,1703,2,184
6,3,v2lineSD3c.bmp,SD,2,3355,2,185
6,5,v2lineSD5h.bmp,SD,2,3885,2,186
6,0,v2lineSD0i.bmp,SD,2,2722,2,187
6,0,v2lineSmall0c.bmp,Small,1,2854,2,188
6,5,v2lineFull5j.bmp,Full,3,6316,2,189
6,8,v2lineSD8e.bmp,SD,3,6431,2,190
6,3,v2lineFull3i.bmp,Full,3,4103,2,191
6,3,v2lineSmall3e.bmp,Small,2,5756,2,192
6,3,v2lineSD3g.bmp,SD,2,1303,2,193
6,8,v2lineSmall8g.bmp,Small,3,2611,2,194
6,5,v2lineFull5h.bmp,Full,3,4203,2,195
6,3,v2lineFull3e.bmp,Full,3,756,2,196
6,0,v2lineSmall0a.bmp,Small,3,566,2,197
6,3,v2lineSD3b.bmp,SD,2,2247,2,198
6,3,v2lineSmall3a.bmp,Small,2,1956,2,199
6,5,v2lineSD5g.bmp,SD,2,2926,2,200
6,3,v2lineSmall3d.bmp,Small,2,2826,2,201
6,5,v2lineSmall5h.bmp,Small,3,1657,2,202
6,8,v2lineSD8i.bmp,SD,3,3975,2,203
6,5,v2lineFull5g.bmp,Full,3,4704,2,204
6,5,v2lineSmall5j.bmp,Small,3,1357,2,205
6,8,v2lineFull8b.bmp,Full,3,1311,2,206
6,5,v2lineSD5j.bmp,SD,2,5689,2,207
6,8,v2lineSmall8a.bmp,Small,4,3047,2,208
6,8,v2lineSmall8e.bmp,Small,4,1382,2,209
6,0,v2lineFull0f.bmp,Full,2,4615,2,210
6,8,v2lineSD8c.bmp,SD,2,31,2,211
6,0,v2lineSD0j.bmp,SD,2,4430,2,212
6,3,v2lineSmall3g.bmp,Small,2,1926,2,213
6,5,v2lineSD5e.bmp,SD,2,2433,2,214
6,3,v2lineSmall3j.bmp,Small,2,1528,2,215
6,0,v2lineFull0j.bmp,Full,1,1514,2,216
6,0,v2lineSD0e.bmp,SD,1,1397,2,217
6,8,v2lineFull8j.bmp,Full,2,1902,2,218
6,5,v2lineSD5i.bmp,SD,2,4098,2,219
6,8,v2lineSmall8i.bmp,Small,3,2599,2,220
6,8,v2lineSmall8j.bmp,Small,3,1608,2,221
6,3,v2lineFull3j.bmp,Full,2,3767,2,222
6,3,v2lineSD3e.bmp,SD,2,3978,2,223
6,0,v2lineFull0h.bmp,Full,1,1340,2,224
6,8,v2lineSmall8h.bmp,Small,4,3205,2,225
6,8,v2lineSD8d.bmp,SD,3,2157,2,226
6,8,v2lineFull8g.bmp,Full,3,2407,2,227
6,0,v2lineSmall0h.bmp,Small,3,3623,2,228
6,5,v2lineSmall5a.bmp,Small,3,5750,2,229
6,0,v2lineSmall0f.bmp,Small,2,2138,2,230
6,8,v2lineFull8a.bmp,Full,3,2573,2,231
6,5,v2lineSD5a.bmp,SD,3,3342,2,232
6,5,v2lineFull5e.bmp,Full,2,4072,2,233
6,3,v2lineFull3f.bmp,Full,1,1198,2,234
6,8,v2lineSD8b.bmp,SD,3,3206,2,235
6,0,v2lineSmall0i.bmp,Small,2,1654,2,236
6,3,v2lineSD3h.bmp,SD,2,5548,2,237
6,3,v2lineSmall3f.bmp,Small,2,1976,2,238
6,3,v2lineFull3d.bmp,Full,3,1553,2,239
6,0,v2lineFull0d.bmp,Full,2,1403,2,240
6,3,v2lineSD3h.bmp,SD,2,1492,3,241
6,5,v2lineSD5e.bmp,SD,2,1167,3,242
6,8,v2lineFull8c.bmp,Full,3,3776,3,243
6,3,v2lineFull3c.bmp,Full,2,2914,3,244
6,3,v2lineFull3a.bmp,Full,2,582,3,245
6,0,v2lineFull0d.bmp,Full,2,1039,3,246
6,3,v2lineSmall3b.bmp,Small,3,5245,3,247
6,3,v2lineSD3c.bmp,SD,2,1564,3,248
6,8,v2lineSmall8d.bmp,Small,4,2086,3,249
6,3,v2lineSmall3f.bmp,Small,3,1955,3,250
6,3,v2lineFull3g.bmp,Full,2,2237,3,251
6,0,v2lineSmall0b.bmp,Small,1,1571,3,252
6,5,v2lineFull5g.bmp,Full,2,1740,3,253
6,3,v2lineFull3b.bmp,Full,2,1406,3,254
6,8,v2lineSmall8c.bmp,Small,3,2982,3,255
6,3,v2lineFull3j.bmp,Full,3,2607,3,256
6,0,v2lineFull0f.bmp,Full,2,1063,3,257
6,5,v2lineFull5d.bmp,Full,2,845,3,258
6,5,v2lineSmall5c.bmp,Small,3,2659,3,259
6,0,v2lineFull0g.bmp,Full,2,1481,3,260
6,0,v2lineSmall0j.bmp,Small,1,1517,3,261
6,8,v2lineSD8e.bmp,SD,2,1753,3,262
6,8,v2lineSD8f.bmp,SD,3,2178,3,263
6,0,v2lineSD0g.bmp,SD,2,3348,3,264
6,5,v2lineFull5j.bmp,Full,4,4902,3,265
6,3,v2lineSD3e.bmp,SD,3,1364,3,266
6,5,v2lineFull5a.bmp,Full,3,3525,3,267
6,3,v2lineFull3d.bmp,Full,3,1377,3,268
6,8,v2lineSmall8h.bmp,Small,3,2378,3,269
6,5,v2lineSmall5d.bmp,Small,2,1355,3,270
6,8,v2lineSmall8i.bmp,Small,3,1797,3,271
6,8,v2lineSD8g.bmp,SD,3,1965,3,272
6,0,v2lineSmall0i.bmp,Small,2,1950,3,273
6,5,v2lineSmall5i.bmp,Small,3,1697,3,274
6,3,v2lineSD3f.bmp,SD,2,1853,3,275
6,5,v2lineSD5h.bmp,SD,2,932,3,276
6,3,v2lineFull3i.bmp,Full,3,1758,3,277
6,5,v2lineSD5i.bmp,SD,2,1424,3,278
6,5,v2lineSmall5g.bmp,Small,2,2063,3,279
6,5,v2lineFull5f.bmp,Full,2,1221,3,280
6,3,v2lineSmall3j.bmp,Small,2,2972,3,281
6,3,v2lineSmall3i.bmp,Small,2,1301,3,282
6,0,v2lineFull0j.bmp,Full,1,1938,3,283
6,5,v2lineFull5b.bmp,Full,2,1796,3,284
6,0,v2lineFull0b.bmp,Full,1,1460,3,285
6,0,v2lineSD0f.bmp,SD,1,3994,3,286
6,0,v2lineSmall0h.bmp,Small,1,1363,3,287
6,5,v2lineFull5i.bmp,Full,2,1164,3,288
6,0,v2lineSmall0e.bmp,Small,1,3038,3,289
6,5,v2lineFull5c.bmp,Full,3,1941,3,290
6,5,v2lineSD5c.bmp,SD,3,2415,3,291
6,8,v2lineFull8b.bmp,Full,3,2311,3,292
6,8,v2lineFull8a.bmp,Full,3,1467,3,293
6,0,v2lineSmall0c.bmp,Small,3,1239,3,294
6,3,v2lineSmall3a.bmp,Small,2,1901,3,295
6,0,v2lineSD0b.bmp,SD,1,1818,3,296
6,5,v2lineSmall5j.bmp,Small,2,2281,3,297
6,3,v2lineSmall3c.bmp,Small,2,1567,3,298
6,5,v2lineFull5e.bmp,Full,2,1624,3,299
6,8,v2lineSD8a.bmp,SD,2,1751,3,300
6,5,v2lineSD5g.bmp,SD,2,1802,3,301
6,8,v2lineSmall8e.bmp,Small,3,1402,3,302
6,8,v2lineFull8g.bmp,Full,3,1682,3,303
6,8,v2lineSmall8f.bmp,Small,3,1679,3,304
6,8,v2lineSmall8b.bmp,Small,3,2003,3,305
6,3,v2lineSmall3h.bmp,Small,3,827,3,306
6,5,v2lineSmall5a.bmp,Small,2,1394,3,307
6,0,v2lineFull0i.bmp,Full,1,2794,3,308
6,8,v2lineFull8i.bmp,Full,1,827,3,309
6,0,v2lineSD0a.bmp,SD,1,706,3,310
6,0,v2lineFull0c.bmp,Full,1,1613,3,311
6,8,v2lineSD8h.bmp,SD,2,2189,3,312
6,8,v2lineFull8f.bmp,Full,3,1325,3,313
6,5,v2lineSmall5b.bmp,Small,2,1376,3,314
6,8,v2lineFull8d.bmp,Full,3,1217,3,315
6,8,v2lineSmall8a.bmp,Small,2,864,3,316
6,3,v2lineSD3g.bmp,SD,3,3214,3,317
6,0,v2lineSD0h.bmp,SD,2,1157,3,318
6,0,v2lineSD0c.bmp,SD,2,518,3,319
6,8,v2lineFull8j.bmp,Full,3,1466,3,320
6,8,v2lineSD8c.bmp,SD,3,2999,3,321
6,5,v2lineSmall5h.bmp,Small,3,3680,3,322
6,3,v2lineFull3f.bmp,Full,1,5326,3,323
6,3,v2lineFull3e.bmp,Full,1,690,3,324
6,5,v2lineSD5a.bmp,SD,2,1966,3,325
6,3,v2lineSD3j.bmp,SD,3,2040,3,326
6,8,v2lineFull8h.bmp,Full,3,1670,3,327
6,8,v2lineSmall8g.bmp,Small,4,2187,3,328
6,5,v2lineSD5j.bmp,SD,2,4523,3,329
6,5,v2lineSmall5e.bmp,Small,2,1543,3,330
6,0,v2lineSmall0d.bmp,Small,2,2353,3,331
6,8,v2lineSmall8j.bmp,Small,3,1684,3,332
6,0,v2lineSD0d.bmp,SD,2,1769,3,333
6,0,v2lineSmall0g.bmp,Small,1,603,3,334
6,5,v2lineSD5f.bmp,SD,3,5722,3,335
6,0,v2lineSD0i.bmp,SD,2,1591,3,336
6,3,v2lineSmall3d.bmp,Small,2,2478,3,337
6,0,v2lineSD0e.bmp,SD,1,2731,3,338
6,5,v2lineSD5b.bmp,SD,2,2887,3,339
6,0,v2lineSmall0f.bmp,Small,1,1756,3,340
6,8,v2lineSD8i.bmp,SD,3,3262,3,341
6,3,v2lineSD3b.bmp,SD,2,1748,3,342
6,3,v2lineSD3d.bmp,SD,2,862,3,343
6,3,v2lineSmall3g.bmp,Small,2,2420,3,344
6,8,v2lineFull8e.bmp,Full,1,2580,3,345
6,5,v2lineSD5d.bmp,SD,1,3452,3,346
6,5,v2lineSmall5f.bmp,Small,3,2035,3,347
6,3,v2lineSD3i.bmp,SD,3,1722,3,348
6,3,v2lineSD3a.bmp,SD,2,3013,3,349
6,5,v2lineFull5h.bmp,Full,2,1917,3,350
6,8,v2lineSD8d.bmp,SD,3,3297,3,351
6,0,v2lineSD0j.bmp,SD,1,1766,3,352
6,0,v2lineFull0h.bmp,Full,1,767,3,353
6,8,v2lineSD8b.bmp,SD,3,1673,3,354
6,0,v2lineFull0a.bmp,Full,1,1374,3,355
6,3,v2lineSmall3e.bmp,Small,3,3886,3,356
6,0,v2lineSmall0a.bmp,Small,2,1379,3,357
6,8,v2lineSD8j.bmp,SD,2,3076,3,358
6,3,v2lineFull3h.bmp,Full,1,1306,3,359
6,0,v2lineFull0e.bmp,Full,1,1069,3,360
6,3,v2lineFull3f.bmp,Full,1,499,4,361
6,0,v2lineFull0d.bmp,Full,1,390,4,362
6,5,v2lineSD5c.bmp,SD,2,1846,4,363
6,3,v2lineSD3h.bmp,SD,2,1261,4,364
6,3,v2lineSD3j.bmp,SD,3,2690,4,365
6,3,v2lineFull3b.bmp,Full,1,959,4,366
6,0,v2lineSmall0d.bmp,Small,1,1536,4,367
6,3,v2lineFull3d.bmp,Full,1,595,4,368
6,8,v2lineSD8d.bmp,SD,3,2226,4,369
6,8,v2lineSmall8h.bmp,Small,4,1681,4,370
6,5,v2lineFull5b.bmp,Full,1,2478,4,371
6,8,v2lineSmall8f.bmp,Small,3,3891,4,372
6,3,v2lineSD3f.bmp,SD,2,2033,4,373
6,8,v2lineSmall8d.bmp,Small,4,1608,4,374
6,8,v2lineFull8d.bmp,Full,3,2239,4,375
6,0,v2lineSD0j.bmp,SD,1,7822,4,376
6,5,v2lineFull5d.bmp,Full,4,3222,4,377
6,5,v2lineSD5i.bmp,SD,2,3637,4,378
6,8,v2lineSmall8b.bmp,Small,4,1852,4,379
6,0,v2lineSmall0f.bmp,Small,1,2099,4,380
6,0,v2lineSmall0j.bmp,Small,1,951,4,381
6,5,v2lineFull5a.bmp,Full,2,1265,4,382
6,0,v2lineSmall0h.bmp,Small,1,1071,4,383
6,0,v2lineSmall0g.bmp,Small,1,788,4,384
6,3,v2lineSD3d.bmp,SD,2,1693,4,385
6,5,v2lineSD5j.bmp,SD,3,1585,4,386
6,5,v2lineSD5d.bmp,SD,3,1770,4,387
6,3,v2lineFull3g.bmp,Full,2,1476,4,388
6,0,v2lineSmall0c.bmp,Small,1,1432,4,389
6,3,v2lineFull3h.bmp,Full,3,1879,4,390
6,0,v2lineSmall0i.bmp,Small,1,3364,4,391
6,3,v2lineFull3c.bmp,Full,2,2286,4,392
6,8,v2lineSmall8j.bmp,Small,4,2739,4,393
6,0,v2lineSD0h.bmp,SD,1,1542,4,394
6,5,v2lineSD5f.bmp,SD,1,1648,4,395
6,0,v2lineFull0g.bmp,Full,1,750,4,396
6,5,v2lineSD5b.bmp,SD,3,1784,4,397
6,0,v2lineFull0f.bmp,Full,1,1209,4,398
6,5,v2lineSmall5i.bmp,Small,3,3104,4,399
6,8,v2lineFull8c.bmp,Full,3,1652,4,400
6,5,v2lineSmall5g.bmp,Small,3,5946,4,401
6,0,v2lineFull0a.bmp,Full,1,2358,4,402
6,8,v2lineSD8b.bmp,SD,2,2344,4,403
6,8,v2lineSmall8i.bmp,Small,4,2099,4,404
6,8,v2lineFull8g.bmp,Full,2,5351,4,405
7,0,v2lineSD0c.bmp,SD,1,4109,1,1
7,0,v2lineFull0c.bmp,Full,1,1977,1,2
7,3,v2lineSmall3h.bmp,Small,4,1610,1,3
7,5,v2lineSD5a.bmp,SD,3,3346,1,4
7,0,v2lineSmall0a.bmp,Small,2,2029,1,5
7,3,v2lineSD3c.bmp,SD,3,1788,1,6
7,0,v2lineSmall0h.bmp,Small,2,1772,1,7
7,5,v2lineSD5h.bmp,SD,3,3061,1,8
7,8,v2lineSD8d.bmp,SD,4,1154,1,9
7,8,v2lineSmall8h.bmp,Small,4,1212,1,10
7,3,v2lineSD3e.bmp,SD,3,1307,1,11
7,0,v2lineFull0e.bmp,Full,1,4103,1,12
7,8,v2lineSD8j.bmp,SD,4,1931,1,13
7,3,v2lineSmall3b.bmp,Small,4,981,1,14
7,8,v2lineFull8h.bmp,Full,2,1149,1,15
7,3,v2lineSD3j.bmp,SD,3,1719,1,16
7,0,v2lineFull0a.bmp,Full,1,1466,1,17
7,3,v2lineSmall3d.bmp,Small,4,2071,1,18
7,0,v2lineSmall0i.bmp,Small,3,1332,1,19
7,8,v2lineFull8b.bmp,Full,2,2318,1,20
7,8,v2lineSD8g.bmp,SD,4,1433,1,21
7,3,v2lineFull3j.bmp,Full,2,1623,1,22
7,8,v2lineSmall8a.bmp,Small,4,1390,1,23
7,8,v2lineSD8f.bmp,SD,4,1990,1,24
7,5,v2lineSmall5f.bmp,Small,4,1423,1,25
7,3,v2lineFull3e.bmp,Full,2,1197,1,26
7,8,v2lineFull8j.bmp,Full,2,1221,1,27
7,0,v2lineSD0i.bmp,SD,2,1524,1,28
7,8,v2lineSmall8d.bmp,Small,4,838,1,29
7,0,v2lineSD0e.bmp,SD,2,1276,1,30
7,5,v2lineSD5j.bmp,SD,3,1161,1,31
7,3,v2lineSmall3i.bmp,Small,4,995,1,32
7,5,v2lineFull5h.bmp,Full,2,1291,1,33
7,8,v2lineSD8h.bmp,SD,4,2487,1,34
7,0,v2lineFull0f.bmp,Full,2,827,1,35
7,0,v2lineSD0f.bmp,SD,2,1242,1,36
7,0,v2lineFull0d.bmp,Full,1,1400,1,37
7,5,v2lineSmall5j.bmp,Small,4,976,1,38
7,3,v2lineSmall3c.bmp,Small,4,1464,1,39
7,3,v2lineSD3h.bmp,SD,3,1222,1,40
7,8,v2lineFull8f.bmp,Full,2,1181,1,41
7,3,v2lineSmall3j.bmp,Small,4,1190,1,42
7,0,v2lineSmall0c.bmp,Small,2,1574,1,43
7,3,v2lineSD3a.bmp,SD,3,903,1,44
7,0,v2lineSD0b.bmp,SD,2,962,1,45
7,3,v2lineSD3g.bmp,SD,3,1234,1,46
7,3,v2lineSmall3e.bmp,Small,4,976,1,47
7,3,v2lineSD3b.bmp,SD,3,2041,1,48
7,5,v2lineFull5f.bmp,Full,2,856,1,49
7,3,v2lineSmall3g.bmp,Small,4,1277,1,50
7,8,v2lineSmall8j.bmp,Small,4,778,1,51
7,5,v2lineFull5b.bmp,Full,2,1258,1,52
7,5,v2lineSD5g.bmp,SD,3,760,1,53
7,5,v2lineFull5g.bmp,Full,2,993,1,54
7,5,v2lineSmall5g.bmp,Small,4,1657,1,55
7,8,v2lineSmall8c.bmp,Small,4,1447,1,56
7,8,v2lineSD8b.bmp,SD,4,861,1,57
7,5,v2lineFull5c.bmp,Full,2,970,1,58
7,5,v2lineSD5e.bmp,SD,3,1227,1,59
7,8,v2lineSD8i.bmp,SD,3,2362,1,60
7,5,v2lineSD5f.bmp,SD,3,1324,1,61
7,5,v2lineSmall5b.bmp,Small,4,806,1,62
7,0,v2lineFull0b.bmp,Full,1,1262,1,63
7,5,v2lineFull5a.bmp,Full,2,1027,1,64
7,3,v2lineSD3i.bmp,SD,3,1850,1,65
7,3,v2lineFull3h.bmp,Full,2,1047,1,66
7,5,v2lineSD5c.bmp,SD,3,997,1,67
7,0,v2lineFull0g.bmp,Full,1,1781,1,68
7,5,v2lineSmall5e.bmp,Small,4,1709,1,69
7,5,v2lineFull5j.bmp,Full,2,1665,1,70
7,0,v2lineSD0d.bmp,SD,2,886,1,71
7,5,v2lineSD5b.bmp,SD,3,938,1,72
7,5,v2lineFull5e.bmp,Full,2,844,1,73
7,5,v2lineSmall5c.bmp,Small,4,986,1,74
7,5,v2lineSmall5h.bmp,Small,4,1226,1,75
7,0,v2lineSmall0j.bmp,Small,2,1664,1,76
7,8,v2lineSD8a.bmp,SD,3,1517,1,77
7,3,v2lineFull3g.bmp,Full,2,800,1,78
7,8,v2lineFull8g.bmp,Full,3,1560,1,79
7,8,v2lineSmall8e.bmp,Small,4,1265,1,80
7,3,v2lineFull3d.bmp,Full,2,1046,1,81
7,0,v2lineSmall0g.bmp,Small,2,1108,1,82
7,8,v2lineSD8e.bmp,SD,4,895,1,83
7,3,v2lineSmall3f.bmp,Small,4,1227,1,84
7,8,v2lineSD8c.bmp,SD,4,866,1,85
7,0,v2lineFull0j.bmp,Full,2,2222,1,86
7,8,v2lineFull8a.bmp,Full,2,2261,1,87
7,0,v2lineSmall0d.bmp,Small,3,947,1,88
7,8,v2lineSmall8i.bmp,Small,4,813,1,89
7,0,v2lineSD0g.bmp,SD,1,1452,1,90
7,8,v2lineSmall8g.bmp,Small,4,954,1,91
7,0,v2lineSmall0b.bmp,Small,1,987,1,92
7,3,v2lineFull3a.bmp,Full,2,1035,1,93
7,5,v2lineSmall5i.bmp,Small,4,929,1,94
7,8,v2lineFull8d.bmp,Full,2,1668,1,95
7,8,v2lineFull8c.bmp,Full,2,2337,1,96
7,8,v2lineFull8i.bmp,Full,2,1083,1,97
7,3,v2lineSmall3a.bmp,Small,4,1199,1,98
7,3,v2lineSD3d.bmp,SD,3,807,1,99
7,3,v2lineFull3b.bmp,Full,2,846,1,100
7,8,v2lineFull8e.bmp,Full,2,804,1,101
7,5,v2lineFull5d.bmp,Full,2,1299,1,102
7,3,v2lineFull3c.bmp,Full,2,1039,1,103
7,5,v2lineSD5i.bmp,SD,3,1485,1,104
7,5,v2lineSmall5a.bmp,Small,4,977,1,105
7,3,v2lineFull3i.bmp,Full,2,1041,1,106
7,8,v2lineSmall8b.bmp,Small,4,1119,1,107
7,3,v2lineFull3f.bmp,Full,2,1762,1,108
7,0,v2lineSD0j.bmp,SD,2,1363,1,109
7,8,v2lineSmall8f.bmp,Small,4,1149,1,110
7,0,v2lineSD0a.bmp,SD,2,862,1,111
7,0,v2lineSmall0e.bmp,Small,3,892,1,112
7,5,v2lineFull5i.bmp,Full,2,928,1,113
7,0,v2lineFull0h.bmp,Full,1,858,1,114
7,0,v2lineFull0i.bmp,Full,2,968,1,115
7,5,v2lineSmall5d.bmp,Small,4,808,1,116
7,0,v2lineSmall0f.bmp,Small,3,832,1,117
7,3,v2lineSD3f.bmp,SD,3,1118,1,118
7,5,v2lineSD5d.bmp,SD,3,889,1,119
7,0,v2lineSD0h.bmp,SD,2,813,1,120
7,3,v2lineSmall3e.bmp,Small,3,980,2,121
7,3,v2lineSD3f.bmp,SD,3,709,2,122
7,8,v2lineSD8d.bmp,SD,3,1280,2,123
7,0,v2lineSD0f.bmp,SD,2,1341,2,124
7,0,v2lineSmall0g.bmp,Small,2,871,2,125
7,3,v2lineFull3b.bmp,Full,2,1084,2,126
7,5,v2lineFull5e.bmp,Full,2,1288,2,127
7,5,v2lineFull5b.bmp,Full,2,868,2,128
7,0,v2lineFull0e.bmp,Full,1,920,2,129
7,0,v2lineSmall0e.bmp,Small,3,1147,2,130
7,0,v2lineSD0j.bmp,SD,2,741,2,131
7,5,v2lineSD5a.bmp,SD,3,1127,2,132
7,0,v2lineSmall0b.bmp,Small,1,1009,2,133
7,8,v2lineSD8i.bmp,SD,4,1953,2,134
7,8,v2lineFull8i.bmp,Full,2,994,2,135
7,3,v2lineFull3f.bmp,Full,2,794,2,136
7,8,v2lineFull8c.bmp,Full,2,858,2,137
7,0,v2lineSmall0h.bmp,Small,2,1544,2,138
7,0,v2lineFull0i.bmp,Full,2,1138,2,139
7,3,v2lineFull3g.bmp,Full,2,1212,2,140
7,8,v2lineSD8c.bmp,SD,4,2172,2,141
7,8,v2lineSmall8i.bmp,Small,4,2053,2,142
7,0,v2lineSD0g.bmp,SD,1,1594,2,143
7,5,v2lineSD5f.bmp,SD,3,1763,2,144
7,8,v2lineSD8h.bmp,SD,4,900,2,145
7,3,v2lineFull3c.bmp,Full,2,1392,2,146
7,5,v2lineSmall5h.bmp,Small,4,904,2,147
7,5,v2lineFull5a.bmp,Full,2,955,2,148
7,5,v2lineSmall5b.bmp,Small,4,700,2,149
7,3,v2lineFull3i.bmp,Full,2,1367,2,150
7,3,v2lineFull3h.bmp,Full,2,688,2,151
7,8,v2lineSmall8a.bmp,Small,4,1308,2,152
7,5,v2lineSD5j.bmp,SD,3,887,2,153
7,5,v2lineFull5d.bmp,Full,2,1323,2,154
7,0,v2lineSD0a.bmp,SD,2,2334,2,155
7,5,v2lineFull5g.bmp,Full,2,920,2,156
7,5,v2lineFull5j.bmp,Full,2,923,2,157
7,5,v2lineSD5e.bmp,SD,3,1406,2,158
7,8,v2lineSD8a.bmp,SD,3,909,2,159
7,0,v2lineFull0b.bmp,Full,1,1105,2,160
7,3,v2lineSmall3i.bmp,Small,4,1884,2,161
7,5,v2lineSmall5g.bmp,Small,4,864,2,162
7,3,v2lineSD3j.bmp,SD,3,1566,2,163
7,0,v2lineSD0h.bmp,SD,2,1199,2,164
7,3,v2lineSD3g.bmp,SD,3,1462,2,165
7,3,v2lineSD3a.bmp,SD,3,1132,2,166
7,8,v2lineFull8b.bmp,Full,2,1534,2,167
7,8,v2lineFull8e.bmp,Full,2,1216,2,168
7,3,v2lineSD3e.bmp,SD,3,823,2,169
7,3,v2lineSmall3f.bmp,Small,4,980,2,170
7,0,v2lineFull0f.bmp,Full,2,1693,2,171
7,0,v2lineSD0b.bmp,SD,1,1833,2,172
7,5,v2lineSD5g.bmp,SD,3,840,2,173
7,8,v2lineSD8g.bmp,SD,3,830,2,174
7,5,v2lineSmall5j.bmp,Small,4,772,2,175
7,5,v2lineFull5c.bmp,Full,2,1405,2,176
7,5,v2lineSmall5i.bmp,Small,4,1165,2,177
7,8,v2lineFull8f.bmp,Full,2,997,2,178
7,3,v2lineSmall3a.bmp,Small,3,1621,2,179
7,8,v2lineSD8b.bmp,SD,3,1172,2,180
7,5,v2lineFull5h.bmp,Full,2,885,2,181
7,8,v2lineSD8f.bmp,SD,4,809,2,182
7,8,v2lineSmall8c.bmp,Small,4,648,2,183
7,3,v2lineFull3e.bmp,Full,2,1230,2,184
7,5,v2lineFull5i.bmp,Full,2,757,2,185
7,3,v2lineFull3d.bmp,Full,2,1838,2,186
7,5,v2lineSmall5a.bmp,Small,3,1525,2,187
7,3,v2lineSmall3d.bmp,Small,4,560,2,188
7,3,v2lineSmall3g.bmp,Small,3,721,2,189
7,0,v2lineSD0c.bmp,SD,2,755,2,190
7,0,v2lineFull0g.bmp,Full,1,1276,2,191
7,5,v2lineSD5b.bmp,SD,3,856,2,192
7,5,v2lineSmall5e.bmp,Small,4,742,2,193
7,5,v2lineSmall5d.bmp,Small,4,512,2,194
7,8,v2lineSmall8f.bmp,Small,4,451,2,195
7,0,v2lineSmall0j.bmp,Small,2,624,2,196
7,8,v2lineFull8j.bmp,Full,2,1231,2,197
7,8,v2lineSD8j.bmp,SD,4,1086,2,198
7,8,v2lineSmall8b.bmp,Small,4,618,2,199
7,5,v2lineSD5h.bmp,SD,3,632,2,200
7,0,v2lineFull0h.bmp,Full,1,775,2,201
7,5,v2lineFull5f.bmp,Full,2,1215,2,202
7,0,v2lineFull0c.bmp,Full,1,663,2,203
7,3,v2lineSD3h.bmp,SD,3,756,2,204
7,5,v2lineSD5d.bmp,SD,3,613,2,205
7,0,v2lineSD0i.bmp,SD,2,677,2,206
7,5,v2lineSmall5c.bmp,Small,4,1201,2,207
7,3,v2lineSD3c.bmp,SD,3,2065,2,208
7,8,v2lineSmall8h.bmp,Small,4,703,2,209
7,5,v2lineSD5c.bmp,SD,3,1499,2,210
7,0,v2lineFull0d.bmp,Full,2,855,2,211
7,3,v2lineSmall3c.bmp,Small,3,1061,2,212
7,3,v2lineFull3j.bmp,Full,2,883,2,213
7,8,v2lineSmall8d.bmp,Small,4,1710,2,214
7,3,v2lineFull3a.bmp,Full,2,810,2,215
7,8,v2lineFull8d.bmp,Full,2,1113,2,216
7,8,v2lineFull8a.bmp,Full,2,1149,2,217
7,8,v2lineSmall8j.bmp,Small,4,871,2,218
7,3,v2lineSmall3j.bmp,Small,4,1244,2,219
7,8,v2lineSD8e.bmp,SD,4,994,2,220
7,3,v2lineSD3d.bmp,SD,3,1442,2,221
7,0,v2lineSD0d.bmp,SD,2,672,2,222
7,0,v2lineSmall0c.bmp,Small,2,1325,2,223
7,8,v2lineFull8h.bmp,Full,2,1336,2,224
7,0,v2lineFull0a.bmp,Full,1,939,2,225
7,8,v2lineSmall8g.bmp,Small,4,965,2,226
7,3,v2lineSD3i.bmp,SD,3,1110,2,227
7,0,v2lineSD0e.bmp,SD,2,793,2,228
7,8,v2lineSmall8e.bmp,Small,4,753,2,229
7,0,v2lineSmall0a.bmp,Small,2,779,2,230
7,0,v2lineSmall0f.bmp,Small,3,1068,2,231
7,0,v2lineSmall0i.bmp,Small,3,1529,2,232
7,3,v2lineSD3b.bmp,SD,3,1708,2,233
7,5,v2lineSmall5f.bmp,Small,4,800,2,234
7,3,v2lineSmall3h.bmp,Small,4,1920,2,235
7,3,v2lineSmall3b.bmp,Small,4,2187,2,236
7,5,v2lineSD5i.bmp,SD,3,892,2,237
7,0,v2lineSmall0d.bmp,Small,2,1016,2,238
7,8,v2lineFull8g.bmp,Full,2,1767,2,239
7,0,v2lineFull0j.bmp,Full,1,1217,2,240
7,3,v2lineSD3e.bmp,SD,3,872,3,241
7,8,v2lineFull8e.bmp,Full,2,621,3,242
7,3,v2lineFull3d.bmp,Full,2,732,3,243
7,8,v2lineSD8j.bmp,SD,3,879,3,244
7,3,v2lineSmall3e.bmp,Small,3,787,3,245
7,0,v2lineSmall0g.bmp,Small,2,796,3,246
7,8,v2lineFull8h.bmp,Full,2,884,3,247
7,3,v2lineSD3g.bmp,SD,2,873,3,248
7,5,v2lineSmall5j.bmp,Small,4,853,3,249
7,3,v2lineFull3b.bmp,Full,2,827,3,250
7,0,v2lineSD0e.bmp,SD,2,730,3,251
7,0,v2lineSD0i.bmp,SD,2,741,3,252
7,8,v2lineSmall8h.bmp,Small,4,1039,3,253
7,8,v2lineSmall8c.bmp,Small,4,805,3,254
7,5,v2lineSD5c.bmp,SD,3,1077,3,255
7,8,v2lineFull8j.bmp,Full,2,1482,3,256
7,3,v2lineSD3c.bmp,SD,3,2071,3,257
7,3,v2lineFull3c.bmp,Full,2,1804,3,258
7,5,v2lineSD5e.bmp,SD,3,3652,3,259
7,8,v2lineSD8i.bmp,SD,3,1866,3,260
7,0,v2lineSmall0e.bmp,Small,3,3320,3,261
7,0,v2lineSD0f.bmp,SD,2,892,3,262
7,8,v2lineSD8a.bmp,SD,3,2216,3,263
7,8,v2lineSD8h.bmp,SD,4,1312,3,264
7,5,v2lineSmall5g.bmp,Small,4,1187,3,265
7,8,v2lineSmall8a.bmp,Small,4,643,3,266
7,3,v2lineSmall3g.bmp,Small,4,1721,3,267
7,5,v2lineFull5b.bmp,Full,2,1516,3,268
7,8,v2lineSmall8f.bmp,Small,4,1416,3,269
7,3,v2lineFull3i.bmp,Full,2,1135,3,270
7,0,v2lineSD0h.bmp,SD,2,1146,3,271
7,8,v2lineSmall8d.bmp,Small,4,1156,3,272
7,5,v2lineFull5a.bmp,Full,2,1206,3,273
7,8,v2lineSD8c.bmp,SD,3,2149,3,274
7,3,v2lineSD3b.bmp,SD,2,1831,3,275
7,8,v2lineFull8i.bmp,Full,2,1982,3,276
7,3,v2lineSmall3f.bmp,Small,3,3735,3,277
7,0,v2lineFull0c.bmp,Full,1,1410,3,278
7,5,v2lineSD5g.bmp,SD,3,1442,3,279
7,0,v2lineFull0j.bmp,Full,2,712,3,280
7,3,v2lineFull3h.bmp,Full,2,755,3,281
7,5,v2lineFull5e.bmp,Full,2,1117,3,282
7,3,v2lineSD3a.bmp,SD,3,976,3,283
7,5,v2lineFull5c.bmp,Full,2,2065,3,284
7,5,v2lineFull5f.bmp,Full,2,1630,3,285
7,5,v2lineSmall5i.bmp,Small,3,1357,3,286
7,8,v2lineSD8b.bmp,SD,4,511,3,287
7,0,v2lineSmall0i.bmp,Small,3,762,3,288
7,8,v2lineSmall8e.bmp,Small,4,667,3,289
7,3,v2lineFull3g.bmp,Full,2,1209,3,290
7,3,v2lineSmall3a.bmp,Small,3,728,3,291
7,8,v2lineFull8c.bmp,Full,2,867,3,292
7,3,v2lineSD3h.bmp,SD,3,2584,3,293
7,0,v2lineSmall0a.bmp,Small,2,2624,3,294
7,8,v2lineFull8a.bmp,Full,2,1112,3,295
7,3,v2lineSmall3j.bmp,Small,4,859,3,296
7,5,v2lineSD5h.bmp,SD,4,1600,3,297
7,0,v2lineSD0d.bmp,SD,2,753,3,298
7,0,v2lineSD0j.bmp,SD,2,739,3,299
7,5,v2lineSmall5h.bmp,Small,4,933,3,300
7,8,v2lineSD8f.bmp,SD,4,727,3,301
7,8,v2lineFull8g.bmp,Full,2,1322,3,302
7,0,v2lineSmall0j.bmp,Small,2,1285,3,303
7,3,v2lineFull3e.bmp,Full,2,1329,3,304
7,8,v2lineSD8d.bmp,SD,3,3500,3,305
7,5,v2lineFull5d.bmp,Full,2,889,3,306
7,3,v2lineSmall3i.bmp,Small,3,621,3,307
7,5,v2lineSD5b.bmp,SD,3,700,3,308
7,0,v2lineSmall0d.bmp,Small,2,936,3,309
7,3,v2lineSD3i.bmp,SD,2,1595,3,310
7,8,v2lineSmall8g.bmp,Small,4,923,3,311
7,0,v2lineSmall0c.bmp,Small,2,1070,3,312
7,5,v2lineSD5i.bmp,SD,3,1139,3,313
7,5,v2lineSmall5b.bmp,Small,4,1093,3,314
7,3,v2lineFull3f.bmp,Full,1,801,3,315
7,5,v2lineFull5g.bmp,Full,2,816,3,316
7,5,v2lineSmall5f.bmp,Small,4,1712,3,317
7,0,v2lineFull0h.bmp,Full,1,1035,3,318
7,0,v2lineSmall0f.bmp,Small,3,1610,3,319
7,5,v2lineSmall5d.bmp,Small,4,1402,3,320
7,0,v2lineFull0i.bmp,Full,2,938,3,321
7,5,v2lineSD5d.bmp,SD,4,1109,3,322
7,0,v2lineFull0b.bmp,Full,1,736,3,323
7,5,v2lineSmall5a.bmp,Small,4,1355,3,324
7,8,v2lineFull8b.bmp,Full,2,1588,3,325
7,5,v2lineSmall5c.bmp,Small,4,1388,3,326
7,8,v2lineSD8g.bmp,SD,3,1773,3,327
7,5,v2lineFull5i.bmp,Full,2,758,3,328
7,3,v2lineSD3d.bmp,SD,2,1592,3,329
7,3,v2lineFull3a.bmp,Full,2,664,3,330
7,0,v2lineFull0f.bmp,Full,2,597,3,331
7,0,v2lineFull0a.bmp,Full,1,717,3,332
7,0,v2lineFull0e.bmp,Full,1,1472,3,333
7,3,v2lineSmall3h.bmp,Small,3,1285,3,334
7,0,v2lineFull0d.bmp,Full,2,626,3,335
7,5,v2lineSD5a.bmp,SD,3,887,3,336
7,8,v2lineFull8d.bmp,Full,2,884,3,337
7,0,v2lineSmall0b.bmp,Small,2,641,3,338
7,3,v2lineSD3f.bmp,SD,3,1111,3,339
7,3,v2lineSmall3d.bmp,Small,4,2362,3,340
7,0,v2lineFull0g.bmp,Full,1,812,3,341
7,5,v2lineFull5h.bmp,Full,2,603,3,342
7,5,v2lineFull5j.bmp,Full,2,955,3,343
7,0,v2lineSD0a.bmp,SD,2,1301,3,344
7,0,v2lineSD0c.bmp,SD,2,985,3,345
7,3,v2lineSmall3b.bmp,Small,3,1593,3,346
7,8,v2lineSmall8i.bmp,Small,4,906,3,347
7,3,v2lineSmall3c.bmp,Small,4,1837,3,348
7,3,v2lineSD3j.bmp,SD,3,1028,3,349
7,0,v2lineSD0g.bmp,SD,2,595,3,350
7,8,v2lineFull8f.bmp,Full,2,979,3,351
7,8,v2lineSmall8b.bmp,Small,4,1011,3,352
7,5,v2lineSmall5e.bmp,Small,4,795,3,353
7,8,v2lineSmall8j.bmp,Small,4,883,3,354
7,3,v2lineFull3j.bmp,Full,2,703,3,355
7,5,v2lineSD5f.bmp,SD,3,915,3,356
7,5,v2lineSD5j.bmp,SD,3,831,3,357
7,0,v2lineSmall0h.bmp,Small,2,773,3,358
7,0,v2lineSD0b.bmp,SD,1,1093,3,359
7,8,v2lineSD8e.bmp,SD,4,2377,3,360
7,5,v2lineFull5f.bmp,Full,2,1410,4,361
7,0,v2lineFull0c.bmp,Full,1,794,4,362
7,0,v2lineSD0a.bmp,SD,2,1146,4,363
7,5,v2lineSD5j.bmp,SD,4,908,4,364
7,0,v2lineFull0d.bmp,Full,1,799,4,365
7,5,v2lineSmall5b.bmp,Small,4,655,4,366
7,3,v2lineFull3c.bmp,Full,2,1005,4,367
7,5,v2lineFull5d.bmp,Full,2,948,4,368
7,8,v2lineSD8h.bmp,SD,4,662,4,369
7,3,v2lineSD3a.bmp,SD,3,788,4,370
7,3,v2lineSmall3i.bmp,Small,4,556,4,371
7,5,v2lineSmall5j.bmp,Small,4,621,4,372
7,5,v2lineSmall5f.bmp,Small,4,541,4,373
7,5,v2lineSD5i.bmp,SD,3,735,4,374
7,5,v2lineSD5c.bmp,SD,3,457,4,375
7,8,v2lineFull8a.bmp,Full,2,742,4,376
7,8,v2lineFull8e.bmp,Full,2,736,4,377
7,0,v2lineSD0b.bmp,SD,1,651,4,378
7,0,v2lineFull0i.bmp,Full,2,793,4,379
7,0,v2lineSD0h.bmp,SD,2,609,4,380
7,5,v2lineFull5g.bmp,Full,2,664,4,381
7,8,v2lineSD8f.bmp,SD,4,573,4,382
7,0,v2lineSmall0c.bmp,Small,2,805,4,383
7,3,v2lineSD3e.bmp,SD,3,613,4,384
7,8,v2lineFull8i.bmp,Full,2,916,4,385
7,3,v2lineSD3d.bmp,SD,3,1287,4,386
7,8,v2lineSmall8c.bmp,Small,4,716,4,387
7,5,v2lineSmall5h.bmp,Small,4,536,4,388
7,0,v2lineSmall0i.bmp,Small,3,658,4,389
7,5,v2lineFull5a.bmp,Full,2,1055,4,390
7,3,v2lineSmall3h.bmp,Small,4,1421,4,391
7,0,v2lineFull0e.bmp,Full,1,1540,4,392
7,0,v2lineSmall0b.bmp,Small,1,679,4,393
7,0,v2lineFull0h.bmp,Full,1,675,4,394
7,8,v2lineSD8d.bmp,SD,3,984,4,395
7,5,v2lineSD5f.bmp,SD,3,952,4,396
7,8,v2lineSD8i.bmp,SD,4,2794,4,397
7,8,v2lineSmall8b.bmp,Small,4,667,4,398
7,0,v2lineSmall0h.bmp,Small,2,816,4,399
7,8,v2lineSmall8a.bmp,Small,4,680,4,400
7,8,v2lineFull8b.bmp,Full,2,764,4,401
7,3,v2lineFull3b.bmp,Full,2,966,4,402
7,3,v2lineFull3f.bmp,Full,2,831,4,403
7,3,v2lineFull3i.bmp,Full,2,1190,4,404
7,0,v2lineSD0e.bmp,SD,2,574,4,405
7,8,v2lineFull8g.bmp,Full,2,582,4,406
7,5,v2lineFull5i.bmp,Full,2,814,4,407
7,0,v2lineSD0j.bmp,SD,2,1501,4,408
7,5,v2lineFull5c.bmp,Full,3,953,4,409
7,5,v2lineSD5e.bmp,SD,3,659,4,410
7,8,v2lineSmall8h.bmp,Small,4,1041,4,411
7,5,v2lineFull5b.bmp,Full,2,1551,4,412
7,3,v2lineFull3g.bmp,Full,2,1049,4,413
7,3,v2lineSD3g.bmp,SD,3,975,4,414
7,5,v2lineSmall5c.bmp,Small,4,840,4,415
7,3,v2lineSD3f.bmp,SD,3,878,4,416
7,3,v2lineSmall3j.bmp,Small,4,810,4,417
7,0,v2lineSD0f.bmp,SD,2,2138,4,418
7,5,v2lineFull5h.bmp,Full,2,1093,4,419
7,0,v2lineFull0b.bmp,Full,1,841,4,420
7,0,v2lineSmall0a.bmp,Small,2,1167,4,421
7,3,v2lineSmall3g.bmp,Small,4,784,4,422
7,5,v2lineSmall5e.bmp,Small,4,1025,4,423
7,8,v2lineSD8b.bmp,SD,4,880,4,424
7,8,v2lineFull8c.bmp,Full,2,852,4,425
7,0,v2lineFull0f.bmp,Full,2,1066,4,426
7,8,v2lineSmall8d.bmp,Small,4,1128,4,427
7,5,v2lineFull5e.bmp,Full,2,1138,4,428
7,8,v2lineFull8j.bmp,Full,2,1420,4,429
7,8,v2lineSmall8e.bmp,Small,4,1372,4,430
7,8,v2lineFull8h.bmp,Full,2,700,4,431
7,3,v2lineSD3b.bmp,SD,3,1048,4,432
7,3,v2lineSD3c.bmp,SD,2,726,4,433
7,3,v2lineSmall3b.bmp,Small,4,857,4,434
7,0,v2lineSmall0e.bmp,Small,3,990,4,435
7,0,v2lineSmall0g.bmp,Small,2,750,4,436
7,8,v2lineFull8d.bmp,Full,2,1040,4,437
7,0,v2lineFull0a.bmp,Full,1,694,4,438
7,8,v2lineFull8f.bmp,Full,2,1666,4,439
7,3,v2lineSmall3e.bmp,Small,4,624,4,440
7,3,v2lineSmall3c.bmp,Small,4,463,4,441
7,3,v2lineFull3d.bmp,Full,2,1388,4,442
7,0,v2lineSD0c.bmp,SD,2,957,4,443
7,8,v2lineSD8j.bmp,SD,4,830,4,444
7,5,v2lineSD5d.bmp,SD,3,853,4,445
7,8,v2lineSmall8g.bmp,Small,4,731,4,446
7,3,v2lineFull3a.bmp,Full,2,797,4,447
7,5,v2lineSD5a.bmp,SD,3,877,4,448
7,0,v2lineSD0i.bmp,SD,2,882,4,449
7,5,v2lineSmall5g.bmp,Small,4,759,4,450
7,0,v2lineSmall0j.bmp,Small,2,1384,4,451
7,0,v2lineFull0g.bmp,Full,2,681,4,452
7,3,v2lineSD3i.bmp,SD,2,692,4,453
7,5,v2lineSD5g.bmp,SD,3,448,4,454
7,5,v2lineFull5j.bmp,Full,2,846,4,455
7,0,v2lineSmall0d.bmp,Small,3,1004,4,456
7,0,v2lineSmall0f.bmp,Small,3,668,4,457
7,3,v2lineFull3j.bmp,Full,2,665,4,458
7,8,v2lineSD8g.bmp,SD,3,1231,4,459
7,8,v2lineSD8c.bmp,SD,3,757,4,460
7,0,v2lineFull0j.bmp,Full,2,711,4,461
7,0,v2lineSD0d.bmp,SD,2,754,4,462
7,5,v2lineSD5h.bmp,SD,3,1052,4,463
7,3,v2lineSmall3d.bmp,Small,4,786,4,464
7,8,v2lineSD8e.bmp,SD,4,587,4,465
7,0,v2lineSD0g.bmp,SD,1,891,4,466
7,5,v2lineSmall5a.bmp,Small,4,711,4,467
7,3,v2lineFull3h.bmp,Full,2,906,4,468
7,8,v2lineSmall8f.bmp,Small,4,870,4,469
7,5,v2lineSmall5i.bmp,Small,4,747,4,470
7,3,v2lineSD3h.bmp,SD,3,861,4,471
7,5,v2lineSD5b.bmp,SD,3,938,4,472
7,5,v2lineSmall5d.bmp,Small,4,509,4,473
7,3,v2lineSmall3f.bmp,Small,4,664,4,474
7,3,v2lineFull3e.bmp,Full,1,797,4,475
7,8,v2lineSmall8i.bmp,Small,4,909,4,476
7,3,v2lineSmall3a.bmp,Small,4,2600,4,477
7,3,v2lineSD3j.bmp,SD,3,520,4,478
7,8,v2lineSD8a.bmp,SD,3,676,4,479
7,8,v2lineSmall8j.bmp,Small,4,696,4,480
8,0,v2lineSmall0f.bmp,Small,1,16727,1,1
8,5,v2lineFull5i.bmp,Full,2,2520,1,2
8,5,v2lineSmall5b.bmp,Small,4,3631,1,3
8,8,v2lineSmall8i.bmp,Small,4,4575,1,4
8,5,v2lineSD5a.bmp,SD,3,3102,1,5
8,5,v2lineFull5c.bmp,Full,2,3001,1,6
8,0,v2lineSmall0i.bmp,Small,3,3929,1,7
8,5,v2lineSmall5a.bmp,Small,4,2840,1,8
8,0,v2lineFull0i.bmp,Full,1,2930,1,9
8,0,v2lineFull0j.bmp,Full,1,3320,1,10
8,3,v2lineSD3f.bmp,SD,3,9148,1,11
8,3,v2lineFull3c.bmp,Full,2,4393,1,12
8,8,v2lineSmall8d.bmp,Small,4,3251,1,13
8,8,v2lineFull8h.bmp,Full,2,4511,1,14
8,5,v2lineFull5e.bmp,Full,2,10520,1,15
8,0,v2lineFull0d.bmp,Full,1,1885,1,16
8,8,v2lineSD8h.bmp,SD,4,2957,1,17
8,5,v2lineSmall5j.bmp,Small,4,2862,1,18
8,0,v2lineFull0h.bmp,Full,1,2200,1,19
8,8,v2lineSmall8c.bmp,Small,4,2989,1,20
8,0,v2lineFull0e.bmp,Full,1,3172,1,21
8,8,v2lineFull8c.bmp,Full,2,2205,1,22
8,8,v2lineFull8e.bmp,Full,2,2692,1,23
8,3,v2lineSD3g.bmp,SD,3,13299,1,24
8,8,v2lineSD8j.bmp,SD,4,4120,1,25
8,8,v2lineSmall8b.bmp,Small,4,2909,1,26
8,0,v2lineSD0h.bmp,SD,1,2983,1,27
8,0,v2lineFull0b.bmp,Full,1,1721,1,28
8,5,v2lineSD5c.bmp,SD,3,3030,1,29
8,3,v2lineSmall3h.bmp,Small,4,1748,1,30
8,0,v2lineSD0d.bmp,SD,1,5370,1,31
8,3,v2lineSD3a.bmp,SD,2,2813,1,32
8,5,v2lineSD5j.bmp,SD,3,7135,1,33
8,5,v2lineSD5f.bmp,SD,3,1640,1,34
8,0,v2lineFull0g.bmp,Full,1,958,1,35
8,5,v2lineSmall5h.bmp,Small,4,5036,1,36
8,3,v2lineSD3d.bmp,SD,3,2221,1,37
8,8,v2lineFull8a.bmp,Full,2,1724,1,38
8,3,v2lineFull3j.bmp,Full,1,1350,1,39
8,8,v2lineFull8i.bmp,Full,2,2689,1,40
8,3,v2lineFull3e.bmp,Full,1,1485,1,41
8,8,v2lineSmall8a.bmp,Small,3,2174,1,42
8,5,v2lineSD5e.bmp,SD,3,1775,1,43
8,8,v2lineSD8g.bmp,SD,4,3037,1,44
8,0,v2lineSmall0g.bmp,Small,1,1440,1,45
8,5,v2lineSmall5f.bmp,Small,3,2121,1,46
8,3,v2lineSmall3g.bmp,Small,3,2218,1,47
8,0,v2lineSmall0c.bmp,Small,1,6835,1,48
8,8,v2lineSD8a.bmp,SD,3,5622,1,49
8,0,v2lineSmall0d.bmp,Small,1,1801,1,50
8,3,v2lineSmall3b.bmp,Small,3,3286,1,51
8,3,v2lineSD3c.bmp,SD,2,4770,1,52
8,8,v2lineSmall8f.bmp,Small,4,3498,1,53
8,3,v2lineFull3d.bmp,Full,2,6673,1,54
8,3,v2lineSmall3i.bmp,Small,3,3538,1,55
8,3,v2lineSD3j.bmp,SD,2,10944,1,56
8,8,v2lineSmall8h.bmp,Small,4,2393,1,57
8,5,v2lineSD5h.bmp,SD,3,2963,1,58
8,8,v2lineSD8i.bmp,SD,3,7274,1,59
8,8,v2lineSmall8e.bmp,Small,4,1678,1,60
8,0,v2lineSD0j.bmp,SD,1,27357,1,61
8,0,v2lineFull0a.bmp,Full,1,1036,1,62
8,5,v2lineFull5b.bmp,Full,2,1772,1,63
8,0,v2lineSmall0j.bmp,Small,1,2691,1,64
8,8,v2lineFull8f.bmp,Full,4,4345,1,65
8,0,v2lineSD0i.bmp,SD,2,2314,1,66
8,8,v2lineSD8d.bmp,SD,3,1980,1,67
8,8,v2lineSmall8g.bmp,Small,4,3485,1,68
8,0,v2lineSD0c.bmp,SD,1,3250,1,69
8,0,v2lineSD0b.bmp,SD,1,4328,1,70
8,5,v2lineFull5d.bmp,Full,3,2290,1,71
8,0,v2lineSmall0a.bmp,Small,2,2517,1,72
8,8,v2lineSD8e.bmp,SD,4,2848,1,73
8,5,v2lineFull5h.bmp,Full,3,2376,1,74
8,8,v2lineFull8g.bmp,Full,3,1660,1,75
8,0,v2lineFull0c.bmp,Full,1,2606,1,76
8,5,v2lineFull5f.bmp,Full,2,4246,1,77
8,5,v2lineFull5g.bmp,Full,3,2705,1,78
8,0,v2lineSD0f.bmp,SD,1,4427,1,79
8,0,v2lineSmall0h.bmp,Small,1,707,1,80
8,3,v2lineSD3e.bmp,SD,2,2415,1,81
8,8,v2lineSD8f.bmp,SD,3,4257,1,82
8,0,v2lineSmall0b.bmp,Small,1,2525,1,83
8,3,v2lineSmall3e.bmp,Small,2,4552,1,84
8,5,v2lineSmall5i.bmp,Small,3,38699,1,85
8,3,v2lineFull3f.bmp,Full,1,1091,1,86
8,0,v2lineSD0a.bmp,SD,1,1967,1,87
8,8,v2lineSmall8j.bmp,Small,3,2036,1,88
8,5,v2lineSD5b.bmp,SD,3,1878,1,89
8,5,v2lineFull5a.bmp,Full,3,3847,1,90
8,3,v2lineFull3a.bmp,Full,2,2652,1,91
8,0,v2lineFull0f.bmp,Full,1,2634,1,92
8,3,v2lineFull3h.bmp,Full,2,2167,1,93
8,8,v2lineFull8b.bmp,Full,2,1582,1,94
8,0,v2lineSD0g.bmp,SD,1,2064,1,95
8,5,v2lineSmall5d.bmp,Small,3,5077,1,96
8,3,v2lineFull3i.bmp,Full,2,1586,1,97
8,3,v2lineSD3h.bmp,SD,2,6084,1,98
8,8,v2lineSD8b.bmp,SD,3,2167,1,99
8,5,v2lineSD5g.bmp,SD,3,1910,1,100
8,5,v2lineFull5j.bmp,Full,3,2363,1,101
8,3,v2lineSmall3c.bmp,Small,2,4435,1,102
8,3,v2lineSmall3d.bmp,Small,2,3712,1,103
8,5,v2lineSmall5g.bmp,Small,3,8892,1,104
8,5,v2lineSD5i.bmp,SD,2,4218,1,105
8,8,v2lineSD8c.bmp,SD,3,2385,1,106
8,8,v2lineFull8d.bmp,Full,3,1761,1,107
8,3,v2lineSmall3f.bmp,Small,2,1939,1,108
8,3,v2lineSD3b.bmp,SD,2,2390,1,109
8,3,v2lineFull3g.bmp,Full,2,2100,1,110
8,8,v2lineFull8j.bmp,Full,2,1817,1,111
8,5,v2lineSD5d.bmp,SD,2,2037,1,112
8,3,v2lineFull3b.bmp,Full,2,2341,1,113
8,5,v2lineSmall5e.bmp,Small,2,3656,1,114
8,0,v2lineSmall0e.bmp,Small,1,1948,1,115
8,3,v2lineSD3i.bmp,SD,2,2370,1,116
8,5,v2lineSmall5c.bmp,Small,2,11734,1,117
8,3,v2lineSmall3j.bmp,Small,2,1316,1,118
8,3,v2lineSmall3a.bmp,Small,2,1745,1,119
8,0,v2lineSD0e.bmp,SD,1,1039,1,120
8,3,v2lineSD3g.bmp,SD,2,3011,2,121
8,0,v2lineFull0a.bmp,Full,1,858,2,122
8,5,v2lineSmall5b.bmp,Small,2,1996,2,123
8,5,v2lineSmall5i.bmp,Small,2,12705,2,124
8,3,v2lineFull3j.bmp,Full,2,1187,2,125
8,5,v2lineSmall5d.bmp,Small,2,1416,2,126
8,3,v2lineFull3i.bmp,Full,2,1247,2,127
8,5,v2lineSD5c.bmp,SD,3,2901,2,128
8,8,v2lineSD8e.bmp,SD,3,1734,2,129
8,3,v2lineSmall3f.bmp,Small,2,1645,2,130
8,5,v2lineSD5d.bmp,SD,2,3017,2,131
8,8,v2lineSD8h.bmp,SD,3,1429,2,132
8,3,v2lineFull3e.bmp,Full,2,1616,2,133
8,8,v2lineSD8j.bmp,SD,2,4994,2,134
8,0,v2lineSmall0b.bmp,Small,1,1819,2,135
8,5,v2lineFull5d.bmp,Full,2,1487,2,136
8,5,v2lineFull5i.bmp,Full,2,1110,2,137
8,8,v2lineFull8c.bmp,Full,2,21007,2,138
8,0,v2lineFull0i.bmp,Full,1,1855,2,139
8,3,v2lineSmall3b.bmp,Small,2,1631,2,140
8,3,v2lineSmall3j.bmp,Small,2,1346,2,141
8,8,v2lineFull8h.bmp,Full,3,926,2,142
8,8,v2lineSD8a.bmp,SD,3,2216,2,143
8,5,v2lineFull5e.bmp,Full,2,1860,2,144
8,0,v2lineSmall0g.bmp,Small,1,1051,2,145
8,8,v2lineSmall8f.bmp,Small,3,1770,2,146
8,0,v2lineSmall0e.bmp,Small,1,1211,2,147
8,5,v2lineFull5a.bmp,Full,2,11468,2,148
8,3,v2lineSD3j.bmp,SD,2,1278,2,149
8,0,v2lineSD0h.bmp,SD,2,2656,2,150
8,8,v2lineSD8g.bmp,SD,2,2464,2,151
8,8,v2lineFull8e.bmp,Full,2,1593,2,152
8,3,v2lineFull3b.bmp,Full,2,881,2,153
8,8,v2lineSmall8e.bmp,Small,3,2775,2,154
8,3,v2lineSD3f.bmp,SD,2,3874,2,155
8,8,v2lineSD8b.bmp,SD,2,1597,2,156
8,0,v2lineSmall0c.bmp,Small,2,1108,2,157
8,3,v2lineFull3f.bmp,Full,2,975,2,158
8,0,v2lineSmall0a.bmp,Small,2,1154,2,159
8,8,v2lineSD8i.bmp,SD,2,1461,2,160
8,8,v2lineSmall8d.bmp,Small,3,1097,2,161
8,8,v2lineSD8c.bmp,SD,3,1657,2,162
8,8,v2lineSmall8a.bmp,Small,3,1717,2,163
8,0,v2lineSmall0d.bmp,Small,2,1784,2,164
8,8,v2lineSmall8b.bmp,Small,2,1341,2,165
8,3,v2lineSD3i.bmp,SD,2,2467,2,166
8,5,v2lineSD5f.bmp,SD,3,2245,2,167
8,0,v2lineSmall0i.bmp,Small,2,1212,2,168
8,8,v2lineSD8f.bmp,SD,3,3491,2,169
8,0,v2lineFull0b.bmp,Full,1,2240,2,170
8,8,v2lineSD8d.bmp,SD,3,2903,2,171
8,8,v2lineFull8i.bmp,Full,2,2042,2,172
8,5,v2lineFull5b.bmp,Full,2,1249,2,173
8,8,v2lineFull8b.bmp,Full,2,2113,2,174
8,5,v2lineSD5j.bmp,SD,3,2707,2,175
8,3,v2lineSmall3e.bmp,Small,2,2131,2,176
8,3,v2lineFull3d.bmp,Full,2,1433,2,177
8,5,v2lineSmall5h.bmp,Small,3,6230,2,178
8,8,v2lineSmall8j.bmp,Small,3,1568,2,179
8,0,v2lineFull0c.bmp,Full,1,1282,2,180
8,3,v2lineSD3h.bmp,SD,2,1401,2,181
8,5,v2lineSmall5e.bmp,Small,3,2482,2,182
8,0,v2lineFull0g.bmp,Full,2,1592,2,183
8,5,v2lineSD5h.bmp,SD,3,1776,2,184
8,3,v2lineSmall3c.bmp,Small,2,4380,2,185
8,0,v2lineSmall0j.bmp,Small,2,946,2,186
8,3,v2lineSD3c.bmp,SD,2,1321,2,187
8,0,v2lineFull0h.bmp,Full,1,1787,2,188
8,0,v2lineFull0e.bmp,Full,1,1086,2,189
8,3,v2lineFull3a.bmp,Full,2,2237,2,190
8,0,v2lineSmall0f.bmp,Small,2,901,2,191
8,5,v2lineSmall5a.bmp,Small,2,5398,2,192
8,3,v2lineSmall3i.bmp,Small,2,1269,2,193
8,5,v2lineSD5g.bmp,SD,2,1541,2,194
8,5,v2lineFull5f.bmp,Full,2,1359,2,195
8,0,v2lineSD0a.bmp,SD,2,1339,2,196
8,3,v2lineSD3e.bmp,SD,2,2601,2,197
8,5,v2lineSmall5f.bmp,Small,2,2197,2,198
8,3,v2lineSmall3g.bmp,Small,2,1168,2,199
8,0,v2lineFull0f.bmp,Full,2,1435,2,200
8,3,v2lineSmall3a.bmp,Small,2,1441,2,201
8,5,v2lineSmall5c.bmp,Small,3,2785,2,202
8,8,v2lineFull8a.bmp,Full,3,1305,2,203
8,3,v2lineFull3g.bmp,Full,2,2882,2,204
8,3,v2lineSmall3d.bmp,Small,2,1159,2,205
8,0,v2lineFull0j.bmp,Full,2,1400,2,206
8,8,v2lineSmall8g.bmp,Small,3,1153,2,207
8,5,v2lineFull5j.bmp,Full,2,3947,2,208
8,3,v2lineSD3a.bmp,SD,2,1215,2,209
8,5,v2lineSD5i.bmp,SD,2,3395,2,210
8,3,v2lineSD3b.bmp,SD,2,1638,2,211
8,3,v2lineSmall3h.bmp,Small,2,1704,2,212
8,0,v2lineSD0e.bmp,SD,2,1691,2,213
8,5,v2lineSmall5g.bmp,Small,2,1564,2,214
8,3,v2lineSD3d.bmp,SD,2,3363,2,215
8,8,v2lineFull8d.bmp,Full,2,6161,2,216
8,5,v2lineFull5h.bmp,Full,2,857,2,217
8,5,v2lineSD5e.bmp,SD,2,1185,2,218
8,8,v2lineSmall8c.bmp,Small,3,1334,2,219
8,0,v2lineSD0f.bmp,SD,2,12567,2,220
8,0,v2lineFull0d.bmp,Full,2,1078,2,221
8,3,v2lineFull3h.bmp,Full,2,989,2,222
8,8,v2lineFull8f.bmp,Full,2,890,2,223
8,0,v2lineSmall0h.bmp,Small,2,5080,2,224
8,5,v2lineFull5c.bmp,Full,2,1107,2,225
8,0,v2lineSD0b.bmp,SD,2,1876,2,226
8,3,v2lineFull3c.bmp,Full,2,1359,2,227
8,0,v2lineSD0j.bmp,SD,2,2962,2,228
8,5,v2lineFull5g.bmp,Full,2,1393,2,229
8,8,v2lineSmall8h.bmp,Small,3,1391,2,230
8,5,v2lineSD5a.bmp,SD,3,1891,2,231
8,0,v2lineSD0i.bmp,SD,2,2231,2,232
8,8,v2lineSmall8i.bmp,Small,3,1084,2,233
8,0,v2lineSD0c.bmp,SD,2,1211,2,234
8,8,v2lineFull8g.bmp,Full,3,1191,2,235
8,5,v2lineSD5b.bmp,SD,3,2825,2,236
8,8,v2lineFull8j.bmp,Full,3,1369,2,237
8,0,v2lineSD0g.bmp,SD,2,1274,2,238
8,0,v2lineSD0d.bmp,SD,2,1564,2,239
8,5,v2lineSmall5j.bmp,Small,3,1739,2,240
8,5,v2lineFull5a.bmp,Full,3,1253,3,241
8,0,v2lineSD0c.bmp,SD,2,1242,3,242
8,5,v2lineSD5j.bmp,SD,3,1529,3,243
8,8,v2lineSD8c.bmp,SD,3,1571,3,244
8,5,v2lineFull5i.bmp,Full,3,1012,3,245
8,5,v2lineFull5e.bmp,Full,2,3021,3,246
8,3,v2lineSmall3a.bmp,Small,2,1199,3,247
8,5,v2lineFull5h.bmp,Full,2,1503,3,248
8,8,v2lineSD8j.bmp,SD,3,1070,3,249
8,3,v2lineFull3a.bmp,Full,2,1806,3,250
8,0,v2lineSmall0g.bmp,Small,2,1657,3,251
8,5,v2lineSD5i.bmp,SD,3,1139,3,252
8,5,v2lineFull5c.bmp,Full,3,2722,3,253
8,3,v2lineSmall3i.bmp,Small,3,3643,3,254
8,8,v2lineSmall8b.bmp,Small,3,1792,3,255
8,8,v2lineSD8d.bmp,SD,3,1639,3,256
8,0,v2lineSD0d.bmp,SD,2,1205,3,257
8,3,v2lineFull3d.bmp,Full,2,1647,3,258
8,5,v2lineSD5e.bmp,SD,3,3853,3,259
8,5,v2lineFull5d.bmp,Full,3,1373,3,260
8,8,v2lineSmall8e.bmp,Small,4,1496,3,261
8,0,v2lineSmall0f.bmp,Small,2,855,3,262
8,8,v2lineSmall8i.bmp,Small,4,1845,3,263
8,0,v2lineFull0c.bmp,Full,1,1746,3,264
8,8,v2lineFull8g.bmp,Full,2,1440,3,265
8,8,v2lineFull8a.bmp,Full,2,1067,3,266
8,5,v2lineSmall5b.bmp,Small,3,1821,3,267
8,0,v2lineSmall0e.bmp,Small,2,888,3,268
8,3,v2lineFull3e.bmp,Full,2,825,3,269
8,0,v2lineFull0g.bmp,Full,1,901,3,270
8,8,v2lineSD8a.bmp,SD,3,1279,3,271
8,5,v2lineSD5f.bmp,SD,3,1544,3,272
8,3,v2lineSmall3d.bmp,Small,3,1122,3,273
8,8,v2lineFull8c.bmp,Full,2,1261,3,274
8,5,v2lineSmall5h.bmp,Small,3,4514,3,275
8,5,v2lineFull5f.bmp,Full,2,890,3,276
8,8,v2lineSD8g.bmp,SD,3,1591,3,277
8,0,v2lineSD0h.bmp,SD,2,1067,3,278
8,8,v2lineSD8b.bmp,SD,3,1715,3,279
8,5,v2lineSD5g.bmp,SD,3,2736,3,280
8,3,v2lineFull3h.bmp,Full,2,1020,3,281
8,8,v2lineSmall8g.bmp,Small,4,1535,3,282
8,0,v2lineFull0i.bmp,Full,2,899,3,283
8,5,v2lineSmall5f.bmp,Small,3,1676,3,284
8,3,v2lineSmall3g.bmp,Small,2,1509,3,285
8,0,v2lineSD0e.bmp,SD,2,749,3,286
8,3,v2lineFull3b.bmp,Full,2,1191,3,287
8,8,v2lineSmall8f.bmp,Small,4,1246,3,288
8,3,v2lineFull3i.bmp,Full,2,805,3,289
8,0,v2lineSD0f.bmp,SD,2,907,3,290
8,8,v2lineSD8f.bmp,SD,3,1182,3,291
8,5,v2lineSmall5g.bmp,Small,2,1864,3,292
8,3,v2lineSmall3h.bmp,Small,2,2426,3,293
8,0,v2lineFull0f.bmp,Full,2,940,3,294
8,0,v2lineSmall0j.bmp,Small,2,1061,3,295
8,8,v2lineFull8j.bmp,Full,2,2164,3,296
8,5,v2lineSD5d.bmp,SD,3,2090,3,297
8,5,v2lineSmall5j.bmp,Small,2,1373,3,298
8,0,v2lineSD0b.bmp,SD,2,949,3,299
8,3,v2lineSD3f.bmp,SD,2,1859,3,300
8,8,v2lineSmall8h.bmp,Small,4,2387,3,301
8,5,v2lineSD5c.bmp,SD,2,4105,3,302
8,0,v2lineFull0a.bmp,Full,1,1280,3,303
8,3,v2lineSD3j.bmp,SD,2,1773,3,304
8,3,v2lineSmall3j.bmp,Small,2,1114,3,305
8,8,v2lineFull8h.bmp,Full,2,1261,3,306
8,8,v2lineSmall8a.bmp,Small,4,2071,3,307
8,3,v2lineSmall3f.bmp,Small,2,3009,3,308
8,8,v2lineSD8h.bmp,SD,4,3021,3,309
8,5,v2lineSmall5d.bmp,Small,2,1997,3,310
8,0,v2lineSmall0b.bmp,Small,2,790,3,311
8,8,v2lineFull8i.bmp,Full,2,1087,3,312
8,3,v2lineSD3e.bmp,SD,2,1146,3,313
8,3,v2lineSmall3b.bmp,Small,2,1123,3,314
8,0,v2lineSmall0d.bmp,Small,2,685,3,315
8,0,v2lineFull0b.bmp,Full,1,1182,3,316
8,0,v2lineFull0e.bmp,Full,2,1174,3,317
8,3,v2lineFull3g.bmp,Full,2,1158,3,318
8,0,v2lineSD0g.bmp,SD,2,970,3,319
8,5,v2lineSmall5a.bmp,Small,3,2430,3,320
8,3,v2lineFull3j.bmp,Full,2,1205,3,321
8,8,v2lineFull8d.bmp,Full,2,1032,3,322
8,5,v2lineFull5j.bmp,Full,2,543,3,323
8,5,v2lineSD5b.bmp,SD,2,1966,3,324
8,0,v2lineSD0a.bmp,SD,2,914,3,325
8,8,v2lineFull8e.bmp,Full,2,937,3,326
8,0,v2lineSmall0h.bmp,Small,2,658,3,327
8,0,v2lineFull0h.bmp,Full,1,1713,3,328
8,0,v2lineSmall0c.bmp,Small,2,1735,3,329
8,3,v2lineSD3b.bmp,SD,2,4020,3,330
8,3,v2lineSD3h.bmp,SD,2,1677,3,331
8,0,v2lineFull0j.bmp,Full,2,877,3,332
8,5,v2lineFull5g.bmp,Full,2,1697,3,333
8,8,v2lineSD8e.bmp,SD,3,1694,3,334
8,8,v2lineSmall8j.bmp,Small,4,1428,3,335
8,5,v2lineFull5b.bmp,Full,2,1185,3,336
8,8,v2lineFull8f.bmp,Full,3,661,3,337
8,5,v2lineSD5h.bmp,SD,3,1497,3,338
8,3,v2lineFull3c.bmp,Full,2,864,3,339
8,3,v2lineSD3c.bmp,SD,3,4041,3,340
8,3,v2lineSD3a.bmp,SD,2,1669,3,341
8,5,v2lineSD5a.bmp,SD,3,1360,3,342
8,5,v2lineSmall5i.bmp,Small,3,2627,3,343
8,3,v2lineSD3i.bmp,SD,2,1560,3,344
8,8,v2lineSD8i.bmp,SD,3,1944,3,345
8,8,v2lineFull8b.bmp,Full,2,2651,3,346
8,0,v2lineSmall0a.bmp,Small,2,1972,3,347
8,3,v2lineSmall3e.bmp,Small,3,2227,3,348
8,5,v2lineSmall5e.bmp,Small,3,1173,3,349
8,0,v2lineSD0i.bmp,SD,2,2357,3,350
8,3,v2lineFull3f.bmp,Full,2,743,3,351
8,3,v2lineSD3g.bmp,SD,3,2545,3,352
8,0,v2lineFull0d.bmp,Full,2,931,3,353
8,0,v2lineSD0j.bmp,SD,2,1060,3,354
8,8,v2lineSmall8c.bmp,Small,3,1314,3,355
8,3,v2lineSD3d.bmp,SD,2,1855,3,356
8,8,v2lineSmall8d.bmp,Small,4,1232,3,357
8,5,v2lineSmall5c.bmp,Small,3,1938,3,358
8,0,v2lineSmall0i.bmp,Small,2,914,3,359
8,3,v2lineSmall3c.bmp,Small,3,1369,3,360
8,8,v2lineSmall8c.bmp,Small,4,1587,4,361
8,8,v2lineFull8c.bmp,Full,3,1321,4,362
8,3,v2lineSmall3e.bmp,Small,3,1727,4,363
8,0,v2lineFull0i.bmp,Full,2,2445,4,364
8,5,v2lineSD5i.bmp,SD,2,1361,4,365
8,0,v2lineSD0g.bmp,SD,2,1067,4,366
8,0,v2lineFull0h.bmp,Full,1,1836,4,367
8,0,v2lineFull0j.bmp,Full,2,790,4,368
8,0,v2lineSmall0c.bmp,Small,2,1188,4,369
8,0,v2lineFull0a.bmp,Full,1,943,4,370
8,8,v2lineSmall8j.bmp,Small,3,1902,4,371
8,5,v2lineSD5a.bmp,SD,3,1366,4,372
8,0,v2lineSmall0j.bmp,Small,2,1107,4,373
8,3,v2lineSmall3f.bmp,Small,2,1922,4,374
8,5,v2lineSD5e.bmp,SD,3,1492,4,375
8,8,v2lineFull8h.bmp,Full,3,1420,4,376
8,5,v2lineSD5f.bmp,SD,2,2250,4,377
8,3,v2lineFull3j.bmp,Full,3,1103,4,378
8,8,v2lineFull8a.bmp,Full,3,1294,4,379
8,5,v2lineSmall5g.bmp,Small,2,2591,4,380
8,0,v2lineSmall0a.bmp,Small,2,1277,4,381
8,8,v2lineSmall8e.bmp,Small,4,1319,4,382
8,8,v2lineFull8d.bmp,Full,3,1874,4,383
8,3,v2lineFull3b.bmp,Full,3,1105,4,384
8,5,v2lineSD5g.bmp,SD,2,2255,4,385
8,8,v2lineSD8i.bmp,SD,3,1406,4,386
8,5,v2lineSmall5b.bmp,Small,2,1900,4,387
8,3,v2lineSD3g.bmp,SD,2,4115,4,388
8,3,v2lineSmall3j.bmp,Small,2,1575,4,389
8,0,v2lineSD0d.bmp,SD,2,939,4,390
8,0,v2lineSmall0f.bmp,Small,2,910,4,391
8,3,v2lineSmall3g.bmp,Small,2,2400,4,392
8,5,v2lineFull5b.bmp,Full,2,1381,4,393
8,8,v2lineSD8h.bmp,SD,4,1830,4,394
8,0,v2lineSmall0e.bmp,Small,2,1050,4,395
8,3,v2lineSD3f.bmp,SD,2,1091,4,396
8,0,v2lineFull0f.bmp,Full,2,2752,4,397
8,0,v2lineFull0g.bmp,Full,2,688,4,398
8,5,v2lineFull5h.bmp,Full,2,1265,4,399
8,8,v2lineSD8b.bmp,SD,4,1266,4,400
8,5,v2lineFull5e.bmp,Full,3,945,4,401
8,0,v2lineSmall0h.bmp,Small,2,750,4,402
8,0,v2lineFull0c.bmp,Full,1,1072,4,403
8,5,v2lineFull5f.bmp,Full,3,989,4,404
8,3,v2lineFull3h.bmp,Full,3,1738,4,405
8,3,v2lineSD3a.bmp,SD,2,5711,4,406
8,3,v2lineSD3e.bmp,SD,2,1117,4,407
8,3,v2lineFull3e.bmp,Full,3,1649,4,408
8,8,v2lineSmall8b.bmp,Small,4,1550,4,409
8,8,v2lineSmall8d.bmp,Small,4,1009,4,410
8,3,v2lineSmall3d.bmp,Small,2,1323,4,411
8,5,v2lineFull5a.bmp,Full,2,1394,4,412
8,0,v2lineSD0e.bmp,SD,2,741,4,413
8,0,v2lineSD0a.bmp,SD,2,1329,4,414
8,0,v2lineSmall0g.bmp,Small,2,1531,4,415
8,8,v2lineSmall8f.bmp,Small,4,1615,4,416
8,5,v2lineFull5i.bmp,Full,2,1151,4,417
8,3,v2lineSD3c.bmp,SD,2,2390,4,418
8,8,v2lineFull8g.bmp,Full,3,5775,4,419
8,0,v2lineSmall0d.bmp,Small,2,976,4,420
8,8,v2lineSmall8g.bmp,Small,4,1284,4,421
8,8,v2lineFull8i.bmp,Full,3,1985,4,422
8,0,v2lineSD0j.bmp,SD,2,1547,4,423
8,8,v2lineFull8j.bmp,Full,3,1837,4,424
8,3,v2lineFull3c.bmp,Full,3,7798,4,425
8,0,v2lineSD0c.bmp,SD,2,7196,4,426
8,5,v2lineSmall5i.bmp,Small,3,1175,4,427
8,5,v2lineSD5c.bmp,SD,3,1214,4,428
8,0,v2lineSD0f.bmp,SD,2,1021,4,429
8,0,v2lineSD0h.bmp,SD,2,943,4,430
8,5,v2lineFull5c.bmp,Full,2,730,4,431
8,5,v2lineSmall5a.bmp,Small,2,2387,4,432
8,0,v2lineFull0b.bmp,Full,1,1197,4,433
8,0,v2lineSD0b.bmp,SD,2,982,4,434
8,8,v2lineFull8b.bmp,Full,3,1019,4,435
8,5,v2lineSmall5f.bmp,Small,2,2274,4,436
8,8,v2lineSD8g.bmp,SD,3,1253,4,437
8,3,v2lineFull3i.bmp,Full,3,948,4,438
8,3,v2lineSD3j.bmp,SD,3,2097,4,439
8,3,v2lineSmall3b.bmp,Small,2,1433,4,440
8,5,v2lineSD5h.bmp,SD,3,1546,4,441
8,3,v2lineSmall3a.bmp,Small,2,1544,4,442
8,3,v2lineSD3h.bmp,SD,2,1592,4,443
8,3,v2lineFull3f.bmp,Full,3,1011,4,444
8,0,v2lineFull0e.bmp,Full,2,1275,4,445
8,8,v2lineSD8f.bmp,SD,3,1581,4,446
8,0,v2lineSmall0b.bmp,Small,2,768,4,447
8,5,v2lineSmall5h.bmp,Small,2,2291,4,448
8,3,v2lineSD3b.bmp,SD,2,2426,4,449
8,5,v2lineSD5j.bmp,SD,2,1763,4,450
8,5,v2lineSmall5j.bmp,Small,2,1754,4,451
8,3,v2lineFull3a.bmp,Full,3,1013,4,452
8,8,v2lineSD8a.bmp,SD,3,1202,4,453
8,8,v2lineSmall8h.bmp,Small,3,962,4,454
8,0,v2lineSmall0i.bmp,Small,2,1036,4,455
8,3,v2lineSmall3h.bmp,Small,2,1246,4,456
8,8,v2lineSD8c.bmp,SD,3,1280,4,457
8,3,v2lineFull3g.bmp,Full,3,1005,4,458
8,8,v2lineFull8f.bmp,Full,3,1153,4,459
8,5,v2lineFull5g.bmp,Full,3,1120,4,460
8,0,v2lineFull0d.bmp,Full,2,1369,4,461
8,8,v2lineSmall8a.bmp,Small,4,1883,4,462
8,5,v2lineFull5j.bmp,Full,3,991,4,463
8,3,v2lineSmall3i.bmp,Small,2,2855,4,464
8,5,v2lineSmall5c.bmp,Small,3,1573,4,465
8,8,v2lineSD8e.bmp,SD,3,1145,4,466
8,8,v2lineFull8e.bmp,Full,2,1590,4,467
8,3,v2lineSmall3c.bmp,Small,2,1973,4,468
8,8,v2lineSD8j.bmp,SD,3,833,4,469
8,5,v2lineSD5b.bmp,SD,2,1926,4,470
8,8,v2lineSmall8i.bmp,Small,3,1140,4,471
8,3,v2lineSD3d.bmp,SD,2,1577,4,472
8,5,v2lineSD5d.bmp,SD,3,1721,4,473
8,5,v2lineSmall5d.bmp,Small,3,2004,4,474
8,8,v2lineSD8d.bmp,SD,3,1255,4,475
8,3,v2lineFull3d.bmp,Full,3,1084,4,476
8,0,v2lineSD0i.bmp,SD,2,1566,4,477
8,3,v2lineSD3i.bmp,SD,2,1202,4,478
8,5,v2lineFull5d.bmp,Full,3,803,4,479
8,5,v2lineSmall5e.bmp,Small,2,2313,4,480
9,3,v2lineSD3c.bmp,SD,2,38350,1,1
9,0,v2lineSD0g.bmp,SD,1,4320,1,2
9,5,v2lineSmall5a.bmp,Small,4,1498,1,3
9,5,v2lineSmall5d.bmp,Small,2,12810,1,4
9,5,v2lineSD5h.bmp,SD,2,13311,1,5
9,0,v2lineSD0j.bmp,SD,1,1845,1,6
9,3,v2lineSmall3b.bmp,Small,3,7100,1,7
9,3,v2lineSmall3f.bmp,Small,2,5758,1,8
9,8,v2lineFull8i.bmp,Full,2,7459,1,9
9,0,v2lineFull0b.bmp,Full,1,1148,1,10
9,5,v2lineSD5b.bmp,SD,2,4001,1,11
9,0,v2lineSmall0d.bmp,Small,1,1351,1,12
9,5,v2lineFull5g.bmp,Full,1,1202,1,13
9,8,v2lineSD8j.bmp,SD,4,10354,1,14
9,0,v2lineFull0e.bmp,Full,1,1052,1,15
9,0,v2lineSmall0i.bmp,Small,2,1451,1,16
9,5,v2lineSmall5g.bmp,Small,3,9195,1,17
9,8,v2lineSD8e.bmp,SD,3,1943,1,18
9,0,v2lineFull0a.bmp,Full,1,864,1,19
9,5,v2lineSD5f.bmp,SD,2,14656,1,20
9,0,v2lineSD0d.bmp,SD,1,1224,1,21
9,8,v2lineSmall8g.bmp,Small,4,3739,1,22
9,0,v2lineSD0b.bmp,SD,1,734,1,23
9,0,v2lineSD0f.bmp,SD,1,654,1,24
9,3,v2lineFull3f.bmp,Full,1,498,1,25
9,8,v2lineSmall8a.bmp,Small,4,3277,1,26
9,3,v2lineFull3a.bmp,Full,1,7716,1,27
9,8,v2lineFull8e.bmp,Full,3,5052,1,28
9,0,v2lineSD0h.bmp,SD,1,1084,1,29
9,0,v2lineSmall0j.bmp,Small,1,471,1,30
9,8,v2lineSmall8d.bmp,Small,3,4892,1,31
9,5,v2lineSmall5h.bmp,Small,3,3672,1,32
9,3,v2lineSD3f.bmp,SD,2,2703,1,33
9,5,v2lineSmall5j.bmp,Small,2,3153,1,34
9,5,v2lineFull5a.bmp,Full,2,3502,1,35
9,0,v2lineFull0c.bmp,Full,1,692,1,36
9,0,v2lineSmall0c.bmp,Small,1,517,1,37
9,3,v2lineSmall3d.bmp,Small,2,3916,1,38
9,0,v2lineSmall0f.bmp,Small,1,689,1,39
9,3,v2lineSmall3c.bmp,Small,2,5002,1,40
9,0,v2lineSD0c.bmp,SD,1,1313,1,41
9,3,v2lineSD3e.bmp,SD,2,7071,1,42
9,3,v2lineSD3a.bmp,SD,2,4677,1,43
9,8,v2lineSmall8c.bmp,Small,4,3045,1,44
9,0,v2lineFull0d.bmp,Full,1,746,1,45
9,8,v2lineFull8b.bmp,Full,3,8710,1,46
9,8,v2lineSD8f.bmp,SD,3,8174,1,47
9,3,v2lineFull3j.bmp,Full,2,2389,1,48
9,5,v2lineSmall5e.bmp,Small,3,3523,1,49
9,0,v2lineSmall0e.bmp,Small,1,3789,1,50
9,3,v2lineSD3d.bmp,SD,2,6981,1,51
9,5,v2lineFull5d.bmp,Full,1,5702,1,52
9,5,v2lineFull5i.bmp,Full,2,1256,1,53
9,8,v2lineFull8j.bmp,Full,2,2427,1,54
9,5,v2lineFull5c.bmp,Full,3,4557,1,55
9,5,v2lineSmall5c.bmp,Small,2,5258,1,56
9,5,v2lineSD5j.bmp,SD,4,4202,1,57
9,3,v2lineSmall3i.bmp,Small,2,3520,1,58
9,8,v2lineFull8a.bmp,Full,2,1578,1,59
9,5,v2lineSD5d.bmp,SD,3,12120,1,60
9,8,v2lineSD8d.bmp,SD,4,3897,1,61
9,3,v2lineSD3i.bmp,SD,1,5290,1,62
9,5,v2lineFull5b.bmp,Full,2,5567,1,63
9,5,v2lineSmall5b.bmp,Small,3,6463,1,64
9,8,v2lineSD8a.bmp,SD,3,10166,1,65
9,3,v2lineSD3g.bmp,SD,2,8529,1,66
9,3,v2lineSmall3g.bmp,Small,2,3558,1,67
9,3,v2lineFull3h.bmp,Full,2,1525,1,68
9,3,v2lineSD3j.bmp,SD,2,3714,1,69
9,3,v2lineFull3i.bmp,Full,2,2113,1,70
9,8,v2lineSmall8i.bmp,Small,4,4269,1,71
9,0,v2lineSmall0g.bmp,Small,1,2072,1,72
9,3,v2lineFull3d.bmp,Full,2,1725,1,73
9,0,v2lineSD0i.bmp,SD,2,3698,1,74
9,5,v2lineSD5g.bmp,SD,3,5314,1,75
9,0,v2lineFull0h.bmp,Full,1,1217,1,76
9,5,v2lineFull5f.bmp,Full,2,992,1,77
9,5,v2lineSmall5i.bmp,Small,3,3483,1,78
9,5,v2lineSD5a.bmp,SD,3,7764,1,79
9,8,v2lineSD8c.bmp,SD,4,13697,1,80
9,8,v2lineFull8d.bmp,Full,4,3447,1,81
9,8,v2lineSD8b.bmp,SD,4,7018,1,82
9,3,v2lineFull3e.bmp,Full,2,3900,1,83
9,0,v2lineFull0i.bmp,Full,1,2913,1,84
9,0,v2lineSmall0h.bmp,Small,1,740,1,85
9,5,v2lineSD5e.bmp,SD,3,3596,1,86
9,8,v2lineSmall8h.bmp,Small,4,3633,1,87
9,0,v2lineSmall0b.bmp,Small,1,823,1,88
9,8,v2lineFull8h.bmp,Full,4,5574,1,89
9,8,v2lineSD8i.bmp,SD,4,3255,1,90
9,3,v2lineSmall3j.bmp,Small,2,3166,1,91
9,5,v2lineFull5h.bmp,Full,2,5522,1,92
9,0,v2lineFull0f.bmp,Full,1,899,1,93
9,8,v2lineSD8h.bmp,SD,3,5559,1,94
9,3,v2lineFull3b.bmp,Full,2,10449,1,95
9,5,v2lineSmall5f.bmp,Small,3,5138,1,96
9,8,v2lineSmall8b.bmp,Small,4,3741,1,97
9,8,v2lineSmall8j.bmp,Small,4,2365,1,98
9,5,v2lineSD5i.bmp,SD,4,4072,1,99
9,5,v2lineFull5j.bmp,Full,3,3853,1,100
9,0,v2lineSD0a.bmp,SD,1,1678,1,101
9,8,v2lineSmall8e.bmp,Small,4,10966,1,102
9,8,v2lineFull8f.bmp,Full,4,2367,1,103
9,0,v2lineSD0e.bmp,SD,1,1000,1,104
9,3,v2lineFull3c.bmp,Full,2,3908,1,105
9,0,v2lineSmall0a.bmp,Small,2,8582,1,106
9,3,v2lineFull3g.bmp,Full,2,4592,1,107
9,3,v2lineSD3b.bmp,SD,3,11410,1,108
9,8,v2lineFull8g.bmp,Full,4,4569,1,109
9,5,v2lineSD5c.bmp,SD,3,3878,1,110
9,0,v2lineFull0j.bmp,Full,1,1010,1,111
9,3,v2lineSD3h.bmp,SD,2,22311,1,112
9,8,v2lineFull8c.bmp,Full,4,4807,1,113
9,3,v2lineSmall3h.bmp,Small,2,2475,1,114
9,3,v2lineSmall3a.bmp,Small,2,3982,1,115
9,3,v2lineSmall3e.bmp,Small,2,3610,1,116
9,5,v2lineFull5e.bmp,Full,2,1833,1,117
9,8,v2lineSD8g.bmp,SD,3,11029,1,118
9,0,v2lineFull0g.bmp,Full,1,957,1,119
9,8,v2lineSmall8f.bmp,Small,4,2998,1,120
9,3,v2lineSmall3j.bmp,Small,2,3096,2,121
9,0,v2lineFull0e.bmp,Full,1,1225,2,122
9,0,v2lineFull0h.bmp,Full,1,874,2,123
9,0,v2lineFull0i.bmp,Full,2,5697,2,124
9,0,v2lineSD0f.bmp,SD,1,879,2,125
9,5,v2lineFull5i.bmp,Full,3,1987,2,126
9,5,v2lineSD5h.bmp,SD,4,6825,2,127
9,5,v2lineSmall5j.bmp,Small,3,10934,2,128
9,8,v2lineSmall8i.bmp,Small,4,6468,2,129
9,0,v2lineFull0c.bmp,Full,1,1386,2,130
9,3,v2lineFull3b.bmp,Full,2,1458,2,131
9,8,v2lineSD8h.bmp,SD,4,8412,2,132
9,8,v2lineSmall8d.bmp,Small,4,5041,2,133
9,5,v2lineFull5d.bmp,Full,2,1349,2,134
9,5,v2lineSmall5d.bmp,Small,3,2861,2,135
9,5,v2lineSmall5h.bmp,Small,3,2048,2,136
9,0,v2lineSmall0b.bmp,Small,1,1933,2,137
9,5,v2lineSD5c.bmp,SD,2,2313,2,138
9,5,v2lineFull5b.bmp,Full,3,2518,2,139
9,8,v2lineSD8d.bmp,SD,4,11399,2,140
9,8,v2lineFull8j.bmp,Full,4,1504,2,141
9,0,v2lineSmall0c.bmp,Small,2,1612,2,142
9,5,v2lineFull5h.bmp,Full,2,6238,2,143
9,5,v2lineSD5a.bmp,SD,2,1761,2,144
9,3,v2lineFull3g.bmp,Full,2,1366,2,145
9,8,v2lineFull8i.bmp,Full,3,2589,2,146
9,5,v2lineSmall5f.bmp,Small,2,2223,2,147
9,8,v2lineSD8a.bmp,SD,4,6675,2,148
9,0,v2lineFull0f.bmp,Full,1,2428,2,149
9,3,v2lineSmall3h.bmp,Small,2,6264,2,150
9,3,v2lineSD3g.bmp,SD,2,6763,2,151
9,3,v2lineSD3a.bmp,SD,4,6443,2,152
9,8,v2lineSD8f.bmp,SD,4,9828,2,153
9,0,v2lineSmall0i.bmp,Small,2,4151,2,154
9,0,v2lineSD0i.bmp,SD,2,3367,2,155
9,8,v2lineFull8a.bmp,Full,2,1119,2,156
9,5,v2lineFull5c.bmp,Full,2,620,2,157
9,5,v2lineSmall5i.bmp,Small,3,6752,2,158
9,5,v2lineFull5g.bmp,Full,2,1579,2,159
9,5,v2lineSD5i.bmp,SD,3,4977,2,160
9,3,v2lineSD3f.bmp,SD,2,11188,2,161
9,8,v2lineSD8i.bmp,SD,3,4014,2,162
9,0,v2lineSD0d.bmp,SD,1,1706,2,163
9,0,v2lineSD0a.bmp,SD,2,7512,2,164
9,8,v2lineFull8h.bmp,Full,3,2772,2,165
9,0,v2lineSmall0a.bmp,Small,2,2979,2,166
9,3,v2lineSD3h.bmp,SD,2,7618,2,167
9,5,v2lineSD5g.bmp,SD,2,1536,2,168
9,3,v2lineSD3j.bmp,SD,2,3117,2,169
9,0,v2lineSmall0e.bmp,Small,1,1518,2,170
9,8,v2lineSmall8a.bmp,Small,4,2733,2,171
9,8,v2lineSD8c.bmp,SD,4,1970,2,172
9,5,v2lineFull5e.bmp,Full,2,3202,2,173
9,0,v2lineSD0c.bmp,SD,1,1159,2,174
9,8,v2lineSmall8h.bmp,Small,4,14192,2,175
9,8,v2lineSD8b.bmp,SD,3,2798,2,176
9,3,v2lineSmall3d.bmp,Small,2,2155,2,177
9,8,v2lineFull8e.bmp,Full,3,25207,2,178
9,0,v2lineSmall0h.bmp,Small,1,1329,2,179
9,8,v2lineSmall8c.bmp,Small,4,7621,2,180
9,3,v2lineSD3c.bmp,SD,2,8154,2,181
9,5,v2lineSmall5e.bmp,Small,3,3041,2,182
9,0,v2lineSD0b.bmp,SD,1,2790,2,183
9,0,v2lineSD0j.bmp,SD,1,841,2,184
9,5,v2lineSD5j.bmp,SD,2,3173,2,185
9,5,v2lineSD5b.bmp,SD,2,1569,2,186
9,8,v2lineSmall8e.bmp,Small,4,3228,2,187
9,5,v2lineSmall5a.bmp,Small,3,2762,2,188
9,3,v2lineSmall3a.bmp,Small,2,6529,2,189
9,3,v2lineFull3h.bmp,Full,2,1744,2,190
9,0,v2lineSmall0d.bmp,Small,2,1442,2,191
9,5,v2lineFull5a.bmp,Full,2,1441,2,192
9,3,v2lineFull3j.bmp,Full,2,942,2,193
9,3,v2lineFull3e.bmp,Full,2,782,2,194
9,0,v2lineFull0d.bmp,Full,1,1208,2,195
9,0,v2lineSD0h.bmp,SD,1,717,2,196
9,3,v2lineSmall3b.bmp,Small,2,6356,2,197
9,8,v2lineSD8g.bmp,SD,4,15981,2,198
9,3,v2lineSmall3e.bmp,Small,2,14351,2,199
9,8,v2lineSmall8f.bmp,Small,4,16074,2,200
9,3,v2lineSmall3g.bmp,Small,2,6933,2,201
9,8,v2lineFull8c.bmp,Full,3,6240,2,202
9,8,v2lineSmall8g.bmp,Small,4,4511,2,203
9,0,v2lineSmall0g.bmp,Small,1,1017,2,204
9,3,v2lineSD3b.bmp,SD,2,5541,2,205
9,0,v2lineFull0j.bmp,Full,1,863,2,206
9,8,v2lineFull8d.bmp,Full,3,3012,2,207
9,8,v2lineFull8b.bmp,Full,3,1500,2,208
9,3,v2lineSmall3f.bmp,Small,2,2134,2,209
9,3,v2lineSmall3c.bmp,Small,2,2787,2,210
9,8,v2lineSD8j.bmp,SD,4,3521,2,211
9,8,v2lineSmall8j.bmp,Small,4,3094,2,212
9,8,v2lineSmall8b.bmp,Small,4,1201,2,213
9,0,v2lineFull0g.bmp,Full,1,1204,2,214
9,3,v2lineSmall3i.bmp,Small,2,5181,2,215
9,3,v2lineSD3d.bmp,SD,3,6931,2,216
9,0,v2lineSmall0j.bmp,Small,1,1987,2,217
9,3,v2lineFull3f.bmp,Full,2,5135,2,218
9,0,v2lineSD0g.bmp,SD,1,1312,2,219
9,3,v2lineSD3i.bmp,SD,2,7406,2,220
9,5,v2lineSD5d.bmp,SD,4,9052,2,221
9,3,v2lineFull3a.bmp,Full,2,1281,2,222
9,3,v2lineFull3d.bmp,Full,2,1694,2,223
9,5,v2lineSmall5g.bmp,Small,3,2178,2,224
9,5,v2lineSD5f.bmp,SD,3,1680,2,225
9,0,v2lineFull0b.bmp,Full,1,1050,2,226
9,5,v2lineFull5j.bmp,Full,2,1405,2,227
9,5,v2lineSD5e.bmp,SD,3,2583,2,228
9,5,v2lineSmall5c.bmp,Small,3,3812,2,229
9,0,v2lineFull0a.bmp,Full,1,942,2,230
9,0,v2lineSmall0f.bmp,Small,1,1023,2,231
9,5,v2lineSmall5b.bmp,Small,3,3700,2,232
9,8,v2lineSD8e.bmp,SD,4,3005,2,233
9,3,v2lineSD3e.bmp,SD,3,18928,2,234
9,8,v2lineFull8g.bmp,Full,4,8704,2,235
9,3,v2lineFull3c.bmp,Full,2,1681,2,236
9,3,v2lineFull3i.bmp,Full,2,1155,2,237
9,8,v2lineFull8f.bmp,Full,3,1291,2,238
9,5,v2lineFull5f.bmp,Full,2,1547,2,239
9,0,v2lineSD0e.bmp,SD,1,1338,2,240
9,5,v2lineSD5e.bmp,SD,3,7415,3,241
9,3,v2lineSmall3i.bmp,Small,2,4748,3,242
9,8,v2lineSD8d.bmp,SD,4,2371,3,243
9,8,v2lineSD8j.bmp,SD,4,1046,3,244
9,5,v2lineSmall5i.bmp,Small,3,2030,3,245
9,3,v2lineFull3d.bmp,Full,2,1582,3,246
9,8,v2lineFull8g.bmp,Full,4,2566,3,247
9,5,v2lineSmall5e.bmp,Small,3,4938,3,248
9,0,v2lineFull0c.bmp,Full,1,1243,3,249
9,3,v2lineSmall3a.bmp,Small,2,2143,3,250
9,5,v2lineFull5c.bmp,Full,2,1489,3,251
9,5,v2lineSmall5d.bmp,Small,3,2372,3,252
9,5,v2lineSD5a.bmp,SD,3,4220,3,253
9,5,v2lineFull5h.bmp,Full,2,5756,3,254
9,5,v2lineFull5f.bmp,Full,3,1582,3,255
9,5,v2lineSmall5j.bmp,Small,3,21903,3,256
9,5,v2lineFull5a.bmp,Full,3,2367,3,257
9,8,v2lineSmall8a.bmp,Small,4,5311,3,258
9,5,v2lineFull5d.bmp,Full,4,4252,3,259
9,5,v2lineSD5i.bmp,SD,3,2842,3,260
9,8,v2lineSD8e.bmp,SD,4,2120,3,261
9,8,v2lineFull8d.bmp,Full,3,13753,3,262
9,8,v2lineFull8a.bmp,Full,3,4840,3,263
9,8,v2lineSD8c.bmp,SD,4,15490,3,264
9,0,v2lineSmall0c.bmp,Small,1,1171,3,265
9,3,v2lineSmall3j.bmp,Small,3,7645,3,266
9,3,v2lineSD3b.bmp,SD,2,15916,3,267
9,3,v2lineSmall3c.bmp,Small,2,1434,3,268
9,8,v2lineSD8g.bmp,SD,4,5239,3,269
9,8,v2lineSD8h.bmp,SD,4,1501,3,270
9,5,v2lineFull5b.bmp,Full,3,13620,3,271
9,8,v2lineSmall8d.bmp,Small,4,5350,3,272
9,0,v2lineFull0b.bmp,Full,1,1361,3,273
9,0,v2lineFull0f.bmp,Full,1,760,3,274
9,0,v2lineSD0e.bmp,SD,1,607,3,275
9,0,v2lineSD0f.bmp,SD,1,392,3,276
9,0,v2lineFull0h.bmp,Full,1,533,3,277
9,8,v2lineSmall8i.bmp,Small,4,5716,3,278
9,0,v2lineSD0h.bmp,SD,1,655,3,279
9,0,v2lineSmall0f.bmp,Small,1,705,3,280
9,0,v2lineSD0a.bmp,SD,1,536,3,281
9,3,v2lineFull3g.bmp,Full,2,1807,3,282
9,8,v2lineFull8f.bmp,Full,4,4072,3,283
9,5,v2lineSD5f.bmp,SD,3,3010,3,284
9,5,v2lineSmall5c.bmp,Small,3,6164,3,285
9,3,v2lineSD3h.bmp,SD,2,9867,3,286
9,0,v2lineSD0g.bmp,SD,1,1133,3,287
9,0,v2lineSD0c.bmp,SD,1,557,3,288
9,0,v2lineSmall0h.bmp,Small,1,719,3,289
9,5,v2lineFull5e.bmp,Full,2,783,3,290
9,8,v2lineFull8j.bmp,Full,4,1466,3,291
9,8,v2lineSmall8e.bmp,Small,4,1589,3,292
9,0,v2lineSmall0j.bmp,Small,1,1277,3,293
9,0,v2lineFull0g.bmp,Full,1,1129,3,294
9,3,v2lineSD3j.bmp,SD,2,6000,3,295
9,8,v2lineFull8h.bmp,Full,3,3346,3,296
9,3,v2lineSD3e.bmp,SD,3,13885,3,297
9,5,v2lineSD5b.bmp,SD,3,6501,3,298
9,0,v2lineFull0j.bmp,Full,1,1041,3,299
9,8,v2lineSmall8h.bmp,Small,4,14899,3,300
9,5,v2lineSmall5f.bmp,Small,3,3154,3,301
9,3,v2lineFull3a.bmp,Full,3,2705,3,302
9,0,v2lineSD0i.bmp,SD,2,940,3,303
9,0,v2lineFull0d.bmp,Full,2,1151,3,304
9,3,v2lineFull3b.bmp,Full,2,605,3,305
9,3,v2lineSmall3b.bmp,Small,2,3887,3,306
9,8,v2lineFull8b.bmp,Full,3,4748,3,307
9,5,v2lineSD5d.bmp,SD,3,5030,3,308
9,0,v2lineSmall0e.bmp,Small,1,2040,3,309
9,8,v2lineSmall8b.bmp,Small,4,21930,3,310
9,0,v2lineSmall0b.bmp,Small,1,3794,3,311
9,3,v2lineSD3i.bmp,SD,2,10997,3,312
9,5,v2lineFull5j.bmp,Full,3,6963,3,313
9,0,v2lineSD0d.bmp,SD,1,955,3,314
9,0,v2lineSmall0a.bmp,Small,2,3216,3,315
9,8,v2lineFull8i.bmp,Full,3,4283,3,316
9,3,v2lineSD3d.bmp,SD,2,4703,3,317
9,5,v2lineSD5h.bmp,SD,3,9642,3,318
9,5,v2lineSD5c.bmp,SD,3,3846,3,319
10,8,v2lineSD8b.bmp,SD,4,3876,1,1
10,3,v2lineSD3i.bmp,SD,3,2194,1,2
10,8,v2lineSmall8d.bmp,Small,4,938,1,3
10,8,v2lineFull8b.bmp,Full,2,1077,1,4
10,0,v2lineFull0e.bmp,Full,1,1065,1,5
10,5,v2lineSmall5h.bmp,Small,4,1359,1,6
10,0,v2lineSD0e.bmp,SD,2,1632,1,7
10,5,v2lineFull5c.bmp,Full,2,1071,1,8
10,8,v2lineSmall8j.bmp,Small,4,860,1,9
10,0,v2lineFull0a.bmp,Full,1,1209,1,10
10,3,v2lineSmall3c.bmp,Small,4,2048,1,11
10,5,v2lineSD5a.bmp,SD,3,1055,1,12
10,5,v2lineSD5e.bmp,SD,3,556,1,13
10,0,v2lineSmall0f.bmp,Small,3,1638,1,14
10,0,v2lineSmall0g.bmp,Small,1,1253,1,15
10,0,v2lineSD0g.bmp,SD,1,435,1,16
10,3,v2lineSD3b.bmp,SD,3,3033,1,17
10,3,v2lineSmall3i.bmp,Small,4,1321,1,18
10,3,v2lineSD3e.bmp,SD,3,972,1,19
10,0,v2lineFull0i.bmp,Full,1,1118,1,20
10,3,v2lineSmall3j.bmp,Small,4,1192,1,21
10,5,v2lineFull5e.bmp,Full,2,5768,1,22
10,8,v2lineFull8d.bmp,Full,2,675,1,23
10,8,v2lineSmall8h.bmp,Small,4,799,1,24
10,8,v2lineFull8j.bmp,Full,2,8175,1,25
10,5,v2lineSD5g.bmp,SD,3,1595,1,26
10,3,v2lineSmall3h.bmp,Small,3,5163,1,27
10,8,v2lineSD8f.bmp,SD,1,3045,1,28
10,5,v2lineSD5d.bmp,SD,3,6324,1,29
10,0,v2lineSD0j.bmp,SD,1,1288,1,30
10,5,v2lineSmall5b.bmp,Small,4,1012,1,31
10,8,v2lineSmall8g.bmp,Small,4,796,1,32
10,5,v2lineFull5j.bmp,Full,2,980,1,33
10,3,v2lineSD3d.bmp,SD,2,2533,1,34
10,5,v2lineSmall5c.bmp,Small,4,3704,1,35
10,3,v2lineSD3g.bmp,SD,2,3412,1,36
10,5,v2lineSD5i.bmp,SD,3,1436,1,37
10,0,v2lineSmall0a.bmp,Small,2,1059,1,38
10,8,v2lineFull8c.bmp,Full,2,769,1,39
10,3,v2lineSD3j.bmp,SD,3,2362,1,40
10,3,v2lineFull3g.bmp,Full,1,2876,1,41
10,3,v2lineSmall3g.bmp,Small,4,1001,1,42
10,8,v2lineFull8g.bmp,Full,2,2049,1,43
10,5,v2lineFull5d.bmp,Full,2,1016,1,44
10,0,v2lineSmall0h.bmp,Small,2,999,1,45
10,8,v2lineFull8a.bmp,Full,2,847,1,46
10,3,v2lineFull3d.bmp,Full,2,932,1,47
10,5,v2lineSmall5e.bmp,Small,4,935,1,48
10,3,v2lineSmall3d.bmp,Small,4,1098,1,49
10,8,v2lineSmall8a.bmp,Small,4,686,1,50
10,5,v2lineSD5h.bmp,SD,3,1834,1,51
10,5,v2lineFull5i.bmp,Full,2,3281,1,52
10,3,v2lineSmall3b.bmp,Small,3,1479,1,53
10,5,v2lineSmall5d.bmp,Small,4,1276,1,54
10,5,v2lineFull5h.bmp,Full,2,2081,1,55
10,3,v2lineFull3a.bmp,Full,1,1278,1,56
10,5,v2lineSmall5j.bmp,Small,4,1027,1,57
10,8,v2lineSmall8i.bmp,Small,4,2088,1,58
10,8,v2lineFull8h.bmp,Full,2,4381,1,59
10,3,v2lineFull3j.bmp,Full,1,1415,1,60
10,8,v2lineSmall8f.bmp,Small,4,1622,1,61
10,0,v2lineSD0b.bmp,SD,1,1165,1,62
10,0,v2lineSmall0j.bmp,Small,2,7047,1,63
10,0,v2lineSmall0i.bmp,Small,4,12646,1,64
10,0,v2lineFull0c.bmp,Full,1,1744,1,65
10,8,v2lineSmall8e.bmp,Small,4,1587,1,66
10,0,v2lineSD0c.bmp,SD,1,2284,1,67
10,0,v2lineFull0j.bmp,Full,1,649,1,68
10,0,v2lineSD0f.bmp,SD,1,951,1,69
10,8,v2lineSD8e.bmp,SD,3,2409,1,70
10,5,v2lineSD5j.bmp,SD,3,1617,1,71
10,8,v2lineSD8a.bmp,SD,3,680,1,72
10,8,v2lineSD8i.bmp,SD,4,1668,1,73
10,8,v2lineSmall8b.bmp,Small,4,882,1,74
10,8,v2lineFull8e.bmp,Full,2,1286,1,75
10,3,v2lineFull3c.bmp,Full,1,2779,1,76
10,3,v2lineSD3h.bmp,SD,2,2116,1,77
10,5,v2lineSmall5g.bmp,Small,4,1584,1,78
10,3,v2lineFull3b.bmp,Full,2,1457,1,79
10,5,v2lineFull5g.bmp,Full,2,1079,1,80
10,5,v2lineSmall5f.bmp,Small,3,1188,1,81
10,0,v2lineFull0b.bmp,Full,1,884,1,82
10,5,v2lineSmall5i.bmp,Small,4,945,1,83
10,5,v2lineFull5a.bmp,Full,2,8050,1,84
10,5,v2lineSD5f.bmp,SD,3,3171,1,85
10,3,v2lineSmall3a.bmp,Small,3,4212,1,86
10,0,v2lineSD0a.bmp,SD,1,981,1,87
10,0,v2lineSD0d.bmp,SD,1,1566,1,88
10,5,v2lineSD5c.bmp,SD,3,3095,1,89
10,0,v2lineSmall0e.bmp,Small,2,1836,1,90
10,8,v2lineFull8i.bmp,Full,2,899,1,91
10,0,v2lineFull0g.bmp,Full,1,686,1,92
10,8,v2lineSD8d.bmp,SD,3,2875,1,93
10,0,v2lineFull0h.bmp,Full,1,816,1,94
10,3,v2lineFull3f.bmp,Full,1,1567,1,95
10,8,v2lineSD8h.bmp,SD,4,1081,1,96
10,8,v2lineSmall8c.bmp,Small,4,886,1,97
10,8,v2lineSD8g.bmp,SD,4,842,1,98
10,0,v2lineSmall0d.bmp,Small,2,1513,1,99
10,3,v2lineSD3c.bmp,SD,2,2556,1,100
10,3,v2lineSmall3e.bmp,Small,4,1182,1,101
10,3,v2lineFull3e.bmp,Full,1,3255,1,102
10,8,v2lineFull8f.bmp,Full,2,709,1,103
10,3,v2lineSD3a.bmp,SD,2,487,1,104
10,5,v2lineFull5f.bmp,Full,2,1420,1,105
10,0,v2lineSmall0b.bmp,Small,1,731,1,106
10,0,v2lineSD0h.bmp,SD,1,542,1,107
10,5,v2lineSmall5a.bmp,Small,4,792,1,108
10,3,v2lineFull3h.bmp,Full,1,3248,1,109
10,5,v2lineFull5b.bmp,Full,1,2439,1,110
10,3,v2lineFull3i.bmp,Full,1,565,1,111
10,5,v2lineSD5b.bmp,SD,3,3487,1,112
10,8,v2lineSD8c.bmp,SD,3,2012,1,113
10,0,v2lineSmall0c.bmp,Small,2,2300,1,114
10,3,v2lineSmall3f.bmp,Small,3,4128,1,115
10,3,v2lineSD3f.bmp,SD,2,2692,1,116
10,0,v2lineFull0f.bmp,Full,1,800,1,117
10,0,v2lineFull0d.bmp,Full,1,656,1,118
10,8,v2lineSD8j.bmp,SD,4,1398,1,119
10,0,v2lineSD0i.bmp,SD,1,2358,1,120
10,0,v2lineSmall0h.bmp,Small,2,1176,2,121
10,5,v2lineSmall5d.bmp,Small,4,1312,2,122
10,0,v2lineSD0h.bmp,SD,1,1212,2,123
10,5,v2lineSmall5j.bmp,Small,4,1003,2,124
10,0,v2lineFull0f.bmp,Full,1,826,2,125
10,8,v2lineSmall8e.bmp,Small,4,3257,2,126
10,3,v2lineSD3f.bmp,SD,2,1879,2,127
10,3,v2lineSD3c.bmp,SD,2,964,2,128
10,5,v2lineSD5j.bmp,SD,2,582,2,129
10,8,v2lineFull8b.bmp,Full,2,1926,2,130
10,3,v2lineSD3a.bmp,SD,2,609,2,131
10,5,v2lineFull5c.bmp,Full,1,6609,2,132
10,3,v2lineSmall3e.bmp,Small,4,1970,2,133
10,3,v2lineFull3h.bmp,Full,2,1291,2,134
10,5,v2lineFull5e.bmp,Full,2,1143,2,135
10,0,v2lineSD0j.bmp,SD,1,1561,2,136
10,3,v2lineSD3e.bmp,SD,2,3347,2,137
10,5,v2lineFull5f.bmp,Full,1,2294,2,138
10,8,v2lineSD8b.bmp,SD,3,1506,2,139
10,3,v2lineSD3j.bmp,SD,3,1342,2,140
10,8,v2lineSD8c.bmp,SD,4,3872,2,141
10,5,v2lineSmall5f.bmp,Small,4,1614,2,142
10,3,v2lineFull3a.bmp,Full,1,1365,2,143
10,8,v2lineFull8c.bmp,Full,1,759,2,144
10,8,v2lineFull8e.bmp,Full,1,583,2,145
10,3,v2lineFull3i.bmp,Full,1,1680,2,146
10,3,v2lineFull3d.bmp,Full,1,509,2,147
10,5,v2lineSD5i.bmp,SD,3,2880,2,148
10,8,v2lineSmall8b.bmp,Small,4,1270,2,149
10,0,v2lineSmall0i.bmp,Small,2,2299,2,150
10,8,v2lineSD8h.bmp,SD,3,1888,2,151
10,3,v2lineSmall3i.bmp,Small,3,2685,2,152
10,0,v2lineSmall0a.bmp,Small,1,4530,2,153
10,0,v2lineFull0i.bmp,Full,1,702,2,154
10,0,v2lineSD0c.bmp,SD,1,537,2,155
10,5,v2lineSmall5e.bmp,Small,4,4764,2,156
10,8,v2lineSmall8h.bmp,Small,4,1718,2,157
10,3,v2lineSmall3b.bmp,Small,4,2058,2,158
10,8,v2lineSD8a.bmp,SD,3,3880,2,159
10,5,v2lineFull5j.bmp,Full,2,3894,2,160
10,8,v2lineSD8g.bmp,SD,4,4339,2,161
10,5,v2lineSmall5h.bmp,Small,4,949,2,162
10,8,v2lineSmall8d.bmp,Small,4,647,2,163
10,3,v2lineSmall3h.bmp,Small,3,12581,2,164
10,3,v2lineFull3c.bmp,Full,1,2698,2,165
10,8,v2lineSD8j.bmp,SD,4,8318,2,166
10,5,v2lineSmall5g.bmp,Small,4,1028,2,167
10,0,v2lineSD0f.bmp,SD,1,1274,2,168
10,8,v2lineFull8g.bmp,Full,2,927,2,169
10,3,v2lineSmall3d.bmp,Small,3,3106,2,170
10,8,v2lineFull8d.bmp,Full,2,1974,2,171
10,5,v2lineSmall5i.bmp,Small,4,3151,2,172
10,8,v2lineSmall8i.bmp,Small,4,834,2,173
10,5,v2lineSD5a.bmp,SD,3,1409,2,174
10,3,v2lineSD3g.bmp,SD,2,936,2,175
10,8,v2lineSD8d.bmp,SD,3,3098,2,176
10,0,v2lineFull0h.bmp,Full,1,943,2,177
10,0,v2lineSmall0e.bmp,Small,2,1449,2,178
10,5,v2lineFull5b.bmp,Full,2,2495,2,179
10,0,v2lineSD0i.bmp,SD,1,964,2,180
10,8,v2lineSmall8j.bmp,Small,4,1853,2,181
10,3,v2lineSmall3f.bmp,Small,3,1691,2,182
10,3,v2lineSmall3c.bmp,Small,3,1120,2,183
10,5,v2lineSD5b.bmp,SD,3,1259,2,184
10,0,v2lineFull0e.bmp,Full,1,897,2,185
10,5,v2lineFull5a.bmp,Full,2,1469,2,186
10,0,v2lineSmall0j.bmp,Small,2,906,2,187
10,5,v2lineFull5d.bmp,Full,1,1173,2,188
10,3,v2lineFull3f.bmp,Full,1,413,2,189
10,0,v2lineFull0g.bmp,Full,1,508,2,190
10,3,v2lineFull3e.bmp,Full,1,535,2,191
10,5,v2lineFull5h.bmp,Full,1,449,2,192
10,0,v2lineFull0d.bmp,Full,1,583,2,193
10,8,v2lineSD8i.bmp,SD,4,4200,2,194
10,0,v2lineFull0b.bmp,Full,1,2600,2,195
10,8,v2lineSmall8f.bmp,Small,4,1496,2,196
10,5,v2lineSD5f.bmp,SD,3,1196,2,197
10,0,v2lineSmall0d.bmp,Small,1,3948,2,198
10,8,v2lineSD8f.bmp,SD,4,5319,2,199
10,5,v2lineSD5g.bmp,SD,3,2195,2,200
10,0,v2lineSD0b.bmp,SD,1,1411,2,201
10,8,v2lineFull8f.bmp,Full,2,3843,2,202
10,3,v2lineFull3j.bmp,Full,1,906,2,203
10,8,v2lineSmall8c.bmp,Small,4,2525,2,204
10,3,v2lineSmall3a.bmp,Small,3,1249,2,205
10,0,v2lineSD0a.bmp,SD,1,1615,2,206
10,3,v2lineSmall3j.bmp,Small,4,4934,2,207
10,3,v2lineSD3h.bmp,SD,2,6026,2,208
10,3,v2lineFull3g.bmp,Full,1,2218,2,209
10,0,v2lineSD0g.bmp,SD,1,418,2,210
10,8,v2lineSmall8g.bmp,Small,4,2057,2,211
10,0,v2lineSD0d.bmp,SD,1,2375,2,212
10,5,v2lineSmall5c.bmp,Small,4,3256,2,213
10,5,v2lineSD5d.bmp,SD,3,7006,2,214
10,5,v2lineSmall5b.bmp,Small,4,2959,2,215
10,3,v2lineSmall3g.bmp,Small,3,3593,2,216
10,8,v2lineFull8a.bmp,Full,2,1554,2,217
10,3,v2lineSD3b.bmp,SD,2,725,2,218
10,5,v2lineFull5g.bmp,Full,2,1279,2,219
10,5,v2lineSD5e.bmp,SD,3,3284,2,220
10,0,v2lineFull0j.bmp,Full,1,1194,2,221
10,0,v2lineSD0e.bmp,SD,1,1018,2,222
10,8,v2lineSmall8a.bmp,Small,4,12720,2,223
10,5,v2lineSmall5a.bmp,Small,4,863,2,224
10,0,v2lineFull0a.bmp,Full,1,924,2,225
10,3,v2lineSD3d.bmp,SD,2,2799,2,226
10,8,v2lineFull8i.bmp,Full,1,13439,2,227
10,8,v2lineFull8j.bmp,Full,1,3113,2,228
10,0,v2lineSmall0b.bmp,Small,1,686,2,229
10,0,v2lineSmall0c.bmp,Small,2,15882,2,230
10,3,v2lineSD3i.bmp,SD,2,2795,2,231
10,0,v2lineFull0c.bmp,Full,1,820,2,232
10,0,v2lineSmall0f.bmp,Small,1,3363,2,233
10,5,v2lineSD5h.bmp,SD,3,4350,2,234
10,5,v2lineSD5c.bmp,SD,3,1897,2,235
10,8,v2lineSD8e.bmp,SD,3,1333,2,236
10,0,v2lineSmall0g.bmp,Small,1,4280,2,237
10,8,v2lineFull8h.bmp,Full,2,1182,2,238
10,3,v2lineFull3b.bmp,Full,1,854,2,239
10,5,v2lineFull5i.bmp,Full,1,1340,2,240
10,0,v2lineSD0j.bmp,SD,1,510,3,241
10,8,v2lineSD8i.bmp,SD,3,1513,3,242
10,0,v2lineSD0g.bmp,SD,1,989,3,243
10,8,v2lineSD8h.bmp,SD,4,3005,3,244
10,0,v2lineSD0f.bmp,SD,1,1237,3,245
10,0,v2lineFull0a.bmp,Full,1,476,3,246
10,0,v2lineSmall0h.bmp,Small,1,1177,3,247
10,8,v2lineSmall8b.bmp,Small,4,857,3,248
10,5,v2lineSmall5b.bmp,Small,4,623,3,249
10,8,v2lineSmall8h.bmp,Small,4,445,3,250
10,8,v2lineFull8e.bmp,Full,2,2987,3,251
10,5,v2lineFull5b.bmp,Full,2,772,3,252
10,5,v2lineSD5a.bmp,SD,3,3268,3,253
10,3,v2lineFull3d.bmp,Full,2,3651,3,254
10,3,v2lineSD3h.bmp,SD,2,1562,3,255
10,3,v2lineFull3c.bmp,Full,1,3587,3,256
10,3,v2lineSmall3f.bmp,Small,3,1133,3,257
10,5,v2lineFull5e.bmp,Full,2,2648,3,258
10,3,v2lineSmall3e.bmp,Small,3,1902,3,259
10,5,v2lineSD5e.bmp,SD,4,10330,3,260
10,0,v2lineSmall0e.bmp,Small,2,3896,3,261
10,8,v2lineFull8f.bmp,Full,2,2861,3,262
10,3,v2lineSmall3j.bmp,Small,3,4763,3,263
10,0,v2lineSD0b.bmp,SD,1,822,3,264
10,3,v2lineSmall3d.bmp,Small,3,5148,3,265
10,8,v2lineSmall8d.bmp,Small,4,968,3,266
10,5,v2lineSmall5g.bmp,Small,4,1433,3,267
10,3,v2lineSD3d.bmp,SD,2,2424,3,268
10,8,v2lineSmall8c.bmp,Small,1,2543,3,269
10,3,v2lineSD3c.bmp,SD,2,4730,3,270
10,0,v2lineSmall0b.bmp,Small,1,1838,3,271
10,5,v2lineFull5a.bmp,Full,1,1397,3,272
10,3,v2lineSmall3g.bmp,Small,3,2365,3,273
10,5,v2lineSmall5c.bmp,Small,4,1822,3,274
10,3,v2lineFull3j.bmp,Full,1,1589,3,275
10,3,v2lineSD3g.bmp,SD,2,917,3,276
10,5,v2lineFull5i.bmp,Full,1,1345,3,277
10,3,v2lineSD3i.bmp,SD,2,715,3,278
10,3,v2lineFull3g.bmp,Full,1,2574,3,279
10,3,v2lineSD3j.bmp,SD,2,848,3,280
10,3,v2lineFull3f.bmp,Full,2,646,3,281
10,3,v2lineFull3b.bmp,Full,2,804,3,282
10,8,v2lineSmall8i.bmp,Small,4,1476,3,283
10,0,v2lineFull0j.bmp,Full,1,856,3,284
10,8,v2lineSD8d.bmp,SD,3,1222,3,285
10,5,v2lineSmall5i.bmp,Small,4,877,3,286
10,3,v2lineFull3h.bmp,Full,1,1048,3,287
10,0,v2lineSmall0i.bmp,Small,2,910,3,288
10,3,v2lineSD3a.bmp,SD,2,970,3,289
10,5,v2lineSD5h.bmp,SD,3,2747,3,290
10,0,v2lineFull0c.bmp,Full,1,822,3,291
10,5,v2lineFull5h.bmp,Full,2,1660,3,292
10,0,v2lineSmall0c.bmp,Small,1,1082,3,293
10,3,v2lineFull3e.bmp,Full,1,815,3,294
10,5,v2lineSmall5e.bmp,Small,4,870,3,295
10,0,v2lineFull0d.bmp,Full,1,1084,3,296
10,0,v2lineSmall0d.bmp,Small,1,984,3,297
10,8,v2lineSD8j.bmp,SD,3,953,3,298
10,8,v2lineSD8c.bmp,SD,4,3554,3,299
10,5,v2lineFull5g.bmp,Full,2,3052,3,300
10,5,v2lineSD5g.bmp,SD,3,3475,3,301
10,8,v2lineSD8g.bmp,SD,3,1697,3,302
10,0,v2lineFull0b.bmp,Full,1,821,3,303
10,8,v2lineSD8b.bmp,SD,3,2573,3,304
10,3,v2lineSD3e.bmp,SD,2,2046,3,305
10,8,v2lineSD8f.bmp,SD,4,4796,3,306
10,0,v2lineFull0i.bmp,Full,1,766,3,307
10,3,v2lineSD3f.bmp,SD,2,966,3,308
10,3,v2lineFull3a.bmp,Full,2,1167,3,309
10,8,v2lineFull8h.bmp,Full,2,729,3,310
10,0,v2lineSmall0g.bmp,Small,1,932,3,311
10,0,v2lineFull0f.bmp,Full,1,758,3,312
10,3,v2lineFull3i.bmp,Full,1,1464,3,313
10,8,v2lineSmall8f.bmp,Small,4,837,3,314
10,5,v2lineFull5d.bmp,Full,2,19331,3,315
10,0,v2lineFull0h.bmp,Full,1,876,3,316
10,5,v2lineSmall5d.bmp,Small,4,2281,3,317
10,8,v2lineFull8a.bmp,Full,2,2758,3,318
10,5,v2lineSD5b.bmp,SD,2,3976,3,319
10,5,v2lineSmall5h.bmp,Small,4,4410,3,320
10,5,v2lineSmall5j.bmp,Small,4,3586,3,321
10,8,v2lineFull8b.bmp,Full,2,13883,3,322
10,0,v2lineSmall0a.bmp,Small,2,965,3,323
10,8,v2lineFull8c.bmp,Full,2,2326,3,324
10,5,v2lineSD5d.bmp,SD,2,1305,3,325
10,3,v2lineSmall3h.bmp,Small,3,3637,3,326
10,5,v2lineFull5c.bmp,Full,2,1436,3,327
10,5,v2lineFull5j.bmp,Full,1,2634,3,328
10,8,v2lineFull8i.bmp,Full,1,1178,3,329
10,8,v2lineFull8d.bmp,Full,1,587,3,330
10,0,v2lineSD0e.bmp,SD,1,475,3,331
10,0,v2lineSD0d.bmp,SD,1,480,3,332
10,5,v2lineSmall5a.bmp,Small,4,788,3,333
10,5,v2lineSmall5f.bmp,Small,4,613,3,334
10,0,v2lineSD0i.bmp,SD,2,1332,3,335
10,5,v2lineSD5c.bmp,SD,2,799,3,336
10,0,v2lineSD0c.bmp,SD,1,735,3,337
10,3,v2lineSmall3c.bmp,Small,3,1154,3,338
10,8,v2lineSmall8j.bmp,Small,4,1252,3,339
10,3,v2lineSD3b.bmp,SD,2,2857,3,340
10,8,v2lineSmall8g.bmp,Small,4,815,3,341
10,5,v2lineSD5f.bmp,SD,3,2910,3,342
10,0,v2lineSD0h.bmp,SD,1,1298,3,343
10,8,v2lineFull8g.bmp,Full,1,9439,3,344
10,5,v2lineSD5i.bmp,SD,2,5416,3,345
10,0,v2lineSmall0f.bmp,Small,1,1345,3,346
10,0,v2lineSD0a.bmp,SD,1,714,3,347
10,0,v2lineSmall0j.bmp,Small,1,5125,3,348
10,3,v2lineSmall3a.bmp,Small,3,945,3,349
10,8,v2lineSmall8a.bmp,Small,4,851,3,350
10,3,v2lineSmall3i.bmp,Small,4,449,3,351
10,8,v2lineSmall8e.bmp,Small,4,439,3,352
10,8,v2lineSD8a.bmp,SD,4,1317,3,353
10,5,v2lineSD5j.bmp,SD,3,1153,3,354
10,5,v2lineFull5f.bmp,Full,2,1603,3,355
10,8,v2lineSD8e.bmp,SD,3,1027,3,356
10,0,v2lineFull0e.bmp,Full,1,970,3,357
10,8,v2lineFull8j.bmp,Full,2,1635,3,358
10,3,v2lineSmall3b.bmp,Small,3,881,3,359
10,0,v2lineFull0g.bmp,Full,1,734,3,360
10,8,v2lineSD8h.bmp,SD,3,833,4,361
10,3,v2lineSD3d.bmp,SD,2,1655,4,362
10,8,v2lineFull8g.bmp,Full,2,2005,4,363
10,8,v2lineFull8a.bmp,Full,2,1501,4,364
10,0,v2lineSmall0e.bmp,Small,1,961,4,365
10,8,v2lineSD8b.bmp,SD,4,4242,4,366
10,8,v2lineFull8j.bmp,Full,2,890,4,367
10,5,v2lineSD5f.bmp,SD,3,6565,4,368
10,5,v2lineSD5h.bmp,SD,3,1664,4,369
10,8,v2lineSmall8c.bmp,Small,4,2390,4,370
10,3,v2lineFull3d.bmp,Full,1,734,4,371
10,5,v2lineFull5i.bmp,Full,1,1417,4,372
10,8,v2lineFull8f.bmp,Full,1,984,4,373
10,5,v2lineSD5d.bmp,SD,2,1841,4,374
10,3,v2lineFull3f.bmp,Full,2,1679,4,375
10,3,v2lineSmall3g.bmp,Small,3,892,4,376
10,0,v2lineFull0h.bmp,Full,1,776,4,377
10,5,v2lineFull5e.bmp,Full,1,1737,4,378
10,3,v2lineSD3f.bmp,SD,3,3635,4,379
10,5,v2lineFull5h.bmp,Full,2,891,4,380
10,3,v2lineSD3j.bmp,SD,2,919,4,381
10,5,v2lineSmall5e.bmp,Small,4,3026,4,382
10,5,v2lineFull5d.bmp,Full,2,1202,4,383
10,0,v2lineFull0a.bmp,Full,1,802,4,384
10,5,v2lineSmall5f.bmp,Small,4,946,4,385
10,3,v2lineSD3g.bmp,SD,2,1604,4,386
10,0,v2lineSD0g.bmp,SD,1,668,4,387
10,3,v2lineFull3g.bmp,Full,2,1617,4,388
10,3,v2lineSD3h.bmp,SD,2,961,4,389
10,8,v2lineSD8f.bmp,SD,3,810,4,390
10,0,v2lineSD0f.bmp,SD,1,1306,4,391
10,8,v2lineSmall8i.bmp,Small,4,1028,4,392
10,8,v2lineSmall8a.bmp,Small,4,707,4,393
10,8,v2lineSD8j.bmp,SD,4,1054,4,394
10,8,v2lineSmall8e.bmp,Small,4,604,4,395
10,3,v2lineFull3j.bmp,Full,2,1148,4,396
10,8,v2lineSmall8b.bmp,Small,4,870,4,397
10,8,v2lineSmall8h.bmp,Small,4,1100,4,398
10,3,v2lineSmall3b.bmp,Small,3,1144,4,399
10,3,v2lineFull3i.bmp,Full,2,1994,4,400
10,0,v2lineFull0i.bmp,Full,1,658,4,401
10,0,v2lineSD0h.bmp,SD,1,688,4,402
10,3,v2lineSmall3h.bmp,Small,3,1220,4,403
10,3,v2lineSmall3a.bmp,Small,4,2995,4,404
10,0,v2lineSD0j.bmp,SD,1,908,4,405
10,5,v2lineFull5b.bmp,Full,2,2102,4,406
10,0,v2lineSmall0f.bmp,Small,1,2067,4,407
10,0,v2lineSmall0i.bmp,Small,1,6217,4,408
10,0,v2lineSmall0c.bmp,Small,1,4210,4,409
10,5,v2lineSD5j.bmp,SD,3,3570,4,410
10,0,v2lineSmall0j.bmp,Small,2,7308,4,411
10,3,v2lineFull3a.bmp,Full,1,970,4,412
10,5,v2lineSmall5j.bmp,Small,4,9899,4,413
10,8,v2lineSmall8j.bmp,Small,4,1226,4,414
10,0,v2lineFull0e.bmp,Full,1,745,4,415
10,8,v2lineSD8c.bmp,SD,3,1715,4,416
10,5,v2lineSmall5a.bmp,Small,4,2447,4,417
10,8,v2lineSD8e.bmp,SD,4,2692,4,418
10,0,v2lineSmall0d.bmp,Small,1,2073,4,419
10,5,v2lineSmall5d.bmp,Small,4,2374,4,420
10,3,v2lineSmall3c.bmp,Small,3,6151,4,421
10,3,v2lineSmall3j.bmp,Small,1,2979,4,422
10,0,v2lineSD0i.bmp,SD,1,3677,4,423
10,8,v2lineSD8i.bmp,SD,3,1202,4,424
10,8,v2lineFull8i.bmp,Full,2,715,4,425
10,3,v2lineFull3c.bmp,Full,1,302,4,426
10,8,v2lineSD8d.bmp,SD,4,257,4,427
10,8,v2lineSmall8f.bmp,Small,2,286,4,428
10,5,v2lineSmall5g.bmp,Small,4,722,4,429
10,8,v2lineFull8b.bmp,Full,2,813,4,430
10,0,v2lineSD0b.bmp,SD,1,676,4,431
10,0,v2lineFull0d.bmp,Full,1,1673,4,432
10,5,v2lineFull5c.bmp,Full,2,1174,4,433
10,0,v2lineFull0j.bmp,Full,1,639,4,434
10,3,v2lineSD3a.bmp,SD,2,1525,4,435
10,5,v2lineFull5f.bmp,Full,1,3952,4,436
10,8,v2lineSmall8g.bmp,Small,4,907,4,437
10,8,v2lineFull8e.bmp,Full,2,1910,4,438
10,5,v2lineSmall5h.bmp,Small,4,730,4,439
10,0,v2lineFull0b.bmp,Full,1,667,4,440
10,5,v2lineSD5c.bmp,SD,3,3193,4,441
10,3,v2lineSD3i.bmp,SD,2,810,4,442
10,3,v2lineSD3c.bmp,SD,2,681,4,443
10,8,v2lineSD8g.bmp,SD,3,861,4,444
10,5,v2lineSD5a.bmp,SD,2,1139,4,445
10,3,v2lineFull3e.bmp,Full,2,781,4,446
10,5,v2lineSD5i.bmp,SD,3,710,4,447
10,5,v2lineFull5a.bmp,Full,2,1449,4,448
10,5,v2lineSmall5c.bmp,Small,4,847,4,449
10,8,v2lineFull8d.bmp,Full,2,917,4,450
10,3,v2lineSD3b.bmp,SD,2,969,4,451
10,5,v2lineSD5e.bmp,SD,3,1658,4,452
10,0,v2lineSD0e.bmp,SD,1,1271,4,453
10,3,v2lineFull3h.bmp,Full,1,460,4,454
10,3,v2lineSmall3e.bmp,Small,4,697,4,455
10,0,v2lineSD0a.bmp,SD,1,1405,4,456
10,3,v2lineSmall3d.bmp,Small,3,4437,4,457
10,0,v2lineSD0d.bmp,SD,1,1196,4,458
10,0,v2lineSmall0b.bmp,Small,1,516,4,459
10,0,v2lineSmall0h.bmp,Small,2,863,4,460
10,0,v2lineFull0f.bmp,Full,1,621,4,461
10,3,v2lineSD3e.bmp,SD,2,1908,4,462
10,0,v2lineSD0c.bmp,SD,1,648,4,463
10,5,v2lineSmall5i.bmp,Small,4,1870,4,464
10,3,v2lineSmall3f.bmp,Small,4,603,4,465
10,8,v2lineSD8a.bmp,SD,4,1850,4,466
10,5,v2lineSD5g.bmp,SD,3,1265,4,467
10,0,v2lineFull0c.bmp,Full,1,814,4,468
10,5,v2lineSD5b.bmp,SD,3,2726,4,469
10,5,v2lineFull5g.bmp,Full,1,2817,4,470
10,8,v2lineFull8h.bmp,Full,2,4025,4,471
10,0,v2lineSmall0a.bmp,Small,1,1545,4,472
10,3,v2lineFull3b.bmp,Full,1,1675,4,473
10,0,v2lineSmall0g.bmp,Small,1,336,4,474
10,8,v2lineSmall8d.bmp,Small,1,259,4,475
10,5,v2lineSmall5b.bmp,Small,4,648,4,476
10,5,v2lineFull5j.bmp,Full,2,861,4,477
10,8,v2lineFull8c.bmp,Full,1,2634,4,478
10,0,v2lineFull0g.bmp,Full,1,993,4,479
10,3,v2lineSmall3i.bmp,Small,3,12321,4,480
11,5,v2lineFull5j.bmp,Full,2,9261,1,1
11,3,v2lineFull3i.bmp,Full,2,837,1,2
11,8,v2lineSmall8c.bmp,Small,4,1716,1,3
11,0,v2lineSD0b.bmp,SD,1,1127,1,4
11,5,v2lineSmall5j.bmp,Small,4,706,1,5
11,8,v2lineFull8b.bmp,Full,2,702,1,6
11,5,v2lineFull5h.bmp,Full,2,641,1,7
11,5,v2lineSD5g.bmp,SD,3,895,1,8
11,0,v2lineSmall0f.bmp,Small,1,3475,1,9
11,5,v2lineSmall5e.bmp,Small,4,784,1,10
11,8,v2lineFull8c.bmp,Full,2,945,1,11
11,5,v2lineFull5a.bmp,Full,2,547,1,12
11,5,v2lineFull5c.bmp,Full,2,397,1,13
11,0,v2lineFull0i.bmp,Full,2,276,1,14
11,5,v2lineFull5i.bmp,Full,2,481,1,15
11,8,v2lineFull8d.bmp,Full,2,398,1,16
11,3,v2lineSmall3g.bmp,Small,3,1285,1,17
11,5,v2lineFull5b.bmp,Full,2,626,1,18
11,5,v2lineSmall5h.bmp,Small,4,729,1,19
11,0,v2lineSD0c.bmp,SD,1,1219,1,20
11,3,v2lineSmall3c.bmp,Small,3,891,1,21
11,3,v2lineSmall3a.bmp,Small,3,1311,1,22
11,0,v2lineFull0j.bmp,Full,1,1682,1,23
11,8,v2lineFull8i.bmp,Full,2,815,1,24
11,3,v2lineFull3d.bmp,Full,2,2111,1,25
11,0,v2lineSD0g.bmp,SD,1,2170,1,26
11,5,v2lineSmall5b.bmp,Small,4,691,1,27
11,3,v2lineSmall3d.bmp,Small,4,447,1,28
11,3,v2lineSD3j.bmp,SD,2,661,1,29
11,8,v2lineFull8e.bmp,Full,2,578,1,30
11,0,v2lineSD0i.bmp,SD,2,403,1,31
11,5,v2lineSD5j.bmp,SD,2,667,1,32
11,0,v2lineFull0d.bmp,Full,1,1392,1,33
11,3,v2lineSD3i.bmp,SD,2,656,1,34
11,8,v2lineSD8a.bmp,SD,4,830,1,35
11,3,v2lineSmall3f.bmp,Small,4,540,1,36
11,8,v2lineSD8h.bmp,SD,4,358,1,37
11,5,v2lineSD5f.bmp,SD,4,327,1,38
11,0,v2lineSmall0d.bmp,Small,2,954,1,39
11,0,v2lineSmall0g.bmp,Small,2,676,1,40
11,3,v2lineSD3g.bmp,SD,1,880,1,41
11,0,v2lineSD0d.bmp,SD,2,693,1,42
11,0,v2lineFull0f.bmp,Full,1,609,1,43
11,0,v2lineSD0j.bmp,SD,1,360,1,44
11,3,v2lineSD3b.bmp,SD,2,344,1,45
11,3,v2lineSD3h.bmp,SD,2,530,1,46
11,8,v2lineSD8b.bmp,SD,2,909,1,47
11,5,v2lineSmall5c.bmp,Small,4,464,1,48
11,0,v2lineSD0a.bmp,SD,2,485,1,49
11,8,v2lineSD8j.bmp,SD,3,850,1,50
11,8,v2lineSmall8e.bmp,Small,4,680,1,51
11,3,v2lineFull3f.bmp,Full,2,973,1,52
11,3,v2lineSD3a.bmp,SD,2,349,1,53
11,3,v2lineFull3g.bmp,Full,2,463,1,54
11,8,v2lineSmall8i.bmp,Small,4,764,1,55
11,0,v2lineSD0e.bmp,SD,2,1430,1,56
11,3,v2lineFull3h.bmp,Full,2,3157,1,57
11,8,v2lineSD8f.bmp,SD,4,991,1,58
11,3,v2lineSD3c.bmp,SD,2,663,1,59
11,3,v2lineSmall3j.bmp,Small,4,516,1,60
11,0,v2lineSmall0i.bmp,Small,2,623,1,61
11,8,v2lineSmall8d.bmp,Small,4,533,1,62
11,8,v2lineSmall8j.bmp,Small,4,487,1,63
11,8,v2lineSmall8g.bmp,Small,4,356,1,64
11,3,v2lineFull3a.bmp,Full,2,573,1,65
11,5,v2lineSD5d.bmp,SD,4,518,1,66
11,3,v2lineSD3e.bmp,SD,2,721,1,67
11,8,v2lineSmall8b.bmp,Small,4,684,1,68
11,5,v2lineSD5h.bmp,SD,4,433,1,69
11,0,v2lineSmall0j.bmp,Small,2,495,1,70
11,8,v2lineSmall8a.bmp,Small,4,515,1,71
11,3,v2lineFull3e.bmp,Full,2,478,1,72
11,5,v2lineSmall5i.bmp,Small,4,459,1,73
11,5,v2lineSmall5a.bmp,Small,4,408,1,74
11,0,v2lineSmall0a.bmp,Small,2,455,1,75
11,8,v2lineSD8g.bmp,SD,4,565,1,76
11,3,v2lineSmall3b.bmp,Small,4,542,1,77
11,0,v2lineSD0h.bmp,SD,2,656,1,78
11,5,v2lineSD5a.bmp,SD,3,3661,1,79
11,0,v2lineSmall0e.bmp,Small,2,2442,1,80
11,8,v2lineFull8h.bmp,Full,2,649,1,81
11,5,v2lineFull5d.bmp,Full,2,415,1,82
11,0,v2lineFull0b.bmp,Full,1,902,1,83
11,5,v2lineSD5i.bmp,SD,2,5274,1,84
11,0,v2lineFull0g.bmp,Full,1,1040,1,85
11,8,v2lineFull8j.bmp,Full,2,622,1,86
11,5,v2lineFull5g.bmp,Full,2,557,1,87
11,3,v2lineFull3c.bmp,Full,2,318,1,88
11,5,v2lineFull5e.bmp,Full,2,281,1,89
11,3,v2lineSD3d.bmp,SD,2,262,1,90
11,8,v2lineSD8i.bmp,SD,2,267,1,91
11,3,v2lineFull3b.bmp,Full,2,400,1,92
11,8,v2lineSmall8f.bmp,Small,4,744,1,93
11,8,v2lineFull8f.bmp,Full,2,666,1,94
11,8,v2lineSmall8h.bmp,Small,4,399,1,95
11,5,v2lineSD5c.bmp,SD,4,559,1,96
11,0,v2lineFull0h.bmp,Full,2,423,1,97
11,5,v2lineSD5b.bmp,SD,2,1038,1,98
11,8,v2lineSD8d.bmp,SD,4,877,1,99
11,3,v2lineSmall3i.bmp,Small,4,425,1,100
11,0,v2lineFull0a.bmp,Full,1,704,1,101
11,5,v2lineSmall5d.bmp,Small,4,612,1,102
11,5,v2lineSD5e.bmp,SD,4,843,1,103
11,3,v2lineFull3j.bmp,Full,2,697,1,104
11,5,v2lineSmall5f.bmp,Small,4,581,1,105
11,5,v2lineFull5f.bmp,Full,2,517,1,106
11,3,v2lineSmall3h.bmp,Small,4,545,1,107
11,8,v2lineSD8c.bmp,SD,4,363,1,108
11,0,v2lineSmall0c.bmp,Small,2,660,1,109
11,0,v2lineSmall0h.bmp,Small,2,385,1,110
11,8,v2lineFull8a.bmp,Full,2,466,1,111
11,8,v2lineSD8e.bmp,SD,3,1039,1,112
11,0,v2lineFull0c.bmp,Full,1,765,1,113
11,5,v2lineSmall5g.bmp,Small,4,758,1,114
11,3,v2lineSD3f.bmp,SD,2,655,1,115
11,0,v2lineSmall0b.bmp,Small,1,852,1,116
11,3,v2lineSmall3e.bmp,Small,4,650,1,117
11,8,v2lineFull8g.bmp,Full,4,496,1,118
11,0,v2lineFull0e.bmp,Full,2,468,1,119
11,0,v2lineSD0f.bmp,SD,2,689,1,120
11,0,v2lineSD0e.bmp,SD,2,381,2,121
11,5,v2lineSmall5d.bmp,Small,1,533,2,122
11,3,v2lineFull3h.bmp,Full,1,672,2,123
11,8,v2lineSmall8i.bmp,Small,4,476,2,124
11,3,v2lineSmall3a.bmp,Small,4,313,2,125
11,5,v2lineSD5i.bmp,SD,4,268,2,126
11,3,v2lineSD3a.bmp,SD,4,289,2,127
11,0,v2lineSD0b.bmp,SD,2,581,2,128
11,5,v2lineSmall5a.bmp,Small,4,542,2,129
11,8,v2lineFull8a.bmp,Full,4,663,2,130
11,8,v2lineFull8g.bmp,Full,4,341,2,131
11,8,v2lineSD8c.bmp,SD,4,447,2,132
11,0,v2lineFull0i.bmp,Full,1,716,2,133
11,8,v2lineSD8b.bmp,SD,4,744,2,134
11,8,v2lineSmall8f.bmp,Small,4,442,2,135
11,8,v2lineSD8a.bmp,SD,4,360,2,136
11,5,v2lineSD5j.bmp,SD,4,328,2,137
11,3,v2lineSD3b.bmp,SD,4,314,2,138
11,3,v2lineSmall3d.bmp,Small,4,309,2,139
11,0,v2lineFull0b.bmp,Full,1,648,2,140
11,5,v2lineFull5i.bmp,Full,2,734,2,141
11,5,v2lineFull5g.bmp,Full,2,377,2,142
11,3,v2lineSD3h.bmp,SD,2,394,2,143
11,0,v2lineSD0c.bmp,SD,2,713,2,144
11,0,v2lineFull0c.bmp,Full,1,701,2,145
11,5,v2lineSD5c.bmp,SD,2,673,2,146
11,0,v2lineFull0f.bmp,Full,1,597,2,147
11,0,v2lineSmall0g.bmp,Small,1,485,2,148
11,5,v2lineFull5h.bmp,Full,1,362,2,149
11,3,v2lineFull3i.bmp,Full,2,275,2,150
11,0,v2lineSD0h.bmp,SD,1,655,2,151
11,3,v2lineSmall3c.bmp,Small,4,685,2,152
11,5,v2lineSmall5i.bmp,Small,4,425,2,153
11,3,v2lineSmall3e.bmp,Small,4,336,2,154
11,5,v2lineSmall5g.bmp,Small,4,266,2,155
11,5,v2lineFull5f.bmp,Full,2,607,2,156
11,0,v2lineSmall0h.bmp,Small,2,783,2,157
11,8,v2lineSD8j.bmp,SD,4,974,2,158
11,5,v2lineSD5a.bmp,SD,4,575,2,159
11,3,v2lineSmall3j.bmp,Small,4,552,2,160
11,0,v2lineSD0j.bmp,SD,2,1097,2,161
11,5,v2lineSD5e.bmp,SD,4,742,2,162
11,3,v2lineFull3a.bmp,Full,1,688,2,163
11,3,v2lineSD3c.bmp,SD,2,804,2,164
11,0,v2lineFull0g.bmp,Full,1,803,2,165
11,0,v2lineFull0h.bmp,Full,1,427,2,166
11,3,v2lineFull3g.bmp,Full,1,442,2,167
11,3,v2lineFull3e.bmp,Full,1,416,2,168
11,3,v2lineSmall3f.bmp,Small,4,655,2,169
11,3,v2lineSD3i.bmp,SD,2,860,2,170
11,0,v2lineFull0e.bmp,Full,1,714,2,171
11,5,v2lineSmall5h.bmp,Small,4,597,2,172
11,5,v2lineSD5g.bmp,SD,4,365,2,173
11,5,v2lineFull5a.bmp,Full,2,838,2,174
11,8,v2lineSD8e.bmp,SD,4,572,2,175
11,0,v2lineFull0d.bmp,Full,1,653,2,176
11,5,v2lineSD5b.bmp,SD,4,666,2,177
11,3,v2lineFull3b.bmp,Full,2,1359,2,178
11,0,v2lineSD0a.bmp,SD,1,504,2,179
11,5,v2lineSmall5j.bmp,Small,4,508,2,180
11,3,v2lineSD3d.bmp,SD,1,943,2,181
11,8,v2lineSD8i.bmp,SD,4,665,2,182
11,5,v2lineSD5f.bmp,SD,4,494,2,183
11,3,v2lineSD3g.bmp,SD,2,810,2,184
11,8,v2lineSmall8g.bmp,Small,4,649,2,185
11,3,v2lineSmall3h.bmp,Small,4,383,2,186
11,8,v2lineFull8c.bmp,Full,2,888,2,187
11,3,v2lineFull3f.bmp,Full,2,668,2,188
11,5,v2lineSD5h.bmp,SD,4,864,2,189
11,3,v2lineFull3d.bmp,Full,2,566,2,190
11,0,v2lineSD0f.bmp,SD,2,783,2,191
11,8,v2lineFull8b.bmp,Full,2,416,2,192
11,0,v2lineFull0a.bmp,Full,1,607,2,193
11,8,v2lineFull8f.bmp,Full,2,486,2,194
11,0,v2lineSmall0d.bmp,Small,2,666,2,195
11,0,v2lineSmall0f.bmp,Small,2,399,2,196
11,8,v2lineFull8i.bmp,Full,2,319,2,197
11,0,v2lineSmall0i.bmp,Small,2,322,2,198
11,0,v2lineSD0d.bmp,SD,2,452,2,199
11,8,v2lineSD8g.bmp,SD,4,610,2,200
11,3,v2lineSD3f.bmp,SD,2,729,2,201
11,0,v2lineSmall0e.bmp,Small,2,556,2,202
11,8,v2lineSD8d.bmp,SD,4,581,2,203
11,0,v2lineSmall0b.bmp,Small,1,742,2,204
11,5,v2lineFull5e.bmp,Full,1,472,2,205
11,5,v2lineFull5d.bmp,Full,2,789,2,206
11,5,v2lineSD5d.bmp,SD,2,261,2,207
11,8,v2lineSmall8b.bmp,Small,4,802,2,208
11,3,v2lineSD3e.bmp,SD,4,618,2,209
11,3,v2lineFull3j.bmp,Full,2,649,2,210
11,8,v2lineFull8e.bmp,Full,2,383,2,211
11,5,v2lineFull5b.bmp,Full,2,344,2,212
11,8,v2lineSmall8d.bmp,Small,2,274,2,213
11,0,v2lineSD0g.bmp,SD,1,750,2,214
11,3,v2lineSmall3b.bmp,Small,4,664,2,215
11,0,v2lineSmall0c.bmp,Small,2,596,2,216
11,8,v2lineFull8h.bmp,Full,2,636,2,217
11,8,v2lineSD8h.bmp,SD,2,251,2,218
11,0,v2lineSD0i.bmp,SD,2,729,2,219
11,8,v2lineFull8d.bmp,Full,2,403,2,220
11,8,v2lineFull8j.bmp,Full,2,379,2,221
11,0,v2lineSmall0j.bmp,Small,2,564,2,222
11,3,v2lineSmall3g.bmp,Small,4,605,2,223
11,5,v2lineSmall5c.bmp,Small,2,437,2,224
11,8,v2lineSD8f.bmp,SD,4,491,2,225
11,3,v2lineFull3c.bmp,Full,2,599,2,226
11,5,v2lineSmall5e.bmp,Small,4,671,2,227
11,8,v2lineSmall8c.bmp,Small,4,524,2,228
11,5,v2lineSmall5f.bmp,Small,4,343,2,229
11,5,v2lineFull5c.bmp,Full,2,657,2,230
11,0,v2lineFull0j.bmp,Full,1,774,2,231
11,3,v2lineSmall3i.bmp,Small,4,743,2,232
11,0,v2lineSmall0a.bmp,Small,2,2433,2,233
11,5,v2lineFull5j.bmp,Full,2,416,2,234
11,8,v2lineSmall8a.bmp,Small,4,542,2,235
11,8,v2lineSmall8e.bmp,Small,4,520,2,236
11,8,v2lineSmall8j.bmp,Small,4,291,2,237
11,8,v2lineSmall8h.bmp,Small,4,239,2,238
11,5,v2lineSmall5b.bmp,Small,4,261,2,239
11,3,v2lineSD3j.bmp,SD,4,298,2,240
11,5,v2lineFull5g.bmp,Full,2,414,3,241
11,5,v2lineSD5f.bmp,SD,2,349,3,242
11,5,v2lineSD5h.bmp,SD,4,447,3,243
11,5,v2lineFull5b.bmp,Full,2,373,3,244
11,8,v2lineSD8e.bmp,SD,4,493,3,245
11,3,v2lineFull3i.bmp,Full,2,393,3,246
11,0,v2lineSmall0b.bmp,Small,1,873,3,247
11,5,v2lineSmall5b.bmp,Small,4,614,3,248
11,8,v2lineSmall8b.bmp,Small,4,469,3,249
11,5,v2lineSD5c.bmp,SD,4,370,3,250
11,8,v2lineSD8b.bmp,SD,4,395,3,251
11,8,v2lineFull8a.bmp,Full,2,587,3,252
11,8,v2lineFull8d.bmp,Full,2,396,3,253
11,5,v2lineFull5e.bmp,Full,2,379,3,254
11,8,v2lineFull8c.bmp,Full,2,372,3,255
11,3,v2lineSD3c.bmp,SD,2,477,3,256
11,0,v2lineSmall0g.bmp,Small,2,873,3,257
11,0,v2lineSD0a.bmp,SD,1,757,3,258
11,3,v2lineSmall3f.bmp,Small,4,783,3,259
11,5,v2lineSmall5c.bmp,Small,4,399,3,260
11,5,v2lineFull5i.bmp,Full,2,599,3,261
11,0,v2lineSmall0e.bmp,Small,2,543,3,262
11,3,v2lineSD3h.bmp,SD,2,289,3,263
11,8,v2lineSD8h.bmp,SD,2,357,3,264
11,0,v2lineSD0i.bmp,SD,2,390,3,265
11,5,v2lineSD5e.bmp,SD,2,470,3,266
11,3,v2lineSmall3e.bmp,Small,4,547,3,267
11,5,v2lineFull5f.bmp,Full,2,509,3,268
11,8,v2lineSmall8j.bmp,Small,4,536,3,269
11,5,v2lineSmall5d.bmp,Small,4,371,3,270
11,3,v2lineSmall3b.bmp,Small,4,324,3,271
11,3,v2lineSmall3i.bmp,Small,4,302,3,272
11,0,v2lineFull0d.bmp,Full,2,482,3,273
11,0,v2lineFull0i.bmp,Full,1,631,3,274
11,8,v2lineSmall8h.bmp,Small,4,597,3,275
11,5,v2lineSD5g.bmp,SD,4,461,3,276
11,3,v2lineSD3e.bmp,SD,2,498,3,277
11,0,v2lineFull0e.bmp,Full,1,685,3,278
11,0,v2lineSD0h.bmp,SD,2,378,3,279
11,8,v2lineSmall8d.bmp,Small,4,650,3,280
11,8,v2lineSD8i.bmp,SD,4,560,3,281
11,3,v2lineFull3h.bmp,Full,2,778,3,282
11,0,v2lineSD0g.bmp,SD,1,658,3,283
11,0,v2lineFull0j.bmp,Full,1,431,3,284
11,3,v2lineSmall3h.bmp,Small,4,614,3,285
11,3,v2lineSD3a.bmp,SD,4,421,3,286
11,0,v2lineFull0c.bmp,Full,1,644,3,287
11,0,v2lineSD0c.bmp,SD,1,498,3,288
11,5,v2lineSmall5f.bmp,Small,1,254,3,289
11,3,v2lineFull3e.bmp,Full,1,636,3,290
11,3,v2lineFull3b.bmp,Full,2,587,3,291
11,5,v2lineSD5a.bmp,SD,2,787,3,292
11,8,v2lineSmall8a.bmp,Small,4,556,3,293
11,0,v2lineFull0h.bmp,Full,1,669,3,294
11,0,v2lineSmall0h.bmp,Small,2,674,3,295
11,0,v2lineSmall0j.bmp,Small,2,359,3,296
11,8,v2lineSD8c.bmp,SD,2,264,3,297
11,3,v2lineSmall3j.bmp,Small,4,500,3,298
11,0,v2lineSmall0c.bmp,Small,2,464,3,299
11,0,v2lineSD0d.bmp,SD,2,333,3,300
11,5,v2lineSmall5i.bmp,Small,4,544,3,301
11,5,v2lineFull5a.bmp,Full,2,514,3,302
11,5,v2lineSD5j.bmp,SD,2,397,3,303
11,5,v2lineSmall5j.bmp,Small,4,549,3,304
11,0,v2lineFull0a.bmp,Full,1,743,3,305
11,3,v2lineFull3j.bmp,Full,2,577,3,306
11,8,v2lineFull8g.bmp,Full,2,497,3,307
11,0,v2lineSmall0f.bmp,Small,2,597,3,308
11,5,v2lineSD5i.bmp,SD,2,413,3,309
11,3,v2lineSD3i.bmp,SD,2,356,3,310
11,5,v2lineFull5c.bmp,Full,2,301,3,311
11,5,v2lineSmall5g.bmp,Small,3,497,3,312
11,8,v2lineFull8f.bmp,Full,2,573,3,313
11,3,v2lineFull3d.bmp,Full,2,342,3,314
11,3,v2lineSD3b.bmp,SD,2,255,3,315
11,3,v2lineSmall3a.bmp,Small,2,197,3,316
11,3,v2lineFull3g.bmp,Full,2,373,3,317
11,0,v2lineSmall0i.bmp,Small,2,437,3,318
11,5,v2lineSmall5e.bmp,Small,4,603,3,319
11,8,v2lineSmall8c.bmp,Small,4,499,3,320
11,5,v2lineSD5d.bmp,SD,4,319,3,321
11,3,v2lineFull3a.bmp,Full,2,458,3,322
11,8,v2lineFull8h.bmp,Full,2,359,3,323
11,0,v2lineFull0g.bmp,Full,4,368,3,324
11,5,v2lineFull5j.bmp,Full,2,489,3,325
11,0,v2lineFull0b.bmp,Full,1,597,3,326
11,3,v2lineSD3f.bmp,SD,2,4221,3,327
11,5,v2lineFull5d.bmp,Full,2,429,3,328
11,3,v2lineFull3f.bmp,Full,2,348,3,329
11,8,v2lineSD8a.bmp,SD,4,662,3,330
11,0,v2lineSmall0d.bmp,Small,2,707,3,331
11,5,v2lineSmall5h.bmp,Small,4,534,3,332
11,8,v2lineSD8f.bmp,SD,4,481,3,333
11,8,v2lineSD8g.bmp,SD,4,373,3,334
11,3,v2lineSmall3d.bmp,Small,4,286,3,335
11,0,v2lineFull0f.bmp,Full,1,794,3,336
11,5,v2lineFull5h.bmp,Full,2,722,3,337
11,3,v2lineSD3j.bmp,SD,2,428,3,338
11,8,v2lineSD8d.bmp,SD,2,442,3,339
11,3,v2lineSmall3c.bmp,Small,4,672,3,340
11,8,v2lineFull8j.bmp,Full,2,453,3,341
11,8,v2lineSmall8i.bmp,Small,2,571,3,342
11,8,v2lineFull8i.bmp,Full,2,628,3,343
11,0,v2lineSD0f.bmp,SD,2,786,3,344
11,8,v2lineFull8e.bmp,Full,2,531,3,345
11,3,v2lineFull3c.bmp,Full,2,454,3,346
11,8,v2lineSmall8e.bmp,Small,4,420,3,347
11,3,v2lineSD3d.bmp,SD,2,563,3,348
11,0,v2lineSmall0a.bmp,Small,2,340,3,349
11,8,v2lineSmall8f.bmp,Small,4,630,3,350
11,8,v2lineSD8j.bmp,SD,4,356,3,351
11,3,v2lineSmall3g.bmp,Small,4,406,3,352
11,3,v2lineSD3g.bmp,SD,2,709,3,353
11,8,v2lineFull8b.bmp,Full,2,504,3,354
11,0,v2lineSD0b.bmp,SD,2,276,3,355
11,5,v2lineSmall5a.bmp,Small,2,368,3,356
11,0,v2lineSD0e.bmp,SD,2,706,3,357
11,0,v2lineSD0j.bmp,SD,2,389,3,358
11,5,v2lineSD5b.bmp,SD,3,2476,3,359
11,8,v2lineSmall8g.bmp,Small,4,706,3,360
11,8,v2lineFull8a.bmp,Full,2,493,4,361
11,3,v2lineFull3d.bmp,Full,2,393,4,362
11,8,v2lineSD8b.bmp,SD,2,297,4,363
11,5,v2lineSD5a.bmp,SD,4,1068,4,364
11,0,v2lineFull0a.bmp,Full,1,786,4,365
11,5,v2lineSmall5j.bmp,Small,4,578,4,366
11,3,v2lineFull3g.bmp,Full,1,571,4,367
11,8,v2lineFull8d.bmp,Full,1,516,4,368
11,0,v2lineSmall0g.bmp,Small,2,536,4,369
11,5,v2lineSmall5d.bmp,Small,4,562,4,370
11,3,v2lineSmall3h.bmp,Small,4,363,4,371
11,5,v2lineSD5j.bmp,SD,4,380,4,372
11,3,v2lineSD3e.bmp,SD,4,365,4,373
11,3,v2lineFull3i.bmp,Full,2,654,4,374
11,3,v2lineFull3e.bmp,Full,2,492,4,375
11,8,v2lineSD8g.bmp,SD,2,384,4,376
11,3,v2lineSD3d.bmp,SD,3,1408,4,377
11,0,v2lineSD0g.bmp,SD,1,2783,4,378
11,0,v2lineSmall0d.bmp,Small,2,544,4,379
11,5,v2lineSmall5g.bmp,Small,4,714,4,380
11,0,v2lineSmall0h.bmp,Small,2,518,4,381
11,3,v2lineSmall3f.bmp,Small,4,705,4,382
11,5,v2lineSD5f.bmp,SD,3,653,4,383
11,8,v2lineFull8i.bmp,Full,2,547,4,384
11,8,v2lineFull8j.bmp,Full,2,1509,4,385
11,0,v2lineSD0h.bmp,SD,1,1336,4,386
11,8,v2lineSmall8f.bmp,Small,4,1107,4,387
11,3,v2lineSD3j.bmp,SD,3,3014,4,388
11,0,v2lineFull0j.bmp,Full,1,767,4,389
11,5,v2lineSmall5b.bmp,Small,4,944,4,390
11,3,v2lineSD3c.bmp,SD,2,634,4,391
11,8,v2lineSD8h.bmp,SD,4,688,4,392
11,5,v2lineSmall5a.bmp,Small,4,500,4,393
11,8,v2lineSD8c.bmp,SD,4,360,4,394
11,8,v2lineSmall8b.bmp,Small,4,497,4,395
11,3,v2lineSD3g.bmp,SD,2,589,4,396
11,8,v2lineFull8f.bmp,Full,2,437,4,397
11,5,v2lineSD5h.bmp,SD,2,395,4,398
11,3,v2lineSmall3e.bmp,Small,4,843,4,399
11,0,v2lineFull0h.bmp,Full,1,737,4,400
11,5,v2lineSmall5f.bmp,Small,4,660,4,401
11,0,v2lineSmall0f.bmp,Small,2,673,4,402
11,3,v2lineSD3i.bmp,SD,2,742,4,403
11,0,v2lineFull0c.bmp,Full,1,640,4,404
11,5,v2lineFull5g.bmp,Full,2,542,4,405
11,8,v2lineFull8e.bmp,Full,2,584,4,406
11,5,v2lineSD5d.bmp,SD,2,504,4,407
11,5,v2lineFull5a.bmp,Full,2,388,4,408
11,8,v2lineSD8a.bmp,SD,2,741,4,409
11,0,v2lineSD0c.bmp,SD,2,455,4,410
11,5,v2lineFull5j.bmp,Full,2,372,4,411
11,3,v2lineFull3j.bmp,Full,2,334,4,412
11,0,v2lineSD0j.bmp,SD,1,711,4,413
11,5,v2lineFull5e.bmp,Full,2,514,4,414
11,8,v2lineSD8j.bmp,SD,4,686,4,415
11,8,v2lineFull8g.bmp,Full,2,474,4,416
11,8,v2lineFull8c.bmp,Full,2,447,4,417
11,5,v2lineSD5g.bmp,SD,2,309,4,418
11,5,v2lineFull5b.bmp,Full,2,520,4,419
11,0,v2lineSD0e.bmp,SD,2,395,4,420
11,5,v2lineSD5i.bmp,SD,2,307,4,421
11,3,v2lineSmall3b.bmp,Small,4,454,4,422
11,5,v2lineFull5f.bmp,Full,2,500,4,423
11,8,v2lineFull8h.bmp,Full,2,472,4,424
11,8,v2lineSD8i.bmp,SD,2,469,4,425
11,3,v2lineSD3f.bmp,SD,2,602,4,426
11,0,v2lineFull0f.bmp,Full,2,474,4,427
11,5,v2lineFull5c.bmp,Full,2,391,4,428
11,3,v2lineSmall3c.bmp,Small,4,678,4,429
11,8,v2lineSmall8i.bmp,Small,4,643,4,430
11,5,v2lineFull5i.bmp,Full,2,521,4,431
11,3,v2lineSD3h.bmp,SD,2,468,4,432
11,3,v2lineSmall3g.bmp,Small,2,425,4,433
11,3,v2lineFull3c.bmp,Full,2,887,4,434
11,0,v2lineSD0b.bmp,SD,1,724,4,435
11,3,v2lineFull3a.bmp,Full,1,470,4,436
11,8,v2lineFull8b.bmp,Full,2,355,4,437
11,5,v2lineSD5c.bmp,SD,2,453,4,438
11,5,v2lineSD5e.bmp,SD,2,306,4,439
11,0,v2lineSmall0j.bmp,Small,4,894,4,440
11,8,v2lineSD8e.bmp,SD,2,394,4,441
11,5,v2lineSD5b.bmp,SD,3,353,4,442
11,0,v2lineSD0f.bmp,SD,2,979,4,443
11,3,v2lineFull3f.bmp,Full,2,1476,4,444
11,0,v2lineFull0d.bmp,Full,1,769,4,445
11,0,v2lineFull0e.bmp,Full,1,386,4,446
11,0,v2lineSmall0e.bmp,Small,4,667,4,447
11,5,v2lineFull5d.bmp,Full,2,512,4,448
11,0,v2lineSD0a.bmp,SD,1,1019,4,449
11,3,v2lineSmall3a.bmp,Small,4,1379,4,450
11,3,v2lineSD3b.bmp,SD,3,2051,4,451
11,8,v2lineSD8d.bmp,SD,4,593,4,452
11,8,v2lineSmall8g.bmp,Small,4,489,4,453
11,0,v2lineFull0b.bmp,Full,1,813,4,454
11,8,v2lineSmall8h.bmp,Small,4,1060,4,455
11,8,v2lineSmall8c.bmp,Small,4,409,4,456
11,5,v2lineSmall5i.bmp,Small,4,329,4,457
11,0,v2lineSD0d.bmp,SD,1,763,4,458
11,0,v2lineSmall0a.bmp,Small,2,596,4,459
11,0,v2lineSmall0b.bmp,Small,1,1228,4,460
11,0,v2lineFull0g.bmp,Full,1,363,4,461
11,3,v2lineSmall3j.bmp,Small,4,612,4,462
11,3,v2lineFull3h.bmp,Full,2,756,4,463
11,3,v2lineSmall3d.bmp,Small,2,333,4,464
11,5,v2lineSmall5c.bmp,Small,1,567,4,465
11,8,v2lineSmall8d.bmp,Small,4,409,4,466
11,5,v2lineSmall5e.bmp,Small,4,432,4,467
11,0,v2lineSmall0i.bmp,Small,2,438,4,468
11,8,v2lineSmall8e.bmp,Small,4,501,4,469
11,3,v2lineSmall3i.bmp,Small,4,793,4,470
11,5,v2lineSmall5h.bmp,Small,4,472,4,471
11,3,v2lineSD3a.bmp,SD,3,1260,4,472
11,8,v2lineSD8f.bmp,SD,3,1098,4,473
11,8,v2lineSmall8j.bmp,Small,4,702,4,474
11,0,v2lineSD0i.bmp,SD,2,730,4,475
11,3,v2lineFull3b.bmp,Full,2,412,4,476
11,5,v2lineFull5h.bmp,Full,2,260,4,477
11,8,v2lineSmall8a.bmp,Small,2,225,4,478
11,0,v2lineFull0i.bmp,Full,1,727,4,479
11,0,v2lineSmall0c.bmp,Small,2,802,4,480
12,8,v2lineSmall8a.bmp,Small,2,8998,1,1
12,0,v2lineFull0a.bmp,Full,1,3329,1,2
12,8,v2lineSD8c.bmp,SD,2,5348,1,3
12,0,v2lineFull0e.bmp,Full,1,1384,1,4
12,5,v2lineSmall5h.bmp,Small,2,4489,1,5
12,3,v2lineSmall3d.bmp,Small,2,4734,1,6
12,3,v2lineSD3f.bmp,SD,3,4097,1,7
12,8,v2lineFull8h.bmp,Full,3,3854,1,8
12,0,v2lineSmall0h.bmp,Small,1,4916,1,9
12,0,v2lineSmall0e.bmp,Small,2,4185,1,10
12,5,v2lineSD5e.bmp,SD,3,3187,1,11
12,5,v2lineFull5c.bmp,Full,3,2932,1,12
12,8,v2lineSmall8h.bmp,Small,3,4560,1,13
12,8,v2lineSmall8b.bmp,Small,3,5826,1,14
12,3,v2lineFull3a.bmp,Full,2,2123,1,15
12,5,v2lineSD5b.bmp,SD,3,3174,1,16
12,0,v2lineSD0c.bmp,SD,1,2494,1,17
12,5,v2lineFull5a.bmp,Full,3,2307,1,18
12,8,v2lineSmall8d.bmp,Small,3,7087,1,19
12,5,v2lineSD5h.bmp,SD,3,6133,1,20
12,3,v2lineSmall3f.bmp,Small,2,3458,1,21
12,0,v2lineSmall0d.bmp,Small,2,2424,1,22
12,0,v2lineFull0b.bmp,Full,1,2375,1,23
12,3,v2lineSmall3j.bmp,Small,2,2960,1,24
12,8,v2lineSD8g.bmp,SD,3,2074,1,25
12,8,v2lineFull8b.bmp,Full,3,2127,1,26
12,5,v2lineSD5j.bmp,SD,2,5649,1,27
12,3,v2lineFull3h.bmp,Full,2,7361,1,28
12,8,v2lineSmall8g.bmp,Small,3,10829,1,29
12,3,v2lineFull3b.bmp,Full,2,2047,1,30
12,3,v2lineSD3e.bmp,SD,2,3213,1,31
12,3,v2lineFull3e.bmp,Full,2,1725,1,32
12,5,v2lineFull5j.bmp,Full,2,1192,1,33
12,5,v2lineSmall5b.bmp,Small,4,5969,1,34
12,3,v2lineSmall3g.bmp,Small,2,5835,1,35
12,5,v2lineFull5i.bmp,Full,3,2059,1,36
12,0,v2lineFull0j.bmp,Full,1,1321,1,37
12,0,v2lineSD0a.bmp,SD,2,6924,1,38
12,5,v2lineFull5d.bmp,Full,2,1529,1,39
12,8,v2lineSmall8f.bmp,Small,4,3564,1,40
12,0,v2lineFull0g.bmp,Full,2,2638,1,41
12,3,v2lineFull3d.bmp,Full,3,4701,1,42
12,5,v2lineSmall5i.bmp,Small,4,4402,1,43
12,3,v2lineSD3d.bmp,SD,2,2811,1,44
12,3,v2lineFull3f.bmp,Full,2,2363,1,45
12,8,v2lineSmall8j.bmp,Small,4,2364,1,46
12,8,v2lineSD8e.bmp,SD,4,1286,1,47
12,3,v2lineSD3a.bmp,SD,2,4475,1,48
12,0,v2lineSmall0c.bmp,Small,2,1689,1,49
12,8,v2lineSD8d.bmp,SD,4,1405,1,50
12,3,v2lineSmall3a.bmp,Small,2,1941,1,51
12,3,v2lineSD3b.bmp,SD,3,3175,1,52
12,8,v2lineSD8h.bmp,SD,4,1409,1,53
12,8,v2lineFull8e.bmp,Full,4,2160,1,54
12,5,v2lineSD5c.bmp,SD,3,2706,1,55
12,5,v2lineFull5e.bmp,Full,4,3118,1,56
12,8,v2lineFull8g.bmp,Full,3,4626,1,57
12,5,v2lineSmall5g.bmp,Small,3,1826,1,58
12,0,v2lineSD0d.bmp,SD,2,2008,1,59
12,5,v2lineSmall5e.bmp,Small,3,3128,1,60
12,8,v2lineFull8c.bmp,Full,3,1259,1,61
12,5,v2lineFull5g.bmp,Full,3,2913,1,62
12,0,v2lineSmall0g.bmp,Small,1,1917,1,63
12,5,v2lineSmall5f.bmp,Small,2,2680,1,64
12,0,v2lineSmall0f.bmp,Small,2,1222,1,65
12,3,v2lineSmall3b.bmp,Small,3,1725,1,66
12,8,v2lineFull8d.bmp,Full,4,5104,1,67
12,0,v2lineSD0f.bmp,SD,2,2789,1,68
12,0,v2lineSD0h.bmp,SD,2,933,1,69
12,5,v2lineSD5i.bmp,SD,2,1504,1,70
12,8,v2lineFull8i.bmp,Full,4,2492,1,71
12,5,v2lineSmall5j.bmp,Small,3,3512,1,72
12,3,v2lineSD3g.bmp,SD,2,2620,1,73
12,8,v2lineSD8a.bmp,SD,4,2052,1,74
12,0,v2lineFull0d.bmp,Full,2,2883,1,75
12,8,v2lineFull8f.bmp,Full,3,2728,1,76
12,5,v2lineSD5a.bmp,SD,3,2587,1,77
12,5,v2lineSD5d.bmp,SD,3,4220,1,78
12,3,v2lineSD3j.bmp,SD,2,1709,1,79
12,8,v2lineSD8b.bmp,SD,4,1345,1,80
12,0,v2lineFull0i.bmp,Full,2,2171,1,81
12,5,v2lineFull5h.bmp,Full,3,1621,1,82
12,3,v2lineSmall3e.bmp,Small,2,3004,1,83
12,8,v2lineSmall8e.bmp,Small,4,1725,1,84
12,8,v2lineFull8a.bmp,Full,3,1184,1,85
12,0,v2lineSD0g.bmp,SD,2,1248,1,86
12,5,v2lineFull5b.bmp,Full,3,1630,1,87
12,3,v2lineFull3c.bmp,Full,2,1061,1,88
12,0,v2lineSD0e.bmp,SD,2,1330,1,89
12,5,v2lineSD5f.bmp,SD,3,1669,1,90
12,3,v2lineSD3h.bmp,SD,2,1555,1,91
12,0,v2lineSmall0b.bmp,Small,2,1276,1,92
12,5,v2lineSmall5d.bmp,Small,2,4529,1,93
12,5,v2lineFull5f.bmp,Full,3,1149,1,94
12,0,v2lineSD0i.bmp,SD,2,1255,1,95
12,0,v2lineSmall0a.bmp,Small,2,2117,1,96
12,3,v2lineSmall3i.bmp,Small,2,1729,1,97
12,3,v2lineFull3i.bmp,Full,3,1084,1,98
12,8,v2lineSmall8c.bmp,Small,4,1449,1,99
12,0,v2lineSmall0j.bmp,Small,2,1367,1,100
12,3,v2lineSmall3c.bmp,Small,2,1904,1,101
12,0,v2lineSD0j.bmp,SD,2,1181,1,102
12,8,v2lineSD8i.bmp,SD,4,1341,1,103
12,8,v2lineSD8f.bmp,SD,4,1231,1,104
12,0,v2lineFull0h.bmp,Full,1,2821,1,105
12,5,v2lineSD5g.bmp,SD,3,1885,1,106
12,0,v2lineSD0b.bmp,SD,2,1354,1,107
12,3,v2lineSD3c.bmp,SD,2,1476,1,108
12,3,v2lineSD3i.bmp,SD,2,801,1,109
12,0,v2lineSmall0i.bmp,Small,2,729,1,110
12,8,v2lineFull8j.bmp,Full,3,1059,1,111
12,8,v2lineSmall8i.bmp,Small,4,1561,1,112
12,0,v2lineFull0c.bmp,Full,1,1266,1,113
12,5,v2lineSmall5c.bmp,Small,3,2176,1,114
12,3,v2lineFull3g.bmp,Full,3,1881,1,115
12,8,v2lineSD8j.bmp,SD,4,1870,1,116
12,3,v2lineFull3j.bmp,Full,3,2068,1,117
12,3,v2lineSmall3h.bmp,Small,2,2241,1,118
12,5,v2lineSmall5a.bmp,Small,2,1712,1,119
12,0,v2lineFull0f.bmp,Full,2,2251,1,120
12,8,v2lineSD8f.bmp,SD,4,1233,2,121
12,5,v2lineSmall5h.bmp,Small,3,2168,2,122
12,0,v2lineSD0d.bmp,SD,2,2025,2,123
12,8,v2lineSD8a.bmp,SD,4,1465,2,124
12,3,v2lineFull3h.bmp,Full,3,1382,2,125
12,0,v2lineFull0d.bmp,Full,2,1183,2,126
12,8,v2lineFull8j.bmp,Full,4,2240,2,127
12,8,v2lineSD8d.bmp,SD,4,1110,2,128
12,5,v2lineSmall5e.bmp,Small,3,1618,2,129
12,3,v2lineSmall3b.bmp,Small,2,2289,2,130
12,3,v2lineSmall3h.bmp,Small,2,870,2,131
12,0,v2lineFull0j.bmp,Full,2,1371,2,132
12,0,v2lineSmall0e.bmp,Small,2,1412,2,133
12,0,v2lineSD0a.bmp,SD,2,1420,2,134
12,5,v2lineSmall5b.bmp,Small,3,3604,2,135
12,0,v2lineSmall0d.bmp,Small,2,868,2,136
12,3,v2lineFull3f.bmp,Full,3,1490,2,137
12,0,v2lineSmall0b.bmp,Small,2,1173,2,138
12,3,v2lineFull3j.bmp,Full,3,1494,2,139
12,3,v2lineSmall3j.bmp,Small,3,1906,2,140
12,0,v2lineSmall0h.bmp,Small,2,846,2,141
12,3,v2lineSD3h.bmp,SD,2,852,2,142
12,8,v2lineSD8i.bmp,SD,4,1226,2,143
12,5,v2lineFull5d.bmp,Full,3,2352,2,144
12,0,v2lineSmall0j.bmp,Small,2,1011,2,145
12,5,v2lineSmall5j.bmp,Small,3,1842,2,146
12,8,v2lineFull8e.bmp,Full,4,1961,2,147
12,5,v2lineSD5f.bmp,SD,3,2050,2,148
12,0,v2lineFull0g.bmp,Full,2,1609,2,149
12,3,v2lineSD3d.bmp,SD,2,800,2,150
12,5,v2lineSmall5f.bmp,Small,2,1136,2,151
12,8,v2lineFull8c.bmp,Full,3,987,2,152
12,0,v2lineSD0h.bmp,SD,2,1043,2,153
12,3,v2lineFull3b.bmp,Full,3,1289,2,154
12,5,v2lineFull5f.bmp,Full,3,933,2,155
12,0,v2lineFull0e.bmp,Full,2,1055,2,156
12,8,v2lineSD8e.bmp,SD,4,1220,2,157
12,5,v2lineSmall5i.bmp,Small,3,1331,2,158
12,3,v2lineSD3i.bmp,SD,2,1245,2,159
12,0,v2lineSD0c.bmp,SD,2,1396,2,160
12,8,v2lineFull8d.bmp,Full,4,1788,2,161
12,3,v2lineSmall3f.bmp,Small,3,1820,2,162
12,5,v2lineSD5a.bmp,SD,3,1835,2,163
12,0,v2lineSD0e.bmp,SD,2,1289,2,164
12,0,v2lineSmall0f.bmp,Small,2,830,2,165
12,5,v2lineSD5i.bmp,SD,3,2300,2,166
12,8,v2lineSmall8h.bmp,Small,4,1193,2,167
12,0,v2lineFull0b.bmp,Full,1,1553,2,168
12,3,v2lineSD3f.bmp,SD,2,859,2,169
12,0,v2lineSD0g.bmp,SD,1,816,2,170
12,0,v2lineSmall0g.bmp,Small,2,712,2,171
12,8,v2lineSD8h.bmp,SD,4,1243,2,172
12,3,v2lineSD3c.bmp,SD,2,2025,2,173
12,8,v2lineSmall8a.bmp,Small,4,1144,2,174
12,0,v2lineSD0i.bmp,SD,1,1042,2,175
12,5,v2lineFull5j.bmp,Full,2,856,2,176
12,0,v2lineFull0f.bmp,Full,2,941,2,177
12,0,v2lineFull0c.bmp,Full,1,735,2,178
12,3,v2lineSmall3c.bmp,Small,3,1577,2,179
12,3,v2lineSmall3i.bmp,Small,2,1506,2,180
12,5,v2lineFull5c.bmp,Full,3,1246,2,181
12,0,v2lineFull0h.bmp,Full,1,996,2,182
12,3,v2lineSmall3d.bmp,Small,2,1996,2,183
12,3,v2lineFull3a.bmp,Full,3,1540,2,184
12,8,v2lineFull8a.bmp,Full,4,3814,2,185
12,0,v2lineSmall0i.bmp,Small,2,1231,2,186
12,3,v2lineSD3a.bmp,SD,2,1430,2,187
12,3,v2lineSD3j.bmp,SD,2,1213,2,188
12,0,v2lineSD0j.bmp,SD,2,988,2,189
12,8,v2lineFull8b.bmp,Full,3,1156,2,190
12,3,v2lineFull3e.bmp,Full,3,957,2,191
12,5,v2lineSmall5d.bmp,Small,3,1663,2,192
12,5,v2lineSD5j.bmp,SD,3,1172,2,193
12,5,v2lineSD5h.bmp,SD,3,1229,2,194
12,3,v2lineSD3e.bmp,SD,3,804,2,195
12,5,v2lineFull5h.bmp,Full,3,1154,2,196
12,3,v2lineSmall3a.bmp,Small,2,3476,2,197
12,5,v2lineFull5i.bmp,Full,3,1097,2,198
12,8,v2lineSD8b.bmp,SD,4,1269,2,199
12,8,v2lineSmall8c.bmp,Small,4,1178,2,200
12,5,v2lineFull5g.bmp,Full,3,2563,2,201
12,5,v2lineFull5b.bmp,Full,3,605,2,202
12,8,v2lineSmall8b.bmp,Small,4,980,2,203
12,0,v2lineFull0i.bmp,Full,2,1397,2,204
12,3,v2lineSmall3e.bmp,Small,2,1733,2,205
12,8,v2lineSmall8j.bmp,Small,4,1040,2,206
12,5,v2lineSD5e.bmp,SD,3,1270,2,207
12,8,v2lineSmall8i.bmp,Small,4,1219,2,208
12,3,v2lineSmall3g.bmp,Small,3,2091,2,209
12,0,v2lineSD0f.bmp,SD,2,1271,2,210
12,8,v2lineSmall8f.bmp,Small,4,901,2,211
12,5,v2lineSmall5c.bmp,Small,3,2313,2,212
12,8,v2lineFull8g.bmp,Full,3,1029,2,213
12,5,v2lineSmall5a.bmp,Small,3,2282,2,214
12,3,v2lineFull3d.bmp,Full,2,1360,2,215
12,8,v2lineFull8f.bmp,Full,3,1665,2,216
12,5,v2lineFull5a.bmp,Full,3,943,2,217
12,8,v2lineSmall8g.bmp,Small,4,1169,2,218
12,5,v2lineSD5g.bmp,SD,3,1234,2,219
12,5,v2lineSD5b.bmp,SD,3,1937,2,220
12,8,v2lineSmall8e.bmp,Small,4,852,2,221
12,5,v2lineSD5c.bmp,SD,3,2690,2,222
12,8,v2lineSD8g.bmp,SD,4,1127,2,223
12,0,v2lineSD0b.bmp,SD,2,1289,2,224
12,5,v2lineSmall5g.bmp,Small,3,1917,2,225
12,0,v2lineSmall0c.bmp,Small,2,1185,2,226
12,3,v2lineFull3c.bmp,Full,3,2314,2,227
12,8,v2lineFull8h.bmp,Full,4,2494,2,228
12,3,v2lineFull3g.bmp,Full,3,1458,2,229
12,8,v2lineFull8i.bmp,Full,3,2000,2,230
12,3,v2lineSD3g.bmp,SD,2,1823,2,231
12,0,v2lineFull0a.bmp,Full,1,1222,2,232
12,5,v2lineSD5d.bmp,SD,2,1325,2,233
12,5,v2lineFull5e.bmp,Full,2,1592,2,234
12,3,v2lineSD3b.bmp,SD,2,1088,2,235
12,0,v2lineSmall0a.bmp,Small,2,1132,2,236
12,8,v2lineSD8c.bmp,SD,4,1159,2,237
12,8,v2lineSD8j.bmp,SD,4,824,2,238
12,8,v2lineSmall8d.bmp,Small,4,1023,2,239
12,3,v2lineFull3i.bmp,Full,3,1342,2,240
12,0,v2lineSmall0h.bmp,Small,2,1056,3,241
12,5,v2lineSD5i.bmp,SD,3,1053,3,242
12,8,v2lineFull8c.bmp,Full,3,1131,3,243
12,0,v2lineSD0f.bmp,SD,2,1006,3,244
12,5,v2lineSD5d.bmp,SD,3,1205,3,245
12,8,v2lineSD8d.bmp,SD,4,909,3,246
12,0,v2lineFull0c.bmp,Full,1,1040,3,247
12,0,v2lineSD0c.bmp,SD,2,710,3,248
12,5,v2lineSD5a.bmp,SD,3,1282,3,249
12,0,v2lineFull0e.bmp,Full,2,902,3,250
12,8,v2lineFull8b.bmp,Full,3,754,3,251
12,8,v2lineSD8g.bmp,SD,4,884,3,252
12,5,v2lineSmall5h.bmp,Small,3,1216,3,253
12,5,v2lineSD5b.bmp,SD,3,1824,3,254
12,5,v2lineSD5c.bmp,SD,3,966,3,255
12,0,v2lineSD0i.bmp,SD,2,784,3,256
12,3,v2lineSmall3g.bmp,Small,3,1048,3,257
12,3,v2lineSmall3d.bmp,Small,2,1159,3,258
12,3,v2lineSmall3f.bmp,Small,2,704,3,259
12,3,v2lineFull3g.bmp,Full,2,852,3,260
12,3,v2lineSmall3h.bmp,Small,2,1258,3,261
12,8,v2lineSmall8g.bmp,Small,3,1647,3,262
12,5,v2lineSmall5f.bmp,Small,3,2494,3,263
12,5,v2lineSD5f.bmp,SD,3,1466,3,264
12,3,v2lineSmall3a.bmp,Small,2,1544,3,265
12,5,v2lineSD5g.bmp,SD,2,1626,3,266
12,8,v2lineFull8h.bmp,Full,2,1537,3,267
12,0,v2lineSmall0j.bmp,Small,2,972,3,268
12,8,v2lineSD8a.bmp,SD,4,1165,3,269
12,0,v2lineFull0i.bmp,Full,2,1575,3,270
12,5,v2lineFull5i.bmp,Full,3,1672,3,271
12,3,v2lineSD3b.bmp,SD,2,1229,3,272
12,0,v2lineSmall0a.bmp,Small,2,1051,3,273
12,8,v2lineSD8j.bmp,SD,4,905,3,274
12,5,v2lineSmall5e.bmp,Small,3,1324,3,275
12,3,v2lineFull3a.bmp,Full,2,1471,3,276
12,3,v2lineSD3d.bmp,SD,2,1348,3,277
12,8,v2lineFull8f.bmp,Full,3,1062,3,278
12,0,v2lineSmall0d.bmp,Small,2,868,3,279
12,5,v2lineFull5f.bmp,Full,3,841,3,280
12,5,v2lineFull5h.bmp,Full,3,1519,3,281
12,8,v2lineFull8e.bmp,Full,3,722,3,282
12,5,v2lineSD5j.bmp,SD,3,1653,3,283
12,8,v2lineSmall8j.bmp,Small,4,795,3,284
12,5,v2lineFull5a.bmp,Full,3,1035,3,285
12,0,v2lineSD0a.bmp,SD,2,890,3,286
12,3,v2lineFull3d.bmp,Full,3,1454,3,287
12,8,v2lineFull8g.bmp,Full,3,1068,3,288
12,8,v2lineSD8c.bmp,SD,4,1034,3,289
12,0,v2lineFull0j.bmp,Full,2,1728,3,290
12,0,v2lineSmall0b.bmp,Small,2,795,3,291
12,8,v2lineSmall8i.bmp,Small,4,6706,3,292
12,0,v2lineFull0b.bmp,Full,1,808,3,293
12,3,v2lineSD3i.bmp,SD,2,1367,3,294
12,8,v2lineSD8i.bmp,SD,4,1456,3,295
12,0,v2lineSmall0f.bmp,Small,2,1006,3,296
12,3,v2lineSD3g.bmp,SD,2,1757,3,297
12,3,v2lineFull3i.bmp,Full,2,1407,3,298
12,3,v2lineSD3a.bmp,SD,2,1079,3,299
12,3,v2lineFull3j.bmp,Full,3,1243,3,300
12,3,v2lineSmall3c.bmp,Small,3,1193,3,301
12,0,v2lineSmall0i.bmp,Small,2,914,3,302
12,3,v2lineSD3h.bmp,SD,2,1165,3,303
12,3,v2lineSmall3e.bmp,Small,3,1494,3,304
12,0,v2lineFull0h.bmp,Full,1,787,3,305
12,3,v2lineFull3e.bmp,Full,2,803,3,306
12,5,v2lineSD5e.bmp,SD,3,1907,3,307
12,3,v2lineFull3f.bmp,Full,2,1351,3,308
12,0,v2lineSD0g.bmp,SD,2,809,3,309
12,5,v2lineSD5h.bmp,SD,3,960,3,310
12,5,v2lineSmall5a.bmp,Small,3,1002,3,311
12,5,v2lineFull5j.bmp,Full,3,1274,3,312
12,8,v2lineFull8j.bmp,Full,3,573,3,313
12,5,v2lineFull5c.bmp,Full,3,726,3,314
12,0,v2lineFull0g.bmp,Full,2,825,3,315
12,5,v2lineFull5g.bmp,Full,2,1375,3,316
12,0,v2lineSD0d.bmp,SD,2,904,3,317
12,0,v2lineSmall0e.bmp,Small,2,780,3,318
12,3,v2lineFull3c.bmp,Full,2,1005,3,319
12,0,v2lineSD0h.bmp,SD,2,805,3,320
12,5,v2lineSmall5c.bmp,Small,3,892,3,321
12,3,v2lineFull3h.bmp,Full,2,1464,3,322
12,8,v2lineFull8d.bmp,Full,3,1054,3,323
12,0,v2lineSD0e.bmp,SD,2,740,3,324
12,0,v2lineSD0b.bmp,SD,2,790,3,325
12,8,v2lineSmall8c.bmp,Small,4,1406,3,326
12,8,v2lineSD8f.bmp,SD,4,1077,3,327
12,5,v2lineSmall5b.bmp,Small,3,962,3,328
12,5,v2lineFull5e.bmp,Full,3,1891,3,329
12,5,v2lineSmall5i.bmp,Small,3,1224,3,330
12,5,v2lineSmall5g.bmp,Small,3,734,3,331
12,8,v2lineSmall8f.bmp,Small,4,809,3,332
12,3,v2lineSD3c.bmp,SD,2,2664,3,333
12,5,v2lineFull5d.bmp,Full,3,1101,3,334
12,3,v2lineSmall3i.bmp,Small,2,1505,3,335
12,8,v2lineSmall8h.bmp,Small,4,741,3,336
12,8,v2lineSD8e.bmp,SD,4,807,3,337
12,8,v2lineSmall8e.bmp,Small,4,694,3,338
12,3,v2lineFull3b.bmp,Full,3,1474,3,339
12,0,v2lineSmall0c.bmp,Small,2,671,3,340
12,0,v2lineFull0a.bmp,Full,2,1076,3,341
12,8,v2lineFull8i.bmp,Full,3,905,3,342
12,3,v2lineSD3j.bmp,SD,2,1164,3,343
12,5,v2lineSmall5d.bmp,Small,3,1598,3,344
12,0,v2lineFull0d.bmp,Full,2,1222,3,345
12,8,v2lineSmall8a.bmp,Small,4,821,3,346
12,8,v2lineSmall8d.bmp,Small,4,612,3,347
12,3,v2lineSmall3j.bmp,Small,3,1155,3,348
12,3,v2lineSD3f.bmp,SD,2,1189,3,349
12,0,v2lineFull0f.bmp,Full,2,757,3,350
12,3,v2lineSmall3b.bmp,Small,3,1870,3,351
12,5,v2lineSmall5j.bmp,Small,3,980,3,352
12,0,v2lineSmall0g.bmp,Small,2,773,3,353
12,0,v2lineSD0j.bmp,SD,2,725,3,354
12,8,v2lineFull8a.bmp,Full,3,1256,3,355
12,5,v2lineFull5b.bmp,Full,3,749,3,356
12,8,v2lineSD8b.bmp,SD,4,1134,3,357
12,8,v2lineSD8h.bmp,SD,4,737,3,358
12,3,v2lineSD3e.bmp,SD,2,1164,3,359
12,8,v2lineSmall8b.bmp,Small,4,1045,3,360
12,0,v2lineSmall0h.bmp,Small,2,819,4,361
12,3,v2lineSmall3b.bmp,Small,2,1306,4,362
12,8,v2lineSD8e.bmp,SD,4,774,4,363
12,5,v2lineSmall5d.bmp,Small,3,959,4,364
12,8,v2lineSmall8e.bmp,Small,4,696,4,365
12,0,v2lineFull0b.bmp,Full,1,756,4,366
12,0,v2lineSmall0c.bmp,Small,2,813,4,367
12,5,v2lineSD5h.bmp,SD,3,1156,4,368
12,5,v2lineSmall5f.bmp,Small,3,2422,4,369
12,8,v2lineSD8g.bmp,SD,4,917,4,370
12,0,v2lineSmall0a.bmp,Small,1,776,4,371
12,0,v2lineSmall0j.bmp,Small,2,769,4,372
12,0,v2lineSD0b.bmp,SD,2,1178,4,373
12,8,v2lineSmall8a.bmp,Small,4,819,4,374
12,0,v2lineSD0c.bmp,SD,2,1370,4,375
12,5,v2lineFull5a.bmp,Full,3,1228,4,376
12,5,v2lineSmall5e.bmp,Small,3,1267,4,377
12,0,v2lineSD0g.bmp,SD,2,1232,4,378
12,3,v2lineFull3f.bmp,Full,2,1558,4,379
12,5,v2lineFull5c.bmp,Full,3,840,4,380
12,5,v2lineFull5j.bmp,Full,3,574,4,381
12,8,v2lineSmall8i.bmp,Small,4,942,4,382
12,8,v2lineFull8i.bmp,Full,3,1976,4,383
12,5,v2lineSD5d.bmp,SD,3,1025,4,384
12,3,v2lineSD3j.bmp,SD,2,984,4,385
12,5,v2lineSmall5c.bmp,Small,3,1169,4,386
12,8,v2lineSmall8d.bmp,Small,4,906,4,387
12,8,v2lineFull8j.bmp,Full,3,1917,4,388
12,3,v2lineSmall3g.bmp,Small,2,1721,4,389
12,5,v2lineSmall5b.bmp,Small,3,917,4,390
12,3,v2lineSmall3j.bmp,Small,3,808,4,391
12,5,v2lineFull5d.bmp,Full,3,911,4,392
12,0,v2lineFull0i.bmp,Full,3,571,4,393
12,5,v2lineSmall5h.bmp,Small,3,1012,4,394
12,8,v2lineSmall8j.bmp,Small,4,795,4,395
12,5,v2lineSmall5j.bmp,Small,3,899,4,396
12,8,v2lineSmall8g.bmp,Small,4,727,4,397
12,8,v2lineSD8j.bmp,SD,4,1082,4,398
12,5,v2lineSD5b.bmp,SD,2,1487,4,399
12,5,v2lineSD5j.bmp,SD,3,1339,4,400
12,0,v2lineSD0a.bmp,SD,2,861,4,401
12,3,v2lineSmall3d.bmp,Small,2,1530,4,402
12,0,v2lineSmall0e.bmp,Small,2,965,4,403
12,3,v2lineFull3e.bmp,Full,3,1238,4,404
12,3,v2lineFull3i.bmp,Full,3,660,4,405
12,0,v2lineFull0a.bmp,Full,1,738,4,406
12,0,v2lineSD0i.bmp,SD,2,980,4,407
12,3,v2lineSmall3f.bmp,Small,2,1189,4,408
12,0,v2lineSmall0f.bmp,Small,2,765,4,409
12,3,v2lineSD3b.bmp,SD,2,982,4,410
12,5,v2lineSD5i.bmp,SD,2,1063,4,411
12,8,v2lineSmall8f.bmp,Small,4,948,4,412
12,8,v2lineSD8f.bmp,SD,4,606,4,413
12,3,v2lineFull3b.bmp,Full,3,1086,4,414
12,5,v2lineSD5g.bmp,SD,3,1306,4,415
12,8,v2lineSD8i.bmp,SD,4,694,4,416
12,0,v2lineFull0j.bmp,Full,2,826,4,417
12,5,v2lineFull5b.bmp,Full,2,1289,4,418
12,3,v2lineSD3g.bmp,SD,2,973,4,419
12,3,v2lineFull3j.bmp,Full,3,1294,4,420
12,3,v2lineSD3h.bmp,SD,2,978,4,421
12,3,v2lineSD3a.bmp,SD,2,1067,4,422
12,0,v2lineSD0j.bmp,SD,2,1015,4,423
12,8,v2lineFull8e.bmp,Full,3,1103,4,424
12,3,v2lineSmall3a.bmp,Small,2,1499,4,425
12,8,v2lineFull8g.bmp,Full,3,1071,4,426
12,3,v2lineSmall3c.bmp,Small,2,1124,4,427
12,3,v2lineSmall3h.bmp,Small,3,2695,4,428
12,8,v2lineSD8d.bmp,SD,4,908,4,429
12,8,v2lineSD8c.bmp,SD,4,719,4,430
12,8,v2lineSmall8c.bmp,Small,4,1682,4,431
12,0,v2lineSmall0g.bmp,Small,2,887,4,432
12,3,v2lineSD3d.bmp,SD,2,1060,4,433
12,8,v2lineFull8d.bmp,Full,3,1001,4,434
12,3,v2lineFull3g.bmp,Full,3,1737,4,435
12,8,v2lineFull8f.bmp,Full,2,836,4,436
12,8,v2lineSmall8b.bmp,Small,4,875,4,437
12,5,v2lineSD5c.bmp,SD,3,1264,4,438
12,0,v2lineSD0d.bmp,SD,2,845,4,439
12,3,v2lineFull3d.bmp,Full,2,1355,4,440
12,5,v2lineFull5i.bmp,Full,2,509,4,441
12,5,v2lineSmall5i.bmp,Small,3,1128,4,442
12,5,v2lineSD5e.bmp,SD,3,1163,4,443
12,8,v2lineFull8b.bmp,Full,3,1155,4,444
12,0,v2lineFull0d.bmp,Full,2,1316,4,445
12,8,v2lineSmall8h.bmp,Small,4,944,4,446
12,0,v2lineFull0h.bmp,Full,1,914,4,447
12,0,v2lineFull0f.bmp,Full,2,685,4,448
12,3,v2lineSD3e.bmp,SD,3,1770,4,449
12,0,v2lineSD0e.bmp,SD,2,1108,4,450
12,5,v2lineFull5g.bmp,Full,2,3511,4,451
12,3,v2lineFull3a.bmp,Full,2,2995,4,452
12,0,v2lineSmall0i.bmp,Small,1,956,4,453
12,0,v2lineSmall0d.bmp,Small,2,941,4,454
12,8,v2lineSD8a.bmp,SD,4,1023,4,455
12,8,v2lineFull8c.bmp,Full,3,1622,4,456
12,5,v2lineFull5h.bmp,Full,3,733,4,457
12,0,v2lineFull0c.bmp,Full,2,1384,4,458
12,3,v2lineSD3f.bmp,SD,2,1288,4,459
12,0,v2lineFull0e.bmp,Full,2,3013,4,460
12,5,v2lineFull5e.bmp,Full,2,733,4,461
12,5,v2lineSD5a.bmp,SD,3,1280,4,462
12,8,v2lineSD8b.bmp,SD,4,972,4,463
12,0,v2lineFull0g.bmp,Full,2,740,4,464
12,5,v2lineSD5f.bmp,SD,3,2670,4,465
12,3,v2lineSmall3i.bmp,Small,2,2636,4,466
12,3,v2lineSD3c.bmp,SD,2,1340,4,467
12,3,v2lineSD3i.bmp,SD,2,758,4,468
12,5,v2lineFull5f.bmp,Full,2,1103,4,469
12,3,v2lineFull3h.bmp,Full,2,603,4,470
12,5,v2lineSmall5a.bmp,Small,3,1235,4,471
12,8,v2lineSD8h.bmp,SD,4,1002,4,472
12,8,v2lineFull8h.bmp,Full,3,890,4,473
12,0,v2lineSD0h.bmp,SD,2,910,4,474
12,3,v2lineFull3c.bmp,Full,2,849,4,475
12,0,v2lineSmall0b.bmp,Small,2,791,4,476
12,5,v2lineSmall5g.bmp,Small,3,951,4,477
12,3,v2lineSmall3e.bmp,Small,3,1401,4,478
12,8,v2lineFull8a.bmp,Full,3,1793,4,479
12,0,v2lineSD0f.bmp,SD,2,658,4,480
13,8,v2lineFull8b.bmp,Full,2,15617,1,1
13,3,v2lineSD3f.bmp,SD,1,13477,1,2
13,8,v2lineFull8d.bmp,Full,2,8717,1,3
13,5,v2lineSmall5i.bmp,Small,2,5587,1,4
13,0,v2lineSD0d.bmp,SD,1,8004,1,5
13,8,v2lineSD8g.bmp,SD,3,7126,1,6
13,5,v2lineSD5e.bmp,SD,2,6554,1,7
13,8,v2lineSmall8f.bmp,Small,3,2749,1,8
13,0,v2lineFull0i.bmp,Full,1,1752,1,9
13,5,v2lineSmall5j.bmp,Small,2,5986,1,10
13,3,v2lineSD3d.bmp,SD,2,18683,1,11
13,0,v2lineSmall0e.bmp,Small,1,16118,1,12
13,0,v2lineSmall0b.bmp,Small,1,5830,1,13
13,8,v2lineSD8j.bmp,SD,3,5725,1,14
13,5,v2lineFull5h.bmp,Full,2,10034,1,15
13,8,v2lineFull8a.bmp,Full,2,3636,1,16
13,8,v2lineSmall8e.bmp,Small,3,2956,1,17
13,8,v2lineFull8j.bmp,Full,2,4910,1,18
13,8,v2lineFull8i.bmp,Full,2,6001,1,19
13,0,v2lineSD0e.bmp,SD,2,1387,1,20
13,3,v2lineFull3g.bmp,Full,2,1996,1,21
13,5,v2lineFull5d.bmp,Full,2,1077,1,22
13,0,v2lineSD0a.bmp,SD,2,1673,1,23
13,3,v2lineFull3i.bmp,Full,2,1638,1,24
13,8,v2lineSD8d.bmp,SD,3,5485,1,25
13,5,v2lineFull5f.bmp,Full,2,4979,1,26
13,5,v2lineFull5a.bmp,Full,2,1213,1,27
13,5,v2lineSD5i.bmp,SD,2,8852,1,28
13,8,v2lineSD8h.bmp,SD,3,1692,1,29
13,0,v2lineSD0i.bmp,SD,2,2728,1,30
13,3,v2lineFull3h.bmp,Full,2,923,1,31
13,3,v2lineSD3e.bmp,SD,2,2526,1,32
13,0,v2lineSD0g.bmp,SD,1,3977,1,33
13,8,v2lineSmall8h.bmp,Small,3,3475,1,34
13,8,v2lineSmall8d.bmp,Small,3,2848,1,35
13,5,v2lineSD5c.bmp,SD,4,18343,1,36
13,3,v2lineSmall3d.bmp,Small,3,3559,1,37
13,3,v2lineFull3e.bmp,Full,2,4497,1,38
13,5,v2lineSD5h.bmp,SD,3,4262,1,39
13,0,v2lineFull0a.bmp,Full,1,1844,1,40
13,0,v2lineFull0h.bmp,Full,1,491,1,41
13,5,v2lineSmall5a.bmp,Small,3,9462,1,42
13,8,v2lineSmall8a.bmp,Small,3,3711,1,43
13,0,v2lineSmall0d.bmp,Small,2,5251,1,44
13,0,v2lineFull0f.bmp,Full,1,1970,1,45
13,0,v2lineFull0c.bmp,Full,1,500,1,46
13,0,v2lineSmall0g.bmp,Small,1,1639,1,47
13,3,v2lineSD3j.bmp,SD,3,8662,1,48
13,3,v2lineSmall3a.bmp,Small,3,4950,1,49
13,3,v2lineSmall3f.bmp,Small,3,2233,1,50
13,5,v2lineFull5g.bmp,Full,2,9144,1,51
13,5,v2lineSmall5g.bmp,Small,4,5285,1,52
13,3,v2lineSmall3h.bmp,Small,3,12387,1,53
13,0,v2lineFull0g.bmp,Full,1,2295,1,54
13,3,v2lineFull3a.bmp,Full,1,651,1,55
13,8,v2lineSmall8j.bmp,Small,4,2777,1,56
13,5,v2lineSD5j.bmp,SD,3,1314,1,57
13,5,v2lineFull5e.bmp,Full,2,2013,1,58
13,8,v2lineSD8f.bmp,SD,4,2293,1,59
13,0,v2lineSD0b.bmp,SD,1,1010,1,60
13,3,v2lineSmall3i.bmp,Small,3,3417,1,61
13,8,v2lineFull8e.bmp,Full,3,1801,1,62
13,8,v2lineSmall8g.bmp,Small,4,1786,1,63
13,5,v2lineSmall5d.bmp,Small,3,2475,1,64
13,3,v2lineFull3f.bmp,Full,2,2224,1,65
13,3,v2lineSD3c.bmp,SD,3,5406,1,66
13,8,v2lineSD8a.bmp,SD,4,5735,1,67
13,8,v2lineFull8c.bmp,Full,3,3563,1,68
13,3,v2lineFull3c.bmp,Full,2,1126,1,69
13,3,v2lineSmall3g.bmp,Small,3,2137,1,70
13,0,v2lineFull0d.bmp,Full,1,1596,1,71
13,5,v2lineSD5d.bmp,SD,3,8020,1,72
13,0,v2lineSmall0a.bmp,Small,1,1389,1,73
13,8,v2lineSD8i.bmp,SD,4,3428,1,74
13,0,v2lineSD0j.bmp,SD,2,2164,1,75
13,5,v2lineFull5i.bmp,Full,3,2318,1,76
13,3,v2lineSmall3c.bmp,Small,3,2834,1,77
13,8,v2lineSD8c.bmp,SD,4,2097,1,78
13,8,v2lineSD8b.bmp,SD,4,1590,1,79
13,5,v2lineSmall5b.bmp,Small,4,2126,1,80
13,3,v2lineSmall3b.bmp,Small,3,2177,1,81
13,0,v2lineFull0j.bmp,Full,2,6345,1,82
13,3,v2lineSmall3j.bmp,Small,3,2637,1,83
13,5,v2lineSmall5f.bmp,Small,4,3260,1,84
13,3,v2lineSD3i.bmp,SD,4,2171,1,85
13,8,v2lineFull8h.bmp,Full,3,1660,1,86
13,3,v2lineSD3b.bmp,SD,3,1410,1,87
13,3,v2lineSD3g.bmp,SD,3,2562,1,88
13,8,v2lineSD8e.bmp,SD,4,2548,1,89
13,0,v2lineSmall0i.bmp,Small,2,2246,1,90
13,8,v2lineFull8g.bmp,Full,3,2380,1,91
13,0,v2lineFull0b.bmp,Full,1,1213,1,92
13,0,v2lineSD0h.bmp,SD,2,1852,1,93
13,3,v2lineSmall3e.bmp,Small,4,3723,1,94
13,3,v2lineSD3a.bmp,SD,4,2278,1,95
13,8,v2lineSmall8b.bmp,Small,4,1388,1,96
13,5,v2lineSmall5e.bmp,Small,4,1005,1,97
13,8,v2lineFull8f.bmp,Full,3,2021,1,98
13,0,v2lineFull0e.bmp,Full,2,1812,1,99
13,5,v2lineSmall5c.bmp,Small,4,2412,1,100
13,3,v2lineFull3b.bmp,Full,1,1324,1,101
13,0,v2lineSD0f.bmp,SD,2,1895,1,102
13,0,v2lineSmall0j.bmp,Small,2,1418,1,103
13,0,v2lineSmall0f.bmp,Small,2,1218,1,104
13,5,v2lineSD5b.bmp,SD,3,3801,1,105
13,3,v2lineFull3j.bmp,Full,2,1210,1,106
13,5,v2lineSD5a.bmp,SD,3,346,1,107
13,0,v2lineSmall0c.bmp,Small,1,908,1,108
13,5,v2lineSD5f.bmp,SD,3,879,1,109
13,3,v2lineSD3h.bmp,SD,2,876,1,110
13,8,v2lineSmall8c.bmp,Small,4,2000,1,111
13,5,v2lineFull5c.bmp,Full,3,2121,1,112
13,0,v2lineSD0c.bmp,SD,2,1516,1,113
13,5,v2lineSmall5h.bmp,Small,4,1504,1,114
13,5,v2lineFull5b.bmp,Full,3,899,1,115
13,3,v2lineFull3d.bmp,Full,3,1655,1,116
13,5,v2lineFull5j.bmp,Full,3,853,1,117
13,8,v2lineSmall8i.bmp,Small,4,1339,1,118
13,0,v2lineSmall0h.bmp,Small,1,1373,1,119
13,5,v2lineSD5g.bmp,SD,3,1526,1,120
13,5,v2lineSD5i.bmp,SD,3,913,2,121
13,0,v2lineFull0i.bmp,Full,2,3596,2,122
13,3,v2lineSmall3h.bmp,Small,4,3765,2,123
13,0,v2lineSmall0b.bmp,Small,1,1880,2,124
13,8,v2lineSmall8h.bmp,Small,3,2373,2,125
13,5,v2lineFull5b.bmp,Full,1,1398,2,126
13,3,v2lineSD3f.bmp,SD,3,1509,2,127
13,5,v2lineSmall5i.bmp,Small,3,4593,2,128
13,5,v2lineSmall5f.bmp,Small,3,2874,2,129
13,0,v2lineSmall0c.bmp,Small,1,1183,2,130
13,8,v2lineSmall8i.bmp,Small,3,1056,2,131
13,3,v2lineSmall3d.bmp,Small,3,1350,2,132
13,5,v2lineSmall5a.bmp,Small,3,1800,2,133
13,8,v2lineFull8g.bmp,Full,3,1688,2,134
13,8,v2lineSD8c.bmp,SD,3,1957,2,135
13,3,v2lineSD3c.bmp,SD,3,2686,2,136
13,5,v2lineSD5h.bmp,SD,3,1419,2,137
13,5,v2lineSD5g.bmp,SD,3,946,2,138
13,8,v2lineFull8d.bmp,Full,3,2068,2,139
13,5,v2lineSD5a.bmp,SD,4,1682,2,140
13,0,v2lineFull0a.bmp,Full,1,1487,2,141
13,3,v2lineSmall3f.bmp,Small,3,1068,2,142
13,5,v2lineFull5j.bmp,Full,3,1089,2,143
13,3,v2lineSmall3c.bmp,Small,2,1525,2,144
13,0,v2lineFull0b.bmp,Full,1,1008,2,145
13,8,v2lineSD8d.bmp,SD,4,1120,2,146
13,3,v2lineSD3b.bmp,SD,3,698,2,147
13,0,v2lineFull0f.bmp,Full,2,1078,2,148
13,8,v2lineFull8f.bmp,Full,3,1347,2,149
13,8,v2lineSmall8d.bmp,Small,4,2324,2,150
13,3,v2lineFull3c.bmp,Full,3,1752,2,151
13,8,v2lineSmall8c.bmp,Small,4,3713,2,152
13,8,v2lineSD8j.bmp,SD,4,1558,2,153
13,8,v2lineSD8f.bmp,SD,4,775,2,154
13,8,v2lineSD8b.bmp,SD,4,776,2,155
13,3,v2lineFull3h.bmp,Full,1,1360,2,156
13,8,v2lineFull8h.bmp,Full,2,674,2,157
13,0,v2lineSD0e.bmp,SD,3,495,2,158
13,0,v2lineSmall0h.bmp,Small,2,275,2,159
13,0,v2lineSD0c.bmp,SD,2,1191,2,160
13,0,v2lineSmall0g.bmp,Small,1,1383,2,161
13,0,v2lineSD0g.bmp,SD,2,1144,2,162
13,0,v2lineSmall0f.bmp,Small,3,1122,2,163
13,5,v2lineFull5i.bmp,Full,3,1276,2,164
13,3,v2lineFull3a.bmp,Full,3,561,2,165
13,0,v2lineFull0e.bmp,Full,1,1498,2,166
13,5,v2lineSmall5c.bmp,Small,3,3142,2,167
13,0,v2lineSD0h.bmp,SD,2,2001,2,168
13,8,v2lineSD8h.bmp,SD,3,1209,2,169
13,3,v2lineFull3g.bmp,Full,2,809,2,170
13,0,v2lineSD0f.bmp,SD,2,696,2,171
13,3,v2lineSD3d.bmp,SD,2,1300,2,172
13,0,v2lineFull0g.bmp,Full,3,1032,2,173
13,5,v2lineSD5c.bmp,SD,3,871,2,174
13,5,v2lineSmall5h.bmp,Small,4,1580,2,175
13,5,v2lineFull5h.bmp,Full,3,1173,2,176
13,3,v2lineFull3j.bmp,Full,3,758,2,177
13,8,v2lineSmall8f.bmp,Small,4,590,2,178
13,5,v2lineSmall5g.bmp,Small,4,806,2,179
13,5,v2lineFull5g.bmp,Full,3,742,2,180
13,8,v2lineFull8a.bmp,Full,3,1488,2,181
13,3,v2lineFull3d.bmp,Full,2,700,2,182
13,0,v2lineSmall0d.bmp,Small,2,1575,2,183
13,3,v2lineSmall3a.bmp,Small,2,1912,2,184
13,0,v2lineSmall0a.bmp,Small,1,1724,2,185
13,0,v2lineFull0d.bmp,Full,2,2423,2,186
13,5,v2lineSD5d.bmp,SD,3,2014,2,187
13,5,v2lineSmall5j.bmp,Small,4,2062,2,188
13,8,v2lineSD8a.bmp,SD,4,1988,2,189
13,8,v2lineFull8e.bmp,Full,3,1196,2,190
13,3,v2lineSmall3g.bmp,Small,3,2931,2,191
13,5,v2lineSD5b.bmp,SD,3,1831,2,192
13,3,v2lineSmall3j.bmp,Small,2,2982,2,193
13,8,v2lineFull8b.bmp,Full,3,1575,2,194
13,5,v2lineSD5f.bmp,SD,3,1760,2,195
13,0,v2lineFull0h.bmp,Full,1,1610,2,196
13,3,v2lineSD3i.bmp,SD,2,873,2,197
13,8,v2lineSmall8e.bmp,Small,4,2062,2,198
13,3,v2lineSmall3b.bmp,Small,3,1052,2,199
13,3,v2lineSD3e.bmp,SD,2,1170,2,200
13,0,v2lineFull0c.bmp,Full,1,1387,2,201
13,8,v2lineSmall8g.bmp,Small,4,1427,2,202
13,5,v2lineFull5a.bmp,Full,2,946,2,203
13,3,v2lineFull3b.bmp,Full,2,804,2,204
13,8,v2lineSD8g.bmp,SD,3,1476,2,205
13,5,v2lineFull5f.bmp,Full,3,1009,2,206
13,5,v2lineFull5d.bmp,Full,3,520,2,207
13,5,v2lineFull5c.bmp,Full,3,420,2,208
13,0,v2lineSD0b.bmp,SD,1,891,2,209
13,5,v2lineSD5e.bmp,SD,3,1143,2,210
13,8,v2lineSmall8j.bmp,Small,4,1113,2,211
13,3,v2lineFull3f.bmp,Full,3,1620,2,212
13,0,v2lineSmall0j.bmp,Small,1,1380,2,213
13,0,v2lineSD0a.bmp,SD,1,3805,2,214
13,3,v2lineSmall3e.bmp,Small,3,3261,2,215
13,8,v2lineSmall8b.bmp,Small,4,2386,2,216
13,3,v2lineFull3i.bmp,Full,2,2628,2,217
13,8,v2lineSD8e.bmp,SD,4,1795,2,218
13,5,v2lineFull5e.bmp,Full,3,1923,2,219
13,5,v2lineSmall5b.bmp,Small,4,2086,2,220
13,0,v2lineSD0j.bmp,SD,1,1372,2,221
13,8,v2lineFull8j.bmp,Full,2,1012,2,222
13,8,v2lineSD8i.bmp,SD,4,2548,2,223
13,0,v2lineSmall0i.bmp,Small,1,2094,2,224
13,0,v2lineSD0i.bmp,SD,1,1707,2,225
13,8,v2lineFull8i.bmp,Full,2,1462,2,226
13,5,v2lineSmall5e.bmp,Small,3,1675,2,227
13,3,v2lineSD3g.bmp,SD,3,1592,2,228
13,0,v2lineFull0j.bmp,Full,1,1352,2,229
13,3,v2lineSD3j.bmp,SD,2,1483,2,230
13,0,v2lineSmall0e.bmp,Small,1,1103,2,231
13,3,v2lineSD3a.bmp,SD,3,1588,2,232
13,5,v2lineSmall5d.bmp,Small,4,2340,2,233
13,3,v2lineSmall3i.bmp,Small,3,1414,2,234
13,3,v2lineSD3h.bmp,SD,3,886,2,235
13,5,v2lineSD5j.bmp,SD,3,547,2,236
13,3,v2lineFull3e.bmp,Full,2,876,2,237
13,8,v2lineFull8c.bmp,Full,2,465,2,238
13,0,v2lineSD0d.bmp,SD,1,894,2,239
13,8,v2lineSmall8a.bmp,Small,3,1137,2,240
13,0,v2lineSmall0g.bmp,Small,1,1508,3,241
13,5,v2lineFull5b.bmp,Full,2,1000,3,242
13,8,v2lineSD8d.bmp,SD,3,744,3,243
13,3,v2lineSD3f.bmp,SD,3,954,3,244
13,0,v2lineFull0b.bmp,Full,1,1420,3,245
13,8,v2lineFull8g.bmp,Full,2,955,3,246
13,3,v2lineSD3b.bmp,SD,2,637,3,247
13,8,v2lineSmall8g.bmp,Small,3,755,3,248
13,5,v2lineSmall5b.bmp,Small,3,869,3,249
13,5,v2lineSD5a.bmp,SD,3,2515,3,250
13,0,v2lineFull0i.bmp,Full,1,1519,3,251
13,8,v2lineSmall8b.bmp,Small,4,1330,3,252
13,5,v2lineFull5e.bmp,Full,2,957,3,253
13,5,v2lineSmall5g.bmp,Small,3,862,3,254
13,5,v2lineFull5c.bmp,Full,3,1323,3,255
13,5,v2lineSmall5e.bmp,Small,3,1974,3,256
13,5,v2lineSD5h.bmp,SD,3,1255,3,257
13,5,v2lineSmall5f.bmp,Small,3,3436,3,258
13,0,v2lineSmall0i.bmp,Small,3,3796,3,259
13,3,v2lineFull3h.bmp,Full,3,1461,3,260
13,8,v2lineSD8c.bmp,SD,3,666,3,261
13,0,v2lineSmall0c.bmp,Small,3,512,3,262
13,8,v2lineSmall8j.bmp,Small,3,155,3,263
13,5,v2lineSD5d.bmp,SD,3,29,3,264
13,5,v2lineFull5a.bmp,Full,3,195,3,265
13,3,v2lineSmall3c.bmp,Small,3,195,3,266
13,8,v2lineSmall8f.bmp,Small,3,459,3,267
13,0,v2lineSD0a.bmp,SD,3,392,3,268
13,0,v2lineFull0g.bmp,Full,3,840,3,269
13,3,v2lineSmall3e.bmp,Small,3,749,3,270
13,5,v2lineSD5c.bmp,SD,3,1007,3,271
13,8,v2lineSmall8a.bmp,Small,3,1174,3,272
13,0,v2lineSD0b.bmp,SD,2,1687,3,273
13,0,v2lineFull0a.bmp,Full,1,1012,3,274
13,3,v2lineSmall3f.bmp,Small,3,1715,3,275
13,3,v2lineSD3e.bmp,SD,3,1375,3,276
13,5,v2lineFull5f.bmp,Full,3,1112,3,277
13,8,v2lineSD8g.bmp,SD,4,1323,3,278
13,5,v2lineFull5g.bmp,Full,3,998,3,279
13,0,v2lineSD0g.bmp,SD,1,1630,3,280
13,5,v2lineSD5g.bmp,SD,3,845,3,281
13,3,v2lineSD3h.bmp,SD,2,1099,3,282
13,3,v2lineSmall3h.bmp,Small,3,1263,3,283
13,5,v2lineSD5b.bmp,SD,3,2172,3,284
13,3,v2lineSmall3a.bmp,Small,3,933,3,285
13,5,v2lineFull5h.bmp,Full,3,3103,3,286
13,3,v2lineSD3j.bmp,SD,3,1980,3,287
13,0,v2lineSD0i.bmp,SD,3,1685,3,288
13,0,v2lineSmall0d.bmp,Small,1,1250,3,289
13,3,v2lineFull3c.bmp,Full,2,1248,3,290
13,8,v2lineFull8j.bmp,Full,3,711,3,291
13,3,v2lineFull3b.bmp,Full,2,1202,3,292
13,0,v2lineFull0c.bmp,Full,1,1130,3,293
13,5,v2lineFull5i.bmp,Full,3,1101,3,294
13,0,v2lineSD0d.bmp,SD,2,1281,3,295
13,3,v2lineFull3g.bmp,Full,2,534,3,296
13,3,v2lineSD3c.bmp,SD,3,872,3,297
13,5,v2lineSmall5d.bmp,Small,4,2308,3,298
13,0,v2lineFull0e.bmp,Full,3,1888,3,299
13,5,v2lineSmall5h.bmp,Small,4,1181,3,300
13,5,v2lineFull5d.bmp,Full,3,1070,3,301
13,3,v2lineSmall3j.bmp,Small,2,1731,3,302
13,5,v2lineSD5e.bmp,SD,3,750,3,303
13,0,v2lineSD0j.bmp,SD,3,1440,3,304
13,3,v2lineFull3f.bmp,Full,4,1142,3,305
13,8,v2lineSmall8c.bmp,Small,3,136,3,306
13,8,v2lineFull8e.bmp,Full,2,155,3,307
13,8,v2lineFull8f.bmp,Full,3,292,3,308
13,0,v2lineSD0h.bmp,SD,4,448,3,309
13,0,v2lineSD0f.bmp,SD,3,54,3,310
13,8,v2lineSD8h.bmp,SD,2,444,3,311
13,5,v2lineSmall5i.bmp,Small,3,298,3,312
13,3,v2lineSmall3b.bmp,Small,3,342,3,313
13,3,v2lineSmall3d.bmp,Small,3,215,3,314
13,8,v2lineFull8h.bmp,Full,4,261,3,315
13,0,v2lineSmall0j.bmp,Small,4,275,3,316
13,3,v2lineFull3i.bmp,Full,2,1791,3,317
13,0,v2lineFull0j.bmp,Full,2,831,3,318
13,8,v2lineSD8e.bmp,SD,3,638,3,319
13,5,v2lineSmall5j.bmp,Small,2,1020,3,320
13,8,v2lineSmall8h.bmp,Small,3,1243,3,321
13,0,v2lineSmall0b.bmp,Small,2,1186,3,322
13,0,v2lineFull0f.bmp,Full,3,1242,3,323
13,0,v2lineSmall0a.bmp,Small,2,1745,3,324
13,5,v2lineFull5j.bmp,Full,3,1003,3,325
13,8,v2lineSmall8d.bmp,Small,4,1291,3,326
13,0,v2lineSD0c.bmp,SD,2,631,3,327
13,0,v2lineFull0d.bmp,Full,4,558,3,328
13,8,v2lineFull8b.bmp,Full,1,415,3,329
13,3,v2lineFull3j.bmp,Full,1,166,3,330
13,3,v2lineSD3i.bmp,SD,1,767,3,331
13,8,v2lineSD8b.bmp,SD,1,400,3,332
13,5,v2lineSD5j.bmp,SD,1,183,3,333
13,5,v2lineSD5i.bmp,SD,1,528,3,334
13,3,v2lineSmall3g.bmp,Small,1,266,3,335
13,0,v2lineSmall0h.bmp,Small,1,423,3,336
13,5,v2lineSmall5a.bmp,Small,1,150,3,337
13,3,v2lineSD3d.bmp,SD,1,400,3,338
13,3,v2lineSD3a.bmp,SD,1,840,3,339
13,3,v2lineFull3a.bmp,Full,1,270,3,340
13,8,v2lineFull8c.bmp,Full,1,283,3,341
13,3,v2lineFull3d.bmp,Full,1,231,3,342
13,0,v2lineFull0h.bmp,Full,1,294,3,343
13,8,v2lineFull8a.bmp,Full,1,289,3,344
13,3,v2lineSD3g.bmp,SD,1,245,3,345
13,8,v2lineFull8d.bmp,Full,1,635,3,346
13,0,v2lineSmall0f.bmp,Small,1,250,3,347
13,5,v2lineSD5f.bmp,SD,1,1263,3,348
13,3,v2lineSmall3i.bmp,Small,1,549,3,349
13,0,v2lineSmall0e.bmp,Small,1,495,3,350
13,8,v2lineSmall8e.bmp,Small,1,323,3,351
13,8,v2lineSD8a.bmp,SD,1,261,3,352
13,8,v2lineSD8i.bmp,SD,1,58,3,353
13,8,v2lineFull8i.bmp,Full,1,271,3,354
13,8,v2lineSD8f.bmp,SD,1,252,3,355
13,3,v2lineFull3e.bmp,Full,1,185,3,356
13,5,v2lineSmall5c.bmp,Small,1,162,3,357
13,8,v2lineSD8j.bmp,SD,1,235,3,358
13,8,v2lineSmall8i.bmp,Small,1,409,3,359
13,0,v2lineSD0e.bmp,SD,1,2024,3,360
13,5,v2lineSD5i.bmp,SD,1,464,4,361
13,8,v2lineSmall8a.bmp,Small,4,1373,4,362
13,8,v2lineFull8d.bmp,Full,3,1078,4,363
13,5,v2lineSD5f.bmp,SD,3,778,4,364
13,8,v2lineSmall8e.bmp,Small,4,1003,4,365
13,8,v2lineSmall8g.bmp,Small,4,603,4,366
13,8,v2lineFull8j.bmp,Full,4,819,4,367
13,0,v2lineSD0j.bmp,SD,4,690,4,368
13,0,v2lineSmall0b.bmp,Small,4,774,4,369
13,5,v2lineSD5h.bmp,SD,4,351,4,370
13,3,v2lineSD3g.bmp,SD,4,241,4,371
13,3,v2lineFull3j.bmp,Full,4,207,4,372
13,5,v2lineSmall5j.bmp,Small,4,462,4,373
13,8,v2lineSmall8f.bmp,Small,4,218,4,374
13,8,v2lineSmall8h.bmp,Small,4,177,4,375
13,0,v2lineSmall0d.bmp,Small,4,401,4,376
13,3,v2lineFull3d.bmp,Full,4,281,4,377
13,0,v2lineFull0i.bmp,Full,4,134,4,378
13,3,v2lineSD3e.bmp,SD,4,368,4,379
13,3,v2lineSmall3f.bmp,Small,4,169,4,380
13,3,v2lineSmall3h.bmp,Small,4,282,4,381
13,8,v2lineSmall8c.bmp,Small,4,231,4,382
13,0,v2lineSmall0i.bmp,Small,4,197,4,383
13,3,v2lineFull3h.bmp,Full,4,61,4,384
13,3,v2lineSmall3b.bmp,Small,4,50,4,385
13,3,v2lineFull3b.bmp,Full,4,392,4,386
13,5,v2lineSmall5a.bmp,Small,4,208,4,387
13,0,v2lineSD0a.bmp,SD,4,79,4,388
13,0,v2lineFull0a.bmp,Full,1,803,4,389
13,3,v2lineSD3c.bmp,SD,1,395,4,390
13,8,v2lineSmall8b.bmp,Small,1,315,4,391
13,0,v2lineSmall0f.bmp,Small,1,278,4,392
13,8,v2lineSD8f.bmp,SD,1,99,4,393
13,8,v2lineSD8h.bmp,SD,1,158,4,394
13,5,v2lineFull5f.bmp,Full,1,167,4,395
13,8,v2lineSD8g.bmp,SD,1,249,4,396
13,5,v2lineSD5a.bmp,SD,1,198,4,397
13,5,v2lineSmall5g.bmp,Small,1,38,4,398
13,5,v2lineFull5i.bmp,Full,1,331,4,399
13,5,v2lineFull5a.bmp,Full,1,238,4,400
13,5,v2lineSD5g.bmp,SD,1,220,4,401
13,0,v2lineFull0g.bmp,Full,1,204,4,402
13,8,v2lineSD8a.bmp,SD,1,131,4,403
13,0,v2lineSD0d.bmp,SD,1,430,4,404
13,3,v2lineSmall3e.bmp,Small,1,76,4,405
13,5,v2lineSmall5f.bmp,Small,1,121,4,406
13,0,v2lineSD0f.bmp,SD,1,284,4,407
13,8,v2lineSD8j.bmp,SD,1,56,4,408
13,8,v2lineFull8c.bmp,Full,3,1405,4,409
13,5,v2lineFull5b.bmp,Full,3,637,4,410
13,5,v2lineFull5c.bmp,Full,3,411,4,411
13,8,v2lineSD8c.bmp,SD,4,1475,4,412
13,5,v2lineSmall5d.bmp,Small,3,1727,4,413
13,5,v2lineSD5b.bmp,SD,3,874,4,414
13,0,v2lineSmall0a.bmp,Small,1,919,4,415
13,0,v2lineSmall0c.bmp,Small,1,1019,4,416
13,0,v2lineFull0j.bmp,Full,1,1530,4,417
13,5,v2lineSmall5h.bmp,Small,3,1124,4,418
13,0,v2lineFull0f.bmp,Full,1,1383,4,419
13,8,v2lineSD8b.bmp,SD,3,1359,4,420
13,8,v2lineFull8h.bmp,Full,2,1153,4,421
13,5,v2lineFull5g.bmp,Full,2,2987,4,422
13,8,v2lineFull8a.bmp,Full,2,748,4,423
13,3,v2lineFull3e.bmp,Full,2,966,4,424
13,0,v2lineFull0e.bmp,Full,2,567,4,425
13,8,v2lineFull8e.bmp,Full,2,704,4,426
13,3,v2lineSD3a.bmp,SD,2,132,4,427
13,0,v2lineSD0c.bmp,SD,2,223,4,428
13,8,v2lineFull8b.bmp,Full,2,429,4,429
13,0,v2lineFull0b.bmp,Full,2,492,4,430
13,3,v2lineSmall3j.bmp,Small,2,184,4,431
13,0,v2lineSmall0g.bmp,Small,2,1160,4,432
13,5,v2lineFull5d.bmp,Full,3,1218,4,433
13,0,v2lineSmall0j.bmp,Small,2,849,4,434
13,5,v2lineSD5d.bmp,SD,3,1502,4,435
13,5,v2lineSmall5b.bmp,Small,4,1554,4,436
13,5,v2lineFull5j.bmp,Full,3,940,4,437
13,3,v2lineFull3i.bmp,Full,3,606,4,438
13,3,v2lineSmall3a.bmp,Small,3,1301,4,439
13,5,v2lineSD5j.bmp,SD,3,801,4,440
13,0,v2lineSD0g.bmp,SD,3,217,4,441
13,0,v2lineSD0h.bmp,SD,2,880,4,442
13,8,v2lineSD8e.bmp,SD,3,1037,4,443
13,0,v2lineSmall0e.bmp,Small,1,1676,4,444
13,3,v2lineSD3b.bmp,SD,2,1057,4,445
13,5,v2lineFull5h.bmp,Full,3,878,4,446
13,3,v2lineFull3f.bmp,Full,2,1403,4,447
13,0,v2lineFull0h.bmp,Full,1,891,4,448
13,0,v2lineSD0b.bmp,SD,2,1551,4,449
13,3,v2lineSD3d.bmp,SD,2,920,4,450
13,3,v2lineFull3g.bmp,Full,3,1260,4,451
13,3,v2lineSmall3d.bmp,Small,3,961,4,452
13,3,v2lineSD3j.bmp,SD,3,1259,4,453
13,8,v2lineSD8i.bmp,SD,3,1144,4,454
13,3,v2lineFull3c.bmp,Full,2,1146,4,455
13,3,v2lineSD3f.bmp,SD,4,1604,4,456
13,3,v2lineSD3i.bmp,SD,4,933,4,457
13,5,v2lineSmall5i.bmp,Small,4,1271,4,458
13,8,v2lineFull8f.bmp,Full,4,580,4,459
13,3,v2lineSmall3c.bmp,Small,4,525,4,460
13,5,v2lineSD5c.bmp,SD,4,1087,4,461
13,8,v2lineFull8i.bmp,Full,4,924,4,462
13,8,v2lineSD8d.bmp,SD,4,191,4,463
13,0,v2lineSD0e.bmp,SD,4,623,4,464
13,0,v2lineFull0d.bmp,Full,1,1189,4,465
13,5,v2lineSD5e.bmp,SD,3,892,4,466
13,5,v2lineSmall5e.bmp,Small,3,416,4,467
13,3,v2lineSmall3g.bmp,Small,3,223,4,468
13,8,v2lineSmall8i.bmp,Small,3,142,4,469
13,3,v2lineSmall3i.bmp,Small,3,456,4,470
13,0,v2lineFull0c.bmp,Full,3,261,4,471
13,0,v2lineSD0i.bmp,SD,2,1378,4,472
13,8,v2lineFull8g.bmp,Full,2,571,4,473
13,3,v2lineSD3h.bmp,SD,3,748,4,474
13,5,v2lineFull5e.bmp,Full,2,22,4,475
13,8,v2lineSmall8j.bmp,Small,3,493,4,476
13,0,v2lineSmall0h.bmp,Small,1,1113,4,477
13,5,v2lineSmall5c.bmp,Small,3,1164,4,478
13,8,v2lineSmall8d.bmp,Small,3,318,4,479
13,3,v2lineFull3a.bmp,Full,3,769,4,480
14,5,v2lineSD5e.bmp,SD,3,16881,1,1
14,3,v2lineSD3c.bmp,SD,1,11708,1,2
14,5,v2lineFull5i.bmp,Full,2,3260,1,3
14,3,v2lineSmall3b.bmp,Small,4,4040,1,4
14,8,v2lineFull8h.bmp,Full,2,3585,1,5
14,8,v2lineSD8h.bmp,SD,4,3006,1,6
14,5,v2lineSD5f.bmp,SD,4,1652,1,7
14,3,v2lineSmall3f.bmp,Small,4,1578,1,8
14,3,v2lineSD3d.bmp,SD,3,1789,1,9
14,3,v2lineSD3g.bmp,SD,3,2934,1,10
14,0,v2lineSmall0a.bmp,Small,2,2248,1,11
14,5,v2lineSmall5j.bmp,Small,4,2008,1,12
14,0,v2lineFull0d.bmp,Full,1,3627,1,13
14,8,v2lineSmall8g.bmp,Small,4,1689,1,14
14,8,v2lineSmall8d.bmp,Small,1,1254,1,15
14,8,v2lineFull8f.bmp,Full,2,3159,1,16
14,3,v2lineSmall3c.bmp,Small,4,3236,1,17
14,5,v2lineFull5a.bmp,Full,2,4135,1,18
14,5,v2lineFull5j.bmp,Full,2,2971,1,19
14,8,v2lineSmall8h.bmp,Small,4,1614,1,20
14,0,v2lineSmall0d.bmp,Small,3,1640,1,21
14,3,v2lineFull3j.bmp,Full,2,2629,1,22
14,3,v2lineFull3d.bmp,Full,2,2435,1,23
14,3,v2lineSmall3e.bmp,Small,4,2381,1,24
14,3,v2lineFull3h.bmp,Full,2,3354,1,25
14,0,v2lineFull0c.bmp,Full,1,2072,1,26
14,3,v2lineFull3c.bmp,Full,2,1442,1,27
14,8,v2lineSD8d.bmp,SD,4,1749,1,28
14,0,v2lineSmall0e.bmp,Small,3,1146,1,29
14,8,v2lineFull8a.bmp,Full,2,2655,1,30
14,3,v2lineSmall3i.bmp,Small,4,1097,1,31
14,8,v2lineSD8g.bmp,SD,4,7617,1,32
14,0,v2lineSmall0b.bmp,Small,1,2789,1,33
14,8,v2lineSmall8b.bmp,Small,4,3087,1,34
14,8,v2lineSD8a.bmp,SD,4,2701,1,35
14,3,v2lineSD3h.bmp,SD,3,1567,1,36
14,5,v2lineSmall5a.bmp,Small,4,5910,1,37
14,0,v2lineFull0h.bmp,Full,1,1886,1,38
14,5,v2lineSD5b.bmp,SD,3,1337,1,39
14,3,v2lineSD3i.bmp,SD,3,6583,1,40
14,8,v2lineSD8c.bmp,SD,4,3210,1,41
14,0,v2lineSmall0i.bmp,Small,3,5782,1,42
14,8,v2lineSD8f.bmp,SD,3,970,1,43
14,0,v2lineSD0b.bmp,SD,1,1300,1,44
14,5,v2lineSD5i.bmp,SD,3,930,1,45
14,8,v2lineSmall8j.bmp,Small,4,950,1,46
14,0,v2lineFull0e.bmp,Full,1,2330,1,47
14,0,v2lineFull0i.bmp,Full,1,1452,1,48
14,3,v2lineFull3f.bmp,Full,2,7455,1,49
14,0,v2lineSD0g.bmp,SD,1,2906,1,50
14,8,v2lineSmall8e.bmp,Small,4,3871,1,51
14,3,v2lineSD3a.bmp,SD,3,1475,1,52
14,3,v2lineSmall3d.bmp,Small,4,729,1,53
14,8,v2lineFull8c.bmp,Full,3,1145,1,54
14,3,v2lineFull3g.bmp,Full,2,2659,1,55
14,8,v2lineSmall8c.bmp,Small,4,995,1,56
14,5,v2lineSmall5c.bmp,Small,4,603,1,57
14,5,v2lineSD5j.bmp,SD,3,1949,1,58
14,5,v2lineSmall5b.bmp,Small,4,746,1,59
14,3,v2lineSmall3h.bmp,Small,4,1418,1,60
14,3,v2lineFull3a.bmp,Full,2,2165,1,61
14,5,v2lineSmall5i.bmp,Small,4,5027,1,62
14,3,v2lineSmall3g.bmp,Small,4,797,1,63
14,3,v2lineSD3b.bmp,SD,3,1103,1,64
14,8,v2lineFull8g.bmp,Full,3,1869,1,65
14,5,v2lineSD5g.bmp,SD,3,864,1,66
14,0,v2lineFull0f.bmp,Full,1,1113,1,67
14,0,v2lineSmall0h.bmp,Small,2,5693,1,68
14,5,v2lineSmall5e.bmp,Small,4,1191,1,69
14,3,v2lineSmall3j.bmp,Small,4,1246,1,70
14,5,v2lineSmall5g.bmp,Small,4,689,1,71
14,0,v2lineSD0f.bmp,SD,1,876,1,72
14,5,v2lineSD5d.bmp,SD,3,1577,1,73
14,5,v2lineFull5h.bmp,Full,2,991,1,74
14,8,v2lineFull8b.bmp,Full,2,635,1,75
14,0,v2lineFull0b.bmp,Full,1,737,1,76
14,3,v2lineSD3j.bmp,SD,3,1943,1,77
14,0,v2lineSD0e.bmp,SD,2,2496,1,78
14,0,v2lineSmall0f.bmp,Small,3,872,1,79
14,5,v2lineSmall5f.bmp,Small,4,1594,1,80
14,0,v2lineSmall0j.bmp,Small,2,2465,1,81
14,8,v2lineSD8e.bmp,SD,3,711,1,82
14,8,v2lineSD8b.bmp,SD,4,2081,1,83
14,0,v2lineSD0j.bmp,SD,1,3766,1,84
14,0,v2lineFull0a.bmp,Full,1,753,1,85
14,5,v2lineSmall5d.bmp,Small,4,1001,1,86
14,8,v2lineFull8j.bmp,Full,2,1056,1,87
14,5,v2lineSD5h.bmp,SD,3,814,1,88
14,0,v2lineFull0j.bmp,Full,1,3729,1,89
14,0,v2lineSD0c.bmp,SD,1,1208,1,90
14,8,v2lineSD8j.bmp,SD,3,2374,1,91
14,5,v2lineFull5f.bmp,Full,2,1435,1,92
14,8,v2lineSD8i.bmp,SD,4,1921,1,93
14,5,v2lineFull5g.bmp,Full,2,902,1,94
14,8,v2lineSmall8i.bmp,Small,4,1392,1,95
14,5,v2lineFull5c.bmp,Full,2,1327,1,96
14,8,v2lineSmall8f.bmp,Small,4,992,1,97
14,5,v2lineFull5d.bmp,Full,2,1896,1,98
14,0,v2lineFull0g.bmp,Full,1,2077,1,99
14,3,v2lineSD3e.bmp,SD,3,1150,1,100
14,3,v2lineSD3f.bmp,SD,3,775,1,101
14,5,v2lineSD5a.bmp,SD,3,718,1,102
14,8,v2lineFull8i.bmp,Full,2,928,1,103
14,0,v2lineSD0a.bmp,SD,2,1634,1,104
14,3,v2lineFull3b.bmp,Full,2,2031,1,105
14,3,v2lineSmall3a.bmp,Small,4,2950,1,106
14,0,v2lineSmall0g.bmp,Small,2,838,1,107
14,3,v2lineFull3i.bmp,Full,2,672,1,108
14,8,v2lineSmall8a.bmp,Small,4,1270,1,109
14,5,v2lineFull5b.bmp,Full,2,873,1,110
14,3,v2lineFull3e.bmp,Full,2,934,1,111
14,0,v2lineSD0d.bmp,SD,2,724,1,112
14,5,v2lineSD5c.bmp,SD,3,1091,1,113
14,8,v2lineFull8d.bmp,Full,2,1142,1,114
14,0,v2lineSD0h.bmp,SD,1,1078,1,115
14,5,v2lineFull5e.bmp,Full,2,1310,1,116
14,5,v2lineSmall5h.bmp,Small,4,1374,1,117
14,0,v2lineSmall0c.bmp,Small,2,937,1,118
14,8,v2lineFull8e.bmp,Full,2,792,1,119
14,0,v2lineSD0i.bmp,SD,2,672,1,120
14,3,v2lineFull3e.bmp,Full,2,556,2,121
14,8,v2lineSmall8h.bmp,Small,4,1191,2,122
14,3,v2lineSmall3i.bmp,Small,4,917,2,123
14,0,v2lineSmall0d.bmp,Small,3,909,2,124
14,5,v2lineSD5e.bmp,SD,3,879,2,125
14,0,v2lineSD0c.bmp,SD,2,1644,2,126
14,8,v2lineFull8d.bmp,Full,2,888,2,127
14,3,v2lineSmall3c.bmp,Small,4,1871,2,128
14,5,v2lineSD5d.bmp,SD,3,1536,2,129
14,8,v2lineSD8c.bmp,SD,4,2111,2,130
14,5,v2lineSmall5c.bmp,Small,4,626,2,131
14,3,v2lineFull3j.bmp,Full,2,726,2,132
14,0,v2lineFull0h.bmp,Full,1,1172,2,133
14,3,v2lineFull3h.bmp,Full,2,631,2,134
14,5,v2lineSmall5b.bmp,Small,4,1122,2,135
14,0,v2lineSD0f.bmp,SD,2,778,2,136
14,0,v2lineSD0j.bmp,SD,2,593,2,137
14,5,v2lineFull5i.bmp,Full,2,401,2,138
14,5,v2lineSmall5a.bmp,Small,4,905,2,139
14,5,v2lineSmall5j.bmp,Small,4,787,2,140
14,3,v2lineFull3i.bmp,Full,2,660,2,141
14,3,v2lineSD3e.bmp,SD,3,809,2,142
14,5,v2lineSD5c.bmp,SD,3,635,2,143
14,0,v2lineFull0e.bmp,Full,1,3175,2,144
14,0,v2lineSmall0f.bmp,Small,2,1410,2,145
14,5,v2lineSD5i.bmp,SD,3,943,2,146
14,8,v2lineSD8a.bmp,SD,3,972,2,147
14,3,v2lineSmall3j.bmp,Small,4,573,2,148
14,8,v2lineFull8f.bmp,Full,2,634,2,149
14,0,v2lineSD0g.bmp,SD,1,1559,2,150
14,5,v2lineFull5h.bmp,Full,2,802,2,151
14,5,v2lineSD5j.bmp,SD,3,1330,2,152
14,0,v2lineSD0a.bmp,SD,2,715,2,153
14,0,v2lineSmall0h.bmp,Small,2,815,2,154
14,8,v2lineSmall8e.bmp,Small,3,813,2,155
14,8,v2lineFull8i.bmp,Full,2,773,2,156
14,0,v2lineSmall0i.bmp,Small,3,787,2,157
14,8,v2lineSmall8c.bmp,Small,4,1019,2,158
14,5,v2lineSmall5i.bmp,Small,4,1518,2,159
14,8,v2lineSD8g.bmp,SD,4,753,2,160
14,8,v2lineSD8d.bmp,SD,4,616,2,161
14,0,v2lineSD0i.bmp,SD,2,776,2,162
14,0,v2lineSmall0e.bmp,Small,2,904,2,163
14,3,v2lineFull3c.bmp,Full,2,542,2,164
14,8,v2lineSD8h.bmp,SD,4,1006,2,165
14,8,v2lineSmall8f.bmp,Small,4,895,2,166
14,8,v2lineSmall8d.bmp,Small,4,636,2,167
14,5,v2lineFull5g.bmp,Full,2,736,2,168
14,5,v2lineSD5g.bmp,SD,3,790,2,169
14,3,v2lineSD3g.bmp,SD,3,795,2,170
14,3,v2lineFull3f.bmp,Full,2,744,2,171
14,3,v2lineFull3g.bmp,Full,2,516,2,172
14,5,v2lineSD5a.bmp,SD,3,912,2,173
14,3,v2lineSmall3g.bmp,Small,3,711,2,174
14,0,v2lineFull0f.bmp,Full,1,1932,2,175
14,5,v2lineFull5j.bmp,Full,2,1443,2,176
14,3,v2lineSD3i.bmp,SD,3,932,2,177
14,0,v2lineFull0a.bmp,Full,1,784,2,178
14,8,v2lineSD8i.bmp,SD,3,2327,2,179
14,5,v2lineSmall5e.bmp,Small,4,2317,2,180
14,0,v2lineFull0d.bmp,Full,1,1698,2,181
14,0,v2lineFull0i.bmp,Full,1,1115,2,182
14,8,v2lineFull8g.bmp,Full,2,728,2,183
14,5,v2lineFull5b.bmp,Full,2,555,2,184
14,8,v2lineSD8f.bmp,SD,3,1534,2,185
14,3,v2lineSD3f.bmp,SD,2,1268,2,186
14,8,v2lineFull8a.bmp,Full,2,721,2,187
14,8,v2lineSD8e.bmp,SD,3,902,2,188
14,3,v2lineFull3d.bmp,Full,2,751,2,189
14,8,v2lineFull8j.bmp,Full,2,809,2,190
14,3,v2lineSD3b.bmp,SD,3,655,2,191
14,5,v2lineSmall5g.bmp,Small,4,818,2,192
14,5,v2lineSmall5h.bmp,Small,4,672,2,193
14,3,v2lineSD3h.bmp,SD,3,2481,2,194
14,3,v2lineSD3j.bmp,SD,3,621,2,195
14,0,v2lineSD0e.bmp,SD,2,2350,2,196
14,5,v2lineSD5b.bmp,SD,3,1385,2,197
14,5,v2lineFull5e.bmp,Full,2,768,2,198
14,3,v2lineSmall3b.bmp,Small,3,824,2,199
14,5,v2lineFull5f.bmp,Full,2,633,2,200
14,8,v2lineFull8c.bmp,Full,2,692,2,201
14,5,v2lineFull5a.bmp,Full,2,521,2,202
14,8,v2lineSmall8i.bmp,Small,4,906,2,203
14,8,v2lineSmall8j.bmp,Small,4,629,2,204
14,5,v2lineSmall5d.bmp,Small,4,585,2,205
14,5,v2lineFull5c.bmp,Full,2,4416,2,206
14,8,v2lineSmall8b.bmp,Small,4,682,2,207
14,3,v2lineFull3b.bmp,Full,2,817,2,208
14,3,v2lineSmall3e.bmp,Small,4,738,2,209
14,5,v2lineFull5d.bmp,Full,2,727,2,210
14,8,v2lineSmall8g.bmp,Small,4,697,2,211
14,0,v2lineSmall0c.bmp,Small,2,9765,2,212
14,3,v2lineFull3a.bmp,Full,2,3832,2,213
14,0,v2lineSmall0b.bmp,Small,1,2881,2,214
14,5,v2lineSmall5f.bmp,Small,4,8406,2,215
14,0,v2lineSD0d.bmp,SD,2,3195,2,216
14,0,v2lineSmall0a.bmp,Small,2,2275,2,217
14,0,v2lineSD0b.bmp,SD,2,787,2,218
14,8,v2lineSD8b.bmp,SD,3,2456,2,219
14,8,v2lineSmall8a.bmp,Small,4,4246,2,220
14,0,v2lineSD0h.bmp,SD,2,3339,2,221
14,3,v2lineSD3c.bmp,SD,3,2130,2,222
14,8,v2lineSD8j.bmp,SD,3,4363,2,223
14,0,v2lineFull0c.bmp,Full,1,2566,2,224
14,8,v2lineFull8e.bmp,Full,2,1957,2,225
14,3,v2lineSmall3f.bmp,Small,3,1522,2,226
14,0,v2lineSmall0j.bmp,Small,2,2093,2,227
14,0,v2lineFull0b.bmp,Full,1,864,2,228
14,3,v2lineSmall3a.bmp,Small,4,4144,2,229
14,0,v2lineFull0g.bmp,Full,1,1047,2,230
14,3,v2lineSmall3d.bmp,Small,3,1227,2,231
14,3,v2lineSmall3h.bmp,Small,3,3363,2,232
14,0,v2lineFull0j.bmp,Full,1,1411,2,233
14,5,v2lineSD5h.bmp,SD,3,4341,2,234
14,3,v2lineSD3a.bmp,SD,3,1065,2,235
14,8,v2lineFull8h.bmp,Full,3,559,2,236
14,0,v2lineSmall0g.bmp,Small,1,726,2,237
14,3,v2lineSD3d.bmp,SD,3,906,2,238
14,8,v2lineFull8b.bmp,Full,2,596,2,239
14,5,v2lineSD5f.bmp,SD,3,3898,2,240
14,5,v2lineSD5j.bmp,SD,3,915,3,241
14,3,v2lineSD3h.bmp,SD,3,2571,3,242
14,0,v2lineFull0j.bmp,Full,1,1224,3,243
14,0,v2lineFull0f.bmp,Full,1,704,3,244
14,8,v2lineSmall8c.bmp,Small,4,1241,3,245
14,0,v2lineSmall0j.bmp,Small,2,1366,3,246
14,5,v2lineFull5e.bmp,Full,2,857,3,247
14,0,v2lineSmall0d.bmp,Small,2,518,3,248
14,8,v2lineFull8h.bmp,Full,2,405,3,249
14,8,v2lineFull8b.bmp,Full,2,399,3,250
14,5,v2lineFull5i.bmp,Full,2,301,3,251
14,5,v2lineSD5d.bmp,SD,3,2833,3,252
14,3,v2lineSD3d.bmp,SD,3,3107,3,253
14,0,v2lineSD0j.bmp,SD,1,781,3,254
14,5,v2lineSD5g.bmp,SD,3,1701,3,255
14,3,v2lineFull3a.bmp,Full,3,9530,3,256
14,5,v2lineFull5d.bmp,Full,3,2682,3,257
14,8,v2lineSmall8b.bmp,Small,4,3793,3,258
14,3,v2lineFull3i.bmp,Full,2,980,3,259
14,0,v2lineSmall0e.bmp,Small,2,817,3,260
14,3,v2lineSmall3e.bmp,Small,3,903,3,261
14,5,v2lineFull5b.bmp,Full,3,3539,3,262
14,3,v2lineFull3d.bmp,Full,2,1780,3,263
14,3,v2lineSmall3f.bmp,Small,3,852,3,264
14,3,v2lineSD3g.bmp,SD,2,3030,3,265
14,0,v2lineSmall0i.bmp,Small,2,2650,3,266
14,5,v2lineSmall5h.bmp,Small,3,3621,3,267
14,3,v2lineSmall3a.bmp,Small,3,2288,3,268
14,0,v2lineSmall0h.bmp,Small,2,1815,3,269
14,3,v2lineSD3j.bmp,SD,2,3693,3,270
14,5,v2lineFull5f.bmp,Full,2,1235,3,271
14,5,v2lineSmall5b.bmp,Small,4,2130,3,272
14,0,v2lineFull0d.bmp,Full,1,883,3,273
14,3,v2lineSmall3i.bmp,Small,3,813,3,274
14,3,v2lineSmall3h.bmp,Small,3,935,3,275
14,5,v2lineSmall5i.bmp,Small,4,2385,3,276
14,5,v2lineSD5f.bmp,SD,3,3904,3,277
14,5,v2lineSmall5g.bmp,Small,3,2414,3,278
14,5,v2lineSD5b.bmp,SD,3,781,3,279
14,8,v2lineSD8g.bmp,SD,3,959,3,280
14,3,v2lineSD3a.bmp,SD,2,2813,3,281
14,5,v2lineSmall5j.bmp,Small,3,1077,3,282
14,8,v2lineSD8a.bmp,SD,3,1984,3,283
14,0,v2lineSD0d.bmp,SD,2,1790,3,284
14,8,v2lineFull8a.bmp,Full,2,2535,3,285
14,3,v2lineSmall3g.bmp,Small,3,816,3,286
14,5,v2lineFull5c.bmp,Full,2,827,3,287
14,8,v2lineSmall8i.bmp,Small,3,2956,3,288
14,0,v2lineSmall0b.bmp,Small,1,3162,3,289
14,3,v2lineSD3f.bmp,SD,2,4071,3,290
14,3,v2lineSD3e.bmp,SD,3,2686,3,291
14,3,v2lineSmall3d.bmp,Small,3,2401,3,292
14,8,v2lineFull8d.bmp,Full,2,1990,3,293
14,0,v2lineSD0h.bmp,SD,1,838,3,294
14,8,v2lineSD8d.bmp,SD,3,555,3,295
14,0,v2lineSD0i.bmp,SD,2,713,3,296
14,0,v2lineSD0f.bmp,SD,2,599,3,297
14,0,v2lineFull0a.bmp,Full,1,655,3,298
14,0,v2lineFull0e.bmp,Full,1,679,3,299
14,8,v2lineSD8i.bmp,SD,3,1510,3,300
14,8,v2lineFull8f.bmp,Full,2,870,3,301
14,5,v2lineFull5g.bmp,Full,3,2567,3,302
14,5,v2lineSmall5d.bmp,Small,4,2793,3,303
14,3,v2lineFull3b.bmp,Full,2,993,3,304
14,0,v2lineFull0b.bmp,Full,1,1701,3,305
14,5,v2lineSD5a.bmp,SD,3,2641,3,306
14,3,v2lineFull3e.bmp,Full,2,740,3,307
14,8,v2lineSD8j.bmp,SD,4,2477,3,308
14,8,v2lineFull8i.bmp,Full,3,2601,3,309
14,8,v2lineSmall8j.bmp,Small,4,2209,3,310
14,0,v2lineFull0i.bmp,Full,1,1926,3,311
14,8,v2lineSmall8e.bmp,Small,4,3194,3,312
14,5,v2lineFull5j.bmp,Full,3,3127,3,313
14,3,v2lineFull3h.bmp,Full,2,1992,3,314
14,8,v2lineFull8g.bmp,Full,2,1306,3,315
14,3,v2lineSmall3j.bmp,Small,3,2611,3,316
14,3,v2lineFull3g.bmp,Full,2,682,3,317
14,5,v2lineSmall5c.bmp,Small,2,1914,3,318
14,8,v2lineFull8e.bmp,Full,2,1523,3,319
14,0,v2lineSD0b.bmp,SD,1,1549,3,320
14,0,v2lineSD0e.bmp,SD,1,667,3,321
14,0,v2lineSmall0a.bmp,Small,1,428,3,322
14,0,v2lineFull0g.bmp,Full,1,522,3,323
14,3,v2lineSD3b.bmp,SD,2,2094,3,324
14,3,v2lineSD3i.bmp,SD,2,1113,3,325
14,5,v2lineSmall5f.bmp,Small,3,2315,3,326
14,8,v2lineSD8e.bmp,SD,4,1966,3,327
14,8,v2lineSD8b.bmp,SD,4,1074,3,328
14,5,v2lineSD5c.bmp,SD,3,2849,3,329
14,3,v2lineFull3j.bmp,Full,2,1254,3,330
14,3,v2lineFull3c.bmp,Full,2,596,3,331
14,5,v2lineSmall5e.bmp,Small,3,3705,3,332
14,3,v2lineSmall3c.bmp,Small,3,1586,3,333
14,5,v2lineSD5h.bmp,SD,3,1089,3,334
14,5,v2lineFull5a.bmp,Full,3,1523,3,335
14,8,v2lineSmall8h.bmp,Small,4,2352,3,336
14,0,v2lineSmall0c.bmp,Small,1,4576,3,337
14,8,v2lineSmall8g.bmp,Small,4,2820,3,338
14,0,v2lineSD0g.bmp,SD,1,4533,3,339
14,5,v2lineSD5i.bmp,SD,3,3313,3,340
14,8,v2lineSD8c.bmp,SD,4,2578,3,341
14,8,v2lineFull8c.bmp,Full,3,1168,3,342
14,3,v2lineSD3c.bmp,SD,4,5478,3,343
14,8,v2lineSD8f.bmp,SD,3,2413,3,344
14,5,v2lineSmall5a.bmp,Small,3,1945,3,345
14,8,v2lineSD8h.bmp,SD,4,3418,3,346
14,0,v2lineSD0c.bmp,SD,1,2813,3,347
14,3,v2lineFull3f.bmp,Full,1,524,3,348
14,0,v2lineFull0c.bmp,Full,1,863,3,349
14,0,v2lineSD0a.bmp,SD,1,624,3,350
14,8,v2lineSmall8f.bmp,Small,4,1736,3,351
14,0,v2lineSmall0f.bmp,Small,1,4239,3,352
14,0,v2lineSmall0g.bmp,Small,1,1261,3,353
14,5,v2lineSD5e.bmp,SD,3,2822,3,354
14,5,v2lineFull5h.bmp,Full,3,1956,3,355
14,0,v2lineFull0h.bmp,Full,1,1145,3,356
14,8,v2lineSmall8a.bmp,Small,4,2402,3,357
14,8,v2lineFull8j.bmp,Full,3,1135,3,358
14,3,v2lineSmall3b.bmp,Small,4,3093,3,359
14,8,v2lineSmall8d.bmp,Small,4,1911,3,360
14,3,v2lineFull3f.bmp,Full,2,936,4,361
14,3,v2lineSmall3e.bmp,Small,3,2379,4,362
14,8,v2lineSD8e.bmp,SD,4,1307,4,363
14,3,v2lineFull3j.bmp,Full,3,5709,4,364
14,3,v2lineSmall3d.bmp,Small,4,3964,4,365
14,5,v2lineSmall5d.bmp,Small,4,1891,4,366
14,5,v2lineSD5d.bmp,SD,3,2157,4,367
14,8,v2lineFull8f.bmp,Full,3,1864,4,368
14,8,v2lineFull8i.bmp,Full,3,746,4,369
14,0,v2lineSmall0f.bmp,Small,1,1509,4,370
14,0,v2lineSmall0d.bmp,Small,2,723,4,371
14,8,v2lineFull8d.bmp,Full,3,1651,4,372
14,0,v2lineSmall0j.bmp,Small,3,4372,4,373
14,3,v2lineSmall3j.bmp,Small,3,6168,4,374
14,8,v2lineSmall8i.bmp,Small,4,4598,4,375
14,0,v2lineSmall0a.bmp,Small,2,3333,4,376
14,5,v2lineFull5e.bmp,Full,3,1468,4,377
14,5,v2lineSD5j.bmp,SD,3,2145,4,378
14,0,v2lineFull0f.bmp,Full,2,2023,4,379
14,3,v2lineFull3h.bmp,Full,2,1635,4,380
14,8,v2lineSmall8j.bmp,Small,3,738,4,381
14,8,v2lineSD8i.bmp,SD,3,725,4,382
14,5,v2lineFull5b.bmp,Full,2,1253,4,383
14,5,v2lineFull5d.bmp,Full,3,634,4,384
14,0,v2lineSD0j.bmp,SD,2,838,4,385
14,0,v2lineSmall0i.bmp,Small,3,576,4,386
14,3,v2lineSD3d.bmp,SD,2,501,4,387
14,3,v2lineSmall3f.bmp,Small,2,4508,4,388
14,3,v2lineSmall3a.bmp,Small,3,3580,4,389
15,8,v2lineSD8d.bmp,SD,4,11569,1,1
15,8,v2lineSD8f.bmp,SD,4,8790,1,2
15,0,v2lineSmall0a.bmp,Small,2,6936,1,3
15,8,v2lineSD8g.bmp,SD,4,7181,1,4
15,5,v2lineSD5g.bmp,SD,3,11574,1,5
15,3,v2lineSmall3c.bmp,Small,2,13203,1,6
15,8,v2lineSD8c.bmp,SD,3,8126,1,7
15,5,v2lineSmall5i.bmp,Small,4,5468,1,8
15,3,v2lineFull3f.bmp,Full,1,7851,1,9
15,8,v2lineSmall8d.bmp,Small,4,5810,1,10
15,3,v2lineSmall3f.bmp,Small,3,5435,1,11
15,3,v2lineFull3a.bmp,Full,1,3387,1,12
15,5,v2lineFull5i.bmp,Full,2,8564,1,13
15,0,v2lineSmall0g.bmp,Small,1,11024,1,14
15,8,v2lineFull8h.bmp,Full,2,4955,1,15
15,3,v2lineSD3d.bmp,SD,3,3260,1,16
15,5,v2lineSmall5d.bmp,Small,4,3306,1,17
15,8,v2lineFull8b.bmp,Full,2,6823,1,18
15,3,v2lineSmall3a.bmp,Small,2,5687,1,19
15,5,v2lineSmall5h.bmp,Small,4,5301,1,20
15,3,v2lineSD3j.bmp,SD,2,7307,1,21
15,5,v2lineSmall5a.bmp,Small,2,20727,1,22
15,0,v2lineFull0b.bmp,Full,1,2817,1,23
15,0,v2lineFull0h.bmp,Full,1,1409,1,24
15,8,v2lineFull8f.bmp,Full,2,2904,1,25
15,5,v2lineSD5f.bmp,SD,3,4701,1,26
15,8,v2lineSmall8b.bmp,Small,4,9602,1,27
15,0,v2lineSD0f.bmp,SD,2,5413,1,28
15,3,v2lineSD3a.bmp,SD,2,3773,1,29
15,3,v2lineSD3h.bmp,SD,2,7230,1,30
15,5,v2lineSmall5f.bmp,Small,2,15063,1,31
15,8,v2lineFull8i.bmp,Full,2,874,1,32
15,5,v2lineFull5d.bmp,Full,2,854,1,33
15,0,v2lineFull0g.bmp,Full,2,1060,1,34
15,5,v2lineFull5j.bmp,Full,2,2978,1,35
15,5,v2lineSD5i.bmp,SD,3,5827,1,36
15,3,v2lineFull3d.bmp,Full,2,1530,1,37
15,8,v2lineSmall8f.bmp,Small,3,6309,1,38
15,3,v2lineSD3i.bmp,SD,3,8483,1,39
15,8,v2lineSmall8e.bmp,Small,3,4402,1,40
15,0,v2lineFull0e.bmp,Full,2,3595,1,41
15,0,v2lineSD0b.bmp,SD,1,3036,1,42
15,5,v2lineFull5e.bmp,Full,2,7844,1,43
15,8,v2lineSmall8i.bmp,Small,2,7947,1,44
15,5,v2lineSD5a.bmp,SD,2,3863,1,45
15,5,v2lineSmall5g.bmp,Small,2,4542,1,46
15,8,v2lineFull8j.bmp,Full,2,3409,1,47
15,0,v2lineSmall0e.bmp,Small,4,6561,1,48
15,0,v2lineSmall0d.bmp,Small,4,2205,1,49
15,3,v2lineFull3i.bmp,Full,2,4908,1,50
15,3,v2lineFull3h.bmp,Full,2,8097,1,51
15,8,v2lineFull8d.bmp,Full,2,5359,1,52
15,0,v2lineSmall0i.bmp,Small,2,23834,1,53
15,5,v2lineSD5d.bmp,SD,2,5360,1,54
15,3,v2lineSD3c.bmp,SD,2,1819,1,55
15,0,v2lineSD0d.bmp,SD,2,746,1,56
15,5,v2lineSmall5c.bmp,Small,2,1324,1,57
15,0,v2lineSD0j.bmp,SD,2,1199,1,58
15,8,v2lineFull8c.bmp,Full,3,3086,1,59
15,5,v2lineSD5h.bmp,SD,2,4412,1,60
15,5,v2lineSD5j.bmp,SD,2,2828,1,61
15,3,v2lineSmall3g.bmp,Small,2,3588,1,62
15,0,v2lineFull0d.bmp,Full,2,4300,1,63
15,3,v2lineFull3g.bmp,Full,2,5746,1,64
15,0,v2lineSmall0c.bmp,Small,2,10637,1,65
15,5,v2lineFull5c.bmp,Full,2,4974,1,66
15,8,v2lineSD8j.bmp,SD,2,3184,1,67
15,5,v2lineSmall5e.bmp,Small,2,2009,1,68
15,5,v2lineFull5g.bmp,Full,2,1689,1,69
15,3,v2lineSD3b.bmp,SD,2,5309,1,70
15,0,v2lineSD0i.bmp,SD,2,3506,1,71
15,0,v2lineFull0j.bmp,Full,2,1223,1,72
15,5,v2lineFull5f.bmp,Full,2,7749,1,73
15,8,v2lineFull8e.bmp,Full,2,5418,1,74
15,5,v2lineSmall5j.bmp,Small,2,3955,1,75
15,0,v2lineSD0e.bmp,SD,2,2596,1,76
15,0,v2lineFull0f.bmp,Full,2,3189,1,77
15,0,v2lineSD0a.bmp,SD,2,2037,1,78
15,3,v2lineSmall3b.bmp,Small,2,1364,1,79
15,0,v2lineFull0c.bmp,Full,2,1365,1,80
15,0,v2lineSmall0h.bmp,Small,3,3591,1,81
15,0,v2lineSD0c.bmp,SD,2,1544,1,82
15,3,v2lineSD3f.bmp,SD,2,4930,1,83
15,3,v2lineFull3c.bmp,Full,2,1246,1,84
15,5,v2lineFull5b.bmp,Full,2,732,1,85
15,3,v2lineSmall3i.bmp,Small,2,1503,1,86
15,5,v2lineSD5b.bmp,SD,2,4099,1,87
15,3,v2lineSD3e.bmp,SD,2,1296,1,88
15,8,v2lineSmall8h.bmp,Small,2,5459,1,89
15,5,v2lineFull5h.bmp,Full,2,1602,1,90
15,3,v2lineSmall3e.bmp,Small,2,1419,1,91
15,0,v2lineSmall0f.bmp,Small,2,1122,1,92
15,3,v2lineFull3e.bmp,Full,2,1061,1,93
15,3,v2lineSmall3h.bmp,Small,2,1354,1,94
15,0,v2lineSD0h.bmp,SD,2,3996,1,95
15,8,v2lineSD8h.bmp,SD,2,1470,1,96
15,8,v2lineSmall8g.bmp,Small,2,1779,1,97
15,8,v2lineFull8a.bmp,Full,2,2148,1,98
15,8,v2lineSD8i.bmp,SD,2,1527,1,99
15,0,v2lineSmall0b.bmp,Small,2,1169,1,100
15,8,v2lineFull8g.bmp,Full,2,603,1,101
15,8,v2lineSmall8c.bmp,Small,2,899,1,102
15,3,v2lineFull3j.bmp,Full,2,583,1,103
15,8,v2lineSD8e.bmp,SD,2,1191,1,104
15,5,v2lineFull5a.bmp,Full,2,591,1,105
15,8,v2lineSmall8a.bmp,Small,2,3943,1,106
15,5,v2lineSD5c.bmp,SD,2,5057,1,107
15,0,v2lineFull0a.bmp,Full,1,3456,1,108
15,3,v2lineFull3b.bmp,Full,2,1350,1,109
15,8,v2lineSD8a.bmp,SD,2,2057,1,110
15,0,v2lineFull0i.bmp,Full,2,5582,1,111
15,8,v2lineSmall8j.bmp,Small,2,7257,1,112
15,5,v2lineSmall5b.bmp,Small,3,1720,1,113
15,3,v2lineSmall3j.bmp,Small,2,2300,1,114
15,5,v2lineSD5e.bmp,SD,2,1984,1,115
15,0,v2lineSmall0j.bmp,Small,2,3017,1,116
15,8,v2lineSD8b.bmp,SD,2,2056,1,117
15,3,v2lineSmall3d.bmp,Small,2,1646,1,118
15,0,v2lineSD0g.bmp,SD,2,812,1,119
15,3,v2lineSD3g.bmp,SD,2,1628,1,120
15,3,v2lineSmall3g.bmp,Small,2,3027,2,121
15,3,v2lineSD3f.bmp,SD,2,8442,2,122
15,8,v2lineFull8a.bmp,Full,2,1131,2,123
15,8,v2lineFull8f.bmp,Full,3,5038,2,124
15,3,v2lineSD3d.bmp,SD,2,4565,2,125
15,8,v2lineFull8d.bmp,Full,3,3176,2,126
15,3,v2lineSD3i.bmp,SD,1,2809,2,127
15,0,v2lineSmall0g.bmp,Small,2,5024,2,128
15,5,v2lineSD5a.bmp,SD,2,3472,2,129
15,0,v2lineSmall0a.bmp,Small,2,2278,2,130
15,3,v2lineSD3h.bmp,SD,2,1451,2,131
15,3,v2lineFull3e.bmp,Full,2,3865,2,132
15,3,v2lineSmall3a.bmp,Small,2,784,2,133
15,8,v2lineFull8b.bmp,Full,2,504,2,134
15,0,v2lineFull0d.bmp,Full,2,1444,2,135
15,0,v2lineFull0i.bmp,Full,2,586,2,136
15,0,v2lineSmall0d.bmp,Small,2,2259,2,137
15,0,v2lineSD0a.bmp,SD,2,713,2,138
15,3,v2lineSmall3b.bmp,Small,2,1236,2,139
15,8,v2lineSmall8g.bmp,Small,2,971,2,140
15,3,v2lineSD3c.bmp,SD,2,3316,2,141
15,8,v2lineSD8e.bmp,SD,2,2328,2,142
15,5,v2lineSmall5h.bmp,Small,2,1715,2,143
15,3,v2lineSmall3f.bmp,Small,2,718,2,144
15,8,v2lineSmall8b.bmp,Small,2,273,2,145
15,5,v2lineSmall5i.bmp,Small,2,270,2,146
15,5,v2lineSmall5e.bmp,Small,2,3507,2,147
15,0,v2lineSmall0j.bmp,Small,2,703,2,148
15,8,v2lineFull8e.bmp,Full,2,1939,2,149
15,0,v2lineFull0b.bmp,Full,2,2509,2,150
15,8,v2lineSmall8a.bmp,Small,2,985,2,151
15,8,v2lineFull8c.bmp,Full,2,826,2,152
15,5,v2lineSmall5b.bmp,Small,2,1313,2,153
15,8,v2lineSD8f.bmp,SD,2,6164,2,154
15,8,v2lineSD8j.bmp,SD,2,2903,2,155
15,5,v2lineFull5a.bmp,Full,2,1212,2,156
15,8,v2lineSD8b.bmp,SD,2,900,2,157
15,0,v2lineFull0j.bmp,Full,2,1152,2,158
15,3,v2lineSmall3j.bmp,Small,2,826,2,159
15,0,v2lineSD0d.bmp,SD,2,984,2,160
15,0,v2lineSmall0b.bmp,Small,2,457,2,161
15,0,v2lineFull0a.bmp,Full,2,405,2,162
15,0,v2lineFull0e.bmp,Full,2,4420,2,163
15,0,v2lineSD0i.bmp,SD,2,2260,2,164
15,5,v2lineSD5c.bmp,SD,2,1346,2,165
15,5,v2lineSmall5c.bmp,Small,2,3116,2,166
15,0,v2lineSD0h.bmp,SD,2,928,2,167
15,8,v2lineSmall8j.bmp,Small,2,1075,2,168
15,5,v2lineFull5g.bmp,Full,2,736,2,169
15,5,v2lineSD5f.bmp,SD,2,6850,2,170
15,8,v2lineSmall8d.bmp,Small,2,2698,2,171
15,3,v2lineSD3a.bmp,SD,2,1599,2,172
15,3,v2lineSmall3d.bmp,Small,2,1095,2,173
15,8,v2lineFull8h.bmp,Full,3,3051,2,174
15,3,v2lineFull3j.bmp,Full,2,2169,2,175
15,5,v2lineSD5h.bmp,SD,2,835,2,176
15,8,v2lineSmall8f.bmp,Small,2,786,2,177
15,5,v2lineFull5h.bmp,Full,2,882,2,178
15,3,v2lineFull3c.bmp,Full,2,487,2,179
15,3,v2lineFull3g.bmp,Full,2,1275,2,180
15,5,v2lineFull5f.bmp,Full,2,536,2,181
15,3,v2lineFull3i.bmp,Full,2,587,2,182
15,5,v2lineSmall5g.bmp,Small,2,3891,2,183
15,8,v2lineFull8j.bmp,Full,2,4504,2,184
15,8,v2lineFull8i.bmp,Full,2,1348,2,185
15,0,v2lineSD0c.bmp,SD,2,1422,2,186
15,0,v2lineSD0b.bmp,SD,2,645,2,187
15,8,v2lineFull8g.bmp,Full,2,747,2,188
15,5,v2lineFull5c.bmp,Full,2,589,2,189
15,5,v2lineSD5j.bmp,SD,2,1876,2,190
15,5,v2lineFull5j.bmp,Full,2,1242,2,191
15,0,v2lineSD0e.bmp,SD,2,2112,2,192
15,0,v2lineSmall0e.bmp,Small,2,971,2,193
15,3,v2lineFull3f.bmp,Full,2,580,2,194
15,3,v2lineFull3h.bmp,Full,2,1132,2,195
15,5,v2lineSD5i.bmp,SD,2,1030,2,196
15,5,v2lineFull5b.bmp,Full,2,1141,2,197
15,3,v2lineFull3d.bmp,Full,2,1031,2,198
15,3,v2lineFull3a.bmp,Full,2,3430,2,199
15,3,v2lineSmall3e.bmp,Small,2,1054,2,200
15,8,v2lineSmall8i.bmp,Small,3,755,2,201
15,0,v2lineFull0h.bmp,Full,1,1444,2,202
15,5,v2lineSmall5a.bmp,Small,2,2762,2,203
15,0,v2lineSD0f.bmp,SD,2,756,2,204
15,3,v2lineSD3g.bmp,SD,2,750,2,205
15,5,v2lineFull5i.bmp,Full,2,440,2,206
15,5,v2lineFull5e.bmp,Full,2,557,2,207
15,5,v2lineSD5d.bmp,SD,2,383,2,208
15,0,v2lineSmall0h.bmp,Small,2,359,2,209
15,3,v2lineSmall3h.bmp,Small,2,296,2,210
15,0,v2lineSD0j.bmp,SD,2,380,2,211
15,3,v2lineSD3e.bmp,SD,2,1045,2,212
15,3,v2lineSmall3c.bmp,Small,2,579,2,213
15,8,v2lineSD8h.bmp,SD,2,707,2,214
15,3,v2lineSD3b.bmp,SD,2,5047,2,215
15,0,v2lineFull0f.bmp,Full,2,1973,2,216
15,0,v2lineFull0g.bmp,Full,2,462,2,217
15,5,v2lineSmall5j.bmp,Small,2,611,2,218
15,0,v2lineSD0g.bmp,SD,2,818,2,219
15,8,v2lineSD8a.bmp,SD,2,4682,2,220
15,8,v2lineSD8g.bmp,SD,2,1056,2,221
15,5,v2lineSD5e.bmp,SD,2,877,2,222
15,3,v2lineSD3j.bmp,SD,2,754,2,223
15,5,v2lineSD5b.bmp,SD,2,516,2,224
15,3,v2lineSmall3i.bmp,Small,2,359,2,225
15,5,v2lineSD5g.bmp,SD,2,1128,2,226
15,3,v2lineFull3b.bmp,Full,2,1771,2,227
15,5,v2lineSmall5f.bmp,Small,2,9389,2,228
15,0,v2lineSmall0f.bmp,Small,2,3928,2,229
15,8,v2lineSD8d.bmp,SD,2,747,2,230
15,8,v2lineSD8c.bmp,SD,2,533,2,231
15,0,v2lineSmall0i.bmp,Small,2,615,2,232
15,0,v2lineFull0c.bmp,Full,1,2366,2,233
15,0,v2lineSmall0c.bmp,Small,2,984,2,234
15,8,v2lineSmall8e.bmp,Small,2,7385,2,235
15,8,v2lineSD8i.bmp,SD,2,1884,2,236
15,5,v2lineFull5d.bmp,Full,2,1457,2,237
15,8,v2lineSmall8c.bmp,Small,2,702,2,238
15,8,v2lineSmall8h.bmp,Small,2,2602,2,239
15,5,v2lineSmall5d.bmp,Small,2,507,2,240
15,3,v2lineSD3g.bmp,SD,2,1494,3,241
15,5,v2lineSD5f.bmp,SD,2,626,3,242
15,0,v2lineSD0j.bmp,SD,2,945,3,243
15,8,v2lineSmall8f.bmp,Small,2,1547,3,244
15,5,v2lineFull5b.bmp,Full,3,3421,3,245
15,3,v2lineFull3g.bmp,Full,2,1244,3,246
15,5,v2lineSD5d.bmp,SD,2,587,3,247
15,8,v2lineSD8f.bmp,SD,2,714,3,248
15,8,v2lineSmall8i.bmp,Small,2,733,3,249
15,5,v2lineSmall5e.bmp,Small,2,1408,3,250
15,3,v2lineFull3a.bmp,Full,2,1312,3,251
15,0,v2lineSD0f.bmp,SD,2,867,3,252
15,5,v2lineSmall5c.bmp,Small,2,760,3,253
15,0,v2lineFull0d.bmp,Full,2,706,3,254
15,3,v2lineSD3d.bmp,SD,2,1197,3,255
15,0,v2lineSD0i.bmp,SD,2,917,3,256
15,5,v2lineSmall5i.bmp,Small,2,832,3,257
15,0,v2lineFull0g.bmp,Full,2,927,3,258
15,3,v2lineSmall3b.bmp,Small,2,802,3,259
15,0,v2lineSmall0c.bmp,Small,2,938,3,260
15,8,v2lineSD8e.bmp,SD,2,844,3,261
15,0,v2lineSD0e.bmp,SD,2,1034,3,262
15,8,v2lineSmall8e.bmp,Small,2,417,3,263
15,0,v2lineSmall0d.bmp,Small,2,800,3,264
15,8,v2lineSD8c.bmp,SD,2,848,3,265
15,0,v2lineFull0h.bmp,Full,1,1070,3,266
15,8,v2lineSmall8h.bmp,Small,2,532,3,267
15,0,v2lineSD0b.bmp,SD,2,918,3,268
15,5,v2lineSD5b.bmp,SD,2,377,3,269
15,5,v2lineSmall5g.bmp,Small,2,298,3,270
15,0,v2lineSmall0a.bmp,Small,2,1206,3,271
15,0,v2lineFull0j.bmp,Full,1,5364,3,272
15,3,v2lineFull3b.bmp,Full,2,863,3,273
15,3,v2lineSmall3g.bmp,Small,2,436,3,274
15,0,v2lineSmall0e.bmp,Small,2,459,3,275
15,8,v2lineSmall8a.bmp,Small,2,232,3,276
15,8,v2lineFull8a.bmp,Full,2,135,3,277
15,0,v2lineFull0f.bmp,Full,2,513,3,278
15,3,v2lineFull3c.bmp,Full,2,244,3,279
15,3,v2lineSmall3j.bmp,Small,2,402,3,280
15,0,v2lineFull0i.bmp,Full,2,746,3,281
15,0,v2lineSmall0b.bmp,Small,1,1340,3,282
15,8,v2lineFull8j.bmp,Full,2,630,3,283
15,3,v2lineFull3d.bmp,Full,2,5252,3,284
15,0,v2lineSmall0j.bmp,Small,2,636,3,285
15,0,v2lineSmall0f.bmp,Small,2,435,3,286
15,8,v2lineFull8i.bmp,Full,2,473,3,287
15,5,v2lineFull5g.bmp,Full,2,558,3,288
15,3,v2lineSmall3c.bmp,Small,2,391,3,289
15,5,v2lineFull5j.bmp,Full,2,519,3,290
15,5,v2lineSmall5a.bmp,Small,2,506,3,291
15,5,v2lineSD5i.bmp,SD,2,797,3,292
15,0,v2lineFull0b.bmp,Full,1,1653,3,293
15,5,v2lineSD5h.bmp,SD,2,579,3,294
15,8,v2lineSmall8b.bmp,Small,2,436,3,295
15,3,v2lineSmall3d.bmp,Small,2,393,3,296
15,5,v2lineFull5c.bmp,Full,2,2761,3,297
15,5,v2lineSmall5j.bmp,Small,2,923,3,298
15,0,v2lineFull0c.bmp,Full,1,5446,3,299
15,0,v2lineSD0g.bmp,SD,1,3917,3,300
15,8,v2lineFull8g.bmp,Full,2,602,3,301
15,5,v2lineSmall5d.bmp,Small,2,722,3,302
15,8,v2lineSD8d.bmp,SD,2,412,3,303
15,3,v2lineSmall3a.bmp,Small,2,292,3,304
15,8,v2lineFull8h.bmp,Full,2,639,3,305
15,0,v2lineSD0c.bmp,SD,2,1781,3,306
15,8,v2lineSmall8g.bmp,Small,2,646,3,307
15,8,v2lineSD8i.bmp,SD,2,2852,3,308
15,5,v2lineFull5f.bmp,Full,2,675,3,309
15,3,v2lineSD3h.bmp,SD,2,671,3,310
15,0,v2lineSmall0i.bmp,Small,2,797,3,311
15,8,v2lineSD8b.bmp,SD,2,613,3,312
15,5,v2lineSD5e.bmp,SD,2,676,3,313
15,8,v2lineFull8e.bmp,Full,2,369,3,314
15,3,v2lineFull3h.bmp,Full,2,266,3,315
15,3,v2lineFull3e.bmp,Full,2,726,3,316
15,3,v2lineSD3b.bmp,SD,2,536,3,317
15,3,v2lineFull3i.bmp,Full,2,923,3,318
15,8,v2lineFull8b.bmp,Full,2,606,3,319
15,3,v2lineSD3e.bmp,SD,2,1021,3,320
15,5,v2lineSmall5b.bmp,Small,2,732,3,321
15,0,v2lineFull0e.bmp,Full,1,3487,3,322
15,3,v2lineFull3f.bmp,Full,2,540,3,323
15,8,v2lineSmall8d.bmp,Small,2,398,3,324
15,8,v2lineSD8g.bmp,SD,2,406,3,325
15,3,v2lineSD3a.bmp,SD,2,765,3,326
15,0,v2lineSD0a.bmp,SD,2,8087,3,327
15,8,v2lineFull8d.bmp,Full,2,821,3,328
15,5,v2lineSmall5h.bmp,Small,2,1500,3,329
15,5,v2lineFull5h.bmp,Full,2,2321,3,330
15,5,v2lineSmall5f.bmp,Small,2,949,3,331
15,5,v2lineFull5a.bmp,Full,2,1127,3,332
15,8,v2lineSmall8c.bmp,Small,2,665,3,333
15,3,v2lineSD3c.bmp,SD,2,727,3,334
15,5,v2lineFull5e.bmp,Full,2,4864,3,335
15,3,v2lineSD3f.bmp,SD,2,591,3,336
15,8,v2lineFull8f.bmp,Full,2,735,3,337
15,5,v2lineFull5d.bmp,Full,2,1641,3,338
15,0,v2lineSD0h.bmp,SD,2,1152,3,339
15,3,v2lineSD3i.bmp,SD,2,586,3,340
15,5,v2lineSD5a.bmp,SD,2,522,3,341
15,0,v2lineSmall0h.bmp,Small,2,2213,3,342
15,3,v2lineSmall3e.bmp,Small,2,317,3,343
15,8,v2lineSmall8j.bmp,Small,2,440,3,344
15,8,v2lineSD8a.bmp,SD,2,262,3,345
15,5,v2lineFull5i.bmp,Full,2,195,3,346
15,5,v2lineSD5j.bmp,SD,2,75,3,347
15,8,v2lineSD8j.bmp,SD,2,199,3,348
15,5,v2lineSD5g.bmp,SD,2,559,3,349
15,0,v2lineSmall0g.bmp,Small,2,168,3,350
15,5,v2lineSD5c.bmp,SD,2,113,3,351
15,0,v2lineSD0d.bmp,SD,2,172,3,352
15,8,v2lineSD8h.bmp,SD,2,388,3,353
15,3,v2lineSmall3h.bmp,Small,2,389,3,354
15,8,v2lineFull8c.bmp,Full,2,3637,3,355
15,3,v2lineSmall3i.bmp,Small,2,1692,3,356
15,3,v2lineSD3j.bmp,SD,2,729,3,357
15,3,v2lineFull3j.bmp,Full,2,1410,3,358
15,0,v2lineFull0a.bmp,Full,1,2058,3,359
15,3,v2lineSmall3f.bmp,Small,2,920,3,360
15,3,v2lineSmall3j.bmp,Small,2,707,4,361
15,5,v2lineSmall5a.bmp,Small,2,790,4,362
15,0,v2lineSmall0h.bmp,Small,2,5766,4,363
15,0,v2lineFull0e.bmp,Full,2,1577,4,364
15,0,v2lineFull0f.bmp,Full,2,1434,4,365
15,8,v2lineSmall8d.bmp,Small,2,9529,4,366
15,0,v2lineSmall0j.bmp,Small,2,1663,4,367
15,3,v2lineFull3b.bmp,Full,2,1612,4,368
15,0,v2lineSD0e.bmp,SD,2,3132,4,369
15,8,v2lineSD8h.bmp,SD,2,1559,4,370
15,3,v2lineSmall3g.bmp,Small,2,1760,4,371
15,3,v2lineSmall3c.bmp,Small,2,4082,4,372
15,3,v2lineFull3i.bmp,Full,2,2111,4,373
15,3,v2lineSmall3d.bmp,Small,2,1715,4,374
15,5,v2lineSD5c.bmp,SD,2,2135,4,375
15,3,v2lineFull3a.bmp,Full,2,5690,4,376
15,5,v2lineFull5d.bmp,Full,2,1000,4,377
15,8,v2lineSD8g.bmp,SD,2,4088,4,378
15,5,v2lineSD5i.bmp,SD,2,2421,4,379
15,5,v2lineSmall5g.bmp,Small,2,2917,4,380
15,8,v2lineSD8d.bmp,SD,2,1921,4,381
15,8,v2lineSD8e.bmp,SD,2,700,4,382
15,8,v2lineSD8f.bmp,SD,2,720,4,383
15,8,v2lineSmall8f.bmp,Small,2,5035,4,384
15,5,v2lineSmall5f.bmp,Small,2,2147,4,385
15,0,v2lineSD0i.bmp,SD,2,7325,4,386
15,0,v2lineSmall0g.bmp,Small,2,2162,4,387
15,5,v2lineFull5f.bmp,Full,2,6812,4,388
15,0,v2lineSmall0a.bmp,Small,2,797,4,389
15,8,v2lineSmall8a.bmp,Small,2,1029,4,390
15,0,v2lineFull0h.bmp,Full,1,2556,4,391
15,8,v2lineFull8i.bmp,Full,2,846,4,392
15,0,v2lineSmall0f.bmp,Small,2,5372,4,393
15,5,v2lineSD5e.bmp,SD,2,2070,4,394
15,5,v2lineSD5j.bmp,SD,2,724,4,395
15,5,v2lineSD5f.bmp,SD,2,477,4,396
15,5,v2lineSmall5j.bmp,Small,2,1282,4,397
15,3,v2lineSD3j.bmp,SD,2,943,4,398
15,3,v2lineSmall3a.bmp,Small,2,849,4,399
15,5,v2lineSD5b.bmp,SD,2,1103,4,400
15,3,v2lineFull3e.bmp,Full,2,1091,4,401
15,0,v2lineSmall0c.bmp,Small,2,1751,4,402
15,3,v2lineSD3g.bmp,SD,2,1993,4,403
15,3,v2lineFull3d.bmp,Full,2,866,4,404
15,3,v2lineSmall3i.bmp,Small,2,1175,4,405
15,0,v2lineSD0c.bmp,SD,2,1248,4,406
15,5,v2lineFull5h.bmp,Full,2,2214,4,407
15,8,v2lineSD8b.bmp,SD,2,614,4,408
15,5,v2lineSD5h.bmp,SD,2,2181,4,409
15,3,v2lineSD3i.bmp,SD,2,542,4,410
15,5,v2lineSD5d.bmp,SD,2,616,4,411
15,5,v2lineSmall5b.bmp,Small,2,3175,4,412
15,3,v2lineFull3h.bmp,Full,2,17752,4,413
15,3,v2lineFull3g.bmp,Full,2,1807,4,414
15,5,v2lineSmall5e.bmp,Small,2,3070,4,415
15,8,v2lineSmall8g.bmp,Small,2,493,4,416
15,8,v2lineSmall8e.bmp,Small,2,848,4,417
15,8,v2lineSD8i.bmp,SD,2,774,4,418
15,5,v2lineSmall5i.bmp,Small,2,1199,4,419
15,8,v2lineFull8h.bmp,Full,2,1295,4,420
15,0,v2lineSmall0e.bmp,Small,2,4787,4,421
15,0,v2lineFull0i.bmp,Full,2,7397,4,422
15,5,v2lineFull5j.bmp,Full,2,1343,4,423
15,8,v2lineSD8c.bmp,SD,2,3144,4,424
15,8,v2lineSmall8h.bmp,Small,2,1499,4,425
15,8,v2lineFull8f.bmp,Full,2,1687,4,426
15,8,v2lineSmall8i.bmp,Small,2,940,4,427
15,0,v2lineSD0g.bmp,SD,2,4214,4,428
15,8,v2lineFull8g.bmp,Full,2,7055,4,429
15,3,v2lineFull3c.bmp,Full,2,7206,4,430
15,5,v2lineFull5i.bmp,Full,2,1344,4,431
15,0,v2lineFull0b.bmp,Full,1,2858,4,432
15,0,v2lineFull0c.bmp,Full,2,920,4,433
15,8,v2lineFull8b.bmp,Full,2,883,4,434
15,0,v2lineSmall0d.bmp,Small,1,10719,4,435
15,8,v2lineFull8j.bmp,Full,2,4885,4,436
15,5,v2lineSD5a.bmp,SD,2,827,4,437
15,5,v2lineSmall5h.bmp,Small,2,5594,4,438
15,8,v2lineSmall8c.bmp,Small,2,1619,4,439
15,8,v2lineSmall8j.bmp,Small,2,739,4,440
15,3,v2lineSD3a.bmp,SD,2,621,4,441
15,3,v2lineSmall3e.bmp,Small,2,1060,4,442
15,5,v2lineFull5b.bmp,Full,2,594,4,443
15,0,v2lineFull0a.bmp,Full,2,985,4,444
15,0,v2lineSD0j.bmp,SD,2,6498,4,445
15,0,v2lineSmall0i.bmp,Small,2,1184,4,446
15,3,v2lineFull3f.bmp,Full,2,1257,4,447
15,5,v2lineSD5g.bmp,SD,2,669,4,448
15,8,v2lineFull8e.bmp,Full,2,947,4,449
15,8,v2lineFull8c.bmp,Full,2,1141,4,450
15,0,v2lineSD0a.bmp,SD,2,871,4,451
15,0,v2lineSD0h.bmp,SD,2,668,4,452
15,3,v2lineSD3d.bmp,SD,2,505,4,453
15,3,v2lineSD3h.bmp,SD,2,461,4,454
15,8,v2lineFull8d.bmp,Full,2,858,4,455
15,0,v2lineSD0d.bmp,SD,2,727,4,456
15,0,v2lineFull0d.bmp,Full,2,570,4,457
15,0,v2lineSmall0b.bmp,Small,2,707,4,458
15,8,v2lineFull8a.bmp,Full,2,702,4,459
15,5,v2lineFull5g.bmp,Full,2,330,4,460
15,3,v2lineSmall3h.bmp,Small,2,637,4,461
15,5,v2lineSmall5d.bmp,Small,2,1155,4,462
15,8,v2lineSmall8b.bmp,Small,2,4773,4,463
15,5,v2lineFull5e.bmp,Full,2,7343,4,464
15,3,v2lineSD3b.bmp,SD,2,651,4,465
15,8,v2lineSD8a.bmp,SD,2,1497,4,466
15,3,v2lineSmall3f.bmp,Small,2,612,4,467
15,5,v2lineFull5c.bmp,Full,2,21019,4,468
15,0,v2lineSD0b.bmp,SD,2,3993,4,469
15,5,v2lineFull5a.bmp,Full,2,738,4,470
15,3,v2lineFull3j.bmp,Full,2,725,4,471
15,0,v2lineFull0j.bmp,Full,2,1287,4,472
15,5,v2lineSmall5c.bmp,Small,2,2244,4,473
15,0,v2lineSD0f.bmp,SD,2,2027,4,474
15,3,v2lineSmall3b.bmp,Small,2,1218,4,475
15,0,v2lineFull0g.bmp,Full,2,2913,4,476
15,3,v2lineSD3e.bmp,SD,2,708,4,477
15,8,v2lineSD8j.bmp,SD,2,8807,4,478
15,3,v2lineSD3c.bmp,SD,2,1146,4,479
15,3,v2lineSD3f.bmp,SD,2,404,4,480
16,8,v2lineFull8b.bmp,Full,2,15729,1,1
16,8,v2lineFull8j.bmp,Full,2,6991,1,2
16,5,v2lineFull5j.bmp,Full,2,5440,1,3
16,3,v2lineSmall3g.bmp,Small,2,9852,1,4
16,5,v2lineSmall5c.bmp,Small,2,1462,1,5
16,8,v2lineSmall8j.bmp,Small,2,1600,1,6
16,8,v2lineSmall8a.bmp,Small,2,733,1,7
16,0,v2lineSD0a.bmp,SD,1,3395,1,8
16,3,v2lineSD3b.bmp,SD,2,3030,1,9
16,0,v2lineSmall0b.bmp,Small,1,1247,1,10
16,0,v2lineSD0c.bmp,SD,1,557,1,11
16,3,v2lineSD3d.bmp,SD,2,851,1,12
16,0,v2lineSmall0e.bmp,Small,2,9541,1,13
16,5,v2lineSmall5d.bmp,Small,4,2601,1,14
16,0,v2lineSD0j.bmp,SD,1,2376,1,15
16,3,v2lineSD3g.bmp,SD,2,1326,1,16
16,0,v2lineSD0h.bmp,SD,1,1945,1,17
16,3,v2lineFull3c.bmp,Full,1,1555,1,18
16,5,v2lineSD5g.bmp,SD,3,2686,1,19
16,0,v2lineFull0f.bmp,Full,1,1996,1,20
16,3,v2lineSD3c.bmp,SD,2,1150,1,21
16,0,v2lineFull0g.bmp,Full,1,2196,1,22
16,5,v2lineFull5h.bmp,Full,2,1209,1,23
16,8,v2lineSmall8i.bmp,Small,1,5463,1,24
16,8,v2lineSmall8d.bmp,Small,2,1060,1,25
16,0,v2lineFull0d.bmp,Full,1,1814,1,26
16,5,v2lineSmall5f.bmp,Small,2,2826,1,27
16,3,v2lineFull3f.bmp,Full,2,1766,1,28
16,0,v2lineSmall0i.bmp,Small,2,3898,1,29
16,3,v2lineFull3a.bmp,Full,1,1604,1,30
16,3,v2lineSmall3j.bmp,Small,4,4380,1,31
16,5,v2lineSD5a.bmp,SD,3,3969,1,32
16,5,v2lineFull5g.bmp,Full,2,3148,1,33
16,5,v2lineSmall5g.bmp,Small,4,5968,1,34
16,8,v2lineFull8e.bmp,Full,2,2127,1,35
16,5,v2lineSD5b.bmp,SD,3,5393,1,36
16,8,v2lineSD8h.bmp,SD,4,2517,1,37
16,0,v2lineSD0i.bmp,SD,2,2301,1,38
16,8,v2lineSmall8h.bmp,Small,2,2154,1,39
16,0,v2lineFull0a.bmp,Full,1,2607,1,40
16,0,v2lineSD0g.bmp,SD,1,1450,1,41
16,0,v2lineSmall0h.bmp,Small,2,4245,1,42
16,3,v2lineSD3e.bmp,SD,2,1259,1,43
16,5,v2lineSD5e.bmp,SD,2,1012,1,44
16,5,v2lineFull5e.bmp,Full,2,1733,1,45
16,5,v2lineSD5i.bmp,SD,3,2268,1,46
16,5,v2lineFull5d.bmp,Full,2,747,1,47
16,5,v2lineFull5f.bmp,Full,2,460,1,48
16,0,v2lineSmall0j.bmp,Small,2,1103,1,49
16,0,v2lineSD0e.bmp,SD,2,524,1,50
16,3,v2lineFull3i.bmp,Full,2,700,1,51
16,8,v2lineFull8i.bmp,Full,1,971,1,52
16,3,v2lineFull3b.bmp,Full,1,828,1,53
16,3,v2lineFull3j.bmp,Full,1,624,1,54
16,8,v2lineFull8a.bmp,Full,1,573,1,55
16,5,v2lineSmall5a.bmp,Small,1,2809,1,56
16,5,v2lineSD5f.bmp,SD,2,1688,1,57
16,3,v2lineSD3i.bmp,SD,2,532,1,58
16,5,v2lineSmall5h.bmp,Small,2,837,1,59
16,5,v2lineFull5b.bmp,Full,2,1390,1,60
16,0,v2lineSmall0a.bmp,Small,2,1027,1,61
16,0,v2lineSD0b.bmp,SD,1,821,1,62
16,8,v2lineSD8j.bmp,SD,3,2170,1,63
16,8,v2lineFull8d.bmp,Full,1,1194,1,64
16,0,v2lineFull0e.bmp,Full,3,1149,1,65
16,0,v2lineSmall0d.bmp,Small,3,513,1,66
16,5,v2lineSD5d.bmp,SD,3,1204,1,67
16,8,v2lineSD8d.bmp,SD,4,2869,1,68
16,3,v2lineSD3a.bmp,SD,3,792,1,69
16,5,v2lineFull5i.bmp,Full,2,1807,1,70
16,5,v2lineSD5c.bmp,SD,4,3899,1,71
16,0,v2lineSD0f.bmp,SD,2,1188,1,72
16,3,v2lineSmall3d.bmp,Small,4,1277,1,73
16,5,v2lineFull5a.bmp,Full,1,1624,1,74
16,8,v2lineSD8b.bmp,SD,4,2098,1,75
16,8,v2lineSD8a.bmp,SD,4,1316,1,76
16,3,v2lineSmall3a.bmp,Small,3,1585,1,77
16,3,v2lineSD3j.bmp,SD,3,2426,1,78
16,8,v2lineSD8g.bmp,SD,4,1563,1,79
16,8,v2lineSmall8f.bmp,Small,4,4663,1,80
16,3,v2lineFull3h.bmp,Full,1,1021,1,81
16,3,v2lineSD3h.bmp,SD,2,1653,1,82
16,0,v2lineSD0d.bmp,SD,2,726,1,83
16,3,v2lineSmall3b.bmp,Small,3,1236,1,84
16,8,v2lineFull8h.bmp,Full,2,1608,1,85
16,0,v2lineFull0h.bmp,Full,1,1714,1,86
16,3,v2lineFull3e.bmp,Full,2,863,1,87
16,0,v2lineFull0c.bmp,Full,1,1540,1,88
16,3,v2lineSmall3f.bmp,Small,4,6035,1,89
16,0,v2lineSmall0f.bmp,Small,2,1287,1,90
16,8,v2lineSD8c.bmp,SD,4,939,1,91
16,8,v2lineSmall8c.bmp,Small,3,1177,1,92
16,8,v2lineFull8g.bmp,Full,2,3578,1,93
16,5,v2lineSD5h.bmp,SD,3,1085,1,94
16,3,v2lineSD3f.bmp,SD,2,968,1,95
16,0,v2lineSmall0c.bmp,Small,2,1070,1,96
16,5,v2lineSD5j.bmp,SD,3,936,1,97
16,8,v2lineFull8f.bmp,Full,2,2825,1,98
16,3,v2lineSmall3c.bmp,Small,2,1710,1,99
16,3,v2lineFull3d.bmp,Full,1,873,1,100
16,0,v2lineFull0j.bmp,Full,1,755,1,101
16,3,v2lineSmall3e.bmp,Small,3,1243,1,102
16,8,v2lineSD8f.bmp,SD,3,1351,1,103
16,5,v2lineSmall5b.bmp,Small,3,709,1,104
16,5,v2lineFull5c.bmp,Full,1,879,1,105
16,8,v2lineSmall8b.bmp,Small,1,3409,1,106
16,8,v2lineFull8c.bmp,Full,1,1502,1,107
16,8,v2lineSD8i.bmp,SD,4,1257,1,108
16,8,v2lineSmall8e.bmp,Small,4,742,1,109
16,3,v2lineSmall3i.bmp,Small,4,650,1,110
16,0,v2lineSmall0g.bmp,Small,2,1703,1,111
16,8,v2lineSD8e.bmp,SD,3,3037,1,112
16,5,v2lineSmall5j.bmp,Small,4,1140,1,113
16,3,v2lineFull3g.bmp,Full,1,930,1,114
16,5,v2lineSmall5e.bmp,Small,4,1620,1,115
16,5,v2lineSmall5i.bmp,Small,4,3878,1,116
16,0,v2lineFull0i.bmp,Full,1,797,1,117
16,3,v2lineSmall3h.bmp,Small,4,581,1,118
16,0,v2lineFull0b.bmp,Full,1,615,1,119
16,8,v2lineSmall8g.bmp,Small,4,662,1,120
16,8,v2lineFull8f.bmp,Full,1,496,2,121
16,8,v2lineSD8g.bmp,SD,4,4583,2,122
16,0,v2lineSmall0g.bmp,Small,1,907,2,123
16,8,v2lineSmall8a.bmp,Small,3,1085,2,124
16,3,v2lineSD3a.bmp,SD,2,1579,2,125
16,0,v2lineSmall0a.bmp,Small,1,773,2,126
16,5,v2lineSD5d.bmp,SD,2,548,2,127
16,5,v2lineSD5a.bmp,SD,2,717,2,128
16,5,v2lineSmall5i.bmp,Small,3,834,2,129
16,3,v2lineFull3g.bmp,Full,1,851,2,130
16,5,v2lineSD5b.bmp,SD,2,964,2,131
16,0,v2lineSD0b.bmp,SD,1,766,2,132
16,8,v2lineSmall8b.bmp,Small,4,1707,2,133
16,0,v2lineFull0f.bmp,Full,2,1153,2,134
16,0,v2lineSD0g.bmp,SD,1,7308,2,135
16,8,v2lineSD8j.bmp,SD,4,913,2,136
16,8,v2lineSD8f.bmp,SD,4,914,2,137
16,5,v2lineFull5f.bmp,Full,1,1516,2,138
16,3,v2lineSD3d.bmp,SD,2,514,2,139
16,5,v2lineSmall5g.bmp,Small,3,846,2,140
16,3,v2lineFull3d.bmp,Full,1,1049,2,141
16,0,v2lineFull0i.bmp,Full,3,4098,2,142
16,5,v2lineFull5g.bmp,Full,1,514,2,143
16,8,v2lineSmall8e.bmp,Small,3,2090,2,144
16,5,v2lineSD5i.bmp,SD,2,1055,2,145
16,8,v2lineFull8h.bmp,Full,2,1129,2,146
16,8,v2lineFull8i.bmp,Full,2,521,2,147
16,3,v2lineSmall3j.bmp,Small,3,9465,2,148
16,8,v2lineSmall8g.bmp,Small,3,455,2,149
16,3,v2lineSmall3h.bmp,Small,3,666,2,150
16,5,v2lineSD5f.bmp,SD,2,729,2,151
16,3,v2lineSD3i.bmp,SD,2,1103,2,152
16,3,v2lineFull3j.bmp,Full,1,756,2,153
16,8,v2lineFull8d.bmp,Full,2,1051,2,154
16,3,v2lineSD3h.bmp,SD,2,5570,2,155
16,5,v2lineSmall5h.bmp,Small,4,993,2,156
16,8,v2lineFull8b.bmp,Full,2,732,2,157
16,0,v2lineFull0h.bmp,Full,1,9335,2,158
16,5,v2lineFull5a.bmp,Full,1,492,2,159
16,0,v2lineSmall0i.bmp,Small,2,740,2,160
16,5,v2lineFull5h.bmp,Full,1,654,2,161
16,0,v2lineFull0g.bmp,Full,2,1247,2,162
16,5,v2lineSmall5j.bmp,Small,1,603,2,163
16,5,v2lineFull5c.bmp,Full,1,856,2,164
16,8,v2lineSD8a.bmp,SD,3,1067,2,165
16,0,v2lineSD0e.bmp,SD,1,7102,2,166
16,0,v2lineFull0c.bmp,Full,1,903,2,167
16,5,v2lineSmall5c.bmp,Small,2,429,2,168
16,8,v2lineSD8b.bmp,SD,4,1203,2,169
16,0,v2lineSD0j.bmp,SD,1,823,2,170
16,0,v2lineFull0j.bmp,Full,2,936,2,171
16,8,v2lineSD8h.bmp,SD,4,11536,2,172
16,3,v2lineSD3c.bmp,SD,2,859,2,173
16,0,v2lineSmall0j.bmp,Small,1,1031,2,174
16,5,v2lineFull5i.bmp,Full,1,929,2,175
16,5,v2lineSmall5b.bmp,Small,3,941,2,176
16,0,v2lineSD0i.bmp,SD,2,905,2,177
16,0,v2lineSD0f.bmp,SD,2,1564,2,178
16,8,v2lineSmall8c.bmp,Small,2,4721,2,179
16,3,v2lineSmall3f.bmp,Small,2,660,2,180
16,3,v2lineSmall3c.bmp,Small,2,704,2,181
16,3,v2lineSmall3d.bmp,Small,2,633,2,182
16,8,v2lineFull8a.bmp,Full,2,320,2,183
16,8,v2lineSD8e.bmp,SD,2,549,2,184
16,3,v2lineSmall3b.bmp,Small,2,293,2,185
16,3,v2lineFull3a.bmp,Full,2,575,2,186
16,5,v2lineSmall5a.bmp,Small,2,1411,2,187
16,5,v2lineFull5j.bmp,Full,2,457,2,188
16,5,v2lineSmall5d.bmp,Small,2,738,2,189
16,3,v2lineSD3f.bmp,SD,2,744,2,190
16,5,v2lineSmall5f.bmp,Small,2,973,2,191
16,5,v2lineFull5b.bmp,Full,2,700,2,192
16,0,v2lineSmall0c.bmp,Small,1,683,2,193
16,5,v2lineFull5d.bmp,Full,2,902,2,194
16,0,v2lineSD0d.bmp,SD,2,325,2,195
16,3,v2lineFull3e.bmp,Full,2,344,2,196
16,0,v2lineFull0e.bmp,Full,2,331,2,197
16,3,v2lineSmall3i.bmp,Small,2,287,2,198
16,8,v2lineFull8g.bmp,Full,2,256,2,199
16,3,v2lineSD3g.bmp,SD,2,839,2,200
16,3,v2lineFull3b.bmp,Full,2,365,2,201
16,0,v2lineSmall0f.bmp,Small,2,577,2,202
16,0,v2lineFull0d.bmp,Full,2,495,2,203
16,5,v2lineSD5e.bmp,SD,2,318,2,204
16,0,v2lineSD0c.bmp,SD,2,316,2,205
16,0,v2lineSD0a.bmp,SD,2,343,2,206
16,0,v2lineFull0b.bmp,Full,1,866,2,207
16,8,v2lineFull8e.bmp,Full,2,617,2,208
16,0,v2lineSmall0d.bmp,Small,2,623,2,209
16,3,v2lineSD3b.bmp,SD,2,3935,2,210
16,3,v2lineFull3i.bmp,Full,1,1147,2,211
16,5,v2lineSD5g.bmp,SD,1,5017,2,212
16,3,v2lineSmall3a.bmp,Small,1,1267,2,213
16,8,v2lineSmall8f.bmp,Small,2,374,2,214
16,8,v2lineFull8c.bmp,Full,2,346,2,215
16,8,v2lineFull8j.bmp,Full,2,252,2,216
16,0,v2lineSmall0b.bmp,Small,2,308,2,217
16,3,v2lineSD3e.bmp,SD,2,331,2,218
16,3,v2lineFull3h.bmp,Full,2,236,2,219
16,5,v2lineSD5h.bmp,SD,2,451,2,220
16,8,v2lineSmall8d.bmp,Small,2,355,2,221
16,8,v2lineSmall8i.bmp,Small,4,2355,2,222
16,0,v2lineSD0h.bmp,SD,2,830,2,223
16,5,v2lineSD5c.bmp,SD,4,597,2,224
16,8,v2lineSD8i.bmp,SD,2,536,2,225
16,0,v2lineSmall0h.bmp,Small,2,710,2,226
16,3,v2lineFull3c.bmp,Full,2,832,2,227
16,0,v2lineFull0a.bmp,Full,2,759,2,228
16,8,v2lineSD8d.bmp,SD,4,1123,2,229
16,5,v2lineSmall5e.bmp,Small,2,408,2,230
16,3,v2lineSD3j.bmp,SD,4,435,2,231
16,3,v2lineSmall3g.bmp,Small,4,454,2,232
16,8,v2lineSmall8j.bmp,Small,4,3460,2,233
16,5,v2lineSD5j.bmp,SD,4,589,2,234
16,8,v2lineSmall8h.bmp,Small,4,683,2,235
16,3,v2lineFull3f.bmp,Full,4,298,2,236
16,3,v2lineSmall3e.bmp,Small,1,279,2,237
16,5,v2lineFull5e.bmp,Full,2,355,2,238
16,8,v2lineSD8c.bmp,SD,2,300,2,239
16,0,v2lineSmall0e.bmp,Small,2,827,2,240
16,8,v2lineFull8i.bmp,Full,2,431,3,241
16,3,v2lineSmall3a.bmp,Small,2,530,3,242
16,0,v2lineSmall0c.bmp,Small,2,720,3,243
16,8,v2lineSmall8b.bmp,Small,2,111,3,244
16,3,v2lineFull3e.bmp,Full,2,621,3,245
16,3,v2lineSmall3d.bmp,Small,2,352,3,246
16,8,v2lineSD8h.bmp,SD,4,695,3,247
16,5,v2lineFull5a.bmp,Full,1,760,3,248
16,8,v2lineFull8j.bmp,Full,4,317,3,249
16,3,v2lineFull3b.bmp,Full,2,1856,3,250
16,5,v2lineFull5g.bmp,Full,2,548,3,251
16,3,v2lineSD3d.bmp,SD,2,645,3,252
16,3,v2lineFull3h.bmp,Full,2,363,3,253
16,8,v2lineSmall8e.bmp,Small,4,976,3,254
16,8,v2lineFull8d.bmp,Full,2,609,3,255
16,5,v2lineSD5b.bmp,SD,2,697,3,256
16,5,v2lineSD5d.bmp,SD,2,433,3,257
16,8,v2lineSD8c.bmp,SD,4,971,3,258
16,0,v2lineSD0b.bmp,SD,1,1791,3,259
16,5,v2lineSD5g.bmp,SD,2,5127,3,260
16,3,v2lineFull3j.bmp,Full,2,597,3,261
16,3,v2lineSD3f.bmp,SD,2,859,3,262
16,8,v2lineFull8h.bmp,Full,2,336,3,263
16,8,v2lineSD8a.bmp,SD,2,5443,3,264
16,0,v2lineFull0g.bmp,Full,1,1115,3,265
16,8,v2lineFull8a.bmp,Full,2,330,3,266
16,3,v2lineFull3d.bmp,Full,2,351,3,267
16,0,v2lineFull0e.bmp,Full,2,336,3,268
16,0,v2lineSmall0a.bmp,Small,2,412,3,269
16,8,v2lineFull8f.bmp,Full,2,310,3,270
16,5,v2lineSmall5d.bmp,Small,2,403,3,271
16,3,v2lineSmall3e.bmp,Small,3,426,3,272
16,3,v2lineSD3e.bmp,SD,2,530,3,273
16,8,v2lineSD8e.bmp,SD,3,1030,3,274
16,5,v2lineSD5h.bmp,SD,3,805,3,275
16,5,v2lineSmall5a.bmp,Small,2,400,3,276
16,3,v2lineSmall3i.bmp,Small,3,411,3,277
16,8,v2lineSD8f.bmp,SD,3,350,3,278
16,0,v2lineSD0h.bmp,SD,2,568,3,279
16,5,v2lineSmall5g.bmp,Small,3,393,3,280
16,0,v2lineSmall0h.bmp,Small,3,378,3,281
16,5,v2lineSD5i.bmp,SD,2,354,3,282
16,0,v2lineFull0b.bmp,Full,1,2554,3,283
16,0,v2lineSD0g.bmp,SD,1,2842,3,284
16,8,v2lineSD8b.bmp,SD,1,299,3,285
16,8,v2lineSmall8j.bmp,Small,2,93,3,286
16,8,v2lineSD8g.bmp,SD,2,509,3,287
16,0,v2lineFull0i.bmp,Full,2,268,3,288
16,5,v2lineSD5a.bmp,SD,2,312,3,289
16,3,v2lineSmall3b.bmp,Small,2,207,3,290
16,5,v2lineSD5c.bmp,SD,2,351,3,291
16,5,v2lineSmall5b.bmp,Small,3,221,3,292
16,0,v2lineSmall0f.bmp,Small,2,333,3,293
16,5,v2lineSmall5e.bmp,Small,3,231,3,294
16,0,v2lineFull0h.bmp,Full,2,260,3,295
16,5,v2lineFull5d.bmp,Full,3,275,3,296
16,0,v2lineFull0f.bmp,Full,1,774,3,297
16,0,v2lineSmall0g.bmp,Small,1,373,3,298
16,8,v2lineFull8g.bmp,Full,2,398,3,299
16,3,v2lineFull3g.bmp,Full,2,584,3,300
16,0,v2lineFull0d.bmp,Full,1,366,3,301
16,0,v2lineFull0j.bmp,Full,2,307,3,302
16,5,v2lineSmall5f.bmp,Small,1,3354,3,303
16,0,v2lineSD0d.bmp,SD,2,515,3,304
16,3,v2lineSmall3g.bmp,Small,3,125,3,305
16,3,v2lineSD3h.bmp,SD,3,263,3,306
16,3,v2lineFull3i.bmp,Full,3,356,3,307
16,0,v2lineSD0j.bmp,SD,1,329,3,308
16,5,v2lineSmall5j.bmp,Small,2,136,3,309
16,0,v2lineSD0i.bmp,SD,3,93,3,310
16,8,v2lineSmall8d.bmp,Small,2,362,3,311
16,5,v2lineSmall5c.bmp,Small,2,7775,3,312
16,5,v2lineFull5b.bmp,Full,1,1023,3,313
16,8,v2lineFull8c.bmp,Full,2,768,3,314
16,8,v2lineFull8b.bmp,Full,2,334,3,315
16,3,v2lineFull3f.bmp,Full,2,529,3,316
16,8,v2lineFull8e.bmp,Full,2,298,3,317
16,3,v2lineSmall3h.bmp,Small,2,368,3,318
16,3,v2lineSmall3f.bmp,Small,3,269,3,319
16,0,v2lineSmall0b.bmp,Small,1,1531,3,320
16,0,v2lineSmall0j.bmp,Small,1,1037,3,321
16,3,v2lineSD3b.bmp,SD,2,265,3,322
16,0,v2lineFull0c.bmp,Full,2,485,3,323
16,5,v2lineSD5j.bmp,SD,2,337,3,324
16,0,v2lineSD0e.bmp,SD,2,542,3,325
16,5,v2lineFull5c.bmp,Full,2,237,3,326
16,3,v2lineSD3c.bmp,SD,2,287,3,327
16,0,v2lineSD0f.bmp,SD,2,311,3,328
16,3,v2lineSD3g.bmp,SD,2,277,3,329
16,8,v2lineSmall8h.bmp,Small,2,209,3,330
16,5,v2lineFull5h.bmp,Full,2,556,3,331
16,3,v2lineFull3c.bmp,Full,2,510,3,332
16,5,v2lineFull5i.bmp,Full,2,257,3,333
16,3,v2lineSD3i.bmp,SD,2,5875,3,334
16,8,v2lineSmall8f.bmp,Small,2,335,3,335
16,3,v2lineSD3j.bmp,SD,2,230,3,336
16,0,v2lineSmall0i.bmp,Small,2,346,3,337
16,0,v2lineSD0a.bmp,SD,2,216,3,338
16,0,v2lineSmall0d.bmp,Small,2,232,3,339
16,5,v2lineFull5f.bmp,Full,2,230,3,340
16,8,v2lineSD8j.bmp,SD,2,775,3,341
16,0,v2lineSD0c.bmp,SD,2,423,3,342
16,5,v2lineFull5j.bmp,Full,2,7394,3,343
16,8,v2lineSmall8a.bmp,Small,3,995,3,344
16,5,v2lineSmall5i.bmp,Small,3,581,3,345
16,8,v2lineSD8d.bmp,SD,3,488,3,346
16,5,v2lineFull5e.bmp,Full,1,747,3,347
16,8,v2lineSD8i.bmp,SD,2,273,3,348
16,5,v2lineSD5e.bmp,SD,3,280,3,349
16,8,v2lineSmall8i.bmp,Small,2,211,3,350
16,0,v2lineFull0a.bmp,Full,3,203,3,351
16,5,v2lineSmall5h.bmp,Small,2,796,3,352
16,8,v2lineSmall8c.bmp,Small,2,329,3,353
16,3,v2lineSmall3j.bmp,Small,2,319,3,354
16,5,v2lineSD5f.bmp,SD,2,244,3,355
16,8,v2lineSmall8g.bmp,Small,2,318,3,356
16,3,v2lineFull3a.bmp,Full,2,421,3,357
16,3,v2lineSD3a.bmp,SD,2,307,3,358
16,0,v2lineSmall0e.bmp,Small,2,275,3,359
16,3,v2lineSmall3c.bmp,Small,2,62,3,360
16,8,v2lineSD8h.bmp,SD,2,5897,4,361
16,3,v2lineSD3a.bmp,SD,2,243,4,362
16,5,v2lineFull5h.bmp,Full,2,238,4,363
16,5,v2lineSD5g.bmp,SD,2,267,4,364
16,0,v2lineSmall0h.bmp,Small,2,157,4,365
16,3,v2lineSmall3f.bmp,Small,2,378,4,366
16,5,v2lineSmall5i.bmp,Small,2,451,4,367
16,5,v2lineSD5a.bmp,SD,2,243,4,368
16,5,v2lineSmall5c.bmp,Small,2,94,4,369
16,8,v2lineSmall8j.bmp,Small,2,2168,4,370
16,5,v2lineSmall5d.bmp,Small,2,2061,4,371
16,8,v2lineSmall8g.bmp,Small,2,67,4,372
16,3,v2lineSD3f.bmp,SD,2,16,4,373
16,8,v2lineSD8c.bmp,SD,2,216,4,374
16,0,v2lineSD0a.bmp,SD,2,85,4,375
16,8,v2lineFull8e.bmp,Full,2,37,4,376
16,0,v2lineSmall0j.bmp,Small,2,139,4,377
16,5,v2lineSmall5h.bmp,Small,2,1657,4,378
16,3,v2lineFull3h.bmp,Full,2,479,4,379
16,8,v2lineSmall8e.bmp,Small,2,247,4,380
16,0,v2lineFull0b.bmp,Full,2,414,4,381
16,3,v2lineSD3b.bmp,SD,2,1699,4,382
16,5,v2lineFull5b.bmp,Full,2,1120,4,383
16,8,v2lineFull8b.bmp,Full,2,751,4,384
16,3,v2lineSmall3b.bmp,Small,2,1584,4,385
16,5,v2lineSD5j.bmp,SD,2,1535,4,386
16,8,v2lineFull8c.bmp,Full,2,283,4,387
16,0,v2lineSD0j.bmp,SD,2,592,4,388
16,0,v2lineSmall0e.bmp,Small,2,135,4,389
16,8,v2lineSmall8c.bmp,Small,2,537,4,390
16,3,v2lineSmall3j.bmp,Small,2,1002,4,391
16,0,v2lineSmall0b.bmp,Small,2,516,4,392
16,3,v2lineSD3i.bmp,SD,2,2549,4,393
16,5,v2lineSmall5g.bmp,Small,2,277,4,394
16,5,v2lineFull5i.bmp,Full,2,1866,4,395
16,8,v2lineSD8f.bmp,SD,2,1022,4,396
16,8,v2lineSD8a.bmp,SD,2,746,4,397
16,3,v2lineSmall3h.bmp,Small,2,82,4,398
16,0,v2lineFull0a.bmp,Full,2,122,4,399
16,3,v2lineSD3g.bmp,SD,2,390,4,400
16,8,v2lineFull8a.bmp,Full,2,864,4,401
16,0,v2lineSD0f.bmp,SD,2,144,4,402
16,5,v2lineSmall5a.bmp,Small,2,704,4,403
16,3,v2lineSD3e.bmp,SD,2,769,4,404
16,8,v2lineSD8e.bmp,SD,2,188,4,405
16,3,v2lineFull3g.bmp,Full,2,582,4,406
16,3,v2lineSmall3a.bmp,Small,2,696,4,407
16,5,v2lineSD5b.bmp,SD,2,2192,4,408
16,8,v2lineFull8i.bmp,Full,2,2198,4,409
16,0,v2lineSD0b.bmp,SD,2,279,4,410
16,0,v2lineSmall0g.bmp,Small,2,203,4,411
16,8,v2lineSD8b.bmp,SD,2,320,4,412
16,5,v2lineSD5h.bmp,SD,2,977,4,413
16,3,v2lineSD3d.bmp,SD,2,433,4,414
16,8,v2lineSD8d.bmp,SD,2,311,4,415
16,5,v2lineSmall5e.bmp,Small,2,278,4,416
16,5,v2lineSmall5j.bmp,Small,2,242,4,417
16,8,v2lineSD8i.bmp,SD,2,452,4,418
16,0,v2lineSmall0d.bmp,Small,2,49,4,419
16,5,v2lineSD5i.bmp,SD,2,585,4,420
16,3,v2lineSmall3c.bmp,Small,2,1111,4,421
16,0,v2lineSD0e.bmp,SD,2,461,4,422
16,0,v2lineSmall0f.bmp,Small,2,784,4,423
16,5,v2lineFull5c.bmp,Full,2,129,4,424
16,8,v2lineSD8j.bmp,SD,2,231,4,425
16,0,v2lineSmall0i.bmp,Small,2,629,4,426
16,8,v2lineFull8j.bmp,Full,2,373,4,427
16,5,v2lineFull5d.bmp,Full,2,320,4,428
16,3,v2lineFull3f.bmp,Full,2,449,4,429
16,5,v2lineSD5f.bmp,SD,2,464,4,430
16,3,v2lineFull3c.bmp,Full,2,3355,4,431
16,0,v2lineSD0h.bmp,SD,2,260,4,432
16,8,v2lineSmall8i.bmp,Small,2,240,4,433
16,5,v2lineFull5a.bmp,Full,2,208,4,434
16,8,v2lineSmall8b.bmp,Small,2,668,4,435
16,3,v2lineFull3d.bmp,Full,2,254,4,436
16,3,v2lineSmall3g.bmp,Small,2,411,4,437
16,0,v2lineFull0c.bmp,Full,2,107,4,438
16,5,v2lineFull5f.bmp,Full,2,227,4,439
16,8,v2lineFull8f.bmp,Full,2,491,4,440
16,5,v2lineSD5e.bmp,SD,2,525,4,441
16,5,v2lineFull5e.bmp,Full,2,275,4,442
16,3,v2lineSmall3i.bmp,Small,2,85,4,443
16,8,v2lineSmall8h.bmp,Small,2,254,4,444
16,5,v2lineFull5g.bmp,Full,2,86,4,445
16,0,v2lineFull0f.bmp,Full,2,108,4,446
16,8,v2lineFull8d.bmp,Full,2,94,4,447
16,0,v2lineFull0j.bmp,Full,2,5,4,448
16,3,v2lineFull3b.bmp,Full,2,372,4,449
16,8,v2lineSmall8d.bmp,Small,2,146,4,450
16,0,v2lineSD0d.bmp,SD,2,899,4,451
16,3,v2lineFull3i.bmp,Full,2,1059,4,452
16,0,v2lineFull0h.bmp,Full,2,447,4,453
16,5,v2lineFull5j.bmp,Full,2,2997,4,454
16,3,v2lineFull3a.bmp,Full,2,1732,4,455
16,0,v2lineFull0g.bmp,Full,2,279,4,456
16,5,v2lineSD5c.bmp,SD,2,226,4,457
16,5,v2lineSmall5b.bmp,Small,2,267,4,458
16,3,v2lineSD3c.bmp,SD,2,33,4,459
16,5,v2lineSD5d.bmp,SD,2,47,4,460
16,8,v2lineSmall8f.bmp,Small,2,301,4,461
16,0,v2lineSmall0c.bmp,Small,2,1123,4,462
16,0,v2lineSmall0a.bmp,Small,2,366,4,463
16,8,v2lineFull8h.bmp,Full,2,384,4,464
16,3,v2lineSmall3d.bmp,Small,2,5415,4,465
16,8,v2lineFull8g.bmp,Full,2,538,4,466
16,8,v2lineSmall8a.bmp,Small,2,607,4,467
16,3,v2lineFull3e.bmp,Full,2,330,4,468
16,3,v2lineFull3j.bmp,Full,2,56,4,469
16,8,v2lineSD8g.bmp,SD,2,344,4,470
16,5,v2lineSmall5f.bmp,Small,2,1443,4,471
16,0,v2lineFull0e.bmp,Full,2,3085,4,472
16,0,v2lineSD0g.bmp,SD,2,201,4,473
16,0,v2lineFull0d.bmp,Full,2,226,4,474
16,3,v2lineSD3j.bmp,SD,2,269,4,475
16,0,v2lineFull0i.bmp,Full,2,121,4,476
16,0,v2lineSD0c.bmp,SD,2,1478,4,477
16,0,v2lineSD0i.bmp,SD,2,3291,4,478
16,3,v2lineSmall3e.bmp,Small,2,5733,4,479
16,3,v2lineSD3h.bmp,SD,2,428,4,480
17,3,v2lineSD3c.bmp,SD,2,12564,1,1
17,3,v2lineSD3b.bmp,SD,2,4810,1,2
17,0,v2lineSD0d.bmp,SD,1,3194,1,3
17,0,v2lineFull0g.bmp,Full,1,2027,1,4
17,0,v2lineSmall0h.bmp,Small,1,2586,1,5
17,8,v2lineSmall8b.bmp,Small,4,4555,1,6
17,0,v2lineSmall0e.bmp,Small,1,2493,1,7
17,0,v2lineSD0b.bmp,SD,1,1090,1,8
17,5,v2lineSD5h.bmp,SD,3,4350,1,9
17,3,v2lineSmall3h.bmp,Small,3,4937,1,10
17,0,v2lineSD0g.bmp,SD,1,1525,1,11
17,0,v2lineSD0c.bmp,SD,1,648,1,12
17,5,v2lineSD5g.bmp,SD,3,3510,1,13
17,0,v2lineSmall0j.bmp,Small,1,1290,1,14
17,8,v2lineSD8h.bmp,SD,4,2221,1,15
17,5,v2lineFull5e.bmp,Full,1,1108,1,16
17,5,v2lineSD5j.bmp,SD,3,2400,1,17
17,0,v2lineSmall0f.bmp,Small,1,984,1,18
17,5,v2lineFull5j.bmp,Full,1,769,1,19
17,3,v2lineSmall3b.bmp,Small,4,1514,1,20
17,8,v2lineFull8g.bmp,Full,2,5966,1,21
17,3,v2lineSmall3e.bmp,Small,2,7256,1,22
17,5,v2lineSmall5b.bmp,Small,4,3736,1,23
17,3,v2lineSD3h.bmp,SD,2,4108,1,24
17,5,v2lineFull5b.bmp,Full,2,1552,1,25
17,0,v2lineSD0e.bmp,SD,1,1258,1,26
17,0,v2lineFull0a.bmp,Full,1,864,1,27
17,3,v2lineFull3h.bmp,Full,2,2629,1,28
17,8,v2lineFull8c.bmp,Full,2,845,1,29
17,3,v2lineSmall3c.bmp,Small,3,2963,1,30
17,8,v2lineSmall8i.bmp,Small,4,2308,1,31
17,0,v2lineFull0h.bmp,Full,1,928,1,32
17,0,v2lineSD0a.bmp,SD,1,602,1,33
17,5,v2lineSD5a.bmp,SD,3,4850,1,34
17,0,v2lineFull0f.bmp,Full,1,938,1,35
17,5,v2lineFull5a.bmp,Full,2,1508,1,36
17,8,v2lineSmall8d.bmp,Small,3,2568,1,37
17,0,v2lineSmall0c.bmp,Small,1,2242,1,38
17,3,v2lineSmall3f.bmp,Small,2,3296,1,39
17,8,v2lineFull8i.bmp,Full,2,4660,1,40
17,3,v2lineSD3j.bmp,SD,2,4827,1,41
17,8,v2lineSmall8h.bmp,Small,3,1411,1,42
17,5,v2lineFull5d.bmp,Full,2,1771,1,43
17,8,v2lineSmall8g.bmp,Small,4,3788,1,44
17,8,v2lineFull8b.bmp,Full,2,1878,1,45
17,3,v2lineSD3f.bmp,SD,2,1795,1,46
17,5,v2lineFull5f.bmp,Full,2,4578,1,47
17,8,v2lineSD8e.bmp,SD,2,2228,1,48
17,8,v2lineSmall8j.bmp,Small,3,2483,1,49
17,5,v2lineSmall5i.bmp,Small,3,1440,1,50
17,3,v2lineFull3i.bmp,Full,1,1207,1,51
17,8,v2lineFull8h.bmp,Full,1,1814,1,52
17,3,v2lineFull3g.bmp,Full,2,1798,1,53
17,5,v2lineSmall5f.bmp,Small,3,4046,1,54
17,0,v2lineFull0b.bmp,Full,1,1221,1,55
17,0,v2lineFull0e.bmp,Full,1,685,1,56
17,8,v2lineSD8b.bmp,SD,3,2568,1,57
17,8,v2lineSmall8a.bmp,Small,3,1634,1,58
17,8,v2lineSmall8e.bmp,Small,3,1993,1,59
17,3,v2lineSD3i.bmp,SD,2,2618,1,60
17,5,v2lineSmall5a.bmp,Small,2,1618,1,61
17,8,v2lineSD8c.bmp,SD,3,1297,1,62
17,3,v2lineSmall3i.bmp,Small,2,1198,1,63
17,3,v2lineSmall3g.bmp,Small,2,2094,1,64
17,5,v2lineSD5f.bmp,SD,3,2762,1,65
17,3,v2lineFull3c.bmp,Full,2,1084,1,66
17,3,v2lineFull3f.bmp,Full,1,864,1,67
17,5,v2lineFull5c.bmp,Full,2,1053,1,68
17,5,v2lineSmall5j.bmp,Small,3,4995,1,69
17,8,v2lineFull8e.bmp,Full,2,1981,1,70
17,3,v2lineSD3d.bmp,SD,3,2238,1,71
17,5,v2lineSmall5d.bmp,Small,4,3237,1,72
17,5,v2lineFull5h.bmp,Full,3,1484,1,73
17,0,v2lineSmall0g.bmp,Small,1,817,1,74
17,5,v2lineSmall5h.bmp,Small,4,2968,1,75
17,0,v2lineSD0i.bmp,SD,1,946,1,76
17,5,v2lineSmall5g.bmp,Small,3,1332,1,77
17,0,v2lineFull0c.bmp,Full,1,1078,1,78
17,3,v2lineSD3g.bmp,SD,2,3307,1,79
17,5,v2lineSD5c.bmp,SD,3,1535,1,80
17,5,v2lineSD5i.bmp,SD,3,946,1,81
17,8,v2lineSD8f.bmp,SD,3,1020,1,82
17,8,v2lineFull8f.bmp,Full,3,2028,1,83
17,5,v2lineSmall5c.bmp,Small,2,2555,1,84
17,3,v2lineFull3e.bmp,Full,2,2917,1,85
17,5,v2lineFull5i.bmp,Full,2,1048,1,86
17,3,v2lineFull3a.bmp,Full,2,1382,1,87
17,0,v2lineSmall0a.bmp,Small,1,2415,1,88
17,8,v2lineSmall8c.bmp,Small,3,4103,1,89
17,0,v2lineSmall0d.bmp,Small,1,1124,1,90
17,3,v2lineFull3b.bmp,Full,2,1231,1,91
17,8,v2lineFull8d.bmp,Full,2,638,1,92
17,3,v2lineSmall3j.bmp,Small,2,2292,1,93
17,8,v2lineFull8a.bmp,Full,2,1569,1,94
17,0,v2lineSmall0b.bmp,Small,1,1018,1,95
17,8,v2lineSmall8f.bmp,Small,2,1658,1,96
17,0,v2lineSD0f.bmp,SD,1,838,1,97
17,5,v2lineSD5d.bmp,SD,2,1404,1,98
17,5,v2lineSmall5e.bmp,Small,3,1197,1,99
17,3,v2lineSmall3d.bmp,Small,3,1925,1,100
17,0,v2lineSD0h.bmp,SD,1,696,1,101
17,8,v2lineSD8i.bmp,SD,3,1276,1,102
17,0,v2lineFull0i.bmp,Full,1,1425,1,103
17,5,v2lineSD5b.bmp,SD,2,1272,1,104
17,8,v2lineSD8g.bmp,SD,3,1293,1,105
17,0,v2lineFull0j.bmp,Full,1,1241,1,106
17,0,v2lineSmall0i.bmp,Small,1,1583,1,107
17,5,v2lineFull5g.bmp,Full,2,3855,1,108
17,8,v2lineSD8j.bmp,SD,3,1166,1,109
17,0,v2lineFull0d.bmp,Full,1,1031,1,110
17,8,v2lineFull8j.bmp,Full,2,2438,1,111
17,3,v2lineSmall3a.bmp,Small,2,1549,1,112
17,3,v2lineFull3d.bmp,Full,2,1711,1,113
17,8,v2lineSD8d.bmp,SD,3,843,1,114
17,8,v2lineSD8a.bmp,SD,3,993,1,115
17,3,v2lineSD3e.bmp,SD,2,985,1,116
17,3,v2lineSD3a.bmp,SD,2,769,1,117
17,3,v2lineFull3j.bmp,Full,2,835,1,118
17,0,v2lineSD0j.bmp,SD,1,801,1,119
17,5,v2lineSD5e.bmp,SD,2,1737,1,120
17,0,v2lineFull0g.bmp,Full,1,587,2,121
17,0,v2lineFull0i.bmp,Full,1,580,2,122
17,5,v2lineSmall5c.bmp,Small,2,972,2,123
17,8,v2lineSD8g.bmp,SD,3,845,2,124
17,3,v2lineFull3e.bmp,Full,2,1403,2,125
17,0,v2lineFull0b.bmp,Full,1,635,2,126
17,0,v2lineSmall0d.bmp,Small,1,698,2,127
17,5,v2lineSmall5f.bmp,Small,3,3238,2,128
17,0,v2lineSmall0b.bmp,Small,1,965,2,129
17,5,v2lineFull5d.bmp,Full,2,1022,2,130
17,3,v2lineFull3a.bmp,Full,2,933,2,131
17,8,v2lineSD8h.bmp,SD,3,1288,2,132
17,5,v2lineSmall5i.bmp,Small,3,1285,2,133
17,8,v2lineFull8c.bmp,Full,2,2016,2,134
17,8,v2lineFull8b.bmp,Full,2,840,2,135
17,8,v2lineFull8j.bmp,Full,2,1510,2,136
17,0,v2lineSmall0e.bmp,Small,1,642,2,137
17,5,v2lineSD5d.bmp,SD,2,1912,2,138
17,5,v2lineSmall5a.bmp,Small,2,4315,2,139
17,3,v2lineSD3e.bmp,SD,2,2208,2,140
17,5,v2lineSmall5j.bmp,Small,3,1024,2,141
17,8,v2lineSD8d.bmp,SD,3,1191,2,142
17,3,v2lineFull3c.bmp,Full,1,911,2,143
17,5,v2lineSmall5b.bmp,Small,3,1778,2,144
17,3,v2lineSD3a.bmp,SD,2,3322,2,145
17,0,v2lineSD0i.bmp,SD,1,1502,2,146
17,5,v2lineFull5f.bmp,Full,2,1098,2,147
17,5,v2lineSD5h.bmp,SD,3,1254,2,148
17,3,v2lineSD3h.bmp,SD,2,1052,2,149
17,0,v2lineSD0c.bmp,SD,1,874,2,150
17,5,v2lineSD5j.bmp,SD,2,1519,2,151
17,0,v2lineSD0a.bmp,SD,1,715,2,152
17,8,v2lineFull8d.bmp,Full,2,1102,2,153
17,0,v2lineFull0e.bmp,Full,1,1090,2,154
17,5,v2lineFull5j.bmp,Full,2,1086,2,155
17,8,v2lineSmall8j.bmp,Small,3,1227,2,156
17,8,v2lineSmall8a.bmp,Small,3,970,2,157
17,0,v2lineSmall0h.bmp,Small,1,898,2,158
17,0,v2lineSmall0j.bmp,Small,1,1134,2,159
17,0,v2lineSD0f.bmp,SD,1,1073,2,160
17,8,v2lineSmall8g.bmp,Small,3,1270,2,161
17,3,v2lineSD3j.bmp,SD,2,907,2,162
17,0,v2lineSmall0f.bmp,Small,1,751,2,163
17,5,v2lineSD5a.bmp,SD,2,1848,2,164
17,3,v2lineFull3b.bmp,Full,1,991,2,165
17,0,v2lineSmall0i.bmp,Small,2,799,2,166
17,5,v2lineFull5c.bmp,Full,2,1591,2,167
17,5,v2lineSmall5g.bmp,Small,3,703,2,168
17,3,v2lineSmall3j.bmp,Small,3,731,2,169
17,8,v2lineSmall8i.bmp,Small,3,1278,2,170
17,8,v2lineSD8a.bmp,SD,3,1130,2,171
17,5,v2lineSD5f.bmp,SD,3,1004,2,172
17,0,v2lineSD0e.bmp,SD,1,572,2,173
17,0,v2lineSD0g.bmp,SD,1,668,2,174
17,5,v2lineSmall5d.bmp,Small,3,818,2,175
17,0,v2lineSD0b.bmp,SD,1,1305,2,176
17,3,v2lineFull3i.bmp,Full,1,2325,2,177
17,5,v2lineSD5c.bmp,SD,3,1272,2,178
17,3,v2lineSmall3b.bmp,Small,3,573,2,179
17,8,v2lineSD8j.bmp,SD,3,717,2,180
17,8,v2lineSmall8h.bmp,Small,3,736,2,181
17,0,v2lineSmall0c.bmp,Small,1,826,2,182
17,3,v2lineFull3j.bmp,Full,2,873,2,183
17,0,v2lineSD0h.bmp,SD,1,518,2,184
17,3,v2lineFull3d.bmp,Full,2,408,2,185
17,8,v2lineFull8e.bmp,Full,2,496,2,186
17,0,v2lineSD0j.bmp,SD,1,626,2,187
17,3,v2lineSmall3d.bmp,Small,2,1161,2,188
17,0,v2lineFull0d.bmp,Full,1,578,2,189
17,5,v2lineSmall5h.bmp,Small,3,499,2,190
17,8,v2lineSD8i.bmp,SD,3,1015,2,191
17,8,v2lineSD8f.bmp,SD,3,1254,2,192
17,8,v2lineSD8e.bmp,SD,3,1652,2,193
17,5,v2lineFull5a.bmp,Full,2,1393,2,194
17,3,v2lineSmall3e.bmp,Small,3,1506,2,195
17,3,v2lineSmall3g.bmp,Small,3,517,2,196
17,3,v2lineSD3f.bmp,SD,2,2945,2,197
17,3,v2lineSmall3f.bmp,Small,3,1859,2,198
17,3,v2lineSD3b.bmp,SD,2,1152,2,199
17,5,v2lineSD5b.bmp,SD,3,385,2,200
17,0,v2lineFull0f.bmp,Full,1,706,2,201
17,8,v2lineSD8b.bmp,SD,3,901,2,202
17,5,v2lineFull5i.bmp,Full,2,1161,2,203
17,5,v2lineFull5e.bmp,Full,2,1027,2,204
17,3,v2lineSmall3c.bmp,Small,2,2338,2,205
17,8,v2lineSmall8d.bmp,Small,3,1221,2,206
17,5,v2lineSD5i.bmp,SD,3,1452,2,207
17,8,v2lineSD8c.bmp,SD,3,1082,2,208
17,0,v2lineFull0j.bmp,Full,1,1047,2,209
17,0,v2lineSD0d.bmp,SD,1,541,2,210
17,8,v2lineFull8a.bmp,Full,2,1047,2,211
17,3,v2lineSmall3a.bmp,Small,2,1389,2,212
17,3,v2lineSmall3i.bmp,Small,2,700,2,213
17,0,v2lineSmall0a.bmp,Small,1,728,2,214
17,8,v2lineFull8h.bmp,Full,2,2251,2,215
17,8,v2lineSmall8c.bmp,Small,2,1594,2,216
17,8,v2lineSmall8e.bmp,Small,2,962,2,217
17,5,v2lineFull5g.bmp,Full,2,1771,2,218
17,3,v2lineSD3i.bmp,SD,2,3908,2,219
17,3,v2lineSD3c.bmp,SD,2,1161,2,220
17,3,v2lineSmall3h.bmp,Small,2,4498,2,221
17,5,v2lineSmall5e.bmp,Small,3,1312,2,222
17,8,v2lineFull8g.bmp,Full,2,2250,2,223
17,3,v2lineFull3f.bmp,Full,2,2633,2,224
17,0,v2lineFull0a.bmp,Full,1,736,2,225
17,8,v2lineFull8i.bmp,Full,2,899,2,226
17,5,v2lineFull5b.bmp,Full,2,895,2,227
17,3,v2lineSD3d.bmp,SD,2,1131,2,228
17,3,v2lineSD3g.bmp,SD,2,701,2,229
17,5,v2lineSD5g.bmp,SD,2,841,2,230
17,5,v2lineFull5h.bmp,Full,2,927,2,231
17,0,v2lineFull0c.bmp,Full,1,778,2,232
17,3,v2lineFull3h.bmp,Full,2,699,2,233
17,0,v2lineFull0h.bmp,Full,1,663,2,234
17,3,v2lineFull3g.bmp,Full,2,588,2,235
17,8,v2lineSmall8b.bmp,Small,3,1252,2,236
17,0,v2lineSmall0g.bmp,Small,1,906,2,237
17,8,v2lineSmall8f.bmp,Small,3,701,2,238
17,8,v2lineFull8f.bmp,Full,2,1217,2,239
17,5,v2lineSD5e.bmp,SD,3,865,2,240
17,3,v2lineSD3i.bmp,SD,2,1446,3,241
17,8,v2lineFull8c.bmp,Full,2,1524,3,242
17,8,v2lineSmall8i.bmp,Small,2,1007,3,243
17,3,v2lineSmall3d.bmp,Small,2,1134,3,244
17,0,v2lineSD0e.bmp,SD,1,913,3,245
17,8,v2lineSmall8d.bmp,Small,3,1197,3,246
17,8,v2lineSD8b.bmp,SD,3,885,3,247
17,0,v2lineFull0g.bmp,Full,1,665,3,248
17,8,v2lineFull8i.bmp,Full,2,775,3,249
17,0,v2lineSmall0f.bmp,Small,1,655,3,250
17,5,v2lineSD5e.bmp,SD,3,684,3,251
17,8,v2lineSD8d.bmp,SD,3,1048,3,252
17,0,v2lineSmall0h.bmp,Small,1,526,3,253
17,8,v2lineSD8a.bmp,SD,3,1121,3,254
17,3,v2lineSD3c.bmp,SD,2,1220,3,255
17,0,v2lineFull0i.bmp,Full,1,588,3,256
17,5,v2lineFull5a.bmp,Full,2,652,3,257
17,0,v2lineFull0d.bmp,Full,1,626,3,258
17,5,v2lineSD5i.bmp,SD,2,913,3,259
17,0,v2lineFull0j.bmp,Full,1,716,3,260
17,3,v2lineFull3f.bmp,Full,2,1112,3,261
17,8,v2lineFull8d.bmp,Full,2,699,3,262
17,8,v2lineFull8h.bmp,Full,2,495,3,263
17,8,v2lineFull8b.bmp,Full,2,539,3,264
17,3,v2lineSmall3c.bmp,Small,2,1197,3,265
17,3,v2lineSmall3j.bmp,Small,3,1036,3,266
17,3,v2lineSD3h.bmp,SD,2,1139,3,267
17,0,v2lineSD0c.bmp,SD,1,749,3,268
17,5,v2lineSD5h.bmp,SD,2,831,3,269
17,8,v2lineSmall8e.bmp,Small,3,1333,3,270
17,0,v2lineSmall0e.bmp,Small,1,1680,3,271
17,3,v2lineFull3j.bmp,Full,2,1669,3,272
17,8,v2lineSmall8c.bmp,Small,3,1859,3,273
17,0,v2lineSmall0b.bmp,Small,1,1465,3,274
17,5,v2lineSmall5i.bmp,Small,4,1662,3,275
17,0,v2lineSD0b.bmp,SD,1,604,3,276
17,8,v2lineSmall8g.bmp,Small,3,1532,3,277
17,5,v2lineSmall5d.bmp,Small,3,1255,3,278
17,5,v2lineSD5b.bmp,SD,2,924,3,279
17,3,v2lineFull3g.bmp,Full,2,735,3,280
17,0,v2lineFull0f.bmp,Full,1,889,3,281
17,0,v2lineFull0h.bmp,Full,1,525,3,282
17,8,v2lineSD8f.bmp,SD,3,2704,3,283
17,5,v2lineSD5c.bmp,SD,3,564,3,284
17,5,v2lineSmall5f.bmp,Small,2,862,3,285
17,8,v2lineSD8h.bmp,SD,3,811,3,286
17,3,v2lineFull3b.bmp,Full,2,1234,3,287
17,3,v2lineSmall3g.bmp,Small,2,1025,3,288
17,5,v2lineFull5h.bmp,Full,2,736,3,289
17,5,v2lineSmall5c.bmp,Small,2,1115,3,290
17,3,v2lineSmall3b.bmp,Small,3,742,3,291
17,3,v2lineFull3i.bmp,Full,2,656,3,292
17,8,v2lineSmall8h.bmp,Small,3,1116,3,293
17,8,v2lineFull8e.bmp,Full,2,1184,3,294
17,8,v2lineFull8j.bmp,Full,2,601,3,295
17,8,v2lineFull8g.bmp,Full,2,648,3,296
17,3,v2lineSD3b.bmp,SD,2,1166,3,297
17,3,v2lineFull3e.bmp,Full,2,904,3,298
17,5,v2lineFull5d.bmp,Full,2,628,3,299
17,8,v2lineSD8c.bmp,SD,3,1258,3,300
17,3,v2lineFull3c.bmp,Full,2,984,3,301
17,3,v2lineSmall3f.bmp,Small,2,1369,3,302
17,8,v2lineSD8j.bmp,SD,3,1210,3,303
17,8,v2lineSD8e.bmp,SD,3,1050,3,304
17,3,v2lineSmall3a.bmp,Small,2,1160,3,305
17,5,v2lineFull5e.bmp,Full,2,897,3,306
17,5,v2lineSD5d.bmp,SD,3,2380,3,307
17,3,v2lineSD3d.bmp,SD,2,1022,3,308
17,5,v2lineFull5b.bmp,Full,2,596,3,309
17,5,v2lineSD5f.bmp,SD,3,804,3,310
17,0,v2lineFull0c.bmp,Full,1,708,3,311
17,0,v2lineSmall0j.bmp,Small,1,655,3,312
17,5,v2lineSmall5e.bmp,Small,3,1061,3,313
17,0,v2lineSD0a.bmp,SD,1,650,3,314
17,3,v2lineSD3f.bmp,SD,2,632,3,315
17,8,v2lineSmall8f.bmp,Small,3,1383,3,316
17,8,v2lineFull8a.bmp,Full,1,656,3,317
17,8,v2lineSD8i.bmp,SD,3,1622,3,318
17,5,v2lineSmall5h.bmp,Small,3,773,3,319
17,0,v2lineSD0f.bmp,SD,1,670,3,320
17,5,v2lineSD5a.bmp,SD,3,2274,3,321
17,8,v2lineSmall8b.bmp,Small,3,1031,3,322
17,5,v2lineSmall5b.bmp,Small,3,2374,3,323
17,0,v2lineSmall0d.bmp,Small,1,951,3,324
17,3,v2lineSmall3i.bmp,Small,2,1225,3,325
17,5,v2lineFull5c.bmp,Full,2,928,3,326
17,0,v2lineSD0i.bmp,SD,2,1155,3,327
17,0,v2lineFull0b.bmp,Full,1,669,3,328
17,0,v2lineFull0a.bmp,Full,1,586,3,329
17,0,v2lineFull0e.bmp,Full,1,619,3,330
17,5,v2lineSD5g.bmp,SD,2,1026,3,331
17,5,v2lineSD5j.bmp,SD,3,1409,3,332
17,8,v2lineSmall8a.bmp,Small,3,992,3,333
17,8,v2lineSmall8j.bmp,Small,3,704,3,334
17,3,v2lineSD3a.bmp,SD,2,931,3,335
17,0,v2lineSD0d.bmp,SD,1,782,3,336
17,0,v2lineSmall0g.bmp,Small,1,455,3,337
17,0,v2lineSmall0a.bmp,Small,2,940,3,338
17,5,v2lineFull5g.bmp,Full,2,694,3,339
17,5,v2lineSmall5j.bmp,Small,3,738,3,340
17,3,v2lineSmall3h.bmp,Small,3,596,3,341
17,0,v2lineSD0j.bmp,SD,1,724,3,342
17,3,v2lineSD3g.bmp,SD,2,879,3,343
17,5,v2lineSmall5a.bmp,Small,2,995,3,344
17,0,v2lineSmall0i.bmp,Small,2,931,3,345
17,5,v2lineFull5j.bmp,Full,2,662,3,346
17,3,v2lineSD3e.bmp,SD,2,467,3,347
17,5,v2lineSmall5g.bmp,Small,3,696,3,348
17,0,v2lineSmall0c.bmp,Small,1,660,3,349
17,3,v2lineFull3h.bmp,Full,2,1106,3,350
17,0,v2lineSD0g.bmp,SD,1,653,3,351
17,5,v2lineFull5f.bmp,Full,2,666,3,352
17,5,v2lineFull5i.bmp,Full,2,831,3,353
17,0,v2lineSD0h.bmp,SD,1,622,3,354
17,3,v2lineSmall3e.bmp,Small,3,525,3,355
17,3,v2lineFull3d.bmp,Full,1,639,3,356
17,8,v2lineFull8f.bmp,Full,2,685,3,357
17,3,v2lineFull3a.bmp,Full,2,506,3,358
17,3,v2lineSD3j.bmp,SD,2,789,3,359
17,8,v2lineSD8g.bmp,SD,3,829,3,360
17,8,v2lineSD8e.bmp,SD,3,484,4,361
17,8,v2lineFull8f.bmp,Full,2,1008,4,362
17,5,v2lineFull5d.bmp,Full,2,512,4,363
17,8,v2lineFull8g.bmp,Full,2,515,4,364
17,5,v2lineSmall5e.bmp,Small,3,926,4,365
17,3,v2lineSD3f.bmp,SD,2,1009,4,366
17,0,v2lineFull0c.bmp,Full,1,696,4,367
17,8,v2lineSmall8g.bmp,Small,3,1179,4,368
17,0,v2lineSmall0a.bmp,Small,1,956,4,369
17,3,v2lineSD3g.bmp,SD,2,797,4,370
17,0,v2lineSD0b.bmp,SD,1,581,4,371
17,3,v2lineSmall3b.bmp,Small,2,902,4,372
17,8,v2lineSD8h.bmp,SD,3,674,4,373
17,5,v2lineFull5g.bmp,Full,2,839,4,374
17,8,v2lineFull8b.bmp,Full,2,581,4,375
17,3,v2lineSmall3f.bmp,Small,2,1213,4,376
17,5,v2lineFull5b.bmp,Full,2,685,4,377
17,5,v2lineSD5g.bmp,SD,2,1233,4,378
17,5,v2lineFull5c.bmp,Full,2,768,4,379
17,5,v2lineSmall5d.bmp,Small,3,497,4,380
17,0,v2lineFull0e.bmp,Full,2,589,4,381
17,8,v2lineSmall8d.bmp,Small,3,781,4,382
17,5,v2lineSD5c.bmp,SD,3,1934,4,383
17,3,v2lineSmall3c.bmp,Small,2,1200,4,384
17,5,v2lineSmall5c.bmp,Small,2,1112,4,385
17,3,v2lineSD3b.bmp,SD,2,1323,4,386
17,0,v2lineSmall0f.bmp,Small,1,630,4,387
17,0,v2lineSD0d.bmp,SD,1,517,4,388
17,0,v2lineSmall0j.bmp,Small,1,408,4,389
17,5,v2lineSmall5a.bmp,Small,2,911,4,390
17,0,v2lineSmall0h.bmp,Small,1,435,4,391
17,0,v2lineSD0h.bmp,SD,1,545,4,392
17,0,v2lineFull0a.bmp,Full,1,467,4,393
17,8,v2lineFull8i.bmp,Full,2,824,4,394
17,8,v2lineSD8c.bmp,SD,3,847,4,395
17,3,v2lineSmall3g.bmp,Small,3,501,4,396
17,8,v2lineFull8j.bmp,Full,2,649,4,397
17,8,v2lineSmall8a.bmp,Small,3,1135,4,398
17,3,v2lineFull3i.bmp,Full,2,610,4,399
17,8,v2lineSD8i.bmp,SD,3,4272,4,400
17,0,v2lineSD0c.bmp,SD,1,942,4,401
17,3,v2lineFull3a.bmp,Full,2,832,4,402
17,5,v2lineSmall5g.bmp,Small,3,559,4,403
17,8,v2lineFull8d.bmp,Full,2,5440,4,404
17,5,v2lineFull5a.bmp,Full,2,1871,4,405
17,5,v2lineFull5f.bmp,Full,2,429,4,406
17,8,v2lineSmall8h.bmp,Small,3,1107,4,407
17,8,v2lineSmall8e.bmp,Small,3,478,4,408
17,3,v2lineFull3j.bmp,Full,1,619,4,409
17,0,v2lineSmall0g.bmp,Small,1,393,4,410
17,8,v2lineSmall8i.bmp,Small,3,777,4,411
17,8,v2lineSD8a.bmp,SD,3,474,4,412
17,3,v2lineSmall3e.bmp,Small,2,1022,4,413
17,8,v2lineSD8j.bmp,SD,3,885,4,414
17,5,v2lineSD5h.bmp,SD,3,738,4,415
17,0,v2lineSmall0d.bmp,Small,1,588,4,416
17,3,v2lineSD3i.bmp,SD,2,924,4,417
17,5,v2lineSD5a.bmp,SD,2,663,4,418
17,3,v2lineFull3e.bmp,Full,2,836,4,419
17,3,v2lineFull3g.bmp,Full,2,579,4,420
17,3,v2lineFull3h.bmp,Full,2,484,4,421
17,8,v2lineSD8d.bmp,SD,3,512,4,422
17,0,v2lineFull0h.bmp,Full,1,603,4,423
17,3,v2lineFull3b.bmp,Full,2,795,4,424
17,0,v2lineSmall0e.bmp,Small,1,683,4,425
17,3,v2lineSD3e.bmp,SD,2,1240,4,426
17,0,v2lineSD0e.bmp,SD,1,573,4,427
17,0,v2lineSD0a.bmp,SD,1,582,4,428
17,0,v2lineSD0f.bmp,SD,2,550,4,429
17,0,v2lineFull0b.bmp,Full,1,864,4,430
17,5,v2lineSmall5h.bmp,Small,3,1213,4,431
17,0,v2lineFull0f.bmp,Full,1,701,4,432
17,8,v2lineFull8c.bmp,Full,2,649,4,433
17,5,v2lineFull5e.bmp,Full,2,903,4,434
17,5,v2lineSmall5j.bmp,Small,3,667,4,435
17,3,v2lineSmall3j.bmp,Small,3,1256,4,436
17,5,v2lineSD5b.bmp,SD,3,1006,4,437
17,3,v2lineSD3a.bmp,SD,2,573,4,438
17,5,v2lineSD5e.bmp,SD,2,750,4,439
17,0,v2lineSmall0c.bmp,Small,1,728,4,440
17,0,v2lineFull0d.bmp,Full,1,474,4,441
17,3,v2lineSD3h.bmp,SD,2,711,4,442
17,8,v2lineSD8g.bmp,SD,3,809,4,443
17,8,v2lineSmall8f.bmp,Small,3,544,4,444
17,5,v2lineFull5j.bmp,Full,2,874,4,445
17,3,v2lineSmall3i.bmp,Small,3,679,4,446
17,0,v2lineSmall0i.bmp,Small,1,1340,4,447
17,3,v2lineSD3c.bmp,SD,2,894,4,448
17,8,v2lineSmall8j.bmp,Small,3,954,4,449
17,5,v2lineFull5h.bmp,Full,2,1084,4,450
17,3,v2lineSmall3a.bmp,Small,2,953,4,451
17,8,v2lineSD8f.bmp,SD,3,1051,4,452
17,0,v2lineSD0g.bmp,SD,1,769,4,453
17,8,v2lineFull8e.bmp,Full,2,1202,4,454
17,0,v2lineFull0j.bmp,Full,1,1186,4,455
17,5,v2lineSD5f.bmp,SD,3,795,4,456
17,3,v2lineFull3d.bmp,Full,2,827,4,457
17,5,v2lineSmall5f.bmp,Small,3,562,4,458
17,8,v2lineSmall8c.bmp,Small,3,706,4,459
17,5,v2lineSmall5b.bmp,Small,3,693,4,460
17,5,v2lineSD5j.bmp,SD,2,697,4,461
17,8,v2lineFull8h.bmp,Full,2,893,4,462
17,0,v2lineFull0g.bmp,Full,2,681,4,463
17,8,v2lineSmall8b.bmp,Small,2,982,4,464
17,5,v2lineSD5i.bmp,SD,2,1135,4,465
17,5,v2lineSD5d.bmp,SD,2,1081,4,466
17,0,v2lineSD0i.bmp,SD,2,1326,4,467
17,3,v2lineSmall3h.bmp,Small,2,825,4,468
17,5,v2lineFull5i.bmp,Full,2,712,4,469
17,3,v2lineSmall3d.bmp,Small,3,691,4,470
17,3,v2lineSD3d.bmp,SD,2,1575,4,471
17,0,v2lineFull0i.bmp,Full,1,688,4,472
17,0,v2lineSmall0b.bmp,Small,1,707,4,473
17,3,v2lineFull3f.bmp,Full,2,671,4,474
17,5,v2lineSmall5i.bmp,Small,3,1876,4,475
17,8,v2lineFull8a.bmp,Full,2,1257,4,476
17,3,v2lineSD3j.bmp,SD,2,959,4,477
17,0,v2lineSD0j.bmp,SD,1,704,4,478
17,3,v2lineFull3c.bmp,Full,2,619,4,479
17,8,v2lineSD8b.bmp,SD,3,1243,4,480
18,5,v2lineSD5d.bmp,SD,4,10836,1,1
18,0,v2lineFull0j.bmp,Full,1,6278,1,2
18,0,v2lineFull0a.bmp,Full,1,5244,1,3
18,8,v2lineSmall8g.bmp,Small,4,17675,1,4
18,3,v2lineFull3h.bmp,Full,2,5565,1,5
18,5,v2lineSD5e.bmp,SD,3,3721,1,6
18,0,v2lineSmall0b.bmp,Small,2,8164,1,7
18,3,v2lineFull3g.bmp,Full,2,2384,1,8
18,0,v2lineSmall0j.bmp,Small,2,6048,1,9
18,5,v2lineSmall5j.bmp,Small,4,7008,1,10
18,8,v2lineSmall8d.bmp,Small,4,2634,1,11
18,8,v2lineSmall8e.bmp,Small,4,3665,1,12
18,3,v2lineSD3a.bmp,SD,3,6008,1,13
18,3,v2lineSD3g.bmp,SD,3,1065,1,14
18,8,v2lineSD8g.bmp,SD,4,3174,1,15
18,5,v2lineFull5d.bmp,Full,2,3959,1,16
18,8,v2lineFull8j.bmp,Full,2,881,1,17
18,8,v2lineFull8g.bmp,Full,2,5886,1,18
18,3,v2lineSmall3g.bmp,Small,4,2452,1,19
18,0,v2lineSD0i.bmp,SD,1,10611,1,20
18,5,v2lineSD5i.bmp,SD,3,3150,1,21
18,0,v2lineSD0d.bmp,SD,1,2104,1,22
18,5,v2lineSmall5h.bmp,Small,4,1348,1,23
18,8,v2lineFull8e.bmp,Full,2,2278,1,24
18,8,v2lineFull8b.bmp,Full,2,971,1,25
18,0,v2lineFull0g.bmp,Full,1,2581,1,26
18,8,v2lineSD8b.bmp,SD,4,1030,1,27
18,5,v2lineSmall5g.bmp,Small,4,645,1,28
18,8,v2lineSD8i.bmp,SD,3,5987,1,29
18,3,v2lineSmall3e.bmp,Small,4,4413,1,30
18,8,v2lineSD8h.bmp,SD,4,757,1,31
18,0,v2lineSmall0e.bmp,Small,2,3758,1,32
18,8,v2lineFull8f.bmp,Full,2,920,1,33
18,5,v2lineSD5f.bmp,SD,3,6531,1,34
18,0,v2lineFull0f.bmp,Full,1,4040,1,35
18,8,v2lineSD8d.bmp,SD,4,1687,1,36
18,0,v2lineSmall0h.bmp,Small,1,6252,1,37
18,5,v2lineSmall5i.bmp,Small,4,7490,1,38
18,5,v2lineFull5a.bmp,Full,2,2569,1,39
18,0,v2lineSD0e.bmp,SD,2,715,1,40
18,8,v2lineFull8a.bmp,Full,2,638,1,41
18,5,v2lineFull5b.bmp,Full,3,8589,1,42
18,8,v2lineSmall8c.bmp,Small,3,4520,1,43
18,3,v2lineSD3d.bmp,SD,3,2739,1,44
18,3,v2lineSD3f.bmp,SD,3,1966,1,45
18,8,v2lineSmall8a.bmp,Small,3,4232,1,46
18,0,v2lineFull0c.bmp,Full,1,3416,1,47
18,3,v2lineSD3i.bmp,SD,2,1504,1,48
18,0,v2lineSmall0i.bmp,Small,2,908,1,49
18,5,v2lineFull5c.bmp,Full,1,1383,1,50
18,0,v2lineSD0h.bmp,SD,1,2048,1,51
18,8,v2lineSmall8b.bmp,Small,4,1391,1,52
18,3,v2lineSD3b.bmp,SD,2,5383,1,53
18,8,v2lineSmall8h.bmp,Small,3,7072,1,54
18,8,v2lineFull8d.bmp,Full,3,3559,1,55
18,3,v2lineSmall3h.bmp,Small,4,4865,1,56
18,0,v2lineSmall0a.bmp,Small,2,4128,1,57
18,0,v2lineFull0b.bmp,Full,1,2356,1,58
18,0,v2lineSD0g.bmp,SD,1,678,1,59
18,0,v2lineSD0f.bmp,SD,1,1379,1,60
18,5,v2lineFull5j.bmp,Full,2,5762,1,61
18,0,v2lineSD0j.bmp,SD,1,1438,1,62
18,8,v2lineFull8h.bmp,Full,2,1836,1,63
18,3,v2lineSmall3j.bmp,Small,4,1931,1,64
18,3,v2lineSmall3i.bmp,Small,3,1015,1,65
18,8,v2lineSD8c.bmp,SD,3,1854,1,66
18,5,v2lineSD5g.bmp,SD,4,1572,1,67
18,8,v2lineSD8a.bmp,SD,3,917,1,68
18,5,v2lineFull5f.bmp,Full,2,2785,1,69
18,5,v2lineFull5h.bmp,Full,2,778,1,70
18,0,v2lineFull0d.bmp,Full,1,619,1,71
18,3,v2lineSD3e.bmp,SD,2,745,1,72
18,5,v2lineFull5i.bmp,Full,2,795,1,73
18,3,v2lineFull3c.bmp,Full,2,1187,1,74
18,5,v2lineSmall5b.bmp,Small,4,1612,1,75
18,5,v2lineFull5e.bmp,Full,2,1027,1,76
18,5,v2lineSmall5a.bmp,Small,4,1042,1,77
18,0,v2lineSD0a.bmp,SD,1,976,1,78
18,0,v2lineSmall0g.bmp,Small,1,689,1,79
18,5,v2lineSmall5f.bmp,Small,4,2821,1,80
18,0,v2lineFull0e.bmp,Full,1,781,1,81
18,3,v2lineSmall3b.bmp,Small,3,4157,1,82
18,8,v2lineSmall8f.bmp,Small,4,2216,1,83
18,3,v2lineSmall3c.bmp,Small,1,872,1,84
18,3,v2lineSD3c.bmp,SD,1,1059,1,85
18,8,v2lineFull8i.bmp,Full,2,1185,1,86
18,8,v2lineFull8c.bmp,Full,2,626,1,87
18,5,v2lineSD5j.bmp,SD,2,4608,1,88
18,5,v2lineSmall5d.bmp,Small,4,1313,1,89
18,3,v2lineSmall3f.bmp,Small,4,1036,1,90
18,3,v2lineFull3d.bmp,Full,2,2195,1,91
18,8,v2lineSD8j.bmp,SD,4,1460,1,92
18,3,v2lineSD3j.bmp,SD,2,1377,1,93
18,0,v2lineFull0h.bmp,Full,1,1090,1,94
18,8,v2lineSD8e.bmp,SD,2,2310,1,95
18,3,v2lineFull3f.bmp,Full,1,770,1,96
18,3,v2lineSD3h.bmp,SD,2,754,1,97
18,5,v2lineSD5h.bmp,SD,3,500,1,98
18,3,v2lineFull3i.bmp,Full,1,608,1,99
18,5,v2lineSD5c.bmp,SD,2,1831,1,100
18,0,v2lineSmall0c.bmp,Small,1,1103,1,101
18,3,v2lineFull3b.bmp,Full,1,1051,1,102
18,8,v2lineSmall8j.bmp,Small,4,2849,1,103
18,3,v2lineSmall3d.bmp,Small,2,1111,1,104
18,5,v2lineSmall5c.bmp,Small,4,2675,1,105
18,3,v2lineFull3a.bmp,Full,1,744,1,106
18,3,v2lineFull3j.bmp,Full,1,642,1,107
18,0,v2lineSmall0f.bmp,Small,2,4896,1,108
18,0,v2lineSD0b.bmp,SD,1,838,1,109
18,0,v2lineSmall0d.bmp,Small,2,547,1,110
18,8,v2lineSmall8i.bmp,Small,4,757,1,111
18,5,v2lineSD5b.bmp,SD,2,1294,1,112
18,0,v2lineSD0c.bmp,SD,2,475,1,113
18,5,v2lineSD5a.bmp,SD,2,2671,1,114
18,3,v2lineFull3e.bmp,Full,1,1796,1,115
18,8,v2lineSD8f.bmp,SD,4,821,1,116
18,5,v2lineSmall5e.bmp,Small,2,1540,1,117
18,3,v2lineSmall3a.bmp,Small,2,630,1,118
18,5,v2lineFull5g.bmp,Full,1,2989,1,119
18,0,v2lineFull0i.bmp,Full,2,646,1,120
18,8,v2lineSmall8c.bmp,Small,4,788,2,121
18,0,v2lineSmall0c.bmp,Small,2,668,2,122
18,3,v2lineSmall3g.bmp,Small,2,2218,2,123
18,0,v2lineFull0h.bmp,Full,1,968,2,124
18,5,v2lineSD5c.bmp,SD,2,1402,2,125
18,5,v2lineSD5d.bmp,SD,2,746,2,126
18,3,v2lineFull3b.bmp,Full,2,380,2,127
18,5,v2lineFull5f.bmp,Full,1,709,2,128
18,5,v2lineSmall5f.bmp,Small,4,2312,2,129
18,5,v2lineSD5h.bmp,SD,2,2996,2,130
18,3,v2lineSD3f.bmp,SD,2,692,2,131
18,8,v2lineSD8d.bmp,SD,3,824,2,132
18,5,v2lineSmall5c.bmp,Small,4,647,2,133
18,0,v2lineSD0d.bmp,SD,1,525,2,134
18,8,v2lineSmall8h.bmp,Small,4,2936,2,135
18,0,v2lineSmall0f.bmp,Small,2,747,2,136
18,0,v2lineSD0a.bmp,SD,1,1429,2,137
18,5,v2lineFull5c.bmp,Full,2,907,2,138
18,8,v2lineFull8j.bmp,Full,2,1206,2,139
18,8,v2lineSD8f.bmp,SD,4,774,2,140
18,8,v2lineSmall8f.bmp,Small,4,878,2,141
18,3,v2lineSD3h.bmp,SD,1,1163,2,142
18,3,v2lineSD3d.bmp,SD,2,988,2,143
18,8,v2lineSD8a.bmp,SD,2,1029,2,144
18,0,v2lineSmall0i.bmp,Small,3,443,2,145
18,8,v2lineSD8c.bmp,SD,3,777,2,146
18,3,v2lineFull3e.bmp,Full,2,938,2,147
18,3,v2lineSmall3e.bmp,Small,4,6292,2,148
18,5,v2lineSD5b.bmp,SD,3,858,2,149
18,3,v2lineFull3h.bmp,Full,1,1088,2,150
18,3,v2lineFull3g.bmp,Full,1,629,2,151
18,5,v2lineSD5g.bmp,SD,2,2586,2,152
18,8,v2lineFull8e.bmp,Full,2,1491,2,153
18,5,v2lineSmall5e.bmp,Small,4,1256,2,154
18,5,v2lineFull5a.bmp,Full,2,1189,2,155
18,0,v2lineSmall0b.bmp,Small,1,845,2,156
18,5,v2lineSD5f.bmp,SD,3,2939,2,157
18,0,v2lineFull0d.bmp,Full,1,622,2,158
18,8,v2lineFull8d.bmp,Full,2,709,2,159
18,3,v2lineSD3j.bmp,SD,3,792,2,160
18,5,v2lineSmall5j.bmp,Small,4,776,2,161
18,8,v2lineSD8h.bmp,SD,4,1185,2,162
18,3,v2lineFull3f.bmp,Full,2,1265,2,163
18,8,v2lineSD8j.bmp,SD,3,1255,2,164
18,8,v2lineFull8b.bmp,Full,2,781,2,165
18,5,v2lineSmall5i.bmp,Small,4,1005,2,166
18,8,v2lineSD8b.bmp,SD,4,1476,2,167
18,5,v2lineSD5j.bmp,SD,3,609,2,168
18,8,v2lineFull8f.bmp,Full,2,664,2,169
18,0,v2lineSmall0a.bmp,Small,1,765,2,170
18,5,v2lineSmall5b.bmp,Small,3,1167,2,171
18,0,v2lineSmall0g.bmp,Small,1,1432,2,172
18,0,v2lineFull0g.bmp,Full,1,679,2,173
18,0,v2lineFull0a.bmp,Full,1,428,2,174
18,3,v2lineSD3a.bmp,SD,2,882,2,175
18,3,v2lineSmall3h.bmp,Small,3,887,2,176
18,5,v2lineFull5j.bmp,Full,2,588,2,177
18,8,v2lineSD8i.bmp,SD,3,620,2,178
18,3,v2lineSmall3c.bmp,Small,3,2242,2,179
18,8,v2lineSmall8i.bmp,Small,4,1201,2,180
18,0,v2lineSD0c.bmp,SD,1,928,2,181
18,5,v2lineFull5b.bmp,Full,2,1906,2,182
18,8,v2lineSD8g.bmp,SD,3,934,2,183
18,0,v2lineSD0j.bmp,SD,2,656,2,184
18,0,v2lineFull0i.bmp,Full,1,669,2,185
18,0,v2lineSD0h.bmp,SD,2,658,2,186
18,0,v2lineSmall0d.bmp,Small,2,735,2,187
18,0,v2lineFull0e.bmp,Full,1,745,2,188
18,3,v2lineSmall3j.bmp,Small,4,987,2,189
18,5,v2lineSD5a.bmp,SD,3,1515,2,190
18,3,v2lineSmall3i.bmp,Small,3,2502,2,191
18,3,v2lineFull3a.bmp,Full,1,850,2,192
18,8,v2lineSmall8j.bmp,Small,4,640,2,193
18,3,v2lineFull3i.bmp,Full,1,1302,2,194
18,8,v2lineFull8i.bmp,Full,2,922,2,195
18,3,v2lineSD3c.bmp,SD,2,956,2,196
18,8,v2lineFull8h.bmp,Full,2,469,2,197
18,8,v2lineFull8a.bmp,Full,2,1067,2,198
18,5,v2lineFull5h.bmp,Full,2,416,2,199
18,3,v2lineSD3b.bmp,SD,2,3399,2,200
18,3,v2lineSD3e.bmp,SD,2,2360,2,201
18,0,v2lineSD0f.bmp,SD,1,866,2,202
18,0,v2lineFull0f.bmp,Full,1,559,2,203
18,5,v2lineFull5d.bmp,Full,2,633,2,204
18,5,v2lineFull5i.bmp,Full,2,791,2,205
18,0,v2lineFull0b.bmp,Full,1,679,2,206
18,5,v2lineFull5e.bmp,Full,1,572,2,207
18,0,v2lineSD0e.bmp,SD,2,597,2,208
18,0,v2lineSD0g.bmp,SD,1,693,2,209
18,0,v2lineSmall0j.bmp,Small,2,457,2,210
18,3,v2lineSmall3d.bmp,Small,3,3301,2,211
18,3,v2lineFull3j.bmp,Full,1,682,2,212
18,3,v2lineSmall3b.bmp,Small,3,855,2,213
18,5,v2lineSmall5d.bmp,Small,3,620,2,214
18,5,v2lineFull5g.bmp,Full,1,635,2,215
18,3,v2lineSD3i.bmp,SD,2,658,2,216
18,3,v2lineSD3g.bmp,SD,2,599,2,217
18,8,v2lineSmall8g.bmp,Small,4,815,2,218
18,0,v2lineSD0i.bmp,SD,1,838,2,219
18,8,v2lineSmall8e.bmp,Small,4,685,2,220
18,0,v2lineFull0j.bmp,Full,2,714,2,221
18,8,v2lineSmall8d.bmp,Small,4,613,2,222
18,3,v2lineSmall3f.bmp,Small,4,460,2,223
18,8,v2lineSD8e.bmp,SD,4,1121,2,224
18,5,v2lineSmall5a.bmp,Small,4,861,2,225
18,5,v2lineSD5i.bmp,SD,3,410,2,226
18,3,v2lineFull3c.bmp,Full,1,1713,2,227
18,0,v2lineFull0c.bmp,Full,2,525,2,228
18,8,v2lineSmall8b.bmp,Small,4,1056,2,229
18,0,v2lineSD0b.bmp,SD,2,1012,2,230
18,5,v2lineSD5e.bmp,SD,3,859,2,231
18,3,v2lineSmall3a.bmp,Small,3,961,2,232
18,0,v2lineSmall0h.bmp,Small,2,1066,2,233
18,8,v2lineFull8c.bmp,Full,2,544,2,234
18,0,v2lineSmall0e.bmp,Small,2,609,2,235
18,5,v2lineSmall5h.bmp,Small,4,833,2,236
18,8,v2lineFull8g.bmp,Full,2,919,2,237
18,8,v2lineSmall8a.bmp,Small,4,4411,2,238
18,3,v2lineFull3d.bmp,Full,2,771,2,239
18,5,v2lineSmall5g.bmp,Small,3,860,2,240
18,3,v2lineFull3i.bmp,Full,2,849,3,241
18,0,v2lineFull0e.bmp,Full,1,615,3,242
18,0,v2lineSmall0d.bmp,Small,2,783,3,243
18,5,v2lineSD5a.bmp,SD,2,727,3,244
18,8,v2lineSmall8j.bmp,Small,3,969,3,245
18,8,v2lineFull8f.bmp,Full,2,554,3,246
18,0,v2lineSmall0h.bmp,Small,2,2684,3,247
18,8,v2lineFull8e.bmp,Full,1,706,3,248
18,3,v2lineSmall3c.bmp,Small,3,877,3,249
18,5,v2lineFull5h.bmp,Full,2,577,3,250
18,3,v2lineSmall3j.bmp,Small,3,746,3,251
18,0,v2lineSD0h.bmp,SD,1,660,3,252
18,8,v2lineSmall8f.bmp,Small,4,1057,3,253
18,5,v2lineFull5e.bmp,Full,2,839,3,254
18,3,v2lineSD3i.bmp,SD,2,613,3,255
18,5,v2lineFull5j.bmp,Full,2,1740,3,256
18,0,v2lineSD0i.bmp,SD,1,574,3,257
18,8,v2lineFull8j.bmp,Full,2,479,3,258
18,5,v2lineSmall5f.bmp,Small,4,843,3,259
18,3,v2lineFull3g.bmp,Full,2,553,3,260
18,5,v2lineFull5b.bmp,Full,2,1666,3,261
18,0,v2lineSD0b.bmp,SD,1,2576,3,262
18,0,v2lineFull0b.bmp,Full,1,817,3,263
18,3,v2lineSmall3i.bmp,Small,4,913,3,264
18,0,v2lineFull0g.bmp,Full,2,828,3,265
18,0,v2lineFull0a.bmp,Full,1,611,3,266
18,5,v2lineSmall5i.bmp,Small,4,1394,3,267
18,8,v2lineSmall8g.bmp,Small,4,618,3,268
18,5,v2lineSmall5h.bmp,Small,4,553,3,269
18,8,v2lineSmall8e.bmp,Small,4,699,3,270
18,5,v2lineSD5d.bmp,SD,3,863,3,271
18,8,v2lineSD8e.bmp,SD,3,581,3,272
18,0,v2lineSmall0i.bmp,Small,2,773,3,273
18,5,v2lineFull5g.bmp,Full,1,742,3,274
18,0,v2lineSD0j.bmp,SD,1,720,3,275
18,8,v2lineFull8d.bmp,Full,1,523,3,276
18,5,v2lineSD5e.bmp,SD,2,654,3,277
18,8,v2lineSD8d.bmp,SD,3,1362,3,278
18,0,v2lineFull0c.bmp,Full,1,596,3,279
18,8,v2lineSD8a.bmp,SD,2,916,3,280
18,3,v2lineFull3c.bmp,Full,1,2839,3,281
18,8,v2lineSD8j.bmp,SD,4,990,3,282
18,0,v2lineSmall0f.bmp,Small,2,822,3,283
18,3,v2lineFull3j.bmp,Full,1,709,3,284
18,3,v2lineSmall3b.bmp,Small,2,952,3,285
18,3,v2lineFull3e.bmp,Full,2,602,3,286
18,3,v2lineSD3b.bmp,SD,2,866,3,287
18,3,v2lineFull3b.bmp,Full,2,679,3,288
18,5,v2lineFull5a.bmp,Full,2,4412,3,289
18,0,v2lineFull0h.bmp,Full,1,2997,3,290
18,8,v2lineSmall8d.bmp,Small,4,1188,3,291
18,8,v2lineSmall8c.bmp,Small,4,724,3,292
18,0,v2lineFull0f.bmp,Full,2,727,3,293
18,8,v2lineSD8c.bmp,SD,3,818,3,294
18,3,v2lineFull3f.bmp,Full,1,793,3,295
18,5,v2lineSmall5g.bmp,Small,4,1265,3,296
18,5,v2lineSmall5j.bmp,Small,4,903,3,297
18,8,v2lineSmall8i.bmp,Small,4,795,3,298
18,5,v2lineSmall5e.bmp,Small,4,731,3,299
18,3,v2lineSmall3f.bmp,Small,4,549,3,300
18,5,v2lineSD5g.bmp,SD,3,991,3,301
18,5,v2lineFull5d.bmp,Full,1,615,3,302
18,5,v2lineFull5c.bmp,Full,1,1078,3,303
18,3,v2lineSD3g.bmp,SD,1,947,3,304
18,8,v2lineSmall8h.bmp,Small,4,1397,3,305
18,3,v2lineFull3h.bmp,Full,2,1013,3,306
18,5,v2lineSD5i.bmp,SD,3,644,3,307
18,3,v2lineSD3a.bmp,SD,4,890,3,308
18,0,v2lineSmall0j.bmp,Small,2,1086,3,309
18,0,v2lineSmall0b.bmp,Small,3,835,3,310
18,3,v2lineSmall3h.bmp,Small,4,1041,3,311
18,3,v2lineFull3a.bmp,Full,2,7431,3,312
18,3,v2lineSD3f.bmp,SD,2,1208,3,313
18,8,v2lineSD8g.bmp,SD,4,2456,3,314
18,0,v2lineSmall0c.bmp,Small,2,734,3,315
18,3,v2lineSD3c.bmp,SD,3,1000,3,316
18,3,v2lineFull3d.bmp,Full,2,680,3,317
18,8,v2lineFull8b.bmp,Full,2,1013,3,318
18,5,v2lineSD5h.bmp,SD,2,684,3,319
18,5,v2lineSD5b.bmp,SD,2,496,3,320
18,0,v2lineSD0d.bmp,SD,2,612,3,321
18,0,v2lineFull0d.bmp,Full,1,747,3,322
18,8,v2lineSD8b.bmp,SD,4,829,3,323
18,3,v2lineSmall3d.bmp,Small,4,676,3,324
18,0,v2lineSD0f.bmp,SD,1,840,3,325
18,5,v2lineSD5f.bmp,SD,2,1414,3,326
18,0,v2lineSD0c.bmp,SD,1,574,3,327
18,3,v2lineSD3d.bmp,SD,1,647,3,328
18,3,v2lineSD3e.bmp,SD,2,964,3,329
18,5,v2lineSD5c.bmp,SD,3,726,3,330
18,8,v2lineFull8g.bmp,Full,2,1376,3,331
18,8,v2lineSD8i.bmp,SD,4,937,3,332
18,5,v2lineSmall5c.bmp,Small,4,756,3,333
18,5,v2lineSmall5a.bmp,Small,4,733,3,334
18,8,v2lineFull8h.bmp,Full,2,776,3,335
18,0,v2lineFull0j.bmp,Full,1,657,3,336
18,5,v2lineSmall5d.bmp,Small,4,877,3,337
18,8,v2lineSD8h.bmp,SD,4,898,3,338
18,0,v2lineSD0a.bmp,SD,1,670,3,339
18,3,v2lineSD3h.bmp,SD,2,723,3,340
18,0,v2lineSmall0g.bmp,Small,1,630,3,341
18,8,v2lineSmall8b.bmp,Small,4,692,3,342
18,8,v2lineFull8i.bmp,Full,2,632,3,343
18,8,v2lineFull8c.bmp,Full,1,495,3,344
18,5,v2lineSmall5b.bmp,Small,4,539,3,345
18,0,v2lineSmall0a.bmp,Small,2,517,3,346
18,0,v2lineFull0i.bmp,Full,1,544,3,347
18,8,v2lineSmall8a.bmp,Small,4,570,3,348
18,3,v2lineSmall3e.bmp,Small,4,515,3,349
18,3,v2lineSD3j.bmp,SD,2,527,3,350
18,5,v2lineFull5f.bmp,Full,1,513,3,351
18,5,v2lineSD5j.bmp,SD,2,508,3,352
18,8,v2lineSD8f.bmp,SD,4,496,3,353
18,5,v2lineFull5i.bmp,Full,1,428,3,354
18,3,v2lineSmall3a.bmp,Small,2,698,3,355
18,3,v2lineSmall3g.bmp,Small,4,742,3,356
18,0,v2lineSD0g.bmp,SD,1,631,3,357
18,0,v2lineSmall0e.bmp,Small,2,438,3,358
18,8,v2lineFull8a.bmp,Full,1,684,3,359
18,0,v2lineSD0e.bmp,SD,1,625,3,360
18,5,v2lineSmall5f.bmp,Small,4,671,4,361
18,3,v2lineSD3c.bmp,SD,2,660,4,362
18,5,v2lineSD5b.bmp,SD,2,649,4,363
18,3,v2lineFull3d.bmp,Full,2,583,4,364
18,3,v2lineFull3c.bmp,Full,2,608,4,365
18,5,v2lineSD5i.bmp,SD,3,807,4,366
18,5,v2lineFull5g.bmp,Full,2,734,4,367
18,3,v2lineFull3j.bmp,Full,2,1345,4,368
18,3,v2lineSmall3g.bmp,Small,4,1035,4,369
18,5,v2lineSD5c.bmp,SD,4,626,4,370
18,0,v2lineSmall0d.bmp,Small,2,752,4,371
18,3,v2lineSmall3e.bmp,Small,4,674,4,372
18,3,v2lineSmall3c.bmp,Small,4,879,4,373
18,3,v2lineSmall3h.bmp,Small,4,940,4,374
18,3,v2lineSmall3j.bmp,Small,4,741,4,375
18,0,v2lineSmall0j.bmp,Small,1,727,4,376
18,0,v2lineSD0g.bmp,SD,2,561,4,377
18,8,v2lineFull8c.bmp,Full,2,731,4,378
18,5,v2lineFull5e.bmp,Full,2,2901,4,379
18,0,v2lineSD0f.bmp,SD,1,754,4,380
18,3,v2lineFull3b.bmp,Full,1,611,4,381
18,5,v2lineSmall5i.bmp,Small,4,963,4,382
18,0,v2lineSD0b.bmp,SD,1,804,4,383
18,5,v2lineSD5j.bmp,SD,2,604,4,384
18,3,v2lineSD3f.bmp,SD,2,587,4,385
18,0,v2lineSmall0b.bmp,Small,1,700,4,386
18,5,v2lineFull5d.bmp,Full,1,520,4,387
18,0,v2lineSmall0h.bmp,Small,2,667,4,388
18,3,v2lineFull3g.bmp,Full,2,600,4,389
18,5,v2lineSD5d.bmp,SD,3,800,4,390
18,0,v2lineSmall0g.bmp,Small,1,792,4,391
18,5,v2lineSD5h.bmp,SD,3,775,4,392
18,8,v2lineSmall8a.bmp,Small,4,752,4,393
18,3,v2lineSD3j.bmp,SD,2,570,4,394
18,0,v2lineSmall0a.bmp,Small,1,579,4,395
18,0,v2lineSD0c.bmp,SD,1,731,4,396
18,3,v2lineFull3h.bmp,Full,1,598,4,397
18,0,v2lineSmall0e.bmp,Small,2,502,4,398
18,3,v2lineSD3b.bmp,SD,3,690,4,399
18,3,v2lineSmall3i.bmp,Small,2,206,4,400
18,3,v2lineSmall3f.bmp,Small,4,1069,4,401
18,8,v2lineSmall8e.bmp,Small,4,602,4,402
18,8,v2lineFull8i.bmp,Full,2,778,4,403
18,8,v2lineSD8h.bmp,SD,3,715,4,404
18,8,v2lineFull8h.bmp,Full,2,670,4,405
18,0,v2lineFull0a.bmp,Full,1,547,4,406
18,5,v2lineSD5a.bmp,SD,2,557,4,407
18,8,v2lineSmall8f.bmp,Small,4,1230,4,408
18,5,v2lineFull5i.bmp,Full,2,709,4,409
18,8,v2lineFull8f.bmp,Full,2,536,4,410
18,0,v2lineFull0e.bmp,Full,1,594,4,411
18,5,v2lineSD5f.bmp,SD,3,842,4,412
18,0,v2lineSD0j.bmp,SD,1,648,4,413
18,0,v2lineSmall0f.bmp,Small,1,646,4,414
18,3,v2lineSD3i.bmp,SD,2,1091,4,415
18,5,v2lineSD5e.bmp,SD,2,608,4,416
18,3,v2lineSD3e.bmp,SD,2,383,4,417
18,8,v2lineSD8d.bmp,SD,2,583,4,418
18,8,v2lineSmall8c.bmp,Small,4,928,4,419
18,5,v2lineSmall5e.bmp,Small,4,971,4,420
18,0,v2lineFull0h.bmp,Full,1,844,4,421
18,0,v2lineFull0j.bmp,Full,1,530,4,422
18,3,v2lineFull3i.bmp,Full,1,541,4,423
18,5,v2lineFull5j.bmp,Full,2,614,4,424
18,3,v2lineSD3h.bmp,SD,2,374,4,425
18,3,v2lineSD3g.bmp,SD,2,958,4,426
18,8,v2lineSD8b.bmp,SD,3,512,4,427
18,5,v2lineFull5h.bmp,Full,2,779,4,428
18,5,v2lineFull5b.bmp,Full,2,603,4,429
18,8,v2lineFull8g.bmp,Full,2,442,4,430
18,8,v2lineSD8f.bmp,SD,3,784,4,431
18,3,v2lineSD3d.bmp,SD,3,585,4,432
18,5,v2lineSmall5d.bmp,Small,4,777,4,433
18,5,v2lineSmall5h.bmp,Small,4,554,4,434
18,8,v2lineSmall8j.bmp,Small,4,564,4,435
18,3,v2lineSmall3a.bmp,Small,4,421,4,436
18,0,v2lineFull0d.bmp,Full,1,572,4,437
18,5,v2lineSmall5j.bmp,Small,4,765,4,438
18,3,v2lineFull3a.bmp,Full,2,990,4,439
18,0,v2lineSmall0c.bmp,Small,2,766,4,440
18,0,v2lineFull0c.bmp,Full,1,736,4,441
18,8,v2lineSmall8g.bmp,Small,4,698,4,442
18,8,v2lineFull8e.bmp,Full,2,838,4,443
18,8,v2lineSmall8i.bmp,Small,3,453,4,444
18,5,v2lineSD5g.bmp,SD,3,707,4,445
18,8,v2lineSD8i.bmp,SD,3,590,4,446
18,0,v2lineSD0i.bmp,SD,1,574,4,447
18,5,v2lineSmall5a.bmp,Small,4,631,4,448
18,5,v2lineFull5c.bmp,Full,2,788,4,449
18,8,v2lineSD8c.bmp,SD,3,548,4,450
18,0,v2lineSmall0i.bmp,Small,3,598,4,451
18,8,v2lineSD8e.bmp,SD,4,4830,4,452
18,0,v2lineSD0h.bmp,SD,1,702,4,453
18,0,v2lineFull0i.bmp,Full,1,562,4,454
18,8,v2lineSD8g.bmp,SD,4,651,4,455
18,8,v2lineSmall8h.bmp,Small,4,601,4,456
18,3,v2lineSD3a.bmp,SD,3,633,4,457
18,5,v2lineSmall5c.bmp,Small,1,536,4,458
18,5,v2lineSmall5b.bmp,Small,4,522,4,459
18,8,v2lineFull8b.bmp,Full,2,813,4,460
18,8,v2lineSD8a.bmp,SD,4,645,4,461
18,3,v2lineFull3f.bmp,Full,1,515,4,462
18,8,v2lineSmall8b.bmp,Small,4,678,4,463
18,5,v2lineFull5f.bmp,Full,2,1347,4,464
18,5,v2lineSmall5g.bmp,Small,4,564,4,465
18,0,v2lineFull0g.bmp,Full,1,509,4,466
18,3,v2lineFull3e.bmp,Full,1,464,4,467
18,8,v2lineSD8j.bmp,SD,4,565,4,468
18,8,v2lineSmall8d.bmp,Small,4,543,4,469
18,0,v2lineFull0b.bmp,Full,1,1713,4,470
18,3,v2lineSmall3d.bmp,Small,3,916,4,471
18,0,v2lineFull0f.bmp,Full,1,520,4,472
18,0,v2lineSD0e.bmp,SD,2,675,4,473
18,3,v2lineSmall3b.bmp,Small,4,567,4,474
18,5,v2lineFull5a.bmp,Full,2,785,4,475
18,0,v2lineSD0d.bmp,SD,1,577,4,476
18,8,v2lineFull8j.bmp,Full,2,554,4,477
18,8,v2lineFull8a.bmp,Full,2,596,4,478
18,0,v2lineSD0a.bmp,SD,1,572,4,479
18,8,v2lineFull8d.bmp,Full,2,421,4,480
19,0,v2lineSD0i.bmp,SD,2,6249,1,1
19,8,v2lineFull8i.bmp,Full,3,10551,1,2
19,3,v2lineFull3j.bmp,Full,2,9489,1,3
19,5,v2lineFull5b.bmp,Full,2,2431,1,4
19,8,v2lineFull8c.bmp,Full,2,3284,1,5
19,0,v2lineFull0b.bmp,Full,1,1457,1,6
19,0,v2lineFull0g.bmp,Full,1,1263,1,7
19,0,v2lineSmall0h.bmp,Small,2,14905,1,8
19,8,v2lineSD8h.bmp,SD,4,4083,1,9
19,3,v2lineFull3d.bmp,Full,2,2780,1,10
19,5,v2lineSmall5g.bmp,Small,2,7006,1,11
19,3,v2lineSmall3e.bmp,Small,2,3616,1,12
19,5,v2lineSmall5b.bmp,Small,2,2549,1,13
19,3,v2lineSmall3i.bmp,Small,2,3072,1,14
19,0,v2lineFull0f.bmp,Full,1,4559,1,15
19,3,v2lineSD3c.bmp,SD,3,2448,1,16
19,3,v2lineSD3g.bmp,SD,2,5371,1,17
19,5,v2lineSmall5d.bmp,Small,2,2582,1,18
19,0,v2lineSmall0j.bmp,Small,2,2964,1,19
19,5,v2lineFull5e.bmp,Full,2,1569,1,20
19,3,v2lineSD3d.bmp,SD,2,3048,1,21
19,8,v2lineSmall8b.bmp,Small,3,4455,1,22
19,3,v2lineFull3e.bmp,Full,2,4665,1,23
19,8,v2lineFull8a.bmp,Full,2,1928,1,24
19,5,v2lineFull5a.bmp,Full,2,838,1,25
19,8,v2lineSD8b.bmp,SD,4,2617,1,26
19,0,v2lineFull0i.bmp,Full,1,3261,1,27
19,5,v2lineSmall5a.bmp,Small,3,6297,1,28
19,5,v2lineSmall5h.bmp,Small,3,2655,1,29
19,8,v2lineSmall8h.bmp,Small,4,2134,1,30
19,3,v2lineSmall3a.bmp,Small,2,2958,1,31
19,8,v2lineFull8e.bmp,Full,2,3063,1,32
19,8,v2lineFull8d.bmp,Full,2,2187,1,33
19,8,v2lineSD8d.bmp,SD,4,2838,1,34
19,0,v2lineSmall0g.bmp,Small,1,1589,1,35
19,5,v2lineSmall5j.bmp,Small,3,3285,1,36
19,8,v2lineSD8i.bmp,SD,2,3692,1,37
19,5,v2lineSD5i.bmp,SD,2,1645,1,38
19,3,v2lineSmall3g.bmp,Small,2,4307,1,39
19,3,v2lineFull3g.bmp,Full,2,3352,1,40
19,3,v2lineFull3a.bmp,Full,2,2791,1,41
19,3,v2lineFull3c.bmp,Full,2,6380,1,42
19,5,v2lineFull5i.bmp,Full,2,1309,1,43
19,3,v2lineSmall3d.bmp,Small,2,3674,1,44
19,3,v2lineSmall3j.bmp,Small,2,1755,1,45
19,5,v2lineSmall5c.bmp,Small,2,2034,1,46
19,8,v2lineSD8c.bmp,SD,4,2347,1,47
19,0,v2lineSmall0b.bmp,Small,1,4923,1,48
19,3,v2lineSD3f.bmp,SD,2,3295,1,49
19,8,v2lineFull8g.bmp,Full,2,3122,1,50
19,0,v2lineSD0g.bmp,SD,1,889,1,51
19,3,v2lineSmall3h.bmp,Small,2,2501,1,52
19,5,v2lineSmall5e.bmp,Small,3,1933,1,53
19,8,v2lineFull8h.bmp,Full,2,4119,1,54
19,5,v2lineFull5j.bmp,Full,2,877,1,55
19,5,v2lineFull5d.bmp,Full,2,648,1,56
19,8,v2lineFull8j.bmp,Full,2,614,1,57
19,8,v2lineSD8g.bmp,SD,4,2995,1,58
19,3,v2lineSmall3f.bmp,Small,2,2681,1,59
19,0,v2lineFull0a.bmp,Full,1,2939,1,60
19,8,v2lineSmall8c.bmp,Small,4,2025,1,61
19,5,v2lineSD5b.bmp,SD,2,3339,1,62
19,0,v2lineFull0e.bmp,Full,1,1419,1,63
19,8,v2lineSmall8a.bmp,Small,4,2476,1,64
19,0,v2lineSmall0i.bmp,Small,2,2555,1,65
19,3,v2lineFull3i.bmp,Full,2,4737,1,66
19,8,v2lineSmall8g.bmp,Small,4,2021,1,67
19,0,v2lineFull0c.bmp,Full,1,1309,1,68
19,3,v2lineFull3f.bmp,Full,2,2052,1,69
19,8,v2lineSD8f.bmp,SD,4,2000,1,70
19,0,v2lineSmall0c.bmp,Small,2,1653,1,71
19,3,v2lineSD3j.bmp,SD,3,3298,1,72
19,0,v2lineSD0j.bmp,SD,2,1042,1,73
19,0,v2lineSmall0e.bmp,Small,2,1225,1,74
19,5,v2lineSD5e.bmp,SD,3,3480,1,75
19,8,v2lineSmall8j.bmp,Small,4,1238,1,76
19,8,v2lineSmall8i.bmp,Small,4,1044,1,77
19,5,v2lineSD5a.bmp,SD,3,4014,1,78
19,5,v2lineFull5g.bmp,Full,2,1472,1,79
19,3,v2lineSmall3b.bmp,Small,3,2203,1,80
19,3,v2lineFull3h.bmp,Full,2,1844,1,81
19,5,v2lineFull5c.bmp,Full,2,700,1,82
19,8,v2lineSD8a.bmp,SD,4,2193,1,83
19,5,v2lineSD5h.bmp,SD,3,3543,1,84
19,8,v2lineSD8e.bmp,SD,3,2953,1,85
19,3,v2lineSD3a.bmp,SD,2,5656,1,86
19,0,v2lineSD0a.bmp,SD,2,3335,1,87
19,0,v2lineFull0d.bmp,Full,2,1685,1,88
19,3,v2lineSmall3c.bmp,Small,2,2575,1,89
19,3,v2lineSD3i.bmp,SD,2,5361,1,90
19,8,v2lineFull8b.bmp,Full,2,1414,1,91
19,0,v2lineSD0c.bmp,SD,2,2452,1,92
19,0,v2lineSD0b.bmp,SD,2,1264,1,93
19,3,v2lineFull3b.bmp,Full,2,9029,1,94
19,5,v2lineSD5j.bmp,SD,3,2379,1,95
19,5,v2lineSmall5i.bmp,Small,3,3710,1,96
19,3,v2lineSD3h.bmp,SD,2,2487,1,97
19,8,v2lineSD8j.bmp,SD,4,2515,1,98
19,8,v2lineSmall8f.bmp,Small,4,1588,1,99
19,5,v2lineSD5c.bmp,SD,3,1346,1,100
19,5,v2lineFull5h.bmp,Full,2,1643,1,101
19,5,v2lineSD5f.bmp,SD,3,1774,1,102
19,0,v2lineSD0d.bmp,SD,1,2143,1,103
19,5,v2lineSmall5f.bmp,Small,3,1711,1,104
19,0,v2lineFull0j.bmp,Full,1,3256,1,105
19,0,v2lineSmall0a.bmp,Small,1,1634,1,106
19,0,v2lineSD0f.bmp,SD,1,1114,1,107
19,8,v2lineSmall8d.bmp,Small,4,1619,1,108
19,0,v2lineSD0h.bmp,SD,1,1050,1,109
19,8,v2lineSmall8e.bmp,Small,4,1000,1,110
19,0,v2lineSmall0f.bmp,Small,2,1511,1,111
19,0,v2lineSmall0d.bmp,Small,2,1436,1,112
19,5,v2lineSD5g.bmp,SD,3,2423,1,113
19,0,v2lineFull0h.bmp,Full,1,1165,1,114
19,0,v2lineSD0e.bmp,SD,1,569,1,115
19,5,v2lineSD5d.bmp,SD,3,1839,1,116
19,5,v2lineFull5f.bmp,Full,2,1735,1,117
19,3,v2lineSD3e.bmp,SD,2,802,1,118
19,3,v2lineSD3b.bmp,SD,2,552,1,119
19,8,v2lineFull8f.bmp,Full,2,590,1,120
19,8,v2lineFull8h.bmp,Full,2,466,2,121
19,0,v2lineFull0b.bmp,Full,1,927,2,122
19,3,v2lineSD3b.bmp,SD,2,1329,2,123
19,0,v2lineFull0f.bmp,Full,1,767,2,124
19,3,v2lineFull3d.bmp,Full,2,398,2,125
19,3,v2lineSmall3d.bmp,Small,2,2522,2,126
19,0,v2lineSmall0i.bmp,Small,2,1746,2,127
19,5,v2lineSmall5i.bmp,Small,3,1736,2,128
19,0,v2lineFull0j.bmp,Full,1,1393,2,129
19,8,v2lineFull8d.bmp,Full,2,1515,2,130
19,8,v2lineSD8b.bmp,SD,2,436,2,131
19,8,v2lineSD8h.bmp,SD,4,1815,2,132
19,8,v2lineFull8b.bmp,Full,2,2040,2,133
19,8,v2lineSmall8f.bmp,Small,4,1693,2,134
19,5,v2lineFull5f.bmp,Full,2,1484,2,135
19,5,v2lineFull5h.bmp,Full,2,629,2,136
19,5,v2lineFull5d.bmp,Full,2,645,2,137
19,8,v2lineFull8j.bmp,Full,2,468,2,138
19,3,v2lineFull3i.bmp,Full,2,726,2,139
19,3,v2lineSD3d.bmp,SD,2,817,2,140
19,8,v2lineFull8i.bmp,Full,2,1110,2,141
19,3,v2lineSD3c.bmp,SD,2,763,2,142
19,3,v2lineSmall3f.bmp,Small,3,1263,2,143
19,0,v2lineSmall0h.bmp,Small,2,1234,2,144
19,5,v2lineSmall5e.bmp,Small,3,1368,2,145
19,0,v2lineSD0g.bmp,SD,1,861,2,146
19,8,v2lineSmall8b.bmp,Small,4,1378,2,147
19,5,v2lineSmall5a.bmp,Small,3,1311,2,148
19,8,v2lineSmall8a.bmp,Small,4,1065,2,149
19,8,v2lineFull8a.bmp,Full,2,2222,2,150
19,8,v2lineSD8e.bmp,SD,4,1612,2,151
19,5,v2lineFull5e.bmp,Full,1,1127,2,152
19,0,v2lineSD0d.bmp,SD,2,1305,2,153
19,0,v2lineSmall0g.bmp,Small,2,679,2,154
19,0,v2lineSD0f.bmp,SD,2,702,2,155
19,5,v2lineFull5i.bmp,Full,2,673,2,156
19,0,v2lineFull0a.bmp,Full,2,982,2,157
19,5,v2lineFull5a.bmp,Full,2,962,2,158
19,5,v2lineFull5b.bmp,Full,2,1469,2,159
19,0,v2lineSmall0b.bmp,Small,2,979,2,160
19,0,v2lineSD0e.bmp,SD,2,582,2,161
19,3,v2lineSD3h.bmp,SD,3,1793,2,162
19,3,v2lineSD3f.bmp,SD,3,2464,2,163
19,5,v2lineSD5a.bmp,SD,3,1635,2,164
19,8,v2lineFull8g.bmp,Full,2,2460,2,165
19,5,v2lineSD5b.bmp,SD,3,1468,2,166
19,5,v2lineSD5d.bmp,SD,3,746,2,167
19,5,v2lineFull5g.bmp,Full,2,1503,2,168
19,0,v2lineSmall0f.bmp,Small,2,1423,2,169
19,3,v2lineSmall3j.bmp,Small,3,1314,2,170
19,0,v2lineSD0a.bmp,SD,2,1090,2,171
19,3,v2lineFull3b.bmp,Full,2,728,2,172
19,0,v2lineSmall0d.bmp,Small,2,1296,2,173
19,3,v2lineSmall3a.bmp,Small,3,3084,2,174
19,3,v2lineFull3e.bmp,Full,2,1049,2,175
19,3,v2lineFull3c.bmp,Full,2,670,2,176
19,5,v2lineSD5g.bmp,SD,2,1184,2,177
19,5,v2lineSD5h.bmp,SD,3,990,2,178
19,3,v2lineSD3a.bmp,SD,2,2041,2,179
19,0,v2lineFull0d.bmp,Full,2,1108,2,180
19,3,v2lineSmall3b.bmp,Small,2,1609,2,181
19,0,v2lineSmall0e.bmp,Small,3,934,2,182
19,5,v2lineSmall5h.bmp,Small,3,5082,2,183
19,8,v2lineSmall8c.bmp,Small,4,3058,2,184
19,5,v2lineFull5c.bmp,Full,2,1856,2,185
19,3,v2lineSD3i.bmp,SD,2,1219,2,186
19,5,v2lineFull5j.bmp,Full,2,750,2,187
19,0,v2lineSmall0j.bmp,Small,2,842,2,188
19,5,v2lineSmall5j.bmp,Small,3,4748,2,189
19,8,v2lineFull8f.bmp,Full,2,2491,2,190
19,8,v2lineSD8f.bmp,SD,4,7592,2,191
19,0,v2lineFull0c.bmp,Full,1,3449,2,192
19,8,v2lineSD8a.bmp,SD,4,3013,2,193
19,5,v2lineSD5j.bmp,SD,3,1958,2,194
19,5,v2lineSD5i.bmp,SD,3,1455,2,195
19,3,v2lineSmall3h.bmp,Small,3,1540,2,196
19,5,v2lineSmall5g.bmp,Small,3,1353,2,197
19,3,v2lineFull3h.bmp,Full,2,2198,2,198
19,3,v2lineFull3a.bmp,Full,2,884,2,199
19,5,v2lineSD5c.bmp,SD,3,5719,2,200
19,0,v2lineSD0b.bmp,SD,2,1268,2,201
19,5,v2lineSmall5d.bmp,Small,3,1855,2,202
19,8,v2lineSmall8i.bmp,Small,3,589,2,203
19,0,v2lineSD0i.bmp,SD,2,4199,2,204
19,3,v2lineSmall3i.bmp,Small,3,1897,2,205
19,3,v2lineSD3e.bmp,SD,3,3245,2,206
19,8,v2lineSD8c.bmp,SD,4,2894,2,207
19,5,v2lineSmall5b.bmp,Small,3,3069,2,208
19,8,v2lineSD8g.bmp,SD,4,1450,2,209
19,0,v2lineSmall0a.bmp,Small,2,2685,2,210
19,8,v2lineFull8c.bmp,Full,2,719,2,211
19,8,v2lineSD8j.bmp,SD,4,1228,2,212
19,3,v2lineSmall3e.bmp,Small,3,1033,2,213
19,0,v2lineFull0e.bmp,Full,2,1192,2,214
19,8,v2lineFull8e.bmp,Full,2,735,2,215
19,8,v2lineSmall8g.bmp,Small,4,1238,2,216
19,3,v2lineSmall3g.bmp,Small,3,986,2,217
19,3,v2lineFull3g.bmp,Full,2,1752,2,218
19,8,v2lineSmall8d.bmp,Small,4,1251,2,219
19,8,v2lineSmall8h.bmp,Small,4,1043,2,220
19,0,v2lineFull0g.bmp,Full,2,1856,2,221
19,3,v2lineFull3j.bmp,Full,2,830,2,222
19,0,v2lineSD0j.bmp,SD,2,858,2,223
19,3,v2lineSmall3c.bmp,Small,2,3768,2,224
19,3,v2lineFull3f.bmp,Full,2,1592,2,225
19,0,v2lineSD0h.bmp,SD,2,1132,2,226
19,5,v2lineSD5e.bmp,SD,3,1775,2,227
19,5,v2lineSD5f.bmp,SD,3,959,2,228
19,0,v2lineFull0i.bmp,Full,2,963,2,229
19,5,v2lineSmall5c.bmp,Small,2,1950,2,230
19,8,v2lineSmall8j.bmp,Small,3,1159,2,231
19,8,v2lineSmall8e.bmp,Small,4,1194,2,232
19,3,v2lineSD3g.bmp,SD,3,3935,2,233
19,5,v2lineSmall5f.bmp,Small,3,1265,2,234
19,0,v2lineSmall0c.bmp,Small,2,1624,2,235
19,3,v2lineSD3j.bmp,SD,3,2238,2,236
19,0,v2lineSD0c.bmp,SD,2,2973,2,237
19,8,v2lineSD8d.bmp,SD,4,1350,2,238
19,8,v2lineSD8i.bmp,SD,4,1214,2,239
19,0,v2lineFull0h.bmp,Full,1,2178,2,240
19,3,v2lineSD3b.bmp,SD,2,930,3,241
19,5,v2lineSmall5i.bmp,Small,3,1245,3,242
19,0,v2lineSD0b.bmp,SD,2,1176,3,243
19,8,v2lineSD8i.bmp,SD,4,1252,3,244
19,3,v2lineFull3i.bmp,Full,2,1194,3,245
19,8,v2lineSD8d.bmp,SD,4,1064,3,246
19,0,v2lineSmall0i.bmp,Small,2,2955,3,247
19,3,v2lineFull3d.bmp,Full,2,4202,3,248
19,5,v2lineSD5j.bmp,SD,3,1540,3,249
19,8,v2lineSmall8j.bmp,Small,4,1015,3,250
19,5,v2lineSD5f.bmp,SD,3,2099,3,251
19,3,v2lineSD3e.bmp,SD,3,1490,3,252
19,3,v2lineFull3b.bmp,Full,2,6537,3,253
19,8,v2lineSmall8i.bmp,Small,4,1198,3,254
19,3,v2lineSmall3h.bmp,Small,3,8508,3,255
19,8,v2lineFull8j.bmp,Full,3,2769,3,256
19,5,v2lineFull5g.bmp,Full,3,4835,3,257
19,0,v2lineSmall0e.bmp,Small,2,1629,3,258
19,8,v2lineSmall8d.bmp,Small,4,2721,3,259
19,0,v2lineSD0a.bmp,SD,1,5936,3,260
19,3,v2lineSmall3i.bmp,Small,2,3039,3,261
19,5,v2lineFull5b.bmp,Full,2,3125,3,262
19,3,v2lineSD3i.bmp,SD,3,1500,3,263
19,3,v2lineFull3c.bmp,Full,2,1465,3,264
19,5,v2lineFull5i.bmp,Full,3,1782,3,265
19,5,v2lineSmall5e.bmp,Small,3,1886,3,266
19,3,v2lineSD3g.bmp,SD,3,1716,3,267
19,0,v2lineSmall0c.bmp,Small,2,1289,3,268
19,5,v2lineSD5g.bmp,SD,3,2003,3,269
19,0,v2lineFull0f.bmp,Full,2,1662,3,270
19,8,v2lineFull8c.bmp,Full,2,878,3,271
19,0,v2lineSmall0g.bmp,Small,2,615,3,272
19,5,v2lineSmall5d.bmp,Small,3,1644,3,273
19,0,v2lineFull0j.bmp,Full,2,1024,3,274
19,0,v2lineFull0g.bmp,Full,2,1002,3,275
19,0,v2lineFull0d.bmp,Full,2,492,3,276
19,5,v2lineSmall5c.bmp,Small,3,1489,3,277
19,8,v2lineSmall8a.bmp,Small,4,1340,3,278
19,8,v2lineSD8b.bmp,SD,4,2395,3,279
19,0,v2lineSD0h.bmp,SD,2,1794,3,280
19,3,v2lineFull3e.bmp,Full,2,775,3,281
19,5,v2lineSD5e.bmp,SD,3,1808,3,282
19,3,v2lineSmall3c.bmp,Small,3,1455,3,283
19,5,v2lineFull5e.bmp,Full,2,2266,3,284
19,5,v2lineSD5b.bmp,SD,3,2490,3,285
19,8,v2lineSD8a.bmp,SD,4,1607,3,286
19,5,v2lineSmall5f.bmp,Small,3,1154,3,287
19,3,v2lineFull3g.bmp,Full,2,946,3,288
19,5,v2lineSD5a.bmp,SD,3,2124,3,289
19,5,v2lineSmall5g.bmp,Small,3,3035,3,290
19,3,v2lineSmall3b.bmp,Small,3,1087,3,291
19,8,v2lineFull8f.bmp,Full,2,2914,3,292
19,8,v2lineSmall8g.bmp,Small,4,1826,3,293
19,3,v2lineFull3a.bmp,Full,2,2841,3,294
19,8,v2lineSmall8c.bmp,Small,4,2384,3,295
19,8,v2lineSD8h.bmp,SD,4,1724,3,296
19,8,v2lineSmall8f.bmp,Small,4,1388,3,297
19,3,v2lineSD3j.bmp,SD,3,1836,3,298
19,8,v2lineFull8h.bmp,Full,4,3809,3,299
19,0,v2lineSmall0h.bmp,Small,2,6308,3,300
19,5,v2lineFull5c.bmp,Full,3,3572,3,301
19,5,v2lineSmall5b.bmp,Small,3,1739,3,302
19,5,v2lineSD5i.bmp,SD,3,911,3,303
19,8,v2lineSmall8b.bmp,Small,3,5461,3,304
19,0,v2lineSD0j.bmp,SD,2,13524,3,305
19,3,v2lineSmall3f.bmp,Small,2,2057,3,306
19,3,v2lineSmall3e.bmp,Small,3,6672,3,307
19,8,v2lineSmall8h.bmp,Small,4,1108,3,308
19,5,v2lineSD5d.bmp,SD,3,12261,3,309
19,8,v2lineSD8e.bmp,SD,4,3642,3,310
19,8,v2lineSD8c.bmp,SD,4,744,3,311
19,0,v2lineFull0a.bmp,Full,2,1169,3,312
19,0,v2lineSD0f.bmp,SD,2,742,3,313
19,0,v2lineSD0g.bmp,SD,2,924,3,314
19,8,v2lineFull8i.bmp,Full,2,619,3,315
19,5,v2lineSD5h.bmp,SD,3,2212,3,316
19,3,v2lineSD3f.bmp,SD,3,1399,3,317
19,0,v2lineFull0i.bmp,Full,2,1231,3,318
19,3,v2lineSmall3g.bmp,Small,3,2652,3,319
19,3,v2lineSmall3a.bmp,Small,3,1185,3,320
19,0,v2lineSD0d.bmp,SD,2,1384,3,321
19,8,v2lineSD8j.bmp,SD,4,1560,3,322
19,8,v2lineFull8g.bmp,Full,2,1603,3,323
19,3,v2lineFull3f.bmp,Full,2,1335,3,324
19,0,v2lineSmall0b.bmp,Small,2,583,3,325
19,8,v2lineFull8a.bmp,Full,2,591,3,326
19,3,v2lineFull3h.bmp,Full,2,439,3,327
19,0,v2lineFull0h.bmp,Full,1,892,3,328
19,0,v2lineSmall0j.bmp,Small,2,849,3,329
19,3,v2lineSmall3j.bmp,Small,3,1914,3,330
19,5,v2lineFull5a.bmp,Full,2,1754,3,331
19,8,v2lineSD8f.bmp,SD,3,2467,3,332
19,0,v2lineFull0b.bmp,Full,1,1735,3,333
19,5,v2lineFull5h.bmp,Full,2,885,3,334
19,8,v2lineFull8b.bmp,Full,2,400,3,335
19,5,v2lineSmall5j.bmp,Small,3,2370,3,336
19,5,v2lineSmall5h.bmp,Small,3,672,3,337
19,3,v2lineSD3d.bmp,SD,2,1593,3,338
19,5,v2lineSmall5a.bmp,Small,3,1132,3,339
19,5,v2lineFull5f.bmp,Full,2,2695,3,340
19,0,v2lineSD0i.bmp,SD,2,2051,3,341
19,0,v2lineSmall0f.bmp,Small,2,2627,3,342
19,0,v2lineFull0c.bmp,Full,1,3634,3,343
19,8,v2lineFull8d.bmp,Full,2,845,3,344
19,3,v2lineSD3a.bmp,SD,2,879,3,345
19,5,v2lineSD5c.bmp,SD,3,1771,3,346
19,3,v2lineSD3c.bmp,SD,2,1646,3,347
19,5,v2lineFull5d.bmp,Full,2,1644,3,348
19,0,v2lineFull0e.bmp,Full,1,632,3,349
19,3,v2lineSD3h.bmp,SD,2,781,3,350
19,8,v2lineFull8e.bmp,Full,2,968,3,351
19,0,v2lineSD0e.bmp,SD,2,842,3,352
19,8,v2lineSD8g.bmp,SD,4,1911,3,353
19,0,v2lineSmall0a.bmp,Small,1,3739,3,354
19,0,v2lineSmall0d.bmp,Small,1,6016,3,355
19,5,v2lineFull5j.bmp,Full,2,5156,3,356
19,3,v2lineSmall3d.bmp,Small,3,2209,3,357
19,8,v2lineSmall8e.bmp,Small,4,1226,3,358
19,0,v2lineSD0c.bmp,SD,1,3849,3,359
19,3,v2lineFull3j.bmp,Full,2,2140,3,360
19,8,v2lineSmall8a.bmp,Small,4,967,4,361
19,5,v2lineSD5j.bmp,SD,3,1232,4,362
19,8,v2lineSmall8b.bmp,Small,4,997,4,363
19,0,v2lineSmall0f.bmp,Small,1,1631,4,364
19,8,v2lineSmall8i.bmp,Small,4,1052,4,365
19,0,v2lineFull0i.bmp,Full,2,2242,4,366
19,8,v2lineSmall8c.bmp,Small,4,1365,4,367
19,3,v2lineFull3e.bmp,Full,2,1823,4,368
19,8,v2lineFull8g.bmp,Full,2,2235,4,369
19,8,v2lineSD8f.bmp,SD,4,3186,4,370
19,0,v2lineFull0b.bmp,Full,1,1505,4,371
19,0,v2lineSmall0g.bmp,Small,2,954,4,372
19,0,v2lineSD0e.bmp,SD,2,775,4,373
19,3,v2lineFull3h.bmp,Full,2,898,4,374
19,3,v2lineSD3a.bmp,SD,3,2153,4,375
19,8,v2lineFull8b.bmp,Full,2,1413,4,376
19,8,v2lineSD8e.bmp,SD,4,1630,4,377
19,8,v2lineSD8h.bmp,SD,4,1172,4,378
19,8,v2lineFull8e.bmp,Full,3,1704,4,379
19,3,v2lineFull3i.bmp,Full,2,1083,4,380
19,8,v2lineFull8d.bmp,Full,3,1411,4,381
19,0,v2lineSmall0j.bmp,Small,2,1117,4,382
19,5,v2lineSmall5e.bmp,Small,3,1473,4,383
19,0,v2lineSD0i.bmp,SD,2,1399,4,384
19,5,v2lineSmall5f.bmp,Small,3,1279,4,385
19,8,v2lineSD8i.bmp,SD,4,1021,4,386
19,0,v2lineSD0j.bmp,SD,2,1143,4,387
19,5,v2lineFull5f.bmp,Full,2,1346,4,388
19,5,v2lineFull5e.bmp,Full,2,616,4,389
19,5,v2lineFull5b.bmp,Full,2,576,4,390
19,8,v2lineSmall8h.bmp,Small,4,967,4,391
19,8,v2lineFull8a.bmp,Full,2,1003,4,392
19,3,v2lineFull3a.bmp,Full,2,1576,4,393
19,5,v2lineFull5h.bmp,Full,3,849,4,394
19,0,v2lineSD0h.bmp,SD,2,3637,4,395
19,3,v2lineFull3j.bmp,Full,4,1448,4,396
19,0,v2lineSD0f.bmp,SD,2,2586,4,397
19,3,v2lineSD3c.bmp,SD,2,2713,4,398
19,5,v2lineSmall5a.bmp,Small,3,1086,4,399
19,5,v2lineFull5j.bmp,Full,2,1625,4,400
19,0,v2lineFull0g.bmp,Full,2,731,4,401
19,0,v2lineFull0d.bmp,Full,2,853,4,402
19,8,v2lineSD8a.bmp,SD,4,1363,4,403
19,5,v2lineSD5f.bmp,SD,3,1859,4,404
19,0,v2lineSmall0e.bmp,Small,2,1149,4,405
19,0,v2lineSmall0h.bmp,Small,1,2061,4,406
19,3,v2lineSD3j.bmp,SD,2,2229,4,407
19,5,v2lineSmall5g.bmp,Small,3,1649,4,408
19,8,v2lineSmall8g.bmp,Small,4,897,4,409
19,3,v2lineSmall3b.bmp,Small,2,3747,4,410
19,8,v2lineFull8h.bmp,Full,2,2907,4,411
19,5,v2lineSD5e.bmp,SD,3,2155,4,412
19,3,v2lineFull3c.bmp,Full,1,2587,4,413
19,3,v2lineFull3b.bmp,Full,1,1118,4,414
19,5,v2lineFull5d.bmp,Full,2,1079,4,415
19,3,v2lineSmall3a.bmp,Small,3,8820,4,416
19,0,v2lineSD0b.bmp,SD,2,60,4,417
19,5,v2lineSmall5c.bmp,Small,3,3835,4,418
19,3,v2lineSD3g.bmp,SD,2,2357,4,419
19,5,v2lineFull5i.bmp,Full,2,2357,4,420
19,5,v2lineSmall5j.bmp,Small,3,1969,4,421
19,5,v2lineSD5g.bmp,SD,3,1972,4,422
19,3,v2lineSmall3f.bmp,Small,3,1386,4,423
19,3,v2lineSmall3j.bmp,Small,3,1849,4,424
19,5,v2lineFull5a.bmp,Full,3,3325,4,425
19,5,v2lineSmall5d.bmp,Small,3,2489,4,426
19,8,v2lineFull8i.bmp,Full,2,1211,4,427
19,3,v2lineFull3d.bmp,Full,2,631,4,428
19,0,v2lineSD0d.bmp,SD,2,933,4,429
19,0,v2lineSmall0d.bmp,Small,1,1240,4,430
19,8,v2lineSD8d.bmp,SD,4,3844,4,431
19,5,v2lineSD5d.bmp,SD,3,1104,4,432
19,8,v2lineSmall8d.bmp,Small,4,1105,4,433
19,3,v2lineSD3e.bmp,SD,2,3122,4,434
19,3,v2lineFull3f.bmp,Full,1,1773,4,435
19,5,v2lineFull5g.bmp,Full,1,927,4,436
19,5,v2lineSmall5i.bmp,Small,3,2325,4,437
19,3,v2lineFull3g.bmp,Full,1,1571,4,438
19,5,v2lineSD5c.bmp,SD,3,2539,4,439
19,3,v2lineSD3h.bmp,SD,2,2603,4,440
19,3,v2lineSmall3d.bmp,Small,2,2593,4,441
19,3,v2lineSD3f.bmp,SD,2,3446,4,442
19,8,v2lineFull8j.bmp,Full,1,2063,4,443
19,5,v2lineSmall5b.bmp,Small,3,2666,4,444
19,5,v2lineSD5a.bmp,SD,2,2909,4,445
19,8,v2lineSmall8e.bmp,Small,3,1097,4,446
19,0,v2lineSmall0i.bmp,Small,1,4599,4,447
19,8,v2lineFull8c.bmp,Full,2,1593,4,448
19,3,v2lineSmall3i.bmp,Small,3,1478,4,449
19,0,v2lineFull0h.bmp,Full,1,1258,4,450
19,8,v2lineSmall8f.bmp,Small,4,1975,4,451
19,3,v2lineSD3d.bmp,SD,3,3333,4,452
19,8,v2lineSD8j.bmp,SD,4,1389,4,453
19,0,v2lineSmall0a.bmp,Small,1,1026,4,454
19,0,v2lineSmall0b.bmp,Small,1,1213,4,455
19,0,v2lineSmall0c.bmp,Small,1,1188,4,456
19,8,v2lineFull8f.bmp,Full,2,1457,4,457
19,0,v2lineSD0a.bmp,SD,1,1103,4,458
19,5,v2lineSD5h.bmp,SD,3,1570,4,459
19,8,v2lineSD8c.bmp,SD,4,1271,4,460
19,0,v2lineSD0g.bmp,SD,1,1037,4,461
19,5,v2lineSD5i.bmp,SD,3,2953,4,462
19,5,v2lineFull5c.bmp,Full,2,1980,4,463
19,0,v2lineFull0f.bmp,Full,1,1819,4,464
19,0,v2lineFull0e.bmp,Full,1,1574,4,465
19,3,v2lineSmall3c.bmp,Small,2,1898,4,466
19,3,v2lineSmall3e.bmp,Small,3,1374,4,467
19,5,v2lineSmall5h.bmp,Small,2,4381,4,468
19,8,v2lineSD8b.bmp,SD,4,1867,4,469
19,3,v2lineSmall3h.bmp,Small,2,1505,4,470
19,0,v2lineSD0c.bmp,SD,1,1009,4,471
19,8,v2lineSmall8j.bmp,Small,4,1821,4,472
19,0,v2lineFull0j.bmp,Full,1,4308,4,473
19,0,v2lineFull0c.bmp,Full,1,1059,4,474
19,3,v2lineSmall3g.bmp,Small,2,1531,4,475
19,3,v2lineSD3i.bmp,SD,3,2948,4,476
19,8,v2lineSD8g.bmp,SD,4,1294,4,477
19,0,v2lineFull0a.bmp,Full,1,1289,4,478
19,3,v2lineSD3b.bmp,SD,2,2101,4,479
19,5,v2lineSD5b.bmp,SD,2,2633,4,480
20,5,v2lineFull5j.bmp,Full,3,12245,1,1
20,8,v2lineSD8e.bmp,SD,4,7056,1,2
20,8,v2lineFull8b.bmp,Full,2,7055,1,3
20,5,v2lineSD5j.bmp,SD,3,1358,1,4
20,8,v2lineFull8d.bmp,Full,2,2151,1,5
20,3,v2lineSD3h.bmp,SD,4,2274,1,6
20,3,v2lineFull3i.bmp,Full,2,7383,1,7
20,8,v2lineSD8h.bmp,SD,4,1690,1,8
20,0,v2lineFull0c.bmp,Full,1,1750,1,9
20,0,v2lineFull0i.bmp,Full,1,1153,1,10
20,8,v2lineFull8e.bmp,Full,2,1067,1,11
20,5,v2lineSmall5a.bmp,Small,4,1359,1,12
20,0,v2lineSD0h.bmp,SD,1,4593,1,13
20,8,v2lineFull8j.bmp,Full,2,2618,1,14
20,8,v2lineSmall8j.bmp,Small,4,1234,1,15
20,0,v2lineSmall0c.bmp,Small,1,1945,1,16
20,5,v2lineSD5d.bmp,SD,4,3379,1,17
20,3,v2lineFull3f.bmp,Full,2,1317,1,18
20,3,v2lineSmall3h.bmp,Small,4,897,1,19
20,3,v2lineSmall3d.bmp,Small,4,813,1,20
20,0,v2lineSD0d.bmp,SD,1,1148,1,21
20,8,v2lineSmall8b.bmp,Small,4,1533,1,22
20,5,v2lineFull5f.bmp,Full,2,4168,1,23
20,0,v2lineSD0c.bmp,SD,1,7227,1,24
20,8,v2lineFull8g.bmp,Full,2,1179,1,25
20,5,v2lineSD5i.bmp,SD,3,1732,1,26
20,8,v2lineSD8b.bmp,SD,4,799,1,27
20,3,v2lineFull3g.bmp,Full,1,951,1,28
20,5,v2lineSD5f.bmp,SD,4,3049,1,29
20,0,v2lineSD0a.bmp,SD,1,2031,1,30
20,8,v2lineSmall8f.bmp,Small,4,926,1,31
20,8,v2lineSD8c.bmp,SD,4,729,1,32
20,5,v2lineFull5a.bmp,Full,2,1172,1,33
20,0,v2lineFull0f.bmp,Full,1,1036,1,34
20,8,v2lineSmall8h.bmp,Small,4,6259,1,35
20,5,v2lineFull5b.bmp,Full,2,1818,1,36
20,0,v2lineSD0j.bmp,SD,1,3370,1,37
20,3,v2lineSmall3f.bmp,Small,4,3644,1,38
20,5,v2lineSmall5j.bmp,Small,4,594,1,39
20,0,v2lineSmall0d.bmp,Small,1,14570,1,40
20,0,v2lineFull0d.bmp,Full,1,1080,1,41
20,8,v2lineFull8c.bmp,Full,4,4421,1,42
20,5,v2lineSmall5g.bmp,Small,4,2533,1,43
20,5,v2lineSmall5d.bmp,Small,4,1415,1,44
20,0,v2lineFull0e.bmp,Full,1,3527,1,45
20,3,v2lineSD3f.bmp,SD,2,1730,1,46
20,5,v2lineSmall5b.bmp,Small,4,2437,1,47
20,5,v2lineSD5e.bmp,SD,3,7117,1,48
20,8,v2lineSmall8g.bmp,Small,4,3042,1,49
20,5,v2lineSD5g.bmp,SD,3,1593,1,50
20,5,v2lineSD5a.bmp,SD,3,1016,1,51
20,5,v2lineSD5h.bmp,SD,3,664,1,52
20,3,v2lineSmall3a.bmp,Small,3,509,1,53
20,3,v2lineFull3c.bmp,Full,1,2824,1,54
20,8,v2lineSmall8c.bmp,Small,4,15488,1,55
20,5,v2lineFull5e.bmp,Full,2,7848,1,56
20,3,v2lineSD3b.bmp,SD,2,856,1,57
20,3,v2lineSmall3i.bmp,Small,4,6614,1,58
20,0,v2lineSD0g.bmp,SD,1,2247,1,59
20,5,v2lineSD5b.bmp,SD,3,5510,1,60
20,0,v2lineSmall0f.bmp,Small,1,2667,1,61
20,0,v2lineFull0a.bmp,Full,1,809,1,62
20,0,v2lineSD0i.bmp,SD,1,6047,1,63
20,3,v2lineFull3b.bmp,Full,1,759,1,64
20,3,v2lineFull3e.bmp,Full,1,1312,1,65
20,3,v2lineSD3i.bmp,SD,2,1716,1,66
20,8,v2lineFull8f.bmp,Full,1,1184,1,67
20,3,v2lineFull3j.bmp,Full,1,664,1,68
20,8,v2lineFull8i.bmp,Full,1,582,1,69
20,5,v2lineSmall5e.bmp,Small,4,25013,1,70
20,3,v2lineSmall3b.bmp,Small,4,965,1,71
20,8,v2lineSD8g.bmp,SD,4,1422,1,72
20,0,v2lineFull0b.bmp,Full,1,1677,1,73
20,8,v2lineFull8h.bmp,Full,2,8473,1,74
20,5,v2lineFull5h.bmp,Full,2,4024,1,75
20,3,v2lineSmall3g.bmp,Small,4,3736,1,76
20,3,v2lineSmall3c.bmp,Small,4,1468,1,77
20,8,v2lineFull8a.bmp,Full,2,1682,1,78
20,0,v2lineSmall0e.bmp,Small,1,2151,1,79
20,5,v2lineFull5i.bmp,Full,1,3457,1,80
20,0,v2lineFull0j.bmp,Full,1,863,1,81
20,5,v2lineFull5c.bmp,Full,1,3588,1,82
20,3,v2lineSD3j.bmp,SD,2,1053,1,83
20,0,v2lineSmall0i.bmp,Small,3,1251,1,84
20,0,v2lineSmall0h.bmp,Small,2,4553,1,85
20,3,v2lineFull3a.bmp,Full,2,1828,1,86
20,0,v2lineSmall0b.bmp,Small,1,947,1,87
20,5,v2lineSmall5c.bmp,Small,4,1053,1,88
20,0,v2lineSmall0g.bmp,Small,1,2675,1,89
20,5,v2lineSD5c.bmp,SD,3,1673,1,90
20,3,v2lineFull3d.bmp,Full,1,2021,1,91
20,0,v2lineSD0f.bmp,SD,1,1052,1,92
20,3,v2lineSmall3e.bmp,Small,4,1010,1,93
20,3,v2lineSD3e.bmp,SD,3,3089,1,94
20,0,v2lineSmall0a.bmp,Small,2,2190,1,95
20,8,v2lineSD8i.bmp,SD,4,3071,1,96
20,0,v2lineSmall0j.bmp,Small,2,13764,1,97
20,8,v2lineSmall8a.bmp,Small,4,5042,1,98
20,5,v2lineSmall5i.bmp,Small,4,4017,1,99
20,3,v2lineSD3d.bmp,SD,3,2186,1,100
20,3,v2lineSmall3j.bmp,Small,4,5859,1,101
20,3,v2lineFull3h.bmp,Full,1,2282,1,102
20,5,v2lineFull5d.bmp,Full,2,1414,1,103
20,3,v2lineSD3c.bmp,SD,3,5038,1,104
20,3,v2lineSD3a.bmp,SD,3,702,1,105
20,0,v2lineSD0b.bmp,SD,2,1009,1,106
20,5,v2lineFull5g.bmp,Full,2,953,1,107
20,0,v2lineSD0e.bmp,SD,1,1299,1,108
20,3,v2lineSD3g.bmp,SD,2,1087,1,109
20,8,v2lineSmall8e.bmp,Small,4,1020,1,110
20,5,v2lineSmall5f.bmp,Small,4,859,1,111
20,8,v2lineSmall8i.bmp,Small,4,553,1,112
20,8,v2lineSD8a.bmp,SD,4,667,1,113
20,8,v2lineSD8d.bmp,SD,4,456,1,114
20,8,v2lineSD8f.bmp,SD,4,502,1,115
20,0,v2lineFull0g.bmp,Full,1,1305,1,116
20,8,v2lineSD8j.bmp,SD,4,7148,1,117
20,5,v2lineSmall5h.bmp,Small,4,1000,1,118
20,8,v2lineSmall8d.bmp,Small,4,816,1,119
20,0,v2lineFull0h.bmp,Full,2,1320,1,120
20,5,v2lineSmall5h.bmp,Small,4,1003,2,121
20,0,v2lineSmall0f.bmp,Small,2,3347,2,122
20,0,v2lineFull0c.bmp,Full,1,1526,2,123
20,5,v2lineFull5e.bmp,Full,1,913,2,124
20,3,v2lineFull3j.bmp,Full,1,1029,2,125
20,8,v2lineSmall8e.bmp,Small,4,1978,2,126
20,3,v2lineSD3b.bmp,SD,3,3347,2,127
20,0,v2lineSD0f.bmp,SD,2,3670,2,128
20,3,v2lineFull3i.bmp,Full,2,1316,2,129
20,5,v2lineSmall5e.bmp,Small,4,1184,2,130
20,3,v2lineSmall3a.bmp,Small,4,5232,2,131
20,3,v2lineFull3f.bmp,Full,2,2625,2,132
20,0,v2lineSD0h.bmp,SD,1,3807,2,133
20,8,v2lineFull8j.bmp,Full,2,1615,2,134
20,8,v2lineFull8b.bmp,Full,2,783,2,135
20,3,v2lineSmall3c.bmp,Small,4,976,2,136
20,3,v2lineSmall3h.bmp,Small,4,792,2,137
20,8,v2lineSmall8g.bmp,Small,4,616,2,138
20,3,v2lineSD3e.bmp,SD,3,1112,2,139
20,3,v2lineSD3i.bmp,SD,3,883,2,140
20,3,v2lineSD3f.bmp,SD,2,1368,2,141
20,5,v2lineSD5j.bmp,SD,3,729,2,142
20,0,v2lineSD0c.bmp,SD,2,980,2,143
20,0,v2lineSD0g.bmp,SD,1,909,2,144
20,3,v2lineFull3h.bmp,Full,2,888,2,145
20,3,v2lineSD3j.bmp,SD,3,1876,2,146
20,8,v2lineSD8e.bmp,SD,4,2745,2,147
20,8,v2lineSmall8f.bmp,Small,4,1068,2,148
20,0,v2lineFull0e.bmp,Full,1,5417,2,149
20,5,v2lineFull5a.bmp,Full,2,5146,2,150
20,3,v2lineFull3g.bmp,Full,2,6894,2,151
20,5,v2lineFull5j.bmp,Full,2,748,2,152
20,8,v2lineSD8a.bmp,SD,4,1789,2,153
20,8,v2lineFull8g.bmp,Full,2,1405,2,154
20,3,v2lineSmall3b.bmp,Small,4,925,2,155
20,8,v2lineFull8a.bmp,Full,2,847,2,156
20,5,v2lineSmall5f.bmp,Small,4,861,2,157
20,5,v2lineSmall5a.bmp,Small,4,715,2,158
20,8,v2lineSmall8j.bmp,Small,4,622,2,159
20,5,v2lineSD5f.bmp,SD,3,1677,2,160
20,8,v2lineSD8g.bmp,SD,4,1042,2,161
20,8,v2lineFull8f.bmp,Full,3,984,2,162
20,5,v2lineFull5g.bmp,Full,2,728,2,163
20,3,v2lineSD3a.bmp,SD,2,595,2,164
20,3,v2lineSD3d.bmp,SD,2,939,2,165
20,5,v2lineFull5i.bmp,Full,2,965,2,166
20,5,v2lineSmall5j.bmp,Small,4,4621,2,167
20,5,v2lineSD5a.bmp,SD,4,917,2,168
20,0,v2lineSmall0h.bmp,Small,2,4416,2,169
20,8,v2lineFull8h.bmp,Full,2,984,2,170
20,3,v2lineFull3a.bmp,Full,1,1232,2,171
20,8,v2lineSmall8b.bmp,Small,4,959,2,172
20,8,v2lineSD8i.bmp,SD,4,6280,2,173
20,5,v2lineFull5d.bmp,Full,2,1351,2,174
20,5,v2lineSmall5i.bmp,Small,4,736,2,175
20,0,v2lineSmall0e.bmp,Small,2,1818,2,176
20,0,v2lineFull0h.bmp,Full,1,953,2,177
20,0,v2lineSmall0b.bmp,Small,1,1067,2,178
20,5,v2lineSD5i.bmp,SD,4,865,2,179
20,0,v2lineSD0d.bmp,SD,2,1246,2,180
20,8,v2lineSD8c.bmp,SD,4,1028,2,181
20,8,v2lineSD8b.bmp,SD,4,667,2,182
20,3,v2lineSD3c.bmp,SD,4,976,2,183
20,5,v2lineSD5b.bmp,SD,4,801,2,184
20,8,v2lineFull8d.bmp,Full,4,1161,2,185
20,0,v2lineFull0f.bmp,Full,1,850,2,186
20,3,v2lineFull3b.bmp,Full,2,824,2,187
20,0,v2lineSD0j.bmp,SD,2,1335,2,188
20,3,v2lineSmall3i.bmp,Small,4,1152,2,189
20,5,v2lineSmall5d.bmp,Small,4,962,2,190
20,0,v2lineFull0i.bmp,Full,1,1275,2,191
20,3,v2lineSmall3d.bmp,Small,4,2224,2,192
20,5,v2lineSmall5g.bmp,Small,4,663,2,193
20,3,v2lineSD3g.bmp,SD,2,1268,2,194
20,5,v2lineSD5e.bmp,SD,2,641,2,195
20,3,v2lineFull3c.bmp,Full,2,1983,2,196
20,0,v2lineFull0g.bmp,Full,1,896,2,197
20,8,v2lineFull8c.bmp,Full,2,908,2,198
20,0,v2lineFull0a.bmp,Full,1,856,2,199
20,5,v2lineSD5d.bmp,SD,3,805,2,200
20,3,v2lineSD3h.bmp,SD,3,756,2,201
20,5,v2lineSD5g.bmp,SD,3,582,2,202
20,8,v2lineSmall8a.bmp,Small,4,501,2,203
20,8,v2lineSmall8i.bmp,Small,4,665,2,204
20,8,v2lineSD8f.bmp,SD,4,590,2,205
20,0,v2lineSmall0a.bmp,Small,2,1342,2,206
20,5,v2lineSD5h.bmp,SD,3,1449,2,207
20,8,v2lineSmall8c.bmp,Small,4,911,2,208
20,8,v2lineFull8i.bmp,Full,2,1274,2,209
20,0,v2lineFull0d.bmp,Full,1,855,2,210
20,5,v2lineFull5f.bmp,Full,1,796,2,211
20,3,v2lineSmall3f.bmp,Small,4,1132,2,212
20,0,v2lineSmall0c.bmp,Small,1,9742,2,213
20,8,v2lineSmall8h.bmp,Small,4,1035,2,214
20,0,v2lineSD0b.bmp,SD,1,2666,2,215
20,5,v2lineFull5h.bmp,Full,2,2800,2,216
20,3,v2lineSmall3g.bmp,Small,4,1273,2,217
20,3,v2lineSmall3j.bmp,Small,4,846,2,218
20,0,v2lineFull0j.bmp,Full,1,1308,2,219
20,0,v2lineSmall0d.bmp,Small,2,4863,2,220
20,3,v2lineSmall3e.bmp,Small,4,4062,2,221
20,5,v2lineSmall5b.bmp,Small,4,596,2,222
20,0,v2lineSD0e.bmp,SD,2,1475,2,223
20,0,v2lineSD0i.bmp,SD,2,2288,2,224
20,0,v2lineSmall0i.bmp,Small,2,1317,2,225
20,8,v2lineSD8h.bmp,SD,4,1832,2,226
20,0,v2lineSD0a.bmp,SD,1,1623,2,227
20,5,v2lineFull5b.bmp,Full,2,838,2,228
20,8,v2lineSD8j.bmp,SD,4,4052,2,229
20,8,v2lineFull8e.bmp,Full,3,988,2,230
20,5,v2lineSmall5c.bmp,Small,4,1492,2,231
20,0,v2lineFull0b.bmp,Full,2,8152,2,232
20,0,v2lineSmall0j.bmp,Small,2,580,2,233
20,3,v2lineFull3e.bmp,Full,1,916,2,234
20,5,v2lineFull5c.bmp,Full,2,920,2,235
20,8,v2lineSmall8d.bmp,Small,4,1315,2,236
20,5,v2lineSD5c.bmp,SD,3,966,2,237
20,3,v2lineFull3d.bmp,Full,1,968,2,238
20,8,v2lineSD8d.bmp,SD,4,1033,2,239
20,0,v2lineSmall0g.bmp,Small,2,1104,2,240
20,3,v2lineFull3g.bmp,Full,1,1044,3,241
20,5,v2lineFull5e.bmp,Full,1,1138,3,242
20,0,v2lineSD0g.bmp,SD,1,1045,3,243
20,3,v2lineFull3c.bmp,Full,2,1226,3,244
20,3,v2lineSmall3b.bmp,Small,3,8561,3,245
20,3,v2lineFull3f.bmp,Full,2,1629,3,246
20,5,v2lineSmall5j.bmp,Small,4,7388,3,247
20,5,v2lineFull5i.bmp,Full,2,1678,3,248
20,5,v2lineFull5j.bmp,Full,2,4290,3,249
20,0,v2lineSD0f.bmp,SD,2,976,3,250
20,0,v2lineFull0i.bmp,Full,2,712,3,251
20,3,v2lineSmall3g.bmp,Small,4,780,3,252
20,5,v2lineFull5d.bmp,Full,2,980,3,253
20,5,v2lineSD5b.bmp,SD,3,909,3,254
20,5,v2lineFull5h.bmp,Full,2,3744,3,255
20,8,v2lineSD8c.bmp,SD,4,875,3,256
20,8,v2lineFull8a.bmp,Full,2,1160,3,257
20,8,v2lineSmall8h.bmp,Small,4,1290,3,258
20,8,v2lineSmall8b.bmp,Small,4,758,3,259
20,5,v2lineSmall5a.bmp,Small,4,695,3,260
20,5,v2lineSmall5h.bmp,Small,4,1155,3,261
20,5,v2lineFull5c.bmp,Full,2,5835,3,262
20,8,v2lineSmall8c.bmp,Small,4,1188,3,263
20,8,v2lineSD8b.bmp,SD,4,2116,3,264
20,8,v2lineSmall8d.bmp,Small,4,608,3,265
20,3,v2lineFull3j.bmp,Full,2,1135,3,266
20,8,v2lineSmall8f.bmp,Small,4,970,3,267
20,3,v2lineSD3e.bmp,SD,3,1171,3,268
20,8,v2lineSD8d.bmp,SD,4,1148,3,269
20,8,v2lineSmall8e.bmp,Small,4,710,3,270
20,3,v2lineFull3h.bmp,Full,2,1162,3,271
20,0,v2lineSD0b.bmp,SD,1,995,3,272
20,3,v2lineFull3i.bmp,Full,1,754,3,273
20,3,v2lineSD3c.bmp,SD,2,1204,3,274
20,0,v2lineFull0g.bmp,Full,1,1644,3,275
20,8,v2lineSD8j.bmp,SD,4,4034,3,276
20,3,v2lineSmall3i.bmp,Small,4,554,3,277
20,0,v2lineSD0i.bmp,SD,1,892,3,278
20,3,v2lineSmall3c.bmp,Small,4,2080,3,279
20,0,v2lineSmall0e.bmp,Small,4,3317,3,280
20,0,v2lineSmall0a.bmp,Small,2,4746,3,281
20,3,v2lineSD3j.bmp,SD,2,604,3,282
20,0,v2lineSD0j.bmp,SD,1,1076,3,283
20,5,v2lineSD5c.bmp,SD,4,2089,3,284
20,0,v2lineSmall0f.bmp,Small,2,6325,3,285
20,5,v2lineSmall5f.bmp,Small,4,978,3,286
20,0,v2lineSmall0j.bmp,Small,2,1171,3,287
20,5,v2lineFull5g.bmp,Full,2,1484,3,288
20,5,v2lineSmall5b.bmp,Small,4,793,3,289
20,8,v2lineSmall8g.bmp,Small,4,793,3,290
20,3,v2lineFull3d.bmp,Full,2,889,3,291
20,0,v2lineFull0f.bmp,Full,1,901,3,292
20,3,v2lineSmall3f.bmp,Small,4,1856,3,293
20,0,v2lineSmall0i.bmp,Small,3,982,3,294
20,8,v2lineSmall8j.bmp,Small,4,806,3,295
20,8,v2lineFull8b.bmp,Full,2,854,3,296
20,0,v2lineFull0d.bmp,Full,1,716,3,297
20,0,v2lineFull0j.bmp,Full,1,679,3,298
20,3,v2lineFull3a.bmp,Full,2,1148,3,299
20,3,v2lineSD3d.bmp,SD,2,910,3,300
20,5,v2lineSD5i.bmp,SD,3,545,3,301
20,5,v2lineSmall5g.bmp,Small,4,923,3,302
20,0,v2lineFull0a.bmp,Full,1,1270,3,303
20,0,v2lineSD0a.bmp,SD,2,1115,3,304
20,8,v2lineFull8h.bmp,Full,2,751,3,305
20,0,v2lineSmall0c.bmp,Small,2,1641,3,306
20,0,v2lineFull0b.bmp,Full,1,1918,3,307
20,5,v2lineSmall5i.bmp,Small,4,1034,3,308
20,8,v2lineSD8f.bmp,SD,4,753,3,309
20,8,v2lineFull8i.bmp,Full,2,803,3,310
20,0,v2lineFull0e.bmp,Full,1,1075,3,311
20,5,v2lineSmall5d.bmp,Small,4,575,3,312
20,3,v2lineSmall3e.bmp,Small,4,616,3,313
20,3,v2lineSD3g.bmp,SD,2,983,3,314
20,5,v2lineSD5a.bmp,SD,3,856,3,315
20,8,v2lineFull8j.bmp,Full,2,1053,3,316
20,8,v2lineFull8f.bmp,Full,2,659,3,317
20,3,v2lineSmall3j.bmp,Small,4,985,3,318
20,8,v2lineSD8i.bmp,SD,4,1369,3,319
20,5,v2lineSD5j.bmp,SD,4,4066,3,320
20,8,v2lineFull8c.bmp,Full,2,1168,3,321
20,0,v2lineSD0c.bmp,SD,1,4098,3,322
20,5,v2lineSD5h.bmp,SD,3,9279,3,323
20,5,v2lineSD5d.bmp,SD,3,743,3,324
20,3,v2lineSD3b.bmp,SD,3,6889,3,325
20,3,v2lineSmall3h.bmp,Small,4,2686,3,326
20,8,v2lineSmall8a.bmp,Small,4,819,3,327
20,8,v2lineSD8a.bmp,SD,4,419,3,328
20,8,v2lineSD8e.bmp,SD,4,386,3,329
20,5,v2lineSD5f.bmp,SD,3,1946,3,330
20,0,v2lineFull0h.bmp,Full,1,957,3,331
20,5,v2lineFull5f.bmp,Full,2,1022,3,332
20,8,v2lineSD8h.bmp,SD,4,869,3,333
20,5,v2lineSD5e.bmp,SD,3,1658,3,334
20,3,v2lineSD3a.bmp,SD,3,592,3,335
20,0,v2lineSmall0b.bmp,Small,2,1080,3,336
20,8,v2lineSD8g.bmp,SD,4,877,3,337
20,0,v2lineSmall0g.bmp,Small,2,2913,3,338
20,8,v2lineFull8d.bmp,Full,2,1004,3,339
20,0,v2lineSmall0d.bmp,Small,2,9284,3,340
20,5,v2lineSmall5c.bmp,Small,4,6931,3,341
20,0,v2lineSmall0h.bmp,Small,2,952,3,342
20,3,v2lineSD3i.bmp,SD,2,1922,3,343
20,5,v2lineFull5a.bmp,Full,2,925,3,344
20,5,v2lineSmall5e.bmp,Small,4,984,3,345
20,3,v2lineSD3f.bmp,SD,3,4872,3,346
20,3,v2lineSmall3d.bmp,Small,4,926,3,347
20,0,v2lineSD0h.bmp,SD,1,1257,3,348
20,8,v2lineFull8g.bmp,Full,2,5222,3,349
20,5,v2lineFull5b.bmp,Full,2,623,3,350
20,8,v2lineSmall8i.bmp,Small,4,637,3,351
20,0,v2lineSD0d.bmp,SD,2,900,3,352
20,3,v2lineFull3e.bmp,Full,2,440,3,353
20,3,v2lineSmall3a.bmp,Small,4,638,3,354
20,0,v2lineSD0e.bmp,SD,2,1116,3,355
20,8,v2lineFull8e.bmp,Full,2,616,3,356
20,0,v2lineFull0c.bmp,Full,1,542,3,357
20,3,v2lineSD3h.bmp,SD,2,608,3,358
20,3,v2lineFull3b.bmp,Full,2,695,3,359
20,5,v2lineSD5g.bmp,SD,2,619,3,360
20,8,v2lineSD8f.bmp,SD,4,890,4,361
20,0,v2lineFull0e.bmp,Full,2,734,4,362
20,3,v2lineSD3h.bmp,SD,2,537,4,363
20,0,v2lineSD0j.bmp,SD,1,876,4,364
20,0,v2lineFull0a.bmp,Full,1,792,4,365
20,5,v2lineSD5b.bmp,SD,3,984,4,366
20,0,v2lineSmall0c.bmp,Small,2,769,4,367
20,8,v2lineSD8d.bmp,SD,4,754,4,368
20,5,v2lineFull5h.bmp,Full,2,1572,4,369
20,8,v2lineSmall8i.bmp,Small,4,957,4,370
20,5,v2lineFull5b.bmp,Full,2,1103,4,371
20,5,v2lineSmall5a.bmp,Small,4,1027,4,372
20,0,v2lineSmall0a.bmp,Small,2,1008,4,373
20,3,v2lineFull3c.bmp,Full,2,528,4,374
20,0,v2lineFull0d.bmp,Full,2,850,4,375
20,0,v2lineSmall0g.bmp,Small,1,1264,4,376
20,0,v2lineSmall0j.bmp,Small,2,3302,4,377
20,3,v2lineSD3c.bmp,SD,2,3491,4,378
20,5,v2lineFull5e.bmp,Full,2,1912,4,379
20,0,v2lineSD0h.bmp,SD,2,4908,4,380
20,5,v2lineSD5j.bmp,SD,2,648,4,381
20,0,v2lineSmall0i.bmp,Small,3,870,4,382
20,8,v2lineSmall8a.bmp,Small,4,1275,4,383
20,0,v2lineSmall0h.bmp,Small,2,5127,4,384
20,8,v2lineFull8d.bmp,Full,2,10644,4,385
20,5,v2lineSD5a.bmp,SD,3,917,4,386
20,3,v2lineSD3i.bmp,SD,3,1017,4,387
20,3,v2lineSD3g.bmp,SD,3,544,4,388
20,8,v2lineSmall8g.bmp,Small,4,794,4,389
20,0,v2lineFull0b.bmp,Full,1,1009,4,390
20,0,v2lineSD0c.bmp,SD,1,776,4,391
20,3,v2lineSD3b.bmp,SD,2,849,4,392
20,0,v2lineSD0b.bmp,SD,1,847,4,393
20,3,v2lineSmall3e.bmp,Small,3,1333,4,394
20,5,v2lineSmall5i.bmp,Small,4,800,4,395
20,3,v2lineFull3g.bmp,Full,2,848,4,396
20,0,v2lineSD0d.bmp,SD,1,3486,4,397
20,3,v2lineFull3e.bmp,Full,1,500,4,398
20,5,v2lineFull5g.bmp,Full,1,551,4,399
20,8,v2lineFull8g.bmp,Full,2,761,4,400
20,5,v2lineSD5c.bmp,SD,3,811,4,401
20,3,v2lineFull3i.bmp,Full,2,770,4,402
20,8,v2lineSmall8f.bmp,Small,4,1139,4,403
20,8,v2lineFull8c.bmp,Full,2,1068,4,404
20,3,v2lineFull3b.bmp,Full,2,1386,4,405
20,3,v2lineFull3f.bmp,Full,2,731,4,406
20,5,v2lineSmall5e.bmp,Small,4,1149,4,407
20,3,v2lineFull3d.bmp,Full,2,791,4,408
20,5,v2lineSD5g.bmp,SD,3,1759,4,409
20,5,v2lineSD5e.bmp,SD,3,681,4,410
20,0,v2lineFull0c.bmp,Full,1,2046,4,411
20,8,v2lineSD8a.bmp,SD,4,1748,4,412
20,3,v2lineSmall3j.bmp,Small,4,599,4,413
20,8,v2lineFull8j.bmp,Full,2,958,4,414
20,5,v2lineFull5f.bmp,Full,2,880,4,415
20,3,v2lineFull3j.bmp,Full,1,1613,4,416
20,3,v2lineSD3f.bmp,SD,2,843,4,417
20,0,v2lineSD0f.bmp,SD,2,1241,4,418
20,5,v2lineSD5f.bmp,SD,3,2991,4,419
20,3,v2lineSmall3f.bmp,Small,4,1872,4,420
20,5,v2lineFull5j.bmp,Full,2,1765,4,421
20,0,v2lineSmall0e.bmp,Small,3,2023,4,422
20,5,v2lineSmall5c.bmp,Small,4,5206,4,423
20,0,v2lineFull0i.bmp,Full,1,1303,4,424
20,3,v2lineSmall3d.bmp,Small,4,1219,4,425
20,8,v2lineSmall8h.bmp,Small,4,667,4,426
20,5,v2lineSD5d.bmp,SD,3,2607,4,427
20,0,v2lineSD0g.bmp,SD,2,1719,4,428
20,5,v2lineSD5i.bmp,SD,3,938,4,429
20,8,v2lineFull8i.bmp,Full,2,765,4,430
20,3,v2lineSmall3c.bmp,Small,4,958,4,431
20,3,v2lineFull3a.bmp,Full,2,1039,4,432
20,3,v2lineSmall3b.bmp,Small,4,1045,4,433
20,8,v2lineFull8h.bmp,Full,2,979,4,434
20,0,v2lineFull0h.bmp,Full,2,4484,4,435
20,3,v2lineSD3j.bmp,SD,3,11593,4,436
20,8,v2lineSD8b.bmp,SD,4,1477,4,437
20,0,v2lineFull0f.bmp,Full,1,7650,4,438
20,0,v2lineSmall0b.bmp,Small,1,650,4,439
20,8,v2lineSD8e.bmp,SD,4,2200,4,440
20,8,v2lineSD8h.bmp,SD,4,5361,4,441
20,8,v2lineFull8a.bmp,Full,2,2531,4,442
20,5,v2lineSmall5j.bmp,Small,4,1182,4,443
20,8,v2lineSmall8b.bmp,Small,4,879,4,444
20,0,v2lineSD0i.bmp,SD,2,3220,4,445
20,0,v2lineSD0e.bmp,SD,2,764,4,446
20,8,v2lineSmall8c.bmp,Small,4,885,4,447
20,8,v2lineSD8c.bmp,SD,4,466,4,448
20,5,v2lineFull5a.bmp,Full,2,959,4,449
20,3,v2lineSD3a.bmp,SD,3,1504,4,450
20,0,v2lineSD0a.bmp,SD,2,1229,4,451
20,3,v2lineSmall3h.bmp,Small,4,636,4,452
20,5,v2lineSmall5d.bmp,Small,4,602,4,453
20,3,v2lineFull3h.bmp,Full,2,897,4,454
20,3,v2lineSmall3i.bmp,Small,4,629,4,455
20,8,v2lineSD8g.bmp,SD,4,532,4,456
20,8,v2lineSD8j.bmp,SD,4,454,4,457
20,3,v2lineSmall3a.bmp,Small,4,508,4,458
20,8,v2lineFull8e.bmp,Full,2,2327,4,459
20,8,v2lineSmall8e.bmp,Small,4,779,4,460
20,0,v2lineFull0g.bmp,Full,1,1203,4,461
20,5,v2lineFull5c.bmp,Full,2,2595,4,462
20,5,v2lineSmall5b.bmp,Small,4,876,4,463
20,5,v2lineSD5h.bmp,SD,3,2569,4,464
20,8,v2lineSmall8d.bmp,Small,4,651,4,465
20,0,v2lineFull0j.bmp,Full,1,929,4,466
20,3,v2lineSmall3g.bmp,Small,4,3154,4,467
20,5,v2lineSmall5f.bmp,Small,4,636,4,468
20,5,v2lineFull5d.bmp,Full,2,9739,4,469
20,5,v2lineFull5i.bmp,Full,2,2440,4,470
20,8,v2lineSmall8j.bmp,Small,4,1575,4,471
20,5,v2lineSmall5h.bmp,Small,4,456,4,472
20,8,v2lineFull8f.bmp,Full,2,1085,4,473
20,8,v2lineFull8b.bmp,Full,2,730,4,474
20,0,v2lineSmall0d.bmp,Small,2,1908,4,475
20,3,v2lineSD3d.bmp,SD,3,1303,4,476
20,5,v2lineSmall5g.bmp,Small,4,515,4,477
20,0,v2lineSmall0f.bmp,Small,2,951,4,478
20,3,v2lineSD3e.bmp,SD,2,793,4,479
20,8,v2lineSD8i.bmp,SD,4,3665,4,480
