Subject,Session,axisRange,graphImg,resp,RT,effectSize
1,1,sd,sd1i.bmp,2,20993,1
1,1,small,small3g.bmp,4,6136,3
1,1,full,full5b.bmp,2,7780,5
1,1,full,full3b.bmp,2,4871,3
1,1,small,small5h.bmp,4,4581,5
1,1,small,small8a.bmp,3,16367,8
1,1,full,full3d.bmp,2,9917,3
1,1,full,full3e.bmp,2,12474,3
1,1,full,full8a.bmp,3,11691,8
1,1,small,small8j.bmp,3,10723,8
1,1,sd,sd3d.bmp,2,13969,3
1,1,small,small8b.bmp,3,4974,8
1,1,sd,sd5c.bmp,2,4519,5
1,1,small,small3e.bmp,2,5044,3
1,1,small,small5j.bmp,3,7419,5
1,1,full,full5d.bmp,2,3836,5
1,1,sd,sd3f.bmp,2,13956,3
1,1,small,small5f.bmp,2,12601,5
1,1,sd,sd8c.bmp,3,6316,8
1,1,full,full1g.bmp,1,2993,1
1,1,sd,sd8h.bmp,3,3722,8
1,1,small,small5e.bmp,2,3973,5
1,1,small,small5b.bmp,3,6183,5
1,1,sd,sd5i.bmp,3,1330,5
1,1,full,full3j.bmp,2,2749,3
1,1,small,small5d.bmp,3,1967,5
1,1,full,full8b.bmp,3,5369,8
1,1,small,small1a.bmp,3,3124,1
1,1,sd,sd3e.bmp,2,2439,3
1,1,full,full1d.bmp,1,2414,1
1,1,small,small8g.bmp,4,6981,8
1,1,small,small1d.bmp,2,4703,1
1,1,full,full1e.bmp,1,1917,1
1,1,small,small3c.bmp,3,2576,3
1,1,full,full3h.bmp,2,4306,3
1,1,full,full8e.bmp,2,2062,8
1,1,small,small3j.bmp,2,2060,3
1,1,sd,sd5b.bmp,3,1754,5
1,1,sd,sd3c.bmp,3,2348,3
1,1,small,small1j.bmp,2,4518,1
1,1,full,full8h.bmp,2,3995,8
1,1,sd,sd1g.bmp,2,2460,1
1,1,full,full8j.bmp,2,5601,8
1,1,full,full1h.bmp,1,1091,1
1,1,small,small8f.bmp,3,2367,8
1,1,sd,sd8d.bmp,3,3377,8
1,1,small,small3b.bmp,2,4138,3
1,1,sd,sd8j.bmp,3,3797,8
1,1,small,small3h.bmp,2,2798,3
1,1,full,full3i.bmp,2,2503,3
1,1,small,small5g.bmp,3,6939,5
1,1,small,small1g.bmp,2,4871,1
1,1,full,full5g.bmp,2,1750,5
1,1,full,full5f.bmp,2,2224,5
1,1,full,full5a.bmp,2,3127,5
1,1,sd,sd8e.bmp,3,6649,8
1,1,small,small1e.bmp,2,1913,1
1,1,full,full1b.bmp,1,2421,1
1,1,small,small1f.bmp,2,2828,1
1,1,small,small3a.bmp,3,2012,3
1,1,sd,sd3b.bmp,2,2555,3
1,1,small,small3d.bmp,3,6397,3
1,1,small,small8i.bmp,3,3767,8
1,1,full,full8g.bmp,2,2129,8
1,1,sd,sd1a.bmp,2,3077,1
1,1,full,full3f.bmp,2,3170,3
1,1,small,small5c.bmp,3,2148,5
1,1,small,small8c.bmp,3,1335,8
1,1,full,full8c.bmp,2,1712,8
1,1,sd,sd5j.bmp,2,2156,5
1,1,full,full3a.bmp,2,1110,3
1,1,full,full8i.bmp,2,1417,8
1,1,sd,sd3h.bmp,2,1681,3
1,1,small,small1c.bmp,2,1718,1
1,1,sd,sd8i.bmp,3,2313,8
1,1,small,small1i.bmp,2,1653,1
1,1,full,full1i.bmp,1,1147,1
1,1,full,full5j.bmp,2,1669,5
1,1,small,small5a.bmp,3,3099,5
1,1,full,full8d.bmp,2,6656,8
1,1,full,full1f.bmp,1,1335,1
1,1,sd,sd8f.bmp,3,2042,8
1,1,sd,sd1h.bmp,2,5032,1
1,1,full,full5c.bmp,2,1168,5
1,1,sd,sd5h.bmp,3,1562,5
1,1,full,full1a.bmp,2,4282,1
1,1,sd,sd8b.bmp,3,1648,8
1,1,small,small3f.bmp,3,1190,3
1,1,sd,sd1c.bmp,2,2047,1
1,1,full,full3g.bmp,2,989,3
1,1,sd,sd1e.bmp,2,1197,1
1,1,sd,sd5f.bmp,4,3813,5
1,1,sd,sd8g.bmp,3,11445,8
1,1,sd,sd5e.bmp,2,3063,5
1,1,small,small5i.bmp,2,2333,5
1,1,full,full8f.bmp,2,6704,8
1,1,sd,sd3i.bmp,2,1070,3
1,1,full,full5h.bmp,2,1266,5
1,1,full,full5e.bmp,2,1152,5
1,1,sd,sd5d.bmp,2,1282,5
1,1,small,small1b.bmp,2,1158,1
1,1,sd,sd3g.bmp,2,808,3
1,1,sd,sd3j.bmp,2,887,3
1,1,full,full3c.bmp,2,1092,3
1,1,small,small8h.bmp,3,1824,8
1,1,sd,sd5g.bmp,2,983,5
1,1,full,full1c.bmp,1,1248,1
1,1,small,small1h.bmp,2,1646,1
1,1,sd,sd1j.bmp,2,980,1
1,1,small,small8e.bmp,3,1981,8
1,1,sd,sd1b.bmp,2,5254,1
1,1,small,small3i.bmp,2,1869,3
1,1,sd,sd5a.bmp,2,978,5
1,1,sd,sd8a.bmp,3,7491,8
1,1,full,full5i.bmp,2,1201,5
1,1,full,full1j.bmp,1,1209,1
1,1,sd,sd1d.bmp,2,1913,1
1,1,small,small8d.bmp,3,14659,8
1,1,sd,sd1f.bmp,2,1974,1
1,1,sd,sd3a.bmp,3,2231,3
1,1,sd,sd1i.bmp,2,1214,1
1,1,full,full1f.bmp,1,1117,1
1,1,small,small3g.bmp,2,4057,3
1,1,sd,sd1c.bmp,2,1095,1
1,1,full,full1e.bmp,1,963,1
1,1,full,full1i.bmp,1,732,1
1,1,full,full3h.bmp,1,1071,3
1,1,full,full5j.bmp,2,1796,5
1,1,full,full5d.bmp,2,1125,5
1,1,full,full1h.bmp,1,872,1
1,1,small,small8h.bmp,3,1653,8
1,1,full,full8i.bmp,2,4747,8
1,1,sd,sd3b.bmp,2,1541,3
1,1,full,full3d.bmp,2,800,3
1,1,full,full3a.bmp,2,960,3
1,1,full,full5f.bmp,2,881,5
1,1,small,small3d.bmp,2,1710,3
1,1,full,full3b.bmp,2,1289,3
1,1,full,full5e.bmp,2,925,5
1,1,sd,sd8g.bmp,3,1360,8
1,1,sd,sd3f.bmp,2,3554,3
1,1,full,full1a.bmp,2,1548,1
1,1,small,small1a.bmp,2,2230,1
1,1,small,small1g.bmp,2,1253,1
1,1,small,small1b.bmp,2,2675,1
1,1,small,small8f.bmp,3,2224,8
1,1,small,small1j.bmp,2,1015,1
1,1,small,small3h.bmp,2,910,3
1,1,sd,sd5j.bmp,3,2042,5
1,1,sd,sd8i.bmp,3,1408,8
1,1,full,full5i.bmp,2,2808,5
1,1,small,small3j.bmp,2,2927,3
1,1,small,small5b.bmp,3,2234,5
1,1,full,full8c.bmp,3,3945,8
1,1,full,full1d.bmp,1,2212,1
1,1,small,small8g.bmp,4,4435,8
1,1,full,full8j.bmp,3,2155,8
1,1,sd,sd5e.bmp,2,2228,5
1,1,sd,sd8h.bmp,3,2260,8
1,1,full,full5b.bmp,2,2361,5
1,1,sd,sd8f.bmp,3,1691,8
1,1,small,small3f.bmp,2,1455,3
1,1,small,small5e.bmp,3,1925,5
1,1,small,small3c.bmp,2,1328,3
1,1,small,small3b.bmp,2,1355,3
1,1,small,small5h.bmp,3,3732,5
1,1,sd,sd3a.bmp,2,1679,3
1,1,sd,sd1h.bmp,2,2083,1
1,1,small,small3a.bmp,3,1048,3
1,1,full,full8h.bmp,3,2366,8
1,1,small,small5d.bmp,3,1103,5
1,1,full,full5c.bmp,3,3442,5
1,1,sd,sd8j.bmp,3,1089,8
1,1,small,small5f.bmp,2,1509,5
1,1,sd,sd5d.bmp,3,2961,5
1,1,small,small1c.bmp,2,1043,1
1,1,sd,sd5g.bmp,3,1241,5
1,1,small,small8j.bmp,4,951,8
1,1,sd,sd3c.bmp,2,3384,3
1,1,sd,sd3g.bmp,2,1081,3
1,1,small,small1i.bmp,2,1006,1
1,1,full,full3g.bmp,2,2109,3
1,1,sd,sd3i.bmp,2,1593,3
1,1,sd,sd1j.bmp,2,1233,1
1,1,small,small5c.bmp,3,1967,5
1,1,sd,sd3e.bmp,2,1440,3
1,1,small,small8d.bmp,3,1895,8
1,1,sd,sd1e.bmp,2,2170,1
1,1,sd,sd5i.bmp,3,859,5
1,1,sd,sd3h.bmp,2,856,3
1,1,small,small8b.bmp,4,2150,8
1,1,full,full5g.bmp,3,2208,5
1,1,sd,sd8b.bmp,2,1800,8
1,1,sd,sd1b.bmp,2,2440,1
1,1,sd,sd1d.bmp,2,2887,1
1,1,small,small5i.bmp,3,1708,5
1,1,sd,sd1g.bmp,2,1136,1
1,1,sd,sd5c.bmp,3,819,5
1,1,small,small8e.bmp,4,730,8
1,1,small,small3e.bmp,2,1324,3
1,1,full,full3e.bmp,2,2607,3
1,1,full,full1c.bmp,1,1279,1
1,1,full,full8g.bmp,3,1452,8
1,1,sd,sd1f.bmp,2,2202,1
1,1,sd,sd8c.bmp,3,1347,8
1,1,sd,sd8a.bmp,3,1557,8
1,1,sd,sd1a.bmp,2,1502,1
1,1,full,full8f.bmp,2,3738,8
1,1,full,full3f.bmp,2,1589,3
1,1,small,small8i.bmp,4,1453,8
1,1,full,full3j.bmp,2,2843,3
1,1,small,small8a.bmp,4,1810,8
1,1,sd,sd5a.bmp,3,2465,5
1,1,small,small1e.bmp,2,1127,1
1,1,full,full5a.bmp,3,2954,5
1,1,sd,sd5h.bmp,3,1309,5
1,1,full,full1j.bmp,1,1368,1
1,1,small,small1h.bmp,2,1482,1
1,1,sd,sd8d.bmp,3,2039,8
1,1,sd,sd5f.bmp,3,1237,5
1,1,full,full1b.bmp,1,1668,1
1,1,small,small1d.bmp,2,1457,1
1,1,full,full8b.bmp,3,3727,8
1,1,small,small5g.bmp,3,5042,5
1,1,small,small1f.bmp,2,1050,1
1,1,small,small8c.bmp,3,14815,8
1,1,small,small3i.bmp,2,2235,3
1,1,sd,sd3j.bmp,2,2442,3
1,1,small,small5a.bmp,3,1401,5
1,1,full,full8a.bmp,3,2185,8
1,1,full,full3c.bmp,2,2234,3
1,1,full,full8e.bmp,3,1913,8
1,1,small,small5j.bmp,3,2125,5
1,1,sd,sd3d.bmp,2,1688,3
1,1,full,full5h.bmp,3,1789,5
1,1,full,full3i.bmp,2,1677,3
1,1,full,full1g.bmp,1,1338,1
1,1,sd,sd5b.bmp,3,2453,5
1,1,full,full8d.bmp,3,1676,8
1,1,sd,sd8e.bmp,3,1863,8
1,1,full,full8i.bmp,3,2189,8
1,1,full,full8c.bmp,4,4334,8
1,1,small,small5i.bmp,3,2393,5
1,1,small,small1a.bmp,2,2306,1
1,1,small,small5j.bmp,3,2022,5
1,1,full,full8e.bmp,4,4253,8
1,1,sd,sd1e.bmp,2,3139,1
1,1,full,full3c.bmp,2,2646,3
1,1,sd,sd5j.bmp,3,1541,5
1,1,full,full8f.bmp,4,2071,8
1,1,full,full3f.bmp,2,3317,3
1,1,full,full5d.bmp,3,1393,5
1,1,full,full1d.bmp,1,1257,1
1,1,sd,sd3h.bmp,2,1918,3
1,1,full,full5e.bmp,3,3169,5
1,1,small,small8d.bmp,3,2755,8
1,1,small,small5c.bmp,3,2253,5
1,1,full,full5b.bmp,3,2668,5
1,1,small,small3h.bmp,2,2378,3
1,1,sd,sd3g.bmp,2,2195,3
1,1,sd,sd8j.bmp,3,3043,8
1,1,full,full5j.bmp,3,1962,5
1,1,sd,sd8d.bmp,3,2916,8
1,1,small,small1f.bmp,2,1840,1
1,1,small,small3d.bmp,2,1526,3
1,1,small,small1b.bmp,2,1001,1
1,1,small,small1i.bmp,2,1073,1
1,1,full,full1a.bmp,1,2398,1
1,1,full,full1j.bmp,1,998,1
1,1,sd,sd3c.bmp,2,1446,3
1,1,full,full3a.bmp,2,1941,3
1,1,sd,sd8e.bmp,4,2295,8
1,1,sd,sd3b.bmp,2,16066,3
1,1,sd,sd5f.bmp,3,1356,5
1,1,sd,sd8c.bmp,3,2214,8
1,1,full,full8b.bmp,3,2158,8
1,1,small,small3e.bmp,2,1271,3
1,1,sd,sd1f.bmp,2,2932,1
1,1,full,full8j.bmp,4,3704,8
1,1,sd,sd3d.bmp,2,1789,3
1,1,sd,sd5i.bmp,3,1693,5
1,1,full,full5h.bmp,4,1785,5
1,1,small,small5g.bmp,3,2626,5
1,1,sd,sd8g.bmp,4,3409,8
1,1,small,small3i.bmp,2,2633,3
1,1,full,full5f.bmp,3,2559,5
1,1,small,small8c.bmp,4,10265,8
1,1,sd,sd1j.bmp,2,3250,1
1,1,full,full8h.bmp,4,4144,8
1,1,full,full3g.bmp,2,1396,3
1,1,small,small8b.bmp,4,1876,8
1,1,small,small3a.bmp,2,4129,3
1,1,full,full3h.bmp,2,3845,3
1,1,sd,sd1c.bmp,2,1620,1
1,1,full,full3i.bmp,2,2539,3
1,1,full,full3b.bmp,2,1510,3
1,1,full,full3e.bmp,2,1353,3
1,1,small,small8j.bmp,4,1866,8
1,1,sd,sd8i.bmp,4,2544,8
1,1,full,full1b.bmp,1,1523,1
1,1,sd,sd5e.bmp,3,7510,5
1,1,small,small3f.bmp,2,1331,3
1,1,small,small8e.bmp,4,1542,8
1,1,full,full8g.bmp,4,2280,8
1,1,small,small3c.bmp,2,2069,3
1,1,small,small5b.bmp,3,1651,5
1,1,sd,sd5a.bmp,3,1201,5
1,1,sd,sd8h.bmp,3,2473,8
1,1,sd,sd1a.bmp,2,1767,1
1,1,small,small3j.bmp,2,1472,3
1,1,full,full1e.bmp,1,2181,1
1,1,full,full5g.bmp,3,2878,5
1,1,sd,sd8f.bmp,4,5843,8
1,1,full,full1g.bmp,1,3002,1
1,1,full,full5a.bmp,3,2787,5
1,1,full,full5c.bmp,3,4612,5
1,1,small,small8h.bmp,4,2261,8
1,1,full,full1i.bmp,1,1467,1
1,1,full,full1c.bmp,1,944,1
1,1,sd,sd1g.bmp,2,3146,1
1,1,small,small8i.bmp,3,5341,8
1,1,sd,sd5g.bmp,3,7657,5
1,1,small,small8a.bmp,4,3160,8
1,1,full,full5i.bmp,3,2019,5
1,1,full,full3j.bmp,2,1858,3
1,1,sd,sd8a.bmp,3,2519,8
1,1,small,small8g.bmp,3,2651,8
1,1,small,small3b.bmp,1,3041,3
1,1,sd,sd3j.bmp,2,13344,3
1,1,sd,sd1b.bmp,2,3271,1
1,1,sd,sd1h.bmp,2,1020,1
1,1,small,small5e.bmp,3,2139,5
1,1,small,small5a.bmp,3,1230,5
1,1,full,full1h.bmp,1,1637,1
1,1,small,small1j.bmp,2,1252,1
1,1,small,small5f.bmp,3,1882,5
1,1,sd,sd5h.bmp,3,1791,5
1,1,full,full3d.bmp,2,2399,3
1,1,sd,sd3a.bmp,2,1519,3
1,1,sd,sd5b.bmp,3,1115,5
1,1,sd,sd1d.bmp,2,1469,1
1,1,full,full1f.bmp,1,1219,1
1,1,small,small5d.bmp,3,1666,5
1,1,sd,sd1i.bmp,2,1080,1
1,1,small,small1e.bmp,2,933,1
1,1,full,full8d.bmp,4,3703,8
1,1,sd,sd5d.bmp,3,980,5
1,1,small,small1h.bmp,2,1261,1
1,1,small,small1g.bmp,2,1035,1
1,1,sd,sd8b.bmp,3,2193,8
1,1,small,small1c.bmp,2,1842,1
1,1,small,small5h.bmp,3,2672,5
1,1,sd,sd3f.bmp,2,1397,3
1,1,sd,sd5c.bmp,3,1573,5
1,1,small,small1d.bmp,2,1078,1
1,1,small,small3g.bmp,2,1579,3
1,1,full,full8a.bmp,4,2668,8
1,1,small,small8f.bmp,3,2330,8
1,1,sd,sd3i.bmp,3,1053,3
1,1,sd,sd3e.bmp,2,1035,3
1,1,sd,sd5f.bmp,3,1113,5
1,1,sd,sd1c.bmp,2,1788,1
1,1,full,full1h.bmp,1,1501,1
1,1,sd,sd1h.bmp,2,1049,1
1,1,small,small1f.bmp,2,1863,1
1,1,sd,sd3e.bmp,2,1709,3
1,1,small,small3j.bmp,2,1504,3
1,1,sd,sd5a.bmp,3,868,5
1,1,full,full3d.bmp,2,4186,3
1,1,small,small5g.bmp,3,6956,5
1,1,small,small5c.bmp,3,3399,5
1,1,full,full1j.bmp,1,2448,1
1,1,small,small1g.bmp,2,1414,1
1,1,small,small5i.bmp,3,1590,5
1,1,full,full3f.bmp,2,2614,3
1,1,sd,sd8i.bmp,3,2110,8
1,1,sd,sd5c.bmp,3,1314,5
1,1,full,full5c.bmp,3,1516,5
1,1,sd,sd8c.bmp,3,1248,8
1,1,sd,sd1i.bmp,2,1622,1
1,1,full,full1c.bmp,1,1197,1
1,1,small,small3c.bmp,2,2037,3
1,1,sd,sd3a.bmp,2,3524,3
1,1,sd,sd3i.bmp,2,2040,3
1,1,full,full3e.bmp,2,1654,3
1,1,sd,sd1g.bmp,2,1988,1
1,1,small,small1b.bmp,2,1997,1
1,1,small,small8h.bmp,3,2805,8
1,1,sd,sd1b.bmp,2,1869,1
1,1,full,full3j.bmp,2,2291,3
1,1,small,small8e.bmp,3,1327,8
1,1,full,full5e.bmp,3,8242,5
1,1,full,full1d.bmp,1,1283,1
1,1,full,full3i.bmp,2,1062,3
1,1,sd,sd5h.bmp,3,1300,5
1,1,full,full1i.bmp,1,1224,1
1,1,full,full8h.bmp,4,2767,8
1,1,full,full5h.bmp,3,1993,5
1,1,full,full3h.bmp,2,1489,3
1,1,sd,sd1d.bmp,2,2349,1
1,1,sd,sd3j.bmp,2,1040,3
1,1,small,small3f.bmp,2,1310,3
1,1,sd,sd3b.bmp,3,1425,3
1,1,sd,sd8f.bmp,3,2160,8
1,1,sd,sd1f.bmp,2,1666,1
1,1,full,full5f.bmp,3,3487,5
1,1,small,small3b.bmp,2,11884,3
1,1,small,small5f.bmp,3,2693,5
1,1,small,small5d.bmp,3,1129,5
1,1,sd,sd5g.bmp,3,755,5
1,1,full,full5j.bmp,3,2636,5
1,1,full,full8i.bmp,3,1052,8
1,1,full,full8a.bmp,3,770,8
1,1,full,full5a.bmp,3,827,5
1,1,sd,sd5e.bmp,3,1210,5
1,1,sd,sd8h.bmp,3,2217,8
1,1,small,small8j.bmp,4,1129,8
1,1,sd,sd3h.bmp,2,2708,3
1,1,small,small1h.bmp,2,1056,1
1,1,full,full5i.bmp,2,1893,5
1,1,small,small1d.bmp,2,1329,1
1,1,full,full1e.bmp,2,1564,1
1,1,full,full8e.bmp,2,1406,8
1,1,small,small3i.bmp,2,1277,3
1,1,sd,sd8a.bmp,3,2034,8
1,1,full,full3g.bmp,2,2105,3
1,1,full,full8d.bmp,3,1285,8
1,1,small,small5a.bmp,3,1322,5
1,1,small,small8d.bmp,4,1605,8
1,1,small,small3h.bmp,2,4148,3
1,1,full,full5d.bmp,2,1663,5
1,1,sd,sd1e.bmp,2,1061,1
1,1,small,small8g.bmp,4,1314,8
1,1,sd,sd5i.bmp,3,925,5
1,1,sd,sd3c.bmp,3,592,3
1,1,small,small5h.bmp,3,1424,5
1,1,full,full3b.bmp,2,1839,3
1,1,small,small1j.bmp,2,989,1
1,1,full,full8j.bmp,4,2101,8
1,1,full,full8b.bmp,4,1002,8
1,1,small,small5b.bmp,3,2098,5
1,1,small,small1e.bmp,2,1118,1
1,1,small,small8a.bmp,4,1721,8
1,1,small,small8i.bmp,4,2092,8
1,1,full,full1g.bmp,1,2433,1
1,1,full,full5b.bmp,3,11208,5
1,1,sd,sd8d.bmp,4,1203,8
1,1,sd,sd3g.bmp,3,6218,3
1,1,full,full3a.bmp,2,1419,3
1,1,sd,sd1j.bmp,2,1123,1
1,1,small,small3e.bmp,2,981,3
1,1,full,full8c.bmp,3,1406,8
1,1,sd,sd8j.bmp,3,1182,8
1,1,full,full3c.bmp,3,1390,3
1,1,full,full1a.bmp,3,967,1
1,1,small,small3d.bmp,3,1320,3
1,1,full,full8g.bmp,3,1083,8
1,1,small,small1a.bmp,2,864,1
1,1,small,small1c.bmp,2,709,1
1,1,sd,sd5d.bmp,3,1225,5
1,1,sd,sd8b.bmp,3,4824,8
1,1,small,small8f.bmp,3,1824,8
1,1,sd,sd3f.bmp,4,1671,3
1,1,full,full5g.bmp,4,2172,5
1,1,sd,sd5j.bmp,4,1493,5
1,1,sd,sd1a.bmp,3,1801,1
1,1,sd,sd5b.bmp,3,1362,5
1,1,full,full1f.bmp,1,2130,1
1,1,small,small3a.bmp,2,1181,3
1,1,sd,sd3d.bmp,3,926,3
1,1,small,small5j.bmp,3,1401,5
1,1,small,small5e.bmp,3,937,5
1,1,full,full8f.bmp,2,3572,8
1,1,full,full1b.bmp,1,1421,1
1,1,small,small8b.bmp,3,1636,8
1,1,small,small8c.bmp,4,1131,8
1,1,sd,sd8g.bmp,4,1662,8
1,1,small,small1i.bmp,2,1131,1
1,1,small,small3g.bmp,2,1494,3
1,1,sd,sd8e.bmp,3,4426,8
2,1,small,small5j.bmp,4,12413,5
2,1,sd,sd8f.bmp,3,9360,8
2,1,full,full1f.bmp,2,8196,1
2,1,sd,sd5a.bmp,3,8230,5
2,1,full,full5c.bmp,2,2639,5
2,1,sd,sd3i.bmp,3,4261,3
2,1,small,small1a.bmp,4,3252,1
2,1,small,small5c.bmp,4,4323,5
2,1,sd,sd8c.bmp,4,5118,8
2,1,small,small8a.bmp,4,2635,8
2,1,small,small1e.bmp,3,4762,1
2,1,sd,sd5g.bmp,3,2045,5
2,1,full,full3g.bmp,2,2332,3
2,1,sd,sd8g.bmp,3,5991,8
2,1,full,full1b.bmp,2,2344,1
2,1,full,full8a.bmp,2,8803,8
2,1,full,full5a.bmp,2,1013,5
2,1,small,small8j.bmp,4,2963,8
2,1,full,full5g.bmp,2,1645,5
2,1,sd,sd5d.bmp,3,1204,5
2,1,sd,sd3c.bmp,3,3380,3
2,1,full,full5e.bmp,2,8789,5
2,1,full,full8b.bmp,2,1048,8
2,1,sd,sd1b.bmp,2,1462,1
2,1,sd,sd5e.bmp,3,956,5
2,1,sd,sd5c.bmp,3,997,5
2,1,full,full8e.bmp,2,917,8
2,1,sd,sd1a.bmp,2,808,1
2,1,small,small5h.bmp,4,1168,5
2,1,small,small3c.bmp,4,1113,3
2,1,full,full3a.bmp,2,3212,3
2,1,small,small8g.bmp,4,1252,8
2,1,sd,sd1g.bmp,2,1507,1
2,1,full,full8j.bmp,2,806,8
2,1,sd,sd1j.bmp,2,789,1
2,1,small,small3b.bmp,4,1901,3
2,1,sd,sd3j.bmp,2,2730,3
2,1,small,small8h.bmp,4,981,8
2,1,full,full1c.bmp,1,26557,1
2,1,small,small3h.bmp,3,2223,3
2,1,full,full3f.bmp,2,3198,3
2,1,sd,sd1e.bmp,2,1079,1
2,1,small,small1g.bmp,3,955,1
2,1,full,full1g.bmp,1,4533,1
2,1,sd,sd5f.bmp,3,2881,5
2,1,sd,sd5b.bmp,3,990,5
2,1,small,small3d.bmp,4,1198,3
2,1,full,full8g.bmp,2,1222,8
2,1,full,full8i.bmp,2,901,8
2,1,small,small8e.bmp,4,1089,8
2,1,full,full3e.bmp,2,1629,3
2,1,sd,sd3a.bmp,2,996,3
2,1,small,small8b.bmp,4,1084,8
2,1,sd,sd1i.bmp,2,2121,1
2,1,sd,sd1f.bmp,2,1131,1
2,1,full,full5j.bmp,2,1886,5
2,1,sd,sd3h.bmp,2,1075,3
2,1,sd,sd1d.bmp,2,1016,1
2,1,sd,sd3f.bmp,2,2271,3
2,1,full,full3c.bmp,2,1508,3
2,1,small,small1j.bmp,3,864,1
2,1,sd,sd1c.bmp,2,957,1
2,1,small,small1i.bmp,3,1023,1
2,1,sd,sd3e.bmp,2,1165,3
2,1,small,small5a.bmp,4,1127,5
2,1,small,small3i.bmp,4,873,3
2,1,full,full5b.bmp,2,1046,5
2,1,small,small5d.bmp,4,1196,5
2,1,small,small3e.bmp,4,780,3
2,1,small,small8d.bmp,4,877,8
2,1,full,full3d.bmp,2,2026,3
2,1,small,small3g.bmp,4,4769,3
2,1,small,small3f.bmp,4,651,3
2,1,sd,sd8a.bmp,3,2560,8
2,1,sd,sd3d.bmp,2,1042,3
2,1,small,small5f.bmp,4,952,5
2,1,small,small8f.bmp,4,730,8
2,1,small,small3a.bmp,4,1213,3
2,1,sd,sd8i.bmp,3,1724,8
2,1,small,small1d.bmp,3,735,1
2,1,sd,sd3g.bmp,2,2105,3
2,1,full,full3i.bmp,2,894,3
2,1,small,small1h.bmp,3,1585,1
2,1,full,full8c.bmp,2,1274,8
2,1,sd,sd1h.bmp,2,1502,1
2,1,sd,sd8j.bmp,3,2411,8
2,1,small,small1f.bmp,3,914,1
2,1,small,small5e.bmp,4,838,5
2,1,full,full1d.bmp,1,2860,1
2,1,full,full8f.bmp,2,1050,8
2,1,small,small8c.bmp,4,769,8
2,1,small,small3j.bmp,4,1266,3
2,1,full,full5i.bmp,2,2911,5
2,1,small,small5i.bmp,4,803,5
2,1,full,full5d.bmp,2,1203,5
2,1,full,full1h.bmp,1,1547,1
2,1,small,small5b.bmp,4,862,5
2,1,sd,sd8d.bmp,3,1251,8
2,1,small,small1c.bmp,3,1265,1
2,1,sd,sd8h.bmp,3,1294,8
2,1,sd,sd3b.bmp,2,867,3
2,1,sd,sd5i.bmp,3,6304,5
2,1,sd,sd8e.bmp,3,981,8
2,1,full,full3h.bmp,2,3758,3
2,1,full,full8h.bmp,2,3104,8
2,1,sd,sd5j.bmp,2,5828,5
2,1,full,full1a.bmp,1,1380,1
2,1,small,small8i.bmp,4,813,8
2,1,full,full1j.bmp,1,2452,1
2,1,full,full1i.bmp,1,971,1
2,1,sd,sd5h.bmp,3,2388,5
2,1,sd,sd8b.bmp,3,901,8
2,1,small,small5g.bmp,4,1009,5
2,1,full,full5f.bmp,2,1200,5
2,1,full,full8d.bmp,2,696,8
2,1,small,small1b.bmp,3,1156,1
2,1,full,full5h.bmp,2,941,5
2,1,full,full1e.bmp,1,1783,1
2,1,full,full3b.bmp,2,1392,3
2,1,full,full3j.bmp,2,1097,3
2,1,small,small3e.bmp,1,1565,3
2,1,small,small8g.bmp,4,2022,8
2,1,full,full8j.bmp,2,1261,8
2,1,small,small5g.bmp,4,787,5
2,1,sd,sd8g.bmp,3,3251,8
2,1,sd,sd5f.bmp,3,1818,5
2,1,small,small8b.bmp,4,818,8
2,1,sd,sd8i.bmp,3,1697,8
2,1,full,full1j.bmp,1,2333,1
2,1,sd,sd8a.bmp,3,896,8
2,1,small,small1d.bmp,3,940,1
2,1,small,small5b.bmp,4,750,5
2,1,small,small5j.bmp,4,879,5
2,1,full,full1f.bmp,2,1212,1
2,1,small,small5d.bmp,4,1164,5
2,1,small,small3c.bmp,4,1381,3
2,1,small,small1c.bmp,3,1046,1
2,1,full,full8g.bmp,2,1300,8
2,1,full,full8d.bmp,2,504,8
2,1,sd,sd3h.bmp,2,612,3
2,1,sd,sd5d.bmp,3,3267,5
2,1,full,full1b.bmp,2,3113,1
2,1,sd,sd8c.bmp,3,1253,8
2,1,full,full3f.bmp,2,1571,3
2,1,small,small8j.bmp,4,6172,8
2,1,full,full5c.bmp,2,1807,5
2,1,sd,sd1j.bmp,2,2766,1
2,1,sd,sd1a.bmp,2,872,1
2,1,small,small1g.bmp,3,3605,1
2,1,full,full5g.bmp,2,797,5
2,1,sd,sd5i.bmp,2,6941,5
2,1,small,small8a.bmp,4,785,8
2,1,sd,sd3c.bmp,2,826,3
2,1,small,small3f.bmp,4,2888,3
2,1,sd,sd5h.bmp,3,1404,5
2,1,full,full3j.bmp,2,788,3
2,1,small,small3b.bmp,4,2900,3
2,1,full,full5i.bmp,2,968,5
2,1,sd,sd8e.bmp,3,1536,8
2,1,full,full8c.bmp,2,1259,8
2,1,small,small5c.bmp,4,2464,5
2,1,sd,sd1h.bmp,2,4686,1
2,1,full,full5f.bmp,2,851,5
2,1,small,small3i.bmp,4,849,3
2,1,sd,sd1f.bmp,2,918,1
2,1,full,full5h.bmp,2,5553,5
2,1,small,small1b.bmp,4,1587,1
2,1,full,full3e.bmp,2,724,3
2,1,full,full8b.bmp,2,710,8
2,1,full,full8a.bmp,2,578,8
2,1,small,small5i.bmp,4,778,5
2,1,small,small5h.bmp,4,579,5
2,1,sd,sd3f.bmp,2,691,3
2,1,small,small1h.bmp,3,991,1
2,1,sd,sd8b.bmp,3,2303,8
2,1,sd,sd5e.bmp,3,1059,5
2,1,sd,sd1g.bmp,2,928,1
2,1,small,small8d.bmp,4,755,8
2,1,full,full8i.bmp,2,764,8
2,1,small,small8h.bmp,4,702,8
2,1,small,small3h.bmp,4,1520,3
2,1,full,full8h.bmp,2,715,8
2,1,full,full5d.bmp,2,854,5
2,1,full,full5j.bmp,2,619,5
2,1,small,small3a.bmp,4,1138,3
2,1,sd,sd1d.bmp,2,620,1
2,1,sd,sd3e.bmp,2,4051,3
2,1,full,full3a.bmp,2,650,3
2,1,sd,sd1c.bmp,2,640,1
2,1,small,small1e.bmp,3,814,1
2,1,full,full3c.bmp,2,5557,3
2,1,full,full3g.bmp,2,792,3
2,1,small,small8i.bmp,4,1384,8
2,1,sd,sd5c.bmp,3,1129,5
2,1,small,small5a.bmp,4,1052,5
2,1,sd,sd3i.bmp,3,2466,3
2,1,small,small8e.bmp,4,824,8
2,1,sd,sd1e.bmp,2,910,1
2,1,small,small1a.bmp,3,2010,1
2,1,full,full3d.bmp,2,809,3
2,1,small,small3d.bmp,3,1593,3
2,1,sd,sd8d.bmp,3,849,8
2,1,small,small8f.bmp,4,831,8
2,1,full,full3h.bmp,2,6454,3
2,1,full,full1g.bmp,1,2228,1
2,1,full,full5e.bmp,2,899,5
2,1,sd,sd1b.bmp,2,951,1
2,1,sd,sd5a.bmp,3,1393,5
2,1,small,small8c.bmp,4,905,8
2,1,sd,sd8j.bmp,3,1044,8
2,1,full,full1c.bmp,1,2035,1
2,1,full,full5b.bmp,2,906,5
2,1,sd,sd3a.bmp,2,957,3
2,1,sd,sd5b.bmp,3,870,5
2,1,small,small1j.bmp,3,492,1
2,1,full,full1d.bmp,1,1319,1
2,1,small,small5e.bmp,4,1139,5
2,1,small,small5f.bmp,4,1525,5
2,1,full,full1h.bmp,1,2248,1
2,1,sd,sd8h.bmp,3,806,8
2,1,full,full5a.bmp,2,846,5
2,1,full,full1e.bmp,1,1100,1
2,1,sd,sd3b.bmp,3,1712,3
2,1,full,full1a.bmp,2,739,1
2,1,sd,sd5j.bmp,3,773,5
2,1,small,small3j.bmp,4,1254,3
2,1,sd,sd1i.bmp,2,708,1
2,1,full,full1i.bmp,1,1055,1
2,1,small,small1f.bmp,3,1221,1
2,1,sd,sd8f.bmp,3,1020,8
2,1,full,full8e.bmp,2,819,8
2,1,small,small1i.bmp,3,867,1
2,1,small,small3g.bmp,4,880,3
2,1,sd,sd3d.bmp,3,3637,3
2,1,full,full3i.bmp,2,859,3
2,1,sd,sd3j.bmp,2,1641,3
2,1,sd,sd5g.bmp,3,591,5
2,1,sd,sd3g.bmp,2,1479,3
2,1,full,full8f.bmp,2,764,8
2,1,full,full3b.bmp,2,1117,3
2,1,sd,sd1b.bmp,2,792,1
2,1,full,full3a.bmp,2,616,3
2,1,full,full8g.bmp,2,511,8
2,1,full,full5i.bmp,2,611,5
2,1,full,full1h.bmp,1,1018,1
2,1,full,full3j.bmp,2,881,3
2,1,sd,sd5c.bmp,3,2286,5
2,1,small,small5d.bmp,4,1043,5
2,1,sd,sd1d.bmp,2,881,1
2,1,full,full3h.bmp,2,1542,3
2,1,full,full3i.bmp,2,944,3
2,1,full,full1b.bmp,2,1634,1
2,1,small,small8a.bmp,4,841,8
2,1,sd,sd5d.bmp,3,2199,5
2,1,small,small3a.bmp,4,759,3
2,1,sd,sd5i.bmp,3,1137,5
2,1,full,full3c.bmp,2,1067,3
2,1,full,full1i.bmp,1,2009,1
2,1,full,full1c.bmp,1,3672,1
2,1,small,small1g.bmp,3,814,1
2,1,small,small1a.bmp,3,1941,1
2,1,full,full8c.bmp,2,864,8
2,1,full,full3f.bmp,2,805,3
2,1,small,small3c.bmp,4,1061,3
2,1,full,full5d.bmp,2,905,5
2,1,sd,sd3c.bmp,2,1053,3
2,1,small,small8e.bmp,4,811,8
2,1,small,small1j.bmp,3,2986,1
2,1,full,full1e.bmp,1,1307,1
2,1,full,full1d.bmp,1,887,1
2,1,full,full3g.bmp,2,1099,3
2,1,small,small1b.bmp,3,1016,1
2,1,full,full5a.bmp,2,863,5
2,1,sd,sd8h.bmp,2,1500,8
2,1,full,full3e.bmp,2,2520,3
2,1,full,full5c.bmp,2,2484,5
2,1,small,small8d.bmp,4,945,8
2,1,full,full8e.bmp,2,1324,8
2,1,small,small3h.bmp,4,1454,3
2,1,small,small5h.bmp,4,868,5
2,1,sd,sd1c.bmp,2,1618,1
2,1,sd,sd5f.bmp,3,1233,5
2,1,sd,sd8b.bmp,3,1632,8
2,1,small,small5c.bmp,4,1103,5
2,1,sd,sd3i.bmp,3,2115,3
2,1,small,small1f.bmp,3,2335,1
2,1,sd,sd3h.bmp,2,786,3
2,1,sd,sd8g.bmp,3,915,8
2,1,sd,sd5j.bmp,2,1046,5
2,1,sd,sd8d.bmp,3,940,8
2,1,sd,sd8a.bmp,3,718,8
2,1,sd,sd3d.bmp,3,2216,3
2,1,small,small5f.bmp,4,808,5
2,1,small,small8h.bmp,4,855,8
2,1,small,small5a.bmp,4,773,5
2,1,small,small8i.bmp,4,893,8
2,1,small,small5j.bmp,4,617,5
2,1,sd,sd5a.bmp,3,2121,5
2,1,sd,sd1i.bmp,2,1244,1
2,1,small,small3g.bmp,4,3186,3
2,1,full,full1f.bmp,2,4140,1
2,1,full,full5f.bmp,2,911,5
2,1,sd,sd1f.bmp,2,1298,1
2,1,small,small5i.bmp,4,926,5
2,1,small,small1e.bmp,3,1073,1
2,1,full,full5b.bmp,2,1118,5
2,1,full,full8b.bmp,2,1497,8
2,1,sd,sd1a.bmp,2,2693,1
2,1,full,full8i.bmp,2,754,8
2,1,full,full8f.bmp,2,788,8
2,1,full,full8h.bmp,2,645,8
2,1,sd,sd8f.bmp,3,698,8
2,1,small,small3f.bmp,4,1446,3
2,1,sd,sd5b.bmp,3,1213,5
2,1,full,full5j.bmp,2,900,5
2,1,small,small3e.bmp,4,1928,3
2,1,sd,sd3b.bmp,3,1547,3
2,1,small,small3j.bmp,4,1325,3
2,1,full,full1g.bmp,1,1360,1
2,1,sd,sd3f.bmp,2,777,3
2,1,small,small8f.bmp,4,777,8
2,1,small,small3d.bmp,4,562,3
2,1,full,full5e.bmp,2,771,5
2,1,full,full8j.bmp,2,652,8
2,1,full,full5g.bmp,2,706,5
2,1,small,small5b.bmp,4,845,5
2,1,sd,sd3j.bmp,2,859,3
2,1,sd,sd8j.bmp,3,801,8
2,1,sd,sd5g.bmp,3,713,5
2,1,full,full8a.bmp,2,516,8
2,1,sd,sd8c.bmp,3,1887,8
2,1,sd,sd8i.bmp,3,636,8
2,1,small,small3i.bmp,4,683,3
2,1,sd,sd3g.bmp,2,855,3
2,1,sd,sd3a.bmp,2,693,3
2,1,sd,sd8e.bmp,3,721,8
2,1,full,full1j.bmp,1,1412,1
2,1,small,small8g.bmp,4,875,8
2,1,full,full5h.bmp,2,904,5
2,1,sd,sd5e.bmp,3,1020,5
2,1,sd,sd1e.bmp,2,787,1
2,1,full,full3d.bmp,2,940,3
2,1,small,small5g.bmp,4,870,5
2,1,sd,sd1j.bmp,2,899,1
2,1,sd,sd5h.bmp,3,815,5
2,1,small,small1d.bmp,3,759,1
2,1,full,full3b.bmp,2,680,3
2,1,sd,sd1g.bmp,2,1220,1
2,1,small,small1c.bmp,3,2252,1
2,1,small,small8j.bmp,4,2610,8
2,1,full,full1a.bmp,2,1250,1
2,1,small,small5e.bmp,4,816,5
2,1,small,small8b.bmp,4,2311,8
2,1,small,small1i.bmp,3,1466,1
2,1,full,full8d.bmp,2,5232,8
2,1,small,small3b.bmp,4,824,3
2,1,sd,sd3e.bmp,2,3711,3
2,1,sd,sd1h.bmp,2,851,1
2,1,small,small8c.bmp,4,625,8
2,1,small,small1h.bmp,3,792,1
2,1,small,small3h.bmp,4,1168,3
2,1,full,full8e.bmp,2,689,8
2,1,full,full5b.bmp,2,557,5
2,1,sd,sd1g.bmp,2,822,1
2,1,full,full1e.bmp,1,965,1
2,1,full,full3i.bmp,2,790,3
2,1,small,small5c.bmp,4,798,5
2,1,sd,sd1f.bmp,2,710,1
2,1,small,small5h.bmp,4,625,5
2,1,small,small8d.bmp,4,696,8
2,1,sd,sd8b.bmp,3,996,8
2,1,full,full3c.bmp,2,1156,3
2,1,sd,sd5j.bmp,3,869,5
2,1,sd,sd8d.bmp,3,651,8
2,1,sd,sd8c.bmp,3,824,8
2,1,full,full3a.bmp,2,695,3
2,1,sd,sd5i.bmp,3,923,5
2,1,sd,sd5e.bmp,3,758,5
2,1,sd,sd8f.bmp,3,511,8
2,1,full,full8j.bmp,2,666,8
2,1,full,full1a.bmp,2,10662,1
2,1,sd,sd1e.bmp,2,647,1
2,1,small,small3a.bmp,4,3909,3
2,1,full,full1f.bmp,1,3177,1
2,1,full,full8b.bmp,2,3051,8
2,1,sd,sd1a.bmp,2,2225,1
2,1,small,small3b.bmp,4,1113,3
2,1,sd,sd1d.bmp,2,972,1
2,1,full,full8h.bmp,2,805,8
2,1,small,small3j.bmp,4,9141,3
2,1,small,small5j.bmp,4,921,5
2,1,full,full5e.bmp,2,853,5
2,1,small,small1i.bmp,3,1395,1
2,1,full,full1h.bmp,1,3771,1
2,1,full,full5i.bmp,2,2445,5
2,1,small,small5f.bmp,4,780,5
2,1,full,full1d.bmp,2,924,1
2,1,sd,sd8h.bmp,3,1375,8
2,1,small,small1h.bmp,2,13791,1
2,1,small,small1j.bmp,3,4347,1
2,1,full,full5d.bmp,2,15735,5
2,1,small,small8c.bmp,4,2174,8
2,1,sd,sd1c.bmp,2,5519,1
2,1,sd,sd5c.bmp,3,4260,5
2,1,full,full3b.bmp,2,2482,3
2,1,sd,sd1h.bmp,2,2319,1
2,1,full,full5f.bmp,3,2459,5
2,1,small,small5e.bmp,4,3105,5
2,1,sd,sd3g.bmp,2,5253,3
2,1,full,full5j.bmp,2,6812,5
2,1,full,full1b.bmp,2,3725,1
2,1,sd,sd3c.bmp,2,5369,3
2,1,full,full5g.bmp,3,2715,5
2,1,full,full3e.bmp,2,3247,3
2,1,full,full1j.bmp,2,2910,1
2,1,small,small1g.bmp,2,6074,1
2,1,full,full1i.bmp,1,2185,1
2,1,full,full8g.bmp,3,10818,8
2,1,sd,sd5d.bmp,2,3053,5
2,1,sd,sd1i.bmp,2,2227,1
2,1,small,small3e.bmp,2,3010,3
2,1,sd,sd3e.bmp,2,3281,3
2,1,small,small1d.bmp,2,2415,1
2,1,sd,sd3d.bmp,2,3295,3
2,1,small,small8j.bmp,3,2876,8
2,1,sd,sd5h.bmp,3,3689,5
2,1,full,full8i.bmp,3,2910,8
2,1,sd,sd3b.bmp,3,1818,3
2,1,small,small8g.bmp,3,2626,8
2,1,small,small3c.bmp,3,2249,3
2,1,sd,sd3i.bmp,3,4807,3
2,1,small,small8h.bmp,3,3224,8
2,1,small,small3i.bmp,3,5151,3
2,1,small,small3f.bmp,3,6275,3
2,1,small,small1a.bmp,3,6817,1
2,1,full,full3g.bmp,3,3418,3
2,1,full,full1c.bmp,2,2434,1
2,1,small,small8a.bmp,3,4409,8
2,1,full,full5c.bmp,3,3506,5
2,1,sd,sd3a.bmp,3,3526,3
2,1,small,small1e.bmp,2,1329,1
2,1,sd,sd3h.bmp,2,1764,3
2,1,sd,sd5b.bmp,3,1350,5
2,1,small,small5b.bmp,3,456,5
2,1,sd,sd1b.bmp,2,4485,1
2,1,full,full3f.bmp,2,1395,3
2,1,sd,sd3f.bmp,2,1467,3
2,1,sd,sd8g.bmp,3,1977,8
2,1,small,small1c.bmp,2,2890,1
2,1,full,full3d.bmp,2,5110,3
2,1,small,small5a.bmp,3,5523,5
2,1,small,small8i.bmp,3,2823,8
2,1,small,small5i.bmp,3,2942,5
2,1,sd,sd8i.bmp,3,2264,8
2,1,full,full5h.bmp,3,3070,5
2,1,full,full5a.bmp,3,2300,5
2,1,full,full8d.bmp,3,888,8
2,1,sd,sd5a.bmp,3,3172,5
2,1,sd,sd3j.bmp,2,1574,3
2,1,small,small8f.bmp,1,1383,8
2,1,small,small1f.bmp,2,5967,1
2,1,small,small5g.bmp,3,5826,5
2,1,sd,sd8j.bmp,3,2835,8
2,1,sd,sd8e.bmp,3,2122,8
2,1,sd,sd5f.bmp,3,1181,5
2,1,small,small3d.bmp,2,4302,3
2,1,full,full8a.bmp,3,1995,8
2,1,small,small3g.bmp,2,1875,3
2,1,full,full1g.bmp,2,1440,1
2,1,full,full3j.bmp,2,1095,3
2,1,sd,sd1j.bmp,3,2355,1
2,1,small,small8e.bmp,3,6084,8
2,1,sd,sd5g.bmp,3,5154,5
2,1,full,full3h.bmp,2,1613,3
2,1,full,full8f.bmp,3,4276,8
2,1,small,small1b.bmp,2,3674,1
2,1,full,full8c.bmp,3,4616,8
2,1,sd,sd8a.bmp,3,3856,8
2,1,small,small8b.bmp,3,1607,8
2,1,small,small5d.bmp,3,3366,5
3,1,full,full8g.bmp,2,21558,8
3,1,full,full8c.bmp,2,6775,8
3,1,sd,sd8f.bmp,4,7642,8
3,1,small,small8f.bmp,4,2818,8
3,1,small,small3c.bmp,4,2634,3
3,1,sd,sd3e.bmp,2,3553,3
3,1,small,small1a.bmp,3,2668,1
3,1,small,small3h.bmp,3,1474,3
3,1,small,small1i.bmp,3,1735,1
3,1,sd,sd8h.bmp,3,3338,8
3,1,full,full3c.bmp,1,5740,3
3,1,sd,sd8e.bmp,3,2727,8
3,1,sd,sd5g.bmp,2,1691,5
3,1,sd,sd5e.bmp,3,1799,5
3,1,sd,sd5h.bmp,2,1711,5
3,1,small,small1j.bmp,3,643,1
3,1,full,full3h.bmp,1,1289,3
3,1,small,small5a.bmp,4,1509,5
3,1,full,full5d.bmp,1,1697,5
3,1,small,small8g.bmp,4,1397,8
3,1,full,full1f.bmp,1,1437,1
3,1,sd,sd1g.bmp,1,1164,1
3,1,full,full5h.bmp,2,5189,5
3,1,small,small5b.bmp,4,1263,5
3,1,sd,sd8b.bmp,2,1260,8
3,1,sd,sd1i.bmp,1,1090,1
3,1,sd,sd3j.bmp,2,1182,3
3,1,full,full3a.bmp,1,879,3
3,1,full,full5g.bmp,1,1555,5
3,1,small,small5i.bmp,4,2061,5
3,1,sd,sd5b.bmp,3,2289,5
3,1,small,small8i.bmp,4,1230,8
3,1,small,small5c.bmp,4,1013,5
3,1,small,small3b.bmp,4,1204,3
3,1,small,small1c.bmp,3,1204,1
3,1,full,full1a.bmp,1,1908,1
3,1,full,full1i.bmp,1,1696,1
3,1,sd,sd5f.bmp,3,1468,5
3,1,sd,sd1j.bmp,2,1394,1
3,1,sd,sd1c.bmp,2,1802,1
3,1,full,full1b.bmp,1,842,1
3,1,full,full8a.bmp,2,1000,8
3,1,small,small1g.bmp,3,1928,1
3,1,sd,sd3b.bmp,3,755,3
3,1,sd,sd8g.bmp,3,885,8
3,1,sd,sd5j.bmp,3,697,5
3,1,small,small5j.bmp,4,1181,5
3,1,sd,sd5a.bmp,3,1206,5
3,1,full,full5b.bmp,2,4917,5
3,1,full,full1e.bmp,1,1578,1
3,1,full,full5f.bmp,2,1051,5
3,1,small,small1f.bmp,3,809,1
3,1,small,small8h.bmp,4,567,8
3,1,small,small1d.bmp,3,857,1
3,1,sd,sd3f.bmp,2,814,3
3,1,sd,sd3h.bmp,2,613,3
3,1,small,small8a.bmp,4,708,8
3,1,small,small8b.bmp,4,528,8
3,1,sd,sd3a.bmp,2,1722,3
3,1,full,full3j.bmp,1,837,3
3,1,full,full1g.bmp,1,556,1
3,1,small,small1b.bmp,3,1181,1
3,1,small,small3j.bmp,3,350,3
3,1,full,full3f.bmp,1,1024,3
3,1,small,small3a.bmp,3,846,3
3,1,full,full5a.bmp,2,1292,5
3,1,small,small3f.bmp,3,816,3
3,1,small,small5h.bmp,4,648,5
3,1,small,small1h.bmp,3,3350,1
3,1,sd,sd5i.bmp,3,857,5
3,1,full,full1h.bmp,1,1110,1
3,1,full,full8f.bmp,2,889,8
3,1,sd,sd1h.bmp,2,933,1
3,1,sd,sd8c.bmp,3,1184,8
3,1,small,small8c.bmp,4,577,8
3,1,sd,sd5d.bmp,3,801,5
3,1,sd,sd1e.bmp,2,1177,1
3,1,sd,sd3i.bmp,3,2210,3
3,1,sd,sd5c.bmp,3,745,5
3,1,small,small8j.bmp,4,715,8
3,1,full,full8j.bmp,2,1494,8
3,1,full,full3d.bmp,1,2826,3
3,1,sd,sd3d.bmp,2,730,3
3,1,small,small1e.bmp,3,700,1
3,1,full,full8b.bmp,2,1224,8
3,1,small,small3e.bmp,4,727,3
3,1,small,small8d.bmp,4,585,8
3,1,full,full3e.bmp,2,1322,3
3,1,small,small3d.bmp,3,941,3
3,1,full,full5j.bmp,2,1639,5
3,1,full,full5e.bmp,2,1509,5
3,1,sd,sd1d.bmp,1,809,1
3,1,small,small3i.bmp,4,856,3
3,1,sd,sd1a.bmp,2,1477,1
3,1,full,full8h.bmp,2,1362,8
3,1,full,full3g.bmp,1,1836,3
3,1,sd,sd3c.bmp,2,787,3
3,1,small,small5g.bmp,4,835,5
3,1,small,small5d.bmp,4,6122,5
3,1,sd,sd8d.bmp,2,8469,8
3,1,sd,sd3g.bmp,2,3677,3
3,1,full,full8i.bmp,3,5986,8
3,1,full,full8e.bmp,2,2748,8
3,1,sd,sd8j.bmp,3,6847,8
3,1,full,full5c.bmp,2,2991,5
3,1,small,small5f.bmp,4,2992,5
3,1,small,small8e.bmp,3,2416,8
3,1,full,full8d.bmp,2,2880,8
3,1,full,full3b.bmp,2,813,3
3,1,full,full5i.bmp,2,701,5
3,1,sd,sd1f.bmp,2,1177,1
3,1,full,full1c.bmp,1,1009,1
3,1,sd,sd8i.bmp,3,2960,8
3,1,small,small3g.bmp,3,1162,3
3,1,full,full3i.bmp,2,1555,3
3,1,small,small5e.bmp,3,2941,5
3,1,full,full1d.bmp,1,1440,1
3,1,sd,sd8a.bmp,2,6150,8
3,1,sd,sd1b.bmp,2,1770,1
3,1,full,full1j.bmp,1,939,1
3,1,full,full3h.bmp,2,1373,3
3,1,small,small5g.bmp,2,7614,5
3,1,small,small8b.bmp,2,1400,8
3,1,sd,sd1c.bmp,2,904,1
3,1,small,small3c.bmp,2,1612,3
3,1,small,small8f.bmp,3,6828,8
3,1,full,full1c.bmp,1,1468,1
3,1,full,full8i.bmp,2,1401,8
3,1,small,small3d.bmp,2,4537,3
3,1,small,small5c.bmp,3,2220,5
3,1,small,small1i.bmp,2,8308,1
3,1,full,full8j.bmp,2,1314,8
3,1,sd,sd8j.bmp,2,3541,8
3,1,small,small5b.bmp,3,9336,5
3,1,small,small3h.bmp,2,4021,3
3,1,full,full5d.bmp,1,909,5
3,1,sd,sd3j.bmp,2,3472,3
3,1,sd,sd8d.bmp,3,1790,8
3,1,full,full8b.bmp,2,1646,8
3,1,sd,sd3b.bmp,2,2891,3
3,1,small,small3a.bmp,3,2424,3
3,1,small,small5e.bmp,3,3519,5
3,1,sd,sd5d.bmp,3,2172,5
3,1,full,full5j.bmp,2,1437,5
3,1,sd,sd3g.bmp,2,1644,3
3,1,full,full3a.bmp,2,1170,3
3,1,sd,sd1f.bmp,2,643,1
3,1,small,small8h.bmp,3,2025,8
3,1,small,small1j.bmp,2,3920,1
3,1,sd,sd8f.bmp,2,3197,8
3,1,small,small5f.bmp,3,3293,5
3,1,small,small5j.bmp,3,2370,5
3,1,small,small1e.bmp,2,3244,1
3,1,sd,sd8g.bmp,3,3859,8
3,1,full,full5c.bmp,1,1912,5
3,1,full,full5b.bmp,2,972,5
3,1,small,small5a.bmp,3,6317,5
3,1,small,small8e.bmp,3,1898,8
3,1,full,full8f.bmp,2,7782,8
3,1,full,full8e.bmp,3,4569,8
3,1,sd,sd1j.bmp,3,3636,1
3,1,sd,sd3f.bmp,3,3275,3
3,1,small,small3i.bmp,3,3825,3
3,1,full,full5g.bmp,3,1961,5
3,1,sd,sd1b.bmp,2,4450,1
3,1,sd,sd1h.bmp,2,3888,1
3,1,small,small8g.bmp,3,2933,8
3,1,full,full3c.bmp,2,1144,3
3,1,full,full3f.bmp,2,2418,3
3,1,full,full1i.bmp,2,817,1
3,1,sd,sd1a.bmp,2,1912,1
3,1,full,full8c.bmp,2,683,8
3,1,sd,sd8a.bmp,2,3903,8
3,1,sd,sd5i.bmp,2,1484,5
3,1,sd,sd5b.bmp,2,1376,5
3,1,sd,sd3i.bmp,2,1297,3
3,1,full,full5a.bmp,2,949,5
3,1,small,small3e.bmp,2,1950,3
3,1,small,small8i.bmp,3,2304,8
3,1,full,full1g.bmp,1,1492,1
3,1,sd,sd3d.bmp,2,680,3
3,1,small,small8a.bmp,3,1860,8
3,1,sd,sd1d.bmp,1,1106,1
3,1,sd,sd8h.bmp,3,3294,8
3,1,small,small1d.bmp,1,7865,1
3,1,sd,sd8c.bmp,3,3168,8
3,1,full,full5f.bmp,2,10730,5
3,1,full,full3e.bmp,2,1040,3
3,1,sd,sd5f.bmp,2,15758,5
3,1,sd,sd3e.bmp,2,733,3
3,1,full,full1f.bmp,2,607,1
3,1,full,full8g.bmp,2,694,8
3,1,small,small1f.bmp,2,586,1
3,1,small,small3g.bmp,3,963,3
3,1,full,full3j.bmp,2,692,3
3,1,small,small8d.bmp,3,1040,8
3,1,full,full1j.bmp,1,845,1
3,1,small,small1c.bmp,3,1155,1
3,1,full,full1a.bmp,1,973,1
3,1,full,full3b.bmp,2,941,3
3,1,small,small5h.bmp,3,2367,5
3,1,sd,sd1g.bmp,1,2353,1
3,1,sd,sd3c.bmp,2,1340,3
3,1,full,full5i.bmp,2,1470,5
3,1,small,small8j.bmp,3,2331,8
3,1,sd,sd8b.bmp,3,1447,8
3,1,sd,sd5e.bmp,3,725,5
3,1,small,small3f.bmp,2,3599,3
3,1,small,small5d.bmp,3,1984,5
3,1,full,full3d.bmp,2,1417,3
3,1,full,full1e.bmp,2,569,1
3,1,full,full3i.bmp,2,634,3
3,1,sd,sd3h.bmp,2,1329,3
3,1,full,full8a.bmp,3,1043,8
3,1,small,small8c.bmp,3,2177,8
3,1,full,full8h.bmp,3,2083,8
3,1,sd,sd5j.bmp,3,14463,5
3,1,small,small1a.bmp,2,3161,1
3,1,small,small1b.bmp,2,5547,1
3,1,sd,sd8e.bmp,3,3238,8
3,1,small,small3j.bmp,2,2149,3
3,1,sd,sd3a.bmp,2,2216,3
3,1,sd,sd5a.bmp,3,4455,5
3,1,sd,sd1e.bmp,2,3446,1
3,1,sd,sd1i.bmp,1,1557,1
3,1,sd,sd5g.bmp,2,535,5
3,1,sd,sd8i.bmp,3,505,8
3,1,full,full1b.bmp,2,845,1
3,1,full,full5e.bmp,2,811,5
3,1,small,small1g.bmp,3,1098,1
3,1,sd,sd5h.bmp,3,965,5
3,1,small,small5i.bmp,3,1983,5
3,1,small,small3b.bmp,3,1464,3
3,1,full,full8d.bmp,2,1557,8
3,1,full,full3g.bmp,2,1199,3
3,1,full,full5h.bmp,2,1055,5
3,1,full,full1d.bmp,2,476,1
3,1,small,small1h.bmp,3,945,1
3,1,sd,sd5c.bmp,3,747,5
3,1,full,full1h.bmp,2,3205,1
3,1,small,small5d.bmp,3,1949,5
3,1,full,full1i.bmp,1,2215,1
3,1,sd,sd8b.bmp,4,2127,8
3,1,small,small8j.bmp,4,3874,8
3,1,sd,sd1a.bmp,2,1288,1
3,1,sd,sd1c.bmp,2,2228,1
3,1,full,full8d.bmp,2,795,8
3,1,sd,sd8e.bmp,3,2571,8
3,1,full,full8c.bmp,3,4107,8
3,1,small,small3e.bmp,2,3360,3
3,1,full,full8b.bmp,2,13162,8
3,1,small,small3a.bmp,3,960,3
3,1,small,small5c.bmp,3,913,5
3,1,full,full5d.bmp,2,1132,5
3,1,sd,sd1h.bmp,2,639,1
3,1,sd,sd5h.bmp,2,2029,5
3,1,small,small8c.bmp,3,908,8
3,1,small,small8f.bmp,3,703,8
3,1,small,small3h.bmp,3,627,3
3,1,full,full8g.bmp,2,1146,8
3,1,full,full1c.bmp,2,564,1
3,1,full,full5b.bmp,2,389,5
3,1,sd,sd5i.bmp,2,261,5
3,1,small,small1f.bmp,3,786,1
3,1,full,full1b.bmp,2,675,1
3,1,sd,sd5f.bmp,2,711,5
3,1,full,full3a.bmp,3,498,3
3,1,sd,sd1g.bmp,2,582,1
3,1,full,full1h.bmp,2,367,1
3,1,sd,sd3g.bmp,2,1776,3
3,1,full,full8i.bmp,2,488,8
3,1,sd,sd5e.bmp,2,492,5
3,1,small,small5b.bmp,3,840,5
3,1,full,full1j.bmp,1,5966,1
3,1,full,full5h.bmp,2,1649,5
3,1,sd,sd3d.bmp,2,159,3
3,1,sd,sd1f.bmp,2,688,1
3,1,small,small1d.bmp,3,836,1
3,1,small,small8g.bmp,3,1459,8
3,1,sd,sd1j.bmp,2,6240,1
3,1,sd,sd8c.bmp,3,1056,8
3,1,small,small1h.bmp,3,526,1
3,1,small,small1a.bmp,3,632,1
3,1,small,small8a.bmp,3,559,8
3,1,full,full5i.bmp,2,1208,5
3,1,full,full5a.bmp,2,15718,5
3,1,small,small1c.bmp,1,374,1
3,1,sd,sd3i.bmp,2,2495,3
3,1,small,small1g.bmp,2,3315,1
3,1,full,full8j.bmp,3,6943,8
3,1,small,small5h.bmp,3,2987,5
3,1,sd,sd8a.bmp,3,2204,8
3,1,sd,sd5c.bmp,3,17805,5
3,1,small,small8i.bmp,3,3850,8
3,1,sd,sd3f.bmp,2,1025,3
3,1,small,small3d.bmp,2,1480,3
3,1,small,small3j.bmp,3,243,3
3,1,sd,sd3c.bmp,2,737,3
3,1,full,full3j.bmp,2,924,3
3,1,full,full3c.bmp,2,1374,3
3,1,sd,sd3a.bmp,3,839,3
3,1,full,full1e.bmp,2,797,1
3,1,sd,sd5g.bmp,3,317,5
3,1,sd,sd3h.bmp,2,816,3
3,1,full,full8e.bmp,2,560,8
3,1,full,full5c.bmp,2,353,5
3,1,sd,sd5a.bmp,3,987,5
3,1,small,small8h.bmp,3,3571,8
3,1,small,small3b.bmp,2,3125,3
3,1,sd,sd1e.bmp,2,6464,1
3,1,small,small3i.bmp,2,3768,3
3,1,small,small1i.bmp,2,3322,1
3,1,full,full3d.bmp,2,5630,3
3,1,full,full1d.bmp,1,6605,1
3,1,full,full1a.bmp,2,2230,1
3,1,sd,sd3j.bmp,2,12677,3
3,1,full,full8a.bmp,2,766,8
3,1,small,small5e.bmp,3,695,5
3,1,small,small1b.bmp,3,683,1
3,1,sd,sd5d.bmp,2,440,5
3,1,small,small8b.bmp,3,1582,8
3,1,sd,sd3e.bmp,2,7511,3
3,1,full,full3i.bmp,2,1516,3
3,1,sd,sd1b.bmp,2,1584,1
3,1,sd,sd8f.bmp,2,4033,8
3,1,sd,sd8i.bmp,2,344,8
3,1,small,small8d.bmp,3,330,8
3,1,sd,sd1d.bmp,2,501,1
3,1,small,small5i.bmp,2,9,5
3,1,sd,sd5j.bmp,3,375,5
3,1,sd,sd8d.bmp,2,6055,8
3,1,full,full1g.bmp,2,1158,1
3,1,full,full8h.bmp,4,5472,8
3,1,small,small5f.bmp,3,2038,5
3,1,small,small1j.bmp,2,5900,1
3,1,small,small5g.bmp,3,2138,5
3,1,full,full5g.bmp,2,1740,5
3,1,sd,sd8g.bmp,3,10799,8
3,1,small,small3g.bmp,2,2634,3
3,1,small,small8e.bmp,3,2465,8
3,1,full,full3e.bmp,2,11374,3
3,1,full,full1f.bmp,2,883,1
3,1,sd,sd5b.bmp,3,1519,5
3,1,small,small3c.bmp,2,3747,3
3,1,full,full5f.bmp,2,902,5
3,1,small,small1e.bmp,2,610,1
3,1,full,full3g.bmp,2,593,3
3,1,small,small5j.bmp,3,1089,5
3,1,sd,sd8h.bmp,3,1317,8
3,1,sd,sd1i.bmp,3,353,1
3,1,full,full3f.bmp,2,218,3
3,1,full,full5e.bmp,2,257,5
3,1,full,full3b.bmp,2,439,3
3,1,full,full5j.bmp,2,404,5
3,1,sd,sd3b.bmp,2,460,3
3,1,sd,sd8j.bmp,3,673,8
3,1,small,small3f.bmp,3,454,3
3,1,full,full8f.bmp,2,772,8
3,1,small,small5a.bmp,3,733,5
3,1,full,full3h.bmp,2,696,3
3,1,small,small8a.bmp,3,196,8
3,1,sd,sd3a.bmp,2,555,3
3,1,full,full3j.bmp,3,541,3
3,1,sd,sd8g.bmp,2,631,8
3,1,full,full8h.bmp,3,30644,8
3,1,full,full3e.bmp,2,3300,3
3,1,small,small8f.bmp,2,3513,8
3,1,sd,sd5b.bmp,3,5662,5
3,1,sd,sd3h.bmp,4,324,3
3,1,sd,sd8d.bmp,3,351,8
3,1,full,full1e.bmp,3,633,1
3,1,sd,sd1i.bmp,3,535,1
3,1,sd,sd8f.bmp,4,410,8
3,1,full,full5d.bmp,3,97,5
3,1,sd,sd5a.bmp,3,6388,5
3,1,small,small1d.bmp,1,4422,1
3,1,small,small1i.bmp,1,3046,1
3,1,small,small5c.bmp,2,1596,5
3,1,full,full8c.bmp,3,2205,8
3,1,small,small1a.bmp,2,3684,1
3,1,full,full5j.bmp,2,7514,5
3,1,sd,sd1f.bmp,2,760,1
3,1,full,full8f.bmp,4,1897,8
3,1,sd,sd3b.bmp,3,1589,3
3,1,small,small5d.bmp,3,1581,5
3,1,small,small3j.bmp,2,3174,3
3,1,sd,sd8a.bmp,3,5535,8
3,1,full,full8a.bmp,3,6091,8
3,1,sd,sd1h.bmp,2,689,1
3,1,full,full8d.bmp,2,1445,8
3,1,small,small3c.bmp,3,427,3
3,1,full,full1g.bmp,2,178,1
3,1,full,full1d.bmp,3,114,1
3,1,full,full5b.bmp,2,445,5
3,1,full,full3f.bmp,2,259,3
3,1,small,small3h.bmp,3,568,3
3,1,sd,sd1e.bmp,2,2145,1
3,1,small,small5h.bmp,2,2460,5
3,1,full,full1c.bmp,2,7338,1
3,1,small,small8g.bmp,3,870,8
3,1,small,small8d.bmp,3,1595,8
3,1,sd,sd1j.bmp,2,4931,1
3,1,full,full3b.bmp,2,1431,3
3,1,full,full5h.bmp,2,23885,5
3,1,sd,sd5i.bmp,3,1601,5
3,1,full,full8b.bmp,2,689,8
3,1,full,full3h.bmp,2,1077,3
3,1,small,small8j.bmp,3,4170,8
3,1,small,small5j.bmp,2,2780,5
3,1,small,small8b.bmp,3,133,8
3,1,full,full5a.bmp,2,632,5
3,1,full,full1i.bmp,2,614,1
3,1,small,small3d.bmp,3,661,3
3,1,sd,sd5g.bmp,2,555,5
3,1,sd,sd5e.bmp,3,221,5
3,1,small,small5i.bmp,3,308,5
3,1,small,small8e.bmp,3,303,8
3,1,small,small1c.bmp,3,523,1
3,1,full,full1b.bmp,3,117,1
3,1,small,small3e.bmp,3,144,3
3,1,sd,sd8e.bmp,3,290,8
3,1,full,full5c.bmp,3,86,5
3,1,small,small8h.bmp,3,201,8
3,1,sd,sd5f.bmp,2,905,5
3,1,small,small8c.bmp,3,1644,8
3,1,small,small5e.bmp,3,29130,5
3,1,small,small1j.bmp,2,1526,1
3,1,small,small1f.bmp,2,3961,1
3,1,full,full5g.bmp,2,852,5
3,1,sd,sd3f.bmp,3,2026,3
3,1,full,full3d.bmp,2,1897,3
3,1,full,full5e.bmp,2,1797,5
3,1,small,small3f.bmp,2,1844,3
3,1,sd,sd8c.bmp,3,15539,8
3,1,full,full1h.bmp,2,1626,1
3,1,small,small5f.bmp,3,1729,5
3,1,sd,sd1c.bmp,2,4020,1
3,1,small,small3g.bmp,2,1500,3
3,1,small,small5g.bmp,3,5904,5
3,1,full,full3i.bmp,2,1117,3
3,1,full,full1j.bmp,2,601,1
3,1,full,full3c.bmp,2,457,3
3,1,sd,sd1a.bmp,2,190,1
3,1,sd,sd5h.bmp,3,165,5
3,1,small,small3i.bmp,3,399,3
3,1,small,small5a.bmp,3,350,5
3,1,sd,sd8h.bmp,3,248,8
3,1,small,small3b.bmp,3,262,3
3,1,small,small1g.bmp,2,147,1
3,1,full,full8e.bmp,2,637,8
3,1,small,small1h.bmp,2,2586,1
3,1,full,full8i.bmp,3,6732,8
3,1,sd,sd1g.bmp,2,5440,1
3,1,sd,sd1d.bmp,2,768,1
3,1,full,full8g.bmp,2,521,8
3,1,sd,sd8b.bmp,3,2580,8
3,1,sd,sd5c.bmp,3,1406,5
3,1,full,full5f.bmp,2,1253,5
3,1,small,small5b.bmp,3,5891,5
3,1,small,small1e.bmp,2,1713,1
3,1,sd,sd8j.bmp,3,1973,8
3,1,sd,sd3c.bmp,3,1382,3
3,1,full,full1f.bmp,2,1847,1
3,1,full,full5i.bmp,2,2861,5
3,1,full,full8j.bmp,3,5346,8
3,1,full,full3a.bmp,2,2117,3
3,1,small,small1b.bmp,2,4073,1
3,1,small,small3a.bmp,2,2759,3
3,1,sd,sd1b.bmp,2,353,1
3,1,sd,sd3g.bmp,2,707,3
3,1,sd,sd3i.bmp,2,2238,3
3,1,sd,sd5j.bmp,3,1949,5
3,1,full,full1a.bmp,2,1119,1
3,1,sd,sd5d.bmp,2,4027,5
3,1,sd,sd3d.bmp,2,3731,3
3,1,sd,sd8i.bmp,3,8902,8
3,1,full,full3g.bmp,2,1829,3
3,1,small,small8i.bmp,3,21587,8
3,1,sd,sd3e.bmp,3,11298,3
3,1,sd,sd3j.bmp,2,3346,3
4,1,small,small5j.bmp,4,9537,5
4,1,sd,sd5d.bmp,3,7151,5
4,1,full,full5d.bmp,2,3152,5
4,1,small,small8j.bmp,4,3330,8
4,1,small,small1c.bmp,3,3902,1
4,1,small,small3f.bmp,4,3003,3
4,1,full,full1f.bmp,1,2479,1
4,1,sd,sd8h.bmp,3,3089,8
4,1,full,full5f.bmp,2,3406,5
4,1,full,full5j.bmp,2,2085,5
4,1,small,small3i.bmp,4,2572,3
4,1,sd,sd1d.bmp,2,4768,1
4,1,small,small3d.bmp,4,1773,3
4,1,small,small3j.bmp,4,3132,3
4,1,sd,sd3b.bmp,2,4777,3
4,1,full,full1i.bmp,1,2197,1
4,1,small,small1h.bmp,3,3054,1
4,1,small,small3a.bmp,4,1690,3
4,1,full,full5i.bmp,2,5127,5
4,1,full,full3b.bmp,2,1952,3
4,1,full,full5h.bmp,2,2132,5
4,1,full,full8f.bmp,2,1781,8
4,1,full,full1c.bmp,1,1859,1
4,1,full,full8i.bmp,2,1279,8
4,1,full,full1j.bmp,1,4032,1
4,1,sd,sd1g.bmp,2,1763,1
4,1,sd,sd1f.bmp,2,1787,1
4,1,sd,sd1b.bmp,2,1262,1
4,1,full,full1b.bmp,1,1401,1
4,1,sd,sd8d.bmp,3,2298,8
4,1,small,small8h.bmp,4,1739,8
4,1,small,small1a.bmp,4,2756,1
4,1,small,small5c.bmp,4,1138,5
4,1,small,small8a.bmp,4,639,8
4,1,small,small8g.bmp,4,941,8
4,1,small,small3h.bmp,4,1702,3
4,1,small,small5e.bmp,4,1084,5
4,1,full,full1g.bmp,1,1767,1
4,1,full,full5g.bmp,2,1658,5
4,1,sd,sd8c.bmp,3,1524,8
4,1,full,full1a.bmp,1,1347,1
4,1,full,full1d.bmp,1,684,1
4,1,small,small5h.bmp,4,1056,5
4,1,full,full3g.bmp,1,4708,3
4,1,sd,sd5e.bmp,3,2267,5
4,1,full,full8h.bmp,2,2709,8
4,1,full,full8j.bmp,2,1430,8
4,1,small,small5d.bmp,4,1885,5
4,1,sd,sd1i.bmp,2,3080,1
4,1,sd,sd8j.bmp,3,2161,8
4,1,full,full8g.bmp,2,2684,8
4,1,sd,sd3d.bmp,2,1241,3
4,1,full,full1e.bmp,1,981,1
4,1,sd,sd1e.bmp,2,989,1
4,1,full,full8a.bmp,2,1566,8
4,1,sd,sd5g.bmp,3,2431,5
4,1,small,small5f.bmp,4,2425,5
4,1,sd,sd8b.bmp,3,2439,8
4,1,small,small5a.bmp,4,1373,5
4,1,sd,sd1a.bmp,2,2585,1
4,1,full,full3j.bmp,1,1564,3
4,1,small,small1g.bmp,3,1759,1
4,1,full,full8d.bmp,2,1385,8
4,1,full,full3d.bmp,1,826,3
4,1,sd,sd3j.bmp,2,1437,3
4,1,sd,sd5h.bmp,3,1147,5
4,1,small,small5i.bmp,4,1147,5
4,1,small,small3e.bmp,4,1490,3
4,1,small,small1e.bmp,4,774,1
4,1,full,full1h.bmp,1,838,1
4,1,sd,sd8e.bmp,3,1420,8
4,1,sd,sd5f.bmp,3,2116,5
4,1,small,small5b.bmp,4,900,5
4,1,full,full3e.bmp,1,1728,3
4,1,sd,sd3h.bmp,2,1386,3
4,1,sd,sd8a.bmp,3,955,8
4,1,sd,sd3c.bmp,2,1039,3
4,1,full,full8e.bmp,2,1999,8
4,1,full,full3i.bmp,1,1645,3
4,1,full,full3c.bmp,1,2778,3
4,1,sd,sd5i.bmp,3,914,5
4,1,full,full8c.bmp,2,1118,8
4,1,small,small3b.bmp,4,1139,3
4,1,sd,sd1h.bmp,2,2778,1
4,1,full,full3h.bmp,1,883,3
4,1,small,small1j.bmp,3,1412,1
4,1,sd,sd5a.bmp,3,736,5
4,1,small,small1b.bmp,4,979,1
4,1,sd,sd3f.bmp,2,3498,3
4,1,full,full8b.bmp,2,997,8
4,1,full,full5c.bmp,2,1190,5
4,1,small,small5g.bmp,4,947,5
4,1,small,small8d.bmp,4,610,8
4,1,sd,sd3i.bmp,3,2791,3
4,1,small,small8f.bmp,4,697,8
4,1,small,small8i.bmp,4,871,8
4,1,sd,sd3e.bmp,2,1555,3
4,1,small,small8e.bmp,4,1118,8
4,1,small,small1i.bmp,3,1399,1
4,1,small,small1d.bmp,3,529,1
4,1,full,full3f.bmp,1,1630,3
4,1,sd,sd8f.bmp,3,985,8
4,1,full,full5b.bmp,2,1491,5
4,1,sd,sd5c.bmp,3,851,5
4,1,full,full5a.bmp,2,1559,5
4,1,sd,sd3g.bmp,2,706,3
4,1,full,full5e.bmp,2,1068,5
4,1,small,small8c.bmp,4,1063,8
4,1,small,small3g.bmp,4,808,3
4,1,sd,sd1c.bmp,2,1045,1
4,1,sd,sd5j.bmp,3,794,5
4,1,full,full3a.bmp,2,9323,3
4,1,sd,sd8g.bmp,3,1088,8
4,1,small,small3c.bmp,4,1766,3
4,1,sd,sd1j.bmp,2,2120,1
4,1,sd,sd3a.bmp,2,994,3
4,1,small,small8b.bmp,4,856,8
4,1,sd,sd8i.bmp,3,815,8
4,1,sd,sd5b.bmp,3,2933,5
4,1,small,small1f.bmp,3,761,1
4,1,sd,sd1b.bmp,2,1083,1
4,1,sd,sd3e.bmp,2,662,3
4,1,sd,sd8c.bmp,3,1734,8
4,1,sd,sd3h.bmp,2,766,3
4,1,full,full3b.bmp,2,837,3
4,1,full,full1b.bmp,1,986,1
4,1,small,small1a.bmp,3,1697,1
4,1,sd,sd3d.bmp,2,1390,3
4,1,small,small3j.bmp,4,850,3
4,1,small,small3i.bmp,4,1015,3
4,1,small,small1j.bmp,3,1122,1
4,1,sd,sd1e.bmp,2,1488,1
4,1,small,small3d.bmp,3,1619,3
4,1,sd,sd1a.bmp,2,1612,1
4,1,small,small5i.bmp,4,965,5
4,1,sd,sd5g.bmp,3,1344,5
4,1,sd,sd1g.bmp,2,829,1
4,1,small,small5h.bmp,4,1012,5
4,1,full,full3a.bmp,1,1510,3
4,1,sd,sd5j.bmp,3,1437,5
4,1,full,full3i.bmp,2,1145,3
4,1,sd,sd5f.bmp,3,4722,5
4,1,small,small5f.bmp,4,1541,5
4,1,small,small8c.bmp,4,920,8
4,1,full,full1h.bmp,1,960,1
4,1,sd,sd3b.bmp,2,720,3
4,1,full,full8g.bmp,2,671,8
4,1,full,full5i.bmp,2,541,5
4,1,full,full8d.bmp,2,569,8
4,1,small,small3a.bmp,4,892,3
4,1,small,small1g.bmp,3,1211,1
4,1,sd,sd5i.bmp,3,857,5
4,1,full,full3f.bmp,2,2564,3
4,1,sd,sd1i.bmp,2,735,1
4,1,sd,sd3j.bmp,2,1016,3
4,1,small,small8i.bmp,4,1163,8
4,1,sd,sd3i.bmp,3,2496,3
4,1,full,full8a.bmp,2,1201,8
4,1,sd,sd8b.bmp,3,1711,8
4,1,sd,sd8h.bmp,3,1242,8
4,1,full,full5g.bmp,2,1685,5
4,1,small,small3c.bmp,4,1272,3
4,1,full,full8c.bmp,2,5456,8
4,1,small,small8j.bmp,4,868,8
4,1,full,full1f.bmp,1,1331,1
4,1,small,small5c.bmp,4,861,5
4,1,sd,sd1j.bmp,2,6483,1
4,1,sd,sd5b.bmp,3,2901,5
4,1,sd,sd5e.bmp,3,2632,5
4,1,small,small8f.bmp,4,882,8
4,1,sd,sd8f.bmp,3,1735,8
4,1,small,small3h.bmp,4,2814,3
4,1,sd,sd3f.bmp,2,2670,3
4,1,small,small1f.bmp,3,746,1
4,1,full,full3j.bmp,1,864,3
4,1,small,small1c.bmp,3,1274,1
4,1,full,full1d.bmp,1,464,1
4,1,full,full1c.bmp,1,653,1
4,1,small,small5d.bmp,4,948,5
4,1,small,small3b.bmp,4,917,3
4,1,full,full3e.bmp,1,1967,3
4,1,small,small1b.bmp,3,958,1
4,1,small,small8a.bmp,4,987,8
4,1,small,small1h.bmp,3,2240,1
4,1,small,small5j.bmp,4,2877,5
4,1,full,full5b.bmp,2,1080,5
4,1,sd,sd8i.bmp,3,939,8
4,1,small,small8e.bmp,4,798,8
4,1,full,full1i.bmp,1,1250,1
4,1,sd,sd8g.bmp,3,2729,8
4,1,sd,sd1h.bmp,2,1526,1
4,1,sd,sd8a.bmp,3,2147,8
4,1,full,full5e.bmp,2,1076,5
4,1,full,full3g.bmp,2,880,3
4,1,small,small1e.bmp,3,1745,1
4,1,full,full8b.bmp,2,912,8
4,1,full,full5d.bmp,2,931,5
4,1,full,full8j.bmp,2,774,8
4,1,full,full5h.bmp,2,722,5
4,1,sd,sd1d.bmp,2,794,1
4,1,sd,sd5a.bmp,3,966,5
4,1,sd,sd5h.bmp,3,628,5
4,1,full,full1e.bmp,2,1045,1
4,1,small,small5g.bmp,4,1141,5
4,1,small,small3f.bmp,4,5630,3
4,1,small,small8h.bmp,4,922,8
4,1,full,full1a.bmp,1,4562,1
4,1,full,full5a.bmp,2,1251,5
4,1,sd,sd8e.bmp,3,12000,8
4,1,sd,sd3c.bmp,3,1355,3
4,1,sd,sd3g.bmp,2,1249,3
4,1,full,full3h.bmp,2,6623,3
4,1,small,small8b.bmp,4,1564,8
4,1,full,full8e.bmp,2,1200,8
4,1,full,full3d.bmp,2,634,3
4,1,small,small3e.bmp,4,1535,3
4,1,full,full1g.bmp,1,2137,1
4,1,full,full3c.bmp,2,1999,3
4,1,sd,sd8j.bmp,3,4940,8
4,1,full,full8f.bmp,2,1294,8
4,1,full,full1j.bmp,1,2429,1
4,1,full,full8i.bmp,2,1400,8
4,1,small,small1d.bmp,3,1325,1
4,1,sd,sd5d.bmp,3,2954,5
4,1,sd,sd8d.bmp,3,627,8
4,1,full,full8h.bmp,2,1250,8
4,1,full,full5f.bmp,2,1801,5
4,1,full,full5j.bmp,2,1150,5
4,1,small,small5a.bmp,4,1034,5
4,1,small,small3g.bmp,4,1185,3
4,1,sd,sd3a.bmp,2,1883,3
4,1,full,full5c.bmp,2,970,5
4,1,sd,sd5c.bmp,3,1461,5
4,1,small,small5e.bmp,4,786,5
4,1,small,small8d.bmp,4,785,8
4,1,sd,sd1c.bmp,2,1555,1
4,1,sd,sd1f.bmp,2,831,1
4,1,small,small8g.bmp,4,1208,8
4,1,small,small5b.bmp,4,924,5
4,1,small,small1i.bmp,3,1240,1
4,1,sd,sd1c.bmp,2,1962,1
4,1,sd,sd3f.bmp,2,557,3
4,1,full,full8g.bmp,2,877,8
4,1,small,small8g.bmp,4,1259,8
4,1,full,full1j.bmp,1,1651,1
4,1,full,full3h.bmp,1,1435,3
4,1,small,small1b.bmp,3,1359,1
4,1,sd,sd5h.bmp,3,1149,5
4,1,full,full5f.bmp,2,1240,5
4,1,full,full5e.bmp,2,661,5
4,1,sd,sd1h.bmp,2,809,1
4,1,small,small1i.bmp,3,1050,1
4,1,small,small1d.bmp,3,506,1
4,1,full,full8b.bmp,2,1411,8
4,1,sd,sd5a.bmp,3,966,5
4,1,full,full8f.bmp,2,1681,8
4,1,full,full8d.bmp,2,664,8
4,1,small,small8e.bmp,4,949,8
4,1,sd,sd5i.bmp,3,920,5
4,1,small,small8c.bmp,4,876,8
4,1,full,full8e.bmp,2,1307,8
4,1,full,full1c.bmp,1,829,1
4,1,full,full3d.bmp,2,1215,3
4,1,full,full1e.bmp,1,893,1
4,1,small,small5e.bmp,4,1000,5
4,1,full,full1d.bmp,1,976,1
4,1,sd,sd8c.bmp,3,2146,8
4,1,full,full5j.bmp,2,1248,5
4,1,full,full1g.bmp,1,851,1
4,1,sd,sd1g.bmp,2,1147,1
4,1,sd,sd3c.bmp,3,794,3
4,1,sd,sd8h.bmp,3,505,8
4,1,full,full5g.bmp,2,811,5
4,1,small,small3d.bmp,4,875,3
4,1,small,small1a.bmp,4,811,1
4,1,full,full5c.bmp,2,1008,5
4,1,small,small1h.bmp,3,1014,1
4,1,small,small8d.bmp,4,925,8
4,1,small,small5h.bmp,4,1205,5
4,1,full,full1a.bmp,1,3014,1
4,1,sd,sd1f.bmp,2,1243,1
4,1,small,small1g.bmp,3,4891,1
4,1,full,full5b.bmp,2,2358,5
4,1,full,full8j.bmp,2,861,8
4,1,sd,sd8d.bmp,3,996,8
4,1,small,small5j.bmp,4,1250,5
4,1,sd,sd3h.bmp,2,1404,3
4,1,full,full5h.bmp,2,1057,5
4,1,small,small8i.bmp,4,925,8
4,1,small,small3h.bmp,3,3693,3
4,1,sd,sd5b.bmp,3,1360,5
4,1,full,full1b.bmp,1,1096,1
4,1,sd,sd8j.bmp,3,1001,8
4,1,full,full5d.bmp,2,918,5
4,1,sd,sd1d.bmp,2,716,1
4,1,full,full1i.bmp,1,1304,1
4,1,sd,sd3g.bmp,2,1159,3
4,1,sd,sd8e.bmp,3,2070,8
4,1,sd,sd3e.bmp,2,1638,3
4,1,full,full3g.bmp,2,13929,3
4,1,full,full8c.bmp,2,513,8
4,1,full,full3i.bmp,2,1285,3
4,1,small,small8h.bmp,4,1203,8
4,1,full,full3e.bmp,2,1367,3
4,1,small,small3f.bmp,4,2835,3
4,1,sd,sd5d.bmp,3,1291,5
4,1,sd,sd5f.bmp,3,648,5
4,1,sd,sd5j.bmp,3,620,5
4,1,full,full3c.bmp,2,4316,3
4,1,small,small3b.bmp,4,909,3
4,1,small,small5d.bmp,4,657,5
4,1,small,small3e.bmp,4,746,3
4,1,small,small8b.bmp,4,576,8
4,1,full,full3a.bmp,2,3720,3
4,1,full,full3j.bmp,2,753,3
4,1,sd,sd8b.bmp,3,807,8
4,1,small,small1c.bmp,3,652,1
4,1,small,small1f.bmp,3,627,1
4,1,small,small3i.bmp,4,871,3
4,1,sd,sd1j.bmp,2,1026,1
4,1,small,small8j.bmp,4,1011,8
4,1,small,small5f.bmp,4,581,5
4,1,sd,sd3d.bmp,2,837,3
4,1,sd,sd5c.bmp,3,1113,5
4,1,sd,sd1a.bmp,2,1188,1
4,1,small,small5b.bmp,4,693,5
4,1,small,small1e.bmp,3,919,1
4,1,small,small5g.bmp,4,722,5
4,1,full,full8a.bmp,2,1385,8
4,1,small,small3g.bmp,4,684,3
4,1,sd,sd5e.bmp,3,1830,5
4,1,small,small3c.bmp,4,807,3
4,1,small,small8f.bmp,4,755,8
4,1,sd,sd3a.bmp,3,3440,3
4,1,small,small5a.bmp,4,809,5
4,1,sd,sd1i.bmp,2,1110,1
4,1,full,full1h.bmp,1,1527,1
4,1,sd,sd5g.bmp,3,1710,5
4,1,sd,sd8a.bmp,4,1738,8
4,1,sd,sd8g.bmp,4,2342,8
4,1,full,full8h.bmp,2,1142,8
4,1,sd,sd8i.bmp,2,3737,8
4,1,full,full5i.bmp,2,4144,5
4,1,small,small3j.bmp,4,1183,3
4,1,small,small1j.bmp,3,5384,1
4,1,sd,sd3j.bmp,2,2028,3
4,1,full,full3f.bmp,1,1153,3
4,1,small,small8a.bmp,4,1107,8
4,1,full,full1f.bmp,1,2125,1
4,1,full,full5a.bmp,2,1351,5
4,1,full,full8i.bmp,2,615,8
4,1,sd,sd1e.bmp,2,587,1
4,1,sd,sd8f.bmp,3,714,8
4,1,small,small5i.bmp,4,825,5
4,1,sd,sd3i.bmp,3,1805,3
4,1,sd,sd3b.bmp,3,513,3
4,1,full,full3b.bmp,2,808,3
4,1,sd,sd1b.bmp,2,567,1
4,1,small,small5c.bmp,4,807,5
4,1,small,small3a.bmp,4,768,3
4,1,sd,sd3d.bmp,2,1038,3
4,1,sd,sd3g.bmp,2,602,3
4,1,full,full1c.bmp,1,824,1
4,1,small,small1d.bmp,4,839,1
4,1,sd,sd5a.bmp,2,1354,5
4,1,sd,sd8a.bmp,4,1578,8
4,1,sd,sd8j.bmp,4,944,8
4,1,full,full3a.bmp,2,1049,3
4,1,sd,sd5f.bmp,3,1448,5
4,1,sd,sd8c.bmp,4,2127,8
4,1,full,full1g.bmp,1,1114,1
4,1,small,small8f.bmp,4,1007,8
4,1,small,small1c.bmp,3,1151,1
4,1,sd,sd1a.bmp,2,1192,1
4,1,small,small1j.bmp,3,1004,1
4,1,full,full3d.bmp,2,1035,3
4,1,small,small1i.bmp,3,1421,1
4,1,full,full1i.bmp,1,769,1
4,1,small,small3h.bmp,4,1352,3
4,1,full,full3b.bmp,2,1229,3
4,1,small,small3f.bmp,3,770,3
4,1,sd,sd3b.bmp,2,1413,3
4,1,sd,sd3a.bmp,2,683,3
4,1,full,full3e.bmp,2,1386,3
4,1,small,small3d.bmp,4,798,3
4,1,sd,sd1e.bmp,2,1055,1
4,1,full,full5c.bmp,2,757,5
4,1,small,small3i.bmp,4,775,3
4,1,sd,sd1f.bmp,2,890,1
4,1,full,full3f.bmp,2,1123,3
4,1,small,small5i.bmp,4,751,5
4,1,full,full1h.bmp,1,935,1
4,1,small,small5h.bmp,4,733,5
4,1,sd,sd3j.bmp,2,611,3
4,1,full,full5j.bmp,2,614,5
4,1,sd,sd5g.bmp,3,1409,5
4,1,small,small8g.bmp,4,762,8
4,1,small,small3j.bmp,4,1287,3
4,1,sd,sd5b.bmp,2,6211,5
4,1,small,small1h.bmp,2,1480,1
4,1,small,small3b.bmp,4,773,3
4,1,full,full8j.bmp,2,785,8
4,1,full,full5i.bmp,2,1172,5
4,1,small,small5b.bmp,4,746,5
4,1,small,small5f.bmp,4,1080,5
4,1,sd,sd5j.bmp,3,1042,5
4,1,full,full8h.bmp,2,728,8
4,1,sd,sd3f.bmp,2,1671,3
4,1,full,full1a.bmp,1,2221,1
4,1,sd,sd5i.bmp,3,2087,5
4,1,small,small1f.bmp,3,632,1
4,1,full,full1d.bmp,1,1030,1
4,1,full,full8a.bmp,2,816,8
4,1,sd,sd1i.bmp,2,688,1
4,1,small,small5j.bmp,4,1053,5
4,1,small,small3c.bmp,4,631,3
4,1,sd,sd8i.bmp,3,1491,8
4,1,sd,sd8h.bmp,3,547,8
4,1,full,full5e.bmp,2,966,5
4,1,small,small5d.bmp,4,1021,5
4,1,small,small8h.bmp,4,1086,8
4,1,small,small1b.bmp,3,1296,1
4,1,sd,sd8d.bmp,3,991,8
4,1,small,small8a.bmp,4,670,8
4,1,small,small8i.bmp,4,534,8
4,1,sd,sd5d.bmp,2,751,5
4,1,full,full1e.bmp,1,1126,1
4,1,full,full3j.bmp,1,1034,3
4,1,small,small8b.bmp,4,689,8
4,1,small,small3e.bmp,4,1146,3
4,1,full,full5f.bmp,2,1204,5
4,1,full,full8d.bmp,2,703,8
4,1,sd,sd1c.bmp,2,736,1
4,1,sd,sd3e.bmp,2,611,3
4,1,small,small1g.bmp,3,792,1
4,1,full,full1f.bmp,1,1051,1
4,1,full,full5d.bmp,2,1377,5
4,1,small,small1e.bmp,3,798,1
4,1,full,full8g.bmp,2,860,8
4,1,sd,sd1d.bmp,2,1131,1
4,1,sd,sd8f.bmp,3,2225,8
4,1,full,full5a.bmp,2,802,5
4,1,small,small5c.bmp,4,798,5
4,1,sd,sd5h.bmp,2,1445,5
4,1,sd,sd3i.bmp,3,1328,3
4,1,sd,sd8g.bmp,4,1394,8
4,1,full,full1j.bmp,1,849,1
4,1,small,small5a.bmp,4,667,5
4,1,small,small5e.bmp,4,549,5
4,1,small,small8e.bmp,4,441,8
4,1,full,full3h.bmp,1,1065,3
4,1,full,full8b.bmp,2,739,8
4,1,small,small3a.bmp,4,1397,3
4,1,sd,sd1j.bmp,2,970,1
4,1,full,full8i.bmp,2,743,8
4,1,sd,sd5c.bmp,3,1308,5
4,1,full,full5g.bmp,2,781,5
4,1,small,small8c.bmp,4,770,8
4,1,sd,sd1g.bmp,2,1606,1
4,1,small,small8j.bmp,4,825,8
4,1,sd,sd3h.bmp,2,745,3
4,1,full,full3g.bmp,2,990,3
4,1,small,small8d.bmp,4,759,8
4,1,sd,sd8e.bmp,3,937,8
4,1,full,full5b.bmp,2,1286,5
4,1,sd,sd1b.bmp,2,1098,1
4,1,full,full3c.bmp,2,1048,3
4,1,full,full8e.bmp,2,587,8
4,1,sd,sd3c.bmp,2,584,3
4,1,full,full8f.bmp,2,504,8
4,1,small,small5g.bmp,4,971,5
4,1,small,small3g.bmp,4,703,3
4,1,small,small1a.bmp,4,3430,1
4,1,full,full3i.bmp,2,1149,3
4,1,full,full1b.bmp,1,1443,1
4,1,full,full5h.bmp,2,610,5
4,1,full,full8c.bmp,2,425,8
4,1,sd,sd8b.bmp,3,1167,8
4,1,sd,sd5e.bmp,3,487,5
4,1,sd,sd1h.bmp,2,976,1
5,1,full,full3h.bmp,2,6198,3
5,1,small,small5e.bmp,4,4171,5
5,1,sd,sd8c.bmp,3,7284,8
5,1,small,small8d.bmp,2,7529,8
5,1,full,full1g.bmp,1,5610,1
5,1,small,small5a.bmp,4,2865,5
5,1,small,small8j.bmp,4,3935,8
5,1,small,small8h.bmp,4,1206,8
5,1,sd,sd8d.bmp,3,1891,8
5,1,full,full8c.bmp,2,1715,8
5,1,sd,sd5i.bmp,3,2851,5
5,1,full,full3e.bmp,1,6146,3
5,1,small,small5d.bmp,4,4349,5
5,1,small,small1d.bmp,3,2279,1
5,1,sd,sd3c.bmp,2,1859,3
5,1,full,full3f.bmp,1,1761,3
5,1,sd,sd1j.bmp,2,1442,1
5,1,sd,sd5c.bmp,3,2863,5
5,1,full,full8i.bmp,2,1925,8
5,1,small,small1b.bmp,3,2008,1
5,1,small,small1a.bmp,3,1335,1
5,1,small,small3c.bmp,4,1370,3
5,1,sd,sd1c.bmp,1,3013,1
5,1,sd,sd8b.bmp,4,5935,8
5,1,full,full1j.bmp,1,3058,1
5,1,sd,sd1h.bmp,1,1571,1
5,1,full,full8e.bmp,2,2265,8
5,1,small,small5g.bmp,4,2130,5
5,1,sd,sd3f.bmp,2,2278,3
5,1,sd,sd5b.bmp,3,1359,5
5,1,full,full5a.bmp,2,1411,5
5,1,full,full5d.bmp,2,944,5
5,1,full,full5j.bmp,2,862,5
5,1,sd,sd8j.bmp,4,2047,8
5,1,small,small5b.bmp,4,995,5
5,1,full,full1f.bmp,1,1679,1
5,1,sd,sd3j.bmp,2,1241,3
5,1,sd,sd1g.bmp,1,1118,1
5,1,full,full8a.bmp,2,2264,8
5,1,sd,sd3b.bmp,2,2445,3
5,1,small,small1e.bmp,3,1448,1
5,1,sd,sd5f.bmp,3,758,5
5,1,full,full5f.bmp,1,2090,5
5,1,sd,sd8a.bmp,4,2626,8
5,1,small,small3d.bmp,4,651,3
5,1,small,small3h.bmp,4,516,3
5,1,full,full8f.bmp,2,1485,8
5,1,small,small5c.bmp,4,1796,5
5,1,small,small3a.bmp,4,1089,3
5,1,sd,sd1d.bmp,1,1181,1
5,1,full,full8b.bmp,2,1501,8
5,1,full,full3c.bmp,1,1338,3
5,1,sd,sd1i.bmp,1,925,1
5,1,small,small3g.bmp,4,1345,3
5,1,full,full3j.bmp,1,1563,3
5,1,full,full8j.bmp,1,909,8
5,1,full,full8d.bmp,1,595,8
5,1,sd,sd3e.bmp,2,1373,3
5,1,small,small8b.bmp,4,1135,8
5,1,full,full5g.bmp,1,2297,5
5,1,small,small1c.bmp,3,2209,1
5,1,small,small3j.bmp,4,916,3
5,1,full,full5h.bmp,2,2039,5
5,1,sd,sd3g.bmp,2,1080,3
5,1,full,full3g.bmp,1,1424,3
5,1,sd,sd3d.bmp,2,937,3
5,1,sd,sd8e.bmp,3,1240,8
5,1,sd,sd8g.bmp,3,943,8
5,1,sd,sd8f.bmp,3,374,8
5,1,small,small1h.bmp,3,632,1
5,1,small,small5h.bmp,4,927,5
5,1,full,full1e.bmp,1,1200,1
5,1,small,small3b.bmp,4,1431,3
5,1,small,small8i.bmp,4,1674,8
5,1,sd,sd1f.bmp,2,1841,1
5,1,sd,sd3h.bmp,2,1603,3
5,1,small,small1f.bmp,3,1544,1
5,1,sd,sd5h.bmp,3,566,5
5,1,sd,sd3a.bmp,2,1942,3
5,1,full,full3a.bmp,2,1989,3
5,1,small,small8c.bmp,4,1752,8
5,1,full,full5c.bmp,2,2258,5
5,1,sd,sd5e.bmp,3,1855,5
5,1,full,full3d.bmp,2,2415,3
5,1,full,full8g.bmp,2,1169,8
5,1,sd,sd5g.bmp,3,1733,5
5,1,sd,sd1b.bmp,2,1647,1
5,1,small,small1i.bmp,3,1310,1
5,1,full,full8h.bmp,2,6327,8
5,1,full,full1c.bmp,1,1448,1
5,1,sd,sd1e.bmp,2,1485,1
5,1,small,small1g.bmp,3,855,1
5,1,small,small8f.bmp,4,985,8
5,1,sd,sd3i.bmp,3,1788,3
5,1,small,small8a.bmp,4,897,8
5,1,full,full3i.bmp,2,2235,3
5,1,sd,sd5a.bmp,3,1339,5
5,1,full,full5e.bmp,3,580,5
5,1,small,small3f.bmp,4,1570,3
5,1,full,full5i.bmp,2,1159,5
5,1,full,full1b.bmp,1,1544,1
5,1,small,small3e.bmp,4,1396,3
5,1,sd,sd8i.bmp,4,3981,8
5,1,small,small5i.bmp,4,509,5
5,1,full,full1a.bmp,2,1295,1
5,1,full,full5b.bmp,2,863,5
5,1,small,small5j.bmp,4,716,5
5,1,full,full3b.bmp,2,1128,3
5,1,small,small8e.bmp,4,720,8
5,1,small,small1j.bmp,3,937,1
5,1,full,full1i.bmp,1,1815,1
5,1,small,small8g.bmp,4,1209,8
5,1,full,full1d.bmp,1,1416,1
5,1,sd,sd5d.bmp,3,8019,5
5,1,small,small5f.bmp,4,1412,5
5,1,sd,sd5j.bmp,3,3435,5
5,1,full,full1h.bmp,1,1694,1
5,1,small,small3i.bmp,4,1065,3
5,1,sd,sd8h.bmp,3,9870,8
5,1,sd,sd1a.bmp,2,1310,1
5,1,full,full8d.bmp,2,923,8
5,1,sd,sd1a.bmp,2,623,1
5,1,small,small1f.bmp,3,902,1
5,1,full,full5i.bmp,2,848,5
5,1,full,full5h.bmp,2,667,5
5,1,small,small5f.bmp,4,1361,5
5,1,sd,sd3b.bmp,3,923,3
5,1,sd,sd1d.bmp,2,1202,1
5,1,full,full3b.bmp,2,876,3
5,1,sd,sd8a.bmp,3,1356,8
5,1,full,full3h.bmp,1,1713,3
5,1,small,small1a.bmp,3,3381,1
5,1,sd,sd8f.bmp,3,2454,8
5,1,full,full8e.bmp,2,1026,8
5,1,full,full1c.bmp,1,1057,1
5,1,sd,sd8g.bmp,3,1371,8
5,1,sd,sd5f.bmp,3,657,5
5,1,small,small3e.bmp,2,4819,3
5,1,small,small5c.bmp,2,714,5
5,1,small,small1h.bmp,3,1078,1
5,1,full,full8b.bmp,2,911,8
5,1,full,full1i.bmp,1,917,1
5,1,full,full5e.bmp,2,1256,5
5,1,small,small1i.bmp,3,2507,1
5,1,full,full3i.bmp,2,1611,3
5,1,small,small3a.bmp,4,2177,3
5,1,full,full8i.bmp,2,1943,8
5,1,sd,sd5g.bmp,2,1886,5
5,1,sd,sd1i.bmp,2,1440,1
5,1,small,small3j.bmp,4,1150,3
5,1,sd,sd3d.bmp,2,2170,3
5,1,sd,sd3i.bmp,2,471,3
5,1,full,full3f.bmp,2,1403,3
5,1,full,full5g.bmp,2,803,5
5,1,full,full3e.bmp,2,631,3
5,1,small,small3f.bmp,4,1916,3
5,1,small,small5d.bmp,4,480,5
5,1,sd,sd8e.bmp,4,558,8
5,1,small,small8f.bmp,4,599,8
5,1,full,full1j.bmp,1,1555,1
5,1,full,full3g.bmp,2,1418,3
5,1,full,full5j.bmp,2,1588,5
5,1,sd,sd1b.bmp,2,1099,1
5,1,sd,sd3c.bmp,2,529,3
5,1,full,full1a.bmp,1,1405,1
5,1,full,full1f.bmp,1,568,1
5,1,sd,sd1e.bmp,2,1044,1
5,1,small,small8a.bmp,4,1269,8
5,1,sd,sd1g.bmp,2,1306,1
5,1,small,small8g.bmp,4,2747,8
5,1,full,full8g.bmp,2,9188,8
5,1,full,full5c.bmp,2,885,5
5,1,small,small5b.bmp,4,1151,5
5,1,sd,sd3e.bmp,3,1063,3
5,1,sd,sd5i.bmp,3,874,5
5,1,full,full8j.bmp,2,1476,8
5,1,sd,sd3h.bmp,2,562,3
5,1,sd,sd8c.bmp,3,985,8
5,1,full,full5f.bmp,2,1468,5
5,1,small,small8i.bmp,4,1050,8
5,1,sd,sd1f.bmp,2,3260,1
5,1,small,small1b.bmp,4,5981,1
5,1,sd,sd5d.bmp,3,865,5
5,1,full,full1b.bmp,2,4316,1
5,1,full,full1h.bmp,2,1647,1
5,1,sd,sd3a.bmp,2,1713,3
5,1,sd,sd5j.bmp,3,956,5
5,1,full,full5a.bmp,2,1170,5
5,1,full,full3c.bmp,2,963,3
5,1,full,full3j.bmp,2,1615,3
5,1,small,small3b.bmp,4,2348,3
5,1,sd,sd8b.bmp,4,541,8
5,1,full,full1g.bmp,2,1637,1
5,1,small,small3c.bmp,4,3918,3
5,1,small,small8d.bmp,4,752,8
5,1,sd,sd5c.bmp,3,1179,5
5,1,small,small1c.bmp,3,619,1
5,1,small,small1e.bmp,3,651,1
5,1,sd,sd1c.bmp,2,1002,1
5,1,small,small8e.bmp,4,1160,8
5,1,sd,sd8d.bmp,3,872,8
5,1,small,small8b.bmp,4,724,8
5,1,small,small5i.bmp,4,539,5
5,1,small,small5a.bmp,4,313,5
5,1,small,small5h.bmp,4,358,5
5,1,small,small1j.bmp,4,306,1
5,1,full,full8h.bmp,2,1512,8
5,1,sd,sd3j.bmp,2,709,3
5,1,full,full3a.bmp,2,734,3
5,1,full,full5b.bmp,2,886,5
5,1,full,full1d.bmp,1,1155,1
5,1,sd,sd8h.bmp,3,1335,8
5,1,full,full8c.bmp,2,1230,8
5,1,sd,sd1h.bmp,2,1965,1
5,1,small,small1d.bmp,3,951,1
5,1,full,full3d.bmp,2,866,3
5,1,sd,sd8j.bmp,3,2879,8
5,1,small,small1g.bmp,3,688,1
5,1,sd,sd5b.bmp,3,382,5
5,1,sd,sd8i.bmp,3,948,8
5,1,small,small8c.bmp,4,817,8
5,1,small,small5g.bmp,4,400,5
5,1,small,small3i.bmp,4,921,3
5,1,sd,sd1j.bmp,2,2724,1
5,1,small,small8h.bmp,4,1314,8
5,1,full,full8a.bmp,2,11391,8
5,1,small,small3g.bmp,3,3114,3
5,1,full,full8f.bmp,2,1393,8
5,1,sd,sd5h.bmp,3,1314,5
5,1,sd,sd5e.bmp,3,2532,5
5,1,small,small5j.bmp,4,827,5
5,1,sd,sd3f.bmp,2,1691,3
5,1,sd,sd5a.bmp,3,2707,5
5,1,sd,sd3g.bmp,2,1058,3
5,1,full,full1e.bmp,1,1246,1
5,1,small,small5e.bmp,4,1144,5
5,1,small,small3h.bmp,4,4389,3
5,1,full,full5d.bmp,2,1659,5
5,1,small,small8j.bmp,4,959,8
5,1,small,small3d.bmp,4,587,3
5,1,sd,sd1h.bmp,2,2119,1
5,1,full,full5g.bmp,2,593,5
5,1,small,small1g.bmp,3,1321,1
5,1,full,full1j.bmp,1,1485,1
5,1,full,full3f.bmp,1,588,3
5,1,sd,sd8e.bmp,3,1972,8
5,1,small,small3a.bmp,4,2613,3
5,1,full,full5b.bmp,2,2959,5
5,1,sd,sd1b.bmp,2,532,1
5,1,sd,sd3h.bmp,2,343,3
5,1,full,full1e.bmp,1,1111,1
5,1,small,small3d.bmp,4,1172,3
5,1,full,full8c.bmp,2,2888,8
5,1,sd,sd3a.bmp,2,534,3
5,1,small,small1c.bmp,3,750,1
5,1,full,full3c.bmp,2,983,3
5,1,full,full8d.bmp,2,564,8
5,1,small,small1h.bmp,3,1165,1
5,1,full,full3e.bmp,2,1406,3
5,1,small,small1b.bmp,3,2492,1
5,1,small,small8g.bmp,3,835,8
5,1,full,full5i.bmp,2,2075,5
5,1,small,small1e.bmp,3,2376,1
5,1,sd,sd8i.bmp,3,1263,8
5,1,small,small5i.bmp,4,628,5
5,1,full,full8i.bmp,2,1863,8
5,1,full,full8e.bmp,2,1255,8
5,1,sd,sd1i.bmp,1,1935,1
5,1,full,full1h.bmp,1,1419,1
5,1,sd,sd8j.bmp,3,2001,8
5,1,small,small3g.bmp,4,981,3
5,1,sd,sd5h.bmp,3,1651,5
5,1,full,full8h.bmp,2,1072,8
5,1,sd,sd8d.bmp,3,2882,8
5,1,sd,sd3f.bmp,2,2231,3
5,1,full,full8g.bmp,2,667,8
5,1,sd,sd1e.bmp,2,835,1
5,1,sd,sd8c.bmp,3,920,8
5,1,full,full3g.bmp,2,1153,3
5,1,small,small1a.bmp,3,920,1
5,1,small,small5f.bmp,4,836,5
5,1,full,full1g.bmp,1,2046,1
5,1,small,small3b.bmp,4,1191,3
5,1,small,small5c.bmp,4,516,5
5,1,small,small1j.bmp,3,1679,1
5,1,small,small8d.bmp,4,774,8
5,1,full,full1a.bmp,2,2736,1
5,1,sd,sd3e.bmp,2,1598,3
5,1,small,small5g.bmp,4,1260,5
5,1,sd,sd5j.bmp,3,816,5
5,1,full,full3j.bmp,2,1445,3
5,1,small,small5a.bmp,4,3766,5
5,1,small,small5j.bmp,4,505,5
5,1,sd,sd5g.bmp,3,930,5
5,1,sd,sd1a.bmp,2,1800,1
5,1,sd,sd5f.bmp,3,1995,5
5,1,small,small1f.bmp,3,594,1
5,1,full,full1c.bmp,2,1319,1
5,1,sd,sd5i.bmp,3,2491,5
5,1,full,full3a.bmp,2,2010,3
5,1,full,full3b.bmp,2,1061,3
5,1,full,full1i.bmp,1,911,1
5,1,small,small5e.bmp,4,1562,5
5,1,full,full3h.bmp,2,2422,3
5,1,sd,sd1c.bmp,2,649,1
5,1,sd,sd5e.bmp,3,976,5
5,1,sd,sd8a.bmp,4,1503,8
5,1,sd,sd3c.bmp,3,1149,3
5,1,full,full8f.bmp,2,1019,8
5,1,full,full1b.bmp,1,958,1
5,1,sd,sd1j.bmp,2,860,1
5,1,small,small5b.bmp,4,1111,5
5,1,small,small3j.bmp,4,445,3
5,1,full,full5d.bmp,2,1117,5
5,1,small,small3c.bmp,4,1286,3
5,1,full,full1d.bmp,1,1374,1
5,1,full,full3d.bmp,1,552,3
5,1,small,small8f.bmp,4,924,8
5,1,small,small8j.bmp,4,588,8
5,1,small,small3f.bmp,4,482,3
5,1,small,small5h.bmp,4,373,5
5,1,small,small3i.bmp,4,319,3
5,1,full,full5c.bmp,2,1237,5
5,1,sd,sd1g.bmp,2,678,1
5,1,sd,sd3i.bmp,3,1011,3
5,1,small,small1d.bmp,3,581,1
5,1,small,small3e.bmp,4,969,3
5,1,full,full5j.bmp,2,2091,5
5,1,sd,sd1d.bmp,2,579,1
5,1,full,full5f.bmp,2,563,5
5,1,small,small3h.bmp,4,2694,3
5,1,sd,sd5a.bmp,3,1294,5
5,1,full,full1f.bmp,1,1354,1
5,1,sd,sd5b.bmp,3,1673,5
5,1,small,small8i.bmp,4,859,8
5,1,full,full8j.bmp,2,6426,8
5,1,full,full3i.bmp,2,1389,3
5,1,sd,sd3g.bmp,2,2032,3
5,1,small,small8e.bmp,4,1491,8
5,1,sd,sd3d.bmp,2,4678,3
5,1,full,full5a.bmp,2,815,5
5,1,full,full5e.bmp,2,667,5
5,1,small,small1i.bmp,3,1306,1
5,1,small,small8b.bmp,4,1041,8
5,1,full,full8a.bmp,2,1536,8
5,1,small,small5d.bmp,4,696,5
5,1,sd,sd8b.bmp,3,1824,8
5,1,sd,sd1f.bmp,2,803,1
5,1,full,full5h.bmp,2,1054,5
5,1,full,full8b.bmp,2,723,8
5,1,sd,sd3b.bmp,2,1020,3
5,1,sd,sd8h.bmp,3,714,8
5,1,small,small8c.bmp,4,626,8
5,1,small,small8h.bmp,4,495,8
5,1,sd,sd5d.bmp,3,726,5
5,1,sd,sd8g.bmp,3,595,8
5,1,sd,sd8f.bmp,3,581,8
5,1,sd,sd5c.bmp,3,350,5
5,1,sd,sd3j.bmp,2,797,3
5,1,small,small8a.bmp,4,996,8
5,1,full,full8b.bmp,2,1063,8
5,1,full,full1f.bmp,1,1634,1
5,1,small,small3e.bmp,4,2186,3
5,1,small,small3h.bmp,3,3797,3
5,1,small,small5g.bmp,4,745,5
5,1,small,small1d.bmp,3,810,1
5,1,sd,sd3a.bmp,2,935,3
5,1,small,small8b.bmp,4,774,8
5,1,sd,sd5e.bmp,3,647,5
5,1,sd,sd3f.bmp,2,905,3
5,1,full,full8g.bmp,2,715,8
5,1,sd,sd8a.bmp,3,637,8
5,1,full,full5a.bmp,2,856,5
5,1,sd,sd8b.bmp,3,614,8
5,1,sd,sd8f.bmp,3,550,8
5,1,sd,sd3d.bmp,2,695,3
5,1,sd,sd5g.bmp,3,496,5
5,1,sd,sd8i.bmp,4,1851,8
5,1,small,small1f.bmp,3,750,1
5,1,small,small3b.bmp,4,560,3
5,1,sd,sd5i.bmp,3,574,5
5,1,full,full3j.bmp,2,2041,3
5,1,small,small3g.bmp,4,1039,3
5,1,sd,sd1h.bmp,2,912,1
5,1,sd,sd5f.bmp,3,512,5
5,1,sd,sd5a.bmp,3,521,5
5,1,full,full3d.bmp,2,711,3
5,1,small,small1a.bmp,2,3546,1
5,1,sd,sd8c.bmp,2,545,8
5,1,sd,sd1c.bmp,2,1732,1
5,1,sd,sd8j.bmp,3,1620,8
5,1,full,full8h.bmp,2,2643,8
5,1,small,small5d.bmp,1,1026,5
5,1,full,full8e.bmp,2,2575,8
5,1,full,full3c.bmp,2,1036,3
5,1,small,small1g.bmp,3,886,1
5,1,small,small8i.bmp,4,883,8
5,1,small,small5f.bmp,4,401,5
5,1,full,full5d.bmp,2,977,5
5,1,full,full1d.bmp,1,1279,1
5,1,full,full5g.bmp,2,809,5
5,1,small,small1h.bmp,3,601,1
5,1,full,full1e.bmp,1,1182,1
5,1,full,full3a.bmp,1,586,3
5,1,sd,sd1a.bmp,2,2519,1
5,1,full,full8a.bmp,2,961,8
5,1,small,small3a.bmp,4,1785,3
5,1,small,small5b.bmp,4,651,5
5,1,sd,sd5d.bmp,3,914,5
5,1,sd,sd8e.bmp,3,471,8
5,1,sd,sd3j.bmp,3,557,3
5,1,small,small3c.bmp,4,1276,3
5,1,small,small1i.bmp,3,577,1
5,1,full,full5j.bmp,2,949,5
5,1,full,full5e.bmp,2,568,5
5,1,sd,sd1g.bmp,2,801,1
5,1,full,full5f.bmp,2,676,5
5,1,sd,sd5c.bmp,3,1025,5
5,1,full,full3g.bmp,2,833,3
5,1,full,full3f.bmp,2,1068,3
5,1,sd,sd3h.bmp,2,957,3
5,1,small,small3d.bmp,4,859,3
5,1,sd,sd1b.bmp,2,4513,1
5,1,full,full1b.bmp,2,1241,1
5,1,sd,sd5b.bmp,3,831,5
5,1,full,full5i.bmp,2,1562,5
5,1,sd,sd3e.bmp,2,1106,3
5,1,small,small5e.bmp,4,762,5
5,1,full,full3h.bmp,2,1695,3
5,1,small,small5h.bmp,4,561,5
5,1,small,small8e.bmp,4,378,8
5,1,full,full1h.bmp,1,1226,1
5,1,small,small8g.bmp,4,574,8
5,1,sd,sd1e.bmp,1,911,1
5,1,small,small3j.bmp,4,9771,3
5,1,sd,sd8h.bmp,3,894,8
5,1,full,full3e.bmp,2,3505,3
5,1,small,small8h.bmp,4,1109,8
5,1,sd,sd3i.bmp,3,1134,3
5,1,small,small5a.bmp,4,1556,5
5,1,sd,sd8g.bmp,4,918,8
5,1,small,small8j.bmp,4,1371,8
5,1,small,small5i.bmp,4,365,5
5,1,small,small8c.bmp,4,336,8
5,1,small,small1j.bmp,3,905,1
5,1,full,full1j.bmp,1,1788,1
5,1,sd,sd5h.bmp,3,2989,5
5,1,full,full1i.bmp,1,1426,1
5,1,sd,sd5j.bmp,3,1359,5
5,1,small,small8a.bmp,4,956,8
5,1,full,full8j.bmp,3,1258,8
5,1,small,small3i.bmp,4,3887,3
5,1,full,full1g.bmp,1,2829,1
5,1,full,full8f.bmp,2,855,8
5,1,full,full5c.bmp,2,475,5
5,1,full,full3i.bmp,2,473,3
5,1,full,full8c.bmp,2,513,8
5,1,full,full1c.bmp,1,796,1
5,1,full,full1a.bmp,1,910,1
5,1,small,small8d.bmp,4,1241,8
5,1,sd,sd1j.bmp,2,1439,1
5,1,full,full3b.bmp,2,505,3
5,1,full,full8i.bmp,2,726,8
5,1,small,small5j.bmp,4,1298,5
5,1,small,small5c.bmp,4,537,5
5,1,sd,sd1f.bmp,2,1111,1
5,1,sd,sd3b.bmp,2,455,3
5,1,full,full8d.bmp,2,845,8
5,1,small,small1c.bmp,3,508,1
5,1,sd,sd1i.bmp,2,644,1
5,1,sd,sd1d.bmp,2,588,1
5,1,full,full5h.bmp,2,645,5
5,1,sd,sd8d.bmp,3,947,8
5,1,small,small1b.bmp,4,993,1
5,1,small,small8f.bmp,4,586,8
5,1,sd,sd3c.bmp,2,10448,3
5,1,small,small1e.bmp,3,2906,1
5,1,sd,sd3g.bmp,2,1937,3
5,1,small,small3f.bmp,4,1126,3
5,1,full,full5b.bmp,2,1299,5
6,1,sd,sd3b.bmp,2,13972,3
6,1,full,full8d.bmp,1,4106,8
6,1,sd,sd5c.bmp,3,3321,5
6,1,small,small5b.bmp,4,2840,5
6,1,small,small8f.bmp,4,3214,8
6,1,small,small1a.bmp,4,2451,1
6,1,small,small1e.bmp,4,1859,1
6,1,small,small5f.bmp,4,1038,5
6,1,sd,sd1f.bmp,1,3527,1
6,1,full,full5d.bmp,1,2408,5
6,1,small,small5c.bmp,4,1017,5
6,1,small,small3f.bmp,4,1915,3
6,1,small,small8d.bmp,4,1403,8
6,1,full,full5b.bmp,1,1996,5
6,1,full,full1j.bmp,1,2226,1
6,1,small,small5i.bmp,4,1871,5
6,1,full,full5j.bmp,2,3713,5
6,1,full,full5c.bmp,2,1614,5
6,1,small,small8a.bmp,4,890,8
6,1,small,small5g.bmp,4,3153,5
6,1,full,full8i.bmp,2,4958,8
6,1,small,small3i.bmp,4,6064,3
6,1,sd,sd8f.bmp,3,2777,8
6,1,sd,sd1d.bmp,2,2355,1
6,1,sd,sd8a.bmp,4,3231,8
6,1,sd,sd8g.bmp,4,1634,8
6,1,small,small3h.bmp,4,614,3
6,1,full,full5h.bmp,2,1823,5
6,1,sd,sd5d.bmp,3,1785,5
6,1,full,full3b.bmp,2,863,3
6,1,full,full8e.bmp,2,792,8
6,1,sd,sd1h.bmp,2,943,1
6,1,small,small1i.bmp,3,1081,1
6,1,sd,sd1a.bmp,2,1736,1
6,1,full,full3e.bmp,1,1793,3
6,1,sd,sd5i.bmp,3,2139,5
6,1,sd,sd3a.bmp,2,1025,3
6,1,sd,sd8e.bmp,4,1770,8
6,1,full,full5a.bmp,2,1099,5
6,1,full,full8b.bmp,2,675,8
6,1,sd,sd3i.bmp,3,1629,3
6,1,sd,sd8j.bmp,4,1201,8
6,1,full,full3c.bmp,1,1557,3
6,1,full,full1a.bmp,1,754,1
6,1,full,full1c.bmp,1,539,1
6,1,full,full8a.bmp,2,897,8
6,1,sd,sd8i.bmp,4,1547,8
6,1,full,full8j.bmp,2,1216,8
6,1,full,full8c.bmp,2,1412,8
6,1,full,full1g.bmp,1,1118,1
6,1,small,small8i.bmp,4,1039,8
6,1,sd,sd5f.bmp,3,2265,5
6,1,full,full3j.bmp,2,2435,3
6,1,full,full3f.bmp,1,1063,3
6,1,full,full3d.bmp,1,1195,3
6,1,sd,sd5j.bmp,3,1362,5
6,1,small,small8j.bmp,4,1079,8
6,1,full,full3h.bmp,1,1175,3
6,1,full,full8g.bmp,2,958,8
6,1,full,full1f.bmp,1,1613,1
6,1,small,small3e.bmp,4,969,3
6,1,small,small1h.bmp,3,2048,1
6,1,full,full5g.bmp,2,1021,5
6,1,sd,sd5e.bmp,3,2562,5
6,1,full,full5i.bmp,2,1153,5
6,1,sd,sd3h.bmp,2,5015,3
6,1,small,small5h.bmp,4,988,5
6,1,sd,sd5b.bmp,3,1483,5
6,1,small,small8h.bmp,4,941,8
6,1,sd,sd1c.bmp,2,1329,1
6,1,sd,sd5a.bmp,3,961,5
6,1,small,small5a.bmp,4,952,5
6,1,full,full1i.bmp,1,1316,1
6,1,small,small1b.bmp,4,865,1
6,1,sd,sd1b.bmp,2,1031,1
6,1,full,full1b.bmp,1,978,1
6,1,full,full3a.bmp,1,4746,3
6,1,small,small1c.bmp,3,1012,1
6,1,full,full1h.bmp,1,1029,1
6,1,sd,sd3c.bmp,2,980,3
6,1,sd,sd1g.bmp,2,1030,1
6,1,small,small1f.bmp,3,908,1
6,1,small,small3a.bmp,4,926,3
6,1,small,small5j.bmp,4,832,5
6,1,small,small8e.bmp,4,726,8
6,1,small,small8c.bmp,4,572,8
6,1,small,small1d.bmp,3,1169,1
6,1,small,small3c.bmp,4,840,3
6,1,full,full8f.bmp,2,1030,8
6,1,full,full5e.bmp,2,773,5
6,1,sd,sd3e.bmp,2,936,3
6,1,sd,sd3g.bmp,2,650,3
6,1,sd,sd3f.bmp,2,627,3
6,1,sd,sd8c.bmp,4,2263,8
6,1,small,small5d.bmp,4,838,5
6,1,full,full5f.bmp,2,905,5
6,1,sd,sd1j.bmp,2,688,1
6,1,sd,sd5h.bmp,3,762,5
6,1,sd,sd8b.bmp,3,550,8
6,1,small,small5e.bmp,4,961,5
6,1,full,full8h.bmp,2,2248,8
6,1,small,small3d.bmp,4,1365,3
6,1,small,small3b.bmp,4,718,3
6,1,full,full3i.bmp,2,847,3
6,1,sd,sd3d.bmp,2,670,3
6,1,sd,sd8d.bmp,3,516,8
6,1,sd,sd5g.bmp,3,516,5
6,1,small,small1g.bmp,3,507,1
6,1,small,small8b.bmp,4,627,8
6,1,full,full1d.bmp,2,814,1
6,1,small,small8g.bmp,4,1142,8
6,1,full,full1e.bmp,1,1008,1
6,1,sd,sd3j.bmp,2,793,3
6,1,full,full3g.bmp,2,1687,3
6,1,small,small3g.bmp,4,1347,3
6,1,sd,sd1e.bmp,2,1380,1
6,1,sd,sd1i.bmp,2,831,1
6,1,small,small1j.bmp,3,1188,1
6,1,small,small3j.bmp,4,989,3
6,1,sd,sd8h.bmp,4,744,8
6,1,full,full1j.bmp,1,846,1
6,1,sd,sd5f.bmp,3,1155,5
6,1,full,full3j.bmp,1,939,3
6,1,full,full1g.bmp,1,622,1
6,1,sd,sd5e.bmp,3,1153,5
6,1,full,full8a.bmp,2,595,8
6,1,sd,sd8c.bmp,4,2301,8
6,1,small,small3h.bmp,4,652,3
6,1,full,full3i.bmp,2,1097,3
6,1,sd,sd3h.bmp,2,2103,3
6,1,full,full5h.bmp,2,689,5
6,1,sd,sd3f.bmp,2,457,3
6,1,small,small3i.bmp,4,818,3
6,1,full,full8f.bmp,2,670,8
6,1,full,full5d.bmp,2,704,5
6,1,full,full5b.bmp,2,409,5
6,1,small,small1b.bmp,4,1672,1
6,1,full,full8d.bmp,2,955,8
6,1,sd,sd1h.bmp,2,750,1
6,1,full,full3g.bmp,2,669,3
6,1,sd,sd5h.bmp,3,1144,5
6,1,small,small8f.bmp,4,967,8
6,1,full,full1b.bmp,2,1916,1
6,1,full,full8c.bmp,2,730,8
6,1,sd,sd8h.bmp,4,1077,8
6,1,full,full8e.bmp,2,609,8
6,1,small,small3f.bmp,4,1261,3
6,1,small,small5j.bmp,4,748,5
6,1,small,small5g.bmp,4,710,5
6,1,sd,sd1e.bmp,2,748,1
6,1,sd,sd1g.bmp,2,641,1
6,1,small,small5d.bmp,4,1367,5
6,1,small,small8i.bmp,4,747,8
6,1,sd,sd5i.bmp,3,1142,5
6,1,full,full1f.bmp,1,1103,1
6,1,small,small5h.bmp,4,925,5
6,1,full,full3f.bmp,2,1089,3
6,1,sd,sd1f.bmp,2,617,1
6,1,sd,sd8g.bmp,4,1218,8
6,1,sd,sd1d.bmp,2,3657,1
6,1,full,full1d.bmp,1,953,1
6,1,small,small8h.bmp,4,819,8
6,1,sd,sd5j.bmp,3,1078,5
6,1,full,full5i.bmp,2,711,5
6,1,sd,sd8e.bmp,3,1324,8
6,1,sd,sd3d.bmp,2,772,3
6,1,small,small1c.bmp,3,852,1
6,1,full,full5g.bmp,2,870,5
6,1,full,full1i.bmp,1,834,1
6,1,full,full5e.bmp,2,1004,5
6,1,sd,sd3e.bmp,2,1233,3
6,1,small,small3a.bmp,4,968,3
6,1,sd,sd8i.bmp,4,1131,8
6,1,small,small1e.bmp,4,491,1
6,1,small,small3c.bmp,4,840,3
6,1,small,small1g.bmp,4,795,1
6,1,sd,sd1j.bmp,2,727,1
6,1,full,full8h.bmp,2,694,8
6,1,sd,sd8a.bmp,4,886,8
6,1,sd,sd5g.bmp,3,991,5
6,1,sd,sd8b.bmp,3,611,8
6,1,small,small3e.bmp,4,833,3
6,1,full,full8j.bmp,2,769,8
6,1,small,small8a.bmp,4,824,8
6,1,small,small1d.bmp,3,1589,1
6,1,small,small3g.bmp,4,684,3
6,1,full,full1e.bmp,1,949,1
6,1,full,full1h.bmp,1,711,1
6,1,small,small5i.bmp,4,1263,5
6,1,small,small5e.bmp,4,827,5
6,1,full,full1c.bmp,1,871,1
6,1,full,full1a.bmp,1,759,1
6,1,sd,sd5c.bmp,2,1582,5
6,1,full,full3d.bmp,2,1060,3
6,1,small,small5c.bmp,4,997,5
6,1,small,small5f.bmp,4,683,5
6,1,full,full3c.bmp,2,1228,3
6,1,sd,sd1i.bmp,2,592,1
6,1,sd,sd3j.bmp,2,459,3
6,1,sd,sd3b.bmp,3,380,3
6,1,small,small8d.bmp,4,827,8
6,1,sd,sd1a.bmp,2,687,1
6,1,full,full8g.bmp,2,566,8
6,1,full,full3h.bmp,1,936,3
6,1,full,full5j.bmp,1,619,5
6,1,small,small8b.bmp,4,917,8
6,1,sd,sd1c.bmp,2,1088,1
6,1,sd,sd5b.bmp,3,996,5
6,1,sd,sd8f.bmp,4,1727,8
6,1,sd,sd3c.bmp,2,3563,3
6,1,small,small1f.bmp,3,1038,1
6,1,small,small3j.bmp,4,789,3
6,1,sd,sd1b.bmp,2,1170,1
6,1,small,small8e.bmp,4,884,8
6,1,sd,sd8j.bmp,4,1509,8
6,1,full,full5a.bmp,2,732,5
6,1,full,full3a.bmp,2,975,3
6,1,small,small3b.bmp,4,712,3
6,1,small,small8j.bmp,4,849,8
6,1,sd,sd3g.bmp,2,806,3
6,1,small,small1j.bmp,3,841,1
6,1,sd,sd3a.bmp,2,1325,3
6,1,sd,sd8d.bmp,4,1782,8
6,1,full,full5f.bmp,2,2048,5
6,1,small,small8c.bmp,4,618,8
6,1,small,small1a.bmp,4,1150,1
6,1,full,full8i.bmp,2,918,8
6,1,full,full5c.bmp,2,606,5
6,1,sd,sd5a.bmp,3,1300,5
6,1,small,small3d.bmp,4,800,3
6,1,small,small8g.bmp,4,616,8
6,1,small,small1h.bmp,3,1132,1
6,1,small,small5b.bmp,4,553,5
6,1,small,small1i.bmp,3,1241,1
6,1,sd,sd5d.bmp,3,1953,5
6,1,sd,sd3i.bmp,2,1240,3
6,1,full,full3e.bmp,2,1163,3
6,1,full,full3b.bmp,2,720,3
6,1,full,full8b.bmp,2,493,8
6,1,small,small5a.bmp,3,774,5
6,1,full,full3i.bmp,2,1416,3
6,1,sd,sd1i.bmp,2,616,1
6,1,small,small3c.bmp,4,1014,3
6,1,small,small5h.bmp,4,1012,5
6,1,sd,sd1c.bmp,2,956,1
6,1,small,small8e.bmp,4,805,8
6,1,small,small3h.bmp,4,1709,3
6,1,full,full1e.bmp,1,1745,1
6,1,small,small8a.bmp,4,714,8
6,1,full,full3h.bmp,1,717,3
6,1,small,small8f.bmp,4,811,8
6,1,sd,sd1j.bmp,2,917,1
6,1,small,small8j.bmp,4,751,8
6,1,sd,sd3h.bmp,2,6133,3
6,1,sd,sd5g.bmp,3,1167,5
6,1,sd,sd8c.bmp,4,969,8
6,1,full,full1j.bmp,1,1029,1
6,1,small,small3i.bmp,4,814,3
6,1,full,full5f.bmp,2,1507,5
6,1,small,small5j.bmp,4,823,5
6,1,full,full5g.bmp,2,636,5
6,1,small,small8h.bmp,4,611,8
6,1,sd,sd8e.bmp,3,1354,8
6,1,small,small1i.bmp,3,582,1
6,1,sd,sd1d.bmp,2,944,1
6,1,sd,sd8d.bmp,3,13090,8
6,1,full,full8e.bmp,2,2526,8
6,1,small,small8b.bmp,4,2240,8
6,1,small,small3g.bmp,4,722,3
6,1,sd,sd3e.bmp,2,1749,3
6,1,sd,sd5e.bmp,3,18339,5
6,1,small,small1b.bmp,4,1953,1
6,1,sd,sd5j.bmp,3,3383,5
6,1,full,full1b.bmp,2,1314,1
6,1,sd,sd3j.bmp,2,1065,3
6,1,sd,sd8h.bmp,4,1458,8
6,1,small,small3f.bmp,4,1119,3
6,1,small,small1a.bmp,4,671,1
6,1,small,small5i.bmp,4,574,5
6,1,small,small3a.bmp,4,482,3
6,1,sd,sd5f.bmp,2,1316,5
6,1,small,small8d.bmp,4,1101,8
6,1,full,full3f.bmp,2,1329,3
6,1,full,full3b.bmp,2,991,3
6,1,sd,sd1g.bmp,2,4457,1
6,1,full,full3g.bmp,2,1298,3
6,1,sd,sd5c.bmp,3,1695,5
6,1,small,small5f.bmp,4,865,5
6,1,small,small3b.bmp,4,572,3
6,1,full,full1c.bmp,1,931,1
6,1,full,full3d.bmp,1,548,3
6,1,sd,sd8g.bmp,3,6049,8
6,1,full,full5a.bmp,2,743,5
6,1,small,small1d.bmp,3,1292,1
6,1,small,small3e.bmp,4,1308,3
6,1,sd,sd1e.bmp,2,865,1
6,1,small,small3j.bmp,4,714,3
6,1,full,full3e.bmp,2,905,3
6,1,sd,sd3a.bmp,2,2379,3
6,1,full,full8b.bmp,2,501,8
6,1,sd,sd3b.bmp,2,850,3
6,1,small,small1e.bmp,3,1160,1
6,1,full,full1h.bmp,2,653,1
6,1,small,small8c.bmp,4,845,8
6,1,small,small5d.bmp,4,400,5
6,1,full,full5d.bmp,2,2099,5
6,1,full,full3a.bmp,2,941,3
6,1,small,small1f.bmp,3,1482,1
6,1,small,small1c.bmp,3,875,1
6,1,full,full5j.bmp,2,958,5
6,1,full,full5b.bmp,2,1261,5
6,1,sd,sd5b.bmp,2,434,5
6,1,sd,sd3c.bmp,2,636,3
6,1,sd,sd5h.bmp,3,1301,5
6,1,full,full1g.bmp,1,1150,1
6,1,sd,sd3f.bmp,2,941,3
6,1,full,full8g.bmp,2,704,8
6,1,full,full1a.bmp,2,1264,1
6,1,small,small5e.bmp,4,1012,5
6,1,sd,sd1a.bmp,2,867,1
6,1,sd,sd5a.bmp,2,4353,5
6,1,sd,sd1h.bmp,2,644,1
6,1,small,small3d.bmp,4,810,3
6,1,full,full8f.bmp,2,836,8
6,1,full,full8a.bmp,2,596,8
6,1,sd,sd8f.bmp,3,743,8
6,1,sd,sd5i.bmp,3,1123,5
6,1,sd,sd8j.bmp,3,1692,8
6,1,full,full1i.bmp,1,1402,1
6,1,sd,sd8a.bmp,4,3972,8
6,1,full,full5h.bmp,2,768,5
6,1,full,full5e.bmp,2,472,5
6,1,full,full5c.bmp,2,759,5
6,1,full,full1f.bmp,1,978,1
6,1,full,full8i.bmp,2,603,8
6,1,small,small5b.bmp,4,822,5
6,1,sd,sd3d.bmp,2,1065,3
6,1,small,small5g.bmp,4,741,5
6,1,small,small1h.bmp,3,1597,1
6,1,small,small5a.bmp,4,2039,5
6,1,sd,sd5d.bmp,3,971,5
6,1,sd,sd3i.bmp,2,1509,3
6,1,full,full8c.bmp,2,618,8
6,1,full,full3c.bmp,2,951,3
6,1,full,full5i.bmp,2,559,5
6,1,small,small8i.bmp,4,716,8
6,1,full,full8h.bmp,2,891,8
6,1,small,small8g.bmp,4,739,8
6,1,sd,sd1f.bmp,2,717,1
6,1,sd,sd8b.bmp,3,1739,8
6,1,full,full3j.bmp,2,587,3
6,1,small,small1g.bmp,3,1080,1
6,1,sd,sd8i.bmp,4,1000,8
6,1,full,full1d.bmp,1,5675,1
6,1,sd,sd3g.bmp,2,710,3
6,1,sd,sd1b.bmp,2,469,1
6,1,full,full8j.bmp,2,491,8
6,1,small,small1j.bmp,3,1433,1
6,1,small,small5c.bmp,4,676,5
6,1,full,full8d.bmp,2,699,8
6,1,small,small3h.bmp,4,1403,3
6,1,sd,sd3b.bmp,2,942,3
6,1,small,small5a.bmp,4,758,5
6,1,sd,sd5d.bmp,3,1394,5
6,1,full,full1g.bmp,1,795,1
6,1,small,small5b.bmp,4,761,5
6,1,full,full3f.bmp,2,1082,3
6,1,small,small5i.bmp,4,4172,5
6,1,small,small5j.bmp,4,1186,5
6,1,sd,sd8a.bmp,4,2718,8
6,1,sd,sd3a.bmp,2,637,3
6,1,full,full1b.bmp,1,1144,1
6,1,small,small8d.bmp,4,791,8
6,1,sd,sd8f.bmp,3,2187,8
6,1,full,full5c.bmp,2,984,5
6,1,full,full1d.bmp,1,970,1
6,1,sd,sd5a.bmp,3,2450,5
6,1,small,small8i.bmp,4,790,8
6,1,small,small8j.bmp,4,733,8
6,1,full,full1a.bmp,1,1183,1
6,1,full,full8b.bmp,2,730,8
6,1,full,full5a.bmp,2,616,5
6,1,small,small3i.bmp,4,735,3
6,1,full,full8g.bmp,2,736,8
6,1,small,small1i.bmp,3,407,1
6,1,sd,sd8g.bmp,3,692,8
6,1,small,small5h.bmp,4,658,5
6,1,small,small3f.bmp,4,593,3
6,1,small,small3j.bmp,4,587,3
6,1,small,small3d.bmp,4,531,3
6,1,small,small8a.bmp,4,790,8
6,1,small,small3b.bmp,4,503,3
6,1,small,small1j.bmp,3,1148,1
6,1,full,full3e.bmp,2,831,3
6,1,sd,sd1h.bmp,2,883,1
6,1,full,full1h.bmp,1,1022,1
6,1,sd,sd3i.bmp,2,655,3
6,1,sd,sd1g.bmp,2,801,1
6,1,sd,sd8b.bmp,3,482,8
6,1,full,full8d.bmp,2,730,8
6,1,full,full5d.bmp,2,700,5
6,1,small,small8g.bmp,4,734,8
6,1,full,full1j.bmp,1,871,1
6,1,small,small1c.bmp,3,1290,1
6,1,sd,sd1d.bmp,2,677,1
6,1,small,small3a.bmp,4,1166,3
6,1,full,full3b.bmp,2,2163,3
6,1,full,full1c.bmp,1,889,1
6,1,sd,sd8j.bmp,3,1235,8
6,1,full,full5i.bmp,2,683,5
6,1,sd,sd1j.bmp,2,565,1
6,1,full,full8j.bmp,2,537,8
6,1,small,small1d.bmp,3,781,1
6,1,full,full1f.bmp,2,650,1
6,1,small,small5d.bmp,4,756,5
6,1,small,small3g.bmp,4,782,3
6,1,small,small5g.bmp,4,584,5
6,1,sd,sd1e.bmp,2,945,1
6,1,sd,sd1i.bmp,2,838,1
6,1,sd,sd8i.bmp,3,1050,8
6,1,sd,sd5b.bmp,2,1382,5
6,1,full,full5j.bmp,2,615,5
6,1,sd,sd3h.bmp,2,510,3
6,1,sd,sd5j.bmp,3,1591,5
6,1,sd,sd1f.bmp,2,2345,1
6,1,sd,sd1c.bmp,2,1033,1
6,1,full,full5b.bmp,2,627,5
6,1,small,small1g.bmp,3,1209,1
6,1,full,full8i.bmp,2,594,8
6,1,small,small8e.bmp,4,730,8
6,1,full,full1i.bmp,1,846,1
6,1,full,full5e.bmp,2,727,5
6,1,sd,sd3f.bmp,2,660,3
6,1,full,full8a.bmp,2,569,8
6,1,small,small8h.bmp,4,805,8
6,1,full,full3j.bmp,2,1158,3
6,1,sd,sd3c.bmp,2,934,3
6,1,full,full3h.bmp,2,545,3
6,1,small,small3c.bmp,4,744,3
6,1,sd,sd8e.bmp,3,1083,8
6,1,sd,sd5f.bmp,3,688,5
6,1,full,full8f.bmp,2,594,8
6,1,full,full3d.bmp,2,752,3
6,1,sd,sd8d.bmp,3,2327,8
6,1,full,full3a.bmp,2,676,3
6,1,sd,sd5i.bmp,3,905,5
6,1,small,small8c.bmp,4,762,8
6,1,small,small8f.bmp,4,907,8
6,1,sd,sd1b.bmp,2,499,1
6,1,sd,sd8h.bmp,3,1072,8
6,1,sd,sd8c.bmp,3,456,8
6,1,full,full3i.bmp,2,622,3
6,1,small,small5f.bmp,4,716,5
6,1,full,full3c.bmp,2,611,3
6,1,full,full8h.bmp,2,480,8
6,1,small,small8b.bmp,4,693,8
6,1,small,small5c.bmp,4,595,5
6,1,sd,sd1a.bmp,2,626,1
6,1,sd,sd5c.bmp,2,472,5
6,1,sd,sd3d.bmp,2,501,3
6,1,small,small1f.bmp,2,411,1
6,1,sd,sd3j.bmp,2,431,3
6,1,small,small3e.bmp,4,686,3
6,1,small,small1e.bmp,3,1136,1
6,1,small,small1b.bmp,3,645,1
6,1,small,small1a.bmp,3,580,1
6,1,sd,sd3g.bmp,2,589,3
6,1,sd,sd3e.bmp,2,476,3
6,1,small,small1h.bmp,3,851,1
6,1,full,full3g.bmp,2,893,3
6,1,full,full1e.bmp,1,430,1
6,1,full,full5g.bmp,2,685,5
6,1,sd,sd5h.bmp,3,3269,5
6,1,full,full5h.bmp,2,685,5
6,1,full,full8c.bmp,2,4925,8
6,1,full,full8e.bmp,2,454,8
6,1,sd,sd5e.bmp,3,711,5
6,1,sd,sd5g.bmp,3,714,5
6,1,small,small5e.bmp,4,827,5
6,1,full,full5f.bmp,2,575,5
8,1,small,small5h.bmp,4,10505,5
8,1,sd,sd1e.bmp,2,4472,1
8,1,sd,sd3b.bmp,3,8998,3
8,1,full,full5j.bmp,2,3401,5
8,1,full,full3f.bmp,1,3954,3
8,1,full,full8f.bmp,2,2669,8
8,1,small,small5a.bmp,4,2291,5
8,1,sd,sd1c.bmp,2,2231,1
8,1,full,full3j.bmp,2,4925,3
8,1,small,small5i.bmp,4,2265,5
8,1,sd,sd5c.bmp,3,1767,5
8,1,small,small5f.bmp,4,1553,5
8,1,small,small8f.bmp,4,1363,8
8,1,full,full3e.bmp,1,2092,3
8,1,full,full8g.bmp,2,10641,8
8,1,small,small5c.bmp,4,1322,5
8,1,small,small1e.bmp,3,1197,1
8,1,small,small8g.bmp,4,1229,8
8,1,sd,sd1g.bmp,2,2844,1
8,1,small,small8e.bmp,4,2978,8
8,1,full,full8a.bmp,2,2172,8
8,1,full,full8b.bmp,2,1309,8
8,1,sd,sd5g.bmp,3,1576,5
8,1,small,small3i.bmp,4,3153,3
8,1,small,small1d.bmp,3,1668,1
8,1,small,small3d.bmp,4,7009,3
8,1,sd,sd8a.bmp,3,978,8
8,1,full,full3h.bmp,1,1299,3
8,1,sd,sd8f.bmp,3,5743,8
8,1,full,full3i.bmp,1,1570,3
8,1,full,full1a.bmp,1,1004,1
8,1,small,small3b.bmp,3,1844,3
8,1,small,small5g.bmp,4,4090,5
8,1,sd,sd3j.bmp,2,1240,3
8,1,small,small3j.bmp,4,4502,3
8,1,full,full8c.bmp,2,5491,8
8,1,small,small3c.bmp,4,1040,3
8,1,small,small5d.bmp,4,870,5
8,1,sd,sd5h.bmp,3,2524,5
8,1,sd,sd5i.bmp,3,743,5
8,1,full,full3d.bmp,1,1161,3
8,1,small,small1j.bmp,3,770,1
8,1,small,small8j.bmp,4,1108,8
8,1,full,full1c.bmp,1,2031,1
8,1,full,full3c.bmp,1,3374,3
8,1,full,full1f.bmp,1,1087,1
8,1,small,small8a.bmp,4,955,8
8,1,small,small5j.bmp,4,1701,5
8,1,full,full8i.bmp,1,953,8
8,1,sd,sd1j.bmp,1,3731,1
8,1,small,small1h.bmp,2,1967,1
8,1,small,small1g.bmp,3,1360,1
8,1,sd,sd3e.bmp,2,2034,3
8,1,sd,sd3i.bmp,2,817,3
8,1,sd,sd8d.bmp,3,1696,8
8,1,sd,sd8e.bmp,3,1020,8
8,1,small,small3f.bmp,4,1404,3
8,1,sd,sd8g.bmp,4,2460,8
8,1,small,small1i.bmp,3,1346,1
8,1,sd,sd5e.bmp,3,1476,5
8,1,sd,sd3f.bmp,2,697,3
8,1,sd,sd8j.bmp,3,757,8
8,1,sd,sd5b.bmp,3,9054,5
8,1,sd,sd1i.bmp,1,838,1
8,1,full,full1i.bmp,1,1149,1
8,1,sd,sd3h.bmp,2,1175,3
8,1,sd,sd8h.bmp,4,1512,8
8,1,full,full5i.bmp,1,1371,5
8,1,small,small1a.bmp,1,749,1
8,1,full,full1b.bmp,4,2926,1
8,1,full,full5a.bmp,1,2673,5
8,1,small,small1c.bmp,3,1830,1
8,1,full,full1j.bmp,1,1797,1
8,1,small,small3g.bmp,4,861,3
8,1,sd,sd8c.bmp,4,1491,8
8,1,sd,sd3d.bmp,2,1767,3
8,1,sd,sd5a.bmp,2,2257,5
8,1,small,small8b.bmp,4,902,8
8,1,full,full5c.bmp,1,1098,5
8,1,small,small1f.bmp,3,3334,1
8,1,full,full3g.bmp,1,1954,3
8,1,sd,sd8i.bmp,4,3668,8
8,1,full,full1d.bmp,1,819,1
8,1,sd,sd5j.bmp,3,1962,5
8,1,full,full5d.bmp,1,980,5
8,1,full,full5f.bmp,2,2556,5
8,1,full,full5e.bmp,2,1182,5
8,1,small,small5e.bmp,4,1039,5
8,1,small,small8i.bmp,4,1213,8
8,1,small,small3e.bmp,4,804,3
8,1,full,full8j.bmp,1,836,8
8,1,full,full5b.bmp,1,971,5
8,1,small,small8h.bmp,4,732,8
8,1,small,small1b.bmp,3,1463,1
8,1,sd,sd3c.bmp,2,883,3
8,1,full,full3a.bmp,1,1776,3
8,1,full,full5g.bmp,2,9225,5
8,1,small,small5b.bmp,4,1211,5
8,1,full,full1g.bmp,1,986,1
8,1,sd,sd1a.bmp,2,1147,1
8,1,full,full8e.bmp,2,837,8
8,1,sd,sd3a.bmp,2,955,3
8,1,full,full1e.bmp,1,2685,1
8,1,sd,sd1d.bmp,2,1338,1
8,1,full,full8h.bmp,2,1444,8
8,1,small,small8c.bmp,4,1154,8
8,1,sd,sd1f.bmp,2,2733,1
8,1,full,full5h.bmp,2,1128,5
8,1,small,small3h.bmp,4,1379,3
8,1,sd,sd3g.bmp,2,1859,3
8,1,sd,sd8b.bmp,3,3977,8
8,1,sd,sd1b.bmp,2,1571,1
8,1,full,full3b.bmp,1,1212,3
8,1,full,full1h.bmp,1,1067,1
8,1,sd,sd5f.bmp,3,16455,5
8,1,sd,sd5d.bmp,3,1642,5
8,1,small,small3a.bmp,4,1272,3
8,1,sd,sd1h.bmp,1,1053,1
8,1,small,small8d.bmp,4,1187,8
8,1,full,full8d.bmp,1,1036,8
8,1,full,full3j.bmp,1,995,3
8,1,small,small8h.bmp,4,1395,8
8,1,full,full8e.bmp,2,2963,8
8,1,small,small1f.bmp,3,1133,1
8,1,small,small8c.bmp,4,1048,8
8,1,sd,sd5i.bmp,3,1342,5
8,1,sd,sd3b.bmp,3,1816,3
8,1,sd,sd1h.bmp,1,16887,1
8,1,full,full3a.bmp,2,8985,3
8,1,sd,sd8e.bmp,2,10587,8
8,1,sd,sd3e.bmp,2,1607,3
8,1,full,full8j.bmp,2,2782,8
8,1,sd,sd1e.bmp,2,1144,1
8,1,small,small5f.bmp,4,1122,5
8,1,small,small1b.bmp,4,2004,1
8,1,sd,sd5j.bmp,2,3516,5
8,1,full,full1i.bmp,1,2104,1
8,1,full,full3c.bmp,2,3372,3
8,1,small,small3i.bmp,3,4830,3
8,1,full,full5g.bmp,3,2838,5
8,1,sd,sd5b.bmp,2,2973,5
8,1,small,small8i.bmp,3,3406,8
8,1,small,small5d.bmp,3,2351,5
8,1,sd,sd8b.bmp,3,8600,8
8,1,small,small3e.bmp,2,2003,3
8,1,small,small1a.bmp,1,6283,1
8,1,full,full3e.bmp,3,4170,3
8,1,small,small3c.bmp,2,2996,3
8,1,sd,sd1f.bmp,1,3189,1
8,1,sd,sd3a.bmp,2,1934,3
8,1,full,full1f.bmp,2,3792,1
8,1,small,small8e.bmp,2,8529,8
8,1,sd,sd5c.bmp,2,2814,5
8,1,small,small3h.bmp,2,2326,3
8,1,small,small8a.bmp,2,2753,8
8,1,full,full1g.bmp,2,3035,1
8,1,full,full8b.bmp,3,2618,8
8,1,full,full5f.bmp,2,1617,5
8,1,sd,sd1d.bmp,2,3511,1
8,1,sd,sd8a.bmp,3,6899,8
8,1,sd,sd8i.bmp,3,2209,8
8,1,sd,sd3f.bmp,2,2785,3
8,1,sd,sd8h.bmp,3,3057,8
8,1,full,full5b.bmp,2,15519,5
8,1,sd,sd1j.bmp,2,3423,1
8,1,full,full1j.bmp,1,2150,1
8,1,small,small1c.bmp,1,5152,1
8,1,sd,sd3d.bmp,2,4755,3
8,1,small,small8d.bmp,3,2054,8
8,1,sd,sd8j.bmp,2,4290,8
8,1,sd,sd1a.bmp,2,2064,1
8,1,sd,sd5g.bmp,2,5165,5
8,1,full,full3d.bmp,2,5271,3
8,1,small,small3d.bmp,2,1470,3
8,1,small,small5a.bmp,3,1546,5
8,1,sd,sd5h.bmp,2,2493,5
8,1,full,full8h.bmp,2,2017,8
8,1,full,full5c.bmp,2,6136,5
8,1,sd,sd3g.bmp,2,2892,3
8,1,small,small5e.bmp,2,3049,5
8,1,full,full8d.bmp,2,1176,8
8,1,full,full5h.bmp,2,3008,5
8,1,sd,sd5e.bmp,2,2072,5
8,1,small,small8j.bmp,3,4293,8
8,1,sd,sd3c.bmp,2,1379,3
8,1,full,full3f.bmp,2,4146,3
8,1,sd,sd1b.bmp,2,1573,1
8,1,small,small3f.bmp,2,5678,3
8,1,sd,sd1c.bmp,2,2741,1
8,1,small,small5b.bmp,2,2703,5
8,1,small,small1e.bmp,1,4100,1
8,1,sd,sd1i.bmp,2,5793,1
8,1,small,small5j.bmp,2,3699,5
8,1,sd,sd1g.bmp,2,3824,1
8,1,full,full1c.bmp,2,1247,1
8,1,small,small1j.bmp,2,1333,1
8,1,small,small5c.bmp,2,2680,5
8,1,small,small5g.bmp,3,3582,5
8,1,sd,sd5a.bmp,3,8023,5
8,1,full,full5j.bmp,2,3919,5
8,1,full,full5d.bmp,2,1084,5
8,1,full,full8a.bmp,2,1336,8
8,1,small,small8b.bmp,3,1779,8
8,1,full,full1d.bmp,2,1604,1
8,1,full,full5a.bmp,2,1372,5
8,1,small,small8g.bmp,3,1556,8
8,1,small,small1i.bmp,2,2758,1
8,1,sd,sd3i.bmp,2,3248,3
8,1,small,small3b.bmp,2,3231,3
8,1,full,full3b.bmp,2,1230,3
8,1,full,full1h.bmp,2,5421,1
8,1,full,full8f.bmp,2,853,8
8,1,sd,sd5f.bmp,2,2187,5
8,1,full,full1b.bmp,2,1236,1
8,1,small,small1g.bmp,1,3171,1
8,1,sd,sd5d.bmp,3,2453,5
8,1,full,full3g.bmp,2,1067,3
8,1,full,full1a.bmp,2,2072,1
8,1,small,small1h.bmp,1,1358,1
8,1,small,small3a.bmp,2,1975,3
8,1,small,small3g.bmp,2,1680,3
8,1,full,full3h.bmp,2,2804,3
8,1,full,full8i.bmp,2,1021,8
8,1,sd,sd8g.bmp,3,2076,8
8,1,sd,sd8d.bmp,3,2121,8
8,1,small,small8f.bmp,3,1700,8
8,1,sd,sd8f.bmp,3,3008,8
8,1,small,small5i.bmp,2,3040,5
8,1,full,full5e.bmp,2,2047,5
8,1,full,full3i.bmp,2,622,3
8,1,sd,sd3j.bmp,2,1820,3
8,1,full,full1e.bmp,2,1132,1
8,1,small,small5h.bmp,3,5503,5
8,1,full,full8g.bmp,3,2147,8
8,1,sd,sd8c.bmp,2,2606,8
8,1,full,full8c.bmp,2,798,8
8,1,full,full5i.bmp,2,1710,5
8,1,small,small1d.bmp,1,1353,1
8,1,small,small3j.bmp,2,4763,3
8,1,sd,sd3h.bmp,2,1006,3
8,1,full,full1d.bmp,2,301,1
8,1,full,full3j.bmp,2,377,3
8,1,small,small5h.bmp,3,2850,5
8,1,small,small8b.bmp,3,2183,8
8,1,sd,sd5c.bmp,2,2017,5
8,1,full,full1e.bmp,2,3872,1
8,1,small,small1a.bmp,2,3022,1
8,1,small,small1c.bmp,1,3869,1
8,1,full,full5b.bmp,2,1460,5
8,1,sd,sd3a.bmp,2,1433,3
8,1,full,full8h.bmp,3,8752,8
8,1,sd,sd3b.bmp,2,3068,3
8,1,sd,sd8d.bmp,2,4330,8
8,1,sd,sd1j.bmp,2,1750,1
8,1,small,small5a.bmp,2,2024,5
8,1,full,full3a.bmp,2,1527,3
8,1,small,small8f.bmp,2,1658,8
8,1,sd,sd1b.bmp,2,1280,1
8,1,full,full8e.bmp,2,2277,8
8,1,full,full8b.bmp,2,882,8
8,1,full,full3g.bmp,2,2766,3
8,1,small,small5g.bmp,3,2111,5
8,1,full,full3b.bmp,2,1987,3
8,1,small,small8e.bmp,3,3844,8
8,1,sd,sd8g.bmp,3,3387,8
8,1,full,full5a.bmp,3,4508,5
8,1,small,small3c.bmp,2,1009,3
8,1,small,small1d.bmp,1,1744,1
8,1,sd,sd8e.bmp,2,1202,8
8,1,sd,sd8f.bmp,2,730,8
8,1,sd,sd1e.bmp,2,1725,1
8,1,small,small1f.bmp,1,1264,1
8,1,small,small3h.bmp,2,2797,3
8,1,full,full3e.bmp,2,3694,3
8,1,sd,sd8b.bmp,3,4563,8
8,1,small,small3e.bmp,2,2461,3
8,1,sd,sd1d.bmp,2,1555,1
8,1,sd,sd1i.bmp,2,1797,1
8,1,full,full8j.bmp,2,1013,8
8,1,full,full5f.bmp,2,581,5
8,1,full,full8g.bmp,2,869,8
8,1,sd,sd3d.bmp,2,641,3
8,1,sd,sd3e.bmp,2,775,3
8,1,small,small3d.bmp,2,856,3
8,1,full,full5d.bmp,2,709,5
8,1,sd,sd5f.bmp,2,521,5
8,1,sd,sd1c.bmp,2,628,1
8,1,small,small1g.bmp,2,514,1
8,1,small,small1i.bmp,2,1166,1
8,1,sd,sd5j.bmp,2,799,5
8,1,sd,sd5e.bmp,2,671,5
8,1,full,full1c.bmp,2,484,1
8,1,small,small5b.bmp,2,377,5
8,1,full,full8d.bmp,2,393,8
8,1,small,small8h.bmp,2,249,8
8,1,full,full8i.bmp,2,623,8
8,1,sd,sd5g.bmp,2,341,5
8,1,full,full5c.bmp,2,255,5
8,1,full,full5i.bmp,2,309,5
8,1,sd,sd3h.bmp,2,464,3
8,1,sd,sd3c.bmp,2,501,3
8,1,small,small3j.bmp,2,4185,3
8,1,full,full3h.bmp,2,3907,3
8,1,small,small5f.bmp,2,3343,5
8,1,small,small3i.bmp,2,2370,3
8,1,small,small3f.bmp,2,2164,3
8,1,sd,sd1g.bmp,2,758,1
8,1,small,small8c.bmp,2,2263,8
8,1,full,full8f.bmp,2,2509,8
8,1,sd,sd8h.bmp,2,2201,8
8,1,full,full3i.bmp,2,1817,3
8,1,full,full8a.bmp,2,784,8
8,1,small,small5c.bmp,2,800,5
8,1,small,small8g.bmp,2,624,8
8,1,sd,sd5i.bmp,2,487,5
8,1,full,full5j.bmp,2,635,5
8,1,sd,sd5d.bmp,2,1306,5
8,1,small,small1b.bmp,2,597,1
8,1,small,small5e.bmp,2,957,5
8,1,sd,sd5h.bmp,2,783,5
8,1,small,small5j.bmp,2,623,5
8,1,full,full5g.bmp,2,1118,5
8,1,small,small8i.bmp,2,2521,8
8,1,small,small1e.bmp,2,2300,1
8,1,full,full1a.bmp,2,2049,1
8,1,sd,sd8j.bmp,2,2127,8
8,1,full,full1b.bmp,2,1042,1
8,1,sd,sd5b.bmp,2,1064,5
8,1,small,small1h.bmp,2,814,1
8,1,full,full1i.bmp,2,813,1
8,1,sd,sd3i.bmp,2,1636,3
8,1,sd,sd3f.bmp,2,443,3
8,1,small,small3a.bmp,2,505,3
8,1,full,full3d.bmp,2,1300,3
8,1,full,full8c.bmp,2,984,8
8,1,full,full1f.bmp,2,481,1
8,1,sd,sd1a.bmp,2,1246,1
8,1,sd,sd8a.bmp,2,748,8
8,1,sd,sd8i.bmp,2,598,8
8,1,small,small3g.bmp,2,550,3
8,1,sd,sd1h.bmp,2,711,1
8,1,small,small1j.bmp,2,347,1
8,1,sd,sd1f.bmp,2,420,1
8,1,full,full5h.bmp,2,284,5
8,1,small,small8j.bmp,2,296,8
8,1,sd,sd3j.bmp,2,355,3
8,1,full,full5e.bmp,2,5308,5
8,1,small,small5i.bmp,3,1937,5
8,1,sd,sd3g.bmp,2,652,3
8,1,small,small8a.bmp,2,314,8
8,1,sd,sd8c.bmp,2,925,8
8,1,full,full1g.bmp,2,320,1
8,1,sd,sd5a.bmp,2,283,5
8,1,small,small3b.bmp,2,311,3
8,1,full,full3f.bmp,2,514,3
8,1,small,small5d.bmp,2,933,5
8,1,full,full1h.bmp,2,296,1
8,1,small,small8d.bmp,2,420,8
8,1,full,full3c.bmp,2,771,3
8,1,full,full1j.bmp,2,172,1
8,1,full,full3c.bmp,2,245,3
8,1,sd,sd8i.bmp,2,11,8
8,1,sd,sd5b.bmp,2,82,5
8,1,sd,sd1i.bmp,2,134,1
8,1,sd,sd8b.bmp,2,152,8
8,1,sd,sd3c.bmp,2,210,3
8,1,sd,sd5i.bmp,2,305,5
8,1,sd,sd1b.bmp,2,349,1
8,1,full,full1j.bmp,2,359,1
8,1,sd,sd3i.bmp,2,800,3
8,1,small,small5h.bmp,2,240,5
8,1,sd,sd3f.bmp,2,278,3
8,1,small,small8c.bmp,2,258,8
8,1,small,small5j.bmp,2,2167,5
8,1,small,small5b.bmp,2,1617,5
8,1,full,full8d.bmp,2,233,8
8,1,small,small8f.bmp,2,71,8
8,1,sd,sd1h.bmp,2,316,1
8,1,full,full5a.bmp,2,391,5
8,1,sd,sd3b.bmp,2,543,3
8,1,small,small1g.bmp,2,41,1
8,1,full,full3e.bmp,2,343,3
8,1,small,small5e.bmp,2,344,5
8,1,small,small1h.bmp,2,322,1
8,1,sd,sd3a.bmp,1,1581,3
8,1,sd,sd3d.bmp,1,325,3
8,1,sd,sd8a.bmp,1,303,8
8,1,full,full8f.bmp,1,843,8
8,1,full,full5f.bmp,2,273,5
8,1,small,small3b.bmp,2,765,3
8,1,small,small1e.bmp,2,686,1
8,1,sd,sd1d.bmp,2,187,1
8,1,small,small8h.bmp,2,323,8
8,1,full,full5e.bmp,2,126,5
8,1,full,full1a.bmp,2,304,1
8,1,sd,sd1e.bmp,2,20,1
8,1,sd,sd5g.bmp,2,419,5
8,1,sd,sd5d.bmp,2,1074,5
8,1,sd,sd5h.bmp,2,9679,5
8,1,sd,sd3h.bmp,2,1647,3
8,1,full,full5d.bmp,2,2637,5
8,1,small,small3g.bmp,2,1300,3
8,1,full,full1i.bmp,2,1456,1
8,1,small,small1c.bmp,2,622,1
8,1,full,full1d.bmp,2,772,1
8,1,small,small3h.bmp,2,333,3
8,1,small,small3d.bmp,2,1399,3
8,1,full,full8j.bmp,2,480,8
8,1,sd,sd8d.bmp,2,444,8
8,1,full,full8h.bmp,2,402,8
8,1,small,small5c.bmp,2,338,5
8,1,small,small3i.bmp,2,956,3
8,1,small,small8a.bmp,2,838,8
8,1,full,full1b.bmp,2,460,1
8,1,sd,sd5c.bmp,2,657,5
8,1,sd,sd1g.bmp,2,4551,1
8,1,full,full5i.bmp,2,1081,5
8,1,sd,sd1f.bmp,2,582,1
8,1,sd,sd5e.bmp,2,750,5
8,1,full,full1h.bmp,2,272,1
8,1,full,full5j.bmp,2,2845,5
8,1,sd,sd5j.bmp,2,491,5
8,1,sd,sd5a.bmp,2,39,5
8,1,small,small3j.bmp,2,229,3
8,1,full,full3f.bmp,2,219,3
8,1,small,small1a.bmp,2,242,1
8,1,full,full3d.bmp,2,0,3
8,1,small,small8g.bmp,2,368,8
8,1,full,full1f.bmp,2,569,1
8,1,small,small5g.bmp,2,322,5
8,1,full,full5c.bmp,2,229,5
8,1,small,small1j.bmp,2,211,1
8,1,full,full1c.bmp,2,298,1
8,1,full,full5h.bmp,3,246,5
8,1,small,small5d.bmp,1,548,5
8,1,sd,sd3j.bmp,2,382,3
8,1,sd,sd3e.bmp,2,302,3
8,1,full,full3b.bmp,2,218,3
8,1,sd,sd1c.bmp,2,233,1
8,1,small,small1d.bmp,2,247,1
8,1,full,full8c.bmp,2,173,8
8,1,small,small3a.bmp,2,254,3
8,1,sd,sd8g.bmp,2,1347,8
8,1,full,full8b.bmp,2,501,8
8,1,small,small1b.bmp,2,137,1
8,1,full,full8i.bmp,2,244,8
8,1,small,small8d.bmp,2,249,8
8,1,full,full5g.bmp,2,591,5
8,1,sd,sd8h.bmp,2,319,8
8,1,small,small8b.bmp,2,138,8
8,1,sd,sd3g.bmp,2,381,3
8,1,sd,sd8j.bmp,2,245,8
8,1,small,small5a.bmp,2,147,5
8,1,small,small8j.bmp,2,1565,8
8,1,full,full1e.bmp,2,254,1
8,1,full,full3a.bmp,2,364,3
8,1,full,full3j.bmp,2,237,3
8,1,small,small3e.bmp,2,484,3
8,1,sd,sd5f.bmp,2,232,5
8,1,small,small8e.bmp,2,94,8
8,1,full,full3h.bmp,2,18,3
8,1,full,full8a.bmp,2,73,8
8,1,small,small5f.bmp,2,2365,5
8,1,sd,sd1j.bmp,2,422,1
8,1,sd,sd8e.bmp,2,149,8
8,1,small,small1f.bmp,2,143,1
8,1,full,full5b.bmp,3,296,5
8,1,small,small1i.bmp,2,404,1
8,1,small,small3c.bmp,2,1452,3
8,1,sd,sd1a.bmp,3,506,1
8,1,small,small5i.bmp,2,261,5
8,1,full,full3i.bmp,3,283,3
8,1,full,full8e.bmp,2,279,8
8,1,full,full8g.bmp,4,259,8
8,1,small,small8i.bmp,2,17,8
8,1,full,full1g.bmp,3,336,1
8,1,small,small3f.bmp,2,202,3
8,1,sd,sd8f.bmp,2,330,8
8,1,sd,sd8c.bmp,3,252,8
8,1,full,full3g.bmp,2,210,3
9,1,full,full3j.bmp,1,12561,3
9,1,full,full3b.bmp,2,4559,3
9,1,small,small8h.bmp,4,1665,8
9,1,full,full8i.bmp,2,2943,8
9,1,sd,sd1d.bmp,2,3113,1
9,1,full,full5d.bmp,2,1158,5
9,1,small,small8j.bmp,4,1047,8
9,1,small,small5d.bmp,4,733,5
9,1,sd,sd1b.bmp,3,3128,1
9,1,sd,sd1e.bmp,2,835,1
9,1,small,small5f.bmp,4,690,5
9,1,small,small1c.bmp,3,1270,1
9,1,full,full3c.bmp,2,1587,3
9,1,small,small8e.bmp,4,836,8
9,1,sd,sd3h.bmp,2,2067,3
9,1,full,full1h.bmp,1,1312,1
9,1,small,small1d.bmp,3,1188,1
9,1,full,full8e.bmp,2,861,8
9,1,full,full5e.bmp,2,810,5
9,1,sd,sd3c.bmp,3,2057,3
9,1,full,full3f.bmp,1,974,3
9,1,full,full3a.bmp,2,2375,3
9,1,small,small5a.bmp,4,592,5
9,1,small,small1i.bmp,3,1064,1
9,1,full,full3d.bmp,2,2133,3
9,1,full,full5f.bmp,2,792,5
9,1,sd,sd5c.bmp,3,936,5
9,1,sd,sd3e.bmp,3,923,3
9,1,full,full5i.bmp,2,1158,5
9,1,full,full8g.bmp,2,1279,8
9,1,small,small5b.bmp,4,876,5
9,1,sd,sd5h.bmp,3,800,5
9,1,full,full5g.bmp,2,744,5
9,1,small,small1h.bmp,3,834,1
9,1,small,small8f.bmp,4,681,8
9,1,full,full5c.bmp,2,878,5
9,1,small,small3c.bmp,4,1186,3
9,1,sd,sd5e.bmp,3,1107,5
9,1,full,full3h.bmp,1,1070,3
9,1,full,full8j.bmp,2,1004,8
9,1,full,full8d.bmp,2,1644,8
9,1,sd,sd8d.bmp,3,810,8
9,1,full,full8a.bmp,2,825,8
9,1,sd,sd8b.bmp,3,1384,8
9,1,full,full3e.bmp,1,2041,3
9,1,sd,sd5a.bmp,2,759,5
9,1,sd,sd1h.bmp,2,3096,1
9,1,sd,sd8e.bmp,3,724,8
9,1,full,full8b.bmp,2,695,8
9,1,sd,sd3f.bmp,3,707,3
9,1,sd,sd3d.bmp,3,1718,3
9,1,full,full1c.bmp,1,1130,1
9,1,sd,sd8f.bmp,3,1644,8
9,1,sd,sd3b.bmp,3,1443,3
9,1,small,small5h.bmp,4,697,5
9,1,small,small5e.bmp,4,509,5
9,1,small,small5g.bmp,4,544,5
9,1,small,small1b.bmp,4,530,1
9,1,sd,sd5b.bmp,3,1044,5
9,1,small,small1g.bmp,3,723,1
9,1,small,small8i.bmp,4,533,8
9,1,small,small3i.bmp,4,488,3
9,1,small,small3h.bmp,4,548,3
9,1,sd,sd1i.bmp,2,1054,1
9,1,sd,sd5f.bmp,3,860,5
9,1,sd,sd8j.bmp,3,665,8
9,1,small,small3a.bmp,4,575,3
9,1,sd,sd8c.bmp,3,703,8
9,1,sd,sd1j.bmp,2,723,1
9,1,small,small5c.bmp,4,774,5
9,1,small,small3e.bmp,4,470,3
9,1,small,small3b.bmp,4,452,3
9,1,small,small3f.bmp,4,409,3
9,1,small,small5i.bmp,4,609,5
9,1,sd,sd8h.bmp,4,592,8
9,1,small,small1e.bmp,3,943,1
9,1,full,full1j.bmp,1,1113,1
9,1,full,full5h.bmp,2,804,5
9,1,small,small3j.bmp,4,1388,3
9,1,full,full8h.bmp,2,1076,8
9,1,full,full5b.bmp,2,857,5
9,1,full,full1f.bmp,1,902,1
9,1,full,full8c.bmp,2,690,8
9,1,small,small8d.bmp,4,966,8
9,1,small,small1j.bmp,3,1608,1
9,1,small,small3g.bmp,4,671,3
9,1,small,small5j.bmp,4,500,5
9,1,sd,sd3a.bmp,3,2536,3
9,1,sd,sd8a.bmp,3,1092,8
9,1,small,small3d.bmp,4,400,3
9,1,sd,sd1f.bmp,2,823,1
9,1,sd,sd5j.bmp,3,814,5
9,1,full,full1a.bmp,1,1157,1
9,1,full,full1d.bmp,1,967,1
9,1,sd,sd1c.bmp,2,1064,1
9,1,full,full3i.bmp,2,990,3
9,1,small,small8b.bmp,4,758,8
9,1,sd,sd3j.bmp,3,823,3
9,1,small,small1a.bmp,4,1646,1
9,1,full,full5j.bmp,2,1348,5
9,1,full,full1b.bmp,1,974,1
9,1,small,small8a.bmp,4,726,8
9,1,sd,sd8g.bmp,3,904,8
9,1,sd,sd5g.bmp,3,828,5
9,1,small,small1f.bmp,3,603,1
9,1,small,small8c.bmp,4,659,8
9,1,sd,sd5d.bmp,3,664,5
9,1,full,full1e.bmp,1,1093,1
9,1,sd,sd3g.bmp,2,2513,3
9,1,full,full5a.bmp,2,829,5
9,1,sd,sd8i.bmp,3,940,8
9,1,full,full1i.bmp,1,1358,1
9,1,small,small8g.bmp,4,823,8
9,1,full,full8f.bmp,2,2246,8
9,1,sd,sd3i.bmp,3,941,3
9,1,sd,sd1g.bmp,2,927,1
9,1,full,full3g.bmp,1,921,3
9,1,sd,sd1a.bmp,2,765,1
9,1,full,full1g.bmp,1,806,1
9,1,sd,sd5i.bmp,3,2357,5
9,1,full,full8j.bmp,2,807,8
9,1,full,full8i.bmp,2,726,8
9,1,full,full8d.bmp,2,961,8
9,1,small,small1i.bmp,3,690,1
9,1,small,small1e.bmp,4,1830,1
9,1,sd,sd1i.bmp,2,1069,1
9,1,small,small3b.bmp,4,691,3
9,1,sd,sd5g.bmp,3,1021,5
9,1,full,full1j.bmp,1,1276,1
9,1,sd,sd5j.bmp,3,1801,5
9,1,small,small5b.bmp,4,505,5
9,1,small,small5f.bmp,4,565,5
9,1,full,full1i.bmp,1,1014,1
9,1,full,full1a.bmp,1,845,1
9,1,full,full8a.bmp,2,691,8
9,1,full,full1f.bmp,1,991,1
9,1,sd,sd5i.bmp,3,999,5
9,1,sd,sd1f.bmp,2,1087,1
9,1,full,full1b.bmp,1,852,1
9,1,small,small5j.bmp,4,586,5
9,1,small,small8f.bmp,4,650,8
9,1,full,full3c.bmp,2,8160,3
9,1,sd,sd3d.bmp,3,2364,3
9,1,sd,sd8b.bmp,4,1054,8
9,1,sd,sd8h.bmp,4,1172,8
9,1,full,full1c.bmp,1,1685,1
9,1,full,full5g.bmp,2,962,5
9,1,sd,sd3f.bmp,3,1507,3
9,1,full,full1e.bmp,1,1358,1
9,1,sd,sd8g.bmp,4,1687,8
9,1,sd,sd5e.bmp,3,1588,5
9,1,full,full1h.bmp,1,2084,1
9,1,full,full5j.bmp,2,2553,5
9,1,small,small3g.bmp,4,652,3
9,1,full,full8h.bmp,2,3618,8
9,1,sd,sd1e.bmp,2,1178,1
9,1,small,small3e.bmp,4,579,3
9,1,small,small5a.bmp,4,651,5
9,1,full,full5c.bmp,3,817,5
9,1,full,full5b.bmp,3,864,5
9,1,sd,sd8d.bmp,4,1421,8
9,1,sd,sd3a.bmp,3,876,3
9,1,sd,sd3b.bmp,3,673,3
9,1,sd,sd1a.bmp,3,645,1
9,1,sd,sd1c.bmp,2,899,1
9,1,full,full5f.bmp,2,919,5
9,1,full,full5e.bmp,2,617,5
9,1,sd,sd3e.bmp,2,576,3
9,1,sd,sd1h.bmp,2,656,1
9,1,small,small3h.bmp,4,694,3
9,1,small,small8c.bmp,4,730,8
9,1,small,small1g.bmp,4,732,1
9,1,full,full3j.bmp,2,1982,3
9,1,sd,sd1b.bmp,2,1622,1
9,1,sd,sd3h.bmp,2,1005,3
9,1,small,small5c.bmp,4,692,5
9,1,sd,sd8f.bmp,4,1960,8
9,1,small,small8h.bmp,4,642,8
9,1,small,small5d.bmp,4,503,5
9,1,sd,sd3g.bmp,3,875,3
9,1,small,small3c.bmp,4,599,3
9,1,small,small8g.bmp,4,519,8
9,1,sd,sd8e.bmp,4,2138,8
9,1,sd,sd5b.bmp,4,1020,5
9,1,full,full5d.bmp,2,1107,5
9,1,full,full3g.bmp,1,878,3
9,1,sd,sd5f.bmp,3,739,5
9,1,sd,sd8c.bmp,4,1877,8
9,1,small,small5e.bmp,4,1410,5
9,1,small,small5g.bmp,4,449,5
9,1,sd,sd8a.bmp,4,423,8
9,1,full,full3a.bmp,1,1014,3
9,1,small,small5i.bmp,4,597,5
9,1,sd,sd1d.bmp,2,1053,1
9,1,small,small1j.bmp,3,3603,1
9,1,sd,sd1j.bmp,2,812,1
9,1,small,small8a.bmp,4,587,8
9,1,sd,sd8j.bmp,4,1060,8
9,1,small,small1h.bmp,3,1505,1
9,1,sd,sd5a.bmp,3,621,5
9,1,full,full3e.bmp,1,963,3
9,1,sd,sd5h.bmp,3,932,5
9,1,full,full3d.bmp,1,847,3
9,1,sd,sd5d.bmp,3,717,5
9,1,full,full1g.bmp,1,568,1
9,1,small,small1a.bmp,4,1298,1
9,1,full,full5i.bmp,2,926,5
9,1,sd,sd8i.bmp,4,5744,8
9,1,small,small3f.bmp,4,604,3
9,1,sd,sd3c.bmp,3,1204,3
9,1,full,full5h.bmp,2,772,5
9,1,full,full8e.bmp,2,1189,8
9,1,full,full8b.bmp,2,1245,8
9,1,small,small8i.bmp,4,627,8
9,1,small,small8e.bmp,4,553,8
9,1,small,small1c.bmp,4,1427,1
9,1,small,small3i.bmp,4,546,3
9,1,full,full8c.bmp,2,1492,8
9,1,small,small8j.bmp,4,568,8
9,1,small,small3a.bmp,4,441,3
9,1,small,small5h.bmp,4,503,5
9,1,sd,sd3i.bmp,3,963,3
9,1,full,full8g.bmp,3,1005,8
9,1,full,full5a.bmp,2,573,5
9,1,small,small1d.bmp,3,797,1
9,1,small,small3d.bmp,4,589,3
9,1,small,small1b.bmp,3,700,1
9,1,full,full3h.bmp,2,808,3
9,1,sd,sd5c.bmp,3,1199,5
9,1,full,full3b.bmp,1,879,3
9,1,sd,sd3j.bmp,3,1948,3
9,1,sd,sd1g.bmp,2,806,1
9,1,full,full3i.bmp,2,646,3
9,1,full,full8f.bmp,3,796,8
9,1,small,small3j.bmp,4,748,3
9,1,small,small1f.bmp,3,965,1
9,1,full,full3f.bmp,1,903,3
9,1,small,small8b.bmp,4,651,8
9,1,small,small8d.bmp,4,505,8
9,1,full,full1d.bmp,1,1013,1
9,1,small,small5i.bmp,4,476,5
9,1,full,full5c.bmp,2,753,5
9,1,small,small1f.bmp,3,770,1
9,1,full,full1g.bmp,1,892,1
9,1,full,full1i.bmp,1,848,1
9,1,small,small5b.bmp,4,758,5
9,1,sd,sd8a.bmp,4,599,8
9,1,sd,sd5j.bmp,3,807,5
9,1,small,small3g.bmp,4,1054,3
9,1,full,full8d.bmp,2,2556,8
9,1,sd,sd3h.bmp,2,694,3
9,1,small,small3i.bmp,4,538,3
9,1,small,small8f.bmp,4,533,8
9,1,full,full3a.bmp,1,1167,3
9,1,small,small1b.bmp,4,753,1
9,1,small,small1g.bmp,4,1298,1
9,1,full,full8h.bmp,3,830,8
9,1,sd,sd3b.bmp,3,588,3
9,1,full,full8g.bmp,2,772,8
9,1,small,small1h.bmp,3,677,1
9,1,full,full3e.bmp,2,1353,3
9,1,full,full5f.bmp,2,996,5
9,1,sd,sd5f.bmp,3,1724,5
9,1,small,small5j.bmp,4,727,5
9,1,full,full3i.bmp,2,1089,3
9,1,small,small5d.bmp,4,589,5
9,1,sd,sd1i.bmp,2,797,1
9,1,sd,sd8d.bmp,3,693,8
9,1,small,small3c.bmp,4,569,3
9,1,sd,sd3a.bmp,2,522,3
9,1,full,full5d.bmp,2,1061,5
9,1,sd,sd1f.bmp,2,1434,1
9,1,sd,sd3i.bmp,2,465,3
9,1,full,full3h.bmp,2,662,3
9,1,small,small3h.bmp,4,947,3
9,1,small,small5h.bmp,4,605,5
9,1,small,small8e.bmp,4,1053,8
9,1,sd,sd8c.bmp,4,1515,8
9,1,full,full8j.bmp,3,1038,8
9,1,small,small8c.bmp,4,589,8
9,1,full,full8i.bmp,3,1605,8
9,1,small,small5f.bmp,4,1061,5
9,1,full,full1e.bmp,1,1218,1
9,1,full,full5i.bmp,3,937,5
9,1,full,full8b.bmp,2,1124,8
9,1,small,small5a.bmp,4,646,5
9,1,sd,sd5g.bmp,3,972,5
9,1,small,small1c.bmp,3,685,1
9,1,small,small1e.bmp,3,578,1
9,1,sd,sd1c.bmp,2,842,1
9,1,small,small3b.bmp,4,552,3
9,1,sd,sd8g.bmp,4,1042,8
9,1,full,full5a.bmp,2,800,5
9,1,small,small5c.bmp,4,456,5
9,1,sd,sd3c.bmp,3,1165,3
9,1,full,full5g.bmp,2,839,5
9,1,full,full8f.bmp,2,693,8
9,1,small,small3d.bmp,4,761,3
9,1,sd,sd8j.bmp,3,962,8
9,1,full,full5e.bmp,2,1091,5
9,1,full,full8e.bmp,2,911,8
9,1,sd,sd8e.bmp,3,923,8
9,1,sd,sd5i.bmp,3,597,5
9,1,small,small3f.bmp,3,509,3
9,1,sd,sd1d.bmp,2,792,1
9,1,full,full1h.bmp,2,728,1
9,1,full,full5j.bmp,2,603,5
9,1,small,small8a.bmp,4,675,8
9,1,sd,sd3f.bmp,3,719,3
9,1,full,full3j.bmp,2,659,3
9,1,small,small8b.bmp,4,600,8
9,1,sd,sd3d.bmp,3,952,3
9,1,sd,sd5b.bmp,3,1065,5
9,1,sd,sd8b.bmp,3,502,8
9,1,small,small8h.bmp,4,610,8
9,1,sd,sd3e.bmp,3,1801,3
9,1,sd,sd5a.bmp,3,666,5
9,1,full,full1c.bmp,2,559,1
9,1,full,full5h.bmp,2,840,5
9,1,sd,sd8i.bmp,4,1742,8
9,1,small,small8g.bmp,4,512,8
9,1,sd,sd1a.bmp,2,1076,1
9,1,sd,sd8h.bmp,3,872,8
9,1,full,full3b.bmp,2,2581,3
9,1,full,full3d.bmp,2,1326,3
9,1,sd,sd5c.bmp,3,785,5
9,1,sd,sd1h.bmp,2,786,1
9,1,full,full3f.bmp,1,994,3
9,1,small,small8j.bmp,3,642,8
9,1,sd,sd8f.bmp,3,1152,8
9,1,full,full1j.bmp,1,2042,1
9,1,small,small1d.bmp,3,2049,1
9,1,sd,sd3j.bmp,2,1063,3
9,1,sd,sd5e.bmp,3,885,5
9,1,full,full8a.bmp,2,1377,8
9,1,small,small5g.bmp,4,1594,5
9,1,full,full5b.bmp,3,1106,5
9,1,full,full3g.bmp,2,1325,3
9,1,full,full3c.bmp,2,976,3
9,1,small,small8d.bmp,4,616,8
9,1,sd,sd3g.bmp,3,2287,3
9,1,sd,sd5h.bmp,3,1852,5
9,1,full,full1a.bmp,1,1538,1
9,1,sd,sd1b.bmp,2,940,1
9,1,small,small5e.bmp,4,710,5
9,1,full,full1d.bmp,1,1162,1
9,1,sd,sd1e.bmp,2,755,1
9,1,small,small1j.bmp,3,924,1
9,1,full,full1b.bmp,1,1087,1
9,1,sd,sd1g.bmp,2,908,1
9,1,small,small3e.bmp,4,855,3
9,1,small,small1a.bmp,4,981,1
9,1,small,small8i.bmp,4,653,8
9,1,full,full8c.bmp,2,1171,8
9,1,sd,sd1j.bmp,2,973,1
9,1,small,small3j.bmp,4,1581,3
9,1,full,full1f.bmp,1,1190,1
9,1,sd,sd5d.bmp,3,4094,5
9,1,small,small1i.bmp,3,587,1
9,1,small,small3a.bmp,4,932,3
9,1,sd,sd5d.bmp,3,815,5
9,1,sd,sd1h.bmp,2,1325,1
9,1,full,full5g.bmp,1,808,5
9,1,full,full3c.bmp,1,879,3
9,1,small,small1e.bmp,3,844,1
9,1,sd,sd8e.bmp,3,682,8
9,1,small,small1h.bmp,3,1030,1
9,1,sd,sd3f.bmp,3,661,3
9,1,full,full8i.bmp,2,586,8
9,1,full,full5b.bmp,2,1107,5
9,1,small,small8h.bmp,4,846,8
9,1,sd,sd3b.bmp,3,1908,3
9,1,sd,sd8g.bmp,3,592,8
9,1,full,full5d.bmp,2,904,5
9,1,small,small5f.bmp,4,628,5
9,1,full,full8d.bmp,2,994,8
9,1,full,full3i.bmp,1,2034,3
9,1,sd,sd1a.bmp,2,905,1
9,1,small,small3a.bmp,4,853,3
9,1,small,small5i.bmp,4,563,5
9,1,full,full1a.bmp,1,1412,1
9,1,small,small8c.bmp,4,699,8
9,1,small,small3g.bmp,4,1007,3
9,1,sd,sd3j.bmp,3,1079,3
9,1,full,full1e.bmp,2,668,1
9,1,full,full1h.bmp,1,697,1
9,1,small,small8a.bmp,4,765,8
9,1,full,full1f.bmp,1,974,1
9,1,sd,sd3g.bmp,3,1127,3
9,1,small,small5d.bmp,4,712,5
9,1,small,small3b.bmp,4,1124,3
9,1,small,small5c.bmp,4,614,5
9,1,small,small3f.bmp,4,654,3
9,1,full,full8h.bmp,3,676,8
9,1,sd,sd8f.bmp,3,1072,8
9,1,full,full3g.bmp,2,1125,3
9,1,small,small1i.bmp,3,960,1
9,1,small,small3e.bmp,4,473,3
9,1,sd,sd8i.bmp,3,662,8
9,1,small,small5j.bmp,4,675,5
9,1,sd,sd1j.bmp,2,1335,1
9,1,sd,sd5f.bmp,3,722,5
9,1,small,small3j.bmp,4,525,3
9,1,full,full8g.bmp,3,855,8
9,1,small,small5b.bmp,4,1693,5
9,1,small,small5e.bmp,4,545,5
9,1,sd,sd1e.bmp,3,787,1
9,1,sd,sd3e.bmp,3,747,3
9,1,full,full1c.bmp,1,1109,1
9,1,full,full5c.bmp,2,4409,5
9,1,full,full5j.bmp,2,745,5
9,1,sd,sd5e.bmp,3,1579,5
9,1,sd,sd5b.bmp,3,532,5
9,1,full,full3f.bmp,1,807,3
9,1,sd,sd8h.bmp,4,1726,8
9,1,sd,sd1b.bmp,2,2784,1
9,1,full,full8a.bmp,2,929,8
9,1,sd,sd5h.bmp,3,1172,5
9,1,full,full1b.bmp,1,1141,1
9,1,sd,sd8b.bmp,3,1199,8
9,1,sd,sd3a.bmp,3,1135,3
9,1,sd,sd8d.bmp,3,1938,8
9,1,full,full3j.bmp,1,1012,3
9,1,sd,sd1f.bmp,1,779,1
9,1,small,small3c.bmp,4,852,3
9,1,small,small1g.bmp,3,1130,1
9,1,small,small1c.bmp,3,797,1
9,1,sd,sd1d.bmp,2,933,1
9,1,small,small8i.bmp,4,1215,8
9,1,sd,sd3h.bmp,3,1295,3
9,1,small,small5g.bmp,4,723,5
9,1,small,small5h.bmp,4,558,5
9,1,full,full8c.bmp,2,2007,8
9,1,small,small1j.bmp,4,5255,1
9,1,full,full8f.bmp,2,1341,8
9,1,small,small8e.bmp,4,904,8
9,1,small,small3d.bmp,4,524,3
9,1,small,small3h.bmp,4,965,3
9,1,sd,sd5g.bmp,3,751,5
9,1,full,full1i.bmp,1,1872,1
9,1,small,small8b.bmp,4,637,8
9,1,sd,sd5i.bmp,3,940,5
9,1,small,small1a.bmp,3,830,1
9,1,small,small1d.bmp,3,3349,1
9,1,full,full3b.bmp,1,1039,3
9,1,full,full8b.bmp,2,926,8
9,1,sd,sd3i.bmp,3,784,3
9,1,sd,sd8j.bmp,3,1009,8
9,1,small,small8j.bmp,4,760,8
9,1,full,full5e.bmp,2,1193,5
9,1,sd,sd8a.bmp,3,930,8
9,1,full,full3a.bmp,1,1308,3
9,1,full,full3d.bmp,1,816,3
9,1,sd,sd3d.bmp,2,863,3
9,1,sd,sd5j.bmp,3,476,5
9,1,sd,sd3c.bmp,2,897,3
9,1,sd,sd1g.bmp,2,1197,1
9,1,sd,sd5c.bmp,3,1213,5
9,1,full,full3e.bmp,2,924,3
9,1,small,small8g.bmp,4,703,8
9,1,full,full5a.bmp,2,1219,5
9,1,sd,sd1i.bmp,2,1586,1
9,1,full,full8e.bmp,2,939,8
9,1,small,small8d.bmp,4,693,8
9,1,full,full1g.bmp,1,2448,1
9,1,small,small1f.bmp,3,855,1
9,1,full,full8j.bmp,2,964,8
9,1,small,small8f.bmp,4,638,8
9,1,full,full5i.bmp,2,1500,5
9,1,full,full3h.bmp,2,640,3
9,1,full,full5h.bmp,2,678,5
9,1,full,full5f.bmp,2,811,5
9,1,full,full1d.bmp,1,1194,1
9,1,sd,sd8c.bmp,3,4770,8
9,1,small,small5a.bmp,4,1005,5
9,1,full,full1j.bmp,1,1812,1
9,1,small,small3i.bmp,4,1396,3
9,1,sd,sd1c.bmp,1,980,1
9,1,sd,sd5a.bmp,3,677,5
9,1,small,small1b.bmp,3,1225,1
10,1,small,small8a.bmp,4,7619,8
10,1,full,full8d.bmp,2,2852,8
10,1,full,full3g.bmp,2,3049,3
10,1,sd,sd5c.bmp,4,2383,5
10,1,small,small1h.bmp,3,3600,1
10,1,full,full8h.bmp,2,3672,8
10,1,sd,sd1h.bmp,2,3190,1
10,1,sd,sd8i.bmp,4,3127,8
10,1,small,small8b.bmp,4,3866,8
10,1,small,small5d.bmp,4,1952,5
10,1,sd,sd8a.bmp,4,4218,8
10,1,sd,sd5g.bmp,3,2065,5
10,1,small,small5c.bmp,4,1702,5
10,1,small,small3c.bmp,4,1298,3
10,1,small,small1f.bmp,3,2190,1
10,1,full,full5d.bmp,2,3030,5
10,1,sd,sd3e.bmp,2,2124,3
10,1,full,full5a.bmp,2,1343,5
10,1,small,small8h.bmp,4,1386,8
10,1,full,full3e.bmp,2,3346,3
10,1,sd,sd5e.bmp,3,2532,5
10,1,small,small8g.bmp,4,1175,8
10,1,full,full8a.bmp,2,1791,8
10,1,sd,sd5j.bmp,3,1504,5
10,1,sd,sd3a.bmp,3,2179,3
10,1,small,small1b.bmp,3,2236,1
10,1,small,small3h.bmp,4,1106,3
10,1,full,full3f.bmp,2,1453,3
10,1,small,small5j.bmp,4,1267,5
10,1,full,full5h.bmp,2,1128,5
10,1,full,full1f.bmp,1,4539,1
10,1,sd,sd8e.bmp,3,1798,8
10,1,full,full3b.bmp,2,1421,3
10,1,sd,sd1c.bmp,2,2556,1
10,1,sd,sd5a.bmp,3,2110,5
10,1,full,full5i.bmp,2,1193,5
10,1,small,small8c.bmp,4,3425,8
10,1,full,full8g.bmp,2,1201,8
10,1,sd,sd5h.bmp,3,2920,5
10,1,sd,sd1i.bmp,2,851,1
10,1,sd,sd1j.bmp,2,1337,1
10,1,full,full8f.bmp,2,1379,8
10,1,small,small8f.bmp,4,1052,8
10,1,sd,sd8g.bmp,3,2137,8
10,1,small,small1c.bmp,3,1108,1
10,1,full,full8c.bmp,2,871,8
10,1,small,small8i.bmp,4,1700,8
10,1,full,full5g.bmp,2,1479,5
10,1,sd,sd8f.bmp,3,1124,8
10,1,sd,sd5d.bmp,3,2167,5
10,1,full,full5b.bmp,2,1456,5
10,1,sd,sd3h.bmp,2,1134,3
10,1,sd,sd1e.bmp,2,808,1
10,1,full,full8i.bmp,2,1055,8
10,1,sd,sd3c.bmp,2,1892,3
10,1,small,small3i.bmp,4,1833,3
10,1,full,full1e.bmp,1,2198,1
10,1,full,full1d.bmp,1,1318,1
10,1,sd,sd1d.bmp,2,1393,1
10,1,small,small3d.bmp,3,2521,3
10,1,sd,sd1f.bmp,2,1084,1
10,1,sd,sd3b.bmp,3,1352,3
10,1,sd,sd3d.bmp,3,746,3
10,1,full,full1a.bmp,1,2028,1
10,1,sd,sd8h.bmp,2,1211,8
10,1,small,small1g.bmp,2,1114,1
10,1,full,full3a.bmp,2,1381,3
10,1,small,small1a.bmp,3,1622,1
10,1,small,small3e.bmp,3,3757,3
10,1,full,full3h.bmp,2,1343,3
10,1,small,small1j.bmp,3,4569,1
10,1,small,small8d.bmp,4,2099,8
10,1,sd,sd1a.bmp,2,2895,1
10,1,sd,sd8b.bmp,3,1811,8
10,1,full,full3d.bmp,2,1107,3
10,1,full,full1b.bmp,1,1061,1
10,1,sd,sd1g.bmp,2,995,1
10,1,sd,sd3f.bmp,3,1243,3
10,1,full,full3c.bmp,2,1473,3
10,1,full,full1h.bmp,1,1094,1
10,1,sd,sd8j.bmp,3,1370,8
10,1,full,full5e.bmp,2,1011,5
10,1,sd,sd8d.bmp,2,1986,8
10,1,full,full1j.bmp,1,2763,1
10,1,small,small3f.bmp,3,2516,3
10,1,full,full1g.bmp,1,1424,1
10,1,sd,sd3i.bmp,2,2375,3
10,1,small,small8e.bmp,4,1744,8
10,1,small,small3g.bmp,3,1346,3
10,1,sd,sd3g.bmp,3,924,3
10,1,sd,sd8c.bmp,4,911,8
10,1,sd,sd5b.bmp,4,1098,5
10,1,full,full3j.bmp,2,1126,3
10,1,small,small5b.bmp,4,3720,5
10,1,full,full3i.bmp,2,1844,3
10,1,full,full5c.bmp,2,1249,5
10,1,full,full8e.bmp,2,927,8
10,1,full,full8j.bmp,2,946,8
10,1,small,small5e.bmp,4,2884,5
10,1,small,small5g.bmp,4,1554,5
10,1,small,small3a.bmp,4,651,3
10,1,full,full5f.bmp,2,937,5
10,1,small,small1i.bmp,3,899,1
10,1,small,small1d.bmp,3,2982,1
10,1,small,small5a.bmp,4,1023,5
10,1,small,small5h.bmp,4,942,5
10,1,small,small3j.bmp,4,736,3
10,1,sd,sd5f.bmp,2,1034,5
10,1,full,full1i.bmp,1,1280,1
10,1,full,full5j.bmp,2,1885,5
10,1,sd,sd3j.bmp,3,1305,3
10,1,sd,sd5i.bmp,3,1332,5
10,1,small,small1e.bmp,3,687,1
10,1,sd,sd1b.bmp,2,1763,1
10,1,small,small5f.bmp,4,780,5
10,1,full,full8b.bmp,2,837,8
10,1,full,full1c.bmp,1,1163,1
10,1,small,small3b.bmp,2,1685,3
10,1,small,small5i.bmp,4,2169,5
10,1,small,small8j.bmp,1,8051,8
10,1,small,small3a.bmp,3,6859,3
10,1,sd,sd1b.bmp,2,1066,1
10,1,small,small3e.bmp,4,2216,3
10,1,full,full1d.bmp,1,1335,1
10,1,sd,sd5b.bmp,3,1785,5
10,1,small,small5h.bmp,4,1369,5
10,1,full,full1c.bmp,1,1186,1
10,1,small,small5g.bmp,3,1163,5
10,1,sd,sd8c.bmp,3,940,8
10,1,full,full1f.bmp,1,1102,1
10,1,sd,sd5d.bmp,3,1267,5
10,1,sd,sd8a.bmp,4,1936,8
10,1,small,small1c.bmp,3,1243,1
10,1,full,full5i.bmp,2,1697,5
10,1,full,full3e.bmp,2,1397,3
10,1,full,full1j.bmp,1,1078,1
10,1,full,full3f.bmp,2,929,3
10,1,full,full8b.bmp,2,1836,8
10,1,full,full3j.bmp,2,1091,3
10,1,small,small8g.bmp,4,2103,8
10,1,small,small5i.bmp,4,892,5
10,1,small,small8d.bmp,4,2167,8
10,1,small,small3c.bmp,3,2489,3
10,1,small,small1f.bmp,3,1006,1
10,1,small,small1h.bmp,3,957,1
10,1,full,full8j.bmp,2,1007,8
10,1,small,small8b.bmp,4,3894,8
10,1,small,small3h.bmp,3,1283,3
10,1,small,small5b.bmp,3,1144,5
10,1,full,full1b.bmp,1,1354,1
10,1,full,full3h.bmp,2,1596,3
10,1,full,full8g.bmp,2,636,8
10,1,full,full8i.bmp,2,563,8
10,1,sd,sd5e.bmp,3,1420,5
10,1,full,full8c.bmp,2,844,8
10,1,full,full3i.bmp,2,1490,3
10,1,small,small5a.bmp,4,2158,5
10,1,sd,sd1g.bmp,3,1215,1
10,1,full,full3c.bmp,2,982,3
10,1,full,full8d.bmp,2,959,8
10,1,small,small3j.bmp,3,1168,3
10,1,full,full5j.bmp,2,1489,5
10,1,small,small3d.bmp,4,981,3
10,1,sd,sd8g.bmp,3,1086,8
10,1,small,small3b.bmp,3,1090,3
10,1,sd,sd5g.bmp,3,894,5
10,1,sd,sd1f.bmp,3,1666,1
10,1,sd,sd1i.bmp,3,1439,1
10,1,small,small1d.bmp,4,1894,1
10,1,full,full5a.bmp,2,1218,5
10,1,small,small5e.bmp,4,2489,5
10,1,sd,sd5a.bmp,3,5653,5
10,1,full,full8e.bmp,2,900,8
10,1,sd,sd3f.bmp,3,1904,3
10,1,small,small8e.bmp,4,1003,8
10,1,sd,sd8b.bmp,2,1091,8
10,1,sd,sd8d.bmp,3,1007,8
10,1,sd,sd1h.bmp,2,1270,1
10,1,small,small1g.bmp,3,1019,1
10,1,sd,sd8i.bmp,2,1777,8
10,1,small,small3i.bmp,3,762,3
10,1,small,small1a.bmp,3,555,1
10,1,full,full1h.bmp,1,1548,1
10,1,sd,sd8h.bmp,4,11110,8
10,1,sd,sd3d.bmp,3,1037,3
10,1,sd,sd3j.bmp,3,667,3
10,1,sd,sd1d.bmp,2,1440,1
10,1,full,full5h.bmp,2,1126,5
10,1,sd,sd5h.bmp,3,1441,5
10,1,sd,sd1e.bmp,2,1151,1
10,1,full,full3g.bmp,2,1008,3
10,1,sd,sd3b.bmp,3,920,3
10,1,full,full8a.bmp,2,1354,8
10,1,sd,sd3h.bmp,3,1220,3
10,1,sd,sd5f.bmp,3,1443,5
10,1,small,small1e.bmp,3,1665,1
10,1,small,small5c.bmp,4,8397,5
10,1,sd,sd5j.bmp,3,903,5
10,1,small,small5f.bmp,4,3538,5
10,1,full,full5g.bmp,2,1373,5
10,1,small,small8a.bmp,4,1086,8
10,1,sd,sd1c.bmp,2,1714,1
10,1,sd,sd1j.bmp,2,1037,1
10,1,small,small8h.bmp,4,963,8
10,1,full,full5e.bmp,2,2020,5
10,1,full,full1e.bmp,1,1867,1
10,1,sd,sd8f.bmp,3,1680,8
10,1,sd,sd3i.bmp,2,1789,3
10,1,small,small1b.bmp,3,2462,1
10,1,small,small1i.bmp,3,940,1
10,1,full,full1i.bmp,1,4286,1
10,1,small,small1j.bmp,3,2987,1
10,1,sd,sd3g.bmp,3,811,3
10,1,sd,sd3a.bmp,3,731,3
10,1,small,small8c.bmp,4,1029,8
10,1,full,full1g.bmp,1,995,1
10,1,small,small8f.bmp,4,1027,8
10,1,full,full5d.bmp,2,834,5
10,1,small,small3g.bmp,3,1424,3
10,1,small,small8j.bmp,4,2167,8
10,1,full,full5b.bmp,2,1432,5
10,1,sd,sd8e.bmp,3,2550,8
10,1,sd,sd3e.bmp,3,952,3
10,1,sd,sd1a.bmp,2,1897,1
10,1,sd,sd3c.bmp,3,1286,3
10,1,full,full3a.bmp,2,898,3
10,1,small,small5j.bmp,3,1990,5
10,1,full,full5c.bmp,2,6390,5
10,1,sd,sd5c.bmp,3,880,5
10,1,small,small3f.bmp,3,1117,3
10,1,small,small8i.bmp,4,4647,8
10,1,full,full8h.bmp,2,1542,8
10,1,sd,sd5i.bmp,3,984,5
10,1,full,full5f.bmp,2,1208,5
10,1,full,full1a.bmp,1,1272,1
10,1,full,full3b.bmp,2,1012,3
10,1,full,full3d.bmp,2,1075,3
10,1,full,full8f.bmp,2,816,8
10,1,sd,sd8j.bmp,3,1374,8
10,1,small,small5d.bmp,4,1439,5
10,1,full,full5f.bmp,2,1061,5
10,1,small,small5h.bmp,4,1699,5
10,1,small,small1h.bmp,3,1070,1
10,1,full,full3a.bmp,2,1251,3
10,1,sd,sd8a.bmp,3,2688,8
10,1,sd,sd3b.bmp,3,3317,3
10,1,full,full8g.bmp,2,945,8
10,1,full,full1g.bmp,2,1211,1
10,1,small,small5d.bmp,3,4266,5
10,1,full,full1d.bmp,1,1568,1
10,1,small,small3a.bmp,3,1785,3
10,1,small,small1b.bmp,3,4417,1
10,1,small,small5f.bmp,4,1817,5
10,1,sd,sd8c.bmp,2,1584,8
10,1,small,small1d.bmp,3,4575,1
10,1,sd,sd8e.bmp,3,3033,8
10,1,sd,sd1d.bmp,2,1016,1
10,1,full,full1a.bmp,1,1647,1
10,1,small,small3h.bmp,3,2021,3
10,1,full,full5a.bmp,2,3764,5
10,1,sd,sd5b.bmp,3,1582,5
10,1,small,small1j.bmp,3,1262,1
10,1,small,small1f.bmp,3,1099,1
10,1,full,full3j.bmp,2,2007,3
10,1,small,small8g.bmp,4,1526,8
10,1,sd,sd5f.bmp,3,1617,5
10,1,full,full3b.bmp,2,1337,3
10,1,full,full1h.bmp,1,2955,1
10,1,full,full3e.bmp,2,1037,3
10,1,small,small3e.bmp,3,2420,3
10,1,sd,sd8g.bmp,3,3835,8
10,1,small,small8a.bmp,4,8962,8
10,1,sd,sd5c.bmp,3,799,5
10,1,full,full1e.bmp,1,1287,1
10,1,sd,sd3f.bmp,3,1819,3
10,1,sd,sd5i.bmp,3,6267,5
10,1,small,small8i.bmp,4,930,8
10,1,sd,sd3e.bmp,3,3733,3
10,1,sd,sd1f.bmp,2,1720,1
10,1,small,small1g.bmp,3,1940,1
10,1,sd,sd5d.bmp,3,2566,5
10,1,full,full1j.bmp,1,1176,1
10,1,sd,sd5a.bmp,3,5385,5
10,1,sd,sd8h.bmp,3,7418,8
10,1,full,full3i.bmp,2,1748,3
10,1,full,full1c.bmp,1,1070,1
10,1,full,full8e.bmp,2,980,8
10,1,sd,sd5e.bmp,3,1740,5
10,1,sd,sd3d.bmp,3,863,3
10,1,full,full1b.bmp,1,820,1
10,1,small,small3c.bmp,3,1291,3
10,1,small,small3b.bmp,3,655,3
10,1,sd,sd1h.bmp,2,805,1
10,1,small,small8h.bmp,1,813,8
10,1,sd,sd1a.bmp,2,1788,1
10,1,small,small5c.bmp,4,876,5
10,1,sd,sd8j.bmp,4,1113,8
10,1,small,small1e.bmp,2,1044,1
10,1,full,full3g.bmp,2,1290,3
10,1,full,full5h.bmp,2,1222,5
10,1,small,small5g.bmp,4,1749,5
10,1,sd,sd1c.bmp,2,2976,1
10,1,small,small5j.bmp,4,1057,5
10,1,sd,sd1e.bmp,2,846,1
10,1,full,full8f.bmp,2,980,8
10,1,sd,sd3h.bmp,3,837,3
10,1,sd,sd3i.bmp,3,1004,3
10,1,full,full3d.bmp,2,1515,3
10,1,small,small8e.bmp,4,958,8
10,1,full,full8b.bmp,2,1376,8
10,1,small,small3f.bmp,3,952,3
10,1,full,full3f.bmp,2,1418,3
10,1,small,small8d.bmp,4,2762,8
10,1,full,full5j.bmp,2,1076,5
10,1,small,small8j.bmp,4,993,8
10,1,sd,sd1g.bmp,2,1241,1
10,1,sd,sd1b.bmp,2,895,1
10,1,full,full5c.bmp,2,931,5
10,1,full,full5e.bmp,2,910,5
10,1,sd,sd3j.bmp,3,985,3
10,1,full,full3c.bmp,2,1754,3
10,1,full,full5d.bmp,2,980,5
10,1,sd,sd5g.bmp,3,1261,5
10,1,full,full8d.bmp,2,978,8
10,1,sd,sd8f.bmp,4,995,8
10,1,sd,sd8b.bmp,4,1867,8
10,1,sd,sd3g.bmp,3,888,3
10,1,sd,sd5j.bmp,3,1036,5
10,1,full,full8c.bmp,2,1979,8
10,1,full,full5i.bmp,2,820,5
10,1,sd,sd8d.bmp,4,947,8
10,1,full,full1f.bmp,1,2036,1
10,1,small,small1a.bmp,3,2580,1
10,1,sd,sd1i.bmp,2,813,1
10,1,small,small5i.bmp,4,1212,5
10,1,sd,sd8i.bmp,3,1908,8
10,1,full,full8h.bmp,2,1727,8
10,1,small,small8c.bmp,4,1242,8
10,1,small,small3d.bmp,4,928,3
10,1,small,small8f.bmp,4,859,8
10,1,small,small3i.bmp,4,1000,3
10,1,full,full8j.bmp,2,1056,8
10,1,small,small3g.bmp,4,1118,3
10,1,full,full5g.bmp,2,921,5
10,1,full,full5b.bmp,2,876,5
10,1,full,full1i.bmp,1,1065,1
10,1,full,full3h.bmp,1,686,3
10,1,sd,sd5h.bmp,2,1123,5
10,1,small,small5a.bmp,3,1366,5
10,1,small,small1i.bmp,3,743,1
10,1,small,small8b.bmp,3,2113,8
10,1,small,small3j.bmp,3,1877,3
10,1,full,full8a.bmp,2,3314,8
10,1,small,small5b.bmp,4,1445,5
10,1,sd,sd1j.bmp,2,883,1
10,1,small,small1c.bmp,3,1592,1
10,1,sd,sd3c.bmp,3,696,3
10,1,sd,sd3a.bmp,3,516,3
10,1,full,full8i.bmp,2,887,8
10,1,small,small5e.bmp,4,948,5
10,1,sd,sd8a.bmp,4,710,8
10,1,small,small1h.bmp,4,769,1
10,1,sd,sd5g.bmp,4,755,5
10,1,small,small5f.bmp,4,709,5
10,1,full,full8j.bmp,2,1104,8
10,1,sd,sd1a.bmp,2,1100,1
10,1,sd,sd8j.bmp,2,496,8
10,1,small,small3c.bmp,3,940,3
10,1,sd,sd1f.bmp,2,854,1
10,1,full,full3a.bmp,2,1419,3
10,1,small,small1j.bmp,3,1074,1
10,1,sd,sd8f.bmp,3,943,8
10,1,sd,sd8g.bmp,3,913,8
10,1,sd,sd3j.bmp,3,780,3
10,1,full,full5c.bmp,2,1189,5
10,1,full,full3e.bmp,2,1621,3
10,1,sd,sd8b.bmp,3,2620,8
10,1,full,full1c.bmp,1,1499,1
10,1,sd,sd1i.bmp,2,1287,1
10,1,full,full1d.bmp,1,1043,1
10,1,small,small1d.bmp,2,688,1
10,1,sd,sd5j.bmp,3,732,5
10,1,small,small3a.bmp,3,2230,3
10,1,full,full5h.bmp,2,917,5
10,1,small,small1c.bmp,3,967,1
10,1,small,small8j.bmp,4,1360,8
10,1,sd,sd1e.bmp,2,818,1
10,1,full,full1g.bmp,1,888,1
10,1,small,small5b.bmp,4,908,5
10,1,small,small5h.bmp,4,944,5
10,1,small,small1i.bmp,2,946,1
10,1,full,full3j.bmp,2,1188,3
10,1,full,full3d.bmp,2,924,3
10,1,full,full8a.bmp,2,935,8
10,1,full,full1f.bmp,1,1010,1
10,1,full,full8f.bmp,2,729,8
10,1,small,small5c.bmp,4,804,5
10,1,sd,sd3c.bmp,3,996,3
10,1,full,full1j.bmp,1,1060,1
10,1,sd,sd3i.bmp,2,761,3
10,1,sd,sd8d.bmp,4,1906,8
10,1,sd,sd5d.bmp,3,1078,5
10,1,small,small3h.bmp,2,1795,3
10,1,sd,sd8e.bmp,3,1019,8
10,1,small,small8i.bmp,4,835,8
10,1,small,small1f.bmp,3,849,1
10,1,full,full3i.bmp,1,1326,3
10,1,small,small1e.bmp,3,1521,1
10,1,full,full8e.bmp,2,812,8
10,1,sd,sd3h.bmp,3,1947,3
10,1,full,full5f.bmp,2,1254,5
10,1,full,full1h.bmp,1,948,1
10,1,sd,sd5i.bmp,2,1582,5
10,1,full,full3h.bmp,1,1191,3
10,1,sd,sd1h.bmp,2,1591,1
10,1,small,small3b.bmp,3,6863,3
10,1,small,small8e.bmp,4,1974,8
10,1,sd,sd8i.bmp,3,2223,8
10,1,small,small5e.bmp,3,487,5
10,1,full,full8g.bmp,2,1123,8
10,1,small,small1g.bmp,3,814,1
10,1,small,small8g.bmp,4,693,8
10,1,small,small3d.bmp,3,897,3
10,1,sd,sd3d.bmp,3,765,3
10,1,full,full8d.bmp,2,2446,8
10,1,sd,sd5b.bmp,3,1469,5
10,1,sd,sd5f.bmp,3,546,5
10,1,full,full5e.bmp,2,963,5
10,1,small,small5i.bmp,4,2085,5
10,1,small,small3i.bmp,3,794,3
10,1,sd,sd5e.bmp,3,1882,5
10,1,full,full1i.bmp,1,1495,1
10,1,full,full8h.bmp,2,827,8
10,1,sd,sd8h.bmp,4,1081,8
10,1,full,full8i.bmp,2,934,8
10,1,small,small5a.bmp,4,849,5
10,1,sd,sd1d.bmp,2,1047,1
10,1,full,full3f.bmp,2,1109,3
10,1,sd,sd3b.bmp,3,1024,3
10,1,sd,sd5h.bmp,3,679,5
10,1,sd,sd3f.bmp,3,572,3
10,1,full,full5d.bmp,2,1085,5
10,1,sd,sd1j.bmp,2,682,1
10,1,small,small1a.bmp,3,1102,1
10,1,small,small5j.bmp,4,690,5
10,1,full,full8b.bmp,2,750,8
10,1,sd,sd1b.bmp,2,680,1
10,1,full,full1a.bmp,1,1125,1
10,1,small,small1b.bmp,4,959,1
10,1,sd,sd5c.bmp,4,985,5
10,1,full,full1b.bmp,1,802,1
10,1,small,small8a.bmp,4,1129,8
10,1,sd,sd5a.bmp,3,764,5
10,1,full,full3c.bmp,1,1596,3
10,1,sd,sd8c.bmp,3,1469,8
10,1,full,full1e.bmp,1,906,1
10,1,small,small3f.bmp,3,2326,3
10,1,full,full3g.bmp,1,961,3
10,1,small,small5d.bmp,4,834,5
10,1,full,full5a.bmp,2,1337,5
10,1,small,small3e.bmp,3,1052,3
10,1,full,full5j.bmp,2,1378,5
10,1,sd,sd3a.bmp,3,786,3
10,1,full,full5i.bmp,2,1115,5
10,1,full,full5b.bmp,2,831,5
10,1,small,small5g.bmp,3,909,5
10,1,small,small8b.bmp,4,792,8
10,1,full,full5g.bmp,2,1008,5
10,1,sd,sd1g.bmp,2,1672,1
10,1,sd,sd3e.bmp,2,869,3
10,1,small,small8f.bmp,4,3146,8
10,1,small,small8h.bmp,4,909,8
10,1,small,small8d.bmp,4,728,8
10,1,small,small3j.bmp,4,643,3
10,1,sd,sd1c.bmp,3,849,1
10,1,small,small3g.bmp,4,943,3
10,1,small,small8c.bmp,4,793,8
10,1,sd,sd3g.bmp,3,665,3
10,1,full,full3b.bmp,2,1445,3
10,1,full,full8c.bmp,2,635,8
11,1,full,full5e.bmp,2,21394,5
11,1,sd,sd3d.bmp,3,7081,3
11,1,sd,sd8j.bmp,4,1519,8
11,1,sd,sd1e.bmp,2,12121,1
11,1,small,small1e.bmp,3,1760,1
11,1,sd,sd5f.bmp,3,2049,5
11,1,full,full8i.bmp,2,1359,8
11,1,full,full8e.bmp,2,1897,8
11,1,sd,sd8f.bmp,4,3093,8
11,1,small,small8b.bmp,4,1106,8
11,1,small,small8e.bmp,4,989,8
11,1,full,full8c.bmp,2,2421,8
11,1,full,full8b.bmp,2,924,8
11,1,sd,sd8h.bmp,4,1863,8
11,1,sd,sd5h.bmp,4,2132,5
11,1,sd,sd5j.bmp,4,1294,5
11,1,sd,sd8b.bmp,4,1242,8
11,1,full,full1b.bmp,1,3089,1
11,1,sd,sd5b.bmp,3,4813,5
11,1,sd,sd3e.bmp,3,1597,3
11,1,full,full5c.bmp,2,1454,5
11,1,small,small8i.bmp,4,1283,8
11,1,full,full8g.bmp,2,1631,8
11,1,small,small1h.bmp,3,1614,1
11,1,full,full1h.bmp,1,2637,1
11,1,full,full8f.bmp,2,1964,8
11,1,small,small5e.bmp,4,1205,5
11,1,small,small5c.bmp,4,796,5
11,1,sd,sd8e.bmp,4,740,8
11,1,small,small1f.bmp,4,3198,1
11,1,full,full1e.bmp,1,1134,1
11,1,small,small3e.bmp,4,2496,3
11,1,sd,sd3a.bmp,3,2605,3
11,1,full,full1i.bmp,1,1589,1
11,1,small,small1c.bmp,4,4469,1
11,1,sd,sd5c.bmp,4,2395,5
11,1,full,full3j.bmp,1,4867,3
11,1,small,small1i.bmp,3,3689,1
11,1,sd,sd5e.bmp,3,2822,5
11,1,sd,sd3i.bmp,3,3573,3
11,1,small,small5a.bmp,4,1247,5
11,1,full,full1g.bmp,1,973,1
11,1,full,full1f.bmp,1,734,1
11,1,sd,sd1g.bmp,2,2040,1
11,1,full,full3f.bmp,2,1886,3
11,1,small,small8f.bmp,4,1442,8
11,1,small,small8h.bmp,4,985,8
11,1,sd,sd3b.bmp,3,2153,3
11,1,full,full3a.bmp,2,1410,3
11,1,sd,sd3f.bmp,3,2601,3
11,1,full,full3g.bmp,1,1097,3
11,1,full,full1c.bmp,1,1469,1
11,1,sd,sd8i.bmp,4,1522,8
11,1,sd,sd1d.bmp,2,1925,1
11,1,small,small3i.bmp,4,1184,3
11,1,full,full5j.bmp,2,2112,5
11,1,sd,sd1f.bmp,2,1460,1
11,1,sd,sd3g.bmp,3,1289,3
11,1,full,full3c.bmp,2,1334,3
11,1,small,small8j.bmp,4,1112,8
11,1,sd,sd1a.bmp,2,4075,1
11,1,small,small3c.bmp,4,1624,3
11,1,full,full5h.bmp,2,999,5
11,1,small,small1j.bmp,3,750,1
11,1,sd,sd3j.bmp,3,1120,3
11,1,sd,sd8g.bmp,4,2090,8
11,1,small,small8g.bmp,4,951,8
11,1,small,small5b.bmp,4,864,5
11,1,sd,sd1h.bmp,3,2510,1
11,1,full,full3e.bmp,2,930,3
11,1,sd,sd8a.bmp,4,996,8
11,1,small,small1a.bmp,4,692,1
11,1,sd,sd8d.bmp,4,688,8
11,1,small,small3j.bmp,4,852,3
11,1,full,full5i.bmp,2,1106,5
11,1,small,small3d.bmp,4,1933,3
11,1,small,small1g.bmp,3,1191,1
11,1,small,small3b.bmp,4,2438,3
11,1,small,small5j.bmp,4,1341,5
11,1,sd,sd8c.bmp,4,1111,8
11,1,full,full1a.bmp,1,2219,1
11,1,small,small3a.bmp,4,1394,3
11,1,sd,sd1i.bmp,2,1490,1
11,1,full,full5b.bmp,2,1070,5
11,1,full,full3b.bmp,2,979,3
11,1,sd,sd1j.bmp,2,612,1
11,1,sd,sd1b.bmp,2,747,1
11,1,sd,sd5d.bmp,3,1989,5
11,1,full,full5g.bmp,2,829,5
11,1,small,small5g.bmp,4,1052,5
11,1,small,small5f.bmp,4,2673,5
11,1,full,full5f.bmp,2,1063,5
11,1,sd,sd5a.bmp,3,1003,5
11,1,full,full8d.bmp,2,963,8
11,1,small,small8a.bmp,4,892,8
11,1,full,full8h.bmp,2,1112,8
11,1,small,small1d.bmp,3,2619,1
11,1,full,full5d.bmp,2,1731,5
11,1,small,small5i.bmp,4,942,5
11,1,full,full1d.bmp,1,2104,1
11,1,sd,sd3c.bmp,3,5907,3
11,1,small,small3f.bmp,4,1617,3
11,1,small,small8d.bmp,4,1320,8
11,1,sd,sd1c.bmp,2,3097,1
11,1,sd,sd5g.bmp,3,2062,5
11,1,small,small5d.bmp,4,940,5
11,1,full,full3d.bmp,2,1398,3
11,1,full,full8a.bmp,2,678,8
11,1,sd,sd3h.bmp,2,506,3
11,1,full,full3i.bmp,2,797,3
11,1,full,full8j.bmp,2,1741,8
11,1,full,full1j.bmp,1,1312,1
11,1,small,small3g.bmp,4,987,3
11,1,small,small1b.bmp,3,1643,1
11,1,small,small8c.bmp,4,945,8
11,1,sd,sd5i.bmp,3,4004,5
11,1,small,small3h.bmp,4,996,3
11,1,full,full5a.bmp,2,1132,5
11,1,small,small5h.bmp,4,1766,5
11,1,full,full3h.bmp,2,2118,3
11,1,full,full8j.bmp,2,825,8
11,1,small,small1d.bmp,3,1272,1
11,1,small,small8b.bmp,4,893,8
11,1,full,full1f.bmp,1,1817,1
11,1,small,small1i.bmp,3,1152,1
11,1,sd,sd5c.bmp,3,1825,5
11,1,small,small1j.bmp,3,1328,1
11,1,full,full1e.bmp,1,1723,1
11,1,sd,sd8i.bmp,4,5534,8
11,1,sd,sd5g.bmp,3,1706,5
11,1,full,full3a.bmp,2,1093,3
11,1,full,full3c.bmp,2,1240,3
11,1,sd,sd1d.bmp,2,2927,1
11,1,sd,sd3c.bmp,2,5594,3
11,1,small,small1b.bmp,3,668,1
11,1,sd,sd3f.bmp,3,4104,3
11,1,small,small3i.bmp,4,2485,3
11,1,small,small8f.bmp,4,1665,8
11,1,sd,sd8j.bmp,4,639,8
11,1,small,small3c.bmp,4,925,3
11,1,full,full3f.bmp,2,5040,3
11,1,sd,sd5d.bmp,3,1414,5
11,1,small,small3j.bmp,4,1493,3
11,1,small,small5j.bmp,4,1489,5
11,1,full,full1a.bmp,1,1374,1
11,1,small,small1e.bmp,3,1942,1
11,1,small,small5f.bmp,3,865,5
11,1,full,full3b.bmp,1,2182,3
11,1,sd,sd1f.bmp,2,3839,1
11,1,full,full1g.bmp,1,990,1
11,1,small,small8g.bmp,4,990,8
11,1,sd,sd8g.bmp,4,1094,8
11,1,full,full3i.bmp,1,946,3
11,1,small,small5d.bmp,4,1172,5
11,1,sd,sd8h.bmp,4,1125,8
11,1,sd,sd1g.bmp,2,2670,1
11,1,full,full8b.bmp,2,700,8
11,1,small,small8j.bmp,4,3295,8
11,1,sd,sd5i.bmp,3,7756,5
11,1,small,small8c.bmp,4,1016,8
11,1,sd,sd1i.bmp,2,1142,1
11,1,full,full5j.bmp,1,4273,5
11,1,small,small5g.bmp,4,3150,5
11,1,sd,sd3i.bmp,2,2505,3
11,1,small,small8h.bmp,1,1141,8
11,1,sd,sd3g.bmp,3,13918,3
11,1,full,full5d.bmp,2,7493,5
11,1,sd,sd5a.bmp,3,1827,5
11,1,small,small1f.bmp,3,2130,1
11,1,full,full8h.bmp,2,4254,8
11,1,small,small5i.bmp,4,1019,5
11,1,small,small3a.bmp,4,962,3
11,1,small,small8d.bmp,4,1251,8
11,1,full,full8e.bmp,2,3065,8
11,1,full,full5g.bmp,2,1126,5
11,1,sd,sd1b.bmp,2,1161,1
11,1,sd,sd3j.bmp,3,1138,3
11,1,sd,sd5h.bmp,3,1324,5
11,1,sd,sd5j.bmp,3,1615,5
11,1,sd,sd8a.bmp,4,1743,8
11,1,full,full1h.bmp,1,1417,1
11,1,small,small5e.bmp,4,9935,5
11,1,sd,sd8d.bmp,4,2500,8
11,1,small,small1h.bmp,3,904,1
11,1,sd,sd1e.bmp,2,1932,1
11,1,small,small3e.bmp,4,1862,3
11,1,full,full8i.bmp,2,1228,8
11,1,small,small8a.bmp,4,906,8
11,1,small,small1c.bmp,3,1318,1
11,1,small,small5a.bmp,4,4329,5
11,1,sd,sd8b.bmp,4,1165,8
11,1,small,small5b.bmp,4,990,5
11,1,small,small3h.bmp,4,638,3
11,1,small,small3g.bmp,4,716,3
11,1,sd,sd3e.bmp,3,2207,3
11,1,sd,sd5f.bmp,3,701,5
11,1,full,full1j.bmp,1,969,1
11,1,full,full8c.bmp,2,1249,8
11,1,small,small3d.bmp,4,5607,3
11,1,sd,sd1c.bmp,2,904,1
11,1,full,full1c.bmp,1,1099,1
11,1,small,small3f.bmp,4,4727,3
11,1,full,full5i.bmp,2,1051,5
11,1,sd,sd8e.bmp,4,8545,8
11,1,full,full3j.bmp,2,2117,3
11,1,sd,sd1a.bmp,2,720,1
11,1,sd,sd3d.bmp,3,1204,3
11,1,sd,sd1h.bmp,2,1124,1
11,1,full,full1d.bmp,1,855,1
11,1,full,full5b.bmp,2,1205,5
11,1,small,small8i.bmp,4,980,8
11,1,sd,sd1j.bmp,2,1181,1
11,1,full,full5e.bmp,2,1078,5
11,1,full,full3g.bmp,2,1330,3
11,1,sd,sd3a.bmp,3,1573,3
11,1,full,full1b.bmp,4,2006,1
11,1,full,full8a.bmp,2,3046,8
11,1,full,full8f.bmp,2,1237,8
11,1,sd,sd8c.bmp,4,1467,8
11,1,small,small5h.bmp,4,3216,5
11,1,small,small1g.bmp,2,4096,1
11,1,full,full5c.bmp,2,1117,5
11,1,full,full8g.bmp,2,857,8
11,1,sd,sd3b.bmp,3,2702,3
11,1,full,full5h.bmp,3,1347,5
11,1,small,small8e.bmp,4,4093,8
11,1,small,small5c.bmp,4,1098,5
11,1,full,full1i.bmp,1,1110,1
11,1,sd,sd3h.bmp,2,2682,3
11,1,full,full5f.bmp,2,5086,5
11,1,sd,sd8f.bmp,4,1860,8
11,1,full,full3e.bmp,1,3674,3
11,1,sd,sd5e.bmp,3,8447,5
11,1,full,full3h.bmp,1,1544,3
11,1,sd,sd5b.bmp,3,2210,5
11,1,full,full3d.bmp,1,3314,3
11,1,full,full8d.bmp,2,1006,8
11,1,small,small1a.bmp,3,2830,1
11,1,small,small3b.bmp,4,660,3
11,1,full,full5a.bmp,2,857,5
11,1,small,small3d.bmp,4,2375,3
11,1,small,small5c.bmp,4,848,5
11,1,small,small5a.bmp,4,606,5
11,1,sd,sd8h.bmp,4,1093,8
11,1,small,small5i.bmp,4,849,5
11,1,small,small8d.bmp,4,719,8
11,1,sd,sd1j.bmp,2,3483,1
11,1,small,small5j.bmp,4,1768,5
11,1,small,small3g.bmp,4,1938,3
11,1,full,full5c.bmp,2,924,5
11,1,full,full5j.bmp,2,1543,5
11,1,sd,sd3j.bmp,3,1473,3
11,1,small,small1i.bmp,3,2685,1
11,1,full,full1b.bmp,1,1578,1
11,1,sd,sd5d.bmp,3,7491,5
11,1,full,full5b.bmp,2,8378,5
11,1,full,full3a.bmp,2,997,3
11,1,sd,sd5h.bmp,3,2349,5
11,1,small,small8b.bmp,4,1304,8
11,1,sd,sd3f.bmp,3,1524,3
11,1,sd,sd8c.bmp,4,1183,8
11,1,small,small8g.bmp,4,4183,8
11,1,small,small3e.bmp,4,2112,3
11,1,full,full5f.bmp,2,852,5
11,1,full,full3e.bmp,2,1410,3
11,1,sd,sd8g.bmp,4,1338,8
11,1,small,small1e.bmp,3,653,1
11,1,sd,sd5j.bmp,3,915,5
11,1,full,full8e.bmp,2,782,8
11,1,sd,sd5i.bmp,3,871,5
11,1,small,small3b.bmp,4,900,3
11,1,sd,sd5a.bmp,3,1768,5
11,1,small,small1h.bmp,3,738,1
11,1,full,full1i.bmp,1,1116,1
11,1,full,full1d.bmp,1,840,1
11,1,sd,sd1b.bmp,2,934,1
11,1,full,full3i.bmp,1,1144,3
11,1,sd,sd8e.bmp,3,1289,8
11,1,sd,sd1a.bmp,2,1174,1
11,1,sd,sd8i.bmp,4,886,8
11,1,small,small1f.bmp,3,1979,1
11,1,sd,sd5e.bmp,3,1804,5
11,1,full,full3g.bmp,2,940,3
11,1,small,small5d.bmp,4,646,5
11,1,small,small5b.bmp,4,700,5
11,1,sd,sd3e.bmp,2,856,3
11,1,full,full1c.bmp,1,1302,1
11,1,full,full5g.bmp,2,1138,5
11,1,sd,sd1f.bmp,2,2365,1
11,1,full,full3f.bmp,1,1118,3
11,1,small,small3i.bmp,4,2058,3
11,1,full,full8i.bmp,2,2823,8
11,1,full,full5i.bmp,2,1070,5
11,1,full,full3d.bmp,2,939,3
11,1,small,small1a.bmp,3,5005,1
11,1,small,small8e.bmp,1,838,8
11,1,small,small8c.bmp,4,1020,8
11,1,small,small8a.bmp,4,659,8
11,1,sd,sd3b.bmp,3,2128,3
11,1,full,full8d.bmp,2,651,8
11,1,sd,sd5b.bmp,3,1161,5
11,1,small,small5g.bmp,4,450,5
11,1,small,small3h.bmp,4,575,3
11,1,sd,sd1g.bmp,2,1328,1
11,1,sd,sd8f.bmp,3,763,8
11,1,small,small3a.bmp,4,660,3
11,1,full,full1a.bmp,1,1193,1
11,1,full,full5h.bmp,2,992,5
11,1,full,full3h.bmp,1,824,3
11,1,sd,sd8d.bmp,4,1327,8
11,1,sd,sd1c.bmp,2,4266,1
11,1,full,full1e.bmp,1,737,1
11,1,full,full1j.bmp,1,1011,1
11,1,sd,sd5g.bmp,3,3939,5
11,1,small,small1g.bmp,3,5718,1
11,1,full,full1f.bmp,1,963,1
11,1,small,small1j.bmp,3,740,1
11,1,small,small1c.bmp,3,1270,1
11,1,full,full1g.bmp,1,804,1
11,1,sd,sd1i.bmp,2,884,1
11,1,full,full8a.bmp,2,591,8
11,1,full,full8f.bmp,2,711,8
11,1,small,small3f.bmp,4,1378,3
11,1,small,small8i.bmp,4,755,8
11,1,small,small8h.bmp,4,757,8
11,1,sd,sd8a.bmp,4,758,8
11,1,sd,sd3h.bmp,2,2407,3
11,1,sd,sd1h.bmp,2,799,1
11,1,full,full8h.bmp,2,543,8
11,1,small,small5f.bmp,4,1481,5
11,1,sd,sd1d.bmp,2,7086,1
11,1,sd,sd8b.bmp,4,1325,8
11,1,full,full5e.bmp,2,1024,5
11,1,small,small5e.bmp,4,1294,5
11,1,sd,sd1e.bmp,2,1737,1
11,1,full,full3c.bmp,2,1004,3
11,1,full,full8b.bmp,2,916,8
11,1,full,full8c.bmp,2,767,8
11,1,sd,sd5c.bmp,3,1001,5
11,1,full,full3j.bmp,2,681,3
11,1,full,full8g.bmp,2,1349,8
11,1,sd,sd5f.bmp,3,591,5
11,1,small,small3c.bmp,4,2287,3
11,1,full,full3b.bmp,2,1068,3
11,1,sd,sd3a.bmp,3,634,3
11,1,small,small5h.bmp,4,536,5
11,1,sd,sd3g.bmp,3,1139,3
11,1,small,small8f.bmp,4,901,8
11,1,sd,sd3i.bmp,3,713,3
11,1,sd,sd3d.bmp,3,852,3
11,1,full,full5d.bmp,2,826,5
11,1,small,small1d.bmp,3,1153,1
11,1,small,small1b.bmp,3,1130,1
11,1,full,full5a.bmp,2,1053,5
11,1,full,full1h.bmp,1,1323,1
11,1,sd,sd3c.bmp,3,1814,3
11,1,small,small3j.bmp,4,1398,3
11,1,small,small8j.bmp,4,1958,8
11,1,sd,sd8j.bmp,3,4951,8
11,1,full,full8j.bmp,2,1203,8
11,1,small,small3c.bmp,4,18634,3
11,1,sd,sd5g.bmp,3,8078,5
11,1,small,small3j.bmp,4,1430,3
11,1,sd,sd3d.bmp,3,1661,3
11,1,full,full1f.bmp,1,890,1
11,1,small,small5c.bmp,4,1406,5
11,1,full,full3h.bmp,2,1142,3
11,1,small,small8d.bmp,4,976,8
11,1,sd,sd8f.bmp,4,2225,8
11,1,full,full1i.bmp,1,1096,1
11,1,sd,sd1a.bmp,2,891,1
11,1,sd,sd3a.bmp,3,1407,3
11,1,full,full8e.bmp,2,846,8
11,1,sd,sd8h.bmp,4,5228,8
11,1,sd,sd8d.bmp,4,1277,8
11,1,small,small1g.bmp,3,1369,1
11,1,small,small1i.bmp,3,835,1
11,1,small,small5i.bmp,4,690,5
11,1,full,full3b.bmp,2,1701,3
11,1,full,full3e.bmp,1,826,3
11,1,sd,sd1h.bmp,2,840,1
11,1,sd,sd8e.bmp,3,1302,8
11,1,full,full5c.bmp,2,1499,5
11,1,small,small1d.bmp,3,1271,1
11,1,small,small8i.bmp,4,955,8
11,1,sd,sd1i.bmp,2,1573,1
11,1,sd,sd1d.bmp,2,726,1
11,1,sd,sd5d.bmp,3,1112,5
11,1,full,full5h.bmp,2,1092,5
11,1,sd,sd8g.bmp,4,2448,8
11,1,full,full8f.bmp,2,1494,8
11,1,small,small8h.bmp,4,731,8
11,1,full,full8j.bmp,2,677,8
11,1,small,small5d.bmp,4,602,5
11,1,sd,sd8b.bmp,4,754,8
11,1,full,full5g.bmp,2,1212,5
11,1,sd,sd3c.bmp,3,1283,3
11,1,full,full8c.bmp,2,704,8
11,1,sd,sd3h.bmp,3,1748,3
11,1,full,full8b.bmp,2,678,8
11,1,sd,sd5i.bmp,3,1530,5
11,1,small,small5j.bmp,4,1357,5
11,1,sd,sd1b.bmp,2,3790,1
11,1,full,full1j.bmp,1,1135,1
11,1,full,full3f.bmp,1,1226,3
11,1,sd,sd3b.bmp,3,1025,3
11,1,full,full5i.bmp,2,736,5
11,1,sd,sd5b.bmp,3,1794,5
11,1,sd,sd5a.bmp,3,803,5
11,1,small,small1f.bmp,3,1011,1
11,1,full,full1c.bmp,1,3738,1
11,1,small,small8b.bmp,4,6261,8
11,1,sd,sd1c.bmp,2,4891,1
11,1,sd,sd5f.bmp,3,1033,5
11,1,sd,sd5e.bmp,3,1863,5
11,1,sd,sd1g.bmp,2,917,1
11,1,full,full3j.bmp,1,2576,3
11,1,full,full1e.bmp,1,1794,1
11,1,sd,sd8j.bmp,3,1146,8
11,1,sd,sd5h.bmp,3,948,5
11,1,full,full5b.bmp,2,774,5
11,1,sd,sd8c.bmp,4,1655,8
11,1,small,small5a.bmp,4,677,5
11,1,sd,sd8a.bmp,4,849,8
11,1,sd,sd1f.bmp,2,1519,1
11,1,small,small5b.bmp,4,1291,5
11,1,small,small8g.bmp,4,1902,8
11,1,full,full1h.bmp,1,4210,1
11,1,small,small3d.bmp,4,6587,3
11,1,full,full5a.bmp,2,1957,5
11,1,sd,sd5c.bmp,3,1183,5
11,1,small,small1h.bmp,3,951,1
11,1,full,full8g.bmp,2,7777,8
11,1,full,full1b.bmp,1,796,1
11,1,small,small8e.bmp,4,1508,8
11,1,small,small3a.bmp,4,887,3
11,1,full,full8a.bmp,2,932,8
11,1,small,small5h.bmp,4,1358,5
11,1,sd,sd3g.bmp,3,2176,3
11,1,full,full5e.bmp,2,649,5
11,1,full,full3c.bmp,2,967,3
11,1,small,small5g.bmp,4,960,5
11,1,full,full8i.bmp,2,682,8
11,1,sd,sd1j.bmp,2,590,1
11,1,full,full5j.bmp,2,614,5
11,1,sd,sd1e.bmp,2,510,1
11,1,small,small8c.bmp,4,737,8
11,1,full,full3g.bmp,2,635,3
11,1,small,small3e.bmp,3,1010,3
11,1,small,small1b.bmp,3,793,1
11,1,sd,sd3i.bmp,3,777,3
11,1,small,small3b.bmp,4,690,3
11,1,full,full5d.bmp,2,646,5
11,1,sd,sd5j.bmp,3,1955,5
11,1,full,full3a.bmp,2,1453,3
11,1,small,small3f.bmp,3,659,3
11,1,small,small3i.bmp,4,1208,3
11,1,full,full1g.bmp,1,1584,1
11,1,small,small1a.bmp,3,1312,1
11,1,full,full8h.bmp,2,1260,8
11,1,small,small3g.bmp,4,2321,3
11,1,full,full5f.bmp,2,3429,5
11,1,full,full8d.bmp,2,684,8
11,1,small,small5e.bmp,4,3169,5
11,1,small,small1c.bmp,3,1435,1
11,1,full,full3d.bmp,2,794,3
11,1,small,small5f.bmp,4,826,5
11,1,small,small8f.bmp,4,1064,8
11,1,sd,sd3e.bmp,3,2333,3
11,1,sd,sd8i.bmp,3,2064,8
11,1,full,full1a.bmp,1,1094,1
11,1,small,small8a.bmp,4,1042,8
11,1,full,full1d.bmp,1,1672,1
11,1,small,small1j.bmp,3,3157,1
11,1,sd,sd3f.bmp,3,7455,3
11,1,small,small8j.bmp,4,1623,8
11,1,small,small3h.bmp,3,1806,3
11,1,sd,sd3j.bmp,3,1101,3
11,1,full,full3i.bmp,2,1033,3
11,1,small,small1e.bmp,3,4711,1
13,1,small,small8c.bmp,1,11042,8
13,1,small,small3c.bmp,1,3018,3
13,1,full,full3j.bmp,2,4179,3
13,1,small,small5d.bmp,1,1566,5
13,1,full,full1i.bmp,3,3799,1
13,1,small,small3j.bmp,1,1098,3
13,1,small,small5f.bmp,1,2249,5
13,1,full,full8a.bmp,4,10565,8
13,1,full,full1a.bmp,3,5267,1
13,1,full,full3a.bmp,3,4436,3
13,1,sd,sd5h.bmp,1,5367,5
13,1,small,small8g.bmp,4,6086,8
13,1,small,small3f.bmp,4,1185,3
13,1,full,full5e.bmp,2,1939,5
13,1,full,full1j.bmp,1,583,1
13,1,full,full8g.bmp,2,1104,8
13,1,small,small1d.bmp,2,1664,1
13,1,small,small3a.bmp,3,1760,3
13,1,full,full1f.bmp,2,858,1
13,1,small,small1a.bmp,2,1924,1
13,1,full,full5j.bmp,2,4916,5
13,1,small,small1g.bmp,3,1602,1
13,1,sd,sd5i.bmp,3,816,5
13,1,sd,sd3e.bmp,3,780,3
13,1,sd,sd1b.bmp,3,1162,1
13,1,full,full8f.bmp,3,951,8
13,1,sd,sd5f.bmp,3,1983,5
13,1,small,small5c.bmp,4,1535,5
13,1,sd,sd3i.bmp,3,2649,3
13,1,sd,sd8h.bmp,4,706,8
13,1,sd,sd1e.bmp,2,2377,1
13,1,small,small1c.bmp,3,1168,1
13,1,full,full8e.bmp,2,1446,8
13,1,full,full5a.bmp,2,1313,5
13,1,small,small3d.bmp,3,699,3
13,1,full,full5b.bmp,2,849,5
13,1,small,small3b.bmp,3,1770,3
13,1,full,full3g.bmp,1,1188,3
13,1,sd,sd3g.bmp,2,1127,3
13,1,small,small5j.bmp,4,737,5
13,1,small,small1f.bmp,2,1605,1
13,1,small,small3e.bmp,4,1408,3
13,1,sd,sd8d.bmp,4,769,8
13,1,full,full1h.bmp,1,2309,1
13,1,small,small3g.bmp,3,2433,3
13,1,full,full5f.bmp,2,1492,5
13,1,full,full8d.bmp,2,858,8
13,1,sd,sd8a.bmp,4,2319,8
13,1,sd,sd3c.bmp,3,1443,3
13,1,small,small5h.bmp,4,1017,5
13,1,sd,sd3f.bmp,2,5351,3
13,1,full,full5c.bmp,1,918,5
13,1,sd,sd8c.bmp,3,1215,8
13,1,sd,sd1i.bmp,2,916,1
13,1,small,small8b.bmp,4,1053,8
13,1,full,full1b.bmp,1,2180,1
13,1,sd,sd1c.bmp,2,2561,1
13,1,small,small8h.bmp,4,678,8
13,1,small,small5e.bmp,4,533,5
13,1,small,small3i.bmp,4,478,3
13,1,sd,sd3a.bmp,4,2303,3
13,1,sd,sd5b.bmp,3,1031,5
13,1,sd,sd8e.bmp,3,1963,8
13,1,small,small8j.bmp,4,532,8
13,1,sd,sd8g.bmp,3,759,8
13,1,small,small1i.bmp,2,1002,1
13,1,small,small1e.bmp,3,1147,1
13,1,sd,sd8i.bmp,3,699,8
13,1,full,full5i.bmp,2,953,5
13,1,small,small5g.bmp,4,676,5
13,1,small,small1b.bmp,3,799,1
13,1,full,full3f.bmp,2,887,3
13,1,sd,sd3b.bmp,2,1060,3
13,1,sd,sd5c.bmp,3,2370,5
13,1,sd,sd3h.bmp,2,751,3
13,1,sd,sd8f.bmp,4,471,8
13,1,full,full5d.bmp,2,1574,5
13,1,full,full8j.bmp,2,764,8
13,1,small,small8i.bmp,4,1786,8
13,1,small,small3h.bmp,3,1162,3
13,1,sd,sd5e.bmp,3,1327,5
13,1,small,small5b.bmp,4,1187,5
13,1,small,small1h.bmp,3,772,1
13,1,full,full8c.bmp,2,909,8
13,1,small,small8a.bmp,4,596,8
13,1,full,full3c.bmp,1,883,3
13,1,full,full8b.bmp,2,1493,8
13,1,small,small5a.bmp,3,2847,5
13,1,sd,sd1g.bmp,1,3514,1
13,1,full,full5h.bmp,1,557,5
13,1,full,full3i.bmp,1,724,3
13,1,sd,sd1h.bmp,2,647,1
13,1,sd,sd5g.bmp,2,2127,5
13,1,small,small8f.bmp,4,774,8
13,1,sd,sd3j.bmp,3,1783,3
13,1,sd,sd5d.bmp,3,1559,5
13,1,sd,sd5j.bmp,3,1209,5
13,1,sd,sd8j.bmp,4,1766,8
13,1,sd,sd1j.bmp,1,962,1
13,1,sd,sd5a.bmp,2,928,5
13,1,small,small1j.bmp,2,658,1
13,1,full,full1c.bmp,2,845,1
13,1,full,full3h.bmp,2,682,3
13,1,full,full1e.bmp,1,588,1
13,1,full,full5g.bmp,2,1408,5
13,1,sd,sd1a.bmp,2,694,1
13,1,sd,sd3d.bmp,2,1229,3
13,1,full,full1d.bmp,1,722,1
13,1,full,full3b.bmp,1,964,3
13,1,full,full3d.bmp,1,1175,3
13,1,full,full3e.bmp,1,1562,3
13,1,small,small8d.bmp,4,722,8
13,1,sd,sd8b.bmp,3,1262,8
13,1,sd,sd1d.bmp,2,2296,1
13,1,full,full8i.bmp,2,2608,8
13,1,small,small5i.bmp,4,3361,5
13,1,small,small8e.bmp,4,1483,8
13,1,full,full8h.bmp,2,1146,8
13,1,full,full1g.bmp,1,2420,1
13,1,sd,sd1f.bmp,2,1668,1
13,1,small,small5c.bmp,3,1860,5
13,1,sd,sd3f.bmp,2,1848,3
13,1,full,full3e.bmp,1,1536,3
13,1,small,small8b.bmp,4,1560,8
13,1,small,small8d.bmp,4,713,8
13,1,small,small5g.bmp,3,1225,5
13,1,sd,sd1d.bmp,1,3362,1
13,1,small,small5b.bmp,4,2834,5
13,1,small,small1j.bmp,3,1243,1
13,1,full,full8c.bmp,2,568,8
13,1,sd,sd3h.bmp,2,744,3
13,1,sd,sd8a.bmp,3,1154,8
13,1,small,small3b.bmp,3,1079,3
13,1,sd,sd1g.bmp,1,3652,1
13,1,sd,sd8i.bmp,3,1533,8
13,1,full,full3i.bmp,1,1580,3
13,1,small,small8j.bmp,1,1030,8
13,1,sd,sd5e.bmp,2,4831,5
13,1,full,full3a.bmp,1,832,3
13,1,sd,sd5i.bmp,2,1976,5
13,1,small,small5a.bmp,4,1619,5
13,1,full,full8d.bmp,3,1586,8
13,1,sd,sd5c.bmp,2,1934,5
13,1,sd,sd1i.bmp,2,2146,1
13,1,full,full5h.bmp,2,1332,5
13,1,small,small3c.bmp,2,1695,3
13,1,small,small5f.bmp,4,3360,5
13,1,full,full1g.bmp,2,803,1
13,1,small,small3e.bmp,3,3987,3
13,1,small,small5h.bmp,4,654,5
13,1,full,full1i.bmp,1,721,1
13,1,small,small5j.bmp,2,2062,5
13,1,sd,sd3i.bmp,2,2653,3
13,1,sd,sd3b.bmp,2,12429,3
13,1,full,full3j.bmp,2,875,3
13,1,sd,sd8e.bmp,3,1268,8
13,1,full,full5c.bmp,2,5317,5
13,1,sd,sd8g.bmp,2,1743,8
13,1,sd,sd5b.bmp,3,2286,5
13,1,small,small1h.bmp,2,1367,1
13,1,full,full1d.bmp,1,678,1
13,1,full,full1b.bmp,1,676,1
13,1,full,full8e.bmp,2,704,8
13,1,small,small8i.bmp,4,700,8
13,1,full,full3g.bmp,2,2072,3
13,1,small,small8e.bmp,4,3300,8
13,1,full,full8f.bmp,2,957,8
13,1,sd,sd1h.bmp,2,766,1
13,1,sd,sd1b.bmp,2,632,1
13,1,small,small3i.bmp,4,4782,3
13,1,small,small1a.bmp,3,1022,1
13,1,small,small5d.bmp,4,644,5
13,1,sd,sd5h.bmp,3,1423,5
13,1,full,full3h.bmp,1,3209,3
13,1,full,full5f.bmp,1,2323,5
13,1,small,small5e.bmp,4,1747,5
13,1,small,small8c.bmp,4,1210,8
13,1,full,full1j.bmp,1,842,1
13,1,full,full5j.bmp,2,842,5
13,1,full,full3c.bmp,1,907,3
13,1,full,full8i.bmp,2,1180,8
13,1,sd,sd3c.bmp,3,762,3
13,1,small,small8h.bmp,4,645,8
13,1,full,full3f.bmp,1,896,3
13,1,full,full1e.bmp,1,1026,1
13,1,full,full1f.bmp,1,656,1
13,1,small,small8g.bmp,1,970,8
13,1,small,small1g.bmp,1,6426,1
13,1,sd,sd1e.bmp,1,2962,1
13,1,sd,sd8d.bmp,3,2963,8
13,1,sd,sd5d.bmp,2,1710,5
13,1,small,small1d.bmp,1,1438,1
13,1,sd,sd3j.bmp,3,1803,3
13,1,sd,sd5j.bmp,3,2743,5
13,1,full,full1h.bmp,1,1222,1
13,1,full,full8j.bmp,3,3096,8
13,1,full,full8h.bmp,3,968,8
13,1,full,full5d.bmp,3,1597,5
13,1,small,small1b.bmp,1,3050,1
13,1,sd,sd1f.bmp,2,2606,1
13,1,full,full5g.bmp,2,1765,5
13,1,small,small3h.bmp,2,2160,3
13,1,full,full5a.bmp,2,2323,5
13,1,full,full5b.bmp,2,1248,5
13,1,full,full8g.bmp,4,1213,8
13,1,small,small3g.bmp,3,1640,3
13,1,small,small3f.bmp,3,2485,3
13,1,small,small1e.bmp,2,2873,1
13,1,sd,sd1c.bmp,2,1593,1
13,1,sd,sd3a.bmp,3,2866,3
13,1,small,small5i.bmp,3,4900,5
13,1,sd,sd8f.bmp,4,1813,8
13,1,full,full3b.bmp,2,3113,3
13,1,small,small8a.bmp,4,1532,8
13,1,sd,sd3g.bmp,2,2769,3
13,1,small,small8f.bmp,4,1348,8
13,1,sd,sd3d.bmp,2,2317,3
13,1,small,small1f.bmp,2,4188,1
13,1,small,small1i.bmp,2,2943,1
13,1,full,full3d.bmp,1,2175,3
13,1,sd,sd8h.bmp,4,2056,8
13,1,small,small3d.bmp,3,6833,3
13,1,small,small3j.bmp,4,2478,3
13,1,full,full8b.bmp,4,1680,8
13,1,full,full5e.bmp,4,1150,5
13,1,full,full1a.bmp,1,1327,1
13,1,sd,sd5f.bmp,2,2773,5
13,1,sd,sd5g.bmp,2,4203,5
13,1,sd,sd1a.bmp,4,2810,1
13,1,sd,sd5a.bmp,3,4733,5
13,1,sd,sd3e.bmp,3,4494,3
13,1,sd,sd8b.bmp,4,3940,8
13,1,full,full8a.bmp,4,2453,8
13,1,sd,sd1j.bmp,2,3747,1
13,1,sd,sd8c.bmp,4,1819,8
13,1,small,small3a.bmp,4,1382,3
13,1,full,full5i.bmp,4,2883,5
13,1,full,full1c.bmp,4,1128,1
13,1,small,small1c.bmp,3,1834,1
13,1,sd,sd8j.bmp,4,3414,8
13,1,sd,sd3j.bmp,3,2779,3
13,1,full,full5a.bmp,2,3706,5
13,1,sd,sd3i.bmp,3,2642,3
13,1,small,small8c.bmp,4,1527,8
13,1,sd,sd8g.bmp,4,1481,8
13,1,full,full8h.bmp,2,2726,8
13,1,sd,sd1j.bmp,2,4073,1
13,1,small,small5d.bmp,4,3136,5
13,1,sd,sd1f.bmp,2,1796,1
13,1,small,small1j.bmp,2,2255,1
13,1,small,small8i.bmp,4,2331,8
13,1,full,full3c.bmp,3,2523,3
13,1,full,full1a.bmp,1,1472,1
13,1,full,full8a.bmp,3,1634,8
13,1,small,small1g.bmp,1,1471,1
13,1,small,small5c.bmp,2,2466,5
13,1,sd,sd3b.bmp,2,2227,3
13,1,sd,sd1e.bmp,2,1453,1
13,1,full,full1d.bmp,1,2509,1
13,1,sd,sd8e.bmp,3,5128,8
13,1,sd,sd8i.bmp,3,3880,8
13,1,full,full1c.bmp,1,979,1
13,1,full,full3e.bmp,1,889,3
13,1,sd,sd5j.bmp,2,1528,5
13,1,small,small3a.bmp,3,2170,3
13,1,full,full3j.bmp,2,1732,3
13,1,small,small1h.bmp,2,6105,1
13,1,sd,sd1a.bmp,3,4144,1
13,1,small,small8j.bmp,4,3789,8
13,1,small,small3e.bmp,4,3601,3
13,1,sd,sd1h.bmp,3,2835,1
13,1,full,full1b.bmp,1,1240,1
13,1,small,small3j.bmp,2,6705,3
13,1,sd,sd5e.bmp,2,1059,5
13,1,sd,sd8d.bmp,3,3856,8
13,1,small,small5f.bmp,2,1589,5
13,1,full,full5c.bmp,2,1922,5
13,1,small,small8e.bmp,4,4517,8
13,1,full,full8e.bmp,2,10965,8
13,1,sd,sd1i.bmp,3,1558,1
13,1,sd,sd5c.bmp,3,2094,5
13,1,small,small1c.bmp,1,2047,1
13,1,full,full5f.bmp,2,3593,5
13,1,small,small1b.bmp,2,1389,1
13,1,sd,sd5d.bmp,3,2087,5
13,1,sd,sd8a.bmp,4,2437,8
13,1,full,full5b.bmp,2,2296,5
13,1,full,full1h.bmp,1,1144,1
13,1,small,small5a.bmp,2,2359,5
13,1,small,small5h.bmp,4,1820,5
13,1,sd,sd5g.bmp,2,3587,5
13,1,small,small8b.bmp,4,1755,8
13,1,sd,sd3e.bmp,3,1933,3
13,1,small,small1f.bmp,2,1262,1
13,1,sd,sd1b.bmp,2,2559,1
13,1,small,small8h.bmp,4,1486,8
13,1,sd,sd5f.bmp,2,2886,5
13,1,small,small5b.bmp,4,3709,5
13,1,sd,sd5a.bmp,3,2480,5
13,1,full,full1j.bmp,1,1281,1
13,1,small,small5g.bmp,4,2444,5
13,1,sd,sd3h.bmp,2,2795,3
13,1,full,full5e.bmp,3,3344,5
13,1,sd,sd5h.bmp,2,1742,5
13,1,sd,sd5i.bmp,3,5873,5
13,1,small,small3h.bmp,2,3651,3
13,1,full,full3f.bmp,1,1643,3
13,1,full,full5h.bmp,2,1087,5
13,1,sd,sd8j.bmp,2,2326,8
13,1,small,small1a.bmp,1,1431,1
13,1,sd,sd3d.bmp,2,1425,3
13,1,sd,sd3f.bmp,2,2817,3
13,1,small,small3i.bmp,2,1629,3
13,1,full,full3d.bmp,2,2075,3
13,1,full,full8i.bmp,3,8996,8
13,1,small,small5e.bmp,3,3274,5
13,1,sd,sd1d.bmp,1,1033,1
13,1,small,small8f.bmp,4,3913,8
13,1,full,full8f.bmp,4,2504,8
13,1,small,small3f.bmp,3,3880,3
13,1,full,full5d.bmp,2,2387,5
13,1,sd,sd1c.bmp,2,5903,1
13,1,small,small3c.bmp,2,1604,3
13,1,full,full8j.bmp,4,2334,8
13,1,sd,sd8h.bmp,4,2689,8
13,1,full,full1e.bmp,1,1687,1
13,1,full,full3i.bmp,2,1275,3
13,1,sd,sd3a.bmp,2,1509,3
13,1,small,small5j.bmp,3,2129,5
13,1,sd,sd3c.bmp,2,923,3
13,1,sd,sd8c.bmp,2,1624,8
13,1,small,small1e.bmp,2,1274,1
13,1,small,small8d.bmp,4,1323,8
13,1,full,full8c.bmp,4,3310,8
13,1,small,small8g.bmp,4,1562,8
13,1,full,full5i.bmp,2,852,5
13,1,full,full8d.bmp,2,1157,8
13,1,full,full1g.bmp,1,1185,1
13,1,small,small1d.bmp,2,592,1
13,1,full,full1f.bmp,1,2033,1
13,1,small,small1i.bmp,3,758,1
13,1,sd,sd5b.bmp,2,1406,5
13,1,small,small3g.bmp,2,1858,3
13,1,sd,sd1g.bmp,1,1228,1
13,1,full,full3a.bmp,1,676,3
13,1,full,full3b.bmp,1,560,3
13,1,small,small5i.bmp,2,1513,5
13,1,full,full8g.bmp,2,1051,8
13,1,full,full1i.bmp,2,707,1
13,1,sd,sd8f.bmp,3,1033,8
13,1,full,full8b.bmp,4,372,8
13,1,small,small8a.bmp,4,657,8
13,1,sd,sd3g.bmp,2,1799,3
13,1,full,full3g.bmp,3,1514,3
13,1,full,full5j.bmp,2,580,5
13,1,small,small3b.bmp,3,1120,3
13,1,full,full5g.bmp,2,756,5
13,1,full,full3h.bmp,2,481,3
13,1,small,small3d.bmp,2,816,3
13,1,sd,sd8b.bmp,3,810,8
13,1,sd,sd1g.bmp,4,937,1
13,1,sd,sd8j.bmp,4,888,8
13,1,sd,sd1d.bmp,3,1760,1
13,1,sd,sd8d.bmp,4,1749,8
13,1,small,small8b.bmp,4,1881,8
13,1,sd,sd1h.bmp,3,1677,1
13,1,small,small1j.bmp,1,1330,1
13,1,sd,sd3h.bmp,3,1709,3
13,1,full,full8f.bmp,4,1611,8
13,1,sd,sd1e.bmp,2,2318,1
13,1,full,full3h.bmp,4,873,3
13,1,sd,sd5d.bmp,3,1196,5
13,1,full,full5h.bmp,2,1972,5
13,1,small,small8i.bmp,4,3076,8
13,1,full,full5g.bmp,3,3670,5
13,1,small,small5f.bmp,4,2836,5
13,1,small,small8j.bmp,4,1687,8
13,1,sd,sd8e.bmp,2,4456,8
13,1,sd,sd1a.bmp,2,2613,1
13,1,sd,sd5e.bmp,3,2582,5
13,1,full,full8g.bmp,3,3173,8
13,1,full,full3i.bmp,2,2260,3
13,1,small,small3i.bmp,2,2540,3
13,1,full,full3g.bmp,2,1701,3
13,1,full,full8b.bmp,4,2176,8
13,1,full,full3f.bmp,4,1003,3
13,1,sd,sd3i.bmp,3,1745,3
13,1,small,small5e.bmp,4,2048,5
13,1,sd,sd8f.bmp,3,1077,8
13,1,small,small5h.bmp,3,1689,5
13,1,full,full8i.bmp,3,162,8
13,1,small,small1b.bmp,1,1689,1
13,1,sd,sd1b.bmp,1,2044,1
13,1,full,full8e.bmp,3,2021,8
13,1,sd,sd1c.bmp,1,2187,1
13,1,full,full3c.bmp,2,1985,3
13,1,sd,sd5j.bmp,2,2184,5
13,1,small,small3c.bmp,3,3473,3
13,1,small,small5d.bmp,3,2957,5
13,1,sd,sd8i.bmp,3,2470,8
13,1,sd,sd5c.bmp,2,3523,5
13,1,full,full8a.bmp,3,4748,8
13,1,full,full1j.bmp,1,857,1
13,1,small,small3d.bmp,2,2969,3
13,1,small,small3b.bmp,3,1643,3
13,1,sd,sd3e.bmp,2,2604,3
13,1,full,full1h.bmp,4,1633,1
13,1,small,small1e.bmp,2,1824,1
13,1,full,full3d.bmp,1,3059,3
13,1,small,small3a.bmp,3,933,3
13,1,sd,sd8a.bmp,2,2023,8
13,1,full,full5c.bmp,3,1276,5
13,1,full,full3e.bmp,2,1326,3
13,1,small,small8f.bmp,4,1955,8
13,1,full,full1f.bmp,1,2326,1
13,1,sd,sd5b.bmp,2,4033,5
13,1,small,small1g.bmp,1,1461,1
13,1,small,small1i.bmp,1,2520,1
13,1,small,small1d.bmp,1,1915,1
13,1,small,small5i.bmp,3,1806,5
13,1,small,small5c.bmp,3,1763,5
13,1,small,small8d.bmp,2,3684,8
13,1,small,small8a.bmp,3,841,8
13,1,full,full5e.bmp,3,1463,5
13,1,small,small1f.bmp,2,2289,1
13,1,sd,sd3b.bmp,4,7717,3
13,1,sd,sd3a.bmp,3,2532,3
13,1,small,small8h.bmp,4,2397,8
13,1,full,full1e.bmp,4,1077,1
13,1,sd,sd5g.bmp,3,1166,5
13,1,small,small3j.bmp,3,1585,3
13,1,sd,sd5i.bmp,3,1161,5
13,1,full,full8c.bmp,3,1146,8
13,1,sd,sd3c.bmp,3,1234,3
13,1,full,full3b.bmp,1,955,3
13,1,small,small5g.bmp,3,801,5
13,1,full,full1g.bmp,1,1237,1
13,1,full,full5j.bmp,2,930,5
13,1,full,full3j.bmp,2,915,3
13,1,full,full8d.bmp,2,671,8
13,1,full,full1i.bmp,1,938,1
13,1,sd,sd8c.bmp,2,1460,8
13,1,sd,sd5f.bmp,3,2402,5
13,1,full,full1c.bmp,1,1479,1
13,1,full,full5d.bmp,1,834,5
13,1,small,small3f.bmp,2,23,3
13,1,small,small5b.bmp,3,144,5
13,1,full,full1d.bmp,1,2076,1
13,1,full,full5a.bmp,3,1348,5
13,1,full,full8j.bmp,3,625,8
13,1,small,small8g.bmp,4,2132,8
13,1,small,small8c.bmp,4,1528,8
13,1,small,small5a.bmp,3,1395,5
13,1,sd,sd1j.bmp,2,1675,1
13,1,full,full5b.bmp,3,1899,5
13,1,small,small3g.bmp,2,1470,3
13,1,sd,sd5h.bmp,3,1211,5
13,1,full,full8h.bmp,2,1450,8
13,1,sd,sd1i.bmp,2,6523,1
13,1,sd,sd3g.bmp,2,2331,3
13,1,full,full3a.bmp,2,1857,3
13,1,small,small1h.bmp,2,1247,1
13,1,full,full1b.bmp,1,1903,1
13,1,full,full1a.bmp,1,1160,1
13,1,sd,sd8b.bmp,2,3932,8
13,1,sd,sd3d.bmp,3,2420,3
13,1,sd,sd8g.bmp,4,2278,8
13,1,small,small3e.bmp,3,4330,3
13,1,sd,sd8h.bmp,4,1610,8
13,1,full,full5f.bmp,4,2096,5
13,1,small,small5j.bmp,3,2610,5
13,1,small,small8e.bmp,1,1258,8
13,1,sd,sd3f.bmp,3,1013,3
13,1,small,small1a.bmp,1,1323,1
13,1,sd,sd5a.bmp,3,2462,5
13,1,full,full5i.bmp,3,1380,5
13,1,small,small1c.bmp,1,1193,1
13,1,small,small3h.bmp,2,2395,3
13,1,sd,sd1f.bmp,2,2691,1
13,1,sd,sd3j.bmp,2,1465,3
14,1,small,small3i.bmp,4,20321,3
14,1,sd,sd8e.bmp,4,9041,8
14,1,full,full1c.bmp,2,14170,1
14,1,sd,sd5d.bmp,3,6831,5
14,1,sd,sd1i.bmp,2,3528,1
14,1,full,full3e.bmp,2,3347,3
14,1,small,small3d.bmp,4,2942,3
14,1,small,small8a.bmp,4,1793,8
14,1,full,full5i.bmp,2,3041,5
14,1,small,small3h.bmp,4,2871,3
14,1,sd,sd8f.bmp,4,1188,8
14,1,sd,sd1a.bmp,2,3613,1
14,1,full,full8j.bmp,2,2509,8
14,1,small,small3b.bmp,4,4209,3
14,1,sd,sd3e.bmp,2,5681,3
14,1,small,small3f.bmp,4,2879,3
14,1,small,small8f.bmp,4,2525,8
14,1,sd,sd3f.bmp,2,2784,3
14,1,sd,sd1d.bmp,2,2737,1
14,1,small,small1e.bmp,3,3133,1
14,1,small,small5b.bmp,4,1200,5
14,1,small,small1d.bmp,2,1864,1
14,1,sd,sd3d.bmp,2,822,3
14,1,small,small5a.bmp,4,1117,5
14,1,full,full1a.bmp,2,8848,1
14,1,full,full5j.bmp,2,976,5
14,1,sd,sd8j.bmp,4,865,8
14,1,sd,sd1g.bmp,2,846,1
14,1,full,full1d.bmp,1,2580,1
14,1,full,full1i.bmp,2,1742,1
14,1,full,full8b.bmp,2,936,8
14,1,sd,sd3b.bmp,3,2955,3
14,1,small,small3j.bmp,4,997,3
14,1,full,full3h.bmp,2,1037,3
14,1,small,small8c.bmp,4,747,8
14,1,full,full8f.bmp,2,941,8
14,1,full,full3g.bmp,2,951,3
14,1,sd,sd8d.bmp,4,2345,8
14,1,sd,sd8b.bmp,4,820,8
14,1,sd,sd5b.bmp,3,1563,5
14,1,small,small1a.bmp,3,2885,1
14,1,full,full5d.bmp,2,882,5
14,1,small,small5i.bmp,4,919,5
14,1,small,small3a.bmp,4,1170,3
14,1,sd,sd1f.bmp,2,1163,1
14,1,small,small1c.bmp,3,1460,1
14,1,sd,sd3i.bmp,2,2857,3
14,1,sd,sd1c.bmp,2,615,1
14,1,sd,sd8g.bmp,4,775,8
14,1,small,small3g.bmp,4,511,3
14,1,full,full8d.bmp,2,883,8
14,1,full,full5b.bmp,2,607,5
14,1,small,small8g.bmp,4,2934,8
14,1,small,small5f.bmp,4,674,5
14,1,full,full5h.bmp,2,686,5
14,1,sd,sd1b.bmp,2,547,1
14,1,small,small5c.bmp,4,549,5
14,1,sd,sd3h.bmp,3,4559,3
14,1,full,full8e.bmp,2,721,8
14,1,full,full3a.bmp,2,549,3
14,1,full,full8c.bmp,2,591,8
14,1,sd,sd8a.bmp,4,622,8
14,1,full,full1h.bmp,2,2941,1
14,1,small,small5d.bmp,4,576,5
14,1,small,small8e.bmp,4,448,8
14,1,sd,sd3j.bmp,3,1830,3
14,1,small,small8h.bmp,4,1533,8
14,1,small,small1g.bmp,3,2247,1
14,1,sd,sd5c.bmp,3,1333,5
14,1,small,small5e.bmp,4,872,5
14,1,full,full3b.bmp,2,1093,3
14,1,sd,sd1e.bmp,2,1921,1
14,1,sd,sd8h.bmp,4,637,8
14,1,small,small1j.bmp,3,795,1
14,1,sd,sd5j.bmp,3,827,5
14,1,full,full8a.bmp,2,1154,8
14,1,sd,sd3c.bmp,3,3420,3
14,1,small,small5h.bmp,4,475,5
14,1,small,small1i.bmp,3,800,1
14,1,full,full5f.bmp,2,6432,5
14,1,small,small1f.bmp,3,1481,1
14,1,small,small8j.bmp,4,629,8
14,1,small,small1h.bmp,3,692,1
14,1,small,small5j.bmp,4,520,5
14,1,full,full8h.bmp,2,635,8
14,1,sd,sd5a.bmp,3,746,5
14,1,full,full5e.bmp,2,628,5
14,1,sd,sd5f.bmp,3,634,5
14,1,full,full1e.bmp,1,2569,1
14,1,small,small5g.bmp,4,571,5
14,1,full,full1f.bmp,1,963,1
14,1,full,full5c.bmp,3,844,5
14,1,full,full3c.bmp,2,1090,3
14,1,full,full3d.bmp,2,838,3
14,1,sd,sd5h.bmp,3,708,5
14,1,full,full5a.bmp,2,1280,5
14,1,sd,sd3a.bmp,3,1676,3
14,1,small,small3e.bmp,4,657,3
14,1,sd,sd1j.bmp,2,1735,1
14,1,sd,sd8c.bmp,4,2242,8
14,1,sd,sd5g.bmp,3,1088,5
14,1,sd,sd3g.bmp,2,1108,3
14,1,small,small8d.bmp,4,559,8
14,1,full,full1j.bmp,1,1369,1
14,1,full,full8g.bmp,2,618,8
14,1,full,full5g.bmp,2,697,5
14,1,full,full3j.bmp,2,773,3
14,1,sd,sd5e.bmp,3,870,5
14,1,sd,sd1h.bmp,2,603,1
14,1,full,full1g.bmp,1,1211,1
14,1,full,full3i.bmp,2,843,3
14,1,small,small8i.bmp,4,713,8
14,1,small,small1b.bmp,3,700,1
14,1,full,full8i.bmp,2,744,8
14,1,small,small8b.bmp,4,586,8
14,1,full,full1b.bmp,2,2458,1
14,1,full,full3f.bmp,2,824,3
14,1,sd,sd8i.bmp,4,767,8
14,1,sd,sd5i.bmp,3,663,5
14,1,small,small3c.bmp,4,604,3
14,1,full,full8f.bmp,3,748,8
14,1,small,small8j.bmp,4,662,8
14,1,sd,sd3h.bmp,3,1995,3
14,1,full,full5d.bmp,2,716,5
14,1,full,full3h.bmp,2,671,3
14,1,small,small5i.bmp,4,580,5
14,1,small,small5f.bmp,4,549,5
14,1,full,full1a.bmp,2,5479,1
14,1,sd,sd8e.bmp,4,589,8
14,1,small,small1a.bmp,3,2429,1
14,1,small,small1e.bmp,3,780,1
14,1,small,small1h.bmp,3,1333,1
14,1,sd,sd1c.bmp,2,888,1
14,1,sd,sd1i.bmp,2,676,1
14,1,sd,sd1e.bmp,2,665,1
14,1,full,full8c.bmp,2,710,8
14,1,full,full5b.bmp,2,1081,5
14,1,full,full5f.bmp,2,782,5
14,1,sd,sd3f.bmp,2,6991,3
14,1,full,full1h.bmp,3,5240,1
14,1,sd,sd5i.bmp,3,18927,5
14,1,full,full3i.bmp,2,864,3
14,1,full,full5e.bmp,2,622,5
14,1,sd,sd1a.bmp,2,549,1
14,1,small,small1b.bmp,3,1031,1
14,1,full,full1c.bmp,1,1805,1
14,1,small,small3c.bmp,4,589,3
14,1,full,full8h.bmp,2,773,8
14,1,sd,sd8c.bmp,4,566,8
14,1,full,full3e.bmp,2,807,3
14,1,sd,sd1j.bmp,2,630,1
14,1,sd,sd8i.bmp,4,1069,8
14,1,small,small8h.bmp,4,602,8
14,1,small,small5a.bmp,4,434,5
14,1,sd,sd5g.bmp,3,592,5
14,1,sd,sd8b.bmp,4,888,8
14,1,sd,sd8g.bmp,4,533,8
14,1,small,small5d.bmp,4,520,5
14,1,small,small1g.bmp,3,634,1
14,1,full,full8e.bmp,2,624,8
14,1,small,small8a.bmp,4,535,8
14,1,full,full5c.bmp,2,1601,5
14,1,sd,sd5c.bmp,3,722,5
14,1,full,full3c.bmp,2,668,3
14,1,full,full3b.bmp,2,554,3
14,1,full,full3d.bmp,2,539,3
14,1,sd,sd5j.bmp,3,1229,5
14,1,sd,sd5e.bmp,3,980,5
14,1,full,full8b.bmp,2,4237,8
14,1,sd,sd3d.bmp,3,2877,3
14,1,sd,sd8h.bmp,4,778,8
14,1,full,full1f.bmp,2,1931,1
14,1,small,small3j.bmp,3,10558,3
14,1,full,full5h.bmp,2,4186,5
14,1,sd,sd3i.bmp,2,3731,3
14,1,full,full8a.bmp,2,2677,8
14,1,full,full8g.bmp,2,931,8
14,1,full,full5j.bmp,2,3397,5
14,1,small,small3a.bmp,4,710,3
14,1,sd,sd8d.bmp,4,474,8
14,1,small,small1c.bmp,4,350,1
14,1,sd,sd5b.bmp,3,727,5
14,1,full,full1j.bmp,1,1554,1
14,1,sd,sd5d.bmp,3,779,5
14,1,small,small3g.bmp,4,564,3
14,1,sd,sd8f.bmp,4,453,8
14,1,full,full3j.bmp,2,2154,3
14,1,sd,sd5f.bmp,3,884,5
14,1,small,small8e.bmp,4,544,8
14,1,sd,sd3e.bmp,3,634,3
14,1,full,full8i.bmp,2,497,8
14,1,full,full8d.bmp,2,532,8
14,1,small,small8b.bmp,4,527,8
14,1,full,full3f.bmp,2,674,3
14,1,small,small5g.bmp,4,710,5
14,1,small,small3h.bmp,3,5393,3
14,1,full,full3a.bmp,2,691,3
14,1,small,small1j.bmp,3,599,1
14,1,small,small8f.bmp,4,495,8
14,1,sd,sd5a.bmp,3,595,5
14,1,full,full3g.bmp,2,770,3
14,1,small,small1d.bmp,3,683,1
14,1,small,small8g.bmp,4,479,8
14,1,full,full5g.bmp,2,596,5
14,1,small,small1i.bmp,3,668,1
14,1,sd,sd1f.bmp,2,633,1
14,1,full,full1i.bmp,2,664,1
14,1,sd,sd1h.bmp,2,661,1
14,1,small,small5b.bmp,4,506,5
14,1,small,small5h.bmp,4,469,5
14,1,sd,sd1b.bmp,2,1963,1
14,1,sd,sd8a.bmp,4,1116,8
14,1,small,small8d.bmp,4,512,8
14,1,small,small5j.bmp,4,435,5
14,1,small,small3f.bmp,4,769,3
14,1,small,small3e.bmp,3,2963,3
14,1,full,full1g.bmp,1,1389,1
14,1,sd,sd1d.bmp,2,789,1
14,1,sd,sd3j.bmp,3,613,3
14,1,small,small3b.bmp,4,532,3
14,1,full,full5i.bmp,2,1951,5
14,1,small,small3d.bmp,4,649,3
14,1,full,full1e.bmp,2,1351,1
14,1,sd,sd8j.bmp,4,2497,8
14,1,full,full5a.bmp,2,702,5
14,1,small,small5e.bmp,4,642,5
14,1,small,small5c.bmp,4,455,5
14,1,full,full1b.bmp,2,1805,1
14,1,sd,sd3g.bmp,3,3628,3
14,1,sd,sd1g.bmp,2,908,1
14,1,sd,sd3a.bmp,3,999,3
14,1,small,small3i.bmp,4,1503,3
14,1,small,small1f.bmp,3,1483,1
14,1,small,small8i.bmp,4,544,8
14,1,sd,sd5h.bmp,3,1074,5
14,1,small,small8c.bmp,4,575,8
14,1,sd,sd3c.bmp,3,823,3
14,1,full,full1d.bmp,1,1510,1
14,1,full,full8j.bmp,2,905,8
14,1,sd,sd3b.bmp,2,925,3
14,1,sd,sd1h.bmp,2,639,1
14,1,sd,sd5e.bmp,3,573,5
14,1,sd,sd1d.bmp,2,838,1
14,1,full,full5i.bmp,2,540,5
14,1,full,full3h.bmp,2,766,3
14,1,sd,sd8j.bmp,4,664,8
14,1,small,small8j.bmp,4,517,8
14,1,small,small3e.bmp,4,568,3
14,1,small,small1c.bmp,3,425,1
14,1,full,full8j.bmp,2,624,8
14,1,small,small3i.bmp,4,718,3
14,1,small,small8h.bmp,4,458,8
14,1,sd,sd8d.bmp,4,3287,8
14,1,small,small5h.bmp,4,612,5
14,1,sd,sd3c.bmp,3,1171,3
14,1,small,small5a.bmp,4,468,5
14,1,small,small3c.bmp,4,409,3
14,1,small,small1j.bmp,4,800,1
14,1,sd,sd3f.bmp,3,592,3
14,1,full,full1i.bmp,2,928,1
14,1,sd,sd8c.bmp,4,571,8
14,1,full,full1g.bmp,1,1292,1
14,1,sd,sd3i.bmp,2,1304,3
14,1,full,full3g.bmp,2,812,3
14,1,full,full8g.bmp,2,628,8
14,1,small,small8e.bmp,4,546,8
14,1,small,small3h.bmp,4,2836,3
14,1,sd,sd5g.bmp,3,2827,5
14,1,small,small8b.bmp,4,619,8
14,1,sd,sd1j.bmp,2,682,1
14,1,full,full8i.bmp,2,535,8
14,1,sd,sd8a.bmp,4,2009,8
14,1,sd,sd3j.bmp,3,929,3
14,1,small,small3b.bmp,4,540,3
14,1,full,full8a.bmp,2,581,8
14,1,small,small1g.bmp,2,494,1
14,1,full,full5h.bmp,2,578,5
14,1,full,full3j.bmp,2,482,3
14,1,sd,sd3h.bmp,2,599,3
14,1,full,full8b.bmp,2,527,8
14,1,sd,sd8g.bmp,4,2401,8
14,1,small,small3a.bmp,4,530,3
14,1,sd,sd1g.bmp,2,707,1
14,1,sd,sd8e.bmp,4,775,8
14,1,full,full8h.bmp,2,591,8
14,1,small,small5g.bmp,4,559,5
14,1,sd,sd1a.bmp,2,624,1
14,1,sd,sd8i.bmp,4,519,8
14,1,full,full5e.bmp,2,922,5
14,1,full,full1a.bmp,2,1541,1
14,1,sd,sd5f.bmp,3,695,5
14,1,sd,sd3b.bmp,2,3891,3
14,1,full,full5d.bmp,2,632,5
14,1,full,full8f.bmp,2,439,8
14,1,full,full1e.bmp,2,405,1
14,1,small,small8i.bmp,4,605,8
14,1,small,small5f.bmp,4,668,5
14,1,full,full1h.bmp,2,1737,1
14,1,small,small3j.bmp,4,580,3
14,1,small,small1a.bmp,3,3301,1
14,1,full,full8d.bmp,2,754,8
14,1,small,small5d.bmp,4,492,5
14,1,full,full8c.bmp,2,792,8
14,1,small,small5c.bmp,4,528,5
14,1,small,small1f.bmp,3,1514,1
14,1,sd,sd3g.bmp,2,630,3
14,1,sd,sd1e.bmp,2,540,1
14,1,full,full5j.bmp,2,550,5
14,1,small,small5i.bmp,4,528,5
14,1,small,small5j.bmp,4,427,5
14,1,sd,sd5c.bmp,3,744,5
14,1,full,full1j.bmp,1,2682,1
14,1,small,small1d.bmp,2,4271,1
14,1,small,small8f.bmp,4,509,8
14,1,small,small1h.bmp,3,664,1
14,1,small,small8c.bmp,4,454,8
14,1,full,full3b.bmp,2,755,3
14,1,full,full3f.bmp,2,725,3
14,1,full,full1f.bmp,2,703,1
14,1,small,small5b.bmp,4,507,5
14,1,full,full3e.bmp,2,702,3
14,1,small,small8g.bmp,4,418,8
14,1,sd,sd8f.bmp,3,545,8
14,1,sd,sd8b.bmp,3,523,8
14,1,small,small1i.bmp,3,518,1
14,1,full,full3a.bmp,2,649,3
14,1,small,small8d.bmp,4,447,8
14,1,small,small5e.bmp,4,453,5
14,1,sd,sd5i.bmp,3,547,5
14,1,full,full5g.bmp,2,613,5
14,1,sd,sd5j.bmp,3,468,5
14,1,small,small1e.bmp,3,385,1
14,1,sd,sd1b.bmp,2,561,1
14,1,sd,sd3e.bmp,2,2171,3
14,1,sd,sd3d.bmp,2,2484,3
14,1,sd,sd5d.bmp,3,554,5
14,1,sd,sd8h.bmp,4,660,8
14,1,full,full8e.bmp,2,657,8
14,1,sd,sd3a.bmp,2,1485,3
14,1,sd,sd1f.bmp,2,610,1
14,1,full,full1c.bmp,2,1297,1
14,1,full,full3i.bmp,2,709,3
14,1,small,small8a.bmp,4,537,8
14,1,small,small1b.bmp,3,995,1
14,1,small,small3d.bmp,4,547,3
14,1,full,full5f.bmp,2,1277,5
14,1,full,full5c.bmp,2,554,5
14,1,full,full5b.bmp,2,700,5
14,1,full,full3d.bmp,2,576,3
14,1,full,full3c.bmp,2,640,3
14,1,sd,sd5a.bmp,3,662,5
14,1,full,full1d.bmp,1,1387,1
14,1,full,full5a.bmp,2,708,5
14,1,sd,sd1c.bmp,2,895,1
14,1,sd,sd5b.bmp,3,1595,5
14,1,small,small3f.bmp,4,548,3
14,1,sd,sd1i.bmp,2,1622,1
14,1,full,full1b.bmp,2,1597,1
14,1,small,small3g.bmp,4,477,3
14,1,sd,sd5h.bmp,3,577,5
14,1,small,small3d.bmp,4,506,3
14,1,small,small8j.bmp,4,469,8
14,1,full,full3b.bmp,2,658,3
14,1,small,small3e.bmp,3,511,3
14,1,full,full3f.bmp,2,867,3
14,1,full,full5c.bmp,2,1384,5
14,1,full,full3h.bmp,2,600,3
14,1,full,full3g.bmp,2,424,3
14,1,small,small1g.bmp,3,534,1
14,1,full,full1c.bmp,2,665,1
14,1,full,full1a.bmp,2,526,1
14,1,small,small5d.bmp,4,489,5
14,1,sd,sd3i.bmp,3,596,3
14,1,small,small1h.bmp,3,556,1
14,1,full,full1b.bmp,2,1254,1
14,1,sd,sd1e.bmp,2,548,1
14,1,sd,sd1j.bmp,2,445,1
14,1,small,small8g.bmp,4,451,8
14,1,sd,sd8b.bmp,4,537,8
14,1,sd,sd8c.bmp,4,452,8
14,1,sd,sd8f.bmp,4,402,8
14,1,sd,sd3h.bmp,3,617,3
14,1,full,full8j.bmp,2,625,8
14,1,sd,sd8h.bmp,4,535,8
14,1,small,small3f.bmp,4,402,3
14,1,sd,sd1g.bmp,2,690,1
14,1,small,small1a.bmp,3,486,1
14,1,sd,sd3f.bmp,3,402,3
14,1,full,full1d.bmp,2,426,1
14,1,small,small8f.bmp,4,760,8
14,1,sd,sd5g.bmp,3,482,5
14,1,full,full8h.bmp,2,470,8
14,1,full,full8d.bmp,2,379,8
14,1,sd,sd5j.bmp,3,668,5
14,1,sd,sd8i.bmp,4,545,8
14,1,full,full8e.bmp,2,603,8
14,1,full,full1e.bmp,2,2819,1
14,1,sd,sd3j.bmp,3,5978,3
14,1,small,small3b.bmp,4,580,3
14,1,full,full5i.bmp,2,773,5
14,1,full,full3j.bmp,2,477,3
14,1,full,full8b.bmp,2,482,8
14,1,sd,sd3g.bmp,2,367,3
14,1,small,small8e.bmp,4,560,8
14,1,small,small3g.bmp,4,601,3
14,1,full,full1g.bmp,1,1513,1
14,1,sd,sd1f.bmp,2,660,1
14,1,small,small5g.bmp,4,554,5
14,1,sd,sd5i.bmp,3,403,5
14,1,sd,sd1b.bmp,2,467,1
14,1,sd,sd5e.bmp,3,640,5
14,1,full,full5e.bmp,2,646,5
14,1,small,small5c.bmp,4,420,5
14,1,full,full5g.bmp,2,571,5
14,1,full,full1f.bmp,2,1237,1
14,1,small,small3c.bmp,4,491,3
14,1,small,small3j.bmp,4,423,3
14,1,full,full1j.bmp,2,566,1
14,1,small,small8d.bmp,4,455,8
14,1,sd,sd5c.bmp,3,357,5
14,1,sd,sd3d.bmp,2,550,3
14,1,small,small3a.bmp,4,552,3
14,1,small,small8c.bmp,4,410,8
14,1,small,small5a.bmp,4,369,5
14,1,sd,sd5d.bmp,4,546,5
14,1,small,small1d.bmp,3,460,1
14,1,full,full8i.bmp,2,393,8
14,1,full,full1i.bmp,2,425,1
14,1,sd,sd3b.bmp,2,567,3
14,1,full,full5h.bmp,2,673,5
14,1,full,full3e.bmp,2,460,3
14,1,full,full1h.bmp,2,417,1
14,1,sd,sd3a.bmp,2,2009,3
14,1,full,full5a.bmp,2,584,5
14,1,small,small5j.bmp,4,577,5
14,1,full,full3i.bmp,2,945,3
14,1,sd,sd3e.bmp,2,531,3
14,1,sd,sd8e.bmp,4,1918,8
14,1,sd,sd3c.bmp,3,538,3
14,1,sd,sd5f.bmp,3,604,5
14,1,sd,sd5a.bmp,3,356,5
14,1,full,full3c.bmp,2,1341,3
14,1,full,full5d.bmp,2,583,5
14,1,full,full5f.bmp,2,416,5
14,1,sd,sd1d.bmp,2,519,1
14,1,full,full5b.bmp,2,298,5
14,1,small,small1j.bmp,3,550,1
14,1,small,small8b.bmp,4,472,8
14,1,small,small1b.bmp,3,725,1
14,1,full,full3a.bmp,2,2863,3
14,1,small,small5b.bmp,4,653,5
14,1,sd,sd8d.bmp,4,555,8
14,1,full,full8a.bmp,3,485,8
14,1,small,small8a.bmp,4,553,8
14,1,small,small3i.bmp,4,371,3
14,1,full,full8g.bmp,2,556,8
14,1,full,full3d.bmp,2,662,3
14,1,sd,sd1a.bmp,2,483,1
14,1,sd,sd5h.bmp,3,743,5
14,1,small,small1f.bmp,4,465,1
14,1,sd,sd1h.bmp,2,703,1
14,1,small,small1e.bmp,3,1170,1
14,1,small,small8h.bmp,4,595,8
14,1,sd,sd8g.bmp,4,2387,8
14,1,sd,sd8a.bmp,4,340,8
14,1,sd,sd5b.bmp,3,598,5
14,1,small,small5f.bmp,4,734,5
14,1,small,small1i.bmp,3,560,1
14,1,small,small8i.bmp,4,482,8
14,1,full,full5j.bmp,2,630,5
14,1,small,small5e.bmp,4,613,5
14,1,sd,sd8j.bmp,4,1388,8
14,1,small,small3h.bmp,4,581,3
14,1,full,full8c.bmp,3,8141,8
14,1,small,small5h.bmp,4,1810,5
14,1,sd,sd1c.bmp,2,825,1
14,1,small,small1c.bmp,2,11488,1
14,1,full,full8f.bmp,2,8375,8
14,1,small,small5i.bmp,4,4010,5
14,1,sd,sd1i.bmp,2,1186,1
15,1,sd,sd5e.bmp,3,13086,5
15,1,full,full3j.bmp,2,6086,3
15,1,full,full1f.bmp,1,1933,1
15,1,sd,sd1i.bmp,2,11200,1
15,1,small,small8b.bmp,4,3627,8
15,1,small,small1e.bmp,3,5706,1
15,1,small,small1d.bmp,2,6151,1
15,1,small,small8i.bmp,4,4091,8
15,1,full,full3i.bmp,3,10535,3
15,1,sd,sd5i.bmp,3,4285,5
15,1,small,small1b.bmp,3,4563,1
15,1,full,full3h.bmp,1,2046,3
15,1,full,full5j.bmp,1,1700,5
15,1,full,full5i.bmp,2,4264,5
15,1,full,full3c.bmp,1,1551,3
15,1,small,small5a.bmp,4,2993,5
15,1,small,small8a.bmp,4,1377,8
15,1,small,small3f.bmp,4,2922,3
15,1,full,full3f.bmp,4,13325,3
15,1,full,full8i.bmp,1,2892,8
15,1,full,full1d.bmp,1,2273,1
15,1,sd,sd1b.bmp,2,1134,1
15,1,small,small3e.bmp,4,1073,3
15,1,small,small5e.bmp,4,773,5
15,1,sd,sd8g.bmp,4,725,8
15,1,sd,sd5h.bmp,3,2000,5
15,1,sd,sd8f.bmp,3,864,8
15,1,sd,sd3g.bmp,2,1126,3
15,1,full,full8a.bmp,1,913,8
15,1,sd,sd1j.bmp,1,812,1
15,1,small,small5i.bmp,4,1891,5
15,1,full,full1e.bmp,1,5776,1
15,1,small,small5f.bmp,4,1738,5
15,1,small,small5h.bmp,4,908,5
15,1,small,small3c.bmp,4,704,3
15,1,full,full8g.bmp,2,1308,8
15,1,sd,sd1f.bmp,2,710,1
15,1,full,full1c.bmp,1,1794,1
15,1,small,small3d.bmp,4,1514,3
15,1,small,small8d.bmp,4,734,8
15,1,small,small3j.bmp,4,768,3
15,1,sd,sd3i.bmp,3,6497,3
15,1,small,small1i.bmp,3,1384,1
15,1,small,small1g.bmp,2,3432,1
15,1,sd,sd5d.bmp,3,1512,5
15,1,full,full3g.bmp,1,2692,3
15,1,sd,sd8j.bmp,4,5735,8
15,1,small,small5j.bmp,4,716,5
15,1,full,full5f.bmp,2,1023,5
15,1,full,full8d.bmp,2,1094,8
15,1,sd,sd5g.bmp,3,1698,5
15,1,full,full5h.bmp,2,2790,5
15,1,sd,sd8c.bmp,4,8823,8
15,1,sd,sd3a.bmp,3,5487,3
15,1,sd,sd8i.bmp,4,1245,8
15,1,full,full3a.bmp,2,5651,3
15,1,full,full1h.bmp,1,1259,1
15,1,small,small1f.bmp,3,1912,1
15,1,sd,sd1h.bmp,2,4524,1
15,1,small,small1a.bmp,3,3136,1
15,1,small,small1j.bmp,3,764,1
15,1,sd,sd3c.bmp,3,853,3
15,1,sd,sd3e.bmp,3,651,3
15,1,full,full5b.bmp,2,1960,5
15,1,small,small8j.bmp,4,1106,8
15,1,sd,sd5c.bmp,4,1021,5
15,1,full,full8b.bmp,2,1524,8
15,1,full,full3e.bmp,2,2551,3
15,1,sd,sd3f.bmp,3,4322,3
15,1,small,small3g.bmp,4,1126,3
15,1,sd,sd8b.bmp,4,873,8
15,1,full,full3b.bmp,3,893,3
15,1,small,small8f.bmp,4,1257,8
15,1,sd,sd1c.bmp,2,3151,1
15,1,full,full8c.bmp,2,745,8
15,1,full,full1j.bmp,1,1403,1
15,1,sd,sd3d.bmp,3,1107,3
15,1,full,full5g.bmp,2,1774,5
15,1,sd,sd1a.bmp,2,959,1
15,1,full,full1a.bmp,1,1057,1
15,1,full,full5e.bmp,2,1182,5
15,1,sd,sd1g.bmp,2,2335,1
15,1,small,small1h.bmp,3,1186,1
15,1,small,small3i.bmp,4,1219,3
15,1,small,small3h.bmp,4,762,3
15,1,sd,sd3b.bmp,3,892,3
15,1,sd,sd1e.bmp,2,4503,1
15,1,full,full8j.bmp,2,828,8
15,1,full,full8f.bmp,2,627,8
15,1,full,full3d.bmp,1,1473,3
15,1,small,small5d.bmp,4,918,5
15,1,full,full8h.bmp,3,890,8
15,1,sd,sd1d.bmp,2,4454,1
15,1,sd,sd8h.bmp,4,908,8
15,1,small,small1c.bmp,3,904,1
15,1,small,small5b.bmp,4,924,5
15,1,full,full1b.bmp,1,1382,1
15,1,small,small8c.bmp,4,2295,8
15,1,sd,sd3h.bmp,3,964,3
15,1,sd,sd8a.bmp,4,861,8
15,1,small,small5c.bmp,4,658,5
15,1,small,small8e.bmp,4,695,8
15,1,small,small3b.bmp,4,843,3
15,1,full,full5d.bmp,2,2305,5
15,1,full,full1g.bmp,1,1005,1
15,1,sd,sd5f.bmp,3,5149,5
15,1,sd,sd5a.bmp,3,792,5
15,1,sd,sd5j.bmp,3,576,5
15,1,small,small8h.bmp,4,1025,8
15,1,sd,sd8d.bmp,4,679,8
15,1,sd,sd8e.bmp,4,548,8
15,1,small,small3a.bmp,4,1230,3
15,1,sd,sd3j.bmp,3,2109,3
15,1,small,small8g.bmp,4,705,8
15,1,full,full8e.bmp,3,5588,8
15,1,small,small5g.bmp,4,885,5
15,1,full,full1i.bmp,1,3362,1
15,1,full,full5c.bmp,2,1900,5
15,1,sd,sd5b.bmp,3,4161,5
15,1,full,full5a.bmp,2,1107,5
15,1,sd,sd5f.bmp,3,735,5
15,1,small,small8c.bmp,4,841,8
15,1,small,small1i.bmp,3,1031,1
15,1,small,small8a.bmp,4,830,8
15,1,sd,sd1e.bmp,2,1373,1
15,1,full,full3e.bmp,1,1724,3
15,1,sd,sd3j.bmp,3,1151,3
15,1,sd,sd3f.bmp,3,858,3
15,1,full,full5a.bmp,2,983,5
15,1,full,full3a.bmp,1,864,3
15,1,full,full1b.bmp,1,637,1
15,1,full,full5g.bmp,2,932,5
15,1,sd,sd1c.bmp,2,846,1
15,1,full,full3b.bmp,2,2644,3
15,1,full,full1a.bmp,1,979,1
15,1,small,small3j.bmp,4,1700,3
15,1,full,full3j.bmp,2,1376,3
15,1,small,small5c.bmp,4,1545,5
15,1,small,small8b.bmp,4,659,8
15,1,sd,sd8h.bmp,4,479,8
15,1,sd,sd3d.bmp,2,1332,3
15,1,full,full8f.bmp,2,1167,8
15,1,small,small8j.bmp,4,1096,8
15,1,sd,sd5a.bmp,3,836,5
15,1,small,small5f.bmp,4,995,5
15,1,sd,sd1a.bmp,2,4307,1
15,1,small,small1a.bmp,4,944,1
15,1,full,full1i.bmp,1,1498,1
15,1,small,small1d.bmp,2,1222,1
15,1,small,small8f.bmp,4,765,8
15,1,full,full1j.bmp,1,1366,1
15,1,full,full1g.bmp,1,672,1
15,1,sd,sd1d.bmp,2,1317,1
15,1,small,small1c.bmp,4,959,1
15,1,sd,sd8g.bmp,4,689,8
15,1,sd,sd8d.bmp,4,549,8
15,1,full,full8g.bmp,2,2463,8
15,1,full,full5b.bmp,1,1092,5
15,1,small,small3e.bmp,4,833,3
15,1,full,full1f.bmp,2,703,1
15,1,small,small3h.bmp,4,931,3
15,1,sd,sd5g.bmp,3,1110,5
15,1,small,small5b.bmp,4,801,5
15,1,full,full3f.bmp,1,3585,3
15,1,sd,sd3h.bmp,3,6219,3
15,1,full,full3h.bmp,1,1123,3
15,1,sd,sd8i.bmp,4,7718,8
15,1,small,small3i.bmp,4,564,3
15,1,full,full8b.bmp,4,293,8
15,1,small,small8i.bmp,4,737,8
15,1,full,full1e.bmp,1,819,1
15,1,small,small5a.bmp,4,931,5
15,1,full,full8e.bmp,2,1022,8
15,1,sd,sd8a.bmp,4,693,8
15,1,full,full5i.bmp,2,1993,5
15,1,full,full1c.bmp,2,721,1
15,1,full,full1d.bmp,1,581,1
15,1,sd,sd1b.bmp,2,797,1
15,1,full,full5h.bmp,2,916,5
15,1,sd,sd8e.bmp,4,1136,8
15,1,small,small3b.bmp,4,850,3
15,1,full,full8d.bmp,3,1832,8
15,1,small,small1b.bmp,4,927,1
15,1,full,full3c.bmp,2,6594,3
15,1,sd,sd8f.bmp,4,964,8
15,1,small,small1e.bmp,3,1581,1
15,1,sd,sd8j.bmp,4,1142,8
15,1,full,full5j.bmp,2,3321,5
15,1,sd,sd5h.bmp,3,1252,5
15,1,sd,sd3c.bmp,3,961,3
15,1,sd,sd3e.bmp,3,442,3
15,1,full,full8h.bmp,2,6160,8
15,1,small,small5j.bmp,4,939,5
15,1,small,small1h.bmp,4,797,1
15,1,sd,sd5j.bmp,4,789,5
15,1,sd,sd3b.bmp,3,1093,3
15,1,full,full1h.bmp,1,1089,1
15,1,small,small3g.bmp,4,997,3
15,1,full,full8a.bmp,2,2589,8
15,1,sd,sd1i.bmp,2,910,1
15,1,full,full3i.bmp,1,1465,3
15,1,sd,sd3i.bmp,4,2046,3
15,1,sd,sd5c.bmp,4,764,5
15,1,sd,sd1f.bmp,1,7126,1
15,1,small,small5e.bmp,4,2171,5
15,1,full,full8j.bmp,2,1348,8
15,1,small,small5i.bmp,4,2286,5
15,1,small,small5h.bmp,4,763,5
15,1,small,small8e.bmp,4,1548,8
15,1,small,small1f.bmp,3,1215,1
15,1,small,small8g.bmp,4,766,8
15,1,small,small3a.bmp,4,519,3
15,1,full,full8i.bmp,2,2058,8
15,1,sd,sd8c.bmp,4,799,8
15,1,sd,sd5i.bmp,2,1495,5
15,1,small,small3f.bmp,4,1140,3
15,1,sd,sd5b.bmp,4,662,5
15,1,full,full5e.bmp,2,3323,5
15,1,full,full3d.bmp,2,2759,3
15,1,small,small3d.bmp,4,3561,3
15,1,sd,sd1h.bmp,2,2475,1
15,1,small,small5g.bmp,4,2072,5
15,1,full,full5d.bmp,2,1013,5
15,1,sd,sd3a.bmp,3,1196,3
15,1,full,full3g.bmp,1,1204,3
15,1,sd,sd8b.bmp,4,796,8
15,1,small,small5d.bmp,4,604,5
15,1,sd,sd5e.bmp,3,1036,5
15,1,sd,sd5d.bmp,3,627,5
15,1,small,small8h.bmp,4,785,8
15,1,small,small8d.bmp,4,506,8
15,1,full,full8c.bmp,2,8389,8
15,1,sd,sd1j.bmp,2,1168,1
15,1,full,full5f.bmp,2,1185,5
15,1,small,small3c.bmp,4,794,3
15,1,small,small1j.bmp,3,954,1
15,1,full,full5c.bmp,2,1723,5
15,1,small,small1g.bmp,3,1406,1
15,1,sd,sd3g.bmp,3,566,3
15,1,sd,sd1g.bmp,1,1503,1
15,1,small,small5d.bmp,4,1259,5
15,1,full,full3i.bmp,1,817,3
15,1,full,full1d.bmp,1,928,1
15,1,small,small1i.bmp,4,787,1
15,1,full,full3f.bmp,1,699,3
15,1,small,small1d.bmp,4,703,1
15,1,full,full1b.bmp,1,875,1
15,1,sd,sd8e.bmp,4,640,8
15,1,sd,sd8i.bmp,4,646,8
15,1,small,small5j.bmp,4,1084,5
15,1,small,small5a.bmp,4,905,5
15,1,full,full3e.bmp,1,1101,3
15,1,sd,sd1e.bmp,2,1024,1
15,1,sd,sd8a.bmp,4,1246,8
15,1,full,full5i.bmp,2,1093,5
15,1,small,small3c.bmp,4,705,3
15,1,sd,sd5d.bmp,3,4380,5
15,1,sd,sd3g.bmp,3,1230,3
15,1,full,full5b.bmp,2,23100,5
15,1,sd,sd8h.bmp,4,6551,8
15,1,sd,sd5h.bmp,4,971,5
15,1,full,full5a.bmp,1,988,5
15,1,sd,sd5i.bmp,4,988,5
15,1,small,small8g.bmp,4,693,8
15,1,small,small1g.bmp,2,3209,1
15,1,full,full1f.bmp,1,1137,1
15,1,small,small8c.bmp,4,716,8
15,1,full,full8c.bmp,2,2038,8
15,1,small,small8a.bmp,4,676,8
15,1,small,small1b.bmp,3,1537,1
15,1,small,small1j.bmp,3,652,1
15,1,full,full5f.bmp,2,2170,5
15,1,full,full5g.bmp,2,852,5
15,1,small,small8i.bmp,4,754,8
15,1,sd,sd1a.bmp,2,883,1
15,1,full,full3d.bmp,2,2272,3
15,1,sd,sd1d.bmp,2,2261,1
15,1,full,full1h.bmp,1,1299,1
15,1,full,full5c.bmp,2,3743,5
15,1,full,full1g.bmp,1,809,1
15,1,full,full8f.bmp,2,1537,8
15,1,full,full3g.bmp,2,2788,3
15,1,sd,sd3b.bmp,1,1716,3
15,1,sd,sd1j.bmp,2,1080,1
15,1,full,full5d.bmp,2,637,5
15,1,small,small5i.bmp,1,811,5
15,1,small,small8h.bmp,1,491,8
15,1,sd,sd5f.bmp,3,3183,5
15,1,small,small3j.bmp,3,496,3
15,1,sd,sd3h.bmp,2,1100,3
15,1,sd,sd5a.bmp,2,552,5
15,1,sd,sd3i.bmp,3,2450,3
15,1,sd,sd1i.bmp,2,977,1
15,1,full,full1e.bmp,2,760,1
15,1,sd,sd8c.bmp,4,1242,8
15,1,sd,sd3d.bmp,3,4672,3
15,1,full,full8a.bmp,2,998,8
15,1,full,full8e.bmp,2,526,8
15,1,sd,sd1c.bmp,2,2000,1
15,1,small,small8e.bmp,4,737,8
15,1,full,full3j.bmp,1,9027,3
15,1,full,full1j.bmp,1,709,1
15,1,small,small5b.bmp,4,1176,5
15,1,full,full8j.bmp,2,2464,8
15,1,full,full3c.bmp,1,758,3
15,1,full,full8d.bmp,2,3183,8
15,1,small,small3f.bmp,4,809,3
15,1,small,small3b.bmp,4,720,3
15,1,sd,sd8j.bmp,4,628,8
15,1,small,small1a.bmp,4,450,1
15,1,sd,sd3c.bmp,3,776,3
15,1,small,small5f.bmp,4,681,5
15,1,sd,sd8f.bmp,4,445,8
15,1,sd,sd8g.bmp,4,515,8
15,1,full,full8b.bmp,2,910,8
15,1,small,small3i.bmp,4,650,3
15,1,small,small1e.bmp,4,608,1
15,1,full,full1a.bmp,1,1111,1
15,1,small,small5c.bmp,4,794,5
15,1,sd,sd3f.bmp,2,961,3
15,1,small,small1f.bmp,3,827,1
15,1,small,small3h.bmp,3,633,3
15,1,sd,sd5e.bmp,3,1088,5
15,1,small,small3g.bmp,3,548,3
15,1,small,small8b.bmp,4,758,8
15,1,small,small8j.bmp,4,471,8
15,1,small,small5g.bmp,4,788,5
15,1,sd,sd3j.bmp,3,948,3
15,1,sd,sd5c.bmp,3,2998,5
15,1,sd,sd1g.bmp,2,1455,1
15,1,small,small1h.bmp,3,741,1
15,1,full,full1c.bmp,4,751,1
15,1,full,full5h.bmp,2,6216,5
15,1,sd,sd8b.bmp,4,1754,8
15,1,full,full1i.bmp,1,876,1
15,1,full,full3h.bmp,1,577,3
15,1,full,full5j.bmp,2,881,5
15,1,small,small8f.bmp,4,2278,8
15,1,full,full8g.bmp,2,979,8
15,1,sd,sd3a.bmp,3,2636,3
15,1,full,full5e.bmp,2,923,5
15,1,sd,sd8d.bmp,4,742,8
15,1,sd,sd1b.bmp,2,6080,1
15,1,small,small5h.bmp,4,798,5
15,1,full,full3a.bmp,2,1437,3
15,1,small,small3d.bmp,4,788,3
15,1,sd,sd5b.bmp,3,884,5
15,1,small,small5e.bmp,4,561,5
15,1,full,full3b.bmp,1,1162,3
15,1,small,small3e.bmp,3,996,3
15,1,sd,sd5j.bmp,3,964,5
15,1,sd,sd1f.bmp,2,1333,1
15,1,small,small1c.bmp,3,1488,1
15,1,sd,sd3e.bmp,3,1005,3
15,1,small,small8d.bmp,4,749,8
15,1,full,full8h.bmp,2,1831,8
15,1,full,full8i.bmp,2,646,8
15,1,small,small3a.bmp,4,956,3
15,1,sd,sd1h.bmp,2,1373,1
15,1,sd,sd5g.bmp,3,2221,5
15,1,sd,sd3g.bmp,3,788,3
15,1,small,small8h.bmp,4,764,8
15,1,sd,sd5a.bmp,2,2262,5
15,1,sd,sd3e.bmp,3,4195,3
15,1,full,full1c.bmp,1,869,1
15,1,full,full3j.bmp,1,754,3
15,1,full,full8c.bmp,2,1572,8
15,1,small,small5i.bmp,4,2125,5
15,1,sd,sd1a.bmp,2,1400,1
15,1,small,small8j.bmp,3,680,8
15,1,sd,sd1d.bmp,1,2309,1
15,1,small,small5g.bmp,4,1368,5
15,1,sd,sd5c.bmp,3,12241,5
15,1,small,small5e.bmp,4,979,5
15,1,sd,sd3b.bmp,3,972,3
15,1,small,small5b.bmp,4,933,5
15,1,small,small3c.bmp,4,967,3
15,1,small,small3e.bmp,4,745,3
15,1,full,full5i.bmp,2,4107,5
15,1,small,small5c.bmp,4,814,5
15,1,full,full8a.bmp,2,1558,8
15,1,full,full1f.bmp,1,1311,1
15,1,small,small3a.bmp,2,747,3
15,1,sd,sd5i.bmp,4,1093,5
15,1,full,full8e.bmp,2,3977,8
15,1,sd,sd3a.bmp,3,867,3
15,1,small,small3h.bmp,4,1632,3
15,1,sd,sd1f.bmp,2,1807,1
15,1,small,small5j.bmp,4,775,5
15,1,sd,sd1i.bmp,2,863,1
15,1,small,small5f.bmp,4,741,5
15,1,sd,sd3c.bmp,3,1239,3
15,1,full,full1b.bmp,1,901,1
15,1,small,small3j.bmp,4,816,3
15,1,sd,sd1b.bmp,2,936,1
15,1,small,small1f.bmp,3,802,1
15,1,small,small5a.bmp,4,706,5
15,1,sd,sd3i.bmp,3,934,3
15,1,small,small3f.bmp,4,784,3
15,1,small,small1a.bmp,4,1017,1
15,1,small,small3g.bmp,4,656,3
15,1,sd,sd8c.bmp,4,558,8
15,1,full,full5e.bmp,2,2519,5
15,1,small,small8i.bmp,4,691,8
15,1,sd,sd1g.bmp,1,1255,1
15,1,sd,sd8i.bmp,4,1269,8
15,1,sd,sd1e.bmp,2,2379,1
15,1,sd,sd3h.bmp,2,8835,3
15,1,small,small8g.bmp,4,924,8
15,1,full,full3c.bmp,1,983,3
15,1,full,full1h.bmp,1,608,1
15,1,sd,sd5d.bmp,3,847,5
15,1,full,full5b.bmp,2,909,5
15,1,sd,sd8j.bmp,3,1520,8
15,1,small,small8e.bmp,4,548,8
15,1,small,small1h.bmp,4,694,1
15,1,full,full3b.bmp,1,11817,3
15,1,full,full1e.bmp,1,612,1
15,1,full,full3g.bmp,1,379,3
15,1,full,full3e.bmp,1,364,3
15,1,sd,sd5h.bmp,3,1741,5
15,1,full,full3d.bmp,1,663,3
15,1,full,full5c.bmp,2,989,5
15,1,small,small3d.bmp,4,1021,3
15,1,small,small8c.bmp,4,740,8
15,1,full,full3i.bmp,2,1526,3
15,1,sd,sd3d.bmp,3,2297,3
15,1,full,full8j.bmp,3,7532,8
15,1,sd,sd1j.bmp,2,994,1
15,1,sd,sd8e.bmp,4,802,8
15,1,full,full3a.bmp,2,1154,3
15,1,sd,sd5g.bmp,3,1828,5
15,1,sd,sd8b.bmp,4,1563,8
15,1,full,full5h.bmp,2,1164,5
15,1,full,full5g.bmp,2,758,5
15,1,sd,sd5j.bmp,3,1391,5
15,1,full,full1g.bmp,1,1255,1
15,1,sd,sd3f.bmp,3,3165,3
15,1,sd,sd8h.bmp,4,655,8
15,1,full,full8f.bmp,2,997,8
15,1,full,full5f.bmp,2,1773,5
15,1,full,full8d.bmp,2,678,8
15,1,small,small1b.bmp,3,3682,1
15,1,small,small1g.bmp,3,911,1
15,1,full,full1a.bmp,2,955,1
15,1,sd,sd1h.bmp,3,940,1
15,1,full,full5d.bmp,3,822,5
15,1,small,small5h.bmp,4,997,5
15,1,small,small1i.bmp,4,501,1
15,1,full,full8h.bmp,2,1025,8
15,1,small,small5d.bmp,4,591,5
15,1,sd,sd8d.bmp,4,527,8
15,1,small,small8a.bmp,4,418,8
15,1,full,full1d.bmp,1,1945,1
15,1,sd,sd5e.bmp,3,1411,5
15,1,full,full1i.bmp,1,1115,1
15,1,sd,sd5f.bmp,3,4925,5
15,1,full,full8g.bmp,2,1490,8
15,1,full,full3f.bmp,1,1798,3
15,1,sd,sd5b.bmp,3,1878,5
15,1,full,full8b.bmp,2,8691,8
15,1,small,small8d.bmp,4,786,8
15,1,sd,sd3j.bmp,3,5147,3
15,1,small,small1e.bmp,4,973,1
15,1,sd,sd1c.bmp,2,1822,1
15,1,full,full5j.bmp,2,1021,5
15,1,small,small3b.bmp,4,892,3
15,1,full,full1j.bmp,1,1408,1
15,1,small,small8b.bmp,4,4896,8
15,1,small,small1c.bmp,3,1781,1
15,1,small,small1d.bmp,3,926,1
15,1,small,small1j.bmp,3,417,1
15,1,sd,sd8f.bmp,3,432,8
15,1,full,full5a.bmp,2,1071,5
15,1,sd,sd8g.bmp,3,1196,8
15,1,sd,sd8a.bmp,4,572,8
15,1,full,full8i.bmp,2,1173,8
15,1,small,small3i.bmp,4,1557,3
15,1,small,small8f.bmp,4,598,8
15,1,full,full3h.bmp,1,1814,3
16,1,sd,sd3e.bmp,3,10426,3
16,1,small,small5f.bmp,4,5572,5
16,1,small,small1f.bmp,3,3118,1
16,1,sd,sd8f.bmp,4,2170,8
16,1,sd,sd3b.bmp,2,2020,3
16,1,sd,sd3i.bmp,2,1764,3
16,1,full,full5e.bmp,2,4669,5
16,1,small,small8d.bmp,4,1716,8
16,1,sd,sd1a.bmp,2,1944,1
16,1,sd,sd8i.bmp,4,5089,8
16,1,sd,sd8d.bmp,4,8263,8
16,1,sd,sd8b.bmp,4,2454,8
16,1,sd,sd1d.bmp,1,2172,1
16,1,small,small8h.bmp,4,1413,8
16,1,sd,sd1c.bmp,2,4333,1
16,1,sd,sd8c.bmp,4,1681,8
16,1,full,full1h.bmp,1,1654,1
16,1,small,small5b.bmp,4,1388,5
16,1,small,small3j.bmp,4,2469,3
16,1,sd,sd1f.bmp,2,1923,1
16,1,small,small8f.bmp,4,1406,8
16,1,small,small8e.bmp,4,1549,8
16,1,small,small8c.bmp,4,903,8
16,1,full,full1c.bmp,1,1723,1
16,1,sd,sd8g.bmp,3,2485,8
16,1,small,small5g.bmp,3,1267,5
16,1,sd,sd8j.bmp,3,1376,8
16,1,sd,sd3a.bmp,3,1473,3
16,1,full,full8a.bmp,2,1974,8
16,1,full,full8c.bmp,2,727,8
16,1,full,full5j.bmp,2,857,5
16,1,sd,sd8a.bmp,4,3711,8
16,1,full,full5g.bmp,2,955,5
16,1,full,full8h.bmp,2,740,8
16,1,small,small1g.bmp,3,1054,1
16,1,small,small3i.bmp,4,1428,3
16,1,small,small1i.bmp,4,795,1
16,1,sd,sd5f.bmp,3,1267,5
16,1,full,full1f.bmp,1,1201,1
16,1,small,small5e.bmp,4,1425,5
16,1,sd,sd1h.bmp,2,1248,1
16,1,small,small5c.bmp,4,1046,5
16,1,sd,sd3h.bmp,2,1244,3
16,1,sd,sd1g.bmp,2,3682,1
16,1,full,full3j.bmp,2,768,3
16,1,full,full5d.bmp,2,633,5
16,1,small,small8i.bmp,4,1199,8
16,1,small,small3h.bmp,4,855,3
16,1,small,small5h.bmp,4,613,5
16,1,sd,sd1i.bmp,2,2812,1
16,1,full,full1b.bmp,1,1236,1
16,1,small,small3b.bmp,2,1227,3
16,1,full,full3g.bmp,2,1913,3
16,1,sd,sd5a.bmp,3,1381,5
16,1,sd,sd5d.bmp,2,1334,5
16,1,full,full5c.bmp,2,849,5
16,1,full,full5b.bmp,2,591,5
16,1,full,full3c.bmp,2,783,3
16,1,small,small5j.bmp,4,983,5
16,1,small,small8j.bmp,4,864,8
16,1,full,full8j.bmp,2,1213,8
16,1,sd,sd5c.bmp,3,1349,5
16,1,sd,sd8e.bmp,4,1527,8
16,1,full,full1d.bmp,1,1130,1
16,1,full,full5h.bmp,2,2372,5
16,1,sd,sd5g.bmp,3,1022,5
16,1,small,small5a.bmp,4,1869,5
16,1,full,full3f.bmp,2,1155,3
16,1,small,small1c.bmp,3,1557,1
16,1,small,small8g.bmp,2,894,8
16,1,full,full1j.bmp,1,1529,1
16,1,full,full5a.bmp,2,972,5
16,1,small,small3a.bmp,4,1349,3
16,1,sd,sd3f.bmp,2,1287,3
16,1,full,full8f.bmp,2,940,8
16,1,small,small8b.bmp,4,1006,8
16,1,sd,sd1j.bmp,2,1205,1
16,1,small,small3e.bmp,4,3437,3
16,1,sd,sd5j.bmp,3,1108,5
16,1,full,full5i.bmp,2,1024,5
16,1,full,full1a.bmp,2,3758,1
16,1,small,small5d.bmp,4,993,5
16,1,sd,sd1b.bmp,2,2713,1
16,1,sd,sd3d.bmp,3,1077,3
16,1,full,full5f.bmp,2,777,5
16,1,full,full8b.bmp,2,690,8
16,1,sd,sd3g.bmp,3,950,3
16,1,full,full3b.bmp,2,920,3
16,1,full,full3a.bmp,2,795,3
16,1,small,small8a.bmp,4,1115,8
16,1,small,small1e.bmp,3,1671,1
16,1,sd,sd5b.bmp,2,1140,5
16,1,full,full3h.bmp,2,990,3
16,1,small,small1b.bmp,4,1837,1
16,1,small,small3f.bmp,4,1012,3
16,1,full,full3i.bmp,2,1179,3
16,1,sd,sd1e.bmp,2,1132,1
16,1,sd,sd5i.bmp,3,1615,5
16,1,sd,sd8h.bmp,4,1446,8
16,1,full,full1e.bmp,1,1276,1
16,1,small,small1j.bmp,3,5057,1
16,1,small,small1d.bmp,3,808,1
16,1,full,full8d.bmp,2,719,8
16,1,small,small3d.bmp,4,1107,3
16,1,full,full1i.bmp,1,990,1
16,1,small,small3g.bmp,4,2910,3
16,1,full,full8g.bmp,2,1042,8
16,1,full,full1g.bmp,1,3328,1
16,1,small,small1a.bmp,3,2604,1
16,1,sd,sd5h.bmp,4,1244,5
16,1,small,small3c.bmp,4,802,3
16,1,small,small1h.bmp,4,874,1
16,1,sd,sd3c.bmp,3,1247,3
16,1,full,full3e.bmp,1,1141,3
16,1,full,full8i.bmp,2,3742,8
16,1,full,full3d.bmp,2,1033,3
16,1,full,full8e.bmp,2,568,8
16,1,small,small5i.bmp,4,1297,5
16,1,sd,sd3j.bmp,2,3789,3
16,1,sd,sd5e.bmp,3,1158,5
16,1,sd,sd3h.bmp,2,2872,3
16,1,full,full1i.bmp,2,2133,1
16,1,small,small3d.bmp,4,1544,3
16,1,small,small5b.bmp,4,546,5
16,1,full,full5f.bmp,2,1748,5
16,1,sd,sd1e.bmp,2,998,1
16,1,full,full8d.bmp,2,1334,8
16,1,small,small8h.bmp,4,1201,8
16,1,full,full5g.bmp,2,1625,5
16,1,sd,sd8g.bmp,4,2584,8
16,1,full,full8c.bmp,2,2146,8
16,1,full,full5i.bmp,2,1452,5
16,1,small,small1d.bmp,3,1154,1
16,1,small,small5f.bmp,4,972,5
16,1,full,full3g.bmp,2,1709,3
16,1,sd,sd3i.bmp,3,1624,3
16,1,full,full5b.bmp,2,1839,5
16,1,full,full3i.bmp,2,2285,3
16,1,full,full5e.bmp,2,619,5
16,1,small,small1f.bmp,3,1370,1
16,1,full,full1g.bmp,2,1291,1
16,1,full,full3b.bmp,2,1160,3
16,1,small,small3g.bmp,4,913,3
16,1,small,small8f.bmp,4,1492,8
16,1,full,full8e.bmp,2,1008,8
16,1,sd,sd5c.bmp,3,1032,5
16,1,full,full5h.bmp,2,1839,5
16,1,small,small8b.bmp,4,1565,8
16,1,sd,sd1c.bmp,2,4174,1
16,1,sd,sd1g.bmp,2,1744,1
16,1,full,full1b.bmp,2,507,1
16,1,full,full1e.bmp,2,2262,1
16,1,sd,sd5a.bmp,3,1044,5
16,1,full,full5c.bmp,2,2298,5
16,1,sd,sd5g.bmp,3,1262,5
16,1,sd,sd1h.bmp,2,835,1
16,1,sd,sd8a.bmp,4,1089,8
16,1,small,small3b.bmp,4,949,3
16,1,sd,sd1i.bmp,2,1487,1
16,1,full,full3j.bmp,2,1004,3
16,1,small,small3a.bmp,3,1916,3
16,1,small,small3j.bmp,4,1080,3
16,1,full,full3d.bmp,2,1005,3
16,1,small,small5e.bmp,4,4181,5
16,1,sd,sd1d.bmp,2,3678,1
16,1,small,small5a.bmp,4,1060,5
16,1,sd,sd3a.bmp,2,1273,3
16,1,small,small1a.bmp,3,3174,1
16,1,full,full8h.bmp,2,1680,8
16,1,small,small1c.bmp,2,1949,1
16,1,small,small8e.bmp,4,1039,8
16,1,full,full8j.bmp,2,1341,8
16,1,small,small8j.bmp,4,2367,8
16,1,small,small1g.bmp,2,1033,1
16,1,sd,sd5d.bmp,3,1319,5
16,1,full,full8f.bmp,2,1066,8
16,1,sd,sd3e.bmp,2,695,3
16,1,small,small1b.bmp,3,523,1
16,1,sd,sd1j.bmp,2,1069,1
16,1,sd,sd8i.bmp,3,778,8
16,1,small,small5c.bmp,4,931,5
16,1,small,small3h.bmp,3,1093,3
16,1,small,small3i.bmp,3,746,3
16,1,sd,sd8h.bmp,3,875,8
16,1,full,full8i.bmp,2,2432,8
16,1,sd,sd5j.bmp,3,2511,5
16,1,small,small3c.bmp,4,1091,3
16,1,sd,sd8j.bmp,4,1031,8
16,1,sd,sd8f.bmp,4,1086,8
16,1,full,full1d.bmp,1,2122,1
16,1,sd,sd1b.bmp,2,1133,1
16,1,sd,sd3c.bmp,3,920,3
16,1,small,small3e.bmp,4,819,3
16,1,sd,sd5h.bmp,4,1035,5
16,1,small,small1j.bmp,3,993,1
16,1,full,full3a.bmp,2,993,3
16,1,small,small5g.bmp,4,1081,5
16,1,sd,sd3j.bmp,2,2102,3
16,1,sd,sd5f.bmp,3,1211,5
16,1,sd,sd8d.bmp,4,1265,8
16,1,sd,sd5i.bmp,3,1670,5
16,1,small,small8d.bmp,4,1516,8
16,1,full,full3e.bmp,1,1296,3
16,1,sd,sd1a.bmp,2,3020,1
16,1,full,full5a.bmp,1,964,5
16,1,full,full5d.bmp,2,1069,5
16,1,full,full1a.bmp,1,827,1
16,1,small,small5i.bmp,4,1937,5
16,1,sd,sd5b.bmp,3,948,5
16,1,full,full5j.bmp,2,1222,5
16,1,sd,sd3b.bmp,2,2245,3
16,1,full,full1j.bmp,1,1283,1
16,1,full,full3h.bmp,1,1024,3
16,1,full,full3f.bmp,1,719,3
16,1,small,small8a.bmp,4,1946,8
16,1,sd,sd8b.bmp,4,3085,8
16,1,sd,sd3f.bmp,2,1202,3
16,1,sd,sd8e.bmp,4,1242,8
16,1,small,small5h.bmp,4,1264,5
16,1,small,small3f.bmp,4,1518,3
16,1,sd,sd3g.bmp,2,1265,3
16,1,sd,sd5e.bmp,2,822,5
16,1,full,full8b.bmp,2,1700,8
16,1,full,full3c.bmp,2,3225,3
16,1,sd,sd8c.bmp,4,3824,8
16,1,full,full8a.bmp,2,1376,8
16,1,small,small5d.bmp,4,929,5
16,1,full,full1c.bmp,1,979,1
16,1,full,full8g.bmp,2,1076,8
16,1,small,small8i.bmp,4,841,8
16,1,small,small8g.bmp,4,1079,8
16,1,full,full1f.bmp,2,2771,1
16,1,small,small1e.bmp,2,4149,1
16,1,sd,sd1f.bmp,2,2416,1
16,1,sd,sd3d.bmp,3,832,3
16,1,small,small1h.bmp,3,646,1
16,1,small,small1i.bmp,3,804,1
16,1,full,full1h.bmp,2,1140,1
16,1,small,small5j.bmp,4,3086,5
16,1,small,small8c.bmp,4,924,8
16,1,full,full3c.bmp,2,1638,3
16,1,small,small8d.bmp,4,2476,8
16,1,full,full5j.bmp,1,4761,5
16,1,sd,sd1c.bmp,2,980,1
16,1,full,full8f.bmp,2,764,8
16,1,full,full1d.bmp,1,1926,1
16,1,small,small8c.bmp,4,1089,8
16,1,sd,sd8h.bmp,3,1013,8
16,1,full,full3h.bmp,2,2036,3
16,1,sd,sd5g.bmp,3,947,5
16,1,full,full1c.bmp,2,765,1
16,1,sd,sd5e.bmp,3,2062,5
16,1,small,small1j.bmp,2,1020,1
16,1,small,small3c.bmp,3,668,3
16,1,full,full8b.bmp,2,1161,8
16,1,full,full8h.bmp,2,778,8
16,1,full,full8g.bmp,2,651,8
16,1,full,full3e.bmp,1,1177,3
16,1,full,full1g.bmp,1,1041,1
16,1,sd,sd5f.bmp,3,3104,5
16,1,sd,sd1h.bmp,2,2012,1
16,1,full,full1h.bmp,1,1244,1
16,1,sd,sd8f.bmp,4,3417,8
16,1,small,small8g.bmp,4,1857,8
16,1,sd,sd1d.bmp,2,919,1
16,1,small,small5b.bmp,2,1050,5
16,1,small,small5f.bmp,4,1536,5
16,1,small,small8h.bmp,4,603,8
16,1,full,full3a.bmp,2,2619,3
16,1,full,full1f.bmp,1,1371,1
16,1,sd,sd5i.bmp,3,1229,5
16,1,sd,sd8j.bmp,3,1091,8
16,1,small,small3h.bmp,3,919,3
16,1,small,small1d.bmp,2,1347,1
16,1,sd,sd5j.bmp,3,797,5
16,1,sd,sd3h.bmp,3,629,3
16,1,full,full8c.bmp,2,852,8
16,1,small,small3b.bmp,4,1945,3
16,1,small,small3g.bmp,4,652,3
16,1,sd,sd1j.bmp,2,1290,1
16,1,sd,sd3i.bmp,2,1278,3
16,1,full,full5i.bmp,2,1003,5
16,1,full,full1a.bmp,1,1019,1
16,1,sd,sd3b.bmp,3,1002,3
16,1,small,small8e.bmp,4,1058,8
16,1,small,small1g.bmp,2,1104,1
16,1,full,full8e.bmp,2,715,8
16,1,small,small3i.bmp,4,982,3
16,1,sd,sd3f.bmp,2,1007,3
16,1,full,full5e.bmp,2,750,5
16,1,full,full1e.bmp,1,2528,1
16,1,full,full5b.bmp,2,787,5
16,1,small,small5j.bmp,4,4236,5
16,1,full,full8d.bmp,2,1228,8
16,1,sd,sd5a.bmp,3,1866,5
16,1,small,small5h.bmp,4,928,5
16,1,sd,sd1e.bmp,2,971,1
16,1,sd,sd5c.bmp,3,1332,5
16,1,small,small3f.bmp,3,791,3
16,1,sd,sd8e.bmp,4,1135,8
16,1,sd,sd1a.bmp,2,834,1
16,1,full,full1i.bmp,1,1208,1
16,1,small,small8f.bmp,4,4584,8
16,1,sd,sd5h.bmp,2,1538,5
16,1,small,small1h.bmp,3,1620,1
16,1,small,small1i.bmp,3,748,1
16,1,sd,sd3g.bmp,2,1038,3
16,1,small,small8j.bmp,4,949,8
16,1,full,full5a.bmp,1,1046,5
16,1,full,full3g.bmp,1,1148,3
16,1,full,full3j.bmp,1,726,3
16,1,small,small5c.bmp,4,1000,5
16,1,full,full5c.bmp,2,1009,5
16,1,sd,sd5b.bmp,3,1232,5
16,1,full,full1b.bmp,1,1279,1
16,1,small,small3j.bmp,4,1027,3
16,1,full,full3d.bmp,1,1106,3
16,1,full,full3i.bmp,1,606,3
16,1,full,full5h.bmp,2,941,5
16,1,full,full8i.bmp,2,855,8
16,1,small,small5d.bmp,4,1188,5
16,1,full,full3b.bmp,1,1173,3
16,1,full,full1j.bmp,1,806,1
16,1,small,small1c.bmp,2,1317,1
16,1,small,small5a.bmp,4,3824,5
16,1,sd,sd8g.bmp,4,616,8
16,1,sd,sd3j.bmp,2,1111,3
16,1,small,small5i.bmp,4,915,5
16,1,full,full5f.bmp,1,966,5
16,1,sd,sd1b.bmp,2,1231,1
16,1,full,full5g.bmp,2,686,5
16,1,small,small1f.bmp,3,803,1
16,1,sd,sd5d.bmp,3,515,5
16,1,small,small1e.bmp,3,478,1
16,1,small,small8a.bmp,4,978,8
16,1,small,small3e.bmp,3,706,3
16,1,small,small5g.bmp,3,1246,5
16,1,sd,sd1g.bmp,2,1140,1
16,1,sd,sd3d.bmp,2,4710,3
16,1,sd,sd1f.bmp,2,658,1
16,1,sd,sd3e.bmp,2,488,3
16,1,full,full5d.bmp,2,836,5
16,1,small,small5e.bmp,4,1115,5
16,1,small,small1a.bmp,3,1854,1
16,1,sd,sd3c.bmp,2,3845,3
16,1,small,small8i.bmp,4,1348,8
16,1,sd,sd8i.bmp,4,2622,8
16,1,small,small8b.bmp,4,1533,8
16,1,sd,sd8c.bmp,4,17967,8
16,1,sd,sd1i.bmp,2,1101,1
16,1,small,small1b.bmp,3,1002,1
16,1,sd,sd8a.bmp,4,1058,8
16,1,full,full8a.bmp,2,1063,8
16,1,small,small3d.bmp,4,1052,3
16,1,full,full3f.bmp,2,1602,3
16,1,sd,sd3a.bmp,3,987,3
16,1,sd,sd8b.bmp,4,891,8
16,1,small,small3a.bmp,4,1367,3
16,1,full,full8j.bmp,2,1233,8
16,1,sd,sd8d.bmp,4,2208,8
16,1,full,full3f.bmp,1,1183,3
16,1,small,small8a.bmp,4,872,8
16,1,small,small5i.bmp,3,3133,5
16,1,small,small8e.bmp,4,928,8
16,1,sd,sd8i.bmp,3,1131,8
16,1,small,small5b.bmp,4,982,5
16,1,sd,sd1e.bmp,2,966,1
16,1,full,full1h.bmp,1,1152,1
16,1,small,small3b.bmp,4,8833,3
16,1,full,full3g.bmp,1,1026,3
16,1,small,small8j.bmp,4,1033,8
16,1,sd,sd5j.bmp,2,2088,5
16,1,sd,sd5c.bmp,3,1445,5
16,1,sd,sd8f.bmp,4,995,8
16,1,full,full5g.bmp,2,1051,5
16,1,small,small3i.bmp,3,1305,3
16,1,sd,sd3a.bmp,2,1245,3
16,1,sd,sd8a.bmp,4,1507,8
16,1,sd,sd5i.bmp,4,1286,5
16,1,sd,sd1g.bmp,2,2315,1
16,1,sd,sd5g.bmp,3,1063,5
16,1,full,full8b.bmp,2,2324,8
16,1,small,small5f.bmp,4,1151,5
16,1,small,small3a.bmp,4,1001,3
16,1,full,full8g.bmp,2,1089,8
16,1,small,small1c.bmp,3,1062,1
16,1,full,full8c.bmp,2,875,8
16,1,small,small1j.bmp,3,776,1
16,1,full,full5b.bmp,2,744,5
16,1,full,full1a.bmp,2,962,1
16,1,small,small5c.bmp,4,1084,5
16,1,sd,sd3j.bmp,2,2839,3
16,1,small,small1a.bmp,3,814,1
16,1,sd,sd5h.bmp,3,837,5
16,1,small,small3d.bmp,4,652,3
16,1,sd,sd5a.bmp,3,706,5
16,1,small,small5a.bmp,4,821,5
16,1,small,small8b.bmp,4,668,8
16,1,small,small8d.bmp,4,602,8
16,1,sd,sd8j.bmp,4,522,8
16,1,sd,sd1b.bmp,2,924,1
16,1,sd,sd8g.bmp,2,927,8
16,1,sd,sd5d.bmp,2,1329,5
16,1,sd,sd8b.bmp,3,972,8
16,1,small,small1i.bmp,3,853,1
16,1,sd,sd8d.bmp,3,683,8
16,1,full,full1i.bmp,1,1103,1
16,1,full,full5d.bmp,2,844,5
16,1,sd,sd8c.bmp,3,1250,8
16,1,sd,sd5e.bmp,3,1016,5
16,1,sd,sd1f.bmp,2,1119,1
16,1,small,small5j.bmp,4,938,5
16,1,full,full3d.bmp,1,1012,3
16,1,full,full1c.bmp,1,820,1
16,1,full,full8i.bmp,2,1339,8
16,1,sd,sd3b.bmp,2,893,3
16,1,sd,sd1j.bmp,1,1041,1
16,1,full,full3c.bmp,2,623,3
16,1,full,full3b.bmp,2,510,3
16,1,small,small3c.bmp,4,985,3
16,1,full,full5j.bmp,2,1145,5
16,1,full,full8j.bmp,2,1235,8
16,1,full,full3a.bmp,2,714,3
16,1,small,small1f.bmp,3,1309,1
16,1,full,full1d.bmp,2,1144,1
16,1,small,small1g.bmp,2,859,1
16,1,small,small8i.bmp,4,1144,8
16,1,small,small1d.bmp,4,1170,1
16,1,full,full8e.bmp,2,6459,8
16,1,full,full1f.bmp,2,603,1
16,1,small,small8c.bmp,4,1146,8
16,1,sd,sd1c.bmp,2,1005,1
16,1,small,small3f.bmp,3,7261,3
16,1,full,full3e.bmp,1,1668,3
16,1,full,full3j.bmp,2,6930,3
16,1,full,full3h.bmp,2,862,3
16,1,full,full8h.bmp,2,628,8
16,1,small,small5e.bmp,4,1481,5
16,1,small,small1e.bmp,3,982,1
16,1,sd,sd3c.bmp,3,679,3
16,1,small,small5h.bmp,4,1972,5
16,1,small,small3h.bmp,4,677,3
16,1,sd,sd1a.bmp,2,1657,1
16,1,small,small3g.bmp,4,1663,3
16,1,full,full5e.bmp,2,812,5
16,1,full,full8d.bmp,2,1308,8
16,1,sd,sd5f.bmp,3,1103,5
16,1,full,full1e.bmp,1,1179,1
16,1,small,small1b.bmp,3,2036,1
16,1,full,full3i.bmp,2,2699,3
16,1,small,small5d.bmp,4,2608,5
16,1,sd,sd1d.bmp,2,1488,1
16,1,full,full8a.bmp,2,1940,8
16,1,small,small5g.bmp,4,8623,5
16,1,sd,sd3e.bmp,2,1016,3
16,1,small,small3j.bmp,3,4655,3
16,1,small,small8h.bmp,4,1045,8
16,1,sd,sd8h.bmp,3,787,8
16,1,sd,sd3i.bmp,2,1628,3
16,1,sd,sd1h.bmp,2,875,1
16,1,full,full8f.bmp,2,879,8
16,1,full,full1b.bmp,1,1036,1
16,1,full,full1j.bmp,1,755,1
16,1,small,small1h.bmp,3,877,1
16,1,sd,sd3h.bmp,3,769,3
16,1,full,full5i.bmp,2,939,5
16,1,sd,sd5b.bmp,2,941,5
16,1,full,full5f.bmp,1,943,5
16,1,sd,sd8e.bmp,3,1265,8
16,1,full,full1g.bmp,1,982,1
16,1,sd,sd3f.bmp,2,999,3
16,1,sd,sd1i.bmp,2,1599,1
16,1,small,small3e.bmp,3,927,3
16,1,small,small8f.bmp,4,794,8
16,1,full,full5c.bmp,2,1058,5
16,1,full,full5a.bmp,2,935,5
16,1,small,small8g.bmp,4,770,8
16,1,sd,sd3d.bmp,2,1211,3
16,1,full,full5h.bmp,1,899,5
16,1,sd,sd3g.bmp,2,3879,3
17,1,sd,sd8f.bmp,4,6602,8
17,1,small,small1h.bmp,3,7939,1
17,1,full,full5i.bmp,2,3232,5
17,1,full,full3b.bmp,2,4383,3
17,1,sd,sd3b.bmp,2,5913,3
17,1,full,full1b.bmp,1,3238,1
17,1,small,small1i.bmp,4,3029,1
17,1,sd,sd5i.bmp,4,3853,5
17,1,sd,sd1e.bmp,2,2379,1
17,1,sd,sd3e.bmp,2,4180,3
17,1,full,full8e.bmp,2,2390,8
17,1,sd,sd5g.bmp,3,3015,5
17,1,sd,sd1c.bmp,2,1639,1
17,1,small,small5a.bmp,4,1749,5
17,1,small,small3i.bmp,4,1439,3
17,1,small,small1g.bmp,2,3165,1
17,1,small,small8j.bmp,4,1608,8
17,1,sd,sd5j.bmp,4,2383,5
17,1,sd,sd5d.bmp,4,7335,5
17,1,small,small8e.bmp,4,1132,8
17,1,full,full8j.bmp,2,1079,8
17,1,full,full3c.bmp,2,4708,3
17,1,small,small3b.bmp,4,2689,3
17,1,full,full8i.bmp,2,1013,8
17,1,full,full5h.bmp,2,1173,5
17,1,sd,sd3c.bmp,3,1957,3
17,1,small,small1d.bmp,3,1279,1
17,1,full,full8f.bmp,2,1388,8
17,1,full,full8c.bmp,2,1029,8
17,1,small,small1c.bmp,3,2659,1
17,1,sd,sd8g.bmp,4,729,8
17,1,sd,sd8e.bmp,4,987,8
17,1,small,small3c.bmp,4,540,3
17,1,small,small5b.bmp,4,590,5
17,1,small,small3g.bmp,4,614,3
17,1,full,full1h.bmp,1,1533,1
17,1,small,small3j.bmp,4,1104,3
17,1,full,full3i.bmp,2,3940,3
17,1,full,full1d.bmp,1,959,1
17,1,full,full3g.bmp,2,2176,3
17,1,small,small1b.bmp,3,2786,1
17,1,full,full1e.bmp,2,1139,1
17,1,full,full3j.bmp,2,1365,3
17,1,small,small3a.bmp,4,1199,3
17,1,small,small8b.bmp,4,942,8
17,1,small,small8i.bmp,4,504,8
17,1,sd,sd5e.bmp,3,1076,5
17,1,sd,sd3g.bmp,3,808,3
17,1,full,full8h.bmp,2,528,8
17,1,sd,sd5a.bmp,3,994,5
17,1,sd,sd1b.bmp,2,754,1
17,1,sd,sd5c.bmp,3,868,5
17,1,sd,sd3i.bmp,3,1850,3
17,1,small,small5d.bmp,4,1048,5
17,1,full,full5g.bmp,2,1014,5
17,1,full,full5f.bmp,2,1101,5
17,1,sd,sd1i.bmp,2,2121,1
17,1,full,full5a.bmp,2,669,5
17,1,sd,sd3h.bmp,3,795,3
17,1,small,small5c.bmp,4,859,5
17,1,small,small8f.bmp,4,816,8
17,1,small,small5g.bmp,4,487,5
17,1,small,small5f.bmp,4,651,5
17,1,sd,sd5h.bmp,3,1217,5
17,1,small,small8d.bmp,4,704,8
17,1,full,full8g.bmp,2,1292,8
17,1,small,small3e.bmp,4,1576,3
17,1,small,small8g.bmp,4,633,8
17,1,sd,sd5b.bmp,3,2392,5
17,1,full,full1c.bmp,2,1200,1
17,1,full,full1j.bmp,1,808,1
17,1,sd,sd3d.bmp,2,14024,3
17,1,full,full5c.bmp,2,922,5
17,1,small,small3d.bmp,4,1221,3
17,1,full,full3d.bmp,2,1316,3
17,1,sd,sd1h.bmp,2,1368,1
17,1,small,small1j.bmp,3,841,1
17,1,sd,sd8c.bmp,4,767,8
17,1,full,full8a.bmp,2,1641,8
17,1,full,full3f.bmp,2,1063,3
17,1,sd,sd8j.bmp,4,1172,8
17,1,sd,sd3a.bmp,3,1509,3
17,1,full,full3a.bmp,2,737,3
17,1,sd,sd1f.bmp,2,1243,1
17,1,small,small1f.bmp,3,3297,1
17,1,full,full3h.bmp,2,942,3
17,1,small,small8h.bmp,4,680,8
17,1,sd,sd3j.bmp,3,845,3
17,1,full,full1a.bmp,1,1130,1
17,1,sd,sd5f.bmp,3,3645,5
17,1,full,full8d.bmp,2,844,8
17,1,small,small5i.bmp,4,722,5
17,1,sd,sd1d.bmp,2,1004,1
17,1,sd,sd1g.bmp,2,1020,1
17,1,full,full5e.bmp,2,1124,5
17,1,small,small5h.bmp,4,655,5
17,1,small,small8a.bmp,4,548,8
17,1,full,full1f.bmp,2,1126,1
17,1,sd,sd1j.bmp,2,2249,1
17,1,small,small8c.bmp,4,552,8
17,1,full,full8b.bmp,2,730,8
17,1,sd,sd8a.bmp,4,692,8
17,1,small,small3h.bmp,4,792,3
17,1,small,small1e.bmp,3,536,1
17,1,full,full3e.bmp,2,1003,3
17,1,full,full5b.bmp,2,1410,5
17,1,small,small1a.bmp,4,577,1
17,1,small,small3f.bmp,4,802,3
17,1,full,full1g.bmp,1,2570,1
17,1,sd,sd8i.bmp,4,1532,8
17,1,sd,sd1a.bmp,2,1119,1
17,1,sd,sd8d.bmp,4,1978,8
17,1,full,full5j.bmp,2,1539,5
17,1,full,full5d.bmp,2,717,5
17,1,full,full1i.bmp,2,4129,1
17,1,small,small5e.bmp,4,501,5
17,1,small,small5j.bmp,4,600,5
17,1,sd,sd8b.bmp,4,672,8
17,1,sd,sd3f.bmp,3,502,3
17,1,sd,sd8h.bmp,4,561,8
17,1,small,small1h.bmp,3,1131,1
17,1,full,full5d.bmp,2,3812,5
17,1,full,full3e.bmp,2,2277,3
17,1,full,full1b.bmp,2,1834,1
17,1,small,small5e.bmp,4,2385,5
17,1,small,small8f.bmp,4,434,8
17,1,small,small8i.bmp,4,841,8
17,1,sd,sd1b.bmp,2,1759,1
17,1,full,full5j.bmp,2,4216,5
17,1,full,full8c.bmp,2,825,8
17,1,small,small1j.bmp,2,3336,1
17,1,full,full3j.bmp,2,747,3
17,1,sd,sd1g.bmp,2,605,1
17,1,full,full5a.bmp,2,644,5
17,1,sd,sd5a.bmp,3,4250,5
17,1,sd,sd1h.bmp,2,5921,1
17,1,small,small8d.bmp,4,7750,8
17,1,sd,sd5b.bmp,2,11234,5
17,1,sd,sd5f.bmp,2,3235,5
17,1,sd,sd8h.bmp,3,15115,8
17,1,sd,sd8i.bmp,3,6379,8
17,1,full,full8b.bmp,2,4326,8
17,1,full,full3h.bmp,2,1706,3
17,1,sd,sd5g.bmp,3,4645,5
17,1,small,small3b.bmp,2,8436,3
17,1,small,small5i.bmp,4,3349,5
17,1,small,small3j.bmp,2,3624,3
17,1,full,full1c.bmp,1,1607,1
17,1,sd,sd3h.bmp,2,4895,3
17,1,full,full1i.bmp,1,1252,1
17,1,full,full1j.bmp,1,921,1
17,1,sd,sd8c.bmp,4,3524,8
17,1,small,small5c.bmp,4,3224,5
17,1,full,full3c.bmp,2,5671,3
17,1,full,full8i.bmp,2,1102,8
17,1,sd,sd1i.bmp,2,4754,1
17,1,sd,sd3f.bmp,3,1909,3
17,1,full,full8j.bmp,2,1369,8
17,1,full,full1f.bmp,2,1242,1
17,1,small,small3i.bmp,2,7736,3
17,1,full,full3i.bmp,2,3132,3
17,1,small,small8c.bmp,4,2431,8
17,1,full,full5e.bmp,2,2583,5
17,1,small,small5g.bmp,3,9176,5
17,1,small,small1c.bmp,3,3564,1
17,1,small,small8j.bmp,4,2070,8
17,1,sd,sd1a.bmp,2,2683,1
17,1,small,small5a.bmp,4,4816,5
17,1,sd,sd1f.bmp,2,2353,1
17,1,full,full8h.bmp,2,2875,8
17,1,sd,sd3a.bmp,3,8297,3
17,1,small,small1g.bmp,2,10559,1
17,1,sd,sd1c.bmp,2,9795,1
17,1,full,full5g.bmp,2,1462,5
17,1,sd,sd1d.bmp,2,5364,1
17,1,small,small3g.bmp,3,5247,3
17,1,full,full3b.bmp,2,3526,3
17,1,small,small3a.bmp,2,4241,3
17,1,sd,sd5e.bmp,3,56687,5
17,1,sd,sd5i.bmp,3,1807,5
17,1,sd,sd8j.bmp,4,3198,8
17,1,small,small5f.bmp,4,551,5
17,1,full,full5b.bmp,2,2288,5
17,1,full,full1h.bmp,1,2788,1
17,1,small,small5d.bmp,4,2756,5
17,1,small,small3c.bmp,3,2926,3
17,1,sd,sd3j.bmp,3,2218,3
17,1,small,small5j.bmp,4,2001,5
17,1,small,small8g.bmp,4,1625,8
17,1,full,full3a.bmp,2,1776,3
17,1,small,small3d.bmp,3,3441,3
17,1,small,small1d.bmp,2,12247,1
17,1,full,full3f.bmp,2,1424,3
17,1,full,full5c.bmp,2,751,5
17,1,full,full5f.bmp,2,1336,5
17,1,sd,sd3d.bmp,2,3402,3
17,1,small,small8h.bmp,3,2955,8
17,1,sd,sd8b.bmp,3,3381,8
17,1,full,full8g.bmp,3,8798,8
17,1,full,full3g.bmp,2,1864,3
17,1,full,full5i.bmp,2,3446,5
17,1,full,full3d.bmp,2,1093,3
17,1,small,small5b.bmp,3,6569,5
17,1,sd,sd8d.bmp,4,2700,8
17,1,small,small1e.bmp,2,5321,1
17,1,sd,sd8e.bmp,4,4301,8
17,1,sd,sd1j.bmp,1,11601,1
17,1,sd,sd3i.bmp,2,4653,3
17,1,small,small5h.bmp,3,7436,5
17,1,sd,sd1e.bmp,2,15059,1
17,1,full,full8f.bmp,2,1254,8
17,1,full,full5h.bmp,2,948,5
17,1,full,full1g.bmp,1,1958,1
17,1,small,small3h.bmp,2,3144,3
17,1,small,small8e.bmp,3,2114,8
17,1,sd,sd3b.bmp,2,4486,3
17,1,small,small8b.bmp,4,2548,8
17,1,full,full8a.bmp,3,48189,8
17,1,sd,sd8g.bmp,3,4845,8
17,1,small,small1b.bmp,2,2684,1
17,1,small,small3f.bmp,2,1674,3
17,1,sd,sd5c.bmp,3,6135,5
17,1,sd,sd8a.bmp,3,2155,8
17,1,small,small1i.bmp,2,7829,1
17,1,sd,sd3c.bmp,2,1741,3
17,1,small,small1f.bmp,2,10408,1
17,1,small,small3e.bmp,2,8306,3
17,1,small,small1a.bmp,2,3312,1
17,1,full,full1d.bmp,1,2133,1
17,1,sd,sd5j.bmp,3,2248,5
17,1,full,full8e.bmp,2,8877,8
17,1,small,small8a.bmp,4,2693,8
17,1,sd,sd3e.bmp,2,4081,3
17,1,sd,sd8f.bmp,3,2943,8
17,1,full,full1e.bmp,1,1602,1
17,1,sd,sd5d.bmp,2,3210,5
17,1,full,full1a.bmp,1,1354,1
17,1,full,full8d.bmp,2,2925,8
17,1,sd,sd5h.bmp,3,4511,5
17,1,sd,sd3g.bmp,2,28956,3
17,1,full,full3b.bmp,2,2846,3
17,1,sd,sd1b.bmp,2,3253,1
17,1,small,small3a.bmp,2,3516,3
17,1,full,full3d.bmp,2,3896,3
17,1,sd,sd8b.bmp,3,4965,8
17,1,full,full5i.bmp,2,3120,5
17,1,sd,sd3g.bmp,2,5396,3
17,1,full,full1b.bmp,1,1414,1
17,1,sd,sd8c.bmp,4,6468,8
17,1,full,full1j.bmp,1,4371,1
17,1,small,small5d.bmp,3,12253,5
17,1,sd,sd8h.bmp,4,3399,8
17,1,small,small1d.bmp,2,1984,1
17,1,sd,sd5h.bmp,3,14968,5
17,1,small,small5f.bmp,3,3829,5
17,1,small,small1b.bmp,2,6525,1
17,1,sd,sd8g.bmp,3,9442,8
17,1,sd,sd5a.bmp,2,4282,5
17,1,full,full8e.bmp,2,2832,8
17,1,small,small3b.bmp,2,2255,3
17,1,sd,sd1e.bmp,2,2765,1
17,1,small,small1j.bmp,2,7951,1
17,1,sd,sd3a.bmp,2,20099,3
17,1,full,full3f.bmp,2,3637,3
17,1,sd,sd5j.bmp,3,4668,5
17,1,small,small1a.bmp,2,1403,1
17,1,small,small8j.bmp,4,2915,8
17,1,full,full3e.bmp,2,2215,3
17,1,small,small5h.bmp,2,3431,5
17,1,small,small8e.bmp,4,4310,8
17,1,sd,sd3f.bmp,3,7818,3
17,1,full,full3g.bmp,2,1188,3
17,1,small,small5i.bmp,3,7117,5
17,1,sd,sd1a.bmp,2,4899,1
17,1,small,small1h.bmp,2,6071,1
17,1,full,full5g.bmp,2,4454,5
17,1,full,full8d.bmp,3,7140,8
17,1,small,small1f.bmp,2,2752,1
17,1,full,full1d.bmp,1,1643,1
17,1,sd,sd5d.bmp,3,5945,5
17,1,full,full1g.bmp,1,1165,1
17,1,small,small8c.bmp,4,5214,8
17,1,sd,sd5c.bmp,3,7479,5
17,1,small,small3g.bmp,2,11782,3
17,1,sd,sd8j.bmp,3,2162,8
17,1,small,small5a.bmp,3,11675,5
17,1,sd,sd1i.bmp,2,4219,1
17,1,small,small8a.bmp,4,1884,8
17,1,sd,sd5f.bmp,3,12721,5
17,1,full,full5b.bmp,2,1744,5
17,1,full,full1e.bmp,1,6730,1
17,1,full,full3j.bmp,2,1470,3
17,1,sd,sd1f.bmp,2,4396,1
17,1,sd,sd3c.bmp,2,2701,3
17,1,small,small8i.bmp,4,2962,8
17,1,full,full8c.bmp,2,5620,8
17,1,small,small3h.bmp,2,3885,3
17,1,sd,sd8f.bmp,4,3218,8
17,1,small,small3c.bmp,2,2051,3
17,1,sd,sd1h.bmp,2,3800,1
17,1,sd,sd8i.bmp,4,2393,8
17,1,full,full8g.bmp,2,2970,8
17,1,small,small8b.bmp,4,1444,8
17,1,sd,sd8d.bmp,4,2010,8
17,1,full,full8a.bmp,2,8418,8
17,1,full,full3i.bmp,2,1396,3
17,1,full,full8b.bmp,3,4932,8
17,1,small,small3j.bmp,2,1783,3
17,1,sd,sd1g.bmp,2,2640,1
17,1,full,full8f.bmp,3,1743,8
17,1,sd,sd5g.bmp,2,7233,5
17,1,sd,sd3d.bmp,2,2986,3
17,1,sd,sd5i.bmp,2,3003,5
17,1,small,small3e.bmp,2,3100,3
17,1,small,small1i.bmp,2,4505,1
17,1,sd,sd5b.bmp,3,8709,5
17,1,sd,sd5e.bmp,3,4331,5
17,1,sd,sd1c.bmp,2,2215,1
17,1,sd,sd3i.bmp,2,2774,3
17,1,full,full5f.bmp,3,3160,5
17,1,small,small5g.bmp,3,4386,5
17,1,sd,sd3j.bmp,2,5052,3
17,1,small,small5e.bmp,3,3546,5
17,1,full,full5j.bmp,3,1629,5
17,1,full,full1c.bmp,1,1316,1
17,1,full,full3c.bmp,2,5992,3
17,1,small,small8g.bmp,4,1666,8
17,1,full,full3h.bmp,2,1399,3
17,1,sd,sd3e.bmp,2,3223,3
17,1,full,full1i.bmp,1,1263,1
17,1,full,full8j.bmp,3,7011,8
17,1,sd,sd1j.bmp,2,1477,1
17,1,full,full1h.bmp,1,1098,1
17,1,small,small8f.bmp,4,2134,8
17,1,full,full1a.bmp,1,1985,1
17,1,full,full1f.bmp,1,834,1
17,1,full,full5a.bmp,2,4553,5
17,1,full,full5e.bmp,3,12084,5
17,1,sd,sd3h.bmp,2,1493,3
17,1,full,full5h.bmp,3,8040,5
17,1,full,full3a.bmp,2,1297,3
17,1,small,small5c.bmp,3,3373,5
17,1,small,small1g.bmp,2,2238,1
17,1,full,full8i.bmp,3,3917,8
17,1,sd,sd3b.bmp,2,2121,3
17,1,small,small5j.bmp,3,4340,5
17,1,small,small8d.bmp,4,3823,8
17,1,small,small1c.bmp,2,8670,1
17,1,small,small3i.bmp,2,2702,3
17,1,full,full5c.bmp,2,5554,5
17,1,sd,sd8a.bmp,3,4342,8
17,1,small,small5b.bmp,3,6025,5
17,1,small,small8h.bmp,4,2360,8
17,1,sd,sd1d.bmp,2,1634,1
17,1,small,small3d.bmp,3,4193,3
17,1,small,small3f.bmp,2,8530,3
17,1,sd,sd8e.bmp,4,7624,8
17,1,full,full8h.bmp,3,6305,8
17,1,full,full5d.bmp,2,1157,5
17,1,small,small1e.bmp,2,3415,1
17,1,small,small3c.bmp,2,4127,3
17,1,full,full8d.bmp,3,2675,8
17,1,small,small1e.bmp,2,1104,1
17,1,sd,sd3b.bmp,2,3236,3
17,1,sd,sd8j.bmp,3,2692,8
17,1,sd,sd3e.bmp,2,2896,3
17,1,full,full8i.bmp,3,3509,8
17,1,full,full5f.bmp,3,1433,5
17,1,small,small5c.bmp,4,7439,5
17,1,small,small5i.bmp,4,559,5
17,1,full,full5e.bmp,3,1649,5
17,1,sd,sd8b.bmp,4,4135,8
17,1,full,full1b.bmp,1,1547,1
17,1,full,full1j.bmp,1,709,1
17,1,small,small8i.bmp,4,848,8
17,1,small,small8e.bmp,4,622,8
17,1,small,small3d.bmp,3,2229,3
17,1,sd,sd1e.bmp,2,2660,1
17,1,small,small8c.bmp,4,834,8
17,1,small,small5g.bmp,4,5064,5
17,1,full,full1c.bmp,1,1151,1
17,1,small,small3b.bmp,2,6681,3
17,1,full,full8j.bmp,3,1863,8
17,1,full,full1a.bmp,1,1037,1
17,1,full,full3d.bmp,2,1276,3
17,1,full,full1f.bmp,1,1137,1
17,1,sd,sd1b.bmp,2,3515,1
17,1,full,full3j.bmp,2,1312,3
17,1,sd,sd5e.bmp,3,8434,5
17,1,full,full5d.bmp,3,1788,5
17,1,sd,sd8a.bmp,3,7972,8
17,1,sd,sd3a.bmp,3,1615,3
17,1,full,full5j.bmp,3,1487,5
17,1,full,full8f.bmp,3,2292,8
17,1,sd,sd5a.bmp,3,4384,5
17,1,small,small1i.bmp,2,1370,1
17,1,small,small1b.bmp,2,2540,1
17,1,full,full1e.bmp,1,1973,1
17,1,small,small3j.bmp,4,1630,3
17,1,full,full3i.bmp,3,1845,3
17,1,sd,sd5d.bmp,3,11108,5
17,1,sd,sd5b.bmp,3,2595,5
17,1,small,small8b.bmp,4,1531,8
17,1,full,full3g.bmp,2,1534,3
17,1,sd,sd5j.bmp,3,3673,5
17,1,full,full1h.bmp,1,1190,1
17,1,small,small8a.bmp,3,2910,8
17,1,full,full8b.bmp,3,1586,8
17,1,small,small3i.bmp,2,1835,3
17,1,sd,sd1c.bmp,2,6746,1
17,1,sd,sd3j.bmp,2,8398,3
17,1,full,full1i.bmp,1,897,1
17,1,sd,sd8i.bmp,3,5213,8
17,1,small,small3h.bmp,3,10013,3
17,1,sd,sd5g.bmp,3,2247,5
17,1,sd,sd1g.bmp,2,2366,1
17,1,small,small1d.bmp,2,2104,1
17,1,sd,sd3f.bmp,2,3828,3
17,1,sd,sd1j.bmp,2,1588,1
17,1,sd,sd5f.bmp,3,4685,5
17,1,sd,sd5i.bmp,3,8098,5
17,1,small,small5f.bmp,3,13496,5
17,1,sd,sd1d.bmp,2,2601,1
17,1,full,full3f.bmp,2,1689,3
17,1,small,small5a.bmp,3,9693,5
17,1,small,small8f.bmp,4,2404,8
17,1,small,small1g.bmp,2,2396,1
17,1,sd,sd3d.bmp,3,3013,3
17,1,full,full5h.bmp,3,5421,5
17,1,sd,sd5h.bmp,3,5389,5
17,1,full,full8g.bmp,3,2543,8
17,1,sd,sd1f.bmp,2,3570,1
17,1,full,full5c.bmp,2,3227,5
17,1,full,full1d.bmp,1,1394,1
17,1,small,small1j.bmp,2,5867,1
17,1,small,small5j.bmp,3,2802,5
17,1,small,small1h.bmp,2,5418,1
17,1,small,small5e.bmp,3,2563,5
17,1,small,small1f.bmp,2,1533,1
17,1,small,small8j.bmp,3,1640,8
17,1,sd,sd8e.bmp,4,2559,8
17,1,small,small5d.bmp,4,5511,5
17,1,sd,sd8g.bmp,4,10644,8
17,1,full,full5a.bmp,2,1398,5
17,1,small,small3f.bmp,2,1822,3
17,1,small,small1c.bmp,2,1093,1
17,1,sd,sd8f.bmp,3,1441,8
17,1,small,small5b.bmp,3,1327,5
17,1,sd,sd8d.bmp,3,1274,8
17,1,full,full8c.bmp,3,3630,8
17,1,full,full8h.bmp,3,830,8
17,1,sd,sd3i.bmp,2,1916,3
17,1,full,full3c.bmp,2,1272,3
17,1,full,full3e.bmp,2,1237,3
17,1,sd,sd1i.bmp,2,1748,1
17,1,full,full5i.bmp,2,1838,5
17,1,small,small8h.bmp,4,1652,8
17,1,small,small8g.bmp,4,1555,8
17,1,full,full8a.bmp,3,2861,8
17,1,small,small8d.bmp,4,6619,8
17,1,full,full8e.bmp,3,1148,8
17,1,sd,sd1h.bmp,2,1606,1
17,1,full,full3a.bmp,2,1301,3
17,1,full,full5b.bmp,2,817,5
17,1,sd,sd8h.bmp,4,2025,8
17,1,full,full1g.bmp,1,2688,1
17,1,sd,sd1a.bmp,2,3428,1
17,1,full,full3b.bmp,2,1796,3
17,1,sd,sd8c.bmp,4,1460,8
17,1,full,full3h.bmp,2,1594,3
17,1,sd,sd3c.bmp,3,1698,3
17,1,sd,sd3h.bmp,2,2678,3
17,1,sd,sd5c.bmp,3,1532,5
17,1,small,small3g.bmp,2,1990,3
17,1,small,small1a.bmp,2,1174,1
17,1,full,full5g.bmp,2,2135,5
17,1,small,small3a.bmp,2,3466,3
17,1,small,small5h.bmp,3,3168,5
17,1,sd,sd3g.bmp,3,7970,3
17,1,small,small3e.bmp,3,3614,3
18,1,small,small5h.bmp,4,12083,5
18,1,full,full1e.bmp,1,5036,1
18,1,full,full8g.bmp,2,2740,8
18,1,sd,sd8j.bmp,4,2110,8
18,1,full,full5g.bmp,2,1769,5
18,1,small,small3d.bmp,4,3267,3
18,1,full,full1f.bmp,1,1433,1
18,1,sd,sd1i.bmp,2,1248,1
18,1,sd,sd8e.bmp,3,2038,8
18,1,full,full8f.bmp,2,2029,8
18,1,small,small8d.bmp,4,1732,8
18,1,sd,sd8c.bmp,4,1047,8
18,1,sd,sd1d.bmp,2,1365,1
18,1,full,full8d.bmp,2,2526,8
18,1,full,full1d.bmp,1,1474,1
18,1,sd,sd5b.bmp,3,2646,5
18,1,sd,sd3i.bmp,2,1068,3
18,1,sd,sd3c.bmp,3,738,3
18,1,full,full1j.bmp,1,892,1
18,1,small,small8f.bmp,4,560,8
18,1,full,full1g.bmp,1,857,1
18,1,sd,sd8a.bmp,3,1223,8
18,1,full,full8b.bmp,2,870,8
18,1,small,small8g.bmp,4,835,8
18,1,small,small8h.bmp,4,650,8
18,1,small,small5e.bmp,4,552,5
18,1,full,full8h.bmp,2,1249,8
18,1,sd,sd3f.bmp,3,808,3
18,1,small,small1b.bmp,1,687,1
18,1,sd,sd1a.bmp,2,2620,1
18,1,small,small5b.bmp,4,788,5
18,1,sd,sd5a.bmp,3,1515,5
18,1,small,small3a.bmp,4,703,3
18,1,sd,sd8f.bmp,4,539,8
18,1,small,small5c.bmp,4,613,5
18,1,small,small1d.bmp,2,2796,1
18,1,full,full3d.bmp,1,821,3
18,1,small,small1i.bmp,3,1388,1
18,1,sd,sd8i.bmp,3,1277,8
18,1,full,full3j.bmp,2,858,3
18,1,full,full3h.bmp,2,623,3
18,1,sd,sd3e.bmp,2,814,3
18,1,sd,sd5e.bmp,3,1189,5
18,1,full,full8e.bmp,2,885,8
18,1,small,small1e.bmp,3,826,1
18,1,sd,sd5g.bmp,3,616,5
18,1,full,full1c.bmp,1,799,1
18,1,sd,sd5i.bmp,3,1239,5
18,1,full,full3i.bmp,1,861,3
18,1,small,small8b.bmp,4,834,8
18,1,full,full8j.bmp,1,3761,8
18,1,sd,sd5h.bmp,3,1115,5
18,1,full,full3b.bmp,2,3047,3
18,1,small,small5a.bmp,4,845,5
18,1,sd,sd8d.bmp,4,563,8
18,1,small,small3h.bmp,4,677,3
18,1,full,full5c.bmp,2,2609,5
18,1,small,small5g.bmp,4,1225,5
18,1,small,small1h.bmp,4,976,1
18,1,sd,sd5f.bmp,4,617,5
18,1,small,small3b.bmp,4,1727,3
18,1,sd,sd3d.bmp,2,2762,3
18,1,sd,sd1g.bmp,1,10428,1
18,1,sd,sd1j.bmp,1,662,1
18,1,full,full3g.bmp,1,619,3
18,1,small,small5d.bmp,4,771,5
18,1,small,small3i.bmp,4,5788,3
18,1,sd,sd3b.bmp,3,1485,3
18,1,small,small3c.bmp,4,978,3
18,1,sd,sd5j.bmp,4,610,5
18,1,small,small3j.bmp,4,730,3
18,1,full,full8c.bmp,2,996,8
18,1,sd,sd1e.bmp,2,716,1
18,1,full,full5i.bmp,2,864,5
18,1,sd,sd1c.bmp,2,621,1
18,1,sd,sd3a.bmp,3,1172,3
18,1,full,full5b.bmp,2,821,5
18,1,small,small8c.bmp,4,692,8
18,1,sd,sd3h.bmp,3,1136,3
18,1,small,small1c.bmp,3,835,1
18,1,sd,sd8h.bmp,4,986,8
18,1,small,small8i.bmp,4,6017,8
18,1,full,full1a.bmp,1,3427,1
18,1,full,full1h.bmp,1,1202,1
18,1,sd,sd1h.bmp,2,1650,1
18,1,sd,sd1b.bmp,2,713,1
18,1,full,full8a.bmp,2,452,8
18,1,sd,sd3g.bmp,2,1322,3
18,1,full,full3a.bmp,2,1037,3
18,1,sd,sd8b.bmp,4,1299,8
18,1,sd,sd5d.bmp,4,976,5
18,1,full,full1b.bmp,1,3200,1
18,1,small,small5j.bmp,4,1649,5
18,1,small,small1g.bmp,3,591,1
18,1,full,full5h.bmp,2,1558,5
18,1,full,full5e.bmp,2,560,5
18,1,sd,sd8g.bmp,4,889,8
18,1,sd,sd3j.bmp,3,893,3
18,1,small,small5i.bmp,4,1745,5
18,1,small,small1a.bmp,3,2556,1
18,1,full,full5j.bmp,2,958,5
18,1,sd,sd5c.bmp,3,983,5
18,1,small,small3f.bmp,3,600,3
18,1,sd,sd1f.bmp,2,936,1
18,1,full,full1i.bmp,1,858,1
18,1,full,full5f.bmp,1,560,5
18,1,small,small8e.bmp,4,921,8
18,1,full,full5a.bmp,2,836,5
18,1,small,small3e.bmp,3,851,3
18,1,full,full8i.bmp,2,849,8
18,1,full,full3f.bmp,2,1390,3
18,1,full,full3e.bmp,2,990,3
18,1,full,full3c.bmp,2,590,3
18,1,small,small8a.bmp,4,1262,8
18,1,full,full5d.bmp,2,660,5
18,1,small,small3g.bmp,2,769,3
18,1,small,small1j.bmp,2,810,1
18,1,small,small5f.bmp,4,833,5
18,1,small,small1f.bmp,4,536,1
18,1,small,small8j.bmp,4,651,8
18,1,small,small1h.bmp,4,697,1
18,1,small,small5b.bmp,4,629,5
18,1,full,full5e.bmp,2,1403,5
18,1,full,full3j.bmp,2,1579,3
18,1,full,full5c.bmp,2,732,5
18,1,full,full5i.bmp,2,735,5
18,1,full,full8j.bmp,2,490,8
18,1,sd,sd8j.bmp,4,900,8
18,1,full,full3b.bmp,2,832,3
18,1,full,full8d.bmp,2,535,8
18,1,small,small1e.bmp,3,930,1
18,1,small,small3d.bmp,4,828,3
18,1,small,small8g.bmp,4,715,8
18,1,full,full1a.bmp,2,1046,1
18,1,small,small1d.bmp,3,1348,1
18,1,sd,sd3h.bmp,3,575,3
18,1,full,full5j.bmp,2,903,5
18,1,full,full8a.bmp,2,643,8
18,1,full,full8h.bmp,2,617,8
18,1,sd,sd8f.bmp,4,672,8
18,1,full,full5a.bmp,2,1021,5
18,1,full,full1h.bmp,1,956,1
18,1,full,full1c.bmp,1,702,1
18,1,sd,sd1c.bmp,1,538,1
18,1,small,small5h.bmp,4,843,5
18,1,small,small5g.bmp,4,569,5
18,1,sd,sd5d.bmp,4,691,5
18,1,small,small8a.bmp,4,487,8
18,1,small,small5e.bmp,4,563,5
18,1,full,full1i.bmp,1,996,1
18,1,small,small3f.bmp,4,1780,3
18,1,sd,sd1e.bmp,2,1413,1
18,1,sd,sd1g.bmp,2,805,1
18,1,sd,sd8b.bmp,4,884,8
18,1,full,full5h.bmp,2,953,5
18,1,sd,sd5j.bmp,3,483,5
18,1,full,full3a.bmp,1,10110,3
18,1,full,full8c.bmp,1,2317,8
18,1,sd,sd1h.bmp,2,1057,1
18,1,small,small3i.bmp,4,782,3
18,1,small,small3h.bmp,4,919,3
18,1,full,full1e.bmp,1,970,1
18,1,sd,sd3i.bmp,2,1516,3
18,1,small,small8c.bmp,4,759,8
18,1,small,small8f.bmp,4,657,8
18,1,small,small3b.bmp,4,390,3
18,1,small,small1b.bmp,4,782,1
18,1,sd,sd5h.bmp,3,663,5
18,1,small,small8b.bmp,4,636,8
18,1,full,full1j.bmp,1,770,1
18,1,small,small5c.bmp,4,540,5
18,1,sd,sd8h.bmp,4,806,8
18,1,full,full5f.bmp,2,797,5
18,1,sd,sd1f.bmp,2,772,1
18,1,small,small3a.bmp,4,693,3
18,1,small,small3j.bmp,4,736,3
18,1,full,full3e.bmp,1,707,3
18,1,full,full3f.bmp,1,646,3
18,1,small,small1a.bmp,3,964,1
18,1,sd,sd3d.bmp,3,518,3
18,1,small,small1i.bmp,3,817,1
18,1,sd,sd5f.bmp,3,528,5
18,1,small,small5f.bmp,4,683,5
18,1,sd,sd8c.bmp,4,431,8
18,1,sd,sd1d.bmp,2,926,1
18,1,full,full1f.bmp,1,1201,1
18,1,small,small1c.bmp,3,1121,1
18,1,sd,sd3g.bmp,3,844,3
18,1,full,full8i.bmp,2,1082,8
18,1,small,small3c.bmp,4,774,3
18,1,sd,sd5b.bmp,4,695,5
18,1,small,small8j.bmp,4,786,8
18,1,full,full3h.bmp,2,826,3
18,1,small,small8e.bmp,4,633,8
18,1,sd,sd3a.bmp,4,711,3
18,1,full,full5b.bmp,2,1186,5
18,1,small,small1g.bmp,3,651,1
18,1,sd,sd8a.bmp,4,632,8
18,1,sd,sd3c.bmp,3,598,3
18,1,sd,sd5i.bmp,3,582,5
18,1,full,full8f.bmp,2,823,8
18,1,sd,sd5e.bmp,3,654,5
18,1,full,full8b.bmp,2,1651,8
18,1,small,small5j.bmp,4,873,5
18,1,sd,sd1j.bmp,2,1014,1
18,1,full,full3i.bmp,1,749,3
18,1,small,small5d.bmp,4,1135,5
18,1,full,full5g.bmp,2,1018,5
18,1,small,small8d.bmp,4,720,8
18,1,small,small3e.bmp,4,668,3
18,1,small,small5a.bmp,4,537,5
18,1,sd,sd3j.bmp,3,516,3
18,1,sd,sd1i.bmp,2,839,1
18,1,small,small1f.bmp,3,845,1
18,1,sd,sd3e.bmp,2,707,3
18,1,sd,sd8i.bmp,2,1702,8
18,1,sd,sd1a.bmp,2,714,1
18,1,full,full5d.bmp,2,1454,5
18,1,full,full3d.bmp,2,652,3
18,1,full,full3c.bmp,2,634,3
18,1,sd,sd3f.bmp,3,680,3
18,1,sd,sd5a.bmp,3,597,5
18,1,sd,sd8g.bmp,4,901,8
18,1,full,full1g.bmp,1,1169,1
18,1,small,small8h.bmp,4,786,8
18,1,sd,sd5g.bmp,3,818,5
18,1,sd,sd8d.bmp,4,905,8
18,1,small,small3g.bmp,4,445,3
18,1,small,small1j.bmp,4,435,1
18,1,sd,sd8e.bmp,4,641,8
18,1,small,small5i.bmp,4,663,5
18,1,small,small8i.bmp,4,524,8
18,1,full,full8g.bmp,2,1711,8
18,1,full,full3g.bmp,1,907,3
18,1,sd,sd1b.bmp,2,886,1
18,1,full,full8e.bmp,2,515,8
18,1,sd,sd3b.bmp,3,758,3
18,1,full,full1d.bmp,1,879,1
18,1,sd,sd5c.bmp,3,812,5
18,1,full,full1b.bmp,1,1067,1
18,1,small,small5e.bmp,4,777,5
18,1,full,full1b.bmp,2,865,1
18,1,small,small3h.bmp,4,1254,3
18,1,small,small5h.bmp,4,5380,5
18,1,sd,sd3g.bmp,2,1326,3
18,1,sd,sd1i.bmp,3,529,1
18,1,small,small5b.bmp,4,723,5
18,1,sd,sd1h.bmp,2,1006,1
18,1,sd,sd5a.bmp,3,709,5
18,1,small,small1i.bmp,3,801,1
18,1,sd,sd8i.bmp,4,505,8
18,1,sd,sd8e.bmp,4,621,8
18,1,full,full3b.bmp,1,764,3
18,1,sd,sd1c.bmp,2,837,1
18,1,full,full8e.bmp,2,540,8
18,1,small,small5i.bmp,4,2870,5
18,1,small,small8g.bmp,4,595,8
18,1,sd,sd5f.bmp,4,875,5
18,1,full,full8h.bmp,2,991,8
18,1,small,small5d.bmp,4,7303,5
18,1,full,full3f.bmp,1,1285,3
18,1,small,small3e.bmp,3,1082,3
18,1,full,full1e.bmp,1,863,1
18,1,sd,sd5h.bmp,3,892,5
18,1,small,small3d.bmp,2,768,3
18,1,full,full3d.bmp,2,689,3
18,1,sd,sd5c.bmp,4,1333,5
18,1,full,full1a.bmp,4,2096,1
18,1,full,full5d.bmp,2,1252,5
18,1,full,full1f.bmp,4,4754,1
18,1,sd,sd1a.bmp,2,1629,1
18,1,small,small8f.bmp,4,764,8
18,1,sd,sd1b.bmp,3,773,1
18,1,small,small1j.bmp,3,1693,1
18,1,small,small8d.bmp,4,1866,8
18,1,full,full3g.bmp,1,5855,3
18,1,full,full8i.bmp,1,671,8
18,1,sd,sd8d.bmp,4,836,8
18,1,small,small8h.bmp,4,603,8
18,1,full,full5f.bmp,1,706,5
18,1,small,small3j.bmp,4,1581,3
18,1,small,small1c.bmp,3,1334,1
18,1,small,small1h.bmp,3,745,1
18,1,small,small3a.bmp,4,451,3
18,1,sd,sd5i.bmp,4,456,5
18,1,full,full8b.bmp,2,838,8
18,1,full,full1i.bmp,1,916,1
18,1,small,small8e.bmp,4,5184,8
18,1,full,full1h.bmp,1,762,1
18,1,small,small1b.bmp,3,931,1
18,1,small,small1d.bmp,3,838,1
18,1,full,full5b.bmp,2,885,5
18,1,full,full8c.bmp,2,4392,8
18,1,full,full3j.bmp,4,1274,3
18,1,small,small5a.bmp,4,950,5
18,1,sd,sd5b.bmp,1,256,5
18,1,sd,sd8f.bmp,3,2325,8
18,1,full,full5c.bmp,3,857,5
18,1,sd,sd1e.bmp,3,590,1
18,1,small,small8a.bmp,4,750,8
18,1,full,full1g.bmp,1,904,1
18,1,full,full5h.bmp,2,764,5
18,1,sd,sd1g.bmp,2,1045,1
18,1,full,full1d.bmp,1,1899,1
18,1,sd,sd3j.bmp,3,4208,3
18,1,sd,sd3f.bmp,3,560,3
18,1,small,small3i.bmp,4,497,3
18,1,sd,sd8c.bmp,4,644,8
18,1,small,small5c.bmp,4,402,5
18,1,full,full3a.bmp,1,18498,3
18,1,small,small8j.bmp,4,7789,8
18,1,sd,sd3i.bmp,3,1670,3
18,1,sd,sd3e.bmp,3,564,3
18,1,sd,sd3a.bmp,3,605,3
18,1,full,full3i.bmp,1,789,3
18,1,small,small3c.bmp,4,685,3
18,1,sd,sd8b.bmp,4,521,8
18,1,small,small3b.bmp,4,549,3
18,1,full,full1j.bmp,3,951,1
18,1,sd,sd1f.bmp,3,849,1
18,1,full,full5i.bmp,2,655,5
18,1,sd,sd8h.bmp,4,805,8
18,1,small,small1g.bmp,3,605,1
18,1,full,full8a.bmp,2,868,8
18,1,sd,sd1d.bmp,1,762,1
18,1,full,full1c.bmp,1,827,1
18,1,full,full5e.bmp,2,714,5
18,1,sd,sd3b.bmp,3,805,3
18,1,small,small3f.bmp,4,2748,3
18,1,full,full3e.bmp,1,775,3
18,1,small,small1a.bmp,3,5927,1
18,1,sd,sd3h.bmp,3,1036,3
18,1,full,full5a.bmp,2,851,5
18,1,sd,sd5d.bmp,4,1633,5
18,1,small,small5f.bmp,2,80,5
18,1,full,full5g.bmp,4,468,5
18,1,full,full3h.bmp,1,769,3
18,1,full,full8g.bmp,2,819,8
18,1,small,small1e.bmp,3,826,1
18,1,small,small8i.bmp,1,904,8
18,1,full,full8d.bmp,2,2509,8
18,1,sd,sd3c.bmp,3,1031,3
18,1,small,small5g.bmp,4,574,5
18,1,small,small5j.bmp,4,391,5
18,1,sd,sd5j.bmp,4,447,5
18,1,sd,sd8a.bmp,3,860,8
18,1,sd,sd5g.bmp,3,538,5
18,1,sd,sd8j.bmp,4,836,8
18,1,small,small1f.bmp,4,939,1
18,1,full,full8j.bmp,2,1125,8
18,1,sd,sd5e.bmp,3,1176,5
18,1,full,full3c.bmp,1,689,3
18,1,sd,sd8g.bmp,3,1613,8
18,1,full,full5j.bmp,2,4765,5
18,1,small,small3g.bmp,4,784,3
18,1,small,small8c.bmp,4,2311,8
18,1,sd,sd1j.bmp,1,755,1
18,1,small,small8b.bmp,4,796,8
18,1,sd,sd3d.bmp,3,588,3
18,1,full,full8f.bmp,2,620,8
18,1,small,small1d.bmp,3,371,1
18,1,full,full5g.bmp,2,1147,5
18,1,sd,sd1i.bmp,2,694,1
18,1,full,full5i.bmp,2,834,5
18,1,small,small3g.bmp,4,904,3
18,1,sd,sd3a.bmp,3,1204,3
18,1,sd,sd8i.bmp,4,17075,8
18,1,sd,sd1g.bmp,1,1014,1
18,1,sd,sd1b.bmp,2,845,1
18,1,full,full5a.bmp,2,763,5
18,1,small,small5e.bmp,4,749,5
18,1,sd,sd8f.bmp,4,2439,8
18,1,full,full8h.bmp,1,3701,8
18,1,full,full3e.bmp,1,1162,3
18,1,small,small5j.bmp,4,1492,5
18,1,sd,sd1f.bmp,2,912,1
18,1,sd,sd8g.bmp,4,803,8
18,1,small,small1i.bmp,4,939,1
18,1,full,full5j.bmp,2,7068,5
18,1,sd,sd5a.bmp,3,324,5
18,1,small,small8h.bmp,4,598,8
18,1,full,full8f.bmp,2,790,8
18,1,full,full3i.bmp,1,870,3
18,1,sd,sd3f.bmp,3,780,3
18,1,full,full3j.bmp,2,772,3
18,1,sd,sd3j.bmp,3,653,3
18,1,small,small5g.bmp,4,475,5
18,1,full,full3f.bmp,2,583,3
18,1,full,full5b.bmp,2,584,5
18,1,sd,sd8h.bmp,4,705,8
18,1,sd,sd8b.bmp,4,652,8
18,1,small,small3h.bmp,4,450,3
18,1,full,full8j.bmp,2,720,8
18,1,sd,sd8c.bmp,4,540,8
18,1,small,small3c.bmp,4,548,3
18,1,sd,sd3c.bmp,3,806,3
18,1,full,full1f.bmp,1,1670,1
18,1,small,small5f.bmp,4,627,5
18,1,small,small5a.bmp,4,650,5
18,1,full,full1a.bmp,1,1096,1
18,1,small,small1h.bmp,3,756,1
18,1,sd,sd5i.bmp,3,477,5
18,1,sd,sd8a.bmp,4,426,8
18,1,full,full8b.bmp,2,600,8
18,1,sd,sd1a.bmp,2,432,1
18,1,sd,sd3e.bmp,3,479,3
18,1,small,small1e.bmp,3,635,1
18,1,sd,sd5g.bmp,3,538,5
18,1,full,full3d.bmp,2,668,3
18,1,sd,sd3g.bmp,3,634,3
18,1,small,small5b.bmp,4,656,5
18,1,small,small8j.bmp,4,630,8
18,1,sd,sd5h.bmp,4,611,5
18,1,full,full5e.bmp,2,666,5
18,1,small,small3d.bmp,4,760,3
18,1,sd,sd5e.bmp,2,737,5
18,1,small,small3a.bmp,4,796,3
18,1,small,small5h.bmp,4,332,5
18,1,small,small3i.bmp,4,294,3
18,1,small,small5d.bmp,4,314,5
18,1,small,small3b.bmp,4,325,3
18,1,sd,sd1d.bmp,2,1152,1
18,1,small,small3f.bmp,4,834,3
18,1,small,small8g.bmp,4,520,8
18,1,small,small1g.bmp,3,1652,1
18,1,small,small1b.bmp,2,938,1
18,1,full,full1h.bmp,1,1069,1
18,1,full,full3b.bmp,1,962,3
18,1,small,small1a.bmp,3,843,1
18,1,sd,sd1e.bmp,2,1729,1
18,1,full,full8a.bmp,2,403,8
18,1,full,full8g.bmp,2,339,8
18,1,sd,sd8d.bmp,4,597,8
18,1,full,full1c.bmp,2,757,1
18,1,small,small1f.bmp,3,798,1
18,1,small,small8e.bmp,4,638,8
18,1,small,small5i.bmp,4,357,5
18,1,small,small5c.bmp,4,390,5
18,1,full,full8d.bmp,2,726,8
18,1,sd,sd1j.bmp,2,544,1
18,1,full,full5f.bmp,2,562,5
18,1,small,small1c.bmp,3,1068,1
18,1,small,small8f.bmp,4,785,8
18,1,full,full5h.bmp,2,3762,5
18,1,sd,sd5b.bmp,3,788,5
18,1,small,small8i.bmp,4,693,8
18,1,sd,sd3h.bmp,2,769,3
18,1,sd,sd3b.bmp,3,913,3
18,1,full,full8i.bmp,3,428,8
18,1,small,small8c.bmp,4,643,8
18,1,sd,sd8j.bmp,4,809,8
18,1,small,small8d.bmp,4,416,8
18,1,small,small3j.bmp,4,415,3
18,1,small,small3e.bmp,4,358,3
18,1,small,small1j.bmp,4,360,1
18,1,full,full5c.bmp,2,865,5
18,1,full,full1e.bmp,1,958,1
18,1,full,full3g.bmp,1,512,3
18,1,full,full3c.bmp,1,403,3
18,1,full,full1b.bmp,1,787,1
18,1,sd,sd5d.bmp,3,795,5
18,1,full,full1i.bmp,1,843,1
18,1,sd,sd8e.bmp,4,673,8
18,1,sd,sd3i.bmp,4,534,3
18,1,sd,sd5f.bmp,2,560,5
18,1,full,full5d.bmp,2,890,5
18,1,full,full8e.bmp,2,581,8
18,1,sd,sd5j.bmp,3,781,5
18,1,full,full1g.bmp,1,750,1
18,1,full,full1d.bmp,1,1296,1
18,1,full,full3h.bmp,1,588,3
18,1,sd,sd5c.bmp,4,1148,5
18,1,small,small8a.bmp,4,10598,8
18,1,small,small8b.bmp,4,1114,8
18,1,full,full1j.bmp,1,901,1
18,1,full,full8c.bmp,2,13184,8
18,1,sd,sd1h.bmp,2,620,1
18,1,full,full3a.bmp,1,676,3
18,1,sd,sd1c.bmp,2,376,1
18,1,sd,sd3d.bmp,2,321,3
19,1,sd,sd5f.bmp,3,23616,5
19,1,sd,sd5h.bmp,3,13630,5
19,1,small,small8e.bmp,3,8697,8
19,1,full,full3j.bmp,2,8017,3
19,1,full,full1j.bmp,1,9400,1
19,1,full,full8j.bmp,2,10397,8
19,1,full,full5j.bmp,2,3361,5
19,1,small,small1d.bmp,3,2570,1
19,1,full,full3c.bmp,1,8703,3
19,1,small,small5j.bmp,2,6076,5
19,1,sd,sd5j.bmp,2,7433,5
19,1,sd,sd3i.bmp,2,6034,3
19,1,full,full3f.bmp,2,4252,3
19,1,sd,sd3e.bmp,2,3740,3
19,1,sd,sd1b.bmp,2,2969,1
19,1,sd,sd3d.bmp,2,7752,3
19,1,full,full5h.bmp,2,6991,5
19,1,full,full8c.bmp,2,4654,8
19,1,sd,sd8f.bmp,3,9226,8
19,1,small,small8h.bmp,3,2771,8
19,1,sd,sd5b.bmp,3,2475,5
19,1,full,full8b.bmp,3,4703,8
19,1,small,small5d.bmp,2,2889,5
19,1,small,small5i.bmp,2,5433,5
19,1,sd,sd8a.bmp,2,3853,8
19,1,full,full5g.bmp,2,2517,5
19,1,full,full8f.bmp,2,4691,8
19,1,sd,sd3h.bmp,2,2788,3
19,1,small,small8c.bmp,3,3212,8
19,1,sd,sd8i.bmp,2,6909,8
19,1,small,small5g.bmp,3,14835,5
19,1,sd,sd5i.bmp,2,2666,5
19,1,full,full1i.bmp,1,1735,1
19,1,small,small1a.bmp,2,3895,1
19,1,sd,sd3a.bmp,2,1206,3
19,1,small,small1h.bmp,2,1719,1
19,1,small,small5f.bmp,2,2236,5
19,1,sd,sd8e.bmp,3,2344,8
19,1,small,small3j.bmp,3,2704,3
19,1,sd,sd5a.bmp,2,1457,5
19,1,full,full8e.bmp,2,5463,8
19,1,sd,sd3g.bmp,2,1431,3
19,1,small,small8d.bmp,3,2166,8
19,1,full,full3a.bmp,2,2095,3
19,1,small,small8g.bmp,3,2811,8
19,1,full,full5f.bmp,3,4253,5
19,1,full,full5c.bmp,3,2797,5
19,1,small,small3i.bmp,2,2446,3
19,1,full,full3e.bmp,2,2441,3
19,1,full,full3h.bmp,2,1421,3
19,1,small,small8a.bmp,2,2613,8
19,1,full,full3i.bmp,2,3500,3
19,1,sd,sd8h.bmp,3,4119,8
19,1,sd,sd1d.bmp,2,1617,1
19,1,small,small3g.bmp,2,3958,3
19,1,sd,sd3c.bmp,2,3907,3
19,1,small,small1j.bmp,2,1655,1
19,1,sd,sd8g.bmp,3,2200,8
19,1,sd,sd1e.bmp,2,2958,1
19,1,full,full3d.bmp,2,2155,3
19,1,small,small1f.bmp,2,3230,1
19,1,small,small5b.bmp,3,2273,5
19,1,small,small3f.bmp,2,2210,3
19,1,full,full5e.bmp,3,3609,5
19,1,small,small5c.bmp,2,2434,5
19,1,sd,sd1c.bmp,2,2699,1
19,1,full,full1d.bmp,1,2218,1
19,1,full,full8a.bmp,3,7041,8
19,1,sd,sd1h.bmp,2,2309,1
19,1,sd,sd5c.bmp,2,2039,5
19,1,full,full8g.bmp,3,5125,8
19,1,sd,sd8j.bmp,2,1807,8
19,1,full,full1a.bmp,2,3559,1
19,1,full,full5i.bmp,2,2144,5
19,1,small,small3e.bmp,2,1744,3
19,1,full,full1f.bmp,2,4486,1
19,1,small,small1g.bmp,2,2731,1
19,1,full,full8d.bmp,3,3325,8
19,1,sd,sd1j.bmp,2,2254,1
19,1,sd,sd8d.bmp,2,4331,8
19,1,full,full1e.bmp,1,2009,1
19,1,full,full5a.bmp,2,1185,5
19,1,small,small1e.bmp,2,3972,1
19,1,full,full3g.bmp,2,2220,3
19,1,small,small1b.bmp,2,3150,1
19,1,full,full8h.bmp,3,4185,8
19,1,sd,sd8c.bmp,3,1814,8
19,1,small,small3c.bmp,2,3308,3
19,1,sd,sd5g.bmp,2,1699,5
19,1,sd,sd8b.bmp,2,2448,8
19,1,small,small5h.bmp,3,2136,5
19,1,sd,sd3b.bmp,2,1973,3
19,1,sd,sd1a.bmp,2,1636,1
19,1,sd,sd1i.bmp,2,2151,1
19,1,small,small8f.bmp,3,1584,8
19,1,small,small1i.bmp,2,1352,1
19,1,sd,sd5e.bmp,2,2148,5
19,1,small,small1c.bmp,2,2408,1
19,1,small,small8b.bmp,3,1893,8
19,1,sd,sd1f.bmp,2,1538,1
19,1,full,full1c.bmp,1,8406,1
19,1,full,full3b.bmp,2,1498,3
19,1,full,full8i.bmp,2,753,8
19,1,full,full1h.bmp,2,2657,1
19,1,small,small3d.bmp,2,2142,3
19,1,sd,sd3j.bmp,2,1491,3
19,1,small,small8j.bmp,3,1341,8
19,1,sd,sd1g.bmp,2,2042,1
19,1,small,small5a.bmp,2,2242,5
19,1,full,full1b.bmp,2,3006,1
19,1,small,small8i.bmp,3,1217,8
19,1,sd,sd3f.bmp,2,8937,3
19,1,small,small5e.bmp,2,3313,5
19,1,small,small3h.bmp,2,1426,3
19,1,sd,sd5d.bmp,2,1208,5
19,1,small,small3b.bmp,2,5258,3
19,1,full,full5d.bmp,2,1993,5
19,1,small,small3a.bmp,2,2685,3
19,1,full,full1g.bmp,1,3608,1
19,1,full,full5b.bmp,2,1502,5
19,1,small,small5j.bmp,2,2815,5
19,1,sd,sd5f.bmp,2,2511,5
19,1,sd,sd3g.bmp,2,4169,3
19,1,small,small5a.bmp,2,6322,5
19,1,small,small5d.bmp,2,6637,5
19,1,full,full8f.bmp,3,1837,8
19,1,small,small1j.bmp,2,2038,1
19,1,small,small3j.bmp,2,1330,3
19,1,sd,sd1f.bmp,2,2168,1
19,1,full,full3a.bmp,2,1581,3
19,1,small,small8j.bmp,3,2464,8
19,1,sd,sd5b.bmp,2,6156,5
19,1,sd,sd1b.bmp,2,4438,1
19,1,small,small1g.bmp,2,4160,1
19,1,small,small3b.bmp,2,2662,3
19,1,sd,sd8g.bmp,3,2272,8
19,1,small,small8i.bmp,3,1656,8
19,1,sd,sd8i.bmp,3,2857,8
19,1,small,small3f.bmp,1,1800,3
19,1,full,full8e.bmp,2,1356,8
19,1,sd,sd5c.bmp,2,4634,5
19,1,full,full3h.bmp,2,2148,3
19,1,sd,sd3b.bmp,2,4125,3
19,1,full,full5c.bmp,2,1814,5
19,1,small,small1d.bmp,2,4434,1
19,1,full,full3c.bmp,2,1193,3
19,1,small,small1c.bmp,2,1481,1
19,1,small,small1i.bmp,2,2511,1
19,1,full,full8b.bmp,3,2270,8
19,1,sd,sd3i.bmp,2,2575,3
19,1,full,full5a.bmp,2,1862,5
19,1,sd,sd1j.bmp,2,2382,1
19,1,full,full3d.bmp,2,1938,3
19,1,small,small3i.bmp,3,1939,3
19,1,small,small5b.bmp,3,2466,5
19,1,sd,sd1i.bmp,2,2968,1
19,1,sd,sd5h.bmp,2,2279,5
19,1,small,small8f.bmp,3,3310,8
19,1,full,full1b.bmp,1,2565,1
19,1,full,full3i.bmp,2,4574,3
19,1,sd,sd8j.bmp,3,2633,8
19,1,full,full8a.bmp,3,3414,8
19,1,full,full1c.bmp,1,2059,1
19,1,sd,sd3f.bmp,2,3358,3
19,1,sd,sd1h.bmp,2,5060,1
19,1,small,small8c.bmp,3,5616,8
19,1,full,full1j.bmp,1,1564,1
19,1,full,full3j.bmp,2,1813,3
19,1,small,small3g.bmp,2,2874,3
19,1,full,full5f.bmp,2,1716,5
19,1,sd,sd3h.bmp,2,1659,3
19,1,small,small8a.bmp,3,1471,8
19,1,full,full3f.bmp,2,4541,3
19,1,full,full5h.bmp,2,2163,5
19,1,full,full1f.bmp,1,1195,1
19,1,sd,sd5e.bmp,2,2689,5
19,1,sd,sd5d.bmp,2,1870,5
19,1,sd,sd5a.bmp,2,1614,5
19,1,full,full1g.bmp,1,1215,1
19,1,small,small8h.bmp,2,4853,8
19,1,sd,sd3d.bmp,2,1456,3
19,1,full,full5i.bmp,2,4699,5
19,1,full,full1h.bmp,1,1104,1
19,1,full,full5j.bmp,2,1249,5
19,1,full,full1a.bmp,2,1833,1
19,1,sd,sd8b.bmp,3,1697,8
19,1,small,small3a.bmp,2,1517,3
19,1,full,full1e.bmp,1,1487,1
19,1,full,full8i.bmp,3,2966,8
19,1,small,small3e.bmp,2,1289,3
19,1,full,full3e.bmp,2,1535,3
19,1,full,full5b.bmp,2,4898,5
19,1,small,small3h.bmp,2,2409,3
19,1,small,small5f.bmp,2,2933,5
19,1,full,full1d.bmp,1,1759,1
19,1,small,small3c.bmp,2,5791,3
19,1,small,small1h.bmp,2,2228,1
19,1,full,full5g.bmp,2,1296,5
19,1,sd,sd3c.bmp,2,11049,3
19,1,sd,sd8a.bmp,3,1059,8
19,1,sd,sd3a.bmp,2,2481,3
19,1,sd,sd5g.bmp,2,874,5
19,1,full,full8d.bmp,2,1628,8
19,1,small,small8e.bmp,3,1332,8
19,1,small,small8b.bmp,4,1158,8
19,1,sd,sd8h.bmp,3,1582,8
19,1,small,small1b.bmp,2,1117,1
19,1,sd,sd8d.bmp,3,1567,8
19,1,sd,sd8f.bmp,3,854,8
19,1,full,full1i.bmp,2,4035,1
19,1,small,small1e.bmp,2,1894,1
19,1,sd,sd8e.bmp,3,1450,8
19,1,sd,sd1e.bmp,2,1517,1
19,1,small,small3d.bmp,2,3349,3
19,1,sd,sd1a.bmp,2,12332,1
19,1,sd,sd5j.bmp,2,1923,5
19,1,sd,sd1d.bmp,2,1278,1
19,1,sd,sd3e.bmp,2,2220,3
19,1,full,full8g.bmp,2,1276,8
19,1,small,small1a.bmp,2,1016,1
19,1,small,small1f.bmp,2,791,1
19,1,sd,sd8c.bmp,3,1888,8
19,1,sd,sd3j.bmp,2,1707,3
19,1,full,full8j.bmp,2,1596,8
19,1,sd,sd1g.bmp,2,1647,1
19,1,sd,sd5i.bmp,2,1058,5
19,1,small,small5i.bmp,2,1283,5
19,1,full,full3b.bmp,2,2383,3
19,1,small,small5c.bmp,3,1964,5
19,1,full,full8h.bmp,2,795,8
19,1,small,small5h.bmp,3,1112,5
19,1,small,small5g.bmp,2,1631,5
19,1,small,small8g.bmp,3,1411,8
19,1,full,full3g.bmp,2,2646,3
19,1,full,full8c.bmp,2,2367,8
19,1,full,full5d.bmp,2,3684,5
19,1,full,full5e.bmp,2,1100,5
19,1,small,small5e.bmp,3,1471,5
19,1,sd,sd1c.bmp,3,1728,1
19,1,small,small8d.bmp,3,1305,8
19,1,sd,sd5e.bmp,2,2298,5
19,1,sd,sd5g.bmp,2,2768,5
19,1,sd,sd1h.bmp,2,2592,1
19,1,full,full1g.bmp,1,1569,1
19,1,small,small1d.bmp,2,6306,1
19,1,small,small3g.bmp,2,1133,3
19,1,full,full1b.bmp,2,1861,1
19,1,small,small3e.bmp,2,3636,3
19,1,sd,sd3b.bmp,2,2283,3
19,1,full,full5c.bmp,2,1650,5
19,1,sd,sd3h.bmp,2,1935,3
19,1,sd,sd5b.bmp,2,2036,5
19,1,full,full3j.bmp,2,2742,3
19,1,small,small8a.bmp,3,1289,8
19,1,full,full8g.bmp,3,1993,8
19,1,full,full3a.bmp,2,1796,3
19,1,sd,sd1b.bmp,2,1655,1
19,1,sd,sd8g.bmp,3,1709,8
19,1,sd,sd8j.bmp,3,1074,8
19,1,small,small5b.bmp,2,2022,5
19,1,small,small8d.bmp,4,3511,8
19,1,sd,sd1e.bmp,2,2716,1
19,1,full,full3h.bmp,2,1459,3
19,1,sd,sd1a.bmp,2,2159,1
19,1,sd,sd8i.bmp,3,2415,8
19,1,small,small1e.bmp,2,1519,1
19,1,sd,sd3j.bmp,2,1511,3
19,1,small,small5h.bmp,2,1479,5
19,1,full,full5j.bmp,3,2840,5
19,1,full,full5h.bmp,3,1688,5
19,1,full,full8i.bmp,2,3392,8
19,1,full,full8a.bmp,3,5248,8
19,1,full,full8f.bmp,3,1278,8
19,1,sd,sd1c.bmp,2,1722,1
19,1,full,full1h.bmp,1,1917,1
19,1,sd,sd1d.bmp,2,1016,1
19,1,small,small8e.bmp,3,997,8
19,1,full,full8j.bmp,2,3770,8
19,1,sd,sd8a.bmp,3,1012,8
19,1,sd,sd5c.bmp,2,1083,5
19,1,full,full5g.bmp,2,1547,5
19,1,small,small3c.bmp,2,1192,3
19,1,small,small8g.bmp,3,2414,8
19,1,sd,sd8e.bmp,3,981,8
19,1,full,full5e.bmp,2,1178,5
19,1,small,small5c.bmp,2,1326,5
19,1,sd,sd5d.bmp,2,1223,5
19,1,small,small3d.bmp,2,1228,3
19,1,small,small3b.bmp,2,822,3
19,1,small,small8b.bmp,3,1008,8
19,1,sd,sd3c.bmp,2,1682,3
19,1,small,small3h.bmp,2,941,3
19,1,small,small3i.bmp,2,1264,3
19,1,small,small5f.bmp,2,1866,5
19,1,full,full1e.bmp,1,1447,1
19,1,sd,sd3i.bmp,2,1147,3
19,1,small,small3a.bmp,2,892,3
19,1,sd,sd1j.bmp,2,1721,1
19,1,full,full5d.bmp,2,9025,5
19,1,small,small8i.bmp,3,1566,8
19,1,small,small5j.bmp,2,1091,5
19,1,small,small1g.bmp,2,1800,1
19,1,sd,sd8c.bmp,3,1096,8
19,1,sd,sd5h.bmp,2,1312,5
19,1,small,small1h.bmp,2,1267,1
19,1,small,small5d.bmp,2,1617,5
19,1,small,small1a.bmp,2,1092,1
19,1,full,full1i.bmp,1,1743,1
19,1,full,full3b.bmp,2,1662,3
19,1,small,small8h.bmp,3,948,8
19,1,full,full3d.bmp,1,1196,3
19,1,small,small8c.bmp,4,1096,8
19,1,sd,sd5f.bmp,2,1374,5
19,1,full,full3i.bmp,2,1451,3
19,1,full,full5b.bmp,2,1388,5
19,1,full,full3f.bmp,2,1134,3
19,1,sd,sd8d.bmp,3,1410,8
19,1,full,full1c.bmp,2,2524,1
19,1,sd,sd3a.bmp,2,1482,3
19,1,small,small3j.bmp,2,1152,3
19,1,full,full1a.bmp,1,1530,1
19,1,full,full8h.bmp,3,3349,8
19,1,sd,sd1i.bmp,2,3008,1
19,1,small,small5g.bmp,3,1590,5
19,1,full,full8e.bmp,2,12742,8
19,1,small,small3f.bmp,2,1276,3
19,1,small,small1c.bmp,2,833,1
19,1,full,full3c.bmp,2,1865,3
19,1,sd,sd1g.bmp,2,3033,1
19,1,full,full5i.bmp,3,3138,5
19,1,full,full1j.bmp,1,1572,1
19,1,full,full5f.bmp,2,1277,5
19,1,small,small1i.bmp,2,1009,1
19,1,sd,sd3d.bmp,2,1054,3
19,1,full,full3e.bmp,2,1605,3
19,1,small,small8f.bmp,3,916,8
19,1,small,small1f.bmp,2,976,1
19,1,sd,sd5j.bmp,2,786,5
19,1,small,small1b.bmp,2,1090,1
19,1,full,full1d.bmp,1,2186,1
19,1,full,full3g.bmp,2,1620,3
19,1,small,small1j.bmp,2,1056,1
19,1,sd,sd3g.bmp,2,1415,3
19,1,full,full1f.bmp,1,2124,1
19,1,sd,sd8f.bmp,3,1233,8
19,1,small,small8j.bmp,3,2855,8
19,1,full,full8c.bmp,2,1273,8
19,1,full,full8b.bmp,2,937,8
19,1,sd,sd5a.bmp,2,6288,5
19,1,small,small5i.bmp,2,1293,5
19,1,sd,sd8h.bmp,3,1887,8
19,1,small,small5a.bmp,2,962,5
19,1,sd,sd3e.bmp,2,2171,3
19,1,sd,sd5i.bmp,2,946,5
19,1,sd,sd1f.bmp,2,1091,1
19,1,sd,sd8b.bmp,3,968,8
19,1,sd,sd3f.bmp,2,5608,3
19,1,full,full5a.bmp,2,1316,5
19,1,small,small5e.bmp,2,2095,5
19,1,full,full8d.bmp,2,2312,8
19,1,sd,sd5e.bmp,3,2080,5
19,1,small,small1c.bmp,2,1444,1
19,1,full,full8e.bmp,2,1523,8
19,1,sd,sd8i.bmp,3,1933,8
19,1,full,full8g.bmp,3,2712,8
19,1,small,small8j.bmp,3,778,8
19,1,small,small3g.bmp,2,1152,3
19,1,sd,sd8e.bmp,3,1725,8
19,1,full,full8h.bmp,2,2825,8
19,1,sd,sd3b.bmp,2,1342,3
19,1,small,small3f.bmp,3,1372,3
19,1,sd,sd1d.bmp,2,3270,1
19,1,small,small5j.bmp,3,1747,5
19,1,full,full5b.bmp,2,1709,5
19,1,sd,sd1f.bmp,2,1051,1
19,1,small,small3d.bmp,3,1249,3
19,1,sd,sd1b.bmp,2,1010,1
19,1,small,small1e.bmp,3,986,1
19,1,full,full5f.bmp,1,1711,5
19,1,small,small5g.bmp,2,2443,5
19,1,sd,sd1a.bmp,2,1864,1
19,1,small,small3b.bmp,3,1698,3
19,1,small,small8a.bmp,3,1044,8
19,1,sd,sd5j.bmp,2,952,5
19,1,sd,sd3a.bmp,2,828,3
19,1,sd,sd5d.bmp,2,983,5
19,1,sd,sd1j.bmp,2,1374,1
19,1,small,small3a.bmp,2,1402,3
19,1,sd,sd8a.bmp,3,1093,8
19,1,full,full8f.bmp,1,1431,8
19,1,small,small5c.bmp,2,997,5
19,1,sd,sd5c.bmp,2,931,5
19,1,sd,sd5h.bmp,2,782,5
19,1,sd,sd5i.bmp,2,887,5
19,1,full,full1a.bmp,1,1581,1
19,1,sd,sd5f.bmp,2,883,5
19,1,sd,sd8f.bmp,2,642,8
19,1,full,full3b.bmp,2,1361,3
19,1,small,small8i.bmp,3,845,8
19,1,small,small5f.bmp,3,849,5
19,1,sd,sd8g.bmp,3,1197,8
19,1,small,small5d.bmp,2,1207,5
19,1,full,full1b.bmp,1,5387,1
19,1,sd,sd1g.bmp,2,1687,1
19,1,small,small1j.bmp,2,3007,1
19,1,small,small8g.bmp,3,1107,8
19,1,small,small8e.bmp,3,722,8
19,1,small,small8d.bmp,3,660,8
19,1,small,small1h.bmp,2,879,1
19,1,small,small8f.bmp,3,879,8
19,1,full,full1h.bmp,1,865,1
19,1,full,full1d.bmp,1,1653,1
19,1,sd,sd1e.bmp,2,926,1
19,1,sd,sd3j.bmp,2,1668,3
19,1,full,full1f.bmp,1,982,1
19,1,full,full3d.bmp,2,2634,3
19,1,full,full1g.bmp,1,1833,1
19,1,small,small1f.bmp,1,1167,1
19,1,sd,sd3d.bmp,2,302,3
19,1,small,small8c.bmp,3,783,8
19,1,sd,sd5b.bmp,2,2949,5
19,1,full,full8i.bmp,2,2984,8
19,1,small,small5h.bmp,2,3650,5
19,1,small,small5i.bmp,2,1265,5
19,1,sd,sd1c.bmp,2,2109,1
19,1,small,small3h.bmp,2,2135,3
19,1,sd,sd8b.bmp,3,1875,8
19,1,full,full3e.bmp,2,6063,3
19,1,sd,sd3g.bmp,2,1013,3
19,1,full,full3f.bmp,2,1770,3
19,1,full,full8d.bmp,3,2915,8
19,1,small,small1d.bmp,2,4521,1
19,1,small,small3j.bmp,3,1526,3
19,1,full,full1i.bmp,2,2584,1
19,1,small,small5b.bmp,2,1810,5
19,1,full,full3h.bmp,2,1319,3
19,1,full,full5d.bmp,2,1887,5
19,1,full,full1e.bmp,2,5622,1
19,1,full,full5c.bmp,2,2156,5
19,1,sd,sd3e.bmp,2,4205,3
19,1,full,full3j.bmp,2,1040,3
19,1,small,small5e.bmp,3,1830,5
19,1,small,small3i.bmp,2,1848,3
19,1,sd,sd8c.bmp,3,1231,8
19,1,sd,sd3h.bmp,2,2665,3
19,1,full,full8j.bmp,2,2431,8
19,1,full,full5a.bmp,2,1304,5
19,1,small,small3c.bmp,3,2081,3
19,1,full,full3c.bmp,2,816,3
19,1,sd,sd8h.bmp,3,976,8
19,1,sd,sd3f.bmp,2,1856,3
19,1,sd,sd1h.bmp,2,1657,1
19,1,small,small1b.bmp,2,3497,1
19,1,full,full1c.bmp,1,1343,1
19,1,sd,sd1i.bmp,2,802,1
19,1,small,small5a.bmp,2,1238,5
19,1,small,small1i.bmp,2,886,1
19,1,full,full5h.bmp,2,1239,5
19,1,sd,sd5a.bmp,3,2695,5
19,1,full,full5e.bmp,1,899,5
19,1,full,full8a.bmp,2,998,8
19,1,full,full1j.bmp,1,1270,1
19,1,small,small1g.bmp,2,4084,1
19,1,full,full5i.bmp,2,1143,5
19,1,full,full8b.bmp,2,1089,8
19,1,full,full5j.bmp,3,1826,5
19,1,sd,sd8j.bmp,3,1139,8
19,1,full,full3a.bmp,1,886,3
19,1,small,small3e.bmp,2,1124,3
19,1,sd,sd8d.bmp,3,945,8
19,1,sd,sd3c.bmp,2,1707,3
19,1,small,small1a.bmp,2,1191,1
19,1,full,full5g.bmp,2,2306,5
19,1,small,small8h.bmp,3,779,8
19,1,full,full3g.bmp,2,7775,3
19,1,small,small8b.bmp,3,1010,8
19,1,sd,sd5g.bmp,2,1730,5
19,1,full,full8c.bmp,2,3724,8
19,1,full,full3i.bmp,2,1276,3
19,1,sd,sd3i.bmp,3,2718,3
20,1,full,full3g.bmp,2,8156,3
20,1,small,small5b.bmp,4,4952,5
20,1,sd,sd8e.bmp,4,3284,8
20,1,sd,sd8f.bmp,4,4081,8
20,1,sd,sd3b.bmp,3,7335,3
20,1,sd,sd3j.bmp,3,3940,3
20,1,full,full8j.bmp,3,4375,8
20,1,small,small1i.bmp,3,2289,1
20,1,small,small5c.bmp,3,8165,5
20,1,sd,sd8h.bmp,3,3641,8
20,1,full,full5j.bmp,2,2959,5
20,1,sd,sd5a.bmp,3,1665,5
20,1,sd,sd8d.bmp,3,4575,8
20,1,sd,sd8i.bmp,3,3488,8
20,1,small,small3e.bmp,3,2069,3
20,1,small,small5d.bmp,3,4827,5
20,1,full,full1e.bmp,2,6123,1
20,1,sd,sd1d.bmp,2,2568,1
20,1,full,full1j.bmp,2,3050,1
20,1,full,full5d.bmp,2,1392,5
20,1,full,full5g.bmp,2,3456,5
20,1,sd,sd1e.bmp,2,2767,1
20,1,sd,sd3i.bmp,2,5264,3
20,1,small,small8g.bmp,3,3351,8
20,1,full,full1b.bmp,2,2281,1
20,1,small,small8i.bmp,3,4791,8
20,1,full,full8g.bmp,2,1944,8
20,1,full,full8c.bmp,2,2290,8
20,1,small,small1b.bmp,2,3871,1
20,1,full,full3h.bmp,2,1101,3
20,1,full,full3a.bmp,2,801,3
20,1,full,full3d.bmp,2,721,3
20,1,full,full5i.bmp,2,1556,5
20,1,small,small8e.bmp,3,3174,8
20,1,full,full3c.bmp,2,6663,3
20,1,small,small5j.bmp,3,2543,5
20,1,full,full3b.bmp,2,1808,3
20,1,full,full3f.bmp,2,4720,3
20,1,small,small3h.bmp,2,2413,3
20,1,full,full8h.bmp,2,1804,8
20,1,full,full1d.bmp,1,2885,1
20,1,full,full1c.bmp,1,4482,1
20,1,full,full5h.bmp,1,1440,5
20,1,small,small8f.bmp,3,3334,8
20,1,sd,sd5e.bmp,3,1786,5
20,1,sd,sd3a.bmp,3,1275,3
20,1,small,small8d.bmp,2,1824,8
20,1,small,small3g.bmp,3,1167,3
20,1,full,full8a.bmp,2,2712,8
20,1,full,full1g.bmp,1,1508,1
20,1,sd,sd8j.bmp,3,2087,8
20,1,full,full1a.bmp,2,1333,1
20,1,small,small1c.bmp,2,1711,1
20,1,sd,sd5j.bmp,3,1146,5
20,1,small,small5f.bmp,3,1468,5
20,1,full,full5a.bmp,2,2138,5
20,1,small,small3c.bmp,3,1836,3
20,1,sd,sd3d.bmp,3,1435,3
20,1,small,small1a.bmp,3,3426,1
20,1,full,full5f.bmp,2,2689,5
20,1,full,full3j.bmp,2,2694,3
20,1,sd,sd1b.bmp,2,2603,1
20,1,small,small1e.bmp,3,707,1
20,1,sd,sd1i.bmp,2,3623,1
20,1,sd,sd5g.bmp,3,3206,5
20,1,sd,sd8g.bmp,3,2614,8
20,1,full,full8e.bmp,2,4758,8
20,1,full,full8b.bmp,3,4225,8
20,1,small,small8j.bmp,3,3240,8
20,1,sd,sd1f.bmp,2,1670,1
20,1,sd,sd5d.bmp,2,2916,5
20,1,sd,sd1j.bmp,2,5368,1
20,1,small,small3a.bmp,3,995,3
20,1,full,full8f.bmp,3,2875,8
20,1,small,small3f.bmp,2,3744,3
20,1,small,small1d.bmp,2,2419,1
20,1,sd,sd8c.bmp,3,1627,8
20,1,small,small5h.bmp,2,1946,5
20,1,sd,sd3c.bmp,2,3549,3
20,1,sd,sd5h.bmp,2,1431,5
20,1,full,full3e.bmp,2,1462,3
20,1,full,full8d.bmp,3,4348,8
20,1,sd,sd3h.bmp,2,8102,3
20,1,sd,sd3g.bmp,2,6988,3
20,1,sd,sd3e.bmp,2,4910,3
20,1,small,small3j.bmp,2,3707,3
20,1,small,small1h.bmp,2,7159,1
20,1,small,small3i.bmp,2,3491,3
20,1,sd,sd5i.bmp,2,1935,5
20,1,small,small1g.bmp,2,1906,1
20,1,small,small5e.bmp,3,2670,5
20,1,small,small5i.bmp,3,2348,5
20,1,sd,sd8b.bmp,3,2215,8
20,1,sd,sd1a.bmp,2,973,1
20,1,small,small1j.bmp,2,2590,1
20,1,sd,sd1h.bmp,2,1647,1
20,1,small,small8h.bmp,3,2341,8
20,1,full,full5b.bmp,3,5711,5
20,1,sd,sd5b.bmp,2,2356,5
20,1,full,full8i.bmp,3,4134,8
20,1,small,small3b.bmp,2,2570,3
20,1,full,full1f.bmp,2,2852,1
20,1,small,small1f.bmp,2,1691,1
20,1,full,full5e.bmp,3,1863,5
20,1,sd,sd1c.bmp,2,1429,1
20,1,small,small8c.bmp,3,2363,8
20,1,full,full5c.bmp,2,1389,5
20,1,sd,sd5c.bmp,2,2021,5
20,1,full,full3i.bmp,3,1373,3
20,1,small,small8b.bmp,3,3469,8
20,1,sd,sd8a.bmp,3,4771,8
20,1,full,full1h.bmp,1,1117,1
20,1,sd,sd1g.bmp,2,6665,1
20,1,small,small5a.bmp,1,2256,5
20,1,small,small5g.bmp,1,590,5
20,1,sd,sd3f.bmp,2,2326,3
20,1,full,full1i.bmp,2,809,1
20,1,small,small8a.bmp,3,3240,8
20,1,sd,sd5f.bmp,2,3367,5
20,1,small,small3d.bmp,2,1601,3
20,1,full,full3h.bmp,2,3529,3
20,1,small,small8g.bmp,3,2093,8
20,1,sd,sd5f.bmp,2,6752,5
20,1,small,small5e.bmp,2,1748,5
20,1,small,small8b.bmp,2,2046,8
20,1,full,full3e.bmp,2,2020,3
20,1,full,full1j.bmp,2,3652,1
20,1,sd,sd8a.bmp,3,1843,8
20,1,full,full3c.bmp,2,1386,3
20,1,sd,sd3g.bmp,2,1698,3
20,1,small,small3j.bmp,2,1679,3
20,1,small,small5h.bmp,3,2588,5
20,1,sd,sd8i.bmp,3,4893,8
20,1,full,full8h.bmp,4,4962,8
20,1,full,full1b.bmp,2,1525,1
20,1,small,small8i.bmp,3,1536,8
20,1,small,small5c.bmp,3,3011,5
20,1,sd,sd8e.bmp,3,2291,8
20,1,sd,sd5d.bmp,3,2286,5
20,1,sd,sd8h.bmp,3,2483,8
20,1,sd,sd5h.bmp,3,2233,5
20,1,small,small5g.bmp,3,3160,5
20,1,sd,sd3a.bmp,2,5050,3
20,1,full,full8e.bmp,2,1081,8
20,1,small,small1i.bmp,2,4622,1
20,1,sd,sd3f.bmp,3,6246,3
20,1,small,small5d.bmp,3,2654,5
20,1,small,small3h.bmp,3,2900,3
20,1,small,small1h.bmp,2,1401,1
20,1,sd,sd8f.bmp,3,1569,8
20,1,sd,sd1e.bmp,3,2483,1
20,1,sd,sd8d.bmp,3,4239,8
20,1,small,small8a.bmp,3,1726,8
20,1,full,full3j.bmp,2,3481,3
20,1,sd,sd8b.bmp,3,3711,8
20,1,small,small5a.bmp,3,2875,5
20,1,small,small8e.bmp,3,1376,8
20,1,sd,sd5e.bmp,3,2505,5
20,1,small,small1f.bmp,2,2845,1
20,1,full,full5j.bmp,3,3180,5
20,1,sd,sd3c.bmp,2,3317,3
20,1,full,full3a.bmp,2,2425,3
20,1,sd,sd5a.bmp,2,1713,5
20,1,full,full8b.bmp,3,4964,8
20,1,small,small1e.bmp,2,4911,1
20,1,small,small3i.bmp,2,2491,3
20,1,sd,sd1h.bmp,3,1735,1
20,1,small,small3d.bmp,3,2586,3
20,1,full,full3f.bmp,3,3620,3
20,1,full,full1d.bmp,1,6075,1
20,1,small,small3c.bmp,3,7066,3
20,1,full,full1i.bmp,2,2584,1
20,1,small,small1a.bmp,2,3361,1
20,1,full,full8g.bmp,3,2235,8
20,1,full,full1f.bmp,2,2818,1
20,1,sd,sd1b.bmp,2,1897,1
20,1,sd,sd5c.bmp,2,3149,5
20,1,sd,sd1f.bmp,2,3302,1
20,1,full,full5i.bmp,3,2411,5
20,1,small,small1d.bmp,2,2699,1
20,1,small,small3f.bmp,2,3847,3
20,1,small,small1c.bmp,2,1846,1
20,1,sd,sd5j.bmp,2,2796,5
20,1,full,full5g.bmp,3,5749,5
20,1,small,small5i.bmp,3,12456,5
20,1,sd,sd3j.bmp,2,4314,3
20,1,sd,sd1g.bmp,2,7117,1
20,1,full,full8i.bmp,3,3522,8
20,1,sd,sd5i.bmp,2,1541,5
20,1,full,full5d.bmp,3,1800,5
20,1,full,full1h.bmp,2,7552,1
20,1,sd,sd3d.bmp,2,3364,3
20,1,sd,sd8g.bmp,3,3103,8
20,1,small,small8f.bmp,3,4995,8
20,1,small,small3g.bmp,2,2781,3
20,1,sd,sd1a.bmp,2,2006,1
20,1,full,full3b.bmp,3,1790,3
20,1,full,full1e.bmp,2,5270,1
20,1,small,small8d.bmp,3,2149,8
20,1,sd,sd1d.bmp,2,2446,1
20,1,small,small1b.bmp,2,2413,1
20,1,full,full3d.bmp,3,2629,3
20,1,sd,sd8j.bmp,3,1996,8
20,1,small,small8j.bmp,3,1108,8
20,1,full,full1g.bmp,2,3248,1
20,1,small,small5f.bmp,3,1823,5
20,1,sd,sd3e.bmp,2,2582,3
20,1,full,full8d.bmp,3,3287,8
20,1,full,full3i.bmp,2,1844,3
20,1,full,full5e.bmp,3,2035,5
20,1,sd,sd8c.bmp,3,4274,8
20,1,full,full5h.bmp,3,3104,5
20,1,sd,sd1i.bmp,2,1348,1
20,1,small,small3e.bmp,2,1694,3
20,1,full,full5b.bmp,3,2427,5
20,1,full,full8f.bmp,3,705,8
20,1,small,small1j.bmp,2,1500,1
20,1,small,small3b.bmp,2,3080,3
20,1,sd,sd1j.bmp,2,1006,1
20,1,sd,sd3i.bmp,2,1061,3
20,1,small,small1g.bmp,2,1051,1
20,1,full,full8j.bmp,3,1793,8
20,1,small,small8h.bmp,3,2129,8
20,1,full,full8c.bmp,3,1756,8
20,1,sd,sd5g.bmp,2,4054,5
20,1,sd,sd3b.bmp,2,2068,3
20,1,sd,sd1c.bmp,3,1194,1
20,1,sd,sd3h.bmp,2,1058,3
20,1,full,full1c.bmp,2,1935,1
20,1,small,small5j.bmp,3,1490,5
20,1,full,full5c.bmp,3,1191,5
20,1,full,full8a.bmp,3,1055,8
20,1,sd,sd5b.bmp,2,2725,5
20,1,full,full5f.bmp,3,1296,5
20,1,small,small5b.bmp,3,2779,5
20,1,small,small8c.bmp,3,1405,8
20,1,full,full3g.bmp,3,3476,3
20,1,small,small3a.bmp,3,3458,3
20,1,full,full1a.bmp,2,4872,1
20,1,full,full5a.bmp,3,2518,5
20,1,full,full3a.bmp,3,1922,3
20,1,sd,sd3d.bmp,2,3885,3
20,1,full,full5a.bmp,3,4138,5
20,1,small,small5a.bmp,3,6454,5
20,1,full,full5h.bmp,3,1949,5
20,1,small,small5f.bmp,3,6415,5
20,1,full,full5e.bmp,3,991,5
20,1,sd,sd1c.bmp,2,1656,1
20,1,full,full8f.bmp,3,1293,8
20,1,sd,sd5a.bmp,3,2433,5
20,1,small,small1b.bmp,2,2728,1
20,1,small,small5h.bmp,3,2204,5
20,1,full,full8c.bmp,3,1380,8
20,1,small,small5i.bmp,3,2660,5
20,1,sd,sd8d.bmp,3,2282,8
20,1,small,small5c.bmp,3,1887,5
20,1,sd,sd1i.bmp,2,2268,1
20,1,sd,sd8h.bmp,2,1842,8
20,1,full,full5j.bmp,3,1873,5
20,1,sd,sd3e.bmp,2,1614,3
20,1,sd,sd8i.bmp,3,2749,8
20,1,full,full1c.bmp,2,3624,1
20,1,small,small8j.bmp,3,5862,8
20,1,sd,sd1g.bmp,1,5230,1
20,1,sd,sd5j.bmp,2,3398,5
20,1,full,full8b.bmp,3,2743,8
20,1,small,small3i.bmp,2,2809,3
20,1,full,full8e.bmp,3,3305,8
20,1,sd,sd1a.bmp,2,2693,1
20,1,sd,sd8j.bmp,3,4418,8
20,1,small,small8h.bmp,3,1387,8
20,1,full,full1d.bmp,1,4203,1
20,1,full,full1b.bmp,2,1804,1
20,1,full,full3c.bmp,1,1340,3
20,1,full,full8g.bmp,3,1790,8
20,1,full,full8h.bmp,3,1135,8
20,1,sd,sd1h.bmp,2,1129,1
20,1,small,small8e.bmp,3,1611,8
20,1,sd,sd3j.bmp,2,3931,3
20,1,sd,sd3h.bmp,2,1294,3
20,1,sd,sd8c.bmp,3,1643,8
20,1,sd,sd3f.bmp,2,4089,3
20,1,sd,sd8e.bmp,2,758,8
20,1,small,small3a.bmp,3,5215,3
20,1,full,full5f.bmp,3,3000,5
20,1,sd,sd1d.bmp,2,1585,1
20,1,small,small5b.bmp,3,1650,5
20,1,small,small3b.bmp,3,1968,3
20,1,small,small8g.bmp,3,1234,8
20,1,small,small1a.bmp,2,1848,1
20,1,sd,sd3i.bmp,2,2951,3
20,1,full,full5d.bmp,3,1385,5
20,1,small,small1c.bmp,2,3418,1
20,1,small,small1f.bmp,2,2298,1
20,1,sd,sd3c.bmp,2,1494,3
20,1,small,small1j.bmp,2,1154,1
20,1,sd,sd5c.bmp,3,1372,5
20,1,small,small3f.bmp,3,3341,3
20,1,small,small1e.bmp,2,1376,1
20,1,sd,sd5d.bmp,3,1793,5
20,1,full,full3g.bmp,3,1681,3
20,1,small,small5e.bmp,3,1734,5
20,1,sd,sd3g.bmp,2,1105,3
20,1,sd,sd8f.bmp,3,1364,8
20,1,full,full3j.bmp,3,1638,3
20,1,full,full3d.bmp,3,1172,3
20,1,sd,sd3a.bmp,2,1109,3
20,1,sd,sd5i.bmp,3,1560,5
20,1,small,small3e.bmp,2,5226,3
20,1,small,small8a.bmp,3,1634,8
20,1,small,small8f.bmp,3,1273,8
20,1,full,full3f.bmp,3,2022,3
20,1,full,full5b.bmp,3,653,5
20,1,small,small1h.bmp,2,4962,1
20,1,sd,sd5h.bmp,3,1637,5
20,1,sd,sd8a.bmp,3,1635,8
20,1,small,small8c.bmp,3,914,8
20,1,small,small1i.bmp,2,1494,1
20,1,full,full1a.bmp,2,6058,1
20,1,small,small3c.bmp,2,3729,3
20,1,full,full8a.bmp,3,1717,8
20,1,full,full8j.bmp,3,1704,8
20,1,full,full8i.bmp,3,1717,8
20,1,full,full8d.bmp,3,760,8
20,1,small,small3j.bmp,2,2841,3
20,1,full,full5i.bmp,2,5048,5
20,1,full,full5c.bmp,3,1496,5
20,1,small,small3h.bmp,2,3668,3
20,1,small,small8b.bmp,3,1257,8
20,1,full,full1e.bmp,3,663,1
20,1,full,full3e.bmp,2,1540,3
20,1,full,full3i.bmp,3,270,3
20,1,small,small3d.bmp,2,2243,3
20,1,sd,sd5g.bmp,3,4418,5
20,1,full,full1g.bmp,1,2698,1
20,1,full,full1f.bmp,2,863,1
20,1,sd,sd1b.bmp,2,812,1
20,1,full,full1h.bmp,1,1619,1
20,1,small,small5g.bmp,3,2675,5
20,1,sd,sd8g.bmp,3,496,8
20,1,full,full1j.bmp,1,2956,1
20,1,small,small3g.bmp,2,2902,3
20,1,sd,sd5f.bmp,2,1347,5
20,1,full,full3h.bmp,2,2917,3
20,1,sd,sd5b.bmp,3,1473,5
20,1,small,small1d.bmp,2,2694,1
20,1,full,full1i.bmp,2,1642,1
20,1,sd,sd1e.bmp,1,808,1
20,1,sd,sd1j.bmp,2,999,1
20,1,full,full3b.bmp,2,2159,3
20,1,sd,sd8b.bmp,2,2065,8
20,1,small,small8d.bmp,2,119,8
20,1,small,small5j.bmp,3,1714,5
20,1,small,small5d.bmp,3,917,5
20,1,sd,sd3b.bmp,2,1545,3
20,1,sd,sd1f.bmp,3,1555,1
20,1,sd,sd5e.bmp,3,3316,5
20,1,small,small1g.bmp,2,889,1
20,1,small,small8i.bmp,3,1341,8
20,1,full,full5g.bmp,3,2879,5
20,1,small,small5e.bmp,3,852,5
20,1,sd,sd8h.bmp,2,1314,8
20,1,sd,sd3i.bmp,3,3646,3
20,1,sd,sd8e.bmp,3,2445,8
20,1,full,full1e.bmp,2,1883,1
20,1,full,full3h.bmp,2,3680,3
20,1,small,small1g.bmp,3,949,1
20,1,sd,sd5f.bmp,3,1687,5
20,1,small,small8j.bmp,3,1356,8
20,1,sd,sd8j.bmp,3,1013,8
20,1,full,full5d.bmp,3,3549,5
20,1,full,full8g.bmp,1,2832,8
20,1,full,full1i.bmp,2,2527,1
20,1,sd,sd5g.bmp,3,1162,5
20,1,small,small8h.bmp,3,1155,8
20,1,full,full8j.bmp,3,3597,8
20,1,full,full5g.bmp,2,750,5
20,1,small,small3h.bmp,2,2424,3
20,1,full,full5h.bmp,1,1807,5
20,1,small,small3e.bmp,2,3935,3
20,1,sd,sd8g.bmp,3,1626,8
20,1,sd,sd3c.bmp,2,3817,3
20,1,full,full5b.bmp,3,4113,5
20,1,full,full8f.bmp,3,717,8
20,1,sd,sd1b.bmp,2,1536,1
20,1,full,full8d.bmp,3,1475,8
20,1,sd,sd5j.bmp,3,1616,5
20,1,sd,sd1g.bmp,2,2128,1
20,1,sd,sd3g.bmp,3,4435,3
20,1,full,full8a.bmp,3,1963,8
20,1,full,full3i.bmp,2,1684,3
20,1,sd,sd8b.bmp,3,1169,8
20,1,sd,sd3a.bmp,2,3491,3
20,1,full,full3d.bmp,3,1936,3
20,1,full,full5e.bmp,3,931,5
20,1,sd,sd5c.bmp,3,1693,5
20,1,small,small5g.bmp,3,1714,5
20,1,sd,sd3e.bmp,2,781,3
20,1,small,small5h.bmp,3,1302,5
20,1,full,full1j.bmp,2,2338,1
20,1,full,full5f.bmp,2,796,5
20,1,small,small3b.bmp,3,1180,3
20,1,sd,sd5b.bmp,3,2044,5
20,1,small,small8f.bmp,3,1491,8
20,1,full,full5i.bmp,2,2423,5
20,1,sd,sd8d.bmp,3,2878,8
20,1,full,full8e.bmp,3,4899,8
20,1,small,small1h.bmp,2,8449,1
20,1,sd,sd8i.bmp,3,1449,8
20,1,full,full5a.bmp,2,5304,5
20,1,sd,sd1i.bmp,3,869,1
20,1,small,small3f.bmp,3,1482,3
20,1,sd,sd1e.bmp,2,3511,1
20,1,small,small3i.bmp,3,1388,3
20,1,full,full5j.bmp,3,1156,5
20,1,sd,sd8c.bmp,3,1006,8
20,1,full,full1g.bmp,2,1772,1
20,1,small,small5f.bmp,3,829,5
20,1,small,small1j.bmp,2,1180,1
20,1,full,full1b.bmp,2,1717,1
20,1,sd,sd1h.bmp,2,1248,1
20,1,small,small5c.bmp,3,862,5
20,1,small,small8e.bmp,3,1172,8
20,1,full,full3e.bmp,2,1444,3
20,1,small,small5b.bmp,3,2467,5
20,1,small,small8d.bmp,3,936,8
20,1,full,full3f.bmp,2,2915,3
20,1,sd,sd3d.bmp,3,1663,3
20,1,full,full1c.bmp,3,325,1
20,1,full,full8i.bmp,2,231,8
20,1,small,small5i.bmp,3,3174,5
20,1,small,small1a.bmp,2,2039,1
20,1,small,small1d.bmp,2,7478,1
20,1,sd,sd3f.bmp,2,1988,3
20,1,small,small1b.bmp,2,1493,1
20,1,full,full1f.bmp,2,1976,1
20,1,small,small5a.bmp,3,1937,5
20,1,small,small3a.bmp,2,6315,3
20,1,sd,sd1d.bmp,3,353,1
20,1,small,small3j.bmp,3,2282,3
20,1,sd,sd5i.bmp,3,1776,5
20,1,full,full5c.bmp,3,2481,5
20,1,small,small1e.bmp,2,1494,1
20,1,small,small8g.bmp,3,1626,8
20,1,full,full3g.bmp,2,2185,3
20,1,small,small8c.bmp,3,1890,8
20,1,sd,sd8f.bmp,3,2382,8
20,1,small,small8b.bmp,3,1856,8
20,1,sd,sd5e.bmp,3,3117,5
20,1,sd,sd8a.bmp,3,889,8
20,1,sd,sd1f.bmp,2,1269,1
20,1,full,full1h.bmp,2,1427,1
20,1,full,full8b.bmp,3,2018,8
20,1,full,full3a.bmp,2,984,3
20,1,full,full8h.bmp,3,1321,8
20,1,small,small5j.bmp,3,2037,5
20,1,small,small5d.bmp,3,1172,5
20,1,full,full8c.bmp,3,1460,8
20,1,small,small8a.bmp,3,1202,8
20,1,small,small1f.bmp,2,850,1
20,1,sd,sd5d.bmp,3,3432,5
20,1,full,full3j.bmp,2,2008,3
20,1,full,full1d.bmp,2,1055,1
20,1,small,small3c.bmp,3,861,3
20,1,full,full3b.bmp,2,1674,3
20,1,full,full3c.bmp,2,4367,3
20,1,small,small1i.bmp,3,1233,1
20,1,sd,sd1c.bmp,3,1288,1
20,1,sd,sd3h.bmp,2,1612,3
20,1,sd,sd3j.bmp,2,2196,3
20,1,small,small1c.bmp,2,1652,1
20,1,sd,sd3b.bmp,2,3651,3
20,1,small,small8i.bmp,3,2033,8
20,1,sd,sd1j.bmp,2,2432,1
20,1,small,small3d.bmp,3,1127,3
20,1,sd,sd5h.bmp,3,962,5
20,1,small,small3g.bmp,3,1387,3
20,1,sd,sd5a.bmp,2,2284,5
20,1,full,full1a.bmp,1,2217,1
20,1,sd,sd1a.bmp,2,2553,1
21,1,small,small8a.bmp,2,10903,8
21,1,small,small8i.bmp,2,2734,8
21,1,small,small1h.bmp,3,4241,1
21,1,full,full5g.bmp,1,3064,5
21,1,sd,sd3g.bmp,3,4558,3
21,1,full,full1j.bmp,1,3833,1
21,1,full,full3g.bmp,1,1633,3
21,1,small,small1b.bmp,3,3400,1
21,1,full,full3j.bmp,2,2168,3
21,1,small,small5g.bmp,2,2850,5
21,1,sd,sd8h.bmp,2,2168,8
21,1,full,full8e.bmp,2,2018,8
21,1,full,full5i.bmp,2,1322,5
21,1,full,full1b.bmp,1,1693,1
21,1,full,full5j.bmp,3,15105,5
21,1,sd,sd8j.bmp,4,4856,8
21,1,small,small8c.bmp,4,3303,8
21,1,small,small5c.bmp,4,2852,5
21,1,small,small8b.bmp,4,2307,8
21,1,small,small3f.bmp,4,1943,3
21,1,sd,sd5c.bmp,3,3553,5
21,1,small,small5e.bmp,4,1115,5
21,1,sd,sd5d.bmp,3,1615,5
21,1,sd,sd3a.bmp,3,1358,3
21,1,sd,sd8e.bmp,4,1832,8
21,1,full,full3h.bmp,1,1767,3
21,1,full,full1a.bmp,1,1351,1
21,1,sd,sd8f.bmp,4,4650,8
21,1,small,small1e.bmp,3,2585,1
21,1,small,small8h.bmp,4,1242,8
21,1,sd,sd3f.bmp,3,1480,3
21,1,small,small8g.bmp,4,1037,8
21,1,full,full8f.bmp,1,1796,8
21,1,small,small1j.bmp,3,2740,1
21,1,full,full5c.bmp,1,2015,5
21,1,full,full5h.bmp,1,3471,5
21,1,small,small3c.bmp,3,1389,3
21,1,sd,sd3d.bmp,2,1396,3
21,1,full,full1i.bmp,1,1700,1
21,1,full,full8h.bmp,2,2145,8
21,1,full,full8i.bmp,2,1459,8
21,1,sd,sd8d.bmp,3,1377,8
21,1,full,full3f.bmp,1,1290,3
21,1,small,small3a.bmp,4,1878,3
21,1,small,small5h.bmp,4,915,5
21,1,sd,sd3e.bmp,3,1670,3
21,1,small,small3h.bmp,4,3700,3
21,1,sd,sd1d.bmp,1,1161,1
21,1,sd,sd3i.bmp,2,3170,3
21,1,sd,sd5b.bmp,3,1412,5
21,1,small,small1d.bmp,1,2163,1
21,1,sd,sd1f.bmp,2,1733,1
21,1,sd,sd5j.bmp,3,984,5
21,1,sd,sd1j.bmp,2,2225,1
21,1,sd,sd1c.bmp,2,2280,1
21,1,full,full5e.bmp,1,1445,5
21,1,small,small3b.bmp,4,1331,3
21,1,small,small5i.bmp,4,942,5
21,1,full,full5d.bmp,1,2656,5
21,1,full,full5b.bmp,2,4038,5
21,1,sd,sd1g.bmp,1,1637,1
21,1,small,small1a.bmp,3,4019,1
21,1,small,small3j.bmp,4,1075,3
21,1,full,full3a.bmp,1,1648,3
21,1,full,full8g.bmp,1,1518,8
21,1,full,full8a.bmp,1,1978,8
21,1,small,small8j.bmp,4,1355,8
21,1,full,full1g.bmp,1,757,1
21,1,small,small8f.bmp,4,870,8
21,1,sd,sd1i.bmp,2,1931,1
21,1,small,small5a.bmp,4,1150,5
21,1,sd,sd1h.bmp,2,2256,1
21,1,full,full8d.bmp,1,1838,8
21,1,full,full8b.bmp,1,1221,8
21,1,sd,sd5i.bmp,3,2708,5
21,1,small,small3i.bmp,4,711,3
21,1,small,small3e.bmp,4,1218,3
21,1,full,full3i.bmp,1,1002,3
21,1,sd,sd8b.bmp,4,1282,8
21,1,sd,sd8i.bmp,4,871,8
21,1,small,small5b.bmp,4,988,5
21,1,small,small5d.bmp,4,956,5
21,1,small,small1f.bmp,4,949,1
21,1,sd,sd8c.bmp,4,1208,8
21,1,full,full1h.bmp,1,1023,1
21,1,full,full3d.bmp,2,3158,3
21,1,full,full3b.bmp,2,3200,3
21,1,sd,sd3b.bmp,3,1065,3
21,1,sd,sd3j.bmp,3,878,3
21,1,small,small8d.bmp,4,1219,8
21,1,sd,sd1a.bmp,2,1129,1
21,1,sd,sd5g.bmp,3,932,5
21,1,full,full5a.bmp,2,1327,5
21,1,small,small1i.bmp,3,1146,1
21,1,small,small8e.bmp,4,884,8
21,1,sd,sd5h.bmp,3,1528,5
21,1,sd,sd1b.bmp,2,1067,1
21,1,sd,sd1e.bmp,2,1513,1
21,1,full,full3c.bmp,2,1732,3
21,1,small,small1g.bmp,3,935,1
21,1,small,small5j.bmp,4,1106,5
21,1,sd,sd3c.bmp,3,965,3
21,1,small,small1c.bmp,3,759,1
21,1,full,full1e.bmp,2,2336,1
21,1,sd,sd3h.bmp,3,755,3
21,1,full,full1f.bmp,2,3460,1
21,1,sd,sd8g.bmp,3,1082,8
21,1,sd,sd5a.bmp,3,759,5
21,1,sd,sd5e.bmp,3,704,5
21,1,sd,sd8a.bmp,3,924,8
21,1,full,full8j.bmp,2,1358,8
21,1,small,small3d.bmp,3,2544,3
21,1,full,full3e.bmp,2,1379,3
21,1,small,small5f.bmp,4,1627,5
21,1,small,small3g.bmp,3,714,3
21,1,full,full1d.bmp,1,1750,1
21,1,full,full1c.bmp,1,888,1
21,1,sd,sd5f.bmp,3,1397,5
21,1,full,full8c.bmp,2,741,8
21,1,full,full5f.bmp,2,1775,5
21,1,sd,sd3j.bmp,3,2111,3
21,1,full,full5f.bmp,2,891,5
21,1,small,small1c.bmp,3,655,1
21,1,full,full5b.bmp,2,932,5
21,1,small,small1b.bmp,3,783,1
21,1,small,small1g.bmp,2,871,1
21,1,small,small5i.bmp,4,1293,5
21,1,full,full8a.bmp,2,1345,8
21,1,full,full8b.bmp,2,835,8
21,1,full,full5d.bmp,2,938,5
21,1,full,full5i.bmp,2,1260,5
21,1,sd,sd3e.bmp,2,1610,3
21,1,full,full8h.bmp,2,1585,8
21,1,sd,sd1h.bmp,2,1058,1
21,1,sd,sd3b.bmp,2,1176,3
21,1,small,small8e.bmp,4,1089,8
21,1,small,small5j.bmp,4,773,5
21,1,sd,sd8e.bmp,4,1317,8
21,1,full,full1d.bmp,1,1368,1
21,1,small,small8f.bmp,4,994,8
21,1,sd,sd8i.bmp,3,1082,8
21,1,full,full5e.bmp,2,1327,5
21,1,sd,sd1i.bmp,2,2738,1
21,1,small,small3c.bmp,4,3252,3
21,1,sd,sd1c.bmp,2,803,1
21,1,sd,sd5g.bmp,3,1011,5
21,1,sd,sd8b.bmp,4,898,8
21,1,full,full8d.bmp,2,791,8
21,1,full,full3h.bmp,2,1246,3
21,1,full,full3e.bmp,2,965,3
21,1,full,full1g.bmp,1,870,1
21,1,full,full3c.bmp,2,747,3
21,1,full,full3b.bmp,2,749,3
21,1,small,small3h.bmp,4,790,3
21,1,full,full1h.bmp,1,1166,1
21,1,full,full1i.bmp,1,1016,1
21,1,full,full1a.bmp,2,1015,1
21,1,sd,sd3d.bmp,3,982,3
21,1,full,full5h.bmp,2,783,5
21,1,small,small3i.bmp,3,1016,3
21,1,sd,sd1g.bmp,2,2767,1
21,1,sd,sd8a.bmp,3,849,8
21,1,sd,sd5a.bmp,3,1047,5
21,1,small,small5g.bmp,4,997,5
21,1,small,small1j.bmp,3,1621,1
21,1,small,small1f.bmp,3,669,1
21,1,small,small3b.bmp,4,858,3
21,1,full,full1b.bmp,2,1264,1
21,1,sd,sd1b.bmp,2,781,1
21,1,sd,sd8d.bmp,4,1086,8
21,1,sd,sd3c.bmp,3,1409,3
21,1,small,small1a.bmp,3,889,1
21,1,small,small8g.bmp,4,997,8
21,1,small,small1h.bmp,3,1061,1
21,1,sd,sd1a.bmp,2,882,1
21,1,full,full1e.bmp,1,1239,1
21,1,full,full5c.bmp,2,829,5
21,1,full,full8f.bmp,2,836,8
21,1,full,full8i.bmp,2,1291,8
21,1,sd,sd8g.bmp,3,4279,8
21,1,small,small5h.bmp,3,3437,5
21,1,sd,sd3i.bmp,2,900,3
21,1,full,full8j.bmp,2,751,8
21,1,small,small5f.bmp,4,768,5
21,1,sd,sd5i.bmp,3,1025,5
21,1,sd,sd8c.bmp,3,2103,8
21,1,small,small5e.bmp,4,1290,5
21,1,small,small5b.bmp,4,647,5
21,1,small,small1e.bmp,3,757,1
21,1,sd,sd3a.bmp,3,638,3
21,1,full,full3f.bmp,1,1220,3
21,1,full,full1c.bmp,1,811,1
21,1,sd,sd5e.bmp,3,1098,5
21,1,sd,sd3f.bmp,3,822,3
21,1,sd,sd5h.bmp,3,829,5
21,1,full,full3j.bmp,2,1155,3
21,1,full,full5a.bmp,2,757,5
21,1,sd,sd3g.bmp,2,654,3
21,1,sd,sd5d.bmp,3,835,5
21,1,small,small3d.bmp,4,762,3
21,1,full,full3i.bmp,1,827,3
21,1,sd,sd1j.bmp,2,986,1
21,1,small,small8i.bmp,4,771,8
21,1,small,small3a.bmp,4,1011,3
21,1,full,full5g.bmp,2,810,5
21,1,sd,sd1f.bmp,2,994,1
21,1,small,small8a.bmp,4,650,8
21,1,full,full3a.bmp,2,936,3
21,1,full,full1j.bmp,1,1354,1
21,1,small,small3j.bmp,4,733,3
21,1,small,small8d.bmp,4,703,8
21,1,small,small5d.bmp,4,827,5
21,1,small,small3g.bmp,4,1490,3
21,1,full,full3d.bmp,1,990,3
21,1,sd,sd8h.bmp,4,710,8
21,1,full,full5j.bmp,2,889,5
21,1,small,small5c.bmp,4,741,5
21,1,small,small3f.bmp,4,1007,3
21,1,sd,sd5b.bmp,3,967,5
21,1,small,small1i.bmp,3,784,1
21,1,full,full3g.bmp,2,881,3
21,1,small,small1d.bmp,3,844,1
21,1,small,small8c.bmp,4,738,8
21,1,sd,sd1e.bmp,2,796,1
21,1,full,full8e.bmp,2,788,8
21,1,full,full1f.bmp,1,1028,1
21,1,small,small5a.bmp,4,635,5
21,1,small,small8b.bmp,4,626,8
21,1,small,small8h.bmp,4,792,8
21,1,sd,sd5f.bmp,3,848,5
21,1,sd,sd1d.bmp,2,1150,1
21,1,sd,sd8f.bmp,4,616,8
21,1,sd,sd5c.bmp,3,1056,5
21,1,full,full8c.bmp,2,2253,8
21,1,sd,sd8j.bmp,3,883,8
21,1,small,small8j.bmp,4,856,8
21,1,small,small3e.bmp,4,1549,3
21,1,full,full8g.bmp,2,1104,8
21,1,sd,sd3h.bmp,2,732,3
21,1,sd,sd5j.bmp,3,2397,5
21,1,small,small1h.bmp,3,1214,1
21,1,sd,sd5e.bmp,3,1589,5
21,1,sd,sd3g.bmp,2,838,3
21,1,sd,sd3b.bmp,2,940,3
21,1,sd,sd8e.bmp,4,1782,8
21,1,full,full8c.bmp,2,735,8
21,1,full,full5i.bmp,3,906,5
21,1,small,small5b.bmp,4,2653,5
21,1,full,full1f.bmp,1,1396,1
21,1,small,small1g.bmp,2,1820,1
21,1,sd,sd3e.bmp,3,836,3
21,1,small,small1a.bmp,3,1547,1
21,1,sd,sd5g.bmp,3,1237,5
21,1,sd,sd8a.bmp,4,1819,8
21,1,full,full3e.bmp,1,3602,3
21,1,small,small1d.bmp,2,931,1
21,1,small,small8h.bmp,4,662,8
21,1,sd,sd1h.bmp,2,739,1
21,1,full,full3c.bmp,1,933,3
21,1,full,full1a.bmp,1,1016,1
21,1,small,small3f.bmp,4,927,3
21,1,small,small3g.bmp,4,1410,3
21,1,sd,sd5a.bmp,3,666,5
21,1,full,full8f.bmp,2,767,8
21,1,full,full1h.bmp,1,816,1
21,1,sd,sd8i.bmp,4,903,8
21,1,small,small8b.bmp,4,931,8
21,1,full,full3i.bmp,2,838,3
21,1,small,small8f.bmp,4,765,8
21,1,full,full3j.bmp,2,982,3
21,1,small,small1i.bmp,3,895,1
21,1,full,full3b.bmp,2,898,3
21,1,sd,sd1f.bmp,2,926,1
21,1,small,small3h.bmp,3,961,3
21,1,full,full8b.bmp,2,906,8
21,1,sd,sd5b.bmp,3,1013,5
21,1,full,full8j.bmp,2,981,8
21,1,sd,sd3h.bmp,2,813,3
21,1,full,full3h.bmp,1,877,3
21,1,small,small1c.bmp,3,641,1
21,1,sd,sd8j.bmp,3,1183,8
21,1,sd,sd8d.bmp,4,840,8
21,1,full,full8i.bmp,2,926,8
21,1,full,full3d.bmp,1,1097,3
21,1,full,full5c.bmp,1,749,5
21,1,sd,sd5f.bmp,3,847,5
21,1,small,small3c.bmp,4,973,3
21,1,small,small3i.bmp,4,686,3
21,1,small,small8j.bmp,4,634,8
21,1,small,small8d.bmp,4,768,8
21,1,full,full5j.bmp,2,1241,5
21,1,sd,sd3f.bmp,3,751,3
21,1,full,full8e.bmp,2,881,8
21,1,small,small3a.bmp,4,734,3
21,1,full,full5b.bmp,1,1088,5
21,1,full,full8d.bmp,2,685,8
21,1,full,full1e.bmp,1,1097,1
21,1,sd,sd1c.bmp,2,781,1
21,1,sd,sd1i.bmp,2,806,1
21,1,full,full1c.bmp,1,725,1
21,1,sd,sd3i.bmp,3,712,3
21,1,full,full1i.bmp,1,787,1
21,1,small,small1b.bmp,3,732,1
21,1,sd,sd3j.bmp,2,758,3
21,1,small,small1e.bmp,3,640,1
21,1,sd,sd5d.bmp,3,502,5
21,1,sd,sd1b.bmp,2,826,1
21,1,small,small3j.bmp,4,880,3
21,1,sd,sd8h.bmp,4,805,8
21,1,small,small5f.bmp,4,708,5
21,1,sd,sd3d.bmp,4,647,3
21,1,small,small5a.bmp,2,789,5
21,1,full,full1j.bmp,1,805,1
21,1,sd,sd8b.bmp,3,844,8
21,1,small,small5h.bmp,3,706,5
21,1,small,small3b.bmp,4,702,3
21,1,small,small1f.bmp,3,962,1
21,1,small,small3d.bmp,3,1075,3
21,1,sd,sd1j.bmp,2,1208,1
21,1,small,small1j.bmp,3,895,1
21,1,full,full3g.bmp,1,859,3
21,1,small,small5g.bmp,4,841,5
21,1,full,full8h.bmp,1,1007,8
21,1,full,full1b.bmp,1,782,1
21,1,small,small8e.bmp,4,879,8
21,1,full,full5d.bmp,2,883,5
21,1,sd,sd1e.bmp,2,872,1
21,1,small,small5i.bmp,4,925,5
21,1,small,small8a.bmp,4,807,8
21,1,small,small3e.bmp,3,1142,3
21,1,sd,sd8c.bmp,3,888,8
21,1,full,full5g.bmp,2,892,5
21,1,sd,sd5c.bmp,3,1136,5
21,1,small,small8g.bmp,4,731,8
21,1,full,full8g.bmp,2,1414,8
21,1,small,small8c.bmp,4,605,8
21,1,full,full5f.bmp,1,837,5
21,1,sd,sd5h.bmp,3,732,5
21,1,full,full5a.bmp,1,983,5
21,1,sd,sd8g.bmp,3,1023,8
21,1,full,full1g.bmp,1,718,1
21,1,full,full8a.bmp,2,897,8
21,1,full,full5e.bmp,2,2421,5
21,1,small,small5e.bmp,4,957,5
21,1,small,small5j.bmp,4,871,5
21,1,small,small5d.bmp,4,996,5
21,1,sd,sd1a.bmp,2,891,1
21,1,sd,sd1d.bmp,2,2143,1
21,1,sd,sd5i.bmp,3,857,5
21,1,full,full1d.bmp,1,647,1
21,1,small,small8i.bmp,4,717,8
21,1,sd,sd1g.bmp,2,760,1
21,1,sd,sd5j.bmp,3,737,5
21,1,sd,sd8f.bmp,4,820,8
21,1,sd,sd3a.bmp,2,2363,3
21,1,full,full5h.bmp,2,749,5
21,1,small,small5c.bmp,4,671,5
21,1,full,full3f.bmp,2,860,3
21,1,full,full3a.bmp,2,730,3
21,1,sd,sd3c.bmp,3,756,3
21,1,small,small1j.bmp,3,638,1
21,1,full,full8c.bmp,2,780,8
21,1,sd,sd3g.bmp,3,557,3
21,1,full,full5d.bmp,2,934,5
21,1,sd,sd1j.bmp,2,640,1
21,1,full,full8d.bmp,2,1118,8
21,1,small,small1f.bmp,3,665,1
21,1,full,full1f.bmp,1,838,1
21,1,sd,sd1i.bmp,2,572,1
21,1,sd,sd1g.bmp,1,1005,1
21,1,small,small3j.bmp,4,844,3
21,1,full,full8h.bmp,2,1106,8
21,1,small,small3a.bmp,4,934,3
21,1,sd,sd3j.bmp,3,808,3
21,1,full,full1e.bmp,1,744,1
21,1,full,full3d.bmp,1,610,3
21,1,small,small3g.bmp,4,1081,3
21,1,sd,sd3i.bmp,3,814,3
21,1,sd,sd8e.bmp,3,637,8
21,1,small,small5a.bmp,4,852,5
21,1,sd,sd8a.bmp,4,1218,8
21,1,sd,sd5j.bmp,3,873,5
21,1,full,full1c.bmp,1,982,1
21,1,small,small8a.bmp,4,718,8
21,1,full,full5f.bmp,1,929,5
21,1,full,full5a.bmp,2,1299,5
21,1,full,full8i.bmp,2,776,8
21,1,full,full3g.bmp,1,768,3
21,1,full,full5g.bmp,2,802,5
21,1,sd,sd3b.bmp,2,1562,3
21,1,small,small3i.bmp,4,1043,3
21,1,sd,sd8j.bmp,4,1953,8
21,1,small,small5c.bmp,4,756,5
21,1,sd,sd3f.bmp,3,901,3
21,1,sd,sd3a.bmp,3,857,3
21,1,small,small3e.bmp,3,2126,3
21,1,sd,sd8h.bmp,3,681,8
21,1,small,small5e.bmp,4,750,5
21,1,full,full5e.bmp,2,696,5
21,1,small,small3d.bmp,4,1868,3
21,1,full,full8f.bmp,2,785,8
21,1,small,small3f.bmp,3,929,3
21,1,full,full1a.bmp,1,1004,1
21,1,sd,sd8b.bmp,3,844,8
21,1,small,small1b.bmp,3,1202,1
21,1,sd,sd1a.bmp,2,778,1
21,1,sd,sd1f.bmp,2,947,1
21,1,small,small1i.bmp,3,709,1
21,1,full,full8b.bmp,2,736,8
21,1,full,full1i.bmp,1,835,1
21,1,full,full5h.bmp,2,761,5
21,1,full,full3h.bmp,2,1147,3
21,1,full,full3j.bmp,2,981,3
21,1,sd,sd1h.bmp,2,862,1
21,1,small,small8h.bmp,4,1003,8
21,1,full,full3e.bmp,3,891,3
21,1,full,full8g.bmp,2,1455,8
21,1,full,full5c.bmp,2,637,5
21,1,small,small5f.bmp,4,795,5
21,1,sd,sd3c.bmp,3,723,3
21,1,sd,sd3d.bmp,3,757,3
21,1,small,small8e.bmp,4,743,8
21,1,full,full8a.bmp,2,1273,8
21,1,sd,sd3e.bmp,3,1341,3
21,1,small,small5i.bmp,4,688,5
21,1,sd,sd5g.bmp,3,1300,5
21,1,small,small8i.bmp,4,776,8
21,1,full,full3f.bmp,1,3545,3
21,1,small,small5d.bmp,4,740,5
21,1,small,small1d.bmp,3,1230,1
21,1,sd,sd1c.bmp,2,749,1
21,1,small,small8c.bmp,4,735,8
21,1,full,full5j.bmp,2,1241,5
21,1,small,small3b.bmp,4,767,3
21,1,sd,sd5b.bmp,3,825,5
21,1,sd,sd8c.bmp,4,1414,8
21,1,sd,sd5a.bmp,3,3558,5
21,1,full,full3c.bmp,2,1232,3
21,1,full,full1b.bmp,1,1095,1
21,1,sd,sd5d.bmp,3,1043,5
21,1,full,full1j.bmp,1,929,1
21,1,small,small1e.bmp,3,1012,1
21,1,sd,sd5f.bmp,3,2315,5
21,1,sd,sd5e.bmp,3,743,5
21,1,full,full5b.bmp,2,793,5
21,1,small,small5h.bmp,4,681,5
21,1,full,full5i.bmp,2,758,5
21,1,small,small1h.bmp,3,639,1
21,1,sd,sd3h.bmp,2,637,3
21,1,small,small8b.bmp,4,996,8
21,1,small,small5b.bmp,4,1084,5
21,1,full,full8e.bmp,2,1991,8
21,1,small,small8d.bmp,4,832,8
21,1,small,small1c.bmp,3,718,1
21,1,sd,sd5c.bmp,3,1426,5
21,1,full,full1d.bmp,1,1225,1
21,1,sd,sd8f.bmp,4,1743,8
21,1,small,small5j.bmp,4,2730,5
21,1,small,small8g.bmp,4,1429,8
21,1,sd,sd8g.bmp,4,876,8
21,1,sd,sd1e.bmp,1,921,1
21,1,sd,sd8i.bmp,3,828,8
21,1,small,small1g.bmp,2,971,1
21,1,full,full1h.bmp,1,812,1
21,1,sd,sd1d.bmp,2,867,1
21,1,sd,sd5i.bmp,3,881,5
21,1,sd,sd5h.bmp,3,717,5
21,1,full,full3i.bmp,1,880,3
21,1,sd,sd1b.bmp,2,980,1
21,1,full,full3a.bmp,1,885,3
21,1,full,full8j.bmp,2,706,8
21,1,small,small1a.bmp,3,653,1
21,1,small,small3c.bmp,4,635,3
21,1,sd,sd8d.bmp,3,1393,8
21,1,small,small5g.bmp,4,738,5
21,1,small,small3h.bmp,4,484,3
21,1,small,small8f.bmp,4,633,8
21,1,full,full1g.bmp,1,935,1
21,1,full,full3b.bmp,2,882,3
21,1,small,small8j.bmp,4,1055,8
22,1,small,small8f.bmp,4,11061,8
22,1,sd,sd3g.bmp,3,2429,3
22,1,full,full3b.bmp,2,3364,3
22,1,sd,sd5g.bmp,3,2470,5
22,1,small,small3h.bmp,4,2260,3
22,1,sd,sd5c.bmp,3,1394,5
22,1,full,full5f.bmp,2,2330,5
22,1,sd,sd3d.bmp,3,2629,3
22,1,full,full8i.bmp,2,1765,8
22,1,full,full8f.bmp,2,1598,8
22,1,full,full5d.bmp,2,2567,5
22,1,sd,sd8e.bmp,4,1561,8
22,1,small,small8b.bmp,4,953,8
22,1,sd,sd1f.bmp,2,1243,1
22,1,full,full5a.bmp,2,3745,5
22,1,sd,sd1i.bmp,2,1348,1
22,1,full,full1b.bmp,1,1359,1
22,1,small,small5b.bmp,4,1872,5
22,1,sd,sd1j.bmp,2,3429,1
22,1,sd,sd8c.bmp,4,2853,8
22,1,small,small1e.bmp,3,2043,1
22,1,sd,sd3j.bmp,3,10633,3
22,1,small,small1h.bmp,3,1571,1
22,1,sd,sd1b.bmp,2,1372,1
22,1,sd,sd1e.bmp,2,1261,1
22,1,small,small5e.bmp,4,890,5
22,1,full,full1d.bmp,1,2270,1
22,1,full,full3h.bmp,1,3276,3
22,1,sd,sd1d.bmp,2,1538,1
22,1,small,small5f.bmp,4,1389,5
22,1,full,full3e.bmp,1,2125,3
22,1,small,small5g.bmp,4,817,5
22,1,small,small1d.bmp,2,1344,1
22,1,sd,sd1h.bmp,2,1497,1
22,1,full,full1f.bmp,1,1069,1
22,1,sd,sd3h.bmp,3,2563,3
22,1,sd,sd5a.bmp,3,661,5
22,1,small,small3f.bmp,4,650,3
22,1,small,small1j.bmp,3,1616,1
22,1,sd,sd5e.bmp,3,879,5
22,1,small,small3c.bmp,4,748,3
22,1,small,small1c.bmp,3,878,1
22,1,sd,sd8g.bmp,4,1067,8
22,1,small,small8e.bmp,4,840,8
22,1,full,full8d.bmp,2,1142,8
22,1,full,full3d.bmp,1,2520,3
22,1,full,full8h.bmp,2,900,8
22,1,sd,sd8a.bmp,4,1728,8
22,1,sd,sd3i.bmp,3,1995,3
22,1,sd,sd5f.bmp,3,908,5
22,1,small,small8i.bmp,4,750,8
22,1,full,full1g.bmp,1,1136,1
22,1,full,full5g.bmp,2,2035,5
22,1,sd,sd1g.bmp,2,2802,1
22,1,sd,sd3a.bmp,3,1634,3
22,1,small,small1b.bmp,3,617,1
22,1,sd,sd8h.bmp,4,633,8
22,1,sd,sd5b.bmp,3,1143,5
22,1,small,small5c.bmp,4,689,5
22,1,sd,sd8b.bmp,4,1173,8
22,1,full,full3g.bmp,1,1326,3
22,1,small,small5j.bmp,4,753,5
22,1,sd,sd5h.bmp,3,1123,5
22,1,sd,sd8f.bmp,4,1214,8
22,1,full,full8a.bmp,2,2517,8
22,1,small,small8j.bmp,4,1008,8
22,1,sd,sd8d.bmp,4,1999,8
22,1,small,small3e.bmp,4,784,3
22,1,small,small8h.bmp,4,672,8
22,1,full,full5b.bmp,2,1653,5
22,1,full,full1a.bmp,1,1091,1
22,1,small,small5i.bmp,4,1479,5
22,1,full,full3j.bmp,2,1172,3
22,1,small,small1a.bmp,3,757,1
22,1,small,small1f.bmp,3,726,1
22,1,full,full3a.bmp,2,721,3
22,1,full,full3f.bmp,1,764,3
22,1,sd,sd8i.bmp,4,766,8
22,1,full,full1j.bmp,1,743,1
22,1,sd,sd1c.bmp,2,817,1
22,1,sd,sd3e.bmp,2,776,3
22,1,full,full5j.bmp,2,969,5
22,1,full,full1h.bmp,1,874,1
22,1,small,small8d.bmp,4,718,8
22,1,sd,sd3c.bmp,2,1641,3
22,1,full,full3i.bmp,2,752,3
22,1,full,full8j.bmp,2,1017,8
22,1,small,small3d.bmp,4,857,3
22,1,small,small3g.bmp,4,1950,3
22,1,small,small5d.bmp,4,1129,5
22,1,small,small3a.bmp,4,907,3
22,1,small,small3b.bmp,4,695,3
22,1,sd,sd3f.bmp,3,827,3
22,1,small,small1g.bmp,4,929,1
22,1,small,small8g.bmp,4,924,8
22,1,small,small8c.bmp,4,871,8
22,1,full,full3c.bmp,2,980,3
22,1,full,full1c.bmp,1,853,1
22,1,full,full8c.bmp,2,955,8
22,1,sd,sd5d.bmp,3,1869,5
22,1,small,small3i.bmp,3,738,3
22,1,sd,sd5j.bmp,3,1444,5
22,1,full,full8b.bmp,2,1058,8
22,1,small,small8a.bmp,4,600,8
22,1,sd,sd5i.bmp,3,1400,5
22,1,small,small5h.bmp,4,648,5
22,1,small,small1i.bmp,4,822,1
22,1,small,small5a.bmp,4,636,5
22,1,sd,sd1a.bmp,2,1019,1
22,1,sd,sd8j.bmp,3,738,8
22,1,full,full8e.bmp,2,1140,8
22,1,small,small3j.bmp,2,847,3
22,1,full,full5c.bmp,2,4596,5
22,1,sd,sd3b.bmp,2,2142,3
22,1,full,full1e.bmp,1,928,1
22,1,full,full5i.bmp,2,1187,5
22,1,full,full1i.bmp,1,714,1
22,1,full,full5h.bmp,2,925,5
22,1,full,full8g.bmp,2,824,8
22,1,full,full5e.bmp,2,1367,5
22,1,sd,sd1e.bmp,2,1048,1
22,1,full,full3a.bmp,1,1006,3
22,1,full,full1f.bmp,1,654,1
22,1,sd,sd8a.bmp,3,972,8
22,1,full,full8j.bmp,2,908,8
22,1,small,small8i.bmp,4,720,8
22,1,small,small8j.bmp,4,931,8
22,1,small,small8c.bmp,4,526,8
22,1,small,small3b.bmp,4,528,3
22,1,small,small8e.bmp,4,571,8
22,1,small,small3c.bmp,4,388,3
22,1,small,small8b.bmp,4,437,8
22,1,sd,sd5f.bmp,3,915,5
22,1,full,full5h.bmp,2,1078,5
22,1,small,small5b.bmp,4,1603,5
22,1,sd,sd5i.bmp,3,866,5
22,1,full,full8d.bmp,2,936,8
22,1,full,full1d.bmp,1,722,1
22,1,sd,sd1f.bmp,2,757,1
22,1,full,full1b.bmp,1,758,1
22,1,full,full3j.bmp,1,816,3
22,1,sd,sd1a.bmp,2,639,1
22,1,full,full5c.bmp,2,957,5
22,1,sd,sd3f.bmp,3,966,3
22,1,full,full5e.bmp,2,768,5
22,1,sd,sd1b.bmp,2,641,1
22,1,full,full5a.bmp,2,575,5
22,1,small,small5i.bmp,4,584,5
22,1,full,full8a.bmp,2,872,8
22,1,sd,sd1j.bmp,2,677,1
22,1,small,small5j.bmp,4,682,5
22,1,full,full5j.bmp,2,727,5
22,1,small,small3j.bmp,4,577,3
22,1,small,small3e.bmp,4,634,3
22,1,small,small8h.bmp,4,568,8
22,1,sd,sd8e.bmp,4,625,8
22,1,full,full1e.bmp,1,1135,1
22,1,sd,sd8b.bmp,4,762,8
22,1,full,full3g.bmp,2,795,3
22,1,small,small3a.bmp,4,867,3
22,1,small,small1a.bmp,4,625,1
22,1,sd,sd1i.bmp,2,1535,1
22,1,small,small5c.bmp,4,1122,5
22,1,full,full5i.bmp,2,1221,5
22,1,small,small1f.bmp,3,860,1
22,1,full,full1j.bmp,1,866,1
22,1,full,full5f.bmp,2,959,5
22,1,small,small3h.bmp,4,976,3
22,1,full,full3e.bmp,1,1465,3
22,1,full,full8c.bmp,2,951,8
22,1,full,full1i.bmp,1,945,1
22,1,small,small1d.bmp,3,1003,1
22,1,sd,sd1c.bmp,3,947,1
22,1,small,small1e.bmp,4,780,1
22,1,sd,sd8g.bmp,4,844,8
22,1,full,full8e.bmp,2,786,8
22,1,full,full1a.bmp,1,875,1
22,1,sd,sd1d.bmp,2,768,1
22,1,full,full8f.bmp,2,617,8
22,1,sd,sd5j.bmp,3,672,5
22,1,sd,sd8c.bmp,4,749,8
22,1,sd,sd1h.bmp,2,870,1
22,1,small,small8a.bmp,4,3707,8
22,1,sd,sd5d.bmp,3,8183,5
22,1,small,small3f.bmp,4,9681,3
22,1,sd,sd3i.bmp,2,4120,3
22,1,sd,sd5g.bmp,3,4388,5
22,1,sd,sd3b.bmp,2,869,3
22,1,full,full3c.bmp,1,2082,3
22,1,full,full5b.bmp,2,3030,5
22,1,small,small3i.bmp,3,2286,3
22,1,sd,sd3g.bmp,3,2850,3
22,1,small,small1g.bmp,2,3776,1
22,1,full,full5d.bmp,2,2002,5
22,1,small,small1c.bmp,1,3921,1
22,1,full,full8b.bmp,3,1997,8
22,1,full,full3h.bmp,2,2078,3
22,1,small,small1j.bmp,2,2475,1
22,1,small,small1h.bmp,1,6264,1
22,1,sd,sd8h.bmp,4,3423,8
22,1,sd,sd3h.bmp,3,3695,3
22,1,small,small1i.bmp,3,763,1
22,1,small,small1b.bmp,1,1780,1
22,1,sd,sd3j.bmp,3,2413,3
22,1,sd,sd3e.bmp,2,3773,3
22,1,sd,sd3d.bmp,2,3271,3
22,1,sd,sd5a.bmp,2,1844,5
22,1,full,full3d.bmp,3,3675,3
22,1,small,small8g.bmp,3,3400,8
22,1,sd,sd1g.bmp,2,1425,1
22,1,sd,sd8d.bmp,3,1448,8
22,1,small,small8f.bmp,3,1581,8
22,1,sd,sd3a.bmp,3,1894,3
22,1,full,full8i.bmp,2,1243,8
22,1,full,full1g.bmp,1,1593,1
22,1,sd,sd5h.bmp,2,2281,5
22,1,sd,sd8f.bmp,3,1598,8
22,1,full,full5g.bmp,2,1263,5
22,1,sd,sd5c.bmp,3,2228,5
22,1,small,small5g.bmp,2,2891,5
22,1,small,small5f.bmp,2,2008,5
22,1,full,full8h.bmp,3,1712,8
22,1,small,small5h.bmp,2,1843,5
22,1,sd,sd5b.bmp,2,850,5
22,1,small,small8d.bmp,2,1239,8
22,1,sd,sd5e.bmp,2,1365,5
22,1,full,full1h.bmp,1,1742,1
22,1,full,full3f.bmp,2,1817,3
22,1,full,full8g.bmp,4,2408,8
22,1,sd,sd8j.bmp,3,1576,8
22,1,full,full3i.bmp,2,1337,3
22,1,small,small3g.bmp,2,1316,3
22,1,small,small3d.bmp,2,2055,3
22,1,full,full1c.bmp,2,1461,1
22,1,full,full3b.bmp,3,2627,3
22,1,small,small5e.bmp,2,2466,5
22,1,small,small5d.bmp,2,2504,5
22,1,sd,sd8i.bmp,2,1284,8
22,1,small,small5a.bmp,2,656,5
22,1,sd,sd3c.bmp,2,294,3
22,1,small,small3e.bmp,2,1937,3
22,1,full,full8j.bmp,3,1300,8
22,1,full,full3g.bmp,3,1912,3
22,1,sd,sd8j.bmp,3,2620,8
22,1,small,small1e.bmp,1,1204,1
22,1,full,full8h.bmp,3,1364,8
22,1,full,full1f.bmp,2,1573,1
22,1,sd,sd5e.bmp,2,1566,5
22,1,small,small8i.bmp,2,264,8
22,1,small,small5b.bmp,2,501,5
22,1,small,small1b.bmp,1,873,1
22,1,small,small5e.bmp,2,1286,5
22,1,full,full1c.bmp,3,1833,1
22,1,small,small1f.bmp,2,3176,1
22,1,small,small1i.bmp,1,3930,1
22,1,full,full1a.bmp,3,1390,1
22,1,small,small8h.bmp,2,1278,8
22,1,small,small1j.bmp,1,3163,1
22,1,sd,sd3h.bmp,2,1245,3
22,1,sd,sd1a.bmp,1,2283,1
22,1,full,full8i.bmp,3,1264,8
22,1,full,full8f.bmp,3,1206,8
22,1,sd,sd8d.bmp,2,1213,8
22,1,sd,sd1c.bmp,3,941,1
22,1,small,small5c.bmp,2,1790,5
22,1,small,small5f.bmp,2,1622,5
22,1,full,full3j.bmp,3,1509,3
22,1,full,full8e.bmp,3,1080,8
22,1,full,full1g.bmp,2,1173,1
22,1,small,small5h.bmp,2,1174,5
22,1,sd,sd1b.bmp,1,2415,1
22,1,sd,sd8e.bmp,2,999,8
22,1,sd,sd5f.bmp,1,2367,5
22,1,sd,sd3i.bmp,1,1617,3
22,1,sd,sd1h.bmp,2,2992,1
22,1,small,small5j.bmp,2,1065,5
22,1,sd,sd5a.bmp,2,2686,5
22,1,small,small8a.bmp,2,1619,8
22,1,small,small5i.bmp,1,1690,5
22,1,full,full3h.bmp,2,1223,3
22,1,small,small5g.bmp,2,1069,5
22,1,full,full5h.bmp,3,1555,5
22,1,full,full1h.bmp,1,1764,1
22,1,small,small1a.bmp,1,1502,1
22,1,full,full3i.bmp,2,1186,3
22,1,sd,sd3a.bmp,2,2491,3
22,1,small,small5d.bmp,2,1376,5
22,1,full,full3c.bmp,2,1384,3
22,1,sd,sd1d.bmp,2,929,1
22,1,sd,sd5b.bmp,2,916,5
22,1,full,full3d.bmp,2,1199,3
22,1,small,small5a.bmp,2,960,5
22,1,small,small3j.bmp,2,3376,3
22,1,small,small1d.bmp,1,785,1
22,1,sd,sd5g.bmp,2,554,5
22,1,sd,sd5d.bmp,2,420,5
22,1,sd,sd5j.bmp,2,563,5
22,1,small,small8g.bmp,2,660,8
22,1,full,full1d.bmp,2,1114,1
22,1,small,small1g.bmp,2,453,1
22,1,full,full5j.bmp,2,131,5
22,1,sd,sd3g.bmp,2,197,3
22,1,small,small8b.bmp,2,93,8
22,1,full,full1b.bmp,2,313,1
22,1,full,full5e.bmp,2,436,5
22,1,sd,sd5c.bmp,2,851,5
22,1,full,full5c.bmp,2,857,5
22,1,small,small8f.bmp,2,1142,8
22,1,full,full8b.bmp,3,1152,8
22,1,sd,sd3b.bmp,3,3138,3
22,1,sd,sd3j.bmp,2,1876,3
22,1,sd,sd1e.bmp,1,4153,1
22,1,sd,sd3f.bmp,2,1339,3
22,1,full,full8d.bmp,3,1142,8
22,1,full,full5f.bmp,2,1200,5
22,1,sd,sd1j.bmp,2,1000,1
22,1,sd,sd1i.bmp,2,1376,1
22,1,small,small3a.bmp,2,1633,3
22,1,small,small8d.bmp,3,2016,8
22,1,full,full3e.bmp,2,1311,3
22,1,small,small3g.bmp,2,1051,3
22,1,small,small3c.bmp,2,1785,3
22,1,full,full8c.bmp,3,1554,8
22,1,sd,sd8b.bmp,2,1668,8
22,1,full,full5i.bmp,3,1881,5
22,1,full,full3f.bmp,2,1526,3
22,1,sd,sd3d.bmp,2,969,3
22,1,sd,sd1g.bmp,2,1258,1
22,1,small,small1h.bmp,1,1080,1
22,1,sd,sd8f.bmp,2,876,8
22,1,full,full1e.bmp,1,1713,1
22,1,full,full8g.bmp,3,1533,8
22,1,sd,sd5h.bmp,2,984,5
22,1,full,full5d.bmp,2,3184,5
22,1,sd,sd3e.bmp,2,1274,3
22,1,full,full3a.bmp,2,815,3
22,1,sd,sd8a.bmp,2,1526,8
22,1,full,full5g.bmp,2,1201,5
22,1,full,full5a.bmp,2,1249,5
22,1,sd,sd5i.bmp,2,1134,5
22,1,small,small3f.bmp,2,1049,3
22,1,full,full5b.bmp,2,1071,5
22,1,full,full3b.bmp,2,1076,3
22,1,sd,sd8h.bmp,2,1153,8
22,1,small,small3b.bmp,2,1763,3
22,1,full,full1j.bmp,2,989,1
22,1,small,small1c.bmp,1,1005,1
22,1,sd,sd8g.bmp,2,868,8
22,1,sd,sd3c.bmp,2,1146,3
22,1,sd,sd8c.bmp,2,1164,8
22,1,small,small8c.bmp,2,1397,8
22,1,sd,sd8i.bmp,2,870,8
22,1,full,full1i.bmp,1,1731,1
22,1,small,small3d.bmp,2,2326,3
22,1,small,small3h.bmp,2,1576,3
22,1,sd,sd1f.bmp,1,3729,1
22,1,full,full8a.bmp,2,1045,8
22,1,small,small8j.bmp,2,1947,8
22,1,small,small3i.bmp,2,1309,3
22,1,small,small8e.bmp,2,1289,8
22,1,sd,sd5c.bmp,2,1125,5
22,1,small,small3i.bmp,2,1688,3
22,1,sd,sd1d.bmp,2,1565,1
22,1,sd,sd3i.bmp,2,1974,3
22,1,sd,sd1a.bmp,1,2343,1
22,1,full,full5c.bmp,2,1538,5
22,1,small,small5f.bmp,2,2492,5
22,1,small,small3g.bmp,2,1632,3
22,1,sd,sd5h.bmp,2,1503,5
22,1,full,full5a.bmp,2,1123,5
22,1,small,small1g.bmp,1,1214,1
22,1,sd,sd8b.bmp,2,1446,8
22,1,sd,sd3e.bmp,1,2140,3
22,1,full,full8g.bmp,2,1414,8
22,1,small,small8d.bmp,2,1782,8
22,1,sd,sd8j.bmp,2,1319,8
22,1,sd,sd5b.bmp,2,1026,5
22,1,small,small5e.bmp,2,1457,5
22,1,full,full1h.bmp,2,1271,1
22,1,small,small3b.bmp,2,2020,3
22,1,full,full8e.bmp,3,1692,8
22,1,small,small3d.bmp,2,1391,3
22,1,small,small3e.bmp,2,2111,3
22,1,sd,sd5e.bmp,2,1147,5
22,1,small,small3j.bmp,2,1021,3
22,1,full,full3f.bmp,2,1900,3
22,1,sd,sd5g.bmp,2,1320,5
22,1,small,small1e.bmp,2,563,1
22,1,full,full8b.bmp,2,468,8
22,1,sd,sd1i.bmp,2,466,1
22,1,full,full5g.bmp,2,87,5
22,1,small,small1c.bmp,2,115,1
22,1,small,small8f.bmp,2,1526,8
22,1,full,full1a.bmp,2,785,1
22,1,small,small3c.bmp,2,386,3
22,1,full,full5e.bmp,2,762,5
22,1,sd,sd1g.bmp,2,652,1
22,1,full,full8i.bmp,3,1562,8
22,1,sd,sd5i.bmp,2,1083,5
22,1,small,small1b.bmp,1,943,1
22,1,sd,sd5d.bmp,2,769,5
22,1,full,full1b.bmp,2,1170,1
22,1,small,small8h.bmp,2,1707,8
22,1,sd,sd5j.bmp,2,2055,5
22,1,small,small8i.bmp,2,1900,8
22,1,small,small8b.bmp,2,1169,8
22,1,sd,sd3c.bmp,2,1610,3
22,1,full,full3g.bmp,2,1506,3
22,1,full,full1i.bmp,1,1701,1
22,1,sd,sd1b.bmp,2,1282,1
22,1,small,small5h.bmp,2,1287,5
22,1,full,full5d.bmp,3,1291,5
22,1,full,full3i.bmp,2,1160,3
22,1,full,full5h.bmp,3,1161,5
22,1,sd,sd8i.bmp,2,1193,8
22,1,sd,sd8e.bmp,2,1098,8
22,1,small,small3f.bmp,2,1110,3
22,1,small,small3h.bmp,2,945,3
22,1,full,full8f.bmp,3,1667,8
22,1,full,full1f.bmp,2,1569,1
22,1,sd,sd3j.bmp,2,1250,3
22,1,sd,sd1f.bmp,2,1224,1
22,1,full,full3d.bmp,2,1455,3
22,1,full,full5j.bmp,2,1205,5
22,1,small,small8e.bmp,2,2084,8
22,1,small,small8j.bmp,2,1193,8
22,1,sd,sd1c.bmp,2,1698,1
22,1,sd,sd1e.bmp,1,1902,1
22,1,full,full3h.bmp,2,1841,3
22,1,full,full3a.bmp,2,1424,3
22,1,sd,sd8f.bmp,2,1398,8
22,1,full,full8c.bmp,3,1359,8
22,1,sd,sd3b.bmp,2,3400,3
22,1,sd,sd8a.bmp,2,953,8
22,1,small,small1i.bmp,1,2827,1
22,1,sd,sd3d.bmp,2,1962,3
22,1,sd,sd3h.bmp,2,2308,3
22,1,small,small1a.bmp,1,912,1
22,1,full,full3c.bmp,2,931,3
22,1,small,small8c.bmp,2,950,8
22,1,sd,sd3f.bmp,2,912,3
22,1,full,full5f.bmp,2,1188,5
22,1,sd,sd5a.bmp,2,891,5
22,1,full,full1d.bmp,2,767,1
22,1,sd,sd3g.bmp,2,865,3
22,1,full,full8a.bmp,3,2838,8
22,1,full,full5i.bmp,2,2461,5
22,1,small,small5c.bmp,2,1275,5
22,1,full,full8h.bmp,3,1335,8
22,1,full,full1e.bmp,2,1770,1
22,1,small,small3a.bmp,2,1004,3
22,1,sd,sd8g.bmp,2,1308,8
22,1,sd,sd3a.bmp,2,1311,3
22,1,sd,sd8c.bmp,2,1067,8
22,1,full,full8d.bmp,3,1304,8
22,1,small,small8g.bmp,2,2221,8
22,1,full,full3e.bmp,2,2419,3
22,1,full,full3j.bmp,2,1691,3
22,1,small,small1h.bmp,1,1032,1
22,1,sd,sd1h.bmp,2,598,1
22,1,full,full3b.bmp,2,414,3
22,1,full,full1g.bmp,2,421,1
22,1,full,full1j.bmp,2,805,1
22,1,full,full8j.bmp,2,468,8
22,1,small,small5b.bmp,2,1042,5
22,1,small,small5d.bmp,2,808,5
22,1,small,small1d.bmp,1,759,1
22,1,small,small8a.bmp,2,832,8
22,1,small,small5a.bmp,2,967,5
22,1,sd,sd8h.bmp,2,1480,8
22,1,sd,sd1j.bmp,2,1189,1
22,1,small,small1f.bmp,1,957,1
22,1,small,small5j.bmp,2,839,5
22,1,small,small1j.bmp,1,869,1
22,1,full,full1c.bmp,2,1513,1
22,1,sd,sd8d.bmp,2,1021,8
22,1,small,small5i.bmp,2,908,5
22,1,sd,sd5f.bmp,2,752,5
22,1,full,full5b.bmp,3,1337,5
22,1,small,small5g.bmp,2,1540,5
23,1,small,small5f.bmp,3,12349,5
23,1,full,full8b.bmp,3,8630,8
23,1,small,small1f.bmp,2,2555,1
23,1,sd,sd1j.bmp,3,2275,1
23,1,small,small1c.bmp,2,1220,1
23,1,small,small1i.bmp,4,62828,1
23,1,sd,sd3c.bmp,3,2955,3
23,1,small,small3a.bmp,4,6733,3
23,1,sd,sd5i.bmp,2,6960,5
23,1,sd,sd5f.bmp,2,4386,5
23,1,small,small5e.bmp,1,1787,5
23,1,full,full8j.bmp,3,1861,8
23,1,sd,sd3i.bmp,2,1348,3
23,1,full,full8h.bmp,2,1514,8
23,1,full,full5f.bmp,3,3813,5
23,1,small,small5g.bmp,4,7915,5
23,1,small,small1a.bmp,3,1325,1
23,1,sd,sd3b.bmp,2,1181,3
23,1,sd,sd5a.bmp,3,1759,5
23,1,full,full8e.bmp,1,1905,8
23,1,sd,sd3g.bmp,2,2758,3
23,1,sd,sd8c.bmp,4,1227,8
23,1,sd,sd8d.bmp,4,1034,8
23,1,full,full5b.bmp,2,1154,5
23,1,full,full1g.bmp,1,1711,1
23,1,sd,sd5j.bmp,3,1701,5
23,1,sd,sd3j.bmp,3,1384,3
23,1,sd,sd1f.bmp,2,2741,1
23,1,sd,sd1g.bmp,1,1481,1
23,1,small,small8a.bmp,4,1205,8
23,1,full,full3h.bmp,2,2173,3
23,1,small,small3j.bmp,3,2191,3
23,1,sd,sd8i.bmp,4,724,8
23,1,sd,sd5b.bmp,4,1216,5
23,1,full,full1c.bmp,1,1108,1
23,1,sd,sd5c.bmp,3,1966,5
23,1,full,full1f.bmp,1,987,1
23,1,full,full1d.bmp,1,739,1
23,1,sd,sd5g.bmp,3,1485,5
23,1,small,small8e.bmp,4,1042,8
23,1,small,small3c.bmp,4,4141,3
23,1,full,full5i.bmp,1,964,5
23,1,full,full3d.bmp,1,998,3
23,1,small,small5a.bmp,4,890,5
23,1,full,full5a.bmp,4,3165,5
23,1,small,small5h.bmp,4,769,5
23,1,full,full3b.bmp,1,1324,3
23,1,full,full1b.bmp,1,633,1
23,1,small,small3f.bmp,3,2684,3
23,1,full,full8f.bmp,2,2437,8
23,1,small,small3b.bmp,3,3128,3
23,1,sd,sd5e.bmp,2,2013,5
23,1,full,full5h.bmp,2,1076,5
23,1,sd,sd8b.bmp,4,838,8
23,1,full,full1e.bmp,1,814,1
23,1,full,full1i.bmp,1,1180,1
23,1,full,full3i.bmp,4,8265,3
23,1,sd,sd5h.bmp,3,3247,5
23,1,small,small5d.bmp,4,922,5
23,1,full,full5e.bmp,4,1890,5
23,1,small,small1j.bmp,4,483,1
23,1,small,small1d.bmp,4,518,1
23,1,small,small5c.bmp,4,945,5
23,1,full,full8i.bmp,2,2330,8
23,1,small,small3d.bmp,4,15125,3
23,1,full,full5c.bmp,3,666,5
23,1,small,small5j.bmp,4,860,5
23,1,full,full8g.bmp,2,895,8
23,1,sd,sd8e.bmp,2,4378,8
23,1,sd,sd1d.bmp,4,1028,1
23,1,small,small8c.bmp,1,1575,8
23,1,sd,sd8j.bmp,4,2823,8
23,1,full,full3f.bmp,2,1267,3
23,1,small,small1h.bmp,4,1404,1
23,1,sd,sd1i.bmp,2,1919,1
23,1,sd,sd3d.bmp,3,1131,3
23,1,small,small8h.bmp,4,643,8
23,1,sd,sd8h.bmp,4,517,8
23,1,full,full5g.bmp,1,782,5
23,1,full,full3j.bmp,1,1166,3
23,1,small,small1e.bmp,4,850,1
23,1,small,small3h.bmp,4,560,3
23,1,sd,sd1e.bmp,2,958,1
23,1,full,full1a.bmp,1,740,1
23,1,small,small8i.bmp,4,741,8
23,1,small,small8j.bmp,4,538,8
23,1,small,small8f.bmp,4,357,8
23,1,small,small1b.bmp,4,2241,1
23,1,full,full5j.bmp,1,985,5
23,1,sd,sd3f.bmp,4,939,3
23,1,small,small3i.bmp,1,42,3
23,1,small,small1g.bmp,2,918,1
23,1,sd,sd3e.bmp,2,1419,3
23,1,sd,sd1h.bmp,3,788,1
23,1,small,small3e.bmp,4,980,3
23,1,full,full3e.bmp,4,1426,3
23,1,sd,sd8f.bmp,4,15081,8
23,1,small,small5i.bmp,4,950,5
23,1,sd,sd3h.bmp,3,1418,3
23,1,sd,sd8g.bmp,3,3212,8
23,1,sd,sd1b.bmp,4,8438,1
23,1,full,full3c.bmp,4,1727,3
23,1,sd,sd1a.bmp,4,3583,1
23,1,full,full1j.bmp,4,1659,1
23,1,full,full8a.bmp,4,540,8
23,1,full,full3a.bmp,4,613,3
23,1,small,small5b.bmp,2,808,5
23,1,small,small8g.bmp,1,901,8
23,1,full,full8d.bmp,4,851,8
23,1,small,small3g.bmp,4,532,3
23,1,sd,sd1c.bmp,4,1056,1
23,1,small,small8b.bmp,1,386,8
23,1,full,full8c.bmp,4,579,8
23,1,sd,sd8a.bmp,2,832,8
23,1,full,full3g.bmp,4,651,3
23,1,sd,sd3a.bmp,3,869,3
23,1,sd,sd5d.bmp,3,782,5
23,1,full,full1h.bmp,4,538,1
23,1,small,small8d.bmp,1,683,8
23,1,full,full5d.bmp,4,531,5
23,1,small,small1b.bmp,4,439,1
23,1,small,small3c.bmp,3,565,3
23,1,full,full1a.bmp,4,449,1
23,1,full,full3b.bmp,4,323,3
23,1,small,small8a.bmp,1,742,8
23,1,full,full5j.bmp,4,664,5
23,1,sd,sd1a.bmp,4,521,1
23,1,full,full3c.bmp,4,538,3
23,1,full,full3i.bmp,4,363,3
23,1,full,full5f.bmp,4,316,5
23,1,small,small1f.bmp,4,396,1
23,1,small,small1e.bmp,2,19617,1
23,1,small,small1d.bmp,4,906,1
23,1,full,full8g.bmp,4,666,8
23,1,small,small5f.bmp,1,901,5
23,1,small,small1j.bmp,4,1635,1
23,1,sd,sd1j.bmp,4,1417,1
23,1,small,small3j.bmp,2,1181,3
23,1,full,full5e.bmp,4,603,5
23,1,full,full1f.bmp,4,706,1
23,1,small,small3f.bmp,2,804,3
23,1,sd,sd3f.bmp,3,1516,3
23,1,full,full5c.bmp,4,3285,5
23,1,full,full5a.bmp,4,765,5
23,1,sd,sd3b.bmp,3,1570,3
23,1,small,small5e.bmp,2,2768,5
23,1,small,small3d.bmp,4,20068,3
23,1,sd,sd3c.bmp,2,1593,3
23,1,small,small3b.bmp,3,1853,3
23,1,sd,sd8g.bmp,3,1160,8
23,1,sd,sd1e.bmp,2,1206,1
23,1,full,full3e.bmp,1,1652,3
23,1,full,full3d.bmp,2,1506,3
23,1,sd,sd8f.bmp,4,782,8
23,1,sd,sd5e.bmp,4,665,5
23,1,small,small5i.bmp,4,4493,5
23,1,sd,sd3i.bmp,2,774,3
23,1,full,full8h.bmp,2,1387,8
23,1,sd,sd1f.bmp,1,750,1
23,1,small,small1i.bmp,3,782,1
23,1,small,small8h.bmp,4,771,8
23,1,small,small3g.bmp,4,407,3
23,1,sd,sd3j.bmp,3,578,3
23,1,small,small5d.bmp,4,595,5
23,1,sd,sd5g.bmp,3,598,5
23,1,full,full3g.bmp,2,1161,3
23,1,sd,sd8h.bmp,3,1026,8
23,1,full,full1j.bmp,1,1044,1
23,1,full,full3h.bmp,1,626,3
23,1,full,full5d.bmp,2,995,5
23,1,small,small5g.bmp,3,926,5
23,1,full,full1g.bmp,1,771,1
23,1,small,small1g.bmp,3,1505,1
23,1,full,full1c.bmp,1,1120,1
23,1,sd,sd5f.bmp,3,2614,5
23,1,sd,sd8a.bmp,3,2822,8
23,1,small,small8e.bmp,4,1566,8
23,1,small,small5b.bmp,4,1004,5
23,1,small,small8c.bmp,4,884,8
23,1,full,full5i.bmp,1,1050,5
23,1,sd,sd5j.bmp,3,1717,5
23,1,small,small3i.bmp,3,1012,3
23,1,sd,sd5c.bmp,3,558,5
23,1,sd,sd1b.bmp,1,869,1
23,1,sd,sd5d.bmp,2,731,5
23,1,sd,sd5b.bmp,2,667,5
23,1,sd,sd1g.bmp,1,757,1
23,1,small,small3h.bmp,3,1470,3
23,1,sd,sd8d.bmp,3,531,8
23,1,small,small5h.bmp,3,323,5
23,1,small,small1a.bmp,3,431,1
23,1,sd,sd5h.bmp,3,2361,5
23,1,sd,sd8e.bmp,4,703,8
23,1,full,full8i.bmp,2,1173,8
23,1,small,small3a.bmp,4,2544,3
23,1,small,small8f.bmp,4,770,8
23,1,sd,sd3h.bmp,3,1264,3
23,1,sd,sd8b.bmp,4,743,8
23,1,small,small5a.bmp,4,663,5
23,1,small,small8i.bmp,4,723,8
23,1,sd,sd1d.bmp,1,782,1
23,1,full,full1i.bmp,1,671,1
23,1,full,full8d.bmp,1,538,8
23,1,small,small8g.bmp,4,699,8
23,1,sd,sd3d.bmp,2,1504,3
23,1,sd,sd3g.bmp,2,842,3
23,1,small,small1c.bmp,3,3028,1
23,1,full,full1h.bmp,1,787,1
23,1,sd,sd8i.bmp,4,799,8
23,1,small,small5j.bmp,4,468,5
23,1,sd,sd8c.bmp,3,695,8
23,1,full,full1e.bmp,1,746,1
23,1,full,full1d.bmp,1,1097,1
23,1,full,full8e.bmp,2,733,8
23,1,sd,sd3e.bmp,2,804,3
23,1,full,full5b.bmp,2,846,5
23,1,small,small8b.bmp,4,685,8
23,1,full,full8j.bmp,1,5850,8
23,1,small,small3e.bmp,3,1167,3
23,1,sd,sd1h.bmp,2,1004,1
23,1,full,full1b.bmp,1,800,1
23,1,full,full3f.bmp,2,403,3
23,1,sd,sd5a.bmp,3,998,5
23,1,full,full5g.bmp,2,1093,5
23,1,full,full5h.bmp,1,939,5
23,1,full,full8b.bmp,1,1573,8
23,1,sd,sd1i.bmp,2,766,1
23,1,small,small5c.bmp,3,730,5
23,1,small,small1h.bmp,3,780,1
23,1,full,full8f.bmp,2,1333,8
23,1,sd,sd1c.bmp,2,604,1
23,1,small,small8d.bmp,4,1073,8
23,1,sd,sd8j.bmp,4,406,8
23,1,full,full8c.bmp,2,897,8
23,1,sd,sd3a.bmp,3,858,3
23,1,small,small8j.bmp,4,1697,8
23,1,full,full3a.bmp,1,1644,3
23,1,sd,sd5i.bmp,3,1454,5
23,1,full,full3j.bmp,2,1176,3
23,1,full,full8a.bmp,2,605,8
23,1,sd,sd3d.bmp,3,1085,3
23,1,small,small3d.bmp,4,2246,3
23,1,full,full3b.bmp,1,969,3
23,1,small,small5g.bmp,4,1669,5
23,1,sd,sd8a.bmp,4,692,8
23,1,full,full5d.bmp,1,825,5
23,1,sd,sd5a.bmp,3,937,5
23,1,full,full1f.bmp,1,842,1
23,1,small,small1j.bmp,2,927,1
23,1,sd,sd5e.bmp,3,649,5
23,1,full,full8e.bmp,2,895,8
23,1,sd,sd8f.bmp,4,753,8
23,1,full,full3j.bmp,1,1613,3
23,1,full,full5f.bmp,2,4359,5
23,1,small,small1a.bmp,3,1062,1
23,1,sd,sd1g.bmp,1,3543,1
23,1,full,full5h.bmp,2,1069,5
23,1,small,small8c.bmp,4,910,8
23,1,full,full3d.bmp,1,872,3
23,1,small,small8e.bmp,4,577,8
23,1,small,small3c.bmp,3,703,3
23,1,sd,sd5b.bmp,3,601,5
23,1,full,full8a.bmp,2,1826,8
23,1,sd,sd3f.bmp,2,1293,3
23,1,small,small1i.bmp,2,957,1
23,1,sd,sd3g.bmp,2,939,3
23,1,small,small8b.bmp,4,702,8
23,1,full,full3a.bmp,1,771,3
23,1,small,small8f.bmp,4,1195,8
23,1,full,full5i.bmp,2,1976,5
23,1,sd,sd3e.bmp,2,959,3
23,1,sd,sd5c.bmp,3,805,5
23,1,small,small5d.bmp,4,1141,5
23,1,sd,sd8i.bmp,4,638,8
23,1,full,full8b.bmp,1,820,8
23,1,small,small3a.bmp,4,1537,3
23,1,full,full1d.bmp,1,909,1
23,1,sd,sd1h.bmp,2,1264,1
23,1,small,small5b.bmp,4,741,5
23,1,small,small1e.bmp,3,775,1
23,1,full,full1g.bmp,1,1154,1
23,1,sd,sd1e.bmp,2,819,1
23,1,small,small3b.bmp,3,1122,3
23,1,full,full3h.bmp,1,875,3
23,1,sd,sd8j.bmp,3,814,8
23,1,small,small5h.bmp,3,541,5
23,1,sd,sd5i.bmp,3,745,5
23,1,sd,sd3i.bmp,2,2520,3
23,1,sd,sd8d.bmp,4,1015,8
23,1,small,small8i.bmp,4,544,8
23,1,full,full1i.bmp,1,1266,1
23,1,full,full5e.bmp,2,1224,5
23,1,full,full8f.bmp,2,692,8
23,1,full,full3e.bmp,1,1741,3
23,1,small,small5c.bmp,4,962,5
23,1,small,small1b.bmp,3,1221,1
23,1,full,full8i.bmp,2,977,8
23,1,sd,sd3j.bmp,2,1374,3
23,1,sd,sd1d.bmp,1,723,1
23,1,full,full8j.bmp,2,1083,8
23,1,sd,sd1f.bmp,2,521,1
23,1,sd,sd5d.bmp,3,835,5
23,1,full,full8h.bmp,2,687,8
23,1,small,small3f.bmp,3,722,3
23,1,small,small5j.bmp,4,3413,5
23,1,full,full8g.bmp,2,1013,8
23,1,sd,sd8c.bmp,4,1119,8
23,1,small,small1f.bmp,3,1185,1
23,1,full,full3c.bmp,1,2735,3
23,1,full,full1h.bmp,1,879,1
23,1,small,small3j.bmp,4,1498,3
23,1,sd,sd3h.bmp,2,1455,3
23,1,small,small5i.bmp,2,1562,5
23,1,small,small8a.bmp,4,690,8
23,1,sd,sd8h.bmp,4,518,8
23,1,small,small5a.bmp,4,552,5
23,1,sd,sd5h.bmp,3,1502,5
23,1,full,full1j.bmp,1,1186,1
23,1,full,full5a.bmp,2,1264,5
23,1,small,small3h.bmp,4,1931,3
23,1,sd,sd5j.bmp,3,1423,5
23,1,sd,sd5g.bmp,3,764,5
23,1,small,small1d.bmp,2,940,1
23,1,full,full3f.bmp,1,784,3
23,1,small,small5f.bmp,4,977,5
23,1,full,full1a.bmp,1,726,1
23,1,sd,sd1b.bmp,2,1731,1
23,1,full,full5j.bmp,2,1781,5
23,1,full,full8c.bmp,2,1869,8
23,1,full,full1b.bmp,1,2429,1
23,1,sd,sd1a.bmp,2,3786,1
23,1,small,small8h.bmp,4,748,8
23,1,small,small8j.bmp,4,601,8
23,1,full,full3g.bmp,1,863,3
23,1,sd,sd1c.bmp,2,1016,1
23,1,small,small3g.bmp,4,1407,3
23,1,sd,sd1i.bmp,2,1592,1
23,1,small,small1c.bmp,4,1514,1
23,1,small,small5e.bmp,4,490,5
23,1,sd,sd3b.bmp,2,711,3
23,1,full,full5c.bmp,2,998,5
23,1,full,full8d.bmp,2,722,8
23,1,sd,sd8b.bmp,4,1464,8
23,1,small,small1h.bmp,4,1016,1
23,1,full,full5b.bmp,1,1110,5
23,1,sd,sd8g.bmp,4,928,8
23,1,full,full1e.bmp,2,967,1
23,1,sd,sd3a.bmp,4,1259,3
23,1,small,small3e.bmp,4,792,3
23,1,full,full3i.bmp,4,543,3
23,1,small,small8g.bmp,4,910,8
23,1,sd,sd8e.bmp,4,480,8
23,1,full,full5g.bmp,2,1956,5
23,1,sd,sd3c.bmp,4,597,3
23,1,full,full1c.bmp,1,2160,1
23,1,small,small1g.bmp,2,2482,1
23,1,small,small8d.bmp,4,512,8
23,1,sd,sd1j.bmp,1,669,1
23,1,small,small3i.bmp,4,676,3
23,1,sd,sd5f.bmp,3,375,5
23,1,full,full1j.bmp,1,859,1
23,1,small,small5e.bmp,4,569,5
23,1,sd,sd3h.bmp,3,751,3
23,1,sd,sd3a.bmp,2,524,3
23,1,sd,sd1f.bmp,2,692,1
23,1,small,small5i.bmp,4,578,5
23,1,sd,sd5d.bmp,4,485,5
23,1,full,full1e.bmp,1,634,1
23,1,sd,sd3e.bmp,2,610,3
23,1,sd,sd1e.bmp,2,491,1
23,1,sd,sd5b.bmp,3,726,5
23,1,small,small1c.bmp,4,557,1
23,1,small,small1i.bmp,4,1773,1
23,1,small,small5h.bmp,4,712,5
23,1,small,small1h.bmp,4,541,1
23,1,sd,sd3f.bmp,3,1509,3
23,1,full,full3e.bmp,3,1771,3
23,1,small,small5c.bmp,4,1608,5
23,1,sd,sd5j.bmp,4,502,5
23,1,sd,sd5g.bmp,3,51,5
23,1,sd,sd8d.bmp,4,552,8
23,1,full,full1g.bmp,2,986,1
23,1,full,full3g.bmp,1,1304,3
23,1,full,full5b.bmp,2,748,5
23,1,sd,sd8e.bmp,3,1041,8
23,1,small,small1g.bmp,2,3506,1
23,1,small,small3e.bmp,3,825,3
23,1,small,small8a.bmp,4,533,8
23,1,small,small8f.bmp,4,421,8
23,1,small,small5j.bmp,4,383,5
23,1,sd,sd8i.bmp,3,567,8
23,1,full,full1i.bmp,1,924,1
23,1,sd,sd5h.bmp,3,1081,5
23,1,small,small3i.bmp,4,1486,3
23,1,full,full5c.bmp,1,781,5
23,1,small,small5a.bmp,4,745,5
23,1,full,full3i.bmp,2,4796,3
23,1,small,small3b.bmp,3,930,3
23,1,sd,sd8f.bmp,3,801,8
23,1,small,small8e.bmp,4,818,8
23,1,sd,sd3c.bmp,3,960,3
23,1,sd,sd1b.bmp,2,3787,1
23,1,small,small3g.bmp,3,1042,3
23,1,small,small1a.bmp,3,958,1
23,1,full,full3j.bmp,4,1049,3
23,1,sd,sd1d.bmp,2,2513,1
23,1,small,small8g.bmp,4,777,8
23,1,sd,sd8c.bmp,3,969,8
23,1,full,full5d.bmp,1,926,5
23,1,sd,sd5e.bmp,3,2369,5
23,1,small,small8b.bmp,4,547,8
23,1,full,full1b.bmp,1,780,1
23,1,full,full8g.bmp,2,2572,8
23,1,full,full1a.bmp,1,1140,1
23,1,small,small3h.bmp,3,617,3
23,1,full,full5e.bmp,1,745,5
23,1,full,full3a.bmp,1,781,3
23,1,sd,sd3g.bmp,2,2960,3
23,1,small,small8c.bmp,4,558,8
23,1,sd,sd8h.bmp,4,663,8
23,1,full,full5i.bmp,1,825,5
23,1,small,small8i.bmp,4,634,8
23,1,full,full5a.bmp,1,611,5
23,1,full,full3d.bmp,1,1320,3
23,1,sd,sd1h.bmp,1,563,1
23,1,sd,sd8j.bmp,4,2608,8
23,1,full,full1h.bmp,1,1747,1
23,1,sd,sd5a.bmp,3,1695,5
23,1,small,small8j.bmp,4,1175,8
23,1,full,full8j.bmp,2,4252,8
23,1,full,full5j.bmp,2,791,5
23,1,full,full3c.bmp,2,460,3
23,1,full,full5h.bmp,2,1226,5
23,1,sd,sd1j.bmp,2,905,1
23,1,small,small5d.bmp,4,1438,5
23,1,full,full5g.bmp,1,866,5
23,1,sd,sd1g.bmp,1,981,1
23,1,small,small3c.bmp,3,2901,3
23,1,small,small1d.bmp,3,578,1
23,1,sd,sd5c.bmp,3,522,5
23,1,small,small1j.bmp,3,588,1
23,1,full,full8h.bmp,2,565,8
23,1,sd,sd5i.bmp,3,881,5
23,1,sd,sd3b.bmp,4,774,3
23,1,full,full8c.bmp,2,1909,8
23,1,sd,sd1i.bmp,2,597,1
23,1,sd,sd3j.bmp,2,3370,3
23,1,small,small3a.bmp,4,701,3
23,1,small,small5f.bmp,4,520,5
23,1,full,full8a.bmp,1,2290,8
23,1,full,full3f.bmp,1,1445,3
23,1,sd,sd8b.bmp,4,901,8
23,1,small,small8h.bmp,4,675,8
23,1,full,full8b.bmp,2,999,8
23,1,full,full3h.bmp,1,1122,3
23,1,full,full8f.bmp,2,904,8
23,1,small,small1e.bmp,4,835,1
23,1,sd,sd8a.bmp,4,496,8
23,1,sd,sd3i.bmp,3,1188,3
23,1,small,small3d.bmp,3,554,3
23,1,small,small8d.bmp,4,1026,8
23,1,full,full8d.bmp,2,748,8
23,1,full,full1f.bmp,1,796,1
23,1,small,small3f.bmp,4,801,3
23,1,full,full8e.bmp,4,569,8
23,1,sd,sd3d.bmp,4,1138,3
23,1,sd,sd5f.bmp,3,670,5
23,1,small,small3j.bmp,4,4195,3
23,1,small,small1f.bmp,3,666,1
23,1,full,full3b.bmp,1,1690,3
23,1,full,full5f.bmp,1,617,5
23,1,small,small5g.bmp,4,2915,5
23,1,small,small1b.bmp,3,931,1
23,1,sd,sd1a.bmp,2,958,1
23,1,full,full8i.bmp,2,975,8
23,1,full,full1c.bmp,1,677,1
23,1,small,small5b.bmp,4,2331,5
23,1,sd,sd8g.bmp,3,828,8
23,1,full,full1d.bmp,1,859,1
23,1,sd,sd1c.bmp,2,1655,1
24,1,full,full3b.bmp,2,5294,3
24,1,small,small8d.bmp,4,3892,8
24,1,small,small5a.bmp,4,4249,5
24,1,sd,sd8b.bmp,4,4128,8
24,1,sd,sd5f.bmp,3,2124,5
24,1,small,small5b.bmp,4,1335,5
24,1,sd,sd1c.bmp,2,2289,1
24,1,small,small8a.bmp,4,1357,8
24,1,sd,sd5d.bmp,3,2207,5
24,1,full,full3e.bmp,2,3383,3
24,1,full,full1c.bmp,1,2296,1
24,1,small,small3h.bmp,4,1541,3
24,1,sd,sd1h.bmp,2,1767,1
24,1,small,small5i.bmp,4,2177,5
24,1,small,small5j.bmp,4,842,5
24,1,full,full8c.bmp,2,1336,8
24,1,full,full8i.bmp,2,955,8
24,1,sd,sd5g.bmp,3,1957,5
24,1,small,small5f.bmp,4,3653,5
24,1,sd,sd3f.bmp,3,2028,3
24,1,sd,sd8h.bmp,4,1323,8
24,1,small,small8h.bmp,4,3670,8
24,1,sd,sd1j.bmp,2,4924,1
24,1,sd,sd3g.bmp,3,5264,3
24,1,full,full1f.bmp,2,4031,1
24,1,small,small3g.bmp,2,7454,3
24,1,small,small1j.bmp,2,4110,1
24,1,small,small8c.bmp,3,7458,8
24,1,sd,sd8j.bmp,3,3058,8
24,1,small,small1c.bmp,2,2840,1
24,1,full,full5h.bmp,2,13094,5
24,1,full,full3h.bmp,2,10390,3
24,1,full,full8g.bmp,2,2042,8
24,1,small,small3d.bmp,2,2176,3
24,1,sd,sd1a.bmp,2,4680,1
24,1,sd,sd8f.bmp,3,2038,8
24,1,full,full8b.bmp,3,2485,8
24,1,small,small5e.bmp,3,2066,5
24,1,full,full8h.bmp,3,6784,8
24,1,sd,sd5c.bmp,2,7659,5
24,1,small,small3c.bmp,2,3305,3
24,1,small,small1b.bmp,2,4710,1
24,1,sd,sd1d.bmp,2,4066,1
24,1,sd,sd8e.bmp,3,2425,8
24,1,small,small3e.bmp,2,12536,3
24,1,full,full5j.bmp,2,2381,5
24,1,sd,sd3h.bmp,2,3687,3
24,1,full,full1e.bmp,1,1932,1
24,1,full,full5b.bmp,2,3055,5
24,1,small,small1a.bmp,2,4565,1
24,1,full,full1j.bmp,1,1544,1
24,1,sd,sd3d.bmp,2,2698,3
24,1,sd,sd1b.bmp,2,1455,1
24,1,small,small1d.bmp,2,1549,1
24,1,small,small5c.bmp,3,3294,5
24,1,full,full8d.bmp,3,5219,8
24,1,sd,sd1g.bmp,2,4060,1
24,1,sd,sd8g.bmp,3,2922,8
24,1,full,full5e.bmp,2,5342,5
24,1,sd,sd5e.bmp,3,9984,5
24,1,sd,sd1i.bmp,2,5876,1
24,1,sd,sd3e.bmp,2,4067,3
24,1,sd,sd3i.bmp,2,2225,3
24,1,full,full3g.bmp,2,1688,3
24,1,full,full5d.bmp,2,1501,5
24,1,full,full1b.bmp,1,1561,1
24,1,small,small3j.bmp,2,2154,3
24,1,small,small5g.bmp,3,2340,5
24,1,full,full3f.bmp,2,2343,3
24,1,small,small1f.bmp,2,1537,1
24,1,full,full1h.bmp,1,1252,1
24,1,small,small5h.bmp,2,1946,5
24,1,sd,sd5j.bmp,2,2677,5
24,1,full,full3i.bmp,2,1482,3
24,1,sd,sd3b.bmp,2,2263,3
24,1,full,full1i.bmp,1,5325,1
24,1,sd,sd5a.bmp,2,1553,5
24,1,sd,sd5b.bmp,2,1754,5
24,1,full,full5i.bmp,2,3388,5
24,1,full,full3c.bmp,2,2701,3
24,1,full,full1g.bmp,1,1090,1
24,1,sd,sd8c.bmp,3,3182,8
24,1,full,full5a.bmp,2,2040,5
24,1,sd,sd8d.bmp,3,4510,8
24,1,small,small8i.bmp,3,2339,8
24,1,sd,sd1e.bmp,2,2932,1
24,1,sd,sd8i.bmp,3,1688,8
24,1,full,full3j.bmp,2,1572,3
24,1,sd,sd8a.bmp,3,1501,8
24,1,full,full8e.bmp,2,1057,8
24,1,small,small3a.bmp,2,4711,3
24,1,sd,sd3c.bmp,2,1995,3
24,1,small,small8f.bmp,3,2252,8
24,1,full,full8a.bmp,3,4146,8
24,1,small,small5d.bmp,3,3478,5
24,1,full,full5g.bmp,2,4690,5
24,1,small,small1e.bmp,2,4960,1
24,1,small,small1g.bmp,2,2074,1
24,1,small,small1i.bmp,2,2271,1
24,1,full,full3a.bmp,2,2877,3
24,1,small,small8e.bmp,3,8633,8
24,1,sd,sd3j.bmp,2,2267,3
24,1,small,small8b.bmp,3,1456,8
24,1,sd,sd5h.bmp,2,2414,5
24,1,sd,sd1f.bmp,2,2070,1
24,1,sd,sd3a.bmp,2,1772,3
24,1,sd,sd5i.bmp,2,1781,5
24,1,full,full5f.bmp,2,1798,5
24,1,full,full1d.bmp,1,1742,1
24,1,full,full1a.bmp,1,1416,1
24,1,small,small8j.bmp,3,1664,8
24,1,small,small8g.bmp,3,1606,8
24,1,full,full5c.bmp,2,6796,5
24,1,full,full8j.bmp,3,1646,8
24,1,full,full8f.bmp,3,885,8
24,1,small,small1h.bmp,2,2073,1
24,1,small,small3i.bmp,2,2126,3
24,1,full,full3d.bmp,2,1466,3
24,1,small,small3b.bmp,2,2159,3
24,1,small,small3f.bmp,2,2393,3
24,1,full,full3d.bmp,2,2281,3
24,1,small,small1c.bmp,2,5542,1
24,1,small,small8f.bmp,3,2673,8
24,1,sd,sd1c.bmp,3,3351,1
24,1,sd,sd8g.bmp,3,3858,8
24,1,full,full5j.bmp,2,6760,5
24,1,sd,sd3g.bmp,2,2387,3
24,1,small,small1f.bmp,2,757,1
24,1,small,small5e.bmp,2,3845,5
24,1,full,full8d.bmp,4,4020,8
24,1,full,full8j.bmp,3,4644,8
24,1,full,full5g.bmp,2,4035,5
24,1,sd,sd3c.bmp,2,2323,3
24,1,full,full8i.bmp,3,2502,8
24,1,full,full1e.bmp,1,1291,1
24,1,sd,sd5j.bmp,2,2167,5
24,1,sd,sd1f.bmp,2,4576,1
24,1,small,small3d.bmp,2,2146,3
24,1,small,small1i.bmp,2,1652,1
24,1,sd,sd3b.bmp,2,3579,3
24,1,sd,sd5g.bmp,2,2236,5
24,1,sd,sd5e.bmp,2,1316,5
24,1,sd,sd8j.bmp,3,4119,8
24,1,small,small8j.bmp,3,2396,8
24,1,sd,sd5c.bmp,2,2891,5
24,1,sd,sd5a.bmp,2,4736,5
24,1,full,full3c.bmp,2,1844,3
24,1,small,small1b.bmp,2,1002,1
24,1,small,small5h.bmp,2,2402,5
24,1,small,small1e.bmp,2,3307,1
24,1,small,small1g.bmp,2,1567,1
24,1,full,full5a.bmp,2,961,5
24,1,sd,sd8f.bmp,3,2098,8
24,1,sd,sd1b.bmp,2,1855,1
24,1,small,small8c.bmp,3,1540,8
24,1,small,small1h.bmp,2,2062,1
24,1,small,small8b.bmp,3,1780,8
24,1,small,small3f.bmp,2,1789,3
24,1,small,small3e.bmp,2,2517,3
24,1,sd,sd1g.bmp,2,1289,1
24,1,small,small1d.bmp,2,1141,1
24,1,full,full3h.bmp,2,3736,3
24,1,small,small8e.bmp,3,2363,8
24,1,full,full3f.bmp,2,2773,3
24,1,sd,sd8b.bmp,3,3166,8
24,1,small,small3b.bmp,2,2048,3
24,1,small,small5d.bmp,2,4502,5
24,1,small,small8a.bmp,3,1475,8
24,1,sd,sd5d.bmp,2,2824,5
24,1,sd,sd8a.bmp,3,2728,8
24,1,full,full5e.bmp,3,1995,5
24,1,full,full3a.bmp,2,2148,3
24,1,sd,sd3h.bmp,2,2286,3
24,1,full,full8c.bmp,3,3034,8
24,1,sd,sd3e.bmp,2,1538,3
24,1,sd,sd3f.bmp,2,1900,3
24,1,sd,sd1j.bmp,2,3128,1
24,1,full,full3g.bmp,2,3132,3
24,1,small,small3h.bmp,2,1263,3
24,1,sd,sd3a.bmp,2,1917,3
24,1,sd,sd3j.bmp,2,5080,3
24,1,small,small8d.bmp,3,2997,8
24,1,sd,sd5f.bmp,2,1846,5
24,1,sd,sd5h.bmp,2,2004,5
24,1,full,full3e.bmp,2,6668,3
24,1,full,full8g.bmp,2,1419,8
24,1,full,full3j.bmp,2,1922,3
24,1,small,small8i.bmp,3,1557,8
24,1,full,full8f.bmp,3,3374,8
24,1,small,small5c.bmp,2,1728,5
24,1,full,full5c.bmp,2,8786,5
24,1,full,full8h.bmp,3,1437,8
24,1,small,small3g.bmp,2,1715,3
24,1,small,small5f.bmp,2,2183,5
24,1,small,small3a.bmp,2,1536,3
24,1,full,full1d.bmp,1,1370,1
24,1,full,full1g.bmp,1,1507,1
24,1,full,full8e.bmp,3,3535,8
24,1,full,full1a.bmp,1,1195,1
24,1,full,full3b.bmp,2,1379,3
24,1,small,small3c.bmp,2,2291,3
24,1,small,small5g.bmp,2,3999,5
24,1,sd,sd1d.bmp,2,2008,1
24,1,sd,sd1e.bmp,2,984,1
24,1,sd,sd1i.bmp,2,833,1
24,1,small,small8g.bmp,3,5840,8
24,1,small,small3i.bmp,2,1455,3
24,1,full,full8b.bmp,4,2949,8
24,1,small,small1a.bmp,2,1416,1
24,1,full,full1i.bmp,1,2206,1
24,1,sd,sd5i.bmp,2,1878,5
24,1,full,full5d.bmp,2,1699,5
24,1,sd,sd1a.bmp,2,1879,1
24,1,sd,sd8i.bmp,3,5764,8
24,1,full,full5f.bmp,2,2680,5
24,1,full,full8a.bmp,3,1389,8
24,1,full,full1c.bmp,1,1077,1
24,1,sd,sd3d.bmp,2,1346,3
24,1,sd,sd5b.bmp,2,1356,5
24,1,sd,sd3i.bmp,2,1141,3
24,1,small,small3j.bmp,2,1295,3
24,1,small,small5i.bmp,2,1651,5
24,1,small,small1j.bmp,2,865,1
24,1,small,small5a.bmp,2,1686,5
24,1,sd,sd8d.bmp,3,1339,8
24,1,sd,sd1h.bmp,2,1838,1
24,1,full,full1b.bmp,1,1109,1
24,1,full,full5i.bmp,2,3304,5
24,1,full,full1f.bmp,1,1701,1
24,1,small,small8h.bmp,3,1521,8
24,1,small,small5b.bmp,2,1461,5
24,1,full,full5b.bmp,3,1657,5
24,1,full,full1h.bmp,1,1543,1
24,1,full,full3i.bmp,2,1873,3
24,1,small,small5j.bmp,2,2438,5
24,1,full,full1j.bmp,1,2109,1
24,1,sd,sd8e.bmp,3,1833,8
24,1,sd,sd8c.bmp,3,1520,8
24,1,sd,sd8h.bmp,3,1179,8
24,1,full,full5h.bmp,3,1916,5
24,1,sd,sd1b.bmp,3,1936,1
24,1,sd,sd8i.bmp,3,1507,8
24,1,small,small8g.bmp,3,1567,8
24,1,sd,sd8h.bmp,3,1223,8
24,1,sd,sd5h.bmp,2,1534,5
24,1,small,small5b.bmp,2,3297,5
24,1,small,small1c.bmp,2,1014,1
24,1,full,full5d.bmp,2,1501,5
24,1,full,full1b.bmp,1,2481,1
24,1,sd,sd3c.bmp,2,1503,3
24,1,sd,sd1c.bmp,2,4171,1
24,1,small,small5g.bmp,2,3357,5
24,1,sd,sd3i.bmp,2,1399,3
24,1,full,full5i.bmp,2,1758,5
24,1,full,full8c.bmp,3,3176,8
24,1,small,small1a.bmp,2,833,1
24,1,small,small1i.bmp,2,928,1
24,1,small,small8h.bmp,3,1379,8
24,1,sd,sd5i.bmp,2,2716,5
24,1,sd,sd3b.bmp,2,7776,3
24,1,small,small5h.bmp,2,1707,5
24,1,full,full3a.bmp,2,1246,3
24,1,full,full3d.bmp,2,2916,3
24,1,small,small1f.bmp,2,1176,1
24,1,full,full3e.bmp,2,1160,3
24,1,sd,sd3e.bmp,2,2466,3
24,1,full,full3g.bmp,2,1536,3
24,1,small,small3h.bmp,2,1995,3
24,1,small,small8f.bmp,3,1195,8
24,1,sd,sd8b.bmp,3,1155,8
24,1,small,small1h.bmp,2,837,1
24,1,full,full8d.bmp,4,2755,8
24,1,small,small3f.bmp,2,2253,3
24,1,full,full5h.bmp,2,1388,5
24,1,full,full5f.bmp,2,1420,5
24,1,small,small5d.bmp,2,2075,5
24,1,sd,sd1g.bmp,2,1832,1
24,1,sd,sd1h.bmp,2,1496,1
24,1,small,small3a.bmp,2,1596,3
24,1,small,small3d.bmp,2,1004,3
24,1,small,small3j.bmp,2,820,3
24,1,small,small8j.bmp,3,1499,8
24,1,full,full5a.bmp,2,2184,5
24,1,full,full8i.bmp,3,1929,8
24,1,full,full5e.bmp,3,1156,5
24,1,full,full1a.bmp,1,1309,1
24,1,small,small8e.bmp,3,1289,8
24,1,sd,sd3a.bmp,2,2901,3
24,1,sd,sd5j.bmp,2,1313,5
24,1,full,full8e.bmp,4,2701,8
24,1,sd,sd3f.bmp,2,1610,3
24,1,small,small1d.bmp,2,841,1
24,1,small,small3i.bmp,2,4623,3
24,1,small,small5a.bmp,2,1463,5
24,1,sd,sd3j.bmp,2,1333,3
24,1,small,small5e.bmp,2,1208,5
24,1,full,full8b.bmp,4,3942,8
24,1,sd,sd1j.bmp,3,1609,1
24,1,sd,sd8j.bmp,3,2705,8
24,1,sd,sd5f.bmp,2,1517,5
24,1,small,small8d.bmp,3,1720,8
24,1,sd,sd8a.bmp,3,1028,8
24,1,small,small8c.bmp,3,1043,8
24,1,sd,sd5a.bmp,2,1377,5
24,1,full,full3h.bmp,2,2082,3
24,1,small,small5i.bmp,2,2287,5
24,1,sd,sd3g.bmp,2,2308,3
24,1,full,full3j.bmp,2,1096,3
24,1,sd,sd8e.bmp,3,1923,8
24,1,full,full3i.bmp,2,1878,3
24,1,small,small1j.bmp,2,1019,1
24,1,sd,sd8c.bmp,2,1491,8
24,1,full,full8j.bmp,3,2511,8
24,1,full,full8g.bmp,3,1771,8
24,1,full,full8f.bmp,3,1996,8
24,1,full,full1i.bmp,1,2125,1
24,1,full,full5g.bmp,2,1816,5
24,1,full,full1e.bmp,1,1032,1
24,1,small,small1g.bmp,1,1302,1
24,1,full,full3c.bmp,2,2874,3
24,1,full,full8h.bmp,3,1391,8
24,1,sd,sd5b.bmp,2,1903,5
24,1,sd,sd8f.bmp,3,1788,8
24,1,small,small3b.bmp,2,1444,3
24,1,full,full1d.bmp,1,2138,1
24,1,sd,sd5g.bmp,2,2309,5
24,1,small,small5f.bmp,2,2024,5
24,1,small,small8a.bmp,3,1384,8
24,1,sd,sd1f.bmp,2,1560,1
24,1,small,small3c.bmp,2,1426,3
24,1,full,full5c.bmp,3,5568,5
24,1,small,small5c.bmp,2,1403,5
24,1,sd,sd1a.bmp,2,2035,1
24,1,full,full3b.bmp,2,2178,3
24,1,full,full8a.bmp,3,1315,8
24,1,sd,sd5e.bmp,2,1807,5
24,1,full,full1j.bmp,1,1223,1
24,1,sd,sd1i.bmp,2,1093,1
24,1,small,small3e.bmp,2,1106,3
24,1,sd,sd1d.bmp,2,1109,1
24,1,sd,sd8g.bmp,3,1784,8
24,1,sd,sd5d.bmp,2,1897,5
24,1,full,full3f.bmp,2,2181,3
24,1,full,full5b.bmp,2,2886,5
24,1,full,full5j.bmp,2,1403,5
24,1,small,small5j.bmp,2,1820,5
24,1,sd,sd3h.bmp,2,1419,3
24,1,small,small1e.bmp,2,835,1
24,1,small,small8b.bmp,3,2529,8
24,1,full,full1f.bmp,1,1997,1
24,1,full,full1g.bmp,1,1141,1
24,1,small,small8i.bmp,3,1351,8
24,1,sd,sd8d.bmp,3,1529,8
24,1,small,small1b.bmp,2,1203,1
24,1,full,full1c.bmp,1,955,1
24,1,sd,sd3d.bmp,2,1133,3
24,1,sd,sd1e.bmp,2,2760,1
24,1,full,full1h.bmp,1,2746,1
24,1,sd,sd5c.bmp,2,8364,5
24,1,small,small3g.bmp,2,1256,3
24,1,sd,sd8b.bmp,3,1494,8
24,1,full,full5f.bmp,2,1970,5
24,1,full,full3f.bmp,2,2299,3
24,1,full,full5i.bmp,2,2935,5
24,1,sd,sd1b.bmp,2,1443,1
24,1,sd,sd5i.bmp,2,1737,5
24,1,small,small5j.bmp,2,1252,5
24,1,full,full1e.bmp,1,1322,1
24,1,sd,sd1e.bmp,2,4453,1
24,1,small,small1a.bmp,2,2308,1
24,1,sd,sd1i.bmp,2,2104,1
24,1,full,full3i.bmp,2,1541,3
24,1,full,full8h.bmp,4,2398,8
24,1,small,small8a.bmp,3,1582,8
24,1,full,full8j.bmp,3,3247,8
24,1,small,small5c.bmp,2,2614,5
24,1,sd,sd1j.bmp,2,2750,1
24,1,small,small3d.bmp,2,1881,3
24,1,small,small5f.bmp,2,1694,5
24,1,small,small1j.bmp,2,962,1
24,1,sd,sd3e.bmp,2,1220,3
24,1,full,full8d.bmp,3,2475,8
24,1,sd,sd8e.bmp,2,1272,8
24,1,full,full5j.bmp,2,1540,5
24,1,small,small3c.bmp,2,1255,3
24,1,small,small5a.bmp,2,1828,5
24,1,sd,sd8a.bmp,3,1547,8
24,1,small,small5i.bmp,2,1861,5
24,1,full,full8i.bmp,3,2163,8
24,1,full,full3e.bmp,2,2389,3
24,1,sd,sd5f.bmp,2,1789,5
24,1,sd,sd3h.bmp,2,1286,3
24,1,sd,sd3d.bmp,2,795,3
24,1,full,full5h.bmp,2,1523,5
24,1,full,full3j.bmp,2,1349,3
24,1,full,full5e.bmp,2,1199,5
24,1,sd,sd3c.bmp,2,1959,3
24,1,small,small8e.bmp,2,1417,8
24,1,sd,sd8f.bmp,3,1312,8
24,1,full,full3a.bmp,2,1356,3
24,1,sd,sd1d.bmp,2,1557,1
24,1,sd,sd5j.bmp,2,1159,5
24,1,small,small3j.bmp,2,1608,3
24,1,sd,sd1h.bmp,2,1040,1
24,1,full,full5g.bmp,2,2326,5
24,1,sd,sd8h.bmp,3,1305,8
24,1,sd,sd1a.bmp,2,1341,1
24,1,sd,sd3g.bmp,2,863,3
24,1,sd,sd3j.bmp,2,700,3
24,1,sd,sd5b.bmp,2,927,5
24,1,full,full1d.bmp,2,954,1
24,1,full,full3c.bmp,2,1540,3
24,1,small,small3h.bmp,2,1806,3
24,1,small,small3g.bmp,2,918,3
24,1,sd,sd3b.bmp,2,1217,3
24,1,sd,sd5d.bmp,2,1009,5
24,1,full,full3d.bmp,2,992,3
24,1,small,small5h.bmp,2,1080,5
24,1,small,small1c.bmp,2,981,1
24,1,full,full8g.bmp,3,2533,8
24,1,full,full8a.bmp,3,1889,8
24,1,small,small3a.bmp,2,1797,3
24,1,full,full8c.bmp,2,1084,8
24,1,sd,sd8c.bmp,3,1361,8
24,1,small,small3e.bmp,2,1147,3
24,1,small,small8g.bmp,2,1093,8
24,1,full,full5d.bmp,2,2817,5
24,1,small,small3i.bmp,2,1217,3
24,1,full,full8b.bmp,3,1616,8
24,1,full,full1g.bmp,1,2008,1
24,1,small,small1b.bmp,2,1336,1
24,1,sd,sd5h.bmp,2,2787,5
24,1,small,small8c.bmp,3,1396,8
24,1,sd,sd5a.bmp,2,2364,5
24,1,sd,sd8d.bmp,3,1949,8
24,1,small,small1h.bmp,2,1064,1
24,1,sd,sd3f.bmp,2,1189,3
24,1,small,small8d.bmp,3,1125,8
24,1,small,small1g.bmp,2,856,1
24,1,full,full1b.bmp,1,1549,1
24,1,sd,sd1g.bmp,2,1544,1
24,1,sd,sd8g.bmp,3,1938,8
24,1,sd,sd8i.bmp,3,1509,8
24,1,sd,sd5e.bmp,2,1424,5
24,1,small,small8h.bmp,3,1663,8
24,1,small,small1i.bmp,2,933,1
24,1,small,small8b.bmp,3,1288,8
24,1,small,small8j.bmp,3,1059,8
24,1,full,full1a.bmp,2,4937,1
24,1,small,small1f.bmp,2,1292,1
24,1,sd,sd3i.bmp,2,1953,3
24,1,sd,sd5g.bmp,2,1331,5
24,1,full,full3h.bmp,2,4166,3
24,1,small,small1e.bmp,2,1032,1
24,1,small,small5b.bmp,2,1679,5
24,1,full,full8f.bmp,4,4484,8
24,1,full,full3b.bmp,2,3289,3
24,1,full,full1c.bmp,1,4534,1
24,1,small,small5e.bmp,2,1450,5
24,1,sd,sd3a.bmp,2,1688,3
24,1,full,full5b.bmp,3,2916,5
24,1,small,small5g.bmp,2,1361,5
24,1,full,full3g.bmp,2,1514,3
24,1,small,small1d.bmp,2,950,1
24,1,sd,sd1f.bmp,2,1144,1
24,1,small,small3b.bmp,2,1346,3
24,1,full,full8e.bmp,4,2571,8
24,1,full,full1h.bmp,1,1396,1
24,1,full,full5c.bmp,2,1644,5
24,1,sd,sd5c.bmp,2,3083,5
24,1,full,full5a.bmp,2,2504,5
24,1,small,small8f.bmp,3,1484,8
24,1,sd,sd8j.bmp,3,1417,8
24,1,full,full1f.bmp,1,4017,1
24,1,sd,sd1c.bmp,2,1721,1
24,1,full,full1j.bmp,2,2173,1
24,1,small,small8i.bmp,3,1694,8
24,1,small,small5d.bmp,2,1849,5
24,1,small,small3f.bmp,2,2704,3
24,1,full,full1i.bmp,1,2532,1
7,1,sd,sd5a.bmp,2,40201,5
7,1,full,full1f.bmp,2,18590,1
7,1,small,small3c.bmp,2,23699,3
7,1,small,small5b.bmp,3,17894,5
7,1,sd,sd5e.bmp,2,10512,5
7,1,sd,sd8d.bmp,2,6943,8
7,1,sd,sd1f.bmp,1,10738,1
7,1,sd,sd3b.bmp,2,4943,3
7,1,sd,sd3d.bmp,2,9515,3
7,1,small,small1e.bmp,2,29969,1
7,1,full,full8b.bmp,3,34851,8
7,1,small,small3i.bmp,3,3932,3
7,1,sd,sd5i.bmp,3,2864,5
7,1,small,small3h.bmp,2,8606,3
7,1,full,full5b.bmp,2,5951,5
7,1,small,small8e.bmp,3,9330,8
7,1,small,small8i.bmp,3,3552,8
7,1,small,small1d.bmp,2,13667,1
7,1,sd,sd5d.bmp,3,5493,5
7,1,full,full1b.bmp,2,3922,1
7,1,full,full3h.bmp,2,9869,3
7,1,full,full3f.bmp,2,10685,3
7,1,small,small8b.bmp,3,14845,8
7,1,small,small5g.bmp,3,14464,5
7,1,full,full8i.bmp,3,7594,8
7,1,sd,sd3a.bmp,2,6491,3
7,1,small,small3e.bmp,2,5489,3
7,1,sd,sd8j.bmp,3,12543,8
7,1,sd,sd1g.bmp,2,6941,1
7,1,small,small1a.bmp,2,3777,1
7,1,full,full5h.bmp,2,3778,5
7,1,full,full3e.bmp,2,2268,3
7,1,small,small8a.bmp,3,3786,8
7,1,small,small8f.bmp,3,17491,8
7,1,full,full3d.bmp,2,11148,3
7,1,full,full5g.bmp,2,1538,5
7,1,full,full8g.bmp,3,6381,8
7,1,small,small5e.bmp,2,12015,5
7,1,sd,sd5j.bmp,2,9938,5
7,1,small,small3b.bmp,3,15695,3
7,1,full,full8j.bmp,3,9704,8
7,1,small,small8g.bmp,3,2470,8
7,1,full,full8f.bmp,3,5884,8
7,1,small,small3g.bmp,3,25769,3
7,1,small,small8h.bmp,4,3027,8
7,1,sd,sd5g.bmp,3,2338,5
7,1,sd,sd3e.bmp,3,2901,3
7,1,full,full1e.bmp,3,2657,1
7,1,full,full1d.bmp,2,1663,1
7,1,small,small3j.bmp,3,4373,3
7,1,sd,sd1d.bmp,3,3047,1
7,1,sd,sd8c.bmp,3,11101,8
7,1,small,small8c.bmp,3,29876,8
7,1,full,full3b.bmp,3,5779,3
7,1,full,full5f.bmp,3,3869,5
7,1,sd,sd5b.bmp,2,2956,5
7,1,sd,sd8a.bmp,2,1622,8
7,1,sd,sd3i.bmp,2,1708,3
7,1,full,full8a.bmp,3,2400,8
7,1,sd,sd1b.bmp,2,9592,1
7,1,full,full8h.bmp,3,2499,8
7,1,sd,sd5h.bmp,2,1728,5
7,1,small,small3f.bmp,2,1667,3
7,1,sd,sd1e.bmp,2,2648,1
7,1,small,small3d.bmp,2,2367,3
7,1,sd,sd3j.bmp,2,7401,3
7,1,sd,sd8e.bmp,3,6091,8
7,1,sd,sd1a.bmp,2,3337,1
7,1,sd,sd1c.bmp,2,1971,1
7,1,full,full3i.bmp,3,6340,3
7,1,small,small8d.bmp,3,2872,8
7,1,full,full3g.bmp,2,4230,3
7,1,small,small1j.bmp,2,2454,1
7,1,sd,sd8h.bmp,2,1468,8
7,1,full,full1a.bmp,2,3394,1
7,1,small,small1f.bmp,2,8314,1
7,1,small,small1c.bmp,2,9752,1
7,1,small,small5d.bmp,2,4533,5
7,1,small,small5c.bmp,2,2616,5
7,1,small,small1g.bmp,2,5120,1
7,1,full,full5e.bmp,3,2276,5
7,1,full,full3j.bmp,2,4586,3
7,1,sd,sd5f.bmp,3,2075,5
7,1,sd,sd1i.bmp,3,3664,1
7,1,small,small8j.bmp,3,2238,8
7,1,full,full1h.bmp,2,5085,1
7,1,full,full8e.bmp,4,5571,8
7,1,full,full1c.bmp,3,6661,1
7,1,sd,sd8g.bmp,4,4723,8
7,1,sd,sd5c.bmp,4,2263,5
7,1,small,small1i.bmp,2,1789,1
7,1,sd,sd8f.bmp,4,1742,8
7,1,small,small5f.bmp,2,3728,5
7,1,full,full5a.bmp,3,1948,5
7,1,sd,sd8b.bmp,4,7078,8
7,1,sd,sd1h.bmp,2,4117,1
7,1,full,full8c.bmp,3,1713,8
7,1,full,full3c.bmp,2,2701,3
7,1,sd,sd3g.bmp,2,2577,3
7,1,small,small5j.bmp,2,2307,5
7,1,full,full1g.bmp,2,3382,1
7,1,small,small1h.bmp,2,17143,1
7,1,small,small5i.bmp,2,2623,5
7,1,full,full5d.bmp,3,2230,5
7,1,small,small1b.bmp,2,3341,1
7,1,sd,sd3h.bmp,4,14896,3
7,1,small,small5h.bmp,3,4585,5
7,1,small,small5a.bmp,3,2363,5
7,1,full,full5j.bmp,2,1053,5
7,1,full,full3a.bmp,2,1019,3
7,1,sd,sd3c.bmp,3,1009,3
7,1,small,small3a.bmp,4,1064,3
7,1,full,full1i.bmp,3,950,1
7,1,full,full1j.bmp,3,1032,1
7,1,sd,sd1j.bmp,2,998,1
7,1,full,full5c.bmp,2,727,5
7,1,full,full8d.bmp,3,905,8
7,1,full,full5i.bmp,3,1229,5
7,1,sd,sd3f.bmp,3,1236,3
7,1,sd,sd8i.bmp,2,835,8
7,1,small,small8i.bmp,4,10105,8
7,1,full,full8e.bmp,3,5096,8
7,1,full,full1g.bmp,2,2765,1
7,1,small,small3h.bmp,2,2183,3
7,1,full,full5i.bmp,3,2848,5
7,1,small,small3i.bmp,3,1791,3
7,1,small,small3g.bmp,3,1831,3
7,1,sd,sd5c.bmp,3,1749,5
7,1,sd,sd3e.bmp,2,2168,3
7,1,sd,sd8f.bmp,3,1825,8
7,1,sd,sd3j.bmp,3,1728,3
7,1,sd,sd5b.bmp,3,2435,5
7,1,sd,sd1f.bmp,2,1987,1
7,1,full,full5a.bmp,2,1620,5
7,1,full,full8h.bmp,3,2939,8
7,1,sd,sd3d.bmp,3,2166,3
7,1,sd,sd3f.bmp,3,2080,3
7,1,sd,sd1d.bmp,3,4413,1
7,1,full,full5j.bmp,3,2453,5
7,1,full,full8f.bmp,3,2436,8
7,1,small,small1b.bmp,2,1627,1
7,1,small,small3b.bmp,2,1370,3
7,1,sd,sd5i.bmp,3,3643,5
7,1,small,small3c.bmp,2,1690,3
7,1,small,small1e.bmp,2,1526,1
7,1,sd,sd1a.bmp,3,3121,1
7,1,full,full5d.bmp,2,20004,5
7,1,sd,sd8a.bmp,3,1690,8
7,1,small,small1j.bmp,2,1142,1
7,1,sd,sd5a.bmp,3,1072,5
7,1,sd,sd3h.bmp,2,2141,3
7,1,full,full1d.bmp,2,1272,1
7,1,small,small1g.bmp,2,1221,1
7,1,sd,sd1b.bmp,3,2180,1
7,1,sd,sd5j.bmp,3,1638,5
7,1,full,full8d.bmp,2,1716,8
7,1,small,small5g.bmp,2,3311,5
7,1,sd,sd5g.bmp,3,4571,5
7,1,full,full3h.bmp,2,8445,3
7,1,sd,sd3g.bmp,3,4862,3
7,1,full,full5c.bmp,3,7389,5
7,1,sd,sd5f.bmp,3,2047,5
7,1,small,small3e.bmp,2,4245,3
7,1,full,full5g.bmp,2,1756,5
7,1,small,small8c.bmp,3,2406,8
7,1,small,small3f.bmp,3,2006,3
7,1,full,full1a.bmp,2,1646,1
7,1,sd,sd1c.bmp,2,3059,1
7,1,full,full3c.bmp,2,5457,3
7,1,small,small1f.bmp,2,2352,1
7,1,sd,sd1i.bmp,2,1786,1
7,1,small,small1a.bmp,2,2410,1
7,1,small,small8j.bmp,3,2546,8
7,1,small,small5d.bmp,3,2900,5
7,1,sd,sd8j.bmp,3,4528,8
7,1,full,full3b.bmp,2,2284,3
7,1,small,small5a.bmp,3,3817,5
7,1,small,small5c.bmp,2,4841,5
7,1,small,small5j.bmp,3,4160,5
7,1,small,small1h.bmp,2,1106,1
7,1,full,full5f.bmp,3,1589,5
7,1,full,full8g.bmp,3,2229,8
7,1,small,small1c.bmp,2,1204,1
7,1,full,full8c.bmp,3,1228,8
7,1,full,full3j.bmp,2,1426,3
7,1,full,full5b.bmp,3,2337,5
7,1,full,full8i.bmp,3,2828,8
7,1,small,small5e.bmp,2,1779,5
7,1,full,full3a.bmp,2,1972,3
7,1,full,full1c.bmp,2,1189,1
7,1,full,full1j.bmp,2,621,1
7,1,small,small8b.bmp,2,1268,8
7,1,full,full3i.bmp,3,6161,3
7,1,sd,sd1e.bmp,3,1964,1
7,1,small,small5b.bmp,3,2894,5
7,1,sd,sd1h.bmp,2,2579,1
7,1,small,small5h.bmp,2,1612,5
7,1,full,full5e.bmp,3,1620,5
7,1,sd,sd3b.bmp,2,4090,3
7,1,small,small8d.bmp,2,2367,8
7,1,small,small8g.bmp,3,2121,8
7,1,small,small5i.bmp,3,4804,5
7,1,full,full1b.bmp,3,1645,1
7,1,sd,sd8h.bmp,3,1419,8
7,1,sd,sd8b.bmp,3,2259,8
7,1,sd,sd5d.bmp,3,1537,5
7,1,small,small8e.bmp,3,2003,8
7,1,small,small1i.bmp,2,2604,1
7,1,full,full8a.bmp,3,2036,8
7,1,sd,sd3c.bmp,2,4083,3
7,1,full,full1i.bmp,3,1649,1
7,1,small,small5f.bmp,2,3151,5
7,1,sd,sd1j.bmp,2,3714,1
7,1,full,full3f.bmp,2,6438,3
7,1,small,small3a.bmp,2,1197,3
7,1,small,small8a.bmp,2,1342,8
7,1,sd,sd5h.bmp,3,3672,5
7,1,sd,sd8e.bmp,3,5957,8
7,1,sd,sd8g.bmp,3,1712,8
7,1,sd,sd5e.bmp,3,2388,5
7,1,small,small1d.bmp,2,2301,1
7,1,full,full5h.bmp,3,4305,5
7,1,full,full1h.bmp,2,3142,1
7,1,full,full8j.bmp,2,1368,8
7,1,small,small8h.bmp,3,3594,8
7,1,full,full1f.bmp,1,5338,1
7,1,sd,sd1g.bmp,2,3013,1
7,1,small,small8f.bmp,2,1549,8
7,1,full,full3d.bmp,2,2392,3
7,1,sd,sd8i.bmp,4,3368,8
7,1,small,small3d.bmp,2,3642,3
7,1,full,full1e.bmp,1,4345,1
7,1,full,full3g.bmp,2,1125,3
7,1,full,full8b.bmp,3,1631,8
7,1,sd,sd3i.bmp,2,8726,3
7,1,sd,sd8d.bmp,4,25955,8
7,1,sd,sd3a.bmp,3,1533,3
7,1,sd,sd8c.bmp,3,3464,8
7,1,full,full3e.bmp,3,1422,3
7,1,small,small3j.bmp,4,717,3
7,1,small,small5j.bmp,4,536,5
7,1,sd,sd8b.bmp,4,1242,8
7,1,small,small8e.bmp,4,569,8
7,1,small,small5b.bmp,4,642,5
7,1,full,full3b.bmp,3,864,3
7,1,small,small8h.bmp,4,845,8
7,1,full,full5i.bmp,2,1059,5
7,1,small,small3j.bmp,4,728,3
7,1,full,full1j.bmp,1,1371,1
7,1,sd,sd8g.bmp,3,860,8
7,1,small,small1d.bmp,4,634,1
7,1,full,full8g.bmp,3,456,8
7,1,small,small3c.bmp,3,1022,3
7,1,small,small8i.bmp,3,5093,8
7,1,full,full5h.bmp,2,1569,5
7,1,sd,sd5b.bmp,2,3523,5
7,1,small,small1c.bmp,2,1358,1
7,1,full,full3d.bmp,2,696,3
7,1,sd,sd1h.bmp,2,356,1
7,1,small,small8a.bmp,3,1661,8
7,1,small,small1b.bmp,2,1819,1
7,1,small,small3i.bmp,2,1130,3
7,1,small,small8f.bmp,3,2637,8
7,1,sd,sd1b.bmp,2,2924,1
7,1,sd,sd5a.bmp,2,4664,5
7,1,small,small8g.bmp,2,1326,8
7,1,sd,sd5c.bmp,2,633,5
7,1,full,full1g.bmp,2,640,1
7,1,sd,sd3e.bmp,3,654,3
7,1,sd,sd1f.bmp,3,692,1
7,1,sd,sd1d.bmp,2,1399,1
7,1,sd,sd3i.bmp,2,1384,3
7,1,sd,sd8c.bmp,3,2856,8
7,1,small,small3b.bmp,2,2285,3
7,1,sd,sd1j.bmp,2,1003,1
7,1,full,full3h.bmp,2,1539,3
7,1,full,full1i.bmp,2,509,1
7,1,sd,sd8j.bmp,3,1456,8
7,1,sd,sd3f.bmp,2,1646,3
7,1,small,small5c.bmp,2,844,5
7,1,sd,sd5e.bmp,2,570,5
7,1,sd,sd5d.bmp,2,643,5
7,1,full,full5b.bmp,2,465,5
7,1,full,full8a.bmp,2,422,8
7,1,sd,sd3j.bmp,2,605,3
7,1,sd,sd5f.bmp,3,1501,5
7,1,sd,sd5g.bmp,3,1129,5
7,1,full,full8h.bmp,2,836,8
7,1,full,full5j.bmp,2,570,5
7,1,small,small1h.bmp,3,1987,1
7,1,full,full1b.bmp,2,900,1
7,1,small,small3a.bmp,3,1296,3
7,1,sd,sd1e.bmp,2,1557,1
7,1,full,full1a.bmp,2,550,1
7,1,small,small5g.bmp,3,888,5
7,1,sd,sd8e.bmp,3,509,8
7,1,full,full8c.bmp,2,584,8
7,1,sd,sd3d.bmp,2,632,3
7,1,full,full8e.bmp,2,487,8
7,1,small,small1e.bmp,3,564,1
7,1,small,small8d.bmp,3,541,8
7,1,full,full5e.bmp,2,639,5
7,1,small,small8c.bmp,3,1004,8
7,1,small,small3h.bmp,3,604,3
7,1,small,small5i.bmp,3,452,5
7,1,small,small8b.bmp,3,578,8
7,1,small,small8j.bmp,3,395,8
7,1,full,full1e.bmp,3,434,1
7,1,full,full3a.bmp,2,489,3
7,1,full,full5g.bmp,2,661,5
7,1,small,small5d.bmp,2,794,5
7,1,small,small3d.bmp,3,530,3
7,1,full,full8b.bmp,2,1036,8
7,1,full,full8j.bmp,2,3227,8
7,1,full,full1f.bmp,2,579,1
7,1,small,small1i.bmp,3,747,1
7,1,full,full8d.bmp,2,821,8
7,1,sd,sd8i.bmp,3,1156,8
7,1,small,small3e.bmp,3,758,3
7,1,sd,sd1c.bmp,2,575,1
7,1,full,full5f.bmp,2,960,5
7,1,sd,sd3g.bmp,2,377,3
7,1,full,full5a.bmp,2,394,5
7,1,small,small5h.bmp,3,529,5
7,1,sd,sd3b.bmp,2,428,3
7,1,full,full3e.bmp,2,490,3
7,1,full,full3j.bmp,2,478,3
7,1,sd,sd8f.bmp,3,363,8
7,1,full,full3i.bmp,2,372,3
7,1,small,small5a.bmp,2,629,5
7,1,small,small5e.bmp,2,1892,5
7,1,full,full1c.bmp,2,1224,1
7,1,full,full8f.bmp,2,814,8
7,1,sd,sd5h.bmp,2,8005,5
7,1,full,full3g.bmp,2,1247,3
7,1,full,full5d.bmp,2,413,5
7,1,sd,sd8a.bmp,3,1652,8
7,1,small,small1j.bmp,2,1106,1
7,1,small,small5f.bmp,2,1246,5
7,1,full,full1h.bmp,2,980,1
7,1,small,small3g.bmp,2,1333,3
7,1,sd,sd1a.bmp,2,808,1
7,1,small,small3f.bmp,2,1103,3
7,1,sd,sd8h.bmp,2,691,8
7,1,full,full1d.bmp,2,1231,1
7,1,sd,sd1g.bmp,2,7166,1
7,1,sd,sd3a.bmp,2,1281,3
7,1,sd,sd1i.bmp,2,686,1
7,1,full,full3c.bmp,2,714,3
7,1,sd,sd3h.bmp,2,1126,3
7,1,sd,sd3c.bmp,2,1625,3
7,1,small,small1a.bmp,2,1182,1
7,1,sd,sd8d.bmp,2,495,8
7,1,small,small1f.bmp,2,819,1
7,1,full,full8i.bmp,3,1074,8
7,1,full,full3f.bmp,2,895,3
7,1,full,full5c.bmp,2,667,5
7,1,sd,sd5i.bmp,3,1696,5
7,1,sd,sd5j.bmp,2,989,5
7,1,small,small1g.bmp,2,773,1
7,1,small,small8i.bmp,4,2949,8
7,1,full,full3f.bmp,3,1552,3
7,1,full,full5e.bmp,3,914,5
7,1,small,small5f.bmp,4,1726,5
7,1,full,full3j.bmp,3,1352,3
7,1,sd,sd1f.bmp,2,1211,1
7,1,sd,sd1b.bmp,3,2546,1
7,1,full,full3i.bmp,2,2021,3
7,1,small,small1d.bmp,2,1132,1
7,1,small,small8c.bmp,3,3023,8
7,1,sd,sd1i.bmp,2,1591,1
7,1,sd,sd1c.bmp,2,1663,1
7,1,full,full8b.bmp,3,1380,8
7,1,full,full1g.bmp,1,3188,1
7,1,sd,sd8b.bmp,3,3365,8
7,1,sd,sd8j.bmp,3,3183,8
7,1,full,full1h.bmp,1,1994,1
7,1,sd,sd8i.bmp,3,6281,8
7,1,sd,sd5c.bmp,3,2080,5
7,1,full,full5j.bmp,3,1797,5
7,1,small,small1i.bmp,1,1125,1
7,1,small,small1j.bmp,2,2312,1
7,1,full,full1i.bmp,2,1356,1
7,1,sd,sd3a.bmp,2,1821,3
7,1,sd,sd8e.bmp,3,4277,8
7,1,small,small8a.bmp,4,3219,8
7,1,sd,sd5f.bmp,3,2347,5
7,1,small,small1h.bmp,2,1421,1
7,1,full,full5f.bmp,2,2140,5
7,1,small,small3c.bmp,2,3030,3
7,1,small,small5b.bmp,2,3126,5
7,1,full,full1b.bmp,2,5401,1
7,1,full,full8i.bmp,2,947,8
7,1,small,small5e.bmp,4,1109,5
7,1,small,small3g.bmp,4,808,3
7,1,sd,sd3c.bmp,3,663,3
7,1,full,full5i.bmp,3,716,5
7,1,full,full5a.bmp,2,688,5
7,1,full,full1a.bmp,2,964,1
7,1,sd,sd8c.bmp,4,1126,8
7,1,sd,sd3j.bmp,3,800,3
7,1,small,small1b.bmp,4,888,1
7,1,full,full5b.bmp,3,685,5
7,1,sd,sd8f.bmp,4,642,8
7,1,small,small8d.bmp,4,752,8
7,1,full,full8j.bmp,2,1506,8
7,1,small,small3b.bmp,4,685,3
7,1,full,full3e.bmp,3,642,3
7,1,sd,sd1j.bmp,3,1048,1
7,1,sd,sd1g.bmp,2,574,1
7,1,sd,sd8a.bmp,4,622,8
7,1,full,full8d.bmp,3,941,8
7,1,small,small8j.bmp,4,718,8
7,1,small,small3e.bmp,4,506,3
7,1,sd,sd8d.bmp,4,645,8
7,1,sd,sd3d.bmp,3,619,3
7,1,full,full1e.bmp,3,914,1
7,1,full,full8f.bmp,3,669,8
7,1,small,small1g.bmp,3,691,1
7,1,small,small8h.bmp,4,463,8
7,1,small,small1f.bmp,3,772,1
7,1,sd,sd5j.bmp,3,436,5
7,1,full,full3c.bmp,3,571,3
7,1,full,full8e.bmp,2,868,8
7,1,sd,sd5b.bmp,2,433,5
7,1,sd,sd3f.bmp,3,2560,3
7,1,full,full3b.bmp,2,826,3
7,1,sd,sd5h.bmp,2,2000,5
7,1,small,small3i.bmp,2,2041,3
7,1,small,small3d.bmp,2,1551,3
