NOTE: Copyright (c) 2016 by SAS Institute Inc., Cary, NC, USA.
NOTE: SAS (r) Proprietary Software 9.4 (TS1M7)
      Licensed to MONASH UNIVERSITY - EAS, Site 10005182.
NOTE: This session is executing on the X64_SRV19  platform.



NOTE: Analytical products:

      SAS/STAT 15.2
      SAS/ETS 15.2
      SAS/OR 15.2
      SAS/IML 15.2
      SAS/QC 15.2

NOTE: Additional host information:

 X64_SRV19 WIN 10.0.17763  Server

NOTE: SAS initialization used:
      real time           7.62 seconds
      cpu time            1.65 seconds

442  /********************************************************************
443  Date:   August 26, 2008
444  Author: Yannay
445  Name:           table8_linear_quart.sas
446  Input:          base_ns.sas (data file with national security
446! variables)
447  Output:         t8_lin_q_&outcome.sas7bdat
448
449  Description:    This program produces the OLS outcomes by lagged-score
450                  quartiles for table 8.
451                  For each outcome it produces a separate table.
452
453  Instructions:   (*) Set the "home" libname below to the path of the
453! folder
454                      in which the national security file is held
455                  (*) Set the "target" libname below to the path of the
455! folder
456                      where the results tables should be written
457                  (*) Run the program
458
459  NOTE:   The results are not set in the same order as in the
460          paper that appears in the table, and there are additional
461          results that don't show in the paper (namely the panel with
462          "1_main" as rowname).
463          The results that show in the paper are only those that appear
464          under columns whose titles start with
465          "c_ls_b" (lagged-score halves, boys) and
466          "c_ls_g" (lagged-score halves, girls).
467          Each estimator shows with 3 different standard errors:
468          Stderr:     clustered s.e.s (not reported in the paper)
469          RobSE:      Robust s.e.s (reported in the paper)
470          NoClusSE:   Conventional s.e. (not reported in the paper)
471
472  ********************************************************************/
473
474  options nocenter nodate spool ls=75;
475
476  libname home  "\\ad.monash.edu\home\User018\atag0004\Documents\My SAS
476! Files\9.4";
NOTE: Libref HOME refers to the same physical library as SASUSER.
NOTE: Libref HOME was successfully assigned as follows:
      Engine:        V9
      Physical Name: \\ad.monash.edu\home\User018\atag0004\Documents\My
      SAS Files\9.4
477  libname target  "\\ad.monash.edu\home\User018\atag0004\Documents\My
477! SAS Files\";
NOTE: Libref TARGET was successfully assigned as follows:
      Engine:        V9
      Physical Name: \\ad.monash.edu\home\User018\atag0004\Documents\My
      SAS Files
478
479
480
481  data bonus_00_01;
482  set home.base_ns;
NOTE: Data file HOME.BASE_NS.DATA is in a format that is native to another
      host, or the file encoding does not match the session encoding.
      Cross Environment Data Access will be used, which might require
      additional CPU resources and might reduce performance.
483  run;

NOTE: There were 7857 observations read from the data set HOME.BASE_NS.
NOTE: The data set WORK.BONUS_00_01 has 7857 observations and 17 variables.
NOTE: DATA statement used (Total process time):
      real time           0.11 seconds
      cpu time            0.01 seconds


484
485
486  %macro outcome (outcome);
487  ********************************************************************;
488      *** Creating the top and bottom files for each gender;
489  %macro base_gender (gend);
490
491  *** 2001 ***;
492  DATA BASE01;
493  set bonus_00_01;
494  a=1;
495
496  b=(boy=1);
497  g=(boy=0);
498  bg=1;
499
500  if year=2001;
501  if &gend=1;
502
503  proc univariate noprint;
504  var lagscore;
505  output out=temp pctlpts=25 to 100 by 25 pctlpre=count;
506  run;
507
508  DATA TEMP;
509  set temp;
510  a=1;
511  run;
512
513  proc sort data=base01; by a;
514  proc sort data=temp; by a;
515
516  DATA BASE01;
517  merge base01 temp;
518  by a;
519  ls25=0; ls50=0; ls75=0; ls100=0;
520  if      lagscore<count25 then ls25=1;
521  else if lagscore<count50 then ls50=1;
522  else if lagscore<count75 then ls75=1;
523  else                          ls100=1;
524
525  ah4=(m_ahim=>4);
526
527  proc genmod descending;
528  class school_id;
529  model zakaibag=educav educem ah4 ole5 semarab semrel
530                 ls50 ls75 ls100 /dist=bin link=logit;
531  repeated subject=school_id /type=ind ;
532  output out=temp2 p=p_hat;
533  proc univariate noprint;
534  var p_hat;
535  output out=temp3 pctlpts=25 to 100 by 25 pctlpre=count_p;
536  run;
537
538  DATA TEMP3;
539  set temp3;
540  a=1;
541  run;
542
543  proc sort data=temp2; by a;
544  proc sort data=temp3; by a;
545
546  DATA BASE01;
547  merge temp2 temp3;
548  by a;
549  p25=0; p50=0; p75=0; p100=0;
550  if      p_hat<count_p25 then p25=1;
551  else if p_hat<count_p50 then p50=1;
552  else if p_hat<count_p75 then p75=1;
553  else                         p100=1;
554  run;
555
556  proc datasets; delete temp temp2 temp3;
557
558  *** 2000 ***;
559  DATA BASE00;
560  set bonus_00_01;
561  a=1;
562
563  b=(boy=1);
564  g=(boy=0);
565  bg=1;
566
567  if year=2000;
568  if &gend=1;
569
570  proc univariate noprint;
571  var lagscore;
572  output out=temp pctlpts=25 to 100 by 25 pctlpre=count;
573  run;
574
575  DATA TEMP;
576  set temp;
577  a=1;
578  run;
579
580  proc sort data=base00; by a;
581  proc sort data=temp; by a;
582
583  DATA BASE00;
584  merge base00 temp;
585  by a;
586  ls25=0; ls50=0; ls75=0; ls100=0;
587  if      lagscore<count25 then ls25=1;
588  else if lagscore<count50 then ls50=1;
589  else if lagscore<count75 then ls75=1;
590  else                          ls100=1;
591
592  ah4=(m_ahim=>4);
593
594  proc genmod descending;
595  class school_id;
596  model zakaibag=educav educem ah4 ole5 semarab semrel
597                 ls50 ls75 ls100 /dist=bin link=logit;
598  repeated subject=school_id /type=ind ;
599  output out=temp2 p=p_hat;
600  proc univariate noprint;
601  var p_hat;
602  output out=temp3 pctlpts=25 to 100 by 25 pctlpre=count_p;
603  run;
604
605  DATA TEMP3;
606  set temp3;
607  a=1;
608  run;
609
610  proc sort data=temp2; by a;
611  proc sort data=temp3; by a;
612
613  DATA BASE00;
614  merge temp2 temp3;
615  by a;
616  p25=0; p50=0; p75=0; p100=0;
617  if      p_hat<count_p25 then p25=1;
618  else if p_hat<count_p50 then p50=1;
619  else if p_hat<count_p75 then p75=1;
620  else                         p100=1;
621  run;
622
623  proc datasets; delete temp temp2 temp3;
624
625  DATA BASE_&gend;
626  set base01 base00;
627  school_id_a=school_id;
628  if year=2000 then do;
629     treated=0;
630     semrel=0;
631     semarab=0;
632     school_id_a=school_id*100;
633     end;
634  *** Missing are omitted here ****;
635  if missing_=0;
636  year01=(year=2001);
637  run;
638
639
640  %macro base_halves (halfby,top_bot);
641
642  ********************************************************************;
643      *** Creating the top and bottom files;
644
645      DATA &halfby._&gend._&top_bot;
646      set base_&gend;
647      top=(&halfby.100=1);
648      bot=(&halfby.75 =1);
649      if &top_bot=1;
650
651      proc sort; by school_id;
652      proc summary; by school_id;
653      var year &outcome;
654      output out=temp min=minY j1 max=maxY j2 mean=j3 zak;
655      run;
656
657      DATA &halfby._&gend._&top_bot;
658      merge &halfby._&gend._&top_bot temp;
659      by school_id;
660      *** We make sure that each school appears in 2000 and 2001;
661      if minY=2000 and maxY=2001;
662      *** We also drop schools with no students eligible to Bagrut,
663          since these schools fail the school FE estimation;
664      run;
665
666  ********************************************************************;
667  %mend base_halves;
668
669  %base_halves (ls,top);
670  %base_halves (ls,bot);
671  %base_halves (p,top);
672  %base_halves (p,bot);
673  ********************************************************************;
674  %mend base_gender;
675
676  %base_gender (bg);
677  %base_gender (b);
678  %base_gender (g);
679  ********************************************************************;
680  ********************************************************************;
681  ********************************************************************;
682      *** Regression Macros;
683  %macro reg_gender (gend);
684  %macro reg_halves (halfby,top_bot);
685
686
687  *** Dependent Means;
688  title "Means/ &outcome._&halfby._&gend._&top_bot";
689      proc genmod data=&halfby._&gend._&top_bot;
690          class school_id;
691          model &outcome=/link=id;
692          repeated subject=school_id /type=ind;
693
694      ods output GEEEmpPEst=means;
695      run;
696
697      data means;
698          set means;
699
700          length rowname $ 12;
701          length outcome $ 10;
702          outcome="&outcome";
703          rowname="0_dep_means";
704          if Parm="Intercept";
705          keep rowname outcome estimate;
706          rename estimate=c_&halfby._&gend._&top_bot;
707      run;
708
709      data trick;
710          length outcome $ 10;
711          length rowname $ 12;
712          length _NAME_ $ 12;
713      run;
714
715      data means;
716          set trick means;
717      run;
718
719  ********************************************************************;
720      *** OLS - main effect + linear control;
721
722  %macro reg(lg,name);
723  title "OLS/ &outcome._&halfby._&gend._&top_bot._&name";
724      ods output GEEEmpPEst=&halfby._&gend._&top_bot._&name;
725      ods output
725! ParameterEstimates=&halfby._&gend._&top_bot._&name._noclus;
726      ods output NObs=&halfby._&gend._&top_bot._N;
727      proc genmod data=&halfby._&gend._&top_bot descending;
728      class school_id_a school_id;
729      model &outcome=treated semarab semrel &lg
730                     year01 school_id /link=id;
731      repeated subject=school_id_a /type=ind ;
732      run;
733
734      Data &halfby._&gend._&top_bot._&name;
735      set &halfby._&gend._&top_bot._&name
736          (keep=parm Estimate StdErr);
737      length rowname $ 12;
738      length outcome $ 10;
739      outcome="&outcome";
740      rowname="&name";
741      if parm="treated";
742      keep rowname outcome estimate StdErr;
743      run;
744
745      data &halfby._&gend._&top_bot._&name._noclus;
746          set &halfby._&gend._&top_bot._&name._noclus
747              (keep=StdErr parameter);
748          if parameter="treated";
749          keep StdErr;
750          rename StdErr=NoClusSE;
751      run;
752
753
754  title "OLS-ROBUST/ &outcome._&halfby._&gend._&top_bot._&name";
755      ods output GEEEmpPEst=&halfby._&gend._&top_bot._&name._robust;
756      proc genmod data=&halfby._&gend._&top_bot descending;
757      class student_id school_id;
758      model &outcome=treated semarab semrel &lg
759                     year01 school_id /link=id;
760      repeated subject=student_id /type=ind ;
761      run;
762
763      Data &halfby._&gend._&top_bot._&name._robust;
764      set &halfby._&gend._&top_bot._&name._robust
765          (keep=parm StdErr);
766      if parm="treated";
767      keep StdErr;
768      rename StdErr=RobSE;
769      run;
770
771      Data &halfby._&gend._&top_bot._&name;
772          merge /* NO BYVAR REQUIRED! */
773                  &halfby._&gend._&top_bot._&name
774                  &halfby._&gend._&top_bot._&name._robust
775                  &halfby._&gend._&top_bot._&name._noclus;
776      run;
777
778      proc transpose data=&halfby._&gend._&top_bot._&name
778! out=&halfby._&gend._&top_bot._&name
779              (rename=(col1=c_&halfby._&gend._&top_bot));
780         by outcome rowname;
781      run;
782  %mend reg;
783  %reg (ls25--ls100,1_main);
784  %reg (lagscore,2_linear);
785
786  ********************************************************************;
787      *** Number of Observations;
788
789  data &halfby._&gend._&top_bot._N;
790  set &halfby._&gend._&top_bot._N;
791  if label="Number of Observations Used";
792          length rowname $ 12;
793          length outcome $ 10;
794          outcome="&outcome";
795          rowname="3_Number_Obs";
796  keep rowname N outcome;
797  rename
798      N=c_&halfby._&gend._&top_bot;
799  run;
800
801  data space1 space2 space3;
802      c_&halfby._&gend._&top_bot=.;
803  run;
804
805  ********************************************************************;
806      *** Creating a column;
807
808  data c_&halfby._&gend._&top_bot;
809      set
810          means
811          space1
812          &halfby._&gend._&top_bot._1_main
813          space2
814          &halfby._&gend._&top_bot._2_linear
815          space3
816          &halfby._&gend._&top_bot._N;
817      drop _label_;
818  run;
819
820
821
822  ********************************************************************;
823  %mend reg_halves;
824
825  %reg_halves (ls,top);
826  %reg_halves (ls,bot);
827  %reg_halves (p,top);
828  %reg_halves (p,bot);
829  ********************************************************************;
830  %mend reg_gender;
831
832  %reg_gender (bg);
833  %reg_gender (b);
834  %reg_gender (g);
835  ********************************************************************;
836      *** Creating space columns;
837
838  %macro spacecol;
839      %do i=1 %to 5;
840          data space_col_&i;
841              space_&i=.;
842          run;
843      %end;
844  %mend spacecol;
845  %spacecol;
846  ********************************************************************;
847      *** Creating the table for &outcome;
848
849  data target.t8_lin_q_&outcome;
850      merge /* NO NEED FOR A BYVAR! */
851          c_ls_bg_top
852          c_ls_bg_bot
853          space_col_1
854
855          c_ls_b_top
856          c_ls_b_bot
857          space_col_2
858
859          c_ls_g_top
860          c_ls_g_bot
861          space_col_3
862
863          c_p_bg_top
864          c_p_bg_bot
865          space_col_4
866
867          c_p_b_top
868          c_p_b_bot
869          space_col_5
870
871          c_p_g_top
872          c_p_g_bot
873      ;
874  run;
875  %mend outcome;
876  ********************************************************************;
877      *** Creating tables for all outcomes;
878
879  %outcome(university);

NOTE: There were 7857 observations read from the data set WORK.BONUS_00_01.
NOTE: The data set WORK.BASE01 has 3821 observations and 21 variables.
NOTE: DATA statement used (Total process time):
      real time           0.01 seconds
      cpu time            0.01 seconds



NOTE: The data set WORK.TEMP has 1 observations and 4 variables.
NOTE: PROCEDURE UNIVARIATE used (Total process time):
      real time           0.03 seconds
      cpu time            0.01 seconds



NOTE: There were 1 observations read from the data set WORK.TEMP.
NOTE: The data set WORK.TEMP has 1 observations and 5 variables.
NOTE: DATA statement used (Total process time):
      real time           0.00 seconds
      cpu time            0.01 seconds



NOTE: There were 3821 observations read from the data set WORK.BASE01.
NOTE: The data set WORK.BASE01 has 3821 observations and 21 variables.
NOTE: PROCEDURE SORT used (Total process time):
      real time           0.02 seconds
      cpu time            0.03 seconds



NOTE: There were 1 observations read from the data set WORK.TEMP.
NOTE: The data set WORK.TEMP has 1 observations and 5 variables.
NOTE: PROCEDURE SORT used (Total process time):
      real time           0.00 seconds
      cpu time            0.01 seconds



NOTE: There were 3821 observations read from the data set WORK.BASE01.
NOTE: There were 1 observations read from the data set WORK.TEMP.
NOTE: The data set WORK.BASE01 has 3821 observations and 30 variables.
NOTE: DATA statement used (Total process time):
      real time           0.01 seconds
      cpu time            0.00 seconds



NOTE: PROC GENMOD is modeling the probability that ZAKAIBAG='1'.
NOTE: Algorithm converged.
NOTE: Algorithm converged.
NOTE: The data set WORK.TEMP2 has 3821 observations and 31 variables.
NOTE: PROCEDURE GENMOD used (Total process time):
      real time           0.27 seconds
      cpu time            0.14 seconds



NOTE: The data set WORK.TEMP3 has 1 observations and 4 variables.
NOTE: PROCEDURE UNIVARIATE used (Total process time):
      real time           0.01 seconds
      cpu time            0.00 seconds



NOTE: There were 1 observations read from the data set WORK.TEMP3.
NOTE: The data set WORK.TEMP3 has 1 observations and 5 variables.
NOTE: DATA statement used (Total process time):
      real time           0.00 seconds
      cpu time            0.00 seconds



NOTE: There were 3821 observations read from the data set WORK.TEMP2.
NOTE: The data set WORK.TEMP2 has 3821 observations and 31 variables.
NOTE: PROCEDURE SORT used (Total process time):
      real time           0.01 seconds
      cpu time            0.00 seconds



NOTE: There were 1 observations read from the data set WORK.TEMP3.
NOTE: The data set WORK.TEMP3 has 1 observations and 5 variables.
NOTE: PROCEDURE SORT used (Total process time):
      real time           0.01 seconds
      cpu time            0.00 seconds



NOTE: There were 3821 observations read from the data set WORK.TEMP2.
NOTE: There were 1 observations read from the data set WORK.TEMP3.
NOTE: The data set WORK.BASE01 has 3821 observations and 39 variables.
NOTE: DATA statement used (Total process time):
      real time           0.01 seconds
      cpu time            0.00 seconds



NOTE: Deleting WORK.TEMP (memtype=DATA).
NOTE: Deleting WORK.TEMP2 (memtype=DATA).
NOTE: Deleting WORK.TEMP3 (memtype=DATA).
NOTE: PROCEDURE DATASETS used (Total process time):
      real time           0.06 seconds
      cpu time            0.03 seconds



NOTE: There were 7857 observations read from the data set WORK.BONUS_00_01.
NOTE: The data set WORK.BASE00 has 4036 observations and 21 variables.
NOTE: DATA statement used (Total process time):
      real time           0.03 seconds
      cpu time            0.00 seconds



NOTE: The data set WORK.TEMP has 1 observations and 4 variables.
NOTE: PROCEDURE UNIVARIATE used (Total process time):
      real time           0.01 seconds
      cpu time            0.01 seconds



NOTE: There were 1 observations read from the data set WORK.TEMP.
NOTE: The data set WORK.TEMP has 1 observations and 5 variables.
NOTE: DATA statement used (Total process time):
      real time           0.01 seconds
      cpu time            0.00 seconds


NOTE: There were 4036 observations read from the data set WORK.BASE00.
NOTE: The data set WORK.BASE00 has 4036 observations and 21 variables.
NOTE: PROCEDURE SORT used (Total process time):
      real time           0.02 seconds
      cpu time            0.00 seconds


NOTE: There were 1 observations read from the data set WORK.TEMP.
NOTE: The data set WORK.TEMP has 1 observations and 5 variables.
NOTE: PROCEDURE SORT used (Total process time):
      real time           0.00 seconds
      cpu time            0.00 seconds



NOTE: There were 4036 observations read from the data set WORK.BASE00.
NOTE: There were 1 observations read from the data set WORK.TEMP.
NOTE: The data set WORK.BASE00 has 4036 observations and 30 variables.
NOTE: DATA statement used (Total process time):
      real time           0.01 seconds
      cpu time            0.00 seconds



NOTE: PROC GENMOD is modeling the probability that ZAKAIBAG='1'.
NOTE: Algorithm converged.
NOTE: Algorithm converged.
NOTE: The data set WORK.TEMP2 has 4036 observations and 31 variables.
NOTE: PROCEDURE GENMOD used (Total process time):
      real time           0.10 seconds
      cpu time            0.11 seconds



NOTE: The data set WORK.TEMP3 has 1 observations and 4 variables.
NOTE: PROCEDURE UNIVARIATE used (Total process time):
      real time           0.01 seconds
      cpu time            0.00 seconds



NOTE: There were 1 observations read from the data set WORK.TEMP3.
NOTE: The data set WORK.TEMP3 has 1 observations and 5 variables.
NOTE: DATA statement used (Total process time):
      real time           0.00 seconds
      cpu time            0.00 seconds



NOTE: There were 4036 observations read from the data set WORK.TEMP2.
NOTE: The data set WORK.TEMP2 has 4036 observations and 31 variables.
NOTE: PROCEDURE SORT used (Total process time):
      real time           0.01 seconds
      cpu time            0.00 seconds



NOTE: There were 1 observations read from the data set WORK.TEMP3.
NOTE: The data set WORK.TEMP3 has 1 observations and 5 variables.
NOTE: PROCEDURE SORT used (Total process time):
      real time           0.00 seconds
      cpu time            0.00 seconds



NOTE: There were 4036 observations read from the data set WORK.TEMP2.
NOTE: There were 1 observations read from the data set WORK.TEMP3.
NOTE: The data set WORK.BASE00 has 4036 observations and 39 variables.
NOTE: DATA statement used (Total process time):
      real time           0.01 seconds
      cpu time            0.01 seconds



NOTE: Deleting WORK.TEMP (memtype=DATA).
NOTE: Deleting WORK.TEMP2 (memtype=DATA).
NOTE: Deleting WORK.TEMP3 (memtype=DATA).
NOTE: PROCEDURE DATASETS used (Total process time):
      real time           0.05 seconds
      cpu time            0.03 seconds



NOTE: There were 3821 observations read from the data set WORK.BASE01.
NOTE: There were 4036 observations read from the data set WORK.BASE00.
NOTE: The data set WORK.BASE_BG has 7586 observations and 41 variables.
NOTE: DATA statement used (Total process time):
      real time           0.01 seconds
      cpu time            0.03 seconds



NOTE: There were 7586 observations read from the data set WORK.BASE_BG.
NOTE: The data set WORK.LS_BG_TOP has 1918 observations and 43 variables.
NOTE: DATA statement used (Total process time):
      real time           0.01 seconds
      cpu time            0.01 seconds



NOTE: There were 1918 observations read from the data set WORK.LS_BG_TOP.
NOTE: The data set WORK.LS_BG_TOP has 1918 observations and 43 variables.
NOTE: PROCEDURE SORT used (Total process time):
      real time           0.01 seconds
      cpu time            0.01 seconds



NOTE: There were 1918 observations read from the data set WORK.LS_BG_TOP.
NOTE: The data set WORK.TEMP has 39 observations and 9 variables.
NOTE: PROCEDURE SUMMARY used (Total process time):
      real time           0.03 seconds
      cpu time            0.03 seconds



NOTE: There were 1918 observations read from the data set WORK.LS_BG_TOP.
NOTE: There were 39 observations read from the data set WORK.TEMP.
NOTE: The data set WORK.LS_BG_TOP has 1914 observations and 51 variables.
NOTE: DATA statement used (Total process time):
      real time           0.01 seconds
      cpu time            0.00 seconds



NOTE: There were 7586 observations read from the data set WORK.BASE_BG.
NOTE: The data set WORK.LS_BG_BOT has 1972 observations and 43 variables.
NOTE: DATA statement used (Total process time):
      real time           0.01 seconds
      cpu time            0.00 seconds



NOTE: There were 1972 observations read from the data set WORK.LS_BG_BOT.
NOTE: The data set WORK.LS_BG_BOT has 1972 observations and 43 variables.
NOTE: PROCEDURE SORT used (Total process time):
      real time           0.03 seconds
      cpu time            0.01 seconds



NOTE: There were 1972 observations read from the data set WORK.LS_BG_BOT.
NOTE: The data set WORK.TEMP has 39 observations and 9 variables.
NOTE: PROCEDURE SUMMARY used (Total process time):
      real time           0.01 seconds
      cpu time            0.00 seconds



NOTE: There were 1972 observations read from the data set WORK.LS_BG_BOT.
NOTE: There were 39 observations read from the data set WORK.TEMP.
NOTE: The data set WORK.LS_BG_BOT has 1971 observations and 51 variables.
NOTE: DATA statement used (Total process time):
      real time           0.01 seconds
      cpu time            0.00 seconds



NOTE: There were 7586 observations read from the data set WORK.BASE_BG.
NOTE: The data set WORK.P_BG_TOP has 1956 observations and 43 variables.
NOTE: DATA statement used (Total process time):
      real time           0.01 seconds
      cpu time            0.00 seconds



NOTE: There were 1956 observations read from the data set WORK.P_BG_TOP.
NOTE: The data set WORK.P_BG_TOP has 1956 observations and 43 variables.
NOTE: PROCEDURE SORT used (Total process time):
      real time           0.01 seconds
      cpu time            0.01 seconds



NOTE: There were 1956 observations read from the data set WORK.P_BG_TOP.
NOTE: The data set WORK.TEMP has 39 observations and 9 variables.
NOTE: PROCEDURE SUMMARY used (Total process time):
      real time           0.01 seconds
      cpu time            0.01 seconds



NOTE: There were 1956 observations read from the data set WORK.P_BG_TOP.
NOTE: There were 39 observations read from the data set WORK.TEMP.
NOTE: The data set WORK.P_BG_TOP has 1955 observations and 51 variables.
NOTE: DATA statement used (Total process time):
      real time           0.01 seconds
      cpu time            0.01 seconds



NOTE: There were 7586 observations read from the data set WORK.BASE_BG.
NOTE: The data set WORK.P_BG_BOT has 1917 observations and 43 variables.
NOTE: DATA statement used (Total process time):
      real time           0.01 seconds
      cpu time            0.01 seconds



NOTE: There were 1917 observations read from the data set WORK.P_BG_BOT.
NOTE: The data set WORK.P_BG_BOT has 1917 observations and 43 variables.
NOTE: PROCEDURE SORT used (Total process time):
      real time           0.01 seconds
      cpu time            0.00 seconds



NOTE: There were 1917 observations read from the data set WORK.P_BG_BOT.
NOTE: The data set WORK.TEMP has 38 observations and 9 variables.
NOTE: PROCEDURE SUMMARY used (Total process time):
      real time           0.01 seconds
      cpu time            0.00 seconds



NOTE: There were 1917 observations read from the data set WORK.P_BG_BOT.
NOTE: There were 38 observations read from the data set WORK.TEMP.
NOTE: The data set WORK.P_BG_BOT has 1845 observations and 51 variables.
NOTE: DATA statement used (Total process time):
      real time           0.01 seconds
      cpu time            0.00 seconds



NOTE: There were 7857 observations read from the data set WORK.BONUS_00_01.
NOTE: The data set WORK.BASE01 has 1960 observations and 21 variables.
NOTE: DATA statement used (Total process time):
      real time           0.01 seconds
      cpu time            0.00 seconds



NOTE: The data set WORK.TEMP has 1 observations and 4 variables.
NOTE: PROCEDURE UNIVARIATE used (Total process time):
      real time           0.00 seconds
      cpu time            0.01 seconds



NOTE: There were 1 observations read from the data set WORK.TEMP.
NOTE: The data set WORK.TEMP has 1 observations and 5 variables.
NOTE: DATA statement used (Total process time):
      real time           0.00 seconds
      cpu time            0.00 seconds



NOTE: There were 1960 observations read from the data set WORK.BASE01.
NOTE: The data set WORK.BASE01 has 1960 observations and 21 variables.
NOTE: PROCEDURE SORT used (Total process time):
      real time           0.00 seconds
      cpu time            0.01 seconds



NOTE: There were 1 observations read from the data set WORK.TEMP.
NOTE: The data set WORK.TEMP has 1 observations and 5 variables.
NOTE: PROCEDURE SORT used (Total process time):
      real time           0.00 seconds
      cpu time            0.01 seconds



NOTE: There were 1960 observations read from the data set WORK.BASE01.
NOTE: There were 1 observations read from the data set WORK.TEMP.
NOTE: The data set WORK.BASE01 has 1960 observations and 30 variables.
NOTE: DATA statement used (Total process time):
      real time           0.01 seconds
      cpu time            0.00 seconds



NOTE: PROC GENMOD is modeling the probability that ZAKAIBAG='1'.
NOTE: Algorithm converged.
NOTE: Algorithm converged.
NOTE: The data set WORK.TEMP2 has 1960 observations and 31 variables.
NOTE: PROCEDURE GENMOD used (Total process time):
      real time           0.08 seconds
      cpu time            0.06 seconds



NOTE: The data set WORK.TEMP3 has 1 observations and 4 variables.
NOTE: PROCEDURE UNIVARIATE used (Total process time):
      real time           0.00 seconds
      cpu time            0.00 seconds



NOTE: There were 1 observations read from the data set WORK.TEMP3.
NOTE: The data set WORK.TEMP3 has 1 observations and 5 variables.
NOTE: DATA statement used (Total process time):
      real time           0.00 seconds
      cpu time            0.00 seconds



NOTE: There were 1960 observations read from the data set WORK.TEMP2.
NOTE: The data set WORK.TEMP2 has 1960 observations and 31 variables.
NOTE: PROCEDURE SORT used (Total process time):
      real time           0.01 seconds
      cpu time            0.01 seconds



NOTE: There were 1 observations read from the data set WORK.TEMP3.
NOTE: The data set WORK.TEMP3 has 1 observations and 5 variables.
NOTE: PROCEDURE SORT used (Total process time):
      real time           0.01 seconds
      cpu time            0.01 seconds



NOTE: There were 1960 observations read from the data set WORK.TEMP2.
NOTE: There were 1 observations read from the data set WORK.TEMP3.
NOTE: The data set WORK.BASE01 has 1960 observations and 39 variables.
NOTE: DATA statement used (Total process time):
      real time           0.01 seconds
      cpu time            0.01 seconds



NOTE: Deleting WORK.TEMP (memtype=DATA).
NOTE: Deleting WORK.TEMP2 (memtype=DATA).
NOTE: Deleting WORK.TEMP3 (memtype=DATA).
NOTE: PROCEDURE DATASETS used (Total process time):
      real time           0.05 seconds
      cpu time            0.04 seconds



NOTE: There were 7857 observations read from the data set WORK.BONUS_00_01.
NOTE: The data set WORK.BASE00 has 2038 observations and 21 variables.
NOTE: DATA statement used (Total process time):
      real time           0.01 seconds
      cpu time            0.01 seconds



NOTE: The data set WORK.TEMP has 1 observations and 4 variables.
NOTE: PROCEDURE UNIVARIATE used (Total process time):
      real time           0.01 seconds
      cpu time            0.00 seconds



NOTE: There were 1 observations read from the data set WORK.TEMP.
NOTE: The data set WORK.TEMP has 1 observations and 5 variables.
NOTE: DATA statement used (Total process time):
      real time           0.01 seconds
      cpu time            0.00 seconds


NOTE: There were 2038 observations read from the data set WORK.BASE00.
NOTE: The data set WORK.BASE00 has 2038 observations and 21 variables.
NOTE: PROCEDURE SORT used (Total process time):
      real time           0.01 seconds
      cpu time            0.01 seconds


NOTE: There were 1 observations read from the data set WORK.TEMP.
NOTE: The data set WORK.TEMP has 1 observations and 5 variables.
NOTE: PROCEDURE SORT used (Total process time):
      real time           0.00 seconds
      cpu time            0.00 seconds



NOTE: There were 2038 observations read from the data set WORK.BASE00.
NOTE: There were 1 observations read from the data set WORK.TEMP.
NOTE: The data set WORK.BASE00 has 2038 observations and 30 variables.
NOTE: DATA statement used (Total process time):
      real time           0.01 seconds
      cpu time            0.01 seconds



NOTE: PROC GENMOD is modeling the probability that ZAKAIBAG='1'.
NOTE: Algorithm converged.
NOTE: Algorithm converged.
NOTE: The data set WORK.TEMP2 has 2038 observations and 31 variables.
NOTE: PROCEDURE GENMOD used (Total process time):
      real time           0.08 seconds
      cpu time            0.06 seconds



NOTE: The data set WORK.TEMP3 has 1 observations and 4 variables.
NOTE: PROCEDURE UNIVARIATE used (Total process time):
      real time           0.00 seconds
      cpu time            0.01 seconds



NOTE: There were 1 observations read from the data set WORK.TEMP3.
NOTE: The data set WORK.TEMP3 has 1 observations and 5 variables.
NOTE: DATA statement used (Total process time):
      real time           0.00 seconds
      cpu time            0.01 seconds



NOTE: There were 2038 observations read from the data set WORK.TEMP2.
NOTE: The data set WORK.TEMP2 has 2038 observations and 31 variables.
NOTE: PROCEDURE SORT used (Total process time):
      real time           0.01 seconds
      cpu time            0.00 seconds



NOTE: There were 1 observations read from the data set WORK.TEMP3.
NOTE: The data set WORK.TEMP3 has 1 observations and 5 variables.
NOTE: PROCEDURE SORT used (Total process time):
      real time           0.00 seconds
      cpu time            0.00 seconds



NOTE: There were 2038 observations read from the data set WORK.TEMP2.
NOTE: There were 1 observations read from the data set WORK.TEMP3.
NOTE: The data set WORK.BASE00 has 2038 observations and 39 variables.
NOTE: DATA statement used (Total process time):
      real time           0.01 seconds
      cpu time            0.01 seconds



NOTE: Deleting WORK.TEMP (memtype=DATA).
NOTE: Deleting WORK.TEMP2 (memtype=DATA).
NOTE: Deleting WORK.TEMP3 (memtype=DATA).
NOTE: PROCEDURE DATASETS used (Total process time):
      real time           0.04 seconds
      cpu time            0.04 seconds



NOTE: There were 1960 observations read from the data set WORK.BASE01.
NOTE: There were 2038 observations read from the data set WORK.BASE00.
NOTE: The data set WORK.BASE_B has 3982 observations and 41 variables.
NOTE: DATA statement used (Total process time):
      real time           0.01 seconds
      cpu time            0.01 seconds



NOTE: There were 3982 observations read from the data set WORK.BASE_B.
NOTE: The data set WORK.LS_B_TOP has 1009 observations and 43 variables.
NOTE: DATA statement used (Total process time):
      real time           0.00 seconds
      cpu time            0.01 seconds



NOTE: There were 1009 observations read from the data set WORK.LS_B_TOP.
NOTE: The data set WORK.LS_B_TOP has 1009 observations and 43 variables.
NOTE: PROCEDURE SORT used (Total process time):
      real time           0.00 seconds
      cpu time            0.01 seconds



NOTE: There were 1009 observations read from the data set WORK.LS_B_TOP.
NOTE: The data set WORK.TEMP has 33 observations and 9 variables.
NOTE: PROCEDURE SUMMARY used (Total process time):
      real time           0.00 seconds
      cpu time            0.01 seconds



NOTE: There were 1009 observations read from the data set WORK.LS_B_TOP.
NOTE: There were 33 observations read from the data set WORK.TEMP.
NOTE: The data set WORK.LS_B_TOP has 1007 observations and 51 variables.
NOTE: DATA statement used (Total process time):
      real time           0.01 seconds
      cpu time            0.00 seconds



NOTE: There were 3982 observations read from the data set WORK.BASE_B.
NOTE: The data set WORK.LS_B_BOT has 988 observations and 43 variables.
NOTE: DATA statement used (Total process time):
      real time           0.01 seconds
      cpu time            0.01 seconds



NOTE: There were 988 observations read from the data set WORK.LS_B_BOT.
NOTE: The data set WORK.LS_B_BOT has 988 observations and 43 variables.
NOTE: PROCEDURE SORT used (Total process time):
      real time           0.01 seconds
      cpu time            0.00 seconds



NOTE: There were 988 observations read from the data set WORK.LS_B_BOT.
NOTE: The data set WORK.TEMP has 33 observations and 9 variables.
NOTE: PROCEDURE SUMMARY used (Total process time):
      real time           0.01 seconds
      cpu time            0.01 seconds



NOTE: There were 988 observations read from the data set WORK.LS_B_BOT.
NOTE: There were 33 observations read from the data set WORK.TEMP.
NOTE: The data set WORK.LS_B_BOT has 988 observations and 51 variables.
NOTE: DATA statement used (Total process time):
      real time           0.01 seconds
      cpu time            0.01 seconds



NOTE: There were 3982 observations read from the data set WORK.BASE_B.
NOTE: The data set WORK.P_B_TOP has 1015 observations and 43 variables.
NOTE: DATA statement used (Total process time):
      real time           0.01 seconds
      cpu time            0.01 seconds



NOTE: There were 1015 observations read from the data set WORK.P_B_TOP.
NOTE: The data set WORK.P_B_TOP has 1015 observations and 43 variables.
NOTE: PROCEDURE SORT used (Total process time):
      real time           0.01 seconds
      cpu time            0.01 seconds



NOTE: There were 1015 observations read from the data set WORK.P_B_TOP.
NOTE: The data set WORK.TEMP has 33 observations and 9 variables.
NOTE: PROCEDURE SUMMARY used (Total process time):
      real time           0.00 seconds
      cpu time            0.01 seconds



NOTE: There were 1015 observations read from the data set WORK.P_B_TOP.
NOTE: There were 33 observations read from the data set WORK.TEMP.
NOTE: The data set WORK.P_B_TOP has 1006 observations and 51 variables.
NOTE: DATA statement used (Total process time):
      real time           0.01 seconds
      cpu time            0.01 seconds



NOTE: There were 3982 observations read from the data set WORK.BASE_B.
NOTE: The data set WORK.P_B_BOT has 980 observations and 43 variables.
NOTE: DATA statement used (Total process time):
      real time           0.00 seconds
      cpu time            0.00 seconds



NOTE: There were 980 observations read from the data set WORK.P_B_BOT.
NOTE: The data set WORK.P_B_BOT has 980 observations and 43 variables.
NOTE: PROCEDURE SORT used (Total process time):
      real time           0.01 seconds
      cpu time            0.00 seconds



NOTE: There were 980 observations read from the data set WORK.P_B_BOT.
NOTE: The data set WORK.TEMP has 33 observations and 9 variables.
NOTE: PROCEDURE SUMMARY used (Total process time):
      real time           0.00 seconds
      cpu time            0.00 seconds



NOTE: There were 980 observations read from the data set WORK.P_B_BOT.
NOTE: There were 33 observations read from the data set WORK.TEMP.
NOTE: The data set WORK.P_B_BOT has 979 observations and 51 variables.
NOTE: DATA statement used (Total process time):
      real time           0.01 seconds
      cpu time            0.00 seconds



NOTE: There were 7857 observations read from the data set WORK.BONUS_00_01.
NOTE: The data set WORK.BASE01 has 1861 observations and 21 variables.
NOTE: DATA statement used (Total process time):
      real time           0.01 seconds
      cpu time            0.01 seconds



NOTE: The data set WORK.TEMP has 1 observations and 4 variables.
NOTE: PROCEDURE UNIVARIATE used (Total process time):
      real time           0.01 seconds
      cpu time            0.00 seconds



NOTE: There were 1 observations read from the data set WORK.TEMP.
NOTE: The data set WORK.TEMP has 1 observations and 5 variables.
NOTE: DATA statement used (Total process time):
      real time           0.00 seconds
      cpu time            0.01 seconds



NOTE: There were 1861 observations read from the data set WORK.BASE01.
NOTE: The data set WORK.BASE01 has 1861 observations and 21 variables.
NOTE: PROCEDURE SORT used (Total process time):
      real time           0.00 seconds
      cpu time            0.01 seconds



NOTE: There were 1 observations read from the data set WORK.TEMP.
NOTE: The data set WORK.TEMP has 1 observations and 5 variables.
NOTE: PROCEDURE SORT used (Total process time):
      real time           0.00 seconds
      cpu time            0.00 seconds



NOTE: There were 1861 observations read from the data set WORK.BASE01.
NOTE: There were 1 observations read from the data set WORK.TEMP.
NOTE: The data set WORK.BASE01 has 1861 observations and 30 variables.
NOTE: DATA statement used (Total process time):
      real time           0.01 seconds
      cpu time            0.00 seconds



NOTE: PROC GENMOD is modeling the probability that ZAKAIBAG='1'.
NOTE: Algorithm converged.
NOTE: Algorithm converged.
NOTE: The data set WORK.TEMP2 has 1861 observations and 31 variables.
NOTE: PROCEDURE GENMOD used (Total process time):
      real time           0.08 seconds
      cpu time            0.06 seconds



NOTE: The data set WORK.TEMP3 has 1 observations and 4 variables.
NOTE: PROCEDURE UNIVARIATE used (Total process time):
      real time           0.00 seconds
      cpu time            0.00 seconds



NOTE: There were 1 observations read from the data set WORK.TEMP3.
NOTE: The data set WORK.TEMP3 has 1 observations and 5 variables.
NOTE: DATA statement used (Total process time):
      real time           0.00 seconds
      cpu time            0.01 seconds



NOTE: There were 1861 observations read from the data set WORK.TEMP2.
NOTE: The data set WORK.TEMP2 has 1861 observations and 31 variables.
NOTE: PROCEDURE SORT used (Total process time):
      real time           0.00 seconds
      cpu time            0.01 seconds



NOTE: There were 1 observations read from the data set WORK.TEMP3.
NOTE: The data set WORK.TEMP3 has 1 observations and 5 variables.
NOTE: PROCEDURE SORT used (Total process time):
      real time           0.01 seconds
      cpu time            0.00 seconds



NOTE: There were 1861 observations read from the data set WORK.TEMP2.
NOTE: There were 1 observations read from the data set WORK.TEMP3.
NOTE: The data set WORK.BASE01 has 1861 observations and 39 variables.
NOTE: DATA statement used (Total process time):
      real time           0.01 seconds
      cpu time            0.01 seconds



NOTE: Deleting WORK.TEMP (memtype=DATA).
NOTE: Deleting WORK.TEMP2 (memtype=DATA).
NOTE: Deleting WORK.TEMP3 (memtype=DATA).
NOTE: PROCEDURE DATASETS used (Total process time):
      real time           0.06 seconds
      cpu time            0.06 seconds



NOTE: There were 7857 observations read from the data set WORK.BONUS_00_01.
NOTE: The data set WORK.BASE00 has 1998 observations and 21 variables.
NOTE: DATA statement used (Total process time):
      real time           0.00 seconds
      cpu time            0.00 seconds



NOTE: The data set WORK.TEMP has 1 observations and 4 variables.
NOTE: PROCEDURE UNIVARIATE used (Total process time):
      real time           0.00 seconds
      cpu time            0.00 seconds



NOTE: There were 1 observations read from the data set WORK.TEMP.
NOTE: The data set WORK.TEMP has 1 observations and 5 variables.
NOTE: DATA statement used (Total process time):
      real time           0.00 seconds
      cpu time            0.01 seconds


NOTE: There were 1998 observations read from the data set WORK.BASE00.
NOTE: The data set WORK.BASE00 has 1998 observations and 21 variables.
NOTE: PROCEDURE SORT used (Total process time):
      real time           0.01 seconds
      cpu time            0.00 seconds


NOTE: There were 1 observations read from the data set WORK.TEMP.
NOTE: The data set WORK.TEMP has 1 observations and 5 variables.
NOTE: PROCEDURE SORT used (Total process time):
      real time           0.00 seconds
      cpu time            0.01 seconds



NOTE: There were 1998 observations read from the data set WORK.BASE00.
NOTE: There were 1 observations read from the data set WORK.TEMP.
NOTE: The data set WORK.BASE00 has 1998 observations and 30 variables.
NOTE: DATA statement used (Total process time):
      real time           0.01 seconds
      cpu time            0.00 seconds



NOTE: PROC GENMOD is modeling the probability that ZAKAIBAG='1'.
NOTE: Algorithm converged.
NOTE: Algorithm converged.
NOTE: The data set WORK.TEMP2 has 1998 observations and 31 variables.
NOTE: PROCEDURE GENMOD used (Total process time):
      real time           0.09 seconds
      cpu time            0.09 seconds



NOTE: The data set WORK.TEMP3 has 1 observations and 4 variables.
NOTE: PROCEDURE UNIVARIATE used (Total process time):
      real time           0.00 seconds
      cpu time            0.00 seconds



NOTE: There were 1 observations read from the data set WORK.TEMP3.
NOTE: The data set WORK.TEMP3 has 1 observations and 5 variables.
NOTE: DATA statement used (Total process time):
      real time           0.00 seconds
      cpu time            0.00 seconds



NOTE: There were 1998 observations read from the data set WORK.TEMP2.
NOTE: The data set WORK.TEMP2 has 1998 observations and 31 variables.
NOTE: PROCEDURE SORT used (Total process time):
      real time           0.01 seconds
      cpu time            0.00 seconds



NOTE: There were 1 observations read from the data set WORK.TEMP3.
NOTE: The data set WORK.TEMP3 has 1 observations and 5 variables.
NOTE: PROCEDURE SORT used (Total process time):
      real time           0.00 seconds
      cpu time            0.00 seconds



NOTE: There were 1998 observations read from the data set WORK.TEMP2.
NOTE: There were 1 observations read from the data set WORK.TEMP3.
NOTE: The data set WORK.BASE00 has 1998 observations and 39 variables.
NOTE: DATA statement used (Total process time):
      real time           0.01 seconds
      cpu time            0.00 seconds



NOTE: Deleting WORK.TEMP (memtype=DATA).
NOTE: Deleting WORK.TEMP2 (memtype=DATA).
NOTE: Deleting WORK.TEMP3 (memtype=DATA).
NOTE: PROCEDURE DATASETS used (Total process time):
      real time           0.06 seconds
      cpu time            0.04 seconds



NOTE: There were 1861 observations read from the data set WORK.BASE01.
NOTE: There were 1998 observations read from the data set WORK.BASE00.
NOTE: The data set WORK.BASE_G has 3604 observations and 41 variables.
NOTE: DATA statement used (Total process time):
      real time           0.01 seconds
      cpu time            0.01 seconds



NOTE: There were 3604 observations read from the data set WORK.BASE_G.
NOTE: The data set WORK.LS_G_TOP has 925 observations and 43 variables.
NOTE: DATA statement used (Total process time):
      real time           0.01 seconds
      cpu time            0.00 seconds



NOTE: There were 925 observations read from the data set WORK.LS_G_TOP.
NOTE: The data set WORK.LS_G_TOP has 925 observations and 43 variables.
NOTE: PROCEDURE SORT used (Total process time):
      real time           0.00 seconds
      cpu time            0.00 seconds



NOTE: There were 925 observations read from the data set WORK.LS_G_TOP.
NOTE: The data set WORK.TEMP has 34 observations and 9 variables.
NOTE: PROCEDURE SUMMARY used (Total process time):
      real time           0.01 seconds
      cpu time            0.00 seconds



NOTE: There were 925 observations read from the data set WORK.LS_G_TOP.
NOTE: There were 34 observations read from the data set WORK.TEMP.
NOTE: The data set WORK.LS_G_TOP has 921 observations and 51 variables.
NOTE: DATA statement used (Total process time):
      real time           0.01 seconds
      cpu time            0.01 seconds



NOTE: There were 3604 observations read from the data set WORK.BASE_G.
NOTE: The data set WORK.LS_G_BOT has 963 observations and 43 variables.
NOTE: DATA statement used (Total process time):
      real time           0.01 seconds
      cpu time            0.01 seconds



NOTE: There were 963 observations read from the data set WORK.LS_G_BOT.
NOTE: The data set WORK.LS_G_BOT has 963 observations and 43 variables.
NOTE: PROCEDURE SORT used (Total process time):
      real time           0.01 seconds
      cpu time            0.00 seconds



NOTE: There were 963 observations read from the data set WORK.LS_G_BOT.
NOTE: The data set WORK.TEMP has 35 observations and 9 variables.
NOTE: PROCEDURE SUMMARY used (Total process time):
      real time           0.01 seconds
      cpu time            0.01 seconds



NOTE: There were 963 observations read from the data set WORK.LS_G_BOT.
NOTE: There were 35 observations read from the data set WORK.TEMP.
NOTE: The data set WORK.LS_G_BOT has 958 observations and 51 variables.
NOTE: DATA statement used (Total process time):
      real time           0.01 seconds
      cpu time            0.01 seconds



NOTE: There were 3604 observations read from the data set WORK.BASE_G.
NOTE: The data set WORK.P_G_TOP has 926 observations and 43 variables.
NOTE: DATA statement used (Total process time):
      real time           0.01 seconds
      cpu time            0.00 seconds



NOTE: There were 926 observations read from the data set WORK.P_G_TOP.
NOTE: The data set WORK.P_G_TOP has 926 observations and 43 variables.
NOTE: PROCEDURE SORT used (Total process time):
      real time           0.00 seconds
      cpu time            0.00 seconds



NOTE: There were 926 observations read from the data set WORK.P_G_TOP.
NOTE: The data set WORK.TEMP has 33 observations and 9 variables.
NOTE: PROCEDURE SUMMARY used (Total process time):
      real time           0.01 seconds
      cpu time            0.01 seconds



NOTE: There were 926 observations read from the data set WORK.P_G_TOP.
NOTE: There were 33 observations read from the data set WORK.TEMP.
NOTE: The data set WORK.P_G_TOP has 924 observations and 51 variables.
NOTE: DATA statement used (Total process time):
      real time           0.01 seconds
      cpu time            0.01 seconds



NOTE: There were 3604 observations read from the data set WORK.BASE_G.
NOTE: The data set WORK.P_G_BOT has 957 observations and 43 variables.
NOTE: DATA statement used (Total process time):
      real time           0.01 seconds
      cpu time            0.00 seconds



NOTE: There were 957 observations read from the data set WORK.P_G_BOT.
NOTE: The data set WORK.P_G_BOT has 957 observations and 43 variables.
NOTE: PROCEDURE SORT used (Total process time):
      real time           0.01 seconds
      cpu time            0.00 seconds



NOTE: There were 957 observations read from the data set WORK.P_G_BOT.
NOTE: The data set WORK.TEMP has 34 observations and 9 variables.
NOTE: PROCEDURE SUMMARY used (Total process time):
      real time           0.01 seconds
      cpu time            0.00 seconds



NOTE: There were 957 observations read from the data set WORK.P_G_BOT.
NOTE: There were 34 observations read from the data set WORK.TEMP.
NOTE: The data set WORK.P_G_BOT has 950 observations and 51 variables.
NOTE: DATA statement used (Total process time):
      real time           0.01 seconds
      cpu time            0.00 seconds


NOTE: Algorithm converged.
NOTE: Algorithm converged.
NOTE: The data set WORK.MEANS has 1 observations and 7 variables.
NOTE: PROCEDURE GENMOD used (Total process time):
      real time           0.05 seconds
      cpu time            0.04 seconds



NOTE: There were 1 observations read from the data set WORK.MEANS.
NOTE: The data set WORK.MEANS has 1 observations and 3 variables.
NOTE: DATA statement used (Total process time):
      real time           0.00 seconds
      cpu time            0.00 seconds



NOTE: Variable outcome is uninitialized.
NOTE: Variable rowname is uninitialized.
NOTE: Variable _NAME_ is uninitialized.
NOTE: The data set WORK.TRICK has 1 observations and 3 variables.
NOTE: DATA statement used (Total process time):
      real time           0.00 seconds
      cpu time            0.00 seconds



NOTE: There were 1 observations read from the data set WORK.TRICK.
NOTE: There were 1 observations read from the data set WORK.MEANS.
NOTE: The data set WORK.MEANS has 2 observations and 4 variables.
NOTE: DATA statement used (Total process time):
      real time           0.00 seconds
      cpu time            0.00 seconds



NOTE: The DESCENDING option applies only to the multinomial distribution
      with ordinal response.
NOTE: Class levels for some variables were not printed due to excessive
      size.
NOTE: Algorithm converged.
NOTE: Algorithm converged.
NOTE: The data set WORK.LS_BG_TOP_N has 2 observations and 6 variables.
NOTE: The data set WORK.LS_BG_TOP_1_MAIN has 47 observations and 8
      variables.
WARNING: Output 'ParameterEstimates' was not created.  Make sure that the
         output object name, label, or path is spelled correctly.  Also,
         verify that the appropriate procedure options are used to produce
         the requested output object.  For example, verify that the
         NOPRINT option is not used.
NOTE: PROCEDURE GENMOD used (Total process time):
      real time           0.11 seconds
      cpu time            0.07 seconds



NOTE: There were 47 observations read from the data set
      WORK.LS_BG_TOP_1_MAIN.
NOTE: The data set WORK.LS_BG_TOP_1_MAIN has 1 observations and 4
      variables.
NOTE: DATA statement used (Total process time):
      real time           0.01 seconds
      cpu time            0.00 seconds


ERROR: The variable StdErr in the DROP, KEEP, or RENAME list has never
       been referenced.
ERROR: The variable parameter in the DROP, KEEP, or RENAME list has never
       been referenced.
ERROR: Invalid DROP, KEEP, or RENAME option on file
       WORK.LS_BG_TOP_1_MAIN_NOCLUS.

WARNING: The variable StdErr in the DROP, KEEP, or RENAME list has never
         been referenced.
WARNING: The variable StdErr in the DROP, KEEP, or RENAME list has never
         been referenced.
NOTE: The SAS System stopped processing this step because of errors.
WARNING: The data set WORK.LS_BG_TOP_1_MAIN_NOCLUS may be incomplete.
         When this step was stopped there were 0 observations and 0
         variables.
WARNING: Data set WORK.LS_BG_TOP_1_MAIN_NOCLUS was not replaced because
         this step was stopped.
NOTE: DATA statement used (Total process time):
      real time           0.00 seconds
      cpu time            0.00 seconds





NOTE: The DESCENDING option applies only to the multinomial distribution
      with ordinal response.
NOTE: Class levels for some variables were not printed due to excessive
      size.
NOTE: Algorithm converged.
NOTE: Algorithm converged.
NOTE: The data set WORK.LS_BG_TOP_1_MAIN_ROBUST has 47 observations and 8
      variables.
NOTE: PROCEDURE GENMOD used (Total process time):
      real time           0.23 seconds
      cpu time            0.18 seconds



NOTE: There were 47 observations read from the data set
      WORK.LS_BG_TOP_1_MAIN_ROBUST.
NOTE: The data set WORK.LS_BG_TOP_1_MAIN_ROBUST has 1 observations and 1
      variables.
NOTE: DATA statement used (Total process time):
      real time           0.01 seconds
      cpu time            0.01 seconds



NOTE: There were 1 observations read from the data set
      WORK.LS_BG_TOP_1_MAIN.
NOTE: There were 1 observations read from the data set
      WORK.LS_BG_TOP_1_MAIN_ROBUST.
NOTE: There were 0 observations read from the data set
      WORK.LS_BG_TOP_1_MAIN_NOCLUS.
NOTE: The data set WORK.LS_BG_TOP_1_MAIN has 1 observations and 5
      variables.
NOTE: DATA statement used (Total process time):
      real time           0.01 seconds
      cpu time            0.01 seconds



NOTE: There were 1 observations read from the data set
      WORK.LS_BG_TOP_1_MAIN.
NOTE: The data set WORK.LS_BG_TOP_1_MAIN has 3 observations and 5
      variables.
NOTE: PROCEDURE TRANSPOSE used (Total process time):
      real time           0.01 seconds
      cpu time            0.01 seconds



NOTE: The DESCENDING option applies only to the multinomial distribution
      with ordinal response.
NOTE: Class levels for some variables were not printed due to excessive
      size.
NOTE: Algorithm converged.
NOTE: Algorithm converged.
NOTE: The data set WORK.LS_BG_TOP_N has 2 observations and 6 variables.
NOTE: The data set WORK.LS_BG_TOP_2_LINEAR has 44 observations and 8
      variables.
WARNING: Output 'ParameterEstimates' was not created.  Make sure that the
         output object name, label, or path is spelled correctly.  Also,
         verify that the appropriate procedure options are used to produce
         the requested output object.  For example, verify that the
         NOPRINT option is not used.
NOTE: PROCEDURE GENMOD used (Total process time):
      real time           0.10 seconds
      cpu time            0.07 seconds



NOTE: There were 44 observations read from the data set
      WORK.LS_BG_TOP_2_LINEAR.
NOTE: The data set WORK.LS_BG_TOP_2_LINEAR has 1 observations and 4
      variables.
NOTE: DATA statement used (Total process time):
      real time           0.01 seconds
      cpu time            0.00 seconds


ERROR: The variable StdErr in the DROP, KEEP, or RENAME list has never
       been referenced.
ERROR: The variable parameter in the DROP, KEEP, or RENAME list has never
       been referenced.
ERROR: Invalid DROP, KEEP, or RENAME option on file
       WORK.LS_BG_TOP_2_LINEAR_NOCLUS.

WARNING: The variable StdErr in the DROP, KEEP, or RENAME list has never
         been referenced.
WARNING: The variable StdErr in the DROP, KEEP, or RENAME list has never
         been referenced.
NOTE: The SAS System stopped processing this step because of errors.
WARNING: The data set WORK.LS_BG_TOP_2_LINEAR_NOCLUS may be incomplete.
         When this step was stopped there were 0 observations and 0
         variables.
WARNING: Data set WORK.LS_BG_TOP_2_LINEAR_NOCLUS was not replaced because
         this step was stopped.
NOTE: DATA statement used (Total process time):
      real time           0.00 seconds
      cpu time            0.00 seconds





NOTE: The DESCENDING option applies only to the multinomial distribution
      with ordinal response.
NOTE: Class levels for some variables were not printed due to excessive
      size.
NOTE: Algorithm converged.
NOTE: Algorithm converged.
NOTE: The data set WORK.LS_BG_TOP_2_LINEAR_ROBUST has 44 observations and
      8 variables.
NOTE: PROCEDURE GENMOD used (Total process time):
      real time           0.22 seconds
      cpu time            0.17 seconds



NOTE: There were 44 observations read from the data set
      WORK.LS_BG_TOP_2_LINEAR_ROBUST.
NOTE: The data set WORK.LS_BG_TOP_2_LINEAR_ROBUST has 1 observations and 1
      variables.
NOTE: DATA statement used (Total process time):
      real time           0.00 seconds
      cpu time            0.00 seconds



NOTE: There were 1 observations read from the data set
      WORK.LS_BG_TOP_2_LINEAR.
NOTE: There were 1 observations read from the data set
      WORK.LS_BG_TOP_2_LINEAR_ROBUST.
NOTE: There were 0 observations read from the data set
      WORK.LS_BG_TOP_2_LINEAR_NOCLUS.
NOTE: The data set WORK.LS_BG_TOP_2_LINEAR has 1 observations and 5
      variables.
NOTE: DATA statement used (Total process time):
      real time           0.01 seconds
      cpu time            0.00 seconds



NOTE: There were 1 observations read from the data set
      WORK.LS_BG_TOP_2_LINEAR.
NOTE: The data set WORK.LS_BG_TOP_2_LINEAR has 3 observations and 5
      variables.
NOTE: PROCEDURE TRANSPOSE used (Total process time):
      real time           0.01 seconds
      cpu time            0.00 seconds



NOTE: There were 2 observations read from the data set WORK.LS_BG_TOP_N.
NOTE: The data set WORK.LS_BG_TOP_N has 1 observations and 3 variables.
NOTE: DATA statement used (Total process time):
      real time           0.00 seconds
      cpu time            0.00 seconds



NOTE: The data set WORK.SPACE1 has 1 observations and 1 variables.
NOTE: The data set WORK.SPACE2 has 1 observations and 1 variables.
NOTE: The data set WORK.SPACE3 has 1 observations and 1 variables.
NOTE: DATA statement used (Total process time):
      real time           0.02 seconds
      cpu time            0.03 seconds



NOTE: There were 2 observations read from the data set WORK.MEANS.
NOTE: There were 1 observations read from the data set WORK.SPACE1.
NOTE: There were 3 observations read from the data set
      WORK.LS_BG_TOP_1_MAIN.
NOTE: There were 1 observations read from the data set WORK.SPACE2.
NOTE: There were 3 observations read from the data set
      WORK.LS_BG_TOP_2_LINEAR.
NOTE: There were 1 observations read from the data set WORK.SPACE3.
NOTE: There were 1 observations read from the data set WORK.LS_BG_TOP_N.
NOTE: The data set WORK.C_LS_BG_TOP has 12 observations and 4 variables.
NOTE: DATA statement used (Total process time):
      real time           0.01 seconds
      cpu time            0.01 seconds


NOTE: Algorithm converged.
NOTE: Algorithm converged.
NOTE: The data set WORK.MEANS has 1 observations and 7 variables.
NOTE: PROCEDURE GENMOD used (Total process time):
      real time           0.05 seconds
      cpu time            0.00 seconds



NOTE: There were 1 observations read from the data set WORK.MEANS.
NOTE: The data set WORK.MEANS has 1 observations and 3 variables.
NOTE: DATA statement used (Total process time):
      real time           0.00 seconds
      cpu time            0.00 seconds



NOTE: Variable outcome is uninitialized.
NOTE: Variable rowname is uninitialized.
NOTE: Variable _NAME_ is uninitialized.
NOTE: The data set WORK.TRICK has 1 observations and 3 variables.
NOTE: DATA statement used (Total process time):
      real time           0.00 seconds
      cpu time            0.00 seconds



NOTE: There were 1 observations read from the data set WORK.TRICK.
NOTE: There were 1 observations read from the data set WORK.MEANS.
NOTE: The data set WORK.MEANS has 2 observations and 4 variables.
NOTE: DATA statement used (Total process time):
      real time           0.00 seconds
      cpu time            0.01 seconds



NOTE: The DESCENDING option applies only to the multinomial distribution
      with ordinal response.
NOTE: Class levels for some variables were not printed due to excessive
      size.
NOTE: Algorithm converged.
NOTE: Algorithm converged.
NOTE: The data set WORK.LS_BG_BOT_N has 2 observations and 6 variables.
NOTE: The data set WORK.LS_BG_BOT_1_MAIN has 47 observations and 8
      variables.
WARNING: Output 'ParameterEstimates' was not created.  Make sure that the
         output object name, label, or path is spelled correctly.  Also,
         verify that the appropriate procedure options are used to produce
         the requested output object.  For example, verify that the
         NOPRINT option is not used.
NOTE: PROCEDURE GENMOD used (Total process time):
      real time           0.09 seconds
      cpu time            0.09 seconds



NOTE: There were 47 observations read from the data set
      WORK.LS_BG_BOT_1_MAIN.
NOTE: The data set WORK.LS_BG_BOT_1_MAIN has 1 observations and 4
      variables.
NOTE: DATA statement used (Total process time):
      real time           0.00 seconds
      cpu time            0.00 seconds


ERROR: The variable StdErr in the DROP, KEEP, or RENAME list has never
       been referenced.
ERROR: The variable parameter in the DROP, KEEP, or RENAME list has never
       been referenced.
ERROR: Invalid DROP, KEEP, or RENAME option on file
       WORK.LS_BG_BOT_1_MAIN_NOCLUS.

WARNING: The variable StdErr in the DROP, KEEP, or RENAME list has never
         been referenced.
WARNING: The variable StdErr in the DROP, KEEP, or RENAME list has never
         been referenced.
NOTE: The SAS System stopped processing this step because of errors.
WARNING: The data set WORK.LS_BG_BOT_1_MAIN_NOCLUS may be incomplete.
         When this step was stopped there were 0 observations and 0
         variables.
WARNING: Data set WORK.LS_BG_BOT_1_MAIN_NOCLUS was not replaced because
         this step was stopped.
NOTE: DATA statement used (Total process time):
      real time           0.00 seconds
      cpu time            0.00 seconds





NOTE: The DESCENDING option applies only to the multinomial distribution
      with ordinal response.
NOTE: Class levels for some variables were not printed due to excessive
      size.
NOTE: Algorithm converged.
NOTE: Algorithm converged.
NOTE: The data set WORK.LS_BG_BOT_1_MAIN_ROBUST has 47 observations and 8
      variables.
NOTE: PROCEDURE GENMOD used (Total process time):
      real time           0.21 seconds
      cpu time            0.22 seconds



NOTE: There were 47 observations read from the data set
      WORK.LS_BG_BOT_1_MAIN_ROBUST.
NOTE: The data set WORK.LS_BG_BOT_1_MAIN_ROBUST has 1 observations and 1
      variables.
NOTE: DATA statement used (Total process time):
      real time           0.00 seconds
      cpu time            0.00 seconds



NOTE: There were 1 observations read from the data set
      WORK.LS_BG_BOT_1_MAIN.
NOTE: There were 1 observations read from the data set
      WORK.LS_BG_BOT_1_MAIN_ROBUST.
NOTE: There were 0 observations read from the data set
      WORK.LS_BG_BOT_1_MAIN_NOCLUS.
NOTE: The data set WORK.LS_BG_BOT_1_MAIN has 1 observations and 5
      variables.
NOTE: DATA statement used (Total process time):
      real time           0.00 seconds
      cpu time            0.00 seconds



NOTE: There were 1 observations read from the data set
      WORK.LS_BG_BOT_1_MAIN.
NOTE: The data set WORK.LS_BG_BOT_1_MAIN has 3 observations and 5
      variables.
NOTE: PROCEDURE TRANSPOSE used (Total process time):
      real time           0.01 seconds
      cpu time            0.01 seconds



NOTE: The DESCENDING option applies only to the multinomial distribution
      with ordinal response.
NOTE: Class levels for some variables were not printed due to excessive
      size.
NOTE: Algorithm converged.
NOTE: Algorithm converged.
NOTE: The data set WORK.LS_BG_BOT_N has 2 observations and 6 variables.
NOTE: The data set WORK.LS_BG_BOT_2_LINEAR has 44 observations and 8
      variables.
WARNING: Output 'ParameterEstimates' was not created.  Make sure that the
         output object name, label, or path is spelled correctly.  Also,
         verify that the appropriate procedure options are used to produce
         the requested output object.  For example, verify that the
         NOPRINT option is not used.
NOTE: PROCEDURE GENMOD used (Total process time):
      real time           0.09 seconds
      cpu time            0.04 seconds



NOTE: There were 44 observations read from the data set
      WORK.LS_BG_BOT_2_LINEAR.
NOTE: The data set WORK.LS_BG_BOT_2_LINEAR has 1 observations and 4
      variables.
NOTE: DATA statement used (Total process time):
      real time           0.01 seconds
      cpu time            0.00 seconds


ERROR: The variable StdErr in the DROP, KEEP, or RENAME list has never
       been referenced.
ERROR: The variable parameter in the DROP, KEEP, or RENAME list has never
       been referenced.
ERROR: Invalid DROP, KEEP, or RENAME option on file
       WORK.LS_BG_BOT_2_LINEAR_NOCLUS.

WARNING: The variable StdErr in the DROP, KEEP, or RENAME list has never
         been referenced.
WARNING: The variable StdErr in the DROP, KEEP, or RENAME list has never
         been referenced.
NOTE: The SAS System stopped processing this step because of errors.
WARNING: The data set WORK.LS_BG_BOT_2_LINEAR_NOCLUS may be incomplete.
         When this step was stopped there were 0 observations and 0
         variables.
WARNING: Data set WORK.LS_BG_BOT_2_LINEAR_NOCLUS was not replaced because
         this step was stopped.
NOTE: DATA statement used (Total process time):
      real time           0.00 seconds
      cpu time            0.00 seconds





NOTE: The DESCENDING option applies only to the multinomial distribution
      with ordinal response.
NOTE: Class levels for some variables were not printed due to excessive
      size.
NOTE: Algorithm converged.
NOTE: Algorithm converged.
NOTE: The data set WORK.LS_BG_BOT_2_LINEAR_ROBUST has 44 observations and
      8 variables.
NOTE: PROCEDURE GENMOD used (Total process time):
      real time           0.23 seconds
      cpu time            0.21 seconds



NOTE: There were 44 observations read from the data set
      WORK.LS_BG_BOT_2_LINEAR_ROBUST.
NOTE: The data set WORK.LS_BG_BOT_2_LINEAR_ROBUST has 1 observations and 1
      variables.
NOTE: DATA statement used (Total process time):
      real time           0.02 seconds
      cpu time            0.01 seconds



NOTE: There were 1 observations read from the data set
      WORK.LS_BG_BOT_2_LINEAR.
NOTE: There were 1 observations read from the data set
      WORK.LS_BG_BOT_2_LINEAR_ROBUST.
NOTE: There were 0 observations read from the data set
      WORK.LS_BG_BOT_2_LINEAR_NOCLUS.
NOTE: The data set WORK.LS_BG_BOT_2_LINEAR has 1 observations and 5
      variables.
NOTE: DATA statement used (Total process time):
      real time           0.00 seconds
      cpu time            0.00 seconds



NOTE: There were 1 observations read from the data set
      WORK.LS_BG_BOT_2_LINEAR.
NOTE: The data set WORK.LS_BG_BOT_2_LINEAR has 3 observations and 5
      variables.
NOTE: PROCEDURE TRANSPOSE used (Total process time):
      real time           0.01 seconds
      cpu time            0.00 seconds



NOTE: There were 2 observations read from the data set WORK.LS_BG_BOT_N.
NOTE: The data set WORK.LS_BG_BOT_N has 1 observations and 3 variables.
NOTE: DATA statement used (Total process time):
      real time           0.00 seconds
      cpu time            0.00 seconds



NOTE: The data set WORK.SPACE1 has 1 observations and 1 variables.
NOTE: The data set WORK.SPACE2 has 1 observations and 1 variables.
NOTE: The data set WORK.SPACE3 has 1 observations and 1 variables.
NOTE: DATA statement used (Total process time):
      real time           0.02 seconds
      cpu time            0.01 seconds



NOTE: There were 2 observations read from the data set WORK.MEANS.
NOTE: There were 1 observations read from the data set WORK.SPACE1.
NOTE: There were 3 observations read from the data set
      WORK.LS_BG_BOT_1_MAIN.
NOTE: There were 1 observations read from the data set WORK.SPACE2.
NOTE: There were 3 observations read from the data set
      WORK.LS_BG_BOT_2_LINEAR.
NOTE: There were 1 observations read from the data set WORK.SPACE3.
NOTE: There were 1 observations read from the data set WORK.LS_BG_BOT_N.
NOTE: The data set WORK.C_LS_BG_BOT has 12 observations and 4 variables.
NOTE: DATA statement used (Total process time):
      real time           0.01 seconds
      cpu time            0.00 seconds


NOTE: Algorithm converged.
NOTE: Algorithm converged.
NOTE: The data set WORK.MEANS has 1 observations and 7 variables.
NOTE: PROCEDURE GENMOD used (Total process time):
      real time           0.05 seconds
      cpu time            0.04 seconds



NOTE: There were 1 observations read from the data set WORK.MEANS.
NOTE: The data set WORK.MEANS has 1 observations and 3 variables.
NOTE: DATA statement used (Total process time):
      real time           0.00 seconds
      cpu time            0.01 seconds



NOTE: Variable outcome is uninitialized.
NOTE: Variable rowname is uninitialized.
NOTE: Variable _NAME_ is uninitialized.
NOTE: The data set WORK.TRICK has 1 observations and 3 variables.
NOTE: DATA statement used (Total process time):
      real time           0.00 seconds
      cpu time            0.00 seconds



NOTE: There were 1 observations read from the data set WORK.TRICK.
NOTE: There were 1 observations read from the data set WORK.MEANS.
NOTE: The data set WORK.MEANS has 2 observations and 4 variables.
NOTE: DATA statement used (Total process time):
      real time           0.00 seconds
      cpu time            0.01 seconds



NOTE: The DESCENDING option applies only to the multinomial distribution
      with ordinal response.
NOTE: Class levels for some variables were not printed due to excessive
      size.
NOTE: Algorithm converged.
NOTE: Algorithm converged.
NOTE: The data set WORK.P_BG_TOP_N has 2 observations and 6 variables.
NOTE: The data set WORK.P_BG_TOP_1_MAIN has 47 observations and 8
      variables.
WARNING: Output 'ParameterEstimates' was not created.  Make sure that the
         output object name, label, or path is spelled correctly.  Also,
         verify that the appropriate procedure options are used to produce
         the requested output object.  For example, verify that the
         NOPRINT option is not used.
NOTE: PROCEDURE GENMOD used (Total process time):
      real time           0.10 seconds
      cpu time            0.07 seconds



NOTE: There were 47 observations read from the data set
      WORK.P_BG_TOP_1_MAIN.
NOTE: The data set WORK.P_BG_TOP_1_MAIN has 1 observations and 4 variables.
NOTE: DATA statement used (Total process time):
      real time           0.01 seconds
      cpu time            0.00 seconds


ERROR: The variable StdErr in the DROP, KEEP, or RENAME list has never
       been referenced.
ERROR: The variable parameter in the DROP, KEEP, or RENAME list has never
       been referenced.
ERROR: Invalid DROP, KEEP, or RENAME option on file
       WORK.P_BG_TOP_1_MAIN_NOCLUS.

WARNING: The variable StdErr in the DROP, KEEP, or RENAME list has never
         been referenced.
WARNING: The variable StdErr in the DROP, KEEP, or RENAME list has never
         been referenced.
NOTE: The SAS System stopped processing this step because of errors.
WARNING: The data set WORK.P_BG_TOP_1_MAIN_NOCLUS may be incomplete.  When
         this step was stopped there were 0 observations and 0 variables.
WARNING: Data set WORK.P_BG_TOP_1_MAIN_NOCLUS was not replaced because
         this step was stopped.
NOTE: DATA statement used (Total process time):
      real time           0.00 seconds
      cpu time            0.00 seconds





NOTE: The DESCENDING option applies only to the multinomial distribution
      with ordinal response.
NOTE: Class levels for some variables were not printed due to excessive
      size.
NOTE: Algorithm converged.
NOTE: Algorithm converged.
NOTE: The data set WORK.P_BG_TOP_1_MAIN_ROBUST has 47 observations and 8
      variables.
NOTE: PROCEDURE GENMOD used (Total process time):
      real time           0.22 seconds
      cpu time            0.21 seconds



NOTE: There were 47 observations read from the data set
      WORK.P_BG_TOP_1_MAIN_ROBUST.
NOTE: The data set WORK.P_BG_TOP_1_MAIN_ROBUST has 1 observations and 1
      variables.
NOTE: DATA statement used (Total process time):
      real time           0.01 seconds
      cpu time            0.01 seconds



NOTE: There were 1 observations read from the data set
      WORK.P_BG_TOP_1_MAIN.
NOTE: There were 1 observations read from the data set
      WORK.P_BG_TOP_1_MAIN_ROBUST.
NOTE: There were 0 observations read from the data set
      WORK.P_BG_TOP_1_MAIN_NOCLUS.
NOTE: The data set WORK.P_BG_TOP_1_MAIN has 1 observations and 5 variables.
NOTE: DATA statement used (Total process time):
      real time           0.01 seconds
      cpu time            0.00 seconds



NOTE: There were 1 observations read from the data set
      WORK.P_BG_TOP_1_MAIN.
NOTE: The data set WORK.P_BG_TOP_1_MAIN has 3 observations and 5 variables.
NOTE: PROCEDURE TRANSPOSE used (Total process time):
      real time           0.02 seconds
      cpu time            0.00 seconds



NOTE: The DESCENDING option applies only to the multinomial distribution
      with ordinal response.
NOTE: Class levels for some variables were not printed due to excessive
      size.
NOTE: Algorithm converged.
NOTE: Algorithm converged.
NOTE: The data set WORK.P_BG_TOP_N has 2 observations and 6 variables.
NOTE: The data set WORK.P_BG_TOP_2_LINEAR has 44 observations and 8
      variables.
WARNING: Output 'ParameterEstimates' was not created.  Make sure that the
         output object name, label, or path is spelled correctly.  Also,
         verify that the appropriate procedure options are used to produce
         the requested output object.  For example, verify that the
         NOPRINT option is not used.
NOTE: PROCEDURE GENMOD used (Total process time):
      real time           0.09 seconds
      cpu time            0.07 seconds



NOTE: There were 44 observations read from the data set
      WORK.P_BG_TOP_2_LINEAR.
NOTE: The data set WORK.P_BG_TOP_2_LINEAR has 1 observations and 4
      variables.
NOTE: DATA statement used (Total process time):
      real time           0.02 seconds
      cpu time            0.00 seconds


ERROR: The variable StdErr in the DROP, KEEP, or RENAME list has never
       been referenced.
ERROR: The variable parameter in the DROP, KEEP, or RENAME list has never
       been referenced.
ERROR: Invalid DROP, KEEP, or RENAME option on file
       WORK.P_BG_TOP_2_LINEAR_NOCLUS.

WARNING: The variable StdErr in the DROP, KEEP, or RENAME list has never
         been referenced.
WARNING: The variable StdErr in the DROP, KEEP, or RENAME list has never
         been referenced.
NOTE: The SAS System stopped processing this step because of errors.
WARNING: The data set WORK.P_BG_TOP_2_LINEAR_NOCLUS may be incomplete.
         When this step was stopped there were 0 observations and 0
         variables.
WARNING: Data set WORK.P_BG_TOP_2_LINEAR_NOCLUS was not replaced because
         this step was stopped.
NOTE: DATA statement used (Total process time):
      real time           0.00 seconds
      cpu time            0.00 seconds





NOTE: The DESCENDING option applies only to the multinomial distribution
      with ordinal response.
NOTE: Class levels for some variables were not printed due to excessive
      size.
NOTE: Algorithm converged.
NOTE: Algorithm converged.
NOTE: The data set WORK.P_BG_TOP_2_LINEAR_ROBUST has 44 observations and 8
      variables.
NOTE: PROCEDURE GENMOD used (Total process time):
      real time           0.24 seconds
      cpu time            0.21 seconds



NOTE: There were 44 observations read from the data set
      WORK.P_BG_TOP_2_LINEAR_ROBUST.
NOTE: The data set WORK.P_BG_TOP_2_LINEAR_ROBUST has 1 observations and 1
      variables.
NOTE: DATA statement used (Total process time):
      real time           0.01 seconds
      cpu time            0.01 seconds



NOTE: There were 1 observations read from the data set
      WORK.P_BG_TOP_2_LINEAR.
NOTE: There were 1 observations read from the data set
      WORK.P_BG_TOP_2_LINEAR_ROBUST.
NOTE: There were 0 observations read from the data set
      WORK.P_BG_TOP_2_LINEAR_NOCLUS.
NOTE: The data set WORK.P_BG_TOP_2_LINEAR has 1 observations and 5
      variables.
NOTE: DATA statement used (Total process time):
      real time           0.03 seconds
      cpu time            0.01 seconds



NOTE: There were 1 observations read from the data set
      WORK.P_BG_TOP_2_LINEAR.
NOTE: The data set WORK.P_BG_TOP_2_LINEAR has 3 observations and 5
      variables.
NOTE: PROCEDURE TRANSPOSE used (Total process time):
      real time           0.01 seconds
      cpu time            0.00 seconds



NOTE: There were 2 observations read from the data set WORK.P_BG_TOP_N.
NOTE: The data set WORK.P_BG_TOP_N has 1 observations and 3 variables.
NOTE: DATA statement used (Total process time):
      real time           0.02 seconds
      cpu time            0.00 seconds



NOTE: The data set WORK.SPACE1 has 1 observations and 1 variables.
NOTE: The data set WORK.SPACE2 has 1 observations and 1 variables.
NOTE: The data set WORK.SPACE3 has 1 observations and 1 variables.
NOTE: DATA statement used (Total process time):
      real time           0.03 seconds
      cpu time            0.00 seconds



NOTE: There were 2 observations read from the data set WORK.MEANS.
NOTE: There were 1 observations read from the data set WORK.SPACE1.
NOTE: There were 3 observations read from the data set
      WORK.P_BG_TOP_1_MAIN.
NOTE: There were 1 observations read from the data set WORK.SPACE2.
NOTE: There were 3 observations read from the data set
      WORK.P_BG_TOP_2_LINEAR.
NOTE: There were 1 observations read from the data set WORK.SPACE3.
NOTE: There were 1 observations read from the data set WORK.P_BG_TOP_N.
NOTE: The data set WORK.C_P_BG_TOP has 12 observations and 4 variables.
NOTE: DATA statement used (Total process time):
      real time           0.01 seconds
      cpu time            0.01 seconds


NOTE: Algorithm converged.
NOTE: Algorithm converged.
NOTE: The data set WORK.MEANS has 1 observations and 7 variables.
NOTE: PROCEDURE GENMOD used (Total process time):
      real time           0.10 seconds
      cpu time            0.06 seconds



NOTE: There were 1 observations read from the data set WORK.MEANS.
NOTE: The data set WORK.MEANS has 1 observations and 3 variables.
NOTE: DATA statement used (Total process time):
      real time           0.01 seconds
      cpu time            0.00 seconds



NOTE: Variable outcome is uninitialized.
NOTE: Variable rowname is uninitialized.
NOTE: Variable _NAME_ is uninitialized.
NOTE: The data set WORK.TRICK has 1 observations and 3 variables.
NOTE: DATA statement used (Total process time):
      real time           0.00 seconds
      cpu time            0.00 seconds



NOTE: There were 1 observations read from the data set WORK.TRICK.
NOTE: There were 1 observations read from the data set WORK.MEANS.
NOTE: The data set WORK.MEANS has 2 observations and 4 variables.
NOTE: DATA statement used (Total process time):
      real time           0.00 seconds
      cpu time            0.01 seconds



NOTE: The DESCENDING option applies only to the multinomial distribution
      with ordinal response.
NOTE: Algorithm converged.
NOTE: Algorithm converged.
NOTE: The data set WORK.P_BG_BOT_N has 2 observations and 6 variables.
NOTE: The data set WORK.P_BG_BOT_1_MAIN has 41 observations and 8
      variables.
WARNING: Output 'ParameterEstimates' was not created.  Make sure that the
         output object name, label, or path is spelled correctly.  Also,
         verify that the appropriate procedure options are used to produce
         the requested output object.  For example, verify that the
         NOPRINT option is not used.
NOTE: PROCEDURE GENMOD used (Total process time):
      real time           0.11 seconds
      cpu time            0.06 seconds



NOTE: There were 41 observations read from the data set
      WORK.P_BG_BOT_1_MAIN.
NOTE: The data set WORK.P_BG_BOT_1_MAIN has 1 observations and 4 variables.
NOTE: DATA statement used (Total process time):
      real time           0.01 seconds
      cpu time            0.00 seconds


ERROR: The variable StdErr in the DROP, KEEP, or RENAME list has never
       been referenced.
ERROR: The variable parameter in the DROP, KEEP, or RENAME list has never
       been referenced.
ERROR: Invalid DROP, KEEP, or RENAME option on file
       WORK.P_BG_BOT_1_MAIN_NOCLUS.

WARNING: The variable StdErr in the DROP, KEEP, or RENAME list has never
         been referenced.
WARNING: The variable StdErr in the DROP, KEEP, or RENAME list has never
         been referenced.
NOTE: The SAS System stopped processing this step because of errors.
WARNING: The data set WORK.P_BG_BOT_1_MAIN_NOCLUS may be incomplete.  When
         this step was stopped there were 0 observations and 0 variables.
WARNING: Data set WORK.P_BG_BOT_1_MAIN_NOCLUS was not replaced because
         this step was stopped.
NOTE: DATA statement used (Total process time):
      real time           0.00 seconds
      cpu time            0.00 seconds





NOTE: The DESCENDING option applies only to the multinomial distribution
      with ordinal response.
NOTE: Class levels for some variables were not printed due to excessive
      size.
NOTE: Algorithm converged.
NOTE: Algorithm converged.
NOTE: The data set WORK.P_BG_BOT_1_MAIN_ROBUST has 41 observations and 8
      variables.
NOTE: PROCEDURE GENMOD used (Total process time):
      real time           0.18 seconds
      cpu time            0.17 seconds



NOTE: There were 41 observations read from the data set
      WORK.P_BG_BOT_1_MAIN_ROBUST.
NOTE: The data set WORK.P_BG_BOT_1_MAIN_ROBUST has 1 observations and 1
      variables.
NOTE: DATA statement used (Total process time):
      real time           0.00 seconds
      cpu time            0.00 seconds



NOTE: There were 1 observations read from the data set
      WORK.P_BG_BOT_1_MAIN.
NOTE: There were 1 observations read from the data set
      WORK.P_BG_BOT_1_MAIN_ROBUST.
NOTE: There were 0 observations read from the data set
      WORK.P_BG_BOT_1_MAIN_NOCLUS.
NOTE: The data set WORK.P_BG_BOT_1_MAIN has 1 observations and 5 variables.
NOTE: DATA statement used (Total process time):
      real time           0.01 seconds
      cpu time            0.01 seconds



NOTE: There were 1 observations read from the data set
      WORK.P_BG_BOT_1_MAIN.
NOTE: The data set WORK.P_BG_BOT_1_MAIN has 3 observations and 5 variables.
NOTE: PROCEDURE TRANSPOSE used (Total process time):
      real time           0.03 seconds
      cpu time            0.03 seconds



NOTE: The DESCENDING option applies only to the multinomial distribution
      with ordinal response.
NOTE: Algorithm converged.
NOTE: Algorithm converged.
NOTE: The data set WORK.P_BG_BOT_N has 2 observations and 6 variables.
NOTE: The data set WORK.P_BG_BOT_2_LINEAR has 38 observations and 8
      variables.
WARNING: Output 'ParameterEstimates' was not created.  Make sure that the
         output object name, label, or path is spelled correctly.  Also,
         verify that the appropriate procedure options are used to produce
         the requested output object.  For example, verify that the
         NOPRINT option is not used.
NOTE: PROCEDURE GENMOD used (Total process time):
      real time           0.08 seconds
      cpu time            0.07 seconds



NOTE: There were 38 observations read from the data set
      WORK.P_BG_BOT_2_LINEAR.
NOTE: The data set WORK.P_BG_BOT_2_LINEAR has 1 observations and 4
      variables.
NOTE: DATA statement used (Total process time):
      real time           0.00 seconds
      cpu time            0.01 seconds


ERROR: The variable StdErr in the DROP, KEEP, or RENAME list has never
       been referenced.
ERROR: The variable parameter in the DROP, KEEP, or RENAME list has never
       been referenced.
ERROR: Invalid DROP, KEEP, or RENAME option on file
       WORK.P_BG_BOT_2_LINEAR_NOCLUS.

WARNING: The variable StdErr in the DROP, KEEP, or RENAME list has never
         been referenced.
WARNING: The variable StdErr in the DROP, KEEP, or RENAME list has never
         been referenced.
NOTE: The SAS System stopped processing this step because of errors.
WARNING: The data set WORK.P_BG_BOT_2_LINEAR_NOCLUS may be incomplete.
         When this step was stopped there were 0 observations and 0
         variables.
WARNING: Data set WORK.P_BG_BOT_2_LINEAR_NOCLUS was not replaced because
         this step was stopped.
NOTE: DATA statement used (Total process time):
      real time           0.00 seconds
      cpu time            0.01 seconds





NOTE: The DESCENDING option applies only to the multinomial distribution
      with ordinal response.
NOTE: Class levels for some variables were not printed due to excessive
      size.
NOTE: Algorithm converged.
NOTE: Algorithm converged.
NOTE: The data set WORK.P_BG_BOT_2_LINEAR_ROBUST has 38 observations and 8
      variables.
NOTE: PROCEDURE GENMOD used (Total process time):
      real time           0.18 seconds
      cpu time            0.18 seconds



NOTE: There were 38 observations read from the data set
      WORK.P_BG_BOT_2_LINEAR_ROBUST.
NOTE: The data set WORK.P_BG_BOT_2_LINEAR_ROBUST has 1 observations and 1
      variables.
NOTE: DATA statement used (Total process time):
      real time           0.00 seconds
      cpu time            0.00 seconds



NOTE: There were 1 observations read from the data set
      WORK.P_BG_BOT_2_LINEAR.
NOTE: There were 1 observations read from the data set
      WORK.P_BG_BOT_2_LINEAR_ROBUST.
NOTE: There were 0 observations read from the data set
      WORK.P_BG_BOT_2_LINEAR_NOCLUS.
NOTE: The data set WORK.P_BG_BOT_2_LINEAR has 1 observations and 5
      variables.
NOTE: DATA statement used (Total process time):
      real time           0.01 seconds
      cpu time            0.00 seconds



NOTE: There were 1 observations read from the data set
      WORK.P_BG_BOT_2_LINEAR.
NOTE: The data set WORK.P_BG_BOT_2_LINEAR has 3 observations and 5
      variables.
NOTE: PROCEDURE TRANSPOSE used (Total process time):
      real time           0.01 seconds
      cpu time            0.01 seconds



NOTE: There were 2 observations read from the data set WORK.P_BG_BOT_N.
NOTE: The data set WORK.P_BG_BOT_N has 1 observations and 3 variables.
NOTE: DATA statement used (Total process time):
      real time           0.00 seconds
      cpu time            0.01 seconds



NOTE: The data set WORK.SPACE1 has 1 observations and 1 variables.
NOTE: The data set WORK.SPACE2 has 1 observations and 1 variables.
NOTE: The data set WORK.SPACE3 has 1 observations and 1 variables.
NOTE: DATA statement used (Total process time):
      real time           0.02 seconds
      cpu time            0.00 seconds



NOTE: There were 2 observations read from the data set WORK.MEANS.
NOTE: There were 1 observations read from the data set WORK.SPACE1.
NOTE: There were 3 observations read from the data set
      WORK.P_BG_BOT_1_MAIN.
NOTE: There were 1 observations read from the data set WORK.SPACE2.
NOTE: There were 3 observations read from the data set
      WORK.P_BG_BOT_2_LINEAR.
NOTE: There were 1 observations read from the data set WORK.SPACE3.
NOTE: There were 1 observations read from the data set WORK.P_BG_BOT_N.
NOTE: The data set WORK.C_P_BG_BOT has 12 observations and 4 variables.
NOTE: DATA statement used (Total process time):
      real time           0.01 seconds
      cpu time            0.00 seconds


NOTE: Algorithm converged.
NOTE: Algorithm converged.
NOTE: The data set WORK.MEANS has 1 observations and 7 variables.
NOTE: PROCEDURE GENMOD used (Total process time):
      real time           0.05 seconds
      cpu time            0.04 seconds



NOTE: There were 1 observations read from the data set WORK.MEANS.
NOTE: The data set WORK.MEANS has 1 observations and 3 variables.
NOTE: DATA statement used (Total process time):
      real time           0.00 seconds
      cpu time            0.00 seconds



NOTE: Variable outcome is uninitialized.
NOTE: Variable rowname is uninitialized.
NOTE: Variable _NAME_ is uninitialized.
NOTE: The data set WORK.TRICK has 1 observations and 3 variables.
NOTE: DATA statement used (Total process time):
      real time           0.00 seconds
      cpu time            0.01 seconds



NOTE: There were 1 observations read from the data set WORK.TRICK.
NOTE: There were 1 observations read from the data set WORK.MEANS.
NOTE: The data set WORK.MEANS has 2 observations and 4 variables.
NOTE: DATA statement used (Total process time):
      real time           0.01 seconds
      cpu time            0.01 seconds



NOTE: The DESCENDING option applies only to the multinomial distribution
      with ordinal response.
NOTE: Algorithm converged.
NOTE: Algorithm converged.
NOTE: The data set WORK.LS_B_TOP_N has 2 observations and 6 variables.
NOTE: The data set WORK.LS_B_TOP_1_MAIN has 41 observations and 8
      variables.
WARNING: Output 'ParameterEstimates' was not created.  Make sure that the
         output object name, label, or path is spelled correctly.  Also,
         verify that the appropriate procedure options are used to produce
         the requested output object.  For example, verify that the
         NOPRINT option is not used.
NOTE: PROCEDURE GENMOD used (Total process time):
      real time           0.08 seconds
      cpu time            0.07 seconds



NOTE: There were 41 observations read from the data set
      WORK.LS_B_TOP_1_MAIN.
NOTE: The data set WORK.LS_B_TOP_1_MAIN has 1 observations and 4 variables.
NOTE: DATA statement used (Total process time):
      real time           0.00 seconds
      cpu time            0.01 seconds


ERROR: The variable StdErr in the DROP, KEEP, or RENAME list has never
       been referenced.
ERROR: The variable parameter in the DROP, KEEP, or RENAME list has never
       been referenced.
ERROR: Invalid DROP, KEEP, or RENAME option on file
       WORK.LS_B_TOP_1_MAIN_NOCLUS.

WARNING: The variable StdErr in the DROP, KEEP, or RENAME list has never
         been referenced.
WARNING: The variable StdErr in the DROP, KEEP, or RENAME list has never
         been referenced.
NOTE: The SAS System stopped processing this step because of errors.
WARNING: The data set WORK.LS_B_TOP_1_MAIN_NOCLUS may be incomplete.  When
         this step was stopped there were 0 observations and 0 variables.
WARNING: Data set WORK.LS_B_TOP_1_MAIN_NOCLUS was not replaced because
         this step was stopped.
NOTE: DATA statement used (Total process time):
      real time           0.00 seconds
      cpu time            0.00 seconds





NOTE: The DESCENDING option applies only to the multinomial distribution
      with ordinal response.
NOTE: Class levels for some variables were not printed due to excessive
      size.
NOTE: Algorithm converged.
NOTE: Algorithm converged.
NOTE: The data set WORK.LS_B_TOP_1_MAIN_ROBUST has 41 observations and 8
      variables.
NOTE: PROCEDURE GENMOD used (Total process time):
      real time           0.13 seconds
      cpu time            0.09 seconds



NOTE: There were 41 observations read from the data set
      WORK.LS_B_TOP_1_MAIN_ROBUST.
NOTE: The data set WORK.LS_B_TOP_1_MAIN_ROBUST has 1 observations and 1
      variables.
NOTE: DATA statement used (Total process time):
      real time           0.00 seconds
      cpu time            0.01 seconds



NOTE: There were 1 observations read from the data set
      WORK.LS_B_TOP_1_MAIN.
NOTE: There were 1 observations read from the data set
      WORK.LS_B_TOP_1_MAIN_ROBUST.
NOTE: There were 0 observations read from the data set
      WORK.LS_B_TOP_1_MAIN_NOCLUS.
NOTE: The data set WORK.LS_B_TOP_1_MAIN has 1 observations and 5 variables.
NOTE: DATA statement used (Total process time):
      real time           0.00 seconds
      cpu time            0.00 seconds



NOTE: There were 1 observations read from the data set
      WORK.LS_B_TOP_1_MAIN.
NOTE: The data set WORK.LS_B_TOP_1_MAIN has 3 observations and 5 variables.
NOTE: PROCEDURE TRANSPOSE used (Total process time):
      real time           0.01 seconds
      cpu time            0.01 seconds



NOTE: The DESCENDING option applies only to the multinomial distribution
      with ordinal response.
NOTE: Algorithm converged.
NOTE: Algorithm converged.
NOTE: The data set WORK.LS_B_TOP_N has 2 observations and 6 variables.
NOTE: The data set WORK.LS_B_TOP_2_LINEAR has 38 observations and 8
      variables.
WARNING: Output 'ParameterEstimates' was not created.  Make sure that the
         output object name, label, or path is spelled correctly.  Also,
         verify that the appropriate procedure options are used to produce
         the requested output object.  For example, verify that the
         NOPRINT option is not used.
NOTE: PROCEDURE GENMOD used (Total process time):
      real time           0.08 seconds
      cpu time            0.09 seconds



NOTE: There were 38 observations read from the data set
      WORK.LS_B_TOP_2_LINEAR.
NOTE: The data set WORK.LS_B_TOP_2_LINEAR has 1 observations and 4
      variables.
NOTE: DATA statement used (Total process time):
      real time           0.01 seconds
      cpu time            0.03 seconds


ERROR: The variable StdErr in the DROP, KEEP, or RENAME list has never
       been referenced.
ERROR: The variable parameter in the DROP, KEEP, or RENAME list has never
       been referenced.
ERROR: Invalid DROP, KEEP, or RENAME option on file
       WORK.LS_B_TOP_2_LINEAR_NOCLUS.

WARNING: The variable StdErr in the DROP, KEEP, or RENAME list has never
         been referenced.
WARNING: The variable StdErr in the DROP, KEEP, or RENAME list has never
         been referenced.
NOTE: The SAS System stopped processing this step because of errors.
WARNING: The data set WORK.LS_B_TOP_2_LINEAR_NOCLUS may be incomplete.
         When this step was stopped there were 0 observations and 0
         variables.
WARNING: Data set WORK.LS_B_TOP_2_LINEAR_NOCLUS was not replaced because
         this step was stopped.
NOTE: DATA statement used (Total process time):
      real time           0.00 seconds
      cpu time            0.00 seconds





NOTE: The DESCENDING option applies only to the multinomial distribution
      with ordinal response.
NOTE: Class levels for some variables were not printed due to excessive
      size.
NOTE: Algorithm converged.
NOTE: Algorithm converged.
NOTE: The data set WORK.LS_B_TOP_2_LINEAR_ROBUST has 38 observations and 8
      variables.
NOTE: PROCEDURE GENMOD used (Total process time):
      real time           0.12 seconds
      cpu time            0.10 seconds



NOTE: There were 38 observations read from the data set
      WORK.LS_B_TOP_2_LINEAR_ROBUST.
NOTE: The data set WORK.LS_B_TOP_2_LINEAR_ROBUST has 1 observations and 1
      variables.
NOTE: DATA statement used (Total process time):
      real time           0.00 seconds
      cpu time            0.00 seconds



NOTE: There were 1 observations read from the data set
      WORK.LS_B_TOP_2_LINEAR.
NOTE: There were 1 observations read from the data set
      WORK.LS_B_TOP_2_LINEAR_ROBUST.
NOTE: There were 0 observations read from the data set
      WORK.LS_B_TOP_2_LINEAR_NOCLUS.
NOTE: The data set WORK.LS_B_TOP_2_LINEAR has 1 observations and 5
      variables.
NOTE: DATA statement used (Total process time):
      real time           0.01 seconds
      cpu time            0.01 seconds



NOTE: There were 1 observations read from the data set
      WORK.LS_B_TOP_2_LINEAR.
NOTE: The data set WORK.LS_B_TOP_2_LINEAR has 3 observations and 5
      variables.
NOTE: PROCEDURE TRANSPOSE used (Total process time):
      real time           0.01 seconds
      cpu time            0.00 seconds



NOTE: There were 2 observations read from the data set WORK.LS_B_TOP_N.
NOTE: The data set WORK.LS_B_TOP_N has 1 observations and 3 variables.
NOTE: DATA statement used (Total process time):
      real time           0.00 seconds
      cpu time            0.00 seconds



NOTE: The data set WORK.SPACE1 has 1 observations and 1 variables.
NOTE: The data set WORK.SPACE2 has 1 observations and 1 variables.
NOTE: The data set WORK.SPACE3 has 1 observations and 1 variables.
NOTE: DATA statement used (Total process time):
      real time           0.01 seconds
      cpu time            0.01 seconds



NOTE: There were 2 observations read from the data set WORK.MEANS.
NOTE: There were 1 observations read from the data set WORK.SPACE1.
NOTE: There were 3 observations read from the data set
      WORK.LS_B_TOP_1_MAIN.
NOTE: There were 1 observations read from the data set WORK.SPACE2.
NOTE: There were 3 observations read from the data set
      WORK.LS_B_TOP_2_LINEAR.
NOTE: There were 1 observations read from the data set WORK.SPACE3.
NOTE: There were 1 observations read from the data set WORK.LS_B_TOP_N.
NOTE: The data set WORK.C_LS_B_TOP has 12 observations and 4 variables.
NOTE: DATA statement used (Total process time):
      real time           0.02 seconds
      cpu time            0.00 seconds


NOTE: Algorithm converged.
NOTE: Algorithm converged.
NOTE: The data set WORK.MEANS has 1 observations and 7 variables.
NOTE: PROCEDURE GENMOD used (Total process time):
      real time           0.05 seconds
      cpu time            0.04 seconds



NOTE: There were 1 observations read from the data set WORK.MEANS.
NOTE: The data set WORK.MEANS has 1 observations and 3 variables.
NOTE: DATA statement used (Total process time):
      real time           0.00 seconds
      cpu time            0.01 seconds



NOTE: Variable outcome is uninitialized.
NOTE: Variable rowname is uninitialized.
NOTE: Variable _NAME_ is uninitialized.
NOTE: The data set WORK.TRICK has 1 observations and 3 variables.
NOTE: DATA statement used (Total process time):
      real time           0.02 seconds
      cpu time            0.01 seconds



NOTE: There were 1 observations read from the data set WORK.TRICK.
NOTE: There were 1 observations read from the data set WORK.MEANS.
NOTE: The data set WORK.MEANS has 2 observations and 4 variables.
NOTE: DATA statement used (Total process time):
      real time           0.00 seconds
      cpu time            0.00 seconds



NOTE: The DESCENDING option applies only to the multinomial distribution
      with ordinal response.
NOTE: Algorithm converged.
NOTE: Algorithm converged.
NOTE: The data set WORK.LS_B_BOT_N has 2 observations and 6 variables.
NOTE: The data set WORK.LS_B_BOT_1_MAIN has 42 observations and 8
      variables.
WARNING: Output 'ParameterEstimates' was not created.  Make sure that the
         output object name, label, or path is spelled correctly.  Also,
         verify that the appropriate procedure options are used to produce
         the requested output object.  For example, verify that the
         NOPRINT option is not used.
NOTE: PROCEDURE GENMOD used (Total process time):
      real time           0.10 seconds
      cpu time            0.04 seconds



NOTE: There were 42 observations read from the data set
      WORK.LS_B_BOT_1_MAIN.
NOTE: The data set WORK.LS_B_BOT_1_MAIN has 1 observations and 4 variables.
NOTE: DATA statement used (Total process time):
      real time           0.00 seconds
      cpu time            0.00 seconds


ERROR: The variable StdErr in the DROP, KEEP, or RENAME list has never
       been referenced.
ERROR: The variable parameter in the DROP, KEEP, or RENAME list has never
       been referenced.
ERROR: Invalid DROP, KEEP, or RENAME option on file
       WORK.LS_B_BOT_1_MAIN_NOCLUS.

WARNING: The variable StdErr in the DROP, KEEP, or RENAME list has never
         been referenced.
WARNING: The variable StdErr in the DROP, KEEP, or RENAME list has never
         been referenced.
NOTE: The SAS System stopped processing this step because of errors.
WARNING: The data set WORK.LS_B_BOT_1_MAIN_NOCLUS may be incomplete.  When
         this step was stopped there were 0 observations and 0 variables.
WARNING: Data set WORK.LS_B_BOT_1_MAIN_NOCLUS was not replaced because
         this step was stopped.
NOTE: DATA statement used (Total process time):
      real time           0.00 seconds
      cpu time            0.01 seconds





NOTE: The DESCENDING option applies only to the multinomial distribution
      with ordinal response.
NOTE: Class levels for some variables were not printed due to excessive
      size.
NOTE: Algorithm converged.
NOTE: Algorithm converged.
NOTE: The data set WORK.LS_B_BOT_1_MAIN_ROBUST has 42 observations and 8
      variables.
NOTE: PROCEDURE GENMOD used (Total process time):
      real time           0.13 seconds
      cpu time            0.14 seconds



NOTE: There were 42 observations read from the data set
      WORK.LS_B_BOT_1_MAIN_ROBUST.
NOTE: The data set WORK.LS_B_BOT_1_MAIN_ROBUST has 1 observations and 1
      variables.
NOTE: DATA statement used (Total process time):
      real time           0.01 seconds
      cpu time            0.00 seconds



NOTE: There were 1 observations read from the data set
      WORK.LS_B_BOT_1_MAIN.
NOTE: There were 1 observations read from the data set
      WORK.LS_B_BOT_1_MAIN_ROBUST.
NOTE: There were 0 observations read from the data set
      WORK.LS_B_BOT_1_MAIN_NOCLUS.
NOTE: The data set WORK.LS_B_BOT_1_MAIN has 1 observations and 5 variables.
NOTE: DATA statement used (Total process time):
      real time           0.00 seconds
      cpu time            0.01 seconds



NOTE: There were 1 observations read from the data set
      WORK.LS_B_BOT_1_MAIN.
NOTE: The data set WORK.LS_B_BOT_1_MAIN has 3 observations and 5 variables.
NOTE: PROCEDURE TRANSPOSE used (Total process time):
      real time           0.01 seconds
      cpu time            0.01 seconds



NOTE: The DESCENDING option applies only to the multinomial distribution
      with ordinal response.
NOTE: Algorithm converged.
NOTE: Algorithm converged.
NOTE: The data set WORK.LS_B_BOT_N has 2 observations and 6 variables.
NOTE: The data set WORK.LS_B_BOT_2_LINEAR has 39 observations and 8
      variables.
WARNING: Output 'ParameterEstimates' was not created.  Make sure that the
         output object name, label, or path is spelled correctly.  Also,
         verify that the appropriate procedure options are used to produce
         the requested output object.  For example, verify that the
         NOPRINT option is not used.
NOTE: PROCEDURE GENMOD used (Total process time):
      real time           0.08 seconds
      cpu time            0.07 seconds



NOTE: There were 39 observations read from the data set
      WORK.LS_B_BOT_2_LINEAR.
NOTE: The data set WORK.LS_B_BOT_2_LINEAR has 1 observations and 4
      variables.
NOTE: DATA statement used (Total process time):
      real time           0.00 seconds
      cpu time            0.00 seconds


ERROR: The variable StdErr in the DROP, KEEP, or RENAME list has never
       been referenced.
ERROR: The variable parameter in the DROP, KEEP, or RENAME list has never
       been referenced.
ERROR: Invalid DROP, KEEP, or RENAME option on file
       WORK.LS_B_BOT_2_LINEAR_NOCLUS.

WARNING: The variable StdErr in the DROP, KEEP, or RENAME list has never
         been referenced.
WARNING: The variable StdErr in the DROP, KEEP, or RENAME list has never
         been referenced.
NOTE: The SAS System stopped processing this step because of errors.
WARNING: The data set WORK.LS_B_BOT_2_LINEAR_NOCLUS may be incomplete.
         When this step was stopped there were 0 observations and 0
         variables.
WARNING: Data set WORK.LS_B_BOT_2_LINEAR_NOCLUS was not replaced because
         this step was stopped.
NOTE: DATA statement used (Total process time):
      real time           0.00 seconds
      cpu time            0.00 seconds





NOTE: The DESCENDING option applies only to the multinomial distribution
      with ordinal response.
NOTE: Class levels for some variables were not printed due to excessive
      size.
NOTE: Algorithm converged.
NOTE: Algorithm converged.
NOTE: The data set WORK.LS_B_BOT_2_LINEAR_ROBUST has 39 observations and 8
      variables.
NOTE: PROCEDURE GENMOD used (Total process time):
      real time           0.14 seconds
      cpu time            0.14 seconds



NOTE: There were 39 observations read from the data set
      WORK.LS_B_BOT_2_LINEAR_ROBUST.
NOTE: The data set WORK.LS_B_BOT_2_LINEAR_ROBUST has 1 observations and 1
      variables.
NOTE: DATA statement used (Total process time):
      real time           0.00 seconds
      cpu time            0.00 seconds



NOTE: There were 1 observations read from the data set
      WORK.LS_B_BOT_2_LINEAR.
NOTE: There were 1 observations read from the data set
      WORK.LS_B_BOT_2_LINEAR_ROBUST.
NOTE: There were 0 observations read from the data set
      WORK.LS_B_BOT_2_LINEAR_NOCLUS.
NOTE: The data set WORK.LS_B_BOT_2_LINEAR has 1 observations and 5
      variables.
NOTE: DATA statement used (Total process time):
      real time           0.01 seconds
      cpu time            0.00 seconds



NOTE: There were 1 observations read from the data set
      WORK.LS_B_BOT_2_LINEAR.
NOTE: The data set WORK.LS_B_BOT_2_LINEAR has 3 observations and 5
      variables.
NOTE: PROCEDURE TRANSPOSE used (Total process time):
      real time           0.01 seconds
      cpu time            0.00 seconds



NOTE: There were 2 observations read from the data set WORK.LS_B_BOT_N.
NOTE: The data set WORK.LS_B_BOT_N has 1 observations and 3 variables.
NOTE: DATA statement used (Total process time):
      real time           0.00 seconds
      cpu time            0.00 seconds



NOTE: The data set WORK.SPACE1 has 1 observations and 1 variables.
NOTE: The data set WORK.SPACE2 has 1 observations and 1 variables.
NOTE: The data set WORK.SPACE3 has 1 observations and 1 variables.
NOTE: DATA statement used (Total process time):
      real time           0.04 seconds
      cpu time            0.01 seconds



NOTE: There were 2 observations read from the data set WORK.MEANS.
NOTE: There were 1 observations read from the data set WORK.SPACE1.
NOTE: There were 3 observations read from the data set
      WORK.LS_B_BOT_1_MAIN.
NOTE: There were 1 observations read from the data set WORK.SPACE2.
NOTE: There were 3 observations read from the data set
      WORK.LS_B_BOT_2_LINEAR.
NOTE: There were 1 observations read from the data set WORK.SPACE3.
NOTE: There were 1 observations read from the data set WORK.LS_B_BOT_N.
NOTE: The data set WORK.C_LS_B_BOT has 12 observations and 4 variables.
NOTE: DATA statement used (Total process time):
      real time           0.01 seconds
      cpu time            0.01 seconds


NOTE: Algorithm converged.
NOTE: Algorithm converged.
NOTE: The data set WORK.MEANS has 1 observations and 7 variables.
NOTE: PROCEDURE GENMOD used (Total process time):
      real time           0.07 seconds
      cpu time            0.06 seconds



NOTE: There were 1 observations read from the data set WORK.MEANS.
NOTE: The data set WORK.MEANS has 1 observations and 3 variables.
NOTE: DATA statement used (Total process time):
      real time           0.01 seconds
      cpu time            0.00 seconds



NOTE: Variable outcome is uninitialized.
NOTE: Variable rowname is uninitialized.
NOTE: Variable _NAME_ is uninitialized.
NOTE: The data set WORK.TRICK has 1 observations and 3 variables.
NOTE: DATA statement used (Total process time):
      real time           0.00 seconds
      cpu time            0.00 seconds



NOTE: There were 1 observations read from the data set WORK.TRICK.
NOTE: There were 1 observations read from the data set WORK.MEANS.
NOTE: The data set WORK.MEANS has 2 observations and 4 variables.
NOTE: DATA statement used (Total process time):
      real time           0.00 seconds
      cpu time            0.01 seconds



NOTE: The DESCENDING option applies only to the multinomial distribution
      with ordinal response.
NOTE: Algorithm converged.
NOTE: Algorithm converged.
NOTE: The data set WORK.P_B_TOP_N has 2 observations and 6 variables.
NOTE: The data set WORK.P_B_TOP_1_MAIN has 41 observations and 8 variables.
WARNING: Output 'ParameterEstimates' was not created.  Make sure that the
         output object name, label, or path is spelled correctly.  Also,
         verify that the appropriate procedure options are used to produce
         the requested output object.  For example, verify that the
         NOPRINT option is not used.
NOTE: PROCEDURE GENMOD used (Total process time):
      real time           0.08 seconds
      cpu time            0.07 seconds



NOTE: There were 41 observations read from the data set
      WORK.P_B_TOP_1_MAIN.
NOTE: The data set WORK.P_B_TOP_1_MAIN has 1 observations and 4 variables.
NOTE: DATA statement used (Total process time):
      real time           0.00 seconds
      cpu time            0.01 seconds


ERROR: The variable StdErr in the DROP, KEEP, or RENAME list has never
       been referenced.
ERROR: The variable parameter in the DROP, KEEP, or RENAME list has never
       been referenced.
ERROR: Invalid DROP, KEEP, or RENAME option on file
       WORK.P_B_TOP_1_MAIN_NOCLUS.

WARNING: The variable StdErr in the DROP, KEEP, or RENAME list has never
         been referenced.
WARNING: The variable StdErr in the DROP, KEEP, or RENAME list has never
         been referenced.
NOTE: The SAS System stopped processing this step because of errors.
WARNING: The data set WORK.P_B_TOP_1_MAIN_NOCLUS may be incomplete.  When
         this step was stopped there were 0 observations and 0 variables.
WARNING: Data set WORK.P_B_TOP_1_MAIN_NOCLUS was not replaced because this
         step was stopped.
NOTE: DATA statement used (Total process time):
      real time           0.00 seconds
      cpu time            0.01 seconds





NOTE: The DESCENDING option applies only to the multinomial distribution
      with ordinal response.
NOTE: Class levels for some variables were not printed due to excessive
      size.
NOTE: Algorithm converged.
NOTE: Algorithm converged.
NOTE: The data set WORK.P_B_TOP_1_MAIN_ROBUST has 41 observations and 8
      variables.
NOTE: PROCEDURE GENMOD used (Total process time):
      real time           0.13 seconds
      cpu time            0.10 seconds



NOTE: There were 41 observations read from the data set
      WORK.P_B_TOP_1_MAIN_ROBUST.
NOTE: The data set WORK.P_B_TOP_1_MAIN_ROBUST has 1 observations and 1
      variables.
NOTE: DATA statement used (Total process time):
      real time           0.00 seconds
      cpu time            0.00 seconds



NOTE: There were 1 observations read from the data set WORK.P_B_TOP_1_MAIN.
NOTE: There were 1 observations read from the data set
      WORK.P_B_TOP_1_MAIN_ROBUST.
NOTE: There were 0 observations read from the data set
      WORK.P_B_TOP_1_MAIN_NOCLUS.
NOTE: The data set WORK.P_B_TOP_1_MAIN has 1 observations and 5 variables.
NOTE: DATA statement used (Total process time):
      real time           0.01 seconds
      cpu time            0.01 seconds



NOTE: There were 1 observations read from the data set WORK.P_B_TOP_1_MAIN.
NOTE: The data set WORK.P_B_TOP_1_MAIN has 3 observations and 5 variables.
NOTE: PROCEDURE TRANSPOSE used (Total process time):
      real time           0.01 seconds
      cpu time            0.01 seconds



NOTE: The DESCENDING option applies only to the multinomial distribution
      with ordinal response.
NOTE: Algorithm converged.
NOTE: Algorithm converged.
NOTE: The data set WORK.P_B_TOP_N has 2 observations and 6 variables.
NOTE: The data set WORK.P_B_TOP_2_LINEAR has 38 observations and 8
      variables.
WARNING: Output 'ParameterEstimates' was not created.  Make sure that the
         output object name, label, or path is spelled correctly.  Also,
         verify that the appropriate procedure options are used to produce
         the requested output object.  For example, verify that the
         NOPRINT option is not used.
NOTE: PROCEDURE GENMOD used (Total process time):
      real time           0.09 seconds
      cpu time            0.06 seconds



NOTE: There were 38 observations read from the data set
      WORK.P_B_TOP_2_LINEAR.
NOTE: The data set WORK.P_B_TOP_2_LINEAR has 1 observations and 4
      variables.
NOTE: DATA statement used (Total process time):
      real time           0.01 seconds
      cpu time            0.00 seconds


ERROR: The variable StdErr in the DROP, KEEP, or RENAME list has never
       been referenced.
ERROR: The variable parameter in the DROP, KEEP, or RENAME list has never
       been referenced.
ERROR: Invalid DROP, KEEP, or RENAME option on file
       WORK.P_B_TOP_2_LINEAR_NOCLUS.

WARNING: The variable StdErr in the DROP, KEEP, or RENAME list has never
         been referenced.
WARNING: The variable StdErr in the DROP, KEEP, or RENAME list has never
         been referenced.
NOTE: The SAS System stopped processing this step because of errors.
WARNING: The data set WORK.P_B_TOP_2_LINEAR_NOCLUS may be incomplete.
         When this step was stopped there were 0 observations and 0
         variables.
WARNING: Data set WORK.P_B_TOP_2_LINEAR_NOCLUS was not replaced because
         this step was stopped.
NOTE: DATA statement used (Total process time):
      real time           0.00 seconds
      cpu time            0.00 seconds





NOTE: The DESCENDING option applies only to the multinomial distribution
      with ordinal response.
NOTE: Class levels for some variables were not printed due to excessive
      size.
NOTE: Algorithm converged.
NOTE: Algorithm converged.
NOTE: The data set WORK.P_B_TOP_2_LINEAR_ROBUST has 38 observations and 8
      variables.
NOTE: PROCEDURE GENMOD used (Total process time):
      real time           0.14 seconds
      cpu time            0.12 seconds



NOTE: There were 38 observations read from the data set
      WORK.P_B_TOP_2_LINEAR_ROBUST.
NOTE: The data set WORK.P_B_TOP_2_LINEAR_ROBUST has 1 observations and 1
      variables.
NOTE: DATA statement used (Total process time):
      real time           0.01 seconds
      cpu time            0.00 seconds



NOTE: There were 1 observations read from the data set
      WORK.P_B_TOP_2_LINEAR.
NOTE: There were 1 observations read from the data set
      WORK.P_B_TOP_2_LINEAR_ROBUST.
NOTE: There were 0 observations read from the data set
      WORK.P_B_TOP_2_LINEAR_NOCLUS.
NOTE: The data set WORK.P_B_TOP_2_LINEAR has 1 observations and 5
      variables.
NOTE: DATA statement used (Total process time):
      real time           0.01 seconds
      cpu time            0.01 seconds



NOTE: There were 1 observations read from the data set
      WORK.P_B_TOP_2_LINEAR.
NOTE: The data set WORK.P_B_TOP_2_LINEAR has 3 observations and 5
      variables.
NOTE: PROCEDURE TRANSPOSE used (Total process time):
      real time           0.01 seconds
      cpu time            0.00 seconds



NOTE: There were 2 observations read from the data set WORK.P_B_TOP_N.
NOTE: The data set WORK.P_B_TOP_N has 1 observations and 3 variables.
NOTE: DATA statement used (Total process time):
      real time           0.00 seconds
      cpu time            0.00 seconds



NOTE: The data set WORK.SPACE1 has 1 observations and 1 variables.
NOTE: The data set WORK.SPACE2 has 1 observations and 1 variables.
NOTE: The data set WORK.SPACE3 has 1 observations and 1 variables.
NOTE: DATA statement used (Total process time):
      real time           0.02 seconds
      cpu time            0.01 seconds



NOTE: There were 2 observations read from the data set WORK.MEANS.
NOTE: There were 1 observations read from the data set WORK.SPACE1.
NOTE: There were 3 observations read from the data set WORK.P_B_TOP_1_MAIN.
NOTE: There were 1 observations read from the data set WORK.SPACE2.
NOTE: There were 3 observations read from the data set
      WORK.P_B_TOP_2_LINEAR.
NOTE: There were 1 observations read from the data set WORK.SPACE3.
NOTE: There were 1 observations read from the data set WORK.P_B_TOP_N.
NOTE: The data set WORK.C_P_B_TOP has 12 observations and 4 variables.
NOTE: DATA statement used (Total process time):
      real time           0.01 seconds
      cpu time            0.00 seconds


NOTE: Algorithm converged.
NOTE: Algorithm converged.
NOTE: The data set WORK.MEANS has 1 observations and 7 variables.
NOTE: PROCEDURE GENMOD used (Total process time):
      real time           0.06 seconds
      cpu time            0.03 seconds



NOTE: There were 1 observations read from the data set WORK.MEANS.
NOTE: The data set WORK.MEANS has 1 observations and 3 variables.
NOTE: DATA statement used (Total process time):
      real time           0.00 seconds
      cpu time            0.00 seconds



NOTE: Variable outcome is uninitialized.
NOTE: Variable rowname is uninitialized.
NOTE: Variable _NAME_ is uninitialized.
NOTE: The data set WORK.TRICK has 1 observations and 3 variables.
NOTE: DATA statement used (Total process time):
      real time           0.00 seconds
      cpu time            0.01 seconds



NOTE: There were 1 observations read from the data set WORK.TRICK.
NOTE: There were 1 observations read from the data set WORK.MEANS.
NOTE: The data set WORK.MEANS has 2 observations and 4 variables.
NOTE: DATA statement used (Total process time):
      real time           0.01 seconds
      cpu time            0.01 seconds



NOTE: The DESCENDING option applies only to the multinomial distribution
      with ordinal response.
NOTE: Algorithm converged.
NOTE: Algorithm converged.
NOTE: The data set WORK.P_B_BOT_N has 2 observations and 6 variables.
NOTE: The data set WORK.P_B_BOT_1_MAIN has 41 observations and 8 variables.
WARNING: Output 'ParameterEstimates' was not created.  Make sure that the
         output object name, label, or path is spelled correctly.  Also,
         verify that the appropriate procedure options are used to produce
         the requested output object.  For example, verify that the
         NOPRINT option is not used.
NOTE: PROCEDURE GENMOD used (Total process time):
      real time           0.10 seconds
      cpu time            0.06 seconds



NOTE: There were 41 observations read from the data set
      WORK.P_B_BOT_1_MAIN.
NOTE: The data set WORK.P_B_BOT_1_MAIN has 1 observations and 4 variables.
NOTE: DATA statement used (Total process time):
      real time           0.00 seconds
      cpu time            0.01 seconds


ERROR: The variable StdErr in the DROP, KEEP, or RENAME list has never
       been referenced.
ERROR: The variable parameter in the DROP, KEEP, or RENAME list has never
       been referenced.
ERROR: Invalid DROP, KEEP, or RENAME option on file
       WORK.P_B_BOT_1_MAIN_NOCLUS.

WARNING: The variable StdErr in the DROP, KEEP, or RENAME list has never
         been referenced.
WARNING: The variable StdErr in the DROP, KEEP, or RENAME list has never
         been referenced.
NOTE: The SAS System stopped processing this step because of errors.
WARNING: The data set WORK.P_B_BOT_1_MAIN_NOCLUS may be incomplete.  When
         this step was stopped there were 0 observations and 0 variables.
WARNING: Data set WORK.P_B_BOT_1_MAIN_NOCLUS was not replaced because this
         step was stopped.
NOTE: DATA statement used (Total process time):
      real time           0.00 seconds
      cpu time            0.00 seconds





NOTE: The DESCENDING option applies only to the multinomial distribution
      with ordinal response.
NOTE: Class levels for some variables were not printed due to excessive
      size.
NOTE: Algorithm converged.
NOTE: Algorithm converged.
NOTE: The data set WORK.P_B_BOT_1_MAIN_ROBUST has 41 observations and 8
      variables.
NOTE: PROCEDURE GENMOD used (Total process time):
      real time           0.12 seconds
      cpu time            0.09 seconds



NOTE: There were 41 observations read from the data set
      WORK.P_B_BOT_1_MAIN_ROBUST.
NOTE: The data set WORK.P_B_BOT_1_MAIN_ROBUST has 1 observations and 1
      variables.
NOTE: DATA statement used (Total process time):
      real time           0.00 seconds
      cpu time            0.00 seconds



NOTE: There were 1 observations read from the data set WORK.P_B_BOT_1_MAIN.
NOTE: There were 1 observations read from the data set
      WORK.P_B_BOT_1_MAIN_ROBUST.
NOTE: There were 0 observations read from the data set
      WORK.P_B_BOT_1_MAIN_NOCLUS.
NOTE: The data set WORK.P_B_BOT_1_MAIN has 1 observations and 5 variables.
NOTE: DATA statement used (Total process time):
      real time           0.00 seconds
      cpu time            0.01 seconds



NOTE: There were 1 observations read from the data set WORK.P_B_BOT_1_MAIN.
NOTE: The data set WORK.P_B_BOT_1_MAIN has 3 observations and 5 variables.
NOTE: PROCEDURE TRANSPOSE used (Total process time):
      real time           0.01 seconds
      cpu time            0.01 seconds



NOTE: The DESCENDING option applies only to the multinomial distribution
      with ordinal response.
NOTE: Algorithm converged.
NOTE: Algorithm converged.
NOTE: The data set WORK.P_B_BOT_N has 2 observations and 6 variables.
NOTE: The data set WORK.P_B_BOT_2_LINEAR has 38 observations and 8
      variables.
WARNING: Output 'ParameterEstimates' was not created.  Make sure that the
         output object name, label, or path is spelled correctly.  Also,
         verify that the appropriate procedure options are used to produce
         the requested output object.  For example, verify that the
         NOPRINT option is not used.
NOTE: PROCEDURE GENMOD used (Total process time):
      real time           0.10 seconds
      cpu time            0.07 seconds



NOTE: There were 38 observations read from the data set
      WORK.P_B_BOT_2_LINEAR.
NOTE: The data set WORK.P_B_BOT_2_LINEAR has 1 observations and 4
      variables.
NOTE: DATA statement used (Total process time):
      real time           0.01 seconds
      cpu time            0.01 seconds


ERROR: The variable StdErr in the DROP, KEEP, or RENAME list has never
       been referenced.
ERROR: The variable parameter in the DROP, KEEP, or RENAME list has never
       been referenced.
ERROR: Invalid DROP, KEEP, or RENAME option on file
       WORK.P_B_BOT_2_LINEAR_NOCLUS.

WARNING: The variable StdErr in the DROP, KEEP, or RENAME list has never
         been referenced.
WARNING: The variable StdErr in the DROP, KEEP, or RENAME list has never
         been referenced.
NOTE: The SAS System stopped processing this step because of errors.
WARNING: The data set WORK.P_B_BOT_2_LINEAR_NOCLUS may be incomplete.
         When this step was stopped there were 0 observations and 0
         variables.
WARNING: Data set WORK.P_B_BOT_2_LINEAR_NOCLUS was not replaced because
         this step was stopped.
NOTE: DATA statement used (Total process time):
      real time           0.00 seconds
      cpu time            0.01 seconds





NOTE: The DESCENDING option applies only to the multinomial distribution
      with ordinal response.
NOTE: Class levels for some variables were not printed due to excessive
      size.
NOTE: Algorithm converged.
NOTE: Algorithm converged.
NOTE: The data set WORK.P_B_BOT_2_LINEAR_ROBUST has 38 observations and 8
      variables.
NOTE: PROCEDURE GENMOD used (Total process time):
      real time           0.13 seconds
      cpu time            0.11 seconds



NOTE: There were 38 observations read from the data set
      WORK.P_B_BOT_2_LINEAR_ROBUST.
NOTE: The data set WORK.P_B_BOT_2_LINEAR_ROBUST has 1 observations and 1
      variables.
NOTE: DATA statement used (Total process time):
      real time           0.00 seconds
      cpu time            0.01 seconds



NOTE: There were 1 observations read from the data set
      WORK.P_B_BOT_2_LINEAR.
NOTE: There were 1 observations read from the data set
      WORK.P_B_BOT_2_LINEAR_ROBUST.
NOTE: There were 0 observations read from the data set
      WORK.P_B_BOT_2_LINEAR_NOCLUS.
NOTE: The data set WORK.P_B_BOT_2_LINEAR has 1 observations and 5
      variables.
NOTE: DATA statement used (Total process time):
      real time           0.00 seconds
      cpu time            0.00 seconds



NOTE: There were 1 observations read from the data set
      WORK.P_B_BOT_2_LINEAR.
NOTE: The data set WORK.P_B_BOT_2_LINEAR has 3 observations and 5
      variables.
NOTE: PROCEDURE TRANSPOSE used (Total process time):
      real time           0.01 seconds
      cpu time            0.01 seconds



NOTE: There were 2 observations read from the data set WORK.P_B_BOT_N.
NOTE: The data set WORK.P_B_BOT_N has 1 observations and 3 variables.
NOTE: DATA statement used (Total process time):
      real time           0.00 seconds
      cpu time            0.00 seconds



NOTE: The data set WORK.SPACE1 has 1 observations and 1 variables.
NOTE: The data set WORK.SPACE2 has 1 observations and 1 variables.
NOTE: The data set WORK.SPACE3 has 1 observations and 1 variables.
NOTE: DATA statement used (Total process time):
      real time           0.01 seconds
      cpu time            0.01 seconds



NOTE: There were 2 observations read from the data set WORK.MEANS.
NOTE: There were 1 observations read from the data set WORK.SPACE1.
NOTE: There were 3 observations read from the data set WORK.P_B_BOT_1_MAIN.
NOTE: There were 1 observations read from the data set WORK.SPACE2.
NOTE: There were 3 observations read from the data set
      WORK.P_B_BOT_2_LINEAR.
NOTE: There were 1 observations read from the data set WORK.SPACE3.
NOTE: There were 1 observations read from the data set WORK.P_B_BOT_N.
NOTE: The data set WORK.C_P_B_BOT has 12 observations and 4 variables.
NOTE: DATA statement used (Total process time):
      real time           0.01 seconds
      cpu time            0.01 seconds


NOTE: Algorithm converged.
NOTE: Algorithm converged.
NOTE: The data set WORK.MEANS has 1 observations and 7 variables.
NOTE: PROCEDURE GENMOD used (Total process time):
      real time           0.05 seconds
      cpu time            0.06 seconds



NOTE: There were 1 observations read from the data set WORK.MEANS.
NOTE: The data set WORK.MEANS has 1 observations and 3 variables.
NOTE: DATA statement used (Total process time):
      real time           0.00 seconds
      cpu time            0.01 seconds



NOTE: Variable outcome is uninitialized.
NOTE: Variable rowname is uninitialized.
NOTE: Variable _NAME_ is uninitialized.
NOTE: The data set WORK.TRICK has 1 observations and 3 variables.
NOTE: DATA statement used (Total process time):
      real time           0.00 seconds
      cpu time            0.00 seconds



NOTE: There were 1 observations read from the data set WORK.TRICK.
NOTE: There were 1 observations read from the data set WORK.MEANS.
NOTE: The data set WORK.MEANS has 2 observations and 4 variables.
NOTE: DATA statement used (Total process time):
      real time           0.01 seconds
      cpu time            0.00 seconds



NOTE: The DESCENDING option applies only to the multinomial distribution
      with ordinal response.
NOTE: Algorithm converged.
NOTE: Algorithm converged.
NOTE: The data set WORK.LS_G_TOP_N has 2 observations and 6 variables.
NOTE: The data set WORK.LS_G_TOP_1_MAIN has 41 observations and 8
      variables.
WARNING: Output 'ParameterEstimates' was not created.  Make sure that the
         output object name, label, or path is spelled correctly.  Also,
         verify that the appropriate procedure options are used to produce
         the requested output object.  For example, verify that the
         NOPRINT option is not used.
NOTE: PROCEDURE GENMOD used (Total process time):
      real time           0.09 seconds
      cpu time            0.04 seconds



NOTE: There were 41 observations read from the data set
      WORK.LS_G_TOP_1_MAIN.
NOTE: The data set WORK.LS_G_TOP_1_MAIN has 1 observations and 4 variables.
NOTE: DATA statement used (Total process time):
      real time           0.01 seconds
      cpu time            0.00 seconds


ERROR: The variable StdErr in the DROP, KEEP, or RENAME list has never
       been referenced.
ERROR: The variable parameter in the DROP, KEEP, or RENAME list has never
       been referenced.
ERROR: Invalid DROP, KEEP, or RENAME option on file
       WORK.LS_G_TOP_1_MAIN_NOCLUS.

WARNING: The variable StdErr in the DROP, KEEP, or RENAME list has never
         been referenced.
WARNING: The variable StdErr in the DROP, KEEP, or RENAME list has never
         been referenced.
NOTE: The SAS System stopped processing this step because of errors.
WARNING: The data set WORK.LS_G_TOP_1_MAIN_NOCLUS may be incomplete.  When
         this step was stopped there were 0 observations and 0 variables.
WARNING: Data set WORK.LS_G_TOP_1_MAIN_NOCLUS was not replaced because
         this step was stopped.
NOTE: DATA statement used (Total process time):
      real time           0.00 seconds
      cpu time            0.00 seconds





NOTE: The DESCENDING option applies only to the multinomial distribution
      with ordinal response.
NOTE: Class levels for some variables were not printed due to excessive
      size.
NOTE: Algorithm converged.
NOTE: Algorithm converged.
NOTE: The data set WORK.LS_G_TOP_1_MAIN_ROBUST has 41 observations and 8
      variables.
NOTE: PROCEDURE GENMOD used (Total process time):
      real time           0.12 seconds
      cpu time            0.10 seconds



NOTE: There were 41 observations read from the data set
      WORK.LS_G_TOP_1_MAIN_ROBUST.
NOTE: The data set WORK.LS_G_TOP_1_MAIN_ROBUST has 1 observations and 1
      variables.
NOTE: DATA statement used (Total process time):
      real time           0.00 seconds
      cpu time            0.01 seconds



NOTE: There were 1 observations read from the data set
      WORK.LS_G_TOP_1_MAIN.
NOTE: There were 1 observations read from the data set
      WORK.LS_G_TOP_1_MAIN_ROBUST.
NOTE: There were 0 observations read from the data set
      WORK.LS_G_TOP_1_MAIN_NOCLUS.
NOTE: The data set WORK.LS_G_TOP_1_MAIN has 1 observations and 5 variables.
NOTE: DATA statement used (Total process time):
      real time           0.00 seconds
      cpu time            0.00 seconds



NOTE: There were 1 observations read from the data set
      WORK.LS_G_TOP_1_MAIN.
NOTE: The data set WORK.LS_G_TOP_1_MAIN has 3 observations and 5 variables.
NOTE: PROCEDURE TRANSPOSE used (Total process time):
      real time           0.01 seconds
      cpu time            0.00 seconds



NOTE: The DESCENDING option applies only to the multinomial distribution
      with ordinal response.
NOTE: Algorithm converged.
NOTE: Algorithm converged.
NOTE: The data set WORK.LS_G_TOP_N has 2 observations and 6 variables.
NOTE: The data set WORK.LS_G_TOP_2_LINEAR has 38 observations and 8
      variables.
WARNING: Output 'ParameterEstimates' was not created.  Make sure that the
         output object name, label, or path is spelled correctly.  Also,
         verify that the appropriate procedure options are used to produce
         the requested output object.  For example, verify that the
         NOPRINT option is not used.
NOTE: PROCEDURE GENMOD used (Total process time):
      real time           0.08 seconds
      cpu time            0.04 seconds



NOTE: There were 38 observations read from the data set
      WORK.LS_G_TOP_2_LINEAR.
NOTE: The data set WORK.LS_G_TOP_2_LINEAR has 1 observations and 4
      variables.
NOTE: DATA statement used (Total process time):
      real time           0.01 seconds
      cpu time            0.00 seconds


ERROR: The variable StdErr in the DROP, KEEP, or RENAME list has never
       been referenced.
ERROR: The variable parameter in the DROP, KEEP, or RENAME list has never
       been referenced.
ERROR: Invalid DROP, KEEP, or RENAME option on file
       WORK.LS_G_TOP_2_LINEAR_NOCLUS.

WARNING: The variable StdErr in the DROP, KEEP, or RENAME list has never
         been referenced.
WARNING: The variable StdErr in the DROP, KEEP, or RENAME list has never
         been referenced.
NOTE: The SAS System stopped processing this step because of errors.
WARNING: The data set WORK.LS_G_TOP_2_LINEAR_NOCLUS may be incomplete.
         When this step was stopped there were 0 observations and 0
         variables.
WARNING: Data set WORK.LS_G_TOP_2_LINEAR_NOCLUS was not replaced because
         this step was stopped.
NOTE: DATA statement used (Total process time):
      real time           0.00 seconds
      cpu time            0.00 seconds





NOTE: The DESCENDING option applies only to the multinomial distribution
      with ordinal response.
NOTE: Class levels for some variables were not printed due to excessive
      size.
NOTE: Algorithm converged.
NOTE: Algorithm converged.
NOTE: The data set WORK.LS_G_TOP_2_LINEAR_ROBUST has 38 observations and 8
      variables.
NOTE: PROCEDURE GENMOD used (Total process time):
      real time           0.12 seconds
      cpu time            0.12 seconds



NOTE: There were 38 observations read from the data set
      WORK.LS_G_TOP_2_LINEAR_ROBUST.
NOTE: The data set WORK.LS_G_TOP_2_LINEAR_ROBUST has 1 observations and 1
      variables.
NOTE: DATA statement used (Total process time):
      real time           0.00 seconds
      cpu time            0.00 seconds



NOTE: There were 1 observations read from the data set
      WORK.LS_G_TOP_2_LINEAR.
NOTE: There were 1 observations read from the data set
      WORK.LS_G_TOP_2_LINEAR_ROBUST.
NOTE: There were 0 observations read from the data set
      WORK.LS_G_TOP_2_LINEAR_NOCLUS.
NOTE: The data set WORK.LS_G_TOP_2_LINEAR has 1 observations and 5
      variables.
NOTE: DATA statement used (Total process time):
      real time           0.03 seconds
      cpu time            0.01 seconds



NOTE: There were 1 observations read from the data set
      WORK.LS_G_TOP_2_LINEAR.
NOTE: The data set WORK.LS_G_TOP_2_LINEAR has 3 observations and 5
      variables.
NOTE: PROCEDURE TRANSPOSE used (Total process time):
      real time           0.01 seconds
      cpu time            0.00 seconds



NOTE: There were 2 observations read from the data set WORK.LS_G_TOP_N.
NOTE: The data set WORK.LS_G_TOP_N has 1 observations and 3 variables.
NOTE: DATA statement used (Total process time):
      real time           0.00 seconds
      cpu time            0.00 seconds



NOTE: The data set WORK.SPACE1 has 1 observations and 1 variables.
NOTE: The data set WORK.SPACE2 has 1 observations and 1 variables.
NOTE: The data set WORK.SPACE3 has 1 observations and 1 variables.
NOTE: DATA statement used (Total process time):
      real time           0.02 seconds
      cpu time            0.01 seconds



NOTE: There were 2 observations read from the data set WORK.MEANS.
NOTE: There were 1 observations read from the data set WORK.SPACE1.
NOTE: There were 3 observations read from the data set
      WORK.LS_G_TOP_1_MAIN.
NOTE: There were 1 observations read from the data set WORK.SPACE2.
NOTE: There were 3 observations read from the data set
      WORK.LS_G_TOP_2_LINEAR.
NOTE: There were 1 observations read from the data set WORK.SPACE3.
NOTE: There were 1 observations read from the data set WORK.LS_G_TOP_N.
NOTE: The data set WORK.C_LS_G_TOP has 12 observations and 4 variables.
NOTE: DATA statement used (Total process time):
      real time           0.01 seconds
      cpu time            0.01 seconds


NOTE: Algorithm converged.
NOTE: Algorithm converged.
NOTE: The data set WORK.MEANS has 1 observations and 7 variables.
NOTE: PROCEDURE GENMOD used (Total process time):
      real time           0.07 seconds
      cpu time            0.06 seconds



NOTE: There were 1 observations read from the data set WORK.MEANS.
NOTE: The data set WORK.MEANS has 1 observations and 3 variables.
NOTE: DATA statement used (Total process time):
      real time           0.00 seconds
      cpu time            0.01 seconds



NOTE: Variable outcome is uninitialized.
NOTE: Variable rowname is uninitialized.
NOTE: Variable _NAME_ is uninitialized.
NOTE: The data set WORK.TRICK has 1 observations and 3 variables.
NOTE: DATA statement used (Total process time):
      real time           0.00 seconds
      cpu time            0.00 seconds



NOTE: There were 1 observations read from the data set WORK.TRICK.
NOTE: There were 1 observations read from the data set WORK.MEANS.
NOTE: The data set WORK.MEANS has 2 observations and 4 variables.
NOTE: DATA statement used (Total process time):
      real time           0.00 seconds
      cpu time            0.00 seconds



NOTE: The DESCENDING option applies only to the multinomial distribution
      with ordinal response.
NOTE: Algorithm converged.
NOTE: Algorithm converged.
NOTE: The data set WORK.LS_G_BOT_N has 2 observations and 6 variables.
NOTE: The data set WORK.LS_G_BOT_1_MAIN has 41 observations and 8
      variables.
WARNING: Output 'ParameterEstimates' was not created.  Make sure that the
         output object name, label, or path is spelled correctly.  Also,
         verify that the appropriate procedure options are used to produce
         the requested output object.  For example, verify that the
         NOPRINT option is not used.
NOTE: PROCEDURE GENMOD used (Total process time):
      real time           0.07 seconds
      cpu time            0.04 seconds



NOTE: There were 41 observations read from the data set
      WORK.LS_G_BOT_1_MAIN.
NOTE: The data set WORK.LS_G_BOT_1_MAIN has 1 observations and 4 variables.
NOTE: DATA statement used (Total process time):
      real time           0.01 seconds
      cpu time            0.01 seconds


ERROR: The variable StdErr in the DROP, KEEP, or RENAME list has never
       been referenced.
ERROR: The variable parameter in the DROP, KEEP, or RENAME list has never
       been referenced.
ERROR: Invalid DROP, KEEP, or RENAME option on file
       WORK.LS_G_BOT_1_MAIN_NOCLUS.

WARNING: The variable StdErr in the DROP, KEEP, or RENAME list has never
         been referenced.
WARNING: The variable StdErr in the DROP, KEEP, or RENAME list has never
         been referenced.
NOTE: The SAS System stopped processing this step because of errors.
WARNING: The data set WORK.LS_G_BOT_1_MAIN_NOCLUS may be incomplete.  When
         this step was stopped there were 0 observations and 0 variables.
WARNING: Data set WORK.LS_G_BOT_1_MAIN_NOCLUS was not replaced because
         this step was stopped.
NOTE: DATA statement used (Total process time):
      real time           0.04 seconds
      cpu time            0.00 seconds





NOTE: The DESCENDING option applies only to the multinomial distribution
      with ordinal response.
NOTE: Class levels for some variables were not printed due to excessive
      size.
NOTE: Algorithm converged.
NOTE: Algorithm converged.
NOTE: The data set WORK.LS_G_BOT_1_MAIN_ROBUST has 41 observations and 8
      variables.
NOTE: PROCEDURE GENMOD used (Total process time):
      real time           0.21 seconds
      cpu time            0.09 seconds



NOTE: There were 41 observations read from the data set
      WORK.LS_G_BOT_1_MAIN_ROBUST.
NOTE: The data set WORK.LS_G_BOT_1_MAIN_ROBUST has 1 observations and 1
      variables.
NOTE: DATA statement used (Total process time):
      real time           0.01 seconds
      cpu time            0.00 seconds



NOTE: There were 1 observations read from the data set
      WORK.LS_G_BOT_1_MAIN.
NOTE: There were 1 observations read from the data set
      WORK.LS_G_BOT_1_MAIN_ROBUST.
NOTE: There were 0 observations read from the data set
      WORK.LS_G_BOT_1_MAIN_NOCLUS.
NOTE: The data set WORK.LS_G_BOT_1_MAIN has 1 observations and 5 variables.
NOTE: DATA statement used (Total process time):
      real time           0.01 seconds
      cpu time            0.01 seconds



NOTE: There were 1 observations read from the data set
      WORK.LS_G_BOT_1_MAIN.
NOTE: The data set WORK.LS_G_BOT_1_MAIN has 3 observations and 5 variables.
NOTE: PROCEDURE TRANSPOSE used (Total process time):
      real time           0.01 seconds
      cpu time            0.01 seconds



NOTE: The DESCENDING option applies only to the multinomial distribution
      with ordinal response.
NOTE: Algorithm converged.
NOTE: Algorithm converged.
NOTE: The data set WORK.LS_G_BOT_N has 2 observations and 6 variables.
NOTE: The data set WORK.LS_G_BOT_2_LINEAR has 38 observations and 8
      variables.
WARNING: Output 'ParameterEstimates' was not created.  Make sure that the
         output object name, label, or path is spelled correctly.  Also,
         verify that the appropriate procedure options are used to produce
         the requested output object.  For example, verify that the
         NOPRINT option is not used.
NOTE: PROCEDURE GENMOD used (Total process time):
      real time           0.08 seconds
      cpu time            0.04 seconds



NOTE: There were 38 observations read from the data set
      WORK.LS_G_BOT_2_LINEAR.
NOTE: The data set WORK.LS_G_BOT_2_LINEAR has 1 observations and 4
      variables.
NOTE: DATA statement used (Total process time):
      real time           0.01 seconds
      cpu time            0.00 seconds


ERROR: The variable StdErr in the DROP, KEEP, or RENAME list has never
       been referenced.
ERROR: The variable parameter in the DROP, KEEP, or RENAME list has never
       been referenced.
ERROR: Invalid DROP, KEEP, or RENAME option on file
       WORK.LS_G_BOT_2_LINEAR_NOCLUS.

WARNING: The variable StdErr in the DROP, KEEP, or RENAME list has never
         been referenced.
WARNING: The variable StdErr in the DROP, KEEP, or RENAME list has never
         been referenced.
NOTE: The SAS System stopped processing this step because of errors.
WARNING: The data set WORK.LS_G_BOT_2_LINEAR_NOCLUS may be incomplete.
         When this step was stopped there were 0 observations and 0
         variables.
WARNING: Data set WORK.LS_G_BOT_2_LINEAR_NOCLUS was not replaced because
         this step was stopped.
NOTE: DATA statement used (Total process time):
      real time           0.00 seconds
      cpu time            0.00 seconds





NOTE: The DESCENDING option applies only to the multinomial distribution
      with ordinal response.
NOTE: Class levels for some variables were not printed due to excessive
      size.
NOTE: Algorithm converged.
NOTE: Algorithm converged.
NOTE: The data set WORK.LS_G_BOT_2_LINEAR_ROBUST has 38 observations and 8
      variables.
NOTE: PROCEDURE GENMOD used (Total process time):
      real time           0.11 seconds
      cpu time            0.09 seconds



NOTE: There were 38 observations read from the data set
      WORK.LS_G_BOT_2_LINEAR_ROBUST.
NOTE: The data set WORK.LS_G_BOT_2_LINEAR_ROBUST has 1 observations and 1
      variables.
NOTE: DATA statement used (Total process time):
      real time           0.00 seconds
      cpu time            0.00 seconds



NOTE: There were 1 observations read from the data set
      WORK.LS_G_BOT_2_LINEAR.
NOTE: There were 1 observations read from the data set
      WORK.LS_G_BOT_2_LINEAR_ROBUST.
NOTE: There were 0 observations read from the data set
      WORK.LS_G_BOT_2_LINEAR_NOCLUS.
NOTE: The data set WORK.LS_G_BOT_2_LINEAR has 1 observations and 5
      variables.
NOTE: DATA statement used (Total process time):
      real time           0.00 seconds
      cpu time            0.00 seconds



NOTE: There were 1 observations read from the data set
      WORK.LS_G_BOT_2_LINEAR.
NOTE: The data set WORK.LS_G_BOT_2_LINEAR has 3 observations and 5
      variables.
NOTE: PROCEDURE TRANSPOSE used (Total process time):
      real time           0.01 seconds
      cpu time            0.00 seconds



NOTE: There were 2 observations read from the data set WORK.LS_G_BOT_N.
NOTE: The data set WORK.LS_G_BOT_N has 1 observations and 3 variables.
NOTE: DATA statement used (Total process time):
      real time           0.00 seconds
      cpu time            0.00 seconds



NOTE: The data set WORK.SPACE1 has 1 observations and 1 variables.
NOTE: The data set WORK.SPACE2 has 1 observations and 1 variables.
NOTE: The data set WORK.SPACE3 has 1 observations and 1 variables.
NOTE: DATA statement used (Total process time):
      real time           0.02 seconds
      cpu time            0.01 seconds



NOTE: There were 2 observations read from the data set WORK.MEANS.
NOTE: There were 1 observations read from the data set WORK.SPACE1.
NOTE: There were 3 observations read from the data set
      WORK.LS_G_BOT_1_MAIN.
NOTE: There were 1 observations read from the data set WORK.SPACE2.
NOTE: There were 3 observations read from the data set
      WORK.LS_G_BOT_2_LINEAR.
NOTE: There were 1 observations read from the data set WORK.SPACE3.
NOTE: There were 1 observations read from the data set WORK.LS_G_BOT_N.
NOTE: The data set WORK.C_LS_G_BOT has 12 observations and 4 variables.
NOTE: DATA statement used (Total process time):
      real time           0.01 seconds
      cpu time            0.01 seconds


NOTE: Algorithm converged.
NOTE: Algorithm converged.
NOTE: The data set WORK.MEANS has 1 observations and 7 variables.
NOTE: PROCEDURE GENMOD used (Total process time):
      real time           0.05 seconds
      cpu time            0.03 seconds



NOTE: There were 1 observations read from the data set WORK.MEANS.
NOTE: The data set WORK.MEANS has 1 observations and 3 variables.
NOTE: DATA statement used (Total process time):
      real time           0.00 seconds
      cpu time            0.01 seconds



NOTE: Variable outcome is uninitialized.
NOTE: Variable rowname is uninitialized.
NOTE: Variable _NAME_ is uninitialized.
NOTE: The data set WORK.TRICK has 1 observations and 3 variables.
NOTE: DATA statement used (Total process time):
      real time           0.00 seconds
      cpu time            0.01 seconds



NOTE: There were 1 observations read from the data set WORK.TRICK.
NOTE: There were 1 observations read from the data set WORK.MEANS.
NOTE: The data set WORK.MEANS has 2 observations and 4 variables.
NOTE: DATA statement used (Total process time):
      real time           0.01 seconds
      cpu time            0.01 seconds



NOTE: The DESCENDING option applies only to the multinomial distribution
      with ordinal response.
NOTE: Algorithm converged.
NOTE: Algorithm converged.
NOTE: The data set WORK.P_G_TOP_N has 2 observations and 6 variables.
NOTE: The data set WORK.P_G_TOP_1_MAIN has 41 observations and 8 variables.
WARNING: Output 'ParameterEstimates' was not created.  Make sure that the
         output object name, label, or path is spelled correctly.  Also,
         verify that the appropriate procedure options are used to produce
         the requested output object.  For example, verify that the
         NOPRINT option is not used.
NOTE: PROCEDURE GENMOD used (Total process time):
      real time           0.09 seconds
      cpu time            0.07 seconds



NOTE: There were 41 observations read from the data set
      WORK.P_G_TOP_1_MAIN.
NOTE: The data set WORK.P_G_TOP_1_MAIN has 1 observations and 4 variables.
NOTE: DATA statement used (Total process time):
      real time           0.01 seconds
      cpu time            0.00 seconds


ERROR: The variable StdErr in the DROP, KEEP, or RENAME list has never
       been referenced.
ERROR: The variable parameter in the DROP, KEEP, or RENAME list has never
       been referenced.
ERROR: Invalid DROP, KEEP, or RENAME option on file
       WORK.P_G_TOP_1_MAIN_NOCLUS.

WARNING: The variable StdErr in the DROP, KEEP, or RENAME list has never
         been referenced.
WARNING: The variable StdErr in the DROP, KEEP, or RENAME list has never
         been referenced.
NOTE: The SAS System stopped processing this step because of errors.
WARNING: The data set WORK.P_G_TOP_1_MAIN_NOCLUS may be incomplete.  When
         this step was stopped there were 0 observations and 0 variables.
WARNING: Data set WORK.P_G_TOP_1_MAIN_NOCLUS was not replaced because this
         step was stopped.
NOTE: DATA statement used (Total process time):
      real time           0.00 seconds
      cpu time            0.01 seconds





NOTE: The DESCENDING option applies only to the multinomial distribution
      with ordinal response.
NOTE: Class levels for some variables were not printed due to excessive
      size.
NOTE: Algorithm converged.
NOTE: Algorithm converged.
NOTE: The data set WORK.P_G_TOP_1_MAIN_ROBUST has 41 observations and 8
      variables.
NOTE: PROCEDURE GENMOD used (Total process time):
      real time           0.12 seconds
      cpu time            0.07 seconds



NOTE: There were 41 observations read from the data set
      WORK.P_G_TOP_1_MAIN_ROBUST.
NOTE: The data set WORK.P_G_TOP_1_MAIN_ROBUST has 1 observations and 1
      variables.
NOTE: DATA statement used (Total process time):
      real time           0.00 seconds
      cpu time            0.01 seconds



NOTE: There were 1 observations read from the data set WORK.P_G_TOP_1_MAIN.
NOTE: There were 1 observations read from the data set
      WORK.P_G_TOP_1_MAIN_ROBUST.
NOTE: There were 0 observations read from the data set
      WORK.P_G_TOP_1_MAIN_NOCLUS.
NOTE: The data set WORK.P_G_TOP_1_MAIN has 1 observations and 5 variables.
NOTE: DATA statement used (Total process time):
      real time           0.00 seconds
      cpu time            0.01 seconds



NOTE: There were 1 observations read from the data set WORK.P_G_TOP_1_MAIN.
NOTE: The data set WORK.P_G_TOP_1_MAIN has 3 observations and 5 variables.
NOTE: PROCEDURE TRANSPOSE used (Total process time):
      real time           0.01 seconds
      cpu time            0.01 seconds



NOTE: The DESCENDING option applies only to the multinomial distribution
      with ordinal response.
NOTE: Algorithm converged.
NOTE: Algorithm converged.
NOTE: The data set WORK.P_G_TOP_N has 2 observations and 6 variables.
NOTE: The data set WORK.P_G_TOP_2_LINEAR has 38 observations and 8
      variables.
WARNING: Output 'ParameterEstimates' was not created.  Make sure that the
         output object name, label, or path is spelled correctly.  Also,
         verify that the appropriate procedure options are used to produce
         the requested output object.  For example, verify that the
         NOPRINT option is not used.
NOTE: PROCEDURE GENMOD used (Total process time):
      real time           0.08 seconds
      cpu time            0.07 seconds



NOTE: There were 38 observations read from the data set
      WORK.P_G_TOP_2_LINEAR.
NOTE: The data set WORK.P_G_TOP_2_LINEAR has 1 observations and 4
      variables.
NOTE: DATA statement used (Total process time):
      real time           0.00 seconds
      cpu time            0.00 seconds


ERROR: The variable StdErr in the DROP, KEEP, or RENAME list has never
       been referenced.
ERROR: The variable parameter in the DROP, KEEP, or RENAME list has never
       been referenced.
ERROR: Invalid DROP, KEEP, or RENAME option on file
       WORK.P_G_TOP_2_LINEAR_NOCLUS.

WARNING: The variable StdErr in the DROP, KEEP, or RENAME list has never
         been referenced.
WARNING: The variable StdErr in the DROP, KEEP, or RENAME list has never
         been referenced.
NOTE: The SAS System stopped processing this step because of errors.
WARNING: The data set WORK.P_G_TOP_2_LINEAR_NOCLUS may be incomplete.
         When this step was stopped there were 0 observations and 0
         variables.
WARNING: Data set WORK.P_G_TOP_2_LINEAR_NOCLUS was not replaced because
         this step was stopped.
NOTE: DATA statement used (Total process time):
      real time           0.00 seconds
      cpu time            0.00 seconds





NOTE: The DESCENDING option applies only to the multinomial distribution
      with ordinal response.
NOTE: Class levels for some variables were not printed due to excessive
      size.
NOTE: Algorithm converged.
NOTE: Algorithm converged.
NOTE: The data set WORK.P_G_TOP_2_LINEAR_ROBUST has 38 observations and 8
      variables.
NOTE: PROCEDURE GENMOD used (Total process time):
      real time           0.12 seconds
      cpu time            0.12 seconds



NOTE: There were 38 observations read from the data set
      WORK.P_G_TOP_2_LINEAR_ROBUST.
NOTE: The data set WORK.P_G_TOP_2_LINEAR_ROBUST has 1 observations and 1
      variables.
NOTE: DATA statement used (Total process time):
      real time           0.01 seconds
      cpu time            0.00 seconds



NOTE: There were 1 observations read from the data set
      WORK.P_G_TOP_2_LINEAR.
NOTE: There were 1 observations read from the data set
      WORK.P_G_TOP_2_LINEAR_ROBUST.
NOTE: There were 0 observations read from the data set
      WORK.P_G_TOP_2_LINEAR_NOCLUS.
NOTE: The data set WORK.P_G_TOP_2_LINEAR has 1 observations and 5
      variables.
NOTE: DATA statement used (Total process time):
      real time           0.01 seconds
      cpu time            0.00 seconds



NOTE: There were 1 observations read from the data set
      WORK.P_G_TOP_2_LINEAR.
NOTE: The data set WORK.P_G_TOP_2_LINEAR has 3 observations and 5
      variables.
NOTE: PROCEDURE TRANSPOSE used (Total process time):
      real time           0.01 seconds
      cpu time            0.00 seconds



NOTE: There were 2 observations read from the data set WORK.P_G_TOP_N.
NOTE: The data set WORK.P_G_TOP_N has 1 observations and 3 variables.
NOTE: DATA statement used (Total process time):
      real time           0.00 seconds
      cpu time            0.01 seconds



NOTE: The data set WORK.SPACE1 has 1 observations and 1 variables.
NOTE: The data set WORK.SPACE2 has 1 observations and 1 variables.
NOTE: The data set WORK.SPACE3 has 1 observations and 1 variables.
NOTE: DATA statement used (Total process time):
      real time           0.02 seconds
      cpu time            0.03 seconds



NOTE: There were 2 observations read from the data set WORK.MEANS.
NOTE: There were 1 observations read from the data set WORK.SPACE1.
NOTE: There were 3 observations read from the data set WORK.P_G_TOP_1_MAIN.
NOTE: There were 1 observations read from the data set WORK.SPACE2.
NOTE: There were 3 observations read from the data set
      WORK.P_G_TOP_2_LINEAR.
NOTE: There were 1 observations read from the data set WORK.SPACE3.
NOTE: There were 1 observations read from the data set WORK.P_G_TOP_N.
NOTE: The data set WORK.C_P_G_TOP has 12 observations and 4 variables.
NOTE: DATA statement used (Total process time):
      real time           0.02 seconds
      cpu time            0.00 seconds


NOTE: Algorithm converged.
NOTE: Algorithm converged.
NOTE: The data set WORK.MEANS has 1 observations and 7 variables.
NOTE: PROCEDURE GENMOD used (Total process time):
      real time           0.06 seconds
      cpu time            0.03 seconds



NOTE: There were 1 observations read from the data set WORK.MEANS.
NOTE: The data set WORK.MEANS has 1 observations and 3 variables.
NOTE: DATA statement used (Total process time):
      real time           0.00 seconds
      cpu time            0.00 seconds



NOTE: Variable outcome is uninitialized.
NOTE: Variable rowname is uninitialized.
NOTE: Variable _NAME_ is uninitialized.
NOTE: The data set WORK.TRICK has 1 observations and 3 variables.
NOTE: DATA statement used (Total process time):
      real time           0.00 seconds
      cpu time            0.00 seconds



NOTE: There were 1 observations read from the data set WORK.TRICK.
NOTE: There were 1 observations read from the data set WORK.MEANS.
NOTE: The data set WORK.MEANS has 2 observations and 4 variables.
NOTE: DATA statement used (Total process time):
      real time           0.01 seconds
      cpu time            0.01 seconds



NOTE: The DESCENDING option applies only to the multinomial distribution
      with ordinal response.
NOTE: Algorithm converged.
NOTE: Algorithm converged.
NOTE: The data set WORK.P_G_BOT_N has 2 observations and 6 variables.
NOTE: The data set WORK.P_G_BOT_1_MAIN has 40 observations and 8 variables.
WARNING: Output 'ParameterEstimates' was not created.  Make sure that the
         output object name, label, or path is spelled correctly.  Also,
         verify that the appropriate procedure options are used to produce
         the requested output object.  For example, verify that the
         NOPRINT option is not used.
NOTE: PROCEDURE GENMOD used (Total process time):
      real time           0.08 seconds
      cpu time            0.06 seconds



NOTE: There were 40 observations read from the data set
      WORK.P_G_BOT_1_MAIN.
NOTE: The data set WORK.P_G_BOT_1_MAIN has 1 observations and 4 variables.
NOTE: DATA statement used (Total process time):
      real time           0.00 seconds
      cpu time            0.01 seconds


ERROR: The variable StdErr in the DROP, KEEP, or RENAME list has never
       been referenced.
ERROR: The variable parameter in the DROP, KEEP, or RENAME list has never
       been referenced.
ERROR: Invalid DROP, KEEP, or RENAME option on file
       WORK.P_G_BOT_1_MAIN_NOCLUS.

WARNING: The variable StdErr in the DROP, KEEP, or RENAME list has never
         been referenced.
WARNING: The variable StdErr in the DROP, KEEP, or RENAME list has never
         been referenced.
NOTE: The SAS System stopped processing this step because of errors.
WARNING: The data set WORK.P_G_BOT_1_MAIN_NOCLUS may be incomplete.  When
         this step was stopped there were 0 observations and 0 variables.
WARNING: Data set WORK.P_G_BOT_1_MAIN_NOCLUS was not replaced because this
         step was stopped.
NOTE: DATA statement used (Total process time):
      real time           0.00 seconds
      cpu time            0.00 seconds





NOTE: The DESCENDING option applies only to the multinomial distribution
      with ordinal response.
NOTE: Class levels for some variables were not printed due to excessive
      size.
NOTE: Algorithm converged.
NOTE: Algorithm converged.
NOTE: The data set WORK.P_G_BOT_1_MAIN_ROBUST has 40 observations and 8
      variables.
NOTE: PROCEDURE GENMOD used (Total process time):
      real time           0.13 seconds
      cpu time            0.09 seconds



NOTE: There were 40 observations read from the data set
      WORK.P_G_BOT_1_MAIN_ROBUST.
NOTE: The data set WORK.P_G_BOT_1_MAIN_ROBUST has 1 observations and 1
      variables.
NOTE: DATA statement used (Total process time):
      real time           0.00 seconds
      cpu time            0.00 seconds



NOTE: There were 1 observations read from the data set WORK.P_G_BOT_1_MAIN.
NOTE: There were 1 observations read from the data set
      WORK.P_G_BOT_1_MAIN_ROBUST.
NOTE: There were 0 observations read from the data set
      WORK.P_G_BOT_1_MAIN_NOCLUS.
NOTE: The data set WORK.P_G_BOT_1_MAIN has 1 observations and 5 variables.
NOTE: DATA statement used (Total process time):
      real time           0.00 seconds
      cpu time            0.01 seconds



NOTE: There were 1 observations read from the data set WORK.P_G_BOT_1_MAIN.
NOTE: The data set WORK.P_G_BOT_1_MAIN has 3 observations and 5 variables.
NOTE: PROCEDURE TRANSPOSE used (Total process time):
      real time           0.01 seconds
      cpu time            0.01 seconds



NOTE: The DESCENDING option applies only to the multinomial distribution
      with ordinal response.
NOTE: Algorithm converged.
NOTE: Algorithm converged.
NOTE: The data set WORK.P_G_BOT_N has 2 observations and 6 variables.
NOTE: The data set WORK.P_G_BOT_2_LINEAR has 37 observations and 8
      variables.
WARNING: Output 'ParameterEstimates' was not created.  Make sure that the
         output object name, label, or path is spelled correctly.  Also,
         verify that the appropriate procedure options are used to produce
         the requested output object.  For example, verify that the
         NOPRINT option is not used.
NOTE: PROCEDURE GENMOD used (Total process time):
      real time           0.08 seconds
      cpu time            0.07 seconds



NOTE: There were 37 observations read from the data set
      WORK.P_G_BOT_2_LINEAR.
NOTE: The data set WORK.P_G_BOT_2_LINEAR has 1 observations and 4
      variables.
NOTE: DATA statement used (Total process time):
      real time           0.01 seconds
      cpu time            0.01 seconds


ERROR: The variable StdErr in the DROP, KEEP, or RENAME list has never
       been referenced.
ERROR: The variable parameter in the DROP, KEEP, or RENAME list has never
       been referenced.
ERROR: Invalid DROP, KEEP, or RENAME option on file
       WORK.P_G_BOT_2_LINEAR_NOCLUS.

WARNING: The variable StdErr in the DROP, KEEP, or RENAME list has never
         been referenced.
WARNING: The variable StdErr in the DROP, KEEP, or RENAME list has never
         been referenced.
NOTE: The SAS System stopped processing this step because of errors.
WARNING: The data set WORK.P_G_BOT_2_LINEAR_NOCLUS may be incomplete.
         When this step was stopped there were 0 observations and 0
         variables.
WARNING: Data set WORK.P_G_BOT_2_LINEAR_NOCLUS was not replaced because
         this step was stopped.
NOTE: DATA statement used (Total process time):
      real time           0.00 seconds
      cpu time            0.00 seconds





NOTE: The DESCENDING option applies only to the multinomial distribution
      with ordinal response.
NOTE: Class levels for some variables were not printed due to excessive
      size.
NOTE: Algorithm converged.
NOTE: Algorithm converged.
NOTE: The data set WORK.P_G_BOT_2_LINEAR_ROBUST has 37 observations and 8
      variables.
NOTE: PROCEDURE GENMOD used (Total process time):
      real time           0.12 seconds
      cpu time            0.09 seconds



NOTE: There were 37 observations read from the data set
      WORK.P_G_BOT_2_LINEAR_ROBUST.
NOTE: The data set WORK.P_G_BOT_2_LINEAR_ROBUST has 1 observations and 1
      variables.
NOTE: DATA statement used (Total process time):
      real time           0.00 seconds
      cpu time            0.00 seconds



NOTE: There were 1 observations read from the data set
      WORK.P_G_BOT_2_LINEAR.
NOTE: There were 1 observations read from the data set
      WORK.P_G_BOT_2_LINEAR_ROBUST.
NOTE: There were 0 observations read from the data set
      WORK.P_G_BOT_2_LINEAR_NOCLUS.
NOTE: The data set WORK.P_G_BOT_2_LINEAR has 1 observations and 5
      variables.
NOTE: DATA statement used (Total process time):
      real time           0.01 seconds
      cpu time            0.00 seconds



NOTE: There were 1 observations read from the data set
      WORK.P_G_BOT_2_LINEAR.
NOTE: The data set WORK.P_G_BOT_2_LINEAR has 3 observations and 5
      variables.
NOTE: PROCEDURE TRANSPOSE used (Total process time):
      real time           0.01 seconds
      cpu time            0.00 seconds



NOTE: There were 2 observations read from the data set WORK.P_G_BOT_N.
NOTE: The data set WORK.P_G_BOT_N has 1 observations and 3 variables.
NOTE: DATA statement used (Total process time):
      real time           0.00 seconds
      cpu time            0.00 seconds



NOTE: The data set WORK.SPACE1 has 1 observations and 1 variables.
NOTE: The data set WORK.SPACE2 has 1 observations and 1 variables.
NOTE: The data set WORK.SPACE3 has 1 observations and 1 variables.
NOTE: DATA statement used (Total process time):
      real time           0.02 seconds
      cpu time            0.01 seconds



NOTE: There were 2 observations read from the data set WORK.MEANS.
NOTE: There were 1 observations read from the data set WORK.SPACE1.
NOTE: There were 3 observations read from the data set WORK.P_G_BOT_1_MAIN.
NOTE: There were 1 observations read from the data set WORK.SPACE2.
NOTE: There were 3 observations read from the data set
      WORK.P_G_BOT_2_LINEAR.
NOTE: There were 1 observations read from the data set WORK.SPACE3.
NOTE: There were 1 observations read from the data set WORK.P_G_BOT_N.
NOTE: The data set WORK.C_P_G_BOT has 12 observations and 4 variables.
NOTE: DATA statement used (Total process time):
      real time           0.01 seconds
      cpu time            0.01 seconds



NOTE: The data set WORK.SPACE_COL_1 has 1 observations and 1 variables.
NOTE: DATA statement used (Total process time):
      real time           0.00 seconds
      cpu time            0.01 seconds



NOTE: The data set WORK.SPACE_COL_2 has 1 observations and 1 variables.
NOTE: DATA statement used (Total process time):
      real time           0.01 seconds
      cpu time            0.01 seconds



NOTE: The data set WORK.SPACE_COL_3 has 1 observations and 1 variables.
NOTE: DATA statement used (Total process time):
      real time           0.00 seconds
      cpu time            0.01 seconds



NOTE: The data set WORK.SPACE_COL_4 has 1 observations and 1 variables.
NOTE: DATA statement used (Total process time):
      real time           0.00 seconds
      cpu time            0.00 seconds



NOTE: The data set WORK.SPACE_COL_5 has 1 observations and 1 variables.
NOTE: DATA statement used (Total process time):
      real time           0.00 seconds
      cpu time            0.00 seconds



NOTE: There were 12 observations read from the data set WORK.C_LS_BG_TOP.
NOTE: There were 12 observations read from the data set WORK.C_LS_BG_BOT.
NOTE: There were 1 observations read from the data set WORK.SPACE_COL_1.
NOTE: There were 12 observations read from the data set WORK.C_LS_B_TOP.
NOTE: There were 12 observations read from the data set WORK.C_LS_B_BOT.
NOTE: There were 1 observations read from the data set WORK.SPACE_COL_2.
NOTE: There were 12 observations read from the data set WORK.C_LS_G_TOP.
NOTE: There were 12 observations read from the data set WORK.C_LS_G_BOT.
NOTE: There were 1 observations read from the data set WORK.SPACE_COL_3.
NOTE: There were 12 observations read from the data set WORK.C_P_BG_TOP.
NOTE: There were 12 observations read from the data set WORK.C_P_BG_BOT.
NOTE: There were 1 observations read from the data set WORK.SPACE_COL_4.
NOTE: There were 12 observations read from the data set WORK.C_P_B_TOP.
NOTE: There were 12 observations read from the data set WORK.C_P_B_BOT.
NOTE: There were 1 observations read from the data set WORK.SPACE_COL_5.
NOTE: There were 12 observations read from the data set WORK.C_P_G_TOP.
NOTE: There were 12 observations read from the data set WORK.C_P_G_BOT.
NOTE: The data set TARGET.T8_LIN_Q_UNIVERSITY has 12 observations and 20
      variables.
NOTE: DATA statement used (Total process time):
      real time           0.08 seconds
      cpu time            0.00 seconds


880  %outcome(college0);

NOTE: There were 7857 observations read from the data set WORK.BONUS_00_01.
NOTE: The data set WORK.BASE01 has 3821 observations and 21 variables.
NOTE: DATA statement used (Total process time):
      real time           0.01 seconds
      cpu time            0.01 seconds



NOTE: The data set WORK.TEMP has 1 observations and 4 variables.
NOTE: PROCEDURE UNIVARIATE used (Total process time):
      real time           0.01 seconds
      cpu time            0.01 seconds



NOTE: There were 1 observations read from the data set WORK.TEMP.
NOTE: The data set WORK.TEMP has 1 observations and 5 variables.
NOTE: DATA statement used (Total process time):
      real time           0.00 seconds
      cpu time            0.01 seconds



NOTE: There were 3821 observations read from the data set WORK.BASE01.
NOTE: The data set WORK.BASE01 has 3821 observations and 21 variables.
NOTE: PROCEDURE SORT used (Total process time):
      real time           0.00 seconds
      cpu time            0.01 seconds



NOTE: There were 1 observations read from the data set WORK.TEMP.
NOTE: The data set WORK.TEMP has 1 observations and 5 variables.
NOTE: PROCEDURE SORT used (Total process time):
      real time           0.01 seconds
      cpu time            0.01 seconds



NOTE: There were 3821 observations read from the data set WORK.BASE01.
NOTE: There were 1 observations read from the data set WORK.TEMP.
NOTE: The data set WORK.BASE01 has 3821 observations and 30 variables.
NOTE: DATA statement used (Total process time):
      real time           0.01 seconds
      cpu time            0.00 seconds



NOTE: PROC GENMOD is modeling the probability that ZAKAIBAG='1'.
NOTE: Algorithm converged.
NOTE: Algorithm converged.
NOTE: The data set WORK.TEMP2 has 3821 observations and 31 variables.
NOTE: PROCEDURE GENMOD used (Total process time):
      real time           0.12 seconds
      cpu time            0.09 seconds



NOTE: The data set WORK.TEMP3 has 1 observations and 4 variables.
NOTE: PROCEDURE UNIVARIATE used (Total process time):
      real time           0.00 seconds
      cpu time            0.01 seconds



NOTE: There were 1 observations read from the data set WORK.TEMP3.
NOTE: The data set WORK.TEMP3 has 1 observations and 5 variables.
NOTE: DATA statement used (Total process time):
      real time           0.00 seconds
      cpu time            0.00 seconds



NOTE: There were 3821 observations read from the data set WORK.TEMP2.
NOTE: The data set WORK.TEMP2 has 3821 observations and 31 variables.
NOTE: PROCEDURE SORT used (Total process time):
      real time           0.01 seconds
      cpu time            0.00 seconds



NOTE: There were 1 observations read from the data set WORK.TEMP3.
NOTE: The data set WORK.TEMP3 has 1 observations and 5 variables.
NOTE: PROCEDURE SORT used (Total process time):
      real time           0.00 seconds
      cpu time            0.01 seconds



NOTE: There were 3821 observations read from the data set WORK.TEMP2.
NOTE: There were 1 observations read from the data set WORK.TEMP3.
NOTE: The data set WORK.BASE01 has 3821 observations and 39 variables.
NOTE: DATA statement used (Total process time):
      real time           0.01 seconds
      cpu time            0.01 seconds



NOTE: Deleting WORK.TEMP (memtype=DATA).
NOTE: Deleting WORK.TEMP2 (memtype=DATA).
NOTE: Deleting WORK.TEMP3 (memtype=DATA).
NOTE: PROCEDURE DATASETS used (Total process time):
      real time           0.05 seconds
      cpu time            0.03 seconds



NOTE: There were 7857 observations read from the data set WORK.BONUS_00_01.
NOTE: The data set WORK.BASE00 has 4036 observations and 21 variables.
NOTE: DATA statement used (Total process time):
      real time           0.01 seconds
      cpu time            0.00 seconds



NOTE: The data set WORK.TEMP has 1 observations and 4 variables.
NOTE: PROCEDURE UNIVARIATE used (Total process time):
      real time           0.02 seconds
      cpu time            0.01 seconds



NOTE: There were 1 observations read from the data set WORK.TEMP.
NOTE: The data set WORK.TEMP has 1 observations and 5 variables.
NOTE: DATA statement used (Total process time):
      real time           0.01 seconds
      cpu time            0.00 seconds


NOTE: There were 4036 observations read from the data set WORK.BASE00.
NOTE: The data set WORK.BASE00 has 4036 observations and 21 variables.
NOTE: PROCEDURE SORT used (Total process time):
      real time           0.00 seconds
      cpu time            0.01 seconds


NOTE: There were 1 observations read from the data set WORK.TEMP.
NOTE: The data set WORK.TEMP has 1 observations and 5 variables.
NOTE: PROCEDURE SORT used (Total process time):
      real time           0.00 seconds
      cpu time            0.00 seconds



NOTE: There were 4036 observations read from the data set WORK.BASE00.
NOTE: There were 1 observations read from the data set WORK.TEMP.
NOTE: The data set WORK.BASE00 has 4036 observations and 30 variables.
NOTE: DATA statement used (Total process time):
      real time           0.01 seconds
      cpu time            0.01 seconds



NOTE: PROC GENMOD is modeling the probability that ZAKAIBAG='1'.
NOTE: Algorithm converged.
NOTE: Algorithm converged.
NOTE: The data set WORK.TEMP2 has 4036 observations and 31 variables.
NOTE: PROCEDURE GENMOD used (Total process time):
      real time           0.09 seconds
      cpu time            0.07 seconds



NOTE: The data set WORK.TEMP3 has 1 observations and 4 variables.
NOTE: PROCEDURE UNIVARIATE used (Total process time):
      real time           0.01 seconds
      cpu time            0.01 seconds



NOTE: There were 1 observations read from the data set WORK.TEMP3.
NOTE: The data set WORK.TEMP3 has 1 observations and 5 variables.
NOTE: DATA statement used (Total process time):
      real time           0.00 seconds
      cpu time            0.00 seconds



NOTE: There were 4036 observations read from the data set WORK.TEMP2.
NOTE: The data set WORK.TEMP2 has 4036 observations and 31 variables.
NOTE: PROCEDURE SORT used (Total process time):
      real time           0.02 seconds
      cpu time            0.00 seconds



NOTE: There were 1 observations read from the data set WORK.TEMP3.
NOTE: The data set WORK.TEMP3 has 1 observations and 5 variables.
NOTE: PROCEDURE SORT used (Total process time):
      real time           0.00 seconds
      cpu time            0.00 seconds



NOTE: There were 4036 observations read from the data set WORK.TEMP2.
NOTE: There were 1 observations read from the data set WORK.TEMP3.
NOTE: The data set WORK.BASE00 has 4036 observations and 39 variables.
NOTE: DATA statement used (Total process time):
      real time           0.01 seconds
      cpu time            0.01 seconds



NOTE: Deleting WORK.TEMP (memtype=DATA).
NOTE: Deleting WORK.TEMP2 (memtype=DATA).
NOTE: Deleting WORK.TEMP3 (memtype=DATA).
NOTE: PROCEDURE DATASETS used (Total process time):
      real time           0.05 seconds
      cpu time            0.04 seconds



NOTE: There were 3821 observations read from the data set WORK.BASE01.
NOTE: There were 4036 observations read from the data set WORK.BASE00.
NOTE: The data set WORK.BASE_BG has 7586 observations and 41 variables.
NOTE: DATA statement used (Total process time):
      real time           0.01 seconds
      cpu time            0.01 seconds



NOTE: There were 7586 observations read from the data set WORK.BASE_BG.
NOTE: The data set WORK.LS_BG_TOP has 1918 observations and 43 variables.
NOTE: DATA statement used (Total process time):
      real time           0.01 seconds
      cpu time            0.01 seconds



NOTE: There were 1918 observations read from the data set WORK.LS_BG_TOP.
NOTE: The data set WORK.LS_BG_TOP has 1918 observations and 43 variables.
NOTE: PROCEDURE SORT used (Total process time):
      real time           0.01 seconds
      cpu time            0.01 seconds



NOTE: There were 1918 observations read from the data set WORK.LS_BG_TOP.
NOTE: The data set WORK.TEMP has 39 observations and 9 variables.
NOTE: PROCEDURE SUMMARY used (Total process time):
      real time           0.00 seconds
      cpu time            0.01 seconds



NOTE: There were 1918 observations read from the data set WORK.LS_BG_TOP.
NOTE: There were 39 observations read from the data set WORK.TEMP.
NOTE: The data set WORK.LS_BG_TOP has 1914 observations and 51 variables.
NOTE: DATA statement used (Total process time):
      real time           0.07 seconds
      cpu time            0.03 seconds



NOTE: There were 7586 observations read from the data set WORK.BASE_BG.
NOTE: The data set WORK.LS_BG_BOT has 1972 observations and 43 variables.
NOTE: DATA statement used (Total process time):
      real time           0.04 seconds
      cpu time            0.00 seconds



NOTE: There were 1972 observations read from the data set WORK.LS_BG_BOT.
NOTE: The data set WORK.LS_BG_BOT has 1972 observations and 43 variables.
NOTE: PROCEDURE SORT used (Total process time):
      real time           0.02 seconds
      cpu time            0.01 seconds



NOTE: There were 1972 observations read from the data set WORK.LS_BG_BOT.
NOTE: The data set WORK.TEMP has 39 observations and 9 variables.
NOTE: PROCEDURE SUMMARY used (Total process time):
      real time           0.02 seconds
      cpu time            0.01 seconds



NOTE: There were 1972 observations read from the data set WORK.LS_BG_BOT.
NOTE: There were 39 observations read from the data set WORK.TEMP.
NOTE: The data set WORK.LS_BG_BOT has 1971 observations and 51 variables.
NOTE: DATA statement used (Total process time):
      real time           0.01 seconds
      cpu time            0.00 seconds



NOTE: There were 7586 observations read from the data set WORK.BASE_BG.
NOTE: The data set WORK.P_BG_TOP has 1956 observations and 43 variables.
NOTE: DATA statement used (Total process time):
      real time           0.00 seconds
      cpu time            0.01 seconds



NOTE: There were 1956 observations read from the data set WORK.P_BG_TOP.
NOTE: The data set WORK.P_BG_TOP has 1956 observations and 43 variables.
NOTE: PROCEDURE SORT used (Total process time):
      real time           0.00 seconds
      cpu time            0.01 seconds



NOTE: There were 1956 observations read from the data set WORK.P_BG_TOP.
NOTE: The data set WORK.TEMP has 39 observations and 9 variables.
NOTE: PROCEDURE SUMMARY used (Total process time):
      real time           0.01 seconds
      cpu time            0.00 seconds



NOTE: There were 1956 observations read from the data set WORK.P_BG_TOP.
NOTE: There were 39 observations read from the data set WORK.TEMP.
NOTE: The data set WORK.P_BG_TOP has 1955 observations and 51 variables.
NOTE: DATA statement used (Total process time):
      real time           0.00 seconds
      cpu time            0.00 seconds



NOTE: There were 7586 observations read from the data set WORK.BASE_BG.
NOTE: The data set WORK.P_BG_BOT has 1917 observations and 43 variables.
NOTE: DATA statement used (Total process time):
      real time           0.02 seconds
      cpu time            0.00 seconds



NOTE: There were 1917 observations read from the data set WORK.P_BG_BOT.
NOTE: The data set WORK.P_BG_BOT has 1917 observations and 43 variables.
NOTE: PROCEDURE SORT used (Total process time):
      real time           0.00 seconds
      cpu time            0.01 seconds



NOTE: There were 1917 observations read from the data set WORK.P_BG_BOT.
NOTE: The data set WORK.TEMP has 38 observations and 9 variables.
NOTE: PROCEDURE SUMMARY used (Total process time):
      real time           0.01 seconds
      cpu time            0.00 seconds



NOTE: There were 1917 observations read from the data set WORK.P_BG_BOT.
NOTE: There were 38 observations read from the data set WORK.TEMP.
NOTE: The data set WORK.P_BG_BOT has 1845 observations and 51 variables.
NOTE: DATA statement used (Total process time):
      real time           0.00 seconds
      cpu time            0.00 seconds



NOTE: There were 7857 observations read from the data set WORK.BONUS_00_01.
NOTE: The data set WORK.BASE01 has 1960 observations and 21 variables.
NOTE: DATA statement used (Total process time):
      real time           0.01 seconds
      cpu time            0.01 seconds



NOTE: The data set WORK.TEMP has 1 observations and 4 variables.
NOTE: PROCEDURE UNIVARIATE used (Total process time):
      real time           0.00 seconds
      cpu time            0.00 seconds



NOTE: There were 1 observations read from the data set WORK.TEMP.
NOTE: The data set WORK.TEMP has 1 observations and 5 variables.
NOTE: DATA statement used (Total process time):
      real time           0.00 seconds
      cpu time            0.00 seconds



NOTE: There were 1960 observations read from the data set WORK.BASE01.
NOTE: The data set WORK.BASE01 has 1960 observations and 21 variables.
NOTE: PROCEDURE SORT used (Total process time):
      real time           0.00 seconds
      cpu time            0.01 seconds



NOTE: There were 1 observations read from the data set WORK.TEMP.
NOTE: The data set WORK.TEMP has 1 observations and 5 variables.
NOTE: PROCEDURE SORT used (Total process time):
      real time           0.00 seconds
      cpu time            0.01 seconds



NOTE: There were 1960 observations read from the data set WORK.BASE01.
NOTE: There were 1 observations read from the data set WORK.TEMP.
NOTE: The data set WORK.BASE01 has 1960 observations and 30 variables.
NOTE: DATA statement used (Total process time):
      real time           0.01 seconds
      cpu time            0.00 seconds



NOTE: PROC GENMOD is modeling the probability that ZAKAIBAG='1'.
NOTE: Algorithm converged.
NOTE: Algorithm converged.
NOTE: The data set WORK.TEMP2 has 1960 observations and 31 variables.
NOTE: PROCEDURE GENMOD used (Total process time):
      real time           0.09 seconds
      cpu time            0.03 seconds



NOTE: The data set WORK.TEMP3 has 1 observations and 4 variables.
NOTE: PROCEDURE UNIVARIATE used (Total process time):
      real time           0.00 seconds
      cpu time            0.00 seconds



NOTE: There were 1 observations read from the data set WORK.TEMP3.
NOTE: The data set WORK.TEMP3 has 1 observations and 5 variables.
NOTE: DATA statement used (Total process time):
      real time           0.01 seconds
      cpu time            0.01 seconds



NOTE: There were 1960 observations read from the data set WORK.TEMP2.
NOTE: The data set WORK.TEMP2 has 1960 observations and 31 variables.
NOTE: PROCEDURE SORT used (Total process time):
      real time           0.00 seconds
      cpu time            0.00 seconds



NOTE: There were 1 observations read from the data set WORK.TEMP3.
NOTE: The data set WORK.TEMP3 has 1 observations and 5 variables.
NOTE: PROCEDURE SORT used (Total process time):
      real time           0.00 seconds
      cpu time            0.00 seconds



NOTE: There were 1960 observations read from the data set WORK.TEMP2.
NOTE: There were 1 observations read from the data set WORK.TEMP3.
NOTE: The data set WORK.BASE01 has 1960 observations and 39 variables.
NOTE: DATA statement used (Total process time):
      real time           0.01 seconds
      cpu time            0.01 seconds



NOTE: Deleting WORK.TEMP (memtype=DATA).
NOTE: Deleting WORK.TEMP2 (memtype=DATA).
NOTE: Deleting WORK.TEMP3 (memtype=DATA).
NOTE: PROCEDURE DATASETS used (Total process time):
      real time           0.05 seconds
      cpu time            0.04 seconds



NOTE: There were 7857 observations read from the data set WORK.BONUS_00_01.
NOTE: The data set WORK.BASE00 has 2038 observations and 21 variables.
NOTE: DATA statement used (Total process time):
      real time           0.01 seconds
      cpu time            0.01 seconds



NOTE: The data set WORK.TEMP has 1 observations and 4 variables.
NOTE: PROCEDURE UNIVARIATE used (Total process time):
      real time           0.01 seconds
      cpu time            0.01 seconds



NOTE: There were 1 observations read from the data set WORK.TEMP.
NOTE: The data set WORK.TEMP has 1 observations and 5 variables.
NOTE: DATA statement used (Total process time):
      real time           0.00 seconds
      cpu time            0.01 seconds


NOTE: There were 2038 observations read from the data set WORK.BASE00.
NOTE: The data set WORK.BASE00 has 2038 observations and 21 variables.
NOTE: PROCEDURE SORT used (Total process time):
      real time           0.01 seconds
      cpu time            0.00 seconds


NOTE: There were 1 observations read from the data set WORK.TEMP.
NOTE: The data set WORK.TEMP has 1 observations and 5 variables.
NOTE: PROCEDURE SORT used (Total process time):
      real time           0.00 seconds
      cpu time            0.01 seconds



NOTE: There were 2038 observations read from the data set WORK.BASE00.
NOTE: There were 1 observations read from the data set WORK.TEMP.
NOTE: The data set WORK.BASE00 has 2038 observations and 30 variables.
NOTE: DATA statement used (Total process time):
      real time           0.01 seconds
      cpu time            0.01 seconds



NOTE: PROC GENMOD is modeling the probability that ZAKAIBAG='1'.
NOTE: Algorithm converged.
NOTE: Algorithm converged.
NOTE: The data set WORK.TEMP2 has 2038 observations and 31 variables.
NOTE: PROCEDURE GENMOD used (Total process time):
      real time           0.07 seconds
      cpu time            0.04 seconds



NOTE: The data set WORK.TEMP3 has 1 observations and 4 variables.
NOTE: PROCEDURE UNIVARIATE used (Total process time):
      real time           0.00 seconds
      cpu time            0.00 seconds



NOTE: There were 1 observations read from the data set WORK.TEMP3.
NOTE: The data set WORK.TEMP3 has 1 observations and 5 variables.
NOTE: DATA statement used (Total process time):
      real time           0.00 seconds
      cpu time            0.00 seconds



NOTE: There were 2038 observations read from the data set WORK.TEMP2.
NOTE: The data set WORK.TEMP2 has 2038 observations and 31 variables.
NOTE: PROCEDURE SORT used (Total process time):
      real time           0.01 seconds
      cpu time            0.00 seconds



NOTE: There were 1 observations read from the data set WORK.TEMP3.
NOTE: The data set WORK.TEMP3 has 1 observations and 5 variables.
NOTE: PROCEDURE SORT used (Total process time):
      real time           0.01 seconds
      cpu time            0.01 seconds



NOTE: There were 2038 observations read from the data set WORK.TEMP2.
NOTE: There were 1 observations read from the data set WORK.TEMP3.
NOTE: The data set WORK.BASE00 has 2038 observations and 39 variables.
NOTE: DATA statement used (Total process time):
      real time           0.01 seconds
      cpu time            0.01 seconds



NOTE: Deleting WORK.TEMP (memtype=DATA).
NOTE: Deleting WORK.TEMP2 (memtype=DATA).
NOTE: Deleting WORK.TEMP3 (memtype=DATA).
NOTE: PROCEDURE DATASETS used (Total process time):
      real time           0.05 seconds
      cpu time            0.04 seconds



NOTE: There were 1960 observations read from the data set WORK.BASE01.
NOTE: There were 2038 observations read from the data set WORK.BASE00.
NOTE: The data set WORK.BASE_B has 3982 observations and 41 variables.
NOTE: DATA statement used (Total process time):
      real time           0.01 seconds
      cpu time            0.01 seconds



NOTE: There were 3982 observations read from the data set WORK.BASE_B.
NOTE: The data set WORK.LS_B_TOP has 1009 observations and 43 variables.
NOTE: DATA statement used (Total process time):
      real time           0.01 seconds
      cpu time            0.01 seconds



NOTE: There were 1009 observations read from the data set WORK.LS_B_TOP.
NOTE: The data set WORK.LS_B_TOP has 1009 observations and 43 variables.
NOTE: PROCEDURE SORT used (Total process time):
      real time           0.00 seconds
      cpu time            0.00 seconds



NOTE: There were 1009 observations read from the data set WORK.LS_B_TOP.
NOTE: The data set WORK.TEMP has 33 observations and 9 variables.
NOTE: PROCEDURE SUMMARY used (Total process time):
      real time           0.01 seconds
      cpu time            0.00 seconds



NOTE: There were 1009 observations read from the data set WORK.LS_B_TOP.
NOTE: There were 33 observations read from the data set WORK.TEMP.
NOTE: The data set WORK.LS_B_TOP has 1007 observations and 51 variables.
NOTE: DATA statement used (Total process time):
      real time           0.01 seconds
      cpu time            0.01 seconds



NOTE: There were 3982 observations read from the data set WORK.BASE_B.
NOTE: The data set WORK.LS_B_BOT has 988 observations and 43 variables.
NOTE: DATA statement used (Total process time):
      real time           0.00 seconds
      cpu time            0.01 seconds



NOTE: There were 988 observations read from the data set WORK.LS_B_BOT.
NOTE: The data set WORK.LS_B_BOT has 988 observations and 43 variables.
NOTE: PROCEDURE SORT used (Total process time):
      real time           0.00 seconds
      cpu time            0.01 seconds



NOTE: There were 988 observations read from the data set WORK.LS_B_BOT.
NOTE: The data set WORK.TEMP has 33 observations and 9 variables.
NOTE: PROCEDURE SUMMARY used (Total process time):
      real time           0.01 seconds
      cpu time            0.00 seconds



NOTE: There were 988 observations read from the data set WORK.LS_B_BOT.
NOTE: There were 33 observations read from the data set WORK.TEMP.
NOTE: The data set WORK.LS_B_BOT has 988 observations and 51 variables.
NOTE: DATA statement used (Total process time):
      real time           0.01 seconds
      cpu time            0.00 seconds



NOTE: There were 3982 observations read from the data set WORK.BASE_B.
NOTE: The data set WORK.P_B_TOP has 1015 observations and 43 variables.
NOTE: DATA statement used (Total process time):
      real time           0.01 seconds
      cpu time            0.01 seconds



NOTE: There were 1015 observations read from the data set WORK.P_B_TOP.
NOTE: The data set WORK.P_B_TOP has 1015 observations and 43 variables.
NOTE: PROCEDURE SORT used (Total process time):
      real time           0.00 seconds
      cpu time            0.01 seconds



NOTE: There were 1015 observations read from the data set WORK.P_B_TOP.
NOTE: The data set WORK.TEMP has 33 observations and 9 variables.
NOTE: PROCEDURE SUMMARY used (Total process time):
      real time           0.00 seconds
      cpu time            0.01 seconds



NOTE: There were 1015 observations read from the data set WORK.P_B_TOP.
NOTE: There were 33 observations read from the data set WORK.TEMP.
NOTE: The data set WORK.P_B_TOP has 1006 observations and 51 variables.
NOTE: DATA statement used (Total process time):
      real time           0.01 seconds
      cpu time            0.00 seconds



NOTE: There were 3982 observations read from the data set WORK.BASE_B.
NOTE: The data set WORK.P_B_BOT has 980 observations and 43 variables.
NOTE: DATA statement used (Total process time):
      real time           0.00 seconds
      cpu time            0.00 seconds



NOTE: There were 980 observations read from the data set WORK.P_B_BOT.
NOTE: The data set WORK.P_B_BOT has 980 observations and 43 variables.
NOTE: PROCEDURE SORT used (Total process time):
      real time           0.01 seconds
      cpu time            0.00 seconds



NOTE: There were 980 observations read from the data set WORK.P_B_BOT.
NOTE: The data set WORK.TEMP has 33 observations and 9 variables.
NOTE: PROCEDURE SUMMARY used (Total process time):
      real time           0.00 seconds
      cpu time            0.01 seconds



NOTE: There were 980 observations read from the data set WORK.P_B_BOT.
NOTE: There were 33 observations read from the data set WORK.TEMP.
NOTE: The data set WORK.P_B_BOT has 979 observations and 51 variables.
NOTE: DATA statement used (Total process time):
      real time           0.02 seconds
      cpu time            0.01 seconds



NOTE: There were 7857 observations read from the data set WORK.BONUS_00_01.
NOTE: The data set WORK.BASE01 has 1861 observations and 21 variables.
NOTE: DATA statement used (Total process time):
      real time           0.01 seconds
      cpu time            0.01 seconds



NOTE: The data set WORK.TEMP has 1 observations and 4 variables.
NOTE: PROCEDURE UNIVARIATE used (Total process time):
      real time           0.01 seconds
      cpu time            0.00 seconds



NOTE: There were 1 observations read from the data set WORK.TEMP.
NOTE: The data set WORK.TEMP has 1 observations and 5 variables.
NOTE: DATA statement used (Total process time):
      real time           0.00 seconds
      cpu time            0.01 seconds



NOTE: There were 1861 observations read from the data set WORK.BASE01.
NOTE: The data set WORK.BASE01 has 1861 observations and 21 variables.
NOTE: PROCEDURE SORT used (Total process time):
      real time           0.00 seconds
      cpu time            0.00 seconds



NOTE: There were 1 observations read from the data set WORK.TEMP.
NOTE: The data set WORK.TEMP has 1 observations and 5 variables.
NOTE: PROCEDURE SORT used (Total process time):
      real time           0.00 seconds
      cpu time            0.00 seconds



NOTE: There were 1861 observations read from the data set WORK.BASE01.
NOTE: There were 1 observations read from the data set WORK.TEMP.
NOTE: The data set WORK.BASE01 has 1861 observations and 30 variables.
NOTE: DATA statement used (Total process time):
      real time           0.01 seconds
      cpu time            0.00 seconds



NOTE: PROC GENMOD is modeling the probability that ZAKAIBAG='1'.
NOTE: Algorithm converged.
NOTE: Algorithm converged.
NOTE: The data set WORK.TEMP2 has 1861 observations and 31 variables.
NOTE: PROCEDURE GENMOD used (Total process time):
      real time           0.07 seconds
      cpu time            0.06 seconds



NOTE: The data set WORK.TEMP3 has 1 observations and 4 variables.
NOTE: PROCEDURE UNIVARIATE used (Total process time):
      real time           0.00 seconds
      cpu time            0.00 seconds



NOTE: There were 1 observations read from the data set WORK.TEMP3.
NOTE: The data set WORK.TEMP3 has 1 observations and 5 variables.
NOTE: DATA statement used (Total process time):
      real time           0.02 seconds
      cpu time            0.01 seconds



NOTE: There were 1861 observations read from the data set WORK.TEMP2.
NOTE: The data set WORK.TEMP2 has 1861 observations and 31 variables.
NOTE: PROCEDURE SORT used (Total process time):
      real time           0.04 seconds
      cpu time            0.00 seconds



NOTE: There were 1 observations read from the data set WORK.TEMP3.
NOTE: The data set WORK.TEMP3 has 1 observations and 5 variables.
NOTE: PROCEDURE SORT used (Total process time):
      real time           0.01 seconds
      cpu time            0.00 seconds



NOTE: There were 1861 observations read from the data set WORK.TEMP2.
NOTE: There were 1 observations read from the data set WORK.TEMP3.
NOTE: The data set WORK.BASE01 has 1861 observations and 39 variables.
NOTE: DATA statement used (Total process time):
      real time           0.04 seconds
      cpu time            0.01 seconds



NOTE: Deleting WORK.TEMP (memtype=DATA).
NOTE: Deleting WORK.TEMP2 (memtype=DATA).
NOTE: Deleting WORK.TEMP3 (memtype=DATA).
NOTE: PROCEDURE DATASETS used (Total process time):
      real time           0.05 seconds
      cpu time            0.04 seconds



NOTE: There were 7857 observations read from the data set WORK.BONUS_00_01.
NOTE: The data set WORK.BASE00 has 1998 observations and 21 variables.
NOTE: DATA statement used (Total process time):
      real time           0.03 seconds
      cpu time            0.04 seconds



NOTE: The data set WORK.TEMP has 1 observations and 4 variables.
NOTE: PROCEDURE UNIVARIATE used (Total process time):
      real time           0.01 seconds
      cpu time            0.01 seconds



NOTE: There were 1 observations read from the data set WORK.TEMP.
NOTE: The data set WORK.TEMP has 1 observations and 5 variables.
NOTE: DATA statement used (Total process time):
      real time           0.02 seconds
      cpu time            0.01 seconds


NOTE: There were 1998 observations read from the data set WORK.BASE00.
NOTE: The data set WORK.BASE00 has 1998 observations and 21 variables.
NOTE: PROCEDURE SORT used (Total process time):
      real time           0.03 seconds
      cpu time            0.00 seconds


NOTE: There were 1 observations read from the data set WORK.TEMP.
NOTE: The data set WORK.TEMP has 1 observations and 5 variables.
NOTE: PROCEDURE SORT used (Total process time):
      real time           0.01 seconds
      cpu time            0.01 seconds



NOTE: There were 1998 observations read from the data set WORK.BASE00.
NOTE: There were 1 observations read from the data set WORK.TEMP.
NOTE: The data set WORK.BASE00 has 1998 observations and 30 variables.
NOTE: DATA statement used (Total process time):
      real time           0.04 seconds
      cpu time            0.01 seconds



NOTE: PROC GENMOD is modeling the probability that ZAKAIBAG='1'.
NOTE: Algorithm converged.
NOTE: Algorithm converged.
NOTE: The data set WORK.TEMP2 has 1998 observations and 31 variables.
NOTE: PROCEDURE GENMOD used (Total process time):
      real time           0.22 seconds
      cpu time            0.06 seconds



NOTE: The data set WORK.TEMP3 has 1 observations and 4 variables.
NOTE: PROCEDURE UNIVARIATE used (Total process time):
      real time           0.01 seconds
      cpu time            0.01 seconds



NOTE: There were 1 observations read from the data set WORK.TEMP3.
NOTE: The data set WORK.TEMP3 has 1 observations and 5 variables.
NOTE: DATA statement used (Total process time):
      real time           0.01 seconds
      cpu time            0.00 seconds



NOTE: There were 1998 observations read from the data set WORK.TEMP2.
NOTE: The data set WORK.TEMP2 has 1998 observations and 31 variables.
NOTE: PROCEDURE SORT used (Total process time):
      real time           0.03 seconds
      cpu time            0.01 seconds



NOTE: There were 1 observations read from the data set WORK.TEMP3.
NOTE: The data set WORK.TEMP3 has 1 observations and 5 variables.
NOTE: PROCEDURE SORT used (Total process time):
      real time           0.02 seconds
      cpu time            0.00 seconds



NOTE: There were 1998 observations read from the data set WORK.TEMP2.
NOTE: There were 1 observations read from the data set WORK.TEMP3.
NOTE: The data set WORK.BASE00 has 1998 observations and 39 variables.
NOTE: DATA statement used (Total process time):
      real time           0.04 seconds
      cpu time            0.00 seconds



NOTE: Deleting WORK.TEMP (memtype=DATA).
NOTE: Deleting WORK.TEMP2 (memtype=DATA).
NOTE: Deleting WORK.TEMP3 (memtype=DATA).
NOTE: PROCEDURE DATASETS used (Total process time):
      real time           0.29 seconds
      cpu time            0.03 seconds



NOTE: There were 1861 observations read from the data set WORK.BASE01.
NOTE: There were 1998 observations read from the data set WORK.BASE00.
NOTE: The data set WORK.BASE_G has 3604 observations and 41 variables.
NOTE: DATA statement used (Total process time):
      real time           0.13 seconds
      cpu time            0.01 seconds



NOTE: There were 3604 observations read from the data set WORK.BASE_G.
NOTE: The data set WORK.LS_G_TOP has 925 observations and 43 variables.
NOTE: DATA statement used (Total process time):
      real time           0.06 seconds
      cpu time            0.01 seconds



NOTE: There were 925 observations read from the data set WORK.LS_G_TOP.
NOTE: The data set WORK.LS_G_TOP has 925 observations and 43 variables.
NOTE: PROCEDURE SORT used (Total process time):
      real time           0.02 seconds
      cpu time            0.01 seconds



NOTE: There were 925 observations read from the data set WORK.LS_G_TOP.
NOTE: The data set WORK.TEMP has 34 observations and 9 variables.
NOTE: PROCEDURE SUMMARY used (Total process time):
      real time           0.01 seconds
      cpu time            0.01 seconds



NOTE: There were 925 observations read from the data set WORK.LS_G_TOP.
NOTE: There were 34 observations read from the data set WORK.TEMP.
NOTE: The data set WORK.LS_G_TOP has 921 observations and 51 variables.
NOTE: DATA statement used (Total process time):
      real time           0.04 seconds
      cpu time            0.01 seconds



NOTE: There were 3604 observations read from the data set WORK.BASE_G.
NOTE: The data set WORK.LS_G_BOT has 963 observations and 43 variables.
NOTE: DATA statement used (Total process time):
      real time           0.03 seconds
      cpu time            0.01 seconds



NOTE: There were 963 observations read from the data set WORK.LS_G_BOT.
NOTE: The data set WORK.LS_G_BOT has 963 observations and 43 variables.
NOTE: PROCEDURE SORT used (Total process time):
      real time           0.03 seconds
      cpu time            0.01 seconds



NOTE: There were 963 observations read from the data set WORK.LS_G_BOT.
NOTE: The data set WORK.TEMP has 35 observations and 9 variables.
NOTE: PROCEDURE SUMMARY used (Total process time):
      real time           0.01 seconds
      cpu time            0.00 seconds



NOTE: There were 963 observations read from the data set WORK.LS_G_BOT.
NOTE: There were 35 observations read from the data set WORK.TEMP.
NOTE: The data set WORK.LS_G_BOT has 958 observations and 51 variables.
NOTE: DATA statement used (Total process time):
      real time           0.04 seconds
      cpu time            0.00 seconds



NOTE: There were 3604 observations read from the data set WORK.BASE_G.
NOTE: The data set WORK.P_G_TOP has 926 observations and 43 variables.
NOTE: DATA statement used (Total process time):
      real time           0.02 seconds
      cpu time            0.01 seconds



NOTE: There were 926 observations read from the data set WORK.P_G_TOP.
NOTE: The data set WORK.P_G_TOP has 926 observations and 43 variables.
NOTE: PROCEDURE SORT used (Total process time):
      real time           0.03 seconds
      cpu time            0.00 seconds



NOTE: There were 926 observations read from the data set WORK.P_G_TOP.
NOTE: The data set WORK.TEMP has 33 observations and 9 variables.
NOTE: PROCEDURE SUMMARY used (Total process time):
      real time           0.01 seconds
      cpu time            0.01 seconds



NOTE: There were 926 observations read from the data set WORK.P_G_TOP.
NOTE: There were 33 observations read from the data set WORK.TEMP.
NOTE: The data set WORK.P_G_TOP has 924 observations and 51 variables.
NOTE: DATA statement used (Total process time):
      real time           0.03 seconds
      cpu time            0.03 seconds



NOTE: There were 3604 observations read from the data set WORK.BASE_G.
NOTE: The data set WORK.P_G_BOT has 957 observations and 43 variables.
NOTE: DATA statement used (Total process time):
      real time           0.03 seconds
      cpu time            0.01 seconds



NOTE: There were 957 observations read from the data set WORK.P_G_BOT.
NOTE: The data set WORK.P_G_BOT has 957 observations and 43 variables.
NOTE: PROCEDURE SORT used (Total process time):
      real time           0.03 seconds
      cpu time            0.00 seconds



NOTE: There were 957 observations read from the data set WORK.P_G_BOT.
NOTE: The data set WORK.TEMP has 34 observations and 9 variables.
NOTE: PROCEDURE SUMMARY used (Total process time):
      real time           0.01 seconds
      cpu time            0.00 seconds



NOTE: There were 957 observations read from the data set WORK.P_G_BOT.
NOTE: There were 34 observations read from the data set WORK.TEMP.
NOTE: The data set WORK.P_G_BOT has 950 observations and 51 variables.
NOTE: DATA statement used (Total process time):
      real time           0.03 seconds
      cpu time            0.00 seconds


NOTE: Algorithm converged.
NOTE: Algorithm converged.
NOTE: The data set WORK.MEANS has 1 observations and 7 variables.
NOTE: PROCEDURE GENMOD used (Total process time):
      real time           0.11 seconds
      cpu time            0.04 seconds



NOTE: There were 1 observations read from the data set WORK.MEANS.
NOTE: The data set WORK.MEANS has 1 observations and 3 variables.
NOTE: DATA statement used (Total process time):
      real time           0.01 seconds
      cpu time            0.01 seconds



NOTE: Variable outcome is uninitialized.
NOTE: Variable rowname is uninitialized.
NOTE: Variable _NAME_ is uninitialized.
NOTE: The data set WORK.TRICK has 1 observations and 3 variables.
NOTE: DATA statement used (Total process time):
      real time           0.01 seconds
      cpu time            0.00 seconds



NOTE: There were 1 observations read from the data set WORK.TRICK.
NOTE: There were 1 observations read from the data set WORK.MEANS.
NOTE: The data set WORK.MEANS has 2 observations and 4 variables.
NOTE: DATA statement used (Total process time):
      real time           0.01 seconds
      cpu time            0.01 seconds



NOTE: The DESCENDING option applies only to the multinomial distribution
      with ordinal response.
NOTE: Class levels for some variables were not printed due to excessive
      size.
NOTE: Algorithm converged.
NOTE: Algorithm converged.
NOTE: The data set WORK.LS_BG_TOP_N has 2 observations and 6 variables.
NOTE: The data set WORK.LS_BG_TOP_1_MAIN has 47 observations and 8
      variables.
WARNING: Output 'ParameterEstimates' was not created.  Make sure that the
         output object name, label, or path is spelled correctly.  Also,
         verify that the appropriate procedure options are used to produce
         the requested output object.  For example, verify that the
         NOPRINT option is not used.
NOTE: PROCEDURE GENMOD used (Total process time):
      real time           0.23 seconds
      cpu time            0.07 seconds



NOTE: There were 47 observations read from the data set
      WORK.LS_BG_TOP_1_MAIN.
NOTE: The data set WORK.LS_BG_TOP_1_MAIN has 1 observations and 4
      variables.
NOTE: DATA statement used (Total process time):
      real time           0.01 seconds
      cpu time            0.01 seconds


ERROR: The variable StdErr in the DROP, KEEP, or RENAME list has never
       been referenced.
ERROR: The variable parameter in the DROP, KEEP, or RENAME list has never
       been referenced.
ERROR: Invalid DROP, KEEP, or RENAME option on file
       WORK.LS_BG_TOP_1_MAIN_NOCLUS.

WARNING: The variable StdErr in the DROP, KEEP, or RENAME list has never
         been referenced.
WARNING: The variable StdErr in the DROP, KEEP, or RENAME list has never
         been referenced.
NOTE: The SAS System stopped processing this step because of errors.
WARNING: The data set WORK.LS_BG_TOP_1_MAIN_NOCLUS may be incomplete.
         When this step was stopped there were 0 observations and 0
         variables.
WARNING: Data set WORK.LS_BG_TOP_1_MAIN_NOCLUS was not replaced because
         this step was stopped.
NOTE: DATA statement used (Total process time):
      real time           0.00 seconds
      cpu time            0.00 seconds





NOTE: The DESCENDING option applies only to the multinomial distribution
      with ordinal response.
NOTE: Class levels for some variables were not printed due to excessive
      size.
NOTE: Algorithm converged.
NOTE: Algorithm converged.
NOTE: The data set WORK.LS_BG_TOP_1_MAIN_ROBUST has 47 observations and 8
      variables.
NOTE: PROCEDURE GENMOD used (Total process time):
      real time           0.30 seconds
      cpu time            0.20 seconds



NOTE: There were 47 observations read from the data set
      WORK.LS_BG_TOP_1_MAIN_ROBUST.
NOTE: The data set WORK.LS_BG_TOP_1_MAIN_ROBUST has 1 observations and 1
      variables.
NOTE: DATA statement used (Total process time):
      real time           0.01 seconds
      cpu time            0.00 seconds



NOTE: There were 1 observations read from the data set
      WORK.LS_BG_TOP_1_MAIN.
NOTE: There were 1 observations read from the data set
      WORK.LS_BG_TOP_1_MAIN_ROBUST.
NOTE: There were 0 observations read from the data set
      WORK.LS_BG_TOP_1_MAIN_NOCLUS.
NOTE: The data set WORK.LS_BG_TOP_1_MAIN has 1 observations and 5
      variables.
NOTE: DATA statement used (Total process time):
      real time           0.01 seconds
      cpu time            0.03 seconds



NOTE: There were 1 observations read from the data set
      WORK.LS_BG_TOP_1_MAIN.
NOTE: The data set WORK.LS_BG_TOP_1_MAIN has 3 observations and 5
      variables.
NOTE: PROCEDURE TRANSPOSE used (Total process time):
      real time           0.02 seconds
      cpu time            0.00 seconds



NOTE: The DESCENDING option applies only to the multinomial distribution
      with ordinal response.
NOTE: Class levels for some variables were not printed due to excessive
      size.
NOTE: Algorithm converged.
NOTE: Algorithm converged.
NOTE: The data set WORK.LS_BG_TOP_N has 2 observations and 6 variables.
NOTE: The data set WORK.LS_BG_TOP_2_LINEAR has 44 observations and 8
      variables.
WARNING: Output 'ParameterEstimates' was not created.  Make sure that the
         output object name, label, or path is spelled correctly.  Also,
         verify that the appropriate procedure options are used to produce
         the requested output object.  For example, verify that the
         NOPRINT option is not used.
NOTE: PROCEDURE GENMOD used (Total process time):
      real time           0.17 seconds
      cpu time            0.06 seconds



NOTE: There were 44 observations read from the data set
      WORK.LS_BG_TOP_2_LINEAR.
NOTE: The data set WORK.LS_BG_TOP_2_LINEAR has 1 observations and 4
      variables.
NOTE: DATA statement used (Total process time):
      real time           0.01 seconds
      cpu time            0.01 seconds


ERROR: The variable StdErr in the DROP, KEEP, or RENAME list has never
       been referenced.
ERROR: The variable parameter in the DROP, KEEP, or RENAME list has never
       been referenced.
ERROR: Invalid DROP, KEEP, or RENAME option on file
       WORK.LS_BG_TOP_2_LINEAR_NOCLUS.

WARNING: The variable StdErr in the DROP, KEEP, or RENAME list has never
         been referenced.
WARNING: The variable StdErr in the DROP, KEEP, or RENAME list has never
         been referenced.
NOTE: The SAS System stopped processing this step because of errors.
WARNING: The data set WORK.LS_BG_TOP_2_LINEAR_NOCLUS may be incomplete.
         When this step was stopped there were 0 observations and 0
         variables.
WARNING: Data set WORK.LS_BG_TOP_2_LINEAR_NOCLUS was not replaced because
         this step was stopped.
NOTE: DATA statement used (Total process time):
      real time           0.00 seconds
      cpu time            0.00 seconds





NOTE: The DESCENDING option applies only to the multinomial distribution
      with ordinal response.
NOTE: Class levels for some variables were not printed due to excessive
      size.
NOTE: Algorithm converged.
NOTE: Algorithm converged.
NOTE: The data set WORK.LS_BG_TOP_2_LINEAR_ROBUST has 44 observations and
      8 variables.
NOTE: PROCEDURE GENMOD used (Total process time):
      real time           0.46 seconds
      cpu time            0.23 seconds



NOTE: There were 44 observations read from the data set
      WORK.LS_BG_TOP_2_LINEAR_ROBUST.
NOTE: The data set WORK.LS_BG_TOP_2_LINEAR_ROBUST has 1 observations and 1
      variables.
NOTE: DATA statement used (Total process time):
      real time           0.01 seconds
      cpu time            0.01 seconds



NOTE: There were 1 observations read from the data set
      WORK.LS_BG_TOP_2_LINEAR.
NOTE: There were 1 observations read from the data set
      WORK.LS_BG_TOP_2_LINEAR_ROBUST.
NOTE: There were 0 observations read from the data set
      WORK.LS_BG_TOP_2_LINEAR_NOCLUS.
NOTE: The data set WORK.LS_BG_TOP_2_LINEAR has 1 observations and 5
      variables.
NOTE: DATA statement used (Total process time):
      real time           0.01 seconds
      cpu time            0.01 seconds



NOTE: There were 1 observations read from the data set
      WORK.LS_BG_TOP_2_LINEAR.
NOTE: The data set WORK.LS_BG_TOP_2_LINEAR has 3 observations and 5
      variables.
NOTE: PROCEDURE TRANSPOSE used (Total process time):
      real time           0.04 seconds
      cpu time            0.01 seconds



NOTE: There were 2 observations read from the data set WORK.LS_BG_TOP_N.
NOTE: The data set WORK.LS_BG_TOP_N has 1 observations and 3 variables.
NOTE: DATA statement used (Total process time):
      real time           0.08 seconds
      cpu time            0.01 seconds



NOTE: The data set WORK.SPACE1 has 1 observations and 1 variables.
NOTE: The data set WORK.SPACE2 has 1 observations and 1 variables.
NOTE: The data set WORK.SPACE3 has 1 observations and 1 variables.
NOTE: DATA statement used (Total process time):
      real time           0.04 seconds
      cpu time            0.00 seconds



NOTE: There were 2 observations read from the data set WORK.MEANS.
NOTE: There were 1 observations read from the data set WORK.SPACE1.
NOTE: There were 3 observations read from the data set
      WORK.LS_BG_TOP_1_MAIN.
NOTE: There were 1 observations read from the data set WORK.SPACE2.
NOTE: There were 3 observations read from the data set
      WORK.LS_BG_TOP_2_LINEAR.
NOTE: There were 1 observations read from the data set WORK.SPACE3.
NOTE: There were 1 observations read from the data set WORK.LS_BG_TOP_N.
NOTE: The data set WORK.C_LS_BG_TOP has 12 observations and 4 variables.
NOTE: DATA statement used (Total process time):
      real time           0.02 seconds
      cpu time            0.03 seconds


NOTE: Algorithm converged.
NOTE: Algorithm converged.
NOTE: The data set WORK.MEANS has 1 observations and 7 variables.
NOTE: PROCEDURE GENMOD used (Total process time):
      real time           0.12 seconds
      cpu time            0.03 seconds



NOTE: There were 1 observations read from the data set WORK.MEANS.
NOTE: The data set WORK.MEANS has 1 observations and 3 variables.
NOTE: DATA statement used (Total process time):
      real time           0.01 seconds
      cpu time            0.00 seconds



NOTE: Variable outcome is uninitialized.
NOTE: Variable rowname is uninitialized.
NOTE: Variable _NAME_ is uninitialized.
NOTE: The data set WORK.TRICK has 1 observations and 3 variables.
NOTE: DATA statement used (Total process time):
      real time           0.01 seconds
      cpu time            0.00 seconds



NOTE: There were 1 observations read from the data set WORK.TRICK.
NOTE: There were 1 observations read from the data set WORK.MEANS.
NOTE: The data set WORK.MEANS has 2 observations and 4 variables.
NOTE: DATA statement used (Total process time):
      real time           0.01 seconds
      cpu time            0.00 seconds



NOTE: The DESCENDING option applies only to the multinomial distribution
      with ordinal response.
NOTE: Class levels for some variables were not printed due to excessive
      size.
NOTE: Algorithm converged.
NOTE: Algorithm converged.
NOTE: The data set WORK.LS_BG_BOT_N has 2 observations and 6 variables.
NOTE: The data set WORK.LS_BG_BOT_1_MAIN has 47 observations and 8
      variables.
WARNING: Output 'ParameterEstimates' was not created.  Make sure that the
         output object name, label, or path is spelled correctly.  Also,
         verify that the appropriate procedure options are used to produce
         the requested output object.  For example, verify that the
         NOPRINT option is not used.
NOTE: PROCEDURE GENMOD used (Total process time):
      real time           0.22 seconds
      cpu time            0.07 seconds



NOTE: There were 47 observations read from the data set
      WORK.LS_BG_BOT_1_MAIN.
NOTE: The data set WORK.LS_BG_BOT_1_MAIN has 1 observations and 4
      variables.
NOTE: DATA statement used (Total process time):
      real time           0.02 seconds
      cpu time            0.00 seconds


ERROR: The variable StdErr in the DROP, KEEP, or RENAME list has never
       been referenced.
ERROR: The variable parameter in the DROP, KEEP, or RENAME list has never
       been referenced.
ERROR: Invalid DROP, KEEP, or RENAME option on file
       WORK.LS_BG_BOT_1_MAIN_NOCLUS.

WARNING: The variable StdErr in the DROP, KEEP, or RENAME list has never
         been referenced.
WARNING: The variable StdErr in the DROP, KEEP, or RENAME list has never
         been referenced.
NOTE: The SAS System stopped processing this step because of errors.
WARNING: The data set WORK.LS_BG_BOT_1_MAIN_NOCLUS may be incomplete.
         When this step was stopped there were 0 observations and 0
         variables.
WARNING: Data set WORK.LS_BG_BOT_1_MAIN_NOCLUS was not replaced because
         this step was stopped.
NOTE: DATA statement used (Total process time):
      real time           0.00 seconds
      cpu time            0.00 seconds





NOTE: The DESCENDING option applies only to the multinomial distribution
      with ordinal response.
NOTE: Class levels for some variables were not printed due to excessive
      size.
NOTE: Algorithm converged.
NOTE: Algorithm converged.
NOTE: The data set WORK.LS_BG_BOT_1_MAIN_ROBUST has 47 observations and 8
      variables.
NOTE: PROCEDURE GENMOD used (Total process time):
      real time           0.48 seconds
      cpu time            0.21 seconds



NOTE: There were 47 observations read from the data set
      WORK.LS_BG_BOT_1_MAIN_ROBUST.
NOTE: The data set WORK.LS_BG_BOT_1_MAIN_ROBUST has 1 observations and 1
      variables.
NOTE: DATA statement used (Total process time):
      real time           0.01 seconds
      cpu time            0.00 seconds



NOTE: There were 1 observations read from the data set
      WORK.LS_BG_BOT_1_MAIN.
NOTE: There were 1 observations read from the data set
      WORK.LS_BG_BOT_1_MAIN_ROBUST.
NOTE: There were 0 observations read from the data set
      WORK.LS_BG_BOT_1_MAIN_NOCLUS.
NOTE: The data set WORK.LS_BG_BOT_1_MAIN has 1 observations and 5
      variables.
NOTE: DATA statement used (Total process time):
      real time           0.02 seconds
      cpu time            0.00 seconds



NOTE: There were 1 observations read from the data set
      WORK.LS_BG_BOT_1_MAIN.
NOTE: The data set WORK.LS_BG_BOT_1_MAIN has 3 observations and 5
      variables.
NOTE: PROCEDURE TRANSPOSE used (Total process time):
      real time           0.03 seconds
      cpu time            0.01 seconds



NOTE: The DESCENDING option applies only to the multinomial distribution
      with ordinal response.
NOTE: Class levels for some variables were not printed due to excessive
      size.
NOTE: Algorithm converged.
NOTE: Algorithm converged.
NOTE: The data set WORK.LS_BG_BOT_N has 2 observations and 6 variables.
NOTE: The data set WORK.LS_BG_BOT_2_LINEAR has 44 observations and 8
      variables.
WARNING: Output 'ParameterEstimates' was not created.  Make sure that the
         output object name, label, or path is spelled correctly.  Also,
         verify that the appropriate procedure options are used to produce
         the requested output object.  For example, verify that the
         NOPRINT option is not used.
NOTE: PROCEDURE GENMOD used (Total process time):
      real time           0.28 seconds
      cpu time            0.07 seconds



NOTE: There were 44 observations read from the data set
      WORK.LS_BG_BOT_2_LINEAR.
NOTE: The data set WORK.LS_BG_BOT_2_LINEAR has 1 observations and 4
      variables.
NOTE: DATA statement used (Total process time):
      real time           0.01 seconds
      cpu time            0.03 seconds


ERROR: The variable StdErr in the DROP, KEEP, or RENAME list has never
       been referenced.
ERROR: The variable parameter in the DROP, KEEP, or RENAME list has never
       been referenced.
ERROR: Invalid DROP, KEEP, or RENAME option on file
       WORK.LS_BG_BOT_2_LINEAR_NOCLUS.

WARNING: The variable StdErr in the DROP, KEEP, or RENAME list has never
         been referenced.
WARNING: The variable StdErr in the DROP, KEEP, or RENAME list has never
         been referenced.
NOTE: The SAS System stopped processing this step because of errors.
WARNING: The data set WORK.LS_BG_BOT_2_LINEAR_NOCLUS may be incomplete.
         When this step was stopped there were 0 observations and 0
         variables.
WARNING: Data set WORK.LS_BG_BOT_2_LINEAR_NOCLUS was not replaced because
         this step was stopped.
NOTE: DATA statement used (Total process time):
      real time           0.00 seconds
      cpu time            0.00 seconds





NOTE: The DESCENDING option applies only to the multinomial distribution
      with ordinal response.
NOTE: Class levels for some variables were not printed due to excessive
      size.
NOTE: Algorithm converged.
NOTE: Algorithm converged.
NOTE: The data set WORK.LS_BG_BOT_2_LINEAR_ROBUST has 44 observations and
      8 variables.
NOTE: PROCEDURE GENMOD used (Total process time):
      real time           0.44 seconds
      cpu time            0.26 seconds



NOTE: There were 44 observations read from the data set
      WORK.LS_BG_BOT_2_LINEAR_ROBUST.
NOTE: The data set WORK.LS_BG_BOT_2_LINEAR_ROBUST has 1 observations and 1
      variables.
NOTE: DATA statement used (Total process time):
      real time           0.02 seconds
      cpu time            0.01 seconds



NOTE: There were 1 observations read from the data set
      WORK.LS_BG_BOT_2_LINEAR.
NOTE: There were 1 observations read from the data set
      WORK.LS_BG_BOT_2_LINEAR_ROBUST.
NOTE: There were 0 observations read from the data set
      WORK.LS_BG_BOT_2_LINEAR_NOCLUS.
NOTE: The data set WORK.LS_BG_BOT_2_LINEAR has 1 observations and 5
      variables.
NOTE: DATA statement used (Total process time):
      real time           0.04 seconds
      cpu time            0.01 seconds



NOTE: There were 1 observations read from the data set
      WORK.LS_BG_BOT_2_LINEAR.
NOTE: The data set WORK.LS_BG_BOT_2_LINEAR has 3 observations and 5
      variables.
NOTE: PROCEDURE TRANSPOSE used (Total process time):
      real time           0.05 seconds
      cpu time            0.01 seconds



NOTE: There were 2 observations read from the data set WORK.LS_BG_BOT_N.
NOTE: The data set WORK.LS_BG_BOT_N has 1 observations and 3 variables.
NOTE: DATA statement used (Total process time):
      real time           0.02 seconds
      cpu time            0.00 seconds



NOTE: The data set WORK.SPACE1 has 1 observations and 1 variables.
NOTE: The data set WORK.SPACE2 has 1 observations and 1 variables.
NOTE: The data set WORK.SPACE3 has 1 observations and 1 variables.
NOTE: DATA statement used (Total process time):
      real time           0.17 seconds
      cpu time            0.00 seconds



NOTE: There were 2 observations read from the data set WORK.MEANS.
NOTE: There were 1 observations read from the data set WORK.SPACE1.
NOTE: There were 3 observations read from the data set
      WORK.LS_BG_BOT_1_MAIN.
NOTE: There were 1 observations read from the data set WORK.SPACE2.
NOTE: There were 3 observations read from the data set
      WORK.LS_BG_BOT_2_LINEAR.
NOTE: There were 1 observations read from the data set WORK.SPACE3.
NOTE: There were 1 observations read from the data set WORK.LS_BG_BOT_N.
NOTE: The data set WORK.C_LS_BG_BOT has 12 observations and 4 variables.
NOTE: DATA statement used (Total process time):
      real time           0.02 seconds
      cpu time            0.01 seconds


NOTE: Algorithm converged.
NOTE: Algorithm converged.
NOTE: The data set WORK.MEANS has 1 observations and 7 variables.
NOTE: PROCEDURE GENMOD used (Total process time):
      real time           0.52 seconds
      cpu time            0.06 seconds



NOTE: There were 1 observations read from the data set WORK.MEANS.
NOTE: The data set WORK.MEANS has 1 observations and 3 variables.
NOTE: DATA statement used (Total process time):
      real time           0.02 seconds
      cpu time            0.01 seconds



NOTE: Variable outcome is uninitialized.
NOTE: Variable rowname is uninitialized.
NOTE: Variable _NAME_ is uninitialized.
NOTE: The data set WORK.TRICK has 1 observations and 3 variables.
NOTE: DATA statement used (Total process time):
      real time           0.02 seconds
      cpu time            0.00 seconds



NOTE: There were 1 observations read from the data set WORK.TRICK.
NOTE: There were 1 observations read from the data set WORK.MEANS.
NOTE: The data set WORK.MEANS has 2 observations and 4 variables.
NOTE: DATA statement used (Total process time):
      real time           0.04 seconds
      cpu time            0.00 seconds



NOTE: The DESCENDING option applies only to the multinomial distribution
      with ordinal response.
NOTE: Class levels for some variables were not printed due to excessive
      size.
NOTE: Algorithm converged.
NOTE: Algorithm converged.
NOTE: The data set WORK.P_BG_TOP_N has 2 observations and 6 variables.
NOTE: The data set WORK.P_BG_TOP_1_MAIN has 47 observations and 8
      variables.
WARNING: Output 'ParameterEstimates' was not created.  Make sure that the
         output object name, label, or path is spelled correctly.  Also,
         verify that the appropriate procedure options are used to produce
         the requested output object.  For example, verify that the
         NOPRINT option is not used.
NOTE: PROCEDURE GENMOD used (Total process time):
      real time           0.35 seconds
      cpu time            0.07 seconds



NOTE: There were 47 observations read from the data set
      WORK.P_BG_TOP_1_MAIN.
NOTE: The data set WORK.P_BG_TOP_1_MAIN has 1 observations and 4 variables.
NOTE: DATA statement used (Total process time):
      real time           0.02 seconds
      cpu time            0.00 seconds


ERROR: The variable StdErr in the DROP, KEEP, or RENAME list has never
       been referenced.
ERROR: The variable parameter in the DROP, KEEP, or RENAME list has never
       been referenced.
ERROR: Invalid DROP, KEEP, or RENAME option on file
       WORK.P_BG_TOP_1_MAIN_NOCLUS.

WARNING: The variable StdErr in the DROP, KEEP, or RENAME list has never
         been referenced.
WARNING: The variable StdErr in the DROP, KEEP, or RENAME list has never
         been referenced.
NOTE: The SAS System stopped processing this step because of errors.
WARNING: The data set WORK.P_BG_TOP_1_MAIN_NOCLUS may be incomplete.  When
         this step was stopped there were 0 observations and 0 variables.
WARNING: Data set WORK.P_BG_TOP_1_MAIN_NOCLUS was not replaced because
         this step was stopped.
NOTE: DATA statement used (Total process time):
      real time           0.00 seconds
      cpu time            0.01 seconds





NOTE: The DESCENDING option applies only to the multinomial distribution
      with ordinal response.
NOTE: Class levels for some variables were not printed due to excessive
      size.
NOTE: Algorithm converged.
NOTE: Algorithm converged.
NOTE: The data set WORK.P_BG_TOP_1_MAIN_ROBUST has 47 observations and 8
      variables.
NOTE: PROCEDURE GENMOD used (Total process time):
      real time           0.42 seconds
      cpu time            0.23 seconds



NOTE: There were 47 observations read from the data set
      WORK.P_BG_TOP_1_MAIN_ROBUST.
NOTE: The data set WORK.P_BG_TOP_1_MAIN_ROBUST has 1 observations and 1
      variables.
NOTE: DATA statement used (Total process time):
      real time           0.02 seconds
      cpu time            0.01 seconds



NOTE: There were 1 observations read from the data set
      WORK.P_BG_TOP_1_MAIN.
NOTE: There were 1 observations read from the data set
      WORK.P_BG_TOP_1_MAIN_ROBUST.
NOTE: There were 0 observations read from the data set
      WORK.P_BG_TOP_1_MAIN_NOCLUS.
NOTE: The data set WORK.P_BG_TOP_1_MAIN has 1 observations and 5 variables.
NOTE: DATA statement used (Total process time):
      real time           0.03 seconds
      cpu time            0.01 seconds



NOTE: There were 1 observations read from the data set
      WORK.P_BG_TOP_1_MAIN.
NOTE: The data set WORK.P_BG_TOP_1_MAIN has 3 observations and 5 variables.
NOTE: PROCEDURE TRANSPOSE used (Total process time):
      real time           0.03 seconds
      cpu time            0.00 seconds



NOTE: The DESCENDING option applies only to the multinomial distribution
      with ordinal response.
NOTE: Class levels for some variables were not printed due to excessive
      size.
NOTE: Algorithm converged.
NOTE: Algorithm converged.
NOTE: The data set WORK.P_BG_TOP_N has 2 observations and 6 variables.
NOTE: The data set WORK.P_BG_TOP_2_LINEAR has 44 observations and 8
      variables.
WARNING: Output 'ParameterEstimates' was not created.  Make sure that the
         output object name, label, or path is spelled correctly.  Also,
         verify that the appropriate procedure options are used to produce
         the requested output object.  For example, verify that the
         NOPRINT option is not used.
NOTE: PROCEDURE GENMOD used (Total process time):
      real time           0.24 seconds
      cpu time            0.10 seconds



NOTE: There were 44 observations read from the data set
      WORK.P_BG_TOP_2_LINEAR.
NOTE: The data set WORK.P_BG_TOP_2_LINEAR has 1 observations and 4
      variables.
NOTE: DATA statement used (Total process time):
      real time           0.01 seconds
      cpu time            0.00 seconds


ERROR: The variable StdErr in the DROP, KEEP, or RENAME list has never
       been referenced.
ERROR: The variable parameter in the DROP, KEEP, or RENAME list has never
       been referenced.
ERROR: Invalid DROP, KEEP, or RENAME option on file
       WORK.P_BG_TOP_2_LINEAR_NOCLUS.

WARNING: The variable StdErr in the DROP, KEEP, or RENAME list has never
         been referenced.
WARNING: The variable StdErr in the DROP, KEEP, or RENAME list has never
         been referenced.
NOTE: The SAS System stopped processing this step because of errors.
WARNING: The data set WORK.P_BG_TOP_2_LINEAR_NOCLUS may be incomplete.
         When this step was stopped there were 0 observations and 0
         variables.
WARNING: Data set WORK.P_BG_TOP_2_LINEAR_NOCLUS was not replaced because
         this step was stopped.
NOTE: DATA statement used (Total process time):
      real time           0.00 seconds
      cpu time            0.00 seconds





NOTE: The DESCENDING option applies only to the multinomial distribution
      with ordinal response.
NOTE: Class levels for some variables were not printed due to excessive
      size.
NOTE: Algorithm converged.
NOTE: Algorithm converged.
NOTE: The data set WORK.P_BG_TOP_2_LINEAR_ROBUST has 44 observations and 8
      variables.
NOTE: PROCEDURE GENMOD used (Total process time):
      real time           0.37 seconds
      cpu time            0.20 seconds



NOTE: There were 44 observations read from the data set
      WORK.P_BG_TOP_2_LINEAR_ROBUST.
NOTE: The data set WORK.P_BG_TOP_2_LINEAR_ROBUST has 1 observations and 1
      variables.
NOTE: DATA statement used (Total process time):
      real time           0.01 seconds
      cpu time            0.00 seconds



NOTE: There were 1 observations read from the data set
      WORK.P_BG_TOP_2_LINEAR.
NOTE: There were 1 observations read from the data set
      WORK.P_BG_TOP_2_LINEAR_ROBUST.
NOTE: There were 0 observations read from the data set
      WORK.P_BG_TOP_2_LINEAR_NOCLUS.
NOTE: The data set WORK.P_BG_TOP_2_LINEAR has 1 observations and 5
      variables.
NOTE: DATA statement used (Total process time):
      real time           0.01 seconds
      cpu time            0.03 seconds



NOTE: There were 1 observations read from the data set
      WORK.P_BG_TOP_2_LINEAR.
NOTE: The data set WORK.P_BG_TOP_2_LINEAR has 3 observations and 5
      variables.
NOTE: PROCEDURE TRANSPOSE used (Total process time):
      real time           0.03 seconds
      cpu time            0.01 seconds



NOTE: There were 2 observations read from the data set WORK.P_BG_TOP_N.
NOTE: The data set WORK.P_BG_TOP_N has 1 observations and 3 variables.
NOTE: DATA statement used (Total process time):
      real time           0.02 seconds
      cpu time            0.00 seconds



NOTE: The data set WORK.SPACE1 has 1 observations and 1 variables.
NOTE: The data set WORK.SPACE2 has 1 observations and 1 variables.
NOTE: The data set WORK.SPACE3 has 1 observations and 1 variables.
NOTE: DATA statement used (Total process time):
      real time           0.03 seconds
      cpu time            0.01 seconds



NOTE: There were 2 observations read from the data set WORK.MEANS.
NOTE: There were 1 observations read from the data set WORK.SPACE1.
NOTE: There were 3 observations read from the data set
      WORK.P_BG_TOP_1_MAIN.
NOTE: There were 1 observations read from the data set WORK.SPACE2.
NOTE: There were 3 observations read from the data set
      WORK.P_BG_TOP_2_LINEAR.
NOTE: There were 1 observations read from the data set WORK.SPACE3.
NOTE: There were 1 observations read from the data set WORK.P_BG_TOP_N.
NOTE: The data set WORK.C_P_BG_TOP has 12 observations and 4 variables.
NOTE: DATA statement used (Total process time):
      real time           0.01 seconds
      cpu time            0.01 seconds


NOTE: Algorithm converged.
NOTE: Algorithm converged.
NOTE: The data set WORK.MEANS has 1 observations and 7 variables.
NOTE: PROCEDURE GENMOD used (Total process time):
      real time           0.21 seconds
      cpu time            0.03 seconds



NOTE: There were 1 observations read from the data set WORK.MEANS.
NOTE: The data set WORK.MEANS has 1 observations and 3 variables.
NOTE: DATA statement used (Total process time):
      real time           0.01 seconds
      cpu time            0.01 seconds



NOTE: Variable outcome is uninitialized.
NOTE: Variable rowname is uninitialized.
NOTE: Variable _NAME_ is uninitialized.
NOTE: The data set WORK.TRICK has 1 observations and 3 variables.
NOTE: DATA statement used (Total process time):
      real time           0.01 seconds
      cpu time            0.00 seconds



NOTE: There were 1 observations read from the data set WORK.TRICK.
NOTE: There were 1 observations read from the data set WORK.MEANS.
NOTE: The data set WORK.MEANS has 2 observations and 4 variables.
NOTE: DATA statement used (Total process time):
      real time           0.01 seconds
      cpu time            0.00 seconds



NOTE: The DESCENDING option applies only to the multinomial distribution
      with ordinal response.
NOTE: Algorithm converged.
NOTE: Algorithm converged.
NOTE: The data set WORK.P_BG_BOT_N has 2 observations and 6 variables.
NOTE: The data set WORK.P_BG_BOT_1_MAIN has 41 observations and 8
      variables.
WARNING: Output 'ParameterEstimates' was not created.  Make sure that the
         output object name, label, or path is spelled correctly.  Also,
         verify that the appropriate procedure options are used to produce
         the requested output object.  For example, verify that the
         NOPRINT option is not used.
NOTE: PROCEDURE GENMOD used (Total process time):
      real time           0.27 seconds
      cpu time            0.04 seconds



NOTE: There were 41 observations read from the data set
      WORK.P_BG_BOT_1_MAIN.
NOTE: The data set WORK.P_BG_BOT_1_MAIN has 1 observations and 4 variables.
NOTE: DATA statement used (Total process time):
      real time           0.01 seconds
      cpu time            0.00 seconds


ERROR: The variable StdErr in the DROP, KEEP, or RENAME list has never
       been referenced.
ERROR: The variable parameter in the DROP, KEEP, or RENAME list has never
       been referenced.
ERROR: Invalid DROP, KEEP, or RENAME option on file
       WORK.P_BG_BOT_1_MAIN_NOCLUS.

WARNING: The variable StdErr in the DROP, KEEP, or RENAME list has never
         been referenced.
WARNING: The variable StdErr in the DROP, KEEP, or RENAME list has never
         been referenced.
NOTE: The SAS System stopped processing this step because of errors.
WARNING: The data set WORK.P_BG_BOT_1_MAIN_NOCLUS may be incomplete.  When
         this step was stopped there were 0 observations and 0 variables.
WARNING: Data set WORK.P_BG_BOT_1_MAIN_NOCLUS was not replaced because
         this step was stopped.
NOTE: DATA statement used (Total process time):
      real time           0.00 seconds
      cpu time            0.01 seconds





NOTE: The DESCENDING option applies only to the multinomial distribution
      with ordinal response.
NOTE: Class levels for some variables were not printed due to excessive
      size.
NOTE: Algorithm converged.
NOTE: Algorithm converged.
NOTE: The data set WORK.P_BG_BOT_1_MAIN_ROBUST has 41 observations and 8
      variables.
NOTE: PROCEDURE GENMOD used (Total process time):
      real time           0.26 seconds
      cpu time            0.18 seconds



NOTE: There were 41 observations read from the data set
      WORK.P_BG_BOT_1_MAIN_ROBUST.
NOTE: The data set WORK.P_BG_BOT_1_MAIN_ROBUST has 1 observations and 1
      variables.
NOTE: DATA statement used (Total process time):
      real time           0.01 seconds
      cpu time            0.00 seconds



NOTE: There were 1 observations read from the data set
      WORK.P_BG_BOT_1_MAIN.
NOTE: There were 1 observations read from the data set
      WORK.P_BG_BOT_1_MAIN_ROBUST.
NOTE: There were 0 observations read from the data set
      WORK.P_BG_BOT_1_MAIN_NOCLUS.
NOTE: The data set WORK.P_BG_BOT_1_MAIN has 1 observations and 5 variables.
NOTE: DATA statement used (Total process time):
      real time           0.01 seconds
      cpu time            0.01 seconds



NOTE: There were 1 observations read from the data set
      WORK.P_BG_BOT_1_MAIN.
NOTE: The data set WORK.P_BG_BOT_1_MAIN has 3 observations and 5 variables.
NOTE: PROCEDURE TRANSPOSE used (Total process time):
      real time           0.02 seconds
      cpu time            0.03 seconds



NOTE: The DESCENDING option applies only to the multinomial distribution
      with ordinal response.
NOTE: Algorithm converged.
NOTE: Algorithm converged.
NOTE: The data set WORK.P_BG_BOT_N has 2 observations and 6 variables.
NOTE: The data set WORK.P_BG_BOT_2_LINEAR has 38 observations and 8
      variables.
WARNING: Output 'ParameterEstimates' was not created.  Make sure that the
         output object name, label, or path is spelled correctly.  Also,
         verify that the appropriate procedure options are used to produce
         the requested output object.  For example, verify that the
         NOPRINT option is not used.
NOTE: PROCEDURE GENMOD used (Total process time):
      real time           0.17 seconds
      cpu time            0.07 seconds



NOTE: There were 38 observations read from the data set
      WORK.P_BG_BOT_2_LINEAR.
NOTE: The data set WORK.P_BG_BOT_2_LINEAR has 1 observations and 4
      variables.
NOTE: DATA statement used (Total process time):
      real time           0.01 seconds
      cpu time            0.01 seconds


ERROR: The variable StdErr in the DROP, KEEP, or RENAME list has never
       been referenced.
ERROR: The variable parameter in the DROP, KEEP, or RENAME list has never
       been referenced.
ERROR: Invalid DROP, KEEP, or RENAME option on file
       WORK.P_BG_BOT_2_LINEAR_NOCLUS.

WARNING: The variable StdErr in the DROP, KEEP, or RENAME list has never
         been referenced.
WARNING: The variable StdErr in the DROP, KEEP, or RENAME list has never
         been referenced.
NOTE: The SAS System stopped processing this step because of errors.
WARNING: The data set WORK.P_BG_BOT_2_LINEAR_NOCLUS may be incomplete.
         When this step was stopped there were 0 observations and 0
         variables.
WARNING: Data set WORK.P_BG_BOT_2_LINEAR_NOCLUS was not replaced because
         this step was stopped.
NOTE: DATA statement used (Total process time):
      real time           0.00 seconds
      cpu time            0.00 seconds





NOTE: The DESCENDING option applies only to the multinomial distribution
      with ordinal response.
NOTE: Class levels for some variables were not printed due to excessive
      size.
NOTE: Algorithm converged.
NOTE: Algorithm converged.
NOTE: The data set WORK.P_BG_BOT_2_LINEAR_ROBUST has 38 observations and 8
      variables.
NOTE: PROCEDURE GENMOD used (Total process time):
      real time           0.25 seconds
      cpu time            0.18 seconds



NOTE: There were 38 observations read from the data set
      WORK.P_BG_BOT_2_LINEAR_ROBUST.
NOTE: The data set WORK.P_BG_BOT_2_LINEAR_ROBUST has 1 observations and 1
      variables.
NOTE: DATA statement used (Total process time):
      real time           0.01 seconds
      cpu time            0.01 seconds



NOTE: There were 1 observations read from the data set
      WORK.P_BG_BOT_2_LINEAR.
NOTE: There were 1 observations read from the data set
      WORK.P_BG_BOT_2_LINEAR_ROBUST.
NOTE: There were 0 observations read from the data set
      WORK.P_BG_BOT_2_LINEAR_NOCLUS.
NOTE: The data set WORK.P_BG_BOT_2_LINEAR has 1 observations and 5
      variables.
NOTE: DATA statement used (Total process time):
      real time           0.01 seconds
      cpu time            0.00 seconds



NOTE: There were 1 observations read from the data set
      WORK.P_BG_BOT_2_LINEAR.
NOTE: The data set WORK.P_BG_BOT_2_LINEAR has 3 observations and 5
      variables.
NOTE: PROCEDURE TRANSPOSE used (Total process time):
      real time           0.02 seconds
      cpu time            0.01 seconds



NOTE: There were 2 observations read from the data set WORK.P_BG_BOT_N.
NOTE: The data set WORK.P_BG_BOT_N has 1 observations and 3 variables.
NOTE: DATA statement used (Total process time):
      real time           0.01 seconds
      cpu time            0.00 seconds



NOTE: The data set WORK.SPACE1 has 1 observations and 1 variables.
NOTE: The data set WORK.SPACE2 has 1 observations and 1 variables.
NOTE: The data set WORK.SPACE3 has 1 observations and 1 variables.
NOTE: DATA statement used (Total process time):
      real time           0.06 seconds
      cpu time            0.01 seconds



NOTE: There were 2 observations read from the data set WORK.MEANS.
NOTE: There were 1 observations read from the data set WORK.SPACE1.
NOTE: There were 3 observations read from the data set
      WORK.P_BG_BOT_1_MAIN.
NOTE: There were 1 observations read from the data set WORK.SPACE2.
NOTE: There were 3 observations read from the data set
      WORK.P_BG_BOT_2_LINEAR.
NOTE: There were 1 observations read from the data set WORK.SPACE3.
NOTE: There were 1 observations read from the data set WORK.P_BG_BOT_N.
NOTE: The data set WORK.C_P_BG_BOT has 12 observations and 4 variables.
NOTE: DATA statement used (Total process time):
      real time           0.01 seconds
      cpu time            0.00 seconds


NOTE: Algorithm converged.
NOTE: Algorithm converged.
NOTE: The data set WORK.MEANS has 1 observations and 7 variables.
NOTE: PROCEDURE GENMOD used (Total process time):
      real time           0.07 seconds
      cpu time            0.03 seconds



NOTE: There were 1 observations read from the data set WORK.MEANS.
NOTE: The data set WORK.MEANS has 1 observations and 3 variables.
NOTE: DATA statement used (Total process time):
      real time           0.02 seconds
      cpu time            0.00 seconds



NOTE: Variable outcome is uninitialized.
NOTE: Variable rowname is uninitialized.
NOTE: Variable _NAME_ is uninitialized.
NOTE: The data set WORK.TRICK has 1 observations and 3 variables.
NOTE: DATA statement used (Total process time):
      real time           0.01 seconds
      cpu time            0.00 seconds



NOTE: There were 1 observations read from the data set WORK.TRICK.
NOTE: There were 1 observations read from the data set WORK.MEANS.
NOTE: The data set WORK.MEANS has 2 observations and 4 variables.
NOTE: DATA statement used (Total process time):
      real time           0.01 seconds
      cpu time            0.00 seconds



NOTE: The DESCENDING option applies only to the multinomial distribution
      with ordinal response.
NOTE: Algorithm converged.
NOTE: Algorithm converged.
NOTE: The data set WORK.LS_B_TOP_N has 2 observations and 6 variables.
NOTE: The data set WORK.LS_B_TOP_1_MAIN has 41 observations and 8
      variables.
WARNING: Output 'ParameterEstimates' was not created.  Make sure that the
         output object name, label, or path is spelled correctly.  Also,
         verify that the appropriate procedure options are used to produce
         the requested output object.  For example, verify that the
         NOPRINT option is not used.
NOTE: PROCEDURE GENMOD used (Total process time):
      real time           0.15 seconds
      cpu time            0.04 seconds



NOTE: There were 41 observations read from the data set
      WORK.LS_B_TOP_1_MAIN.
NOTE: The data set WORK.LS_B_TOP_1_MAIN has 1 observations and 4 variables.
NOTE: DATA statement used (Total process time):
      real time           0.01 seconds
      cpu time            0.00 seconds


ERROR: The variable StdErr in the DROP, KEEP, or RENAME list has never
       been referenced.
ERROR: The variable parameter in the DROP, KEEP, or RENAME list has never
       been referenced.
ERROR: Invalid DROP, KEEP, or RENAME option on file
       WORK.LS_B_TOP_1_MAIN_NOCLUS.

WARNING: The variable StdErr in the DROP, KEEP, or RENAME list has never
         been referenced.
WARNING: The variable StdErr in the DROP, KEEP, or RENAME list has never
         been referenced.
NOTE: The SAS System stopped processing this step because of errors.
WARNING: The data set WORK.LS_B_TOP_1_MAIN_NOCLUS may be incomplete.  When
         this step was stopped there were 0 observations and 0 variables.
WARNING: Data set WORK.LS_B_TOP_1_MAIN_NOCLUS was not replaced because
         this step was stopped.
NOTE: DATA statement used (Total process time):
      real time           0.00 seconds
      cpu time            0.01 seconds





NOTE: The DESCENDING option applies only to the multinomial distribution
      with ordinal response.
NOTE: Class levels for some variables were not printed due to excessive
      size.
NOTE: Algorithm converged.
NOTE: Algorithm converged.
NOTE: The data set WORK.LS_B_TOP_1_MAIN_ROBUST has 41 observations and 8
      variables.
NOTE: PROCEDURE GENMOD used (Total process time):
      real time           0.17 seconds
      cpu time            0.10 seconds



NOTE: There were 41 observations read from the data set
      WORK.LS_B_TOP_1_MAIN_ROBUST.
NOTE: The data set WORK.LS_B_TOP_1_MAIN_ROBUST has 1 observations and 1
      variables.
NOTE: DATA statement used (Total process time):
      real time           0.01 seconds
      cpu time            0.01 seconds



NOTE: There were 1 observations read from the data set
      WORK.LS_B_TOP_1_MAIN.
NOTE: There were 1 observations read from the data set
      WORK.LS_B_TOP_1_MAIN_ROBUST.
NOTE: There were 0 observations read from the data set
      WORK.LS_B_TOP_1_MAIN_NOCLUS.
NOTE: The data set WORK.LS_B_TOP_1_MAIN has 1 observations and 5 variables.
NOTE: DATA statement used (Total process time):
      real time           0.01 seconds
      cpu time            0.01 seconds



NOTE: There were 1 observations read from the data set
      WORK.LS_B_TOP_1_MAIN.
NOTE: The data set WORK.LS_B_TOP_1_MAIN has 3 observations and 5 variables.
NOTE: PROCEDURE TRANSPOSE used (Total process time):
      real time           0.02 seconds
      cpu time            0.01 seconds



NOTE: The DESCENDING option applies only to the multinomial distribution
      with ordinal response.
NOTE: Algorithm converged.
NOTE: Algorithm converged.
NOTE: The data set WORK.LS_B_TOP_N has 2 observations and 6 variables.
NOTE: The data set WORK.LS_B_TOP_2_LINEAR has 38 observations and 8
      variables.
WARNING: Output 'ParameterEstimates' was not created.  Make sure that the
         output object name, label, or path is spelled correctly.  Also,
         verify that the appropriate procedure options are used to produce
         the requested output object.  For example, verify that the
         NOPRINT option is not used.
NOTE: PROCEDURE GENMOD used (Total process time):
      real time           0.14 seconds
      cpu time            0.06 seconds



NOTE: There were 38 observations read from the data set
      WORK.LS_B_TOP_2_LINEAR.
NOTE: The data set WORK.LS_B_TOP_2_LINEAR has 1 observations and 4
      variables.
NOTE: DATA statement used (Total process time):
      real time           0.01 seconds
      cpu time            0.01 seconds


ERROR: The variable StdErr in the DROP, KEEP, or RENAME list has never
       been referenced.
ERROR: The variable parameter in the DROP, KEEP, or RENAME list has never
       been referenced.
ERROR: Invalid DROP, KEEP, or RENAME option on file
       WORK.LS_B_TOP_2_LINEAR_NOCLUS.

WARNING: The variable StdErr in the DROP, KEEP, or RENAME list has never
         been referenced.
WARNING: The variable StdErr in the DROP, KEEP, or RENAME list has never
         been referenced.
NOTE: The SAS System stopped processing this step because of errors.
WARNING: The data set WORK.LS_B_TOP_2_LINEAR_NOCLUS may be incomplete.
         When this step was stopped there were 0 observations and 0
         variables.
WARNING: Data set WORK.LS_B_TOP_2_LINEAR_NOCLUS was not replaced because
         this step was stopped.
NOTE: DATA statement used (Total process time):
      real time           0.01 seconds
      cpu time            0.00 seconds





NOTE: The DESCENDING option applies only to the multinomial distribution
      with ordinal response.
NOTE: Class levels for some variables were not printed due to excessive
      size.
NOTE: Algorithm converged.
NOTE: Algorithm converged.
NOTE: The data set WORK.LS_B_TOP_2_LINEAR_ROBUST has 38 observations and 8
      variables.
NOTE: PROCEDURE GENMOD used (Total process time):
      real time           0.21 seconds
      cpu time            0.09 seconds



NOTE: There were 38 observations read from the data set
      WORK.LS_B_TOP_2_LINEAR_ROBUST.
NOTE: The data set WORK.LS_B_TOP_2_LINEAR_ROBUST has 1 observations and 1
      variables.
NOTE: DATA statement used (Total process time):
      real time           0.01 seconds
      cpu time            0.00 seconds



NOTE: There were 1 observations read from the data set
      WORK.LS_B_TOP_2_LINEAR.
NOTE: There were 1 observations read from the data set
      WORK.LS_B_TOP_2_LINEAR_ROBUST.
NOTE: There were 0 observations read from the data set
      WORK.LS_B_TOP_2_LINEAR_NOCLUS.
NOTE: The data set WORK.LS_B_TOP_2_LINEAR has 1 observations and 5
      variables.
NOTE: DATA statement used (Total process time):
      real time           0.01 seconds
      cpu time            0.00 seconds



NOTE: There were 1 observations read from the data set
      WORK.LS_B_TOP_2_LINEAR.
NOTE: The data set WORK.LS_B_TOP_2_LINEAR has 3 observations and 5
      variables.
NOTE: PROCEDURE TRANSPOSE used (Total process time):
      real time           0.03 seconds
      cpu time            0.00 seconds



NOTE: There were 2 observations read from the data set WORK.LS_B_TOP_N.
NOTE: The data set WORK.LS_B_TOP_N has 1 observations and 3 variables.
NOTE: DATA statement used (Total process time):
      real time           0.01 seconds
      cpu time            0.01 seconds



NOTE: The data set WORK.SPACE1 has 1 observations and 1 variables.
NOTE: The data set WORK.SPACE2 has 1 observations and 1 variables.
NOTE: The data set WORK.SPACE3 has 1 observations and 1 variables.
NOTE: DATA statement used (Total process time):
      real time           0.03 seconds
      cpu time            0.00 seconds



NOTE: There were 2 observations read from the data set WORK.MEANS.
NOTE: There were 1 observations read from the data set WORK.SPACE1.
NOTE: There were 3 observations read from the data set
      WORK.LS_B_TOP_1_MAIN.
NOTE: There were 1 observations read from the data set WORK.SPACE2.
NOTE: There were 3 observations read from the data set
      WORK.LS_B_TOP_2_LINEAR.
NOTE: There were 1 observations read from the data set WORK.SPACE3.
NOTE: There were 1 observations read from the data set WORK.LS_B_TOP_N.
NOTE: The data set WORK.C_LS_B_TOP has 12 observations and 4 variables.
NOTE: DATA statement used (Total process time):
      real time           0.02 seconds
      cpu time            0.01 seconds


NOTE: Algorithm converged.
NOTE: Algorithm converged.
NOTE: The data set WORK.MEANS has 1 observations and 7 variables.
NOTE: PROCEDURE GENMOD used (Total process time):
      real time           0.09 seconds
      cpu time            0.04 seconds



NOTE: There were 1 observations read from the data set WORK.MEANS.
NOTE: The data set WORK.MEANS has 1 observations and 3 variables.
NOTE: DATA statement used (Total process time):
      real time           0.01 seconds
      cpu time            0.00 seconds



NOTE: Variable outcome is uninitialized.
NOTE: Variable rowname is uninitialized.
NOTE: Variable _NAME_ is uninitialized.
NOTE: The data set WORK.TRICK has 1 observations and 3 variables.
NOTE: DATA statement used (Total process time):
      real time           0.01 seconds
      cpu time            0.00 seconds



NOTE: There were 1 observations read from the data set WORK.TRICK.
NOTE: There were 1 observations read from the data set WORK.MEANS.
NOTE: The data set WORK.MEANS has 2 observations and 4 variables.
NOTE: DATA statement used (Total process time):
      real time           0.01 seconds
      cpu time            0.00 seconds



NOTE: The DESCENDING option applies only to the multinomial distribution
      with ordinal response.
NOTE: Algorithm converged.
NOTE: Algorithm converged.
NOTE: The data set WORK.LS_B_BOT_N has 2 observations and 6 variables.
NOTE: The data set WORK.LS_B_BOT_1_MAIN has 42 observations and 8
      variables.
WARNING: Output 'ParameterEstimates' was not created.  Make sure that the
         output object name, label, or path is spelled correctly.  Also,
         verify that the appropriate procedure options are used to produce
         the requested output object.  For example, verify that the
         NOPRINT option is not used.
NOTE: PROCEDURE GENMOD used (Total process time):
      real time           0.16 seconds
      cpu time            0.06 seconds



NOTE: There were 42 observations read from the data set
      WORK.LS_B_BOT_1_MAIN.
NOTE: The data set WORK.LS_B_BOT_1_MAIN has 1 observations and 4 variables.
NOTE: DATA statement used (Total process time):
      real time           0.01 seconds
      cpu time            0.00 seconds


ERROR: The variable StdErr in the DROP, KEEP, or RENAME list has never
       been referenced.
ERROR: The variable parameter in the DROP, KEEP, or RENAME list has never
       been referenced.
ERROR: Invalid DROP, KEEP, or RENAME option on file
       WORK.LS_B_BOT_1_MAIN_NOCLUS.

WARNING: The variable StdErr in the DROP, KEEP, or RENAME list has never
         been referenced.
WARNING: The variable StdErr in the DROP, KEEP, or RENAME list has never
         been referenced.
NOTE: The SAS System stopped processing this step because of errors.
WARNING: The data set WORK.LS_B_BOT_1_MAIN_NOCLUS may be incomplete.  When
         this step was stopped there were 0 observations and 0 variables.
WARNING: Data set WORK.LS_B_BOT_1_MAIN_NOCLUS was not replaced because
         this step was stopped.
NOTE: DATA statement used (Total process time):
      real time           0.00 seconds
      cpu time            0.00 seconds





NOTE: The DESCENDING option applies only to the multinomial distribution
      with ordinal response.
NOTE: Class levels for some variables were not printed due to excessive
      size.
NOTE: Algorithm converged.
NOTE: Algorithm converged.
NOTE: The data set WORK.LS_B_BOT_1_MAIN_ROBUST has 42 observations and 8
      variables.
NOTE: PROCEDURE GENMOD used (Total process time):
      real time           0.19 seconds
      cpu time            0.09 seconds



NOTE: There were 42 observations read from the data set
      WORK.LS_B_BOT_1_MAIN_ROBUST.
NOTE: The data set WORK.LS_B_BOT_1_MAIN_ROBUST has 1 observations and 1
      variables.
NOTE: DATA statement used (Total process time):
      real time           0.01 seconds
      cpu time            0.00 seconds



NOTE: There were 1 observations read from the data set
      WORK.LS_B_BOT_1_MAIN.
NOTE: There were 1 observations read from the data set
      WORK.LS_B_BOT_1_MAIN_ROBUST.
NOTE: There were 0 observations read from the data set
      WORK.LS_B_BOT_1_MAIN_NOCLUS.
NOTE: The data set WORK.LS_B_BOT_1_MAIN has 1 observations and 5 variables.
NOTE: DATA statement used (Total process time):
      real time           0.01 seconds
      cpu time            0.01 seconds



NOTE: There were 1 observations read from the data set
      WORK.LS_B_BOT_1_MAIN.
NOTE: The data set WORK.LS_B_BOT_1_MAIN has 3 observations and 5 variables.
NOTE: PROCEDURE TRANSPOSE used (Total process time):
      real time           0.02 seconds
      cpu time            0.01 seconds



NOTE: The DESCENDING option applies only to the multinomial distribution
      with ordinal response.
NOTE: Algorithm converged.
NOTE: Algorithm converged.
NOTE: The data set WORK.LS_B_BOT_N has 2 observations and 6 variables.
NOTE: The data set WORK.LS_B_BOT_2_LINEAR has 39 observations and 8
      variables.
WARNING: Output 'ParameterEstimates' was not created.  Make sure that the
         output object name, label, or path is spelled correctly.  Also,
         verify that the appropriate procedure options are used to produce
         the requested output object.  For example, verify that the
         NOPRINT option is not used.
NOTE: PROCEDURE GENMOD used (Total process time):
      real time           0.14 seconds
      cpu time            0.07 seconds



NOTE: There were 39 observations read from the data set
      WORK.LS_B_BOT_2_LINEAR.
NOTE: The data set WORK.LS_B_BOT_2_LINEAR has 1 observations and 4
      variables.
NOTE: DATA statement used (Total process time):
      real time           0.01 seconds
      cpu time            0.00 seconds


ERROR: The variable StdErr in the DROP, KEEP, or RENAME list has never
       been referenced.
ERROR: The variable parameter in the DROP, KEEP, or RENAME list has never
       been referenced.
ERROR: Invalid DROP, KEEP, or RENAME option on file
       WORK.LS_B_BOT_2_LINEAR_NOCLUS.

WARNING: The variable StdErr in the DROP, KEEP, or RENAME list has never
         been referenced.
WARNING: The variable StdErr in the DROP, KEEP, or RENAME list has never
         been referenced.
NOTE: The SAS System stopped processing this step because of errors.
WARNING: The data set WORK.LS_B_BOT_2_LINEAR_NOCLUS may be incomplete.
         When this step was stopped there were 0 observations and 0
         variables.
WARNING: Data set WORK.LS_B_BOT_2_LINEAR_NOCLUS was not replaced because
         this step was stopped.
NOTE: DATA statement used (Total process time):
      real time           0.00 seconds
      cpu time            0.01 seconds





NOTE: The DESCENDING option applies only to the multinomial distribution
      with ordinal response.
NOTE: Class levels for some variables were not printed due to excessive
      size.
NOTE: Algorithm converged.
NOTE: Algorithm converged.
NOTE: The data set WORK.LS_B_BOT_2_LINEAR_ROBUST has 39 observations and 8
      variables.
NOTE: PROCEDURE GENMOD used (Total process time):
      real time           0.17 seconds
      cpu time            0.12 seconds



NOTE: There were 39 observations read from the data set
      WORK.LS_B_BOT_2_LINEAR_ROBUST.
NOTE: The data set WORK.LS_B_BOT_2_LINEAR_ROBUST has 1 observations and 1
      variables.
NOTE: DATA statement used (Total process time):
      real time           0.01 seconds
      cpu time            0.00 seconds



NOTE: There were 1 observations read from the data set
      WORK.LS_B_BOT_2_LINEAR.
NOTE: There were 1 observations read from the data set
      WORK.LS_B_BOT_2_LINEAR_ROBUST.
NOTE: There were 0 observations read from the data set
      WORK.LS_B_BOT_2_LINEAR_NOCLUS.
NOTE: The data set WORK.LS_B_BOT_2_LINEAR has 1 observations and 5
      variables.
NOTE: DATA statement used (Total process time):
      real time           0.01 seconds
      cpu time            0.00 seconds



NOTE: There were 1 observations read from the data set
      WORK.LS_B_BOT_2_LINEAR.
NOTE: The data set WORK.LS_B_BOT_2_LINEAR has 3 observations and 5
      variables.
NOTE: PROCEDURE TRANSPOSE used (Total process time):
      real time           0.03 seconds
      cpu time            0.01 seconds



NOTE: There were 2 observations read from the data set WORK.LS_B_BOT_N.
NOTE: The data set WORK.LS_B_BOT_N has 1 observations and 3 variables.
NOTE: DATA statement used (Total process time):
      real time           0.01 seconds
      cpu time            0.00 seconds



NOTE: The data set WORK.SPACE1 has 1 observations and 1 variables.
NOTE: The data set WORK.SPACE2 has 1 observations and 1 variables.
NOTE: The data set WORK.SPACE3 has 1 observations and 1 variables.
NOTE: DATA statement used (Total process time):
      real time           0.03 seconds
      cpu time            0.03 seconds



NOTE: There were 2 observations read from the data set WORK.MEANS.
NOTE: There were 1 observations read from the data set WORK.SPACE1.
NOTE: There were 3 observations read from the data set
      WORK.LS_B_BOT_1_MAIN.
NOTE: There were 1 observations read from the data set WORK.SPACE2.
NOTE: There were 3 observations read from the data set
      WORK.LS_B_BOT_2_LINEAR.
NOTE: There were 1 observations read from the data set WORK.SPACE3.
NOTE: There were 1 observations read from the data set WORK.LS_B_BOT_N.
NOTE: The data set WORK.C_LS_B_BOT has 12 observations and 4 variables.
NOTE: DATA statement used (Total process time):
      real time           0.01 seconds
      cpu time            0.00 seconds


NOTE: Algorithm converged.
NOTE: Algorithm converged.
NOTE: The data set WORK.MEANS has 1 observations and 7 variables.
NOTE: PROCEDURE GENMOD used (Total process time):
      real time           0.07 seconds
      cpu time            0.04 seconds



NOTE: There were 1 observations read from the data set WORK.MEANS.
NOTE: The data set WORK.MEANS has 1 observations and 3 variables.
NOTE: DATA statement used (Total process time):
      real time           0.01 seconds
      cpu time            0.01 seconds



NOTE: Variable outcome is uninitialized.
NOTE: Variable rowname is uninitialized.
NOTE: Variable _NAME_ is uninitialized.
NOTE: The data set WORK.TRICK has 1 observations and 3 variables.
NOTE: DATA statement used (Total process time):
      real time           0.01 seconds
      cpu time            0.00 seconds



NOTE: There were 1 observations read from the data set WORK.TRICK.
NOTE: There were 1 observations read from the data set WORK.MEANS.
NOTE: The data set WORK.MEANS has 2 observations and 4 variables.
NOTE: DATA statement used (Total process time):
      real time           0.01 seconds
      cpu time            0.00 seconds



NOTE: The DESCENDING option applies only to the multinomial distribution
      with ordinal response.
NOTE: Algorithm converged.
NOTE: Algorithm converged.
NOTE: The data set WORK.P_B_TOP_N has 2 observations and 6 variables.
NOTE: The data set WORK.P_B_TOP_1_MAIN has 41 observations and 8 variables.
WARNING: Output 'ParameterEstimates' was not created.  Make sure that the
         output object name, label, or path is spelled correctly.  Also,
         verify that the appropriate procedure options are used to produce
         the requested output object.  For example, verify that the
         NOPRINT option is not used.
NOTE: PROCEDURE GENMOD used (Total process time):
      real time           0.13 seconds
      cpu time            0.04 seconds



NOTE: There were 41 observations read from the data set
      WORK.P_B_TOP_1_MAIN.
NOTE: The data set WORK.P_B_TOP_1_MAIN has 1 observations and 4 variables.
NOTE: DATA statement used (Total process time):
      real time           0.01 seconds
      cpu time            0.00 seconds


ERROR: The variable StdErr in the DROP, KEEP, or RENAME list has never
       been referenced.
ERROR: The variable parameter in the DROP, KEEP, or RENAME list has never
       been referenced.
ERROR: Invalid DROP, KEEP, or RENAME option on file
       WORK.P_B_TOP_1_MAIN_NOCLUS.

WARNING: The variable StdErr in the DROP, KEEP, or RENAME list has never
         been referenced.
WARNING: The variable StdErr in the DROP, KEEP, or RENAME list has never
         been referenced.
NOTE: The SAS System stopped processing this step because of errors.
WARNING: The data set WORK.P_B_TOP_1_MAIN_NOCLUS may be incomplete.  When
         this step was stopped there were 0 observations and 0 variables.
WARNING: Data set WORK.P_B_TOP_1_MAIN_NOCLUS was not replaced because this
         step was stopped.
NOTE: DATA statement used (Total process time):
      real time           0.01 seconds
      cpu time            0.00 seconds





NOTE: The DESCENDING option applies only to the multinomial distribution
      with ordinal response.
NOTE: Class levels for some variables were not printed due to excessive
      size.
NOTE: Algorithm converged.
NOTE: Algorithm converged.
NOTE: The data set WORK.P_B_TOP_1_MAIN_ROBUST has 41 observations and 8
      variables.
NOTE: PROCEDURE GENMOD used (Total process time):
      real time           0.22 seconds
      cpu time            0.09 seconds



NOTE: There were 41 observations read from the data set
      WORK.P_B_TOP_1_MAIN_ROBUST.
NOTE: The data set WORK.P_B_TOP_1_MAIN_ROBUST has 1 observations and 1
      variables.
NOTE: DATA statement used (Total process time):
      real time           0.01 seconds
      cpu time            0.01 seconds



NOTE: There were 1 observations read from the data set WORK.P_B_TOP_1_MAIN.
NOTE: There were 1 observations read from the data set
      WORK.P_B_TOP_1_MAIN_ROBUST.
NOTE: There were 0 observations read from the data set
      WORK.P_B_TOP_1_MAIN_NOCLUS.
NOTE: The data set WORK.P_B_TOP_1_MAIN has 1 observations and 5 variables.
NOTE: DATA statement used (Total process time):
      real time           0.01 seconds
      cpu time            0.00 seconds



NOTE: There were 1 observations read from the data set WORK.P_B_TOP_1_MAIN.
NOTE: The data set WORK.P_B_TOP_1_MAIN has 3 observations and 5 variables.
NOTE: PROCEDURE TRANSPOSE used (Total process time):
      real time           0.02 seconds
      cpu time            0.00 seconds



NOTE: The DESCENDING option applies only to the multinomial distribution
      with ordinal response.
NOTE: Algorithm converged.
NOTE: Algorithm converged.
NOTE: The data set WORK.P_B_TOP_N has 2 observations and 6 variables.
NOTE: The data set WORK.P_B_TOP_2_LINEAR has 38 observations and 8
      variables.
WARNING: Output 'ParameterEstimates' was not created.  Make sure that the
         output object name, label, or path is spelled correctly.  Also,
         verify that the appropriate procedure options are used to produce
         the requested output object.  For example, verify that the
         NOPRINT option is not used.
NOTE: PROCEDURE GENMOD used (Total process time):
      real time           0.13 seconds
      cpu time            0.04 seconds



NOTE: There were 38 observations read from the data set
      WORK.P_B_TOP_2_LINEAR.
NOTE: The data set WORK.P_B_TOP_2_LINEAR has 1 observations and 4
      variables.
NOTE: DATA statement used (Total process time):
      real time           0.01 seconds
      cpu time            0.01 seconds


ERROR: The variable StdErr in the DROP, KEEP, or RENAME list has never
       been referenced.
ERROR: The variable parameter in the DROP, KEEP, or RENAME list has never
       been referenced.
ERROR: Invalid DROP, KEEP, or RENAME option on file
       WORK.P_B_TOP_2_LINEAR_NOCLUS.

WARNING: The variable StdErr in the DROP, KEEP, or RENAME list has never
         been referenced.
WARNING: The variable StdErr in the DROP, KEEP, or RENAME list has never
         been referenced.
NOTE: The SAS System stopped processing this step because of errors.
WARNING: The data set WORK.P_B_TOP_2_LINEAR_NOCLUS may be incomplete.
         When this step was stopped there were 0 observations and 0
         variables.
WARNING: Data set WORK.P_B_TOP_2_LINEAR_NOCLUS was not replaced because
         this step was stopped.
NOTE: DATA statement used (Total process time):
      real time           0.00 seconds
      cpu time            0.01 seconds





NOTE: The DESCENDING option applies only to the multinomial distribution
      with ordinal response.
NOTE: Class levels for some variables were not printed due to excessive
      size.
NOTE: Algorithm converged.
NOTE: Algorithm converged.
NOTE: The data set WORK.P_B_TOP_2_LINEAR_ROBUST has 38 observations and 8
      variables.
NOTE: PROCEDURE GENMOD used (Total process time):
      real time           0.16 seconds
      cpu time            0.11 seconds



NOTE: There were 38 observations read from the data set
      WORK.P_B_TOP_2_LINEAR_ROBUST.
NOTE: The data set WORK.P_B_TOP_2_LINEAR_ROBUST has 1 observations and 1
      variables.
NOTE: DATA statement used (Total process time):
      real time           0.01 seconds
      cpu time            0.00 seconds



NOTE: There were 1 observations read from the data set
      WORK.P_B_TOP_2_LINEAR.
NOTE: There were 1 observations read from the data set
      WORK.P_B_TOP_2_LINEAR_ROBUST.
NOTE: There were 0 observations read from the data set
      WORK.P_B_TOP_2_LINEAR_NOCLUS.
NOTE: The data set WORK.P_B_TOP_2_LINEAR has 1 observations and 5
      variables.
NOTE: DATA statement used (Total process time):
      real time           0.01 seconds
      cpu time            0.01 seconds



NOTE: There were 1 observations read from the data set
      WORK.P_B_TOP_2_LINEAR.
NOTE: The data set WORK.P_B_TOP_2_LINEAR has 3 observations and 5
      variables.
NOTE: PROCEDURE TRANSPOSE used (Total process time):
      real time           0.02 seconds
      cpu time            0.01 seconds



NOTE: There were 2 observations read from the data set WORK.P_B_TOP_N.
NOTE: The data set WORK.P_B_TOP_N has 1 observations and 3 variables.
NOTE: DATA statement used (Total process time):
      real time           0.01 seconds
      cpu time            0.01 seconds



NOTE: The data set WORK.SPACE1 has 1 observations and 1 variables.
NOTE: The data set WORK.SPACE2 has 1 observations and 1 variables.
NOTE: The data set WORK.SPACE3 has 1 observations and 1 variables.
NOTE: DATA statement used (Total process time):
      real time           0.04 seconds
      cpu time            0.00 seconds



NOTE: There were 2 observations read from the data set WORK.MEANS.
NOTE: There were 1 observations read from the data set WORK.SPACE1.
NOTE: There were 3 observations read from the data set WORK.P_B_TOP_1_MAIN.
NOTE: There were 1 observations read from the data set WORK.SPACE2.
NOTE: There were 3 observations read from the data set
      WORK.P_B_TOP_2_LINEAR.
NOTE: There were 1 observations read from the data set WORK.SPACE3.
NOTE: There were 1 observations read from the data set WORK.P_B_TOP_N.
NOTE: The data set WORK.C_P_B_TOP has 12 observations and 4 variables.
NOTE: DATA statement used (Total process time):
      real time           0.01 seconds
      cpu time            0.03 seconds


NOTE: Algorithm converged.
NOTE: Algorithm converged.
NOTE: The data set WORK.MEANS has 1 observations and 7 variables.
NOTE: PROCEDURE GENMOD used (Total process time):
      real time           0.07 seconds
      cpu time            0.01 seconds



NOTE: There were 1 observations read from the data set WORK.MEANS.
NOTE: The data set WORK.MEANS has 1 observations and 3 variables.
NOTE: DATA statement used (Total process time):
      real time           0.01 seconds
      cpu time            0.00 seconds



NOTE: Variable outcome is uninitialized.
NOTE: Variable rowname is uninitialized.
NOTE: Variable _NAME_ is uninitialized.
NOTE: The data set WORK.TRICK has 1 observations and 3 variables.
NOTE: DATA statement used (Total process time):
      real time           0.01 seconds
      cpu time            0.01 seconds



NOTE: There were 1 observations read from the data set WORK.TRICK.
NOTE: There were 1 observations read from the data set WORK.MEANS.
NOTE: The data set WORK.MEANS has 2 observations and 4 variables.
NOTE: DATA statement used (Total process time):
      real time           0.01 seconds
      cpu time            0.01 seconds



NOTE: The DESCENDING option applies only to the multinomial distribution
      with ordinal response.
NOTE: Algorithm converged.
NOTE: Algorithm converged.
NOTE: The data set WORK.P_B_BOT_N has 2 observations and 6 variables.
NOTE: The data set WORK.P_B_BOT_1_MAIN has 41 observations and 8 variables.
WARNING: Output 'ParameterEstimates' was not created.  Make sure that the
         output object name, label, or path is spelled correctly.  Also,
         verify that the appropriate procedure options are used to produce
         the requested output object.  For example, verify that the
         NOPRINT option is not used.
NOTE: PROCEDURE GENMOD used (Total process time):
      real time           0.12 seconds
      cpu time            0.09 seconds



NOTE: There were 41 observations read from the data set
      WORK.P_B_BOT_1_MAIN.
NOTE: The data set WORK.P_B_BOT_1_MAIN has 1 observations and 4 variables.
NOTE: DATA statement used (Total process time):
      real time           0.01 seconds
      cpu time            0.01 seconds


ERROR: The variable StdErr in the DROP, KEEP, or RENAME list has never
       been referenced.
ERROR: The variable parameter in the DROP, KEEP, or RENAME list has never
       been referenced.
ERROR: Invalid DROP, KEEP, or RENAME option on file
       WORK.P_B_BOT_1_MAIN_NOCLUS.

WARNING: The variable StdErr in the DROP, KEEP, or RENAME list has never
         been referenced.
WARNING: The variable StdErr in the DROP, KEEP, or RENAME list has never
         been referenced.
NOTE: The SAS System stopped processing this step because of errors.
WARNING: The data set WORK.P_B_BOT_1_MAIN_NOCLUS may be incomplete.  When
         this step was stopped there were 0 observations and 0 variables.
WARNING: Data set WORK.P_B_BOT_1_MAIN_NOCLUS was not replaced because this
         step was stopped.
NOTE: DATA statement used (Total process time):
      real time           0.01 seconds
      cpu time            0.00 seconds





NOTE: The DESCENDING option applies only to the multinomial distribution
      with ordinal response.
NOTE: Class levels for some variables were not printed due to excessive
      size.
NOTE: Algorithm converged.
NOTE: Algorithm converged.
NOTE: The data set WORK.P_B_BOT_1_MAIN_ROBUST has 41 observations and 8
      variables.
NOTE: PROCEDURE GENMOD used (Total process time):
      real time           0.17 seconds
      cpu time            0.09 seconds



NOTE: There were 41 observations read from the data set
      WORK.P_B_BOT_1_MAIN_ROBUST.
NOTE: The data set WORK.P_B_BOT_1_MAIN_ROBUST has 1 observations and 1
      variables.
NOTE: DATA statement used (Total process time):
      real time           0.01 seconds
      cpu time            0.00 seconds



NOTE: There were 1 observations read from the data set WORK.P_B_BOT_1_MAIN.
NOTE: There were 1 observations read from the data set
      WORK.P_B_BOT_1_MAIN_ROBUST.
NOTE: There were 0 observations read from the data set
      WORK.P_B_BOT_1_MAIN_NOCLUS.
NOTE: The data set WORK.P_B_BOT_1_MAIN has 1 observations and 5 variables.
NOTE: DATA statement used (Total process time):
      real time           0.01 seconds
      cpu time            0.01 seconds



NOTE: There were 1 observations read from the data set WORK.P_B_BOT_1_MAIN.
NOTE: The data set WORK.P_B_BOT_1_MAIN has 3 observations and 5 variables.
NOTE: PROCEDURE TRANSPOSE used (Total process time):
      real time           0.02 seconds
      cpu time            0.01 seconds



NOTE: The DESCENDING option applies only to the multinomial distribution
      with ordinal response.
NOTE: Algorithm converged.
NOTE: Algorithm converged.
NOTE: The data set WORK.P_B_BOT_N has 2 observations and 6 variables.
NOTE: The data set WORK.P_B_BOT_2_LINEAR has 38 observations and 8
      variables.
WARNING: Output 'ParameterEstimates' was not created.  Make sure that the
         output object name, label, or path is spelled correctly.  Also,
         verify that the appropriate procedure options are used to produce
         the requested output object.  For example, verify that the
         NOPRINT option is not used.
NOTE: PROCEDURE GENMOD used (Total process time):
      real time           0.12 seconds
      cpu time            0.07 seconds



NOTE: There were 38 observations read from the data set
      WORK.P_B_BOT_2_LINEAR.
NOTE: The data set WORK.P_B_BOT_2_LINEAR has 1 observations and 4
      variables.
NOTE: DATA statement used (Total process time):
      real time           0.01 seconds
      cpu time            0.00 seconds


ERROR: The variable StdErr in the DROP, KEEP, or RENAME list has never
       been referenced.
ERROR: The variable parameter in the DROP, KEEP, or RENAME list has never
       been referenced.
ERROR: Invalid DROP, KEEP, or RENAME option on file
       WORK.P_B_BOT_2_LINEAR_NOCLUS.

WARNING: The variable StdErr in the DROP, KEEP, or RENAME list has never
         been referenced.
WARNING: The variable StdErr in the DROP, KEEP, or RENAME list has never
         been referenced.
NOTE: The SAS System stopped processing this step because of errors.
WARNING: The data set WORK.P_B_BOT_2_LINEAR_NOCLUS may be incomplete.
         When this step was stopped there were 0 observations and 0
         variables.
WARNING: Data set WORK.P_B_BOT_2_LINEAR_NOCLUS was not replaced because
         this step was stopped.
NOTE: DATA statement used (Total process time):
      real time           0.00 seconds
      cpu time            0.00 seconds





NOTE: The DESCENDING option applies only to the multinomial distribution
      with ordinal response.
NOTE: Class levels for some variables were not printed due to excessive
      size.
NOTE: Algorithm converged.
NOTE: Algorithm converged.
NOTE: The data set WORK.P_B_BOT_2_LINEAR_ROBUST has 38 observations and 8
      variables.
NOTE: PROCEDURE GENMOD used (Total process time):
      real time           0.19 seconds
      cpu time            0.09 seconds



NOTE: There were 38 observations read from the data set
      WORK.P_B_BOT_2_LINEAR_ROBUST.
NOTE: The data set WORK.P_B_BOT_2_LINEAR_ROBUST has 1 observations and 1
      variables.
NOTE: DATA statement used (Total process time):
      real time           0.01 seconds
      cpu time            0.01 seconds



NOTE: There were 1 observations read from the data set
      WORK.P_B_BOT_2_LINEAR.
NOTE: There were 1 observations read from the data set
      WORK.P_B_BOT_2_LINEAR_ROBUST.
NOTE: There were 0 observations read from the data set
      WORK.P_B_BOT_2_LINEAR_NOCLUS.
NOTE: The data set WORK.P_B_BOT_2_LINEAR has 1 observations and 5
      variables.
NOTE: DATA statement used (Total process time):
      real time           0.01 seconds
      cpu time            0.00 seconds



NOTE: There were 1 observations read from the data set
      WORK.P_B_BOT_2_LINEAR.
NOTE: The data set WORK.P_B_BOT_2_LINEAR has 3 observations and 5
      variables.
NOTE: PROCEDURE TRANSPOSE used (Total process time):
      real time           0.02 seconds
      cpu time            0.03 seconds



NOTE: There were 2 observations read from the data set WORK.P_B_BOT_N.
NOTE: The data set WORK.P_B_BOT_N has 1 observations and 3 variables.
NOTE: DATA statement used (Total process time):
      real time           0.05 seconds
      cpu time            0.03 seconds



NOTE: The data set WORK.SPACE1 has 1 observations and 1 variables.
NOTE: The data set WORK.SPACE2 has 1 observations and 1 variables.
NOTE: The data set WORK.SPACE3 has 1 observations and 1 variables.
NOTE: DATA statement used (Total process time):
      real time           0.03 seconds
      cpu time            0.00 seconds



NOTE: There were 2 observations read from the data set WORK.MEANS.
NOTE: There were 1 observations read from the data set WORK.SPACE1.
NOTE: There were 3 observations read from the data set WORK.P_B_BOT_1_MAIN.
NOTE: There were 1 observations read from the data set WORK.SPACE2.
NOTE: There were 3 observations read from the data set
      WORK.P_B_BOT_2_LINEAR.
NOTE: There were 1 observations read from the data set WORK.SPACE3.
NOTE: There were 1 observations read from the data set WORK.P_B_BOT_N.
NOTE: The data set WORK.C_P_B_BOT has 12 observations and 4 variables.
NOTE: DATA statement used (Total process time):
      real time           0.01 seconds
      cpu time            0.00 seconds


NOTE: Algorithm converged.
NOTE: Algorithm converged.
NOTE: The data set WORK.MEANS has 1 observations and 7 variables.
NOTE: PROCEDURE GENMOD used (Total process time):
      real time           0.10 seconds
      cpu time            0.03 seconds



NOTE: There were 1 observations read from the data set WORK.MEANS.
NOTE: The data set WORK.MEANS has 1 observations and 3 variables.
NOTE: DATA statement used (Total process time):
      real time           0.01 seconds
      cpu time            0.00 seconds



NOTE: Variable outcome is uninitialized.
NOTE: Variable rowname is uninitialized.
NOTE: Variable _NAME_ is uninitialized.
NOTE: The data set WORK.TRICK has 1 observations and 3 variables.
NOTE: DATA statement used (Total process time):
      real time           0.01 seconds
      cpu time            0.00 seconds



NOTE: There were 1 observations read from the data set WORK.TRICK.
NOTE: There were 1 observations read from the data set WORK.MEANS.
NOTE: The data set WORK.MEANS has 2 observations and 4 variables.
NOTE: DATA statement used (Total process time):
      real time           0.01 seconds
      cpu time            0.01 seconds



NOTE: The DESCENDING option applies only to the multinomial distribution
      with ordinal response.
NOTE: Algorithm converged.
NOTE: Algorithm converged.
NOTE: The data set WORK.LS_G_TOP_N has 2 observations and 6 variables.
NOTE: The data set WORK.LS_G_TOP_1_MAIN has 41 observations and 8
      variables.
WARNING: Output 'ParameterEstimates' was not created.  Make sure that the
         output object name, label, or path is spelled correctly.  Also,
         verify that the appropriate procedure options are used to produce
         the requested output object.  For example, verify that the
         NOPRINT option is not used.
NOTE: PROCEDURE GENMOD used (Total process time):
      real time           0.14 seconds
      cpu time            0.06 seconds



NOTE: There were 41 observations read from the data set
      WORK.LS_G_TOP_1_MAIN.
NOTE: The data set WORK.LS_G_TOP_1_MAIN has 1 observations and 4 variables.
NOTE: DATA statement used (Total process time):
      real time           0.01 seconds
      cpu time            0.01 seconds


ERROR: The variable StdErr in the DROP, KEEP, or RENAME list has never
       been referenced.
ERROR: The variable parameter in the DROP, KEEP, or RENAME list has never
       been referenced.
ERROR: Invalid DROP, KEEP, or RENAME option on file
       WORK.LS_G_TOP_1_MAIN_NOCLUS.

WARNING: The variable StdErr in the DROP, KEEP, or RENAME list has never
         been referenced.
WARNING: The variable StdErr in the DROP, KEEP, or RENAME list has never
         been referenced.
NOTE: The SAS System stopped processing this step because of errors.
WARNING: The data set WORK.LS_G_TOP_1_MAIN_NOCLUS may be incomplete.  When
         this step was stopped there were 0 observations and 0 variables.
WARNING: Data set WORK.LS_G_TOP_1_MAIN_NOCLUS was not replaced because
         this step was stopped.
NOTE: DATA statement used (Total process time):
      real time           0.01 seconds
      cpu time            0.00 seconds





NOTE: The DESCENDING option applies only to the multinomial distribution
      with ordinal response.
NOTE: Class levels for some variables were not printed due to excessive
      size.
NOTE: Algorithm converged.
NOTE: Algorithm converged.
NOTE: The data set WORK.LS_G_TOP_1_MAIN_ROBUST has 41 observations and 8
      variables.
NOTE: PROCEDURE GENMOD used (Total process time):
      real time           0.19 seconds
      cpu time            0.14 seconds



NOTE: There were 41 observations read from the data set
      WORK.LS_G_TOP_1_MAIN_ROBUST.
NOTE: The data set WORK.LS_G_TOP_1_MAIN_ROBUST has 1 observations and 1
      variables.
NOTE: DATA statement used (Total process time):
      real time           0.01 seconds
      cpu time            0.00 seconds



NOTE: There were 1 observations read from the data set
      WORK.LS_G_TOP_1_MAIN.
NOTE: There were 1 observations read from the data set
      WORK.LS_G_TOP_1_MAIN_ROBUST.
NOTE: There were 0 observations read from the data set
      WORK.LS_G_TOP_1_MAIN_NOCLUS.
NOTE: The data set WORK.LS_G_TOP_1_MAIN has 1 observations and 5 variables.
NOTE: DATA statement used (Total process time):
      real time           0.01 seconds
      cpu time            0.01 seconds



NOTE: There were 1 observations read from the data set
      WORK.LS_G_TOP_1_MAIN.
NOTE: The data set WORK.LS_G_TOP_1_MAIN has 3 observations and 5 variables.
NOTE: PROCEDURE TRANSPOSE used (Total process time):
      real time           0.02 seconds
      cpu time            0.03 seconds



NOTE: The DESCENDING option applies only to the multinomial distribution
      with ordinal response.
NOTE: Algorithm converged.
NOTE: Algorithm converged.
NOTE: The data set WORK.LS_G_TOP_N has 2 observations and 6 variables.
NOTE: The data set WORK.LS_G_TOP_2_LINEAR has 38 observations and 8
      variables.
WARNING: Output 'ParameterEstimates' was not created.  Make sure that the
         output object name, label, or path is spelled correctly.  Also,
         verify that the appropriate procedure options are used to produce
         the requested output object.  For example, verify that the
         NOPRINT option is not used.
NOTE: PROCEDURE GENMOD used (Total process time):
      real time           0.15 seconds
      cpu time            0.06 seconds



NOTE: There were 38 observations read from the data set
      WORK.LS_G_TOP_2_LINEAR.
NOTE: The data set WORK.LS_G_TOP_2_LINEAR has 1 observations and 4
      variables.
NOTE: DATA statement used (Total process time):
      real time           0.01 seconds
      cpu time            0.00 seconds


ERROR: The variable StdErr in the DROP, KEEP, or RENAME list has never
       been referenced.
ERROR: The variable parameter in the DROP, KEEP, or RENAME list has never
       been referenced.
ERROR: Invalid DROP, KEEP, or RENAME option on file
       WORK.LS_G_TOP_2_LINEAR_NOCLUS.

WARNING: The variable StdErr in the DROP, KEEP, or RENAME list has never
         been referenced.
WARNING: The variable StdErr in the DROP, KEEP, or RENAME list has never
         been referenced.
NOTE: The SAS System stopped processing this step because of errors.
WARNING: The data set WORK.LS_G_TOP_2_LINEAR_NOCLUS may be incomplete.
         When this step was stopped there were 0 observations and 0
         variables.
WARNING: Data set WORK.LS_G_TOP_2_LINEAR_NOCLUS was not replaced because
         this step was stopped.
NOTE: DATA statement used (Total process time):
      real time           0.00 seconds
      cpu time            0.01 seconds





NOTE: The DESCENDING option applies only to the multinomial distribution
      with ordinal response.
NOTE: Class levels for some variables were not printed due to excessive
      size.
NOTE: Algorithm converged.
NOTE: Algorithm converged.
NOTE: The data set WORK.LS_G_TOP_2_LINEAR_ROBUST has 38 observations and 8
      variables.
NOTE: PROCEDURE GENMOD used (Total process time):
      real time           0.17 seconds
      cpu time            0.11 seconds



NOTE: There were 38 observations read from the data set
      WORK.LS_G_TOP_2_LINEAR_ROBUST.
NOTE: The data set WORK.LS_G_TOP_2_LINEAR_ROBUST has 1 observations and 1
      variables.
NOTE: DATA statement used (Total process time):
      real time           0.01 seconds
      cpu time            0.00 seconds



NOTE: There were 1 observations read from the data set
      WORK.LS_G_TOP_2_LINEAR.
NOTE: There were 1 observations read from the data set
      WORK.LS_G_TOP_2_LINEAR_ROBUST.
NOTE: There were 0 observations read from the data set
      WORK.LS_G_TOP_2_LINEAR_NOCLUS.
NOTE: The data set WORK.LS_G_TOP_2_LINEAR has 1 observations and 5
      variables.
NOTE: DATA statement used (Total process time):
      real time           0.07 seconds
      cpu time            0.01 seconds



NOTE: There were 1 observations read from the data set
      WORK.LS_G_TOP_2_LINEAR.
NOTE: The data set WORK.LS_G_TOP_2_LINEAR has 3 observations and 5
      variables.
NOTE: PROCEDURE TRANSPOSE used (Total process time):
      real time           0.02 seconds
      cpu time            0.03 seconds



NOTE: There were 2 observations read from the data set WORK.LS_G_TOP_N.
NOTE: The data set WORK.LS_G_TOP_N has 1 observations and 3 variables.
NOTE: DATA statement used (Total process time):
      real time           0.01 seconds
      cpu time            0.00 seconds



NOTE: The data set WORK.SPACE1 has 1 observations and 1 variables.
NOTE: The data set WORK.SPACE2 has 1 observations and 1 variables.
NOTE: The data set WORK.SPACE3 has 1 observations and 1 variables.
NOTE: DATA statement used (Total process time):
      real time           0.03 seconds
      cpu time            0.01 seconds



NOTE: There were 2 observations read from the data set WORK.MEANS.
NOTE: There were 1 observations read from the data set WORK.SPACE1.
NOTE: There were 3 observations read from the data set
      WORK.LS_G_TOP_1_MAIN.
NOTE: There were 1 observations read from the data set WORK.SPACE2.
NOTE: There were 3 observations read from the data set
      WORK.LS_G_TOP_2_LINEAR.
NOTE: There were 1 observations read from the data set WORK.SPACE3.
NOTE: There were 1 observations read from the data set WORK.LS_G_TOP_N.
NOTE: The data set WORK.C_LS_G_TOP has 12 observations and 4 variables.
NOTE: DATA statement used (Total process time):
      real time           0.01 seconds
      cpu time            0.01 seconds


NOTE: Algorithm converged.
NOTE: Algorithm converged.
NOTE: The data set WORK.MEANS has 1 observations and 7 variables.
NOTE: PROCEDURE GENMOD used (Total process time):
      real time           0.09 seconds
      cpu time            0.03 seconds



NOTE: There were 1 observations read from the data set WORK.MEANS.
NOTE: The data set WORK.MEANS has 1 observations and 3 variables.
NOTE: DATA statement used (Total process time):
      real time           0.01 seconds
      cpu time            0.01 seconds



NOTE: Variable outcome is uninitialized.
NOTE: Variable rowname is uninitialized.
NOTE: Variable _NAME_ is uninitialized.
NOTE: The data set WORK.TRICK has 1 observations and 3 variables.
NOTE: DATA statement used (Total process time):
      real time           0.01 seconds
      cpu time            0.01 seconds



NOTE: There were 1 observations read from the data set WORK.TRICK.
NOTE: There were 1 observations read from the data set WORK.MEANS.
NOTE: The data set WORK.MEANS has 2 observations and 4 variables.
NOTE: DATA statement used (Total process time):
      real time           0.02 seconds
      cpu time            0.00 seconds



NOTE: The DESCENDING option applies only to the multinomial distribution
      with ordinal response.
NOTE: Algorithm converged.
NOTE: Algorithm converged.
NOTE: The data set WORK.LS_G_BOT_N has 2 observations and 6 variables.
NOTE: The data set WORK.LS_G_BOT_1_MAIN has 41 observations and 8
      variables.
WARNING: Output 'ParameterEstimates' was not created.  Make sure that the
         output object name, label, or path is spelled correctly.  Also,
         verify that the appropriate procedure options are used to produce
         the requested output object.  For example, verify that the
         NOPRINT option is not used.
NOTE: PROCEDURE GENMOD used (Total process time):
      real time           0.15 seconds
      cpu time            0.11 seconds



NOTE: There were 41 observations read from the data set
      WORK.LS_G_BOT_1_MAIN.
NOTE: The data set WORK.LS_G_BOT_1_MAIN has 1 observations and 4 variables.
NOTE: DATA statement used (Total process time):
      real time           0.01 seconds
      cpu time            0.03 seconds


ERROR: The variable StdErr in the DROP, KEEP, or RENAME list has never
       been referenced.
ERROR: The variable parameter in the DROP, KEEP, or RENAME list has never
       been referenced.
ERROR: Invalid DROP, KEEP, or RENAME option on file
       WORK.LS_G_BOT_1_MAIN_NOCLUS.

WARNING: The variable StdErr in the DROP, KEEP, or RENAME list has never
         been referenced.
WARNING: The variable StdErr in the DROP, KEEP, or RENAME list has never
         been referenced.
NOTE: The SAS System stopped processing this step because of errors.
WARNING: The data set WORK.LS_G_BOT_1_MAIN_NOCLUS may be incomplete.  When
         this step was stopped there were 0 observations and 0 variables.
WARNING: Data set WORK.LS_G_BOT_1_MAIN_NOCLUS was not replaced because
         this step was stopped.
NOTE: DATA statement used (Total process time):
      real time           0.00 seconds
      cpu time            0.00 seconds





NOTE: The DESCENDING option applies only to the multinomial distribution
      with ordinal response.
NOTE: Class levels for some variables were not printed due to excessive
      size.
NOTE: Algorithm converged.
NOTE: Algorithm converged.
NOTE: The data set WORK.LS_G_BOT_1_MAIN_ROBUST has 41 observations and 8
      variables.
NOTE: PROCEDURE GENMOD used (Total process time):
      real time           0.19 seconds
      cpu time            0.07 seconds



NOTE: There were 41 observations read from the data set
      WORK.LS_G_BOT_1_MAIN_ROBUST.
NOTE: The data set WORK.LS_G_BOT_1_MAIN_ROBUST has 1 observations and 1
      variables.
NOTE: DATA statement used (Total process time):
      real time           0.01 seconds
      cpu time            0.00 seconds



NOTE: There were 1 observations read from the data set
      WORK.LS_G_BOT_1_MAIN.
NOTE: There were 1 observations read from the data set
      WORK.LS_G_BOT_1_MAIN_ROBUST.
NOTE: There were 0 observations read from the data set
      WORK.LS_G_BOT_1_MAIN_NOCLUS.
NOTE: The data set WORK.LS_G_BOT_1_MAIN has 1 observations and 5 variables.
NOTE: DATA statement used (Total process time):
      real time           0.01 seconds
      cpu time            0.01 seconds



NOTE: There were 1 observations read from the data set
      WORK.LS_G_BOT_1_MAIN.
NOTE: The data set WORK.LS_G_BOT_1_MAIN has 3 observations and 5 variables.
NOTE: PROCEDURE TRANSPOSE used (Total process time):
      real time           0.03 seconds
      cpu time            0.00 seconds



NOTE: The DESCENDING option applies only to the multinomial distribution
      with ordinal response.
NOTE: Algorithm converged.
NOTE: Algorithm converged.
NOTE: The data set WORK.LS_G_BOT_N has 2 observations and 6 variables.
NOTE: The data set WORK.LS_G_BOT_2_LINEAR has 38 observations and 8
      variables.
WARNING: Output 'ParameterEstimates' was not created.  Make sure that the
         output object name, label, or path is spelled correctly.  Also,
         verify that the appropriate procedure options are used to produce
         the requested output object.  For example, verify that the
         NOPRINT option is not used.
NOTE: PROCEDURE GENMOD used (Total process time):
      real time           0.15 seconds
      cpu time            0.07 seconds



NOTE: There were 38 observations read from the data set
      WORK.LS_G_BOT_2_LINEAR.
NOTE: The data set WORK.LS_G_BOT_2_LINEAR has 1 observations and 4
      variables.
NOTE: DATA statement used (Total process time):
      real time           0.01 seconds
      cpu time            0.00 seconds


ERROR: The variable StdErr in the DROP, KEEP, or RENAME list has never
       been referenced.
ERROR: The variable parameter in the DROP, KEEP, or RENAME list has never
       been referenced.
ERROR: Invalid DROP, KEEP, or RENAME option on file
       WORK.LS_G_BOT_2_LINEAR_NOCLUS.

WARNING: The variable StdErr in the DROP, KEEP, or RENAME list has never
         been referenced.
WARNING: The variable StdErr in the DROP, KEEP, or RENAME list has never
         been referenced.
NOTE: The SAS System stopped processing this step because of errors.
WARNING: The data set WORK.LS_G_BOT_2_LINEAR_NOCLUS may be incomplete.
         When this step was stopped there were 0 observations and 0
         variables.
WARNING: Data set WORK.LS_G_BOT_2_LINEAR_NOCLUS was not replaced because
         this step was stopped.
NOTE: DATA statement used (Total process time):
      real time           0.00 seconds
      cpu time            0.01 seconds





NOTE: The DESCENDING option applies only to the multinomial distribution
      with ordinal response.
NOTE: Class levels for some variables were not printed due to excessive
      size.
NOTE: Algorithm converged.
NOTE: Algorithm converged.
NOTE: The data set WORK.LS_G_BOT_2_LINEAR_ROBUST has 38 observations and 8
      variables.
NOTE: PROCEDURE GENMOD used (Total process time):
      real time           0.19 seconds
      cpu time            0.10 seconds



NOTE: There were 38 observations read from the data set
      WORK.LS_G_BOT_2_LINEAR_ROBUST.
NOTE: The data set WORK.LS_G_BOT_2_LINEAR_ROBUST has 1 observations and 1
      variables.
NOTE: DATA statement used (Total process time):
      real time           0.01 seconds
      cpu time            0.00 seconds



NOTE: There were 1 observations read from the data set
      WORK.LS_G_BOT_2_LINEAR.
NOTE: There were 1 observations read from the data set
      WORK.LS_G_BOT_2_LINEAR_ROBUST.
NOTE: There were 0 observations read from the data set
      WORK.LS_G_BOT_2_LINEAR_NOCLUS.
NOTE: The data set WORK.LS_G_BOT_2_LINEAR has 1 observations and 5
      variables.
NOTE: DATA statement used (Total process time):
      real time           0.01 seconds
      cpu time            0.00 seconds



NOTE: There were 1 observations read from the data set
      WORK.LS_G_BOT_2_LINEAR.
NOTE: The data set WORK.LS_G_BOT_2_LINEAR has 3 observations and 5
      variables.
NOTE: PROCEDURE TRANSPOSE used (Total process time):
      real time           0.02 seconds
      cpu time            0.01 seconds



NOTE: There were 2 observations read from the data set WORK.LS_G_BOT_N.
NOTE: The data set WORK.LS_G_BOT_N has 1 observations and 3 variables.
NOTE: DATA statement used (Total process time):
      real time           0.01 seconds
      cpu time            0.01 seconds



NOTE: The data set WORK.SPACE1 has 1 observations and 1 variables.
NOTE: The data set WORK.SPACE2 has 1 observations and 1 variables.
NOTE: The data set WORK.SPACE3 has 1 observations and 1 variables.
NOTE: DATA statement used (Total process time):
      real time           0.03 seconds
      cpu time            0.00 seconds



NOTE: There were 2 observations read from the data set WORK.MEANS.
NOTE: There were 1 observations read from the data set WORK.SPACE1.
NOTE: There were 3 observations read from the data set
      WORK.LS_G_BOT_1_MAIN.
NOTE: There were 1 observations read from the data set WORK.SPACE2.
NOTE: There were 3 observations read from the data set
      WORK.LS_G_BOT_2_LINEAR.
NOTE: There were 1 observations read from the data set WORK.SPACE3.
NOTE: There were 1 observations read from the data set WORK.LS_G_BOT_N.
NOTE: The data set WORK.C_LS_G_BOT has 12 observations and 4 variables.
NOTE: DATA statement used (Total process time):
      real time           0.01 seconds
      cpu time            0.01 seconds


NOTE: Algorithm converged.
NOTE: Algorithm converged.
NOTE: The data set WORK.MEANS has 1 observations and 7 variables.
NOTE: PROCEDURE GENMOD used (Total process time):
      real time           0.09 seconds
      cpu time            0.01 seconds



NOTE: There were 1 observations read from the data set WORK.MEANS.
NOTE: The data set WORK.MEANS has 1 observations and 3 variables.
NOTE: DATA statement used (Total process time):
      real time           0.01 seconds
      cpu time            0.01 seconds



NOTE: Variable outcome is uninitialized.
NOTE: Variable rowname is uninitialized.
NOTE: Variable _NAME_ is uninitialized.
NOTE: The data set WORK.TRICK has 1 observations and 3 variables.
NOTE: DATA statement used (Total process time):
      real time           0.01 seconds
      cpu time            0.00 seconds



NOTE: There were 1 observations read from the data set WORK.TRICK.
NOTE: There were 1 observations read from the data set WORK.MEANS.
NOTE: The data set WORK.MEANS has 2 observations and 4 variables.
NOTE: DATA statement used (Total process time):
      real time           0.01 seconds
      cpu time            0.00 seconds



NOTE: The DESCENDING option applies only to the multinomial distribution
      with ordinal response.
NOTE: Algorithm converged.
NOTE: Algorithm converged.
NOTE: The data set WORK.P_G_TOP_N has 2 observations and 6 variables.
NOTE: The data set WORK.P_G_TOP_1_MAIN has 41 observations and 8 variables.
WARNING: Output 'ParameterEstimates' was not created.  Make sure that the
         output object name, label, or path is spelled correctly.  Also,
         verify that the appropriate procedure options are used to produce
         the requested output object.  For example, verify that the
         NOPRINT option is not used.
NOTE: PROCEDURE GENMOD used (Total process time):
      real time           0.15 seconds
      cpu time            0.07 seconds



NOTE: There were 41 observations read from the data set
      WORK.P_G_TOP_1_MAIN.
NOTE: The data set WORK.P_G_TOP_1_MAIN has 1 observations and 4 variables.
NOTE: DATA statement used (Total process time):
      real time           0.01 seconds
      cpu time            0.03 seconds


ERROR: The variable StdErr in the DROP, KEEP, or RENAME list has never
       been referenced.
ERROR: The variable parameter in the DROP, KEEP, or RENAME list has never
       been referenced.
ERROR: Invalid DROP, KEEP, or RENAME option on file
       WORK.P_G_TOP_1_MAIN_NOCLUS.

WARNING: The variable StdErr in the DROP, KEEP, or RENAME list has never
         been referenced.
WARNING: The variable StdErr in the DROP, KEEP, or RENAME list has never
         been referenced.
NOTE: The SAS System stopped processing this step because of errors.
WARNING: The data set WORK.P_G_TOP_1_MAIN_NOCLUS may be incomplete.  When
         this step was stopped there were 0 observations and 0 variables.
WARNING: Data set WORK.P_G_TOP_1_MAIN_NOCLUS was not replaced because this
         step was stopped.
NOTE: DATA statement used (Total process time):
      real time           0.00 seconds
      cpu time            0.00 seconds





NOTE: The DESCENDING option applies only to the multinomial distribution
      with ordinal response.
NOTE: Class levels for some variables were not printed due to excessive
      size.
NOTE: Algorithm converged.
NOTE: Algorithm converged.
NOTE: The data set WORK.P_G_TOP_1_MAIN_ROBUST has 41 observations and 8
      variables.
NOTE: PROCEDURE GENMOD used (Total process time):
      real time           0.18 seconds
      cpu time            0.11 seconds



NOTE: There were 41 observations read from the data set
      WORK.P_G_TOP_1_MAIN_ROBUST.
NOTE: The data set WORK.P_G_TOP_1_MAIN_ROBUST has 1 observations and 1
      variables.
NOTE: DATA statement used (Total process time):
      real time           0.01 seconds
      cpu time            0.01 seconds



NOTE: There were 1 observations read from the data set WORK.P_G_TOP_1_MAIN.
NOTE: There were 1 observations read from the data set
      WORK.P_G_TOP_1_MAIN_ROBUST.
NOTE: There were 0 observations read from the data set
      WORK.P_G_TOP_1_MAIN_NOCLUS.
NOTE: The data set WORK.P_G_TOP_1_MAIN has 1 observations and 5 variables.
NOTE: DATA statement used (Total process time):
      real time           0.01 seconds
      cpu time            0.00 seconds



NOTE: There were 1 observations read from the data set WORK.P_G_TOP_1_MAIN.
NOTE: The data set WORK.P_G_TOP_1_MAIN has 3 observations and 5 variables.
NOTE: PROCEDURE TRANSPOSE used (Total process time):
      real time           0.02 seconds
      cpu time            0.01 seconds



NOTE: The DESCENDING option applies only to the multinomial distribution
      with ordinal response.
NOTE: Algorithm converged.
NOTE: Algorithm converged.
NOTE: The data set WORK.P_G_TOP_N has 2 observations and 6 variables.
NOTE: The data set WORK.P_G_TOP_2_LINEAR has 38 observations and 8
      variables.
WARNING: Output 'ParameterEstimates' was not created.  Make sure that the
         output object name, label, or path is spelled correctly.  Also,
         verify that the appropriate procedure options are used to produce
         the requested output object.  For example, verify that the
         NOPRINT option is not used.
NOTE: PROCEDURE GENMOD used (Total process time):
      real time           0.14 seconds
      cpu time            0.04 seconds



NOTE: There were 38 observations read from the data set
      WORK.P_G_TOP_2_LINEAR.
NOTE: The data set WORK.P_G_TOP_2_LINEAR has 1 observations and 4
      variables.
NOTE: DATA statement used (Total process time):
      real time           0.01 seconds
      cpu time            0.01 seconds


ERROR: The variable StdErr in the DROP, KEEP, or RENAME list has never
       been referenced.
ERROR: The variable parameter in the DROP, KEEP, or RENAME list has never
       been referenced.
ERROR: Invalid DROP, KEEP, or RENAME option on file
       WORK.P_G_TOP_2_LINEAR_NOCLUS.

WARNING: The variable StdErr in the DROP, KEEP, or RENAME list has never
         been referenced.
WARNING: The variable StdErr in the DROP, KEEP, or RENAME list has never
         been referenced.
NOTE: The SAS System stopped processing this step because of errors.
WARNING: The data set WORK.P_G_TOP_2_LINEAR_NOCLUS may be incomplete.
         When this step was stopped there were 0 observations and 0
         variables.
WARNING: Data set WORK.P_G_TOP_2_LINEAR_NOCLUS was not replaced because
         this step was stopped.
NOTE: DATA statement used (Total process time):
      real time           0.00 seconds
      cpu time            0.01 seconds





NOTE: The DESCENDING option applies only to the multinomial distribution
      with ordinal response.
NOTE: Class levels for some variables were not printed due to excessive
      size.
NOTE: Algorithm converged.
NOTE: Algorithm converged.
NOTE: The data set WORK.P_G_TOP_2_LINEAR_ROBUST has 38 observations and 8
      variables.
NOTE: PROCEDURE GENMOD used (Total process time):
      real time           0.15 seconds
      cpu time            0.09 seconds



NOTE: There were 38 observations read from the data set
      WORK.P_G_TOP_2_LINEAR_ROBUST.
NOTE: The data set WORK.P_G_TOP_2_LINEAR_ROBUST has 1 observations and 1
      variables.
NOTE: DATA statement used (Total process time):
      real time           0.01 seconds
      cpu time            0.01 seconds



NOTE: There were 1 observations read from the data set
      WORK.P_G_TOP_2_LINEAR.
NOTE: There were 1 observations read from the data set
      WORK.P_G_TOP_2_LINEAR_ROBUST.
NOTE: There were 0 observations read from the data set
      WORK.P_G_TOP_2_LINEAR_NOCLUS.
NOTE: The data set WORK.P_G_TOP_2_LINEAR has 1 observations and 5
      variables.
NOTE: DATA statement used (Total process time):
      real time           0.01 seconds
      cpu time            0.01 seconds



NOTE: There were 1 observations read from the data set
      WORK.P_G_TOP_2_LINEAR.
NOTE: The data set WORK.P_G_TOP_2_LINEAR has 3 observations and 5
      variables.
NOTE: PROCEDURE TRANSPOSE used (Total process time):
      real time           0.02 seconds
      cpu time            0.00 seconds



NOTE: There were 2 observations read from the data set WORK.P_G_TOP_N.
NOTE: The data set WORK.P_G_TOP_N has 1 observations and 3 variables.
NOTE: DATA statement used (Total process time):
      real time           0.01 seconds
      cpu time            0.00 seconds



NOTE: The data set WORK.SPACE1 has 1 observations and 1 variables.
NOTE: The data set WORK.SPACE2 has 1 observations and 1 variables.
NOTE: The data set WORK.SPACE3 has 1 observations and 1 variables.
NOTE: DATA statement used (Total process time):
      real time           0.03 seconds
      cpu time            0.03 seconds



NOTE: There were 2 observations read from the data set WORK.MEANS.
NOTE: There were 1 observations read from the data set WORK.SPACE1.
NOTE: There were 3 observations read from the data set WORK.P_G_TOP_1_MAIN.
NOTE: There were 1 observations read from the data set WORK.SPACE2.
NOTE: There were 3 observations read from the data set
      WORK.P_G_TOP_2_LINEAR.
NOTE: There were 1 observations read from the data set WORK.SPACE3.
NOTE: There were 1 observations read from the data set WORK.P_G_TOP_N.
NOTE: The data set WORK.C_P_G_TOP has 12 observations and 4 variables.
NOTE: DATA statement used (Total process time):
      real time           0.01 seconds
      cpu time            0.01 seconds


NOTE: Algorithm converged.
NOTE: Algorithm converged.
NOTE: The data set WORK.MEANS has 1 observations and 7 variables.
NOTE: PROCEDURE GENMOD used (Total process time):
      real time           0.10 seconds
      cpu time            0.03 seconds



NOTE: There were 1 observations read from the data set WORK.MEANS.
NOTE: The data set WORK.MEANS has 1 observations and 3 variables.
NOTE: DATA statement used (Total process time):
      real time           0.02 seconds
      cpu time            0.01 seconds



NOTE: Variable outcome is uninitialized.
NOTE: Variable rowname is uninitialized.
NOTE: Variable _NAME_ is uninitialized.
NOTE: The data set WORK.TRICK has 1 observations and 3 variables.
NOTE: DATA statement used (Total process time):
      real time           0.01 seconds
      cpu time            0.00 seconds



NOTE: There were 1 observations read from the data set WORK.TRICK.
NOTE: There were 1 observations read from the data set WORK.MEANS.
NOTE: The data set WORK.MEANS has 2 observations and 4 variables.
NOTE: DATA statement used (Total process time):
      real time           0.01 seconds
      cpu time            0.00 seconds



NOTE: The DESCENDING option applies only to the multinomial distribution
      with ordinal response.
NOTE: Algorithm converged.
NOTE: Algorithm converged.
NOTE: The data set WORK.P_G_BOT_N has 2 observations and 6 variables.
NOTE: The data set WORK.P_G_BOT_1_MAIN has 40 observations and 8 variables.
WARNING: Output 'ParameterEstimates' was not created.  Make sure that the
         output object name, label, or path is spelled correctly.  Also,
         verify that the appropriate procedure options are used to produce
         the requested output object.  For example, verify that the
         NOPRINT option is not used.
NOTE: PROCEDURE GENMOD used (Total process time):
      real time           0.16 seconds
      cpu time            0.06 seconds



NOTE: There were 40 observations read from the data set
      WORK.P_G_BOT_1_MAIN.
NOTE: The data set WORK.P_G_BOT_1_MAIN has 1 observations and 4 variables.
NOTE: DATA statement used (Total process time):
      real time           0.01 seconds
      cpu time            0.00 seconds


ERROR: The variable StdErr in the DROP, KEEP, or RENAME list has never
       been referenced.
ERROR: The variable parameter in the DROP, KEEP, or RENAME list has never
       been referenced.
ERROR: Invalid DROP, KEEP, or RENAME option on file
       WORK.P_G_BOT_1_MAIN_NOCLUS.

WARNING: The variable StdErr in the DROP, KEEP, or RENAME list has never
         been referenced.
WARNING: The variable StdErr in the DROP, KEEP, or RENAME list has never
         been referenced.
NOTE: The SAS System stopped processing this step because of errors.
WARNING: The data set WORK.P_G_BOT_1_MAIN_NOCLUS may be incomplete.  When
         this step was stopped there were 0 observations and 0 variables.
WARNING: Data set WORK.P_G_BOT_1_MAIN_NOCLUS was not replaced because this
         step was stopped.
NOTE: DATA statement used (Total process time):
      real time           0.00 seconds
      cpu time            0.01 seconds





NOTE: The DESCENDING option applies only to the multinomial distribution
      with ordinal response.
NOTE: Class levels for some variables were not printed due to excessive
      size.
NOTE: Algorithm converged.
NOTE: Algorithm converged.
NOTE: The data set WORK.P_G_BOT_1_MAIN_ROBUST has 40 observations and 8
      variables.
NOTE: PROCEDURE GENMOD used (Total process time):
      real time           0.18 seconds
      cpu time            0.10 seconds



NOTE: There were 40 observations read from the data set
      WORK.P_G_BOT_1_MAIN_ROBUST.
NOTE: The data set WORK.P_G_BOT_1_MAIN_ROBUST has 1 observations and 1
      variables.
NOTE: DATA statement used (Total process time):
      real time           0.01 seconds
      cpu time            0.00 seconds



NOTE: There were 1 observations read from the data set WORK.P_G_BOT_1_MAIN.
NOTE: There were 1 observations read from the data set
      WORK.P_G_BOT_1_MAIN_ROBUST.
NOTE: There were 0 observations read from the data set
      WORK.P_G_BOT_1_MAIN_NOCLUS.
NOTE: The data set WORK.P_G_BOT_1_MAIN has 1 observations and 5 variables.
NOTE: DATA statement used (Total process time):
      real time           0.01 seconds
      cpu time            0.01 seconds



NOTE: There were 1 observations read from the data set WORK.P_G_BOT_1_MAIN.
NOTE: The data set WORK.P_G_BOT_1_MAIN has 3 observations and 5 variables.
NOTE: PROCEDURE TRANSPOSE used (Total process time):
      real time           0.03 seconds
      cpu time            0.00 seconds



NOTE: The DESCENDING option applies only to the multinomial distribution
      with ordinal response.
NOTE: Algorithm converged.
NOTE: Algorithm converged.
NOTE: The data set WORK.P_G_BOT_N has 2 observations and 6 variables.
NOTE: The data set WORK.P_G_BOT_2_LINEAR has 37 observations and 8
      variables.
WARNING: Output 'ParameterEstimates' was not created.  Make sure that the
         output object name, label, or path is spelled correctly.  Also,
         verify that the appropriate procedure options are used to produce
         the requested output object.  For example, verify that the
         NOPRINT option is not used.
NOTE: PROCEDURE GENMOD used (Total process time):
      real time           0.14 seconds
      cpu time            0.12 seconds



NOTE: There were 37 observations read from the data set
      WORK.P_G_BOT_2_LINEAR.
NOTE: The data set WORK.P_G_BOT_2_LINEAR has 1 observations and 4
      variables.
NOTE: DATA statement used (Total process time):
      real time           0.01 seconds
      cpu time            0.00 seconds


ERROR: The variable StdErr in the DROP, KEEP, or RENAME list has never
       been referenced.
ERROR: The variable parameter in the DROP, KEEP, or RENAME list has never
       been referenced.
ERROR: Invalid DROP, KEEP, or RENAME option on file
       WORK.P_G_BOT_2_LINEAR_NOCLUS.

WARNING: The variable StdErr in the DROP, KEEP, or RENAME list has never
         been referenced.
WARNING: The variable StdErr in the DROP, KEEP, or RENAME list has never
         been referenced.
NOTE: The SAS System stopped processing this step because of errors.
WARNING: The data set WORK.P_G_BOT_2_LINEAR_NOCLUS may be incomplete.
         When this step was stopped there were 0 observations and 0
         variables.
WARNING: Data set WORK.P_G_BOT_2_LINEAR_NOCLUS was not replaced because
         this step was stopped.
NOTE: DATA statement used (Total process time):
      real time           0.00 seconds
      cpu time            0.00 seconds





NOTE: The DESCENDING option applies only to the multinomial distribution
      with ordinal response.
NOTE: Class levels for some variables were not printed due to excessive
      size.
NOTE: Algorithm converged.
NOTE: Algorithm converged.
NOTE: The data set WORK.P_G_BOT_2_LINEAR_ROBUST has 37 observations and 8
      variables.
NOTE: PROCEDURE GENMOD used (Total process time):
      real time           0.17 seconds
      cpu time            0.12 seconds



NOTE: There were 37 observations read from the data set
      WORK.P_G_BOT_2_LINEAR_ROBUST.
NOTE: The data set WORK.P_G_BOT_2_LINEAR_ROBUST has 1 observations and 1
      variables.
NOTE: DATA statement used (Total process time):
      real time           0.01 seconds
      cpu time            0.01 seconds



NOTE: There were 1 observations read from the data set
      WORK.P_G_BOT_2_LINEAR.
NOTE: There were 1 observations read from the data set
      WORK.P_G_BOT_2_LINEAR_ROBUST.
NOTE: There were 0 observations read from the data set
      WORK.P_G_BOT_2_LINEAR_NOCLUS.
NOTE: The data set WORK.P_G_BOT_2_LINEAR has 1 observations and 5
      variables.
NOTE: DATA statement used (Total process time):
      real time           0.01 seconds
      cpu time            0.01 seconds



NOTE: There were 1 observations read from the data set
      WORK.P_G_BOT_2_LINEAR.
NOTE: The data set WORK.P_G_BOT_2_LINEAR has 3 observations and 5
      variables.
NOTE: PROCEDURE TRANSPOSE used (Total process time):
      real time           0.02 seconds
      cpu time            0.01 seconds



NOTE: There were 2 observations read from the data set WORK.P_G_BOT_N.
NOTE: The data set WORK.P_G_BOT_N has 1 observations and 3 variables.
NOTE: DATA statement used (Total process time):
      real time           0.01 seconds
      cpu time            0.01 seconds



NOTE: The data set WORK.SPACE1 has 1 observations and 1 variables.
NOTE: The data set WORK.SPACE2 has 1 observations and 1 variables.
NOTE: The data set WORK.SPACE3 has 1 observations and 1 variables.
NOTE: DATA statement used (Total process time):
      real time           0.03 seconds
      cpu time            0.01 seconds



NOTE: There were 2 observations read from the data set WORK.MEANS.
NOTE: There were 1 observations read from the data set WORK.SPACE1.
NOTE: There were 3 observations read from the data set WORK.P_G_BOT_1_MAIN.
NOTE: There were 1 observations read from the data set WORK.SPACE2.
NOTE: There were 3 observations read from the data set
      WORK.P_G_BOT_2_LINEAR.
NOTE: There were 1 observations read from the data set WORK.SPACE3.
NOTE: There were 1 observations read from the data set WORK.P_G_BOT_N.
NOTE: The data set WORK.C_P_G_BOT has 12 observations and 4 variables.
NOTE: DATA statement used (Total process time):
      real time           0.02 seconds
      cpu time            0.01 seconds



NOTE: The data set WORK.SPACE_COL_1 has 1 observations and 1 variables.
NOTE: DATA statement used (Total process time):
      real time           0.01 seconds
      cpu time            0.00 seconds



NOTE: The data set WORK.SPACE_COL_2 has 1 observations and 1 variables.
NOTE: DATA statement used (Total process time):
      real time           0.01 seconds
      cpu time            0.00 seconds



NOTE: The data set WORK.SPACE_COL_3 has 1 observations and 1 variables.
NOTE: DATA statement used (Total process time):
      real time           0.01 seconds
      cpu time            0.00 seconds



NOTE: The data set WORK.SPACE_COL_4 has 1 observations and 1 variables.
NOTE: DATA statement used (Total process time):
      real time           0.01 seconds
      cpu time            0.00 seconds



NOTE: The data set WORK.SPACE_COL_5 has 1 observations and 1 variables.
NOTE: DATA statement used (Total process time):
      real time           0.01 seconds
      cpu time            0.01 seconds



NOTE: There were 12 observations read from the data set WORK.C_LS_BG_TOP.
NOTE: There were 12 observations read from the data set WORK.C_LS_BG_BOT.
NOTE: There were 1 observations read from the data set WORK.SPACE_COL_1.
NOTE: There were 12 observations read from the data set WORK.C_LS_B_TOP.
NOTE: There were 12 observations read from the data set WORK.C_LS_B_BOT.
NOTE: There were 1 observations read from the data set WORK.SPACE_COL_2.
NOTE: There were 12 observations read from the data set WORK.C_LS_G_TOP.
NOTE: There were 12 observations read from the data set WORK.C_LS_G_BOT.
NOTE: There were 1 observations read from the data set WORK.SPACE_COL_3.
NOTE: There were 12 observations read from the data set WORK.C_P_BG_TOP.
NOTE: There were 12 observations read from the data set WORK.C_P_BG_BOT.
NOTE: There were 1 observations read from the data set WORK.SPACE_COL_4.
NOTE: There were 12 observations read from the data set WORK.C_P_B_TOP.
NOTE: There were 12 observations read from the data set WORK.C_P_B_BOT.
NOTE: There were 1 observations read from the data set WORK.SPACE_COL_5.
NOTE: There were 12 observations read from the data set WORK.C_P_G_TOP.
NOTE: There were 12 observations read from the data set WORK.C_P_G_BOT.
NOTE: The data set TARGET.T8_LIN_Q_COLLEGE0 has 12 observations and 20
      variables.
NOTE: DATA statement used (Total process time):
      real time           0.11 seconds
      cpu time            0.01 seconds


881  %outcome(college3);

NOTE: There were 7857 observations read from the data set WORK.BONUS_00_01.
NOTE: The data set WORK.BASE01 has 3821 observations and 21 variables.
NOTE: DATA statement used (Total process time):
      real time           0.05 seconds
      cpu time            0.01 seconds



NOTE: The data set WORK.TEMP has 1 observations and 4 variables.
NOTE: PROCEDURE UNIVARIATE used (Total process time):
      real time           0.02 seconds
      cpu time            0.00 seconds



NOTE: There were 1 observations read from the data set WORK.TEMP.
NOTE: The data set WORK.TEMP has 1 observations and 5 variables.
NOTE: DATA statement used (Total process time):
      real time           0.01 seconds
      cpu time            0.01 seconds



NOTE: There were 3821 observations read from the data set WORK.BASE01.
NOTE: The data set WORK.BASE01 has 3821 observations and 21 variables.
NOTE: PROCEDURE SORT used (Total process time):
      real time           0.03 seconds
      cpu time            0.00 seconds



NOTE: There were 1 observations read from the data set WORK.TEMP.
NOTE: The data set WORK.TEMP has 1 observations and 5 variables.
NOTE: PROCEDURE SORT used (Total process time):
      real time           0.01 seconds
      cpu time            0.01 seconds



NOTE: There were 3821 observations read from the data set WORK.BASE01.
NOTE: There were 1 observations read from the data set WORK.TEMP.
NOTE: The data set WORK.BASE01 has 3821 observations and 30 variables.
NOTE: DATA statement used (Total process time):
      real time           0.04 seconds
      cpu time            0.01 seconds



NOTE: PROC GENMOD is modeling the probability that ZAKAIBAG='1'.
NOTE: Algorithm converged.
NOTE: Algorithm converged.
NOTE: The data set WORK.TEMP2 has 3821 observations and 31 variables.
NOTE: PROCEDURE GENMOD used (Total process time):
      real time           0.29 seconds
      cpu time            0.04 seconds



NOTE: The data set WORK.TEMP3 has 1 observations and 4 variables.
NOTE: PROCEDURE UNIVARIATE used (Total process time):
      real time           0.01 seconds
      cpu time            0.00 seconds



NOTE: There were 1 observations read from the data set WORK.TEMP3.
NOTE: The data set WORK.TEMP3 has 1 observations and 5 variables.
NOTE: DATA statement used (Total process time):
      real time           0.01 seconds
      cpu time            0.01 seconds



NOTE: There were 3821 observations read from the data set WORK.TEMP2.
NOTE: The data set WORK.TEMP2 has 3821 observations and 31 variables.
NOTE: PROCEDURE SORT used (Total process time):
      real time           0.10 seconds
      cpu time            0.01 seconds



NOTE: There were 1 observations read from the data set WORK.TEMP3.
NOTE: The data set WORK.TEMP3 has 1 observations and 5 variables.
NOTE: PROCEDURE SORT used (Total process time):
      real time           0.01 seconds
      cpu time            0.00 seconds



NOTE: There were 3821 observations read from the data set WORK.TEMP2.
NOTE: There were 1 observations read from the data set WORK.TEMP3.
NOTE: The data set WORK.BASE01 has 3821 observations and 39 variables.
NOTE: DATA statement used (Total process time):
      real time           0.10 seconds
      cpu time            0.01 seconds



NOTE: Deleting WORK.TEMP (memtype=DATA).
NOTE: Deleting WORK.TEMP2 (memtype=DATA).
NOTE: Deleting WORK.TEMP3 (memtype=DATA).
NOTE: PROCEDURE DATASETS used (Total process time):
      real time           0.06 seconds
      cpu time            0.04 seconds



NOTE: There were 7857 observations read from the data set WORK.BONUS_00_01.
NOTE: The data set WORK.BASE00 has 4036 observations and 21 variables.
NOTE: DATA statement used (Total process time):
      real time           0.05 seconds
      cpu time            0.01 seconds



NOTE: The data set WORK.TEMP has 1 observations and 4 variables.
NOTE: PROCEDURE UNIVARIATE used (Total process time):
      real time           0.01 seconds
      cpu time            0.00 seconds



NOTE: There were 1 observations read from the data set WORK.TEMP.
NOTE: The data set WORK.TEMP has 1 observations and 5 variables.
NOTE: DATA statement used (Total process time):
      real time           0.01 seconds
      cpu time            0.01 seconds


NOTE: There were 4036 observations read from the data set WORK.BASE00.
NOTE: The data set WORK.BASE00 has 4036 observations and 21 variables.
NOTE: PROCEDURE SORT used (Total process time):
      real time           0.09 seconds
      cpu time            0.00 seconds


NOTE: There were 1 observations read from the data set WORK.TEMP.
NOTE: The data set WORK.TEMP has 1 observations and 5 variables.
NOTE: PROCEDURE SORT used (Total process time):
      real time           0.01 seconds
      cpu time            0.00 seconds



NOTE: There were 4036 observations read from the data set WORK.BASE00.
NOTE: There were 1 observations read from the data set WORK.TEMP.
NOTE: The data set WORK.BASE00 has 4036 observations and 30 variables.
NOTE: DATA statement used (Total process time):
      real time           0.08 seconds
      cpu time            0.00 seconds



NOTE: PROC GENMOD is modeling the probability that ZAKAIBAG='1'.
NOTE: Algorithm converged.
NOTE: Algorithm converged.
NOTE: The data set WORK.TEMP2 has 4036 observations and 31 variables.
NOTE: PROCEDURE GENMOD used (Total process time):
      real time           0.37 seconds
      cpu time            0.06 seconds



NOTE: The data set WORK.TEMP3 has 1 observations and 4 variables.
NOTE: PROCEDURE UNIVARIATE used (Total process time):
      real time           0.02 seconds
      cpu time            0.03 seconds



NOTE: There were 1 observations read from the data set WORK.TEMP3.
NOTE: The data set WORK.TEMP3 has 1 observations and 5 variables.
NOTE: DATA statement used (Total process time):
      real time           0.01 seconds
      cpu time            0.00 seconds



NOTE: There were 4036 observations read from the data set WORK.TEMP2.
NOTE: The data set WORK.TEMP2 has 4036 observations and 31 variables.
NOTE: PROCEDURE SORT used (Total process time):
      real time           0.05 seconds
      cpu time            0.01 seconds



NOTE: There were 1 observations read from the data set WORK.TEMP3.
NOTE: The data set WORK.TEMP3 has 1 observations and 5 variables.
NOTE: PROCEDURE SORT used (Total process time):
      real time           0.02 seconds
      cpu time            0.01 seconds



NOTE: There were 4036 observations read from the data set WORK.TEMP2.
NOTE: There were 1 observations read from the data set WORK.TEMP3.
NOTE: The data set WORK.BASE00 has 4036 observations and 39 variables.
NOTE: DATA statement used (Total process time):
      real time           0.08 seconds
      cpu time            0.00 seconds



NOTE: Deleting WORK.TEMP (memtype=DATA).
NOTE: Deleting WORK.TEMP2 (memtype=DATA).
NOTE: Deleting WORK.TEMP3 (memtype=DATA).
NOTE: PROCEDURE DATASETS used (Total process time):
      real time           0.05 seconds
      cpu time            0.03 seconds



NOTE: There were 3821 observations read from the data set WORK.BASE01.
NOTE: There were 4036 observations read from the data set WORK.BASE00.
NOTE: The data set WORK.BASE_BG has 7586 observations and 41 variables.
NOTE: DATA statement used (Total process time):
      real time           0.18 seconds
      cpu time            0.01 seconds



NOTE: There were 7586 observations read from the data set WORK.BASE_BG.
NOTE: The data set WORK.LS_BG_TOP has 1918 observations and 43 variables.
NOTE: DATA statement used (Total process time):
      real time           0.05 seconds
      cpu time            0.03 seconds



NOTE: There were 1918 observations read from the data set WORK.LS_BG_TOP.
NOTE: The data set WORK.LS_BG_TOP has 1918 observations and 43 variables.
NOTE: PROCEDURE SORT used (Total process time):
      real time           0.06 seconds
      cpu time            0.00 seconds



NOTE: There were 1918 observations read from the data set WORK.LS_BG_TOP.
NOTE: The data set WORK.TEMP has 39 observations and 9 variables.
NOTE: PROCEDURE SUMMARY used (Total process time):
      real time           0.02 seconds
      cpu time            0.00 seconds



NOTE: There were 1918 observations read from the data set WORK.LS_BG_TOP.
NOTE: There were 39 observations read from the data set WORK.TEMP.
NOTE: The data set WORK.LS_BG_TOP has 1914 observations and 51 variables.
NOTE: DATA statement used (Total process time):
      real time           0.08 seconds
      cpu time            0.00 seconds



NOTE: There were 7586 observations read from the data set WORK.BASE_BG.
NOTE: The data set WORK.LS_BG_BOT has 1972 observations and 43 variables.
NOTE: DATA statement used (Total process time):
      real time           0.05 seconds
      cpu time            0.00 seconds



NOTE: There were 1972 observations read from the data set WORK.LS_BG_BOT.
NOTE: The data set WORK.LS_BG_BOT has 1972 observations and 43 variables.
NOTE: PROCEDURE SORT used (Total process time):
      real time           0.06 seconds
      cpu time            0.00 seconds



NOTE: There were 1972 observations read from the data set WORK.LS_BG_BOT.
NOTE: The data set WORK.TEMP has 39 observations and 9 variables.
NOTE: PROCEDURE SUMMARY used (Total process time):
      real time           0.01 seconds
      cpu time            0.01 seconds



NOTE: There were 1972 observations read from the data set WORK.LS_BG_BOT.
NOTE: There were 39 observations read from the data set WORK.TEMP.
NOTE: The data set WORK.LS_BG_BOT has 1971 observations and 51 variables.
NOTE: DATA statement used (Total process time):
      real time           0.05 seconds
      cpu time            0.01 seconds



NOTE: There were 7586 observations read from the data set WORK.BASE_BG.
NOTE: The data set WORK.P_BG_TOP has 1956 observations and 43 variables.
NOTE: DATA statement used (Total process time):
      real time           0.04 seconds
      cpu time            0.00 seconds



NOTE: There were 1956 observations read from the data set WORK.P_BG_TOP.
NOTE: The data set WORK.P_BG_TOP has 1956 observations and 43 variables.
NOTE: PROCEDURE SORT used (Total process time):
      real time           0.06 seconds
      cpu time            0.01 seconds



NOTE: There were 1956 observations read from the data set WORK.P_BG_TOP.
NOTE: The data set WORK.TEMP has 39 observations and 9 variables.
NOTE: PROCEDURE SUMMARY used (Total process time):
      real time           0.01 seconds
      cpu time            0.00 seconds



NOTE: There were 1956 observations read from the data set WORK.P_BG_TOP.
NOTE: There were 39 observations read from the data set WORK.TEMP.
NOTE: The data set WORK.P_BG_TOP has 1955 observations and 51 variables.
NOTE: DATA statement used (Total process time):
      real time           0.04 seconds
      cpu time            0.00 seconds



NOTE: There were 7586 observations read from the data set WORK.BASE_BG.
NOTE: The data set WORK.P_BG_BOT has 1917 observations and 43 variables.
NOTE: DATA statement used (Total process time):
      real time           0.03 seconds
      cpu time            0.01 seconds



NOTE: There were 1917 observations read from the data set WORK.P_BG_BOT.
NOTE: The data set WORK.P_BG_BOT has 1917 observations and 43 variables.
NOTE: PROCEDURE SORT used (Total process time):
      real time           0.21 seconds
      cpu time            0.01 seconds



NOTE: There were 1917 observations read from the data set WORK.P_BG_BOT.
NOTE: The data set WORK.TEMP has 38 observations and 9 variables.
NOTE: PROCEDURE SUMMARY used (Total process time):
      real time           0.01 seconds
      cpu time            0.01 seconds



NOTE: There were 1917 observations read from the data set WORK.P_BG_BOT.
NOTE: There were 38 observations read from the data set WORK.TEMP.
NOTE: The data set WORK.P_BG_BOT has 1845 observations and 51 variables.
NOTE: DATA statement used (Total process time):
      real time           0.05 seconds
      cpu time            0.01 seconds



NOTE: There were 7857 observations read from the data set WORK.BONUS_00_01.
NOTE: The data set WORK.BASE01 has 1960 observations and 21 variables.
NOTE: DATA statement used (Total process time):
      real time           0.04 seconds
      cpu time            0.03 seconds



NOTE: The data set WORK.TEMP has 1 observations and 4 variables.
NOTE: PROCEDURE UNIVARIATE used (Total process time):
      real time           0.01 seconds
      cpu time            0.00 seconds



NOTE: There were 1 observations read from the data set WORK.TEMP.
NOTE: The data set WORK.TEMP has 1 observations and 5 variables.
NOTE: DATA statement used (Total process time):
      real time           0.01 seconds
      cpu time            0.00 seconds



NOTE: There were 1960 observations read from the data set WORK.BASE01.
NOTE: The data set WORK.BASE01 has 1960 observations and 21 variables.
NOTE: PROCEDURE SORT used (Total process time):
      real time           0.02 seconds
      cpu time            0.00 seconds



NOTE: There were 1 observations read from the data set WORK.TEMP.
NOTE: The data set WORK.TEMP has 1 observations and 5 variables.
NOTE: PROCEDURE SORT used (Total process time):
      real time           0.01 seconds
      cpu time            0.00 seconds



NOTE: There were 1960 observations read from the data set WORK.BASE01.
NOTE: There were 1 observations read from the data set WORK.TEMP.
NOTE: The data set WORK.BASE01 has 1960 observations and 30 variables.
NOTE: DATA statement used (Total process time):
      real time           0.03 seconds
      cpu time            0.03 seconds



NOTE: PROC GENMOD is modeling the probability that ZAKAIBAG='1'.
NOTE: Algorithm converged.
NOTE: Algorithm converged.
NOTE: The data set WORK.TEMP2 has 1960 observations and 31 variables.
NOTE: PROCEDURE GENMOD used (Total process time):
      real time           0.26 seconds
      cpu time            0.07 seconds



NOTE: The data set WORK.TEMP3 has 1 observations and 4 variables.
NOTE: PROCEDURE UNIVARIATE used (Total process time):
      real time           0.01 seconds
      cpu time            0.00 seconds



NOTE: There were 1 observations read from the data set WORK.TEMP3.
NOTE: The data set WORK.TEMP3 has 1 observations and 5 variables.
NOTE: DATA statement used (Total process time):
      real time           0.02 seconds
      cpu time            0.03 seconds



NOTE: There were 1960 observations read from the data set WORK.TEMP2.
NOTE: The data set WORK.TEMP2 has 1960 observations and 31 variables.
NOTE: PROCEDURE SORT used (Total process time):
      real time           0.02 seconds
      cpu time            0.01 seconds



NOTE: There were 1 observations read from the data set WORK.TEMP3.
NOTE: The data set WORK.TEMP3 has 1 observations and 5 variables.
NOTE: PROCEDURE SORT used (Total process time):
      real time           0.01 seconds
      cpu time            0.00 seconds



NOTE: There were 1960 observations read from the data set WORK.TEMP2.
NOTE: There were 1 observations read from the data set WORK.TEMP3.
NOTE: The data set WORK.BASE01 has 1960 observations and 39 variables.
NOTE: DATA statement used (Total process time):
      real time           0.03 seconds
      cpu time            0.03 seconds



NOTE: Deleting WORK.TEMP (memtype=DATA).
NOTE: Deleting WORK.TEMP2 (memtype=DATA).
NOTE: Deleting WORK.TEMP3 (memtype=DATA).
NOTE: PROCEDURE DATASETS used (Total process time):
      real time           0.05 seconds
      cpu time            0.04 seconds



NOTE: There were 7857 observations read from the data set WORK.BONUS_00_01.
NOTE: The data set WORK.BASE00 has 2038 observations and 21 variables.
NOTE: DATA statement used (Total process time):
      real time           0.03 seconds
      cpu time            0.00 seconds



NOTE: The data set WORK.TEMP has 1 observations and 4 variables.
NOTE: PROCEDURE UNIVARIATE used (Total process time):
      real time           0.01 seconds
      cpu time            0.00 seconds



NOTE: There were 1 observations read from the data set WORK.TEMP.
NOTE: The data set WORK.TEMP has 1 observations and 5 variables.
NOTE: DATA statement used (Total process time):
      real time           0.01 seconds
      cpu time            0.01 seconds


NOTE: There were 2038 observations read from the data set WORK.BASE00.
NOTE: The data set WORK.BASE00 has 2038 observations and 21 variables.
NOTE: PROCEDURE SORT used (Total process time):
      real time           0.02 seconds
      cpu time            0.01 seconds


NOTE: There were 1 observations read from the data set WORK.TEMP.
NOTE: The data set WORK.TEMP has 1 observations and 5 variables.
NOTE: PROCEDURE SORT used (Total process time):
      real time           0.01 seconds
      cpu time            0.00 seconds



NOTE: There were 2038 observations read from the data set WORK.BASE00.
NOTE: There were 1 observations read from the data set WORK.TEMP.
NOTE: The data set WORK.BASE00 has 2038 observations and 30 variables.
NOTE: DATA statement used (Total process time):
      real time           0.03 seconds
      cpu time            0.00 seconds



NOTE: PROC GENMOD is modeling the probability that ZAKAIBAG='1'.
NOTE: Algorithm converged.
NOTE: Algorithm converged.
NOTE: The data set WORK.TEMP2 has 2038 observations and 31 variables.
NOTE: PROCEDURE GENMOD used (Total process time):
      real time           0.22 seconds
      cpu time            0.09 seconds



NOTE: The data set WORK.TEMP3 has 1 observations and 4 variables.
NOTE: PROCEDURE UNIVARIATE used (Total process time):
      real time           0.34 seconds
      cpu time            0.01 seconds



NOTE: There were 1 observations read from the data set WORK.TEMP3.
NOTE: The data set WORK.TEMP3 has 1 observations and 5 variables.
NOTE: DATA statement used (Total process time):
      real time           0.01 seconds
      cpu time            0.00 seconds



NOTE: There were 2038 observations read from the data set WORK.TEMP2.
NOTE: The data set WORK.TEMP2 has 2038 observations and 31 variables.
NOTE: PROCEDURE SORT used (Total process time):
      real time           0.03 seconds
      cpu time            0.01 seconds



NOTE: There were 1 observations read from the data set WORK.TEMP3.
NOTE: The data set WORK.TEMP3 has 1 observations and 5 variables.
NOTE: PROCEDURE SORT used (Total process time):
      real time           0.01 seconds
      cpu time            0.00 seconds



NOTE: There were 2038 observations read from the data set WORK.TEMP2.
NOTE: There were 1 observations read from the data set WORK.TEMP3.
NOTE: The data set WORK.BASE00 has 2038 observations and 39 variables.
NOTE: DATA statement used (Total process time):
      real time           0.05 seconds
      cpu time            0.01 seconds



NOTE: Deleting WORK.TEMP (memtype=DATA).
NOTE: Deleting WORK.TEMP2 (memtype=DATA).
NOTE: Deleting WORK.TEMP3 (memtype=DATA).
NOTE: PROCEDURE DATASETS used (Total process time):
      real time           0.06 seconds
      cpu time            0.04 seconds



NOTE: There were 1960 observations read from the data set WORK.BASE01.
NOTE: There were 2038 observations read from the data set WORK.BASE00.
NOTE: The data set WORK.BASE_B has 3982 observations and 41 variables.
NOTE: DATA statement used (Total process time):
      real time           0.07 seconds
      cpu time            0.01 seconds



NOTE: There were 3982 observations read from the data set WORK.BASE_B.
NOTE: The data set WORK.LS_B_TOP has 1009 observations and 43 variables.
NOTE: DATA statement used (Total process time):
      real time           0.03 seconds
      cpu time            0.01 seconds



NOTE: There were 1009 observations read from the data set WORK.LS_B_TOP.
NOTE: The data set WORK.LS_B_TOP has 1009 observations and 43 variables.
NOTE: PROCEDURE SORT used (Total process time):
      real time           0.03 seconds
      cpu time            0.01 seconds



NOTE: There were 1009 observations read from the data set WORK.LS_B_TOP.
NOTE: The data set WORK.TEMP has 33 observations and 9 variables.
NOTE: PROCEDURE SUMMARY used (Total process time):
      real time           0.01 seconds
      cpu time            0.00 seconds



NOTE: There were 1009 observations read from the data set WORK.LS_B_TOP.
NOTE: There were 33 observations read from the data set WORK.TEMP.
NOTE: The data set WORK.LS_B_TOP has 1007 observations and 51 variables.
NOTE: DATA statement used (Total process time):
      real time           0.04 seconds
      cpu time            0.03 seconds



NOTE: There were 3982 observations read from the data set WORK.BASE_B.
NOTE: The data set WORK.LS_B_BOT has 988 observations and 43 variables.
NOTE: DATA statement used (Total process time):
      real time           0.03 seconds
      cpu time            0.01 seconds



NOTE: There were 988 observations read from the data set WORK.LS_B_BOT.
NOTE: The data set WORK.LS_B_BOT has 988 observations and 43 variables.
NOTE: PROCEDURE SORT used (Total process time):
      real time           0.04 seconds
      cpu time            0.03 seconds



NOTE: There were 988 observations read from the data set WORK.LS_B_BOT.
NOTE: The data set WORK.TEMP has 33 observations and 9 variables.
NOTE: PROCEDURE SUMMARY used (Total process time):
      real time           0.02 seconds
      cpu time            0.01 seconds



NOTE: There were 988 observations read from the data set WORK.LS_B_BOT.
NOTE: There were 33 observations read from the data set WORK.TEMP.
NOTE: The data set WORK.LS_B_BOT has 988 observations and 51 variables.
NOTE: DATA statement used (Total process time):
      real time           0.04 seconds
      cpu time            0.01 seconds



NOTE: There were 3982 observations read from the data set WORK.BASE_B.
NOTE: The data set WORK.P_B_TOP has 1015 observations and 43 variables.
NOTE: DATA statement used (Total process time):
      real time           0.04 seconds
      cpu time            0.01 seconds



NOTE: There were 1015 observations read from the data set WORK.P_B_TOP.
NOTE: The data set WORK.P_B_TOP has 1015 observations and 43 variables.
NOTE: PROCEDURE SORT used (Total process time):
      real time           0.05 seconds
      cpu time            0.00 seconds



NOTE: There were 1015 observations read from the data set WORK.P_B_TOP.
NOTE: The data set WORK.TEMP has 33 observations and 9 variables.
NOTE: PROCEDURE SUMMARY used (Total process time):
      real time           0.02 seconds
      cpu time            0.00 seconds



NOTE: There were 1015 observations read from the data set WORK.P_B_TOP.
NOTE: There were 33 observations read from the data set WORK.TEMP.
NOTE: The data set WORK.P_B_TOP has 1006 observations and 51 variables.
NOTE: DATA statement used (Total process time):
      real time           0.05 seconds
      cpu time            0.01 seconds



NOTE: There were 3982 observations read from the data set WORK.BASE_B.
NOTE: The data set WORK.P_B_BOT has 980 observations and 43 variables.
NOTE: DATA statement used (Total process time):
      real time           0.04 seconds
      cpu time            0.00 seconds



NOTE: There were 980 observations read from the data set WORK.P_B_BOT.
NOTE: The data set WORK.P_B_BOT has 980 observations and 43 variables.
NOTE: PROCEDURE SORT used (Total process time):
      real time           0.04 seconds
      cpu time            0.01 seconds



NOTE: There were 980 observations read from the data set WORK.P_B_BOT.
NOTE: The data set WORK.TEMP has 33 observations and 9 variables.
NOTE: PROCEDURE SUMMARY used (Total process time):
      real time           0.02 seconds
      cpu time            0.03 seconds



NOTE: There were 980 observations read from the data set WORK.P_B_BOT.
NOTE: There were 33 observations read from the data set WORK.TEMP.
NOTE: The data set WORK.P_B_BOT has 979 observations and 51 variables.
NOTE: DATA statement used (Total process time):
      real time           0.05 seconds
      cpu time            0.00 seconds



NOTE: There were 7857 observations read from the data set WORK.BONUS_00_01.
NOTE: The data set WORK.BASE01 has 1861 observations and 21 variables.
NOTE: DATA statement used (Total process time):
      real time           0.31 seconds
      cpu time            0.00 seconds



NOTE: The data set WORK.TEMP has 1 observations and 4 variables.
NOTE: PROCEDURE UNIVARIATE used (Total process time):
      real time           0.01 seconds
      cpu time            0.00 seconds



NOTE: There were 1 observations read from the data set WORK.TEMP.
NOTE: The data set WORK.TEMP has 1 observations and 5 variables.
NOTE: DATA statement used (Total process time):
      real time           0.01 seconds
      cpu time            0.00 seconds



NOTE: There were 1861 observations read from the data set WORK.BASE01.
NOTE: The data set WORK.BASE01 has 1861 observations and 21 variables.
NOTE: PROCEDURE SORT used (Total process time):
      real time           0.04 seconds
      cpu time            0.03 seconds



NOTE: There were 1 observations read from the data set WORK.TEMP.
NOTE: The data set WORK.TEMP has 1 observations and 5 variables.
NOTE: PROCEDURE SORT used (Total process time):
      real time           0.01 seconds
      cpu time            0.00 seconds



NOTE: There were 1861 observations read from the data set WORK.BASE01.
NOTE: There were 1 observations read from the data set WORK.TEMP.
NOTE: The data set WORK.BASE01 has 1861 observations and 30 variables.
NOTE: DATA statement used (Total process time):
      real time           0.05 seconds
      cpu time            0.00 seconds



NOTE: PROC GENMOD is modeling the probability that ZAKAIBAG='1'.
NOTE: Algorithm converged.
NOTE: Algorithm converged.
NOTE: The data set WORK.TEMP2 has 1861 observations and 31 variables.
NOTE: PROCEDURE GENMOD used (Total process time):
      real time           0.23 seconds
      cpu time            0.06 seconds



NOTE: The data set WORK.TEMP3 has 1 observations and 4 variables.
NOTE: PROCEDURE UNIVARIATE used (Total process time):
      real time           0.01 seconds
      cpu time            0.00 seconds



NOTE: There were 1 observations read from the data set WORK.TEMP3.
NOTE: The data set WORK.TEMP3 has 1 observations and 5 variables.
NOTE: DATA statement used (Total process time):
      real time           0.02 seconds
      cpu time            0.01 seconds



NOTE: There were 1861 observations read from the data set WORK.TEMP2.
NOTE: The data set WORK.TEMP2 has 1861 observations and 31 variables.
NOTE: PROCEDURE SORT used (Total process time):
      real time           0.04 seconds
      cpu time            0.00 seconds



NOTE: There were 1 observations read from the data set WORK.TEMP3.
NOTE: The data set WORK.TEMP3 has 1 observations and 5 variables.
NOTE: PROCEDURE SORT used (Total process time):
      real time           0.01 seconds
      cpu time            0.01 seconds



NOTE: There were 1861 observations read from the data set WORK.TEMP2.
NOTE: There were 1 observations read from the data set WORK.TEMP3.
NOTE: The data set WORK.BASE01 has 1861 observations and 39 variables.
NOTE: DATA statement used (Total process time):
      real time           0.06 seconds
      cpu time            0.03 seconds



NOTE: Deleting WORK.TEMP (memtype=DATA).
NOTE: Deleting WORK.TEMP2 (memtype=DATA).
NOTE: Deleting WORK.TEMP3 (memtype=DATA).
NOTE: PROCEDURE DATASETS used (Total process time):
      real time           0.07 seconds
      cpu time            0.04 seconds



NOTE: There were 7857 observations read from the data set WORK.BONUS_00_01.
NOTE: The data set WORK.BASE00 has 1998 observations and 21 variables.
NOTE: DATA statement used (Total process time):
      real time           0.04 seconds
      cpu time            0.00 seconds



NOTE: The data set WORK.TEMP has 1 observations and 4 variables.
NOTE: PROCEDURE UNIVARIATE used (Total process time):
      real time           0.01 seconds
      cpu time            0.00 seconds



NOTE: There were 1 observations read from the data set WORK.TEMP.
NOTE: The data set WORK.TEMP has 1 observations and 5 variables.
NOTE: DATA statement used (Total process time):
      real time           0.01 seconds
      cpu time            0.00 seconds


NOTE: There were 1998 observations read from the data set WORK.BASE00.
NOTE: The data set WORK.BASE00 has 1998 observations and 21 variables.
NOTE: PROCEDURE SORT used (Total process time):
      real time           0.03 seconds
      cpu time            0.01 seconds


NOTE: There were 1 observations read from the data set WORK.TEMP.
NOTE: The data set WORK.TEMP has 1 observations and 5 variables.
NOTE: PROCEDURE SORT used (Total process time):
      real time           0.01 seconds
      cpu time            0.01 seconds



NOTE: There were 1998 observations read from the data set WORK.BASE00.
NOTE: There were 1 observations read from the data set WORK.TEMP.
NOTE: The data set WORK.BASE00 has 1998 observations and 30 variables.
NOTE: DATA statement used (Total process time):
      real time           0.04 seconds
      cpu time            0.00 seconds



NOTE: PROC GENMOD is modeling the probability that ZAKAIBAG='1'.
NOTE: Algorithm converged.
NOTE: Algorithm converged.
NOTE: The data set WORK.TEMP2 has 1998 observations and 31 variables.
NOTE: PROCEDURE GENMOD used (Total process time):
      real time           0.28 seconds
      cpu time            0.06 seconds



NOTE: The data set WORK.TEMP3 has 1 observations and 4 variables.
NOTE: PROCEDURE UNIVARIATE used (Total process time):
      real time           0.01 seconds
      cpu time            0.00 seconds



NOTE: There were 1 observations read from the data set WORK.TEMP3.
NOTE: The data set WORK.TEMP3 has 1 observations and 5 variables.
NOTE: DATA statement used (Total process time):
      real time           0.02 seconds
      cpu time            0.00 seconds



NOTE: There were 1998 observations read from the data set WORK.TEMP2.
NOTE: The data set WORK.TEMP2 has 1998 observations and 31 variables.
NOTE: PROCEDURE SORT used (Total process time):
      real time           0.04 seconds
      cpu time            0.01 seconds



NOTE: There were 1 observations read from the data set WORK.TEMP3.
NOTE: The data set WORK.TEMP3 has 1 observations and 5 variables.
NOTE: PROCEDURE SORT used (Total process time):
      real time           0.01 seconds
      cpu time            0.03 seconds



NOTE: There were 1998 observations read from the data set WORK.TEMP2.
NOTE: There were 1 observations read from the data set WORK.TEMP3.
NOTE: The data set WORK.BASE00 has 1998 observations and 39 variables.
NOTE: DATA statement used (Total process time):
      real time           0.06 seconds
      cpu time            0.01 seconds



NOTE: Deleting WORK.TEMP (memtype=DATA).
NOTE: Deleting WORK.TEMP2 (memtype=DATA).
NOTE: Deleting WORK.TEMP3 (memtype=DATA).
NOTE: PROCEDURE DATASETS used (Total process time):
      real time           0.08 seconds
      cpu time            0.04 seconds



NOTE: There were 1861 observations read from the data set WORK.BASE01.
NOTE: There were 1998 observations read from the data set WORK.BASE00.
NOTE: The data set WORK.BASE_G has 3604 observations and 41 variables.
NOTE: DATA statement used (Total process time):
      real time           0.07 seconds
      cpu time            0.03 seconds



NOTE: There were 3604 observations read from the data set WORK.BASE_G.
NOTE: The data set WORK.LS_G_TOP has 925 observations and 43 variables.
NOTE: DATA statement used (Total process time):
      real time           0.03 seconds
      cpu time            0.01 seconds



NOTE: There were 925 observations read from the data set WORK.LS_G_TOP.
NOTE: The data set WORK.LS_G_TOP has 925 observations and 43 variables.
NOTE: PROCEDURE SORT used (Total process time):
      real time           0.02 seconds
      cpu time            0.01 seconds



NOTE: There were 925 observations read from the data set WORK.LS_G_TOP.
NOTE: The data set WORK.TEMP has 34 observations and 9 variables.
NOTE: PROCEDURE SUMMARY used (Total process time):
      real time           0.01 seconds
      cpu time            0.01 seconds



NOTE: There were 925 observations read from the data set WORK.LS_G_TOP.
NOTE: There were 34 observations read from the data set WORK.TEMP.
NOTE: The data set WORK.LS_G_TOP has 921 observations and 51 variables.
NOTE: DATA statement used (Total process time):
      real time           0.03 seconds
      cpu time            0.00 seconds



NOTE: There were 3604 observations read from the data set WORK.BASE_G.
NOTE: The data set WORK.LS_G_BOT has 963 observations and 43 variables.
NOTE: DATA statement used (Total process time):
      real time           0.05 seconds
      cpu time            0.03 seconds



NOTE: There were 963 observations read from the data set WORK.LS_G_BOT.
NOTE: The data set WORK.LS_G_BOT has 963 observations and 43 variables.
NOTE: PROCEDURE SORT used (Total process time):
      real time           0.03 seconds
      cpu time            0.00 seconds



NOTE: There were 963 observations read from the data set WORK.LS_G_BOT.
NOTE: The data set WORK.TEMP has 35 observations and 9 variables.
NOTE: PROCEDURE SUMMARY used (Total process time):
      real time           0.02 seconds
      cpu time            0.01 seconds



NOTE: There were 963 observations read from the data set WORK.LS_G_BOT.
NOTE: There were 35 observations read from the data set WORK.TEMP.
NOTE: The data set WORK.LS_G_BOT has 958 observations and 51 variables.
NOTE: DATA statement used (Total process time):
      real time           0.03 seconds
      cpu time            0.01 seconds



NOTE: There were 3604 observations read from the data set WORK.BASE_G.
NOTE: The data set WORK.P_G_TOP has 926 observations and 43 variables.
NOTE: DATA statement used (Total process time):
      real time           0.03 seconds
      cpu time            0.01 seconds



NOTE: There were 926 observations read from the data set WORK.P_G_TOP.
NOTE: The data set WORK.P_G_TOP has 926 observations and 43 variables.
NOTE: PROCEDURE SORT used (Total process time):
      real time           0.04 seconds
      cpu time            0.00 seconds



NOTE: There were 926 observations read from the data set WORK.P_G_TOP.
NOTE: The data set WORK.TEMP has 33 observations and 9 variables.
NOTE: PROCEDURE SUMMARY used (Total process time):
      real time           0.01 seconds
      cpu time            0.01 seconds



NOTE: There were 926 observations read from the data set WORK.P_G_TOP.
NOTE: There were 33 observations read from the data set WORK.TEMP.
NOTE: The data set WORK.P_G_TOP has 924 observations and 51 variables.
NOTE: DATA statement used (Total process time):
      real time           0.03 seconds
      cpu time            0.00 seconds



NOTE: There were 3604 observations read from the data set WORK.BASE_G.
NOTE: The data set WORK.P_G_BOT has 957 observations and 43 variables.
NOTE: DATA statement used (Total process time):
      real time           0.04 seconds
      cpu time            0.01 seconds



NOTE: There were 957 observations read from the data set WORK.P_G_BOT.
NOTE: The data set WORK.P_G_BOT has 957 observations and 43 variables.
NOTE: PROCEDURE SORT used (Total process time):
      real time           0.04 seconds
      cpu time            0.01 seconds



NOTE: There were 957 observations read from the data set WORK.P_G_BOT.
NOTE: The data set WORK.TEMP has 34 observations and 9 variables.
NOTE: PROCEDURE SUMMARY used (Total process time):
      real time           0.02 seconds
      cpu time            0.00 seconds



NOTE: There were 957 observations read from the data set WORK.P_G_BOT.
NOTE: There were 34 observations read from the data set WORK.TEMP.
NOTE: The data set WORK.P_G_BOT has 950 observations and 51 variables.
NOTE: DATA statement used (Total process time):
      real time           0.05 seconds
      cpu time            0.00 seconds


NOTE: Algorithm converged.
NOTE: Algorithm converged.
NOTE: The data set WORK.MEANS has 1 observations and 7 variables.
NOTE: PROCEDURE GENMOD used (Total process time):
      real time           0.14 seconds
      cpu time            0.03 seconds



NOTE: There were 1 observations read from the data set WORK.MEANS.
NOTE: The data set WORK.MEANS has 1 observations and 3 variables.
NOTE: DATA statement used (Total process time):
      real time           0.01 seconds
      cpu time            0.00 seconds



NOTE: Variable outcome is uninitialized.
NOTE: Variable rowname is uninitialized.
NOTE: Variable _NAME_ is uninitialized.
NOTE: The data set WORK.TRICK has 1 observations and 3 variables.
NOTE: DATA statement used (Total process time):
      real time           0.01 seconds
      cpu time            0.03 seconds



NOTE: There were 1 observations read from the data set WORK.TRICK.
NOTE: There were 1 observations read from the data set WORK.MEANS.
NOTE: The data set WORK.MEANS has 2 observations and 4 variables.
NOTE: DATA statement used (Total process time):
      real time           0.01 seconds
      cpu time            0.00 seconds



NOTE: The DESCENDING option applies only to the multinomial distribution
      with ordinal response.
NOTE: Class levels for some variables were not printed due to excessive
      size.
NOTE: Algorithm converged.
NOTE: Algorithm converged.
NOTE: The data set WORK.LS_BG_TOP_N has 2 observations and 6 variables.
NOTE: The data set WORK.LS_BG_TOP_1_MAIN has 47 observations and 8
      variables.
WARNING: Output 'ParameterEstimates' was not created.  Make sure that the
         output object name, label, or path is spelled correctly.  Also,
         verify that the appropriate procedure options are used to produce
         the requested output object.  For example, verify that the
         NOPRINT option is not used.
NOTE: PROCEDURE GENMOD used (Total process time):
      real time           0.23 seconds
      cpu time            0.07 seconds



NOTE: There were 47 observations read from the data set
      WORK.LS_BG_TOP_1_MAIN.
NOTE: The data set WORK.LS_BG_TOP_1_MAIN has 1 observations and 4
      variables.
NOTE: DATA statement used (Total process time):
      real time           0.01 seconds
      cpu time            0.01 seconds


ERROR: The variable StdErr in the DROP, KEEP, or RENAME list has never
       been referenced.
ERROR: The variable parameter in the DROP, KEEP, or RENAME list has never
       been referenced.
ERROR: Invalid DROP, KEEP, or RENAME option on file
       WORK.LS_BG_TOP_1_MAIN_NOCLUS.

WARNING: The variable StdErr in the DROP, KEEP, or RENAME list has never
         been referenced.
WARNING: The variable StdErr in the DROP, KEEP, or RENAME list has never
         been referenced.
NOTE: The SAS System stopped processing this step because of errors.
WARNING: The data set WORK.LS_BG_TOP_1_MAIN_NOCLUS may be incomplete.
         When this step was stopped there were 0 observations and 0
         variables.
WARNING: Data set WORK.LS_BG_TOP_1_MAIN_NOCLUS was not replaced because
         this step was stopped.
NOTE: DATA statement used (Total process time):
      real time           0.00 seconds
      cpu time            0.00 seconds





NOTE: The DESCENDING option applies only to the multinomial distribution
      with ordinal response.
NOTE: Class levels for some variables were not printed due to excessive
      size.
NOTE: Algorithm converged.
NOTE: Algorithm converged.
NOTE: The data set WORK.LS_BG_TOP_1_MAIN_ROBUST has 47 observations and 8
      variables.
NOTE: PROCEDURE GENMOD used (Total process time):
      real time           0.32 seconds
      cpu time            0.21 seconds



NOTE: There were 47 observations read from the data set
      WORK.LS_BG_TOP_1_MAIN_ROBUST.
NOTE: The data set WORK.LS_BG_TOP_1_MAIN_ROBUST has 1 observations and 1
      variables.
NOTE: DATA statement used (Total process time):
      real time           0.02 seconds
      cpu time            0.03 seconds



NOTE: There were 1 observations read from the data set
      WORK.LS_BG_TOP_1_MAIN.
NOTE: There were 1 observations read from the data set
      WORK.LS_BG_TOP_1_MAIN_ROBUST.
NOTE: There were 0 observations read from the data set
      WORK.LS_BG_TOP_1_MAIN_NOCLUS.
NOTE: The data set WORK.LS_BG_TOP_1_MAIN has 1 observations and 5
      variables.
NOTE: DATA statement used (Total process time):
      real time           0.01 seconds
      cpu time            0.00 seconds



NOTE: There were 1 observations read from the data set
      WORK.LS_BG_TOP_1_MAIN.
NOTE: The data set WORK.LS_BG_TOP_1_MAIN has 3 observations and 5
      variables.
NOTE: PROCEDURE TRANSPOSE used (Total process time):
      real time           0.03 seconds
      cpu time            0.03 seconds



NOTE: The DESCENDING option applies only to the multinomial distribution
      with ordinal response.
NOTE: Class levels for some variables were not printed due to excessive
      size.
NOTE: Algorithm converged.
NOTE: Algorithm converged.
NOTE: The data set WORK.LS_BG_TOP_N has 2 observations and 6 variables.
NOTE: The data set WORK.LS_BG_TOP_2_LINEAR has 44 observations and 8
      variables.
WARNING: Output 'ParameterEstimates' was not created.  Make sure that the
         output object name, label, or path is spelled correctly.  Also,
         verify that the appropriate procedure options are used to produce
         the requested output object.  For example, verify that the
         NOPRINT option is not used.
NOTE: PROCEDURE GENMOD used (Total process time):
      real time           0.18 seconds
      cpu time            0.06 seconds



NOTE: There were 44 observations read from the data set
      WORK.LS_BG_TOP_2_LINEAR.
NOTE: The data set WORK.LS_BG_TOP_2_LINEAR has 1 observations and 4
      variables.
NOTE: DATA statement used (Total process time):
      real time           0.01 seconds
      cpu time            0.00 seconds


ERROR: The variable StdErr in the DROP, KEEP, or RENAME list has never
       been referenced.
ERROR: The variable parameter in the DROP, KEEP, or RENAME list has never
       been referenced.
ERROR: Invalid DROP, KEEP, or RENAME option on file
       WORK.LS_BG_TOP_2_LINEAR_NOCLUS.

WARNING: The variable StdErr in the DROP, KEEP, or RENAME list has never
         been referenced.
WARNING: The variable StdErr in the DROP, KEEP, or RENAME list has never
         been referenced.
NOTE: The SAS System stopped processing this step because of errors.
WARNING: The data set WORK.LS_BG_TOP_2_LINEAR_NOCLUS may be incomplete.
         When this step was stopped there were 0 observations and 0
         variables.
WARNING: Data set WORK.LS_BG_TOP_2_LINEAR_NOCLUS was not replaced because
         this step was stopped.
NOTE: DATA statement used (Total process time):
      real time           0.00 seconds
      cpu time            0.00 seconds





NOTE: The DESCENDING option applies only to the multinomial distribution
      with ordinal response.
NOTE: Class levels for some variables were not printed due to excessive
      size.
NOTE: Algorithm converged.
NOTE: Algorithm converged.
NOTE: The data set WORK.LS_BG_TOP_2_LINEAR_ROBUST has 44 observations and
      8 variables.
NOTE: PROCEDURE GENMOD used (Total process time):
      real time           0.26 seconds
      cpu time            0.20 seconds



NOTE: There were 44 observations read from the data set
      WORK.LS_BG_TOP_2_LINEAR_ROBUST.
NOTE: The data set WORK.LS_BG_TOP_2_LINEAR_ROBUST has 1 observations and 1
      variables.
NOTE: DATA statement used (Total process time):
      real time           0.01 seconds
      cpu time            0.01 seconds



NOTE: There were 1 observations read from the data set
      WORK.LS_BG_TOP_2_LINEAR.
NOTE: There were 1 observations read from the data set
      WORK.LS_BG_TOP_2_LINEAR_ROBUST.
NOTE: There were 0 observations read from the data set
      WORK.LS_BG_TOP_2_LINEAR_NOCLUS.
NOTE: The data set WORK.LS_BG_TOP_2_LINEAR has 1 observations and 5
      variables.
NOTE: DATA statement used (Total process time):
      real time           0.01 seconds
      cpu time            0.00 seconds



NOTE: There were 1 observations read from the data set
      WORK.LS_BG_TOP_2_LINEAR.
NOTE: The data set WORK.LS_BG_TOP_2_LINEAR has 3 observations and 5
      variables.
NOTE: PROCEDURE TRANSPOSE used (Total process time):
      real time           0.02 seconds
      cpu time            0.01 seconds



NOTE: There were 2 observations read from the data set WORK.LS_BG_TOP_N.
NOTE: The data set WORK.LS_BG_TOP_N has 1 observations and 3 variables.
NOTE: DATA statement used (Total process time):
      real time           0.01 seconds
      cpu time            0.01 seconds



NOTE: The data set WORK.SPACE1 has 1 observations and 1 variables.
NOTE: The data set WORK.SPACE2 has 1 observations and 1 variables.
NOTE: The data set WORK.SPACE3 has 1 observations and 1 variables.
NOTE: DATA statement used (Total process time):
      real time           0.03 seconds
      cpu time            0.01 seconds



NOTE: There were 2 observations read from the data set WORK.MEANS.
NOTE: There were 1 observations read from the data set WORK.SPACE1.
NOTE: There were 3 observations read from the data set
      WORK.LS_BG_TOP_1_MAIN.
NOTE: There were 1 observations read from the data set WORK.SPACE2.
NOTE: There were 3 observations read from the data set
      WORK.LS_BG_TOP_2_LINEAR.
NOTE: There were 1 observations read from the data set WORK.SPACE3.
NOTE: There were 1 observations read from the data set WORK.LS_BG_TOP_N.
NOTE: The data set WORK.C_LS_BG_TOP has 12 observations and 4 variables.
NOTE: DATA statement used (Total process time):
      real time           0.01 seconds
      cpu time            0.03 seconds


NOTE: Algorithm converged.
NOTE: Algorithm converged.
NOTE: The data set WORK.MEANS has 1 observations and 7 variables.
NOTE: PROCEDURE GENMOD used (Total process time):
      real time           0.11 seconds
      cpu time            0.04 seconds



NOTE: There were 1 observations read from the data set WORK.MEANS.
NOTE: The data set WORK.MEANS has 1 observations and 3 variables.
NOTE: DATA statement used (Total process time):
      real time           0.02 seconds
      cpu time            0.01 seconds



NOTE: Variable outcome is uninitialized.
NOTE: Variable rowname is uninitialized.
NOTE: Variable _NAME_ is uninitialized.
NOTE: The data set WORK.TRICK has 1 observations and 3 variables.
NOTE: DATA statement used (Total process time):
      real time           0.01 seconds
      cpu time            0.00 seconds



NOTE: There were 1 observations read from the data set WORK.TRICK.
NOTE: There were 1 observations read from the data set WORK.MEANS.
NOTE: The data set WORK.MEANS has 2 observations and 4 variables.
NOTE: DATA statement used (Total process time):
      real time           0.01 seconds
      cpu time            0.00 seconds



NOTE: The DESCENDING option applies only to the multinomial distribution
      with ordinal response.
NOTE: Class levels for some variables were not printed due to excessive
      size.
NOTE: Algorithm converged.
NOTE: Algorithm converged.
NOTE: The data set WORK.LS_BG_BOT_N has 2 observations and 6 variables.
NOTE: The data set WORK.LS_BG_BOT_1_MAIN has 47 observations and 8
      variables.
WARNING: Output 'ParameterEstimates' was not created.  Make sure that the
         output object name, label, or path is spelled correctly.  Also,
         verify that the appropriate procedure options are used to produce
         the requested output object.  For example, verify that the
         NOPRINT option is not used.
NOTE: PROCEDURE GENMOD used (Total process time):
      real time           0.18 seconds
      cpu time            0.04 seconds



NOTE: There were 47 observations read from the data set
      WORK.LS_BG_BOT_1_MAIN.
NOTE: The data set WORK.LS_BG_BOT_1_MAIN has 1 observations and 4
      variables.
NOTE: DATA statement used (Total process time):
      real time           0.01 seconds
      cpu time            0.01 seconds


ERROR: The variable StdErr in the DROP, KEEP, or RENAME list has never
       been referenced.
ERROR: The variable parameter in the DROP, KEEP, or RENAME list has never
       been referenced.
ERROR: Invalid DROP, KEEP, or RENAME option on file
       WORK.LS_BG_BOT_1_MAIN_NOCLUS.

WARNING: The variable StdErr in the DROP, KEEP, or RENAME list has never
         been referenced.
WARNING: The variable StdErr in the DROP, KEEP, or RENAME list has never
         been referenced.
NOTE: The SAS System stopped processing this step because of errors.
WARNING: The data set WORK.LS_BG_BOT_1_MAIN_NOCLUS may be incomplete.
         When this step was stopped there were 0 observations and 0
         variables.
WARNING: Data set WORK.LS_BG_BOT_1_MAIN_NOCLUS was not replaced because
         this step was stopped.
NOTE: DATA statement used (Total process time):
      real time           0.00 seconds
      cpu time            0.00 seconds





NOTE: The DESCENDING option applies only to the multinomial distribution
      with ordinal response.
NOTE: Class levels for some variables were not printed due to excessive
      size.
NOTE: Algorithm converged.
NOTE: Algorithm converged.
NOTE: The data set WORK.LS_BG_BOT_1_MAIN_ROBUST has 47 observations and 8
      variables.
NOTE: PROCEDURE GENMOD used (Total process time):
      real time           0.29 seconds
      cpu time            0.20 seconds



NOTE: There were 47 observations read from the data set
      WORK.LS_BG_BOT_1_MAIN_ROBUST.
NOTE: The data set WORK.LS_BG_BOT_1_MAIN_ROBUST has 1 observations and 1
      variables.
NOTE: DATA statement used (Total process time):
      real time           0.01 seconds
      cpu time            0.01 seconds



NOTE: There were 1 observations read from the data set
      WORK.LS_BG_BOT_1_MAIN.
NOTE: There were 1 observations read from the data set
      WORK.LS_BG_BOT_1_MAIN_ROBUST.
NOTE: There were 0 observations read from the data set
      WORK.LS_BG_BOT_1_MAIN_NOCLUS.
NOTE: The data set WORK.LS_BG_BOT_1_MAIN has 1 observations and 5
      variables.
NOTE: DATA statement used (Total process time):
      real time           0.01 seconds
      cpu time            0.03 seconds



NOTE: There were 1 observations read from the data set
      WORK.LS_BG_BOT_1_MAIN.
NOTE: The data set WORK.LS_BG_BOT_1_MAIN has 3 observations and 5
      variables.
NOTE: PROCEDURE TRANSPOSE used (Total process time):
      real time           0.02 seconds
      cpu time            0.00 seconds



NOTE: The DESCENDING option applies only to the multinomial distribution
      with ordinal response.
NOTE: Class levels for some variables were not printed due to excessive
      size.
NOTE: Algorithm converged.
NOTE: Algorithm converged.
NOTE: The data set WORK.LS_BG_BOT_N has 2 observations and 6 variables.
NOTE: The data set WORK.LS_BG_BOT_2_LINEAR has 44 observations and 8
      variables.
WARNING: Output 'ParameterEstimates' was not created.  Make sure that the
         output object name, label, or path is spelled correctly.  Also,
         verify that the appropriate procedure options are used to produce
         the requested output object.  For example, verify that the
         NOPRINT option is not used.
NOTE: PROCEDURE GENMOD used (Total process time):
      real time           0.17 seconds
      cpu time            0.07 seconds



NOTE: There were 44 observations read from the data set
      WORK.LS_BG_BOT_2_LINEAR.
NOTE: The data set WORK.LS_BG_BOT_2_LINEAR has 1 observations and 4
      variables.
NOTE: DATA statement used (Total process time):
      real time           0.01 seconds
      cpu time            0.00 seconds


ERROR: The variable StdErr in the DROP, KEEP, or RENAME list has never
       been referenced.
ERROR: The variable parameter in the DROP, KEEP, or RENAME list has never
       been referenced.
ERROR: Invalid DROP, KEEP, or RENAME option on file
       WORK.LS_BG_BOT_2_LINEAR_NOCLUS.

WARNING: The variable StdErr in the DROP, KEEP, or RENAME list has never
         been referenced.
WARNING: The variable StdErr in the DROP, KEEP, or RENAME list has never
         been referenced.
NOTE: The SAS System stopped processing this step because of errors.
WARNING: The data set WORK.LS_BG_BOT_2_LINEAR_NOCLUS may be incomplete.
         When this step was stopped there were 0 observations and 0
         variables.
WARNING: Data set WORK.LS_BG_BOT_2_LINEAR_NOCLUS was not replaced because
         this step was stopped.
NOTE: DATA statement used (Total process time):
      real time           0.00 seconds
      cpu time            0.00 seconds





NOTE: The DESCENDING option applies only to the multinomial distribution
      with ordinal response.
NOTE: Class levels for some variables were not printed due to excessive
      size.
NOTE: Algorithm converged.
NOTE: Algorithm converged.
NOTE: The data set WORK.LS_BG_BOT_2_LINEAR_ROBUST has 44 observations and
      8 variables.
NOTE: PROCEDURE GENMOD used (Total process time):
      real time           0.30 seconds
      cpu time            0.20 seconds



NOTE: There were 44 observations read from the data set
      WORK.LS_BG_BOT_2_LINEAR_ROBUST.
NOTE: The data set WORK.LS_BG_BOT_2_LINEAR_ROBUST has 1 observations and 1
      variables.
NOTE: DATA statement used (Total process time):
      real time           0.01 seconds
      cpu time            0.00 seconds



NOTE: There were 1 observations read from the data set
      WORK.LS_BG_BOT_2_LINEAR.
NOTE: There were 1 observations read from the data set
      WORK.LS_BG_BOT_2_LINEAR_ROBUST.
NOTE: There were 0 observations read from the data set
      WORK.LS_BG_BOT_2_LINEAR_NOCLUS.
NOTE: The data set WORK.LS_BG_BOT_2_LINEAR has 1 observations and 5
      variables.
NOTE: DATA statement used (Total process time):
      real time           0.01 seconds
      cpu time            0.01 seconds



NOTE: There were 1 observations read from the data set
      WORK.LS_BG_BOT_2_LINEAR.
NOTE: The data set WORK.LS_BG_BOT_2_LINEAR has 3 observations and 5
      variables.
NOTE: PROCEDURE TRANSPOSE used (Total process time):
      real time           0.02 seconds
      cpu time            0.03 seconds



NOTE: There were 2 observations read from the data set WORK.LS_BG_BOT_N.
NOTE: The data set WORK.LS_BG_BOT_N has 1 observations and 3 variables.
NOTE: DATA statement used (Total process time):
      real time           0.01 seconds
      cpu time            0.00 seconds



NOTE: The data set WORK.SPACE1 has 1 observations and 1 variables.
NOTE: The data set WORK.SPACE2 has 1 observations and 1 variables.
NOTE: The data set WORK.SPACE3 has 1 observations and 1 variables.
NOTE: DATA statement used (Total process time):
      real time           0.04 seconds
      cpu time            0.00 seconds



NOTE: There were 2 observations read from the data set WORK.MEANS.
NOTE: There were 1 observations read from the data set WORK.SPACE1.
NOTE: There were 3 observations read from the data set
      WORK.LS_BG_BOT_1_MAIN.
NOTE: There were 1 observations read from the data set WORK.SPACE2.
NOTE: There were 3 observations read from the data set
      WORK.LS_BG_BOT_2_LINEAR.
NOTE: There were 1 observations read from the data set WORK.SPACE3.
NOTE: There were 1 observations read from the data set WORK.LS_BG_BOT_N.
NOTE: The data set WORK.C_LS_BG_BOT has 12 observations and 4 variables.
NOTE: DATA statement used (Total process time):
      real time           0.01 seconds
      cpu time            0.00 seconds


NOTE: Algorithm converged.
NOTE: Algorithm converged.
NOTE: The data set WORK.MEANS has 1 observations and 7 variables.
NOTE: PROCEDURE GENMOD used (Total process time):
      real time           0.11 seconds
      cpu time            0.04 seconds



NOTE: There were 1 observations read from the data set WORK.MEANS.
NOTE: The data set WORK.MEANS has 1 observations and 3 variables.
NOTE: DATA statement used (Total process time):
      real time           0.01 seconds
      cpu time            0.01 seconds



NOTE: Variable outcome is uninitialized.
NOTE: Variable rowname is uninitialized.
NOTE: Variable _NAME_ is uninitialized.
NOTE: The data set WORK.TRICK has 1 observations and 3 variables.
NOTE: DATA statement used (Total process time):
      real time           0.01 seconds
      cpu time            0.00 seconds



NOTE: There were 1 observations read from the data set WORK.TRICK.
NOTE: There were 1 observations read from the data set WORK.MEANS.
NOTE: The data set WORK.MEANS has 2 observations and 4 variables.
NOTE: DATA statement used (Total process time):
      real time           0.01 seconds
      cpu time            0.01 seconds



NOTE: The DESCENDING option applies only to the multinomial distribution
      with ordinal response.
NOTE: Class levels for some variables were not printed due to excessive
      size.
NOTE: Algorithm converged.
NOTE: Algorithm converged.
NOTE: The data set WORK.P_BG_TOP_N has 2 observations and 6 variables.
NOTE: The data set WORK.P_BG_TOP_1_MAIN has 47 observations and 8
      variables.
WARNING: Output 'ParameterEstimates' was not created.  Make sure that the
         output object name, label, or path is spelled correctly.  Also,
         verify that the appropriate procedure options are used to produce
         the requested output object.  For example, verify that the
         NOPRINT option is not used.
NOTE: PROCEDURE GENMOD used (Total process time):
      real time           0.27 seconds
      cpu time            0.07 seconds



NOTE: There were 47 observations read from the data set
      WORK.P_BG_TOP_1_MAIN.
NOTE: The data set WORK.P_BG_TOP_1_MAIN has 1 observations and 4 variables.
NOTE: DATA statement used (Total process time):
      real time           0.01 seconds
      cpu time            0.00 seconds


ERROR: The variable StdErr in the DROP, KEEP, or RENAME list has never
       been referenced.
ERROR: The variable parameter in the DROP, KEEP, or RENAME list has never
       been referenced.
ERROR: Invalid DROP, KEEP, or RENAME option on file
       WORK.P_BG_TOP_1_MAIN_NOCLUS.

WARNING: The variable StdErr in the DROP, KEEP, or RENAME list has never
         been referenced.
WARNING: The variable StdErr in the DROP, KEEP, or RENAME list has never
         been referenced.
NOTE: The SAS System stopped processing this step because of errors.
WARNING: The data set WORK.P_BG_TOP_1_MAIN_NOCLUS may be incomplete.  When
         this step was stopped there were 0 observations and 0 variables.
WARNING: Data set WORK.P_BG_TOP_1_MAIN_NOCLUS was not replaced because
         this step was stopped.
NOTE: DATA statement used (Total process time):
      real time           0.00 seconds
      cpu time            0.01 seconds





NOTE: The DESCENDING option applies only to the multinomial distribution
      with ordinal response.
NOTE: Class levels for some variables were not printed due to excessive
      size.
NOTE: Algorithm converged.
NOTE: Algorithm converged.
NOTE: The data set WORK.P_BG_TOP_1_MAIN_ROBUST has 47 observations and 8
      variables.
NOTE: PROCEDURE GENMOD used (Total process time):
      real time           0.56 seconds
      cpu time            0.18 seconds



NOTE: There were 47 observations read from the data set
      WORK.P_BG_TOP_1_MAIN_ROBUST.
NOTE: The data set WORK.P_BG_TOP_1_MAIN_ROBUST has 1 observations and 1
      variables.
NOTE: DATA statement used (Total process time):
      real time           0.01 seconds
      cpu time            0.00 seconds



NOTE: There were 1 observations read from the data set
      WORK.P_BG_TOP_1_MAIN.
NOTE: There were 1 observations read from the data set
      WORK.P_BG_TOP_1_MAIN_ROBUST.
NOTE: There were 0 observations read from the data set
      WORK.P_BG_TOP_1_MAIN_NOCLUS.
NOTE: The data set WORK.P_BG_TOP_1_MAIN has 1 observations and 5 variables.
NOTE: DATA statement used (Total process time):
      real time           0.01 seconds
      cpu time            0.00 seconds



NOTE: There were 1 observations read from the data set
      WORK.P_BG_TOP_1_MAIN.
NOTE: The data set WORK.P_BG_TOP_1_MAIN has 3 observations and 5 variables.
NOTE: PROCEDURE TRANSPOSE used (Total process time):
      real time           0.03 seconds
      cpu time            0.00 seconds



NOTE: The DESCENDING option applies only to the multinomial distribution
      with ordinal response.
NOTE: Class levels for some variables were not printed due to excessive
      size.
NOTE: Algorithm converged.
NOTE: Algorithm converged.
NOTE: The data set WORK.P_BG_TOP_N has 2 observations and 6 variables.
NOTE: The data set WORK.P_BG_TOP_2_LINEAR has 44 observations and 8
      variables.
WARNING: Output 'ParameterEstimates' was not created.  Make sure that the
         output object name, label, or path is spelled correctly.  Also,
         verify that the appropriate procedure options are used to produce
         the requested output object.  For example, verify that the
         NOPRINT option is not used.
NOTE: PROCEDURE GENMOD used (Total process time):
      real time           0.18 seconds
      cpu time            0.09 seconds



NOTE: There were 44 observations read from the data set
      WORK.P_BG_TOP_2_LINEAR.
NOTE: The data set WORK.P_BG_TOP_2_LINEAR has 1 observations and 4
      variables.
NOTE: DATA statement used (Total process time):
      real time           0.01 seconds
      cpu time            0.03 seconds


ERROR: The variable StdErr in the DROP, KEEP, or RENAME list has never
       been referenced.
ERROR: The variable parameter in the DROP, KEEP, or RENAME list has never
       been referenced.
ERROR: Invalid DROP, KEEP, or RENAME option on file
       WORK.P_BG_TOP_2_LINEAR_NOCLUS.

WARNING: The variable StdErr in the DROP, KEEP, or RENAME list has never
         been referenced.
WARNING: The variable StdErr in the DROP, KEEP, or RENAME list has never
         been referenced.
NOTE: The SAS System stopped processing this step because of errors.
WARNING: The data set WORK.P_BG_TOP_2_LINEAR_NOCLUS may be incomplete.
         When this step was stopped there were 0 observations and 0
         variables.
WARNING: Data set WORK.P_BG_TOP_2_LINEAR_NOCLUS was not replaced because
         this step was stopped.
NOTE: DATA statement used (Total process time):
      real time           0.00 seconds
      cpu time            0.00 seconds





NOTE: The DESCENDING option applies only to the multinomial distribution
      with ordinal response.
NOTE: Class levels for some variables were not printed due to excessive
      size.
NOTE: Algorithm converged.
NOTE: Algorithm converged.
NOTE: The data set WORK.P_BG_TOP_2_LINEAR_ROBUST has 44 observations and 8
      variables.
NOTE: PROCEDURE GENMOD used (Total process time):
      real time           0.30 seconds
      cpu time            0.23 seconds



NOTE: There were 44 observations read from the data set
      WORK.P_BG_TOP_2_LINEAR_ROBUST.
NOTE: The data set WORK.P_BG_TOP_2_LINEAR_ROBUST has 1 observations and 1
      variables.
NOTE: DATA statement used (Total process time):
      real time           0.01 seconds
      cpu time            0.01 seconds



NOTE: There were 1 observations read from the data set
      WORK.P_BG_TOP_2_LINEAR.
NOTE: There were 1 observations read from the data set
      WORK.P_BG_TOP_2_LINEAR_ROBUST.
NOTE: There were 0 observations read from the data set
      WORK.P_BG_TOP_2_LINEAR_NOCLUS.
NOTE: The data set WORK.P_BG_TOP_2_LINEAR has 1 observations and 5
      variables.
NOTE: DATA statement used (Total process time):
      real time           0.02 seconds
      cpu time            0.00 seconds



NOTE: There were 1 observations read from the data set
      WORK.P_BG_TOP_2_LINEAR.
NOTE: The data set WORK.P_BG_TOP_2_LINEAR has 3 observations and 5
      variables.
NOTE: PROCEDURE TRANSPOSE used (Total process time):
      real time           0.03 seconds
      cpu time            0.00 seconds



NOTE: There were 2 observations read from the data set WORK.P_BG_TOP_N.
NOTE: The data set WORK.P_BG_TOP_N has 1 observations and 3 variables.
NOTE: DATA statement used (Total process time):
      real time           0.01 seconds
      cpu time            0.01 seconds



NOTE: The data set WORK.SPACE1 has 1 observations and 1 variables.
NOTE: The data set WORK.SPACE2 has 1 observations and 1 variables.
NOTE: The data set WORK.SPACE3 has 1 observations and 1 variables.
NOTE: DATA statement used (Total process time):
      real time           0.03 seconds
      cpu time            0.01 seconds



NOTE: There were 2 observations read from the data set WORK.MEANS.
NOTE: There were 1 observations read from the data set WORK.SPACE1.
NOTE: There were 3 observations read from the data set
      WORK.P_BG_TOP_1_MAIN.
NOTE: There were 1 observations read from the data set WORK.SPACE2.
NOTE: There were 3 observations read from the data set
      WORK.P_BG_TOP_2_LINEAR.
NOTE: There were 1 observations read from the data set WORK.SPACE3.
NOTE: There were 1 observations read from the data set WORK.P_BG_TOP_N.
NOTE: The data set WORK.C_P_BG_TOP has 12 observations and 4 variables.
NOTE: DATA statement used (Total process time):
      real time           0.01 seconds
      cpu time            0.01 seconds


NOTE: Algorithm converged.
NOTE: Algorithm converged.
NOTE: The data set WORK.MEANS has 1 observations and 7 variables.
NOTE: PROCEDURE GENMOD used (Total process time):
      real time           0.11 seconds
      cpu time            0.06 seconds



NOTE: There were 1 observations read from the data set WORK.MEANS.
NOTE: The data set WORK.MEANS has 1 observations and 3 variables.
NOTE: DATA statement used (Total process time):
      real time           0.01 seconds
      cpu time            0.00 seconds



NOTE: Variable outcome is uninitialized.
NOTE: Variable rowname is uninitialized.
NOTE: Variable _NAME_ is uninitialized.
NOTE: The data set WORK.TRICK has 1 observations and 3 variables.
NOTE: DATA statement used (Total process time):
      real time           0.01 seconds
      cpu time            0.00 seconds



NOTE: There were 1 observations read from the data set WORK.TRICK.
NOTE: There were 1 observations read from the data set WORK.MEANS.
NOTE: The data set WORK.MEANS has 2 observations and 4 variables.
NOTE: DATA statement used (Total process time):
      real time           0.01 seconds
      cpu time            0.01 seconds



NOTE: The DESCENDING option applies only to the multinomial distribution
      with ordinal response.
NOTE: Algorithm converged.
NOTE: Algorithm converged.
NOTE: The data set WORK.P_BG_BOT_N has 2 observations and 6 variables.
NOTE: The data set WORK.P_BG_BOT_1_MAIN has 41 observations and 8
      variables.
WARNING: Output 'ParameterEstimates' was not created.  Make sure that the
         output object name, label, or path is spelled correctly.  Also,
         verify that the appropriate procedure options are used to produce
         the requested output object.  For example, verify that the
         NOPRINT option is not used.
NOTE: PROCEDURE GENMOD used (Total process time):
      real time           0.20 seconds
      cpu time            0.07 seconds



NOTE: There were 41 observations read from the data set
      WORK.P_BG_BOT_1_MAIN.
NOTE: The data set WORK.P_BG_BOT_1_MAIN has 1 observations and 4 variables.
NOTE: DATA statement used (Total process time):
      real time           0.01 seconds
      cpu time            0.00 seconds


ERROR: The variable StdErr in the DROP, KEEP, or RENAME list has never
       been referenced.
ERROR: The variable parameter in the DROP, KEEP, or RENAME list has never
       been referenced.
ERROR: Invalid DROP, KEEP, or RENAME option on file
       WORK.P_BG_BOT_1_MAIN_NOCLUS.

WARNING: The variable StdErr in the DROP, KEEP, or RENAME list has never
         been referenced.
WARNING: The variable StdErr in the DROP, KEEP, or RENAME list has never
         been referenced.
NOTE: The SAS System stopped processing this step because of errors.
WARNING: The data set WORK.P_BG_BOT_1_MAIN_NOCLUS may be incomplete.  When
         this step was stopped there were 0 observations and 0 variables.
WARNING: Data set WORK.P_BG_BOT_1_MAIN_NOCLUS was not replaced because
         this step was stopped.
NOTE: DATA statement used (Total process time):
      real time           0.00 seconds
      cpu time            0.00 seconds





NOTE: The DESCENDING option applies only to the multinomial distribution
      with ordinal response.
NOTE: Class levels for some variables were not printed due to excessive
      size.
NOTE: Algorithm converged.
NOTE: Algorithm converged.
NOTE: The data set WORK.P_BG_BOT_1_MAIN_ROBUST has 41 observations and 8
      variables.
NOTE: PROCEDURE GENMOD used (Total process time):
      real time           0.30 seconds
      cpu time            0.20 seconds



NOTE: There were 41 observations read from the data set
      WORK.P_BG_BOT_1_MAIN_ROBUST.
NOTE: The data set WORK.P_BG_BOT_1_MAIN_ROBUST has 1 observations and 1
      variables.
NOTE: DATA statement used (Total process time):
      real time           0.01 seconds
      cpu time            0.01 seconds



NOTE: There were 1 observations read from the data set
      WORK.P_BG_BOT_1_MAIN.
NOTE: There were 1 observations read from the data set
      WORK.P_BG_BOT_1_MAIN_ROBUST.
NOTE: There were 0 observations read from the data set
      WORK.P_BG_BOT_1_MAIN_NOCLUS.
NOTE: The data set WORK.P_BG_BOT_1_MAIN has 1 observations and 5 variables.
NOTE: DATA statement used (Total process time):
      real time           0.01 seconds
      cpu time            0.00 seconds



NOTE: There were 1 observations read from the data set
      WORK.P_BG_BOT_1_MAIN.
NOTE: The data set WORK.P_BG_BOT_1_MAIN has 3 observations and 5 variables.
NOTE: PROCEDURE TRANSPOSE used (Total process time):
      real time           0.02 seconds
      cpu time            0.01 seconds



NOTE: The DESCENDING option applies only to the multinomial distribution
      with ordinal response.
NOTE: Algorithm converged.
NOTE: Algorithm converged.
NOTE: The data set WORK.P_BG_BOT_N has 2 observations and 6 variables.
NOTE: The data set WORK.P_BG_BOT_2_LINEAR has 38 observations and 8
      variables.
WARNING: Output 'ParameterEstimates' was not created.  Make sure that the
         output object name, label, or path is spelled correctly.  Also,
         verify that the appropriate procedure options are used to produce
         the requested output object.  For example, verify that the
         NOPRINT option is not used.
NOTE: PROCEDURE GENMOD used (Total process time):
      real time           0.17 seconds
      cpu time            0.04 seconds



NOTE: There were 38 observations read from the data set
      WORK.P_BG_BOT_2_LINEAR.
NOTE: The data set WORK.P_BG_BOT_2_LINEAR has 1 observations and 4
      variables.
NOTE: DATA statement used (Total process time):
      real time           0.01 seconds
      cpu time            0.00 seconds


ERROR: The variable StdErr in the DROP, KEEP, or RENAME list has never
       been referenced.
ERROR: The variable parameter in the DROP, KEEP, or RENAME list has never
       been referenced.
ERROR: Invalid DROP, KEEP, or RENAME option on file
       WORK.P_BG_BOT_2_LINEAR_NOCLUS.

WARNING: The variable StdErr in the DROP, KEEP, or RENAME list has never
         been referenced.
WARNING: The variable StdErr in the DROP, KEEP, or RENAME list has never
         been referenced.
NOTE: The SAS System stopped processing this step because of errors.
WARNING: The data set WORK.P_BG_BOT_2_LINEAR_NOCLUS may be incomplete.
         When this step was stopped there were 0 observations and 0
         variables.
WARNING: Data set WORK.P_BG_BOT_2_LINEAR_NOCLUS was not replaced because
         this step was stopped.
NOTE: DATA statement used (Total process time):
      real time           0.00 seconds
      cpu time            0.00 seconds





NOTE: The DESCENDING option applies only to the multinomial distribution
      with ordinal response.
NOTE: Class levels for some variables were not printed due to excessive
      size.
NOTE: Algorithm converged.
NOTE: Algorithm converged.
NOTE: The data set WORK.P_BG_BOT_2_LINEAR_ROBUST has 38 observations and 8
      variables.
NOTE: PROCEDURE GENMOD used (Total process time):
      real time           0.28 seconds
      cpu time            0.17 seconds



NOTE: There were 38 observations read from the data set
      WORK.P_BG_BOT_2_LINEAR_ROBUST.
NOTE: The data set WORK.P_BG_BOT_2_LINEAR_ROBUST has 1 observations and 1
      variables.
NOTE: DATA statement used (Total process time):
      real time           0.01 seconds
      cpu time            0.00 seconds



NOTE: There were 1 observations read from the data set
      WORK.P_BG_BOT_2_LINEAR.
NOTE: There were 1 observations read from the data set
      WORK.P_BG_BOT_2_LINEAR_ROBUST.
NOTE: There were 0 observations read from the data set
      WORK.P_BG_BOT_2_LINEAR_NOCLUS.
NOTE: The data set WORK.P_BG_BOT_2_LINEAR has 1 observations and 5
      variables.
NOTE: DATA statement used (Total process time):
      real time           0.01 seconds
      cpu time            0.00 seconds



NOTE: There were 1 observations read from the data set
      WORK.P_BG_BOT_2_LINEAR.
NOTE: The data set WORK.P_BG_BOT_2_LINEAR has 3 observations and 5
      variables.
NOTE: PROCEDURE TRANSPOSE used (Total process time):
      real time           0.02 seconds
      cpu time            0.01 seconds



NOTE: There were 2 observations read from the data set WORK.P_BG_BOT_N.
NOTE: The data set WORK.P_BG_BOT_N has 1 observations and 3 variables.
NOTE: DATA statement used (Total process time):
      real time           0.01 seconds
      cpu time            0.00 seconds



NOTE: The data set WORK.SPACE1 has 1 observations and 1 variables.
NOTE: The data set WORK.SPACE2 has 1 observations and 1 variables.
NOTE: The data set WORK.SPACE3 has 1 observations and 1 variables.
NOTE: DATA statement used (Total process time):
      real time           0.03 seconds
      cpu time            0.04 seconds



NOTE: There were 2 observations read from the data set WORK.MEANS.
NOTE: There were 1 observations read from the data set WORK.SPACE1.
NOTE: There were 3 observations read from the data set
      WORK.P_BG_BOT_1_MAIN.
NOTE: There were 1 observations read from the data set WORK.SPACE2.
NOTE: There were 3 observations read from the data set
      WORK.P_BG_BOT_2_LINEAR.
NOTE: There were 1 observations read from the data set WORK.SPACE3.
NOTE: There were 1 observations read from the data set WORK.P_BG_BOT_N.
NOTE: The data set WORK.C_P_BG_BOT has 12 observations and 4 variables.
NOTE: DATA statement used (Total process time):
      real time           0.01 seconds
      cpu time            0.00 seconds


NOTE: Algorithm converged.
NOTE: Algorithm converged.
NOTE: The data set WORK.MEANS has 1 observations and 7 variables.
NOTE: PROCEDURE GENMOD used (Total process time):
      real time           0.09 seconds
      cpu time            0.06 seconds



NOTE: There were 1 observations read from the data set WORK.MEANS.
NOTE: The data set WORK.MEANS has 1 observations and 3 variables.
NOTE: DATA statement used (Total process time):
      real time           0.01 seconds
      cpu time            0.00 seconds



NOTE: Variable outcome is uninitialized.
NOTE: Variable rowname is uninitialized.
NOTE: Variable _NAME_ is uninitialized.
NOTE: The data set WORK.TRICK has 1 observations and 3 variables.
NOTE: DATA statement used (Total process time):
      real time           0.01 seconds
      cpu time            0.00 seconds



NOTE: There were 1 observations read from the data set WORK.TRICK.
NOTE: There were 1 observations read from the data set WORK.MEANS.
NOTE: The data set WORK.MEANS has 2 observations and 4 variables.
NOTE: DATA statement used (Total process time):
      real time           0.01 seconds
      cpu time            0.01 seconds



NOTE: The DESCENDING option applies only to the multinomial distribution
      with ordinal response.
NOTE: Algorithm converged.
NOTE: Algorithm converged.
NOTE: The data set WORK.LS_B_TOP_N has 2 observations and 6 variables.
NOTE: The data set WORK.LS_B_TOP_1_MAIN has 41 observations and 8
      variables.
WARNING: Output 'ParameterEstimates' was not created.  Make sure that the
         output object name, label, or path is spelled correctly.  Also,
         verify that the appropriate procedure options are used to produce
         the requested output object.  For example, verify that the
         NOPRINT option is not used.
NOTE: PROCEDURE GENMOD used (Total process time):
      real time           0.13 seconds
      cpu time            0.03 seconds



NOTE: There were 41 observations read from the data set
      WORK.LS_B_TOP_1_MAIN.
NOTE: The data set WORK.LS_B_TOP_1_MAIN has 1 observations and 4 variables.
NOTE: DATA statement used (Total process time):
      real time           0.01 seconds
      cpu time            0.00 seconds


ERROR: The variable StdErr in the DROP, KEEP, or RENAME list has never
       been referenced.
ERROR: The variable parameter in the DROP, KEEP, or RENAME list has never
       been referenced.
ERROR: Invalid DROP, KEEP, or RENAME option on file
       WORK.LS_B_TOP_1_MAIN_NOCLUS.

WARNING: The variable StdErr in the DROP, KEEP, or RENAME list has never
         been referenced.
WARNING: The variable StdErr in the DROP, KEEP, or RENAME list has never
         been referenced.
NOTE: The SAS System stopped processing this step because of errors.
WARNING: The data set WORK.LS_B_TOP_1_MAIN_NOCLUS may be incomplete.  When
         this step was stopped there were 0 observations and 0 variables.
WARNING: Data set WORK.LS_B_TOP_1_MAIN_NOCLUS was not replaced because
         this step was stopped.
NOTE: DATA statement used (Total process time):
      real time           0.00 seconds
      cpu time            0.00 seconds





NOTE: The DESCENDING option applies only to the multinomial distribution
      with ordinal response.
NOTE: Class levels for some variables were not printed due to excessive
      size.
NOTE: Algorithm converged.
NOTE: Algorithm converged.
NOTE: The data set WORK.LS_B_TOP_1_MAIN_ROBUST has 41 observations and 8
      variables.
NOTE: PROCEDURE GENMOD used (Total process time):
      real time           0.19 seconds
      cpu time            0.09 seconds



NOTE: There were 41 observations read from the data set
      WORK.LS_B_TOP_1_MAIN_ROBUST.
NOTE: The data set WORK.LS_B_TOP_1_MAIN_ROBUST has 1 observations and 1
      variables.
NOTE: DATA statement used (Total process time):
      real time           0.01 seconds
      cpu time            0.00 seconds



NOTE: There were 1 observations read from the data set
      WORK.LS_B_TOP_1_MAIN.
NOTE: There were 1 observations read from the data set
      WORK.LS_B_TOP_1_MAIN_ROBUST.
NOTE: There were 0 observations read from the data set
      WORK.LS_B_TOP_1_MAIN_NOCLUS.
NOTE: The data set WORK.LS_B_TOP_1_MAIN has 1 observations and 5 variables.
NOTE: DATA statement used (Total process time):
      real time           0.01 seconds
      cpu time            0.01 seconds



NOTE: There were 1 observations read from the data set
      WORK.LS_B_TOP_1_MAIN.
NOTE: The data set WORK.LS_B_TOP_1_MAIN has 3 observations and 5 variables.
NOTE: PROCEDURE TRANSPOSE used (Total process time):
      real time           0.02 seconds
      cpu time            0.01 seconds



NOTE: The DESCENDING option applies only to the multinomial distribution
      with ordinal response.
NOTE: Algorithm converged.
NOTE: Algorithm converged.
NOTE: The data set WORK.LS_B_TOP_N has 2 observations and 6 variables.
NOTE: The data set WORK.LS_B_TOP_2_LINEAR has 38 observations and 8
      variables.
WARNING: Output 'ParameterEstimates' was not created.  Make sure that the
         output object name, label, or path is spelled correctly.  Also,
         verify that the appropriate procedure options are used to produce
         the requested output object.  For example, verify that the
         NOPRINT option is not used.
NOTE: PROCEDURE GENMOD used (Total process time):
      real time           0.15 seconds
      cpu time            0.06 seconds



NOTE: There were 38 observations read from the data set
      WORK.LS_B_TOP_2_LINEAR.
NOTE: The data set WORK.LS_B_TOP_2_LINEAR has 1 observations and 4
      variables.
NOTE: DATA statement used (Total process time):
      real time           0.01 seconds
      cpu time            0.01 seconds


ERROR: The variable StdErr in the DROP, KEEP, or RENAME list has never
       been referenced.
ERROR: The variable parameter in the DROP, KEEP, or RENAME list has never
       been referenced.
ERROR: Invalid DROP, KEEP, or RENAME option on file
       WORK.LS_B_TOP_2_LINEAR_NOCLUS.

WARNING: The variable StdErr in the DROP, KEEP, or RENAME list has never
         been referenced.
WARNING: The variable StdErr in the DROP, KEEP, or RENAME list has never
         been referenced.
NOTE: The SAS System stopped processing this step because of errors.
WARNING: The data set WORK.LS_B_TOP_2_LINEAR_NOCLUS may be incomplete.
         When this step was stopped there were 0 observations and 0
         variables.
WARNING: Data set WORK.LS_B_TOP_2_LINEAR_NOCLUS was not replaced because
         this step was stopped.
NOTE: DATA statement used (Total process time):
      real time           0.00 seconds
      cpu time            0.00 seconds





NOTE: The DESCENDING option applies only to the multinomial distribution
      with ordinal response.
NOTE: Class levels for some variables were not printed due to excessive
      size.
NOTE: Algorithm converged.
NOTE: Algorithm converged.
NOTE: The data set WORK.LS_B_TOP_2_LINEAR_ROBUST has 38 observations and 8
      variables.
NOTE: PROCEDURE GENMOD used (Total process time):
      real time           0.20 seconds
      cpu time            0.12 seconds



NOTE: There were 38 observations read from the data set
      WORK.LS_B_TOP_2_LINEAR_ROBUST.
NOTE: The data set WORK.LS_B_TOP_2_LINEAR_ROBUST has 1 observations and 1
      variables.
NOTE: DATA statement used (Total process time):
      real time           0.01 seconds
      cpu time            0.00 seconds



NOTE: There were 1 observations read from the data set
      WORK.LS_B_TOP_2_LINEAR.
NOTE: There were 1 observations read from the data set
      WORK.LS_B_TOP_2_LINEAR_ROBUST.
NOTE: There were 0 observations read from the data set
      WORK.LS_B_TOP_2_LINEAR_NOCLUS.
NOTE: The data set WORK.LS_B_TOP_2_LINEAR has 1 observations and 5
      variables.
NOTE: DATA statement used (Total process time):
      real time           0.01 seconds
      cpu time            0.01 seconds



NOTE: There were 1 observations read from the data set
      WORK.LS_B_TOP_2_LINEAR.
NOTE: The data set WORK.LS_B_TOP_2_LINEAR has 3 observations and 5
      variables.
NOTE: PROCEDURE TRANSPOSE used (Total process time):
      real time           0.02 seconds
      cpu time            0.03 seconds



NOTE: There were 2 observations read from the data set WORK.LS_B_TOP_N.
NOTE: The data set WORK.LS_B_TOP_N has 1 observations and 3 variables.
NOTE: DATA statement used (Total process time):
      real time           0.02 seconds
      cpu time            0.01 seconds



NOTE: The data set WORK.SPACE1 has 1 observations and 1 variables.
NOTE: The data set WORK.SPACE2 has 1 observations and 1 variables.
NOTE: The data set WORK.SPACE3 has 1 observations and 1 variables.
NOTE: DATA statement used (Total process time):
      real time           0.03 seconds
      cpu time            0.01 seconds



NOTE: There were 2 observations read from the data set WORK.MEANS.
NOTE: There were 1 observations read from the data set WORK.SPACE1.
NOTE: There were 3 observations read from the data set
      WORK.LS_B_TOP_1_MAIN.
NOTE: There were 1 observations read from the data set WORK.SPACE2.
NOTE: There were 3 observations read from the data set
      WORK.LS_B_TOP_2_LINEAR.
NOTE: There were 1 observations read from the data set WORK.SPACE3.
NOTE: There were 1 observations read from the data set WORK.LS_B_TOP_N.
NOTE: The data set WORK.C_LS_B_TOP has 12 observations and 4 variables.
NOTE: DATA statement used (Total process time):
      real time           0.01 seconds
      cpu time            0.00 seconds


NOTE: Algorithm converged.
NOTE: Algorithm converged.
NOTE: The data set WORK.MEANS has 1 observations and 7 variables.
NOTE: PROCEDURE GENMOD used (Total process time):
      real time           0.07 seconds
      cpu time            0.03 seconds



NOTE: There were 1 observations read from the data set WORK.MEANS.
NOTE: The data set WORK.MEANS has 1 observations and 3 variables.
NOTE: DATA statement used (Total process time):
      real time           0.01 seconds
      cpu time            0.01 seconds



NOTE: Variable outcome is uninitialized.
NOTE: Variable rowname is uninitialized.
NOTE: Variable _NAME_ is uninitialized.
NOTE: The data set WORK.TRICK has 1 observations and 3 variables.
NOTE: DATA statement used (Total process time):
      real time           0.01 seconds
      cpu time            0.00 seconds



NOTE: There were 1 observations read from the data set WORK.TRICK.
NOTE: There were 1 observations read from the data set WORK.MEANS.
NOTE: The data set WORK.MEANS has 2 observations and 4 variables.
NOTE: DATA statement used (Total process time):
      real time           0.01 seconds
      cpu time            0.00 seconds



NOTE: The DESCENDING option applies only to the multinomial distribution
      with ordinal response.
NOTE: Algorithm converged.
NOTE: Algorithm converged.
NOTE: The data set WORK.LS_B_BOT_N has 2 observations and 6 variables.
NOTE: The data set WORK.LS_B_BOT_1_MAIN has 42 observations and 8
      variables.
WARNING: Output 'ParameterEstimates' was not created.  Make sure that the
         output object name, label, or path is spelled correctly.  Also,
         verify that the appropriate procedure options are used to produce
         the requested output object.  For example, verify that the
         NOPRINT option is not used.
NOTE: PROCEDURE GENMOD used (Total process time):
      real time           0.15 seconds
      cpu time            0.04 seconds



NOTE: There were 42 observations read from the data set
      WORK.LS_B_BOT_1_MAIN.
NOTE: The data set WORK.LS_B_BOT_1_MAIN has 1 observations and 4 variables.
NOTE: DATA statement used (Total process time):
      real time           0.01 seconds
      cpu time            0.00 seconds


ERROR: The variable StdErr in the DROP, KEEP, or RENAME list has never
       been referenced.
ERROR: The variable parameter in the DROP, KEEP, or RENAME list has never
       been referenced.
ERROR: Invalid DROP, KEEP, or RENAME option on file
       WORK.LS_B_BOT_1_MAIN_NOCLUS.

WARNING: The variable StdErr in the DROP, KEEP, or RENAME list has never
         been referenced.
WARNING: The variable StdErr in the DROP, KEEP, or RENAME list has never
         been referenced.
NOTE: The SAS System stopped processing this step because of errors.
WARNING: The data set WORK.LS_B_BOT_1_MAIN_NOCLUS may be incomplete.  When
         this step was stopped there were 0 observations and 0 variables.
WARNING: Data set WORK.LS_B_BOT_1_MAIN_NOCLUS was not replaced because
         this step was stopped.
NOTE: DATA statement used (Total process time):
      real time           0.00 seconds
      cpu time            0.00 seconds





NOTE: The DESCENDING option applies only to the multinomial distribution
      with ordinal response.
NOTE: Class levels for some variables were not printed due to excessive
      size.
NOTE: Algorithm converged.
NOTE: Algorithm converged.
NOTE: The data set WORK.LS_B_BOT_1_MAIN_ROBUST has 42 observations and 8
      variables.
NOTE: PROCEDURE GENMOD used (Total process time):
      real time           0.20 seconds
      cpu time            0.09 seconds



NOTE: There were 42 observations read from the data set
      WORK.LS_B_BOT_1_MAIN_ROBUST.
NOTE: The data set WORK.LS_B_BOT_1_MAIN_ROBUST has 1 observations and 1
      variables.
NOTE: DATA statement used (Total process time):
      real time           0.01 seconds
      cpu time            0.00 seconds



NOTE: There were 1 observations read from the data set
      WORK.LS_B_BOT_1_MAIN.
NOTE: There were 1 observations read from the data set
      WORK.LS_B_BOT_1_MAIN_ROBUST.
NOTE: There were 0 observations read from the data set
      WORK.LS_B_BOT_1_MAIN_NOCLUS.
NOTE: The data set WORK.LS_B_BOT_1_MAIN has 1 observations and 5 variables.
NOTE: DATA statement used (Total process time):
      real time           0.02 seconds
      cpu time            0.01 seconds



NOTE: There were 1 observations read from the data set
      WORK.LS_B_BOT_1_MAIN.
NOTE: The data set WORK.LS_B_BOT_1_MAIN has 3 observations and 5 variables.
NOTE: PROCEDURE TRANSPOSE used (Total process time):
      real time           0.02 seconds
      cpu time            0.01 seconds



NOTE: The DESCENDING option applies only to the multinomial distribution
      with ordinal response.
NOTE: Algorithm converged.
NOTE: Algorithm converged.
NOTE: The data set WORK.LS_B_BOT_N has 2 observations and 6 variables.
NOTE: The data set WORK.LS_B_BOT_2_LINEAR has 39 observations and 8
      variables.
WARNING: Output 'ParameterEstimates' was not created.  Make sure that the
         output object name, label, or path is spelled correctly.  Also,
         verify that the appropriate procedure options are used to produce
         the requested output object.  For example, verify that the
         NOPRINT option is not used.
NOTE: PROCEDURE GENMOD used (Total process time):
      real time           0.14 seconds
      cpu time            0.04 seconds



NOTE: There were 39 observations read from the data set
      WORK.LS_B_BOT_2_LINEAR.
NOTE: The data set WORK.LS_B_BOT_2_LINEAR has 1 observations and 4
      variables.
NOTE: DATA statement used (Total process time):
      real time           0.01 seconds
      cpu time            0.00 seconds


ERROR: The variable StdErr in the DROP, KEEP, or RENAME list has never
       been referenced.
ERROR: The variable parameter in the DROP, KEEP, or RENAME list has never
       been referenced.
ERROR: Invalid DROP, KEEP, or RENAME option on file
       WORK.LS_B_BOT_2_LINEAR_NOCLUS.

WARNING: The variable StdErr in the DROP, KEEP, or RENAME list has never
         been referenced.
WARNING: The variable StdErr in the DROP, KEEP, or RENAME list has never
         been referenced.
NOTE: The SAS System stopped processing this step because of errors.
WARNING: The data set WORK.LS_B_BOT_2_LINEAR_NOCLUS may be incomplete.
         When this step was stopped there were 0 observations and 0
         variables.
WARNING: Data set WORK.LS_B_BOT_2_LINEAR_NOCLUS was not replaced because
         this step was stopped.
NOTE: DATA statement used (Total process time):
      real time           0.00 seconds
      cpu time            0.00 seconds





NOTE: The DESCENDING option applies only to the multinomial distribution
      with ordinal response.
NOTE: Class levels for some variables were not printed due to excessive
      size.
NOTE: Algorithm converged.
NOTE: Algorithm converged.
NOTE: The data set WORK.LS_B_BOT_2_LINEAR_ROBUST has 39 observations and 8
      variables.
NOTE: PROCEDURE GENMOD used (Total process time):
      real time           0.19 seconds
      cpu time            0.14 seconds



NOTE: There were 39 observations read from the data set
      WORK.LS_B_BOT_2_LINEAR_ROBUST.
NOTE: The data set WORK.LS_B_BOT_2_LINEAR_ROBUST has 1 observations and 1
      variables.
NOTE: DATA statement used (Total process time):
      real time           0.01 seconds
      cpu time            0.00 seconds



NOTE: There were 1 observations read from the data set
      WORK.LS_B_BOT_2_LINEAR.
NOTE: There were 1 observations read from the data set
      WORK.LS_B_BOT_2_LINEAR_ROBUST.
NOTE: There were 0 observations read from the data set
      WORK.LS_B_BOT_2_LINEAR_NOCLUS.
NOTE: The data set WORK.LS_B_BOT_2_LINEAR has 1 observations and 5
      variables.
NOTE: DATA statement used (Total process time):
      real time           0.01 seconds
      cpu time            0.01 seconds



NOTE: There were 1 observations read from the data set
      WORK.LS_B_BOT_2_LINEAR.
NOTE: The data set WORK.LS_B_BOT_2_LINEAR has 3 observations and 5
      variables.
NOTE: PROCEDURE TRANSPOSE used (Total process time):
      real time           0.03 seconds
      cpu time            0.01 seconds



NOTE: There were 2 observations read from the data set WORK.LS_B_BOT_N.
NOTE: The data set WORK.LS_B_BOT_N has 1 observations and 3 variables.
NOTE: DATA statement used (Total process time):
      real time           0.01 seconds
      cpu time            0.01 seconds



NOTE: The data set WORK.SPACE1 has 1 observations and 1 variables.
NOTE: The data set WORK.SPACE2 has 1 observations and 1 variables.
NOTE: The data set WORK.SPACE3 has 1 observations and 1 variables.
NOTE: DATA statement used (Total process time):
      real time           0.03 seconds
      cpu time            0.00 seconds



NOTE: There were 2 observations read from the data set WORK.MEANS.
NOTE: There were 1 observations read from the data set WORK.SPACE1.
NOTE: There were 3 observations read from the data set
      WORK.LS_B_BOT_1_MAIN.
NOTE: There were 1 observations read from the data set WORK.SPACE2.
NOTE: There were 3 observations read from the data set
      WORK.LS_B_BOT_2_LINEAR.
NOTE: There were 1 observations read from the data set WORK.SPACE3.
NOTE: There were 1 observations read from the data set WORK.LS_B_BOT_N.
NOTE: The data set WORK.C_LS_B_BOT has 12 observations and 4 variables.
NOTE: DATA statement used (Total process time):
      real time           0.01 seconds
      cpu time            0.01 seconds


NOTE: Algorithm converged.
NOTE: Algorithm converged.
NOTE: The data set WORK.MEANS has 1 observations and 7 variables.
NOTE: PROCEDURE GENMOD used (Total process time):
      real time           0.11 seconds
      cpu time            0.03 seconds



NOTE: There were 1 observations read from the data set WORK.MEANS.
NOTE: The data set WORK.MEANS has 1 observations and 3 variables.
NOTE: DATA statement used (Total process time):
      real time           0.02 seconds
      cpu time            0.01 seconds



NOTE: Variable outcome is uninitialized.
NOTE: Variable rowname is uninitialized.
NOTE: Variable _NAME_ is uninitialized.
NOTE: The data set WORK.TRICK has 1 observations and 3 variables.
NOTE: DATA statement used (Total process time):
      real time           0.02 seconds
      cpu time            0.01 seconds



NOTE: There were 1 observations read from the data set WORK.TRICK.
NOTE: There were 1 observations read from the data set WORK.MEANS.
NOTE: The data set WORK.MEANS has 2 observations and 4 variables.
NOTE: DATA statement used (Total process time):
      real time           0.01 seconds
      cpu time            0.00 seconds



NOTE: The DESCENDING option applies only to the multinomial distribution
      with ordinal response.
NOTE: Algorithm converged.
NOTE: Algorithm converged.
NOTE: The data set WORK.P_B_TOP_N has 2 observations and 6 variables.
NOTE: The data set WORK.P_B_TOP_1_MAIN has 41 observations and 8 variables.
WARNING: Output 'ParameterEstimates' was not created.  Make sure that the
         output object name, label, or path is spelled correctly.  Also,
         verify that the appropriate procedure options are used to produce
         the requested output object.  For example, verify that the
         NOPRINT option is not used.
NOTE: PROCEDURE GENMOD used (Total process time):
      real time           0.18 seconds
      cpu time            0.04 seconds



NOTE: There were 41 observations read from the data set
      WORK.P_B_TOP_1_MAIN.
NOTE: The data set WORK.P_B_TOP_1_MAIN has 1 observations and 4 variables.
NOTE: DATA statement used (Total process time):
      real time           0.04 seconds
      cpu time            0.03 seconds


ERROR: The variable StdErr in the DROP, KEEP, or RENAME list has never
       been referenced.
ERROR: The variable parameter in the DROP, KEEP, or RENAME list has never
       been referenced.
ERROR: Invalid DROP, KEEP, or RENAME option on file
       WORK.P_B_TOP_1_MAIN_NOCLUS.

WARNING: The variable StdErr in the DROP, KEEP, or RENAME list has never
         been referenced.
WARNING: The variable StdErr in the DROP, KEEP, or RENAME list has never
         been referenced.
NOTE: The SAS System stopped processing this step because of errors.
WARNING: The data set WORK.P_B_TOP_1_MAIN_NOCLUS may be incomplete.  When
         this step was stopped there were 0 observations and 0 variables.
WARNING: Data set WORK.P_B_TOP_1_MAIN_NOCLUS was not replaced because this
         step was stopped.
NOTE: DATA statement used (Total process time):
      real time           0.00 seconds
      cpu time            0.01 seconds





NOTE: The DESCENDING option applies only to the multinomial distribution
      with ordinal response.
NOTE: Class levels for some variables were not printed due to excessive
      size.
NOTE: Algorithm converged.
NOTE: Algorithm converged.
NOTE: The data set WORK.P_B_TOP_1_MAIN_ROBUST has 41 observations and 8
      variables.
NOTE: PROCEDURE GENMOD used (Total process time):
      real time           0.23 seconds
      cpu time            0.10 seconds



NOTE: There were 41 observations read from the data set
      WORK.P_B_TOP_1_MAIN_ROBUST.
NOTE: The data set WORK.P_B_TOP_1_MAIN_ROBUST has 1 observations and 1
      variables.
NOTE: DATA statement used (Total process time):
      real time           0.01 seconds
      cpu time            0.00 seconds



NOTE: There were 1 observations read from the data set WORK.P_B_TOP_1_MAIN.
NOTE: There were 1 observations read from the data set
      WORK.P_B_TOP_1_MAIN_ROBUST.
NOTE: There were 0 observations read from the data set
      WORK.P_B_TOP_1_MAIN_NOCLUS.
NOTE: The data set WORK.P_B_TOP_1_MAIN has 1 observations and 5 variables.
NOTE: DATA statement used (Total process time):
      real time           0.01 seconds
      cpu time            0.01 seconds



NOTE: There were 1 observations read from the data set WORK.P_B_TOP_1_MAIN.
NOTE: The data set WORK.P_B_TOP_1_MAIN has 3 observations and 5 variables.
NOTE: PROCEDURE TRANSPOSE used (Total process time):
      real time           0.03 seconds
      cpu time            0.00 seconds



NOTE: The DESCENDING option applies only to the multinomial distribution
      with ordinal response.
NOTE: Algorithm converged.
NOTE: Algorithm converged.
NOTE: The data set WORK.P_B_TOP_N has 2 observations and 6 variables.
NOTE: The data set WORK.P_B_TOP_2_LINEAR has 38 observations and 8
      variables.
WARNING: Output 'ParameterEstimates' was not created.  Make sure that the
         output object name, label, or path is spelled correctly.  Also,
         verify that the appropriate procedure options are used to produce
         the requested output object.  For example, verify that the
         NOPRINT option is not used.
NOTE: PROCEDURE GENMOD used (Total process time):
      real time           0.12 seconds
      cpu time            0.04 seconds



NOTE: There were 38 observations read from the data set
      WORK.P_B_TOP_2_LINEAR.
NOTE: The data set WORK.P_B_TOP_2_LINEAR has 1 observations and 4
      variables.
NOTE: DATA statement used (Total process time):
      real time           0.02 seconds
      cpu time            0.01 seconds


ERROR: The variable StdErr in the DROP, KEEP, or RENAME list has never
       been referenced.
ERROR: The variable parameter in the DROP, KEEP, or RENAME list has never
       been referenced.
ERROR: Invalid DROP, KEEP, or RENAME option on file
       WORK.P_B_TOP_2_LINEAR_NOCLUS.

WARNING: The variable StdErr in the DROP, KEEP, or RENAME list has never
         been referenced.
WARNING: The variable StdErr in the DROP, KEEP, or RENAME list has never
         been referenced.
NOTE: The SAS System stopped processing this step because of errors.
WARNING: The data set WORK.P_B_TOP_2_LINEAR_NOCLUS may be incomplete.
         When this step was stopped there were 0 observations and 0
         variables.
WARNING: Data set WORK.P_B_TOP_2_LINEAR_NOCLUS was not replaced because
         this step was stopped.
NOTE: DATA statement used (Total process time):
      real time           0.00 seconds
      cpu time            0.01 seconds





NOTE: The DESCENDING option applies only to the multinomial distribution
      with ordinal response.
NOTE: Class levels for some variables were not printed due to excessive
      size.
NOTE: Algorithm converged.
NOTE: Algorithm converged.
NOTE: The data set WORK.P_B_TOP_2_LINEAR_ROBUST has 38 observations and 8
      variables.
NOTE: PROCEDURE GENMOD used (Total process time):
      real time           0.19 seconds
      cpu time            0.11 seconds



NOTE: There were 38 observations read from the data set
      WORK.P_B_TOP_2_LINEAR_ROBUST.
NOTE: The data set WORK.P_B_TOP_2_LINEAR_ROBUST has 1 observations and 1
      variables.
NOTE: DATA statement used (Total process time):
      real time           0.01 seconds
      cpu time            0.01 seconds



NOTE: There were 1 observations read from the data set
      WORK.P_B_TOP_2_LINEAR.
NOTE: There were 1 observations read from the data set
      WORK.P_B_TOP_2_LINEAR_ROBUST.
NOTE: There were 0 observations read from the data set
      WORK.P_B_TOP_2_LINEAR_NOCLUS.
NOTE: The data set WORK.P_B_TOP_2_LINEAR has 1 observations and 5
      variables.
NOTE: DATA statement used (Total process time):
      real time           0.02 seconds
      cpu time            0.00 seconds



NOTE: There were 1 observations read from the data set
      WORK.P_B_TOP_2_LINEAR.
NOTE: The data set WORK.P_B_TOP_2_LINEAR has 3 observations and 5
      variables.
NOTE: PROCEDURE TRANSPOSE used (Total process time):
      real time           0.02 seconds
      cpu time            0.00 seconds



NOTE: There were 2 observations read from the data set WORK.P_B_TOP_N.
NOTE: The data set WORK.P_B_TOP_N has 1 observations and 3 variables.
NOTE: DATA statement used (Total process time):
      real time           0.01 seconds
      cpu time            0.01 seconds



NOTE: The data set WORK.SPACE1 has 1 observations and 1 variables.
NOTE: The data set WORK.SPACE2 has 1 observations and 1 variables.
NOTE: The data set WORK.SPACE3 has 1 observations and 1 variables.
NOTE: DATA statement used (Total process time):
      real time           0.03 seconds
      cpu time            0.01 seconds



NOTE: There were 2 observations read from the data set WORK.MEANS.
NOTE: There were 1 observations read from the data set WORK.SPACE1.
NOTE: There were 3 observations read from the data set WORK.P_B_TOP_1_MAIN.
NOTE: There were 1 observations read from the data set WORK.SPACE2.
NOTE: There were 3 observations read from the data set
      WORK.P_B_TOP_2_LINEAR.
NOTE: There were 1 observations read from the data set WORK.SPACE3.
NOTE: There were 1 observations read from the data set WORK.P_B_TOP_N.
NOTE: The data set WORK.C_P_B_TOP has 12 observations and 4 variables.
NOTE: DATA statement used (Total process time):
      real time           0.03 seconds
      cpu time            0.03 seconds


NOTE: Algorithm converged.
NOTE: Algorithm converged.
NOTE: The data set WORK.MEANS has 1 observations and 7 variables.
NOTE: PROCEDURE GENMOD used (Total process time):
      real time           0.09 seconds
      cpu time            0.03 seconds



NOTE: There were 1 observations read from the data set WORK.MEANS.
NOTE: The data set WORK.MEANS has 1 observations and 3 variables.
NOTE: DATA statement used (Total process time):
      real time           0.01 seconds
      cpu time            0.00 seconds



NOTE: Variable outcome is uninitialized.
NOTE: Variable rowname is uninitialized.
NOTE: Variable _NAME_ is uninitialized.
NOTE: The data set WORK.TRICK has 1 observations and 3 variables.
NOTE: DATA statement used (Total process time):
      real time           0.01 seconds
      cpu time            0.00 seconds



NOTE: There were 1 observations read from the data set WORK.TRICK.
NOTE: There were 1 observations read from the data set WORK.MEANS.
NOTE: The data set WORK.MEANS has 2 observations and 4 variables.
NOTE: DATA statement used (Total process time):
      real time           0.01 seconds
      cpu time            0.00 seconds



NOTE: The DESCENDING option applies only to the multinomial distribution
      with ordinal response.
NOTE: Algorithm converged.
NOTE: Algorithm converged.
NOTE: The data set WORK.P_B_BOT_N has 2 observations and 6 variables.
NOTE: The data set WORK.P_B_BOT_1_MAIN has 41 observations and 8 variables.
WARNING: Output 'ParameterEstimates' was not created.  Make sure that the
         output object name, label, or path is spelled correctly.  Also,
         verify that the appropriate procedure options are used to produce
         the requested output object.  For example, verify that the
         NOPRINT option is not used.
NOTE: PROCEDURE GENMOD used (Total process time):
      real time           0.14 seconds
      cpu time            0.09 seconds



NOTE: There were 41 observations read from the data set
      WORK.P_B_BOT_1_MAIN.
NOTE: The data set WORK.P_B_BOT_1_MAIN has 1 observations and 4 variables.
NOTE: DATA statement used (Total process time):
      real time           0.01 seconds
      cpu time            0.01 seconds


ERROR: The variable StdErr in the DROP, KEEP, or RENAME list has never
       been referenced.
ERROR: The variable parameter in the DROP, KEEP, or RENAME list has never
       been referenced.
ERROR: Invalid DROP, KEEP, or RENAME option on file
       WORK.P_B_BOT_1_MAIN_NOCLUS.

WARNING: The variable StdErr in the DROP, KEEP, or RENAME list has never
         been referenced.
WARNING: The variable StdErr in the DROP, KEEP, or RENAME list has never
         been referenced.
NOTE: The SAS System stopped processing this step because of errors.
WARNING: The data set WORK.P_B_BOT_1_MAIN_NOCLUS may be incomplete.  When
         this step was stopped there were 0 observations and 0 variables.
WARNING: Data set WORK.P_B_BOT_1_MAIN_NOCLUS was not replaced because this
         step was stopped.
NOTE: DATA statement used (Total process time):
      real time           0.00 seconds
      cpu time            0.00 seconds





NOTE: The DESCENDING option applies only to the multinomial distribution
      with ordinal response.
NOTE: Class levels for some variables were not printed due to excessive
      size.
NOTE: Algorithm converged.
NOTE: Algorithm converged.
NOTE: The data set WORK.P_B_BOT_1_MAIN_ROBUST has 41 observations and 8
      variables.
NOTE: PROCEDURE GENMOD used (Total process time):
      real time           0.18 seconds
      cpu time            0.14 seconds



NOTE: There were 41 observations read from the data set
      WORK.P_B_BOT_1_MAIN_ROBUST.
NOTE: The data set WORK.P_B_BOT_1_MAIN_ROBUST has 1 observations and 1
      variables.
NOTE: DATA statement used (Total process time):
      real time           0.01 seconds
      cpu time            0.01 seconds



NOTE: There were 1 observations read from the data set WORK.P_B_BOT_1_MAIN.
NOTE: There were 1 observations read from the data set
      WORK.P_B_BOT_1_MAIN_ROBUST.
NOTE: There were 0 observations read from the data set
      WORK.P_B_BOT_1_MAIN_NOCLUS.
NOTE: The data set WORK.P_B_BOT_1_MAIN has 1 observations and 5 variables.
NOTE: DATA statement used (Total process time):
      real time           0.02 seconds
      cpu time            0.00 seconds



NOTE: There were 1 observations read from the data set WORK.P_B_BOT_1_MAIN.
NOTE: The data set WORK.P_B_BOT_1_MAIN has 3 observations and 5 variables.
NOTE: PROCEDURE TRANSPOSE used (Total process time):
      real time           0.03 seconds
      cpu time            0.00 seconds



NOTE: The DESCENDING option applies only to the multinomial distribution
      with ordinal response.
NOTE: Algorithm converged.
NOTE: Algorithm converged.
NOTE: The data set WORK.P_B_BOT_N has 2 observations and 6 variables.
NOTE: The data set WORK.P_B_BOT_2_LINEAR has 38 observations and 8
      variables.
WARNING: Output 'ParameterEstimates' was not created.  Make sure that the
         output object name, label, or path is spelled correctly.  Also,
         verify that the appropriate procedure options are used to produce
         the requested output object.  For example, verify that the
         NOPRINT option is not used.
NOTE: PROCEDURE GENMOD used (Total process time):
      real time           0.18 seconds
      cpu time            0.06 seconds



NOTE: There were 38 observations read from the data set
      WORK.P_B_BOT_2_LINEAR.
NOTE: The data set WORK.P_B_BOT_2_LINEAR has 1 observations and 4
      variables.
NOTE: DATA statement used (Total process time):
      real time           0.01 seconds
      cpu time            0.00 seconds


ERROR: The variable StdErr in the DROP, KEEP, or RENAME list has never
       been referenced.
ERROR: The variable parameter in the DROP, KEEP, or RENAME list has never
       been referenced.
ERROR: Invalid DROP, KEEP, or RENAME option on file
       WORK.P_B_BOT_2_LINEAR_NOCLUS.

WARNING: The variable StdErr in the DROP, KEEP, or RENAME list has never
         been referenced.
WARNING: The variable StdErr in the DROP, KEEP, or RENAME list has never
         been referenced.
NOTE: The SAS System stopped processing this step because of errors.
WARNING: The data set WORK.P_B_BOT_2_LINEAR_NOCLUS may be incomplete.
         When this step was stopped there were 0 observations and 0
         variables.
WARNING: Data set WORK.P_B_BOT_2_LINEAR_NOCLUS was not replaced because
         this step was stopped.
NOTE: DATA statement used (Total process time):
      real time           0.00 seconds
      cpu time            0.00 seconds





NOTE: The DESCENDING option applies only to the multinomial distribution
      with ordinal response.
NOTE: Class levels for some variables were not printed due to excessive
      size.
NOTE: Algorithm converged.
NOTE: Algorithm converged.
NOTE: The data set WORK.P_B_BOT_2_LINEAR_ROBUST has 38 observations and 8
      variables.
NOTE: PROCEDURE GENMOD used (Total process time):
      real time           0.23 seconds
      cpu time            0.11 seconds



NOTE: There were 38 observations read from the data set
      WORK.P_B_BOT_2_LINEAR_ROBUST.
NOTE: The data set WORK.P_B_BOT_2_LINEAR_ROBUST has 1 observations and 1
      variables.
NOTE: DATA statement used (Total process time):
      real time           0.02 seconds
      cpu time            0.01 seconds



NOTE: There were 1 observations read from the data set
      WORK.P_B_BOT_2_LINEAR.
NOTE: There were 1 observations read from the data set
      WORK.P_B_BOT_2_LINEAR_ROBUST.
NOTE: There were 0 observations read from the data set
      WORK.P_B_BOT_2_LINEAR_NOCLUS.
NOTE: The data set WORK.P_B_BOT_2_LINEAR has 1 observations and 5
      variables.
NOTE: DATA statement used (Total process time):
      real time           0.02 seconds
      cpu time            0.00 seconds



NOTE: There were 1 observations read from the data set
      WORK.P_B_BOT_2_LINEAR.
NOTE: The data set WORK.P_B_BOT_2_LINEAR has 3 observations and 5
      variables.
NOTE: PROCEDURE TRANSPOSE used (Total process time):
      real time           0.04 seconds
      cpu time            0.00 seconds



NOTE: There were 2 observations read from the data set WORK.P_B_BOT_N.
NOTE: The data set WORK.P_B_BOT_N has 1 observations and 3 variables.
NOTE: DATA statement used (Total process time):
      real time           0.01 seconds
      cpu time            0.01 seconds



NOTE: The data set WORK.SPACE1 has 1 observations and 1 variables.
NOTE: The data set WORK.SPACE2 has 1 observations and 1 variables.
NOTE: The data set WORK.SPACE3 has 1 observations and 1 variables.
NOTE: DATA statement used (Total process time):
      real time           0.03 seconds
      cpu time            0.00 seconds



NOTE: There were 2 observations read from the data set WORK.MEANS.
NOTE: There were 1 observations read from the data set WORK.SPACE1.
NOTE: There were 3 observations read from the data set WORK.P_B_BOT_1_MAIN.
NOTE: There were 1 observations read from the data set WORK.SPACE2.
NOTE: There were 3 observations read from the data set
      WORK.P_B_BOT_2_LINEAR.
NOTE: There were 1 observations read from the data set WORK.SPACE3.
NOTE: There were 1 observations read from the data set WORK.P_B_BOT_N.
NOTE: The data set WORK.C_P_B_BOT has 12 observations and 4 variables.
NOTE: DATA statement used (Total process time):
      real time           0.02 seconds
      cpu time            0.01 seconds


NOTE: Algorithm converged.
NOTE: Algorithm converged.
NOTE: The data set WORK.MEANS has 1 observations and 7 variables.
NOTE: PROCEDURE GENMOD used (Total process time):
      real time           0.16 seconds
      cpu time            0.06 seconds



NOTE: There were 1 observations read from the data set WORK.MEANS.
NOTE: The data set WORK.MEANS has 1 observations and 3 variables.
NOTE: DATA statement used (Total process time):
      real time           0.01 seconds
      cpu time            0.00 seconds



NOTE: Variable outcome is uninitialized.
NOTE: Variable rowname is uninitialized.
NOTE: Variable _NAME_ is uninitialized.
NOTE: The data set WORK.TRICK has 1 observations and 3 variables.
NOTE: DATA statement used (Total process time):
      real time           0.01 seconds
      cpu time            0.00 seconds



NOTE: There were 1 observations read from the data set WORK.TRICK.
NOTE: There were 1 observations read from the data set WORK.MEANS.
NOTE: The data set WORK.MEANS has 2 observations and 4 variables.
NOTE: DATA statement used (Total process time):
      real time           0.01 seconds
      cpu time            0.00 seconds



NOTE: The DESCENDING option applies only to the multinomial distribution
      with ordinal response.
NOTE: Algorithm converged.
NOTE: Algorithm converged.
NOTE: The data set WORK.LS_G_TOP_N has 2 observations and 6 variables.
NOTE: The data set WORK.LS_G_TOP_1_MAIN has 41 observations and 8
      variables.
WARNING: Output 'ParameterEstimates' was not created.  Make sure that the
         output object name, label, or path is spelled correctly.  Also,
         verify that the appropriate procedure options are used to produce
         the requested output object.  For example, verify that the
         NOPRINT option is not used.
NOTE: PROCEDURE GENMOD used (Total process time):
      real time           0.18 seconds
      cpu time            0.06 seconds



NOTE: There were 41 observations read from the data set
      WORK.LS_G_TOP_1_MAIN.
NOTE: The data set WORK.LS_G_TOP_1_MAIN has 1 observations and 4 variables.
NOTE: DATA statement used (Total process time):
      real time           0.02 seconds
      cpu time            0.01 seconds


ERROR: The variable StdErr in the DROP, KEEP, or RENAME list has never
       been referenced.
ERROR: The variable parameter in the DROP, KEEP, or RENAME list has never
       been referenced.
ERROR: Invalid DROP, KEEP, or RENAME option on file
       WORK.LS_G_TOP_1_MAIN_NOCLUS.

WARNING: The variable StdErr in the DROP, KEEP, or RENAME list has never
         been referenced.
WARNING: The variable StdErr in the DROP, KEEP, or RENAME list has never
         been referenced.
NOTE: The SAS System stopped processing this step because of errors.
WARNING: The data set WORK.LS_G_TOP_1_MAIN_NOCLUS may be incomplete.  When
         this step was stopped there were 0 observations and 0 variables.
WARNING: Data set WORK.LS_G_TOP_1_MAIN_NOCLUS was not replaced because
         this step was stopped.
NOTE: DATA statement used (Total process time):
      real time           0.00 seconds
      cpu time            0.00 seconds





NOTE: The DESCENDING option applies only to the multinomial distribution
      with ordinal response.
NOTE: Class levels for some variables were not printed due to excessive
      size.
NOTE: Algorithm converged.
NOTE: Algorithm converged.
NOTE: The data set WORK.LS_G_TOP_1_MAIN_ROBUST has 41 observations and 8
      variables.
NOTE: PROCEDURE GENMOD used (Total process time):
      real time           0.18 seconds
      cpu time            0.10 seconds



NOTE: There were 41 observations read from the data set
      WORK.LS_G_TOP_1_MAIN_ROBUST.
NOTE: The data set WORK.LS_G_TOP_1_MAIN_ROBUST has 1 observations and 1
      variables.
NOTE: DATA statement used (Total process time):
      real time           0.01 seconds
      cpu time            0.00 seconds



NOTE: There were 1 observations read from the data set
      WORK.LS_G_TOP_1_MAIN.
NOTE: There were 1 observations read from the data set
      WORK.LS_G_TOP_1_MAIN_ROBUST.
NOTE: There were 0 observations read from the data set
      WORK.LS_G_TOP_1_MAIN_NOCLUS.
NOTE: The data set WORK.LS_G_TOP_1_MAIN has 1 observations and 5 variables.
NOTE: DATA statement used (Total process time):
      real time           0.01 seconds
      cpu time            0.01 seconds



NOTE: There were 1 observations read from the data set
      WORK.LS_G_TOP_1_MAIN.
NOTE: The data set WORK.LS_G_TOP_1_MAIN has 3 observations and 5 variables.
NOTE: PROCEDURE TRANSPOSE used (Total process time):
      real time           0.02 seconds
      cpu time            0.01 seconds



NOTE: The DESCENDING option applies only to the multinomial distribution
      with ordinal response.
NOTE: Algorithm converged.
NOTE: Algorithm converged.
NOTE: The data set WORK.LS_G_TOP_N has 2 observations and 6 variables.
NOTE: The data set WORK.LS_G_TOP_2_LINEAR has 38 observations and 8
      variables.
WARNING: Output 'ParameterEstimates' was not created.  Make sure that the
         output object name, label, or path is spelled correctly.  Also,
         verify that the appropriate procedure options are used to produce
         the requested output object.  For example, verify that the
         NOPRINT option is not used.
NOTE: PROCEDURE GENMOD used (Total process time):
      real time           0.13 seconds
      cpu time            0.06 seconds



NOTE: There were 38 observations read from the data set
      WORK.LS_G_TOP_2_LINEAR.
NOTE: The data set WORK.LS_G_TOP_2_LINEAR has 1 observations and 4
      variables.
NOTE: DATA statement used (Total process time):
      real time           0.01 seconds
      cpu time            0.00 seconds


ERROR: The variable StdErr in the DROP, KEEP, or RENAME list has never
       been referenced.
ERROR: The variable parameter in the DROP, KEEP, or RENAME list has never
       been referenced.
ERROR: Invalid DROP, KEEP, or RENAME option on file
       WORK.LS_G_TOP_2_LINEAR_NOCLUS.

WARNING: The variable StdErr in the DROP, KEEP, or RENAME list has never
         been referenced.
WARNING: The variable StdErr in the DROP, KEEP, or RENAME list has never
         been referenced.
NOTE: The SAS System stopped processing this step because of errors.
WARNING: The data set WORK.LS_G_TOP_2_LINEAR_NOCLUS may be incomplete.
         When this step was stopped there were 0 observations and 0
         variables.
WARNING: Data set WORK.LS_G_TOP_2_LINEAR_NOCLUS was not replaced because
         this step was stopped.
NOTE: DATA statement used (Total process time):
      real time           0.01 seconds
      cpu time            0.00 seconds





NOTE: The DESCENDING option applies only to the multinomial distribution
      with ordinal response.
NOTE: Class levels for some variables were not printed due to excessive
      size.
NOTE: Algorithm converged.
NOTE: Algorithm converged.
NOTE: The data set WORK.LS_G_TOP_2_LINEAR_ROBUST has 38 observations and 8
      variables.
NOTE: PROCEDURE GENMOD used (Total process time):
      real time           0.18 seconds
      cpu time            0.09 seconds



NOTE: There were 38 observations read from the data set
      WORK.LS_G_TOP_2_LINEAR_ROBUST.
NOTE: The data set WORK.LS_G_TOP_2_LINEAR_ROBUST has 1 observations and 1
      variables.
NOTE: DATA statement used (Total process time):
      real time           0.01 seconds
      cpu time            0.00 seconds



NOTE: There were 1 observations read from the data set
      WORK.LS_G_TOP_2_LINEAR.
NOTE: There were 1 observations read from the data set
      WORK.LS_G_TOP_2_LINEAR_ROBUST.
NOTE: There were 0 observations read from the data set
      WORK.LS_G_TOP_2_LINEAR_NOCLUS.
NOTE: The data set WORK.LS_G_TOP_2_LINEAR has 1 observations and 5
      variables.
NOTE: DATA statement used (Total process time):
      real time           0.01 seconds
      cpu time            0.00 seconds



NOTE: There were 1 observations read from the data set
      WORK.LS_G_TOP_2_LINEAR.
NOTE: The data set WORK.LS_G_TOP_2_LINEAR has 3 observations and 5
      variables.
NOTE: PROCEDURE TRANSPOSE used (Total process time):
      real time           0.02 seconds
      cpu time            0.01 seconds



NOTE: There were 2 observations read from the data set WORK.LS_G_TOP_N.
NOTE: The data set WORK.LS_G_TOP_N has 1 observations and 3 variables.
NOTE: DATA statement used (Total process time):
      real time           0.01 seconds
      cpu time            0.01 seconds



NOTE: The data set WORK.SPACE1 has 1 observations and 1 variables.
NOTE: The data set WORK.SPACE2 has 1 observations and 1 variables.
NOTE: The data set WORK.SPACE3 has 1 observations and 1 variables.
NOTE: DATA statement used (Total process time):
      real time           0.03 seconds
      cpu time            0.01 seconds



NOTE: There were 2 observations read from the data set WORK.MEANS.
NOTE: There were 1 observations read from the data set WORK.SPACE1.
NOTE: There were 3 observations read from the data set
      WORK.LS_G_TOP_1_MAIN.
NOTE: There were 1 observations read from the data set WORK.SPACE2.
NOTE: There were 3 observations read from the data set
      WORK.LS_G_TOP_2_LINEAR.
NOTE: There were 1 observations read from the data set WORK.SPACE3.
NOTE: There were 1 observations read from the data set WORK.LS_G_TOP_N.
NOTE: The data set WORK.C_LS_G_TOP has 12 observations and 4 variables.
NOTE: DATA statement used (Total process time):
      real time           0.01 seconds
      cpu time            0.00 seconds


NOTE: Algorithm converged.
NOTE: Algorithm converged.
NOTE: The data set WORK.MEANS has 1 observations and 7 variables.
NOTE: PROCEDURE GENMOD used (Total process time):
      real time           0.09 seconds
      cpu time            0.06 seconds



NOTE: There were 1 observations read from the data set WORK.MEANS.
NOTE: The data set WORK.MEANS has 1 observations and 3 variables.
NOTE: DATA statement used (Total process time):
      real time           0.01 seconds
      cpu time            0.01 seconds



NOTE: Variable outcome is uninitialized.
NOTE: Variable rowname is uninitialized.
NOTE: Variable _NAME_ is uninitialized.
NOTE: The data set WORK.TRICK has 1 observations and 3 variables.
NOTE: DATA statement used (Total process time):
      real time           0.01 seconds
      cpu time            0.00 seconds



NOTE: There were 1 observations read from the data set WORK.TRICK.
NOTE: There were 1 observations read from the data set WORK.MEANS.
NOTE: The data set WORK.MEANS has 2 observations and 4 variables.
NOTE: DATA statement used (Total process time):
      real time           0.01 seconds
      cpu time            0.01 seconds



NOTE: The DESCENDING option applies only to the multinomial distribution
      with ordinal response.
NOTE: Algorithm converged.
NOTE: Algorithm converged.
NOTE: The data set WORK.LS_G_BOT_N has 2 observations and 6 variables.
NOTE: The data set WORK.LS_G_BOT_1_MAIN has 41 observations and 8
      variables.
WARNING: Output 'ParameterEstimates' was not created.  Make sure that the
         output object name, label, or path is spelled correctly.  Also,
         verify that the appropriate procedure options are used to produce
         the requested output object.  For example, verify that the
         NOPRINT option is not used.
NOTE: PROCEDURE GENMOD used (Total process time):
      real time           0.18 seconds
      cpu time            0.09 seconds



NOTE: There were 41 observations read from the data set
      WORK.LS_G_BOT_1_MAIN.
NOTE: The data set WORK.LS_G_BOT_1_MAIN has 1 observations and 4 variables.
NOTE: DATA statement used (Total process time):
      real time           0.01 seconds
      cpu time            0.00 seconds


ERROR: The variable StdErr in the DROP, KEEP, or RENAME list has never
       been referenced.
ERROR: The variable parameter in the DROP, KEEP, or RENAME list has never
       been referenced.
ERROR: Invalid DROP, KEEP, or RENAME option on file
       WORK.LS_G_BOT_1_MAIN_NOCLUS.

WARNING: The variable StdErr in the DROP, KEEP, or RENAME list has never
         been referenced.
WARNING: The variable StdErr in the DROP, KEEP, or RENAME list has never
         been referenced.
NOTE: The SAS System stopped processing this step because of errors.
WARNING: The data set WORK.LS_G_BOT_1_MAIN_NOCLUS may be incomplete.  When
         this step was stopped there were 0 observations and 0 variables.
WARNING: Data set WORK.LS_G_BOT_1_MAIN_NOCLUS was not replaced because
         this step was stopped.
NOTE: DATA statement used (Total process time):
      real time           0.00 seconds
      cpu time            0.01 seconds





NOTE: The DESCENDING option applies only to the multinomial distribution
      with ordinal response.
NOTE: Class levels for some variables were not printed due to excessive
      size.
NOTE: Algorithm converged.
NOTE: Algorithm converged.
NOTE: The data set WORK.LS_G_BOT_1_MAIN_ROBUST has 41 observations and 8
      variables.
NOTE: PROCEDURE GENMOD used (Total process time):
      real time           0.20 seconds
      cpu time            0.07 seconds



NOTE: There were 41 observations read from the data set
      WORK.LS_G_BOT_1_MAIN_ROBUST.
NOTE: The data set WORK.LS_G_BOT_1_MAIN_ROBUST has 1 observations and 1
      variables.
NOTE: DATA statement used (Total process time):
      real time           0.01 seconds
      cpu time            0.01 seconds



NOTE: There were 1 observations read from the data set
      WORK.LS_G_BOT_1_MAIN.
NOTE: There were 1 observations read from the data set
      WORK.LS_G_BOT_1_MAIN_ROBUST.
NOTE: There were 0 observations read from the data set
      WORK.LS_G_BOT_1_MAIN_NOCLUS.
NOTE: The data set WORK.LS_G_BOT_1_MAIN has 1 observations and 5 variables.
NOTE: DATA statement used (Total process time):
      real time           0.01 seconds
      cpu time            0.01 seconds



NOTE: There were 1 observations read from the data set
      WORK.LS_G_BOT_1_MAIN.
NOTE: The data set WORK.LS_G_BOT_1_MAIN has 3 observations and 5 variables.
NOTE: PROCEDURE TRANSPOSE used (Total process time):
      real time           0.02 seconds
      cpu time            0.01 seconds



NOTE: The DESCENDING option applies only to the multinomial distribution
      with ordinal response.
NOTE: Algorithm converged.
NOTE: Algorithm converged.
NOTE: The data set WORK.LS_G_BOT_N has 2 observations and 6 variables.
NOTE: The data set WORK.LS_G_BOT_2_LINEAR has 38 observations and 8
      variables.
WARNING: Output 'ParameterEstimates' was not created.  Make sure that the
         output object name, label, or path is spelled correctly.  Also,
         verify that the appropriate procedure options are used to produce
         the requested output object.  For example, verify that the
         NOPRINT option is not used.
NOTE: PROCEDURE GENMOD used (Total process time):
      real time           0.18 seconds
      cpu time            0.07 seconds



NOTE: There were 38 observations read from the data set
      WORK.LS_G_BOT_2_LINEAR.
NOTE: The data set WORK.LS_G_BOT_2_LINEAR has 1 observations and 4
      variables.
NOTE: DATA statement used (Total process time):
      real time           0.01 seconds
      cpu time            0.00 seconds


ERROR: The variable StdErr in the DROP, KEEP, or RENAME list has never
       been referenced.
ERROR: The variable parameter in the DROP, KEEP, or RENAME list has never
       been referenced.
ERROR: Invalid DROP, KEEP, or RENAME option on file
       WORK.LS_G_BOT_2_LINEAR_NOCLUS.

WARNING: The variable StdErr in the DROP, KEEP, or RENAME list has never
         been referenced.
WARNING: The variable StdErr in the DROP, KEEP, or RENAME list has never
         been referenced.
NOTE: The SAS System stopped processing this step because of errors.
WARNING: The data set WORK.LS_G_BOT_2_LINEAR_NOCLUS may be incomplete.
         When this step was stopped there were 0 observations and 0
         variables.
WARNING: Data set WORK.LS_G_BOT_2_LINEAR_NOCLUS was not replaced because
         this step was stopped.
NOTE: DATA statement used (Total process time):
      real time           0.00 seconds
      cpu time            0.01 seconds





NOTE: The DESCENDING option applies only to the multinomial distribution
      with ordinal response.
NOTE: Class levels for some variables were not printed due to excessive
      size.
NOTE: Algorithm converged.
NOTE: Algorithm converged.
NOTE: The data set WORK.LS_G_BOT_2_LINEAR_ROBUST has 38 observations and 8
      variables.
NOTE: PROCEDURE GENMOD used (Total process time):
      real time           0.18 seconds
      cpu time            0.12 seconds



NOTE: There were 38 observations read from the data set
      WORK.LS_G_BOT_2_LINEAR_ROBUST.
NOTE: The data set WORK.LS_G_BOT_2_LINEAR_ROBUST has 1 observations and 1
      variables.
NOTE: DATA statement used (Total process time):
      real time           0.01 seconds
      cpu time            0.01 seconds



NOTE: There were 1 observations read from the data set
      WORK.LS_G_BOT_2_LINEAR.
NOTE: There were 1 observations read from the data set
      WORK.LS_G_BOT_2_LINEAR_ROBUST.
NOTE: There were 0 observations read from the data set
      WORK.LS_G_BOT_2_LINEAR_NOCLUS.
NOTE: The data set WORK.LS_G_BOT_2_LINEAR has 1 observations and 5
      variables.
NOTE: DATA statement used (Total process time):
      real time           0.01 seconds
      cpu time            0.01 seconds



NOTE: There were 1 observations read from the data set
      WORK.LS_G_BOT_2_LINEAR.
NOTE: The data set WORK.LS_G_BOT_2_LINEAR has 3 observations and 5
      variables.
NOTE: PROCEDURE TRANSPOSE used (Total process time):
      real time           0.02 seconds
      cpu time            0.00 seconds



NOTE: There were 2 observations read from the data set WORK.LS_G_BOT_N.
NOTE: The data set WORK.LS_G_BOT_N has 1 observations and 3 variables.
NOTE: DATA statement used (Total process time):
      real time           0.01 seconds
      cpu time            0.01 seconds



NOTE: The data set WORK.SPACE1 has 1 observations and 1 variables.
NOTE: The data set WORK.SPACE2 has 1 observations and 1 variables.
NOTE: The data set WORK.SPACE3 has 1 observations and 1 variables.
NOTE: DATA statement used (Total process time):
      real time           0.03 seconds
      cpu time            0.03 seconds



NOTE: There were 2 observations read from the data set WORK.MEANS.
NOTE: There were 1 observations read from the data set WORK.SPACE1.
NOTE: There were 3 observations read from the data set
      WORK.LS_G_BOT_1_MAIN.
NOTE: There were 1 observations read from the data set WORK.SPACE2.
NOTE: There were 3 observations read from the data set
      WORK.LS_G_BOT_2_LINEAR.
NOTE: There were 1 observations read from the data set WORK.SPACE3.
NOTE: There were 1 observations read from the data set WORK.LS_G_BOT_N.
NOTE: The data set WORK.C_LS_G_BOT has 12 observations and 4 variables.
NOTE: DATA statement used (Total process time):
      real time           0.01 seconds
      cpu time            0.00 seconds


NOTE: Algorithm converged.
NOTE: Algorithm converged.
NOTE: The data set WORK.MEANS has 1 observations and 7 variables.
NOTE: PROCEDURE GENMOD used (Total process time):
      real time           0.08 seconds
      cpu time            0.04 seconds



NOTE: There were 1 observations read from the data set WORK.MEANS.
NOTE: The data set WORK.MEANS has 1 observations and 3 variables.
NOTE: DATA statement used (Total process time):
      real time           0.01 seconds
      cpu time            0.01 seconds



NOTE: Variable outcome is uninitialized.
NOTE: Variable rowname is uninitialized.
NOTE: Variable _NAME_ is uninitialized.
NOTE: The data set WORK.TRICK has 1 observations and 3 variables.
NOTE: DATA statement used (Total process time):
      real time           0.01 seconds
      cpu time            0.01 seconds



NOTE: There were 1 observations read from the data set WORK.TRICK.
NOTE: There were 1 observations read from the data set WORK.MEANS.
NOTE: The data set WORK.MEANS has 2 observations and 4 variables.
NOTE: DATA statement used (Total process time):
      real time           0.01 seconds
      cpu time            0.01 seconds



NOTE: The DESCENDING option applies only to the multinomial distribution
      with ordinal response.
NOTE: Algorithm converged.
NOTE: Algorithm converged.
NOTE: The data set WORK.P_G_TOP_N has 2 observations and 6 variables.
NOTE: The data set WORK.P_G_TOP_1_MAIN has 41 observations and 8 variables.
WARNING: Output 'ParameterEstimates' was not created.  Make sure that the
         output object name, label, or path is spelled correctly.  Also,
         verify that the appropriate procedure options are used to produce
         the requested output object.  For example, verify that the
         NOPRINT option is not used.
NOTE: PROCEDURE GENMOD used (Total process time):
      real time           0.14 seconds
      cpu time            0.04 seconds



NOTE: There were 41 observations read from the data set
      WORK.P_G_TOP_1_MAIN.
NOTE: The data set WORK.P_G_TOP_1_MAIN has 1 observations and 4 variables.
NOTE: DATA statement used (Total process time):
      real time           0.01 seconds
      cpu time            0.00 seconds


ERROR: The variable StdErr in the DROP, KEEP, or RENAME list has never
       been referenced.
ERROR: The variable parameter in the DROP, KEEP, or RENAME list has never
       been referenced.
ERROR: Invalid DROP, KEEP, or RENAME option on file
       WORK.P_G_TOP_1_MAIN_NOCLUS.

WARNING: The variable StdErr in the DROP, KEEP, or RENAME list has never
         been referenced.
WARNING: The variable StdErr in the DROP, KEEP, or RENAME list has never
         been referenced.
NOTE: The SAS System stopped processing this step because of errors.
WARNING: The data set WORK.P_G_TOP_1_MAIN_NOCLUS may be incomplete.  When
         this step was stopped there were 0 observations and 0 variables.
WARNING: Data set WORK.P_G_TOP_1_MAIN_NOCLUS was not replaced because this
         step was stopped.
NOTE: DATA statement used (Total process time):
      real time           0.00 seconds
      cpu time            0.00 seconds





NOTE: The DESCENDING option applies only to the multinomial distribution
      with ordinal response.
NOTE: Class levels for some variables were not printed due to excessive
      size.
NOTE: Algorithm converged.
NOTE: Algorithm converged.
NOTE: The data set WORK.P_G_TOP_1_MAIN_ROBUST has 41 observations and 8
      variables.
NOTE: PROCEDURE GENMOD used (Total process time):
      real time           0.18 seconds
      cpu time            0.07 seconds



NOTE: There were 41 observations read from the data set
      WORK.P_G_TOP_1_MAIN_ROBUST.
NOTE: The data set WORK.P_G_TOP_1_MAIN_ROBUST has 1 observations and 1
      variables.
NOTE: DATA statement used (Total process time):
      real time           0.02 seconds
      cpu time            0.00 seconds



NOTE: There were 1 observations read from the data set WORK.P_G_TOP_1_MAIN.
NOTE: There were 1 observations read from the data set
      WORK.P_G_TOP_1_MAIN_ROBUST.
NOTE: There were 0 observations read from the data set
      WORK.P_G_TOP_1_MAIN_NOCLUS.
NOTE: The data set WORK.P_G_TOP_1_MAIN has 1 observations and 5 variables.
NOTE: DATA statement used (Total process time):
      real time           0.01 seconds
      cpu time            0.01 seconds



NOTE: There were 1 observations read from the data set WORK.P_G_TOP_1_MAIN.
NOTE: The data set WORK.P_G_TOP_1_MAIN has 3 observations and 5 variables.
NOTE: PROCEDURE TRANSPOSE used (Total process time):
      real time           0.02 seconds
      cpu time            0.01 seconds



NOTE: The DESCENDING option applies only to the multinomial distribution
      with ordinal response.
NOTE: Algorithm converged.
NOTE: Algorithm converged.
NOTE: The data set WORK.P_G_TOP_N has 2 observations and 6 variables.
NOTE: The data set WORK.P_G_TOP_2_LINEAR has 38 observations and 8
      variables.
WARNING: Output 'ParameterEstimates' was not created.  Make sure that the
         output object name, label, or path is spelled correctly.  Also,
         verify that the appropriate procedure options are used to produce
         the requested output object.  For example, verify that the
         NOPRINT option is not used.
NOTE: PROCEDURE GENMOD used (Total process time):
      real time           0.12 seconds
      cpu time            0.09 seconds



NOTE: There were 38 observations read from the data set
      WORK.P_G_TOP_2_LINEAR.
NOTE: The data set WORK.P_G_TOP_2_LINEAR has 1 observations and 4
      variables.
NOTE: DATA statement used (Total process time):
      real time           0.01 seconds
      cpu time            0.00 seconds


ERROR: The variable StdErr in the DROP, KEEP, or RENAME list has never
       been referenced.
ERROR: The variable parameter in the DROP, KEEP, or RENAME list has never
       been referenced.
ERROR: Invalid DROP, KEEP, or RENAME option on file
       WORK.P_G_TOP_2_LINEAR_NOCLUS.

WARNING: The variable StdErr in the DROP, KEEP, or RENAME list has never
         been referenced.
WARNING: The variable StdErr in the DROP, KEEP, or RENAME list has never
         been referenced.
NOTE: The SAS System stopped processing this step because of errors.
WARNING: The data set WORK.P_G_TOP_2_LINEAR_NOCLUS may be incomplete.
         When this step was stopped there were 0 observations and 0
         variables.
WARNING: Data set WORK.P_G_TOP_2_LINEAR_NOCLUS was not replaced because
         this step was stopped.
NOTE: DATA statement used (Total process time):
      real time           0.00 seconds
      cpu time            0.00 seconds





NOTE: The DESCENDING option applies only to the multinomial distribution
      with ordinal response.
NOTE: Class levels for some variables were not printed due to excessive
      size.
NOTE: Algorithm converged.
NOTE: Algorithm converged.
NOTE: The data set WORK.P_G_TOP_2_LINEAR_ROBUST has 38 observations and 8
      variables.
NOTE: PROCEDURE GENMOD used (Total process time):
      real time           0.22 seconds
      cpu time            0.09 seconds



NOTE: There were 38 observations read from the data set
      WORK.P_G_TOP_2_LINEAR_ROBUST.
NOTE: The data set WORK.P_G_TOP_2_LINEAR_ROBUST has 1 observations and 1
      variables.
NOTE: DATA statement used (Total process time):
      real time           0.01 seconds
      cpu time            0.00 seconds



NOTE: There were 1 observations read from the data set
      WORK.P_G_TOP_2_LINEAR.
NOTE: There were 1 observations read from the data set
      WORK.P_G_TOP_2_LINEAR_ROBUST.
NOTE: There were 0 observations read from the data set
      WORK.P_G_TOP_2_LINEAR_NOCLUS.
NOTE: The data set WORK.P_G_TOP_2_LINEAR has 1 observations and 5
      variables.
NOTE: DATA statement used (Total process time):
      real time           0.01 seconds
      cpu time            0.00 seconds



NOTE: There were 1 observations read from the data set
      WORK.P_G_TOP_2_LINEAR.
NOTE: The data set WORK.P_G_TOP_2_LINEAR has 3 observations and 5
      variables.
NOTE: PROCEDURE TRANSPOSE used (Total process time):
      real time           0.03 seconds
      cpu time            0.01 seconds



NOTE: There were 2 observations read from the data set WORK.P_G_TOP_N.
NOTE: The data set WORK.P_G_TOP_N has 1 observations and 3 variables.
NOTE: DATA statement used (Total process time):
      real time           0.01 seconds
      cpu time            0.03 seconds



NOTE: The data set WORK.SPACE1 has 1 observations and 1 variables.
NOTE: The data set WORK.SPACE2 has 1 observations and 1 variables.
NOTE: The data set WORK.SPACE3 has 1 observations and 1 variables.
NOTE: DATA statement used (Total process time):
      real time           0.04 seconds
      cpu time            0.00 seconds



NOTE: There were 2 observations read from the data set WORK.MEANS.
NOTE: There were 1 observations read from the data set WORK.SPACE1.
NOTE: There were 3 observations read from the data set WORK.P_G_TOP_1_MAIN.
NOTE: There were 1 observations read from the data set WORK.SPACE2.
NOTE: There were 3 observations read from the data set
      WORK.P_G_TOP_2_LINEAR.
NOTE: There were 1 observations read from the data set WORK.SPACE3.
NOTE: There were 1 observations read from the data set WORK.P_G_TOP_N.
NOTE: The data set WORK.C_P_G_TOP has 12 observations and 4 variables.
NOTE: DATA statement used (Total process time):
      real time           0.01 seconds
      cpu time            0.01 seconds


NOTE: Algorithm converged.
NOTE: Algorithm converged.
NOTE: The data set WORK.MEANS has 1 observations and 7 variables.
NOTE: PROCEDURE GENMOD used (Total process time):
      real time           0.11 seconds
      cpu time            0.04 seconds



NOTE: There were 1 observations read from the data set WORK.MEANS.
NOTE: The data set WORK.MEANS has 1 observations and 3 variables.
NOTE: DATA statement used (Total process time):
      real time           0.01 seconds
      cpu time            0.00 seconds



NOTE: Variable outcome is uninitialized.
NOTE: Variable rowname is uninitialized.
NOTE: Variable _NAME_ is uninitialized.
NOTE: The data set WORK.TRICK has 1 observations and 3 variables.
NOTE: DATA statement used (Total process time):
      real time           0.01 seconds
      cpu time            0.01 seconds



NOTE: There were 1 observations read from the data set WORK.TRICK.
NOTE: There were 1 observations read from the data set WORK.MEANS.
NOTE: The data set WORK.MEANS has 2 observations and 4 variables.
NOTE: DATA statement used (Total process time):
      real time           0.01 seconds
      cpu time            0.01 seconds



NOTE: The DESCENDING option applies only to the multinomial distribution
      with ordinal response.
NOTE: Algorithm converged.
NOTE: Algorithm converged.
NOTE: The data set WORK.P_G_BOT_N has 2 observations and 6 variables.
NOTE: The data set WORK.P_G_BOT_1_MAIN has 40 observations and 8 variables.
WARNING: Output 'ParameterEstimates' was not created.  Make sure that the
         output object name, label, or path is spelled correctly.  Also,
         verify that the appropriate procedure options are used to produce
         the requested output object.  For example, verify that the
         NOPRINT option is not used.
NOTE: PROCEDURE GENMOD used (Total process time):
      real time           0.15 seconds
      cpu time            0.06 seconds



NOTE: There were 40 observations read from the data set
      WORK.P_G_BOT_1_MAIN.
NOTE: The data set WORK.P_G_BOT_1_MAIN has 1 observations and 4 variables.
NOTE: DATA statement used (Total process time):
      real time           0.01 seconds
      cpu time            0.01 seconds


ERROR: The variable StdErr in the DROP, KEEP, or RENAME list has never
       been referenced.
ERROR: The variable parameter in the DROP, KEEP, or RENAME list has never
       been referenced.
ERROR: Invalid DROP, KEEP, or RENAME option on file
       WORK.P_G_BOT_1_MAIN_NOCLUS.

WARNING: The variable StdErr in the DROP, KEEP, or RENAME list has never
         been referenced.
WARNING: The variable StdErr in the DROP, KEEP, or RENAME list has never
         been referenced.
NOTE: The SAS System stopped processing this step because of errors.
WARNING: The data set WORK.P_G_BOT_1_MAIN_NOCLUS may be incomplete.  When
         this step was stopped there were 0 observations and 0 variables.
WARNING: Data set WORK.P_G_BOT_1_MAIN_NOCLUS was not replaced because this
         step was stopped.
NOTE: DATA statement used (Total process time):
      real time           0.00 seconds
      cpu time            0.00 seconds





NOTE: The DESCENDING option applies only to the multinomial distribution
      with ordinal response.
NOTE: Class levels for some variables were not printed due to excessive
      size.
NOTE: Algorithm converged.
NOTE: Algorithm converged.
NOTE: The data set WORK.P_G_BOT_1_MAIN_ROBUST has 40 observations and 8
      variables.
NOTE: PROCEDURE GENMOD used (Total process time):
      real time           0.20 seconds
      cpu time            0.06 seconds



NOTE: There were 40 observations read from the data set
      WORK.P_G_BOT_1_MAIN_ROBUST.
NOTE: The data set WORK.P_G_BOT_1_MAIN_ROBUST has 1 observations and 1
      variables.
NOTE: DATA statement used (Total process time):
      real time           0.01 seconds
      cpu time            0.00 seconds



NOTE: There were 1 observations read from the data set WORK.P_G_BOT_1_MAIN.
NOTE: There were 1 observations read from the data set
      WORK.P_G_BOT_1_MAIN_ROBUST.
NOTE: There were 0 observations read from the data set
      WORK.P_G_BOT_1_MAIN_NOCLUS.
NOTE: The data set WORK.P_G_BOT_1_MAIN has 1 observations and 5 variables.
NOTE: DATA statement used (Total process time):
      real time           0.01 seconds
      cpu time            0.00 seconds



NOTE: There were 1 observations read from the data set WORK.P_G_BOT_1_MAIN.
NOTE: The data set WORK.P_G_BOT_1_MAIN has 3 observations and 5 variables.
NOTE: PROCEDURE TRANSPOSE used (Total process time):
      real time           0.02 seconds
      cpu time            0.00 seconds



NOTE: The DESCENDING option applies only to the multinomial distribution
      with ordinal response.
NOTE: Algorithm converged.
NOTE: Algorithm converged.
NOTE: The data set WORK.P_G_BOT_N has 2 observations and 6 variables.
NOTE: The data set WORK.P_G_BOT_2_LINEAR has 37 observations and 8
      variables.
WARNING: Output 'ParameterEstimates' was not created.  Make sure that the
         output object name, label, or path is spelled correctly.  Also,
         verify that the appropriate procedure options are used to produce
         the requested output object.  For example, verify that the
         NOPRINT option is not used.
NOTE: PROCEDURE GENMOD used (Total process time):
      real time           0.16 seconds
      cpu time            0.09 seconds



NOTE: There were 37 observations read from the data set
      WORK.P_G_BOT_2_LINEAR.
NOTE: The data set WORK.P_G_BOT_2_LINEAR has 1 observations and 4
      variables.
NOTE: DATA statement used (Total process time):
      real time           0.01 seconds
      cpu time            0.00 seconds


ERROR: The variable StdErr in the DROP, KEEP, or RENAME list has never
       been referenced.
ERROR: The variable parameter in the DROP, KEEP, or RENAME list has never
       been referenced.
ERROR: Invalid DROP, KEEP, or RENAME option on file
       WORK.P_G_BOT_2_LINEAR_NOCLUS.

WARNING: The variable StdErr in the DROP, KEEP, or RENAME list has never
         been referenced.
WARNING: The variable StdErr in the DROP, KEEP, or RENAME list has never
         been referenced.
NOTE: The SAS System stopped processing this step because of errors.
WARNING: The data set WORK.P_G_BOT_2_LINEAR_NOCLUS may be incomplete.
         When this step was stopped there were 0 observations and 0
         variables.
WARNING: Data set WORK.P_G_BOT_2_LINEAR_NOCLUS was not replaced because
         this step was stopped.
NOTE: DATA statement used (Total process time):
      real time           0.00 seconds
      cpu time            0.01 seconds





NOTE: The DESCENDING option applies only to the multinomial distribution
      with ordinal response.
NOTE: Class levels for some variables were not printed due to excessive
      size.
NOTE: Algorithm converged.
NOTE: Algorithm converged.
NOTE: The data set WORK.P_G_BOT_2_LINEAR_ROBUST has 37 observations and 8
      variables.
NOTE: PROCEDURE GENMOD used (Total process time):
      real time           0.17 seconds
      cpu time            0.10 seconds



NOTE: There were 37 observations read from the data set
      WORK.P_G_BOT_2_LINEAR_ROBUST.
NOTE: The data set WORK.P_G_BOT_2_LINEAR_ROBUST has 1 observations and 1
      variables.
NOTE: DATA statement used (Total process time):
      real time           0.01 seconds
      cpu time            0.01 seconds



NOTE: There were 1 observations read from the data set
      WORK.P_G_BOT_2_LINEAR.
NOTE: There were 1 observations read from the data set
      WORK.P_G_BOT_2_LINEAR_ROBUST.
NOTE: There were 0 observations read from the data set
      WORK.P_G_BOT_2_LINEAR_NOCLUS.
NOTE: The data set WORK.P_G_BOT_2_LINEAR has 1 observations and 5
      variables.
NOTE: DATA statement used (Total process time):
      real time           0.01 seconds
      cpu time            0.00 seconds



NOTE: There were 1 observations read from the data set
      WORK.P_G_BOT_2_LINEAR.
NOTE: The data set WORK.P_G_BOT_2_LINEAR has 3 observations and 5
      variables.
NOTE: PROCEDURE TRANSPOSE used (Total process time):
      real time           0.03 seconds
      cpu time            0.00 seconds



NOTE: There were 2 observations read from the data set WORK.P_G_BOT_N.
NOTE: The data set WORK.P_G_BOT_N has 1 observations and 3 variables.
NOTE: DATA statement used (Total process time):
      real time           0.02 seconds
      cpu time            0.01 seconds



NOTE: The data set WORK.SPACE1 has 1 observations and 1 variables.
NOTE: The data set WORK.SPACE2 has 1 observations and 1 variables.
NOTE: The data set WORK.SPACE3 has 1 observations and 1 variables.
NOTE: DATA statement used (Total process time):
      real time           0.03 seconds
      cpu time            0.01 seconds



NOTE: There were 2 observations read from the data set WORK.MEANS.
NOTE: There were 1 observations read from the data set WORK.SPACE1.
NOTE: There were 3 observations read from the data set WORK.P_G_BOT_1_MAIN.
NOTE: There were 1 observations read from the data set WORK.SPACE2.
NOTE: There were 3 observations read from the data set
      WORK.P_G_BOT_2_LINEAR.
NOTE: There were 1 observations read from the data set WORK.SPACE3.
NOTE: There were 1 observations read from the data set WORK.P_G_BOT_N.
NOTE: The data set WORK.C_P_G_BOT has 12 observations and 4 variables.
NOTE: DATA statement used (Total process time):
      real time           0.01 seconds
      cpu time            0.01 seconds



NOTE: The data set WORK.SPACE_COL_1 has 1 observations and 1 variables.
NOTE: DATA statement used (Total process time):
      real time           0.01 seconds
      cpu time            0.00 seconds



NOTE: The data set WORK.SPACE_COL_2 has 1 observations and 1 variables.
NOTE: DATA statement used (Total process time):
      real time           0.02 seconds
      cpu time            0.00 seconds



NOTE: The data set WORK.SPACE_COL_3 has 1 observations and 1 variables.
NOTE: DATA statement used (Total process time):
      real time           0.01 seconds
      cpu time            0.01 seconds



NOTE: The data set WORK.SPACE_COL_4 has 1 observations and 1 variables.
NOTE: DATA statement used (Total process time):
      real time           0.01 seconds
      cpu time            0.00 seconds



NOTE: The data set WORK.SPACE_COL_5 has 1 observations and 1 variables.
NOTE: DATA statement used (Total process time):
      real time           0.01 seconds
      cpu time            0.00 seconds



NOTE: There were 12 observations read from the data set WORK.C_LS_BG_TOP.
NOTE: There were 12 observations read from the data set WORK.C_LS_BG_BOT.
NOTE: There were 1 observations read from the data set WORK.SPACE_COL_1.
NOTE: There were 12 observations read from the data set WORK.C_LS_B_TOP.
NOTE: There were 12 observations read from the data set WORK.C_LS_B_BOT.
NOTE: There were 1 observations read from the data set WORK.SPACE_COL_2.
NOTE: There were 12 observations read from the data set WORK.C_LS_G_TOP.
NOTE: There were 12 observations read from the data set WORK.C_LS_G_BOT.
NOTE: There were 1 observations read from the data set WORK.SPACE_COL_3.
NOTE: There were 12 observations read from the data set WORK.C_P_BG_TOP.
NOTE: There were 12 observations read from the data set WORK.C_P_BG_BOT.
NOTE: There were 1 observations read from the data set WORK.SPACE_COL_4.
NOTE: There were 12 observations read from the data set WORK.C_P_B_TOP.
NOTE: There were 12 observations read from the data set WORK.C_P_B_BOT.
NOTE: There were 1 observations read from the data set WORK.SPACE_COL_5.
NOTE: There were 12 observations read from the data set WORK.C_P_G_TOP.
NOTE: There were 12 observations read from the data set WORK.C_P_G_BOT.
NOTE: The data set TARGET.T8_LIN_Q_COLLEGE3 has 12 observations and 20
      variables.
NOTE: DATA statement used (Total process time):
      real time           0.10 seconds
      cpu time            0.01 seconds


882  %outcome(zakaibag);

NOTE: There were 7857 observations read from the data set WORK.BONUS_00_01.
NOTE: The data set WORK.BASE01 has 3821 observations and 21 variables.
NOTE: DATA statement used (Total process time):
      real time           0.04 seconds
      cpu time            0.01 seconds



NOTE: The data set WORK.TEMP has 1 observations and 4 variables.
NOTE: PROCEDURE UNIVARIATE used (Total process time):
      real time           0.02 seconds
      cpu time            0.01 seconds



NOTE: There were 1 observations read from the data set WORK.TEMP.
NOTE: The data set WORK.TEMP has 1 observations and 5 variables.
NOTE: DATA statement used (Total process time):
      real time           0.01 seconds
      cpu time            0.00 seconds



NOTE: There were 3821 observations read from the data set WORK.BASE01.
NOTE: The data set WORK.BASE01 has 3821 observations and 21 variables.
NOTE: PROCEDURE SORT used (Total process time):
      real time           0.05 seconds
      cpu time            0.01 seconds



NOTE: There were 1 observations read from the data set WORK.TEMP.
NOTE: The data set WORK.TEMP has 1 observations and 5 variables.
NOTE: PROCEDURE SORT used (Total process time):
      real time           0.01 seconds
      cpu time            0.00 seconds



NOTE: There were 3821 observations read from the data set WORK.BASE01.
NOTE: There were 1 observations read from the data set WORK.TEMP.
NOTE: The data set WORK.BASE01 has 3821 observations and 30 variables.
NOTE: DATA statement used (Total process time):
      real time           0.08 seconds
      cpu time            0.00 seconds



NOTE: PROC GENMOD is modeling the probability that ZAKAIBAG='1'.
NOTE: Algorithm converged.
NOTE: Algorithm converged.
NOTE: The data set WORK.TEMP2 has 3821 observations and 31 variables.
NOTE: PROCEDURE GENMOD used (Total process time):
      real time           0.40 seconds
      cpu time            0.04 seconds



NOTE: The data set WORK.TEMP3 has 1 observations and 4 variables.
NOTE: PROCEDURE UNIVARIATE used (Total process time):
      real time           0.02 seconds
      cpu time            0.00 seconds



NOTE: There were 1 observations read from the data set WORK.TEMP3.
NOTE: The data set WORK.TEMP3 has 1 observations and 5 variables.
NOTE: DATA statement used (Total process time):
      real time           0.01 seconds
      cpu time            0.00 seconds



NOTE: There were 3821 observations read from the data set WORK.TEMP2.
NOTE: The data set WORK.TEMP2 has 3821 observations and 31 variables.
NOTE: PROCEDURE SORT used (Total process time):
      real time           0.08 seconds
      cpu time            0.01 seconds



NOTE: There were 1 observations read from the data set WORK.TEMP3.
NOTE: The data set WORK.TEMP3 has 1 observations and 5 variables.
NOTE: PROCEDURE SORT used (Total process time):
      real time           0.01 seconds
      cpu time            0.01 seconds



NOTE: There were 3821 observations read from the data set WORK.TEMP2.
NOTE: There were 1 observations read from the data set WORK.TEMP3.
NOTE: The data set WORK.BASE01 has 3821 observations and 39 variables.
NOTE: DATA statement used (Total process time):
      real time           0.09 seconds
      cpu time            0.00 seconds



NOTE: Deleting WORK.TEMP (memtype=DATA).
NOTE: Deleting WORK.TEMP2 (memtype=DATA).
NOTE: Deleting WORK.TEMP3 (memtype=DATA).
NOTE: PROCEDURE DATASETS used (Total process time):
      real time           0.06 seconds
      cpu time            0.06 seconds



NOTE: There were 7857 observations read from the data set WORK.BONUS_00_01.
NOTE: The data set WORK.BASE00 has 4036 observations and 21 variables.
NOTE: DATA statement used (Total process time):
      real time           0.05 seconds
      cpu time            0.01 seconds



NOTE: The data set WORK.TEMP has 1 observations and 4 variables.
NOTE: PROCEDURE UNIVARIATE used (Total process time):
      real time           0.02 seconds
      cpu time            0.01 seconds



NOTE: There were 1 observations read from the data set WORK.TEMP.
NOTE: The data set WORK.TEMP has 1 observations and 5 variables.
NOTE: DATA statement used (Total process time):
      real time           0.01 seconds
      cpu time            0.01 seconds


NOTE: There were 4036 observations read from the data set WORK.BASE00.
NOTE: The data set WORK.BASE00 has 4036 observations and 21 variables.
NOTE: PROCEDURE SORT used (Total process time):
      real time           0.05 seconds
      cpu time            0.01 seconds


NOTE: There were 1 observations read from the data set WORK.TEMP.
NOTE: The data set WORK.TEMP has 1 observations and 5 variables.
NOTE: PROCEDURE SORT used (Total process time):
      real time           0.01 seconds
      cpu time            0.01 seconds



NOTE: There were 4036 observations read from the data set WORK.BASE00.
NOTE: There were 1 observations read from the data set WORK.TEMP.
NOTE: The data set WORK.BASE00 has 4036 observations and 30 variables.
NOTE: DATA statement used (Total process time):
      real time           0.07 seconds
      cpu time            0.01 seconds



NOTE: PROC GENMOD is modeling the probability that ZAKAIBAG='1'.
NOTE: Algorithm converged.
NOTE: Algorithm converged.
NOTE: The data set WORK.TEMP2 has 4036 observations and 31 variables.
NOTE: PROCEDURE GENMOD used (Total process time):
      real time           0.42 seconds
      cpu time            0.09 seconds



NOTE: The data set WORK.TEMP3 has 1 observations and 4 variables.
NOTE: PROCEDURE UNIVARIATE used (Total process time):
      real time           0.01 seconds
      cpu time            0.01 seconds



NOTE: There were 1 observations read from the data set WORK.TEMP3.
NOTE: The data set WORK.TEMP3 has 1 observations and 5 variables.
NOTE: DATA statement used (Total process time):
      real time           0.01 seconds
      cpu time            0.01 seconds



NOTE: There were 4036 observations read from the data set WORK.TEMP2.
NOTE: The data set WORK.TEMP2 has 4036 observations and 31 variables.
NOTE: PROCEDURE SORT used (Total process time):
      real time           0.07 seconds
      cpu time            0.00 seconds



NOTE: There were 1 observations read from the data set WORK.TEMP3.
NOTE: The data set WORK.TEMP3 has 1 observations and 5 variables.
NOTE: PROCEDURE SORT used (Total process time):
      real time           0.01 seconds
      cpu time            0.01 seconds



NOTE: There were 4036 observations read from the data set WORK.TEMP2.
NOTE: There were 1 observations read from the data set WORK.TEMP3.
NOTE: The data set WORK.BASE00 has 4036 observations and 39 variables.
NOTE: DATA statement used (Total process time):
      real time           0.10 seconds
      cpu time            0.00 seconds



NOTE: Deleting WORK.TEMP (memtype=DATA).
NOTE: Deleting WORK.TEMP2 (memtype=DATA).
NOTE: Deleting WORK.TEMP3 (memtype=DATA).
NOTE: PROCEDURE DATASETS used (Total process time):
      real time           0.06 seconds
      cpu time            0.03 seconds



NOTE: There were 3821 observations read from the data set WORK.BASE01.
NOTE: There were 4036 observations read from the data set WORK.BASE00.
NOTE: The data set WORK.BASE_BG has 7586 observations and 41 variables.
NOTE: DATA statement used (Total process time):
      real time           0.15 seconds
      cpu time            0.04 seconds



NOTE: There were 7586 observations read from the data set WORK.BASE_BG.
NOTE: The data set WORK.LS_BG_TOP has 1918 observations and 43 variables.
NOTE: DATA statement used (Total process time):
      real time           0.06 seconds
      cpu time            0.01 seconds



NOTE: There were 1918 observations read from the data set WORK.LS_BG_TOP.
NOTE: The data set WORK.LS_BG_TOP has 1918 observations and 43 variables.
NOTE: PROCEDURE SORT used (Total process time):
      real time           0.05 seconds
      cpu time            0.00 seconds



NOTE: There were 1918 observations read from the data set WORK.LS_BG_TOP.
NOTE: The data set WORK.TEMP has 39 observations and 9 variables.
NOTE: PROCEDURE SUMMARY used (Total process time):
      real time           0.01 seconds
      cpu time            0.00 seconds



NOTE: There were 1918 observations read from the data set WORK.LS_BG_TOP.
NOTE: There were 39 observations read from the data set WORK.TEMP.
NOTE: The data set WORK.LS_BG_TOP has 1914 observations and 51 variables.
NOTE: DATA statement used (Total process time):
      real time           0.08 seconds
      cpu time            0.01 seconds



NOTE: There were 7586 observations read from the data set WORK.BASE_BG.
NOTE: The data set WORK.LS_BG_BOT has 1972 observations and 43 variables.
NOTE: DATA statement used (Total process time):
      real time           0.07 seconds
      cpu time            0.00 seconds



NOTE: There were 1972 observations read from the data set WORK.LS_BG_BOT.
NOTE: The data set WORK.LS_BG_BOT has 1972 observations and 43 variables.
NOTE: PROCEDURE SORT used (Total process time):
      real time           0.06 seconds
      cpu time            0.01 seconds



NOTE: There were 1972 observations read from the data set WORK.LS_BG_BOT.
NOTE: The data set WORK.TEMP has 39 observations and 9 variables.
NOTE: PROCEDURE SUMMARY used (Total process time):
      real time           0.01 seconds
      cpu time            0.00 seconds



NOTE: There were 1972 observations read from the data set WORK.LS_BG_BOT.
NOTE: There were 39 observations read from the data set WORK.TEMP.
NOTE: The data set WORK.LS_BG_BOT has 1971 observations and 51 variables.
NOTE: DATA statement used (Total process time):
      real time           0.06 seconds
      cpu time            0.01 seconds



NOTE: There were 7586 observations read from the data set WORK.BASE_BG.
NOTE: The data set WORK.P_BG_TOP has 1956 observations and 43 variables.
NOTE: DATA statement used (Total process time):
      real time           0.08 seconds
      cpu time            0.01 seconds



NOTE: There were 1956 observations read from the data set WORK.P_BG_TOP.
NOTE: The data set WORK.P_BG_TOP has 1956 observations and 43 variables.
NOTE: PROCEDURE SORT used (Total process time):
      real time           0.05 seconds
      cpu time            0.01 seconds



NOTE: There were 1956 observations read from the data set WORK.P_BG_TOP.
NOTE: The data set WORK.TEMP has 39 observations and 9 variables.
NOTE: PROCEDURE SUMMARY used (Total process time):
      real time           0.01 seconds
      cpu time            0.01 seconds



NOTE: There were 1956 observations read from the data set WORK.P_BG_TOP.
NOTE: There were 39 observations read from the data set WORK.TEMP.
NOTE: The data set WORK.P_BG_TOP has 1955 observations and 51 variables.
NOTE: DATA statement used (Total process time):
      real time           0.05 seconds
      cpu time            0.00 seconds



NOTE: There were 7586 observations read from the data set WORK.BASE_BG.
NOTE: The data set WORK.P_BG_BOT has 1917 observations and 43 variables.
NOTE: DATA statement used (Total process time):
      real time           0.04 seconds
      cpu time            0.00 seconds



NOTE: There were 1917 observations read from the data set WORK.P_BG_BOT.
NOTE: The data set WORK.P_BG_BOT has 1917 observations and 43 variables.
NOTE: PROCEDURE SORT used (Total process time):
      real time           0.05 seconds
      cpu time            0.01 seconds



NOTE: There were 1917 observations read from the data set WORK.P_BG_BOT.
NOTE: The data set WORK.TEMP has 38 observations and 9 variables.
NOTE: PROCEDURE SUMMARY used (Total process time):
      real time           0.01 seconds
      cpu time            0.01 seconds



NOTE: There were 1917 observations read from the data set WORK.P_BG_BOT.
NOTE: There were 38 observations read from the data set WORK.TEMP.
NOTE: The data set WORK.P_BG_BOT has 1845 observations and 51 variables.
NOTE: DATA statement used (Total process time):
      real time           0.05 seconds
      cpu time            0.00 seconds



NOTE: There were 7857 observations read from the data set WORK.BONUS_00_01.
NOTE: The data set WORK.BASE01 has 1960 observations and 21 variables.
NOTE: DATA statement used (Total process time):
      real time           0.04 seconds
      cpu time            0.00 seconds



NOTE: The data set WORK.TEMP has 1 observations and 4 variables.
NOTE: PROCEDURE UNIVARIATE used (Total process time):
      real time           0.01 seconds
      cpu time            0.00 seconds



NOTE: There were 1 observations read from the data set WORK.TEMP.
NOTE: The data set WORK.TEMP has 1 observations and 5 variables.
NOTE: DATA statement used (Total process time):
      real time           0.02 seconds
      cpu time            0.00 seconds



NOTE: There were 1960 observations read from the data set WORK.BASE01.
NOTE: The data set WORK.BASE01 has 1960 observations and 21 variables.
NOTE: PROCEDURE SORT used (Total process time):
      real time           0.03 seconds
      cpu time            0.00 seconds



NOTE: There were 1 observations read from the data set WORK.TEMP.
NOTE: The data set WORK.TEMP has 1 observations and 5 variables.
NOTE: PROCEDURE SORT used (Total process time):
      real time           0.01 seconds
      cpu time            0.03 seconds



NOTE: There were 1960 observations read from the data set WORK.BASE01.
NOTE: There were 1 observations read from the data set WORK.TEMP.
NOTE: The data set WORK.BASE01 has 1960 observations and 30 variables.
NOTE: DATA statement used (Total process time):
      real time           0.04 seconds
      cpu time            0.00 seconds



NOTE: PROC GENMOD is modeling the probability that ZAKAIBAG='1'.
NOTE: Algorithm converged.
NOTE: Algorithm converged.
NOTE: The data set WORK.TEMP2 has 1960 observations and 31 variables.
NOTE: PROCEDURE GENMOD used (Total process time):
      real time           0.22 seconds
      cpu time            0.09 seconds



NOTE: The data set WORK.TEMP3 has 1 observations and 4 variables.
NOTE: PROCEDURE UNIVARIATE used (Total process time):
      real time           0.01 seconds
      cpu time            0.01 seconds



NOTE: There were 1 observations read from the data set WORK.TEMP3.
NOTE: The data set WORK.TEMP3 has 1 observations and 5 variables.
NOTE: DATA statement used (Total process time):
      real time           0.01 seconds
      cpu time            0.00 seconds



NOTE: There were 1960 observations read from the data set WORK.TEMP2.
NOTE: The data set WORK.TEMP2 has 1960 observations and 31 variables.
NOTE: PROCEDURE SORT used (Total process time):
      real time           0.05 seconds
      cpu time            0.00 seconds



NOTE: There were 1 observations read from the data set WORK.TEMP3.
NOTE: The data set WORK.TEMP3 has 1 observations and 5 variables.
NOTE: PROCEDURE SORT used (Total process time):
      real time           0.01 seconds
      cpu time            0.00 seconds



NOTE: There were 1960 observations read from the data set WORK.TEMP2.
NOTE: There were 1 observations read from the data set WORK.TEMP3.
NOTE: The data set WORK.BASE01 has 1960 observations and 39 variables.
NOTE: DATA statement used (Total process time):
      real time           0.05 seconds
      cpu time            0.00 seconds



NOTE: Deleting WORK.TEMP (memtype=DATA).
NOTE: Deleting WORK.TEMP2 (memtype=DATA).
NOTE: Deleting WORK.TEMP3 (memtype=DATA).
NOTE: PROCEDURE DATASETS used (Total process time):
      real time           0.06 seconds
      cpu time            0.04 seconds



NOTE: There were 7857 observations read from the data set WORK.BONUS_00_01.
NOTE: The data set WORK.BASE00 has 2038 observations and 21 variables.
NOTE: DATA statement used (Total process time):
      real time           0.05 seconds
      cpu time            0.00 seconds



NOTE: The data set WORK.TEMP has 1 observations and 4 variables.
NOTE: PROCEDURE UNIVARIATE used (Total process time):
      real time           0.01 seconds
      cpu time            0.00 seconds



NOTE: There were 1 observations read from the data set WORK.TEMP.
NOTE: The data set WORK.TEMP has 1 observations and 5 variables.
NOTE: DATA statement used (Total process time):
      real time           0.01 seconds
      cpu time            0.00 seconds


NOTE: There were 2038 observations read from the data set WORK.BASE00.
NOTE: The data set WORK.BASE00 has 2038 observations and 21 variables.
NOTE: PROCEDURE SORT used (Total process time):
      real time           0.04 seconds
      cpu time            0.01 seconds


NOTE: There were 1 observations read from the data set WORK.TEMP.
NOTE: The data set WORK.TEMP has 1 observations and 5 variables.
NOTE: PROCEDURE SORT used (Total process time):
      real time           0.01 seconds
      cpu time            0.00 seconds



NOTE: There were 2038 observations read from the data set WORK.BASE00.
NOTE: There were 1 observations read from the data set WORK.TEMP.
NOTE: The data set WORK.BASE00 has 2038 observations and 30 variables.
NOTE: DATA statement used (Total process time):
      real time           0.04 seconds
      cpu time            0.01 seconds



NOTE: PROC GENMOD is modeling the probability that ZAKAIBAG='1'.
NOTE: Algorithm converged.
NOTE: Algorithm converged.
NOTE: The data set WORK.TEMP2 has 2038 observations and 31 variables.
NOTE: PROCEDURE GENMOD used (Total process time):
      real time           0.37 seconds
      cpu time            0.03 seconds



NOTE: The data set WORK.TEMP3 has 1 observations and 4 variables.
NOTE: PROCEDURE UNIVARIATE used (Total process time):
      real time           0.01 seconds
      cpu time            0.00 seconds



NOTE: There were 1 observations read from the data set WORK.TEMP3.
NOTE: The data set WORK.TEMP3 has 1 observations and 5 variables.
NOTE: DATA statement used (Total process time):
      real time           0.01 seconds
      cpu time            0.01 seconds



NOTE: There were 2038 observations read from the data set WORK.TEMP2.
NOTE: The data set WORK.TEMP2 has 2038 observations and 31 variables.
NOTE: PROCEDURE SORT used (Total process time):
      real time           0.04 seconds
      cpu time            0.01 seconds



NOTE: There were 1 observations read from the data set WORK.TEMP3.
NOTE: The data set WORK.TEMP3 has 1 observations and 5 variables.
NOTE: PROCEDURE SORT used (Total process time):
      real time           0.01 seconds
      cpu time            0.01 seconds



NOTE: There were 2038 observations read from the data set WORK.TEMP2.
NOTE: There were 1 observations read from the data set WORK.TEMP3.
NOTE: The data set WORK.BASE00 has 2038 observations and 39 variables.
NOTE: DATA statement used (Total process time):
      real time           0.04 seconds
      cpu time            0.01 seconds



NOTE: Deleting WORK.TEMP (memtype=DATA).
NOTE: Deleting WORK.TEMP2 (memtype=DATA).
NOTE: Deleting WORK.TEMP3 (memtype=DATA).
NOTE: PROCEDURE DATASETS used (Total process time):
      real time           0.06 seconds
      cpu time            0.04 seconds



NOTE: There were 1960 observations read from the data set WORK.BASE01.
NOTE: There were 2038 observations read from the data set WORK.BASE00.
NOTE: The data set WORK.BASE_B has 3982 observations and 41 variables.
NOTE: DATA statement used (Total process time):
      real time           0.09 seconds
      cpu time            0.04 seconds



NOTE: There were 3982 observations read from the data set WORK.BASE_B.
NOTE: The data set WORK.LS_B_TOP has 1009 observations and 43 variables.
NOTE: DATA statement used (Total process time):
      real time           0.04 seconds
      cpu time            0.01 seconds



NOTE: There were 1009 observations read from the data set WORK.LS_B_TOP.
NOTE: The data set WORK.LS_B_TOP has 1009 observations and 43 variables.
NOTE: PROCEDURE SORT used (Total process time):
      real time           0.04 seconds
      cpu time            0.01 seconds



NOTE: There were 1009 observations read from the data set WORK.LS_B_TOP.
NOTE: The data set WORK.TEMP has 33 observations and 9 variables.
NOTE: PROCEDURE SUMMARY used (Total process time):
      real time           0.02 seconds
      cpu time            0.00 seconds



NOTE: There were 1009 observations read from the data set WORK.LS_B_TOP.
NOTE: There were 33 observations read from the data set WORK.TEMP.
NOTE: The data set WORK.LS_B_TOP has 1007 observations and 51 variables.
NOTE: DATA statement used (Total process time):
      real time           0.03 seconds
      cpu time            0.00 seconds



NOTE: There were 3982 observations read from the data set WORK.BASE_B.
NOTE: The data set WORK.LS_B_BOT has 988 observations and 43 variables.
NOTE: DATA statement used (Total process time):
      real time           0.04 seconds
      cpu time            0.03 seconds



NOTE: There were 988 observations read from the data set WORK.LS_B_BOT.
NOTE: The data set WORK.LS_B_BOT has 988 observations and 43 variables.
NOTE: PROCEDURE SORT used (Total process time):
      real time           0.03 seconds
      cpu time            0.00 seconds



NOTE: There were 988 observations read from the data set WORK.LS_B_BOT.
NOTE: The data set WORK.TEMP has 33 observations and 9 variables.
NOTE: PROCEDURE SUMMARY used (Total process time):
      real time           0.01 seconds
      cpu time            0.00 seconds



NOTE: There were 988 observations read from the data set WORK.LS_B_BOT.
NOTE: There were 33 observations read from the data set WORK.TEMP.
NOTE: The data set WORK.LS_B_BOT has 988 observations and 51 variables.
NOTE: DATA statement used (Total process time):
      real time           0.03 seconds
      cpu time            0.03 seconds



NOTE: There were 3982 observations read from the data set WORK.BASE_B.
NOTE: The data set WORK.P_B_TOP has 1015 observations and 43 variables.
NOTE: DATA statement used (Total process time):
      real time           0.03 seconds
      cpu time            0.00 seconds



NOTE: There were 1015 observations read from the data set WORK.P_B_TOP.
NOTE: The data set WORK.P_B_TOP has 1015 observations and 43 variables.
NOTE: PROCEDURE SORT used (Total process time):
      real time           0.02 seconds
      cpu time            0.00 seconds



NOTE: There were 1015 observations read from the data set WORK.P_B_TOP.
NOTE: The data set WORK.TEMP has 33 observations and 9 variables.
NOTE: PROCEDURE SUMMARY used (Total process time):
      real time           0.01 seconds
      cpu time            0.00 seconds



NOTE: There were 1015 observations read from the data set WORK.P_B_TOP.
NOTE: There were 33 observations read from the data set WORK.TEMP.
NOTE: The data set WORK.P_B_TOP has 1006 observations and 51 variables.
NOTE: DATA statement used (Total process time):
      real time           0.04 seconds
      cpu time            0.01 seconds



NOTE: There were 3982 observations read from the data set WORK.BASE_B.
NOTE: The data set WORK.P_B_BOT has 980 observations and 43 variables.
NOTE: DATA statement used (Total process time):
      real time           0.02 seconds
      cpu time            0.01 seconds



NOTE: There were 980 observations read from the data set WORK.P_B_BOT.
NOTE: The data set WORK.P_B_BOT has 980 observations and 43 variables.
NOTE: PROCEDURE SORT used (Total process time):
      real time           0.02 seconds
      cpu time            0.01 seconds



NOTE: There were 980 observations read from the data set WORK.P_B_BOT.
NOTE: The data set WORK.TEMP has 33 observations and 9 variables.
NOTE: PROCEDURE SUMMARY used (Total process time):
      real time           0.01 seconds
      cpu time            0.01 seconds



NOTE: There were 980 observations read from the data set WORK.P_B_BOT.
NOTE: There were 33 observations read from the data set WORK.TEMP.
NOTE: The data set WORK.P_B_BOT has 979 observations and 51 variables.
NOTE: DATA statement used (Total process time):
      real time           0.03 seconds
      cpu time            0.01 seconds



NOTE: There were 7857 observations read from the data set WORK.BONUS_00_01.
NOTE: The data set WORK.BASE01 has 1861 observations and 21 variables.
NOTE: DATA statement used (Total process time):
      real time           0.02 seconds
      cpu time            0.01 seconds



NOTE: The data set WORK.TEMP has 1 observations and 4 variables.
NOTE: PROCEDURE UNIVARIATE used (Total process time):
      real time           0.01 seconds
      cpu time            0.00 seconds



NOTE: There were 1 observations read from the data set WORK.TEMP.
NOTE: The data set WORK.TEMP has 1 observations and 5 variables.
NOTE: DATA statement used (Total process time):
      real time           0.01 seconds
      cpu time            0.03 seconds



NOTE: There were 1861 observations read from the data set WORK.BASE01.
NOTE: The data set WORK.BASE01 has 1861 observations and 21 variables.
NOTE: PROCEDURE SORT used (Total process time):
      real time           0.02 seconds
      cpu time            0.00 seconds



NOTE: There were 1 observations read from the data set WORK.TEMP.
NOTE: The data set WORK.TEMP has 1 observations and 5 variables.
NOTE: PROCEDURE SORT used (Total process time):
      real time           0.01 seconds
      cpu time            0.00 seconds



NOTE: There were 1861 observations read from the data set WORK.BASE01.
NOTE: There were 1 observations read from the data set WORK.TEMP.
NOTE: The data set WORK.BASE01 has 1861 observations and 30 variables.
NOTE: DATA statement used (Total process time):
      real time           0.06 seconds
      cpu time            0.00 seconds



NOTE: PROC GENMOD is modeling the probability that ZAKAIBAG='1'.
NOTE: Algorithm converged.
NOTE: Algorithm converged.
NOTE: The data set WORK.TEMP2 has 1861 observations and 31 variables.
NOTE: PROCEDURE GENMOD used (Total process time):
      real time           0.19 seconds
      cpu time            0.04 seconds



NOTE: The data set WORK.TEMP3 has 1 observations and 4 variables.
NOTE: PROCEDURE UNIVARIATE used (Total process time):
      real time           0.01 seconds
      cpu time            0.01 seconds



NOTE: There were 1 observations read from the data set WORK.TEMP3.
NOTE: The data set WORK.TEMP3 has 1 observations and 5 variables.
NOTE: DATA statement used (Total process time):
      real time           0.01 seconds
      cpu time            0.00 seconds



NOTE: There were 1861 observations read from the data set WORK.TEMP2.
NOTE: The data set WORK.TEMP2 has 1861 observations and 31 variables.
NOTE: PROCEDURE SORT used (Total process time):
      real time           0.03 seconds
      cpu time            0.00 seconds



NOTE: There were 1 observations read from the data set WORK.TEMP3.
NOTE: The data set WORK.TEMP3 has 1 observations and 5 variables.
NOTE: PROCEDURE SORT used (Total process time):
      real time           0.01 seconds
      cpu time            0.01 seconds



NOTE: There were 1861 observations read from the data set WORK.TEMP2.
NOTE: There were 1 observations read from the data set WORK.TEMP3.
NOTE: The data set WORK.BASE01 has 1861 observations and 39 variables.
NOTE: DATA statement used (Total process time):
      real time           0.03 seconds
      cpu time            0.01 seconds



NOTE: Deleting WORK.TEMP (memtype=DATA).
NOTE: Deleting WORK.TEMP2 (memtype=DATA).
NOTE: Deleting WORK.TEMP3 (memtype=DATA).
NOTE: PROCEDURE DATASETS used (Total process time):
      real time           0.05 seconds
      cpu time            0.04 seconds



NOTE: There were 7857 observations read from the data set WORK.BONUS_00_01.
NOTE: The data set WORK.BASE00 has 1998 observations and 21 variables.
NOTE: DATA statement used (Total process time):
      real time           0.03 seconds
      cpu time            0.00 seconds



NOTE: The data set WORK.TEMP has 1 observations and 4 variables.
NOTE: PROCEDURE UNIVARIATE used (Total process time):
      real time           0.01 seconds
      cpu time            0.01 seconds



NOTE: There were 1 observations read from the data set WORK.TEMP.
NOTE: The data set WORK.TEMP has 1 observations and 5 variables.
NOTE: DATA statement used (Total process time):
      real time           0.01 seconds
      cpu time            0.01 seconds


NOTE: There were 1998 observations read from the data set WORK.BASE00.
NOTE: The data set WORK.BASE00 has 1998 observations and 21 variables.
NOTE: PROCEDURE SORT used (Total process time):
      real time           0.03 seconds
      cpu time            0.00 seconds


NOTE: There were 1 observations read from the data set WORK.TEMP.
NOTE: The data set WORK.TEMP has 1 observations and 5 variables.
NOTE: PROCEDURE SORT used (Total process time):
      real time           0.01 seconds
      cpu time            0.00 seconds



NOTE: There were 1998 observations read from the data set WORK.BASE00.
NOTE: There were 1 observations read from the data set WORK.TEMP.
NOTE: The data set WORK.BASE00 has 1998 observations and 30 variables.
NOTE: DATA statement used (Total process time):
      real time           0.04 seconds
      cpu time            0.01 seconds



NOTE: PROC GENMOD is modeling the probability that ZAKAIBAG='1'.
NOTE: Algorithm converged.
NOTE: Algorithm converged.
NOTE: The data set WORK.TEMP2 has 1998 observations and 31 variables.
NOTE: PROCEDURE GENMOD used (Total process time):
      real time           0.18 seconds
      cpu time            0.06 seconds



NOTE: The data set WORK.TEMP3 has 1 observations and 4 variables.
NOTE: PROCEDURE UNIVARIATE used (Total process time):
      real time           0.01 seconds
      cpu time            0.00 seconds



NOTE: There were 1 observations read from the data set WORK.TEMP3.
NOTE: The data set WORK.TEMP3 has 1 observations and 5 variables.
NOTE: DATA statement used (Total process time):
      real time           0.01 seconds
      cpu time            0.00 seconds



NOTE: There were 1998 observations read from the data set WORK.TEMP2.
NOTE: The data set WORK.TEMP2 has 1998 observations and 31 variables.
NOTE: PROCEDURE SORT used (Total process time):
      real time           0.04 seconds
      cpu time            0.01 seconds



NOTE: There were 1 observations read from the data set WORK.TEMP3.
NOTE: The data set WORK.TEMP3 has 1 observations and 5 variables.
NOTE: PROCEDURE SORT used (Total process time):
      real time           0.01 seconds
      cpu time            0.01 seconds



NOTE: There were 1998 observations read from the data set WORK.TEMP2.
NOTE: There were 1 observations read from the data set WORK.TEMP3.
NOTE: The data set WORK.BASE00 has 1998 observations and 39 variables.
NOTE: DATA statement used (Total process time):
      real time           0.04 seconds
      cpu time            0.00 seconds



NOTE: Deleting WORK.TEMP (memtype=DATA).
NOTE: Deleting WORK.TEMP2 (memtype=DATA).
NOTE: Deleting WORK.TEMP3 (memtype=DATA).
NOTE: PROCEDURE DATASETS used (Total process time):
      real time           0.06 seconds
      cpu time            0.04 seconds



NOTE: There were 1861 observations read from the data set WORK.BASE01.
NOTE: There were 1998 observations read from the data set WORK.BASE00.
NOTE: The data set WORK.BASE_G has 3604 observations and 41 variables.
NOTE: DATA statement used (Total process time):
      real time           0.07 seconds
      cpu time            0.00 seconds



NOTE: There were 3604 observations read from the data set WORK.BASE_G.
NOTE: The data set WORK.LS_G_TOP has 925 observations and 43 variables.
NOTE: DATA statement used (Total process time):
      real time           0.03 seconds
      cpu time            0.01 seconds



NOTE: There were 925 observations read from the data set WORK.LS_G_TOP.
NOTE: The data set WORK.LS_G_TOP has 925 observations and 43 variables.
NOTE: PROCEDURE SORT used (Total process time):
      real time           0.03 seconds
      cpu time            0.01 seconds



NOTE: There were 925 observations read from the data set WORK.LS_G_TOP.
NOTE: The data set WORK.TEMP has 34 observations and 9 variables.
NOTE: PROCEDURE SUMMARY used (Total process time):
      real time           0.01 seconds
      cpu time            0.00 seconds



NOTE: There were 925 observations read from the data set WORK.LS_G_TOP.
NOTE: There were 34 observations read from the data set WORK.TEMP.
NOTE: The data set WORK.LS_G_TOP has 921 observations and 51 variables.
NOTE: DATA statement used (Total process time):
      real time           0.02 seconds
      cpu time            0.01 seconds



NOTE: There were 3604 observations read from the data set WORK.BASE_G.
NOTE: The data set WORK.LS_G_BOT has 963 observations and 43 variables.
NOTE: DATA statement used (Total process time):
      real time           0.03 seconds
      cpu time            0.00 seconds



NOTE: There were 963 observations read from the data set WORK.LS_G_BOT.
NOTE: The data set WORK.LS_G_BOT has 963 observations and 43 variables.
NOTE: PROCEDURE SORT used (Total process time):
      real time           0.06 seconds
      cpu time            0.00 seconds



NOTE: There were 963 observations read from the data set WORK.LS_G_BOT.
NOTE: The data set WORK.TEMP has 35 observations and 9 variables.
NOTE: PROCEDURE SUMMARY used (Total process time):
      real time           0.02 seconds
      cpu time            0.00 seconds



NOTE: There were 963 observations read from the data set WORK.LS_G_BOT.
NOTE: There were 35 observations read from the data set WORK.TEMP.
NOTE: The data set WORK.LS_G_BOT has 958 observations and 51 variables.
NOTE: DATA statement used (Total process time):
      real time           0.05 seconds
      cpu time            0.00 seconds



NOTE: There were 3604 observations read from the data set WORK.BASE_G.
NOTE: The data set WORK.P_G_TOP has 926 observations and 43 variables.
NOTE: DATA statement used (Total process time):
      real time           0.03 seconds
      cpu time            0.01 seconds



NOTE: There were 926 observations read from the data set WORK.P_G_TOP.
NOTE: The data set WORK.P_G_TOP has 926 observations and 43 variables.
NOTE: PROCEDURE SORT used (Total process time):
      real time           0.03 seconds
      cpu time            0.00 seconds



NOTE: There were 926 observations read from the data set WORK.P_G_TOP.
NOTE: The data set WORK.TEMP has 33 observations and 9 variables.
NOTE: PROCEDURE SUMMARY used (Total process time):
      real time           0.02 seconds
      cpu time            0.01 seconds



NOTE: There were 926 observations read from the data set WORK.P_G_TOP.
NOTE: There were 33 observations read from the data set WORK.TEMP.
NOTE: The data set WORK.P_G_TOP has 924 observations and 51 variables.
NOTE: DATA statement used (Total process time):
      real time           0.06 seconds
      cpu time            0.00 seconds



NOTE: There were 3604 observations read from the data set WORK.BASE_G.
NOTE: The data set WORK.P_G_BOT has 957 observations and 43 variables.
NOTE: DATA statement used (Total process time):
      real time           0.03 seconds
      cpu time            0.00 seconds



NOTE: There were 957 observations read from the data set WORK.P_G_BOT.
NOTE: The data set WORK.P_G_BOT has 957 observations and 43 variables.
NOTE: PROCEDURE SORT used (Total process time):
      real time           0.03 seconds
      cpu time            0.00 seconds



NOTE: There were 957 observations read from the data set WORK.P_G_BOT.
NOTE: The data set WORK.TEMP has 34 observations and 9 variables.
NOTE: PROCEDURE SUMMARY used (Total process time):
      real time           0.01 seconds
      cpu time            0.03 seconds



NOTE: There were 957 observations read from the data set WORK.P_G_BOT.
NOTE: There were 34 observations read from the data set WORK.TEMP.
NOTE: The data set WORK.P_G_BOT has 950 observations and 51 variables.
NOTE: DATA statement used (Total process time):
      real time           0.03 seconds
      cpu time            0.00 seconds


NOTE: Algorithm converged.
NOTE: Algorithm converged.
NOTE: The data set WORK.MEANS has 1 observations and 7 variables.
NOTE: PROCEDURE GENMOD used (Total process time):
      real time           0.10 seconds
      cpu time            0.06 seconds



NOTE: There were 1 observations read from the data set WORK.MEANS.
NOTE: The data set WORK.MEANS has 1 observations and 3 variables.
NOTE: DATA statement used (Total process time):
      real time           0.01 seconds
      cpu time            0.01 seconds



NOTE: Variable outcome is uninitialized.
NOTE: Variable rowname is uninitialized.
NOTE: Variable _NAME_ is uninitialized.
NOTE: The data set WORK.TRICK has 1 observations and 3 variables.
NOTE: DATA statement used (Total process time):
      real time           0.01 seconds
      cpu time            0.01 seconds



NOTE: There were 1 observations read from the data set WORK.TRICK.
NOTE: There were 1 observations read from the data set WORK.MEANS.
NOTE: The data set WORK.MEANS has 2 observations and 4 variables.
NOTE: DATA statement used (Total process time):
      real time           0.01 seconds
      cpu time            0.00 seconds



NOTE: The DESCENDING option applies only to the multinomial distribution
      with ordinal response.
NOTE: Class levels for some variables were not printed due to excessive
      size.
NOTE: Algorithm converged.
NOTE: Algorithm converged.
NOTE: The data set WORK.LS_BG_TOP_N has 2 observations and 6 variables.
NOTE: The data set WORK.LS_BG_TOP_1_MAIN has 47 observations and 8
      variables.
WARNING: Output 'ParameterEstimates' was not created.  Make sure that the
         output object name, label, or path is spelled correctly.  Also,
         verify that the appropriate procedure options are used to produce
         the requested output object.  For example, verify that the
         NOPRINT option is not used.
NOTE: PROCEDURE GENMOD used (Total process time):
      real time           0.22 seconds
      cpu time            0.10 seconds



NOTE: There were 47 observations read from the data set
      WORK.LS_BG_TOP_1_MAIN.
NOTE: The data set WORK.LS_BG_TOP_1_MAIN has 1 observations and 4
      variables.
NOTE: DATA statement used (Total process time):
      real time           0.01 seconds
      cpu time            0.00 seconds


ERROR: The variable StdErr in the DROP, KEEP, or RENAME list has never
       been referenced.
ERROR: The variable parameter in the DROP, KEEP, or RENAME list has never
       been referenced.
ERROR: Invalid DROP, KEEP, or RENAME option on file
       WORK.LS_BG_TOP_1_MAIN_NOCLUS.

WARNING: The variable StdErr in the DROP, KEEP, or RENAME list has never
         been referenced.
WARNING: The variable StdErr in the DROP, KEEP, or RENAME list has never
         been referenced.
NOTE: The SAS System stopped processing this step because of errors.
WARNING: The data set WORK.LS_BG_TOP_1_MAIN_NOCLUS may be incomplete.
         When this step was stopped there were 0 observations and 0
         variables.
WARNING: Data set WORK.LS_BG_TOP_1_MAIN_NOCLUS was not replaced because
         this step was stopped.
NOTE: DATA statement used (Total process time):
      real time           0.00 seconds
      cpu time            0.01 seconds





NOTE: The DESCENDING option applies only to the multinomial distribution
      with ordinal response.
NOTE: Class levels for some variables were not printed due to excessive
      size.
NOTE: Algorithm converged.
NOTE: Algorithm converged.
NOTE: The data set WORK.LS_BG_TOP_1_MAIN_ROBUST has 47 observations and 8
      variables.
NOTE: PROCEDURE GENMOD used (Total process time):
      real time           0.32 seconds
      cpu time            0.20 seconds



NOTE: There were 47 observations read from the data set
      WORK.LS_BG_TOP_1_MAIN_ROBUST.
NOTE: The data set WORK.LS_BG_TOP_1_MAIN_ROBUST has 1 observations and 1
      variables.
NOTE: DATA statement used (Total process time):
      real time           0.01 seconds
      cpu time            0.01 seconds



NOTE: There were 1 observations read from the data set
      WORK.LS_BG_TOP_1_MAIN.
NOTE: There were 1 observations read from the data set
      WORK.LS_BG_TOP_1_MAIN_ROBUST.
NOTE: There were 0 observations read from the data set
      WORK.LS_BG_TOP_1_MAIN_NOCLUS.
NOTE: The data set WORK.LS_BG_TOP_1_MAIN has 1 observations and 5
      variables.
NOTE: DATA statement used (Total process time):
      real time           0.01 seconds
      cpu time            0.01 seconds



NOTE: There were 1 observations read from the data set
      WORK.LS_BG_TOP_1_MAIN.
NOTE: The data set WORK.LS_BG_TOP_1_MAIN has 3 observations and 5
      variables.
NOTE: PROCEDURE TRANSPOSE used (Total process time):
      real time           0.03 seconds
      cpu time            0.01 seconds



NOTE: The DESCENDING option applies only to the multinomial distribution
      with ordinal response.
NOTE: Class levels for some variables were not printed due to excessive
      size.
NOTE: Algorithm converged.
NOTE: Algorithm converged.
NOTE: The data set WORK.LS_BG_TOP_N has 2 observations and 6 variables.
NOTE: The data set WORK.LS_BG_TOP_2_LINEAR has 44 observations and 8
      variables.
WARNING: Output 'ParameterEstimates' was not created.  Make sure that the
         output object name, label, or path is spelled correctly.  Also,
         verify that the appropriate procedure options are used to produce
         the requested output object.  For example, verify that the
         NOPRINT option is not used.
NOTE: PROCEDURE GENMOD used (Total process time):
      real time           0.19 seconds
      cpu time            0.07 seconds



NOTE: There were 44 observations read from the data set
      WORK.LS_BG_TOP_2_LINEAR.
NOTE: The data set WORK.LS_BG_TOP_2_LINEAR has 1 observations and 4
      variables.
NOTE: DATA statement used (Total process time):
      real time           0.01 seconds
      cpu time            0.00 seconds


ERROR: The variable StdErr in the DROP, KEEP, or RENAME list has never
       been referenced.
ERROR: The variable parameter in the DROP, KEEP, or RENAME list has never
       been referenced.
ERROR: Invalid DROP, KEEP, or RENAME option on file
       WORK.LS_BG_TOP_2_LINEAR_NOCLUS.

WARNING: The variable StdErr in the DROP, KEEP, or RENAME list has never
         been referenced.
WARNING: The variable StdErr in the DROP, KEEP, or RENAME list has never
         been referenced.
NOTE: The SAS System stopped processing this step because of errors.
WARNING: The data set WORK.LS_BG_TOP_2_LINEAR_NOCLUS may be incomplete.
         When this step was stopped there were 0 observations and 0
         variables.
WARNING: Data set WORK.LS_BG_TOP_2_LINEAR_NOCLUS was not replaced because
         this step was stopped.
NOTE: DATA statement used (Total process time):
      real time           0.00 seconds
      cpu time            0.00 seconds





NOTE: The DESCENDING option applies only to the multinomial distribution
      with ordinal response.
NOTE: Class levels for some variables were not printed due to excessive
      size.
NOTE: Algorithm converged.
NOTE: Algorithm converged.
NOTE: The data set WORK.LS_BG_TOP_2_LINEAR_ROBUST has 44 observations and
      8 variables.
NOTE: PROCEDURE GENMOD used (Total process time):
      real time           0.31 seconds
      cpu time            0.22 seconds



NOTE: There were 44 observations read from the data set
      WORK.LS_BG_TOP_2_LINEAR_ROBUST.
NOTE: The data set WORK.LS_BG_TOP_2_LINEAR_ROBUST has 1 observations and 1
      variables.
NOTE: DATA statement used (Total process time):
      real time           0.01 seconds
      cpu time            0.00 seconds



NOTE: There were 1 observations read from the data set
      WORK.LS_BG_TOP_2_LINEAR.
NOTE: There were 1 observations read from the data set
      WORK.LS_BG_TOP_2_LINEAR_ROBUST.
NOTE: There were 0 observations read from the data set
      WORK.LS_BG_TOP_2_LINEAR_NOCLUS.
NOTE: The data set WORK.LS_BG_TOP_2_LINEAR has 1 observations and 5
      variables.
NOTE: DATA statement used (Total process time):
      real time           0.02 seconds
      cpu time            0.00 seconds



NOTE: There were 1 observations read from the data set
      WORK.LS_BG_TOP_2_LINEAR.
NOTE: The data set WORK.LS_BG_TOP_2_LINEAR has 3 observations and 5
      variables.
NOTE: PROCEDURE TRANSPOSE used (Total process time):
      real time           0.03 seconds
      cpu time            0.00 seconds



NOTE: There were 2 observations read from the data set WORK.LS_BG_TOP_N.
NOTE: The data set WORK.LS_BG_TOP_N has 1 observations and 3 variables.
NOTE: DATA statement used (Total process time):
      real time           0.01 seconds
      cpu time            0.00 seconds



NOTE: The data set WORK.SPACE1 has 1 observations and 1 variables.
NOTE: The data set WORK.SPACE2 has 1 observations and 1 variables.
NOTE: The data set WORK.SPACE3 has 1 observations and 1 variables.
NOTE: DATA statement used (Total process time):
      real time           0.03 seconds
      cpu time            0.03 seconds



NOTE: There were 2 observations read from the data set WORK.MEANS.
NOTE: There were 1 observations read from the data set WORK.SPACE1.
NOTE: There were 3 observations read from the data set
      WORK.LS_BG_TOP_1_MAIN.
NOTE: There were 1 observations read from the data set WORK.SPACE2.
NOTE: There were 3 observations read from the data set
      WORK.LS_BG_TOP_2_LINEAR.
NOTE: There were 1 observations read from the data set WORK.SPACE3.
NOTE: There were 1 observations read from the data set WORK.LS_BG_TOP_N.
NOTE: The data set WORK.C_LS_BG_TOP has 12 observations and 4 variables.
NOTE: DATA statement used (Total process time):
      real time           0.01 seconds
      cpu time            0.01 seconds


NOTE: Algorithm converged.
NOTE: Algorithm converged.
NOTE: The data set WORK.MEANS has 1 observations and 7 variables.
NOTE: PROCEDURE GENMOD used (Total process time):
      real time           0.10 seconds
      cpu time            0.00 seconds



NOTE: There were 1 observations read from the data set WORK.MEANS.
NOTE: The data set WORK.MEANS has 1 observations and 3 variables.
NOTE: DATA statement used (Total process time):
      real time           0.02 seconds
      cpu time            0.03 seconds



NOTE: Variable outcome is uninitialized.
NOTE: Variable rowname is uninitialized.
NOTE: Variable _NAME_ is uninitialized.
NOTE: The data set WORK.TRICK has 1 observations and 3 variables.
NOTE: DATA statement used (Total process time):
      real time           0.02 seconds
      cpu time            0.00 seconds



NOTE: There were 1 observations read from the data set WORK.TRICK.
NOTE: There were 1 observations read from the data set WORK.MEANS.
NOTE: The data set WORK.MEANS has 2 observations and 4 variables.
NOTE: DATA statement used (Total process time):
      real time           0.01 seconds
      cpu time            0.00 seconds



NOTE: The DESCENDING option applies only to the multinomial distribution
      with ordinal response.
NOTE: Class levels for some variables were not printed due to excessive
      size.
NOTE: Algorithm converged.
NOTE: Algorithm converged.
NOTE: The data set WORK.LS_BG_BOT_N has 2 observations and 6 variables.
NOTE: The data set WORK.LS_BG_BOT_1_MAIN has 47 observations and 8
      variables.
WARNING: Output 'ParameterEstimates' was not created.  Make sure that the
         output object name, label, or path is spelled correctly.  Also,
         verify that the appropriate procedure options are used to produce
         the requested output object.  For example, verify that the
         NOPRINT option is not used.
NOTE: PROCEDURE GENMOD used (Total process time):
      real time           0.21 seconds
      cpu time            0.12 seconds



NOTE: There were 47 observations read from the data set
      WORK.LS_BG_BOT_1_MAIN.
NOTE: The data set WORK.LS_BG_BOT_1_MAIN has 1 observations and 4
      variables.
NOTE: DATA statement used (Total process time):
      real time           0.01 seconds
      cpu time            0.01 seconds


ERROR: The variable StdErr in the DROP, KEEP, or RENAME list has never
       been referenced.
ERROR: The variable parameter in the DROP, KEEP, or RENAME list has never
       been referenced.
ERROR: Invalid DROP, KEEP, or RENAME option on file
       WORK.LS_BG_BOT_1_MAIN_NOCLUS.

WARNING: The variable StdErr in the DROP, KEEP, or RENAME list has never
         been referenced.
WARNING: The variable StdErr in the DROP, KEEP, or RENAME list has never
         been referenced.
NOTE: The SAS System stopped processing this step because of errors.
WARNING: The data set WORK.LS_BG_BOT_1_MAIN_NOCLUS may be incomplete.
         When this step was stopped there were 0 observations and 0
         variables.
WARNING: Data set WORK.LS_BG_BOT_1_MAIN_NOCLUS was not replaced because
         this step was stopped.
NOTE: DATA statement used (Total process time):
      real time           0.00 seconds
      cpu time            0.00 seconds





NOTE: The DESCENDING option applies only to the multinomial distribution
      with ordinal response.
NOTE: Class levels for some variables were not printed due to excessive
      size.
NOTE: Algorithm converged.
NOTE: Algorithm converged.
NOTE: The data set WORK.LS_BG_BOT_1_MAIN_ROBUST has 47 observations and 8
      variables.
NOTE: PROCEDURE GENMOD used (Total process time):
      real time           0.35 seconds
      cpu time            0.22 seconds



NOTE: There were 47 observations read from the data set
      WORK.LS_BG_BOT_1_MAIN_ROBUST.
NOTE: The data set WORK.LS_BG_BOT_1_MAIN_ROBUST has 1 observations and 1
      variables.
NOTE: DATA statement used (Total process time):
      real time           0.01 seconds
      cpu time            0.00 seconds



NOTE: There were 1 observations read from the data set
      WORK.LS_BG_BOT_1_MAIN.
NOTE: There were 1 observations read from the data set
      WORK.LS_BG_BOT_1_MAIN_ROBUST.
NOTE: There were 0 observations read from the data set
      WORK.LS_BG_BOT_1_MAIN_NOCLUS.
NOTE: The data set WORK.LS_BG_BOT_1_MAIN has 1 observations and 5
      variables.
NOTE: DATA statement used (Total process time):
      real time           0.02 seconds
      cpu time            0.03 seconds



NOTE: There were 1 observations read from the data set
      WORK.LS_BG_BOT_1_MAIN.
NOTE: The data set WORK.LS_BG_BOT_1_MAIN has 3 observations and 5
      variables.
NOTE: PROCEDURE TRANSPOSE used (Total process time):
      real time           0.03 seconds
      cpu time            0.00 seconds



NOTE: The DESCENDING option applies only to the multinomial distribution
      with ordinal response.
NOTE: Class levels for some variables were not printed due to excessive
      size.
NOTE: Algorithm converged.
NOTE: Algorithm converged.
NOTE: The data set WORK.LS_BG_BOT_N has 2 observations and 6 variables.
NOTE: The data set WORK.LS_BG_BOT_2_LINEAR has 44 observations and 8
      variables.
WARNING: Output 'ParameterEstimates' was not created.  Make sure that the
         output object name, label, or path is spelled correctly.  Also,
         verify that the appropriate procedure options are used to produce
         the requested output object.  For example, verify that the
         NOPRINT option is not used.
NOTE: PROCEDURE GENMOD used (Total process time):
      real time           0.21 seconds
      cpu time            0.11 seconds



NOTE: There were 44 observations read from the data set
      WORK.LS_BG_BOT_2_LINEAR.
NOTE: The data set WORK.LS_BG_BOT_2_LINEAR has 1 observations and 4
      variables.
NOTE: DATA statement used (Total process time):
      real time           0.01 seconds
      cpu time            0.01 seconds


ERROR: The variable StdErr in the DROP, KEEP, or RENAME list has never
       been referenced.
ERROR: The variable parameter in the DROP, KEEP, or RENAME list has never
       been referenced.
ERROR: Invalid DROP, KEEP, or RENAME option on file
       WORK.LS_BG_BOT_2_LINEAR_NOCLUS.

WARNING: The variable StdErr in the DROP, KEEP, or RENAME list has never
         been referenced.
WARNING: The variable StdErr in the DROP, KEEP, or RENAME list has never
         been referenced.
NOTE: The SAS System stopped processing this step because of errors.
WARNING: The data set WORK.LS_BG_BOT_2_LINEAR_NOCLUS may be incomplete.
         When this step was stopped there were 0 observations and 0
         variables.
WARNING: Data set WORK.LS_BG_BOT_2_LINEAR_NOCLUS was not replaced because
         this step was stopped.
NOTE: DATA statement used (Total process time):
      real time           0.00 seconds
      cpu time            0.00 seconds





NOTE: The DESCENDING option applies only to the multinomial distribution
      with ordinal response.
NOTE: Class levels for some variables were not printed due to excessive
      size.
NOTE: Algorithm converged.
NOTE: Algorithm converged.
NOTE: The data set WORK.LS_BG_BOT_2_LINEAR_ROBUST has 44 observations and
      8 variables.
NOTE: PROCEDURE GENMOD used (Total process time):
      real time           0.31 seconds
      cpu time            0.21 seconds



NOTE: There were 44 observations read from the data set
      WORK.LS_BG_BOT_2_LINEAR_ROBUST.
NOTE: The data set WORK.LS_BG_BOT_2_LINEAR_ROBUST has 1 observations and 1
      variables.
NOTE: DATA statement used (Total process time):
      real time           0.01 seconds
      cpu time            0.01 seconds



NOTE: There were 1 observations read from the data set
      WORK.LS_BG_BOT_2_LINEAR.
NOTE: There were 1 observations read from the data set
      WORK.LS_BG_BOT_2_LINEAR_ROBUST.
NOTE: There were 0 observations read from the data set
      WORK.LS_BG_BOT_2_LINEAR_NOCLUS.
NOTE: The data set WORK.LS_BG_BOT_2_LINEAR has 1 observations and 5
      variables.
NOTE: DATA statement used (Total process time):
      real time           0.01 seconds
      cpu time            0.03 seconds



NOTE: There were 1 observations read from the data set
      WORK.LS_BG_BOT_2_LINEAR.
NOTE: The data set WORK.LS_BG_BOT_2_LINEAR has 3 observations and 5
      variables.
NOTE: PROCEDURE TRANSPOSE used (Total process time):
      real time           0.02 seconds
      cpu time            0.03 seconds



NOTE: There were 2 observations read from the data set WORK.LS_BG_BOT_N.
NOTE: The data set WORK.LS_BG_BOT_N has 1 observations and 3 variables.
NOTE: DATA statement used (Total process time):
      real time           0.01 seconds
      cpu time            0.00 seconds



NOTE: The data set WORK.SPACE1 has 1 observations and 1 variables.
NOTE: The data set WORK.SPACE2 has 1 observations and 1 variables.
NOTE: The data set WORK.SPACE3 has 1 observations and 1 variables.
NOTE: DATA statement used (Total process time):
      real time           0.06 seconds
      cpu time            0.00 seconds



NOTE: There were 2 observations read from the data set WORK.MEANS.
NOTE: There were 1 observations read from the data set WORK.SPACE1.
NOTE: There were 3 observations read from the data set
      WORK.LS_BG_BOT_1_MAIN.
NOTE: There were 1 observations read from the data set WORK.SPACE2.
NOTE: There were 3 observations read from the data set
      WORK.LS_BG_BOT_2_LINEAR.
NOTE: There were 1 observations read from the data set WORK.SPACE3.
NOTE: There were 1 observations read from the data set WORK.LS_BG_BOT_N.
NOTE: The data set WORK.C_LS_BG_BOT has 12 observations and 4 variables.
NOTE: DATA statement used (Total process time):
      real time           0.03 seconds
      cpu time            0.01 seconds


NOTE: Algorithm converged.
NOTE: Algorithm converged.
NOTE: The data set WORK.MEANS has 1 observations and 7 variables.
NOTE: PROCEDURE GENMOD used (Total process time):
      real time           0.12 seconds
      cpu time            0.06 seconds



NOTE: There were 1 observations read from the data set WORK.MEANS.
NOTE: The data set WORK.MEANS has 1 observations and 3 variables.
NOTE: DATA statement used (Total process time):
      real time           0.01 seconds
      cpu time            0.00 seconds



NOTE: Variable outcome is uninitialized.
NOTE: Variable rowname is uninitialized.
NOTE: Variable _NAME_ is uninitialized.
NOTE: The data set WORK.TRICK has 1 observations and 3 variables.
NOTE: DATA statement used (Total process time):
      real time           0.01 seconds
      cpu time            0.00 seconds



NOTE: There were 1 observations read from the data set WORK.TRICK.
NOTE: There were 1 observations read from the data set WORK.MEANS.
NOTE: The data set WORK.MEANS has 2 observations and 4 variables.
NOTE: DATA statement used (Total process time):
      real time           0.01 seconds
      cpu time            0.01 seconds



NOTE: The DESCENDING option applies only to the multinomial distribution
      with ordinal response.
NOTE: Class levels for some variables were not printed due to excessive
      size.
NOTE: Algorithm converged.
NOTE: Algorithm converged.
NOTE: The data set WORK.P_BG_TOP_N has 2 observations and 6 variables.
NOTE: The data set WORK.P_BG_TOP_1_MAIN has 47 observations and 8
      variables.
WARNING: Output 'ParameterEstimates' was not created.  Make sure that the
         output object name, label, or path is spelled correctly.  Also,
         verify that the appropriate procedure options are used to produce
         the requested output object.  For example, verify that the
         NOPRINT option is not used.
NOTE: PROCEDURE GENMOD used (Total process time):
      real time           0.18 seconds
      cpu time            0.07 seconds



NOTE: There were 47 observations read from the data set
      WORK.P_BG_TOP_1_MAIN.
NOTE: The data set WORK.P_BG_TOP_1_MAIN has 1 observations and 4 variables.
NOTE: DATA statement used (Total process time):
      real time           0.01 seconds
      cpu time            0.01 seconds


ERROR: The variable StdErr in the DROP, KEEP, or RENAME list has never
       been referenced.
ERROR: The variable parameter in the DROP, KEEP, or RENAME list has never
       been referenced.
ERROR: Invalid DROP, KEEP, or RENAME option on file
       WORK.P_BG_TOP_1_MAIN_NOCLUS.

WARNING: The variable StdErr in the DROP, KEEP, or RENAME list has never
         been referenced.
WARNING: The variable StdErr in the DROP, KEEP, or RENAME list has never
         been referenced.
NOTE: The SAS System stopped processing this step because of errors.
WARNING: The data set WORK.P_BG_TOP_1_MAIN_NOCLUS may be incomplete.  When
         this step was stopped there were 0 observations and 0 variables.
WARNING: Data set WORK.P_BG_TOP_1_MAIN_NOCLUS was not replaced because
         this step was stopped.
NOTE: DATA statement used (Total process time):
      real time           0.00 seconds
      cpu time            0.00 seconds





NOTE: The DESCENDING option applies only to the multinomial distribution
      with ordinal response.
NOTE: Class levels for some variables were not printed due to excessive
      size.
NOTE: Algorithm converged.
NOTE: Algorithm converged.
NOTE: The data set WORK.P_BG_TOP_1_MAIN_ROBUST has 47 observations and 8
      variables.
NOTE: PROCEDURE GENMOD used (Total process time):
      real time           0.46 seconds
      cpu time            0.21 seconds



NOTE: There were 47 observations read from the data set
      WORK.P_BG_TOP_1_MAIN_ROBUST.
NOTE: The data set WORK.P_BG_TOP_1_MAIN_ROBUST has 1 observations and 1
      variables.
NOTE: DATA statement used (Total process time):
      real time           0.01 seconds
      cpu time            0.00 seconds



NOTE: There were 1 observations read from the data set
      WORK.P_BG_TOP_1_MAIN.
NOTE: There were 1 observations read from the data set
      WORK.P_BG_TOP_1_MAIN_ROBUST.
NOTE: There were 0 observations read from the data set
      WORK.P_BG_TOP_1_MAIN_NOCLUS.
NOTE: The data set WORK.P_BG_TOP_1_MAIN has 1 observations and 5 variables.
NOTE: DATA statement used (Total process time):
      real time           0.01 seconds
      cpu time            0.01 seconds



NOTE: There were 1 observations read from the data set
      WORK.P_BG_TOP_1_MAIN.
NOTE: The data set WORK.P_BG_TOP_1_MAIN has 3 observations and 5 variables.
NOTE: PROCEDURE TRANSPOSE used (Total process time):
      real time           0.02 seconds
      cpu time            0.01 seconds



NOTE: The DESCENDING option applies only to the multinomial distribution
      with ordinal response.
NOTE: Class levels for some variables were not printed due to excessive
      size.
NOTE: Algorithm converged.
NOTE: Algorithm converged.
NOTE: The data set WORK.P_BG_TOP_N has 2 observations and 6 variables.
NOTE: The data set WORK.P_BG_TOP_2_LINEAR has 44 observations and 8
      variables.
WARNING: Output 'ParameterEstimates' was not created.  Make sure that the
         output object name, label, or path is spelled correctly.  Also,
         verify that the appropriate procedure options are used to produce
         the requested output object.  For example, verify that the
         NOPRINT option is not used.
NOTE: PROCEDURE GENMOD used (Total process time):
      real time           0.17 seconds
      cpu time            0.07 seconds



NOTE: There were 44 observations read from the data set
      WORK.P_BG_TOP_2_LINEAR.
NOTE: The data set WORK.P_BG_TOP_2_LINEAR has 1 observations and 4
      variables.
NOTE: DATA statement used (Total process time):
      real time           0.01 seconds
      cpu time            0.00 seconds


ERROR: The variable StdErr in the DROP, KEEP, or RENAME list has never
       been referenced.
ERROR: The variable parameter in the DROP, KEEP, or RENAME list has never
       been referenced.
ERROR: Invalid DROP, KEEP, or RENAME option on file
       WORK.P_BG_TOP_2_LINEAR_NOCLUS.

WARNING: The variable StdErr in the DROP, KEEP, or RENAME list has never
         been referenced.
WARNING: The variable StdErr in the DROP, KEEP, or RENAME list has never
         been referenced.
NOTE: The SAS System stopped processing this step because of errors.
WARNING: The data set WORK.P_BG_TOP_2_LINEAR_NOCLUS may be incomplete.
         When this step was stopped there were 0 observations and 0
         variables.
WARNING: Data set WORK.P_BG_TOP_2_LINEAR_NOCLUS was not replaced because
         this step was stopped.
NOTE: DATA statement used (Total process time):
      real time           0.00 seconds
      cpu time            0.01 seconds





NOTE: The DESCENDING option applies only to the multinomial distribution
      with ordinal response.
NOTE: Class levels for some variables were not printed due to excessive
      size.
NOTE: Algorithm converged.
NOTE: Algorithm converged.
NOTE: The data set WORK.P_BG_TOP_2_LINEAR_ROBUST has 44 observations and 8
      variables.
NOTE: PROCEDURE GENMOD used (Total process time):
      real time           0.33 seconds
      cpu time            0.21 seconds



NOTE: There were 44 observations read from the data set
      WORK.P_BG_TOP_2_LINEAR_ROBUST.
NOTE: The data set WORK.P_BG_TOP_2_LINEAR_ROBUST has 1 observations and 1
      variables.
NOTE: DATA statement used (Total process time):
      real time           0.01 seconds
      cpu time            0.00 seconds



NOTE: There were 1 observations read from the data set
      WORK.P_BG_TOP_2_LINEAR.
NOTE: There were 1 observations read from the data set
      WORK.P_BG_TOP_2_LINEAR_ROBUST.
NOTE: There were 0 observations read from the data set
      WORK.P_BG_TOP_2_LINEAR_NOCLUS.
NOTE: The data set WORK.P_BG_TOP_2_LINEAR has 1 observations and 5
      variables.
NOTE: DATA statement used (Total process time):
      real time           0.01 seconds
      cpu time            0.00 seconds



NOTE: There were 1 observations read from the data set
      WORK.P_BG_TOP_2_LINEAR.
NOTE: The data set WORK.P_BG_TOP_2_LINEAR has 3 observations and 5
      variables.
NOTE: PROCEDURE TRANSPOSE used (Total process time):
      real time           0.02 seconds
      cpu time            0.00 seconds



NOTE: There were 2 observations read from the data set WORK.P_BG_TOP_N.
NOTE: The data set WORK.P_BG_TOP_N has 1 observations and 3 variables.
NOTE: DATA statement used (Total process time):
      real time           0.01 seconds
      cpu time            0.00 seconds



NOTE: The data set WORK.SPACE1 has 1 observations and 1 variables.
NOTE: The data set WORK.SPACE2 has 1 observations and 1 variables.
NOTE: The data set WORK.SPACE3 has 1 observations and 1 variables.
NOTE: DATA statement used (Total process time):
      real time           0.03 seconds
      cpu time            0.01 seconds



NOTE: There were 2 observations read from the data set WORK.MEANS.
NOTE: There were 1 observations read from the data set WORK.SPACE1.
NOTE: There were 3 observations read from the data set
      WORK.P_BG_TOP_1_MAIN.
NOTE: There were 1 observations read from the data set WORK.SPACE2.
NOTE: There were 3 observations read from the data set
      WORK.P_BG_TOP_2_LINEAR.
NOTE: There were 1 observations read from the data set WORK.SPACE3.
NOTE: There were 1 observations read from the data set WORK.P_BG_TOP_N.
NOTE: The data set WORK.C_P_BG_TOP has 12 observations and 4 variables.
NOTE: DATA statement used (Total process time):
      real time           0.01 seconds
      cpu time            0.00 seconds


NOTE: Algorithm converged.
NOTE: Algorithm converged.
NOTE: The data set WORK.MEANS has 1 observations and 7 variables.
NOTE: PROCEDURE GENMOD used (Total process time):
      real time           0.09 seconds
      cpu time            0.04 seconds



NOTE: There were 1 observations read from the data set WORK.MEANS.
NOTE: The data set WORK.MEANS has 1 observations and 3 variables.
NOTE: DATA statement used (Total process time):
      real time           0.01 seconds
      cpu time            0.00 seconds



NOTE: Variable outcome is uninitialized.
NOTE: Variable rowname is uninitialized.
NOTE: Variable _NAME_ is uninitialized.
NOTE: The data set WORK.TRICK has 1 observations and 3 variables.
NOTE: DATA statement used (Total process time):
      real time           0.01 seconds
      cpu time            0.01 seconds



NOTE: There were 1 observations read from the data set WORK.TRICK.
NOTE: There were 1 observations read from the data set WORK.MEANS.
NOTE: The data set WORK.MEANS has 2 observations and 4 variables.
NOTE: DATA statement used (Total process time):
      real time           0.01 seconds
      cpu time            0.00 seconds



NOTE: The DESCENDING option applies only to the multinomial distribution
      with ordinal response.
NOTE: Algorithm converged.
NOTE: Algorithm converged.
NOTE: The data set WORK.P_BG_BOT_N has 2 observations and 6 variables.
NOTE: The data set WORK.P_BG_BOT_1_MAIN has 41 observations and 8
      variables.
WARNING: Output 'ParameterEstimates' was not created.  Make sure that the
         output object name, label, or path is spelled correctly.  Also,
         verify that the appropriate procedure options are used to produce
         the requested output object.  For example, verify that the
         NOPRINT option is not used.
NOTE: PROCEDURE GENMOD used (Total process time):
      real time           0.38 seconds
      cpu time            0.11 seconds



NOTE: There were 41 observations read from the data set
      WORK.P_BG_BOT_1_MAIN.
NOTE: The data set WORK.P_BG_BOT_1_MAIN has 1 observations and 4 variables.
NOTE: DATA statement used (Total process time):
      real time           0.01 seconds
      cpu time            0.00 seconds


ERROR: The variable StdErr in the DROP, KEEP, or RENAME list has never
       been referenced.
ERROR: The variable parameter in the DROP, KEEP, or RENAME list has never
       been referenced.
ERROR: Invalid DROP, KEEP, or RENAME option on file
       WORK.P_BG_BOT_1_MAIN_NOCLUS.

WARNING: The variable StdErr in the DROP, KEEP, or RENAME list has never
         been referenced.
WARNING: The variable StdErr in the DROP, KEEP, or RENAME list has never
         been referenced.
NOTE: The SAS System stopped processing this step because of errors.
WARNING: The data set WORK.P_BG_BOT_1_MAIN_NOCLUS may be incomplete.  When
         this step was stopped there were 0 observations and 0 variables.
WARNING: Data set WORK.P_BG_BOT_1_MAIN_NOCLUS was not replaced because
         this step was stopped.
NOTE: DATA statement used (Total process time):
      real time           0.00 seconds
      cpu time            0.00 seconds





NOTE: The DESCENDING option applies only to the multinomial distribution
      with ordinal response.
NOTE: Class levels for some variables were not printed due to excessive
      size.
NOTE: Algorithm converged.
NOTE: Algorithm converged.
NOTE: The data set WORK.P_BG_BOT_1_MAIN_ROBUST has 41 observations and 8
      variables.
NOTE: PROCEDURE GENMOD used (Total process time):
      real time           0.27 seconds
      cpu time            0.17 seconds



NOTE: There were 41 observations read from the data set
      WORK.P_BG_BOT_1_MAIN_ROBUST.
NOTE: The data set WORK.P_BG_BOT_1_MAIN_ROBUST has 1 observations and 1
      variables.
NOTE: DATA statement used (Total process time):
      real time           0.01 seconds
      cpu time            0.00 seconds



NOTE: There were 1 observations read from the data set
      WORK.P_BG_BOT_1_MAIN.
NOTE: There were 1 observations read from the data set
      WORK.P_BG_BOT_1_MAIN_ROBUST.
NOTE: There were 0 observations read from the data set
      WORK.P_BG_BOT_1_MAIN_NOCLUS.
NOTE: The data set WORK.P_BG_BOT_1_MAIN has 1 observations and 5 variables.
NOTE: DATA statement used (Total process time):
      real time           0.01 seconds
      cpu time            0.01 seconds



NOTE: There were 1 observations read from the data set
      WORK.P_BG_BOT_1_MAIN.
NOTE: The data set WORK.P_BG_BOT_1_MAIN has 3 observations and 5 variables.
NOTE: PROCEDURE TRANSPOSE used (Total process time):
      real time           0.02 seconds
      cpu time            0.01 seconds



NOTE: The DESCENDING option applies only to the multinomial distribution
      with ordinal response.
NOTE: Algorithm converged.
NOTE: Algorithm converged.
NOTE: The data set WORK.P_BG_BOT_N has 2 observations and 6 variables.
NOTE: The data set WORK.P_BG_BOT_2_LINEAR has 38 observations and 8
      variables.
WARNING: Output 'ParameterEstimates' was not created.  Make sure that the
         output object name, label, or path is spelled correctly.  Also,
         verify that the appropriate procedure options are used to produce
         the requested output object.  For example, verify that the
         NOPRINT option is not used.
NOTE: PROCEDURE GENMOD used (Total process time):
      real time           0.15 seconds
      cpu time            0.10 seconds



NOTE: There were 38 observations read from the data set
      WORK.P_BG_BOT_2_LINEAR.
NOTE: The data set WORK.P_BG_BOT_2_LINEAR has 1 observations and 4
      variables.
NOTE: DATA statement used (Total process time):
      real time           0.01 seconds
      cpu time            0.00 seconds


ERROR: The variable StdErr in the DROP, KEEP, or RENAME list has never
       been referenced.
ERROR: The variable parameter in the DROP, KEEP, or RENAME list has never
       been referenced.
ERROR: Invalid DROP, KEEP, or RENAME option on file
       WORK.P_BG_BOT_2_LINEAR_NOCLUS.

WARNING: The variable StdErr in the DROP, KEEP, or RENAME list has never
         been referenced.
WARNING: The variable StdErr in the DROP, KEEP, or RENAME list has never
         been referenced.
NOTE: The SAS System stopped processing this step because of errors.
WARNING: The data set WORK.P_BG_BOT_2_LINEAR_NOCLUS may be incomplete.
         When this step was stopped there were 0 observations and 0
         variables.
WARNING: Data set WORK.P_BG_BOT_2_LINEAR_NOCLUS was not replaced because
         this step was stopped.
NOTE: DATA statement used (Total process time):
      real time           0.00 seconds
      cpu time            0.01 seconds





NOTE: The DESCENDING option applies only to the multinomial distribution
      with ordinal response.
NOTE: Class levels for some variables were not printed due to excessive
      size.
NOTE: Algorithm converged.
NOTE: Algorithm converged.
NOTE: The data set WORK.P_BG_BOT_2_LINEAR_ROBUST has 38 observations and 8
      variables.
NOTE: PROCEDURE GENMOD used (Total process time):
      real time           0.25 seconds
      cpu time            0.14 seconds



NOTE: There were 38 observations read from the data set
      WORK.P_BG_BOT_2_LINEAR_ROBUST.
NOTE: The data set WORK.P_BG_BOT_2_LINEAR_ROBUST has 1 observations and 1
      variables.
NOTE: DATA statement used (Total process time):
      real time           0.01 seconds
      cpu time            0.03 seconds



NOTE: There were 1 observations read from the data set
      WORK.P_BG_BOT_2_LINEAR.
NOTE: There were 1 observations read from the data set
      WORK.P_BG_BOT_2_LINEAR_ROBUST.
NOTE: There were 0 observations read from the data set
      WORK.P_BG_BOT_2_LINEAR_NOCLUS.
NOTE: The data set WORK.P_BG_BOT_2_LINEAR has 1 observations and 5
      variables.
NOTE: DATA statement used (Total process time):
      real time           0.01 seconds
      cpu time            0.00 seconds



NOTE: There were 1 observations read from the data set
      WORK.P_BG_BOT_2_LINEAR.
NOTE: The data set WORK.P_BG_BOT_2_LINEAR has 3 observations and 5
      variables.
NOTE: PROCEDURE TRANSPOSE used (Total process time):
      real time           0.03 seconds
      cpu time            0.00 seconds



NOTE: There were 2 observations read from the data set WORK.P_BG_BOT_N.
NOTE: The data set WORK.P_BG_BOT_N has 1 observations and 3 variables.
NOTE: DATA statement used (Total process time):
      real time           0.01 seconds
      cpu time            0.01 seconds



NOTE: The data set WORK.SPACE1 has 1 observations and 1 variables.
NOTE: The data set WORK.SPACE2 has 1 observations and 1 variables.
NOTE: The data set WORK.SPACE3 has 1 observations and 1 variables.
NOTE: DATA statement used (Total process time):
      real time           0.03 seconds
      cpu time            0.01 seconds



NOTE: There were 2 observations read from the data set WORK.MEANS.
NOTE: There were 1 observations read from the data set WORK.SPACE1.
NOTE: There were 3 observations read from the data set
      WORK.P_BG_BOT_1_MAIN.
NOTE: There were 1 observations read from the data set WORK.SPACE2.
NOTE: There were 3 observations read from the data set
      WORK.P_BG_BOT_2_LINEAR.
NOTE: There were 1 observations read from the data set WORK.SPACE3.
NOTE: There were 1 observations read from the data set WORK.P_BG_BOT_N.
NOTE: The data set WORK.C_P_BG_BOT has 12 observations and 4 variables.
NOTE: DATA statement used (Total process time):
      real time           0.02 seconds
      cpu time            0.01 seconds


NOTE: Algorithm converged.
NOTE: Algorithm converged.
NOTE: The data set WORK.MEANS has 1 observations and 7 variables.
NOTE: PROCEDURE GENMOD used (Total process time):
      real time           0.23 seconds
      cpu time            0.03 seconds



NOTE: There were 1 observations read from the data set WORK.MEANS.
NOTE: The data set WORK.MEANS has 1 observations and 3 variables.
NOTE: DATA statement used (Total process time):
      real time           0.01 seconds
      cpu time            0.01 seconds



NOTE: Variable outcome is uninitialized.
NOTE: Variable rowname is uninitialized.
NOTE: Variable _NAME_ is uninitialized.
NOTE: The data set WORK.TRICK has 1 observations and 3 variables.
NOTE: DATA statement used (Total process time):
      real time           0.01 seconds
      cpu time            0.01 seconds



NOTE: There were 1 observations read from the data set WORK.TRICK.
NOTE: There were 1 observations read from the data set WORK.MEANS.
NOTE: The data set WORK.MEANS has 2 observations and 4 variables.
NOTE: DATA statement used (Total process time):
      real time           0.01 seconds
      cpu time            0.00 seconds



NOTE: The DESCENDING option applies only to the multinomial distribution
      with ordinal response.
NOTE: Algorithm converged.
NOTE: Algorithm converged.
NOTE: The data set WORK.LS_B_TOP_N has 2 observations and 6 variables.
NOTE: The data set WORK.LS_B_TOP_1_MAIN has 41 observations and 8
      variables.
WARNING: Output 'ParameterEstimates' was not created.  Make sure that the
         output object name, label, or path is spelled correctly.  Also,
         verify that the appropriate procedure options are used to produce
         the requested output object.  For example, verify that the
         NOPRINT option is not used.
NOTE: PROCEDURE GENMOD used (Total process time):
      real time           0.13 seconds
      cpu time            0.07 seconds



NOTE: There were 41 observations read from the data set
      WORK.LS_B_TOP_1_MAIN.
NOTE: The data set WORK.LS_B_TOP_1_MAIN has 1 observations and 4 variables.
NOTE: DATA statement used (Total process time):
      real time           0.01 seconds
      cpu time            0.01 seconds


ERROR: The variable StdErr in the DROP, KEEP, or RENAME list has never
       been referenced.
ERROR: The variable parameter in the DROP, KEEP, or RENAME list has never
       been referenced.
ERROR: Invalid DROP, KEEP, or RENAME option on file
       WORK.LS_B_TOP_1_MAIN_NOCLUS.

WARNING: The variable StdErr in the DROP, KEEP, or RENAME list has never
         been referenced.
WARNING: The variable StdErr in the DROP, KEEP, or RENAME list has never
         been referenced.
NOTE: The SAS System stopped processing this step because of errors.
WARNING: The data set WORK.LS_B_TOP_1_MAIN_NOCLUS may be incomplete.  When
         this step was stopped there were 0 observations and 0 variables.
WARNING: Data set WORK.LS_B_TOP_1_MAIN_NOCLUS was not replaced because
         this step was stopped.
NOTE: DATA statement used (Total process time):
      real time           0.00 seconds
      cpu time            0.00 seconds





NOTE: The DESCENDING option applies only to the multinomial distribution
      with ordinal response.
NOTE: Class levels for some variables were not printed due to excessive
      size.
NOTE: Algorithm converged.
NOTE: Algorithm converged.
NOTE: The data set WORK.LS_B_TOP_1_MAIN_ROBUST has 41 observations and 8
      variables.
NOTE: PROCEDURE GENMOD used (Total process time):
      real time           0.19 seconds
      cpu time            0.12 seconds



NOTE: There were 41 observations read from the data set
      WORK.LS_B_TOP_1_MAIN_ROBUST.
NOTE: The data set WORK.LS_B_TOP_1_MAIN_ROBUST has 1 observations and 1
      variables.
NOTE: DATA statement used (Total process time):
      real time           0.01 seconds
      cpu time            0.01 seconds



NOTE: There were 1 observations read from the data set
      WORK.LS_B_TOP_1_MAIN.
NOTE: There were 1 observations read from the data set
      WORK.LS_B_TOP_1_MAIN_ROBUST.
NOTE: There were 0 observations read from the data set
      WORK.LS_B_TOP_1_MAIN_NOCLUS.
NOTE: The data set WORK.LS_B_TOP_1_MAIN has 1 observations and 5 variables.
NOTE: DATA statement used (Total process time):
      real time           0.01 seconds
      cpu time            0.01 seconds



NOTE: There were 1 observations read from the data set
      WORK.LS_B_TOP_1_MAIN.
NOTE: The data set WORK.LS_B_TOP_1_MAIN has 3 observations and 5 variables.
NOTE: PROCEDURE TRANSPOSE used (Total process time):
      real time           0.02 seconds
      cpu time            0.01 seconds



NOTE: The DESCENDING option applies only to the multinomial distribution
      with ordinal response.
NOTE: Algorithm converged.
NOTE: Algorithm converged.
NOTE: The data set WORK.LS_B_TOP_N has 2 observations and 6 variables.
NOTE: The data set WORK.LS_B_TOP_2_LINEAR has 38 observations and 8
      variables.
WARNING: Output 'ParameterEstimates' was not created.  Make sure that the
         output object name, label, or path is spelled correctly.  Also,
         verify that the appropriate procedure options are used to produce
         the requested output object.  For example, verify that the
         NOPRINT option is not used.
NOTE: PROCEDURE GENMOD used (Total process time):
      real time           0.15 seconds
      cpu time            0.09 seconds



NOTE: There were 38 observations read from the data set
      WORK.LS_B_TOP_2_LINEAR.
NOTE: The data set WORK.LS_B_TOP_2_LINEAR has 1 observations and 4
      variables.
NOTE: DATA statement used (Total process time):
      real time           0.02 seconds
      cpu time            0.00 seconds


ERROR: The variable StdErr in the DROP, KEEP, or RENAME list has never
       been referenced.
ERROR: The variable parameter in the DROP, KEEP, or RENAME list has never
       been referenced.
ERROR: Invalid DROP, KEEP, or RENAME option on file
       WORK.LS_B_TOP_2_LINEAR_NOCLUS.

WARNING: The variable StdErr in the DROP, KEEP, or RENAME list has never
         been referenced.
WARNING: The variable StdErr in the DROP, KEEP, or RENAME list has never
         been referenced.
NOTE: The SAS System stopped processing this step because of errors.
WARNING: The data set WORK.LS_B_TOP_2_LINEAR_NOCLUS may be incomplete.
         When this step was stopped there were 0 observations and 0
         variables.
WARNING: Data set WORK.LS_B_TOP_2_LINEAR_NOCLUS was not replaced because
         this step was stopped.
NOTE: DATA statement used (Total process time):
      real time           0.00 seconds
      cpu time            0.01 seconds





NOTE: The DESCENDING option applies only to the multinomial distribution
      with ordinal response.
NOTE: Class levels for some variables were not printed due to excessive
      size.
NOTE: Algorithm converged.
NOTE: Algorithm converged.
NOTE: The data set WORK.LS_B_TOP_2_LINEAR_ROBUST has 38 observations and 8
      variables.
NOTE: PROCEDURE GENMOD used (Total process time):
      real time           0.20 seconds
      cpu time            0.12 seconds



NOTE: There were 38 observations read from the data set
      WORK.LS_B_TOP_2_LINEAR_ROBUST.
NOTE: The data set WORK.LS_B_TOP_2_LINEAR_ROBUST has 1 observations and 1
      variables.
NOTE: DATA statement used (Total process time):
      real time           0.01 seconds
      cpu time            0.01 seconds



NOTE: There were 1 observations read from the data set
      WORK.LS_B_TOP_2_LINEAR.
NOTE: There were 1 observations read from the data set
      WORK.LS_B_TOP_2_LINEAR_ROBUST.
NOTE: There were 0 observations read from the data set
      WORK.LS_B_TOP_2_LINEAR_NOCLUS.
NOTE: The data set WORK.LS_B_TOP_2_LINEAR has 1 observations and 5
      variables.
NOTE: DATA statement used (Total process time):
      real time           0.01 seconds
      cpu time            0.00 seconds



NOTE: There were 1 observations read from the data set
      WORK.LS_B_TOP_2_LINEAR.
NOTE: The data set WORK.LS_B_TOP_2_LINEAR has 3 observations and 5
      variables.
NOTE: PROCEDURE TRANSPOSE used (Total process time):
      real time           0.02 seconds
      cpu time            0.00 seconds



NOTE: There were 2 observations read from the data set WORK.LS_B_TOP_N.
NOTE: The data set WORK.LS_B_TOP_N has 1 observations and 3 variables.
NOTE: DATA statement used (Total process time):
      real time           0.01 seconds
      cpu time            0.00 seconds



NOTE: The data set WORK.SPACE1 has 1 observations and 1 variables.
NOTE: The data set WORK.SPACE2 has 1 observations and 1 variables.
NOTE: The data set WORK.SPACE3 has 1 observations and 1 variables.
NOTE: DATA statement used (Total process time):
      real time           0.03 seconds
      cpu time            0.01 seconds



NOTE: There were 2 observations read from the data set WORK.MEANS.
NOTE: There were 1 observations read from the data set WORK.SPACE1.
NOTE: There were 3 observations read from the data set
      WORK.LS_B_TOP_1_MAIN.
NOTE: There were 1 observations read from the data set WORK.SPACE2.
NOTE: There were 3 observations read from the data set
      WORK.LS_B_TOP_2_LINEAR.
NOTE: There were 1 observations read from the data set WORK.SPACE3.
NOTE: There were 1 observations read from the data set WORK.LS_B_TOP_N.
NOTE: The data set WORK.C_LS_B_TOP has 12 observations and 4 variables.
NOTE: DATA statement used (Total process time):
      real time           0.01 seconds
      cpu time            0.00 seconds


NOTE: Algorithm converged.
NOTE: Algorithm converged.
NOTE: The data set WORK.MEANS has 1 observations and 7 variables.
NOTE: PROCEDURE GENMOD used (Total process time):
      real time           0.09 seconds
      cpu time            0.06 seconds



NOTE: There were 1 observations read from the data set WORK.MEANS.
NOTE: The data set WORK.MEANS has 1 observations and 3 variables.
NOTE: DATA statement used (Total process time):
      real time           0.01 seconds
      cpu time            0.01 seconds



NOTE: Variable outcome is uninitialized.
NOTE: Variable rowname is uninitialized.
NOTE: Variable _NAME_ is uninitialized.
NOTE: The data set WORK.TRICK has 1 observations and 3 variables.
NOTE: DATA statement used (Total process time):
      real time           0.23 seconds
      cpu time            0.01 seconds



NOTE: There were 1 observations read from the data set WORK.TRICK.
NOTE: There were 1 observations read from the data set WORK.MEANS.
NOTE: The data set WORK.MEANS has 2 observations and 4 variables.
NOTE: DATA statement used (Total process time):
      real time           0.01 seconds
      cpu time            0.01 seconds



NOTE: The DESCENDING option applies only to the multinomial distribution
      with ordinal response.
NOTE: Algorithm converged.
NOTE: Algorithm converged.
NOTE: The data set WORK.LS_B_BOT_N has 2 observations and 6 variables.
NOTE: The data set WORK.LS_B_BOT_1_MAIN has 42 observations and 8
      variables.
WARNING: Output 'ParameterEstimates' was not created.  Make sure that the
         output object name, label, or path is spelled correctly.  Also,
         verify that the appropriate procedure options are used to produce
         the requested output object.  For example, verify that the
         NOPRINT option is not used.
NOTE: PROCEDURE GENMOD used (Total process time):
      real time           0.15 seconds
      cpu time            0.03 seconds



NOTE: There were 42 observations read from the data set
      WORK.LS_B_BOT_1_MAIN.
NOTE: The data set WORK.LS_B_BOT_1_MAIN has 1 observations and 4 variables.
NOTE: DATA statement used (Total process time):
      real time           0.01 seconds
      cpu time            0.00 seconds


ERROR: The variable StdErr in the DROP, KEEP, or RENAME list has never
       been referenced.
ERROR: The variable parameter in the DROP, KEEP, or RENAME list has never
       been referenced.
ERROR: Invalid DROP, KEEP, or RENAME option on file
       WORK.LS_B_BOT_1_MAIN_NOCLUS.

WARNING: The variable StdErr in the DROP, KEEP, or RENAME list has never
         been referenced.
WARNING: The variable StdErr in the DROP, KEEP, or RENAME list has never
         been referenced.
NOTE: The SAS System stopped processing this step because of errors.
WARNING: The data set WORK.LS_B_BOT_1_MAIN_NOCLUS may be incomplete.  When
         this step was stopped there were 0 observations and 0 variables.
WARNING: Data set WORK.LS_B_BOT_1_MAIN_NOCLUS was not replaced because
         this step was stopped.
NOTE: DATA statement used (Total process time):
      real time           0.00 seconds
      cpu time            0.00 seconds





NOTE: The DESCENDING option applies only to the multinomial distribution
      with ordinal response.
NOTE: Class levels for some variables were not printed due to excessive
      size.
NOTE: Algorithm converged.
NOTE: Algorithm converged.
NOTE: The data set WORK.LS_B_BOT_1_MAIN_ROBUST has 42 observations and 8
      variables.
NOTE: PROCEDURE GENMOD used (Total process time):
      real time           0.20 seconds
      cpu time            0.09 seconds



NOTE: There were 42 observations read from the data set
      WORK.LS_B_BOT_1_MAIN_ROBUST.
NOTE: The data set WORK.LS_B_BOT_1_MAIN_ROBUST has 1 observations and 1
      variables.
NOTE: DATA statement used (Total process time):
      real time           0.01 seconds
      cpu time            0.00 seconds



NOTE: There were 1 observations read from the data set
      WORK.LS_B_BOT_1_MAIN.
NOTE: There were 1 observations read from the data set
      WORK.LS_B_BOT_1_MAIN_ROBUST.
NOTE: There were 0 observations read from the data set
      WORK.LS_B_BOT_1_MAIN_NOCLUS.
NOTE: The data set WORK.LS_B_BOT_1_MAIN has 1 observations and 5 variables.
NOTE: DATA statement used (Total process time):
      real time           0.01 seconds
      cpu time            0.01 seconds



NOTE: There were 1 observations read from the data set
      WORK.LS_B_BOT_1_MAIN.
NOTE: The data set WORK.LS_B_BOT_1_MAIN has 3 observations and 5 variables.
NOTE: PROCEDURE TRANSPOSE used (Total process time):
      real time           0.02 seconds
      cpu time            0.00 seconds



NOTE: The DESCENDING option applies only to the multinomial distribution
      with ordinal response.
NOTE: Algorithm converged.
NOTE: Algorithm converged.
NOTE: The data set WORK.LS_B_BOT_N has 2 observations and 6 variables.
NOTE: The data set WORK.LS_B_BOT_2_LINEAR has 39 observations and 8
      variables.
WARNING: Output 'ParameterEstimates' was not created.  Make sure that the
         output object name, label, or path is spelled correctly.  Also,
         verify that the appropriate procedure options are used to produce
         the requested output object.  For example, verify that the
         NOPRINT option is not used.
NOTE: PROCEDURE GENMOD used (Total process time):
      real time           0.16 seconds
      cpu time            0.04 seconds



NOTE: There were 39 observations read from the data set
      WORK.LS_B_BOT_2_LINEAR.
NOTE: The data set WORK.LS_B_BOT_2_LINEAR has 1 observations and 4
      variables.
NOTE: DATA statement used (Total process time):
      real time           0.01 seconds
      cpu time            0.01 seconds


ERROR: The variable StdErr in the DROP, KEEP, or RENAME list has never
       been referenced.
ERROR: The variable parameter in the DROP, KEEP, or RENAME list has never
       been referenced.
ERROR: Invalid DROP, KEEP, or RENAME option on file
       WORK.LS_B_BOT_2_LINEAR_NOCLUS.

WARNING: The variable StdErr in the DROP, KEEP, or RENAME list has never
         been referenced.
WARNING: The variable StdErr in the DROP, KEEP, or RENAME list has never
         been referenced.
NOTE: The SAS System stopped processing this step because of errors.
WARNING: The data set WORK.LS_B_BOT_2_LINEAR_NOCLUS may be incomplete.
         When this step was stopped there were 0 observations and 0
         variables.
WARNING: Data set WORK.LS_B_BOT_2_LINEAR_NOCLUS was not replaced because
         this step was stopped.
NOTE: DATA statement used (Total process time):
      real time           0.00 seconds
      cpu time            0.00 seconds





NOTE: The DESCENDING option applies only to the multinomial distribution
      with ordinal response.
NOTE: Class levels for some variables were not printed due to excessive
      size.
NOTE: Algorithm converged.
NOTE: Algorithm converged.
NOTE: The data set WORK.LS_B_BOT_2_LINEAR_ROBUST has 39 observations and 8
      variables.
NOTE: PROCEDURE GENMOD used (Total process time):
      real time           0.18 seconds
      cpu time            0.10 seconds



NOTE: There were 39 observations read from the data set
      WORK.LS_B_BOT_2_LINEAR_ROBUST.
NOTE: The data set WORK.LS_B_BOT_2_LINEAR_ROBUST has 1 observations and 1
      variables.
NOTE: DATA statement used (Total process time):
      real time           0.01 seconds
      cpu time            0.01 seconds



NOTE: There were 1 observations read from the data set
      WORK.LS_B_BOT_2_LINEAR.
NOTE: There were 1 observations read from the data set
      WORK.LS_B_BOT_2_LINEAR_ROBUST.
NOTE: There were 0 observations read from the data set
      WORK.LS_B_BOT_2_LINEAR_NOCLUS.
NOTE: The data set WORK.LS_B_BOT_2_LINEAR has 1 observations and 5
      variables.
NOTE: DATA statement used (Total process time):
      real time           0.01 seconds
      cpu time            0.00 seconds



NOTE: There were 1 observations read from the data set
      WORK.LS_B_BOT_2_LINEAR.
NOTE: The data set WORK.LS_B_BOT_2_LINEAR has 3 observations and 5
      variables.
NOTE: PROCEDURE TRANSPOSE used (Total process time):
      real time           0.03 seconds
      cpu time            0.01 seconds



NOTE: There were 2 observations read from the data set WORK.LS_B_BOT_N.
NOTE: The data set WORK.LS_B_BOT_N has 1 observations and 3 variables.
NOTE: DATA statement used (Total process time):
      real time           0.01 seconds
      cpu time            0.01 seconds



NOTE: The data set WORK.SPACE1 has 1 observations and 1 variables.
NOTE: The data set WORK.SPACE2 has 1 observations and 1 variables.
NOTE: The data set WORK.SPACE3 has 1 observations and 1 variables.
NOTE: DATA statement used (Total process time):
      real time           0.04 seconds
      cpu time            0.03 seconds



NOTE: There were 2 observations read from the data set WORK.MEANS.
NOTE: There were 1 observations read from the data set WORK.SPACE1.
NOTE: There were 3 observations read from the data set
      WORK.LS_B_BOT_1_MAIN.
NOTE: There were 1 observations read from the data set WORK.SPACE2.
NOTE: There were 3 observations read from the data set
      WORK.LS_B_BOT_2_LINEAR.
NOTE: There were 1 observations read from the data set WORK.SPACE3.
NOTE: There were 1 observations read from the data set WORK.LS_B_BOT_N.
NOTE: The data set WORK.C_LS_B_BOT has 12 observations and 4 variables.
NOTE: DATA statement used (Total process time):
      real time           0.01 seconds
      cpu time            0.00 seconds


NOTE: Algorithm converged.
NOTE: Algorithm converged.
NOTE: The data set WORK.MEANS has 1 observations and 7 variables.
NOTE: PROCEDURE GENMOD used (Total process time):
      real time           0.12 seconds
      cpu time            0.03 seconds



NOTE: There were 1 observations read from the data set WORK.MEANS.
NOTE: The data set WORK.MEANS has 1 observations and 3 variables.
NOTE: DATA statement used (Total process time):
      real time           0.01 seconds
      cpu time            0.01 seconds



NOTE: Variable outcome is uninitialized.
NOTE: Variable rowname is uninitialized.
NOTE: Variable _NAME_ is uninitialized.
NOTE: The data set WORK.TRICK has 1 observations and 3 variables.
NOTE: DATA statement used (Total process time):
      real time           0.01 seconds
      cpu time            0.00 seconds



NOTE: There were 1 observations read from the data set WORK.TRICK.
NOTE: There were 1 observations read from the data set WORK.MEANS.
NOTE: The data set WORK.MEANS has 2 observations and 4 variables.
NOTE: DATA statement used (Total process time):
      real time           0.01 seconds
      cpu time            0.01 seconds



NOTE: The DESCENDING option applies only to the multinomial distribution
      with ordinal response.
NOTE: Algorithm converged.
NOTE: Algorithm converged.
NOTE: The data set WORK.P_B_TOP_N has 2 observations and 6 variables.
NOTE: The data set WORK.P_B_TOP_1_MAIN has 41 observations and 8 variables.
WARNING: Output 'ParameterEstimates' was not created.  Make sure that the
         output object name, label, or path is spelled correctly.  Also,
         verify that the appropriate procedure options are used to produce
         the requested output object.  For example, verify that the
         NOPRINT option is not used.
NOTE: PROCEDURE GENMOD used (Total process time):
      real time           0.16 seconds
      cpu time            0.06 seconds



NOTE: There were 41 observations read from the data set
      WORK.P_B_TOP_1_MAIN.
NOTE: The data set WORK.P_B_TOP_1_MAIN has 1 observations and 4 variables.
NOTE: DATA statement used (Total process time):
      real time           0.01 seconds
      cpu time            0.01 seconds


ERROR: The variable StdErr in the DROP, KEEP, or RENAME list has never
       been referenced.
ERROR: The variable parameter in the DROP, KEEP, or RENAME list has never
       been referenced.
ERROR: Invalid DROP, KEEP, or RENAME option on file
       WORK.P_B_TOP_1_MAIN_NOCLUS.

WARNING: The variable StdErr in the DROP, KEEP, or RENAME list has never
         been referenced.
WARNING: The variable StdErr in the DROP, KEEP, or RENAME list has never
         been referenced.
NOTE: The SAS System stopped processing this step because of errors.
WARNING: The data set WORK.P_B_TOP_1_MAIN_NOCLUS may be incomplete.  When
         this step was stopped there were 0 observations and 0 variables.
WARNING: Data set WORK.P_B_TOP_1_MAIN_NOCLUS was not replaced because this
         step was stopped.
NOTE: DATA statement used (Total process time):
      real time           0.00 seconds
      cpu time            0.00 seconds





NOTE: The DESCENDING option applies only to the multinomial distribution
      with ordinal response.
NOTE: Class levels for some variables were not printed due to excessive
      size.
NOTE: Algorithm converged.
NOTE: Algorithm converged.
NOTE: The data set WORK.P_B_TOP_1_MAIN_ROBUST has 41 observations and 8
      variables.
NOTE: PROCEDURE GENMOD used (Total process time):
      real time           0.23 seconds
      cpu time            0.15 seconds



NOTE: There were 41 observations read from the data set
      WORK.P_B_TOP_1_MAIN_ROBUST.
NOTE: The data set WORK.P_B_TOP_1_MAIN_ROBUST has 1 observations and 1
      variables.
NOTE: DATA statement used (Total process time):
      real time           0.01 seconds
      cpu time            0.00 seconds



NOTE: There were 1 observations read from the data set WORK.P_B_TOP_1_MAIN.
NOTE: There were 1 observations read from the data set
      WORK.P_B_TOP_1_MAIN_ROBUST.
NOTE: There were 0 observations read from the data set
      WORK.P_B_TOP_1_MAIN_NOCLUS.
NOTE: The data set WORK.P_B_TOP_1_MAIN has 1 observations and 5 variables.
NOTE: DATA statement used (Total process time):
      real time           0.01 seconds
      cpu time            0.00 seconds



NOTE: There were 1 observations read from the data set WORK.P_B_TOP_1_MAIN.
NOTE: The data set WORK.P_B_TOP_1_MAIN has 3 observations and 5 variables.
NOTE: PROCEDURE TRANSPOSE used (Total process time):
      real time           0.02 seconds
      cpu time            0.00 seconds



NOTE: The DESCENDING option applies only to the multinomial distribution
      with ordinal response.
NOTE: Algorithm converged.
NOTE: Algorithm converged.
NOTE: The data set WORK.P_B_TOP_N has 2 observations and 6 variables.
NOTE: The data set WORK.P_B_TOP_2_LINEAR has 38 observations and 8
      variables.
WARNING: Output 'ParameterEstimates' was not created.  Make sure that the
         output object name, label, or path is spelled correctly.  Also,
         verify that the appropriate procedure options are used to produce
         the requested output object.  For example, verify that the
         NOPRINT option is not used.
NOTE: PROCEDURE GENMOD used (Total process time):
      real time           0.16 seconds
      cpu time            0.06 seconds



NOTE: There were 38 observations read from the data set
      WORK.P_B_TOP_2_LINEAR.
NOTE: The data set WORK.P_B_TOP_2_LINEAR has 1 observations and 4
      variables.
NOTE: DATA statement used (Total process time):
      real time           0.01 seconds
      cpu time            0.00 seconds


ERROR: The variable StdErr in the DROP, KEEP, or RENAME list has never
       been referenced.
ERROR: The variable parameter in the DROP, KEEP, or RENAME list has never
       been referenced.
ERROR: Invalid DROP, KEEP, or RENAME option on file
       WORK.P_B_TOP_2_LINEAR_NOCLUS.

WARNING: The variable StdErr in the DROP, KEEP, or RENAME list has never
         been referenced.
WARNING: The variable StdErr in the DROP, KEEP, or RENAME list has never
         been referenced.
NOTE: The SAS System stopped processing this step because of errors.
WARNING: The data set WORK.P_B_TOP_2_LINEAR_NOCLUS may be incomplete.
         When this step was stopped there were 0 observations and 0
         variables.
WARNING: Data set WORK.P_B_TOP_2_LINEAR_NOCLUS was not replaced because
         this step was stopped.
NOTE: DATA statement used (Total process time):
      real time           0.00 seconds
      cpu time            0.00 seconds





NOTE: The DESCENDING option applies only to the multinomial distribution
      with ordinal response.
NOTE: Class levels for some variables were not printed due to excessive
      size.
NOTE: Algorithm converged.
NOTE: Algorithm converged.
NOTE: The data set WORK.P_B_TOP_2_LINEAR_ROBUST has 38 observations and 8
      variables.
NOTE: PROCEDURE GENMOD used (Total process time):
      real time           0.20 seconds
      cpu time            0.14 seconds



NOTE: There were 38 observations read from the data set
      WORK.P_B_TOP_2_LINEAR_ROBUST.
NOTE: The data set WORK.P_B_TOP_2_LINEAR_ROBUST has 1 observations and 1
      variables.
NOTE: DATA statement used (Total process time):
      real time           0.01 seconds
      cpu time            0.01 seconds



NOTE: There were 1 observations read from the data set
      WORK.P_B_TOP_2_LINEAR.
NOTE: There were 1 observations read from the data set
      WORK.P_B_TOP_2_LINEAR_ROBUST.
NOTE: There were 0 observations read from the data set
      WORK.P_B_TOP_2_LINEAR_NOCLUS.
NOTE: The data set WORK.P_B_TOP_2_LINEAR has 1 observations and 5
      variables.
NOTE: DATA statement used (Total process time):
      real time           0.01 seconds
      cpu time            0.01 seconds



NOTE: There were 1 observations read from the data set
      WORK.P_B_TOP_2_LINEAR.
NOTE: The data set WORK.P_B_TOP_2_LINEAR has 3 observations and 5
      variables.
NOTE: PROCEDURE TRANSPOSE used (Total process time):
      real time           0.05 seconds
      cpu time            0.00 seconds



NOTE: There were 2 observations read from the data set WORK.P_B_TOP_N.
NOTE: The data set WORK.P_B_TOP_N has 1 observations and 3 variables.
NOTE: DATA statement used (Total process time):
      real time           0.01 seconds
      cpu time            0.00 seconds



NOTE: The data set WORK.SPACE1 has 1 observations and 1 variables.
NOTE: The data set WORK.SPACE2 has 1 observations and 1 variables.
NOTE: The data set WORK.SPACE3 has 1 observations and 1 variables.
NOTE: DATA statement used (Total process time):
      real time           0.03 seconds
      cpu time            0.00 seconds



NOTE: There were 2 observations read from the data set WORK.MEANS.
NOTE: There were 1 observations read from the data set WORK.SPACE1.
NOTE: There were 3 observations read from the data set WORK.P_B_TOP_1_MAIN.
NOTE: There were 1 observations read from the data set WORK.SPACE2.
NOTE: There were 3 observations read from the data set
      WORK.P_B_TOP_2_LINEAR.
NOTE: There were 1 observations read from the data set WORK.SPACE3.
NOTE: There were 1 observations read from the data set WORK.P_B_TOP_N.
NOTE: The data set WORK.C_P_B_TOP has 12 observations and 4 variables.
NOTE: DATA statement used (Total process time):
      real time           0.03 seconds
      cpu time            0.01 seconds


NOTE: Algorithm converged.
NOTE: Algorithm converged.
NOTE: The data set WORK.MEANS has 1 observations and 7 variables.
NOTE: PROCEDURE GENMOD used (Total process time):
      real time           0.09 seconds
      cpu time            0.03 seconds



NOTE: There were 1 observations read from the data set WORK.MEANS.
NOTE: The data set WORK.MEANS has 1 observations and 3 variables.
NOTE: DATA statement used (Total process time):
      real time           0.01 seconds
      cpu time            0.00 seconds



NOTE: Variable outcome is uninitialized.
NOTE: Variable rowname is uninitialized.
NOTE: Variable _NAME_ is uninitialized.
NOTE: The data set WORK.TRICK has 1 observations and 3 variables.
NOTE: DATA statement used (Total process time):
      real time           0.01 seconds
      cpu time            0.00 seconds



NOTE: There were 1 observations read from the data set WORK.TRICK.
NOTE: There were 1 observations read from the data set WORK.MEANS.
NOTE: The data set WORK.MEANS has 2 observations and 4 variables.
NOTE: DATA statement used (Total process time):
      real time           0.01 seconds
      cpu time            0.01 seconds



NOTE: The DESCENDING option applies only to the multinomial distribution
      with ordinal response.
NOTE: Algorithm converged.
NOTE: Algorithm converged.
NOTE: The data set WORK.P_B_BOT_N has 2 observations and 6 variables.
NOTE: The data set WORK.P_B_BOT_1_MAIN has 41 observations and 8 variables.
WARNING: Output 'ParameterEstimates' was not created.  Make sure that the
         output object name, label, or path is spelled correctly.  Also,
         verify that the appropriate procedure options are used to produce
         the requested output object.  For example, verify that the
         NOPRINT option is not used.
NOTE: PROCEDURE GENMOD used (Total process time):
      real time           0.15 seconds
      cpu time            0.06 seconds



NOTE: There were 41 observations read from the data set
      WORK.P_B_BOT_1_MAIN.
NOTE: The data set WORK.P_B_BOT_1_MAIN has 1 observations and 4 variables.
NOTE: DATA statement used (Total process time):
      real time           0.01 seconds
      cpu time            0.00 seconds


ERROR: The variable StdErr in the DROP, KEEP, or RENAME list has never
       been referenced.
ERROR: The variable parameter in the DROP, KEEP, or RENAME list has never
       been referenced.
ERROR: Invalid DROP, KEEP, or RENAME option on file
       WORK.P_B_BOT_1_MAIN_NOCLUS.

WARNING: The variable StdErr in the DROP, KEEP, or RENAME list has never
         been referenced.
WARNING: The variable StdErr in the DROP, KEEP, or RENAME list has never
         been referenced.
NOTE: The SAS System stopped processing this step because of errors.
WARNING: The data set WORK.P_B_BOT_1_MAIN_NOCLUS may be incomplete.  When
         this step was stopped there were 0 observations and 0 variables.
WARNING: Data set WORK.P_B_BOT_1_MAIN_NOCLUS was not replaced because this
         step was stopped.
NOTE: DATA statement used (Total process time):
      real time           0.00 seconds
      cpu time            0.00 seconds





NOTE: The DESCENDING option applies only to the multinomial distribution
      with ordinal response.
NOTE: Class levels for some variables were not printed due to excessive
      size.
NOTE: Algorithm converged.
NOTE: Algorithm converged.
NOTE: The data set WORK.P_B_BOT_1_MAIN_ROBUST has 41 observations and 8
      variables.
NOTE: PROCEDURE GENMOD used (Total process time):
      real time           0.22 seconds
      cpu time            0.12 seconds



NOTE: There were 41 observations read from the data set
      WORK.P_B_BOT_1_MAIN_ROBUST.
NOTE: The data set WORK.P_B_BOT_1_MAIN_ROBUST has 1 observations and 1
      variables.
NOTE: DATA statement used (Total process time):
      real time           0.01 seconds
      cpu time            0.00 seconds



NOTE: There were 1 observations read from the data set WORK.P_B_BOT_1_MAIN.
NOTE: There were 1 observations read from the data set
      WORK.P_B_BOT_1_MAIN_ROBUST.
NOTE: There were 0 observations read from the data set
      WORK.P_B_BOT_1_MAIN_NOCLUS.
NOTE: The data set WORK.P_B_BOT_1_MAIN has 1 observations and 5 variables.
NOTE: DATA statement used (Total process time):
      real time           0.01 seconds
      cpu time            0.01 seconds



NOTE: There were 1 observations read from the data set WORK.P_B_BOT_1_MAIN.
NOTE: The data set WORK.P_B_BOT_1_MAIN has 3 observations and 5 variables.
NOTE: PROCEDURE TRANSPOSE used (Total process time):
      real time           0.02 seconds
      cpu time            0.03 seconds



NOTE: The DESCENDING option applies only to the multinomial distribution
      with ordinal response.
NOTE: Algorithm converged.
NOTE: Algorithm converged.
NOTE: The data set WORK.P_B_BOT_N has 2 observations and 6 variables.
NOTE: The data set WORK.P_B_BOT_2_LINEAR has 38 observations and 8
      variables.
WARNING: Output 'ParameterEstimates' was not created.  Make sure that the
         output object name, label, or path is spelled correctly.  Also,
         verify that the appropriate procedure options are used to produce
         the requested output object.  For example, verify that the
         NOPRINT option is not used.
NOTE: PROCEDURE GENMOD used (Total process time):
      real time           0.19 seconds
      cpu time            0.03 seconds



NOTE: There were 38 observations read from the data set
      WORK.P_B_BOT_2_LINEAR.
NOTE: The data set WORK.P_B_BOT_2_LINEAR has 1 observations and 4
      variables.
NOTE: DATA statement used (Total process time):
      real time           0.01 seconds
      cpu time            0.01 seconds


ERROR: The variable StdErr in the DROP, KEEP, or RENAME list has never
       been referenced.
ERROR: The variable parameter in the DROP, KEEP, or RENAME list has never
       been referenced.
ERROR: Invalid DROP, KEEP, or RENAME option on file
       WORK.P_B_BOT_2_LINEAR_NOCLUS.

WARNING: The variable StdErr in the DROP, KEEP, or RENAME list has never
         been referenced.
WARNING: The variable StdErr in the DROP, KEEP, or RENAME list has never
         been referenced.
NOTE: The SAS System stopped processing this step because of errors.
WARNING: The data set WORK.P_B_BOT_2_LINEAR_NOCLUS may be incomplete.
         When this step was stopped there were 0 observations and 0
         variables.
WARNING: Data set WORK.P_B_BOT_2_LINEAR_NOCLUS was not replaced because
         this step was stopped.
NOTE: DATA statement used (Total process time):
      real time           0.00 seconds
      cpu time            0.00 seconds





NOTE: The DESCENDING option applies only to the multinomial distribution
      with ordinal response.
NOTE: Class levels for some variables were not printed due to excessive
      size.
NOTE: Algorithm converged.
NOTE: Algorithm converged.
NOTE: The data set WORK.P_B_BOT_2_LINEAR_ROBUST has 38 observations and 8
      variables.
NOTE: PROCEDURE GENMOD used (Total process time):
      real time           0.18 seconds
      cpu time            0.10 seconds



NOTE: There were 38 observations read from the data set
      WORK.P_B_BOT_2_LINEAR_ROBUST.
NOTE: The data set WORK.P_B_BOT_2_LINEAR_ROBUST has 1 observations and 1
      variables.
NOTE: DATA statement used (Total process time):
      real time           0.01 seconds
      cpu time            0.01 seconds



NOTE: There were 1 observations read from the data set
      WORK.P_B_BOT_2_LINEAR.
NOTE: There were 1 observations read from the data set
      WORK.P_B_BOT_2_LINEAR_ROBUST.
NOTE: There were 0 observations read from the data set
      WORK.P_B_BOT_2_LINEAR_NOCLUS.
NOTE: The data set WORK.P_B_BOT_2_LINEAR has 1 observations and 5
      variables.
NOTE: DATA statement used (Total process time):
      real time           0.01 seconds
      cpu time            0.00 seconds



NOTE: There were 1 observations read from the data set
      WORK.P_B_BOT_2_LINEAR.
NOTE: The data set WORK.P_B_BOT_2_LINEAR has 3 observations and 5
      variables.
NOTE: PROCEDURE TRANSPOSE used (Total process time):
      real time           0.03 seconds
      cpu time            0.01 seconds



NOTE: There were 2 observations read from the data set WORK.P_B_BOT_N.
NOTE: The data set WORK.P_B_BOT_N has 1 observations and 3 variables.
NOTE: DATA statement used (Total process time):
      real time           0.01 seconds
      cpu time            0.01 seconds



NOTE: The data set WORK.SPACE1 has 1 observations and 1 variables.
NOTE: The data set WORK.SPACE2 has 1 observations and 1 variables.
NOTE: The data set WORK.SPACE3 has 1 observations and 1 variables.
NOTE: DATA statement used (Total process time):
      real time           0.03 seconds
      cpu time            0.00 seconds



NOTE: There were 2 observations read from the data set WORK.MEANS.
NOTE: There were 1 observations read from the data set WORK.SPACE1.
NOTE: There were 3 observations read from the data set WORK.P_B_BOT_1_MAIN.
NOTE: There were 1 observations read from the data set WORK.SPACE2.
NOTE: There were 3 observations read from the data set
      WORK.P_B_BOT_2_LINEAR.
NOTE: There were 1 observations read from the data set WORK.SPACE3.
NOTE: There were 1 observations read from the data set WORK.P_B_BOT_N.
NOTE: The data set WORK.C_P_B_BOT has 12 observations and 4 variables.
NOTE: DATA statement used (Total process time):
      real time           0.01 seconds
      cpu time            0.01 seconds


NOTE: Algorithm converged.
NOTE: Algorithm converged.
NOTE: The data set WORK.MEANS has 1 observations and 7 variables.
NOTE: PROCEDURE GENMOD used (Total process time):
      real time           0.09 seconds
      cpu time            0.01 seconds



NOTE: There were 1 observations read from the data set WORK.MEANS.
NOTE: The data set WORK.MEANS has 1 observations and 3 variables.
NOTE: DATA statement used (Total process time):
      real time           0.01 seconds
      cpu time            0.01 seconds



NOTE: Variable outcome is uninitialized.
NOTE: Variable rowname is uninitialized.
NOTE: Variable _NAME_ is uninitialized.
NOTE: The data set WORK.TRICK has 1 observations and 3 variables.
NOTE: DATA statement used (Total process time):
      real time           0.01 seconds
      cpu time            0.00 seconds



NOTE: There were 1 observations read from the data set WORK.TRICK.
NOTE: There were 1 observations read from the data set WORK.MEANS.
NOTE: The data set WORK.MEANS has 2 observations and 4 variables.
NOTE: DATA statement used (Total process time):
      real time           0.01 seconds
      cpu time            0.00 seconds



NOTE: The DESCENDING option applies only to the multinomial distribution
      with ordinal response.
NOTE: Algorithm converged.
NOTE: Algorithm converged.
NOTE: The data set WORK.LS_G_TOP_N has 2 observations and 6 variables.
NOTE: The data set WORK.LS_G_TOP_1_MAIN has 41 observations and 8
      variables.
WARNING: Output 'ParameterEstimates' was not created.  Make sure that the
         output object name, label, or path is spelled correctly.  Also,
         verify that the appropriate procedure options are used to produce
         the requested output object.  For example, verify that the
         NOPRINT option is not used.
NOTE: PROCEDURE GENMOD used (Total process time):
      real time           0.29 seconds
      cpu time            0.07 seconds



NOTE: There were 41 observations read from the data set
      WORK.LS_G_TOP_1_MAIN.
NOTE: The data set WORK.LS_G_TOP_1_MAIN has 1 observations and 4 variables.
NOTE: DATA statement used (Total process time):
      real time           0.01 seconds
      cpu time            0.01 seconds


ERROR: The variable StdErr in the DROP, KEEP, or RENAME list has never
       been referenced.
ERROR: The variable parameter in the DROP, KEEP, or RENAME list has never
       been referenced.
ERROR: Invalid DROP, KEEP, or RENAME option on file
       WORK.LS_G_TOP_1_MAIN_NOCLUS.

WARNING: The variable StdErr in the DROP, KEEP, or RENAME list has never
         been referenced.
WARNING: The variable StdErr in the DROP, KEEP, or RENAME list has never
         been referenced.
NOTE: The SAS System stopped processing this step because of errors.
WARNING: The data set WORK.LS_G_TOP_1_MAIN_NOCLUS may be incomplete.  When
         this step was stopped there were 0 observations and 0 variables.
WARNING: Data set WORK.LS_G_TOP_1_MAIN_NOCLUS was not replaced because
         this step was stopped.
NOTE: DATA statement used (Total process time):
      real time           0.00 seconds
      cpu time            0.00 seconds





NOTE: The DESCENDING option applies only to the multinomial distribution
      with ordinal response.
NOTE: Class levels for some variables were not printed due to excessive
      size.
NOTE: Algorithm converged.
NOTE: Algorithm converged.
NOTE: The data set WORK.LS_G_TOP_1_MAIN_ROBUST has 41 observations and 8
      variables.
NOTE: PROCEDURE GENMOD used (Total process time):
      real time           0.20 seconds
      cpu time            0.10 seconds



NOTE: There were 41 observations read from the data set
      WORK.LS_G_TOP_1_MAIN_ROBUST.
NOTE: The data set WORK.LS_G_TOP_1_MAIN_ROBUST has 1 observations and 1
      variables.
NOTE: DATA statement used (Total process time):
      real time           0.01 seconds
      cpu time            0.01 seconds



NOTE: There were 1 observations read from the data set
      WORK.LS_G_TOP_1_MAIN.
NOTE: There were 1 observations read from the data set
      WORK.LS_G_TOP_1_MAIN_ROBUST.
NOTE: There were 0 observations read from the data set
      WORK.LS_G_TOP_1_MAIN_NOCLUS.
NOTE: The data set WORK.LS_G_TOP_1_MAIN has 1 observations and 5 variables.
NOTE: DATA statement used (Total process time):
      real time           0.01 seconds
      cpu time            0.01 seconds



NOTE: There were 1 observations read from the data set
      WORK.LS_G_TOP_1_MAIN.
NOTE: The data set WORK.LS_G_TOP_1_MAIN has 3 observations and 5 variables.
NOTE: PROCEDURE TRANSPOSE used (Total process time):
      real time           0.03 seconds
      cpu time            0.00 seconds



NOTE: The DESCENDING option applies only to the multinomial distribution
      with ordinal response.
NOTE: Algorithm converged.
NOTE: Algorithm converged.
NOTE: The data set WORK.LS_G_TOP_N has 2 observations and 6 variables.
NOTE: The data set WORK.LS_G_TOP_2_LINEAR has 38 observations and 8
      variables.
WARNING: Output 'ParameterEstimates' was not created.  Make sure that the
         output object name, label, or path is spelled correctly.  Also,
         verify that the appropriate procedure options are used to produce
         the requested output object.  For example, verify that the
         NOPRINT option is not used.
NOTE: PROCEDURE GENMOD used (Total process time):
      real time           0.16 seconds
      cpu time            0.04 seconds



NOTE: There were 38 observations read from the data set
      WORK.LS_G_TOP_2_LINEAR.
NOTE: The data set WORK.LS_G_TOP_2_LINEAR has 1 observations and 4
      variables.
NOTE: DATA statement used (Total process time):
      real time           0.01 seconds
      cpu time            0.00 seconds


ERROR: The variable StdErr in the DROP, KEEP, or RENAME list has never
       been referenced.
ERROR: The variable parameter in the DROP, KEEP, or RENAME list has never
       been referenced.
ERROR: Invalid DROP, KEEP, or RENAME option on file
       WORK.LS_G_TOP_2_LINEAR_NOCLUS.

WARNING: The variable StdErr in the DROP, KEEP, or RENAME list has never
         been referenced.
WARNING: The variable StdErr in the DROP, KEEP, or RENAME list has never
         been referenced.
NOTE: The SAS System stopped processing this step because of errors.
WARNING: The data set WORK.LS_G_TOP_2_LINEAR_NOCLUS may be incomplete.
         When this step was stopped there were 0 observations and 0
         variables.
WARNING: Data set WORK.LS_G_TOP_2_LINEAR_NOCLUS was not replaced because
         this step was stopped.
NOTE: DATA statement used (Total process time):
      real time           0.00 seconds
      cpu time            0.01 seconds





NOTE: The DESCENDING option applies only to the multinomial distribution
      with ordinal response.
NOTE: Class levels for some variables were not printed due to excessive
      size.
NOTE: Algorithm converged.
NOTE: Algorithm converged.
NOTE: The data set WORK.LS_G_TOP_2_LINEAR_ROBUST has 38 observations and 8
      variables.
NOTE: PROCEDURE GENMOD used (Total process time):
      real time           0.19 seconds
      cpu time            0.12 seconds



NOTE: There were 38 observations read from the data set
      WORK.LS_G_TOP_2_LINEAR_ROBUST.
NOTE: The data set WORK.LS_G_TOP_2_LINEAR_ROBUST has 1 observations and 1
      variables.
NOTE: DATA statement used (Total process time):
      real time           0.02 seconds
      cpu time            0.00 seconds



NOTE: There were 1 observations read from the data set
      WORK.LS_G_TOP_2_LINEAR.
NOTE: There were 1 observations read from the data set
      WORK.LS_G_TOP_2_LINEAR_ROBUST.
NOTE: There were 0 observations read from the data set
      WORK.LS_G_TOP_2_LINEAR_NOCLUS.
NOTE: The data set WORK.LS_G_TOP_2_LINEAR has 1 observations and 5
      variables.
NOTE: DATA statement used (Total process time):
      real time           0.01 seconds
      cpu time            0.00 seconds



NOTE: There were 1 observations read from the data set
      WORK.LS_G_TOP_2_LINEAR.
NOTE: The data set WORK.LS_G_TOP_2_LINEAR has 3 observations and 5
      variables.
NOTE: PROCEDURE TRANSPOSE used (Total process time):
      real time           0.03 seconds
      cpu time            0.00 seconds



NOTE: There were 2 observations read from the data set WORK.LS_G_TOP_N.
NOTE: The data set WORK.LS_G_TOP_N has 1 observations and 3 variables.
NOTE: DATA statement used (Total process time):
      real time           0.01 seconds
      cpu time            0.01 seconds



NOTE: The data set WORK.SPACE1 has 1 observations and 1 variables.
NOTE: The data set WORK.SPACE2 has 1 observations and 1 variables.
NOTE: The data set WORK.SPACE3 has 1 observations and 1 variables.
NOTE: DATA statement used (Total process time):
      real time           0.07 seconds
      cpu time            0.00 seconds



NOTE: There were 2 observations read from the data set WORK.MEANS.
NOTE: There were 1 observations read from the data set WORK.SPACE1.
NOTE: There were 3 observations read from the data set
      WORK.LS_G_TOP_1_MAIN.
NOTE: There were 1 observations read from the data set WORK.SPACE2.
NOTE: There were 3 observations read from the data set
      WORK.LS_G_TOP_2_LINEAR.
NOTE: There were 1 observations read from the data set WORK.SPACE3.
NOTE: There were 1 observations read from the data set WORK.LS_G_TOP_N.
NOTE: The data set WORK.C_LS_G_TOP has 12 observations and 4 variables.
NOTE: DATA statement used (Total process time):
      real time           0.01 seconds
      cpu time            0.01 seconds


NOTE: Algorithm converged.
NOTE: Algorithm converged.
NOTE: The data set WORK.MEANS has 1 observations and 7 variables.
NOTE: PROCEDURE GENMOD used (Total process time):
      real time           0.14 seconds
      cpu time            0.06 seconds



NOTE: There were 1 observations read from the data set WORK.MEANS.
NOTE: The data set WORK.MEANS has 1 observations and 3 variables.
NOTE: DATA statement used (Total process time):
      real time           0.02 seconds
      cpu time            0.00 seconds



NOTE: Variable outcome is uninitialized.
NOTE: Variable rowname is uninitialized.
NOTE: Variable _NAME_ is uninitialized.
NOTE: The data set WORK.TRICK has 1 observations and 3 variables.
NOTE: DATA statement used (Total process time):
      real time           0.02 seconds
      cpu time            0.01 seconds



NOTE: There were 1 observations read from the data set WORK.TRICK.
NOTE: There were 1 observations read from the data set WORK.MEANS.
NOTE: The data set WORK.MEANS has 2 observations and 4 variables.
NOTE: DATA statement used (Total process time):
      real time           0.01 seconds
      cpu time            0.00 seconds



NOTE: The DESCENDING option applies only to the multinomial distribution
      with ordinal response.
NOTE: Algorithm converged.
NOTE: Algorithm converged.
NOTE: The data set WORK.LS_G_BOT_N has 2 observations and 6 variables.
NOTE: The data set WORK.LS_G_BOT_1_MAIN has 41 observations and 8
      variables.
WARNING: Output 'ParameterEstimates' was not created.  Make sure that the
         output object name, label, or path is spelled correctly.  Also,
         verify that the appropriate procedure options are used to produce
         the requested output object.  For example, verify that the
         NOPRINT option is not used.
NOTE: PROCEDURE GENMOD used (Total process time):
      real time           0.20 seconds
      cpu time            0.04 seconds



NOTE: There were 41 observations read from the data set
      WORK.LS_G_BOT_1_MAIN.
NOTE: The data set WORK.LS_G_BOT_1_MAIN has 1 observations and 4 variables.
NOTE: DATA statement used (Total process time):
      real time           0.03 seconds
      cpu time            0.00 seconds


ERROR: The variable StdErr in the DROP, KEEP, or RENAME list has never
       been referenced.
ERROR: The variable parameter in the DROP, KEEP, or RENAME list has never
       been referenced.
ERROR: Invalid DROP, KEEP, or RENAME option on file
       WORK.LS_G_BOT_1_MAIN_NOCLUS.

WARNING: The variable StdErr in the DROP, KEEP, or RENAME list has never
         been referenced.
WARNING: The variable StdErr in the DROP, KEEP, or RENAME list has never
         been referenced.
NOTE: The SAS System stopped processing this step because of errors.
WARNING: The data set WORK.LS_G_BOT_1_MAIN_NOCLUS may be incomplete.  When
         this step was stopped there were 0 observations and 0 variables.
WARNING: Data set WORK.LS_G_BOT_1_MAIN_NOCLUS was not replaced because
         this step was stopped.
NOTE: DATA statement used (Total process time):
      real time           0.01 seconds
      cpu time            0.00 seconds





NOTE: The DESCENDING option applies only to the multinomial distribution
      with ordinal response.
NOTE: Class levels for some variables were not printed due to excessive
      size.
NOTE: Algorithm converged.
NOTE: Algorithm converged.
NOTE: The data set WORK.LS_G_BOT_1_MAIN_ROBUST has 41 observations and 8
      variables.
NOTE: PROCEDURE GENMOD used (Total process time):
      real time           0.22 seconds
      cpu time            0.10 seconds



NOTE: There were 41 observations read from the data set
      WORK.LS_G_BOT_1_MAIN_ROBUST.
NOTE: The data set WORK.LS_G_BOT_1_MAIN_ROBUST has 1 observations and 1
      variables.
NOTE: DATA statement used (Total process time):
      real time           0.02 seconds
      cpu time            0.00 seconds



NOTE: There were 1 observations read from the data set
      WORK.LS_G_BOT_1_MAIN.
NOTE: There were 1 observations read from the data set
      WORK.LS_G_BOT_1_MAIN_ROBUST.
NOTE: There were 0 observations read from the data set
      WORK.LS_G_BOT_1_MAIN_NOCLUS.
NOTE: The data set WORK.LS_G_BOT_1_MAIN has 1 observations and 5 variables.
NOTE: DATA statement used (Total process time):
      real time           0.02 seconds
      cpu time            0.00 seconds



NOTE: There were 1 observations read from the data set
      WORK.LS_G_BOT_1_MAIN.
NOTE: The data set WORK.LS_G_BOT_1_MAIN has 3 observations and 5 variables.
NOTE: PROCEDURE TRANSPOSE used (Total process time):
      real time           0.05 seconds
      cpu time            0.01 seconds



NOTE: The DESCENDING option applies only to the multinomial distribution
      with ordinal response.
NOTE: Algorithm converged.
NOTE: Algorithm converged.
NOTE: The data set WORK.LS_G_BOT_N has 2 observations and 6 variables.
NOTE: The data set WORK.LS_G_BOT_2_LINEAR has 38 observations and 8
      variables.
WARNING: Output 'ParameterEstimates' was not created.  Make sure that the
         output object name, label, or path is spelled correctly.  Also,
         verify that the appropriate procedure options are used to produce
         the requested output object.  For example, verify that the
         NOPRINT option is not used.
NOTE: PROCEDURE GENMOD used (Total process time):
      real time           0.29 seconds
      cpu time            0.06 seconds



NOTE: There were 38 observations read from the data set
      WORK.LS_G_BOT_2_LINEAR.
NOTE: The data set WORK.LS_G_BOT_2_LINEAR has 1 observations and 4
      variables.
NOTE: DATA statement used (Total process time):
      real time           0.02 seconds
      cpu time            0.01 seconds


ERROR: The variable StdErr in the DROP, KEEP, or RENAME list has never
       been referenced.
ERROR: The variable parameter in the DROP, KEEP, or RENAME list has never
       been referenced.
ERROR: Invalid DROP, KEEP, or RENAME option on file
       WORK.LS_G_BOT_2_LINEAR_NOCLUS.

WARNING: The variable StdErr in the DROP, KEEP, or RENAME list has never
         been referenced.
WARNING: The variable StdErr in the DROP, KEEP, or RENAME list has never
         been referenced.
NOTE: The SAS System stopped processing this step because of errors.
WARNING: The data set WORK.LS_G_BOT_2_LINEAR_NOCLUS may be incomplete.
         When this step was stopped there were 0 observations and 0
         variables.
WARNING: Data set WORK.LS_G_BOT_2_LINEAR_NOCLUS was not replaced because
         this step was stopped.
NOTE: DATA statement used (Total process time):
      real time           0.00 seconds
      cpu time            0.01 seconds





NOTE: The DESCENDING option applies only to the multinomial distribution
      with ordinal response.
NOTE: Class levels for some variables were not printed due to excessive
      size.
NOTE: Algorithm converged.
NOTE: Algorithm converged.
NOTE: The data set WORK.LS_G_BOT_2_LINEAR_ROBUST has 38 observations and 8
      variables.
NOTE: PROCEDURE GENMOD used (Total process time):
      real time           0.27 seconds
      cpu time            0.12 seconds



NOTE: There were 38 observations read from the data set
      WORK.LS_G_BOT_2_LINEAR_ROBUST.
NOTE: The data set WORK.LS_G_BOT_2_LINEAR_ROBUST has 1 observations and 1
      variables.
NOTE: DATA statement used (Total process time):
      real time           0.03 seconds
      cpu time            0.00 seconds



NOTE: There were 1 observations read from the data set
      WORK.LS_G_BOT_2_LINEAR.
NOTE: There were 1 observations read from the data set
      WORK.LS_G_BOT_2_LINEAR_ROBUST.
NOTE: There were 0 observations read from the data set
      WORK.LS_G_BOT_2_LINEAR_NOCLUS.
NOTE: The data set WORK.LS_G_BOT_2_LINEAR has 1 observations and 5
      variables.
NOTE: DATA statement used (Total process time):
      real time           0.02 seconds
      cpu time            0.00 seconds



NOTE: There were 1 observations read from the data set
      WORK.LS_G_BOT_2_LINEAR.
NOTE: The data set WORK.LS_G_BOT_2_LINEAR has 3 observations and 5
      variables.
NOTE: PROCEDURE TRANSPOSE used (Total process time):
      real time           0.05 seconds
      cpu time            0.01 seconds



NOTE: There were 2 observations read from the data set WORK.LS_G_BOT_N.
NOTE: The data set WORK.LS_G_BOT_N has 1 observations and 3 variables.
NOTE: DATA statement used (Total process time):
      real time           0.01 seconds
      cpu time            0.00 seconds



NOTE: The data set WORK.SPACE1 has 1 observations and 1 variables.
NOTE: The data set WORK.SPACE2 has 1 observations and 1 variables.
NOTE: The data set WORK.SPACE3 has 1 observations and 1 variables.
NOTE: DATA statement used (Total process time):
      real time           0.06 seconds
      cpu time            0.01 seconds



NOTE: There were 2 observations read from the data set WORK.MEANS.
NOTE: There were 1 observations read from the data set WORK.SPACE1.
NOTE: There were 3 observations read from the data set
      WORK.LS_G_BOT_1_MAIN.
NOTE: There were 1 observations read from the data set WORK.SPACE2.
NOTE: There were 3 observations read from the data set
      WORK.LS_G_BOT_2_LINEAR.
NOTE: There were 1 observations read from the data set WORK.SPACE3.
NOTE: There were 1 observations read from the data set WORK.LS_G_BOT_N.
NOTE: The data set WORK.C_LS_G_BOT has 12 observations and 4 variables.
NOTE: DATA statement used (Total process time):
      real time           0.02 seconds
      cpu time            0.00 seconds


NOTE: Algorithm converged.
NOTE: Algorithm converged.
NOTE: The data set WORK.MEANS has 1 observations and 7 variables.
NOTE: PROCEDURE GENMOD used (Total process time):
      real time           0.14 seconds
      cpu time            0.03 seconds



NOTE: There were 1 observations read from the data set WORK.MEANS.
NOTE: The data set WORK.MEANS has 1 observations and 3 variables.
NOTE: DATA statement used (Total process time):
      real time           0.01 seconds
      cpu time            0.00 seconds



NOTE: Variable outcome is uninitialized.
NOTE: Variable rowname is uninitialized.
NOTE: Variable _NAME_ is uninitialized.
NOTE: The data set WORK.TRICK has 1 observations and 3 variables.
NOTE: DATA statement used (Total process time):
      real time           0.01 seconds
      cpu time            0.00 seconds



NOTE: There were 1 observations read from the data set WORK.TRICK.
NOTE: There were 1 observations read from the data set WORK.MEANS.
NOTE: The data set WORK.MEANS has 2 observations and 4 variables.
NOTE: DATA statement used (Total process time):
      real time           0.03 seconds
      cpu time            0.01 seconds



NOTE: The DESCENDING option applies only to the multinomial distribution
      with ordinal response.
NOTE: Algorithm converged.
NOTE: Algorithm converged.
NOTE: The data set WORK.P_G_TOP_N has 2 observations and 6 variables.
NOTE: The data set WORK.P_G_TOP_1_MAIN has 41 observations and 8 variables.
WARNING: Output 'ParameterEstimates' was not created.  Make sure that the
         output object name, label, or path is spelled correctly.  Also,
         verify that the appropriate procedure options are used to produce
         the requested output object.  For example, verify that the
         NOPRINT option is not used.
NOTE: PROCEDURE GENMOD used (Total process time):
      real time           0.32 seconds
      cpu time            0.04 seconds



NOTE: There were 41 observations read from the data set
      WORK.P_G_TOP_1_MAIN.
NOTE: The data set WORK.P_G_TOP_1_MAIN has 1 observations and 4 variables.
NOTE: DATA statement used (Total process time):
      real time           0.01 seconds
      cpu time            0.00 seconds


ERROR: The variable StdErr in the DROP, KEEP, or RENAME list has never
       been referenced.
ERROR: The variable parameter in the DROP, KEEP, or RENAME list has never
       been referenced.
ERROR: Invalid DROP, KEEP, or RENAME option on file
       WORK.P_G_TOP_1_MAIN_NOCLUS.

WARNING: The variable StdErr in the DROP, KEEP, or RENAME list has never
         been referenced.
WARNING: The variable StdErr in the DROP, KEEP, or RENAME list has never
         been referenced.
NOTE: The SAS System stopped processing this step because of errors.
WARNING: The data set WORK.P_G_TOP_1_MAIN_NOCLUS may be incomplete.  When
         this step was stopped there were 0 observations and 0 variables.
WARNING: Data set WORK.P_G_TOP_1_MAIN_NOCLUS was not replaced because this
         step was stopped.
NOTE: DATA statement used (Total process time):
      real time           0.00 seconds
      cpu time            0.01 seconds





NOTE: The DESCENDING option applies only to the multinomial distribution
      with ordinal response.
NOTE: Class levels for some variables were not printed due to excessive
      size.
NOTE: Algorithm converged.
NOTE: Algorithm converged.
NOTE: The data set WORK.P_G_TOP_1_MAIN_ROBUST has 41 observations and 8
      variables.
NOTE: PROCEDURE GENMOD used (Total process time):
      real time           0.24 seconds
      cpu time            0.09 seconds



NOTE: There were 41 observations read from the data set
      WORK.P_G_TOP_1_MAIN_ROBUST.
NOTE: The data set WORK.P_G_TOP_1_MAIN_ROBUST has 1 observations and 1
      variables.
NOTE: DATA statement used (Total process time):
      real time           0.02 seconds
      cpu time            0.00 seconds



NOTE: There were 1 observations read from the data set WORK.P_G_TOP_1_MAIN.
NOTE: There were 1 observations read from the data set
      WORK.P_G_TOP_1_MAIN_ROBUST.
NOTE: There were 0 observations read from the data set
      WORK.P_G_TOP_1_MAIN_NOCLUS.
NOTE: The data set WORK.P_G_TOP_1_MAIN has 1 observations and 5 variables.
NOTE: DATA statement used (Total process time):
      real time           0.01 seconds
      cpu time            0.00 seconds



NOTE: There were 1 observations read from the data set WORK.P_G_TOP_1_MAIN.
NOTE: The data set WORK.P_G_TOP_1_MAIN has 3 observations and 5 variables.
NOTE: PROCEDURE TRANSPOSE used (Total process time):
      real time           0.04 seconds
      cpu time            0.03 seconds



NOTE: The DESCENDING option applies only to the multinomial distribution
      with ordinal response.
NOTE: Algorithm converged.
NOTE: Algorithm converged.
NOTE: The data set WORK.P_G_TOP_N has 2 observations and 6 variables.
NOTE: The data set WORK.P_G_TOP_2_LINEAR has 38 observations and 8
      variables.
WARNING: Output 'ParameterEstimates' was not created.  Make sure that the
         output object name, label, or path is spelled correctly.  Also,
         verify that the appropriate procedure options are used to produce
         the requested output object.  For example, verify that the
         NOPRINT option is not used.
NOTE: PROCEDURE GENMOD used (Total process time):
      real time           0.27 seconds
      cpu time            0.04 seconds



NOTE: There were 38 observations read from the data set
      WORK.P_G_TOP_2_LINEAR.
NOTE: The data set WORK.P_G_TOP_2_LINEAR has 1 observations and 4
      variables.
NOTE: DATA statement used (Total process time):
      real time           0.05 seconds
      cpu time            0.03 seconds


ERROR: The variable StdErr in the DROP, KEEP, or RENAME list has never
       been referenced.
ERROR: The variable parameter in the DROP, KEEP, or RENAME list has never
       been referenced.
ERROR: Invalid DROP, KEEP, or RENAME option on file
       WORK.P_G_TOP_2_LINEAR_NOCLUS.

WARNING: The variable StdErr in the DROP, KEEP, or RENAME list has never
         been referenced.
WARNING: The variable StdErr in the DROP, KEEP, or RENAME list has never
         been referenced.
NOTE: The SAS System stopped processing this step because of errors.
WARNING: The data set WORK.P_G_TOP_2_LINEAR_NOCLUS may be incomplete.
         When this step was stopped there were 0 observations and 0
         variables.
WARNING: Data set WORK.P_G_TOP_2_LINEAR_NOCLUS was not replaced because
         this step was stopped.
NOTE: DATA statement used (Total process time):
      real time           0.00 seconds
      cpu time            0.00 seconds





NOTE: The DESCENDING option applies only to the multinomial distribution
      with ordinal response.
NOTE: Class levels for some variables were not printed due to excessive
      size.
NOTE: Algorithm converged.
NOTE: Algorithm converged.
NOTE: The data set WORK.P_G_TOP_2_LINEAR_ROBUST has 38 observations and 8
      variables.
NOTE: PROCEDURE GENMOD used (Total process time):
      real time           0.22 seconds
      cpu time            0.07 seconds



NOTE: There were 38 observations read from the data set
      WORK.P_G_TOP_2_LINEAR_ROBUST.
NOTE: The data set WORK.P_G_TOP_2_LINEAR_ROBUST has 1 observations and 1
      variables.
NOTE: DATA statement used (Total process time):
      real time           0.01 seconds
      cpu time            0.01 seconds



NOTE: There were 1 observations read from the data set
      WORK.P_G_TOP_2_LINEAR.
NOTE: There were 1 observations read from the data set
      WORK.P_G_TOP_2_LINEAR_ROBUST.
NOTE: There were 0 observations read from the data set
      WORK.P_G_TOP_2_LINEAR_NOCLUS.
NOTE: The data set WORK.P_G_TOP_2_LINEAR has 1 observations and 5
      variables.
NOTE: DATA statement used (Total process time):
      real time           0.04 seconds
      cpu time            0.00 seconds



NOTE: There were 1 observations read from the data set
      WORK.P_G_TOP_2_LINEAR.
NOTE: The data set WORK.P_G_TOP_2_LINEAR has 3 observations and 5
      variables.
NOTE: PROCEDURE TRANSPOSE used (Total process time):
      real time           0.04 seconds
      cpu time            0.00 seconds



NOTE: There were 2 observations read from the data set WORK.P_G_TOP_N.
NOTE: The data set WORK.P_G_TOP_N has 1 observations and 3 variables.
NOTE: DATA statement used (Total process time):
      real time           0.01 seconds
      cpu time            0.00 seconds



NOTE: The data set WORK.SPACE1 has 1 observations and 1 variables.
NOTE: The data set WORK.SPACE2 has 1 observations and 1 variables.
NOTE: The data set WORK.SPACE3 has 1 observations and 1 variables.
NOTE: DATA statement used (Total process time):
      real time           0.05 seconds
      cpu time            0.01 seconds



NOTE: There were 2 observations read from the data set WORK.MEANS.
NOTE: There were 1 observations read from the data set WORK.SPACE1.
NOTE: There were 3 observations read from the data set WORK.P_G_TOP_1_MAIN.
NOTE: There were 1 observations read from the data set WORK.SPACE2.
NOTE: There were 3 observations read from the data set
      WORK.P_G_TOP_2_LINEAR.
NOTE: There were 1 observations read from the data set WORK.SPACE3.
NOTE: There were 1 observations read from the data set WORK.P_G_TOP_N.
NOTE: The data set WORK.C_P_G_TOP has 12 observations and 4 variables.
NOTE: DATA statement used (Total process time):
      real time           0.02 seconds
      cpu time            0.01 seconds


NOTE: Algorithm converged.
NOTE: Algorithm converged.
NOTE: The data set WORK.MEANS has 1 observations and 7 variables.
NOTE: PROCEDURE GENMOD used (Total process time):
      real time           0.14 seconds
      cpu time            0.06 seconds



NOTE: There were 1 observations read from the data set WORK.MEANS.
NOTE: The data set WORK.MEANS has 1 observations and 3 variables.
NOTE: DATA statement used (Total process time):
      real time           0.01 seconds
      cpu time            0.00 seconds



NOTE: Variable outcome is uninitialized.
NOTE: Variable rowname is uninitialized.
NOTE: Variable _NAME_ is uninitialized.
NOTE: The data set WORK.TRICK has 1 observations and 3 variables.
NOTE: DATA statement used (Total process time):
      real time           0.01 seconds
      cpu time            0.00 seconds



NOTE: There were 1 observations read from the data set WORK.TRICK.
NOTE: There were 1 observations read from the data set WORK.MEANS.
NOTE: The data set WORK.MEANS has 2 observations and 4 variables.
NOTE: DATA statement used (Total process time):
      real time           0.02 seconds
      cpu time            0.00 seconds



NOTE: The DESCENDING option applies only to the multinomial distribution
      with ordinal response.
NOTE: Algorithm converged.
NOTE: Algorithm converged.
NOTE: The data set WORK.P_G_BOT_N has 2 observations and 6 variables.
NOTE: The data set WORK.P_G_BOT_1_MAIN has 40 observations and 8 variables.
WARNING: Output 'ParameterEstimates' was not created.  Make sure that the
         output object name, label, or path is spelled correctly.  Also,
         verify that the appropriate procedure options are used to produce
         the requested output object.  For example, verify that the
         NOPRINT option is not used.
NOTE: PROCEDURE GENMOD used (Total process time):
      real time           0.31 seconds
      cpu time            0.04 seconds



NOTE: There were 40 observations read from the data set
      WORK.P_G_BOT_1_MAIN.
NOTE: The data set WORK.P_G_BOT_1_MAIN has 1 observations and 4 variables.
NOTE: DATA statement used (Total process time):
      real time           0.04 seconds
      cpu time            0.01 seconds


ERROR: The variable StdErr in the DROP, KEEP, or RENAME list has never
       been referenced.
ERROR: The variable parameter in the DROP, KEEP, or RENAME list has never
       been referenced.
ERROR: Invalid DROP, KEEP, or RENAME option on file
       WORK.P_G_BOT_1_MAIN_NOCLUS.

WARNING: The variable StdErr in the DROP, KEEP, or RENAME list has never
         been referenced.
WARNING: The variable StdErr in the DROP, KEEP, or RENAME list has never
         been referenced.
NOTE: The SAS System stopped processing this step because of errors.
WARNING: The data set WORK.P_G_BOT_1_MAIN_NOCLUS may be incomplete.  When
         this step was stopped there were 0 observations and 0 variables.
WARNING: Data set WORK.P_G_BOT_1_MAIN_NOCLUS was not replaced because this
         step was stopped.
NOTE: DATA statement used (Total process time):
      real time           0.00 seconds
      cpu time            0.01 seconds





NOTE: The DESCENDING option applies only to the multinomial distribution
      with ordinal response.
NOTE: Class levels for some variables were not printed due to excessive
      size.
NOTE: Algorithm converged.
NOTE: Algorithm converged.
NOTE: The data set WORK.P_G_BOT_1_MAIN_ROBUST has 40 observations and 8
      variables.
NOTE: PROCEDURE GENMOD used (Total process time):
      real time           0.39 seconds
      cpu time            0.07 seconds



NOTE: There were 40 observations read from the data set
      WORK.P_G_BOT_1_MAIN_ROBUST.
NOTE: The data set WORK.P_G_BOT_1_MAIN_ROBUST has 1 observations and 1
      variables.
NOTE: DATA statement used (Total process time):
      real time           0.04 seconds
      cpu time            0.01 seconds



NOTE: There were 1 observations read from the data set WORK.P_G_BOT_1_MAIN.
NOTE: There were 1 observations read from the data set
      WORK.P_G_BOT_1_MAIN_ROBUST.
NOTE: There were 0 observations read from the data set
      WORK.P_G_BOT_1_MAIN_NOCLUS.
NOTE: The data set WORK.P_G_BOT_1_MAIN has 1 observations and 5 variables.
NOTE: DATA statement used (Total process time):
      real time           0.04 seconds
      cpu time            0.01 seconds



NOTE: There were 1 observations read from the data set WORK.P_G_BOT_1_MAIN.
NOTE: The data set WORK.P_G_BOT_1_MAIN has 3 observations and 5 variables.
NOTE: PROCEDURE TRANSPOSE used (Total process time):
      real time           0.03 seconds
      cpu time            0.03 seconds



NOTE: The DESCENDING option applies only to the multinomial distribution
      with ordinal response.
NOTE: Algorithm converged.
NOTE: Algorithm converged.
NOTE: The data set WORK.P_G_BOT_N has 2 observations and 6 variables.
NOTE: The data set WORK.P_G_BOT_2_LINEAR has 37 observations and 8
      variables.
WARNING: Output 'ParameterEstimates' was not created.  Make sure that the
         output object name, label, or path is spelled correctly.  Also,
         verify that the appropriate procedure options are used to produce
         the requested output object.  For example, verify that the
         NOPRINT option is not used.
NOTE: PROCEDURE GENMOD used (Total process time):
      real time           0.27 seconds
      cpu time            0.09 seconds



NOTE: There were 37 observations read from the data set
      WORK.P_G_BOT_2_LINEAR.
NOTE: The data set WORK.P_G_BOT_2_LINEAR has 1 observations and 4
      variables.
NOTE: DATA statement used (Total process time):
      real time           0.01 seconds
      cpu time            0.00 seconds


ERROR: The variable StdErr in the DROP, KEEP, or RENAME list has never
       been referenced.
ERROR: The variable parameter in the DROP, KEEP, or RENAME list has never
       been referenced.
ERROR: Invalid DROP, KEEP, or RENAME option on file
       WORK.P_G_BOT_2_LINEAR_NOCLUS.

WARNING: The variable StdErr in the DROP, KEEP, or RENAME list has never
         been referenced.
WARNING: The variable StdErr in the DROP, KEEP, or RENAME list has never
         been referenced.
NOTE: The SAS System stopped processing this step because of errors.
WARNING: The data set WORK.P_G_BOT_2_LINEAR_NOCLUS may be incomplete.
         When this step was stopped there were 0 observations and 0
         variables.
WARNING: Data set WORK.P_G_BOT_2_LINEAR_NOCLUS was not replaced because
         this step was stopped.
NOTE: DATA statement used (Total process time):
      real time           0.00 seconds
      cpu time            0.01 seconds





NOTE: The DESCENDING option applies only to the multinomial distribution
      with ordinal response.
NOTE: Class levels for some variables were not printed due to excessive
      size.
NOTE: Algorithm converged.
NOTE: Algorithm converged.
NOTE: The data set WORK.P_G_BOT_2_LINEAR_ROBUST has 37 observations and 8
      variables.
NOTE: PROCEDURE GENMOD used (Total process time):
      real time           0.19 seconds
      cpu time            0.09 seconds



NOTE: There were 37 observations read from the data set
      WORK.P_G_BOT_2_LINEAR_ROBUST.
NOTE: The data set WORK.P_G_BOT_2_LINEAR_ROBUST has 1 observations and 1
      variables.
NOTE: DATA statement used (Total process time):
      real time           0.01 seconds
      cpu time            0.00 seconds



NOTE: There were 1 observations read from the data set
      WORK.P_G_BOT_2_LINEAR.
NOTE: There were 1 observations read from the data set
      WORK.P_G_BOT_2_LINEAR_ROBUST.
NOTE: There were 0 observations read from the data set
      WORK.P_G_BOT_2_LINEAR_NOCLUS.
NOTE: The data set WORK.P_G_BOT_2_LINEAR has 1 observations and 5
      variables.
NOTE: DATA statement used (Total process time):
      real time           0.01 seconds
      cpu time            0.00 seconds



NOTE: There were 1 observations read from the data set
      WORK.P_G_BOT_2_LINEAR.
NOTE: The data set WORK.P_G_BOT_2_LINEAR has 3 observations and 5
      variables.
NOTE: PROCEDURE TRANSPOSE used (Total process time):
      real time           0.02 seconds
      cpu time            0.01 seconds



NOTE: There were 2 observations read from the data set WORK.P_G_BOT_N.
NOTE: The data set WORK.P_G_BOT_N has 1 observations and 3 variables.
NOTE: DATA statement used (Total process time):
      real time           0.01 seconds
      cpu time            0.00 seconds



NOTE: The data set WORK.SPACE1 has 1 observations and 1 variables.
NOTE: The data set WORK.SPACE2 has 1 observations and 1 variables.
NOTE: The data set WORK.SPACE3 has 1 observations and 1 variables.
NOTE: DATA statement used (Total process time):
      real time           0.04 seconds
      cpu time            0.01 seconds



NOTE: There were 2 observations read from the data set WORK.MEANS.
NOTE: There were 1 observations read from the data set WORK.SPACE1.
NOTE: There were 3 observations read from the data set WORK.P_G_BOT_1_MAIN.
NOTE: There were 1 observations read from the data set WORK.SPACE2.
NOTE: There were 3 observations read from the data set
      WORK.P_G_BOT_2_LINEAR.
NOTE: There were 1 observations read from the data set WORK.SPACE3.
NOTE: There were 1 observations read from the data set WORK.P_G_BOT_N.
NOTE: The data set WORK.C_P_G_BOT has 12 observations and 4 variables.
NOTE: DATA statement used (Total process time):
      real time           0.01 seconds
      cpu time            0.00 seconds



NOTE: The data set WORK.SPACE_COL_1 has 1 observations and 1 variables.
NOTE: DATA statement used (Total process time):
      real time           0.01 seconds
      cpu time            0.00 seconds



NOTE: The data set WORK.SPACE_COL_2 has 1 observations and 1 variables.
NOTE: DATA statement used (Total process time):
      real time           0.01 seconds
      cpu time            0.00 seconds



NOTE: The data set WORK.SPACE_COL_3 has 1 observations and 1 variables.
NOTE: DATA statement used (Total process time):
      real time           0.01 seconds
      cpu time            0.00 seconds



NOTE: The data set WORK.SPACE_COL_4 has 1 observations and 1 variables.
NOTE: DATA statement used (Total process time):
      real time           0.01 seconds
      cpu time            0.00 seconds



NOTE: The data set WORK.SPACE_COL_5 has 1 observations and 1 variables.
NOTE: DATA statement used (Total process time):
      real time           0.02 seconds
      cpu time            0.01 seconds



NOTE: There were 12 observations read from the data set WORK.C_LS_BG_TOP.
NOTE: There were 12 observations read from the data set WORK.C_LS_BG_BOT.
NOTE: There were 1 observations read from the data set WORK.SPACE_COL_1.
NOTE: There were 12 observations read from the data set WORK.C_LS_B_TOP.
NOTE: There were 12 observations read from the data set WORK.C_LS_B_BOT.
NOTE: There were 1 observations read from the data set WORK.SPACE_COL_2.
NOTE: There were 12 observations read from the data set WORK.C_LS_G_TOP.
NOTE: There were 12 observations read from the data set WORK.C_LS_G_BOT.
NOTE: There were 1 observations read from the data set WORK.SPACE_COL_3.
NOTE: There were 12 observations read from the data set WORK.C_P_BG_TOP.
NOTE: There were 12 observations read from the data set WORK.C_P_BG_BOT.
NOTE: There were 1 observations read from the data set WORK.SPACE_COL_4.
NOTE: There were 12 observations read from the data set WORK.C_P_B_TOP.
NOTE: There were 12 observations read from the data set WORK.C_P_B_BOT.
NOTE: There were 1 observations read from the data set WORK.SPACE_COL_5.
NOTE: There were 12 observations read from the data set WORK.C_P_G_TOP.
NOTE: There were 12 observations read from the data set WORK.C_P_G_BOT.
NOTE: The data set TARGET.T8_LIN_Q_ZAKAIBAG has 12 observations and 20
      variables.
NOTE: DATA statement used (Total process time):
      real time           0.20 seconds
      cpu time            0.01 seconds



