CASE;SERIAL;REF;QUESTNNR;MODE;AS05_01;AS05_02;AS05_03;AS05_04;AS05_05;AS05_06;AS05_07;AS05_08;AS05_09;AS05_10;AS05_11;AS05_12;AS05_13;AS05_14;AS05_15;AS05_16;AS05_17;AS05_18;AS05_19;AS05_20;AS05_21;AS05_22;AS05_23;AS05_24;AS05_25;AS05_26;AS05_27;AS05_28;AS05_29;AS05_30;AS05_31;AS05_32;AS05_33;AS05_34;AS05_35;AS05_36;AS05_37;AS05_38;AS05_39;AS05_40;AS05_41;AS05_42;AS05_43;AS05_44;AS05_45;AS05_46;AS05_47;AS05_48;AS05_49;WJ01_01;WJ01_02;WJ01_03;WJ01_04;WJ01_05;WJ01_06;WJ01_07;WJ01_08;WJ01_09;WJ01_10;WJ01_11;WJ01_12;WJ01_13;WJ01_14;WJ01_15;WJ01_16;WJ01_17;WJ01_18;WJ01_19;WJ01_20;CM01_01;CM01_02;CM01_03;CM01_04;CM01_05;CM01_06;CM01_07;CM01_08;CM01_09;CM01_10;CM01_11;CM01_12;CN04_01;CN04_02;CN04_03;CN04_04;CN04_05;CN04_06;CN04_07;CN04_08;CN04_09;RW01_01;RW01_02;RW01_03;RW01_04;RW01_05;RW01_06;RW01_07;RW01_08;RW01_09;RW01_10;RW01_11;RW01_12;SD02;SD04;SD05_01;SD06;SD08;SD09;JW01_01;JW01_02;JW01_03;JW01_04;JW01_05;JW01_06;JW02_07;JW02_08;JW02_09;JW02_10;JW02_11;JW02_12;JW02_13;NI01_01;NI01_02;NI01_03;NI01_04;NI01_05;NI01_06;NI01_07;NI01_08;NI01_09;NI01_10;NI01_11;NI01_12;NI01_13;NI01_14;NI01_15;NI01_16;DO01_01;DO01_02;DO01_03;DO01_04;DO01_05;DO01_06;DO01_07;DO01_08;DO01_09;DO01_10;DO01_11;DO01_12;DO01_13;DO01_14;DO01_15;DO01_16;SE01_01;SE01_02;SE01_03;SE01_04;SE02_01;SE02_02;SE02_03;SE02_04;SE03_01;SE03_02;SE03_03;SE03_04;SE04_01;SE04_02;SE04_03;SE04_04;SE05_01;SE05_02;SE05_03;SE05_04;SE06_01;SE06_02;SE06_03;SE06_04;SE07_01;SE07_02;SE07_03;SE07_04;SE08_01;SE08_02;SE08_03;SE08_04;SE09_01;SE09_02;SE09_03;SE09_04;SE10_01;SE10_02;SE10_03;SE10_04;SE11_01;SE11_02;SE11_03;SE11_04;ST01;RS01_01;RS01_02;RS01_03;RS01_04;RS01_05;RS01_06;RS01_07;RS01_08;RS01_09;RS01_10;RS02_01;RS02_02;RS02_03;RS02_04;RS02_05;RS02_06;RS02_07;RS02_08;RS02_09;RS02_10;RS03_01;RS03_02;RS03_03;RS03_04;RS03_05;RS03_06;RS03_07;RS03_08;RS03_09;RS03_10;RS04_01;RS04_02;RS04_03;RS04_04;RS04_05;RS04_06;RS04_07;RS04_08;RS04_09;RS04_10;RS05_01;RS05_02;RS05_03;RS05_04;RS05_05;RS05_06;RS05_07;RS05_08;RS05_09;RS05_10;RS06_01;RS06_02;RS06_03;RS06_04;RS06_05;RS06_06;RS06_07;RS06_08;RS06_09;RS06_10;RS07_01;RS07_02;RS07_03;RS07_04;RS07_05;RS07_06;RS07_07;RS07_08;RS07_09;RS07_10;RS08_01;RS08_02;RS08_03;RS08_04;RS08_05;RS08_06;RS08_07;RS08_08;RS08_09;RS08_10;TI01_01;TI01_02;TI01_03;TI01_04;TI01_05;TI01_06;TI01_07;TI01_08;TI01_09;TI01_10;GS01_01;GS01_02;GS01_03;GS01_04;GS01_05;GS01_06;GS01_07;GS01_08;GS01_09;GS01_10;GS01_11;GS01_12;GS01_13;GS01_14;GS01_15;GS01_16;TIME001;TIME002;TIME003;TIME004;TIME006;TIME007;TIME008;TIME009;TIME010;TIME011;TIME012;TIME013;TIME014;TIME015;TIME016;TIME017;TIME018;TIME019;TIME020;TIME021;TIME022;TIME023;TIME024;TIME025;TIME026;TIME_SUM;FINISHED;LASTPAGE;MAXPAGE;MISSING;MISSREL;DEG_MISS;DEG_TIME;DEGRADE;subject;bp;group;sex;ipanat1_1;ipanat1_2;ipanat1_3;ipanat1_4;ipanat1_5;ipanat1_6;ipanat1_7;ipanat1_8;ipanat1_9;ipanat1_10;ipanat1_11;ipanat1_12;ipanat2_1;ipanat2_2;ipanat2_3;ipanat2_4;ipanat2_5;ipanat2_6;ipanat2_7;ipanat2_8;ipanat2_9;ipanat2_10;ipanat2_11;ipanat2_12;ipanat3_1;ipanat3_2;ipanat3_3;ipanat3_4;ipanat3_5;ipanat3_6;ipanat3_7;ipanat3_8;ipanat3_9;ipanat3_10;ipanat3_11;ipanat3_12;ipanat4_1;ipanat4_2;ipanat4_3;ipanat4_4;ipanat4_5;ipanat4_6;ipanat4_7;ipanat4_8;ipanat4_9;ipanat4_10;ipanat4_11;ipanat4_12;ipanat5_1;ipanat5_2;ipanat5_3;ipanat5_4;ipanat5_5;ipanat5_6;ipanat5_7;ipanat5_8;ipanat5_9;ipanat5_10;ipanat5_11;ipanat5_12;ipanat6_1;ipanat6_2;ipanat6_3;ipanat6_4;ipanat6_5;ipanat6_6;ipanat6_7;ipanat6_8;ipanat6_9;ipanat6_10;ipanat6_11;ipanat6_12;expl_affect_1;expl_affect_2;expl_affect_3;expl_affect_4;expl_affect_5;expl_affect_6;expl_affect_7;expl_affect_8;expl_affect_9;expl_affect_10;expl_affect_11;expl_affect_12;as_1;as_2;as_3;as_4;as_5;as_6;as_7;as_8;as_9;as_10;as_11;as_12;as_13;as_14;as_15;as_16;as_17;as_18;as_19;as_20;as_21;as_22;as_23;as_24;as_25;as_26;as_27;as_28;as_29;as_30;as_31;as_32;as_33;as_34;as_35;as_36;as_37;as_38;as_39;as_40;as_41;as_42;as_43;as_44;as_45;as_46;as_47;as_48;as_49;mc;age_groups;AS05_24r;AS05_36r;AS05_42r;AS05_49r;pre_pma;pre_sma;pre_ma;AS05_14r;AS05_29r;pre_as_contact;AS05_13r;AS05_16r;AS05_35r;AS05_46r;pre_as_guilt;warmth;competence;CM01_05r;CM01_08r;cm;CN04_07r;cn;RW01_01r;RW01_03r;RW01_05r;RW01_07r;RW01_09r;RW01_11r;rwa;jw_general;jw_personal;ni_a;ni_g;DO01_01r;DO01_10r;DO01_11r;DO01_12r;DO01_13r;DO01_14r;DO01_15r;DO01_16r;sdo;tosca_guilt;tosca_shame;tosca_detached;tosca_externalization;abi_vig;abi_verm;TI01_06r;TI01_02r;TI01_08r;TI01_04r;TI01_10r;tipi_ex;tipi_ag;tipi_co;tipi_em;tipi_op;gasp_guilt_nbe;gasp_guilt_r;gasp_shame_nse;gasp_shame_w;as_24r;as_25r;as_30r;as_27r;post_pma;post_sma;post_ma;as_19r;as_11r;post_as_contact;as_40r;as_32r;as_36r;as_38r;post_as_guilt;ipanat_freude;ipanat_aerger;ipanat_angst;ipanat_scham;ipanat_gutelaune;ipanat_gereiztheit;ipanat_furcht;ipanat_bedauern;ipanat_begeisterung;ipanat_wut;ipanat_schrecken;ipanat_schuldgefuehl;ipanat_happiness;ipanat_anger;ipanat_fear;ipanat_guilt;expl_guilt;ZRE_1;filter_bp;Zpre_ma;Zcn;Zjw_general;Zni_a;Zni_g;Ztosca_guilt;Zgasp_guilt_nbe;zgroup;zbp;grbp;grcn;bpcn;grbpcn;grjw;bpjw;grbpjw;grnig;bpnig;grbpnig;grgu;bpgu;grbpgu
228; ; ;as1_122012;interview;4;1;7;5;3;4;1;6;1;1;1;1;6;1;1;3;5;1;5;2;1;1;3;4;3;1;2;1;1;2;1;5;3;5;3;7;5;1;5;1;2;6;2;3;2;2;3;4;4;4;4;4;4;4;4;4;4;4;4;4;4;4;4;4;4;4;4;4;4;7;5;7;6;4;5;6;1;6;7;5;7;4;1;1;4;1;1;6;5;1;6;3;7;1;3;2;7;4;5;2;6;1;2;5;3;1;1;2;1;1;4;2;3;2;3;3;3;3;2;3;4;3;2;3;2;2;1;1;1;2;4;1;1;1;1;3;1;5;2;1;1;2;1;2;1;5;5;6;7;7;7;7;7;5;2;4;3;4;2;2;4;5;3;3;1;2;4;3;3;4;2;5;5;2;1;4;2;2;2;4;4;3;3;3;3;2;3;5;4;5;2;4;1;2;4;4;3;1;2;2;1;1;1;2;2;2;1;2;1;2;2;1;1;2;2;2;2;2;2;2;2;2;2;1;1;2;2;1;2;2;1;2;1;1;1;2;2;2;2;2;1;2;2;1;2;1;1;2;1;2;2;2;1;1;1;2;1;1;1;2;2;2;2;2;1;2;1;2;2;2;2;1;1;2;1;2;1;2;5;6;6;4;5;5;5;2;3;5;5;5;7;2;7;5;3;1;5;7;7;1;6;7;6;6;23;16;7;31;70;58;62;50;99;56;74;327;75;80;93;87;58;86;79;95;43;214;38;26;23;1870;1;26;26;0;0;0;23;23;51;1;1;2;6;3;2;2;7;3;1;2;4;3;2;1;6;3;2;1;6;3;2;2;3;2;1;2;4;5;6;5;3;3;4;5;2;4;5;7;7;2;2;3;6;1;2;2;7;3;2;2;3;5;7;6;3;5;6;7;2;4;5;6;4;4;3;3;5;4;4;5;4;2;3;3;4;2;3;1;5;4;1;3;4;2;1;4;3;5;7;2;1;4;1;5;1;3;4;2;4;6;2;4;1;2;1;4;3;3;5;6;7;5;4;1;5;4;3;2;4;5;2;3;1;2;1;6;4;2;3;4;3;2;2;6;7;1;1;4;1;2;4;1,71428571428571;2,93333333333333;2,3448275862069;7;7;5,2;2;5;5;6;3,57142857142857;4;4;4;7;6;2;2,22222222222222;2;1;5;1;3;2;2,25;2,16666666666667;3;2;1,625;3;3;2;1;1;1;1;1;1,75;3,72727272727273;3,54545454545455;2,90909090909091;2,36363636363636;1,525;1,7;3;2;6;4;3;4;3,5;6;3,5;4;5,75;6,25;6,25;1,75;2;1;4;4;2,35714285714286;3,26666666666667;2,82758620689655;7;4;5,8;2;6;5;6;3,92857142857143;5;3,66666666666667;3,66666666666667;3,33333333333333;5;3,16666666666667;3,16666666666667;3,83333333333333;3,66666666666667;3;3;3,5;4,55555555555556;3,27777777777778;3,27777777777778;3,55555555555556;2,66666666666667;1,26130303643322;1;-,687306544935358;-,271107285935325;-,539743580056065;-,868270489183819;-,989642090914382;-,984331535911175;,659380407686587;,5;,5;,25;-,135553642967663;-,135553642967663;-,0677768214838314;-,269871790028032;-,269871790028032;-,134935895014016;-,494821045457191;-,494821045457191;-,247410522728596;-,492165767955588;-,492165767955588;-,246082883977794
459; ; ;as1_122012;interview;6;4;7;3;4;6;5;7;6;1;1;1;2;1;4;2;6;1;2;2;5;3;5;4;5;1;1;1;1;1;1;7;3;1;1;7;1;1;7;7;1;6;6;2;2;7;1;5;4;5;2;5;4;4;5;5;4;4;5;4;4;5;5;5;5;5;4;5;5;7;6;7;6;3;5;5;1;4;5;6;6;2;1;2;5;1;2;1;5;1;5;2;7;2;3;1;7;3;6;1;6;1;2;5;3;1;2;1;2;3;2;3;1;1;4;5;4;3;3;3;4;3;2;3;1;1;1;2;1;2;2;1;1;1;1;4;2;6;1;1;1;1;1;1;1;2;7;7;7;7;7;2;7;4;4;5;4;4;1;3;4;4;2;2;2;2;4;1;4;1;1;5;5;1;3;5;5;3;2;4;4;4;2;1;4;2;5;4;3;2;3;4;1;4;3;3;1;1;2;2;1;1;1;2;2;2;2;2;1;2;2;1;1;1;2;2;2;1;1;1;2;2;1;2;1;2;2;1;2;2;2;2;1;2;1;2;1;2;1;2;1;1;2;2;1;1;1;1;1;2;2;2;2;1;1;2;1;1;1;1;2;2;2;2;1;2;1;2;2;2;2;1;2;2;1;2;2;1;6;4;4;2;6;1;6;2;3;1;5;3;7;1;5;6;3;2;1;5;5;1;7;7;7;3;1;4;6;26;195;78;118;70;132;69;82;411;127;82;122;892;110;128;116;134;110;788;83;42;78;2499;1;26;26;0;0;0;46;46;31;0;1;2;5;3;1;1;6;4;1;1;6;4;5;1;3;1;3;4;2;5;3;6;2;2;2;4;3;4;2;2;4;2;2;5;2;3;4;3;5;1;1;1;5;2;1;4;5;2;1;1;4;5;5;5;4;2;5;5;3;5;5;3;2;5;2;3;2;4;2;5;4;2;2;3;5;2;1;1;6;3;1;2;4;1;1;1;6;1;7;1;4;1;1;5;1;2;1;5;6;7;2;5;2;4;1;2;2;1;7;7;7;7;4;2;5;5;2;1;7;3;1;1;1;1;1;2;3;2;6;4;2;6;2;3;1;1;2;4;1;2;4;2,21428571428571;2,26666666666667;2,24137931034483;7;7;5,2;6;6;7;1;5,78571428571429;4,4;4,5;5;7;5,75;7;2,88888888888889;3;1;5;1;2;2;2;2;3,71428571428571;2,125;1,375;2;1;1;1;1;1;6;1;1,4375;4;2,72727272727273;3,54545454545455;2;1,525;1,6;7;4;6;6;7;6,5;5;5;4,5;6,5;4;5;6,25;1,75;1;1;3;4;1,92857142857143;2,53333333333333;2,24137931034483;7;7;5,4;6;7;7;7;5,85714285714286;3,66666666666667;3,16666666666667;2,33333333333333;2,66666666666667;3,83333333333333;3,16666666666667;2,33333333333333;4,33333333333333;3,66666666666667;3;3,16666666666667;2,5;3,72222222222222;3,11111111111111;2,61111111111111;3,16666666666667;1,33333333333333;,0618800099430493;0;-,807293054470108;,316218123073014;-,756162503460187;-,778219586967504;-1,25851375554906;-,266222618671466;-,797273648837773;,5;-,5;-,25;,158109061536507;-,158109061536507;-,0790545307682535;-,378081251730093;,378081251730093;,189040625865047;-,629256877774529;,629256877774529;,314628438887265;-,133111309335733;,133111309335733;,0665556546678665
345; ; ;as1_122012;interview;6;1;7;4;4;4;6;7;4;1;4;4;7;7;5;7;7;4;4;5;1;2;4;4;1;4;1;4;4;6;4;7;1;1;1;7;4;4;6;1;4;7;1;1;1;1;1;6;4;5;4;6;4;4;6;6;4;4;6;6;4;5;6;4;6;4;3;5;6;7;6;7;7;4;4;4;1;6;4;7;4;1;1;1;4;1;1;7;1;1;4;3;7;4;7;1;7;1;7;4;7;1;2;7;3;4;7;1;1;2;2;1;1;1;5;5;5;5;5;5;5;4;4;1;1;1;1;1;1;2;4;1;1;4;1;1;4;7;4;2;1;4;1;1;1;4;4;7;7;7;7;7;7;4;1;5;2;5;1;1;1;3;4;2;2;3;2;1;5;1;1;5;5;1;1;5;2;1;1;5;1;3;3;1;2;1;4;5;3;4;1;5;1;1;5;5;1;1;2;2;2;1;2;2;1;1;1;2;1;2;2;2;1;1;2;2;2;2;1;1;1;2;2;2;2;2;2;1;1;2;1;1;1;1;1;2;1;2;1;2;1;1;1;1;1;1;1;2;1;1;1;2;1;1;1;2;1;1;1;1;2;2;2;2;2;1;1;2;2;1;1;1;2;1;2;1;2;1;6;6;6;7;4;2;6;6;2;2;7;7;7;1;7;7;1;4;7;5;2;1;1;7;6;4;348;141;39;135;167;225;201;101;150;109;116;594;205;149;199;229;266;196;163;154;64;793;115;150;108;3517;1;26;26;0;0;0;0;0;42;1;2;2;2;3;2;2;2;2;2;2;2;2;2;3;3;4;3;2;3;2;2;2;2;3;3;2;2;2;2;3;3;2;2;2;2;2;2;2;4;2;2;2;4;2;2;2;3;2;2;2;2;3;4;4;2;3;3;2;2;3;4;3;1;1;1;2;1;2;3;4;2;2;2;4;4;1;1;1;4;1;1;1;1;1;1;1;5;2;7;1;1;2;1;1;1;1;4;7;6;4;1;6;5;1;1;1;1;1;7;7;7;7;4;1;4;4;1;1;7;5;1;1;4;1;1;7;5;4;4;5;4;1;4;4;4;0;3;4;1;1;4;3,42857142857143;3,53333333333333;3,48275862068966;1;4;2,8;1;1;7;7;3,71428571428571;4,8;5;4;7;5,58333333333333;1;1,33333333333333;4;1;1;1;1;1;1,91666666666667;1,33333333333333;5;1,875;2,125;1;4;1;1;1;1;1;1;1,8125;4,18181818181818;2,54545454545455;2,27272727272727;1,54545454545455;1,425;1,475;6;2;2;1;6;6;4;4;1,5;5;6,25;5,5;5;1,75;1;1;4;4;2,64285714285714;3,13333333333333;2,89655172413793;7;4;4,6;1;7;7;7;4,21428571428571;2,33333333333333;2,5;2,33333333333333;2,5;2,5;2,16666666666667;2,33333333333333;2,33333333333333;2,16666666666667;2,33333333333333;2,5;2,66666666666667;2,33333333333333;2,33333333333333;2,38888888888889;2,5;1;-1,17362259821286;1;,632545059946894;-1,05420783127978;-1,62183819707668;-,958321391400135;-,451898761645029;,212516659488339;1,07556728097926;-,5;,5;-,25;,527103915639889;-,527103915639889;,263551957819945;,810919098538338;-,810919098538338;,405459549269169;,225949380822515;-,225949380822515;,112974690411257;-,10625832974417;,10625832974417;-,0531291648720848
215; ; ;as1_122012;interview;5;1;7;5;4;7;4;7;3;1;3;1;6;1;6;-9;2;2;5;5;3;1;4;6;6;1;3;2;1;5;3;6;7;3;2;7;7;1;6;3;2;4;3;4;6;1;2;7;5;5;1;7;7;6;6;7;7;7;5;7;6;4;6;7;6;4;6;6;7;7;5;7;2;5;2;1;5;4;1;1;2;4;3;6;4;4;2;3;5;2;6;6;6;3;1;5;7;5;6;4;3;4;2;5;4;1;6;1;3;3;2;4;5;2;5;5;5;4;4;5;5;5;5;7;3;3;1;6;7;5;5;4;1;4;2;6;4;6;4;2;1;2;4;2;2;5;3;6;6;5;6;4;5;1;3;5;3;5;1;1;4;5;1;3;2;1;3;2;5;1;1;3;5;1;1;4;3;1;2;5;5;4;2;3;5;1;5;4;2;2;1;5;1;3;5;5;1;1;2;2;1;2;1;1;2;2;2;2;2;2;2;2;1;1;2;2;2;1;2;1;1;1;2;2;2;2;2;2;1;2;2;2;1;2;1;2;1;2;2;2;1;2;2;1;2;2;2;1;2;2;2;2;1;2;1;2;2;1;1;2;2;2;1;1;1;2;1;2;2;2;2;1;2;1;2;2;2;1;5;4;6;2;7;5;7;4;3;2;1;6;7;2;6;7;2;7;7;6;7;1;6;6;7;4;34;49;8;24;65;54;90;98;104;78;179;962;93;183;207;109;300;388;109;979;481;278;66;37;49;2597;1;26;26;1;0;1;8;9;26;1;2;2;5;3;1;2;6;3;2;1;7;1;2;2;3;4;3;6;2;3;2;6;2;6;3;4;5;3;2;2;6;2;1;1;5;1;1;3;7;2;3;1;5;3;3;2;6;1;1;1;5;4;3;1;5;3;1;4;5;2;6;5;6;1;5;3;2;1;4;4;3;1;3;4;4;1;1;1;5;1;1;1;5;1;1;1;7;5;7;1;4;2;1;2;1;4;1;6;4;6;4;2;3;5;1;6;5;2;5;6;7;5;5;6;4;7;3;1;7;4;1;1;3;1;1;4;1;2;2;5;3;3;1;7;6;0;2;2;1;4;3;2,28571428571429;4,46666666666667;3,41379310344828;7;7;5,6;2; ;6;7;4,61538461538462;6,6;6,25;3;3;3,16666666666667;5;3,88888888888889;2;2;7;1;2;5;3,83333333333333;3,16666666666667;4,71428571428571;5;3,5;2;5;2;2;3;2;4;3;2,8125;4,54545454545455;2,72727272727273;2,72727272727273;1,45454545454545;1,775;1,55;3;4;4;6;6;4;5,5;5;4,5;6,5;4,5;6,5;6,5;3;2;1;1;3;1,57142857142857;4,26666666666667;2,96551724137931;7;7;6;4;7;7;7;4,92857142857143;5,16666666666667;2,83333333333333;2,83333333333333;2,5;4,33333333333333;2,5;2,16666666666667;3;4,66666666666667;2;2,66666666666667;3,16666666666667;4,72222222222222;2,44444444444444;2,55555555555556;2,88888888888889;1;-,846853882464832;1;,552554053590394;1,19720623658552;,758769960368667;1,29295116400775;1,02689539384569;1,16999521580795;-,381086775545099;-,5;,5;-,25;-,598603118292762;,598603118292762;-,299301559146381;-,379384980184334;,379384980184334;-,189692490092167;-,513447696922846;,513447696922846;-,256723848461423;-,584997607903976;,584997607903976;-,292498803951988
519; ; ;as1_122012;interview;3;3;6;3;3;2;2;5;2;1;2;1;7;1;2;6;4;2;4;3;2;4;5;4;2;2;2;1;1;1;1;7;6;2;3;6;6;1;4;2;2;4;2;4;6;2;3;4;4;4;4;4;4;4;4;4;4;4;4;4;4;4;4;4;4;4;4;4;4;7;3;7;6;5;6;3;1;7;7;7;5;1;1;1;2;2;1;6;2;2;6;2;7;2;7;1;7;2;7;2;5;1;1;5;3;1;1;1;3;4;3;4;4;3;4;3;4;4;3;4;4;4;3;2;1;2;1;2;1;1;3;2;1;2;1;2;3;6;1;1;1;1;1;1;1;3;5;7;7;7;7;7;7;4;2;5;2;4;1;2;2;2;2;3;2;1;2;1;4;1;3;3;4;2;3;2;3;2;3;4;4;3;2;2;3;2;3;4;1;3;1;4;1;1;3;1;1;1;2;2;1;2;1;1;2;1;2;2;2;2;1;1;2;2;1;1;1;2;2;1;2;1;2;2;2;2;2;2;2;2;2;2;1;2;1;2;1;2;2;2;1;2;2;1;1;2;1;1;1;2;2;2;2;1;1;2;2;2;2;2;2;2;2;2;2;2;2;2;2;2;2;1;1;2;1;2;1;2;6;6;3;4;6;2;6;3;4;1;1;6;7;2;2;5;3;1;3;5;6;1;5;6;4;3;4;106;42;48;72;63;79;51;115;55;71;288;48;80;76;70;47;66;76;63;37;177;46;47;24;1851;1;26;26;0;0;0;17;17;73;1;1;1;5;2;1;4;5;3;1;2;5;3;2;1;3;5;2;2;6;1;1;1;6;2;1;1;3;2;1;6;2;2;1;4;2;2;3;3;5;2;1;1;6;1;1;1;4;1;1;1;1;2;3;4;1;2;3;5;1;3;3;3;1;2;3;3;1;2;2;3;1;3;3;4;3;1;2;1;3;2;2;5;1;2;1;6;5;4;7;2;4;2;2;2;1;6;1;2;1;6;2;4;4;2;7;6;7;2;6;5;6;5;4;2;6;4;5;4;5;4;2;5;2;2;1;7;2;1;2;4;2;3;2;5;2;1;2;4;2;4;4;2,42857142857143;3,33333333333333;2,89655172413793;7;7;4,6;1;2;5;6;3,5;4;4;3;7;5,66666666666667;2;1,55555555555556;2;1;1;1;1;3;1,58333333333333;3,5;3,71428571428571;2,125;1,75;2;3;1;1;1;1;1;1;1,3125;3,72727272727273;2,27272727272727;1,90909090909091;1,90909090909091;1,75;1,6;6;2;5;4;7;6;4;4;4;6,5;3,25;4,5;5,5;1,75;3;2;4;4;2,42857142857143;3,6;3,03448275862069;1;7;4,4;1;4;3;6;3,71428571428571;3;2,5;1,83333333333333;3,33333333333333;3,5;1,83333333333333;1,5;2,66666666666667;3,16666666666667;2,33333333333333;2,16666666666667;2,16666666666667;3,22222222222222;2,22222222222222;1,83333333333333;2,72222222222222;4;,505687020572435;1;-,047378494083357;-,858432694943665;1,19160780717691;-,778219586967504;-,855206258597044;-,984331535911175;-1,42155395877678;,5;,5;,25;-,429216347471833;-,429216347471833;-,214608173735916;,595803903588456;,595803903588456;,297901951794228;-,427603129298522;-,427603129298522;-,213801564649261;-,492165767955588;-,492165767955588;-,246082883977794
483; ; ;as1_122012;interview;7;6;7;5;7;7;4;7;6;1;4;1;4;1;6;2;5;1;4;7;4;4;4;4;6;1;3;1;1;1;4;7;4;1;1;7;1;1;7;4;4;7;7;1;1;1;1;6;4;4;1;7;4;4;5;4;5;2;5;5;5;4;5;3;6;7;2;7;7;7;7;7;5;3;5;4;1;7;5;4;2;2;1;1;2;1;1;6;1;1;3;5;7;5;3;1;7;4;7;2;4;2;2;5;2;1;2;3;4;4;2;3;3;4;3;3;4;4;4;4;5;6;6;2;1;2;1;1;1;4;5;1;1;1;1;6;5;6;1;1;1;1;1;1;1;2;6;7;7;7;7;7;7;5;3;5;2;4;1;3;4;5;3;5;1;2;2;1;5;4;2;4;5;3;3;5;3;4;4;5;5;4;2;2;3;2;5;5;4;5;2;5;3;4;4;5;3;1;2;2;1;2;2;1;2;1;1;2;2;2;1;2;2;2;1;1;1;2;2;1;2;-9;2;2;1;2;2;2;1;-9;2;2;1;2;2;2;2;1;2;2;1;1;2;2;2;2;1;1;2;2;2;2;1;2;1;2;2;2;1;2;2;2;2;2;1;2;1;2;2;1;2;1;2;1;2;2;2;1;5;5;2;6;7;6;7;7;3;4;7;7;7;1;6;7;2;7;7;7;7;1;7;5;7;7;2;52;895;31;86;61;58;39;74;47;74;222;67;58;75;75;54;56;56;57;28;163;52;38;58;1605;1;26;26;1;1;1;26;28;65;0;1;2;5;3;1;2;6;1;4;1;6;5;3;2;4;1;1;4;4;1;2;7;3;4;1;5;5;3;2;3;7;3;4;5;5;2;4;3;6;3;4;2;7;5;3;4;6;1;5;2;1;6;7;5;1;3;7;7;4;6;5;5;5;2;4;3;6;4;2;7;3;6;5;3;3;4;4;5;2;3;4;5;2;5;5;5;7;4;7;1;5;4;2;5;1;4;1;5;4;7;5;5;5;5;1;2;4;1;7;7;7;7;3;4;6;4;1;1;7;4;2;2;3;1;1;2;5;5;7;4;4;4;4;3;1;1;3;4;1;1;4;2,71428571428571;3,33333333333333;3,03448275862069;7;7;5,2;4;6;7;7;6,07142857142857;5,2;4,5;5;7;5,41666666666667;2;1,33333333333333;5;1;5;1;1;4;3;3,33333333333333;3,85714285714286;2,875;2,625;2;2;1;1;1;1;1;1;1,1875;4,45454545454545;3,72727272727273;3,45454545454545;2,54545454545455;1,97435897435897;1,35897435897436;2;3;1;2;4;3,5;5;1,5;2,5;5,5;6,5;6,75;7;2,75;1;1;4;5;3;3,4;3,20689655172414;7;7;5,6;6;7;6;7;6,07142857142857;4,33333333333333;3;3,16666666666667;3,16666666666667;5,16666666666667;2,83333333333333;3,66666666666667;5,16666666666667;4,5;4;3,83333333333333;3,33333333333333;4,66666666666667;3,27777777777778;3,55555555555556;3,88888888888889;5;,612458834126876;0;,112603518629643;-1,05420783127978;,97518888377279;-,237914173669611;,0858445676243238;,930625576728047;1,2836607176256;,5;-,5;-,25;-,527103915639889;,527103915639889;,263551957819945;,487594441886395;-,487594441886395;-,243797220943197;,0429222838121619;-,0429222838121619;-,021461141906081;,465312788364023;-,465312788364023;-,232656394182012
321; ; ;as1_122012;interview;7;3;6;7;5;7;7;-9;4;4;5;6;6;1;3;6;7;4;4;7;1;7;5;4;4;5;7;3;1;5;5;7;6;1;4;4;7;1;5;5;6;2;2;6;6;2;5;7;4;6;2;6;5;4;2;7;5;6;6;6;5;5;6;6;2;2;5;5;3;7;7;5;5;2;3;5;3;6;2;5;5;4;2;5;7;6;6;5;5;4;7;7;4;4;2;5;6;5;6;4;3;6;1;5;5;1;2;2;2;3;4;5;6;2;4;5;5;5;5;5;5;6;6;5;6;7;4;5;4;5;7;4;1;5;1;1;3;7;6;4;1;6;2;1;1;6;4;4;4;2;6;6;6;4;3;5;1;4;1;4;3;3;3;4;2;3;5;3;4;1;1;5;5;5;2;4;4;3;2;4;4;4;2;2;3;3;4;5;2;3;3;5;1;1;4;5;3;1;2;2;1;1;2;1;2;1;2;2;2;2;1;2;2;2;2;2;1;2;2;1;2;1;2;2;1;2;2;2;1;2;2;1;1;2;2;2;2;2;1;2;2;2;2;2;2;2;2;1;2;1;1;2;1;2;1;2;2;2;2;2;2;2;2;2;1;2;1;1;2;1;2;1;1;1;2;1;1;1;2;5;5;2;6;1;6;2;6;6;2;4;2;2;5;6;6;1;1;6;7;1;6;7;6;5;3;78;6;21;44;48;42;40;55;46;69;204;50;46;66;59;35;50;50;56;31;178;52;28;56;1413;1;26;26;1;0;1;40;40;23;1;1;1;5;3;3;3;6;2;4;5;6;2;5;2;3;5;6;5;2;5;6;6;2;5;6;5;2;7;6;5;1;5;6;5;2;7;5;5;7;2;2;2;6;2;3;5;6;2;1;1;5;3;3;3;5;3;3;3;5;3;3;3;2;6;4;5;3;6;5;6;2;1;3;6;3;3;3;3;3;1;1;1;2;1;4;2;7;5;6;2;4;6;1;2;5;6;4;3;5;6;2;4;6;2;6;7;7;3;5;4;4;5;3;3;3;4;6;4;5;6;6;3;6;3;5;5;7;6;4;6;7;3;6;6;2;1;2;4;4;6;4;4,78571428571429;5,73333333333333;5,27586206896552;7;7;5,4;2;2;4;6;3,92307692307692;4;5,75;6;5;5,08333333333333;3;4,66666666666667;1;4;6;2;2;5;4,25;3,66666666666667;4,85714285714286;4,75;4;1;4;4;4;6;2;2;2;3,25;4,27272727272727;2,90909090909091;3;2,72727272727273;1,875;1,425;7;3;6;6;2;4,5;4,5;5,5;6;4;3,75;5,5;5;2,5;4;4;4;5;4,64285714285714;5,46666666666667;5,06896551724138;2;4;3,4;3;4;5;5;3,92857142857143;4;4,33333333333333;4;3,83333333333333;3,83333333333333;3,83333333333333;4,5;5;3,83333333333333;3,33333333333333;3,83333333333333;3,66666666666667;3,88888888888889;3,83333333333333;4,11111111111111;4,16666666666667;2;,0454533679836513;1;2,7123112252159;1,88241921376192;1,40802673058103;1,11284935957512;1,56463872311504;,451886298568242;-1,00536708548411;,5;,5;,25;,94120960688096;,94120960688096;,47060480344048;,704013365290517;,704013365290517;,352006682645258;,782319361557522;,782319361557522;,391159680778761;,225943149284121;,225943149284121;,11297157464206
403; ; ;as1_122012;interview;5;6;7;1;1;6;1;7;7;1;1;1;2;1;4;1;1;1;1;1;5;1;5;4;7;1;1;1;2;1;1;7;1;1;1;7;1;1;7;7;1;6;7;1;1;1;1;1;4;4;4;4;4;4;4;4;4;4;4;4;4;4;4;4;4;4;4;4;4;6;7;7;6;3;7;6;1;4;2;4;4;2;1;1;2;1;1;7;1;1;7;1;7;1;6;1;7;1;7;1;7;1;2;5;2;1;2;1;2;2;4;1;3;3;4;5;5;5;5;5;5;1;2;1;1;1;1;1;1;1;3;1;1;1;1;5;1;7;1;1;1;1;1;1;1;1;7;7;4;7;7;7;7;4;4;5;1;5;2;1;4;4;2;2;3;2;3;1;5;3;2;3;5;1;4;4;5;2;3;5;4;3;4;5;4;2;3;4;2;5;1;5;1;4;5;2;1;1;2;2;1;2;2;1;2;1;2;2;2;2;1;1;1;1;2;2;2;1;1;1;1;1;2;2;1;2;2;1;1;2;2;1;1;2;1;2;1;2;1;1;1;2;2;1;1;1;1;1;2;2;2;2;1;2;1;2;2;1;1;1;2;2;2;1;1;2;1;2;1;2;2;1;2;1;2;2;1;1;6;6;6;5;6;5;6;3;5;3;2;3;7;1;6;6;2;2;3;6;7;1;7;7;7;7;2164;101;36;53;93;77;91;57;130;149;113;540;100;105;180;83;75;97;109;85;52;228;63;39;113;2779;1;26;26;0;0;0;1;1;64;1;2;2;3;1;2;3;4;1;2;1;4;2;4;1;1;5;3;2;1;4;3;2;1;4;3;2;2;4;2;1;2;3;2;2;2;2;3;2;5;2;4;3;4;1;1;2;3;2;1;1;1;5;3;2;2;3;3;2;2;4;4;1;2;2;4;4;1;1;3;3;1;2;3;3;3;1;1;1;3;1;1;1;2;1;1;1;6;4;7;1;5;1;1;7;1;1;2;3;4;5;7;1;1;7;1;1;2;1;7;5;7;7;4;1;5;5;1;1;7;1;1;1;1;1;1;3;1;1;5;1;1;7;1;2;1;1;1;4;1;2;4;1,5;1,2;1,3448275862069;7;6;5;6;7;7;7;6,71428571428571;4;4;5;7;5,41666666666667;1;1,22222222222222;1;1;2;1;1;1;1,08333333333333;2,5;4,85714285714286;1,5;1,375;1;1;1;4;1;1;1;1;1,1875;4,54545454545455;3,27272727272727;3;1,90909090909091;1,55;1,45;3;2;5;3;5;4,5;4;5,5;4;5,5;4,75;5,75;6,5;1,5;3;1;3;4;1,5;1,66666666666667;1,58620689655172;7;6;4,8;5;7;7;7;6,57142857142857;2,33333333333333;3,16666666666667;3;2,5;2,33333333333333;2,16666666666667;2,33333333333333;2;2,16666666666667;2,66666666666667;3;1,66666666666667;2,27777777777778;2,66666666666667;2,77777777777778;2,05555555555556;1;,508327089414928;1;-1,84717613710461;-1,15209539944783;-,106905733247821;-1,22847409804908;-1,25851375554906;1,16999521580795;-,172993338898762;-,5;,5;-,25;,576047699723917;-,576047699723917;,288023849861959;,0534528666239103;-,0534528666239103;,0267264333119552;,629256877774529;-,629256877774529;,314628438887265;-,584997607903976;,584997607903976;-,292498803951988
394; ; ;as1_122012;interview;6;2;7;5;4;6;1;7;4;1;1;1;5;1;2;2;3;4;3;6;2;3;5;5;7;1;5;1;1;1;2;7;2;4;2;3;2;1;6;5;4;3;5;1;2;1;1;3;5;5;5;6;6;4;3;7;7;3;6;7;6;3;5;4;4;5;3;6;6;7;5;6;5;4;6;3;1;6;5;6;5;2;3;6;2;3;5;3;6;1;1;3;5;5;7;1;1;2;6;2;6;1;1;6;3;1;2;4;1;2;4;1;1;1;2;5;3;5;5;6;5;5;5;6;2;3;1;2;3;5;6;2;1;2;4;2;1;7;1;1;1;1;1;2;1;1;5;7;6;6;5;5;7;4;3;5;2;5;1;4;5;5;1;4;1;2;4;2;5;2;3;5;5;1;2;5;5;4;2;5;3;4;3;4;2;3;4;4;1;4;2;5;1;3;1;4;2;1;2;2;1;1;1;1;2;1;1;1;2;2;2;1;1;2;2;1;2;1;2;1;1;2;2;2;2;1;1;1;2;2;2;2;2;2;1;2;1;2;2;1;1;2;2;2;1;1;1;1;1;2;1;2;2;2;1;2;1;1;2;1;2;2;2;1;1;2;1;2;1;2;1;2;1;2;1;2;1;2;2;3;5;2;6;7;7;3;6;2;2;5;7;1;3;6;6;1;5;7;6;1;6;5;7;4;14;33;39;63;79;78;64;45;282;51;69;285;62;62;80;67;72;55;54;67;28;209;51;27;44;1807;1;26;26;0;0;0;16;16;2;0;2;1;2;5;7;2;1;5;7;3;2;7;7;3;7;2;2;2;7;1;2;2;6;2;3;3;5;3;2;5;5;6;3;3;5;5;1;3;6;2;2;2;5;1;2;5;5;2;1;2;2;6;7;3;1;5;7;2;1;6;6;2;6;2;1;1;6;2;3;2;5;3;2;1;3;1;1;1;5;1;1;2;3;1;1;4;7;3;7;1;2;1;3;6;1;2;5;4;4;4;6;6;3;6;1;2;3;3;7;5;2;7;3;2;5;6;5;2;7;1;1;1;1;1;2;4;6;2;5;2;3;2;4;3;5;1;3;3;5;5;3;2,78571428571429;2,46666666666667;2,62068965517241;7;7;5,8;3;6;6;7;5,28571428571429;5,6;5,25;4;7;5,41666666666667;5;3,66666666666667;7;3;1;7;2;2;3;1,66666666666667;4,42857142857143;3,375;2,875;1;3;1;2;2;3;3;1;1,5625;4,18181818181818;3,09090909090909;3,27272727272727;2,36363636363636;1,425;1,625;1;5;5;6;6;1,5;6;5;6;6;4;5,25;6,5;2,25;3;6;2;5;3;2,8;2,89655172413793;7;3;4,8;4;6;7;7;5,64285714285714;4,66666666666667;3,33333333333333;3,5;2,5;4,16666666666667;3,33333333333333;4;2,83333333333333;4;4,16666666666667;3,33333333333333;2,33333333333333;4,27777777777778;3,61111111111111;3,61111111111111;2,55555555555556;2,33333333333333;,799016223497218;0;-,367342519509357;1,00143110024941;-1,18900035026843;,122289435195651;,354716232259;,212516659488339;-,797273648837773;-,5;-,5;,25;-,500715550124705;-,500715550124705;,250357775062353;,594500175134215;,594500175134215;-,297250087567108;-,1773581161295;-,1773581161295;,0886790580647501;-,10625832974417;-,10625832974417;,0531291648720848
503; ; ;as1_122012;interview;5;1;7;3;4;6;1;7;1;1;1;1;7;1;1;1;4;3;5;1;1;5;1;4;5;1;5;1;4;1;1;7;7;1;1;7;5;1;1;5;4;6;1;1;6;5;1;5;4;4;4;4;4;4;4;4;4;4;4;4;4;4;4;4;4;4;4;4;4;7;7;7;1;7;5;1;1;1;6;7;1;1;1;1;1;1;4;7;4;1;5;1;7;3;1;1;7;4;7;3;7;1;1;5;3;1;6;1;1;1;1;2;1;1;4;5;3;5;6;6;2;5;6;1;1;1;1;1;1;3;4;3;1;1;1;5;4;7;1;7;7;1;1;5;5;7;7;4;1;5;7;7;1;5;3;4;1;4;2;3;2;5;1;2;4;2;1;1;5;5;3;5;5;1;4;5;4;1;1;5;4;1;4;5;2;3;5;4;2;5;1;5;1;4;1;5;1;1;2;2;1;1;2;1;2;1;1;2;2;2;1;1;1;2;1;1;2;1;1;2;1;2;2;1;2;1;2;2;1;2;2;1;1;2;1;2;2;1;2;2;1;2;2;2;2;1;1;1;1;2;2;2;1;2;1;2;2;2;1;2;2;2;1;1;2;1;1;2;2;1;2;2;2;1;2;2;1;2;2;5;5;3;7;7;6;5;4;2;2;7;7;1;6;7;5;2;4;7;6;1;7;2;7;3;4;164;30;76;91;76;70;53;151;65;87;408;49;105;113;193;88;114;92;107;40;251;84;56;623;2624;1;26;26;0;0;0;5;5;44;0;2;1;1;4;5;3;2;5;5;2;2;1;6;1;6;7;6;2;4;5;5;5;6;7;3;2;7;2;1;3;6;2;2;5;6;3;2;5;5;6;7;2;5;6;5;3;2;3;7;3;3;5;2;3;2;6;5;3;2;6;7;3;1;2;7;5;2;3;7;3;2;4;7;2;4;1;3;2;4;1;1;2;1;3;1;4;5;6;7;1;1;4;1;6;1;1;6;2;5;6;2;4;2;1;1;5;6;2;5;7;7;3;4;1;2;4;3;1;5;1;1;3;4;2;4;6;4;5;5;4;3;2;2;5;1;1;2;4;1;2;4;2,14285714285714;3,33333333333333;2,75862068965517;7;4;3,8;1;7;7;3;3,85714285714286;4;4;1;7;4,25;1;1,66666666666667;3;1;7;1;1;1;2,25;1,16666666666667;4,42857142857143;2,5;2,375;1;1;4;7;3;1;1;7;3,6875;3,72727272727273;4,09090909090909;2,63636363636364;2;1,65;1,475;1;3;3;5;6;1,5;4,5;4;4,5;6,5;2,75;6,5;7;2,25;1;1;4;4;2,64285714285714;3,33333333333333;3;7;2;3,6;2;7;5;6;4,07142857142857;3,83333333333333;4,33333333333333;4,66666666666667;3;3,5;4,5;4,83333333333333;3,5;3,33333333333333;4;5,33333333333333;2,66666666666667;3,55555555555556;4,27777777777778;4,94444444444444;3,05555555555556;2,66666666666667;,736830427040437;0;-,207360506796357;-,760545126775608;-1,8382571204808;-,508066880318557;-,183027097010353;-,984331535911175;-1,83774083206946;-,5;-,5;,25;,380272563387804;,380272563387804;-,190136281693902;,919128560240398;,919128560240398;-,459564280120199;,0915135485051763;,0915135485051763;-,0457567742525882;,492165767955588;,492165767955588;-,246082883977794
404; ; ;as1_122012;interview;5;6;7;6;6;5;2;7;5;2;1;2;5;1;2;2;1;1;1;1;5;3;5;5;5;3;4;3;4;4;3;6;2;1;2;4;2;4;6;6;3;5;6;2;2;2;2;4;4;6;3;6;4;5;5;7;4;5;5;6;5;5;6;5;5;5;7;6;5;7;5;5;5;4;3;2;4;4;4;5;3;1;1;1;1;4;1;4;3;1;1;2;5;3;5;4;5;5;7;3;1;6;2;6;3;2;1;3;1;5;2;1;1;1;2;2;2;2;2;2;2;4;4;3;2;3;1;1;3;2;2;1;5;1;1;2;4;6;5;2;1;2;2;2;1;2;6;6;6;5;6;6;6;4;1;5;1;3;1;3;4;5;2;4;2;2;4;2;5;4;2;3;5;1;3;3;4;2;2;5;4;5;3;2;4;2;4;5;1;5;1;3;1;2;4;4;1;1;2;1;1;2;2;1;2;1;2;1;2;2;2;2;2;2;1;2;1;2;2;1;2;1;1;2;1;2;1;2;2;2;2;2;2;1;1;2;1;2;1;2;1;2;2;1;1;2;1;1;2;2;2;2;2;1;1;2;1;1;1;1;2;2;1;1;1;2;1;2;1;2;2;1;2;1;2;2;2;1;2;5;3;5;5;5;5;5;4;4;4;3;7;3;6;6;2;2;6;7;6;2;7;7;7;7;7;588;27;77;115;70;114;74;226;126;591;630;61;101;149;146;106;98;87;119;52;286;36;37;69;2974;1;26;26;0;0;0;3;3;17;0;1;2;2;6;7;2;2;5;6;2;3;6;6;2;6;1;2;4;6;2;2;4;7;1;2;4;4;4;4;6;4;6;3;6;3;2;2;2;5;3;6;6;5;3;3;3;6;2;2;6;2;6;4;4;2;7;4;2;2;7;3;2;2;1;7;6;2;3;1;6;2;1;5;6;4;6;4;3;3;5;3;5;2;6;2;2;6;2;7;2;6;2;2;7;2;2;4;2;3;5;4;6;2;4;2;2;2;2;7;5;6;7;4;2;6;6;2;2;7;4;2;2;2;2;2;2;2;1;5;4;2;6;2;2;2;0;2;3;4;3;4;2,92857142857143;2,6;2,75862068965517;7;4;4,4;3;6;6;6;5,71428571428571;4,6;6,25;4;4;4,25;4;1,88888888888889;7;3;3;3;1;7;3,91666666666667;1,83333333333333;2;2,125;2,75;2;2;2;2;3;2;2;2;2,125;4,27272727272727;3,54545454545455;2,54545454545455;1,72727272727273;1,75;1,375;3;3;3;3;4;2,5;4;3;3,5;4,5;6;5,5;6,75;2,25;3;2;2;4;2,42857142857143;2,33333333333333;2,37931034482759;6;4;4,6;6;6;6;6;6;3,5;3,5;5;4,66666666666667;3,5;4,33333333333333;3,16666666666667;3,83333333333333;3,83333333333333;3,16666666666667;3,33333333333333;3,66666666666667;3,61111111111111;3,66666666666667;3,83333333333333;4,05555555555556;3,33333333333333;-,783788063060555;0;-,207360506796357;-,564769990439495;-,972581426864309;-,778219586967504;,220280399941662;,451886298568242;,867473844332924;,5;-,5;-,25;-,282384995219748;,282384995219748;,141192497609874;-,486290713432155;,486290713432155;,243145356716077;,110140199970831;-,110140199970831;-,0550700999854155;,225943149284121;-,225943149284121;-,11297157464206
286; ; ;as1_122012;interview;7;2;7;1;1;4;7;7;1;1;1;1;7;1;1;1;7;7;4;5;1;7;4;4;7;1;7;1;1;3;2;7;7;7;7;7;1;1;7;7;3;7;5;1;1;1;1;6;7;6;2;6;5;6;4;5;6;5;4;6;6;2;4;7;4;2;6;4;4;7;3;7;1;7;2;2;1;3;1;2;4;1;1;1;2;1;1;7;4;1;7;1;7;1;7;1;7;1;7;1;7;1;1;5;3;1;1;1;3;2;2;2;4;2;5;5;3;3;5;4;4;6;4;7;1;3;2;5;4;1;4;1;1;2;1;1;1;7;1;1;1;4;1;4;1;7;7;7;4;7;7;7;7;1;2;4;1;4;1;5;5;5;1;1;1;1;5;2;5;4;3;5;4;1;1;5;2;3;3;2;2;3;1;5;5;1;5;3;4;5;1;5;1;5;1;1;3;1;1;2;1;1;2;1;1;1;1;2;1;2;2;1;1;1;2;1;2;1;2;2;2;2;2;2;2;2;2;1;2;2;1;2;1;2;1;2;1;2;1;1;1;2;2;1;2;1;1;1;1;2;2;2;1;1;1;1;2;2;1;2;2;1;2;2;1;2;1;2;1;2;1;1;1;2;1;2;1;2;3;6;5;3;6;6;3;3;5;2;1;7;7;1;1;7;2;7;3;7;7;1;1;4;7;1;28;381;102;230;215;175;223;138;357;206;368;1088;246;271;220;340;189;299;213;243;141;1222;233;104;126;2471;1;26;26;0;0;0;0;0;4;0;2;1;6;2;1;3;6;5;2;1;6;6;6;5;2;2;2;5;2;4;4;5;5;5;2;5;5;2;2;7;5;2;5;5;5;3;5;5;6;2;1;6;6;1;3;4;6;2;2;5;6;2;2;5;6;4;4;4;5;5;4;4;5;5;3;5;6;5;5;6;5;5;4;4;4;1;1;1;5;1;1;1;3;1;1;1;7;3;7;1;1;1;1;7;1;1;4;4;2;2;7;1;1;7;1;1;1;1;7;7;7;7;7;1;4;5;1;5;7;2;1;1;1;1;1;4;6;1;4;5;4;4;5;1;7;0;3;4;1;1;1;2,78571428571429;3,06666666666667;2,93103448275862;7;7;5,8;1;7;1;7;4,78571428571429;5;6;1;7;3,33333333333333;1;1,44444444444444;1;1;1;1;1;1;1;2,5;4,14285714285714;3,25;2,25;1;1;1;4;1;1;1;1;1,9375;3,27272727272727;2,54545454545455;3,54545454545455;2,27272727272727;1,375;1,625;2;2;5;5;6;2,5;2,5;5;5;6;2,25;5,5;5,5;2,75;1;1;3;1;1,5;2,2;1,86206896551724;7;4;4,8;4;3;7;7;5,64285714285714;5;2,5;1,83333333333333;5,16666666666667;5,16666666666667;3,5;3,83333333333333;4,16666666666667;5,33333333333333;4,33333333333333;3,83333333333333;4,66666666666667;5,16666666666667;3,44444444444444;3,16666666666667;4,66666666666667;1;-2,44549790248673;0;-,00738299090510711;-,956320263111722;-,106905733247821;,0322385329793356;-,317462929327691;-2,18117973131069;-2,25392770536213;-,5;-,5;,25;,478160131555861;,478160131555861;-,23908006577793;,0534528666239103;,0534528666239103;-,0267264333119552;,158731464663845;,158731464663845;-,0793657323319227;1,09058986565534;1,09058986565534;-,545294932827672
261; ; ;as1_122012;interview;5;1;7;2;4;7;4;7;1;1;1;1;5;1;1;6;4;1;2;1;1;1;6;4;1;1;1;1;1;1;1;5;2;4;5;7;5;1;5;1;1;6;1;5;4;1;3;5;4;4;4;4;4;4;4;4;4;4;4;4;4;4;4;4;4;4;4;4;4;2;1;1;2;6;2;1;4;2;2;4;2;3;1;1;4;1;1;2;1;1;4;2;7;1;7;1;7;1;7;1;6;1;1;5;3;1;1;1;3;1;3;1;2;2;5;6;5;6;5;5;6;2;3;1;1;1;1;1;1;1;2;1;1;1;1;1;1;6;1;1;1;1;1;1;1;1;6;7;7;7;6;7;7;1;2;5;1;2;1;1;4;5;1;5;1;1;4;2;5;2;1;4;5;1;1;5;4;2;1;4;5;3;2;2;3;2;2;4;2;1;1;4;1;3;4;2;1;1;2;2;1;1;1;2;2;2;1;2;1;2;2;1;1;1;2;1;2;1;1;2;2;2;2;1;2;1;2;1;2;1;1;2;1;2;1;1;1;2;1;1;2;2;2;1;1;1;2;2;1;2;2;2;2;2;1;1;1;1;2;1;1;2;2;2;2;1;1;2;1;2;1;2;1;2;1;2;1;2;6;3;4;1;6;4;6;2;6;2;2;6;7;1;3;1;6;1;3;6;6;2;6;7;7;6;8;68;6;31;79;54;69;76;128;130;62;296;57;73;92;188;112;91;74;82;39;188;48;36;26;2113;1;26;26;0;0;0;16;16;59;1;1;1;6;2;2;2;7;3;1;2;5;2;2;2;3;5;6;2;2;3;5;2;2;2;2;2;6;2;2;2;6;2;2;2;5;2;2;2;5;2;2;2;4;2;2;2;2;2;2;2;2;6;3;2;2;2;2;2;2;4;5;2;1;6;3;1;1;3;2;2;1;5;3;1;6;1;1;1;6;1;1;1;3;1;1;1;5;1;7;1;3;1;1;2;1;2;5;3;1;6;1;4;3;1;1;5;2;2;7;6;6;7;4;2;6;4;3;2;7;3;1;7;1;1;1;5;1;2;5;2;1;3;1;3;4;1;3;4;1;2;4;1,92857142857143;2,53333333333333;2,24137931034483;7;7;6,2;3;2;3;7;3,21428571428571;4;4;2;4;2,08333333333333;6;2,11111111111111;4;1;1;1;1;2;1,41666666666667;2;5,42857142857143;1,125;1,375;2;2;1;1;1;2;1;1;1,1875;4,09090909090909;2,18181818181818;2,81818181818182;1,18181818181818;1,175;1,85;4;5;6;7;6;5;5,5;5;6,5;6;4,5;5,5;5;2,5;2;2;4;4;2;2,13333333333333;2,06896551724138;7;3;5,2;3;6;1;7;4,28571428571429;3,83333333333333;3,83333333333333;3;1,83333333333333;3,66666666666667;2,5;2,33333333333333;2;2,83333333333333;2,83333333333333;2,66666666666667;1,83333333333333;3,44444444444444;3,05555555555556;2,66666666666667;1,88888888888889;1;-,360514015085003;1;-,807293054470108;-,368994854103382;-,756162503460187;-1,49862680469803;-1,25851375554906;-,0268529795915636;-,381086775545099;,5;,5;,25;-,184497427051691;-,184497427051691;-,0922487135258455;-,378081251730093;-,378081251730093;-,189040625865047;-,629256877774529;-,629256877774529;-,314628438887265;-,0134264897957818;-,0134264897957818;-,00671324489789089
494; ; ;as1_122012;interview;5;4;7;4;4;6;4;7;4;4;2;5;5;1;2;3;5;4;4;3;4;5;4;4;4;4;3;2;2;3;4;7;4;1;3;7;4;1;5;6;3;6;5;2;4;2;2;3;4;5;2;5;4;3;6;6;5;4;5;5;5;3;6;5;6;3;5;4;5;6;5;6;5;4;4;3;2;5;4;5;4;1;1;1;1;1;1;1;1;1;6;2;7;2;7;4;7;5;7;3;5;3;2;5;3;1;6;1;4;3;4;2;3;3;5;5;4;4;5;5;4;1;1;1;1;1;1;1;1;1;1;1;1;1;1;3;1;6;2;2;2;2;2;2;2;5;2;5;6;6;7;7;7;3;3;4;2;4;2;3;3;4;2;3;3;2;3;2;3;2;2;4;5;2;3;4;4;2;2;3;4;3;2;4;3;3;2;4;3;3;2;4;1;3;3;4;4;1;1;2;2;1;1;2;1;2;1;2;1;2;1;1;1;2;2;2;2;1;1;2;1;2;2;1;1;1;2;1;2;1;1;2;1;2;1;2;1;2;1;2;1;2;2;1;1;2;1;1;1;2;1;2;1;1;1;2;1;1;1;2;2;2;1;2;2;1;1;2;2;2;1;2;1;2;2;2;2;2;3;3;4;3;6;5;5;2;5;3;5;6;5;3;5;7;4;2;6;5;6;2;6;6;6;5;188;225;17;64;77;61;70;61;104;42;104;361;64;78;77;84;81;79;103;86;49;206;41;27;333;2228;1;26;26;0;0;0;8;9;18;0;2;2;2;3;5;4;2;7;5;3;3;5;6;3;4;3;3;4;5;5;5;3;3;3;2;3;4;5;5;3;2;5;5;3;2;4;4;2;6;2;2;3;5;3;2;6;5;1;1;2;3;5;5;6;2;7;4;3;2;6;4;3;5;2;2;6;4;1;1;6;5;1;1;1;2;5;3;3;2;2;2;4;1;3;5;2;5;4;5;1;4;4;1;5;3;2;2;3;5;7;5;4;2;2;1;3;4;1;6;6;7;4;4;3;5;4;3;2;4;3;1;3;4;2;4;3;4;3;5;3;6;4;4;5;1;1;1;4;1;2;4;3,35714285714286;3,26666666666667;3,31034482758621;7;6;4,8;3;5;5;6;5,14285714285714;5;5;4;6;4,75;7;1,66666666666667;2;1;1;1;1;3;2,33333333333333;3,16666666666667;4,57142857142857;1,25;1;2;6;3;2;2;1;1;1;2,3125;3,63636363636364;2,81818181818182;2,90909090909091;2,54545454545455;1,325;1,675;3;5;6;5;5;3;5;5;5;5,5;5,5;5,75;5,75;2,75;2;1;4;4;2,71428571428571;3,53333333333333;3,13793103448276;7;6;5,2;5;6;5;6;4,71428571428571;4;3,33333333333333;3,66666666666667;4,33333333333333;3,33333333333333;4,66666666666667;3,66666666666667;4;3,33333333333333;3,33333333333333;3;2,33333333333333;3,55555555555556;3,77777777777778;3,44444444444444;3,55555555555556;3;-,18774319883157;0;,432567544055644;-,760545126775608;,758769960368667;-1,40857590248171;-1,66182125250107;-1,22370117499108;,45128697104025;-,5;-,5;,25;,380272563387804;,380272563387804;-,190136281693902;-,379384980184334;-,379384980184334;,189692490092167;,830910626250537;,830910626250537;-,415455313125268;,611850587495539;,611850587495539;-,305925293747769
486; ; ;as1_122012;interview;7;2;7;1;5;7;1;7;1;1;1;1;7;1;1;7;1;1;2;1;5;1;3;5;1;1;1;1;4;1;1;7;1;7;1;7;3;2;5;1;1;7;1;1;1;1;1;1;4;5;4;5;5;4;4;5;5;4;5;4;4;6;4;4;4;4;5;4;4;5;3;1;2;7;2;1;1;2;3;7;2;1;5;5;6;1;1;1;1;1;1;1;7;1;6;1;7;2;7;1;4;3;1;6;4;1;2;2;1;1;3;1;1;3;3;5;5;5;5;5;5;3;4;4;1;3;1;2;1;1;3;1;1;1;1;1;1;7;2;2;2;2;3;2;1;3;7;7;4;4;3;2;5;1;1;5;1;4;1;3;4;5;3;1;2;1;1;1;4;1;1;5;5;1;1;5;5;1;2;5;5;1;2;1;4;3;5;5;2;3;1;3;1;3;1;1;1;1;2;2;1;1;2;1;1;1;2;2;1;2;1;1;1;2;1;2;1;1;2;2;1;2;1;2;2;1;2;2;1;2;2;2;1;2;1;2;2;2;1;2;1;1;2;1;2;1;2;2;1;1;2;2;2;1;1;2;1;1;1;1;1;2;2;2;1;2;1;1;1;2;1;1;1;2;1;2;1;1;5;5;4;5;5;4;4;4;3;3;3;6;6;1;6;7;1;1;6;6;5;1;7;3;4;4;3;947;36;52;132;61;138;95;138;82;102;337;91;119;139;176;64;130;87;97;41;281;53;48;57;2623;1;26;26;0;0;0;6;6;13;1;1;1;5;4;2;2;6;6;6;3;5;5;5;3;3;2;4;5;5;3;4;4;4;5;5;4;3;4;4;5;4;4;3;6;5;6;6;6;7;5;2;4;6;5;3;5;6;3;5;4;4;5;4;5;6;3;2;2;4;4;5;5;3;3;4;5;3;2;2;5;4;4;4;6;3;1;1;1;3;1;1;3;4;2;1;1;7;1;7;1;5;1;2;7;1;1;3;1;1;7;2;5;1;2;1;1;1;1;7;7;7;7;4;1;7;5;1;1;5;1;1;2;1;1;1;3;1;1;1;1;1;1;1;1;7;1;3;3;1;1;4;1,71428571428571;1,2;1,44827586206897;7;4;5,6;1;1;7;7;3,78571428571429;4,4;4,75;1;7;3;7;3,11111111111111;7;1;2;1;1;4;2,08333333333333;1,66666666666667;4,71428571428571;2;1,625;1;1;1;4;4;5;6;3;2,625;3,81818181818182;2,36363636363636;2,36363636363636;1,63636363636364;1,425;1,525;4;3;4;3;5;4,5;3,5;4;3;5;4;5,25;6,5;1;1;1;3;4;1,71428571428571;1;1,3448275862069;7;5;6,6;5;7;6;7;4,92857142857143;4,16666666666667;3,83333333333333;3,33333333333333;4,33333333333333;5;3,83333333333333;3,33333333333333;4,16666666666667;4,66666666666667;4,5;5;4,66666666666667;4,61111111111111;4,05555555555556;3,88888888888889;4,38888888888889;1,66666666666667;-,319741204229557;1;-1,72718962756986;,511993259409127;-1,18900035026843;-,868270489183819;-,989642090914382;-,744961896831271;-,797273648837773;,5;,5;,25;,255996629704564;,255996629704564;,127998314852282;-,594500175134215;-,594500175134215;-,297250087567108;-,494821045457191;-,494821045457191;-,247410522728596;-,372480948415636;-,372480948415636;-,186240474207818
290; ; ;as1_122012;interview;7;5;7;6;3;5;6;7;5;1;1;1;5;1;6;2;4;1;4;1;3;3;4;4;3;2;1;1;-9;2;1;7;5;1;4;7;3;1;7;3;1;7;4;1;1;1;1;3;4;4;4;4;4;4;4;4;4;4;4;4;4;4;4;4;4;4;4;4;4;7;6;7;7;4;7;4;2;7;4;7;5;1;1;1;1;1;1;7;1;1;5;2;7;4;7;3;7;3;6;1;7;4;1;5;2;1;6;1;1;2;2;2;1;1;3;5;4;4;4;4;5;4;4;1;1;1;1;1;4;2;5;1;1;1;1;4;2;7;3;1;1;4;1;1;1;5;6;7;4;5;7;5;7;2;3;5;1;5;1;3;3;3;5;2;4;2;4;2;5;3;4;5;5;1;1;5;3;2;3;5;2;5;3;1;3;2;1;5;4;3;1;5;1;3;2;2;1;1;2;2;1;1;1;1;2;2;2;2;1;2;2;2;1;2;2;1;2;1;2;1;1;2;2;2;2;2;2;1;2;2;2;2;1;1;1;2;1;2;2;1;2;2;2;1;2;1;2;1;2;2;1;2;1;2;1;2;2;2;2;2;1;2;2;2;2;1;2;2;1;2;2;1;2;1;2;2;1;2;3;5;7;2;7;6;6;2;7;2;2;5;4;1;4;2;2;1;6;2;2;2;7;7;6;6;3;370;24;16;88;69;90;47;110;48;93;397;44;74;113;109;55;85;84;88;38;227;43;43;55;2107;1;26;26;1;0;1;15;15;16;1;2;1;2;5;3;2;1;6;4;4;2;6;4;4;3;3;6;6;2;3;7;5;1;3;6;5;4;3;4;4;2;2;5;3;2;1;4;3;6;2;2;3;6;3;3;2;5;1;2;1;3;7;3;2;2;5;2;3;2;3;3;2;4;3;5;6;3;1;5;4;2;3;4;6;4;2;1;1;5;3;3;2;1;1;2;4;5;3;7;1;2;4;1;3;2;1;1;5;2;6;1;4;6;2;1;2;2;3;7;7;7;7;4;2;4;4;2;4;6;2;1;6;3;1;2;7;4;2;4;4;2;2;2;3;3;1;2;4;1;1;4;2,14285714285714;2,66666666666667;2,41379310344828;7; ;4,25;3;6;4;7;5,07142857142857;4;4;4;6;5,91666666666667;1;1;3;1;1;1;2;1;2,16666666666667;1,5;4,14285714285714;1,875;2,375;1;2;1;4;3;1;3;1;2,0625;4,09090909090909;2,09090909090909;3,54545454545455;2,18181818181818;1,575;1,725;2;3;6;6;6;2,5;4,5;6,5;6,5;6,5;5,25;4,25;3,75;1,5;1;1;4;4;2,64285714285714;2,53333333333333;2,58620689655172;7;7;5,4;1;4;2;7;3,92857142857143;3,66666666666667;3,83333333333333;3,83333333333333;3,83333333333333;2,66666666666667;3,33333333333333;4,33333333333333;3,5;2,33333333333333;2,83333333333333;3,83333333333333;3,5;2,88888888888889;3,33333333333333;4;3,61111111111111;2,33333333333333;,51214029565714;1;-,607315538578858;-1,34787053578395;-1,40541927367255;-,958321391400135;-,183027097010353;-,0268529795915636;,243193534393913;-,5;,5;-,25;,673935267891974;-,673935267891974;,336967633945987;,702709636836277;-,702709636836277;,351354818418138;,0915135485051763;-,0915135485051763;,0457567742525882;,0134264897957818;-,0134264897957818;,00671324489789089
485; ; ;as1_122012;interview;6;6;7;4;1;7;1;7;5;1;1;1;6;7;5;7;4;1;1;1;7;1;7;6;3;1;1;1;7;2;1;7;2;7;1;7;1;1;7;-9;1;6;1;1;1;1;1;2;2;5;6;5;5;5;5;5;5;5;5;5;5;5;5;5;5;6;2;5;5;7;7;7;7;5;7;4;1;1;4;7;7;1;1;1;1;1;1;1;1;1;2;1;7;1;2;1;7;1;7;1;5;1;2;5;2;1;1;1;1;1;1;1;1;1;1;2;1;1;1;1;1;5;3;1;1;1;1;1;1;1;1;1;1;1;1;1;1;6;1;1;1;1;1;1;1;4;5;5;6;5;6;6;7;2;1;5;1;5;1;1;2;1;1;4;1;1;1;1;5;1;1;3;5;4;1;3;3;4;3;3;3;2;3;5;3;1;3;5;2;3;1;5;1;3;5;3;5;1;2;1;1;2;1;1;2;1;1;2;2;2;1;2;1;2;1;1;1;2;1;1;2;2;1;2;2;2;2;2;1;2;2;2;1;2;2;2;2;1;1;2;2;2;2;2;2;2;2;1;1;2;1;2;2;1;1;1;1;2;2;2;2;2;2;2;2;2;1;2;2;1;2;1;2;2;2;2;2;1;7;4;6;3;6;2;7;4;1;1;7;7;7;2;7;6;1;1;4;2;7;1;2;7;7;7;1;3414;6;40;60;47;72;42;98;77;55;338;356;62;87;87;56;67;62;74;34;175;46;34;34;1791;1;26;26;1;0;1;37;38;5;1;1;2;5;2;2;1;5;4;1;1;6;2;1;1;5;2;1;1;6;2;1;1;5;2;2;1;5;2;1;1;5;2;1;1;5;2;1;1;5;2;1;1;6;2;2;1;6;2;1;1;2;4;3;1;1;4;4;2;2;4;4;1;2;4;2;1;2;4;2;1;2;2;2;1;2;4;4;1;2;6;3;4;1;5;1;1;7;2;7;1;4;1;1;2;1;1;2;4;2;5;1;1;1;1;1;1;1;1;7;7;7;7;4;1;7;5;1;1;7;2;1;6;2;1;1;1;1;1;5;5;1;4;1;3;7;1;2;2;1;2;6;1,5;1,86666666666667;1,68965517241379;1;1;4,6;2;1;7;7;5,15384615384615;5;4,25;3;7;5,66666666666667;7;1,66666666666667;6;1;6;1;1;3;2;1;1,14285714285714;1,5;1,25;2;3;3;2;3;2;2;1;1,8125;4,36363636363636;2;2,09090909090909;2,18181818181818;1,8;1,475;6;4;4;5;7;6,5;5,5;5;3;6,5;6,25;7;4,25;1,25;1;1;3;4;1,35714285714286;1,86666666666667;1,62068965517241;7;6;6,4;7;7;2;7;4,85714285714286;4;2,66666666666667;1,66666666666667;1;4,16666666666667;3;1,83333333333333;1,16666666666667;4,33333333333333;2,33333333333333;1,83333333333333;1;4,16666666666667;2,66666666666667;1,77777777777778;1,05555555555556;2;-,196249634263493;1;-1,44722110532211;-,760545126775608;-2,05467604388492;-1,22847409804908;-1,3929495878664;,691255937648144;1,07556728097926;,5;,5;,25;-,380272563387804;-,380272563387804;-,190136281693902;-1,02733802194246;-1,02733802194246;-,51366901097123;-,696474793933198;-,696474793933198;-,348237396966599;,345627968824072;,345627968824072;,172813984412036
442; ; ;as1_122012;interview;7;1;7;2;3;7;1;7;2;1;1;1;3;2;3;1;1;1;1;1;1;1;2;3;1;1;1;1;2;2;1;2;1;1;2;7;2;1;6;2;1;4;1;1;1;3;1;2;2;3;1;3;3;3;4;-9;4;3;7;3;5;4;4;3;3;2;2;4;3;7;1;1;1;7;1;1;6;1;1;1;1;1;1;1;1;3;1;-9;2;1;1;2;2;3;7;2;1;2;4;2;1;1;2;6;2;1;1;3;3;3;3;2;3;3;4;4;4;4;5;4;4;3;2;3;1;2;1;3;2;2;2;1;1;1;1;2;3;4;2;1;1;1;1;1;1;1;3;3;3;4;3;3;3;5;4;5;1;4;2;1;4;5;1;2;1;1;1;1;5;4;1;2;5;2;1;3;5;2;1;3;1;2;3;3;2;3;5;4;2;2;1;3;1;2;4;2;3;1;2;2;1;1;1;1;2;2;1;1;2;2;1;1;1;1;2;1;1;2;2;1;2;2;2;2;2;1;1;1;2;1;1;2;1;2;2;2;1;2;1;1;2;2;2;1;1;1;2;2;2;2;2;2;2;2;1;2;1;1;2;1;1;2;2;2;1;1;2;2;1;2;1;1;1;1;1;2;1;2;3;2;5;3;4;5;5;1;4;5;3;6;6;1;5;4;7;6;7;5;7;1;6;6;7;7;16;105;34;72;127;83;92;89;163;60;87;396;121;116;183;106;82;122;89;105;85;242;87;54;75;2791;1;26;26;1;1;1;1;2;60;0;2;2;3;4;4;2;2;4;4;3;1;5;2;2;4;2;1;1;3;2;1;3;4;2;2;1;2;2;3;3;1;1;3;3;2;1;1;1;4;1;1;1;5;1;1;1;4;1;1;1;4;3;1;1;3;2;1;2;3;1;1;2;2;2;2;1;3;3;2;3;4;2;2;2;2;2;2;2;3;1;1;2;1;1;1;1;6;1;4;1;1;1;1;3;1;1;1;2;1;6;2;3;2;2;1;1;1;4;3;4;6;5;2;1;5;4;1;1;7;1;1;1;1;1;1;2;2;1;3;2;1;3;1;1;1;1;3;5;1;4;6;2;1,4;1,68965517241379;6;6;4,4;5;7;6;5;3,78571428571429;3,8;2,75;1;2;1,58333333333333; ;1,375;7;6;1;7;4;7;3,66666666666667;2,83333333333333;4,14285714285714;2,125;1,625;4;5;5;5;4;5;5;5;2,9375;3,81818181818182;2,81818181818182;2,18181818181818;1,63636363636364;1,35;1,675;3;6;7;5;3;3;5,5;6;4,5;3,5;5,75;6,25;5,25;3,75;4;2;4;6;2,14285714285714;1,33333333333333;1,72413793103448;7;7;5,2;6;7;7;7;4,28571428571429;3,16666666666667;2,33333333333333;2;1,5;2,83333333333333;2,16666666666667;2;2,5;3;2;1,5;1,5;3;2,16666666666667;1,83333333333333;1,83333333333333;1,66666666666667;,0571867807533386;0;-1,44722110532211;-1,01749999321676;,325932113560424;-,778219586967504;-,989642090914382;-,744961896831271;,659380407686587;-,5;-,5;,25;,508749996608379;,508749996608379;-,254374998304189;-,162966056780212;-,162966056780212;,0814830283901059;,494821045457191;,494821045457191;-,247410522728596;,372480948415636;,372480948415636;-,186240474207818
406; ; ;as1_122012;interview;6;4;5;6;4;3;1;4;4;2;5;1;5;2;5;5;5;2;5;5;2;1;3;6;2;1;5;1;1;3;3;6;6;7;3;5;6;5;4;3;3;4;2;6;6;5;5;5;4;5;5;5;6;5;5;6;6;5;6;5;6;6;6;6;6;5;4;5;5;6;6;6;6;3;5;5;3;5;5;5;5;4;3;4;5;5;5;3;4;3;5;5;5;4;6;6;6;6;6;6;5;5;2;6;3;2;1;3;3;4;3;1;4;4;3;5;5;4;5;5;5;6;4;6;4;5;1;6;4;4;5;4;4;5;1;6;4;7;3;1;1;3;1;3;1;5;5;6;7;6;7;7;6;1;3;5;3;4;2;3;4;1;2;4;3;1;2;3;3;1;1;3;5;1;2;4;4;2;1;4;5;2;3;2;3;1;4;4;3;5;1;5;1;4;3;4;1;1;2;2;1;1;2;2;2;1;2;2;1;2;2;1;1;1;2;2;2;1;2;1;1;1;2;2;2;2;2;1;1;2;2;2;1;2;2;2;1;2;2;2;2;2;2;2;2;1;2;1;2;2;2;2;1;2;1;2;1;1;1;1;1;2;2;2;2;2;1;2;1;2;1;2;1;2;1;2;1;1;4;3;7;2;6;5;6;2;5;5;5;6;7;2;6;5;6;1;6;5;6;1;6;5;6;4;29;106;61;48;67;63;66;52;279;92;103;439;73;113;109;126;104;106;107;102;42;259;83;52;54;2565;1;26;26;0;0;0;2;2;33;1;1;2;5;5;3;2;4;3;3;4;6;4;4;3;6;1;2;2;7;3;2;5;6;2;2;3;3;4;4;1;3;4;5;6;2;4;5;5;5;3;2;3;6;2;2;4;5;2;1;2;4;5;5;5;2;3;5;2;2;3;3;3;3;4;4;4;2;3;3;4;1;1;2;5;4;2;2;2;4;2;1;1;3;2;2;2;5;4;6;1;2;2;3;5;1;5;1;6;5;4;3;3;1;3;1;5;4;2;5;6;7;4;4;5;4;6;4;3;6;2;2;1;2;2;1;4;3;1;2;4;2;2;3;6;7;1;1;2;3;4;4;2,57142857142857;4,93333333333333;3,79310344827586;6;7;5,2;3;3;5;3;3,57142857142857;5,6;4,75;5;5;5,33333333333333;5;4,22222222222222;3;3;2;2;2;3;3,91666666666667;3,16666666666667;4,57142857142857;5,25;3,375;1;3;2;1;2;1;1;2;1,9375;4;2,81818181818182;2,81818181818182;1,54545454545455;1,525;1,7;3;5;6;6;3;3,5;5,5;6,5;5,5;4,5;5;6;5,75;2,5;2;1;2;4;1,92857142857143;3,93333333333333;2,96551724137931;7;7;5,8;4;5;7;6;4,28571428571429;4,33333333333333;3,66666666666667;3,33333333333333;2,83333333333333;4;3;3,33333333333333;4,16666666666667;3,66666666666667;2,66666666666667;2,83333333333333;3,5;4;3,11111111111111;3,16666666666667;3,5;1,66666666666667;-1,71481496401727;1;,992504588551144;1,49086894108969;,758769960368667;1,47305296844038;,892459561528353;-,266222618671466;,0351000977475754;,5;,5;,25;,745434470544847;,745434470544847;,372717235272423;,379384980184334;,379384980184334;,189692490092167;,446229780764177;,446229780764177;,223114890382088;-,133111309335733;-,133111309335733;-,0665556546678665
304; ; ;as1_122012;interview;7;1;7;5;1;4;1;7;6;1;3;2;6;1;3;3;1;1;3;5;2;1;4;4;5;1;3;1;1;4;2;7;4;2;1;7;4;2;5;2;1;6;4;4;4;1;1;4;4;4;4;5;5;4;5;5;7;4;4;5;5;5;5;5;5;5;5;6;6;7;6;6;6;5;5;5;1;5;3;5;5;3;1;1;2;3;2;1;1;1;5;3;7;1;6;2;7;1;7;1;7;1;2;5;3;1;6;1;3;2;3;3;4;3;5;5;5;6;6;6;5;4;2;6;2;2;1;2;1;4;4;1;1;1;1;6;2;5;3;1;1;3;1;2;1;2;1;4;5;4;5;7;6;5;3;5;2;5;1;2;3;5;3;1;2;2;4;1;5;5;2;3;5;3;4;3;5;1;3;5;5;3;3;1;4;2;5;5;3;5;1;5;1;2;4;4;3;1;2;2;1;1;2;1;2;1;2;2;2;1;1;1;1;2;1;1;1;2;2;1;2;1;1;2;1;2;2;2;2;2;2;2;1;1;1;2;1;2;2;2;1;2;2;2;2;2;2;1;1;2;1;2;2;1;1;1;1;1;1;2;2;2;1;2;1;2;1;2;1;2;1;2;1;2;1;2;1;2;6;2;6;4;7;4;7;1;4;2;7;7;7;6;7;7;4;5;6;7;5;1;7;6;7;6;4;65;24;71;72;61;64;61;129;115;84;472;78;91;113;98;76;79;82;77;46;212;72;38;39;2323;1;26;26;0;0;0;7;7;71;1;1;2;6;5;1;1;4;4;2;2;5;5;5;1;4;3;2;4;4;3;5;7;2;2;4;6;6;2;4;4;6;2;1;4;5;1;3;2;5;2;2;2;5;3;4;5;5;3;4;3;3;4;4;5;1;6;2;6;2;5;4;5;6;2;2;4;3;2;3;2;5;3;2;5;3;2;4;5;4;3;1;1;3;1;1;1;7;3;7;3;2;1;2;3;1;5;1;2;3;3;3;2;1;3;2;4;4;2;6;5;7;7;4;3;2;6;3;1;5;3;1;1;4;1;1;5;4;1;1;2;3;2;3;4;2;1;1;4;1;2;4;1,92857142857143;3,06666666666667;2,51724137931034;7;7;4,8;2;5;7;7;4,78571428571429;5,6;4,75;3;7;5,25;7;2,33333333333333;3;1;2;1;1;1;1,5;3;5,42857142857143;3,25;1,75;3;7;4;3;4;3;1;2;2,5625;4,45454545454545;3,90909090909091;2,54545454545455;2,18181818181818;1,625;1,45;4;6;7;4;6;5;6,5;6,5;4;6,5;6,25;6,5;7;4;3;1;2;4;1,92857142857143;3,2;2,58620689655172;6;7;4;3;7;7;7;4,5;5;3;2,5;3,33333333333333;3,83333333333333;3,33333333333333;2,83333333333333;4,33333333333333;4;3,16666666666667;3,66666666666667;3,66666666666667;4,27777777777778;3,16666666666667;3;3,77777777777778;2,33333333333333;,275423637051931;1;-,487329029044108;-,173219717767269;,542351036964546;,0322385329793356;-,855206258597044;,930625576728047;1,07556728097926;,5;,5;,25;-,0866098588836344;-,0866098588836344;-,0433049294418172;,271175518482273;,271175518482273;,135587759241136;-,427603129298522;-,427603129298522;-,213801564649261;,465312788364023;,465312788364023;,232656394182012
436; ; ;as1_122012;interview;6;5;6;4;4;5;2;6;5;1;1;1;7;1;4;3;4;1;3;4;1;1;5;4;2;1;1;1;1;3;1;7;3;1;1;7;3;1;7;2;1;7;1;1;1;1;1;5;4;5;4;4;4;4;4;4;4;4;4;4;4;4;4;4;4;4;4;4;4;4;5;6;2;4;6;3;4;2;4;3;3;1;1;1;1;1;1;1;1;1;7;1;7;1;7;1;7;3;7;2;6;2;1;5;2;1;1;1;2;2;2;1;2;5;4;4;5;4;4;4;5;1;2;1;1;1;1;1;3;1;1;1;1;1;1;2;1;7;1;1;1;1;1;2;1;3;5;7;4;7;7;7;7;4;2;4;4;4;2;4;4;4;4;3;2;2;3;3;3;3;2;4;5;4;2;4;3;4;2;5;4;3;3;2;4;2;4;5;3;4;3;3;1;3;4;4;4;1;2;2;1;1;1;1;2;1;2;2;2;1;1;1;2;2;2;1;2;2;2;1;2;1;2;1;2;2;2;1;1;2;2;2;1;2;1;2;1;2;2;1;2;2;2;1;2;2;2;1;2;2;2;2;1;2;1;2;1;2;1;2;2;2;2;2;1;2;1;2;2;2;1;1;2;2;1;2;2;2;5;3;3;2;6;6;6;5;5;5;3;5;6;2;4;5;3;2;5;6;3;3;6;5;6;5;9;276;103;145;130;51;50;36;80;41;50;238;71;61;93;65;74;220;101;96;68;148;53;40;40;2038;1;26;26;0;0;0;14;14;6;1;2;1;5;5;3;2;5;4;2;2;4;2;5;2;4;3;3;2;4;2;2;5;4;3;2;2;4;4;5;3;2;2;5;3;2;2;2;2;5;3;3;2;3;2;2;3;3;2;4;5;2;5;4;2;2;6;3;2;2;2;2;2;5;2;2;2;6;1;1;1;6;2;2;2;3;1;2;2;5;1;3;4;4;1;3;1;6;2;6;1;2;1;1;5;1;1;1;3;4;5;2;2;2;3;1;1;3;1;7;7;7;7;5;1;7;4;1;1;7;1;1;1;1;1;1;4;3;1;4;5;1;4;1;3;1;0;1;4;1;1;4;1,92857142857143;2,4;2,17241379310345;7;7;5;1;5;7;7;4,42857142857143;4;4,25;4;4;3,83333333333333;7;1,66666666666667;1;1;1;1;1;2;1,41666666666667;2,33333333333333;4,28571428571429;1,125;1,375;1;3;1;4;1;1;1;1;1,5;3,90909090909091;3,36363636363636;3;3;1,7;1,575;2;5;3;6;3;3,5;5,5;3;5,5;4,5;4,5;4,5;5,75;2,5;1;1;4;3;1,64285714285714;1,93333333333333;1,79310344827586;7;7;5,4;4;7;7;7;5,14285714285714;4,16666666666667;3,66666666666667;3,33333333333333;2,16666666666667;3,66666666666667;2,83333333333333;2,5;2,66666666666667;3,5;2,16666666666667;2,83333333333333;2,5;3,77777777777778;2,88888888888889;2,88888888888889;2,44444444444444;2,33333333333333;-,878533349393083;1;-,887284060826608;-,760545126775608;-,323324656651943;-1,49862680469803;-1,25851375554906;-,505592257751369;-,381086775545099;-,5;,5;-,25;,380272563387804;-,380272563387804;,190136281693902;,161662328325971;-,161662328325971;,0808311641629856;,629256877774529;-,629256877774529;,314628438887265;,252796128875684;-,252796128875684;,126398064437842
414; ; ;as1_122012;interview;1;1;7;7;1;1;1;7;1;1;1;1;7;1;1;7;7;4;1;7;1;1;1;1;1;1;1;1;7;4;5;7;7;1;1;1;7;1;7;1;5;1;1;7;7;1;7;3;1;1;1;1;1;1;1;1;1;1;1;1;1;1;1;1;1;1;1;1;1;7;1;5;3;7;3;1;1;5;1;1;1;7;1;1;5;7;7;7;5;1;7;7;7;3;1;1;7;1;1;3;1;5;1;6;4;1;1;1;1;1;1;1;1;1;1;5;1;4;5;5;5;7;7;1;3;5;1;1;7;1;5;1;1;1;1;7;7;1;7;7;7;7;7;7;7;3;1;7;1;7;7;7;1;5;1;5;1;5;1;1;1;3;1;2;1;1;1;1;5;1;3;1;5;5;1;5;3;5;1;5;4;5;2;2;2;1;4;5;1;1;1;5;1;3;5;1;3;1;2;1;1;1;2;2;2;2;1;2;2;2;2;1;1;1;1;2;2;2;2;2;1;2;2;1;2;2;2;1;2;2;2;1;1;2;2;2;1;1;1;1;2;2;2;1;2;2;2;1;1;1;2;2;2;1;1;2;2;1;2;1;2;2;2;2;2;2;2;2;2;1;2;1;2;1;2;1;2;1;4;5;7;1;4;3;7;2;7;2;1;7;5;3;7;7;7;1;1;5;7;1;7;7;7;7;4;4;6;71;73;52;52;44;83;48;65;200;37;64;79;69;49;65;60;65;30;198;51;27;68;1564;1;26;26;0;0;0;47;47;43;1;1;1;5;2;1;1;6;1;1;1;6;1;1;1;7;1;1;1;6;1;1;1;7;1;1;2;1;3;2;6;1;7;5;2;1;6;5;3;1;6;7;2;1;5;3;5;2;5;6;4;1;5;6;4;2;6;5;4;3;6;5;5;6;2;2;2;7;1;1;1;5;2;1;2;4;1;1;1;5;2;1;1;5;1;1;1;1;4;7;1;1;1;1;1;1;7;1;3;7;1;1;4;1;1;4;7;7;7;7;1;1;7;4;4;1;1;7;7;7;4;1;7;5;1;1;7;7;7;1;4;6;1;7;7;1;1;2;7;7;7;7;3,35714285714286;4,66666666666667;4,03448275862069;7;1;2,2;1;1;7;7;3,57142857142857;1;1;1;7;3;1;3,88888888888889;1;1;7;1;7;7;3,66666666666667;1;3,71428571428571;3;4;7;7;1;7;1;1;1;7;5,25;4,27272727272727;2,18181818181818;2,27272727272727;1,81818181818182;1,625;1,625;5;3;6;7;6;4,5;5;6,5;7;5;4;7;6;3;7;7;7;4;3,57142857142857;5,73333333333333;4,68965517241379;4;7;2,8;1;1;1;7;3,14285714285714;3,5;3,16666666666667;3,16666666666667;2,66666666666667;3,83333333333333;3,5;2,66666666666667;2,33333333333333;4;3,5;3,16666666666667;2,83333333333333;3,77777777777778;3,38888888888889;3;2,61111111111111;1;1,95678641618444;1;1,27247311079889;1,19720623658552;-2,05467604388492;-,147863271453295;1,56463872311504;,451886298568242;-,797273648837773;,5;,5;,25;,598603118292762;,598603118292762;,299301559146381;-1,02733802194246;-1,02733802194246;-,51366901097123;,782319361557522;,782319361557522;,391159680778761;,225943149284121;,225943149284121;,11297157464206
377; ; ;as1_122012;interview;6;3;7;2;2;6;5;7;4;1;2;2;2;7;2;2;1;2;2;3;2;3;4;3;7;2;3;1;3;2;1;7;2;1;1;7;1;1;5;2;2;3;5;1;2;1;1;3;2;6;5;4;4;4;5;5;5;5;5;5;4;6;6;5;6;4;4;4;5;7;4;6;2;6;4;2;1;2;2;3;3;1;1;2;3;2;1;2;1;1;5;1;6;2;2;2;7;2;7;2;5;2;2;6;3;1;6;2;2;3;3;1;3;1;4;5;5;4;4;4;5;5;3;6;2;1;1;3;2;2;3;3;1;2;1;5;2;6;1;2;2;2;1;2;1;2;6;7;4;5;5;5;7;3;1;5;2;3;1;1;3;5;3;5;1;3;4;2;4;1;4;5;5;1;2;4;5;1;3;4;5;3;3;4;3;1;5;5;3;4;1;4;1;2;4;4;2;1;2;2;1;1;1;1;2;1;2;2;2;2;1;1;1;2;2;1;1;2;1;1;1;1;2;2;2;1;2;1;2;2;1;2;2;1;2;2;2;2;2;1;1;2;2;2;2;2;1;1;1;2;2;2;2;1;1;2;1;1;1;2;2;2;2;2;1;2;1;2;1;2;1;2;1;1;1;2;1;2;5;3;6;2;7;4;6;1;3;5;7;6;6;4;6;4;6;2;4;6;6;4;6;6;6;6;2;6;20;55;122;95;133;72;137;62;111;376;83;106;107;118;75;96;99;99;42;245;72;39;52;2424;1;26;26;0;0;0;29;29;22;0;2;2;5;4;2;5;6;3;3;4;6;3;5;2;2;5;4;3;3;4;5;5;3;5;4;3;6;3;3;1;5;2;2;3;6;3;1;2;3;3;2;5;3;4;4;6;2;3;3;7;2;5;3;2;2;6;5;3;3;7;6;4;3;3;6;5;3;4;4;5;2;5;6;4;5;2;1;2;4;2;1;2;4;1;1;2;7;4;7;1;5;2;1;7;1;1;2;3;3;5;4;4;5;5;7;2;2;3;6;4;7;7;4;6;5;4;2;2;7;2;2;1;4;1;2;4;4;5;5;4;3;3;5;5;4;0;3;5;1;5;6;2,78571428571429;1,8;2,27586206896552;1;5;3,4;6;6;7;7;5,35714285714286;4,6;4,75;2;7;3,66666666666667;6;2;3;2;6;1;1;3;2,25;2,16666666666667;4,42857142857143;3,375;1,875;2;2;1;4;3;3;3;1;2;4,27272727272727;3,18181818181818;2,54545454545455;2,27272727272727;1,525;1,575;4;5;7;6;3;4,5;5,5;6,5;4,5;5;5,75;6;5,5;4;4;1;4;4;2,85714285714286;3,26666666666667;3,06896551724138;1;6;4,2;4;6;7;7;5,71428571428571;3,5;3,83333333333333;3,33333333333333;3,5;3,66666666666667;3,83333333333333;3,83333333333333;4,33333333333333;3,66666666666667;4,33333333333333;4,16666666666667;3,66666666666667;3,61111111111111;4;3,77777777777778;3,83333333333333;2;2,0104657772093;0;-,767297551291858;-,466882422271439;-,539743580056065;,122289435195651;-,720770426279706;,451886298568242;,659380407686587;-,5;-,5;,25;,233441211135719;,233441211135719;-,11672060556786;,269871790028032;,269871790028032;-,134935895014016;,360385213139853;,360385213139853;-,180192606569926;-,225943149284121;-,225943149284121;,11297157464206
255; ; ;as1_122012;interview;4;1;5;6;4;5;5;6;3;2;1;4;7;1;1;7;7;4;5;6;1;5;4;4;1;5;4;4;2;7;5;5;6;4;4;4;3;1;4;1;4;5;1;5;5;2;4;7;5;5;3;4;4;4;4;4;5;5;5;4;4;3;4;6;4;4;4;4;4;7;5;5;4;5;5;4;1;4;4;5;4;1;1;1;4;2;1;7;3;1;6;1;7;2;7;1;3;4;6;2;4;2;2;5;3;2;2;2;1;2;2;3;1;2;5;5;6;6;5;5;5;3;3;2;1;1;1;1;1;2;2;1;1;1;1;2;2;6;2;1;1;1;1;1;1;2;7;7;7;7;7;7;7;5;3;5;2;4;1;3;3;4;2;2;3;3;4;2;4;2;4;4;4;2;3;4;5;3;3;4;4;4;3;3;4;4;4;4;2;2;1;5;1;3;4;4;1;1;2;2;1;2;1;1;2;1;2;2;2;2;1;1;2;2;2;2;1;2;1;1;1;1;2;2;2;2;2;2;1;2;2;2;1;1;1;2;1;2;2;2;1;2;2;2;1;1;1;2;2;2;2;2;1;1;1;2;2;1;1;1;2;2;2;2;1;2;1;2;1;1;2;1;2;1;2;2;1;1;6;5;6;3;6;4;6;2;4;3;5;6;7;3;4;6;5;4;6;6;5;2;7;6;5;5;10;157;48;101;84;70;68;51;127;69;96;383;72;79;101;283;102;120;141;117;54;266;60;60;68;2787;1;26;26;0;0;0;1;1;20;0;2;2;6;3;4;2;6;3;2;1;6;2;2;1;6;2;1;4;6;3;1;2;6;1;1;2;5;4;1;3;6;3;1;2;5;3;2;2;4;4;1;3;4;3;2;3;5;3;2;2;4;6;2;2;2;2;3;1;3;6;3;2;4;2;5;3;3;3;6;3;3;2;2;1;4;1;1;1;5;1;1;1;4;1;1;1;3;3;6;1;3;4;1;2;4;5;4;3;5;5;2;4;4;3;1;5;5;4;5;5;5;5;5;3;5;4;5;4;4;6;3;5;4;3;4;6;5;5;3;6;4;1;5;5;5;0;2;4;4;3;3;3,85714285714286;4,66666666666667;4,27586206896552;7;6;5,2;1;1;4;6;2,85714285714286;4,2;4,25;3;7;4,75;1;1,66666666666667;2;1;1;5;2;4;2,25;1,83333333333333;5,28571428571429;1,625;1,5;2;1;1;1;1;1;1;1;1,1875;4,09090909090909;3,09090909090909;3,09090909090909;2,54545454545455;1,675;1,475;4;3;6;5;5;5;4,5;6;4,5;5,5;5,5;5;6,5;3,5;3;3;4;3;3,42857142857143;4,53333333333333;4;7;4;5,2;2;4;3;5;3,42857142857143;4,83333333333333;3,5;2,33333333333333;2,83333333333333;4,5;2,83333333333333;2,5;2;4,66666666666667;2,83333333333333;2;1,66666666666667;4,66666666666667;3,05555555555556;2,27777777777778;2,16666666666667;1;-,28512855400659;0;1,55244163304664;-,760545126775608;-,972581426864309;-1,13842319583277;-1,12407792323172;-,0268529795915636;,45128697104025;-,5;-,5;,25;,380272563387804;,380272563387804;-,190136281693902;,486290713432155;,486290713432155;-,243145356716077;,56203896161586;,56203896161586;-,28101948080793;,0134264897957818;,0134264897957818;-,00671324489789089
478; ; ;as1_122012;interview;7;3;7;1;4;7;1;7;1;1;1;1;4;1;4;1;1;1;1;1;1;1;1;4;4;1;1;1;2;1;1;7;1;1;1;7;4;1;7;7;1;7;7;3;3;1;1;1;4;4;4;4;4;4;7;4;7;4;4;7;4;4;4;4;7;4;4;4;7;5;1;1;1;7;1;1;7;4;2;5;1;1;1;1;1;1;2;6;1;1;7;4;7;4;7;4;7;4;7;4;4;3;2;5;4;1;2;3;4;4;3;4;3;3;6;6;6;6;6;6;6;6;4;7;2;7;1;4;1;4;4;1;1;1;1;5;2;7;1;1;1;1;1;1;1;7;7;7;7;7;7;7;7;1;2;5;1;3;2;1;5;5;1;1;2;1;1;1;5;1;1;3;5;1;1;5;2;2;1;4;4;1;3;1;2;1;4;1;2;5;1;5;1;2;5;3;3;1;2;2;1;1;2;1;2;1;2;1;2;1;1;2;1;2;1;2;1;2;1;1;2;1;2;2;2;2;2;2;1;2;2;1;1;2;1;1;2;1;1;1;1;1;2;2;2;1;1;1;2;1;1;2;1;1;1;1;2;1;1;1;1;2;1;2;1;2;1;2;1;1;2;1;2;1;2;1;2;1;7;4;5;5;7;4;7;4;1;3;7;7;7;7;7;5;5;2;7;7;6;1;7;7;7;7;12;231;22;59;107;77;85;66;147;71;109;330;74;67;108;74;64;89;100;81;34;199;73;27;51;2357;1;26;26;0;0;0;5;5;53;0;1;2;4;2;4;2;4;2;2;2;5;1;2;1;7;1;1;1;5;1;1;1;6;1;1;1;5;1;1;1;5;1;1;1;7;1;1;1;5;1;1;1;6;1;1;1;7;1;1;1;4;3;3;1;3;1;3;1;3;1;4;3;5;1;2;2;5;1;1;1;3;1;1;1;5;1;1;1;5;1;1;1;4;1;1;1;7;1;7;1;4;1;4;7;1;4;1;3;1;7;7;1;1;5;1;1;1;1;7;7;7;7;4;1;3;7;3;3;7;3;1;1;1;1;1;5;3;1;4;1;1;3;1;1;1;1;1;4;1;1;4;1,64285714285714;1,66666666666667;1,6551724137931;7;6;4,4;4;7;7;7;5,42857142857143;5,8;4,75;1;1;2;2;1,22222222222222;1;1;1;1;1;4;2,66666666666667;3,5;6;4,375;2;1;1;1;1;1;1;1;1;1,375;3,45454545454545;2,72727272727273;2,36363636363636;1,18181818181818;1,7;1,175;4;4;4;3;5;5,5;5,5;4,5;2;6;7;6,75;6,5;3,75;1;1;1;4;1,57142857142857;1,6;1,58620689655172;7;7;5;3;5;7;7;5,71428571428571;5;1,5;2;1,33333333333333;4,66666666666667;1,16666666666667;1,5;1,16666666666667;5,16666666666667;1;1,66666666666667;1,33333333333333;4,94444444444445;1,22222222222222;1,72222222222222;1,27777777777778;1;-,2018228864007;0;-1,48721660850036;-1,15209539944783;1,19160780717691;,842696652926175;-,586334593962367;-1,70244045315088;1,69984759091827;,5;-,5;-,25;-,576047699723917;,576047699723917;,288023849861959;,595803903588456;-,595803903588456;-,297901951794228;-,293167296981184;,293167296981184;,146583648490592;-,851220226575442;,851220226575442;,425610113287721
454; ; ;as1_122012;interview;6;1;7;6;7;7;2;7;6;1;1;1;7;1;1;3;3;4;5;3;4;1;6;6;4;4;4;1;7;1;1;7;6;7;2;4;4;7;7;7;2;7;6;5;6;1;4;1;4;1;2;6;5;4;5;7;6;3;6;6;6;7;6;3;6;7;3;1;7;6;5;5;2;1;4;1;3;4;1;1;1;4;2;4;6;4;1;2;4;4;6;6;7;2;2;5;4;5;6;5;4;4;2;6;2;4;5;1;3;3;3;3;2;2;5;3;3;3;2;3;3;2;7;2;1;6;2;2;3;1;5;5;7;5;1;2;5;6;3;2;1;2;1;3;1;2;5;5;5;4;2;5;5;5;5;5;3;5;5;5;2;5;1;5;1;5;5;1;5;5;5;1;5;5;3;5;5;1;4;5;5;1;5;1;5;5;5;5;1;5;3;5;1;1;5;4;1;1;2;1;2;2;2;1;2;1;1;1;2;2;1;2;1;2;2;1;2;2;2;1;1;1;1;1;1;1;1;1;2;2;1;2;2;2;2;2;1;2;1;1;2;2;1;1;1;1;1;2;2;2;2;1;2;2;2;1;1;1;1;1;2;2;2;1;2;2;1;2;1;2;1;1;1;2;1;2;1;1;1;1;7;6;5;6;6;1;1;2;7;7;7;1;7;7;2;1;7;7;7;4;7;7;7;7;5;189;9;95;178;101;112;108;168;105;155;482;105;128;147;131;142;143;187;137;93;461;62;67;90;3501;1;26;26;0;0;0;5;5;15;0;1;2;1;5;4;2;3;4;5;2;2;6;5;2;6;5;2;5;5;5;4;4;4;2;2;2;2;2;2;2;2;2;2;2;2;2;2;2;6;2;2;4;6;2;2;2;6;2;2;2;2;2;2;2;2;2;2;2;2;2;2;2;2;2;2;6;2;2;6;6;2;2;2;6;3;2;1;1;2;2;1;1;1;1;1;1;6;4;7;1;4;1;5;1;1;2;1;1;2;7;6;2;1;1;7;1;2;5;7;7;6;7;6;1;6;6;6;1;7;1;5;7;3;1;1;7;1;1;7;1;1;1;2;2;7;1;3;2;4;1;4;3;3,33333333333333;3,17241379310345;7;1;5,6;1;5;6;7;5,35714285714286;5,8;4;7;5;3,5;6;3,88888888888889;2;1;6;4;2;4;3,83333333333333;2,66666666666667;3,14285714285714;3,125;3,875;2;3;3;3;4;6;3;3;2,625;5;4,36363636363636;2,18181818181818;3,45454545454545;1,425;1,55;2;7;7;2;6;1,5;6,5;7;1,5;5,5;7;7;7;2;1;2;2;2;1,85714285714286;2,26666666666667;2,06896551724138;1;7;5,6;1;7;1;7;4,57142857142857;3,16666666666667;3;2,33333333333333;3,5;3,33333333333333;2,83333333333333;3,5;3;3;2,66666666666667;2,5;2,66666666666667;3,16666666666667;2,83333333333333;2,77777777777778;3,05555555555556;1;-2,49096394253189;0;,272585531342644;1,19720623658552;,109513190156301;-,0578123692369799;1,43020289079771;2,36684341120746;1,69984759091827;,5;-,5;-,25;,598603118292762;-,598603118292762;-,299301559146381;,0547565950781506;-,0547565950781506;-,0273782975390753;,715101445398853;-,715101445398853;-,357550722699427;1,18342170560373;-1,18342170560373;-,591710852801866
313; ; ;as1_122012;interview;5;7;7;3;4;6;6;7;5;1;2;1;3;1;5;2;5;1;1;5;4;5;6;5;7;1;1;1;1;1;1;6;3;3;1;7;5;1;6;3;1;7;2;1;3;1;3;1;6;4;4;4;4;4;4;4;4;4;4;4;4;4;4;4;4;4;4;4;4;7;2;5;2;7;5;1;7;5;5;5;4;4;2;2;5;4;5;6;1;2;3;1;5;3;7;5;7;4;5;5;5;1;1;6;3;1;1;1;2;3;2;3;4;4;4;4;4;3;4;3;3;5;5;5;3;5;2;1;3;4;6;2;1;5;1;4;3;6;2;4;1;5;5;4;1;6;5;4;4;5;6;6;6;5;2;4;2;5;3;3;3;4;2;2;3;2;4;4;2;3;4;2;5;1;1;4;5;2;3;4;4;3;2;4;5;4;3;4;3;4;1;4;1;4;5;3;5;1;2;2;2;2;1;1;2;1;2;2;2;2;1;2;1;2;1;2;2;2;2;1;2;-9;1;2;1;1;2;1;1;2;1;2;2;1;1;2;1;1;2;2;2;2;2;2;2;1;2;1;2;2;2;2;2;1;-9;2;1;2;2;2;2;2;2;2;1;1;1;2;1;-9;1;2;1;2;2;2;2;2;5;4;5;4;6;3;6;4;5;3;3;7;6;1;6;5;1;3;3;6;6;1;7;4;4;6;809;129;37;39;117;114;85;59;174;95;128;571;58;142;135;191;78;162;114;103;49;294;44;53;38;3019;1;26;26;1;1;2;3;5;11;0;1;1;1;6;6;3;2;7;3;2;5;3;5;2;6;2;1;2;7;3;2;2;6;3;2;1;1;2;1;7;2;4;6;7;2;1;5;7;7;1;1;2;6;1;1;1;7;1;2;2;2;1;2;4;3;7;2;6;2;1;7;5;1;2;7;3;1;1;7;2;1;1;7;2;6;2;2;1;5;2;1;1;5;1;3;1;6;1;6;1;6;4;1;6;1;1;1;4;7;7;1;4;1;5;1;1;3;1;7;7;7;5;5;2;7;7;6;1;5;1;1;5;2;1;1;2;4;5;7;1;1;4;1;7;5;1;3;3;1;1;2;2,35714285714286;2,4;2,37931034482759;7;7;5,8;5;6;7;7;5,64285714285714;4;4;1;1;3,58333333333333;2;3;5;3;1;1;3;3;2,91666666666667;3;3,57142857142857;3,875;3;2;3;4;4;3;2;2;2;3,125;4,09090909090909;3,27272727272727;2,81818181818182;2,81818181818182;1,65;1,64864864864865;5;4;4;4;5;5;5;4,5;4,5;5,5;4;5,75;6;1,5;1;1;1;3;2,07142857142857;2,6;2,3448275862069;7;7;6,6;6;7;3;7;5,35714285714286;3;2,33333333333333;3;3,5;3,5;3,83333333333333;3,5;3,33333333333333;3,83333333333333;1,66666666666667;4,66666666666667;3,16666666666667;3,44444444444444;2,61111111111111;3,72222222222222;3,33333333333333;1;-,000305786513732085;0;-,647311041757108;,414105691241071;,542351036964546;,482493044060913;,489152064576339;-,0268529795915636;-,797273648837773;,5;-,5;-,25;,207052845620535;-,207052845620535;-,103526422810268;,271175518482273;-,271175518482273;-,135587759241136;,244576032288169;-,244576032288169;-,122288016144085;-,0134264897957818;,0134264897957818;,00671324489789089
407; ; ;as1_122012;interview;6;1;7;1;4;4;1;7;1;1;3;1;7;1;2;4;2;1;1;2;2;2;4;4;2;1;2;1;3;2;1;7;3;2;1;7;5;2;6;2;1;6;2;4;4;1;1;3;4;3;4;6;4;6;5;6;5;5;5;4;5;4;6;5;5;3;4;5;6;6;4;6;6;3;5;5;1;5;5;5;5;2;1;2;2;3;4;5;2;1;4;2;7;2;7;2;7;3;6;2;4;3;2;5;3;1;1;1;3;3;5;3;3;3;5;3;4;4;4;4;4;4;4;3;2;4;1;3;2;2;6;2;1;1;1;2;2;6;2;1;1;2;2;2;1;4;3;5;6;6;6;4;6;4;3;5;3;5;1;2;5;4;3;1;2;3;3;2;4;5;1;5;5;1;4;5;5;1;3;4;5;3;4;2;3;2;5;5;2;4;1;4;1;3;5;4;1;1;2;2;1;1;2;1;2;1;1;2;2;2;2;2;1;2;2;1;2;2;2;1;2;1;2;2;2;2;2;2;1;2;2;2;1;2;1;2;2;2;1;2;1;2;2;2;2;2;1;1;1;2;1;2;1;2;1;1;1;2;1;2;2;2;2;2;1;2;1;2;2;2;1;2;1;2;1;2;1;2;4;4;6;5;6;6;6;3;4;2;2;6;6;2;5;7;5;1;4;5;6;1;4;4;5;6;19;122;49;66;80;67;72;53;121;95;115;436;78;79;138;131;62;92;71;84;46;275;56;57;123;2587;1;26;26;0;0;0;2;2;37;0;1;2;4;5;3;4;3;6;5;3;2;5;5;3;7;3;1;1;7;1;2;1;7;3;2;1;6;1;4;1;6;2;3;2;4;2;5;5;7;1;1;1;7;1;1;1;7;2;1;1;2;6;7;3;2;1;6;2;1;7;6;2;4;3;5;5;2;2;6;6;1;5;5;5;3;2;3;2;3;2;2;5;1;5;5;2;5;1;7;1;3;1;1;3;1;2;2;1;2;5;1;3;1;2;1;4;1;1;7;6;7;7;4;1;4;5;2;1;7;2;1;2;1;1;1;6;2;1;2;2;1;2;1;1;4;1;1;4;1;2;4;1,92857142857143;2,33333333333333;2,13793103448276;7;5;4,4;1;4;7;7;4;5;4,25;5;7;5,33333333333333;3;2,22222222222222;4;1;1;1;2;4;2,25;3,33333333333333;4;2,625;2,375;2;5;3;2;2;2;4;2;2,3125;4,18181818181818;3,81818181818182;3;2;1,7;1,575;2;4;5;3;6;3;5;5,5;3,5;6;4;5,5;5,5;2,25;2;1;3;4;1,64285714285714;1,53333333333333;1,58620689655172;7;6;5,2;2;7;6;7;4,5;5;3,16666666666667;3,5;2,5;4,5;2,16666666666667;3,83333333333333;2,5;3,66666666666667;4;4;2,83333333333333;4,38888888888889;3,11111111111111;3,77777777777778;2,61111111111111;3;-1,30650062655834;0;-,927279564004858;-,271107285935325;,97518888377279;-,418015978102242;-,183027097010353;,212516659488339;-,797273648837773;,5;-,5;-,25;-,135553642967663;,135553642967663;,0677768214838314;,487594441886395;-,487594441886395;-,243797220943197;-,0915135485051763;,0915135485051763;,0457567742525882;,10625832974417;-,10625832974417;-,0531291648720848
223; ; ;as1_122012;interview;5;6;7;3;5;4;1;7;4;2;6;2;4;2;2;2;1;3;7;5;3;2;5;6;5;2;5;2;4;6;5;6;7;5;4;3;7;2;6;4;4;4;5;7;6;1;5;6;5;5;3;6;5;4;5;6;5;3;4;5;5;4;4;4;5;3;4;5;4;4;5;6;4;4;5;4;3;4;6;4;7;5;4;4;5;6;5;5;6;4;6;6;7;5;1;5;6;4;5;6;2;4;2;5;5;2;6;3;3;4;4;2;3;3;5;4;4;4;4;4;5;6;6;6;4;5;2;4;3;7;5;4;1;3;2;7;5;3;4;5;3;2;6;3;2;5;5;5;5;5;3;6;5;3;2;5;3;5;1;2;5;2;2;2;5;4;4;2;5;1;4;4;5;2;2;2;5;2;2;4;3;4;1;2;3;3;4;4;1;3;3;5;1;4;5;1;1;1;2;2;1;1;1;1;1;2;2;2;1;2;1;1;1;2;2;1;2;2;2;1;1;1;1;2;2;2;2;1;1;2;2;2;1;2;2;2;1;1;1;1;2;2;2;1;1;1;2;1;2;2;2;2;1;1;1;2;1;1;2;1;2;2;2;1;1;2;1;2;1;2;2;1;2;2;2;2;2;1;7;5;7;1;6;1;6;1;5;2;2;6;5;1;2;5;3;1;5;6;6;2;5;7;5;3;499;9;21;92;83;71;95;66;290;88;183;551;61;80;129;122;68;74;84;112;61;440;83;55;80;2827;1;26;26;0;0;0;14;14;24;1;2;2;2;6;3;4;1;6;4;2;5;7;6;2;7;2;2;3;6;2;1;3;7;4;2;3;4;5;5;6;3;4;5;3;3;5;2;3;6;3;2;1;6;3;2;4;5;2;4;5;3;7;5;1;2;6;3;2;3;6;6;3;3;4;4;5;3;2;1;6;2;3;2;6;4;1;1;1;6;2;1;1;3;1;2;1;5;4;7;1;4;2;1;6;2;5;4;3;5;5;6;5;2;7;1;5;6;4;7;4;4;6;3;3;5;6;6;3;6;5;2;2;4;2;4;4;3;5;6;6;5;4;3;2;5;1;1;2;5;4;3;2,85714285714286;5,13333333333333;4,03448275862069;6;4;4,8;4;6;4;7;5,28571428571429;4,8;5;4;5;4,83333333333333;3;4,66666666666667;2;1;7;2;3;6;4,25;3,16666666666667;4,28571428571429;5,25;3,5;5;3;3;3;3;5;2;3;3,5625;4,36363636363636;2,09090909090909;3,09090909090909;2,54545454545455;1,55;1,525;7;3;7;7;6;7;4,5;7;6;6;4,25;4,75;5,25;1,75;4;4;2;5;3;4,4;3,72413793103448;7;4;5,2;4;5;6;6;5,71428571428571;4,16666666666667;4,5;3,5;3,33333333333333;3,5;3,83333333333333;2,66666666666667;3,33333333333333;4,16666666666667;4,5;3,66666666666667;3,66666666666667;3,94444444444444;4,27777777777778;3,27777777777778;3,44444444444444;1;-,408620123972654;1;1,27247311079889;1,88241921376192;,758769960368667;1,47305296844038;1,02689539384569;,691255937648144;-,589180212191436;-,5;,5;-,25;-,94120960688096;,94120960688096;-,47060480344048;-,379384980184334;,379384980184334;-,189692490092167;-,513447696922846;,513447696922846;-,256723848461423;-,345627968824072;,345627968824072;-,172813984412036
467; ; ;as1_122012;interview;5;2;7;4;4;7;1;7;2;1;4;1;6;1;6;3;6;1;2;2;3;1;6;6;3;1;2;1;1;5;1;7;3;7;1;7;4;1;5;2;1;7;2;2;1;1;1;4;4;4;4;4;4;4;4;4;4;4;4;4;4;4;4;4;4;4;4;4;4;7;2;5;5;4;2;2;5;4;4;4;5;1;1;1;1;1;1;1;1;1;2;1;7;7;7;3;7;3;6;3;6;2;2;6;3;1;6;1;2;2;3;2;4;2;4;5;5;5;5;5;5;4;3;1;1;2;1;1;1;1;2;1;1;1;1;3;2;5;1;1;1;1;1;1;1;2;6;7;7;7;7;7;7;3;2;5;2;3;1;1;3;4;3;1;2;2;2;1;5;2;2;3;5;2;2;4;5;2;1;5;3;1;3;5;4;2;2;5;2;2;2;4;1;2;3;2;2;1;2;2;1;2;1;1;2;1;2;2;2;2;2;1;1;2;2;1;2;2;2;1;2;2;2;2;1;2;2;2;2;2;2;1;2;2;1;2;1;2;2;1;-9;1;2;2;2;2;2;1;1;2;2;2;2;2;1;2;1;1;2;1;1;2;2;2;1;1;1;2;2;2;2;1;2;1;1;2;1;1;5;5;5;2;6;5;6;3;6;2;6;6;5;1;6;5;1;1;7;6;6;1;6;6;7;6;74;94;33;41;153;294;106;90;174;91;124;969;84;143;231;140;140;254;193;163;82;507;135;52;63;3286;1;26;26;1;0;1;0;1;80;0;2;2;3;3;2;1;4;3;1;2;5;2;2;1;3;2;1;2;1;2;2;2;2;5;2;1;2;5;4;2;2;1;2;1;3;5;2;1;5;1;1;1;4;2;1;2;5;3;2;1;1;6;2;1;1;5;3;2;2;5;3;2;2;6;5;2;1;5;4;3;2;6;2;2;5;2;1;1;5;2;1;4;3;4;2;1;5;3;6;1;3;1;1;2;1;3;1;4;5;7;2;3;1;2;1;4;3;2;5;7;7;5;4;2;5;6;2;2;6;4;1;1;2;2;1;2;2;1;4;5;2;3;2;2;7;0;3;2;1;1;4;1,57142857142857;3,06666666666667;2,3448275862069;7;7;6,8;2;5;7;7;4,35714285714286;4;4;4;3;3,91666666666667;7;1,66666666666667;6;1;1;1;2;2;2,66666666666667;2,5;4,85714285714286;1,75;1,5;3;2;1;1;1;1;1;1;1,25;4,09090909090909;2,27272727272727;2,18181818181818;2,18181818181818;1,65;1,61538461538462;3;3;5;6;6;4;4,5;5;6;6;6,25;6,25;5,5;1;1;1;2;4;1,5;3;2,27586206896552;7;7;6,6;6;6;7;6;4,5;2,66666666666667;3,83333333333333;2,5;1,5;2,16666666666667;3;2,16666666666667;2;3,16666666666667;4,33333333333333;2,16666666666667;1,33333333333333;2,66666666666667;3,72222222222222;2,27777777777778;1,61111111111111;2;-,0903578436565488;0;-,687306544935358;-,760545126775608;-,106905733247821;-1,04837229361645;-1,12407792323172;-,0268529795915636;1,07556728097926;-,5;-,5;,25;,380272563387804;,380272563387804;-,190136281693902;,0534528666239103;,0534528666239103;-,0267264333119552;,56203896161586;,56203896161586;-,28101948080793;,0134264897957818;,0134264897957818;-,00671324489789089
477; ; ;as1_122012;interview;7;1;7;1;4;7;1;-9;2;1;1;1;4;1;4;1;4;1;2;4;1;1;4;4;7;1;4;1;1;1;2;7;1;6;4;7;1;1;7;4;4;7;7;1;1;1;1;5;4;5;5;5;5;5;5;6;5;5;5;5;4;3;6;6;6;6;6;6;6;7;6;7;4;6;5;2;1;4;6;6;6;1;2;2;1;2;1;6;4;3;7;1;7;5;7;1;7;5;7;6;4;1;2;7;3;1;6;2;2;4;3;2;2;3;4;4;5;4;4;3;3;3;4;2;1;1;1;1;1;1;1;1;1;3;1;7;2;7;1;1;1;1;1;1;1;4;7;7;7;7;7;7;7;3;1;5;1;2;1;3;4;5;2;3;1;4;5;3;3;3;3;3;5;4;2;5;3;4;3;3;5;2;3;4;3;2;5;5;3;2;3;4;1;4;4;5;5;1;2;2;1;2;2;1;2;1;2;2;2;2;2;2;1;2;1;1;1;2;2;2;2;1;2;1;1;1;2;2;1;2;2;2;1;2;1;2;2;1;2;2;1;2;2;1;2;1;1;1;2;2;2;2;2;1;2;2;1;1;2;1;1;2;2;2;1;1;2;2;1;2;1;2;1;2;2;2;2;1;5;5;6;4;6;6;5;2;4;4;5;6;7;4;7;4;4;3;7;7;7;1;6;7;6;4;19;75;19;55;109;96;86;66;99;105;101;394;91;88;80;96;63;94;98;106;51;163;58;48;104;2364;1;26;26;1;0;1;3;4;40;0;2;2;5;4;4;3;4;5;4;5;3;3;3;3;2;3;1;2;4;1;1;3;4;3;4;5;4;4;4;5;3;5;4;5;4;3;3;5;4;6;6;5;3;6;3;5;2;5;3;3;5;5;3;3;4;3;3;2;2;4;4;5;4;3;3;6;4;6;3;6;1;3;6;4;3;2;1;1;5;1;1;1;4;4;1;1;7;3;7;1;6;1;1;7;1;1;1;5;1;7;7;2;2;7;1;1;1;1;7;7;7;7;4;1;6;4;1;1;7;1;1;1;4;1;1;5;1;1;7;5;4;6;4;1;7;0;3;4;1;1;4;1,85714285714286;2,2;2,03448275862069;7;7;6,2;4;7;4;7;5;5;5,25;2;7;5,16666666666667;2;2;1;1;1;1;1;4;2,33333333333333;2,66666666666667;3,85714285714286;2,375;1,5;1;1;1;1;1;1;1;1;1,1875;3,63636363636364;3,36363636363636;3;3,09090909090909;1,65;1,575;2;3;6;4;4;3,5;4;6;4;5;5,75;6,5;6;3;1;1;4;4;1,57142857142857;2,26666666666667;1,93103448275862;7;7;6,8;3;7;7;7;6,57142857142857;4;4,16666666666667;3,5;4;3,66666666666667;4,33333333333333;3;4,33333333333333;2,66666666666667;3,5;3,83333333333333;4,16666666666667;3,44444444444444;4;3,44444444444444;4,16666666666667;1;-,224995917897027;0;-1,04726607353961;-,466882422271439;,109513190156301;-,598117782534873;-1,12407792323172;-1,22370117499108;,659380407686587;-,5;-,5;,25;,233441211135719;,233441211135719;-,11672060556786;-,0547565950781506;-,0547565950781506;,0273782975390753;,56203896161586;,56203896161586;-,28101948080793;,611850587495539;,611850587495539;-,305925293747769
348; ; ;as1_122012;interview;5;3;7;6;4;3;4;6;5;1;5;2;4;2;5;5;3;2;5;2;5;2;5;6;4;2;2;2;3;4;3;6;5;1;2;6;5;3;3;5;3;4;5;3;3;1;2;5;4;6;2;6;5;4;6;6;6;5;5;6;5;4;6;6;5;3;5;5;5;5;5;5;4;5;4;3;3;5;2;4;4;4;2;2;3;1;3;6;4;1;5;4;6;4;4;5;6;4;5;4;4;4;2;5;3;3;3;3;3;4;2;3;4;2;5;4;4;4;4;4;4;6;3;5;3;5;2;5;3;5;4;3;1;2;3;2;3;6;3;2;1;3;3;3;1;5;5;6;7;5;6;6;5;4;3;5;1;2;3;1;5;3;2;3;4;2;4;3;3;2;1;4;5;2;2;4;4;3;3;4;4;3;2;3;3;2;4;4;3;3;1;5;2;2;4;3;1;1;2;2;1;2;1;2;2;2;2;2;2;2;1;2;2;2;2;1;1;2;2;2;2;1;2;2;2;2;2;2;2;2;2;1;1;2;2;1;2;2;1;2;1;2;2;2;1;2;1;1;1;2;1;2;2;1;1;2;2;2;1;2;2;2;1;2;1;2;1;2;1;1;2;1;2;1;2;1;2;1;5;2;6;3;6;4;6;2;5;4;2;6;6;3;6;5;4;2;6;5;6;3;5;6;6;4;8;70;27;25;49;41;46;36;62;55;60;260;55;53;72;71;40;60;66;53;23;135;31;32;47;1477;1;26;26;0;0;0;28;28;19;1;1;2;2;3;3;6;2;5;5;3;2;5;5;2;2;3;5;3;1;6;5;3;1;5;6;2;2;4;2;5;2;5;3;3;1;1;2;2;6;2;2;1;6;1;2;5;6;3;2;6;1;6;6;2;1;7;5;2;1;7;4;2;2;6;3;2;2;5;2;2;1;7;6;2;5;1;1;1;6;1;2;1;4;1;1;1;6;5;7;1;5;1;1;4;1;2;4;5;1;5;4;4;4;4;2;2;2;2;6;5;6;6;4;5;4;5;2;2;5;4;2;2;3;1;2;3;2;4;5;4;2;5;2;4;1;1;1;2;2;4;4;2,57142857142857;3,93333333333333;3,27586206896552;6;5;4;4;3;6;7;4,92857142857143;5,4;5,75;3;5;4,08333333333333;2;2,44444444444444;3;2;4;2;3;4;3,58333333333333;3;4,14285714285714;4,125;2,75;2;3;2;1;3;2;2;3;2,4375;3,81818181818182;3;3,36363636363636;1,72727272727273;1,875;1,425;4;6;6;5;4;4,5;6;6;5;5;4,5;6;5,25;3;3;2;3;4;2,42857142857143;3;2,72413793103448;6;4;4;5;6;6;7;5,35714285714286;2,5;4;3,5;3,16666666666667;2,33333333333333;4,83333333333333;3,66666666666667;3;2;4,66666666666667;4,16666666666667;2,66666666666667;2,27777777777778;4,5;3,77777777777778;2,94444444444444;1;-1,12258330603049;1;,392572040877394;-,0753321495992122;,542351036964546;,662594848493544;,220280399941662;-,744961896831271;-,381086775545099;,5;,5;,25;-,0376660747996061;-,0376660747996061;-,018833037399803;,271175518482273;,271175518482273;,135587759241136;,110140199970831;,110140199970831;,0550700999854155;-,372480948415636;-,372480948415636;-,186240474207818
220; ; ;as1_122012;interview;6;1;7;2;5;2;1;7;1;1;1;1;7;7;5;7;7;1;1;3;1;1;1;4;1;1;1;1;7;4;1;3;7;1;5;7;7;1;3;1;1;1;1;5;5;5;4;4;2;4;4;4;4;4;4;4;4;4;4;4;4;4;4;4;4;4;4;4;4;6;4;6;4;2;3;1;3;4;5;5;4;1;1;1;1;3;1;1;1;1;1;1;7;2;5;1;7;1;7;3;3;1;-9;5;3;1;2;1;5;2;1;2;1;1;5;5;5;5;5;5;5;4;3;1;1;2;1;2;1;3;5;2;1;1;3;7;2;7;1;1;1;5;2;3;1;4;7;7;3;3;6;7;7;4;2;5;2;4;1;1;5;4;1;2;1;1;5;1;4;1;1;5;5;2;5;5;5;2;1;5;5;4;3;2;2;3;5;5;2;5;1;4;1;4;5;5;2;1;2;2;1;1;1;1;2;1;1;2;2;1;1;1;1;2;1;2;1;2;2;1;1;2;2;2;2;2;2;2;1;2;1;2;1;2;1;2;1;2;2;2;1;2;2;2;2;2;1;2;1;2;2;2;2;1;1;2;1;1;1;1;2;2;2;2;1;2;1;2;2;2;2;1;1;2;2;2;1;1;6;5;5;3;7;7;7;2;4;1;6;5;6;5;2;6;4;6;7;4;2;1;6;7;7;5;75;332;109;67;59;58;98;90;95;132;135;362;60;88;100;98;57;69;67;71;41;197;41;28;49;2158;1;26;26;1;0;1;8;9;25;0;1;2;2;4;1;5;2;6;2;1;1;6;4;1;3;1;1;2;2;1;1;1;3;1;1;1;2;2;1;1;1;1;3;4;2;1;1;1;4;1;1;1;2;1;1;1;1;1;1;2;2;4;2;1;1;5;3;1;1;3;5;2;1;3;1;1;1;5;2;1;1;2;2;1;3;1;1;1;2;1;1;1;1;1;1;1;6;3;4;1;1;1;1;1;1;3;1;4;5;4;1;4;1;1;1;6;6;4;5;4;7;2;5;2;3;4;5;6;3;4;1;2;2;2;1;7;5;2;1;4;2;1;2;3;1;1;1;4;1;7;6;2,42857142857143;3,66666666666667;3,06896551724138;1;1;1,2;1;1;3;3;2,42857142857143;4;4;6;5;4,41666666666667;7;1,88888888888889;7;1;3;1;1;5;2,25;2;5;2,75;2,125;1;1;1;5;5;2;1;1;2,1875;4,18181818181818;3,54545454545455;3,27272727272727;1,54545454545455;1,625;1,525;1;3;6;5;7;3,5;5;5,5;4,5;7;6,25;4;5,5;4;4;1;4;3;2,14285714285714;3,66666666666667;2,93103448275862;7;7;4,4;1;2;6;6;2,5;2,33333333333333;2,5;1,16666666666667;1,83333333333333;1,5;3,16666666666667;2;1,5;1,5;2,33333333333333;2,33333333333333;1,33333333333333;1,77777777777778;2,66666666666667;1,83333333333333;1,55555555555556;1;-,142277158786413;0;,152599021807893;-,564769990439495;-,756162503460187;-,327965075885926;-,451898761645029;,212516659488339;1,07556728097926;,5;-,5;-,25;-,282384995219748;,282384995219748;,141192497609874;-,378081251730093;,378081251730093;,189040625865047;-,225949380822515;,225949380822515;,112974690411257;,10625832974417;-,10625832974417;-,0531291648720848
381; ; ;as1_122012;interview;6;6;7;4;3;6;4;7;5;1;5;2;3;7;5;1;1;1;3;2;5;4;5;6;6;4;2;2;1;5;2;7;3;5;2;7;1;2;7;6;1;7;7;3;4;1;1;5;4;4;4;5;6;5;4;5;5;5;4;6;4;5;6;6;4;5;4;3;5;7;6;7;6;3;7;6;3;5;6;6;6;4;-9;3;4;4;3;3;3;2;5;4;7;6;7;4;6;5;7;3;4;4;2;5;3;1;6;2;1;2;1;4;2;1;5;4;4;4;3;4;4;4;4;6;3;5;3;5;4;5;5;2;1;3;2;6;3;6;3;2;2;1;5;4;1;4;4;7;6;3;7;7;6;5;2;5;1;5;2;1;2;5;5;4;1;1;5;3;3;5;2;5;5;4;5;2;5;1;3;4;5;2;4;4;4;1;5;5;4;5;1;5;1;3;5;5;2;1;2;2;1;2;2;1;2;1;2;2;2;2;2;1;1;2;1;2;2;1;2;1;2;1;1;2;1;2;2;2;1;1;2;2;1;2;1;2;2;2;2;2;1;2;2;1;2;1;1;1;1;2;2;2;2;1;2;2;1;1;1;2;1;2;2;2;2;2;1;2;2;2;2;1;1;2;2;2;2;2;6;6;6;5;6;6;6;3;3;2;7;7;7;1;7;7;3;1;7;7;6;2;7;6;6;7;11;120;16;43;108;72;78;47;128;61;97;347;79;68;119;103;76;83;86;96;50;226;74;57;33;2278;1;26;26;1;0;1;5;6;54;0;2;2;4;2;2;1;5;1;1;1;5;1;1;1;3;4;4;2;2;5;4;3;3;5;4;4;2;5;6;5;1;5;5;4;2;6;6;4;4;3;3;2;4;4;3;2;3;4;3;2;1;7;6;5;1;7;6;4;1;7;6;5;4;5;3;4;2;5;5;5;2;6;5;5;2;1;1;1;4;3;2;1;2;1;1;1;6;3;7;1;6;2;2;7;1;2;1;4;2;7;5;2;2;6;1;1;4;2;7;7;7;7;4;5;6;6;3;1;7;5;2;1;1;1;1;2;3;2;5;6;1;5;1;4;2;0;3;2;1;1;4;2,35714285714286;3;2,68965517241379;1;7;4,8;5;7;6;7;6,28571428571429;4,8;4,75;5;5;6;5;3,5;3;1;1;2;1;4;3,16666666666667;1,83333333333333;4;4,5;3,125;2;4;1;2;5;1;1;2;2,5;4,54545454545455;4,45454545454545;2,54545454545455;2,27272727272727;1,7;1,575;2;2;5;3;6;4;4;5,5;3;6;6,75;6,5;7;1,75;1;1;2;4;1,85714285714286;2,93333333333333;2,41379310344828;7;7;5,8;6;7;7;7;6,35714285714286;3;4,33333333333333;4;3,16666666666667;2,5;4,5;4;3,16666666666667;2,66666666666667;4,83333333333333;4,16666666666667;3,5;2,72222222222222;4,55555555555555;4,05555555555556;3,27777777777778;1;-,541498152318138;0;-,287351513152857;,854599747997325;-,972581426864309;,932747555142491;,623587896893677;1,16999521580795;1,49175415427194;-,5;-,5;,25;-,427299873998663;-,427299873998663;,213649936999331;,486290713432155;,486290713432155;-,243145356716077;-,311793948446838;-,311793948446838;,155896974223419;-,584997607903976;-,584997607903976;,292498803951988
369; ; ;as1_122012;interview;6;3;7;2;4;6;1;7;5;1;4;1;5;1;4;1;2;2;5;2;6;1;7;4;2;1;1;1;1;1;1;7;4;1;1;7;2;1;7;4;1;7;3;2;1;1;1;4;4;4;4;4;4;4;4;4;4;4;4;4;4;4;4;4;4;4;4;4;4;7;5;7;4;3;4;1;4;4;5;5;3;1;1;1;7;1;1;7;1;1;4;4;7;2;7;2;6;3;5;4;3;3;2;5;4;1;1;4;1;1;1;4;3;1;3;5;5;4;4;4;4;4;4;1;1;1;1;1;3;4;4;1;1;1;1;5;5;7;1;1;1;1;1;1;1;2;7;7;7;7;7;7;7;4;1;5;4;5;1;3;3;2;4;1;4;1;3;2;5;2;1;4;5;1;1;5;5;2;2;5;4;3;4;5;4;2;4;5;3;2;1;5;1;3;5;2;1;1;2;2;2;1;2;1;2;2;2;2;2;2;1;1;1;2;2;1;2;2;2;1;2;2;2;2;2;2;2;2;1;2;2;2;1;2;2;2;1;2;1;2;2;2;2;1;2;1;2;2;1;2;2;1;-9;2;2;1;1;-9;1;2;2;2;1;2;1;1;1;2;1;2;1;2;1;2;2;2;1;1;6;3;7;2;5;5;-9;2;7;1;7;7;7;2;6;6;1;1;7;6;7;1;7;5;6;6;16;97;35;40;94;69;84;53;137;67;104;396;67;103;114;100;100;82;112;86;39;273;91;55;41;2455;1;26;26;1;1;2;3;5;72;1;2;2;6;2;7;5;5;3;7;4;2;4;5;6;2;5;3;3;1;2;5;6;3;1;1;5;1;4;5;5;1;1;3;5;1;2;5;4;6;2;2;2;5;1;3;4;3;2;2;3;1;4;6;5;1;4;3;2;1;2;2;5;3;1;5;6;2;1;4;3;1;2;2;4;1;3;2;4;3;1;2;5;1;5;5;5;4;4;7;1;4;1;1;4;1;3;1;3;1;6;6;1;1;4;1;1;3;1;7;7;7;7;4;4;6;7;3;1;7;3;1;1;1;1;1;3;4;2;5;4;2;4;1;1;1;0;2;4;1;1;4;1,78571428571429;2,33333333333333;2,06896551724138;7;7;5,6;3;7;7;7;5,35714285714286;4;4;5;4;4,5;1;1,66666666666667;4;1;1;2;3;5;2,83333333333333;1,83333333333333;4,14285714285714;2,25;2,5;1;1;1;1;1;1;1;1;1,0625;4,54545454545455;2,54545454545455;2,90909090909091;2,27272727272727;1,58974358974359;1,71794871794872;3;5;6;6;7;4,5;5;6,5;6,5;6;6,25;6,5;6,5;1,25;1;1;1;4;1,5;2,33333333333333;1,93103448275862;7;7;5,4;5;7;7;7;5,78571428571429;3,16666666666667;3;4,66666666666667;4,33333333333333;2,5;2;4,16666666666667;4;1,83333333333333;2,16666666666667;2,83333333333333;4,5;2,5;2,38888888888889;3,88888888888889;4,27777777777778;4,66666666666667;-,303901470765431;1;-1,00727057036136;-,760545126775608;-,972581426864309;-,688168684751188;-,0485912646930144;1,16999521580795;1,07556728097926;-,5;,5;-,25;,380272563387804;-,380272563387804;,190136281693902;,486290713432155;-,486290713432155;,243145356716077;,0242956323465072;-,0242956323465072;,0121478161732536;-,584997607903976;,584997607903976;-,292498803951988
367; ; ;as1_122012;interview;7;7;7;4;6;5;6;7;1;4;3;4;7;4;4;7;6;5;3;7;1;7;1;4;2;5;6;5;2;2;6;7;1;1;7;6;3;3;7;1;6;7;1;1;2;1;1;3;3;7;2;7;4;7;6;7;4;5;3;7;4;5;5;2;2;2;7;2;4;6;7;7;7;2;4;5;2;7;6;6;7;5;5;1;4;1;3;6;6;4;7;3;7;3;2;3;2;7;7;1;5;4;1;5;3;2;4;2;3;3;3;3;4;2;4;4;3;4;4;3;6;2;6;1;1;1;2;1;3;1;2;1;1;1;1;1;2;6;2;6;6;3;4;1;1;7;4;7;5;6;7;7;7;4;2;5;4;4;1;4;4;3;4;3;5;5;4;5;1;2;4;5;5;5;2;4;4;1;2;5;4;5;1;3;4;4;5;4;3;4;2;4;2;3;5;2;1;1;2;2;1;1;2;1;1;1;1;1;1;2;2;2;1;2;2;2;2;2;2;1;2;1;2;2;2;2;2;2;2;2;2;1;2;2;2;2;2;1;2;2;1;1;1;2;2;2;1;1;1;2;1;2;2;2;1;2;1;2;1;2;1;2;2;1;2;2;1;2;2;2;1;2;1;2;2;2;1;2;1;7;7;7;2;6;3;6;1;7;2;5;7;2;3;6;3;5;5;5;7;2;-9;7;6;6;47;8;14;10;77;115;89;38;50;35;60;256;95;202;164;73;65;131;57;95;50;138;30;46;174;1891;1;26;26;0;0;1;37;37;8;0;2;1;6;4;4;1;6;5;1;1;7;1;1;1;6;3;1;6;1;5;4;6;2;4;5;7;1;6;5;4;1;6;3;6;1;4;5;7;4;5;3;4;2;5;4;6;1;3;5;5;6;3;4;2;6;3;3;3;3;3;3;2;5;2;2;1;4;2;4;2;2;3;5;4;2;3;5;5;2;7;7;7;2;2;6;5;7;4;7;3;2;5;1;5;5;1;4;3;5;6;1;6;6;7;4;2;1;5;7;7;7;7;3;5;6;4;4;2;7;4;3;1;5;2;4;7;7;6;1;5;6;6;6;3;1;1;1;4;2;1;5;4,57142857142857;3,4;3,96551724137931;4;6;3,4;1;1;1;7;3,64285714285714;4,4;7;6;6;6,16666666666667;2;3,44444444444444;1;1;6;6;1;3;3,25;3;4;1,125;2,25;2;4;1;3;2;1;1;1;2,8125;4;3;3,45454545454545;3,45454545454545;1,725;1,55;2;1;2;1;1;1,5;2;4,5;1;1,5;5;5,25;6;3;1;1;4;5;4,07142857142857;3,93333333333333;4;4;4;4,2;1;6;7;6;5;4,66666666666667;3,83333333333333;3,16666666666667;3;3,33333333333333;4,33333333333333;3,16666666666667;4;2,66666666666667;3;4;4,33333333333333;3,55555555555556;3,72222222222222;3,44444444444444;3,77777777777778;5,66666666666667;,425021421809038;0;1,19248210444239;,805655963913297;,542351036964546;-1,49862680469803;-,317462929327691;-,266222618671466;,0351000977475754;-,5;-,5;,25;-,402827981956649;-,402827981956649;,201413990978324;-,271175518482273;-,271175518482273;,135587759241136;,158731464663845;,158731464663845;-,0793657323319227;,133111309335733;,133111309335733;-,0665556546678665
453; ; ;as1_122012;interview;5;2;7;6;5;4;1;7;3;1;3;1;5;1;7;6;7;3;7;5;2;4;4;4;5;4;4;3;2;2;3;7;4;1;4;7;4;2;7;2;2;5;1;4;5;1;3;6;4;4;4;6;4;4;4;6;4;4;4;6;4;4;6;6;4;4;3;4;4;7;6;7;6;3;3;2;3;6;3;5;3;4;1;2;2;1;1;6;1;1;5;4;7;1;7;2;7;3;7;2;6;2;2;5;2;1;2;2;1;2;1;2;2;2;5;5;5;5;5;5;5;4;6;5;2;7;1;5;5;4;4;1;1;5;1;4;2;6;1;1;1;1;1;7;1;5;6;6;6;5;7;6;7;4;2;5;3;4;1;3;5;3;2;1;3;4;4;1;5;4;1;4;5;1;3;4;5;3;2;5;4;3;2;2;4;2;4;5;3;3;1;5;1;4;5;2;1;1;2;2;1;1;2;1;2;1;2;2;2;2;1;1;1;2;2;1;2;1;2;1;1;1;2;2;1;2;2;1;1;2;2;2;1;1;2;2;1;2;2;2;2;2;2;1;1;2;2;1;1;2;2;2;2;2;1;1;1;1;1;1;1;2;2;2;2;2;1;2;2;2;2;1;2;1;1;2;2;1;5;2;6;3;6;4;7;1;6;3;5;4;6;2;6;6;3;2;7;5;4;2;6;7;5;3;3;224;11;115;153;161;145;103;171;109;171;760;124;236;189;143;97;139;169;126;71;480;111;52;63;3890;1;26;26;0;0;0;7;7;49;0;1;2;3;4;5;4;2;3;4;5;3;5;6;2;6;3;2;1;6;1;1;3;3;2;1;2;5;6;3;2;2;3;1;2;1;4;3;4;2;3;2;3;2;5;2;5;2;1;1;2;3;6;4;3;1;2;7;4;1;3;6;2;2;3;2;2;1;5;4;6;1;3;2;6;6;1;1;1;6;1;1;4;2;4;1;1;5;5;7;1;2;1;2;5;1;4;3;6;6;4;2;3;1;1;1;5;2;1;7;5;7;7;4;5;6;4;2;2;7;4;3;5;4;1;1;3;4;4;5;4;2;3;4;6;2;1;1;4;1;3;4;2,92857142857143;4,46666666666667;3,72413793103448;7;6;4,4;3;2;4;7;4,21428571428571;4;4,75;5;5;4,83333333333333;2;1,66666666666667;3;1;1;1;1;2;1,91666666666667;1,66666666666667;5;4,375;2,75;2;2;2;2;3;1;2;1;2,0625;4,45454545454545;2,81818181818182;3,27272727272727;2;1,575;1,575;4;6;7;5;5;4,5;6,5;6,5;5,5;5,5;5,5;4,75;5,75;2,25;3;1;4;4;2,35714285714286;4;3,20689655172414;7;5;4,8;5;6;3;7;4,78571428571429;3,5;4,16666666666667;3;2,5;2,33333333333333;3,16666666666667;3,16666666666667;4,16666666666667;1,83333333333333;3;3,16666666666667;3;2,55555555555556;3,44444444444444;3,11111111111111;3,22222222222222;2;-,965652223241185;0;,912513582194644;-,760545126775608;-1,18900035026843;,842696652926175;,220280399941662;,930625576728047;,45128697104025;,5;-,5;-,25;-,380272563387804;,380272563387804;,190136281693902;-,594500175134215;,594500175134215;,297250087567108;,110140199970831;-,110140199970831;-,0550700999854155;,465312788364023;-,465312788364023;-,232656394182012
410; ; ;as1_122012;interview;6;1;7;6;2;7;2;7;2;1;4;2;6;1;7;2;5;2;5;3;1;2;6;4;6;1;5;1;2;1;5;7;2;1;3;2;5;2;6;2;3;4;2;2;2;1;2;2;4;6;4;6;4;4;4;6;4;2;6;6;4;4;6;6;4;4;4;6;5;6;6;7;6;6;6;6;2;5;2;6;3;6;4;4;6;4;2;4;2;2;1;6;5;6;2;5;1;5;6;5;2;6;1;5;5;1;1;3;2;2;4;5;2;2;5;5;4;5;5;5;5;7;6;6;4;4;2;5;5;6;6;2;2;5;1;6;6;7;6;6;1;1;6;6;1;1;6;6;6;5;7;7;7;5;1;4;2;5;1;3;3;4;2;4;2;2;4;1;5;1;3;4;5;3;2;5;5;2;2;5;4;4;2;2;4;3;2;4;2;5;1;5;1;2;1;4;3;1;2;2;1;1;1;1;1;2;1;2;2;1;1;1;2;2;1;2;1;2;1;1;2;2;1;1;1;1;2;1;2;2;2;1;1;2;1;2;1;2;2;1;2;2;2;1;2;1;2;1;1;2;2;2;2;1;1;2;2;2;2;1;2;2;2;2;2;2;1;2;2;2;2;1;1;2;2;2;1;2;2;2;6;1;7;7;6;2;6;2;7;5;2;1;6;6;5;2;5;5;6;6;7;6;6;5;8;91;12;48;93;96;106;71;144;85;105;494;91;165;168;124;76;123;100;125;54;265;73;47;42;2806;1;26;26;0;0;0;3;3;14;0;2;1;2;6;5;2;1;6;5;1;1;5;6;1;1;6;1;2;1;6;1;1;5;6;2;1;2;6;6;6;2;4;5;5;1;5;6;5;6;1;1;1;6;1;1;1;6;1;1;2;2;6;6;6;1;6;6;1;1;6;7;2;2;4;5;5;2;5;6;2;1;6;5;6;2;1;1;2;4;2;1;2;2;2;1;3;6;5;7;1;1;1;2;6;2;3;2;6;6;7;2;2;3;3;1;5;6;5;6;5;2;6;2;5;5;4;5;2;6;1;1;2;3;2;2;6;6;2;1;1;5;1;5;6;1;0;3;4;6;4;4;2,57142857142857;3,73333333333333;3,17241379310345;7;6;5,4;2;6;5;7;4,35714285714286;4,2;5,5;2;6;5,08333333333333;4;3,77777777777778;7;3;6;7;2;6;5,33333333333333;2,83333333333333;4,85714285714286;5,125;4;1;2;2;2;3;1;1;1;2,5625;4,27272727272727;2,81818181818182;2,72727272727273;2,36363636363636;1,55;1,6;1;6;6;7;6;1,5;6;6;6,5;6,5;5,75;5,75;5;3,5;3;6;4;6;2,92857142857143;4,46666666666667;3,72413793103448;7;6;5,2;2;6;6;6;4,21428571428571;2,5;4,83333333333333;4;3,66666666666667;2,16666666666667;4,66666666666667;4;1,83333333333333;2,5;4,83333333333333;4,5;2,83333333333333;2,38888888888889;4,77777777777778;4,16666666666667;2,77777777777778;2,33333333333333;1,56401869773742;0;,272585531342644;1,09931866841747;,325932113560424;1,38300206622407;1,56463872311504;,451886298568242;,659380407686587;-,5;-,5;,25;-,549659334208733;-,549659334208733;,274829667104367;-,162966056780212;-,162966056780212;,0814830283901059;-,782319361557522;-,782319361557522;,391159680778761;-,225943149284121;-,225943149284121;,11297157464206
363; ; ;as1_122012;interview;4;5;7;5;3;6;1;7;5;1;1;1;7;1;4;7;4;1;5;1;3;1;5;4;1;1;4;1;4;4;1;7;4;1;1;7;2;1;6;1;2;7;1;2;2;1;1;4;5;4;4;4;4;4;4;4;4;4;4;4;4;4;4;4;4;4;4;4;4;7;7;7;7;3;7;6;1;7;6;7;6;1;1;1;2;1;1;7;2;1;3;1;7;3;7;2;7;3;6;3;5;2;1;5;3;1;2;1;3;5;4;3;3;1;5;5;5;5;5;5;5;2;2;2;1;1;1;1;2;1;4;1;1;1;1;1;5;7;2;1;1;1;1;1;1;4;4;4;2;1;6;6;7;1;3;5;2;5;1;3;4;2;1;4;1;2;2;2;4;1;2;2;5;1;1;5;5;2;2;2;1;4;1;3;4;1;3;4;2;2;1;5;2;3;5;3;1;1;2;2;1;1;1;1;2;1;2;2;1;2;1;1;1;1;2;2;2;1;2;1;2;2;2;2;2;2;2;1;2;2;2;1;1;2;1;2;1;1;1;2;1;1;2;1;2;1;2;1;2;2;2;2;1;1;1;1;1;1;2;1;2;2;2;2;1;2;1;2;2;1;2;1;2;1;2;1;2;1;3;4;6;4;6;4;6;3;5;4;2;7;6;1;6;5;1;1;7;6;6;2;6;6;6;6;26;123;46;66;151;138;142;98;325;114;139;435;91;99;139;184;74;106;122;99;37;263;73;69;27;2970;1;26;26;0;0;0;3;3;52;0;2;1;3;5;1;4;5;5;6;2;5;6;3;2;6;5;3;4;2;5;4;5;3;6;6;3;3;5;5;4;2;6;5;4;5;5;4;2;5;3;3;2;6;4;3;2;5;3;5;2;2;5;5;3;3;6;5;1;3;6;6;2;2;4;4;2;3;3;5;4;4;3;5;1;4;4;1;1;4;1;1;1;4;1;1;1;5;4;7;2;5;1;1;1;1;2;2;4;4;6;1;2;2;1;1;2;4;2;7;7;7;7;6;1;6;4;2;1;6;4;1;4;2;2;1;6;1;2;4;4;1;3;1;5;2;0;3;4;1;1;3;1,5;3;2,27586206896552;7;4;4,6;1;1;7;7;4,21428571428571;4;4;5;7;6,58333333333333;1;1,22222222222222;5;1;1;1;2;3;2,25;3,16666666666667;5;1,25;2,125;1;4;4;6;7;2;2;1;2,4375;4,36363636363636;1,63636363636364;2,72727272727273;1,72727272727273;1,575;1,475;4;4;5;4;4;3,5;5;5,5;4,5;5;5,25;6,25;5,75;1,25;1;1;4;2;1,57142857142857;2,8;2,20689655172414;7;6;5,4;2;7;4;6;4,35714285714286;3,5;4,5;3,5;3,16666666666667;3,5;4,83333333333333;4,66666666666667;3;4,16666666666667;4,83333333333333;4,83333333333333;2;3,72222222222222;4,72222222222222;4,33333333333333;2,72222222222222;1;-,101504347930965;0;-,767297551291858;-1,15209539944783;,758769960368667;-1,40857590248171;-,451898761645029;,691255937648144;,243193534393913;-,5;-,5;,25;,576047699723917;,576047699723917;-,288023849861959;-,379384980184334;-,379384980184334;,189692490092167;,225949380822515;,225949380822515;-,112974690411257;-,345627968824072;-,345627968824072;,172813984412036
386; ; ;as1_122012;interview;5;2;7;4;4;4;4;5;2;1;1;1;5;1;4;5;4;1;5;5;1;1;2;4;3;1;1;1;3;1;1;5;7;6;2;7;5;1;2;2;1;4;1;5;5;2;1;2;6;4;4;5;4;4;5;5;4;4;4;5;4;4;5;4;5;3;4;4;5;2;3;6;2;6;2;1;5;4;3;1;4;1;1;1;1;1;1;7;1;1;5;2;7;1;7;2;7;2;6;4;6;2;2;6;4;1;1;1;2;4;3;1;4;4;5;5;5;5;5;5;4;4;2;2;1;1;1;1;1;1;2;1;1;1;1;1;2;6;3;1;1;2;1;2;1;2;5;5;7;4;5;7;6;4;2;4;3;1;1;2;4;3;4;4;1;1;4;3;3;2;1;4;5;2;1;4;1;1;2;4;5;3;3;3;1;1;4;4;3;3;1;5;2;3;3;3;1;1;2;2;1;2;2;1;2;1;2;2;2;2;1;1;1;2;2;2;1;1;2;1;2;1;2;2;2;1;2;1;2;1;1;2;1;1;1;2;1;2;2;2;1;1;2;2;1;1;1;1;1;2;2;2;2;2;1;1;1;1;1;1;2;2;2;1;2;2;1;2;1;2;1;1;1;2;1;1;1;2;3;2;5;5;5;6;5;3;4;5;2;4;6;2;3;6;2;1;1;6;2;1;6;6;7;5;9;91;15;94;116;104;112;66;155;96;153;715;97;156;111;146;68;105;94;99;48;249;61;41;59;3060;1;26;26;0;0;0;1;2;45;1;1;2;4;2;1;1;4;1;1;2;3;2;3;2;5;2;1;2;4;3;2;4;4;2;2;1;2;4;3;2;2;2;3;5;2;2;2;2;3;2;3;4;2;4;2;4;2;1;2;2;3;4;2;2;2;3;2;4;2;1;2;3;5;1;3;2;4;1;2;2;4;1;2;1;3;1;1;2;3;1;1;2;1;1;1;1;5;5;7;2;3;1;2;3;1;4;2;3;3;5;2;2;2;4;1;4;5;2;7;6;7;7;6;2;6;7;6;2;5;4;1;4;2;2;1;6;1;2;3;1;1;3;1;4;7;1;3;4;1;4;2;2,21428571428571;3,13333333333333;2,68965517241379;7;5;4,8;3;3;6;6;3,42857142857143;4,4;4,5;2;3;2,75;1;1;3;1;1;1;2;2;1,91666666666667;3;4,85714285714286;1,5;1,375;2;3;3;1;4;3;1;2;2;3,18181818181818;2,90909090909091;2,81818181818182;1,90909090909091;1,45;1,55;2;6;5;3;3;2,5;5,5;5;3,5;4;3,5;4;6;1,5;2;1;1;2;1,5;3,13333333333333;2,3448275862069;7;6;6,2;2;6;4;6;4,42857142857143;3,66666666666667;2,5;2,16666666666667;2,16666666666667;3;2,33333333333333;2;3,5;2,83333333333333;1,5;2,16666666666667;1,83333333333333;3,16666666666667;2,11111111111111;2,11111111111111;2,5;1,66666666666667;-,710455762329359;1;-,287351513152857;-1,34787053578395;,542351036964546;-1,22847409804908;-1,25851375554906;-2,42054937039059;-1,21346052213045;,5;,5;,25;-,673935267891974;-,673935267891974;-,336967633945987;,271175518482273;,271175518482273;,135587759241136;-,629256877774529;-,629256877774529;-,314628438887265;-1,2102746851953;-1,2102746851953;-,605137342597648
384; ; ;as1_122012;interview;1;1;1;1;1;1;1;1;1;1;1;1;7;1;1;7;1;1;1;1;1;1;1;1;1;1;1;1;1;1;1;1;7;1;1;7;1;1;1;1;1;1;1;2;5;1;1;4;1;4;4;4;4;4;4;4;4;4;4;4;4;4;4;4;4;4;4;4;4;6;1;3;1;7;4;1;6;1;1;1;1;1;1;1;1;1;1;1;1;1;7;7;7;1;7;1;7;1;7;7;1;2;1;5;4;2;6;1;1;2;5;1;1;1;6;6;6;6;6;6;6;1;1;1;1;1;1;1;1;1;1;1;1;1;1;1;6;7;1;1;1;4;1;1;1;1;5;6;6;1;1;4;3;5;1;3;1;3;1;3;3;1;1;1;1;1;1;1;5;1;1;5;5;1;1;5;5;3;1;5;3;1;1;3;3;1;1;5;1;1;2;5;1;1;5;1;1;1;2;2;1;1;1;1;2;2;1;1;2;2;1;2;1;2;2;1;2;1;2;1;2;2;2;2;2;2;2;2;2;2;1;2;1;2;1;2;2;2;1;1;2;2;1;2;2;2;2;1;2;1;1;2;2;1;1;2;2;2;2;2;1;2;2;2;2;1;2;2;1;2;1;2;1;2;1;2;1;2;6;2;6;1;7;5;6;2;6;2;1;1;1;1;1;1;2;3;7;2;5;1;3;1;6;2;19;64;42;25;89;55;57;38;60;36;57;221;34;49;67;85;68;64;63;80;40;164;38;43;46;1604;1;26;26;0;0;0;22;22;61;1;1;1;2;5;3;1;2;5;3;2;2;5;4;3;5;2;2;1;6;1;2;4;6;1;1;2;4;4;4;4;4;4;4;4;4;4;4;4;6;2;2;2;6;2;2;3;6;2;2;2;1;6;5;3;2;5;5;4;2;6;6;4;6;2;2;2;6;2;3;3;6;2;2;2;6;1;1;1;7;1;1;1;6;1;1;1;6;1;1;1;1;1;1;1;1;6;1;1;1;7;1;4;4;1;1;1;4;1;1;4;7;1;4;1;4;4;4;4;4;1;1;4;1;1;1;7;1;1;1;4;4;4;1;4;7;1;2;7;1;7;7;2,28571428571429;1,93333333333333;2,10344827586207;7;7;3,4;1;1;7;7;1,85714285714286;4;4;1;2;1,91666666666667;7;1,66666666666667;1;1;1;1;1;7;2,58333333333333;1,83333333333333;6;1;1,625;1;3;2;2;7;7;4;5;2,625;4,09090909090909;1,54545454545455;2,09090909090909;1,45454545454545;1,6;1,675;3;6;6;7;6;4,5;6;6;6,5;6,5;2,75;3,25;1,75;1,75;4;1;4;4;2,07142857142857;2,33333333333333;2,20689655172414;7;7;6,4;1;4;4;7;2,28571428571429;4;3,5;3;2,16666666666667;4,33333333333333;3,16666666666667;3,16666666666667;3,33333333333333;4,33333333333333;3,33333333333333;3,16666666666667;2,83333333333333;4,22222222222222;3,33333333333333;3,11111111111111;2,77777777777778;1;,29302341641105;1;-,967275067183108;-,760545126775608;-,972581426864309;-1,58867770691434;-,989642090914382;-,0268529795915636;-1,83774083206946;,5;,5;,25;-,380272563387804;-,380272563387804;-,190136281693902;-,486290713432155;-,486290713432155;-,243145356716077;-,494821045457191;-,494821045457191;-,247410522728596;-,0134264897957818;-,0134264897957818;-,00671324489789089
498; ; ;as1_122012;interview;7;2;7;7;4;4;2;7;4;1;4;4;6;7;5;7;4;6;4;6;1;1;4;4;2;4;6;2;4;2;6;7;2;7;2;7;7;1;6;1;6;6;1;5;7;1;5;2;4;4;4;4;4;4;4;4;4;4;4;4;4;4;4;4;4;4;4;4;4;5;5;5;4;6;4;4;1;4;4;4;5;4;2;4;4;5;5;3;5;6;4;4;6;3;7;2;6;4;6;5;6;4;1;5;4;1;1;2;2;3;3;1;5;3;4;5;5;5;5;5;5;4;6;6;3;5;2;5;4;5;7;2;2;4;1;5;2;5;4;4;1;2;5;2;1;4;4;4;4;5;2;7;5;1;2;5;1;4;1;3;5;4;2;1;2;1;4;1;5;1;3;3;3;2;1;5;4;1;1;5;3;3;4;1;2;2;4;4;3;1;2;4;2;4;1;3;1;1;2;2;1;1;2;1;2;1;1;2;2;2;1;1;1;2;1;1;2;1;2;1;2;2;1;1;2;2;2;1;2;2;1;1;1;1;1;2;1;2;1;1;2;2;1;1;1;1;2;1;1;2;1;2;2;1;1;1;1;1;1;1;1;2;1;2;1;1;1;2;1;1;2;1;2;1;1;1;1;2;2;5;6;2;6;5;6;2;6;4;6;6;3;1;3;2;4;-9;7;2;5;2;2;3;7;4;5;133;40;68;103;90;97;71;185;89;121;506;142;158;121;135;78;147;125;117;64;385;82;61;54;3177;1;26;26;1;0;1;2;3;83;1;1;1;5;4;1;1;5;4;3;2;6;4;4;3;2;5;6;3;5;6;5;3;5;6;6;4;2;1;6;7;3;2;4;6;3;4;6;6;5;5;4;2;3;7;6;2;2;2;5;6;3;6;2;2;4;7;3;3;4;6;3;2;3;2;2;6;3;6;3;4;2;4;3;5;3;2;1;2;5;3;1;2;3;3;1;1;7;5;7;2;1;4;2;1;6;6;2;6;5;2;1;7;4;5;2;7;3;5;6;6;6;7;3;4;2;6;6;2;5;2;1;6;7;2;7;7;6;4;5;3;7;1;6;7;7;1;2;4;1;2;4;3;4,8;3,93103448275862;1;4;4;2;1;6;7;3,85714285714286;4;4;2;7;4,41666666666667;5;4,44444444444444;4;2;1;2;2;2;2,91666666666667;2,83333333333333;4,85714285714286;4,5;3,375;3;4;4;4;3;6;1;3;3,1875;3,45454545454545;2,18181818181818;3,09090909090909;1,72727272727273;1,35;1,425;3;3;6;6;4;2,5;4,5;6;6;5;5;5,25;2,25;2,33333333333333;2;2;2;5;3,85714285714286;5,26666666666667;4,58620689655172;6;6;4,6;1;6;2;6;3,85714285714286;3,33333333333333;3,83333333333333;3,5;3,5;3,83333333333333;5,33333333333333;4;3,33333333333333;3,66666666666667;4,33333333333333;4,5;4,33333333333333;3,61111111111111;4,5;4;3,72222222222222;1,66666666666667;1,94006665977282;1;1,15248660126414;1,68664407742581;,325932113560424;,932747555142491;,892459561528353;-1,70244045315088;,0351000977475754;,5;,5;,25;,843322038712903;,843322038712903;,421661019356452;,162966056780212;,162966056780212;,0814830283901059;,446229780764177;,446229780764177;,223114890382088;-,851220226575442;-,851220226575442;-,425610113287721
449; ; ;as1_122012;interview;5;2;5;2;-9;7;1;6;-9;1;1;1;5;1;1;2;1;1;2;5;5;3;6;5;5;1;1;1;2;1;1;6;5;2;2;6;3;2;6;5;1;5;5;2;4;1;1;2;4;-9;-9;-9;-9;-9;-9;-9;-9;-9;-9;-9;-9;-9;-9;-9;-9;-9;-9;-9;-9;3;5;7;2;6;2;2;6;3;1;1;5;3;1;2;2;4;1;6;3;2;2;3;6;6;7;4;7;3;5;3;2;2;2;5;3;1;2;3;2;2;2;4;3;2;3;4;5;5;3;4;4;5;3;6;2;5;1;4;1;3;2;2;1;2;1;4;3;6;2;1;1;1;2;1;1;5;5;6;7;5;7;7;7;4;2;4;3;4;2;3;3;4;2;3;1;2;4;2;5;4;2;2;5;1;3;4;5;3;4;5;5;4;4;2;2;4;3;4;2;5;2;5;1;4;3;2;4;1;2;2;1;1;1;1;2;1;1;2;2;2;1;2;1;2;2;1;1;1;2;1;1;2;1;2;2;2;2;2;1;2;2;1;1;1;2;2;1;2;2;2;1;1;2;2;2;2;2;1;1;1;1;2;1;1;1;2;2;1;1;1;2;2;1;2;1;2;1;2;2;2;2;1;2;1;2;2;2;1;3;5;3;5;7;5;7;5;5;5;6;6;5;2;3;6;5;3;5;6;-9;2;6;6;5;6;52701;29;6;28;91;79;62;51;105;53;80;249;22;83;101;77;53;79;76;131;41;176;71;46;41;1840;1;26;26;8;7;15;21;37;38;1;2;2;2;5;3;2;3;6;3;2;6;6;2;4;6;2;3;4;5;2;3;5;6;2;2;5;2;2;5;6;2;1;3;6;2;2;2;6;2;2;5;5;2;1;3;6;2;1;1;6;3;6;3;2;2;6;2;5;1;1;3;5;2;2;2;3;2;2;4;6;2;1;1;6;4;2;2;2;4;3;1;3;2;2;2;3;5;2;7;1;5;1;2;6;1;3;1;1;1;6;3;2;1;6;1;3;2;2;6;7;7;7;4;1;6;4;2;3;7;1;1;1;1;1;1;3;5;3;3;2;2;3;2;2;2;1;1;3;2;3;4;2,15384615384615;1,86666666666667;2;7;6;5,6;3;6;6;7;5,15384615384615; ; ;2;2;2,91666666666667;2;2,22222222222222;6;2;1;1;3;6;3,33333333333333;2,5;4;3,875;1,75;2;3;2;1;3;1;1;1;1,75;4,09090909090909;3,45454545454545;2,72727272727273;2,63636363636364;1,725;1,35;3;3;3;3;3;3;5;3;4;5;5,75;4,66666666666667;5,75;3;1;1;4;4;2;1,8;1,89655172413793;7;7;5,6;5;5;7;7;5,5;2,83333333333333;3,16666666666667;3,5;3,66666666666667;2,66666666666667;3;3;5;3,16666666666667;2,16666666666667;1,83333333333333;5,33333333333333;2,88888888888889;2,77777777777778;2,77777777777778;4,66666666666667;2,66666666666667;-,230569170034236;1;-1,08726157671786;-,271107285935325;-,106905733247821;,482493044060913;-,855206258597044;-,0268529795915636;,659380407686587;-,5;,5;-,25;,135553642967663;-,135553642967663;,0677768214838314;,0534528666239103;-,0534528666239103;,0267264333119552;,427603129298522;-,427603129298522;,213801564649261;,0134264897957818;-,0134264897957818;,00671324489789089
327; ; ;as1_122012;interview;2;5;7;2;4;3;5;7;6;3;3;2;4;1;5;3;6;1;4;3;2;3;5;4;2;4;3;3;4;2;4;5;3;1;2;7;3;1;6;3;3;4;3;5;4;2;2;4;4;3;3;4;4;4;4;5;4;4;4;5;4;5;5;4;4;5;3;5;4;6;5;5;5;4;3;2;3;5;4;5;3;3;1;4;5;1;2;5;4;1;3;2;6;4;2;2;5;3;7;2;3;2;2;5;3;1;2;3;2;2;2;3;4;3;4;5;4;5;4;4;5;5;5;5;2;5;2;1;2;2;5;2;1;5;1;1;2;6;1;1;1;1;1;2;1;1;6;7;6;7;7;7;7;3;4;5;1;3;1;2;4;4;2;2;2;1;5;2;5;2;1;4;5;3;2;4;2;2;2;3;4;1;4;3;4;4;4;4;4;4;1;5;1;3;4;5;2;1;2;2;1;2;1;2;1;1;1;2;2;2;1;1;1;1;2;2;2;2;1;2;1;2;2;2;2;1;2;1;1;2;2;1;1;2;1;2;1;2;1;2;1;2;2;2;1;2;1;1;2;2;1;2;2;2;1;2;1;1;1;1;2;2;1;1;1;2;1;2;1;1;2;1;2;2;1;2;1;2;5;2;6;3;6;4;6;3;4;4;4;6;6;1;2;5;2;1;6;6;5;1;5;6;7;5;11;36;10;43;108;80;85;58;117;80;101;365;98;73;100;81;60;142;95;97;45;246;58;39;38;2266;1;26;26;0;0;0;7;8;56;1;2;2;2;4;5;5;2;6;6;1;2;3;5;4;6;3;2;3;6;4;2;1;6;3;2;2;3;6;5;5;2;5;6;4;2;2;2;3;6;2;2;5;6;3;1;2;5;2;2;3;4;6;2;3;3;5;4;3;2;6;4;3;3;3;2;6;3;3;6;7;2;2;2;2;4;2;2;2;5;1;1;5;4;2;5;1;5;4;6;3;4;3;1;5;2;4;4;3;4;4;3;4;5;5;1;5;4;3;5;5;7;5;4;4;4;5;4;3;3;3;2;3;4;2;4;5;3;4;3;4;3;3;4;4;7;1;1;4;1;4;4;3;3,53333333333333;3,27586206896552;7;4;4;4;5;6;6;4,78571428571429;4;3,75;4;5;4,33333333333333;3;2,66666666666667;5;2;6;3;1;5;3,08333333333333;2,66666666666667;4,42857142857143;3,25;2,5;2;2;1;2;1;1;1;1;1,25;3,81818181818182;3,18181818181818;3,09090909090909;2;1,5;1,55;4;6;5;5;4;4,5;6;5,5;4,5;5;5,25;5;5,5;1,25;3;1;3;4;3;3,8;3,41379310344828;7;4;5,2;3;5;5;6;4,35714285714286;4;4;3;4,5;3,66666666666667;4,33333333333333;4,16666666666667;3;3,16666666666667;3;2,83333333333333;2,83333333333333;3,61111111111111;3,77777777777778;3,33333333333333;3,44444444444444;2,66666666666667;,566992794081719;1;,392572040877394;,120442986736901;,109513190156301;,0322385329793356;-,0485912646930144;-,744961896831271;,243193534393913;-,5;,5;-,25;-,0602214933684503;,0602214933684503;-,0301107466842252;-,0547565950781506;,0547565950781506;-,0273782975390753;,0242956323465072;-,0242956323465072;,0121478161732536;,372480948415636;-,372480948415636;,186240474207818
452; ; ;as1_122012;interview;6;1;6;7;5;2;4;6;1;6;4;2;7;1;6;2;2;3;2;4;1;5;1;4;2;3;4;1;1;5;4;5;3;1;3;5;7;5;4;2;5;6;1;6;6;3;4;5;6;5;3;6;4;4;4;6;5;4;5;5;4;4;6;4;4;5;5;4;4;7;6;7;5;4;5;4;2;4;6;5;5;4;5;6;6;4;6;5;6;4;5;4;6;4;1;3;6;6;7;6;2;3;1;6;5;1;1;2;2;2;2;3;3;2;4;5;4;4;5;4;5;5;6;5;4;5;1;5;3;5;6;5;2;2;5;6;1;3;2;5;6;5;6;2;5;5;5;5;5;3;3;2;6;5;2;5;2;4;1;4;4;4;4;3;4;2;2;2;5;2;4;4;4;2;1;4;3;2;4;4;4;4;2;2;1;3;3;4;4;4;1;5;1;2;5;2;2;1;2;2;1;1;1;1;2;2;2;2;2;2;1;1;1;2;2;1;1;2;2;1;2;2;2;2;1;2;2;2;2;2;2;2;1;1;1;2;2;2;2;2;1;1;2;1;2;1;1;1;1;2;2;2;2;1;1;2;1;1;1;2;2;2;2;2;1;1;1;2;-9;-9;-9;-9;-9;-9;-9;-9;-9;-9;4;5;5;5;5;3;5;4;3;3;5;6;6;2;6;6;2;2;4;5;6;2;6;6;6;4;1373;246;52;114;86;81;73;63;140;67;107;617;96;117;134;205;118;131;107;110;3;405;76;48;89;3295;1;26;26;4;3;7;20;27;9;0;1;1;2;6;5;3;3;6;5;2;4;5;5;2;5;5;5;5;5;2;5;5;3;4;5;2;3;2;4;4;2;2;4;6;2;2;3;3;6;2;2;2;6;2;2;2;5;2;2;2;3;5;3;2;3;5;2;2;2;5;5;2;4;2;4;5;3;2;3;6;2;2;2;5;3;4;2;2;4;4;2;2;2;2;2;2;4;2;6;4;1;4;5;3;2;6;6;6;5;2;1;4;6;2;2;6;6;5;5;6;5;6;4;5;4;4;6;2;2;3;2;3;5;3;3;7;5;6;2;5;5;2;5;6;1;1;3;4;3;2;2;3,5;4,66666666666667;4,10344827586207;7;7;3,6;1;6;5;5;3,28571428571429;4,2;5,25;4;6;5,33333333333333;3;4,88888888888889;3;2;7;2;1;6;3,91666666666667;2,33333333333333;4,42857142857143;4,75;3,5;5;3;3;3;5;5;6;2;4,25;3,90909090909091;2,72727272727273;3;2,72727272727273;1,65714285714286;1,51428571428571;5;3;4;3;5;4,5;4;4,5;3;5;4,75;6;5,75;2;2;3;4;4;3,85714285714286;5,06666666666667;4,48275862068965;6;2;3;1;6;5;5;3,35714285714286;3,83333333333333;3,66666666666667;3,83333333333333;3,5;3,66666666666667;3,16666666666667;3,5;3,83333333333333;3;3,33333333333333;3,66666666666667;2,66666666666667;3,5;3,38888888888889;3,66666666666667;3,33333333333333;2;1,29210248041397;0;1,3524641171554;2,07819435009803;-,323324656651943;1,11284935957512;1,02689539384569;-,505592257751369;-,172993338898762;,5;-,5;-,25;1,03909717504902;-1,03909717504902;-,519548587524508;-,161662328325971;,161662328325971;,0808311641629856;,513447696922846;-,513447696922846;-,256723848461423;-,252796128875684;,252796128875684;,126398064437842
343; ; ;as1_122012;interview;7;3;7;1;5;1;1;7;7;1;1;1;3;1;4;3;1;1;5;4;5;1;4;7;7;1;4;1;5;2;1;7;5;1;4;7;2;1;7;3;1;5;3;3;1;1;1;4;3;3;5;7;7;4;6;6;7;7;7;6;7;4;7;5;7;5;6;4;5;3;7;7;6;5;3;2;2;4;5;3;2;1;1;4;5;2;2;6;6;4;7;3;7;1;5;2;7;5;7;3;1;2;2;5;2;1;1;2;2;3;2;4;5;2;4;6;6;6;6;6;6;4;3;7;1;4;4;7;1;4;6;4;1;3;1;7;6;7;2;1;1;2;1;3;1;4;7;7;7;7;7;7;7;5;2;5;1;5;1;3;5;5;1;4;1;1;5;1;5;1;1;5;5;1;3;5;5;1;1;5;5;1;5;3;5;1;3;5;2;5;1;5;1;2;5;1;1;1;2;2;1;1;1;1;2;1;2;2;2;2;1;2;1;2;2;2;2;2;2;1;1;2;2;2;2;2;2;1;1;2;2;1;1;2;2;2;2;2;2;2;1;2;1;2;2;1;2;1;1;2;2;2;2;2;1;1;1;2;1;1;2;2;1;1;1;2;1;2;2;1;2;1;2;1;2;2;2;1;5;2;7;6;7;6;7;2;3;3;7;7;7;1;7;7;5;1;7;7;7;3;7;7;7;6;9;62;39;49;50;46;48;43;79;105;95;275;220;117;153;164;48;55;55;71;37;157;89;31;51;2001;1;26;26;0;0;0;13;13;58;1;2;2;2;6;5;4;1;5;6;3;1;6;5;3;5;2;3;2;6;2;3;4;7;2;1;3;4;4;5;6;3;2;6;4;1;5;7;2;5;3;2;5;2;6;1;6;4;5;5;6;1;6;5;3;1;7;7;2;1;6;7;3;4;5;3;7;1;3;5;7;1;5;5;7;3;5;4;5;3;5;4;7;2;5;7;6;5;3;7;2;3;4;1;2;1;2;5;2;4;3;3;4;3;5;1;2;5;4;7;5;7;7;4;1;5;6;3;3;7;4;1;2;3;1;1;5;4;1;3;4;2;3;2;4;1;1;1;1;1;3;5;1,92857142857143;2,4;2,17241379310345;7;3;3,2;5;5;4;7;5,5;6,4;5,5;3;6;4,25;2;3;1;1;3;1;1;7;2,5;3;5,71428571428571;5;2,875;1;1;1;1;1;1;1;1;1,4375;4,90909090909091;3,18181818181818;2,72727272727273;1,36363636363636;1,75;1,475;2;6;6;2;5;3,5;6,5;6,5;2,5;6;6,75;7;7;2,5;3;1;2;4;2,28571428571429;3;2,6551724137931;7;3;3,8;3;5;6;7;4,85714285714286;3,5;4,33333333333333;3,83333333333333;4,5;2,33333333333333;4,16666666666667;4,66666666666667;4,33333333333333;2,5;4,83333333333333;5;4;2,77777777777778;4,44444444444444;4,5;4,27777777777778;6;1,23343677574718;1;-,887284060826608;,414105691241071;,542351036964546;1,29295116400775;,354716232259;2,12747377212756;1,49175415427194;-,5;,5;-,25;-,207052845620535;,207052845620535;-,103526422810268;-,271175518482273;,271175518482273;-,135587759241136;-,1773581161295;,1773581161295;-,0886790580647501;-1,06373688606378;1,06373688606378;-,531868443031891
263; ; ;as1_122012;interview;5;5;7;5;5;5;2;7;5;2;3;1;2;7;5;1;6;1;2;2;4;1;5;4;7;1;1;1;5;3;1;7;3;1;1;7;4;1;7;7;1;7;7;3;1;1;1;2;4;4;4;4;4;4;4;4;4;4;4;4;4;4;4;4;4;4;4;4;4;5;5;5;5;4;3;4;2;3;4;5;4;1;1;2;1;1;1;1;1;1;3;2;6;4;3;1;7;3;7;2;4;3;2;5;5;1;2;3;2;2;5;4;3;2;3;4;3;3;3;3;4;4;4;5;2;3;1;4;2;2;3;2;1;1;1;5;2;7;3;2;1;2;1;2;1;4;5;7;5;6;7;6;7;4;3;5;3;5;1;3;5;5;4;1;3;2;3;2;5;3;2;5;5;3;1;5;5;3;2;5;4;3;3;4;3;2;5;5;3;5;1;5;1;3;4;5;3;1;2;2;1;2;2;1;1;1;1;2;1;2;1;1;1;1;2;2;2;1;1;1;2;2;2;2;2;1;2;1;1;1;2;2;1;2;1;2;2;2;1;2;1;2;2;1;2;1;1;1;1;2;2;1;2;1;2;1;1;1;1;2;2;2;2;2;2;2;1;2;1;2;1;1;1;1;1;2;1;2;3;4;6;5;5;5;5;2;3;2;7;6;5;1;6;7;2;1;7;7;6;1;6;6;7;7;13;152;43;70;106;115;124;77;223;99;134;480;1437;135;205;201;110;170;186;175;55;335;111;65;64;3423;1;26;26;0;0;0;0;0;46;1;2;2;2;3;5;2;2;6;2;3;2;4;2;2;2;2;2;2;3;1;1;2;3;1;1;1;3;2;2;2;3;1;3;3;1;1;1;1;6;1;1;1;5;1;1;2;5;1;1;1;3;2;3;2;1;3;2;2;1;2;1;2;4;3;2;2;3;1;1;6;4;2;1;5;2;4;2;4;2;2;3;5;1;2;2;2;6;2;7;2;3;1;2;7;1;2;3;6;4;4;5;1;1;5;1;1;2;1;7;7;7;7;4;3;5;4;1;1;7;2;1;1;1;1;1;6;2;2;6;2;1;4;1;4;1;1;3;4;1;1;4;1,92857142857143;2,73333333333333;2,3448275862069;1;3;3;6;7;7;7;6,42857142857143;4;4;4;6;4,41666666666667;7;1,77777777777778;5;2;5;1;1;4;2,75;3;3,28571428571429;3,25;2;1;3;1;3;2;1;2;1;1,875;4,36363636363636;3,45454545454545;3,36363636363636;2,63636363636364;1,375;1,625;3;4;6;3;6;3;4,5;6;3;5,5;6,75;6,25;6,25;1,25;1;1;4;4;1,71428571428571;2,2;1,96551724137931;7;5;4,4;2;7;7;7;5,78571428571429;3,33333333333333;2,16666666666667;2,5;1,83333333333333;2,83333333333333;2,16666666666667;1,66666666666667;3;2,66666666666667;1,83333333333333;1,16666666666667;2;2,94444444444444;2,05555555555556;1,77777777777778;2,27777777777778;3,66666666666667;-,850667088707045;1;-,687306544935358;-,662657558607552;,542351036964546;,0322385329793356;-,586334593962367;,691255937648144;1,49175415427194;-,5;,5;-,25;,331328779303776;-,331328779303776;,165664389651888;-,271175518482273;,271175518482273;-,135587759241136;,293167296981184;-,293167296981184;,146583648490592;-,345627968824072;,345627968824072;-,172813984412036
448; ; ;as1_122012;interview;7;1;7;5;4;7;1;7;1;1;1;1;7;1;6;6;4;1;5;1;1;4;1;5;1;1;1;1;1;4;3;7;6;3;4;7;7;1;1;1;3;6;1;3;5;2;1;4;4;5;4;7;4;4;5;7;5;4;5;7;5;6;7;5;5;4;4;6;5;7;7;7;6;1;5;4;1;6;6;6;6;4;2;4;1;3;4;4;4;1;7;6;7;1;1;1;7;4;7;1;1;1;2;5;3;1;2;3;1;2;1;4;3;2;3;4;3;4;4;4;5;4;5;3;1;1;1;2;2;2;6;1;1;1;1;4;3;7;4;7;5;4;5;1;4;6;4;6;5;5;4;3;5;4;3;5;2;4;1;2;5;4;3;1;1;1;2;3;3;4;2;3;5;1;3;4;3;3;2;4;3;4;2;2;3;4;5;3;3;5;1;5;1;4;3;1;5;1;2;2;1;2;2;1;2;1;2;1;1;2;2;1;1;1;2;2;2;1;1;1;1;2;2;2;2;2;2;1;1;2;2;1;1;1;1;2;2;1;2;1;1;2;1;2;1;1;1;1;1;2;2;2;1;1;1;1;2;1;1;1;1;2;2;2;1;2;1;2;2;2;2;1;2;1;2;2;1;1;6;5;5;3;5;1;6;5;4;1;1;4;5;4;6;6;2;1;3;6;3;2;6;6;5;5;75;110;23;43;63;49;54;37;71;52;61;210;49;53;61;77;46;60;151;72;35;144;45;25;33;1634;1;26;26;0;0;0;22;22;81;1;1;2;6;2;2;3;7;4;5;5;6;4;5;4;2;6;5;6;2;3;5;5;3;4;4;5;3;5;4;5;2;4;5;5;3;4;5;6;7;4;3;3;6;3;4;4;5;1;1;3;6;5;5;4;6;4;5;5;4;4;4;5;3;7;4;5;3;4;5;5;1;4;6;5;5;1;1;1;5;1;1;1;5;1;1;1;6;7;7;1;1;1;2;1;1;3;7;5;4;6;1;4;2;1;1;4;3;1;7;5;7;6;4;1;3;5;5;4;3;4;1;6;4;5;1;5;4;2;4;4;2;1;3;3;1;1;2;3;1;2;4;1,85714285714286;3,86666666666667;2,89655172413793;7;7;5;1;2;4;6;2,92857142857143;4,8;5,75;7;7;6,16666666666667;4;3;1;1;7;1;1;7;2,66666666666667;2,16666666666667;3,85714285714286;2,25;2,5;1;4;2;3;3;4;5;3;3,8125;3,54545454545455;3,18181818181818;3;2,27272727272727;1,525;1,45;7;3;3;5;7;6,5;4,5;4;4,5;6;3,75;4,5;5,75;2,25;3;1;3;4;2,14285714285714;3,53333333333333;2,86206896551724;7;1;3,6;3;4;2;3;3,14285714285714;4,5;4,83333333333333;3,83333333333333;4,33333333333333;4,33333333333333;3,66666666666667;4,83333333333333;4,83333333333333;3,66666666666667;3,5;4,16666666666667;4,66666666666667;4,16666666666667;4;4,27777777777778;4,61111111111111;1;,0832929955443825;1;-,047378494083357;,414105691241071;-,539743580056065;-,688168684751188;-,0485912646930144;-1,46307081407098;-1,00536708548411;,5;,5;,25;,207052845620535;,207052845620535;,103526422810268;-,269871790028032;-,269871790028032;-,134935895014016;-,0242956323465072;-,0242956323465072;-,0121478161732536;-,73153540703549;-,73153540703549;-,365767703517745
405; ; ;as1_122012;interview;7;1;6;7;6;1;2;6;1;1;6;1;7;1;6;7;2;3;5;6;1;4;1;4;1;1;7;4;1;7;7;4;7;4;1;7;7;2;3;1;7;3;1;7;7;3;3;7;2;4;5;4;4;4;3;4;4;3;5;4;4;5;5;5;4;6;2;3;4;6;5;5;6;6;4;3;1;5;6;5;4;6;6;6;6;7;5;6;7;5;5;5;4;5;4;4;5;5;4;4;2;6;2;6;5;1;1;1;4;5;3;1;2;1;4;4;4;4;3;3;2;7;7;7;7;7;2;6;5;7;6;6;4;3;3;6;6;2;4;5;5;3;5;6;6;7;1;2;1;1;7;4;5;3;2;5;1;3;2;4;4;4;4;4;2;3;4;2;4;4;2;4;4;5;1;5;2;1;3;5;5;3;4;1;1;3;4;4;2;2;5;2;4;5;1;2;5;1;1;2;1;1;1;1;2;2;2;2;2;2;2;1;1;2;1;1;1;2;2;1;2;2;2;2;2;2;2;1;2;2;2;2;1;2;2;2;2;1;2;1;2;2;2;2;2;1;2;1;2;1;1;2;1;1;1;2;2;2;1;2;1;2;1;1;2;2;1;2;1;2;1;2;2;2;1;2;1;2;6;7;6;3;4;2;1;2;2;3;1;6;5;2;6;7;2;7;3;2;6;3;6;2;5;2;3;49;101;31;46;48;38;29;48;30;54;213;109;50;43;62;52;92;57;73;87;175;49;19;28;1507;1;26;26;0;0;0;37;37;62;0;2;2;2;3;1;5;3;2;2;1;5;6;6;5;5;2;6;5;6;1;6;5;5;5;5;2;4;3;2;6;5;1;1;1;2;5;5;6;7;3;2;6;5;1;2;1;5;6;4;3;1;4;5;5;2;3;6;5;4;7;6;5;1;2;6;4;3;6;7;6;4;5;7;6;5;3;2;2;6;3;1;1;3;2;3;1;7;7;7;1;2;5;4;2;1;7;7;7;6;1;1;5;3;1;1;7;7;5;5;5;7;4;2;7;3;6;7;6;5;6;1;4;6;3;2;7;7;4;1;6;6;1;7;7;4;0;1;4;1;5;6;3,28571428571429;6,13333333333333;4,75862068965517;7;7;4;1;1;7;5;2,78571428571429;3,8;3,5;2;7;4,83333333333333;2;5,55555555555556;3;4;4;3;4;6;4,41666666666667;2,66666666666667;3,42857142857143;6,125;5;6;7;6;7;7;1;4;3;5,125;3,18181818181818;3;3,27272727272727;3,27272727272727;1,675;1,55;6;1;6;5;5;6;1;6;3,5;4,5;2;5,75;5;3,5;3;1;2;6;3,21428571428571;6,53333333333333;4,93103448275862;7;1;3,2;1;2;4;5;2,92857142857143;3,33333333333333;2,83333333333333;3,66666666666667;5,16666666666667;4;2,33333333333333;4;3,16666666666667;4,16666666666667;5,66666666666667;5,5;4,5;3,83333333333333;3,61111111111111;4,38888888888889;4,27777777777778;1,33333333333333;,891121440987255;0;2,11237867754215;2,66551975910637;,109513190156301;2,10340928395459;2,64012538165375;-2,42054937039059;-2,46202114200847;-,5;-,5;,25;-1,33275987955319;-1,33275987955319;,666379939776593;-,0547565950781506;-,0547565950781506;,0273782975390753;-1,32006269082688;-1,32006269082688;,660031345413438;1,2102746851953;1,2102746851953;-,605137342597648
269; ; ;as1_122012;interview;7;1;7;3;7;6;1;7;4;1;2;1;7;2;1;1;4;1;4;7;1;1;1;4;1;4;1;1;1;1;1;7;7;2;7;7;5;2;7;1;1;4;3;3;1;1;4;5;4;4;4;4;4;4;4;4;4;4;4;4;4;4;4;4;4;4;4;4;4;7;5;7;5;3;6;1;1;7;1;5;1;1;1;1;1;1;1;7;1;1;7;1;7;1;7;1;7;1;7;1;5;1;2;5;2;2;1;1;2;3;3;2;6;3;4;3;4;5;2;4;5;2;2;1;1;1;1;1;1;3;7;1;1;1;1;1;2;1;1;1;1;1;1;1;1;2;7;7;7;7;5;7;7;4;2;5;3;2;3;2;5;4;-9;2;2;2;2;4;4;2;3;4;-9;3;1;5;2;2;2;4;3;4;2;2;3;5;5;3;2;3;1;5;1;3;2;1;2;1;2;2;1;2;2;1;2;1;1;2;2;1;1;2;2;2;1;1;1;2;2;2;2;2;2;2;2;1;2;2;1;2;2;2;2;2;1;1;1;1;1;1;1;2;1;1;1;1;2;1;1;1;1;2;1;1;1;2;1;1;1;2;1;2;1;1;2;2;1;1;1;1;2;1;1;1;2;1;1;1;5;6;6;7;5;3;6;3;1;5;5;7;4;2;2;7;5;1;7;6;6;4;7;7;7;3;18;488;17;62;337;138;228;67;163;73;84;385;66;112;93;286;81;118;110;99;85;253;56;64;78;2737;1;26;26;1;1;1;2;3;32;0;2;2;5;7;3;3;2;6;6;4;5;2;3;3;3;6;5;2;3;6;4;3;1;5;3;2;5;4;3;2;3;3;4;6;3;2;2;4;6;2;3;2;6;3;4;3;5;1;1;1;1;6;5;4;1;5;6;2;2;6;5;4;3;5;5;4;2;3;6;5;3;3;5;4;3;1;2;1;4;5;2;5;3;4;3;2;4;2;7;1;1;1;1;6;1;6;1;1;3;6;1;6;1;4;2;3;6;4;7;5;7;7;4;1;6;4;4;4;7;1;1;6;2;2;1;7;1;1;1;4;1;2;1;1;1;1;1;4;1;4;4;2,78571428571429;2,86666666666667;2,82758620689655;6;7;4,4;1;7;1;7;3,92857142857143;4;4;5;7;4,75;1;1;1;1;1;1;1;3;1,16666666666667;3,16666666666667;3,85714285714286;1,375;2;7;1;1;1;1;3;1;1;1,5625;3,2;2,90909090909091;2,90909090909091;2,5;1,575;1,3;5;2;5;1;3;5;4;5,5;1;4;5,5;5,5;6;3;3;1;4;4;1,92857142857143;2,66666666666667;2,31034482758621;6;7;5,2;1;4;2;6;4;3,83333333333333;5;4;2,83333333333333;2,83333333333333;4,33333333333333;5;3,83333333333333;3,16666666666667;3,16666666666667;3,16666666666667;3;3,27777777777778;4,16666666666667;4,05555555555556;3,22222222222222;2,66666666666667;-1,11055677880858;0;-,127369500439857;-1,34787053578395;,758769960368667;-1,3185250002654;-,586334593962367;-2,37267544257461;,45128697104025;-,5;-,5;,25;,673935267891974;,673935267891974;-,336967633945987;-,379384980184334;-,379384980184334;,189692490092167;,293167296981184;,293167296981184;-,146583648490592;1,18633772128731;1,18633772128731;-,593168860643653
230; ; ;as1_122012;interview;5;6;7;3;3;7;2;7;7;1;1;1;3;1;1;1;3;1;2;1;4;1;4;7;5;1;1;1;1;1;1;5;2;6;1;4;3;1;5;6;1;2;3;1;1;1;1;1;1;3;4;6;7;5;6;6;7;5;7;6;6;5;6;6;6;5;4;5;5;4;3;5;4;6;4;1;3;2;2;1;3;3;1;1;1;1;2;4;1;2;4;3;7;3;5;5;7;5;6;5;3;4;1;5;3;1;2;4;4;4;5;4;6;6;4;4;5;5;5;5;4;3;2;3;2;2;1;1;2;1;3;1;1;1;2;1;1;5;2;2;1;1;1;2;1;2;5;7;5;4;5;7;7;4;2;5;1;5;1;3;4;5;4;4;2;2;4;2;4;2;1;5;5;1;2;5;5;4;2;5;5;2;4;4;3;4;3;4;3;5;1;5;2;2;5;4;1;1;2;2;1;1;2;1;2;1;1;2;2;2;1;1;1;2;2;1;2;1;2;2;1;1;2;2;1;1;2;1;1;2;2;1;1;2;1;2;1;1;2;2;1;1;2;2;1;1;1;1;1;-9;1;2;2;2;1;2;1;1;2;2;1;2;2;2;1;2;1;2;2;1;2;1;2;1;2;2;2;2;3;2;5;4;5;6;7;3;5;4;3;6;5;1;2;4;5;1;3;6;6;2;5;6;7;6;2;59;5;56;63;55;53;40;73;174;195;287;81;68;70;69;52;71;54;58;29;168;44;34;20;1778;1;26;26;1;0;1;34;34;75;0;1;1;5;1;4;5;6;2;4;2;5;5;4;5;2;3;2;5;3;2;4;6;3;3;2;4;4;3;3;5;2;5;6;6;3;6;5;2;6;1;1;2;6;3;1;1;7;2;2;2;2;4;5;2;1;6;5;6;1;3;4;6;3;5;5;4;2;3;6;3;2;3;2;5;3;1;3;4;5;1;1;2;3;1;2;2;5;5;7;1;4;2;1;2;1;2;2;3;4;6;5;4;3;3;1;5;4;3;5;5;6;5;2;2;5;7;3;3;3;2;2;1;2;2;2;2;1;2;5;5;2;5;2;4;6;1;2;1;4;6;7;2,21428571428571;1,53333333333333;1,86206896551724;7;7;6,2;5;7;7;7;5,78571428571429;6,2;4,75;2;5;3;4;1,77777777777778;4;1;3;1;2;5;3,41666666666667;4,83333333333333;4,57142857142857;1,625;1,75;3;3;1;3;4;3;1;1;1,9375;4,54545454545455;3,36363636363636;3,18181818181818;2,18181818181818;1,6;1,43589743589744;2;6;5;4;4;2,5;6,5;5;4,5;4,5;4,5;5,25;5;2,25;3;2;1;6;2,21428571428571;3,2;2,72413793103448;7;6;6;6;5;7;6;4,85714285714286;3,66666666666667;2,83333333333333;3,33333333333333;3,83333333333333;3,33333333333333;3,5;4,33333333333333;4;3,5;3,66666666666667;3,16666666666667;4;3,5;3,33333333333333;3,61111111111111;3,94444444444444;2,66666666666667;2,11254436157403;0;-1,24724358943086;-,662657558607552;2,92295919440989;-1,13842319583277;-,855206258597044;1,16999521580795;-,381086775545099;,5;-,5;-,25;-,331328779303776;,331328779303776;,165664389651888;1,46147959720494;-1,46147959720494;-,730739798602472;-,427603129298522;,427603129298522;,213801564649261;,584997607903976;-,584997607903976;-,292498803951988
226; ; ;as1_122012;interview;5;7;7;6;4;7;1;7;7;1;1;1;7;7;4;1;7;1;1;4;1;1;7;4;1;1;1;1;4;3;1;7;1;7;1;7;1;1;7;7;1;7;1;1;1;1;1;4;4;4;4;4;4;4;4;4;4;4;4;4;4;4;4;4;4;4;4;4;4;1;4;7;1;4;6;1;1;4;1;1;1;1;1;1;1;1;1;1;1;1;3;1;7;1;7;1;7;1;7;1;7;1;1;6;2;1;6;1;1;1;1;1;2;2;1;1;1;1;1;1;1;1;1;1;1;1;1;1;1;1;1;1;1;1;1;1;1;7;1;1;1;1;1;1;1;7;7;7;1;7;7;7;7;5;2;5;1;5;1;1;1;2;3;1;1;1;2;1;5;1;3;3;5;1;1;3;5;1;1;5;1;3;5;5;5;1;5;5;1;4;2;5;1;3;5;1;1;1;2;2;1;2;1;1;2;2;2;2;1;2;2;1;2;2;2;2;2;1;1;1;2;2;2;2;1;2;2;2;2;1;2;1;1;2;1;1;1;1;2;2;2;1;2;2;2;1;2;1;1;2;2;2;2;2;1;1;1;2;1;2;1;2;1;1;1;2;1;2;1;2;1;1;1;2;1;2;1;2;6;5;3;2;5;5;6;4;7;2;7;6;6;2;4;5;3;1;2;1;4;1;7;6;7;6;3;23;8;60;92;68;74;54;107;63;59;1581;147;163;142;691;205;281;170;1951;76;509;65;40;54;2725;1;26;26;0;0;0;14;14;28;1;2;1;6;2;2;1;7;1;1;1;6;2;2;2;5;2;1;3;7;2;2;3;5;1;1;2;4;4;4;5;3;3;4;6;3;2;3;6;6;2;2;2;7;2;1;3;5;2;3;3;3;5;4;1;5;4;3;1;5;4;5;2;5;3;4;5;6;3;2;4;7;2;3;4;2;1;1;2;3;1;1;4;1;6;1;1;5;1;7;1;6;1;1;2;1;1;1;2;4;6;1;4;1;4;1;1;1;1;7;7;7;7;4;1;7;4;1;1;7;2;1;1;1;1;1;5;1;1;2;2;1;4;1;6;7;0;3;4;1;1;4;1,85714285714286;2,26666666666667;2,06896551724138;1;4;5,2;1;7;7;7;5,28571428571429;4;4;4;7;3,16666666666667;7;1,66666666666667;5;1;1;1;1;1;1,33333333333333;1,33333333333333;1;1;1;1;1;1;7;1;1;1;1;1,75;4,63636363636364;2,45454545454545;1,90909090909091;1,81818181818182;1,55;1,575;3;3;4;6;6;4,5;4,5;3,5;6,5;5,5;5,25;5,25;4,75;1,75;1;1;4;4;1,64285714285714;1,73333333333333;1,68965517241379;7;7;6,8;3;7;7;7;5,07142857142857;4,83333333333333;3;2,83333333333333;2,83333333333333;5,83333333333333;2,5;2,16666666666667;3;5,16666666666667;2,16666666666667;2,83333333333333;3,16666666666667;5,27777777777778;2,55555555555556;2,61111111111111;3;2,33333333333333;-,895253105804706;1;-1,00727057036136;-,760545126775608;-1,62183819707668;-1,58867770691434;-1,66182125250107;1,40936485488785;,243193534393913;-,5;,5;-,25;,380272563387804;-,380272563387804;,190136281693902;,810919098538338;-,810919098538338;,405459549269169;,830910626250537;-,830910626250537;,415455313125268;-,704682427443927;,704682427443927;-,352341213721964
302; ; ;as1_122012;interview;6;2;6;2;4;5;3;6;2;1;2;1;7;1;5;6;4;2;4;4;3;4;4;5;2;4;2;2;1;4;4;6;4;1;7;7;4;2;5;3;1;6;2;3;3;2;2;4;4;4;4;4;4;4;4;4;4;4;4;4;4;4;4;4;4;4;4;4;4;7;6;6;6;3;6;5;3;6;7;7;7;4;2;4;4;3;2;6;4;3;5;4;7;1;3;3;7;1;7;1;7;1;2;5;3;1;6;2;4;3;4;2;4;3;2;5;5;5;5;5;5;4;4;3;2;2;4;2;2;4;4;2;2;2;2;2;2;7;2;2;1;1;1;4;1;1;7;7;7;7;7;7;7;4;3;4;1;3;1;4;4;5;4;1;4;3;4;1;4;2;1;3;5;1;3;4;4;4;2;5;3;4;3;3;4;4;1;4;3;4;2;3;1;3;5;1;5;1;2;2;1;2;2;1;2;1;2;2;2;2;1;1;1;2;2;1;1;2;2;1;2;1;2;2;1;1;2;2;2;2;2;2;1;1;1;2;1;2;1;1;1;2;2;2;2;2;1;1;2;2;2;2;1;1;1;1;2;2;1;2;2;2;2;2;1;2;1;2;2;1;2;1;2;1;2;2;2;1;3;2;6;4;6;5;6;4;5;3;3;7;7;2;2;6;4;1;6;7;7;4;5;7;7;7;650;199;97;105;170;121;120;85;150;112;127;994;57;108;162;118;96;119;113;129;68;440;75;52;78;3212;1;26;26;0;0;0;1;1;63;0;1;2;2;6;5;1;2;3;3;2;2;5;2;2;5;2;1;1;6;2;2;1;5;2;1;2;1;3;2;2;1;2;4;4;3;2;3;2;5;3;2;2;5;3;2;2;4;3;3;2;2;5;4;3;3;2;2;1;2;2;3;2;3;2;3;3;4;3;2;2;2;3;2;2;4;2;1;1;6;2;2;1;1;1;1;1;7;2;6;2;3;1;2;4;1;1;1;6;1;6;4;4;1;5;7;1;3;2;5;6;7;5;4;2;3;4;2;2;5;4;2;2;4;3;2;5;1;1;3;4;2;3;2;2;1;0;3;3;1;2;4;2,64285714285714;3,2;2,93103448275862;7;7;4,8;1;2;1;6;3,35714285714286;4;4;5;5;6,08333333333333;2;3,11111111111111;3;1;5;1;1;1;1,91666666666667;3,33333333333333;4,57142857142857;2,625;2,75;1;1;1;1;1;1;1;1;1,3125;3,81818181818182;2,54545454545455;3,36363636363636;2,72727272727273;1,775;1,425;3;6;4;4;5;3;6;5;4,5;5,5;5,75;5,75;6,25;2,75;2;1;4;4;2;2,53333333333333;2,27586206896552;1;7;3,6;3;6;6;5;4,5;3;3,5;2,83333333333333;2;3,5;2,5;2,5;2;3;2,83333333333333;2,33333333333333;2;3,16666666666667;2,94444444444444;2,55555555555556;2;1;-1,4317522424194;0;-,00738299090510711;,511993259409127;,97518888377279;-,418015978102242;,220280399941662;-,744961896831271;,659380407686587;,5;-,5;-,25;,255996629704564;-,255996629704564;-,127998314852282;,487594441886395;-,487594441886395;-,243797220943197;,110140199970831;-,110140199970831;-,0550700999854155;-,372480948415636;,372480948415636;,186240474207818
465; ; ;as1_122012;interview;6;1;7;5;5;7;4;7;1;1;1;1;1;1;5;6;5;1;3;2;1;5;4;4;2;1;5;1;1;2;4;7;6;1;3;7;6;1;7;2;4;4;2;2;2;1;3;5;5;4;4;4;4;4;4;4;4;4;4;4;4;4;4;4;4;4;4;4;4;5;2;5;5;5;2;2;5;5;2;3;2;3;2;2;2;2;5;6;4;1;6;3;6;2;7;3;7;3;6;3;3;3;1;6;4;1;1;2;3;4;4;2;2;3;5;5;5;5;5;5;5;7;6;5;3;5;3;3;3;6;6;2;1;2;1;7;3;5;2;5;1;5;2;5;1;7;4;5;2;5;2;3;5;5;1;5;1;5;1;1;4;5;1;2;1;4;3;1;5;1;1;5;5;2;1;5;1;2;2;4;4;2;4;4;4;2;1;5;3;4;1;4;1;2;4;3;2;1;2;2;1;2;1;1;2;2;2;2;1;2;2;1;1;2;2;1;2;1;1;2;1;2;2;1;2;1;2;1;2;2;2;1;1;1;1;2;2;1;1;2;2;2;2;1;2;2;2;1;1;2;2;2;2;1;1;2;1;1;2;1;2;2;1;2;2;1;1;2;2;1;2;1;2;1;1;1;2;2;5;2;6;1;3;2;6;2;7;5;6;6;6;1;4;5;1;1;6;6;6;1;6;6;6;4;18;89;20;74;93;87;72;57;84;69;92;959;41;92;433;112;56;98;74;91;43;264;65;43;54;2274;1;26;26;0;0;0;4;4;41;1;1;1;5;6;2;1;6;1;1;2;4;2;1;1;5;3;1;1;6;1;1;6;3;2;1;1;2;5;2;5;2;3;2;6;2;2;6;5;6;2;2;1;6;3;2;5;6;2;2;2;2;7;5;3;2;2;6;4;2;7;6;3;4;4;6;6;1;5;5;3;2;2;6;7;5;1;1;3;5;2;1;4;2;1;1;1;5;2;7;1;2;1;2;1;1;2;4;7;7;7;1;3;4;2;1;6;5;2;7;4;7;7;5;1;7;6;2;3;7;2;1;2;2;1;1;7;5;4;1;5;2;1;5;2;1;1;2;4;1;4;3;2,42857142857143;3,86666666666667;3,17241379310345;7;7;5,2;7;2;5;7;4,14285714285714;4;4;3;3;3,25;2;2,55555555555556;2;2;1;1;2;5;2,5;3;5;4,625;3,25;3;4;3;6;3;6;5;3;3,8125;4;2,72727272727273;2,63636363636364;1,90909090909091;1,5;1,625;6;6;6;7;3;5,5;6;6;7;3;5,5;5,5;5,75;1;4;1;2;3;2,35714285714286;3,46666666666667;2,93103448275862;7;4;5,2;1;5;6;7;3,92857142857143;4;4,5;3;2,83333333333333;3,83333333333333;2,5;2,83333333333333;4,33333333333333;3,16666666666667;2,83333333333333;3,66666666666667;3,16666666666667;3,66666666666667;3,27777777777778;3,16666666666667;3,44444444444444;2,66666666666667;-,378993817391621;1;,272585531342644;,0225554185688441;,542351036964546;1,02279845735881;,758023729211015;-,266222618671466;,45128697104025;,5;,5;,25;,011277709284422;,011277709284422;,00563885464221101;,271175518482273;,271175518482273;,135587759241136;,379011864605508;,379011864605508;,189505932302754;-,133111309335733;-,133111309335733;-,0665556546678665
274; ; ;as1_122012;interview;3;3;7;5;1;7;1;7;3;1;1;1;7;1;1;1;1;1;7;4;1;1;7;4;4;1;2;1;1;1;1;7;3;7;3;7;2;1;7;4;1;7;4;2;3;1;1;2;5;4;4;4;4;4;4;4;4;4;4;4;4;4;4;4;4;4;4;4;4;7;5;5;1;7;4;1;7;1;1;1;1;1;1;1;1;1;1;6;1;1;7;3;7;2;6;2;7;1;7;1;5;1;2;5;3;3;6;1;2;2;2;3;4;3;4;3;4;5;5;5;5;5;2;2;1;5;2;2;1;2;1;1;1;4;1;6;3;4;1;1;1;1;1;1;1;1;6;6;6;4;7;7;7;5;2;4;2;5;1;2;2;5;1;3;1;1;1;1;5;2;2;5;5;1;5;4;5;1;1;5;5;3;2;2;4;3;2;4;1;5;1;5;1;1;4;4;1;1;2;2;1;2;2;1;2;1;2;2;1;2;2;2;1;1;1;1;2;2;2;1;2;1;1;2;1;2;1;2;1;2;2;2;1;2;2;2;2;1;2;2;1;2;2;1;1;1;1;1;1;2;2;2;2;2;1;2;1;1;1;1;2;2;1;1;2;2;1;2;1;2;1;2;1;2;1;2;1;2;7;5;6;5;6;3;4;4;2;4;2;1;6;1;6;7;4;7;4;6;5;1;7;7;7;3;3;18;251;164;161;182;194;309;825;35;74;301;69;46;55;55;68;355;1452;1286;220;763;358;276;68;2010;1;26;26;0;0;0;19;19;70;0;2;2;5;4;4;2;5;3;5;3;5;3;3;3;5;3;3;1;6;2;2;2;5;2;1;1;6;2;2;2;6;1;1;1;6;1;1;1;5;1;1;1;1;1;1;1;3;1;1;2;4;2;1;1;2;1;1;1;1;1;1;1;7;3;1;1;6;1;1;1;1;1;1;1;4;2;1;1;4;1;1;3;1;1;1;1;4;1;7;1;1;1;1;1;1;2;1;2;2;7;1;1;1;1;1;1;1;1;7;7;7;7;5;1;7;4;1;4;7;2;1;2;2;1;1;4;2;1;6;3;2;6;3;7;7;0;1;4;1;1;3;1,57142857142857;2,2;1,89655172413793;7;7;7;1;7;5;7;4,78571428571429;4;4;1;1;2,41666666666667;2;1,11111111111111;1;1;2;1;1;3;1,58333333333333;2,66666666666667;4,42857142857143;3,375;1,5;4;2;2;2;4;1;1;1;1,5625;4,45454545454545;3,36363636363636;2;1,54545454545455;1,625;1,475;5;3;4;3;4;6;3,5;5;2,5;5;4;4,75;6,5;3,25;1;1;4;3;1,42857142857143;2,06666666666667;1,75862068965517;7;7;7;4;4;6;7;4,64285714285714;5,33333333333333;2,5;2;1,33333333333333;4,33333333333333;1,5;1,83333333333333;1,5;3,5;1,5;1,33333333333333;1,5;4,38888888888889;1,83333333333333;1,72222222222222;1,44444444444444;1,66666666666667;-,331767731451469;0;-1,20724808625261;-1,24998296761589;,109513190156301;,122289435195651;-1,12407792323172;,930625576728047;-,797273648837773;-,5;-,5;,25;,624991483807946;,624991483807946;-,312495741903973;-,0547565950781506;-,0547565950781506;,0273782975390753;,56203896161586;,56203896161586;-,28101948080793;-,465312788364023;-,465312788364023;,232656394182012
487; ; ;as1_122012;interview;4;5;7;5;3;7;1;7;5;1;1;1;4;1;3;3;3;3;4;4;5;2;7;5;3;4;3;2;2;4;2;7;5;1;2;7;5;1;7;5;3;4;5;4;5;1;4;4;4;4;3;5;5;4;5;5;5;5;6;5;5;5;5;5;5;2;5;4;5;7;5;7;4;5;5;5;2;5;5;4;4;2;1;2;6;2;5;7;3;1;5;5;6;4;3;5;6;4;5;6;3;6;2;5;4;1;1;1;3;4;3;1;4;4;5;5;5;5;5;5;5;3;3;2;2;6;2;2;6;5;5;2;2;7;3;6;5;6;2;4;1;4;3;5;1;6;5;6;7;6;6;7;6;2;1;5;2;5;1;1;3;5;1;3;3;1;1;1;5;3;1;4;5;1;5;3;5;1;2;3;4;2;1;5;5;3;3;5;3;4;2;5;1;3;4;4;1;1;2;2;1;2;1;1;2;2;2;2;2;2;1;1;1;2;2;1;2;1;2;1;2;2;2;2;1;1;2;2;2;2;1;1;2;1;2;2;2;1;2;2;1;1;2;1;2;1;2;1;1;2;2;2;1;2;1;1;1;2;1;2;2;2;2;2;2;2;1;2;1;2;1;2;1;2;1;2;1;2;6;4;7;2;7;4;7;1;6;2;7;7;6;2;6;7;3;2;7;6;6;2;6;7;6;7;37;118;39;36;78;62;72;59;94;66;74;383;69;70;85;107;97;84;95;82;31;207;51;54;61;2211;1;26;26;0;0;0;6;6;76;1;2;2;5;2;2;3;5;2;2;1;4;2;1;2;7;1;2;2;7;2;1;2;7;1;2;2;4;7;6;5;3;6;5;6;3;6;5;5;6;2;2;2;6;4;2;2;6;2;2;3;5;2;2;5;6;3;4;4;5;4;4;3;1;6;7;6;2;5;6;6;2;7;6;6;5;1;1;1;6;1;1;1;4;1;1;1;7;4;7;1;5;1;2;6;1;2;2;6;5;5;2;2;1;3;1;5;4;3;7;4;6;7;5;5;5;6;2;6;7;2;2;1;2;1;2;6;4;1;5;4;4;2;2;4;1;1;1;3;1;4;4;2,42857142857143;3,66666666666667;3,06896551724138;7;6;5,6;4;5;6;7;5,57142857142857;5;4,75;3;6;5;1;2,55555555555556;3;2;5;2;3;5;4,16666666666667;3,16666666666667;5;4,125;3,5;2;3;2;1;2;2;1;2;2,5625;4,54545454545455;3;2,27272727272727;1,81818181818182;1,575;1,625;4;4;7;6;6;5;5,5;7;6;6,5;7;6,25;6,25;2,25;4;2;2;3;2;3,6;2,82758620689655;7;6;4,8;2;2;7;7;4,92857142857143;4,66666666666667;3,33333333333333;3,5;3,83333333333333;4,83333333333333;3,66666666666667;3,33333333333333;3,5;4,5;3,66666666666667;3,33333333333333;3,5;4,66666666666667;3,55555555555556;3,38888888888889;3,61111111111111;1;-,395713573803245;1;,152599021807893;,0225554185688441;,758769960368667;,662594848493544;1,02689539384569;1,16999521580795;1,69984759091827;-,5;,5;-,25;-,011277709284422;,011277709284422;-,00563885464221101;-,379384980184334;,379384980184334;-,189692490092167;-,513447696922846;,513447696922846;-,256723848461423;-,584997607903976;,584997607903976;-,292498803951988
231; ; ;as1_122012;interview;5;4;7;2;4;7;4;7;3;1;2;2;6;7;2;2;3;2;2;2;1;3;5;6;5;1;2;2;2;2;1;7;5;5;4;7;3;2;7;2;2;7;2;1;2;1;2;2;5;5;2;6;6;5;6;6;6;6;5;6;6;6;6;6;6;5;6;4;6;6;6;6;5;4;5;3;1;5;5;6;5;2;4;2;4;2;4;2;5;4;6;4;7;4;5;2;6;4;7;4;6;2;1;6;3;1;2;1;3;2;3;1;5;2;6;5;4;4;4;4;4;6;4;2;2;4;1;2;3;4;5;2;1;2;1;4;2;5;2;1;1;2;1;1;1;5;4;6;6;6;6;6;6;2;3;5;3;4;1;4;4;5;2;4;3;1;4;2;4;1;3;4;5;1;3;4;5;3;2;5;4;3;2;1;4;3;2;4;4;4;1;5;1;4;4;2;1;1;2;2;1;2;1;1;2;2;2;2;1;1;1;1;2;1;2;1;2;1;2;1;2;2;2;2;2;1;2;1;2;2;1;1;1;2;1;2;1;1;2;2;1;1;2;2;1;2;2;1;1;2;2;2;2;2;1;2;2;1;1;2;2;2;2;2;2;2;1;2;1;2;2;2;1;2;1;2;1;2;3;4;6;4;5;6;6;5;5;4;5;4;6;1;6;5;1;2;4;5;5;1;6;4;6;4;4;277;9;64;89;71;92;72;136;66;103;376;77;83;98;89;174;225;158;82;228;413;119;50;168;2795;1;26;26;0;0;0;7;7;79;0;1;1;5;5;2;2;5;4;5;5;6;5;7;6;2;5;6;4;2;1;6;4;6;3;7;4;4;5;3;4;2;1;5;5;6;3;6;4;1;2;2;2;1;3;2;4;5;2;3;2;4;5;3;6;3;1;2;6;2;3;6;2;5;2;6;3;5;3;6;6;6;7;3;4;4;4;2;2;4;2;1;1;4;1;2;1;6;2;7;1;3;1;2;6;1;2;2;2;2;6;2;4;3;5;1;3;3;2;6;7;7;7;4;1;6;6;2;1;6;2;1;2;1;1;2;4;2;4;6;2;2;5;1;2;5;1;1;2;1;1;3;2,14285714285714;2,2;2,17241379310345;1;6;4,8;2;6;4;7;4,57142857142857;6;5,75;4;7;5,25;6;3,66666666666667;2;1;3;2;1;2;2,58333333333333;2,66666666666667;4,42857142857143;3,25;2,375;3;4;2;2;2;2;2;2;2,0625;4,45454545454545;2,54545454545455;3,36363636363636;2;1,575;1,625;2;4;3;4;4;2,5;5;4,5;4,5;4,5;4,25;5,25;5,5;1,25;1;1;2;4;2,07142857142857;1,93333333333333;2;7;6;6;4;7;6;7;5,5;3,5;4;3,66666666666667;3,5;3;2,16666666666667;4,33333333333333;5;5,16666666666667;3,83333333333333;5,33333333333333;3,66666666666667;3,88888888888889;3,33333333333333;4,44444444444444;4,05555555555556;1,33333333333333;-,371660519359419;0;-,887284060826608;1,00143110024941;,109513190156301;,0322385329793356;-,183027097010353;,930625576728047;-,589180212191436;,5;-,5;-,25;,500715550124705;-,500715550124705;-,250357775062353;,0547565950781506;-,0547565950781506;-,0273782975390753;-,0915135485051763;,0915135485051763;,0457567742525882;,465312788364023;-,465312788364023;-,232656394182012
484; ; ;as1_122012;interview;6;2;6;2;3;4;1;6;2;1;1;1;6;1;1;3;5;1;2;2;1;1;2;4;5;1;1;1;2;1;1;6;2;3;2;7;2;1;3;3;1;4;4;2;1;1;1;1;5;-9;-9;-9;-9;-9;-9;-9;-9;-9;-9;-9;-9;-9;-9;-9;-9;-9;-9;-9;-9;6;2;6;3;5;3;2;5;4;5;3;3;1;1;1;2;2;2;6;1;1;2;2;6;3;7;3;5;2;4;1;5;1;1;5;3;1;1;3;2;2;2;1;2;2;4;5;3;4;4;4;5;5;4;4;2;3;1;3;4;3;4;2;1;3;1;2;2;5;2;1;1;2;1;1;1;5;6;6;6;5;5;6;5;2;2;5;2;4;1;3;4;2;2;3;1;2;4;3;4;1;4;4;4;5;1;5;3;3;2;4;4;3;2;2;3;3;2;5;3;2;2;4;1;3;4;2;3;1;2;2;1;1;1;2;1;2;1;1;2;2;2;1;1;2;2;1;1;1;1;1;1;2;1;2;2;2;2;2;2;1;2;2;1;2;1;1;1;2;1;1;2;2;2;1;1;1;1;1;1;1;1;2;2;1;1;2;1;1;1;1;2;2;2;1;2;2;1;2;1;1;1;2;1;2;1;2;1;2;5;5;5;2;6;2;5;1;6;3;3;6;6;1;4;6;2;2;6;5;5;2;5;6;7;6;5;117;15;65;67;66;72;64;109;64;107;305;30;70;89;95;188;126;73;73;37;233;59;29;47;2088;1;26;26;7;6;13;12;25;21;1;1;1;3;5;6;4;3;4;5;3;2;3;4;2;6;2;2;3;5;3;3;3;4;3;3;3;3;4;4;4;4;5;4;4;4;5;6;3;4;4;5;5;3;3;3;5;3;3;5;3;3;5;4;5;4;4;4;4;2;6;6;4;3;5;4;4;3;6;3;5;4;5;5;3;3;2;1;1;6;2;1;1;3;1;1;1;5;2;4;1;4;1;1;2;1;2;4;4;3;6;3;2;1;2;1;2;3;3;5;5;7;5;5;2;5;4;2;2;4;1;1;2;1;1;1;4;2;1;4;1;1;2;1;2;4;1;1;4;1;4;3;1,78571428571429;1,6;1,68965517241379;7;6;4,4;2;5;6;7;4,14285714285714; ; ;3;3;3,58333333333333;2;1,44444444444444;6;2;1;3;4;3;2,58333333333333;1,83333333333333;4,14285714285714;3,125;2,375;3;2;2;2;3;3;2;3;2,125;3,90909090909091;2;3;2,72727272727273;1,35;1,55;6;3;7;6;5;5,5;4;6;6;5,5;5,25;5,5;5,5;1,75;3;1;4;3;1,64285714285714;2;1,82758620689655;7;4;5,2;4;6;6;7;4,14285714285714;3,66666666666667;4,16666666666667;4,16666666666667;4,16666666666667;3,66666666666667;4,16666666666667;3,66666666666667;4;3,16666666666667;4,16666666666667;4,83333333333333;3;3,5;4,16666666666667;4,22222222222222;3,72222222222222;1;,310623195770171;1;-1,44722110532211;-,956320263111722;-,972581426864309;-,0578123692369799;-,183027097010353;-,505592257751369;,243193534393913;,5;,5;,25;-,478160131555861;-,478160131555861;-,23908006577793;-,486290713432155;-,486290713432155;-,243145356716077;-,0915135485051763;-,0915135485051763;-,0457567742525882;-,252796128875684;-,252796128875684;-,126398064437842
392; ; ;as1_122012;interview;7;3;7;5;4;7;5;7;5;1;5;1;6;1;5;3;5;2;5;3;2;3;3;5;3;3;3;1;7;3;3;7;5;2;5;7;5;2;7;3;2;7;1;5;1;2;2;2;4;6;5;5;5;4;5;6;5;5;5;4;4;5;6;5;4;3;6;4;4;7;5;6;3;7;5;1;2;3;2;3;4;1;2;1;2;2;1;5;2;1;3;2;7;2;7;5;7;1;6;3;5;3;2;5;4;1;1;3;3;4;4;3;2;3;4;5;5;5;5;5;4;4;4;5;2;5;3;5;3;3;4;2;1;3;5;7;2;7;2;5;1;6;5;3;1;3;5;3;1;3;6;4;7;4;2;4;5;5;3;2;5;4;3;2;2;2;1;1;5;5;2;4;5;1;3;3;5;1;4;4;5;1;4;5;3;2;3;4;1;2;2;5;1;4;5;5;2;1;2;2;1;2;1;2;1;2;2;2;2;2;1;1;2;2;1;1;1;2;2;2;2;2;1;2;1;1;2;2;2;2;2;2;1;2;1;1;1;1;1;2;2;2;1;2;2;1;2;1;2;1;1;2;1;1;1;2;2;2;1;2;2;2;2;2;2;2;1;2;1;2;2;2;2;2;1;2;2;2;6;5;6;5;7;2;7;1;3;1;2;6;6;4;7;6;6;4;3;4;7;5;7;6;7;3;29;1036;58;49;86147;59;65;41;7284;58;132;464;294;110;105;271;68;95;85;77;32;271;103;50;108;2664;1;26;26;0;0;0;4;4;27;1;2;2;3;1;2;2;5;2;1;2;6;2;1;1;2;1;2;4;2;2;1;3;1;1;1;5;4;3;3;2;1;4;2;2;2;1;2;1;5;2;1;2;4;1;2;1;4;1;1;1;2;5;2;2;1;4;2;1;1;6;2;2;2;1;2;1;1;1;1;1;1;1;1;1;4;5;5;1;4;3;2;3;3;2;1;1;7;5;7;1;5;2;2;5;1;5;7;6;4;7;3;4;5;3;1;5;5;3;1;7;7;7;4;5;5;5;3;2;1;1;1;1;1;1;2;6;5;5;4;3;3;2;3;5;3;0;2;3;1;1;4;2,42857142857143;3,73333333333333;3,10344827586207;7;1;4;2;5;3;6;4,35714285714286;4,6;5,25;1;6;3,83333333333333;3;1,66666666666667;5;1;1;1;2;3;2,41666666666667;3,16666666666667;4,71428571428571;4,25;3;1;3;5;7;5;2;4;1;3,375;4,27272727272727;3,54545454545455;2,27272727272727;2,72727272727273;1,75;1,525;6;3;7;3;7;6;5;6,5;3;7;3,5;6,75;5,75;4,75;1;1;3;4;2,64285714285714;3,8;3,24137931034483;7;1;4,6;2;6;7;7;4,28571428571429;3;2,16666666666667;2;2,16666666666667;2,33333333333333;2,33333333333333;1,5;1,66666666666667;2,5;2;1,33333333333333;1,83333333333333;2,61111111111111;2,16666666666667;1,61111111111111;1,88888888888889;1,66666666666667;,53912653339568;1;,192594524986143;-,760545126775608;,758769960368667;,75264575070986;,489152064576339;,451886298568242;-1,21346052213045;-,5;,5;-,25;,380272563387804;-,380272563387804;,190136281693902;-,379384980184334;,379384980184334;-,189692490092167;-,244576032288169;,244576032288169;-,122288016144085;-,225943149284121;,225943149284121;-,11297157464206
466; ; ;as1_122012;interview;5;6;7;1;5;7;3;7;7;1;2;1;3;1;5;4;4;1;2;3;5;4;5;5;1;1;3;3;1;3;1;7;4;7;3;7;4;4;6;6;1;6;4;4;3;1;1;5;2;5;1;5;5;4;3;6;6;5;6;4;4;4;6;3;4;4;6;6;6;7;2;5;7;3;6;2;2;6;4;5;4;2;1;1;1;4;2;3;4;2;7;3;7;2;7;2;7;5;7;2;6;1;2;6;3;1;1;2;2;2;5;1;4;1;2;2;2;1;3;2;2;5;4;6;3;6;2;5;2;7;5;6;2;2;1;7;6;7;1;1;1;1;1;1;1;1;6;6;7;7;7;7;7;5;2;5;1;5;1;3;4;4;1;1;2;1;1;3;5;3;1;4;5;1;3;4;4;1;3;5;5;2;4;4;4;4;4;4;2;3;1;4;1;2;5;5;1;1;2;2;1;2;1;1;2;1;2;2;2;2;1;2;1;1;1;1;1;2;2;2;2;2;1;2;1;2;2;2;2;2;2;1;1;2;2;2;1;1;2;2;2;1;2;1;2;1;2;1;2;2;1;2;2;1;1;2;1;1;1;1;2;2;2;2;2;2;1;2;1;2;2;1;2;1;2;2;2;1;5;2;5;3;6;2;6;2;4;1;2;7;6;1;2;7;5;6;7;4;6;5;6;6;7;2;12;34;11;22;69;52;53;45;85;62;68;241;65;65;74;58;51;72;66;74;37;162;61;42;45;1626;1;26;26;0;0;0;20;20;82;1;2;2;3;1;1;1;5;2;1;1;4;1;1;1;5;1;1;2;1;1;1;2;1;4;4;2;1;1;1;1;1;5;2;1;1;6;2;1;3;1;1;1;4;1;1;1;4;1;1;1;1;3;4;2;1;6;3;1;1;4;3;1;1;1;5;4;1;1;4;2;1;1;3;1;2;1;1;1;2;3;4;2;1;1;1;4;5;4;7;1;2;3;2;1;1;3;6;5;4;7;7;7;2;1;7;5;5;2;7;7;7;6;3;2;7;5;3;5;5;3;1;2;1;2;2;4;4;4;3;4;1;3;1;4;7;1;3;3;1;2;6;2,71428571428571;2,86666666666667;2,79310344827586;7;7;6,6;5;4;5;7;5,5;4,8;5;5;6;4,91666666666667;5;2,44444444444444;1;1;1;1;1;2;1,83333333333333;2,5;2;5,5;3,125;1;2;2;1;1;1;1;1;1,125;4,27272727272727;3,63636363636364;2,27272727272727;1,90909090909091;1,75;1,45;6;6;6;5;7;5,5;6;5,5;4,5;6,5;4,25;5,5;5,75;4,25;1;1;3;5;2,64285714285714;3,13333333333333;2,89655172413793;1;2;4,8;4;3;6;6;4,35714285714286;2,33333333333333;1,33333333333333;2,16666666666667;1,83333333333333;2,16666666666667;2,66666666666667;2;1,33333333333333;2;2,83333333333333;2,33333333333333;1,16666666666667;2,16666666666667;2,27777777777778;2,16666666666667;1,44444444444444;2,33333333333333;,404488459155202;1;-,167365003618107;-,0753321495992122;-,106905733247821;1,65315477287301;,623587896893677;,451886298568242;-,589180212191436;-,5;,5;-,25;,0376660747996061;-,0376660747996061;,018833037399803;,0534528666239103;-,0534528666239103;,0267264333119552;-,311793948446838;,311793948446838;-,155896974223419;-,225943149284121;,225943149284121;-,11297157464206
364; ; ;as1_122012;interview;6;6;7;5;4;5;1;7;4;1;5;2;5;7;7;1;5;2;6;5;3;2;3;6;4;3;4;4;1;1;3;5;4;7;3;5;6;4;1;1;2;4;1;7;5;1;3;5;4;3;3;6;5;4;5;6;4;3;4;4;4;4;5;2;4;3;5;4;4;6;6;5;5;4;3;4;4;6;7;6;6;6;3;4;5;5;2;3;6;2;3;4;7;2;7;7;6;7;4;4;4;6;2;5;3;1;1;4;4;3;2;5;2;4;4;5;4;4;4;5;4;6;7;7;4;4;4;7;5;5;7;7;6;4;4;7;6;7;1;1;1;6;6;5;1;7;6;7;7;5;5;7;6;4;1;5;1;3;1;1;5;3;4;4;2;1;4;1;5;1;1;5;5;3;1;5;2;2;4;4;4;2;4;4;5;2;1;5;3;1;3;4;1;2;5;1;2;1;2;2;1;1;2;1;2;2;2;2;2;2;1;2;1;2;2;1;2;2;2;1;2;2;2;2;2;1;2;2;2;1;1;2;1;1;1;2;2;2;1;1;2;2;2;1;1;1;2;1;2;2;2;2;2;2;1;2;1;2;2;1;2;2;2;2;2;2;1;2;1;2;1;1;1;2;1;2;1;2;6;2;7;1;5;1;7;1;6;2;6;7;7;1;7;5;3;1;7;7;6;2;6;6;7;7;21;2611;58;38;69;50;53;44;109;59;73;304;60;86;104;93;62;83;85;75;33;185;61;45;52;1966;1;26;26;0;0;0;9;9;50;0;2;2;2;4;3;2;2;6;3;3;4;4;2;2;5;3;2;2;6;3;3;2;6;4;2;2;5;3;2;2;5;3;2;2;6;2;2;3;4;2;3;1;5;2;1;2;5;3;1;1;1;5;5;4;2;3;6;5;1;5;6;4;4;5;4;2;3;5;4;3;3;5;2;3;5;2;1;1;6;2;1;2;6;2;1;1;5;6;6;2;3;2;1;2;1;4;1;5;4;4;1;2;1;1;1;4;4;4;7;4;4;6;4;4;4;7;4;3;3;2;2;2;4;1;3;4;4;3;2;5;3;3;4;6;7;0;2;2;3;4;4;2,92857142857143;4,53333333333333;3,75862068965517;1;7;4,6;3;7;5;7;4,35714285714286;4,4;4,5;4;4;5,16666666666667;5;4,22222222222222;5;1;1;2;4;4;3,91666666666667;3,33333333333333;4,28571428571429;5,875;5,375;1;2;1;1;3;3;1;2;2,625;4,27272727272727;2;2,90909090909091;2,36363636363636;1,525;1,75;7;6;7;7;6;6,5;6,5;7;6,5;5,5;6,5;6,75;6,25;1,75;4;4;1;4;2,42857142857143;4,2;3,3448275862069;7;7;5,8;4;5;6;7;4;3,5;3,66666666666667;3,16666666666667;2,16666666666667;3,83333333333333;3,66666666666667;3,16666666666667;2,83333333333333;4,16666666666667;3,83333333333333;2,5;2,5;3,83333333333333;3,72222222222222;2,94444444444444;2,5;1,33333333333333;-,706642556087147;0;,952509085372894;1,49086894108969;,97518888377279;1,92330747952196;3,04343287860577;,451886298568242;1,2836607176256;-,5;-,5;,25;-,745434470544847;-,745434470544847;,372717235272423;-,487594441886395;-,487594441886395;,243797220943197;-1,52171643930288;-1,52171643930288;,760858219651441;-,225943149284121;-,225943149284121;,11297157464206
353; ; ;as1_122012;interview;4;5;7;5;5;6;6;7;7;5;2;-9;3;1;2;2;4;2;3;2;6;4;5;5;7;2;3;2;3;3;3;7;3;2;2;7;1;1;7;6;2;6;6;1;1;1;1;5;3;5;2;5;5;5;5;5;5;5;5;5;5;5;6;6;5;6;4;5;5;6;5;6;5;5;5;4;2;5;5;5;5;4;1;1;1;1;5;6;2;1;3;2;7;4;7;2;7;2;7;2;6;1;1;5;3;1;2;3;2;2;2;2;4;3;5;5;5;5;5;5;5;5;6;2;1;2;2;1;2;2;6;1;1;2;3;5;6;7;2;2;1;5;5;2;1;5;2;6;2;4;6;4;6;5;3;4;2;5;1;2;4;4;2;2;1;4;3;1;5;1;1;4;5;1;1;4;4;4;4;5;4;3;1;3;4;3;2;4;2;2;1;3;1;3;5;1;1;1;2;2;1;2;1;2;2;2;2;2;1;2;2;1;1;2;2;2;2;1;1;1;2;1;1;2;2;2;2;2;2;2;2;2;1;1;1;2;2;2;1;1;2;2;2;1;1;1;2;1;1;2;2;2;2;2;1;2;1;2;1;1;2;2;2;2;2;1;1;2;2;2;2;2;2;2;2;2;1;2;6;2;5;2;5;3;7;5;6;3;3;7;5;2;6;6;6;1;5;5;7;1;6;6;7;5;9;24;11;33;56;44;62;42;100;52;70;302;73;138;156;434;391;66;51;83;32;140;51;34;92;1900;1;26;26;1;0;1;18;19;12;1;2;1;2;6;5;4;2;7;6;5;3;6;7;6;5;2;1;2;6;2;1;1;6;3;1;1;5;3;4;4;5;2;2;3;4;3;2;1;6;2;2;3;4;2;1;1;6;2;2;1;2;5;4;3;5;2;5;4;3;6;4;2;4;4;4;4;4;4;4;6;4;3;4;4;2;1;1;1;2;1;1;1;1;1;1;2;5;2;7;1;6;2;1;7;1;1;2;1;6;7;7;3;7;7;1;1;1;1;7;7;7;7;6;2;7;6;1;1;7;5;2;1;2;1;1;1;2;5;6;5;3;6;2;2;4;1;3;3;1;2;5;3,07692307692308;2,6;2,82142857142857;7;5;5;5;6;6;7;6,35714285714286;5;4,75;3;6;5;2;2;5;1;1;1;1;2;2;2,5;5;2,5;3,375;1;6;2;6;4;2;4;2;3,125;4,18181818181818;2,09090909090909;2,90909090909091;2,18181818181818;1,55;1,775;5;6;3;6;5;5,5;6,5;4;6;5;4,75;6,75;5,5;2,5;1;1;2;2;2,21428571428571;2,33333333333333;2,27586206896552;7;6;6,2;7;7;7;7;6,78571428571429;4;3,66666666666667;3,33333333333333;3,33333333333333;4,33333333333333;3,16666666666667;3,16666666666667;3,33333333333333;4,33333333333333;3,83333333333333;3,33333333333333;2,5;4,22222222222222;3,55555555555556;3,27777777777778;3,05555555555556;1,33333333333333;-1,18094530651626;1;-,13451155457883;-,466882422271439;-,106905733247821;-,508066880318557;,892459561528353;,212516659488339;-,172993338898762;-,5;,5;-,25;,233441211135719;-,233441211135719;,11672060556786;,0534528666239103;-,0534528666239103;,0267264333119552;-,446229780764177;,446229780764177;-,223114890382088;-,10625832974417;,10625832974417;-,0531291648720848
518; ; ;as1_122012;interview;4;1;4;7;4;4;4;4;1;4;6;4;7;1;7;7;7;4;7;7;1;4;4;7;4;4;7;1;1;4;6;4;7;7;1;7;7;1;4;1;7;7;1;7;7;4;4;5;4;4;4;4;4;4;4;4;4;4;4;4;4;4;4;4;4;4;4;4;4;7;7;7;7;7;7;7;1;4;4;7;7;1;1;1;1;1;4;7;4;1;4;4;4;1;7;4;7;4;4;4;4;4;1;6;3;1;7;3;1;1;3;2;3;3;3;3;2;2;3;2;2;7;4;4;3;5;1;4;2;4;5;4;1;4;4;6;2;7;1;4;1;1;4;1;1;7;7;7;7;7;7;7;7;5;3;5;1;5;1;4;4;3;4;2;2;3;2;3;3;1;3;5;5;3;1;5;3;5;1;3;3;5;1;1;3;4;1;4;4;5;1;5;1;5;4;1;1;1;2;2;1;2;1;2;1;2;2;2;1;2;2;1;1;2;2;2;2;1;1;2;1;2;2;1;2;1;2;1;2;2;1;2;1;2;1;2;1;2;1;1;2;2;2;1;2;2;2;1;1;2;2;2;2;1;1;1;2;1;2;1;2;2;2;2;2;1;1;2;2;2;1;1;1;2;2;2;1;2;5;3;3;2;7;5;7;5;6;2;1;7;7;1;4;7;1;1;4;4;4;1;7;7;7;4;548;1664;9;245;87;99;88;74;204;71;197;642;51;204;419;216;125;149;111;157;84;335;129;59;39;3250;1;26;26;0;0;0;5;5;69;0;1;1;4;6;1;1;6;6;2;1;7;5;3;1;3;5;1;1;5;6;1;1;2;1;1;1;1;5;6;1;1;7;5;5;2;4;4;1;7;1;1;1;7;3;1;1;7;1;1;1;2;6;6;1;1;6;6;1;1;7;4;1;1;1;7;4;1;1;7;4;1;1;6;4;2;4;1;1;4;2;1;1;1;1;1;1;6;6;7;2;1;4;1;3;4;7;1;7;7;5;2;4;4;1;1;6;7;6;2;4;7;2;5;4;4;7;7;7;2;4;1;2;4;6;4;7;6;2;1;2;5;1;5;6;7;1;3;1;1;1;4;3,14285714285714;6,33333333333333;4,79310344827586;7;7;5,8;1;1;7;4;2,71428571428571;4;4;1;7;6;1;1,66666666666667;4;4;1;1;4;4;3,25;2,16666666666667;2,42857142857143;4,75;2,75;1;1;1;1;1;1;1;1;1,75;3,81818181818182;2,27272727272727;3,72727272727273;2,36363636363636;1,375;1,825;3;5;3;6;6;4;6;3;6;6,5;4;5,5;6,25;1;4;1;1;3;2,92857142857143;5,53333333333333;4,27586206896552;7;7;6;1;1;6;2;2,28571428571429;3;4;3,66666666666667;1,5;3,5;4,83333333333333;3,66666666666667;2,16666666666667;3,33333333333333;3,16666666666667;3,16666666666667;1,5;3,27777777777778;4;3,5;1,72222222222222;1;-,792881406987753;0;2,1523741807204;-,760545126775608;-,539743580056065;1,11284935957512;,220280399941662;-,744961896831271;-,797273648837773;,5;-,5;-,25;-,380272563387804;,380272563387804;,190136281693902;-,269871790028032;,269871790028032;,134935895014016;,110140199970831;-,110140199970831;-,0550700999854155;-,372480948415636;,372480948415636;,186240474207818
227; ; ;as1_122012;interview;7;2;7;5;5;5;4;7;4;1;2;1;1;1;5;3;7;1;4;2;1;3;1;4;3;1;1;1;1;4;1;1;4;1;4;7;5;3;7;1;2;4;4;3;4;7;2;5;5;4;1;7;7;5;6;7;7;5;7;7;7;6;7;7;7;4;4;7;7;7;5;7;7;4;6;5;2;5;5;4;6;1;2;1;3;4;1;6;2;1;5;3;7;3;6;5;7;4;7;4;4;2;2;5;2;1;1;2;2;2;2;1;3;3;5;5;5;5;6;5;4;2;2;1;1;2;1;1;1;2;2;1;1;1;1;1;3;7;1;3;1;1;3;1;1;4;5;7;7;6;7;7;7;5;1;5;1;3;1;2;5;5;2;5;1;1;1;1;5;1;1;5;5;2;5;3;5;1;2;5;5;2;5;2;4;2;5;4;3;5;1;4;1;3;4;-9;1;1;1;2;2;1;1;2;1;2;1;2;2;2;1;1;1;2;1;1;1;2;2;1;2;2;2;2;1;2;1;1;2;2;1;1;1;2;1;2;1;2;1;1;2;2;2;1;1;1;2;2;1;2;2;2;2;2;1;2;2;1;2;1;2;2;2;2;2;2;2;2;2;2;1;2;1;2;1;2;1;2;4;5;6;4;6;6;7;4;5;4;1;5;7;2;1;7;6;4;2;5;7;1;7;4;7;5;6;74;30;30;73;56;53;77;84;58;68;309;66;63;102;84;67;84;82;77;39;170;67;53;179;1929;1;26;26;1;0;1;11;11;47;0;1;2;7;2;1;1;7;3;1;1;7;3;1;1;2;7;4;4;2;6;4;7;2;7;4;5;4;5;7;4;3;6;7;4;2;6;3;3;7;2;4;2;6;3;2;2;6;3;2;2;1;7;5;3;1;7;5;2;2;7;4;3;4;5;2;2;4;7;5;3;1;6;6;3;4;1;1;1;6;1;1;1;3;1;1;1;6;6;7;6;1;3;5;7;1;1;1;7;7;7;1;4;4;1;1;5;5;4;7;5;7;6;4;4;4;4;5;5;5;5;2;4;4;1;1;7;4;5;3;5;2;1;4;5;1;0;3;4;1;4;3;2,42857142857143;3,6;3,03448275862069;7;7;4,2;7;5;4;1;3,85714285714286;6,8;5,5;4;6;5,58333333333333;2;1,88888888888889;3;1;2;1;1;4;2,75;2,16666666666667;5;1,375;1,5;1;3;1;1;2;1;1;1;1,625;4,45454545454545;3,8;2,36363636363636;1,54545454545455;1,425;1,75;2;3;4;4;4;3;5;5;4,5;5;3;5;6,5;3,25;3;1;4;4;3,35714285714286;4,6;4;7;7;5,2;1;3;4;7;3,85714285714286;4,16666666666667;4,66666666666667;3,83333333333333;2,66666666666667;3,83333333333333;5,33333333333333;4;3,16666666666667;3,33333333333333;5,33333333333333;3,33333333333333;2,83333333333333;3,77777777777778;5,11111111111111;3,72222222222222;2,88888888888889;1;2,55547134925592;0;,112603518629643;-,564769990439495;-,539743580056065;-1,3185250002654;-1,12407792323172;,930625576728047;-1,62964739542312;,5;-,5;-,25;-,282384995219748;,282384995219748;,141192497609874;-,269871790028032;,269871790028032;,134935895014016;-,56203896161586;,56203896161586;,28101948080793;,465312788364023;-,465312788364023;-,232656394182012
415; ; ;as1_122012;interview;6;6;7;6;4;7;4;7;3;1;3;2;4;1;2;4;6;1;2;5;6;2;6;6;4;1;5;2;1;7;2;4;4;7;1;7;5;2;4;3;2;5;4;1;1;1;1;5;3;6;1;6;6;6;5;6;6;4;4;6;6;6;6;6;5;5;5;6;5;7;5;6;4;4;6;5;1;4;5;5;5;1;1;1;2;2;1;1;1;1;6;2;7;4;6;4;7;2;7;1;5;2;2;5;3;2;1;3;1;1;1;1;1;1;5;5;5;5;5;5;5;4;4;6;3;5;1;3;1;1;2;1;1;1;2;5;3;5;4;1;1;1;1;1;-9;2;6;6;7;7;7;7;7;4;2;5;3;4;1;3;4;5;3;3;3;1;3;1;4;2;2;4;5;2;2;5;5;4;3;5;5;3;4;4;4;3;4;5;3;4;2;4;1;5;5;4;5;1;2;2;1;2;2;1;2;2;2;2;2;2;1;1;2;2;2;2;1;2;2;2;1;2;2;2;2;2;2;2;2;2;2;1;1;2;1;2;1;2;2;2;2;2;2;1;1;1;2;1;2;2;2;2;1;1;1;2;1;1;1;1;2;2;2;2;2;1;2;2;2;2;1;1;2;1;2;2;1;1;7;-9;3;2;7;2;7;3;4;1;1;7;2;2;4;5;3;1;3;6;7;1;7;7;7;4;25;95;10;79;66;56;69;49;78;45;72;305;49;85;72;75;50;61;57;71;31;217;46;35;31;1829;1;26;26;1;1;1;18;19;34;1;2;2;2;6;5;3;1;6;6;3;4;7;5;4;4;5;5;6;2;4;4;6;1;4;5;6;5;6;3;3;2;6;4;4;3;6;5;4;5;3;2;3;5;2;2;3;4;2;2;3;5;3;2;2;5;3;2;3;5;3;2;3;6;3;2;4;5;1;1;2;6;3;2;3;2;2;2;4;2;5;4;6;2;5;4;3;7;2;7;1;5;1;4;7;1;1;1;4;3;7;4;3;3;4;1;7;2;4;6;6;6;5;4;5;5;4;3;1;5;5;2;1;3;1;1;4;2;5;4;6;3;5;3;5;7;1;1;2;1;3;5;2,5;3,46666666666667;3;7;7;6,8;4;4;7;7;5;5,6;5,75;4;7;5,25;7;1,88888888888889;2;1;2;1;1;3;2,08333333333333;1;5;3,25;2,125;3;2;2;1;1;1;1;1;1,53333333333333;4,45454545454545;3,27272727272727;3,36363636363636;2,81818181818182;1,675;1,65;6; ;5;6;7;6,5;7;4;5;7;3,75;6,25;5;1,75;2;2;4;4;2,5;3,73333333333333;3,13793103448276;7;7;6,6;4;7;7;7;5,5;4,5;4,33333333333333;3,16666666666667;3,5;3,33333333333333;3,66666666666667;3,16666666666667;3,5;3,83333333333333;4,16666666666667;3,5;3,83333333333333;3,88888888888889;4,05555555555556;3,27777777777778;3,61111111111111;4,33333333333333;,522406776984057;1;,0726080154513931;-,564769990439495;-2,05467604388492;,0322385329793356;-,451898761645029;,930625576728047;-1,00536708548411;-,5;,5;-,25;,282384995219748;-,282384995219748;,141192497609874;1,02733802194246;-1,02733802194246;,51366901097123;,225949380822515;-,225949380822515;,112974690411257;-,465312788364023;,465312788364023;-,232656394182012
500; ; ;as1_122012;interview;7;6;7;2;4;7;4;7;7;1;2;1;3;7;2;1;1;1;1;2;5;2;5;7;7;1;1;1;1;2;2;7;7;4;3;7;3;1;7;7;1;5;6;7;4;1;1;7;6;3;5;5;6;4;6;5;7;3;5;7;7;7;7;5;6;7;2;5;7;7;7;7;7;4;5;5;4;5;5;6;6;4;1;2;2;1;1;6;2;2;6;4;7;5;7;1;7;5;7;3;5;1;2;5;3;1;1;3;2;1;5;2;2;2;5;2;5;5;4;5;5;5;5;7;4;6;3;6;1;5;5;6;1;5;3;7;4;7;3;4;2;2;1;1;1;2;7;7;7;7;7;7;7;5;2;5;2;5;2;1;2;5;3;1;2;2;4;5;3;2;2;3;5;2;4;4;5;1;1;4;5;4;2;1;3;4;5;2;1;5;2;5;1;3;1;5;2;1;1;2;1;2;1;2;2;2;2;2;2;1;1;1;2;2;1;1;1;2;1;2;1;2;2;2;2;2;2;2;1;2;2;1;1;2;2;2;-9;1;1;2;2;2;2;1;2;1;2;2;2;1;1;2;1;1;1;2;2;2;1;2;2;2;1;2;1;2;1;2;2;1;2;1;2;1;2;1;2;1;6;6;5;5;6;2;5;2;4;2;1;6;6;4;3;7;6;1;7;5;6;5;6;6;7;5;11;13;9;19;48;52;45;35;217;41;62;248;76;66;108;77;41;63;65;179;61;169;48;33;119;1905;1;26;26;1;0;1;30;30;68;1;2;2;5;1;5;1;5;6;5;2;5;3;6;2;2;2;2;1;1;1;5;7;1;3;7;6;6;1;2;2;7;2;2;5;5;3;3;2;7;2;5;3;7;3;2;5;7;3;1;6;1;7;5;5;2;5;7;5;1;7;7;5;7;3;1;5;7;1;6;5;7;1;6;5;5;1;1;1;6;4;4;7;5;5;7;2;6;4;7;1;5;4;3;6;1;4;1;5;2;7;3;1;1;2;1;1;2;1;7;7;6;7;2;4;6;7;3;1;7;4;1;3;2;1;1;1;3;1;2;5;2;3;1;3;2;0;1;1;1;3;2;1,78571428571429;2,86666666666667;2,3448275862069;1;7;4,8;5;7;5;7;6,42857142857143;6,6;4,25;4;4;5,66666666666667;2;1,88888888888889;2;1;1;1;1;3;2,33333333333333;2,33333333333333;4,42857142857143;5,875;3,25;1;1;1;1;1;1;1;1;1,5;3,54545454545455;4,09090909090909;2,45454545454545;2;1,79487179487179;1,4;6;2;6;3;6;6;3,5;5,5;3,5;6;4,75;5,5;6;4;1;2;1;6;1,92857142857143;2,86666666666667;2,41379310344828;7;7;5,8;7;7;5;7;5,35714285714286;4,66666666666667;2,66666666666667;3,33333333333333;2,83333333333333;4,83333333333333;3;4,5;4,83333333333333;4,33333333333333;3,33333333333333;5;4,33333333333333;4,61111111111111;3;4,27777777777778;4;3,33333333333333;,247557376365893;1;-,687306544935358;-,564769990439495;-,323324656651943;1,92330747952196;,758023729211015;-1,46307081407098;-,172993338898762;-,5;,5;-,25;,282384995219748;-,282384995219748;,141192497609874;,161662328325971;-,161662328325971;,0808311641629856;-,379011864605508;,379011864605508;-,189505932302754;,73153540703549;-,73153540703549;,365767703517745
435; ; ;as1_122012;interview;5;3;7;4;5;6;2;6;5;1;6;1;4;1;3;4;2;1;3;1;5;1;5;6;3;1;1;1;1;2;1;6;7;1;3;5;3;1;4;3;1;4;4;5;3;1;1;1;4;3;1;5;7;5;7;5;7;7;7;5;7;6;6;5;7;4;6;4;7;6;7;7;4;6;2;2;3;3;3;4;6;2;1;1;1;1;1;5;1;1;4;6;6;3;1;3;6;5;4;5;1;1;2;6;3;1;6;1;2;1;1;3;3;1;3;3;3;5;4;4;4;2;3;2;1;4;1;2;3;2;1;1;1;1;1;4;2;7;4;3;1;5;1;1;1;4;3;6;5;7;5;6;5;2;3;4;1;4;1;1;3;4;1;1;1;1;1;1;5;1;1;2;5;1;1;3;3;1;1;5;4;2;3;4;4;2;4;4;2;3;1;5;2;2;4;1;1;1;2;1;1;2;2;1;2;1;2;2;1;2;2;2;1;1;2;1;2;1;2;1;2;1;1;2;1;2;1;2;2;2;1;2;1;2;1;2;1;2;2;2;1;1;1;2;2;1;1;1;1;2;2;2;2;2;2;2;1;1;1;1;2;2;2;1;1;1;1;2;2;2;2;1;2;1;2;2;2;1;4;3;6;5;4;6;7;3;3;2;6;7;5;3;5;6;3;-9;7;3;4;1;4;5;6;6;12;57;25;49;92;72;78;61;107;76;96;317;66;90;102;113;60;105;101;108;54;226;59;70;62;2258;1;26;26;1;0;1;2;2;39;1;1;2;3;4;2;5;3;2;4;5;4;3;3;4;5;3;2;3;5;2;2;3;5;3;2;2;4;4;5;5;2;4;5;5;2;4;4;4;6;3;2;2;5;2;2;2;5;3;3;3;2;4;5;3;1;3;6;2;1;7;6;4;2;5;5;5;1;3;5;3;1;5;6;5;5;1;1;1;5;1;1;1;6;1;1;1;5;6;2;1;3;1;1;2;1;6;2;5;3;6;2;4;1;2;2;1;6;2;2;4;6;5;5;4;5;6;3;2;6;2;2;3;1;3;1;6;1;1;3;2;1;2;1;5;1;1;3;2;3;4;4;2;2,86666666666667;2,44827586206897;7;7;5,2;4;4;5;7;4,71428571428571;7;4,75;2;5;4,25;3;1,33333333333333;4;2;7;2;4;7;4,08333333333333;1,83333333333333;3,71428571428571;2,25;1,625;1;5;2;3;1;3;2;3;2,5;4;2,27272727272727;2;1,36363636363636;1,675;1,425;2;5;5;3;6;3;6;5,5;3;5;6;5,5;4,5;2,33333333333333;4;2;2;3;1,78571428571429;3,2;2,51724137931034;6;6;4,8;2;6;5;5;3,35714285714286;3,66666666666667;3,83333333333333;3,5;3,83333333333333;2,83333333333333;2,66666666666667;4;3,33333333333333;3;4,16666666666667;4;3,66666666666667;3,16666666666667;3,55555555555556;3,83333333333333;3,61111111111111;1;,264277132777516;1;-,567320035400608;-1,05420783127978;-,972581426864309;-,688168684751188;-,989642090914382;-,266222618671466;,867473844332924;,5;,5;,25;-,527103915639889;-,527103915639889;-,263551957819945;-,486290713432155;-,486290713432155;-,243145356716077;-,494821045457191;-,494821045457191;-,247410522728596;-,133111309335733;-,133111309335733;-,0665556546678665
306; ; ;as1_122012;interview;6;2;7;5;4;5;7;7;2;3;2;5;3;1;3;7;5;7;4;7;3;7;3;5;1;7;3;2;1;4;4;7;3;7;1;1;5;4;7;1;2;3;1;3;5;1;7;7;4;7;1;7;4;4;3;4;4;4;4;5;2;2;5;5;3;1;6;6;3;7;7;7;5;4;5;2;1;2;1;5;6;1;1;2;2;1;1;3;3;1;6;2;7;2;7;1;7;6;6;1;6;2;2;6;4;2;2;3;3;2;1;1;1;2;3;4;4;4;4;4;5;5;5;6;2;1;1;3;1;2;2;1;1;1;1;5;2;4;1;2;1;3;3;2;1;2;4;4;4;4;4;3;5;3;4;5;1;3;1;2;5;3;1;4;1;1;3;1;5;1;4;5;5;1;3;5;3;1;2;3;4;1;5;5;5;2;3;4;4;3;1;5;1;5;5;5;5;1;2;2;1;2;2;1;2;1;2;2;2;2;1;2;1;2;1;2;1;2;2;1;2;1;2;2;2;2;2;2;2;2;2;1;1;2;2;2;2;1;1;1;1;2;2;1;1;1;1;1;1;2;2;2;2;2;1;2;1;1;2;1;2;2;2;2;2;2;2;2;1;2;2;1;2;1;2;2;2;2;6;5;3;4;7;3;6;5;3;1;1;6;4;1;4;6;1;2;3;5;5;1;7;4;7;5;10;130;35;70;86;66;72;62;117;63;81;389;64;89;97;114;57;162;87;131;43;499;52;58;37;2671;1;26;26;0;0;0;3;3;74;1;2;2;4;1;1;1;4;3;1;1;5;1;1;1;1;3;1;1;2;1;1;1;1;1;1;1;2;3;2;2;2;2;2;1;1;3;4;1;3;1;1;3;3;1;1;4;1;1;4;5;1;5;3;1;1;2;1;3;1;5;5;4;3;1;2;5;1;1;1;5;1;1;1;1;2;2;2;1;1;1;1;1;1;1;1;1;5;7;7;6;4;7;5;5;7;2;6;4;7;4;4;4;7;4;5;5;3;2;4;5;1;4;4;1;2;4;4;4;4;6;4;4;3;1;5;7;7;7;5;7;5;1;5;7;5;0;2;3;7;5;4;5,14285714285714;4,13333333333333;4,62068965517241;7;7;5,8;5;1;7;7;4,14285714285714;3,2;6,25;4;7;4,83333333333333;5;1,88888888888889;2;1;1;1;2;2;1,91666666666667;1,66666666666667;4;3;1,875;4;4;4;4;4;4;5;3;2,9375;4,27272727272727;2,90909090909091;3,18181818181818;2,27272727272727;1,725;1,575;5;3;3;4;7;5,5;4,5;3;3,5;7;3,25;5,5;5,5;1,25;3;7;4;4;5,5;4,53333333333333;5;3;2;3,2;1;4;4;7;4,14285714285714;2,33333333333333;2,33333333333333;1,66666666666667;2,16666666666667;2,16666666666667;1,66666666666667;1,16666666666667;2,5;1,66666666666667;2;2,66666666666667;2,16666666666667;2,05555555555556;2;1,83333333333333;2,27777777777778;1;1,37570126247209;1;1,95239666482915;-,564769990439495;-1,18900035026843;-,147863271453295;-,720770426279706;,451886298568242;-1,42155395877678;-,5;,5;-,25;,282384995219748;-,282384995219748;,141192497609874;,594500175134215;-,594500175134215;,297250087567108;,360385213139853;-,360385213139853;,180192606569926;-,225943149284121;,225943149284121;-,11297157464206
362; ; ;as1_122012;interview;6;3;7;3;4;6;6;7;4;1;2;1;3;1;1;2;1;1;2;2;1;5;3;5;5;1;2;1;1;3;3;7;3;5;3;3;2;3;7;3;2;5;3;3;3;1;3;6;4;5;2;5;5;4;5;7;7;3;3;7;5;7;7;7;7;2;7;6;7;7;5;5;5;4;2;3;3;5;5;5;3;5;3;6;4;4;5;5;5;2;3;3;6;2;6;6;3;3;5;3;3;1;2;6;4;1;1;3;2;2;2;3;3;1;5;6;4;5;5;5;6;4;6;5;3;3;3;5;3;3;5;3;2;2;5;2;2;5;3;3;1;3;5;5;1;5;5;5;7;5;4;6;5;2;3;5;2;5;1;2;4;5;2;2;2;1;5;2;5;5;1;5;5;1;5;5;5;2;2;4;2;4;2;2;5;4;5;5;2;5;1;5;1;2;2;5;2;1;2;2;1;2;2;1;2;1;2;2;1;2;2;1;1;2;1;1;2;2;2;1;1;1;2;2;1;2;2;2;1;2;2;2;1;1;2;2;1;1;2;2;1;1;2;2;2;2;1;1;2;2;1;2;1;2;1;1;2;2;1;2;2;2;1;2;1;2;1;2;2;2;2;2;1;2;1;2;1;1;6;2;2;5;7;2;6;5;2;3;5;5;2;1;5;2;2;1;2;2;6;2;7;2;7;3;3;100;21;54;100;58;95;51;96;110;95;355;70;125;115;153;57;84;75;80;36;226;61;98;51;2317;1;26;26;0;0;0;8;8;10;1;2;2;1;5;3;5;1;6;6;3;1;6;7;6;1;3;6;4;1;4;7;4;1;5;7;5;1;3;5;3;1;3;7;4;1;4;7;4;5;1;1;1;6;2;1;1;5;2;1;1;2;3;7;5;1;4;7;4;1;4;7;7;2;3;5;6;2;5;5;6;2;5;6;7;2;2;5;7;2;3;4;7;1;6;7;5;5;2;7;1;1;1;4;6;1;3;3;4;1;5;2;5;6;5;1;1;1;2;7;4;5;7;4;3;2;5;2;2;7;2;1;1;2;1;1;3;2;4;5;6;2;2;1;1;3;0;2;3;5;3;4;2,85714285714286;2,6;2,72413793103448;7;7;5,6;5;6;5;7;5;5,8;6;4;5;4,5;3;4,11111111111111;5;2;2;5;3;5;3,33333333333333;2,16666666666667;5,14285714285714;3,375;3,625;3;3;3;1;3;4;2;3;3;4,36363636363636;3,54545454545455;3,18181818181818;1,81818181818182;1,75;1,425;6;6;3;3;5;6;6;2,5;2,5;6;3;5,75;3,25;1,5;4;3;3;4;2,85714285714286;2,2;2,51724137931034;7;5;4,4;5;6;7;7;5,28571428571429;2;3;4,5;4;2;4;5,5;3,66666666666667;1,83333333333333;4,33333333333333;5,83333333333333;5;1,94444444444444;3,77777777777778;5,27777777777778;4,22222222222222;6,33333333333333;-,366967290169709;1;-,247356009974607;1,39298137292164;-,539743580056065;,122289435195651;1,16133122616303;,691255937648144;-1,62964739542312;-,5;,5;-,25;-,696490686460818;,696490686460818;-,348245343230409;,269871790028032;-,269871790028032;,134935895014016;-,580665613081515;,580665613081515;-,290332806540757;-,345627968824072;,345627968824072;-,172813984412036
211; ; ;as1_122012;interview;3;2;7;6;6;1;1;7;1;1;4;1;6;4;5;3;2;2;2;2;1;1;1;4;2;2;3;-9;1;1;2;7;7;1;4;6;7;5;7;1;2;2;1;6;6;1;4;4;4;5;4;5;3;3;5;6;4;4;6;4;3;3;6;4;5;3;5;4;4;7;6;6;6;2;6;5;2;5;5;5;5;6;2;5;7;3;3;6;5;3;5;4;7;3;2;5;4;5;6;4;1;4;2;6;4;1;1;2;2;2;2;2;2;2;5;5;5;5;5;5;5;5;5;5;3;3;2;5;2;5;6;5;3;-9;4;2;2;4;4;3;1;2;2;1;1;4;4;6;6;-9;5;3;4;3;3;5;4;5;1;3;4;3;4;1;2;2;4;1;4;2;2;4;5;1;5;4;5;3;4;4;3;3;4;1;5;4;5;2;4;3;1;5;1;4;1;3;5;1;2;2;1;2;2;1;2;1;2;2;2;2;1;2;2;2;2;2;2;2;2;1;2;2;1;2;1;2;1;2;2;2;2;1;1;2;2;2;2;1;2;2;1;2;2;2;1;1;2;1;1;2;2;2;2;2;1;2;2;2;2;2;2;2;2;1;1;2;1;2;1;2;2;1;1;1;2;2;1;1;5;3;5;6;6;2;6;5;4;1;4;6;5;4;5;6;6;2;7;5;6;3;5;3;5;2;18;9;8;8931;184;457;106;87182;4208;136;385;140479;90;132;177;180;91;107;85;101;112;384;71;47;69;2701;1;26;26;1;1;2;16;18;77;1;1;2;4;3;2;2;5;3;2;2;5;2;2;2;6;2;2;2;5;2;2;4;6;2;2;2;3;3;3;4;3;3;3;5;3;3;3;4;3;3;3;4;3;3;3;4;3;3;3;3;2;4;2;2;2;5;2;2;2;5;4;3;2;4;3;3;2;2;4;3;2;4;3;3;4;1;1;1;4;1;1;1;3;1;1;1;6;5;7;1;1;1;3;1;1;5;4;4;2;1;2;6;2;2;5;6;6;4;7;4;6;7;5;5;2;4;6;4;6;4;2;1;4;1;1;1;1;1;1;3;2;1;5;5;1;1;1;4;2;6;4;2,84615384615385;4,06666666666667;3,5;4;7;2,8;2;5;4;7;3,85714285714286;3,8;4,75;6;6;5,66666666666667;2;4;3;1;6;4;2;7;4;2;5;4,28571428571429;3,375;4;4;2;2; ;3;5;4;2,8;3,81818181818182;3;3,27272727272727;2,81818181818182;1,85;1,5;6;5;3;2;7;5,5;5,5;4;3;6,5;4;5,5;5,25;3,75;4;2;4;3;2,28571428571429;4,4;3,37931034482759;3;4;2,2;7;4;7;7;4,28571428571429;3,33333333333333;3,16666666666667;2,5;2,83333333333333;3,33333333333333;3;2,66666666666667;3,33333333333333;3,5;3,16666666666667;2,83333333333333;2,83333333333333;3,38888888888889;3,11111111111111;2,66666666666667;3;1;-,0303721045685116;1;,652542811536019;1,29509380475358;-,756162503460187;,778374579914521;,892459561528353;-,744961896831271;-,797273648837773;,5;,5;,25;,64754690237679;,64754690237679;,323773451188395;-,378081251730093;-,378081251730093;-,189040625865047;,446229780764177;,446229780764177;,223114890382088;-,372480948415636;-,372480948415636;-,186240474207818
303; ; ;as1_122012;interview;7;2;7;7;5;7;6;7;2;2;5;2;7;1;7;6;2;3;6;6;2;5;4;5;1;1;5;3;3;2;4;7;7;3;3;3;6;2;6;1;5;6;1;3;5;1;4;6;5;4;5;6;5;6;5;6;6;5;6;6;5;6;6;6;5;6;2;3;5;6;5;6;7;5;7;6;2;7;7;7;6;6;5;6;6;5;5;2;5;5;2;2;5;5;4;6;1;7;6;5;4;5;1;5;5;1;2;3;3;4;2;2;3;3;5;5;5;5;5;5;5;6;5;5;4;6;4;5;5;6;6;5;3;6;4;7;5;6;3;4;2;5;5;2;2;7;6;6;1;3;4;3;6;5;1;5;3;5;3;2;4;4;4;2;3;4;4;1;5;2;3;5;5;1;4;5;5;3;3;5;4;5;3;4;4;4;3;5;3;4;2;5;3;4;4;2;4;1;2;2;1;2;1;1;2;2;2;2;2;2;2;1;2;2;2;1;2;2;2;1;2;2;2;2;2;2;2;1;2;2;2;2;1;2;1;2;1;2;2;2;2;1;2;2;1;1;2;1;2;2;1;2;2;1;1;2;1;2;2;2;2;2;2;2;2;2;1;2;2;1;2;1;1;1;2;2;2;1;6;3;7;2;7;2;7;2;6;3;5;7;6;2;5;6;3;1;6;6;7;1;6;5;6;5;5;97;65;48;94;67;76;60;100;63;110;451;93;99;121;133;67;116;103;108;47;258;67;87;103;2638;1;26;26;0;0;0;3;3;66;0;2;1;6;6;2;2;4;3;2;2;6;5;2;2;6;3;6;2;6;2;5;2;6;4;6;2;4;5;3;3;3;5;5;4;3;3;4;3;6;2;2;2;6;3;2;2;6;3;3;2;3;5;4;3;3;6;6;4;3;6;6;2;4;5;5;5;2;5;5;6;2;4;4;5;4;1;1;1;5;1;1;1;4;1;1;1;7;3;7;1;4;2;5;5;1;6;1;5;1;5;2;5;5;3;1;7;6;4;7;5;5;7;6;5;5;4;5;2;7;3;2;7;5;1;2;6;6;5;4;5;6;2;6;6;4;0;1;3;5;2;3;3,42857142857143;4,93333333333333;4,20689655172414;7;5;5,2;1;2;5;7;3,64285714285714;5,2;4,5;3;6;6,08333333333333;6;5,44444444444444;6;3;4;7;2;4;4,66666666666667;2,83333333333333;5;5,75;4,5;2;2;2;7;5;4;5;2;3,6875;4,54545454545455;3,18181818181818;3,63636363636364;3,09090909090909;1,775;1,625;6;5;6;6;5;6;6;6,5;6;6;5,25;6,25;6;1,75;3;3;4;2;3,28571428571429;4,86666666666667;4,10344827586207;7;7;5,6;2;6;1;7;4,57142857142857;4,83333333333333;4,33333333333333;3,66666666666667;2,83333333333333;4;4;4,16666666666667;3,33333333333333;4,33333333333333;4,16666666666667;4,16666666666667;2,66666666666667;4,38888888888889;4,16666666666667;4;2,94444444444444;1;,126118966747049;0;1,47245062669014;2,56763219093832;,325932113560424;1,83325657730565;2,1023820523844;1,16999521580795;,243193534393913;-,5;-,5;,25;-1,28381609546916;-1,28381609546916;,641908047734579;-,162966056780212;-,162966056780212;,0814830283901059;-1,0511910261922;-1,0511910261922;,525595513096099;-,584997607903976;-,584997607903976;,292498803951988
474; ; ;as1_122012;interview;6;3;5;6;6;4;6;5;4;5;2;4;6;2;4;7;4;2;4;2;3;5;2;4;1;5;6;4;4;7;4;2;7;5;6;3;6;4;3;1;4;3;1;7;4;2;6;7;5;4;6;6;4;5;4;5;4;4;6;4;4;4;4;4;4;4;4;6;4;6;7;7;7;6;6;7;3;6;4;5;6;4;4;2;4;2;2;2;3;3;7;5;5;3;1;4;6;5;6;2;4;4;1;5;3;2;4;3;3;4;5;4;4;4;5;4;5;5;4;5;4;4;3;3;2;6;3;3;5;5;4;2;4;6;2;4;4;5;4;4;2;6;2;2;2;4;4;7;6;6;6;6;6;5;1;4;2;5;4;1;3;3;4;2;4;2;3;1;5;1;4;5;5;4;2;4;3;1;4;3;5;4;2;3;2;4;5;4;2;3;1;5;2;3;4;3;2;1;2;1;1;2;2;1;2;1;2;1;2;2;1;1;2;1;1;1;2;1;2;1;2;1;1;2;1;2;1;2;1;2;2;2;1;2;2;1;2;1;1;2;1;1;2;2;1;2;1;1;1;1;2;2;1;1;1;2;1;1;1;1;2;2;1;1;1;2;1;2;2;2;2;1;2;1;1;1;2;1;5;2;5;5;3;6;7;4;3;6;6;4;5;4;4;5;2;1;6;4;6;2;7;5;2;4;10;63;43;55;108;152;111;78;148;87;98;438;2072;69;111;105;58;248;148;131;81;282;155;56;115;2777;1;26;26;0;0;0;1;1;30;0;2;1;3;1;2;1;4;1;1;1;3;1;1;1;6;1;1;1;7;1;1;1;3;1;1;1;1;2;4;2;1;2;3;2;1;1;1;2;4;1;1;1;5;1;1;1;3;1;1;1;1;3;3;1;1;5;4;2;1;6;2;2;3;1;1;3;4;1;1;1;3;1;1;1;3;5;2;3;2;3;1;5;2;4;4;4;4;6;6;2;4;3;5;6;5;4;3;1;4;2;5;4;6;4;1;5;6;2;7;3;4;6;4;5;5;4;6;5;6;7;3;2;5;2;2;7;4;6;2;6;4;1;6;7;4;1;2;4;5;5;3;4,28571428571429;5,2;4,75862068965517;6;4;4,2;2;1;2;6;2,78571428571429;4;4,5;2;5;5,66666666666667;6;3,33333333333333;1;3;7;2;2;4;3,5;4;4,57142857142857;4,125;3,375;3;4;1;2;2;2;2;2;2,75;3,81818181818182;3,09090909090909;2,90909090909091;2,81818181818182;1,75;1,15;2;6;4;3;2;3,5;6,5;4,5;3;2,5;5,25;4;5,25;2,25;5;4;4;4;4,07142857142857;4,93333333333333;4,51724137931035;7;5;4,6;1;3;6;6;4,5;3;1,5;2;1,5;3,66666666666667;1,83333333333333;1,83333333333333;1,33333333333333;2,33333333333333;1,83333333333333;1,16666666666667;1,33333333333333;3;1,72222222222222;1,66666666666667;1,38888888888889;4;-,122624219080072;0;2,11237867754215;,707768395745241;1,84086457738928;,662594848493544;,892459561528353;-,744961896831271;,243193534393913;-,5;-,5;,25;-,35388419787262;-,35388419787262;,17694209893631;-,920432288694639;-,920432288694639;,460216144347319;-,446229780764177;-,446229780764177;,223114890382088;,372480948415636;,372480948415636;-,186240474207818
409; ; ;as1_122012;interview;5;1;6;5;4;4;4;6;4;1;2;1;4;1;5;6;4;1;4;1;1;1;2;4;3;1;4;1;4;3;4;4;7;1;2;7;5;1;4;1;4;4;2;4;6;2;4;5;4;5;2;5;6;5;4;5;6;4;6;6;5;4;6;6;5;2;5;4;5;5;5;6;5;4;2;2;3;5;4;5;4;4;1;4;1;1;2;7;4;1;6;4;6;2;1;2;7;4;7;4;4;4;2;5;3;1;6;1;3;4;3;1;4;3;5;5;6;6;5;6;5;4;5;6;3;2;4;2;4;4;4;2;1;1;1;6;6;6;2;6;1;2;5;3;1;6;5;5;4;4;5;4;6;2;3;5;1;4;1;3;4;3;1;2;2;4;4;1;5;5;2;4;5;4;1;5;2;3;3;4;3;3;2;4;3;2;1;5;3;2;1;3;1;1;3;1;3;1;2;2;1;1;1;1;1;1;2;2;2;2;1;1;1;2;1;1;1;2;2;1;1;1;2;2;2;2;2;2;2;2;1;2;1;1;1;2;1;2;1;1;1;2;2;1;1;1;1;1;1;1;2;2;2;2;1;1;1;1;1;1;2;2;2;2;2;2;1;2;1;2;1;1;1;2;1;2;1;2;4;2;5;3;6;6;6;4;5;3;4;2;5;1;2;5;4;4;6;2;4;1;5;6;6;3;43;157;55;79;91;89;82;74;169;102;144;447;90;204;138;125;339;96;106;118;44;380;65;136;44;2946;1;26;26;0;0;0;1;1;57;0;1;2;3;5;6;3;4;6;5;2;4;4;5;3;3;2;5;6;1;3;5;5;2;2;5;4;5;3;2;2;6;3;2;3;5;4;3;2;6;2;2;3;5;3;2;1;7;3;2;2;2;5;6;3;2;6;4;3;2;6;7;4;4;2;2;5;3;4;5;4;3;1;1;3;4;1;1;1;4;1;1;1;2;1;1;1;6;4;6;1;1;4;1;2;1;6;4;5;6;4;1;4;5;1;1;5;7;4;4;7;7;2;4;2;2;5;6;1;2;5;2;5;4;4;2;5;4;2;3;5;4;1;2;6;1;1;3;4;1;4;4;2,07142857142857;4,4;3,27586206896552;7;4;3,6;4;2;6;6;3,57142857142857;5,2;5,25;4;5;4,33333333333333;1;2,11111111111111;2;2;7;1;1;4;3,08333333333333;3;5,42857142857143;3,375;3,5;2;3;3;4;4;3;4;2;3,1875;3,72727272727273;2;3;2,54545454545455;1,375;1,55;2;6;4;5;5;3;6;4,5;5;5,5;4,75;3,5;4,25;2,5;1;1;3;4;2,5;4,73333333333333;3,6551724137931;7;4;3,6;3;7;3;4;2,85714285714286;3,83333333333333;3,16666666666667;3,83333333333333;3,66666666666667;3,5;4,16666666666667;3,83333333333333;3;3,83333333333333;3,33333333333333;3,83333333333333;3;3,72222222222222;3,55555555555556;3,83333333333333;3,22222222222222;1;1,15834442912099;0;,392572040877394;-,368994854103382;,542351036964546;,122289435195651;1,02689539384569;-,984331535911175;-,172993338898762;,5;-,5;-,25;-,184497427051691;,184497427051691;,0922487135258455;,271175518482273;-,271175518482273;-,135587759241136;,513447696922846;-,513447696922846;-,256723848461423;-,492165767955588;,492165767955588;,246082883977794
418; ; ;as1_122012;interview;6;2;6;5;4;6;3;5;3;1;4;4;5;1;5;6;6;4;5;5;1;1;1;4;1;4;3;1;4;2;4;5;7;1;3;7;3;1;1;1;4;5;3;5;5;3;4;4;2;5;4;5;5;4;4;5;6;5;7;6;6;4;7;7;6;5;5;6;5;7;6;7;5;7;5;4;3;5;4;4;5;4;2;4;3;1;3;6;4;1;4;5;7;4;7;3;7;4;6;3;4;3;2;5;4;1;2;1;2;1;3;4;1;1;5;5;4;4;5;4;4;4;4;5;2;1;4;2;3;4;4;3;1;3;1;7;6;7;3;2;1;5;1;4;1;5;5;7;6;6;5;7;7;4;4;5;3;4;2;3;5;4;3;4;3;2;3;2;4;4;2;5;5;2;4;5;4;4;2;5;5;3;2;4;3;3;5;4;3;5;1;5;2;3;3;4;3;1;2;2;1;2;1;1;2;1;2;2;2;2;1;1;1;2;2;1;1;2;2;1;2;1;2;2;2;2;2;2;2;2;2;2;1;2;2;2;1;2;2;2;1;1;2;2;2;2;1;1;2;2;1;2;1;1;1;2;2;2;1;1;2;2;2;2;2;2;1;2;1;2;1;2;1;2;1;2;1;2;6;5;5;5;7;2;5;5;3;4;6;5;7;2;5;7;4;7;4;5;4;1;7;6;6;4;56;85;33;34;64;64;77;49;98;45;71;319;49;66;89;75;55;65;67;83;39;196;46;36;34;1895;1;26;26;0;0;0;13;14;3;1;1;2;6;4;3;5;7;4;3;5;7;7;4;3;3;5;6;7;1;6;7;7;2;7;6;5;5;3;5;4;3;6;3;7;3;5;4;3;5;1;3;4;5;6;4;7;7;5;6;4;4;7;7;4;3;7;5;5;3;7;6;4;3;5;2;1;1;5;3;7;1;4;3;5;3;1;1;1;5;5;1;1;3;1;1;2;5;5;6;2;2;4;1;1;4;5;1;4;5;4;2;3;4;3;1;4;6;5;5;7;5;4;4;3;3;5;6;2;1;4;2;2;4;1;3;5;5;4;3;5;4;3;4;6;4;1;3;4;1;3;6;3;4,4;3,72413793103448;7;4;3,8;3;2;5;5;3,07142857142857;5,2;5,25;1;5;4,83333333333333;2;2,66666666666667;4;1;1;1;2;4;2,91666666666667;2;4,42857142857143;3,625;3,125;1;3;1;2;2;3;1;1;2,25;4,18181818181818;3,72727272727273;3,63636363636364;2,54545454545455;1,75;1,525;6;3;3;3;4;6;4;4;3;5,5;5;5;6,5;3,5;1;3;3;4;3,07142857142857;4,66666666666667;3,89655172413793;7;7;5;3;6;6;7;3,71428571428571;4,33333333333333;4,16666666666667;4,33333333333333;4,16666666666667;3,33333333333333;5,66666666666667;4,16666666666667;6,33333333333333;3,83333333333333;5,83333333333333;4,83333333333333;4;3,83333333333333;5,22222222222222;4,44444444444444;4,83333333333333;1,33333333333333;,723923876871028;1;,912513582194644;,120442986736901;-,756162503460187;,302391239628282;,623587896893677;,212516659488339;,0351000977475754;,5;,5;,25;,0602214933684503;,0602214933684503;,0301107466842252;-,378081251730093;-,378081251730093;-,189040625865047;,311793948446838;,311793948446838;,155896974223419;,10625832974417;,10625832974417;,0531291648720848
515; ; ;as1_122012;interview;2;2;7;6;5;2;2;5;1;1;1;1;2;1;3;3;6;1;2;1;1;1;1;4;2;2;1;1;1;2;1;5;5;1;2;7;6;6;2;1;1;5;2;5;5;1;4;4;1;3;6;7;6;6;7;7;6;5;5;5;5;5;6;6;7;3;3;7;6;7;4;5;4;4;4;2;4;4;3;3;3;2;1;1;6;5;4;4;4;2;1;5;6;5;7;1;1;1;6;4;5;2;2;6;5;1;1;4;4;4;3;4;5;4;5;6;5;5;6;6;6;5;3;5;1;4;2;3;1;3;5;3;2;3;1;5;3;6;1;1;1;1;1;1;1;2;7;7;7;7;7;7;7;1;3;5;1;5;1;1;5;4;1;1;1;1;2;1;5;2;1;4;5;1;1;2;3;3;3;2;5;1;4;4;5;2;3;4;4;1;1;4;1;1;4;2;1;1;2;2;1;2;1;1;1;1;2;2;1;2;2;1;1;2;2;2;2;2;2;1;2;2;2;2;2;1;1;1;2;1;2;2;1;1;1;2;1;2;1;1;2;2;2;1;1;1;2;2;2;2;2;2;2;1;1;1;1;1;2;1;1;2;2;2;2;1;1;2;1;2;2;2;1;2;1;2;1;2;7;1;7;2;6;2;7;1;7;1;6;7;5;1;7;1;7;1;7;2;6;1;6;7;7;7;19;203;212;64;61;77;67;46;88;76;87;290;51;79;88;70;367;82;75;76;32;200;108;173;28;2106;1;26;26;0;0;0;10;10;78;1;2;2;3;5;6;7;1;6;5;6;1;4;7;6;6;2;2;1;4;2;2;2;3;2;1;1;6;1;1;1;6;1;1;1;6;1;1;1;6;2;1;1;5;1;2;2;5;1;1;1;2;5;5;5;4;3;3;2;4;2;3;4;5;2;2;2;5;1;1;1;6;1;1;1;6;1;1;1;6;1;1;2;4;2;2;1;4;1;7;1;1;1;5;2;1;6;2;6;7;2;1;5;4;1;1;6;7;4;7;7;7;7;4;6;3;5;7;2;4;5;1;1;1;1;1;2;1;1;2;3;2;1;1;6;1;1;2;4;1;3;7;2,57142857142857;3,46666666666667;3,03448275862069;7;7;3,6;6;5;6;7;3,71428571428571;6;4,5;4;4;3,91666666666667;4;3,22222222222222;7;2;1;7;2;3;3,33333333333333;4;5,57142857142857;3,875;2,25;2;1;1;1;1;1;1;1;1,125;3,90909090909091;2,27272727272727;2,45454545454545;1,54545454545455;1,35;1,775;6;7;7;6;7;6,5;7;7;6,5;6,5;6,75;6,75;3,5;2,5;1;1;3;4;2,14285714285714;4,53333333333333;3,37931034482759;7;6;3,8;6;6;7;7;4,21428571428571;4,66666666666667;2,83333333333333;2,83333333333333;2,83333333333333;4,16666666666667;2,33333333333333;2,33333333333333;2,33333333333333;4,16666666666667;1,83333333333333;2,33333333333333;2,33333333333333;4,33333333333333;2,33333333333333;2,5;2,5;1,33333333333333;1,03485285915493;1;,112603518629643;,609880827577184;1,84086457738928;,482493044060913;-,317462929327691;-,505592257751369;1,49175415427194;-,5;,5;-,25;-,304940413788592;,304940413788592;-,152470206894296;-,920432288694639;,920432288694639;-,460216144347319;,158731464663845;-,158731464663845;,0793657323319227;,252796128875684;-,252796128875684;,126398064437842
445; ; ;as1_122012;interview;5;2;7;1;4;1;1;7;2;1;2;1;3;1;4;2;4;1;4;4;5;1;4;4;1;1;1;1;4;4;1;7;4;1;4;7;4;1;6;5;1;4;6;1;2;1;1;4;4;5;4;5;5;2;3;3;6;4;4;4;4;4;6;5;3;3;4;4;4;7;6;7;6;5;3;3;1;7;5;5;5;1;1;1;1;1;1;1;1;1;4;5;7;1;7;2;7;4;7;6;6;1;2;5;2;1;6;1;1;1;1;1;4;2;3;5;5;5;5;5;5;4;2;2;1;1;1;1;1;2;3;1;1;1;1;5;5;7;5;1;1;1;1;1;1;1;7;7;7;7;7;7;7;3;3;5;1;5;1;1;4;5;2;1;3;1;2;1;4;1;1;5;5;1;4;2;5;2;1;5;5;4;3;3;3;2;4;5;2;3;1;5;1;3;1;4;1;1;2;2;1;2;2;1;2;1;2;2;2;2;1;2;2;2;2;1;1;1;2;1;2;1;1;2;1;2;2;2;1;2;2;2;2;1;1;2;1;2;2;2;1;1;2;2;2;2;1;1;2;2;2;2;1;1;1;2;2;1;1;2;2;2;1;2;1;2;1;2;2;1;2;1;2;1;2;1;2;1;6;2;6;2;4;2;7;4;5;2;6;6;7;2;6;7;5;1;7;6;6;1;7;5;6;6;33;147;60;55;95;140;95;108;209;73;125;422;77;96;138;92;71;80;93;100;41;408;76;49;72;2955;1;26;26;0;0;0;1;1;35;1;1;2;5;2;2;3;5;1;2;2;6;3;2;1;2;4;6;6;2;2;6;5;2;3;5;6;4;3;7;6;2;2;6;6;2;4;4;6;7;4;3;4;6;2;3;5;5;3;2;3;1;6;4;5;1;2;5;5;1;6;6;4;1;4;7;6;1;3;6;6;1;3;3;5;3;1;1;1;5;2;1;5;2;4;2;4;5;2;7;1;3;1;1;7;1;1;1;6;4;7;7;4;1;6;1;4;2;2;7;6;7;7;4;4;5;5;1;1;7;3;1;1;1;1;1;1;4;2;4;4;4;4;4;2;1;1;1;4;1;4;4;2,07142857142857;2,53333333333333;2,31034482758621;7;4;3,4;5;6;4;7;5;4,4;4,5;3;7;5,33333333333333;7;1,66666666666667;4;1;1;1;1;2;2,41666666666667;1,66666666666667;4,71428571428571;2,125;1,875;1;1;1;1;1;1;1;1;1,25;4;3,09090909090909;2,81818181818182;1,36363636363636;1,875;1,325;6;6;4;6;6;6;6,5;5;5,5;5;6;6;6,75;2,25;2;1;3;4;1,92857142857143;2,93333333333333;2,44827586206897;7;7;5,4;7;7;7;7;6,21428571428571;3,33333333333333;3,83333333333333;4,83333333333333;5;2,83333333333333;2;4,66666666666667;4,83333333333333;2,83333333333333;3,66666666666667;3,66666666666667;4,16666666666667;3;3,16666666666667;4,38888888888889;4,66666666666667;3,33333333333333;,410941734239907;1;-,727302048113608;-,760545126775608;-1,18900035026843;-,778219586967504;-,720770426279706;-,266222618671466;,867473844332924;,5;,5;,25;-,380272563387804;-,380272563387804;-,190136281693902;-,594500175134215;-,594500175134215;-,297250087567108;-,360385213139853;-,360385213139853;-,180192606569926;-,133111309335733;-,133111309335733;-,0665556546678665
273; ; ;as1_122012;interview;7;4;7;5;6;6;5;7;4;4;1;2;5;7;3;2;7;2;4;5;3;7;5;4;6;4;7;4;1;5;5;7;6;2;2;6;7;2;-9;2;6;7;6;6;6;1;3;4;4;6;1;6;4;6;4;6;4;4;6;6;4;6;6;3;4;6;5;4;4;7;6;7;7;5;3;4;1;5;5;4;4;4;4;4;3;3;2;3;5;5;5;5;7;4;1;4;7;5;7;3;3;3;2;5;4;1;2;1;4;5;3;2;5;3;5;5;4;4;4;4;5;2;6;2;1;1;1;1;2;1;5;2;1;1;1;6;2;6;2;3;5;5;5;1;1;3;2;6;2;2;5;6;5;4;3;5;2;5;1;4;4;5;2;3;1;4;3;1;5;1;3;4;5;1;1;5;4;1;3;5;3;4;2;2;3;2;3;5;4;1;3;4;2;5;4;1;2;1;2;2;1;2;1;1;2;1;2;2;2;2;1;1;1;2;2;2;1;2;1;1;2;2;2;2;2;2;1;2;1;2;2;2;1;2;1;2;2;2;1;2;1;2;2;1;2;1;1;1;1;2;2;2;1;2;1;2;1;1;2;2;2;2;2;1;1;1;1;2;1;2;1;1;1;2;2;2;1;2;4;5;5;4;7;4;6;5;5;1;7;5;5;1;4;5;5;3;7;4;5;4;6;4;7;6;13;21;8;78;161;108;173;101;151;79;82;507;112;101;165;192;85;164;104;110;96;340;68;42;157;3022;1;26;26;1;0;1;8;9;1;0;1;2;1;5;6;5;4;6;5;2;4;6;5;2;4;2;2;5;4;2;5;6;2;2;2;5;3;4;5;3;3;2;2;6;2;2;6;5;5;2;2;2;5;5;2;5;3;2;5;5;2;5;5;2;2;6;5;3;5;5;5;2;3;3;5;5;3;2;5;5;2;2;3;3;2;2;2;5;3;5;3;7;1;5;6;5;7;3;7;1;4;5;2;7;1;5;1;4;5;5;7;4;2;6;1;6;6;2;7;6;7;7;4;1;5;4;6;1;7;5;2;1;4;1;1;6;3;5;5;3;6;5;6;1;1;1;1;4;2;1;4;3,71428571428571;5;4,37931034482759;1;7;4,2;3;6;6;7;5,23076923076923;4;5,75;3;7;5,16666666666667;5;3,88888888888889;3;1;7;1;1;5;3,5;3,66666666666667;4,42857142857143;2;2,375;2;6;2;6;6;3;2;3;3,4375;4,36363636363636;2,09090909090909;3,27272727272727;2,54545454545455;1,6;1,55;4;3;3;4;7;4;4,5;4;4,5;7;6;5,25;5;3,25;2;1;4;4;2,64285714285714;4,2;3,44827586206897;7;7;5;2;7;7;7;6,07142857142857;3;3,5;4,16666666666667;3,66666666666667;3,5;3,83333333333333;4;4,5;3;3,16666666666667;4,33333333333333;3,66666666666667;3,16666666666667;3,5;4,16666666666667;3,94444444444444;5,66666666666667;-1,87350609270157;0;1,6724281425814;1,19720623658552;1,40802673058103;-,868270489183819;-,183027097010353;,691255937648144;,867473844332924;,5;-,5;-,25;,598603118292762;-,598603118292762;-,299301559146381;,704013365290517;-,704013365290517;-,352006682645258;-,0915135485051763;,0915135485051763;,0457567742525882;,345627968824072;-,345627968824072;-,172813984412036
479; ; ;as1_122012;interview;7;1;7;4;4;5;4;7;1;1;5;1;7;1;5;6;4;1;4;4;1;1;4;4;1;4;5;1;3;4;4;1;5;5;4;7;7;1;7;4;4;5;2;5;7;1;5;5;7;4;4;4;4;4;4;4;4;4;4;4;4;4;4;4;4;4;4;4;4;6;4;4;5;4;1;1;3;5;4;5;3;5;4;5;3;1;4;6;2;1;7;3;7;2;7;3;7;4;6;4;4;3;1;5;4;1;1;1;3;3;4;1;4;1;3;4;4;4;4;4;4;4;5;5;5;4;2;5;4;4;4;5;1;4;1;5;4;7;4;4;1;4;1;1;1;5;3;5;4;4;1;7;5;1;3;5;3;5;2;4;4;5;4;2;3;3;3;2;4;1;5;4;5;5;2;5;4;3;2;4;4;4;2;2;3;3;4;4;3;4;1;3;1;1;3;3;3;1;2;2;1;2;2;2;2;2;2;2;1;2;2;1;1;2;2;1;2;1;2;1;2;2;2;2;2;2;2;2;2;2;2;2;1;2;1;2;1;2;2;2;2;1;2;2;1;1;2;1;2;2;2;2;2;2;1;2;2;2;1;1;2;2;2;2;2;2;1;2;2;2;2;2;1;2;1;2;1;2;5;4;5;3;5;3;4;1;4;3;2;6;6;1;2;4;3;1;6;7;6;2;5;4;6;3;51;212;63;58;103;79;89;81;151;123;133;615;55;221;209;258;100;130;99;91;46;328;106;53;307;3381;1;26;26;0;0;0;1;1;84;0;2;1;5;2;1;1;5;2;1;1;5;2;2;3;4;2;3;2;2;4;3;5;2;4;4;3;1;1;3;4;1;4;4;5;2;4;3;5;2;2;2;5;3;4;5;4;3;3;3;5;2;4;2;4;2;5;5;3;3;5;6;4;1;1;6;5;1;4;5;3;1;5;4;3;2;3;1;1;3;4;1;1;3;2;1;1;7;4;6;1;1;4;1;1;1;4;1;4;4;4;1;1;1;1;1;4;4;4;4;4;7;4;4;1;4;4;4;1;2;3;1;1;4;1;1;7;4;1;1;1;4;1;4;4;4;1;3;4;1;3;1;2,21428571428571;4,86666666666667;3,58620689655172;7;5;5,2;1;2;4;7;3,28571428571429;4;4;4;5;3,91666666666667;2;3;1;1;1;1;2;4;2,41666666666667;2,66666666666667;3,85714285714286;4,5;3,25;1;5;3;4;4;7;1;3;3,0625;3,81818181818182;2,72727272727273;3,09090909090909;3,18181818181818;1,7;1,775;5;4;7;5;5;5;4;6;4,5;5;3,75;5;5,5;1,75;4;1;4;4;2,07142857142857;3,53333333333333;2,82758620689655;7;7;5,2;1;7;7;7;3,14285714285714;2,5;2;2,83333333333333;3,5;2,33333333333333;3,83333333333333;3,83333333333333;3,5;2,66666666666667;3,83333333333333;3,66666666666667;3,83333333333333;2,5;3,22222222222222;3,44444444444444;3,61111111111111;1;-1,57929686682929;0;,752531569481644;,414105691241071;,109513190156301;,932747555142491;,758023729211015;-,744961896831271;-1,00536708548411;-,5;-,5;,25;-,207052845620535;-,207052845620535;,103526422810268;-,0547565950781506;-,0547565950781506;,0273782975390753;-,379011864605508;-,379011864605508;,189505932302754;,372480948415636;,372480948415636;-,186240474207818
266; ; ;as1_122012;interview;7;5;7;4;4;4;3;7;6;1;1;1;2;7;4;1;3;1;4;2;3;2;5;7;6;2;2;2;1;4;2;7;4;2;2;6;3;4;7;5;2;3;6;1;1;1;1;4;3;5;3;5;5;5;5;5;5;5;5;5;5;5;5;5;5;5;5;5;5;5;5;5;6;4;4;3;5;6;6;6;5;1;1;1;4;2;2;6;2;1;5;4;6;4;7;3;7;4;7;4;2;3;2;6;3;1;2;3;3;4;2;5;3;4;4;4;4;4;3;4;4;5;5;4;3;4;1;4;3;5;5;3;3;3;2;5;4;6;5;2;1;2;2;2;1;3;6;7;7;6;7;7;7;5;-9;5;-9;5;-9;-9;-9;4;-9;4;-9;-9;-9;-9;4;-9;-9;5;5;-9;-9;-9;5;-9;-9;-9;5;4;-9;-9;4;-9;5;-9;-9;4;-9;5;-9;-9;4;-9;-9;1;2;2;1;2;2;1;2;1;2;2;1;2;1;1;1;2;2;2;2;2;2;1;-9;1;1;2;2;2;2;2;2;2;2;2;1;2;1;2;1;2;2;2;1;2;1;2;2;1;1;1;2;2;1;2;1;1;1;2;2;2;1;2;2;2;1;2;2;2;1;2;1;2;1;-9;1;2;1;2;1;2;4;4;5;5;6;5;6;3;4;4;3;6;5;3;6;7;4;7;7;7;7;2;7;7;6;6;154;32;11;24;48;40;50;38;67;72;72;286;129;98;112;108;55;85;69;79;38;227;72;48;70;1940;1;26;26;10;10;20;16;37;55;1;1;2;4;3;3;2;4;2;1;1;4;2;2;1;5;1;2;2;5;2;1;1;4;1;1;1;1;4;4;4;1;3;4;3;1;2;3;3;4;1;1;2;4;2;1;1;4;1;1;2;3;5;5;4;1;4;4;3;1;3;5;3;3;4;4;4;2;3;4;3;1;3;3;4;4;2;2;1;4;1;1;1;1;1;1;1;7;4;7;1;5;1;2;6;1;1;2;4;3;5;3;4;2;2;1;2;2;1;7;4;7;7;5;1;5;6;1;2;7;3;1;1;2;1;1;3;1;1;4;5;1;3;1;3;2;1;2;1;2;5;5;2,5;2,66666666666667;2,58620689655172;1;7;3,8;6;7;6;7;6,07142857142857;5;5;4;3;4,83333333333333;2;1,77777777777778;3;2;1;1;1;6;3;3,5;3,85714285714286;4,125;3,25;2;2;1;1;2;1;1;1;1,8125;4,55555555555556;4,6;4,5; ;1,71794871794872;1,51282051282051;3;4;5;3;4;3,5;5;5;3,5;5;5,75;6,25;6,5;4;4;1;2;3;1,78571428571429;2,26666666666667;2,03448275862069;7;6;5;5;6;7;7;5,42857142857143;3,33333333333333;3;3,16666666666667;3;2,83333333333333;2,66666666666667;2,5;2;2,5;2;2,5;2,33333333333333;2,88888888888889;2,55555555555556;2,72222222222222;2,44444444444444;1;-1,23404834877465;1;-,407338022687607;-,662657558607552;1,19160780717691;,662594848493544;,758023729211015;1,19659184237238;,659380407686587;,5;,5;,25;-,331328779303776;-,331328779303776;-,165664389651888;,595803903588456;,595803903588456;,297901951794228;,379011864605508;,379011864605508;,189505932302754;,598295921186192;,598295921186192;,299147960593096
450; ; ;as1_122012;interview;4;4;5;4;2;3;1;4;3;1;3;1;3;1;3;2;2;2;3;2;2;2;3;4;3;2;2;1;3;2;2;4;3;5;3;6;3;2;4;3;2;4;3;3;2;4;1;2;4;5;2;6;4;4;5;5;5;4;5;6;5;5;5;4;5;4;5;6;6;6;4;5;5;4;5;4;3;4;4;4;4;2;2;2;2;2;2;2;2;2;5;2;6;3;6;2;7;2;6;2;5;2;2;5;3;1;6;1;2;4;4;5;3;3;4;4;4;4;2;4;4;4;3;2;2;3;1;2;2;2;3;2;2;2;2;2;2;6;2;1;1;6;1;1;1;2;7;7;7;6;6;7;6;5;2;4;3;4;2;3;4;4;2;3;3;2;4;2;4;2;3;4;5;1;4;4;4;2;3;4;5;3;4;4;4;2;4;4;4;5;1;4;2;4;4;4;4;1;2;2;1;1;1;2;1;1;1;2;2;2;1;1;1;2;1;1;1;2;1;2;2;2;2;1;2;2;2;1;1;2;2;2;1;1;2;2;2;2;2;2;1;2;2;2;2;2;2;1;1;2;2;2;2;2;1;2;2;2;1;2;2;2;2;2;1;2;1;2;1;2;1;2;2;2;1;2;1;2;4;3;5;3;6;4;6;3;6;4;2;6;6;2;4;6;4;2;6;2;5;2;6;6;6;6;2535;43;5;25;47;60;42;37;56;113;54;212;46;53;63;53;34;59;61;85;29;130;30;29;42;1418;1;26;26;0;0;0;37;37;48;1;2;2;2;5;3;2;3;6;3;3;3;5;3;2;4;2;2;2;6;2;2;2;6;2;2;2;4;3;6;6;2;6;5;6;2;5;5;6;6;2;2;2;6;2;2;2;6;2;2;2;2;6;6;4;2;6;6;5;2;6;6;6;3;2;2;2;3;6;3;4;4;5;6;4;4;2;2;2;3;2;2;2;3;2;2;2;5;3;5;1;3;2;2;6;2;2;4;4;4;4;5;2;2;5;1;4;3;2;6;6;7;6;6;4;6;6;3;2;6;3;1;2;2;2;2;3;2;2;5;3;3;3;3;4;5;1;2;4;2;4;4;2,14285714285714;2,46666666666667;2,31034482758621;7;5;4,6;5;6;5;4;3,92857142857143;5;5,5;4;5;4,5;6;2,44444444444444;3;2;2;1;2;3;2,16666666666667;3,5;3,71428571428571;2,375;2,125;2;1;1;1;2;2;1;2;1,6875;4;3,72727272727273;3,27272727272727;2,54545454545455;1,625;1,65;4;5;5;5;4;4;5,5;5;5,5;5;5;5,25;5;2,5;2;1;2;2;1,78571428571429;3,13333333333333;2,48275862068966;7;4;5,2;5;6;6;6;5,21428571428571;3,5;3,33333333333333;3,5;3;3,66666666666667;4,66666666666667;3,5;3,66666666666667;3,83333333333333;4,16666666666667;4;3,66666666666667;3,66666666666667;4,05555555555556;3,66666666666667;3,44444444444444;2;,495420539245518;1;-,727302048113608;-,0753321495992122;1,19160780717691;-,598117782534873;-,451898761645029;-,266222618671466;,0351000977475754;-,5;,5;-,25;,0376660747996061;-,0376660747996061;,018833037399803;-,595803903588456;,595803903588456;-,297901951794228;,225949380822515;-,225949380822515;,112974690411257;,133111309335733;-,133111309335733;,0665556546678665
460; ; ;as1_122012;interview;7;5;7;5;2;5;1;7;4;2;1;2;6;1;2;3;4;3;6;1;3;1;2;4;6;3;6;3;5;5;3;7;7;6;3;7;7;1;6;3;3;4;5;6;5;1;3;4;4;6;2;7;6;5;6;7;6;4;6;6;5;6;6;6;5;3;4;4;5;7;7;7;5;4;5;6;2;7;7;7;7;5;1;2;3;1;1;6;5;1;5;7;6;4;1;5;5;5;7;7;4;7;2;5;3;1;6;3;1;2;2;5;5;6;5;5;5;5;2;5;5;5;3;6;2;6;3;6;4;5;3;2;1;4;1;7;2;7;2;1;1;1;1;7;1;3;6;7;7;6;7;7;7;4;1;5;1;5;2;2;2;4;3;4;4;1;2;1;5;1;3;4;4;1;4;3;5;2;3;3;5;3;2;5;4;2;2;5;4;3;3;5;1;4;2;1;5;1;2;2;1;2;1;1;2;1;2;2;2;2;1;2;2;2;2;2;2;2;2;1;2;1;2;2;1;2;2;2;2;1;1;2;1;2;1;2;1;2;1;2;2;2;2;1;2;1;2;2;1;2;2;1;2;2;1;2;1;1;1;2;2;2;1;2;2;1;1;2;1;1;2;1;2;1;2;2;2;1;7;3;6;2;7;1;-9;2;6;1;7;7;5;1;3;5;2;2;7;5;7;2;7;6;7;7;2;23;8;7;69;52;57;54;88;52;74;336;59;68;84;73;42;75;67;75;31;191;34;29;50;1700;1;26;26;1;0;1;41;42;36;0;2;2;3;4;2;2;3;5;4;1;3;2;3;2;5;3;2;2;5;3;1;3;4;3;2;3;2;3;7;6;3;4;4;6;2;2;1;5;6;2;2;1;6;2;3;4;5;2;2;3;3;6;4;3;3;6;4;3;2;3;2;3;2;5;6;5;2;7;6;4;2;3;2;4;2;1;1;1;3;2;3;4;2;3;3;4;7;6;7;3;3;4;2;7;2;6;5;3;2;4;5;3;3;5;1;6;7;4;6;5;6;6;5;3;3;4;7;4;6;3;2;1;3;2;4;6;2;3;3;5;4;2;5;5;6;1;1;4;1;4;4;2,28571428571429;4,46666666666667;3,41379310344828;7;3;4,6;2;5;5;7;5,14285714285714;5,6;5,75;4;6;6,25;2;2,33333333333333;3;2;7;3;1;4;4,58333333333333;3,5;4,57142857142857;5,125;2,375;1;2;1;1;2;1;1;1;1,6875;4,27272727272727;2,63636363636364;2,72727272727273;2,63636363636364;1,65;1,6;7;5;6;6;7;7;5;6;6;7;6,75;6;5,5;1,75;3;2;4;3;2,85714285714286;4,6;3,75862068965517;7;3;4,6;2;4;7;6;4,92857142857143;3,5;3,83333333333333;3,83333333333333;3,16666666666667;3,66666666666667;4,5;3,66666666666667;3,5;3;2,5;2;3,33333333333333;3,38888888888889;3,61111111111111;3,16666666666667;3,33333333333333;3;1,09615863266421;0;,552554053590394;-,173219717767269;1,19160780717691;1,38300206622407;-,183027097010353;,451886298568242;1,49175415427194;-,5;-,5;,25;,0866098588836344;,0866098588836344;-,0433049294418172;-,595803903588456;-,595803903588456;,297901951794228;,0915135485051763;,0915135485051763;-,0457567742525882;-,225943149284121;-,225943149284121;,11297157464206
340; ; ;as1_122012;interview;7;5;7;6;4;6;5;7;5;1;2;1;3;1;5;3;5;1;2;2;5;3;4;4;7;1;2;2;1;1;2;7;2;1;2;7;2;1;5;5;2;6;6;1;2;1;1;5;6;4;5;3;4;4;4;4;4;4;4;4;-9;4;4;4;4;4;4;4;4;6;3;5;5;4;5;2;1;3;5;5;3;3;1;3;1;2;2;2;3;2;6;1;6;2;7;1;6;2;7;1;3;1;1;5;3;1;1;2;2;3;2;3;3;4;5;5;5;-9;4;5;5;4;4;5;1;3;1;2;1;1;5;2;1;2;1;5;2;6;1;1;1;2;1;1;1;3;5;5;3;5;7;7;7;4;2;5;1;4;1;3;4;4;3;4;1;3;4;2;4;3;4;5;5;4;2;5;4;2;3;5;4;5;2;1;2;3;4;4;4;3;2;5;1;5;2;1;1;1;2;2;1;1;1;2;1;2;1;2;2;2;1;2;1;2;1;2;-9;2;1;2;2;2;2;1;2;1;2;1;1;2;2;2;1;2;1;2;1;2;2;2;2;2;2;1;1;2;2;1;1;2;2;2;1;1;1;2;1;1;1;1;2;2;2;2;1;2;1;2;2;2;1;2;1;2;1;1;1;1;6;3;6;3;5;3;6;5;5;3;2;5;6;2;3;6;2;1;5;6;3;1;6;5;6;6;369;253;78;78;106;85;85;71;148;76;114;471;314;124;103;111;103;97;124;380;244;621;188;49;55;2856;1;26;26;1;1;2;0;2;29;0;1;1;5;2;2;3;6;4;2;3;5;3;2;2;2;5;6;5;2;4;6;5;5;6;5;5;3;5;5;5;2;5;5;5;2;4;5;5;4;5;3;4;5;2;3;5;4;5;6;5;3;6;5;5;2;6;4;4;6;5;5;4;3;4;5;3;4;5;4;5;2;4;5;5;2;1;2;4;2;1;2;3;2;1;3;4;7;5;7;1;4;1;1;7;1;1;1;3;5;7;7;3;5;6;1;2;2;1;6;7;7;7;2;3;4;4;3;2;5;1;1;2;1;2;1;3;5;2;4;5;2;3;3;3;1;1;1;4;1;2;2;2,14285714285714;2,66666666666667;2,41379310344828;7;7;5;5;5;6;7;5,85714285714286;4;3,75;4;7;4,41666666666667;6;2,55555555555556;2;2;1;2;1;5;1,75;2,83333333333333;4,83333333333333;3;2;2;3;3;5;3;1;1;1;1,875;4;2,72727272727273;3,45454545454545;2,54545454545455;1,475;1,64102564102564;5;5;3;5;5;5,5;5,5;4,5;5;5;4,5;4,25;6;1,5;1;1;4;6;2,35714285714286;2,66666666666667;2,51724137931034;7;7;5,2;5;6;6;6;5,64285714285714;3,33333333333333;4,5;4,33333333333333;4,16666666666667;3,5;4,33333333333333;4;4,5;4;4,5;4,66666666666667;4,33333333333333;3,61111111111111;4,44444444444444;4,33333333333333;4,33333333333333;3,66666666666667;,343182685645919;0;-,607315538578858;,0225554185688441;,325932113560424;-,147863271453295;-,586334593962367;-,266222618671466;-,381086775545099;,5;-,5;-,25;,011277709284422;-,011277709284422;-,00563885464221101;,162966056780212;-,162966056780212;-,0814830283901059;-,293167296981184;,293167296981184;,146583648490592;-,133111309335733;,133111309335733;,0665556546678665
499; ; ;as1_122012;interview;6;6;7;5;6;6;3;7;5;2;4;1;5;6;2;4;3;3;2;5;4;3;4;5;1;4;6;3;1;3;5;7;5;2;4;6;6;5;7;3;6;6;5;5;5;7;6;4;3;7;2;6;6;4;6;7;5;6;6;6;6;4;6;4;5;4;4;5;5;5;5;6;6;4;5;5;5;4;5;5;4;4;2;2;6;6;5;2;5;6;7;3;6;6;6;5;7;5;5;6;6;5;1;5;4;1;2;1;3;5;4;2;5;3;5;5;5;5;5;5;5;6;6;6;5;6;2;6;6;5;5;5;2;6;3;2;4;5;2;2;1;2;4;4;1;5;6;6;5;6;7;4;6;3;3;5;3;5;3;2;5;5;1;4;2;2;4;2;4;3;3;4;5;1;2;2;5;2;2;4;4;2;4;1;5;2;4;4;2;5;1;5;1;3;5;2;1;1;2;2;1;2;2;2;2;1;2;2;2;2;1;1;2;2;2;1;1;2;2;1;2;1;2;1;1;1;2;2;2;2;2;1;1;2;2;2;2;1;1;2;1;2;2;1;2;2;1;1;2;2;1;2;1;2;1;2;2;2;1;2;2;2;2;2;2;2;1;2;2;2;2;2;2;2;2;1;1;2;4;3;6;4;6;6;6;1;4;3;2;7;7;2;6;7;4;1;7;7;7;4;7;2;6;2;4;22;14;69;93;64;60;40;102;73;92;363;83;79;119;90;55;94;164;173;41;329;66;52;112;2453;1;26;26;0;0;0;11;11;7;1;1;1;7;3;3;2;6;4;1;1;5;5;2;4;3;6;4;2;5;5;2;5;5;3;3;6;2;6;4;5;2;3;4;6;3;4;6;6;6;2;1;5;6;2;2;4;6;1;1;1;5;7;7;5;3;5;6;5;4;7;7;6;2;5;6;6;2;5;4;7;1;4;4;5;5;1;1;1;5;5;2;4;3;3;2;1;6;5;7;2;2;5;6;1;2;3;4;4;2;5;7;6;4;5;3;2;4;6;7;5;7;7;3;2;5;5;2;2;6;4;4;3;5;1;5;2;5;5;2;4;5;2;5;5;2;1;2;3;2;2;5;3,35714285714286;4,46666666666667;3,93103448275862;2;7;4,2;3;4;4;1;4,57142857142857;5,6;5,75;4;3;4,75;6;4,66666666666667;1;2;2;1;3;2;3,41666666666667;3,66666666666667;5;5,25;4,125;3;2;2;3;2;1;4;2;2,5;4,63636363636364;3,36363636363636;2,72727272727273;1,72727272727273;1,85;1,5;2;5;7;4;5;3;5,5;6,5;4;5,5;3,25;6,5;7;2,75;3;1;3;5;4;3,86666666666667;3,93103448275862;5;4;4,2;6;6;5;7;5;4,16666666666667;4,83333333333333;4,16666666666667;4,16666666666667;4;4;3,16666666666667;4,66666666666667;4;4;3,83333333333333;4,66666666666667;4,05555555555556;4,27777777777778;3,72222222222222;4,5;2;,33496936466622;1;1,15248660126414;1,88241921376192;1,40802673058103;1,47305296844038;1,69907455543238;1,40936485488785;-1,42155395877678;,5;,5;,25;,94120960688096;,94120960688096;,47060480344048;,704013365290517;,704013365290517;,352006682645258;,849537277716191;,849537277716191;,424768638858096;,704682427443927;,704682427443927;,352341213721964
