CASE;SERIAL;REF;QUESTNNR;MODE;AS05_01;AS05_02;AS05_03;AS05_04;AS05_05;AS05_06;AS05_07;AS05_08;AS05_09;AS05_10;AS05_11;AS05_12;AS05_13;AS05_14;AS05_15;AS05_16;AS05_17;AS05_18;AS05_19;AS05_20;AS05_21;AS05_22;AS05_23;AS05_24;AS05_25;AS05_26;AS05_27;AS05_28;AS05_29;AS05_30;AS05_31;AS05_32;AS05_33;AS05_34;AS05_35;AS05_36;AS05_37;AS05_38;AS05_39;AS05_40;AS05_41;AS05_42;AS05_43;AS05_44;AS05_45;AS05_46;AS05_47;AS05_48;AS05_49;WJ01_01;WJ01_02;WJ01_03;WJ01_04;WJ01_05;WJ01_06;WJ01_07;WJ01_08;WJ01_09;WJ01_10;WJ01_11;WJ01_12;WJ01_13;WJ01_14;WJ01_15;WJ01_16;WJ01_17;WJ01_18;WJ01_19;WJ01_20;CM01_01;CM01_02;CM01_03;CM01_04;CM01_05;CM01_06;CM01_07;CM01_08;CM01_09;CM01_10;CM01_11;CM01_12;CN04_01;CN04_02;CN04_03;CN04_04;CN04_05;CN04_06;CN04_07;CN04_08;CN04_09;RW01_01;RW01_02;RW01_03;RW01_04;RW01_05;RW01_06;RW01_07;RW01_08;RW01_09;RW01_10;RW01_11;RW01_12;SD02;SD04;SD05_01;SD06;SD08;SD09;JW01_01;JW01_02;JW01_03;JW01_04;JW01_05;JW01_06;JW02_07;JW02_08;JW02_09;JW02_10;JW02_11;JW02_12;JW02_13;NI01_01;NI01_02;NI01_03;NI01_04;NI01_05;NI01_06;NI01_07;NI01_08;NI01_09;NI01_10;NI01_11;NI01_12;NI01_13;NI01_14;NI01_15;NI01_16;DO01_01;DO01_02;DO01_03;DO01_04;DO01_05;DO01_06;DO01_07;DO01_08;DO01_09;DO01_10;DO01_11;DO01_12;DO01_13;DO01_14;DO01_15;DO01_16;SE01_01;SE01_02;SE01_03;SE01_04;SE02_01;SE02_02;SE02_03;SE02_04;SE03_01;SE03_02;SE03_03;SE03_04;SE04_01;SE04_02;SE04_03;SE04_04;SE05_01;SE05_02;SE05_03;SE05_04;SE06_01;SE06_02;SE06_03;SE06_04;SE07_01;SE07_02;SE07_03;SE07_04;SE08_01;SE08_02;SE08_03;SE08_04;SE09_01;SE09_02;SE09_03;SE09_04;SE10_01;SE10_02;SE10_03;SE10_04;SE11_01;SE11_02;SE11_03;SE11_04;ST01;RS01_01;RS01_02;RS01_03;RS01_04;RS01_05;RS01_06;RS01_07;RS01_08;RS01_09;RS01_10;RS02_01;RS02_02;RS02_03;RS02_04;RS02_05;RS02_06;RS02_07;RS02_08;RS02_09;RS02_10;RS03_01;RS03_02;RS03_03;RS03_04;RS03_05;RS03_06;RS03_07;RS03_08;RS03_09;RS03_10;RS04_01;RS04_02;RS04_03;RS04_04;RS04_05;RS04_06;RS04_07;RS04_08;RS04_09;RS04_10;RS05_01;RS05_02;RS05_03;RS05_04;RS05_05;RS05_06;RS05_07;RS05_08;RS05_09;RS05_10;RS06_01;RS06_02;RS06_03;RS06_04;RS06_05;RS06_06;RS06_07;RS06_08;RS06_09;RS06_10;RS07_01;RS07_02;RS07_03;RS07_04;RS07_05;RS07_06;RS07_07;RS07_08;RS07_09;RS07_10;RS08_01;RS08_02;RS08_03;RS08_04;RS08_05;RS08_06;RS08_07;RS08_08;RS08_09;RS08_10;TI01_01;TI01_02;TI01_03;TI01_04;TI01_05;TI01_06;TI01_07;TI01_08;TI01_09;TI01_10;GS01_01;GS01_02;GS01_03;GS01_04;GS01_05;GS01_06;GS01_07;GS01_08;GS01_09;GS01_10;GS01_11;GS01_12;GS01_13;GS01_14;GS01_15;GS01_16;TIME001;TIME002;TIME003;TIME004;TIME006;TIME007;TIME008;TIME009;TIME010;TIME011;TIME012;TIME013;TIME014;TIME015;TIME016;TIME017;TIME018;TIME019;TIME020;TIME021;TIME022;TIME023;TIME024;TIME025;TIME026;TIME_SUM;FINISHED;LASTPAGE;MAXPAGE;MISSING;MISSREL;DEG_MISS;DEG_TIME;DEGRADE
198; ; ;as1_122012;admin; ; ; ; ; ; ; ; ; ; ; ; ; ; ; ; ; ; ; ; ; ; ; ; ; ; ; ; ; ; ; ; ; ; ; ; ; ; ; ; ; ; ; ; ; ; ; ; ; ; ; ; ; ; ; ; ; ; ; ; ; ; ; ; ; ; ; ; ; ; ; ; ; ; ; ; ; ; ; ; ; ; ; ; ; ; ; ; ; ; ; ; ; ; ; ; ; ; ; ; ; ; ; ; ; ; ; ; ; ; ; ; ; ; ; ; ; ; ; ; ; ; ; ; ; ; ; ; ; ; ; ; ; ; ; ; ; ; ; ; ; ; ; ; ; ; ; ; ; ; ; ; ; ; ; ; ; ; ; ; ; ; ; ; ; ; ; ; ; ; ; ; ; ; ; ; ; ; ; ; ; ; ; ; ; ; ; ; ; ; ; ; ; ; ; ; ; ;-9; ; ; ; ; ; ; ; ; ; ; ; ; ; ; ; ; ; ; ; ; ; ; ; ; ; ; ; ; ; ; ; ; ; ; ; ; ; ; ; ; ; ; ; ; ; ; ; ; ; ; ; ; ; ; ; ; ; ; ; ; ; ; ; ; ; ; ; ; ; ; ; ; ; ; ; ; ; ; ; ; ; ; ; ; ; ; ; ; ; ; ; ; ; ; ; ; ; ; ; ; ; ; ; ; ; ;8;5;4; ; ; ; ; ; ; ; ; ; ; ; ; ; ; ; ; ; ; ; ; ; ;17;0;3;3;100;100;208;246;454
203; ; ;as1_122012;interview;7;2;6;6;5;7;4;6;2;3;1;2;6;1;2;7;7;3;2;7;1;6;3;4;1;4;5;1;1;5;5;7;5;5;5;7;4;1;2;2;5;5;1;4;4;1;4;5;4;7;3;6;4;6;4;6;4;4;4;6;4;3;6;4;4;3;3;4;4;6;6;7;5;4;6;3;2;6;5;5;6;1;1;1;1;1;1;1;1;1;6;2;7;2;7;1;7;4;7;2;4;1;1;5;2;3;1;3;2;3;3;4;3;2;5;5;5;5;5;5;4;3;4;1;1;2;1;1;1;2;4;1;1;1;1;2;2;6;1;1;1;1;1;1;1;4;6;7;3;5;7;5;7;5;2;4;1;3;4;2;2;4;2;3;1;1;3;3;3;1;3;4;5;1;3;4;5;2;2;4;5;3;2;4;3;2;5;4;1;4;1;4;1;1;4;3;1;1;2;1;1;1;2;1;2;1;1;2;2;1;1;2;1;2;1;1;2;1;2;1;2;2;2;2;1;2;2;2;1;2;1;2;2;1;1;2;2;2;2;1;2;2;2;1;2;2;2;2;1;2;2;1;2;2;2;1;1;2;1;1;2;2;1;1;1;2;1;2;2;2;1;1;1;1;1;2;1;2;6;6;2;4;7;2;6;5;2;3;2;3;6;2;4;7;4;5;2;6;2;4;5;6;4;4;30;20;17;26;103;71;87;59;172;43;97;492;147;97;106;819;195;184;142;111;56;599;109;106;115;2750;1;26;26;0;0;0;8;8
208; ; ;as1_122012;interview; ; ; ; ; ; ; ; ; ; ; ; ; ; ; ; ; ; ; ; ; ; ; ; ; ; ; ; ; ; ; ; ; ; ; ; ; ; ; ; ; ; ; ; ; ; ; ; ; ; ; ; ; ; ; ; ; ; ; ; ; ; ; ; ; ; ; ; ; ; ; ; ; ; ; ; ; ; ; ; ; ; ; ; ; ; ; ; ; ; ; ; ; ; ; ; ; ; ; ; ; ; ; ; ; ; ; ; ; ; ; ; ; ; ; ; ; ; ; ; ; ; ; ; ; ; ; ; ; ; ; ; ; ; ; ; ; ; ; ; ; ; ; ; ; ; ; ; ; ; ; ; ; ; ; ; ; ; ; ; ; ; ; ; ; ; ; ; ; ; ; ; ; ; ; ; ; ; ; ; ; ; ; ; ; ; ; ; ; ; ; ; ; ; ; ; ; ;1; ; ; ; ; ; ; ; ; ; ; ; ; ; ; ; ; ; ; ; ; ; ; ; ; ; ; ; ; ; ; ; ; ; ; ; ; ; ; ; ; ; ; ; ; ; ; ; ; ; ; ; ; ; ; ; ; ; ; ; ; ; ; ; ; ; ; ; ; ; ; ; ; ; ; ; ; ; ; ; ; ; ; ; ; ; ; ; ; ; ; ; ; ; ; ; ; ; ; ; ; ; ; ; ; ; ;6;27;8;162270; ; ; ; ; ; ; ; ; ; ; ; ; ; ; ; ; ; ; ; ; ;90;0;4;4;0;0;0;47;47
211; ; ;as1_122012;interview;3;2;7;6;6;1;1;7;1;1;4;1;6;4;5;3;2;2;2;2;1;1;1;4;2;2;3;-9;1;1;2;7;7;1;4;6;7;5;7;1;2;2;1;6;6;1;4;4;4;5;4;5;3;3;5;6;4;4;6;4;3;3;6;4;5;3;5;4;4;7;6;6;6;2;6;5;2;5;5;5;5;6;2;5;7;3;3;6;5;3;5;4;7;3;2;5;4;5;6;4;1;4;2;6;4;1;1;2;2;2;2;2;2;2;5;5;5;5;5;5;5;5;5;5;3;3;2;5;2;5;6;5;3;-9;4;2;2;4;4;3;1;2;2;1;1;4;4;6;6;-9;5;3;4;3;3;5;4;5;1;3;4;3;4;1;2;2;4;1;4;2;2;4;5;1;5;4;5;3;4;4;3;3;4;1;5;4;5;2;4;3;1;5;1;4;1;3;5;1;2;2;1;2;2;1;2;1;2;2;2;2;1;2;2;2;2;2;2;2;2;1;2;2;1;2;1;2;1;2;2;2;2;1;1;2;2;2;2;1;2;2;1;2;2;2;1;1;2;1;1;2;2;2;2;2;1;2;2;2;2;2;2;2;2;1;1;2;1;2;1;2;2;1;1;1;2;2;1;1;5;3;5;6;6;2;6;5;4;1;4;6;5;4;5;6;6;2;7;5;6;3;5;3;5;2;18;9;8;8931;184;457;106;87182;4208;136;385;140479;90;132;177;180;91;107;85;101;112;384;71;47;69;2701;1;26;26;1;1;2;16;18
213; ; ;as1_122012;interview;4;4;7;4;4;4;1;7;4;1;1;1;5;1;4;4;1;1;3;3;2;1;2;4;5;1;2;1;3;1;1;7;2;1;2;7;2;1;7;2;1;5;5;2;1;1;1;4;4;4;4;4;4;4;4;4;4;4;4;4;4;4;4;4;4;4;4;4;4;7;5;5;3;4;5;3;1;3;1;3;3;2;1;1;1;2;3;5;3;2;5;4;6;3;7;4;7;5;5;1;3;1;2;5;3;1;2;2;1;1;1;1;1;1;3;5;5;5;6;6;5;2;6;2;1;1;2;2;1;2;5;2;1;1;1;2;1;5;2;1;2;1;1;1;1;2;4;6;5;7;5;7;4;4;2;4;1;3;1;3;4;5;3;3;1;3;3;1;5;2;2;4;5;1;2;5;5;1;1;5;5;5;1;4;2;2;5;5;3;4;1;3;1;1;4;2;1;1;2;1;1;1;2;2;1;1;1;1;2;1;1;2;1;1;1;2;1;1;2;2;2;1;1;2;1;2;1;1;2;2;2;2;1;1;1;2;1;2;2;2;1;2;2;2;1;1;1;2;2;1;2;1;2;1;1;2;2;1;2;1;1;1;2;1;1;1;1;2;1;2;1;2;1;2;2;2;1;1;5;4;1;4;5;1;6;2;3;4;3;4;3;2;6;6;5;4;1;5;6;1;7;7;7;6;6;17;9;50;68;84;79;55;102;55;147;333;58;133;97;186;64;169;67;110;34;241;57;39;73;2333;1;26;26;0;0;0;14;14
215; ; ;as1_122012;interview;5;1;7;5;4;7;4;7;3;1;3;1;6;1;6;-9;2;2;5;5;3;1;4;6;6;1;3;2;1;5;3;6;7;3;2;7;7;1;6;3;2;4;3;4;6;1;2;7;5;5;1;7;7;6;6;7;7;7;5;7;6;4;6;7;6;4;6;6;7;7;5;7;2;5;2;1;5;4;1;1;2;4;3;6;4;4;2;3;5;2;6;6;6;3;1;5;7;5;6;4;3;4;2;5;4;1;6;1;3;3;2;4;5;2;5;5;5;4;4;5;5;5;5;7;3;3;1;6;7;5;5;4;1;4;2;6;4;6;4;2;1;2;4;2;2;5;3;6;6;5;6;4;5;1;3;5;3;5;1;1;4;5;1;3;2;1;3;2;5;1;1;3;5;1;1;4;3;1;2;5;5;4;2;3;5;1;5;4;2;2;1;5;1;3;5;5;1;1;2;2;1;2;1;1;2;2;2;2;2;2;2;2;1;1;2;2;2;1;2;1;1;1;2;2;2;2;2;2;1;2;2;2;1;2;1;2;1;2;2;2;1;2;2;1;2;2;2;1;2;2;2;2;1;2;1;2;2;1;1;2;2;2;1;1;1;2;1;2;2;2;2;1;2;1;2;2;2;1;5;4;6;2;7;5;7;4;3;2;1;6;7;2;6;7;2;7;7;6;7;1;6;6;7;4;34;49;8;24;65;54;90;98;104;78;179;962;93;183;207;109;300;388;109;979;481;278;66;37;49;2597;1;26;26;1;0;1;8;9
220; ; ;as1_122012;interview;6;1;7;2;5;2;1;7;1;1;1;1;7;7;5;7;7;1;1;3;1;1;1;4;1;1;1;1;7;4;1;3;7;1;5;7;7;1;3;1;1;1;1;5;5;5;4;4;2;4;4;4;4;4;4;4;4;4;4;4;4;4;4;4;4;4;4;4;4;6;4;6;4;2;3;1;3;4;5;5;4;1;1;1;1;3;1;1;1;1;1;1;7;2;5;1;7;1;7;3;3;1;-9;5;3;1;2;1;5;2;1;2;1;1;5;5;5;5;5;5;5;4;3;1;1;2;1;2;1;3;5;2;1;1;3;7;2;7;1;1;1;5;2;3;1;4;7;7;3;3;6;7;7;4;2;5;2;4;1;1;5;4;1;2;1;1;5;1;4;1;1;5;5;2;5;5;5;2;1;5;5;4;3;2;2;3;5;5;2;5;1;4;1;4;5;5;2;1;2;2;1;1;1;1;2;1;1;2;2;1;1;1;1;2;1;2;1;2;2;1;1;2;2;2;2;2;2;2;1;2;1;2;1;2;1;2;1;2;2;2;1;2;2;2;2;2;1;2;1;2;2;2;2;1;1;2;1;1;1;1;2;2;2;2;1;2;1;2;2;2;2;1;1;2;2;2;1;1;6;5;5;3;7;7;7;2;4;1;6;5;6;5;2;6;4;6;7;4;2;1;6;7;7;5;75;332;109;67;59;58;98;90;95;132;135;362;60;88;100;98;57;69;67;71;41;197;41;28;49;2158;1;26;26;1;0;1;8;9
223; ; ;as1_122012;interview;5;6;7;3;5;4;1;7;4;2;6;2;4;2;2;2;1;3;7;5;3;2;5;6;5;2;5;2;4;6;5;6;7;5;4;3;7;2;6;4;4;4;5;7;6;1;5;6;5;5;3;6;5;4;5;6;5;3;4;5;5;4;4;4;5;3;4;5;4;4;5;6;4;4;5;4;3;4;6;4;7;5;4;4;5;6;5;5;6;4;6;6;7;5;1;5;6;4;5;6;2;4;2;5;5;2;6;3;3;4;4;2;3;3;5;4;4;4;4;4;5;6;6;6;4;5;2;4;3;7;5;4;1;3;2;7;5;3;4;5;3;2;6;3;2;5;5;5;5;5;3;6;5;3;2;5;3;5;1;2;5;2;2;2;5;4;4;2;5;1;4;4;5;2;2;2;5;2;2;4;3;4;1;2;3;3;4;4;1;3;3;5;1;4;5;1;1;1;2;2;1;1;1;1;1;2;2;2;1;2;1;1;1;2;2;1;2;2;2;1;1;1;1;2;2;2;2;1;1;2;2;2;1;2;2;2;1;1;1;1;2;2;2;1;1;1;2;1;2;2;2;2;1;1;1;2;1;1;2;1;2;2;2;1;1;2;1;2;1;2;2;1;2;2;2;2;2;1;7;5;7;1;6;1;6;1;5;2;2;6;5;1;2;5;3;1;5;6;6;2;5;7;5;3;499;9;21;92;83;71;95;66;290;88;183;551;61;80;129;122;68;74;84;112;61;440;83;55;80;2827;1;26;26;0;0;0;14;14
226; ; ;as1_122012;interview;5;7;7;6;4;7;1;7;7;1;1;1;7;7;4;1;7;1;1;4;1;1;7;4;1;1;1;1;4;3;1;7;1;7;1;7;1;1;7;7;1;7;1;1;1;1;1;4;4;4;4;4;4;4;4;4;4;4;4;4;4;4;4;4;4;4;4;4;4;1;4;7;1;4;6;1;1;4;1;1;1;1;1;1;1;1;1;1;1;1;3;1;7;1;7;1;7;1;7;1;7;1;1;6;2;1;6;1;1;1;1;1;2;2;1;1;1;1;1;1;1;1;1;1;1;1;1;1;1;1;1;1;1;1;1;1;1;7;1;1;1;1;1;1;1;7;7;7;1;7;7;7;7;5;2;5;1;5;1;1;1;2;3;1;1;1;2;1;5;1;3;3;5;1;1;3;5;1;1;5;1;3;5;5;5;1;5;5;1;4;2;5;1;3;5;1;1;1;2;2;1;2;1;1;2;2;2;2;1;2;2;1;2;2;2;2;2;1;1;1;2;2;2;2;1;2;2;2;2;1;2;1;1;2;1;1;1;1;2;2;2;1;2;2;2;1;2;1;1;2;2;2;2;2;1;1;1;2;1;2;1;2;1;1;1;2;1;2;1;2;1;1;1;2;1;2;1;2;6;5;3;2;5;5;6;4;7;2;7;6;6;2;4;5;3;1;2;1;4;1;7;6;7;6;3;23;8;60;92;68;74;54;107;63;59;1581;147;163;142;691;205;281;170;1951;76;509;65;40;54;2725;1;26;26;0;0;0;14;14
227; ; ;as1_122012;interview;7;2;7;5;5;5;4;7;4;1;2;1;1;1;5;3;7;1;4;2;1;3;1;4;3;1;1;1;1;4;1;1;4;1;4;7;5;3;7;1;2;4;4;3;4;7;2;5;5;4;1;7;7;5;6;7;7;5;7;7;7;6;7;7;7;4;4;7;7;7;5;7;7;4;6;5;2;5;5;4;6;1;2;1;3;4;1;6;2;1;5;3;7;3;6;5;7;4;7;4;4;2;2;5;2;1;1;2;2;2;2;1;3;3;5;5;5;5;6;5;4;2;2;1;1;2;1;1;1;2;2;1;1;1;1;1;3;7;1;3;1;1;3;1;1;4;5;7;7;6;7;7;7;5;1;5;1;3;1;2;5;5;2;5;1;1;1;1;5;1;1;5;5;2;5;3;5;1;2;5;5;2;5;2;4;2;5;4;3;5;1;4;1;3;4;-9;1;1;1;2;2;1;1;2;1;2;1;2;2;2;1;1;1;2;1;1;1;2;2;1;2;2;2;2;1;2;1;1;2;2;1;1;1;2;1;2;1;2;1;1;2;2;2;1;1;1;2;2;1;2;2;2;2;2;1;2;2;1;2;1;2;2;2;2;2;2;2;2;2;2;1;2;1;2;1;2;1;2;4;5;6;4;6;6;7;4;5;4;1;5;7;2;1;7;6;4;2;5;7;1;7;4;7;5;6;74;30;30;73;56;53;77;84;58;68;309;66;63;102;84;67;84;82;77;39;170;67;53;179;1929;1;26;26;1;0;1;11;11
228; ; ;as1_122012;interview;4;1;7;5;3;4;1;6;1;1;1;1;6;1;1;3;5;1;5;2;1;1;3;4;3;1;2;1;1;2;1;5;3;5;3;7;5;1;5;1;2;6;2;3;2;2;3;4;4;4;4;4;4;4;4;4;4;4;4;4;4;4;4;4;4;4;4;4;4;7;5;7;6;4;5;6;1;6;7;5;7;4;1;1;4;1;1;6;5;1;6;3;7;1;3;2;7;4;5;2;6;1;2;5;3;1;1;2;1;1;4;2;3;2;3;3;3;3;2;3;4;3;2;3;2;2;1;1;1;2;4;1;1;1;1;3;1;5;2;1;1;2;1;2;1;5;5;6;7;7;7;7;7;5;2;4;3;4;2;2;4;5;3;3;1;2;4;3;3;4;2;5;5;2;1;4;2;2;2;4;4;3;3;3;3;2;3;5;4;5;2;4;1;2;4;4;3;1;2;2;1;1;1;2;2;2;1;2;1;2;2;1;1;2;2;2;2;2;2;2;2;2;2;1;1;2;2;1;2;2;1;2;1;1;1;2;2;2;2;2;1;2;2;1;2;1;1;2;1;2;2;2;1;1;1;2;1;1;1;2;2;2;2;2;1;2;1;2;2;2;2;1;1;2;1;2;1;2;5;6;6;4;5;5;5;2;3;5;5;5;7;2;7;5;3;1;5;7;7;1;6;7;6;6;23;16;7;31;70;58;62;50;99;56;74;327;75;80;93;87;58;86;79;95;43;214;38;26;23;1870;1;26;26;0;0;0;23;23
230; ; ;as1_122012;interview;5;6;7;3;3;7;2;7;7;1;1;1;3;1;1;1;3;1;2;1;4;1;4;7;5;1;1;1;1;1;1;5;2;6;1;4;3;1;5;6;1;2;3;1;1;1;1;1;1;3;4;6;7;5;6;6;7;5;7;6;6;5;6;6;6;5;4;5;5;4;3;5;4;6;4;1;3;2;2;1;3;3;1;1;1;1;2;4;1;2;4;3;7;3;5;5;7;5;6;5;3;4;1;5;3;1;2;4;4;4;5;4;6;6;4;4;5;5;5;5;4;3;2;3;2;2;1;1;2;1;3;1;1;1;2;1;1;5;2;2;1;1;1;2;1;2;5;7;5;4;5;7;7;4;2;5;1;5;1;3;4;5;4;4;2;2;4;2;4;2;1;5;5;1;2;5;5;4;2;5;5;2;4;4;3;4;3;4;3;5;1;5;2;2;5;4;1;1;2;2;1;1;2;1;2;1;1;2;2;2;1;1;1;2;2;1;2;1;2;2;1;1;2;2;1;1;2;1;1;2;2;1;1;2;1;2;1;1;2;2;1;1;2;2;1;1;1;1;1;-9;1;2;2;2;1;2;1;1;2;2;1;2;2;2;1;2;1;2;2;1;2;1;2;1;2;2;2;2;3;2;5;4;5;6;7;3;5;4;3;6;5;1;2;4;5;1;3;6;6;2;5;6;7;6;2;59;5;56;63;55;53;40;73;174;195;287;81;68;70;69;52;71;54;58;29;168;44;34;20;1778;1;26;26;1;0;1;34;34
231; ; ;as1_122012;interview;5;4;7;2;4;7;4;7;3;1;2;2;6;7;2;2;3;2;2;2;1;3;5;6;5;1;2;2;2;2;1;7;5;5;4;7;3;2;7;2;2;7;2;1;2;1;2;2;5;5;2;6;6;5;6;6;6;6;5;6;6;6;6;6;6;5;6;4;6;6;6;6;5;4;5;3;1;5;5;6;5;2;4;2;4;2;4;2;5;4;6;4;7;4;5;2;6;4;7;4;6;2;1;6;3;1;2;1;3;2;3;1;5;2;6;5;4;4;4;4;4;6;4;2;2;4;1;2;3;4;5;2;1;2;1;4;2;5;2;1;1;2;1;1;1;5;4;6;6;6;6;6;6;2;3;5;3;4;1;4;4;5;2;4;3;1;4;2;4;1;3;4;5;1;3;4;5;3;2;5;4;3;2;1;4;3;2;4;4;4;1;5;1;4;4;2;1;1;2;2;1;2;1;1;2;2;2;2;1;1;1;1;2;1;2;1;2;1;2;1;2;2;2;2;2;1;2;1;2;2;1;1;1;2;1;2;1;1;2;2;1;1;2;2;1;2;2;1;1;2;2;2;2;2;1;2;2;1;1;2;2;2;2;2;2;2;1;2;1;2;2;2;1;2;1;2;1;2;3;4;6;4;5;6;6;5;5;4;5;4;6;1;6;5;1;2;4;5;5;1;6;4;6;4;4;277;9;64;89;71;92;72;136;66;103;376;77;83;98;89;174;225;158;82;228;413;119;50;168;2795;1;26;26;0;0;0;7;7
233; ; ;as1_122012;interview;6;3;7;4;6;6;4;7;6;1;2;1;4;2;3;1;3;2;2;2;6;3;7;6;3;2;2;2;2;1;1;7;2;2;2;6;2;2;7;7;2;5;6;5;4;3;3;5;5;5;3;7;6;6;6;7;6;6;6;6;6;7;7;6;7;7;6;6;6;5;4;6;4;3;4;5;3;5;5;5;5;4;3;3;3;4;2;5;5;3;3;6;7;3;7;5;7;6;7;6;5;5;2;5;4;1;1;1;2;3;3;-9;2;2;4;3;4;5;2;3;3;3;4;5;3;3;2;3;2;4;3;2;2;2;2;2;2;6;3;2;2;2;2;2;1;2;5;5;6;6;5;6;6;4;2;5;2;5;1;2;5;5;4;3;2;2;3;1;5;2;1;5;5;1;5;5;5;1;2;5;5;3;4;2;3;4;5;5;4;5;1;4;1;1;5;5;3;1;2;1;1;2;2;2;2;1;1;1;2;2;1;2;1;1;2;2;2;1;2;2;1;1;1;2;1;2;1;2;1;2;2;1;1;1;2;2;2;1;2;1;1;2;1;2;2;2;1;2;1;1;1;2;1;1;1;2;1;1;1;1;1;2;1;1;1;1;1;2;2;1;2;1;2;1;1;2;1;1;4;5;5;5;6;5;7;6;5;3;6;5;7;3;7;7;6;-9;7;7;6;3;7;7;7;6;2;10;8;14;113;72;64;43;70;66;80;324;105;64;64;2025;44;1307;98;78;105;296;795;51;94;2068;1;26;26;1;1;1;34;36
234; ; ;as1_122012;interview;-9;-9;-9;-9;-9;-9;-9;-9;-9;-9;-9;-9;-9;-9;-9;-9;-9;-9;-9;-9;-9;-9;-9;-9;-9;-9;-9;-9;-9;-9;-9;-9;-9;-9;-9;-9;-9;-9;-9;-9;-9;-9;-9;-9;-9;-9;-9;-9;-9;-9;-9;-9;-9;-9;-9;-9;-9;-9;-9;-9;-9;-9;-9;-9;-9;-9;-9;-9;-9;-9;-9;-9;-9;-9;-9;-9;-9;-9;-9;-9;-9;-9;-9;-9;-9;-9;-9;-9;-9;-9;-9;-9;-9;-9;-9;-9;-9;-9;-9;-9;-9;-9;-9;-9;-9;-9;-9;-9;-9;-9;-9;-9;-9;-9;-9;-9;-9;-9;-9;-9;-9;-9;-9;-9;-9;-9;-9;-9;-9;-9;-9;-9;-9;-9;-9;-9;-9;-9;-9;-9;-9;-9;-9;-9;-9;-9;-9;-9;-9;-9;-9;-9;-9;-9;-9;-9;-9;-9;-9;-9;-9;-9;-9;-9;-9;-9;-9;-9;-9;-9;-9;-9;-9;-9;-9;-9;-9;-9;-9;-9;-9;-9;-9;-9;-9;-9;-9;-9;-9;-9;-9;-9;-9;-9;-9;-9;-9;1;-9;-9;-9;-9;-9;-9;-9;-9;-9;-9;-9;-9;-9;-9;-9;-9;-9;-9;-9;-9;-9;-9;-9;-9;-9;-9;-9;-9;-9;-9;-9;-9;-9;-9;-9;-9;-9;-9;-9;-9;-9;-9;-9;-9;-9;-9;-9;-9;-9;-9;-9;-9;-9;-9;-9;-9;-9;-9;-9;-9;-9;-9;-9;-9;-9;-9;-9;-9;-9;-9;-9;-9;-9;-9;-9;-9;-9;-9;-9;-9;-9;-9;-9;-9;-9;-9;-9;-9;-9;-9;-9;-9;-9;-9;-9;-9;-9;-9;-9;-9;-9;-9;-9;-9;-9;-9;19;17;23;18;70;12;11;22;17;15;24;15;12;22;10;27;19;10;42;7;6;32;24;5;5;484;0;26;26;100;100;208;231;439
239; ; ;as1_122012;interview;5;2;7;2;4;2;5;7;1;1;3;1;7;1;5;6;4;1;4;2;1;2;2;4;4;1;1;1;3;2;1;6;5;1;2;6;1;2;7;1;1;4;2;2;3;1;1;3;4;4;4;4;4;4;4;4;4;4;4;4;4;4;4;4;4;4;4;4;4;6;4;5;3;4;3;4;1;4;2;2;2;1;1;1;3;2;3;1;1;1;6;1;7;2;6;2;7;6;7;1;4;1;2;5;3;1;1;1;3;2;3;1;4;3;1;5;2;5;5;5;4;6;4;7;3;5;1;5;2;6;5;2;3;2;2;4;2;6;1;2;1;1;1;1;1;7;7;7;4;6;6;6;6;4;2;5;3;5;1;2;5;5;3;1;1;2;3;1;5;2;1;4;5;2;4;3;5;2;3;4;5;3;2;2;4;3;5;5;1;5;1;5;1;2;5;5;1;1;2;2;1;1;1;1;2;1;2;2;2;2;1;2;1;2;2;1;1;1;2;1;1;1;1;2;1;1;2;1;2;1;1;2;1;1;1;2;1;2;2;1;1;2;2;2;2;1;1;1;2;2;1;2;1;1;1;2;2;1;1;1;2;2;2;1;1;2;1;2;2;1;2;1;2;1;2;1;2;1;5;4;5;3;4;5;6;2;5;3;6;7;7;2;6;7;2;2;7;6;5;2;7;7;6;7;1694;147;73;90;207;137;102;63;334;101;214;1051;82;180;240;174;93;234;112;155;49;262;175;67;52;3133;1;26;26;0;0;0;0;0
242; ; ;as1_122012;interview; ; ; ; ; ; ; ; ; ; ; ; ; ; ; ; ; ; ; ; ; ; ; ; ; ; ; ; ; ; ; ; ; ; ; ; ; ; ; ; ; ; ; ; ; ; ; ; ; ; ; ; ; ; ; ; ; ; ; ; ; ; ; ; ; ; ; ; ; ; ; ; ; ; ; ; ; ; ; ; ; ; ; ; ; ; ; ; ; ; ; ; ; ; ; ; ; ; ; ; ; ; ; ; ; ; ; ; ; ; ; ; ; ; ; ; ; ; ; ; ; ; ; ; ; ; ; ; ; ; ; ; ; ; ; ; ; ; ; ; ; ; ; ; ; ; ; ; ; ; ; ; ; ;4;3;5;1;4;1;2;5;3;5;2;2; ; ; ; ; ; ; ; ; ; ; ; ; ; ; ; ; ; ; ; ; ; ; ; ; ; ; ; ; ; ; ; ;1; ; ; ; ; ; ; ; ; ; ; ; ; ; ; ; ; ; ; ; ; ; ; ; ; ; ; ; ; ; ; ; ; ; ; ; ; ; ; ; ; ; ; ; ; ; ; ; ; ; ; ; ; ; ; ; ; ; ; ; ; ; ; ; ; ; ; ; ; ; ; ; ; ; ; ; ; ; ; ; ; ; ; ; ; ; ; ; ; ; ; ; ; ; ; ; ; ; ; ; ; ; ; ; ; ; ;2;30;5;43;56; ; ; ; ; ; ; ; ; ; ; ; ; ; ; ; ; ; ; ; ;136;0;6;6;0;0;0;92;92
244; ; ;as1_122012;interview;7;1;4;7;5;6;5;7;1;1;5;4;7;3;5;7;4;5;7;7;1;5;5;-9;1;-9;6;-9;7;6;7;7;7;1;1;7;7;1;6;1;7;1;1;1;2;1;5;6;2;-9;-9;-9;-9;-9;-9;-9;-9;-9;-9;-9;-9;-9;-9;-9;-9;-9;-9;-9;-9;6;7;7;5;4;3;3;1;5;5;4;6;2;1;2;2;1;1;2;1;1;7;1;7;1;2;1;7;4;7;1;5;1;1;5;3;1;6;1;1;1;1;1;2;2;4;4;3;4;1;3;4;5;2;5;1;7;1;4;1;2;3;5;1;3;1;3;1;5;1;2;3;5;3;1;2;7;6;7;7;7;7;7;5;5;5;1;2;1;1;5;5;2;1;1;1;4;3;1;2;1;3;3;3;1;5;5;5;3;5;2;1;3;1;1;1;5;1;2;2;5;1;5;1;5;2;1;4;1;2;2;1;1;2;2;1;1;1;2;1;2;2;2;1;2;1;1;2;1;2;1;1;1;1;1;1;2;2;1;2;2;2;1;1;1;1;2;1;1;1;1;1;2;1;1;2;1;1;2;1;2;1;2;1;2;1;1;2;1;2;2;1;1;2;2;2;2;1;2;2;1;1;2;1;1;1;1;1;2;3;5;3;6;6;6;7;5;3;1;5;7;2;1;7;2;1;1;1;7;5;1;4;5;1;7;29;45;5;45;133;45;85;52;77;150;162;350;116;66;167;263;50;93;58;152;32;220;51;27;160;2530;1;26;26;8;7;15;16;31
246; ; ;as1_122012;interview;7;2;7;6;4;5;1;7;2;1;2;1;6;3;4;2;1;1;2;3;2;1;5;4;7;1;2;1;4;1;2;7;4;1;5;5;3;5;7;5;1;4;5;1;1;1;1;1;4;5;3;5;5;4;6;6;6;3;5;6;5;5;5;4;6;4;4;6;5;5;4;6;2;6;4;2;3;4;3;4;2;5;2;4;4;2;4;3;4;4;5;2;7;3;6;2;7;2;6;2;3;2;2;5;3;1;1;1;1;2;2;2;2;3;5;5;6;5;5;5;4;3;5;3;4;4;4;2;2;3;5;2;4;2;2;2;3;7;2;2;1;1;2;1;1;4;5;6;5;4;4;6;5;4;3;5;2;3;1;2;5;4;2;1;2;1;3;3;5;1;3;4;5;1;3;4;5;2;4;3;4;3;2;1;4;2;4;3;2;4;1;2;1;2;3;3;1;1;2;2;1;1;2;2;2;1;1;2;2;2;1;1;1;2;2;1;2;2;2;2;2;2;1;2;1;2;2;1;1;2;2;2;1;1;2;2;1;2;2;1;1;2;2;1;2;2;1;1;1;1;1;2;1;1;1;2;2;2;1;2;2;2;1;2;1;2;1;2;2;2;2;1;1;2;1;2;1;1;5;2;5;4;5;2;6;4;3;3;7;4;5;2;3;6;5;2;6;4;3;2;4;4;6;3;10;54;15;48;69;75;91;57;106;72;116;387;64;105;216;125;94;111;172;113;42;734;192;53;125;2622;1;26;26;0;0;0;2;2
252; ; ;as1_122012;interview; ; ; ; ; ; ; ; ; ; ; ; ; ; ; ; ; ; ; ; ; ; ; ; ; ; ; ; ; ; ; ; ; ; ; ; ; ; ; ; ; ; ; ; ; ; ; ; ; ; ; ; ; ; ; ; ; ; ; ; ; ; ; ; ; ; ; ; ; ; ; ; ; ; ; ; ; ; ; ; ; ; ; ; ; ; ; ; ; ; ; ; ; ; ; ; ; ; ; ; ; ; ; ; ; ; ; ; ; ; ; ; ; ; ; ; ; ; ; ; ; ; ; ; ; ; ; ; ; ; ; ; ; ; ; ; ; ; ; ; ; ; ; ; ; ; ; ; ; ; ; ; ; ; ; ; ; ; ; ; ; ; ; ; ; ; ; ; ; ; ; ; ; ; ; ; ; ; ; ; ; ; ; ; ; ; ; ; ; ; ; ; ; ; ; ; ; ;1; ; ; ; ; ; ; ; ; ; ; ; ; ; ; ; ; ; ; ; ; ; ; ; ; ; ; ; ; ; ; ; ; ; ; ; ; ; ; ; ; ; ; ; ; ; ; ; ; ; ; ; ; ; ; ; ; ; ; ; ; ; ; ; ; ; ; ; ; ; ; ; ; ; ; ; ; ; ; ; ; ; ; ; ; ; ; ; ; ; ; ; ; ; ; ; ; ; ; ; ; ; ; ; ; ; ;9;44;8;43; ; ; ; ; ; ; ; ; ; ; ; ; ; ; ; ; ; ; ; ; ;104;0;4;4;0;0;0;31;31
254; ; ;as1_122012;interview; ; ; ; ; ; ; ; ; ; ; ; ; ; ; ; ; ; ; ; ; ; ; ; ; ; ; ; ; ; ; ; ; ; ; ; ; ; ; ; ; ; ; ; ; ; ; ; ; ; ; ; ; ; ; ; ; ; ; ; ; ; ; ; ; ; ; ; ; ; ; ; ; ; ; ; ; ; ; ; ; ; ; ; ; ; ; ; ; ; ; ; ; ; ; ; ; ; ; ; ; ; ; ; ; ; ; ; ; ; ; ; ; ; ; ; ; ; ; ; ; ; ; ; ; ; ; ; ; ; ; ; ; ; ; ; ; ; ; ; ; ; ; ; ; ; ; ; ; ; ; ; ; ; ; ; ; ; ; ; ; ; ; ; ; ; ; ; ; ; ; ; ; ; ; ; ; ; ; ; ; ; ; ; ; ; ; ; ; ; ; ; ; ; ; ; ; ;1; ; ; ; ; ; ; ; ; ; ; ; ; ; ; ; ; ; ; ; ; ; ; ; ; ; ; ; ; ; ; ; ; ; ; ; ; ; ; ; ; ; ; ; ; ; ; ; ; ; ; ; ; ; ; ; ; ; ; ; ; ; ; ; ; ; ; ; ; ; ; ; ; ; ; ; ; ; ; ; ; ; ; ; ; ; ; ; ; ; ; ; ; ; ; ; ; ; ; ; ; ; ; ; ; ; ;13;162;9; ; ; ; ; ; ; ; ; ; ; ; ; ; ; ; ; ; ; ; ; ; ;184;0;3;3;0;0;0;24;24
255; ; ;as1_122012;interview;4;1;5;6;4;5;5;6;3;2;1;4;7;1;1;7;7;4;5;6;1;5;4;4;1;5;4;4;2;7;5;5;6;4;4;4;3;1;4;1;4;5;1;5;5;2;4;7;5;5;3;4;4;4;4;4;5;5;5;4;4;3;4;6;4;4;4;4;4;7;5;5;4;5;5;4;1;4;4;5;4;1;1;1;4;2;1;7;3;1;6;1;7;2;7;1;3;4;6;2;4;2;2;5;3;2;2;2;1;2;2;3;1;2;5;5;6;6;5;5;5;3;3;2;1;1;1;1;1;2;2;1;1;1;1;2;2;6;2;1;1;1;1;1;1;2;7;7;7;7;7;7;7;5;3;5;2;4;1;3;3;4;2;2;3;3;4;2;4;2;4;4;4;2;3;4;5;3;3;4;4;4;3;3;4;4;4;4;2;2;1;5;1;3;4;4;1;1;2;2;1;2;1;1;2;1;2;2;2;2;1;1;2;2;2;2;1;2;1;1;1;1;2;2;2;2;2;2;1;2;2;2;1;1;1;2;1;2;2;2;1;2;2;2;1;1;1;2;2;2;2;2;1;1;1;2;2;1;1;1;2;2;2;2;1;2;1;2;1;1;2;1;2;1;2;2;1;1;6;5;6;3;6;4;6;2;4;3;5;6;7;3;4;6;5;4;6;6;5;2;7;6;5;5;10;157;48;101;84;70;68;51;127;69;96;383;72;79;101;283;102;120;141;117;54;266;60;60;68;2787;1;26;26;0;0;0;1;1
261; ; ;as1_122012;interview;5;1;7;2;4;7;4;7;1;1;1;1;5;1;1;6;4;1;2;1;1;1;6;4;1;1;1;1;1;1;1;5;2;4;5;7;5;1;5;1;1;6;1;5;4;1;3;5;4;4;4;4;4;4;4;4;4;4;4;4;4;4;4;4;4;4;4;4;4;2;1;1;2;6;2;1;4;2;2;4;2;3;1;1;4;1;1;2;1;1;4;2;7;1;7;1;7;1;7;1;6;1;1;5;3;1;1;1;3;1;3;1;2;2;5;6;5;6;5;5;6;2;3;1;1;1;1;1;1;1;2;1;1;1;1;1;1;6;1;1;1;1;1;1;1;1;6;7;7;7;6;7;7;1;2;5;1;2;1;1;4;5;1;5;1;1;4;2;5;2;1;4;5;1;1;5;4;2;1;4;5;3;2;2;3;2;2;4;2;1;1;4;1;3;4;2;1;1;2;2;1;1;1;2;2;2;1;2;1;2;2;1;1;1;2;1;2;1;1;2;2;2;2;1;2;1;2;1;2;1;1;2;1;2;1;1;1;2;1;1;2;2;2;1;1;1;2;2;1;2;2;2;2;2;1;1;1;1;2;1;1;2;2;2;2;1;1;2;1;2;1;2;1;2;1;2;1;2;6;3;4;1;6;4;6;2;6;2;2;6;7;1;3;1;6;1;3;6;6;2;6;7;7;6;8;68;6;31;79;54;69;76;128;130;62;296;57;73;92;188;112;91;74;82;39;188;48;36;26;2113;1;26;26;0;0;0;16;16
262; ; ;as1_122012;interview; ; ; ; ; ; ; ; ; ; ; ; ; ; ; ; ; ; ; ; ; ; ; ; ; ; ; ; ; ; ; ; ; ; ; ; ; ; ; ; ; ; ; ; ; ; ; ; ; ; ; ; ; ; ; ; ; ; ; ; ; ; ; ; ; ; ; ; ; ; ; ; ; ; ; ; ; ; ; ; ; ; ; ; ; ; ; ; ; ; ; ; ; ; ; ; ; ; ; ; ; ; ; ; ; ; ; ; ; ; ; ; ; ; ; ; ; ; ; ; ; ; ; ; ; ; ; ; ; ; ; ; ; ; ; ; ; ; ; ; ; ; ; ; ; ; ; ; ; ; ; ; ; ; ; ; ; ; ; ; ; ; ; ; ; ; ; ; ; ; ; ; ; ; ; ; ; ; ; ; ; ; ; ; ; ; ; ; ; ; ; ; ; ; ; ; ; ;1; ; ; ; ; ; ; ; ; ; ; ; ; ; ; ; ; ; ; ; ; ; ; ; ; ; ; ; ; ; ; ; ; ; ; ; ; ; ; ; ; ; ; ; ; ; ; ; ; ; ; ; ; ; ; ; ; ; ; ; ; ; ; ; ; ; ; ; ; ; ; ; ; ; ; ; ; ; ; ; ; ; ; ; ; ; ; ; ; ; ; ; ; ; ; ; ; ; ; ; ; ; ; ; ; ; ;7;7;6;30; ; ; ; ; ; ; ; ; ; ; ; ; ; ; ; ; ; ; ; ; ;50;0;4;4;0;0;0;148;148
263; ; ;as1_122012;interview;5;5;7;5;5;5;2;7;5;2;3;1;2;7;5;1;6;1;2;2;4;1;5;4;7;1;1;1;5;3;1;7;3;1;1;7;4;1;7;7;1;7;7;3;1;1;1;2;4;4;4;4;4;4;4;4;4;4;4;4;4;4;4;4;4;4;4;4;4;5;5;5;5;4;3;4;2;3;4;5;4;1;1;2;1;1;1;1;1;1;3;2;6;4;3;1;7;3;7;2;4;3;2;5;5;1;2;3;2;2;5;4;3;2;3;4;3;3;3;3;4;4;4;5;2;3;1;4;2;2;3;2;1;1;1;5;2;7;3;2;1;2;1;2;1;4;5;7;5;6;7;6;7;4;3;5;3;5;1;3;5;5;4;1;3;2;3;2;5;3;2;5;5;3;1;5;5;3;2;5;4;3;3;4;3;2;5;5;3;5;1;5;1;3;4;5;3;1;2;2;1;2;2;1;1;1;1;2;1;2;1;1;1;1;2;2;2;1;1;1;2;2;2;2;2;1;2;1;1;1;2;2;1;2;1;2;2;2;1;2;1;2;2;1;2;1;1;1;1;2;2;1;2;1;2;1;1;1;1;2;2;2;2;2;2;2;1;2;1;2;1;1;1;1;1;2;1;2;3;4;6;5;5;5;5;2;3;2;7;6;5;1;6;7;2;1;7;7;6;1;6;6;7;7;13;152;43;70;106;115;124;77;223;99;134;480;1437;135;205;201;110;170;186;175;55;335;111;65;64;3423;1;26;26;0;0;0;0;0
264; ; ;as1_122012;interview; ; ; ; ; ; ; ; ; ; ; ; ; ; ; ; ; ; ; ; ; ; ; ; ; ; ; ; ; ; ; ; ; ; ; ; ; ; ; ; ; ; ; ; ; ; ; ; ; ; ; ; ; ; ; ; ; ; ; ; ; ; ; ; ; ; ; ; ; ; ; ; ; ; ; ; ; ; ; ; ; ; ; ; ; ; ; ; ; ; ; ; ; ; ; ; ; ; ; ; ; ; ; ; ; ; ; ; ; ; ; ; ; ; ; ; ; ; ; ; ; ; ; ; ; ; ; ; ; ; ; ; ; ; ; ; ; ; ; ; ; ; ; ; ; ; ; ; ; ; ; ; ; ; ; ; ; ; ; ; ; ; ; ; ; ; ; ; ; ; ; ; ; ; ; ; ; ; ; ; ; ; ; ; ; ; ; ; ; ; ; ; ; ; ; ; ; ;1; ; ; ; ; ; ; ; ; ; ; ; ; ; ; ; ; ; ; ; ; ; ; ; ; ; ; ; ; ; ; ; ; ; ; ; ; ; ; ; ; ; ; ; ; ; ; ; ; ; ; ; ; ; ; ; ; ; ; ; ; ; ; ; ; ; ; ; ; ; ; ; ; ; ; ; ; ; ; ; ; ; ; ; ; ; ; ; ; ; ; ; ; ; ; ; ; ; ; ; ; ; ; ; ; ; ;4;6;11;12; ; ; ; ; ; ; ; ; ; ; ; ; ; ; ; ; ; ; ; ; ;33;0;4;4;0;0;0;191;191
266; ; ;as1_122012;interview;7;5;7;4;4;4;3;7;6;1;1;1;2;7;4;1;3;1;4;2;3;2;5;7;6;2;2;2;1;4;2;7;4;2;2;6;3;4;7;5;2;3;6;1;1;1;1;4;3;5;3;5;5;5;5;5;5;5;5;5;5;5;5;5;5;5;5;5;5;5;5;5;6;4;4;3;5;6;6;6;5;1;1;1;4;2;2;6;2;1;5;4;6;4;7;3;7;4;7;4;2;3;2;6;3;1;2;3;3;4;2;5;3;4;4;4;4;4;3;4;4;5;5;4;3;4;1;4;3;5;5;3;3;3;2;5;4;6;5;2;1;2;2;2;1;3;6;7;7;6;7;7;7;5;-9;5;-9;5;-9;-9;-9;4;-9;4;-9;-9;-9;-9;4;-9;-9;5;5;-9;-9;-9;5;-9;-9;-9;5;4;-9;-9;4;-9;5;-9;-9;4;-9;5;-9;-9;4;-9;-9;1;2;2;1;2;2;1;2;1;2;2;1;2;1;1;1;2;2;2;2;2;2;1;-9;1;1;2;2;2;2;2;2;2;2;2;1;2;1;2;1;2;2;2;1;2;1;2;2;1;1;1;2;2;1;2;1;1;1;2;2;2;1;2;2;2;1;2;2;2;1;2;1;2;1;-9;1;2;1;2;1;2;4;4;5;5;6;5;6;3;4;4;3;6;5;3;6;7;4;7;7;7;7;2;7;7;6;6;154;32;11;24;48;40;50;38;67;72;72;286;129;98;112;108;55;85;69;79;38;227;72;48;70;1940;1;26;26;10;10;20;16;37
268; ; ;as1_122012;interview;5;4;7;5;4;6;4;7;4;1;4;3;4;1;5;6;2;2;4;5;4;1;4;5;1;4;4;1;1;4;4;7;2;7;2;7;6;3;7;1;4;6;4;1;4;1;1;4;4;4;4;6;6;3;6;6;6;4;4;5;4;6;6;6;4;4;4;5;5;7;6;6;5;4;3;3;3;4;3;4;4;3;4;-9;5;3;2;4;4;2;3;4;7;5;7;2;6;2;5;3;3;3;2;5;4;1;1;3;1;2;2;3;2;3;4;2;2;2;3;2;2;6;5;4;2;2;2;3;2;4;5;3;2;2;1;6;4;7;4;2;1;3;3;1;2;4;4;6;5;5;5;3;6;3;3;5;3;4;1;3;4;4;2;4;1;2;5;1;5;2;2;5;5;1;5;5;5;3;3;5;5;3;4;4;5;4;5;5;2;4;1;5;1;4;5;5;3;1;2;1;1;2;2;1;2;1;2;2;1;2;2;1;1;1;2;2;2;1;2;1;2;1;1;2;1;2;2;2;1;2;2;2;1;2;1;2;2;2;2;2;1;2;2;2;2;2;1;2;2;2;2;2;1;2;1;1;1;2;1;2;2;2;2;2;1;2;1;2;2;2;2;1;2;2;2;2;2;2;4;4;6;4;6;6;7;2;6;3;7;5;6;2;6;5;4;3;7;6;6;2;7;7;5;7;3;6233;51;741;181;68;71;360;94;113;77;511;121;97;99;110;70;82;78;78;92;206;60;40;79;2552;1;26;26;1;0;1;8;9
269; ; ;as1_122012;interview;7;1;7;3;7;6;1;7;4;1;2;1;7;2;1;1;4;1;4;7;1;1;1;4;1;4;1;1;1;1;1;7;7;2;7;7;5;2;7;1;1;4;3;3;1;1;4;5;4;4;4;4;4;4;4;4;4;4;4;4;4;4;4;4;4;4;4;4;4;7;5;7;5;3;6;1;1;7;1;5;1;1;1;1;1;1;1;7;1;1;7;1;7;1;7;1;7;1;7;1;5;1;2;5;2;2;1;1;2;3;3;2;6;3;4;3;4;5;2;4;5;2;2;1;1;1;1;1;1;3;7;1;1;1;1;1;2;1;1;1;1;1;1;1;1;2;7;7;7;7;5;7;7;4;2;5;3;2;3;2;5;4;-9;2;2;2;2;4;4;2;3;4;-9;3;1;5;2;2;2;4;3;4;2;2;3;5;5;3;2;3;1;5;1;3;2;1;2;1;2;2;1;2;2;1;2;1;1;2;2;1;1;2;2;2;1;1;1;2;2;2;2;2;2;2;2;1;2;2;1;2;2;2;2;2;1;1;1;1;1;1;1;2;1;1;1;1;2;1;1;1;1;2;1;1;1;2;1;1;1;2;1;2;1;1;2;2;1;1;1;1;2;1;1;1;2;1;1;1;5;6;6;7;5;3;6;3;1;5;5;7;4;2;2;7;5;1;7;6;6;4;7;7;7;3;18;488;17;62;337;138;228;67;163;73;84;385;66;112;93;286;81;118;110;99;85;253;56;64;78;2737;1;26;26;1;1;1;2;3
270; ; ;as1_122012;interview; ; ; ; ; ; ; ; ; ; ; ; ; ; ; ; ; ; ; ; ; ; ; ; ; ; ; ; ; ; ; ; ; ; ; ; ; ; ; ; ; ; ; ; ; ; ; ; ; ; ; ; ; ; ; ; ; ; ; ; ; ; ; ; ; ; ; ; ; ; ; ; ; ; ; ; ; ; ; ; ; ; ; ; ; ; ; ; ; ; ; ; ; ; ; ; ; ; ; ; ; ; ; ; ; ; ; ; ; ; ; ; ; ; ; ; ; ; ; ; ; ; ; ; ; ; ; ; ; ; ; ; ; ; ; ; ; ; ; ; ; ; ; ; ; ; ; ; ; ; ; ; ; ; ; ; ; ; ; ; ; ; ; ; ; ; ; ; ; ; ; ; ; ; ; ; ; ; ; ; ; ; ; ; ; ; ; ; ; ; ; ; ; ; ; ; ; ;1; ; ; ; ; ; ; ; ; ; ; ; ; ; ; ; ; ; ; ; ; ; ; ; ; ; ; ; ; ; ; ; ; ; ; ; ; ; ; ; ; ; ; ; ; ; ; ; ; ; ; ; ; ; ; ; ; ; ; ; ; ; ; ; ; ; ; ; ; ; ; ; ; ; ; ; ; ; ; ; ; ; ; ; ; ; ; ; ; ; ; ; ; ; ; ; ; ; ; ; ; ; ; ; ; ; ;4;34;7;8; ; ; ; ; ; ; ; ; ; ; ; ; ; ; ; ; ; ; ; ; ;53;0;4;4;0;0;0;121;121
273; ; ;as1_122012;interview;7;4;7;5;6;6;5;7;4;4;1;2;5;7;3;2;7;2;4;5;3;7;5;4;6;4;7;4;1;5;5;7;6;2;2;6;7;2;-9;2;6;7;6;6;6;1;3;4;4;6;1;6;4;6;4;6;4;4;6;6;4;6;6;3;4;6;5;4;4;7;6;7;7;5;3;4;1;5;5;4;4;4;4;4;3;3;2;3;5;5;5;5;7;4;1;4;7;5;7;3;3;3;2;5;4;1;2;1;4;5;3;2;5;3;5;5;4;4;4;4;5;2;6;2;1;1;1;1;2;1;5;2;1;1;1;6;2;6;2;3;5;5;5;1;1;3;2;6;2;2;5;6;5;4;3;5;2;5;1;4;4;5;2;3;1;4;3;1;5;1;3;4;5;1;1;5;4;1;3;5;3;4;2;2;3;2;3;5;4;1;3;4;2;5;4;1;2;1;2;2;1;2;1;1;2;1;2;2;2;2;1;1;1;2;2;2;1;2;1;1;2;2;2;2;2;2;1;2;1;2;2;2;1;2;1;2;2;2;1;2;1;2;2;1;2;1;1;1;1;2;2;2;1;2;1;2;1;1;2;2;2;2;2;1;1;1;1;2;1;2;1;1;1;2;2;2;1;2;4;5;5;4;7;4;6;5;5;1;7;5;5;1;4;5;5;3;7;4;5;4;6;4;7;6;13;21;8;78;161;108;173;101;151;79;82;507;112;101;165;192;85;164;104;110;96;340;68;42;157;3022;1;26;26;1;0;1;8;9
274; ; ;as1_122012;interview;3;3;7;5;1;7;1;7;3;1;1;1;7;1;1;1;1;1;7;4;1;1;7;4;4;1;2;1;1;1;1;7;3;7;3;7;2;1;7;4;1;7;4;2;3;1;1;2;5;4;4;4;4;4;4;4;4;4;4;4;4;4;4;4;4;4;4;4;4;7;5;5;1;7;4;1;7;1;1;1;1;1;1;1;1;1;1;6;1;1;7;3;7;2;6;2;7;1;7;1;5;1;2;5;3;3;6;1;2;2;2;3;4;3;4;3;4;5;5;5;5;5;2;2;1;5;2;2;1;2;1;1;1;4;1;6;3;4;1;1;1;1;1;1;1;1;6;6;6;4;7;7;7;5;2;4;2;5;1;2;2;5;1;3;1;1;1;1;5;2;2;5;5;1;5;4;5;1;1;5;5;3;2;2;4;3;2;4;1;5;1;5;1;1;4;4;1;1;2;2;1;2;2;1;2;1;2;2;1;2;2;2;1;1;1;1;2;2;2;1;2;1;1;2;1;2;1;2;1;2;2;2;1;2;2;2;2;1;2;2;1;2;2;1;1;1;1;1;1;2;2;2;2;2;1;2;1;1;1;1;2;2;1;1;2;2;1;2;1;2;1;2;1;2;1;2;1;2;7;5;6;5;6;3;4;4;2;4;2;1;6;1;6;7;4;7;4;6;5;1;7;7;7;3;3;18;251;164;161;182;194;309;825;35;74;301;69;46;55;55;68;355;1452;1286;220;763;358;276;68;2010;1;26;26;0;0;0;19;19
275; ; ;as1_122012;interview; ; ; ; ; ; ; ; ; ; ; ; ; ; ; ; ; ; ; ; ; ; ; ; ; ; ; ; ; ; ; ; ; ; ; ; ; ; ; ; ; ; ; ; ; ; ; ; ; ; ; ; ; ; ; ; ; ; ; ; ; ; ; ; ; ; ; ; ; ; ; ; ; ; ; ; ; ; ; ; ; ; ; ; ; ; ; ; ; ; ; ; ; ; ; ; ; ; ; ; ; ; ; ; ; ; ; ; ; ; ; ; ; ; ; ; ; ; ; ; ; ; ; ; ; ; ; ; ; ; ; ; ; ; ; ; ; ; ; ; ; ; ; ; ; ; ; ; ; ; ; ; ; ;-9;-9;-9;-9;-9;-9;-9;-9;-9;-9;-9;-9; ; ; ; ; ; ; ; ; ; ; ; ; ; ; ; ; ; ; ; ; ; ; ; ; ; ; ; ; ; ; ; ;1; ; ; ; ; ; ; ; ; ; ; ; ; ; ; ; ; ; ; ; ; ; ; ; ; ; ; ; ; ; ; ; ; ; ; ; ; ; ; ; ; ; ; ; ; ; ; ; ; ; ; ; ; ; ; ; ; ; ; ; ; ; ; ; ; ; ; ; ; ; ; ; ; ; ; ; ; ; ; ; ; ; ; ; ; ; ; ; ; ; ; ; ; ; ; ; ; ; ; ; ; ; ; ; ; ; ;21;22;11;45;11; ; ; ; ; ; ; ; ; ; ; ; ; ; ; ; ; ; ; ; ;110;0;6;6;92;92;192;100;292
276; ; ;as1_122012;interview; ; ; ; ; ; ; ; ; ; ; ; ; ; ; ; ; ; ; ; ; ; ; ; ; ; ; ; ; ; ; ; ; ; ; ; ; ; ; ; ; ; ; ; ; ; ; ; ; ; ; ; ; ; ; ; ; ; ; ; ; ; ; ; ; ; ; ; ; ; ; ; ; ; ; ; ; ; ; ; ; ; ; ; ; ; ; ; ; ; ; ; ; ; ; ; ; ; ; ; ; ; ; ; ; ; ; ; ; ; ; ; ; ; ; ; ; ; ; ; ; ; ; ; ; ; ; ; ; ; ; ; ; ; ; ; ; ; ; ; ; ; ; ; ; ; ; ; ; ; ; ; ; ; ; ; ; ; ; ; ; ; ; ; ; ; ; ; ; ; ; ; ; ; ; ; ; ; ; ; ; ; ; ; ; ; ; ; ; ; ; ; ; ; ; ; ; ;1; ; ; ; ; ; ; ; ; ; ; ; ; ; ; ; ; ; ; ; ; ; ; ; ; ; ; ; ; ; ; ; ; ; ; ; ; ; ; ; ; ; ; ; ; ; ; ; ; ; ; ; ; ; ; ; ; ; ; ; ; ; ; ; ; ; ; ; ; ; ; ; ; ; ; ; ; ; ; ; ; ; ; ; ; ; ; ; ; ; ; ; ; ; ; ; ; ; ; ; ; ; ; ; ; ; ;3;11;8;35; ; ; ; ; ; ; ; ; ; ; ; ; ; ; ; ; ; ; ; ; ;57;0;4;4;0;0;0;116;116
278; ; ;as1_122012;interview; ; ; ; ; ; ; ; ; ; ; ; ; ; ; ; ; ; ; ; ; ; ; ; ; ; ; ; ; ; ; ; ; ; ; ; ; ; ; ; ; ; ; ; ; ; ; ; ; ; ; ; ; ; ; ; ; ; ; ; ; ; ; ; ; ; ; ; ; ; ; ; ; ; ; ; ; ; ; ; ; ; ; ; ; ; ; ; ; ; ; ; ; ; ; ; ; ; ; ; ; ; ; ; ; ; ; ; ; ; ; ; ; ; ; ; ; ; ; ; ; ; ; ; ; ; ; ; ; ; ; ; ; ; ; ; ; ; ; ; ; ; ; ; ; ; ; ; ; ; ; ; ; ; ; ; ; ; ; ; ; ; ; ; ; ; ; ; ; ; ; ; ; ; ; ; ; ; ; ; ; ; ; ; ; ; ; ; ; ; ; ; ; ; ; ; ; ;1; ; ; ; ; ; ; ; ; ; ; ; ; ; ; ; ; ; ; ; ; ; ; ; ; ; ; ; ; ; ; ; ; ; ; ; ; ; ; ; ; ; ; ; ; ; ; ; ; ; ; ; ; ; ; ; ; ; ; ; ; ; ; ; ; ; ; ; ; ; ; ; ; ; ; ; ; ; ; ; ; ; ; ; ; ; ; ; ; ; ; ; ; ; ; ; ; ; ; ; ; ; ; ; ; ; ;2;112;39; ; ; ; ; ; ; ; ; ; ; ; ; ; ; ; ; ; ; ; ; ; ;153;0;3;3;0;0;0;67;67
281; ; ;as1_122012;interview; ; ; ; ; ; ; ; ; ; ; ; ; ; ; ; ; ; ; ; ; ; ; ; ; ; ; ; ; ; ; ; ; ; ; ; ; ; ; ; ; ; ; ; ; ; ; ; ; ; ; ; ; ; ; ; ; ; ; ; ; ; ; ; ; ; ; ; ; ; ; ; ; ; ; ; ; ; ; ; ; ; ; ; ; ; ; ; ; ; ; ; ; ; ; ; ; ; ; ; ; ; ; ; ; ; ; ; ; ; ; ; ; ; ; ; ; ; ; ; ; ; ; ; ; ; ; ; ; ; ; ; ; ; ; ; ; ; ; ; ; ; ; ; ; ; ; ; ; ; ; ; ; ; ; ; ; ; ; ; ; ; ; ; ; ; ; ; ; ; ; ; ; ; ; ; ; ; ; ; ; ; ; ; ; ; ; ; ; ; ; ; ; ; ; ; ; ;1; ; ; ; ; ; ; ; ; ; ; ; ; ; ; ; ; ; ; ; ; ; ; ; ; ; ; ; ; ; ; ; ; ; ; ; ; ; ; ; ; ; ; ; ; ; ; ; ; ; ; ; ; ; ; ; ; ; ; ; ; ; ; ; ; ; ; ; ; ; ; ; ; ; ; ; ; ; ; ; ; ; ; ; ; ; ; ; ; ; ; ; ; ; ; ; ; ; ; ; ; ; ; ; ; ; ;12;16;19;28; ; ; ; ; ; ; ; ; ; ; ; ; ; ; ; ; ; ; ; ; ;75;0;4;4;0;0;0;49;49
286; ; ;as1_122012;interview;7;2;7;1;1;4;7;7;1;1;1;1;7;1;1;1;7;7;4;5;1;7;4;4;7;1;7;1;1;3;2;7;7;7;7;7;1;1;7;7;3;7;5;1;1;1;1;6;7;6;2;6;5;6;4;5;6;5;4;6;6;2;4;7;4;2;6;4;4;7;3;7;1;7;2;2;1;3;1;2;4;1;1;1;2;1;1;7;4;1;7;1;7;1;7;1;7;1;7;1;7;1;1;5;3;1;1;1;3;2;2;2;4;2;5;5;3;3;5;4;4;6;4;7;1;3;2;5;4;1;4;1;1;2;1;1;1;7;1;1;1;4;1;4;1;7;7;7;4;7;7;7;7;1;2;4;1;4;1;5;5;5;1;1;1;1;5;2;5;4;3;5;4;1;1;5;2;3;3;2;2;3;1;5;5;1;5;3;4;5;1;5;1;5;1;1;3;1;1;2;1;1;2;1;1;1;1;2;1;2;2;1;1;1;2;1;2;1;2;2;2;2;2;2;2;2;2;1;2;2;1;2;1;2;1;2;1;2;1;1;1;2;2;1;2;1;1;1;1;2;2;2;1;1;1;1;2;2;1;2;2;1;2;2;1;2;1;2;1;2;1;1;1;2;1;2;1;2;3;6;5;3;6;6;3;3;5;2;1;7;7;1;1;7;2;7;3;7;7;1;1;4;7;1;28;381;102;230;215;175;223;138;357;206;368;1088;246;271;220;340;189;299;213;243;141;1222;233;104;126;2471;1;26;26;0;0;0;0;0
287; ; ;as1_122012;interview;5;1;7;2;4;3;4;5;1;1;1;1;7;1;2;5;4;1;3;1;7;1;2;1;1;1;1;1;1;4;1;5;5;5;2;7;5;1;5;1;1;4;1;4;2;1;1;4;4;4;4;4;4;4;4;4;4;4;4;4;4;4;4;4;4;4;4;4;4;5;4;5;1;7;1;2;4;4;1;2;1;1;1;1;4;5;1;7;1;1;2;3;7;5;2;3;7;4;6;4;1;1;2;5;4;4;1;3;5;5;2;4;5;3;5;5;4;4;6;5;6;4;2;4;2;5;1;4;1;2;3;5;1;1;1;2;3;3;1;1;1;1;1;1;1;3;5;6;7;6;7;7;7;5;1;5;2;4;1;1;4;5;3;4;4;2;2;3;4;2;1;3;5;1;2;5;4;1;1;5;3;2;3;1;4;1;2;5;3;4;5;5;1;1;4;1;1;1;2;2;1;1;2;2;2;1;1;2;2;2;1;1;2;1;1;1;1;2;2;1;2;1;2;2;1;2;1;2;2;1;1;1;1;2;2;2;1;1;2;1;1;1;1;2;2;1;1;1;2;1;2;2;2;2;1;1;1;1;1;2;2;1;1;1;1;2;1;2;2;1;1;1;2;1;2;1;2;1;5;4;5;4;7;4;6;5;3;5;5;6;7;4;6;6;3;1;7;6;5;4;6;7;6;6;28;85;85;80;119;103;121;155;162;156;184;708;327;140;213;198;126;219;1883;6017;236;460;76;65;144;3708;1;26;26;0;0;0;0;0
290; ; ;as1_122012;interview;7;5;7;6;3;5;6;7;5;1;1;1;5;1;6;2;4;1;4;1;3;3;4;4;3;2;1;1;-9;2;1;7;5;1;4;7;3;1;7;3;1;7;4;1;1;1;1;3;4;4;4;4;4;4;4;4;4;4;4;4;4;4;4;4;4;4;4;4;4;7;6;7;7;4;7;4;2;7;4;7;5;1;1;1;1;1;1;7;1;1;5;2;7;4;7;3;7;3;6;1;7;4;1;5;2;1;6;1;1;2;2;2;1;1;3;5;4;4;4;4;5;4;4;1;1;1;1;1;4;2;5;1;1;1;1;4;2;7;3;1;1;4;1;1;1;5;6;7;4;5;7;5;7;2;3;5;1;5;1;3;3;3;5;2;4;2;4;2;5;3;4;5;5;1;1;5;3;2;3;5;2;5;3;1;3;2;1;5;4;3;1;5;1;3;2;2;1;1;2;2;1;1;1;1;2;2;2;2;1;2;2;2;1;2;2;1;2;1;2;1;1;2;2;2;2;2;2;1;2;2;2;2;1;1;1;2;1;2;2;1;2;2;2;1;2;1;2;1;2;2;1;2;1;2;1;2;2;2;2;2;1;2;2;2;2;1;2;2;1;2;2;1;2;1;2;2;1;2;3;5;7;2;7;6;6;2;7;2;2;5;4;1;4;2;2;1;6;2;2;2;7;7;6;6;3;370;24;16;88;69;90;47;110;48;93;397;44;74;113;109;55;85;84;88;38;227;43;43;55;2107;1;26;26;1;0;1;15;15
291; ; ;as1_122012;interview;7;3;7;1;1;6;2;7;3;1;1;1;6;1;6;3;7;3;4;2;4;5;3;7;6;1;7;1;2;5;1;7;1;5;1;7;1;1;7;5;5;6;6;1;1;1;1;6;7;4;4;4;4;4;4;4;4;4;4;4;4;4;4;4;4;4;4;4;4;6;5;6;4;4;2;1;2;5;5;5;4;1;1;1;1;2;1;7;1;1;7;1;7;1;6;1;7;1;7;1;6;4;2;5;2;1;1;2;1;1;1;1;2;1;4;4;4;4;3;3;4;1;2;5;1;2;2;1;1;7;4;1;1;1;5;5;2;5;1;3;1;4;1;2;1;5;5;5;5;3;3;3;7;3;2;5;3;5;1;2;4;5;1;4;2;1;1;1;5;4;3;4;5;1;4;3;5;1;3;5;5;3;4;1;2;1;5;5;1;5;1;5;1;1;3;4;1;1;2;2;1;1;2;1;2;1;1;2;2;1;1;1;1;2;1;2;1;1;2;2;2;1;1;1;1;1;2;1;1;2;2;1;1;2;1;2;1;2;1;1;1;2;2;1;1;1;1;2;1;1;1;2;1;1;1;2;1;1;1;1;2;2;1;1;2;2;1;2;2;2;2;1;2;1;2;2;1;1;3;3;5;6;5;7;7;4;2;2;7;5;6;2;5;1;5;1;1;6;4;2;1;7;7;7;8;101;49;89;142;107;119;80;207;78;254;950;161;159;208;281;146;266;126;150;86;304;84;56;62;3372;1;26;26;0;0;0;1;1
298; ; ;as1_122012;interview; ; ; ; ; ; ; ; ; ; ; ; ; ; ; ; ; ; ; ; ; ; ; ; ; ; ; ; ; ; ; ; ; ; ; ; ; ; ; ; ; ; ; ; ; ; ; ; ; ; ; ; ; ; ; ; ; ; ; ; ; ; ; ; ; ; ; ; ; ; ; ; ; ; ; ; ; ; ; ; ; ; ; ; ; ; ; ; ; ; ; ; ; ; ; ; ; ; ; ; ; ; ; ; ; ; ; ; ; ; ; ; ; ; ; ; ; ; ; ; ; ; ; ; ; ; ; ; ; ; ; ; ; ; ; ; ; ; ; ; ; ; ; ; ; ; ; ; ; ; ; ; ; ; ; ; ; ; ; ; ; ; ; ; ; ; ; ; ; ; ; ; ; ; ; ; ; ; ; ; ; ; ; ; ; ; ; ; ; ; ; ; ; ; ; ; ; ;-9; ; ; ; ; ; ; ; ; ; ; ; ; ; ; ; ; ; ; ; ; ; ; ; ; ; ; ; ; ; ; ; ; ; ; ; ; ; ; ; ; ; ; ; ; ; ; ; ; ; ; ; ; ; ; ; ; ; ; ; ; ; ; ; ; ; ; ; ; ; ; ; ; ; ; ; ; ; ; ; ; ; ; ; ; ; ; ; ; ; ; ; ; ; ; ; ; ; ; ; ; ; ; ; ; ; ;3;9;30; ; ; ; ; ; ; ; ; ; ; ; ; ; ; ; ; ; ; ; ; ; ;42;0;3;3;100;100;208;141;349
299; ; ;as1_122012;interview; ; ; ; ; ; ; ; ; ; ; ; ; ; ; ; ; ; ; ; ; ; ; ; ; ; ; ; ; ; ; ; ; ; ; ; ; ; ; ; ; ; ; ; ; ; ; ; ; ; ; ; ; ; ; ; ; ; ; ; ; ; ; ; ; ; ; ; ; ; ; ; ; ; ; ; ; ; ; ; ; ; ; ; ; ; ; ; ; ; ; ; ; ; ; ; ; ; ; ; ; ; ; ; ; ; ; ; ; ; ; ; ; ; ; ; ; ; ; ; ; ; ; ; ; ; ; ; ; ; ; ; ; ; ; ; ; ; ; ; ; ; ; ; ; ; ; ; ; ; ; ; ; ;4;2;4;3;4;2;1;5;5;2;1;3; ; ; ; ; ; ; ; ; ; ; ; ; ; ; ; ; ; ; ; ; ; ; ; ; ; ; ; ; ; ; ; ;1; ; ; ; ; ; ; ; ; ; ; ; ; ; ; ; ; ; ; ; ; ; ; ; ; ; ; ; ; ; ; ; ; ; ; ; ; ; ; ; ; ; ; ; ; ; ; ; ; ; ; ; ; ; ; ; ; ; ; ; ; ; ; ; ; ; ; ; ; ; ; ; ; ; ; ; ; ; ; ; ; ; ; ; ; ; ; ; ; ; ; ; ; ; ; ; ; ; ; ; ; ; ; ; ; ; ;9;97;25;68;191;17; ; ; ; ; ; ; ; ; ; ; ; ; ; ; ; ; ; ; ;304;0;7;7;0;0;0;27;27
300; ; ;as1_122012;interview;5;2;6;5;4;2;3;6;1;1;2;2;7;1;3;3;4;1;4;5;1;4;4;4;2;1;3;1;6;2;2;6;5;5;2;7;4;1;5;2;2;5;3;4;3;2;4;4;5;4;4;4;4;4;4;4;4;4;4;4;4;4;4;4;4;4;4;4;4;6;4;5;2;5;5;2;6;4;2;2;2;2;2;4;3;1;3;7;3;1;4;3;6;2;7;1;7;4;7;2;4;2;2;6;3;2;1;2;3;3;2;4;3;4;4;5;5;5;5;5;5;4;4;1;1;1;1;1;1;1;5;1;1;1;1;1;4;5;3;3;1;4;2;3;1;5;6;6;6;4;7;7;7;4;2;5;4;5;2;1;4;5;3;1;3;3;3;3;4;3;3;4;5;1;2;4;5;4;2;3;4;4;2;2;4;3;4;4;3;3;3;5;1;4;2;3;4;1;2;2;1;1;1;2;2;1;1;2;1;2;2;1;1;2;2;2;2;1;1;2;2;2;2;1;2;2;2;1;1;2;2;2;2;1;2;2;1;2;1;1;1;2;2;1;1;1;1;1;1;2;2;2;2;2;1;2;1;1;1;1;2;2;2;2;1;2;1;2;1;2;1;2;2;2;1;2;1;1;4;2;4;5;5;5;4;5;5;4;3;4;4;3;3;7;5;5;4;3;6;4;4;2;7;4;2;8;3;3;47;149;88;67;156;93;106;603;78;112;139;187;217;122;106;100;45;372;74;75;76;2882;1;26;26;0;0;0;56;56
301; ; ;as1_122012;interview; ; ; ; ; ; ; ; ; ; ; ; ; ; ; ; ; ; ; ; ; ; ; ; ; ; ; ; ; ; ; ; ; ; ; ; ; ; ; ; ; ; ; ; ; ; ; ; ; ; ; ; ; ; ; ; ; ; ; ; ; ; ; ; ; ; ; ; ; ; ; ; ; ; ; ; ; ; ; ; ; ; ; ; ; ; ; ; ; ; ; ; ; ; ; ; ; ; ; ; ; ; ; ; ; ; ; ; ; ; ; ; ; ; ; ; ; ; ; ; ; ; ; ; ; ; ; ; ; ; ; ; ; ; ; ; ; ; ; ; ; ; ; ; ; ; ; ; ; ; ; ; ; ; ; ; ; ; ; ; ; ; ; ; ; ; ; ; ; ; ; ; ; ; ; ; ; ; ; ; ; ; ; ; ; ; ; ; ; ; ; ; ; ; ; ; ; ;1; ; ; ; ; ; ; ; ; ; ; ; ; ; ; ; ; ; ; ; ; ; ; ; ; ; ; ; ; ; ; ; ; ; ; ; ; ; ; ; ; ; ; ; ; ; ; ; ; ; ; ; ; ; ; ; ; ; ; ; ; ; ; ; ; ; ; ; ; ; ; ; ; ; ; ; ; ; ; ; ; ; ; ; ; ; ; ; ; ; ; ; ; ; ; ; ; ; ; ; ; ; ; ; ; ; ;24;89;28; ; ; ; ; ; ; ; ; ; ; ; ; ; ; ; ; ; ; ; ; ; ;141;0;3;3;0;0;0;0;0
302; ; ;as1_122012;interview;6;2;6;2;4;5;3;6;2;1;2;1;7;1;5;6;4;2;4;4;3;4;4;5;2;4;2;2;1;4;4;6;4;1;7;7;4;2;5;3;1;6;2;3;3;2;2;4;4;4;4;4;4;4;4;4;4;4;4;4;4;4;4;4;4;4;4;4;4;7;6;6;6;3;6;5;3;6;7;7;7;4;2;4;4;3;2;6;4;3;5;4;7;1;3;3;7;1;7;1;7;1;2;5;3;1;6;2;4;3;4;2;4;3;2;5;5;5;5;5;5;4;4;3;2;2;4;2;2;4;4;2;2;2;2;2;2;7;2;2;1;1;1;4;1;1;7;7;7;7;7;7;7;4;3;4;1;3;1;4;4;5;4;1;4;3;4;1;4;2;1;3;5;1;3;4;4;4;2;5;3;4;3;3;4;4;1;4;3;4;2;3;1;3;5;1;5;1;2;2;1;2;2;1;2;1;2;2;2;2;1;1;1;2;2;1;1;2;2;1;2;1;2;2;1;1;2;2;2;2;2;2;1;1;1;2;1;2;1;1;1;2;2;2;2;2;1;1;2;2;2;2;1;1;1;1;2;2;1;2;2;2;2;2;1;2;1;2;2;1;2;1;2;1;2;2;2;1;3;2;6;4;6;5;6;4;5;3;3;7;7;2;2;6;4;1;6;7;7;4;5;7;7;7;650;199;97;105;170;121;120;85;150;112;127;994;57;108;162;118;96;119;113;129;68;440;75;52;78;3212;1;26;26;0;0;0;1;1
303; ; ;as1_122012;interview;7;2;7;7;5;7;6;7;2;2;5;2;7;1;7;6;2;3;6;6;2;5;4;5;1;1;5;3;3;2;4;7;7;3;3;3;6;2;6;1;5;6;1;3;5;1;4;6;5;4;5;6;5;6;5;6;6;5;6;6;5;6;6;6;5;6;2;3;5;6;5;6;7;5;7;6;2;7;7;7;6;6;5;6;6;5;5;2;5;5;2;2;5;5;4;6;1;7;6;5;4;5;1;5;5;1;2;3;3;4;2;2;3;3;5;5;5;5;5;5;5;6;5;5;4;6;4;5;5;6;6;5;3;6;4;7;5;6;3;4;2;5;5;2;2;7;6;6;1;3;4;3;6;5;1;5;3;5;3;2;4;4;4;2;3;4;4;1;5;2;3;5;5;1;4;5;5;3;3;5;4;5;3;4;4;4;3;5;3;4;2;5;3;4;4;2;4;1;2;2;1;2;1;1;2;2;2;2;2;2;2;1;2;2;2;1;2;2;2;1;2;2;2;2;2;2;2;1;2;2;2;2;1;2;1;2;1;2;2;2;2;1;2;2;1;1;2;1;2;2;1;2;2;1;1;2;1;2;2;2;2;2;2;2;2;2;1;2;2;1;2;1;1;1;2;2;2;1;6;3;7;2;7;2;7;2;6;3;5;7;6;2;5;6;3;1;6;6;7;1;6;5;6;5;5;97;65;48;94;67;76;60;100;63;110;451;93;99;121;133;67;116;103;108;47;258;67;87;103;2638;1;26;26;0;0;0;3;3
304; ; ;as1_122012;interview;7;1;7;5;1;4;1;7;6;1;3;2;6;1;3;3;1;1;3;5;2;1;4;4;5;1;3;1;1;4;2;7;4;2;1;7;4;2;5;2;1;6;4;4;4;1;1;4;4;4;4;5;5;4;5;5;7;4;4;5;5;5;5;5;5;5;5;6;6;7;6;6;6;5;5;5;1;5;3;5;5;3;1;1;2;3;2;1;1;1;5;3;7;1;6;2;7;1;7;1;7;1;2;5;3;1;6;1;3;2;3;3;4;3;5;5;5;6;6;6;5;4;2;6;2;2;1;2;1;4;4;1;1;1;1;6;2;5;3;1;1;3;1;2;1;2;1;4;5;4;5;7;6;5;3;5;2;5;1;2;3;5;3;1;2;2;4;1;5;5;2;3;5;3;4;3;5;1;3;5;5;3;3;1;4;2;5;5;3;5;1;5;1;2;4;4;3;1;2;2;1;1;2;1;2;1;2;2;2;1;1;1;1;2;1;1;1;2;2;1;2;1;1;2;1;2;2;2;2;2;2;2;1;1;1;2;1;2;2;2;1;2;2;2;2;2;2;1;1;2;1;2;2;1;1;1;1;1;1;2;2;2;1;2;1;2;1;2;1;2;1;2;1;2;1;2;1;2;6;2;6;4;7;4;7;1;4;2;7;7;7;6;7;7;4;5;6;7;5;1;7;6;7;6;4;65;24;71;72;61;64;61;129;115;84;472;78;91;113;98;76;79;82;77;46;212;72;38;39;2323;1;26;26;0;0;0;7;7
306; ; ;as1_122012;interview;6;2;7;5;4;5;7;7;2;3;2;5;3;1;3;7;5;7;4;7;3;7;3;5;1;7;3;2;1;4;4;7;3;7;1;1;5;4;7;1;2;3;1;3;5;1;7;7;4;7;1;7;4;4;3;4;4;4;4;5;2;2;5;5;3;1;6;6;3;7;7;7;5;4;5;2;1;2;1;5;6;1;1;2;2;1;1;3;3;1;6;2;7;2;7;1;7;6;6;1;6;2;2;6;4;2;2;3;3;2;1;1;1;2;3;4;4;4;4;4;5;5;5;6;2;1;1;3;1;2;2;1;1;1;1;5;2;4;1;2;1;3;3;2;1;2;4;4;4;4;4;3;5;3;4;5;1;3;1;2;5;3;1;4;1;1;3;1;5;1;4;5;5;1;3;5;3;1;2;3;4;1;5;5;5;2;3;4;4;3;1;5;1;5;5;5;5;1;2;2;1;2;2;1;2;1;2;2;2;2;1;2;1;2;1;2;1;2;2;1;2;1;2;2;2;2;2;2;2;2;2;1;1;2;2;2;2;1;1;1;1;2;2;1;1;1;1;1;1;2;2;2;2;2;1;2;1;1;2;1;2;2;2;2;2;2;2;2;1;2;2;1;2;1;2;2;2;2;6;5;3;4;7;3;6;5;3;1;1;6;4;1;4;6;1;2;3;5;5;1;7;4;7;5;10;130;35;70;86;66;72;62;117;63;81;389;64;89;97;114;57;162;87;131;43;499;52;58;37;2671;1;26;26;0;0;0;3;3
307; ; ;as1_122012;interview;6;3;7;4;4;6;1;7;5;1;2;1;4;1;4;3;4;1;1;3;4;1;6;4;5;1;1;1;2;2;1;7;2;1;1;7;1;1;7;3;1;4;5;1;2;1;1;4;4;4;4;4;4;4;4;4;4;4;4;4;4;4;4;4;4;4;4;4;4;6;5;7;4;3;5;4;2;4;4;6;5;1;1;1;1;1;4;6;4;1;6;2;7;1;2;1;7;2;7;1;3;1;2;5;3;1;2;2;1;1;2;2;2;1;5;5;6;5;4;4;5;4;4;5;1;1;4;1;1;2;5;1;1;4;1;4;1;7;1;1;1;1;1;1;1;1;7;7;6;6;7;6;7;5;3;4;2;4;2;4;4;5;2;4;2;2;5;2;5;5;2;5;5;3;5;4;5;3;3;5;5;4;4;4;4;3;5;4;3;5;1;5;1;1;4;5;1;1;2;2;-9;1;1;1;1;1;1;2;2;2;1;1;1;2;2;2;1;2;2;1;2;1;2;2;1;2;2;2;1;2;2;2;2;2;2;2;2;2;2;1;1;1;2;2;2;2;1;1;2;2;2;2;1;1;1;2;2;2;1;2;1;2;2;2;1;2;1;2;2;2;1;1;1;2;1;2;1;2;3;4;2;6;6;7;6;5;4;4;7;6;7;2;6;7;4;4;7;6;6;2;7;7;7;6;6;46;72;48;64;51;53;40;200;42;70;387;44;145;120;90;65;77;118;614;33;233;53;28;29;2211;1;26;26;1;0;1;14;15
308; ; ;as1_122012;interview; ; ; ; ; ; ; ; ; ; ; ; ; ; ; ; ; ; ; ; ; ; ; ; ; ; ; ; ; ; ; ; ; ; ; ; ; ; ; ; ; ; ; ; ; ; ; ; ; ; ; ; ; ; ; ; ; ; ; ; ; ; ; ; ; ; ; ; ; ; ; ; ; ; ; ; ; ; ; ; ; ; ; ; ; ; ; ; ; ; ; ; ; ; ; ; ; ; ; ; ; ; ; ; ; ; ; ; ; ; ; ; ; ; ; ; ; ; ; ; ; ; ; ; ; ; ; ; ; ; ; ; ; ; ; ; ; ; ; ; ; ; ; ; ; ; ; ; ; ; ; ; ; ;4;1;5;1;5;3;3;1;5;4;3;2; ; ; ; ; ; ; ; ; ; ; ; ; ; ; ; ; ; ; ; ; ; ; ; ; ; ; ; ; ; ; ; ;1; ; ; ; ; ; ; ; ; ; ; ; ; ; ; ; ; ; ; ; ; ; ; ; ; ; ; ; ; ; ; ; ; ; ; ; ; ; ; ; ; ; ; ; ; ; ; ; ; ; ; ; ; ; ; ; ; ; ; ; ; ; ; ; ; ; ; ; ; ; ; ; ; ; ; ; ; ; ; ; ; ; ; ; ; ; ; ; ; ; ; ; ; ; ; ; ; ; ; ; ; ; ; ; ; ; ;4;18;27;61;163; ; ; ; ; ; ; ; ; ; ; ; ; ; ; ; ; ; ; ; ;273;0;6;6;0;0;0;41;41
309; ; ;as1_122012;interview;6;2;7;7;5;5;7;7;2;5;6;4;2;2;6;3;6;3;6;5;3;7;5;5;5;5;7;4;4;6;6;7;6;1;-9;5;5;1;2;3;5;5;3;6;7;2;7;7;4;5;4;6;5;5;4;6;6;4;6;6;5;5;6;4;4;3;4;4;4;6;5;7;5;4;5;4;3;5;5;5;5;4;2;4;3;3;2;4;3;2;5;4;5;2;7;3;4;5;5;4;5;3;2;6;4;1;1;3;2;4;3;4;5;4;5;5;5;5;5;5;5;5;5;5;3;4;3;4;2;4;4;3;2;4;2;3;4;5;4;3;1;2;5;2;1;1;5;6;4;5;6;6;7;-9;-9;5;-9;-9;-9;-9;4;4;-9;-9;-9;-9;-9;-9;5;-9;-9;-9;5;-9;-9;4;-9;5;5;2;4;2;3;5;3;3;2;2;3;4;5;2;5;4;4;2;2;1;2;2;1;1;2;1;1;1;1;1;2;2;1;1;1;2;1;2;2;1;2;1;2;1;2;1;2;2;1;2;2;1;2;1;1;1;2;2;2;1;2;1;1;1;2;1;2;2;1;2;1;2;2;2;2;2;1;1;1;2;1;2;2;2;1;1;1;2;1;2;2;2;1;1;1;1;2;2;1;2;5;2;6;4;5;6;5;3;5;2;3;6;6;1;6;6;5;2;2;5;7;2;7;2;6;6;2;4;12;20;75;54;140;78;137;101;138;567;201;86;179;172;73;149;119;104;69;333;88;87;132;2992;1;26;26;7;6;13;34;47
310; ; ;as1_122012;interview; ; ; ; ; ; ; ; ; ; ; ; ; ; ; ; ; ; ; ; ; ; ; ; ; ; ; ; ; ; ; ; ; ; ; ; ; ; ; ; ; ; ; ; ; ; ; ; ; ; ; ; ; ; ; ; ; ; ; ; ; ; ; ; ; ; ; ; ; ; ; ; ; ; ; ; ; ; ; ; ; ; ; ; ; ; ; ; ; ; ; ; ; ; ; ; ; ; ; ; ; ; ; ; ; ; ; ; ; ; ; ; ; ; ; ; ; ; ; ; ; ; ; ; ; ; ; ; ; ; ; ; ; ; ; ; ; ; ; ; ; ; ; ; ; ; ; ; ; ; ; ; ; ; ; ; ; ; ; ; ; ; ; ; ; ; ; ; ; ; ; ; ; ; ; ; ; ; ; ; ; ; ; ; ; ; ; ; ; ; ; ; ; ; ; ; ; ;1; ; ; ; ; ; ; ; ; ; ; ; ; ; ; ; ; ; ; ; ; ; ; ; ; ; ; ; ; ; ; ; ; ; ; ; ; ; ; ; ; ; ; ; ; ; ; ; ; ; ; ; ; ; ; ; ; ; ; ; ; ; ; ; ; ; ; ; ; ; ; ; ; ; ; ; ; ; ; ; ; ; ; ; ; ; ; ; ; ; ; ; ; ; ; ; ; ; ; ; ; ; ; ; ; ; ;33;309;686; ; ; ; ; ; ; ; ; ; ; ; ; ; ; ; ; ; ; ; ; ; ;119;0;3;3;0;0;0;0;0
313; ; ;as1_122012;interview;5;7;7;3;4;6;6;7;5;1;2;1;3;1;5;2;5;1;1;5;4;5;6;5;7;1;1;1;1;1;1;6;3;3;1;7;5;1;6;3;1;7;2;1;3;1;3;1;6;4;4;4;4;4;4;4;4;4;4;4;4;4;4;4;4;4;4;4;4;7;2;5;2;7;5;1;7;5;5;5;4;4;2;2;5;4;5;6;1;2;3;1;5;3;7;5;7;4;5;5;5;1;1;6;3;1;1;1;2;3;2;3;4;4;4;4;4;3;4;3;3;5;5;5;3;5;2;1;3;4;6;2;1;5;1;4;3;6;2;4;1;5;5;4;1;6;5;4;4;5;6;6;6;5;2;4;2;5;3;3;3;4;2;2;3;2;4;4;2;3;4;2;5;1;1;4;5;2;3;4;4;3;2;4;5;4;3;4;3;4;1;4;1;4;5;3;5;1;2;2;2;2;1;1;2;1;2;2;2;2;1;2;1;2;1;2;2;2;2;1;2;-9;1;2;1;1;2;1;1;2;1;2;2;1;1;2;1;1;2;2;2;2;2;2;2;1;2;1;2;2;2;2;2;1;-9;2;1;2;2;2;2;2;2;2;1;1;1;2;1;-9;1;2;1;2;2;2;2;2;5;4;5;4;6;3;6;4;5;3;3;7;6;1;6;5;1;3;3;6;6;1;7;4;4;6;809;129;37;39;117;114;85;59;174;95;128;571;58;142;135;191;78;162;114;103;49;294;44;53;38;3019;1;26;26;1;1;2;3;5
315; ; ;as1_122012;interview;4;5;7;5;3;5;2;7;6;2;4;2;2;7;4;2;4;2;2;4;5;4;5;6;4;3;4;2;3;4;3;6;4;6;2;6;4;1;6;5;2;5;5;4;1;1;1;5;4;4;4;4;4;4;4;4;4;4;4;4;4;4;4;4;4;4;4;4;4;3;5;5;4;4;5;4;3;5;3;5;5;4;4;4;4;4;4;4;4;4;4;3;5;3;7;4;6;3;6;4;4;4;2;6;3;1;1;3;3;3;3;3;3;3;4;4;4;4;4;4;4;5;5;4;4;3;1;3;3;3;5;3;1;2;2;3;2;6;3;2;2;2;2;2;2;2;6;6;6;6;6;6;6;3;2;4;3;4;1;3;4;4;3;3;3;2;4;2;4;2;2;4;4;1;3;4;3;4;2;4;3;3;3;3;3;4;2;5;3;2;3;4;2;4;2;2;3;1;2;1;-9;1;2;2;1;1;2;2;2;2;1;1;2;2;2;2;2;1;1;1;2;2;2;2;2;2;2;1;1;2;2;2;1;2;2;2;1;2;1;2;1;2;2;1;1;1;2;2;2;1;1;2;1;1;1;2;2;1;1;1;2;2;2;2;2;2;1;2;2;1;1;2;2;1;2;1;2;1;5;3;5;3;5;3;5;3;4;3;4;4;4;4;4;4;4;4;4;4;4;4;4;4;4;4;8;39;6;14;48;46;39;30;45;20;47;206;30;52;59;57;49;64;66;66;37;46;38;28;50;1190;1;26;26;1;0;1;53;54
316; ; ;as1_122012;interview; ; ; ; ; ; ; ; ; ; ; ; ; ; ; ; ; ; ; ; ; ; ; ; ; ; ; ; ; ; ; ; ; ; ; ; ; ; ; ; ; ; ; ; ; ; ; ; ; ; ; ; ; ; ; ; ; ; ; ; ; ; ; ; ; ; ; ; ; ; ; ; ; ; ; ; ; ; ; ; ; ; ; ; ; ; ; ; ; ; ; ; ; ; ; ; ; ; ; ; ; ; ; ; ; ; ; ; ;3;4;3;3;4;4;4;4;4;5;4;5;5; ; ; ; ; ; ; ; ; ; ; ; ; ; ; ; ; ; ; ; ; ; ; ; ; ; ; ; ; ; ; ; ;1;4;4;1;4;1;1;4;3;2;3;3;1;2;2;4;1;3;5;5;2;1;3;3;1;1;4;3;3;3;2;2;2;4;4;3;2;1;5;1;4;3;2;1;1; ; ; ; ; ; ; ; ; ; ; ; ; ; ; ; ; ; ; ; ; ; ; ; ; ; ; ; ; ; ; ; ; ; ; ; ; ; ; ; ; ; ; ; ; ; ; ; ; ; ; ; ; ; ; ; ; ; ; ; ; ; ; ; ; ; ; ; ; ; ; ; ; ; ; ; ; ; ; ; ; ; ; ; ; ; ; ; ; ; ; ; ; ; ; ; ; ; ; ; ; ; ; ; ; ; ;6316;30;8;26;69;63;11259;56;101; ; ; ; ; ; ; ; ; ; ; ; ; ; ; ; ;440;0;10;10;0;0;0;24;24
317; ; ;as1_122012;admin; ; ; ; ; ; ; ; ; ; ; ; ; ; ; ; ; ; ; ; ; ; ; ; ; ; ; ; ; ; ; ; ; ; ; ; ; ; ; ; ; ; ; ; ; ; ; ; ; ; ; ; ; ; ; ; ; ; ; ; ; ; ; ; ; ; ; ; ; ; ; ; ; ; ; ; ; ; ; ; ; ; ; ; ; ; ; ; ; ; ; ; ; ; ; ; ; ; ; ; ; ; ; ; ; ; ; ; ; ; ; ; ; ; ; ; ; ; ; ; ; ; ; ; ; ; ; ; ; ; ; ; ; ; ; ; ; ; ; ; ; ; ; ; ; ; ; ; ; ; ; ; ; ; ; ; ; ; ; ; ; ; ; ; ; ; ; ; ; ; ; ; ; ; ; ; ; ; ; ; ; ; ; ; ; ; ; ; ; ; ; ; ; ; ; ; ; ;1; ; ; ; ; ; ; ; ; ; ; ; ; ; ; ; ; ; ; ; ; ; ; ; ; ; ; ; ; ; ; ; ; ; ; ; ; ; ; ; ; ; ; ; ; ; ; ; ; ; ; ; ; ; ; ; ; ; ; ; ; ; ; ; ; ; ; ; ; ; ; ; ; ; ; ; ; ; ; ; ; ; ; ; ; ; ; ; ; ; ; ; ; ; ; ; ; ; ; ; ; ; ; ; ; ; ;2;2;3;2; ; ; ; ; ; ; ; ; ; ; ; ; ; ; ; ; ; ; ; ; ;9;0;4;4;0;0;0;379;379
319; ; ;as1_122012;interview; ; ; ; ; ; ; ; ; ; ; ; ; ; ; ; ; ; ; ; ; ; ; ; ; ; ; ; ; ; ; ; ; ; ; ; ; ; ; ; ; ; ; ; ; ; ; ; ; ; ; ; ; ; ; ; ; ; ; ; ; ; ; ; ; ; ; ; ; ; ; ; ; ; ; ; ; ; ; ; ; ; ; ; ; ; ; ; ; ; ; ; ; ; ; ; ; ; ; ; ; ; ; ; ; ; ; ; ; ; ; ; ; ; ; ; ; ; ; ; ; ; ; ; ; ; ; ; ; ; ; ; ; ; ; ; ; ; ; ; ; ; ; ; ; ; ; ; ; ; ; ; ; ; ; ; ; ; ; ; ; ; ; ; ; ; ; ; ; ; ; ; ; ; ; ; ; ; ; ; ; ; ; ; ; ; ; ; ; ; ; ; ; ; ; ; ; ;1; ; ; ; ; ; ; ; ; ; ; ; ; ; ; ; ; ; ; ; ; ; ; ; ; ; ; ; ; ; ; ; ; ; ; ; ; ; ; ; ; ; ; ; ; ; ; ; ; ; ; ; ; ; ; ; ; ; ; ; ; ; ; ; ; ; ; ; ; ; ; ; ; ; ; ; ; ; ; ; ; ; ; ; ; ; ; ; ; ; ; ; ; ; ; ; ; ; ; ; ; ; ; ; ; ; ;5;8;7;49; ; ; ; ; ; ; ; ; ; ; ; ; ; ; ; ; ; ; ; ; ;69;0;4;4;0;0;0;127;127
321; ; ;as1_122012;interview;7;3;6;7;5;7;7;-9;4;4;5;6;6;1;3;6;7;4;4;7;1;7;5;4;4;5;7;3;1;5;5;7;6;1;4;4;7;1;5;5;6;2;2;6;6;2;5;7;4;6;2;6;5;4;2;7;5;6;6;6;5;5;6;6;2;2;5;5;3;7;7;5;5;2;3;5;3;6;2;5;5;4;2;5;7;6;6;5;5;4;7;7;4;4;2;5;6;5;6;4;3;6;1;5;5;1;2;2;2;3;4;5;6;2;4;5;5;5;5;5;5;6;6;5;6;7;4;5;4;5;7;4;1;5;1;1;3;7;6;4;1;6;2;1;1;6;4;4;4;2;6;6;6;4;3;5;1;4;1;4;3;3;3;4;2;3;5;3;4;1;1;5;5;5;2;4;4;3;2;4;4;4;2;2;3;3;4;5;2;3;3;5;1;1;4;5;3;1;2;2;1;1;2;1;2;1;2;2;2;2;1;2;2;2;2;2;1;2;2;1;2;1;2;2;1;2;2;2;1;2;2;1;1;2;2;2;2;2;1;2;2;2;2;2;2;2;2;1;2;1;1;2;1;2;1;2;2;2;2;2;2;2;2;2;1;2;1;1;2;1;2;1;1;1;2;1;1;1;2;5;5;2;6;1;6;2;6;6;2;4;2;2;5;6;6;1;1;6;7;1;6;7;6;5;3;78;6;21;44;48;42;40;55;46;69;204;50;46;66;59;35;50;50;56;31;178;52;28;56;1413;1;26;26;1;0;1;40;40
326; ; ;as1_122012;interview; ; ; ; ; ; ; ; ; ; ; ; ; ; ; ; ; ; ; ; ; ; ; ; ; ; ; ; ; ; ; ; ; ; ; ; ; ; ; ; ; ; ; ; ; ; ; ; ; ; ; ; ; ; ; ; ; ; ; ; ; ; ; ; ; ; ; ; ; ; ; ; ; ; ; ; ; ; ; ; ; ; ; ; ; ; ; ; ; ; ; ; ; ; ; ; ; ; ; ; ; ; ; ; ; ; ; ; ; ; ; ; ; ; ; ; ; ; ; ; ; ; ; ; ; ; ; ; ; ; ; ; ; ; ; ; ; ; ; ; ; ; ; ; ; ; ; ; ; ; ; ; ; ; ; ; ; ; ; ; ; ; ; ; ; ; ; ; ; ; ; ; ; ; ; ; ; ; ; ; ; ; ; ; ; ; ; ; ; ; ; ; ; ; ; ; ; ;1; ; ; ; ; ; ; ; ; ; ; ; ; ; ; ; ; ; ; ; ; ; ; ; ; ; ; ; ; ; ; ; ; ; ; ; ; ; ; ; ; ; ; ; ; ; ; ; ; ; ; ; ; ; ; ; ; ; ; ; ; ; ; ; ; ; ; ; ; ; ; ; ; ; ; ; ; ; ; ; ; ; ; ; ; ; ; ; ; ; ; ; ; ; ; ; ; ; ; ; ; ; ; ; ; ; ;5;9;9;19; ; ; ; ; ; ; ; ; ; ; ; ; ; ; ; ; ; ; ; ; ;42;0;4;4;0;0;0;127;127
327; ; ;as1_122012;interview;2;5;7;2;4;3;5;7;6;3;3;2;4;1;5;3;6;1;4;3;2;3;5;4;2;4;3;3;4;2;4;5;3;1;2;7;3;1;6;3;3;4;3;5;4;2;2;4;4;3;3;4;4;4;4;5;4;4;4;5;4;5;5;4;4;5;3;5;4;6;5;5;5;4;3;2;3;5;4;5;3;3;1;4;5;1;2;5;4;1;3;2;6;4;2;2;5;3;7;2;3;2;2;5;3;1;2;3;2;2;2;3;4;3;4;5;4;5;4;4;5;5;5;5;2;5;2;1;2;2;5;2;1;5;1;1;2;6;1;1;1;1;1;2;1;1;6;7;6;7;7;7;7;3;4;5;1;3;1;2;4;4;2;2;2;1;5;2;5;2;1;4;5;3;2;4;2;2;2;3;4;1;4;3;4;4;4;4;4;4;1;5;1;3;4;5;2;1;2;2;1;2;1;2;1;1;1;2;2;2;1;1;1;1;2;2;2;2;1;2;1;2;2;2;2;1;2;1;1;2;2;1;1;2;1;2;1;2;1;2;1;2;2;2;1;2;1;1;2;2;1;2;2;2;1;2;1;1;1;1;2;2;1;1;1;2;1;2;1;1;2;1;2;2;1;2;1;2;5;2;6;3;6;4;6;3;4;4;4;6;6;1;2;5;2;1;6;6;5;1;5;6;7;5;11;36;10;43;108;80;85;58;117;80;101;365;98;73;100;81;60;142;95;97;45;246;58;39;38;2266;1;26;26;0;0;0;7;8
328; ; ;as1_122012;interview; ; ; ; ; ; ; ; ; ; ; ; ; ; ; ; ; ; ; ; ; ; ; ; ; ; ; ; ; ; ; ; ; ; ; ; ; ; ; ; ; ; ; ; ; ; ; ; ; ; ; ; ; ; ; ; ; ; ; ; ; ; ; ; ; ; ; ; ; ; ; ; ; ; ; ; ; ; ; ; ; ; ; ; ; ; ; ; ; ; ; ; ; ; ; ; ; ; ; ; ; ; ; ; ; ; ; ; ; ; ; ; ; ; ; ; ; ; ; ; ; ; ; ; ; ; ; ; ; ; ; ; ; ; ; ; ; ; ; ; ; ; ; ; ; ; ; ; ; ; ; ; ; ;5;2;4;3;4;1;3;5;3;2;3;2;3;4;2;4;3;3;4;5;1;3;4;5;3;2;4;3;3;2;5;5;2;3;4;3;4;1;3;1;3;5;2;1;1; ; ; ; ; ; ; ; ; ; ; ; ; ; ; ; ; ; ; ; ; ; ; ; ; ; ; ; ; ; ; ; ; ; ; ; ; ; ; ; ; ; ; ; ; ; ; ; ; ; ; ; ; ; ; ; ; ; ; ; ; ; ; ; ; ; ; ; ; ; ; ; ; ; ; ; ; ; ; ; ; ; ; ; ; ; ; ; ; ; ; ; ; ; ; ; ; ; ; ; ; ; ; ; ; ; ;11;53;11;37;118;98;115;83; ; ; ; ; ; ; ; ; ; ; ; ; ; ; ; ; ;526;0;9;9;0;0;0;10;10
329; ; ;as1_122012;interview;5;3;7;4;4;2;3;7;3;1;2;1;5;1;7;2;6;2;4;3;3;4;1;4;7;4;2;1;4;2;2;7;6;5;3;7;6;1;7;5;2;4;4;5;4;1;3;6;5;4;4;5;4;5;4;4;4;4;4;5;4;4;5;4;4;4;4;4;4;7;5;4;4;4;4;4;3;4;4;4;4;3;4;5;5;6;4;3;6;4;5;3;6;4;7;2;7;4;5;3;4;2;2;5;4;1;1;2;1;2;1;3;4;3;5;5;5;5;5;5;5;6;5;5;2;2;4;4;3;5;4;4;2;2;1;7;4;5;1;1;1;5;1;5;1;5;4;5;4;5;4;5;4;3;1;5;2;4;1;2;4;4;2;4;1;2;2;2;5;2;2;5;5;1;2;5;5;1;2;4;5;2;5;2;4;3;4;4;4;5;1;5;1;2;5;2;1;1;2;2;1;2;1;1;2;1;2;2;2;2;2;1;1;1;2;1;2;1;2;1;2;1;2;1;1;1;2;2;1;2;2;1;1;1;2;2;1;2;1;2;2;2;2;1;1;1;2;1;1;2;2;2;2;1;1;1;1;1;1;1;2;2;1;2;2;1;1;1;2;2;1;2;1;2;1;1;1;1;7;2;6;2;6;1;7;5;6;1;2;7;3;2;7;7;6;5;6;4;4;1;7;6;7;7;2;22;33;106;107;132;83;61;91;72;102;358;73;59;78;108;48;84;61;103;28;220;39;31;30;2131;1;26;26;0;0;0;21;22
332; ; ;as1_122012;interview; ; ; ; ; ; ; ; ; ; ; ; ; ; ; ; ; ; ; ; ; ; ; ; ; ; ; ; ; ; ; ; ; ; ; ; ; ; ; ; ; ; ; ; ; ; ; ; ; ; ; ; ; ; ; ; ; ; ; ; ; ; ; ; ; ; ; ; ; ; ; ; ; ; ; ; ; ; ; ; ; ; ; ; ; ; ; ; ; ; ; ; ; ; ; ; ; ; ; ; ; ; ; ; ; ; ; ; ; ; ; ; ; ; ; ; ; ; ; ; ; ; ; ; ; ; ; ; ; ; ; ; ; ; ; ; ; ; ; ; ; ; ; ; ; ; ; ; ; ; ; ; ; ;5;2;5;1;3;1;2;5;5;3;4;2; ; ; ; ; ; ; ; ; ; ; ; ; ; ; ; ; ; ; ; ; ; ; ; ; ; ; ; ; ; ; ; ;1; ; ; ; ; ; ; ; ; ; ; ; ; ; ; ; ; ; ; ; ; ; ; ; ; ; ; ; ; ; ; ; ; ; ; ; ; ; ; ; ; ; ; ; ; ; ; ; ; ; ; ; ; ; ; ; ; ; ; ; ; ; ; ; ; ; ; ; ; ; ; ; ; ; ; ; ; ; ; ; ; ; ; ; ; ; ; ; ; ; ; ; ; ; ; ; ; ; ; ; ; ; ; ; ; ; ;11;11;7;17;74; ; ; ; ; ; ; ; ; ; ; ; ; ; ; ; ; ; ; ; ;120;0;6;6;0;0;0;90;90
336; ; ;as1_122012;interview; ; ; ; ; ; ; ; ; ; ; ; ; ; ; ; ; ; ; ; ; ; ; ; ; ; ; ; ; ; ; ; ; ; ; ; ; ; ; ; ; ; ; ; ; ; ; ; ; ; ; ; ; ; ; ; ; ; ; ; ; ; ; ; ; ; ; ; ; ; ; ; ; ; ; ; ; ; ; ; ; ; ; ; ; ; ; ; ; ; ; ; ; ; ; ; ; ; ; ; ; ; ; ; ; ; ; ; ; ; ; ; ; ; ; ; ; ; ; ; ; ; ; ; ; ; ; ; ; ; ; ; ; ; ; ; ; ; ; ; ; ; ; ; ; ; ; ; ; ; ; ; ; ; ; ; ; ; ; ; ; ; ; ; ; ; ; ; ; ; ; ; ; ; ; ; ; ; ; ; ; ; ; ; ; ; ; ; ; ; ; ; ; ; ; ; ; ;1; ; ; ; ; ; ; ; ; ; ; ; ; ; ; ; ; ; ; ; ; ; ; ; ; ; ; ; ; ; ; ; ; ; ; ; ; ; ; ; ; ; ; ; ; ; ; ; ; ; ; ; ; ; ; ; ; ; ; ; ; ; ; ; ; ; ; ; ; ; ; ; ; ; ; ; ; ; ; ; ; ; ; ; ; ; ; ; ; ; ; ; ; ; ; ; ; ; ; ; ; ; ; ; ; ; ;17;79;49;37; ; ; ; ; ; ; ; ; ; ; ; ; ; ; ; ; ; ; ; ; ;182;0;4;4;0;0;0;4;4
339; ; ;as1_122012;interview;4;4;4;4;4;4;4;4;4;4;4;4;4;4;4;4;4;4;4;4;4;4;4;4;4;4;4;4;4;4;4;4;4;4;4;4;4;4;4;4;4;4;4;4;6;4;4;4;4;6;4;6;6;6;6;5;6;6;4;4;5;5;-9;5;6;2;2;2;5;6;3;7;7;6;6;6;6;6;6;7;6;4;2;5;6;4;3;3;6;4;2;6;6;6;4;4;5;4;5;3;5;4;2;6;4;1;6;1;5;5;6;6;5;6;5;5;5;5;6;5;6;4;4;4;4;4;4;4;4;4;4;4;4;4;4;4;4;6;6;3;3;6;3;3;3;3;6;6;6;6;6;6;6;4;5;2;3;4;4;5;2;5;4;2;2;5;3;5;5;5;4;3;5;2;4;4;4;5;5;4;2;2;4;4;4;4;2;4;5;3;2;4;2;3;4;4;4;1;1;1;2;2;1;2;2;2;1;1;1;2;-9;1;1;2;2;1;1;2;2;2;2;2;1;1;2;2;1;1;2;2;2;2;2;2;2;2;2;2;2;2;2;2;2;2;2;2;2;2;1;2;2;1;2;2;1;1;2;2;2;2;1;1;2;2;1;2;2;1;2;2;1;2;2;2;2;2;2;2;5;6;6;6;6;4;7;4;5;6;6;2;6;4;4;4;4;5;4;3;5;5;5;5;5;5;8;2567;7;13;181;191;475;207;209;215;151;73;173;198;209;93;1398;181;128;37;8;36;106;50;85;2358;1;26;26;1;1;1;42;44
340; ; ;as1_122012;interview;7;5;7;6;4;6;5;7;5;1;2;1;3;1;5;3;5;1;2;2;5;3;4;4;7;1;2;2;1;1;2;7;2;1;2;7;2;1;5;5;2;6;6;1;2;1;1;5;6;4;5;3;4;4;4;4;4;4;4;4;-9;4;4;4;4;4;4;4;4;6;3;5;5;4;5;2;1;3;5;5;3;3;1;3;1;2;2;2;3;2;6;1;6;2;7;1;6;2;7;1;3;1;1;5;3;1;1;2;2;3;2;3;3;4;5;5;5;-9;4;5;5;4;4;5;1;3;1;2;1;1;5;2;1;2;1;5;2;6;1;1;1;2;1;1;1;3;5;5;3;5;7;7;7;4;2;5;1;4;1;3;4;4;3;4;1;3;4;2;4;3;4;5;5;4;2;5;4;2;3;5;4;5;2;1;2;3;4;4;4;3;2;5;1;5;2;1;1;1;2;2;1;1;1;2;1;2;1;2;2;2;1;2;1;2;1;2;-9;2;1;2;2;2;2;1;2;1;2;1;1;2;2;2;1;2;1;2;1;2;2;2;2;2;2;1;1;2;2;1;1;2;2;2;1;1;1;2;1;1;1;1;2;2;2;2;1;2;1;2;2;2;1;2;1;2;1;1;1;1;6;3;6;3;5;3;6;5;5;3;2;5;6;2;3;6;2;1;5;6;3;1;6;5;6;6;369;253;78;78;106;85;85;71;148;76;114;471;314;124;103;111;103;97;124;380;244;621;188;49;55;2856;1;26;26;1;1;2;0;2
341; ; ;as1_122012;interview; ; ; ; ; ; ; ; ; ; ; ; ; ; ; ; ; ; ; ; ; ; ; ; ; ; ; ; ; ; ; ; ; ; ; ; ; ; ; ; ; ; ; ; ; ; ; ; ; ; ; ; ; ; ; ; ; ; ; ; ; ; ; ; ; ; ; ; ; ; ; ; ; ; ; ; ; ; ; ; ; ; ; ; ; ; ; ; ; ; ; ; ; ; ; ; ; ; ; ; ; ; ; ; ; ; ; ; ; ; ; ; ; ; ; ; ; ; ; ; ; ; ; ; ; ; ; ; ; ; ; ; ; ; ; ; ; ; ; ; ; ; ; ; ; ; ; ; ; ; ; ; ; ;4;2;4;1;4;1;2;5;4;3;4;3;2;2;1;4;2;2;5;4;2;2;5;4;2;2;4;4;5;2;-9;2;5;4;4;2;3;1;4;1;4;2;4;1;1; ; ; ; ; ; ; ; ; ; ; ; ; ; ; ; ; ; ; ; ; ; ; ; ; ; ; ; ; ; ; ; ; ; ; ; ; ; ; ; ; ; ; ; ; ; ; ; ; ; ; ; ; ; ; ; ; ; ; ; ; ; ; ; ; ; ; ; ; ; ; ; ; ; ; ; ; ; ; ; ; ; ; ; ; ; ; ; ; ; ; ; ; ; ; ; ; ; ; ; ; ; ; ; ; ; ;3;59;11;60;82;80;63;58; ; ; ; ; ; ; ; ; ; ; ; ; ; ; ; ; ;416;0;9;9;2;2;5;23;28
343; ; ;as1_122012;interview;7;3;7;1;5;1;1;7;7;1;1;1;3;1;4;3;1;1;5;4;5;1;4;7;7;1;4;1;5;2;1;7;5;1;4;7;2;1;7;3;1;5;3;3;1;1;1;4;3;3;5;7;7;4;6;6;7;7;7;6;7;4;7;5;7;5;6;4;5;3;7;7;6;5;3;2;2;4;5;3;2;1;1;4;5;2;2;6;6;4;7;3;7;1;5;2;7;5;7;3;1;2;2;5;2;1;1;2;2;3;2;4;5;2;4;6;6;6;6;6;6;4;3;7;1;4;4;7;1;4;6;4;1;3;1;7;6;7;2;1;1;2;1;3;1;4;7;7;7;7;7;7;7;5;2;5;1;5;1;3;5;5;1;4;1;1;5;1;5;1;1;5;5;1;3;5;5;1;1;5;5;1;5;3;5;1;3;5;2;5;1;5;1;2;5;1;1;1;2;2;1;1;1;1;2;1;2;2;2;2;1;2;1;2;2;2;2;2;2;1;1;2;2;2;2;2;2;1;1;2;2;1;1;2;2;2;2;2;2;2;1;2;1;2;2;1;2;1;1;2;2;2;2;2;1;1;1;2;1;1;2;2;1;1;1;2;1;2;2;1;2;1;2;1;2;2;2;1;5;2;7;6;7;6;7;2;3;3;7;7;7;1;7;7;5;1;7;7;7;3;7;7;7;6;9;62;39;49;50;46;48;43;79;105;95;275;220;117;153;164;48;55;55;71;37;157;89;31;51;2001;1;26;26;0;0;0;13;13
344; ; ;as1_122012;interview;6;5;7;4;4;7;1;7;6;1;1;1;4;7;5;2;4;1;5;2;5;1;6;7;7;1;2;1;1;5;2;7;5;1;1;4;5;1;6;5;2;5;4;5;2;1;1;7;4;4;4;5;4;4;4;5;5;4;4;4;5;5;5;5;4;4;1;4;4;7;6;6;5;5;5;4;4;6;7;6;6;4;1;2;4;-9;2;5;3;1;5;4;7;6;4;4;7;4;7;6;2;5;2;5;4;1;1;4;2;2;2;2;3;1;5;6;4;6;4;5;5;6;6;6;4;6;1;5;4;4;4;3;3;3;1;4;5;7;4;1;1;2;2;1;1;5;5;7;7;5;7;7;7;4;1;5;2;5;1;1;3;5;5;2;1;2;5;1;5;3;1;5;5;1;4;5;5;1;2;5;5;4;2;4;5;1;4;5;2;5;1;5;1;1;5;5;1;1;2;2;1;2;2;1;2;1;2;2;2;2;1;2;1;2;2;1;1;2;2;1;2;1;2;2;2;2;2;2;1;2;2;1;1;2;2;2;2;2;2;2;1;1;2;2;2;-9;1;1;2;2;2;2;1;2;1;2;1;2;1;2;2;2;2;2;1;2;1;2;2;1;2;1;2;1;2;2;2;1;5;2;6;5;6;5;7;1;5;1;5;7;7;2;7;7;5;4;7;5;6;2;7;5;7;7;2;2;8;3;62;46;52;33;93;53;70;264;49;56;75;85;37;63;63;64;28;165;46;37;59;1515;1;26;26;1;1;1;70;71
345; ; ;as1_122012;interview;6;1;7;4;4;4;6;7;4;1;4;4;7;7;5;7;7;4;4;5;1;2;4;4;1;4;1;4;4;6;4;7;1;1;1;7;4;4;6;1;4;7;1;1;1;1;1;6;4;5;4;6;4;4;6;6;4;4;6;6;4;5;6;4;6;4;3;5;6;7;6;7;7;4;4;4;1;6;4;7;4;1;1;1;4;1;1;7;1;1;4;3;7;4;7;1;7;1;7;4;7;1;2;7;3;4;7;1;1;2;2;1;1;1;5;5;5;5;5;5;5;4;4;1;1;1;1;1;1;2;4;1;1;4;1;1;4;7;4;2;1;4;1;1;1;4;4;7;7;7;7;7;7;4;1;5;2;5;1;1;1;3;4;2;2;3;2;1;5;1;1;5;5;1;1;5;2;1;1;5;1;3;3;1;2;1;4;5;3;4;1;5;1;1;5;5;1;1;2;2;2;1;2;2;1;1;1;2;1;2;2;2;1;1;2;2;2;2;1;1;1;2;2;2;2;2;2;1;1;2;1;1;1;1;1;2;1;2;1;2;1;1;1;1;1;1;1;2;1;1;1;2;1;1;1;2;1;1;1;1;2;2;2;2;2;1;1;2;2;1;1;1;2;1;2;1;2;1;6;6;6;7;4;2;6;6;2;2;7;7;7;1;7;7;1;4;7;5;2;1;1;7;6;4;348;141;39;135;167;225;201;101;150;109;116;594;205;149;199;229;266;196;163;154;64;793;115;150;108;3517;1;26;26;0;0;0;0;0
348; ; ;as1_122012;interview;5;3;7;6;4;3;4;6;5;1;5;2;4;2;5;5;3;2;5;2;5;2;5;6;4;2;2;2;3;4;3;6;5;1;2;6;5;3;3;5;3;4;5;3;3;1;2;5;4;6;2;6;5;4;6;6;6;5;5;6;5;4;6;6;5;3;5;5;5;5;5;5;4;5;4;3;3;5;2;4;4;4;2;2;3;1;3;6;4;1;5;4;6;4;4;5;6;4;5;4;4;4;2;5;3;3;3;3;3;4;2;3;4;2;5;4;4;4;4;4;4;6;3;5;3;5;2;5;3;5;4;3;1;2;3;2;3;6;3;2;1;3;3;3;1;5;5;6;7;5;6;6;5;4;3;5;1;2;3;1;5;3;2;3;4;2;4;3;3;2;1;4;5;2;2;4;4;3;3;4;4;3;2;3;3;2;4;4;3;3;1;5;2;2;4;3;1;1;2;2;1;2;1;2;2;2;2;2;2;2;1;2;2;2;2;1;1;2;2;2;2;1;2;2;2;2;2;2;2;2;2;1;1;2;2;1;2;2;1;2;1;2;2;2;1;2;1;1;1;2;1;2;2;1;1;2;2;2;1;2;2;2;1;2;1;2;1;2;1;1;2;1;2;1;2;1;2;1;5;2;6;3;6;4;6;2;5;4;2;6;6;3;6;5;4;2;6;5;6;3;5;6;6;4;8;70;27;25;49;41;46;36;62;55;60;260;55;53;72;71;40;60;66;53;23;135;31;32;47;1477;1;26;26;0;0;0;28;28
351; ; ;as1_122012;interview; ; ; ; ; ; ; ; ; ; ; ; ; ; ; ; ; ; ; ; ; ; ; ; ; ; ; ; ; ; ; ; ; ; ; ; ; ; ; ; ; ; ; ; ; ; ; ; ; ; ; ; ; ; ; ; ; ; ; ; ; ; ; ; ; ; ; ; ; ; ; ; ; ; ; ; ; ; ; ; ; ;5;2;4;5;4;5;3;6;4; ; ; ; ; ; ; ; ; ; ; ; ; ; ; ; ; ; ;1;2;2;3;4;3;4;5;5;5;5;5;4;5;6;6;4;2;3;4;2;4;5;2;4;1;4;6;4; ; ; ; ; ; ; ; ; ; ; ; ; ; ; ; ;4;3;5;2;5;2;1;4;5;2;3;1;1;3;3;4;5;2;3;5;1;2;3;5;2;1;5;4;3;5;5;4;4;5;5;3;4;1;5;3;4;5;5;3;1; ; ; ; ; ; ; ; ; ; ; ; ; ; ; ; ; ; ; ; ; ; ; ; ; ; ; ; ; ; ; ; ; ; ; ; ; ; ; ; ; ; ; ; ; ; ; ; ; ; ; ; ; ; ; ; ; ; ; ; ; ; ; ; ; ; ; ; ; ; ; ; ; ; ; ; ; ; ; ; ; ; ; ; ; ; ; ; ; ; ; ; ; ; ; ; ; ; ; ; ; ; ; ; ; ; ;1975;116;35;52;101;71;83;56;145;82;103; ; ; ; ; ; ; ; ; ; ; ; ; ; ;854;0;12;12;0;0;0;0;0
353; ; ;as1_122012;interview;4;5;7;5;5;6;6;7;7;5;2;-9;3;1;2;2;4;2;3;2;6;4;5;5;7;2;3;2;3;3;3;7;3;2;2;7;1;1;7;6;2;6;6;1;1;1;1;5;3;5;2;5;5;5;5;5;5;5;5;5;5;5;6;6;5;6;4;5;5;6;5;6;5;5;5;4;2;5;5;5;5;4;1;1;1;1;5;6;2;1;3;2;7;4;7;2;7;2;7;2;6;1;1;5;3;1;2;3;2;2;2;2;4;3;5;5;5;5;5;5;5;5;6;2;1;2;2;1;2;2;6;1;1;2;3;5;6;7;2;2;1;5;5;2;1;5;2;6;2;4;6;4;6;5;3;4;2;5;1;2;4;4;2;2;1;4;3;1;5;1;1;4;5;1;1;4;4;4;4;5;4;3;1;3;4;3;2;4;2;2;1;3;1;3;5;1;1;1;2;2;1;2;1;2;2;2;2;2;1;2;2;1;1;2;2;2;2;1;1;1;2;1;1;2;2;2;2;2;2;2;2;2;1;1;1;2;2;2;1;1;2;2;2;1;1;1;2;1;1;2;2;2;2;2;1;2;1;2;1;1;2;2;2;2;2;1;1;2;2;2;2;2;2;2;2;2;1;2;6;2;5;2;5;3;7;5;6;3;3;7;5;2;6;6;6;1;5;5;7;1;6;6;7;5;9;24;11;33;56;44;62;42;100;52;70;302;73;138;156;434;391;66;51;83;32;140;51;34;92;1900;1;26;26;1;0;1;18;19
358; ; ;as1_122012;interview; ; ; ; ; ; ; ; ; ; ; ; ; ; ; ; ; ; ; ; ; ; ; ; ; ; ; ; ; ; ; ; ; ; ; ; ; ; ; ; ; ; ; ; ; ; ; ; ; ; ; ; ; ; ; ; ; ; ; ; ; ; ; ; ; ; ; ; ; ; ; ; ; ; ; ; ; ; ; ; ; ;4;6;3;3;4;3;6;5;3; ; ; ; ; ; ; ; ; ; ; ; ; ; ; ; ; ; ;4;3;3;2;4;1;3;3;3;4;3;3;5;4;7;2;1;5;3;1;4;1;3;1;1;1;1;1;1; ; ; ; ; ; ; ; ; ; ; ; ; ; ; ; ;4;3;3;4;4;1;5;5;3;4;3;4;5;4;5;3;1;4;5;5;5;2;4;4;1;2;5;5;4;1;4;4;3;5;4;2;4;2;5;2;2;5;2;1;1; ; ; ; ; ; ; ; ; ; ; ; ; ; ; ; ; ; ; ; ; ; ; ; ; ; ; ; ; ; ; ; ; ; ; ; ; ; ; ; ; ; ; ; ; ; ; ; ; ; ; ; ; ; ; ; ; ; ; ; ; ; ; ; ; ; ; ; ; ; ; ; ; ; ; ; ; ; ; ; ; ; ; ; ; ; ; ; ; ; ; ; ; ; ; ; ; ; ; ; ; ; ; ; ; ; ;12;63;33;45;145;110;81;71;79;74;407; ; ; ; ; ; ; ; ; ; ; ; ; ; ;810;0;12;12;0;0;0;2;2
362; ; ;as1_122012;interview;6;3;7;3;4;6;6;7;4;1;2;1;3;1;1;2;1;1;2;2;1;5;3;5;5;1;2;1;1;3;3;7;3;5;3;3;2;3;7;3;2;5;3;3;3;1;3;6;4;5;2;5;5;4;5;7;7;3;3;7;5;7;7;7;7;2;7;6;7;7;5;5;5;4;2;3;3;5;5;5;3;5;3;6;4;4;5;5;5;2;3;3;6;2;6;6;3;3;5;3;3;1;2;6;4;1;1;3;2;2;2;3;3;1;5;6;4;5;5;5;6;4;6;5;3;3;3;5;3;3;5;3;2;2;5;2;2;5;3;3;1;3;5;5;1;5;5;5;7;5;4;6;5;2;3;5;2;5;1;2;4;5;2;2;2;1;5;2;5;5;1;5;5;1;5;5;5;2;2;4;2;4;2;2;5;4;5;5;2;5;1;5;1;2;2;5;2;1;2;2;1;2;2;1;2;1;2;2;1;2;2;1;1;2;1;1;2;2;2;1;1;1;2;2;1;2;2;2;1;2;2;2;1;1;2;2;1;1;2;2;1;1;2;2;2;2;1;1;2;2;1;2;1;2;1;1;2;2;1;2;2;2;1;2;1;2;1;2;2;2;2;2;1;2;1;2;1;1;6;2;2;5;7;2;6;5;2;3;5;5;2;1;5;2;2;1;2;2;6;2;7;2;7;3;3;100;21;54;100;58;95;51;96;110;95;355;70;125;115;153;57;84;75;80;36;226;61;98;51;2317;1;26;26;0;0;0;8;8
363; ; ;as1_122012;interview;4;5;7;5;3;6;1;7;5;1;1;1;7;1;4;7;4;1;5;1;3;1;5;4;1;1;4;1;4;4;1;7;4;1;1;7;2;1;6;1;2;7;1;2;2;1;1;4;5;4;4;4;4;4;4;4;4;4;4;4;4;4;4;4;4;4;4;4;4;7;7;7;7;3;7;6;1;7;6;7;6;1;1;1;2;1;1;7;2;1;3;1;7;3;7;2;7;3;6;3;5;2;1;5;3;1;2;1;3;5;4;3;3;1;5;5;5;5;5;5;5;2;2;2;1;1;1;1;2;1;4;1;1;1;1;1;5;7;2;1;1;1;1;1;1;4;4;4;2;1;6;6;7;1;3;5;2;5;1;3;4;2;1;4;1;2;2;2;4;1;2;2;5;1;1;5;5;2;2;2;1;4;1;3;4;1;3;4;2;2;1;5;2;3;5;3;1;1;2;2;1;1;1;1;2;1;2;2;1;2;1;1;1;1;2;2;2;1;2;1;2;2;2;2;2;2;2;1;2;2;2;1;1;2;1;2;1;1;1;2;1;1;2;1;2;1;2;1;2;2;2;2;1;1;1;1;1;1;2;1;2;2;2;2;1;2;1;2;2;1;2;1;2;1;2;1;2;1;3;4;6;4;6;4;6;3;5;4;2;7;6;1;6;5;1;1;7;6;6;2;6;6;6;6;26;123;46;66;151;138;142;98;325;114;139;435;91;99;139;184;74;106;122;99;37;263;73;69;27;2970;1;26;26;0;0;0;3;3
364; ; ;as1_122012;interview;6;6;7;5;4;5;1;7;4;1;5;2;5;7;7;1;5;2;6;5;3;2;3;6;4;3;4;4;1;1;3;5;4;7;3;5;6;4;1;1;2;4;1;7;5;1;3;5;4;3;3;6;5;4;5;6;4;3;4;4;4;4;5;2;4;3;5;4;4;6;6;5;5;4;3;4;4;6;7;6;6;6;3;4;5;5;2;3;6;2;3;4;7;2;7;7;6;7;4;4;4;6;2;5;3;1;1;4;4;3;2;5;2;4;4;5;4;4;4;5;4;6;7;7;4;4;4;7;5;5;7;7;6;4;4;7;6;7;1;1;1;6;6;5;1;7;6;7;7;5;5;7;6;4;1;5;1;3;1;1;5;3;4;4;2;1;4;1;5;1;1;5;5;3;1;5;2;2;4;4;4;2;4;4;5;2;1;5;3;1;3;4;1;2;5;1;2;1;2;2;1;1;2;1;2;2;2;2;2;2;1;2;1;2;2;1;2;2;2;1;2;2;2;2;2;1;2;2;2;1;1;2;1;1;1;2;2;2;1;1;2;2;2;1;1;1;2;1;2;2;2;2;2;2;1;2;1;2;2;1;2;2;2;2;2;2;1;2;1;2;1;1;1;2;1;2;1;2;6;2;7;1;5;1;7;1;6;2;6;7;7;1;7;5;3;1;7;7;6;2;6;6;7;7;21;2611;58;38;69;50;53;44;109;59;73;304;60;86;104;93;62;83;85;75;33;185;61;45;52;1966;1;26;26;0;0;0;9;9
365; ; ;as1_122012;interview; ; ; ; ; ; ; ; ; ; ; ; ; ; ; ; ; ; ; ; ; ; ; ; ; ; ; ; ; ; ; ; ; ; ; ; ; ; ; ; ; ; ; ; ; ; ; ; ; ; ; ; ; ; ; ; ; ; ; ; ; ; ; ; ; ; ; ; ; ; ; ; ; ; ; ; ; ; ; ; ; ; ; ; ; ; ; ; ; ; ; ; ; ; ; ; ; ; ; ; ; ; ; ; ; ; ; ; ; ; ; ; ; ; ; ; ; ; ; ; ; ; ; ; ; ; ; ; ; ; ; ; ; ; ; ; ; ; ; ; ; ; ; ; ; ; ; ; ; ; ; ; ; ; ; ; ; ; ; ; ; ; ; ; ; ; ; ; ; ; ; ; ; ; ; ; ; ; ; ; ; ; ; ; ; ; ; ; ; ; ; ; ; ; ; ; ; ;1; ; ; ; ; ; ; ; ; ; ; ; ; ; ; ; ; ; ; ; ; ; ; ; ; ; ; ; ; ; ; ; ; ; ; ; ; ; ; ; ; ; ; ; ; ; ; ; ; ; ; ; ; ; ; ; ; ; ; ; ; ; ; ; ; ; ; ; ; ; ; ; ; ; ; ; ; ; ; ; ; ; ; ; ; ; ; ; ; ; ; ; ; ; ; ; ; ; ; ; ; ; ; ; ; ; ;6;14;8; ; ; ; ; ; ; ; ; ; ; ; ; ; ; ; ; ; ; ; ; ; ;28;0;3;3;0;0;0;100;100
367; ; ;as1_122012;interview;7;7;7;4;6;5;6;7;1;4;3;4;7;4;4;7;6;5;3;7;1;7;1;4;2;5;6;5;2;2;6;7;1;1;7;6;3;3;7;1;6;7;1;1;2;1;1;3;3;7;2;7;4;7;6;7;4;5;3;7;4;5;5;2;2;2;7;2;4;6;7;7;7;2;4;5;2;7;6;6;7;5;5;1;4;1;3;6;6;4;7;3;7;3;2;3;2;7;7;1;5;4;1;5;3;2;4;2;3;3;3;3;4;2;4;4;3;4;4;3;6;2;6;1;1;1;2;1;3;1;2;1;1;1;1;1;2;6;2;6;6;3;4;1;1;7;4;7;5;6;7;7;7;4;2;5;4;4;1;4;4;3;4;3;5;5;4;5;1;2;4;5;5;5;2;4;4;1;2;5;4;5;1;3;4;4;5;4;3;4;2;4;2;3;5;2;1;1;2;2;1;1;2;1;1;1;1;1;1;2;2;2;1;2;2;2;2;2;2;1;2;1;2;2;2;2;2;2;2;2;2;1;2;2;2;2;2;1;2;2;1;1;1;2;2;2;1;1;1;2;1;2;2;2;1;2;1;2;1;2;1;2;2;1;2;2;1;2;2;2;1;2;1;2;2;2;1;2;1;7;7;7;2;6;3;6;1;7;2;5;7;2;3;6;3;5;5;5;7;2;-9;7;6;6;47;8;14;10;77;115;89;38;50;35;60;256;95;202;164;73;65;131;57;95;50;138;30;46;174;1891;1;26;26;0;0;1;37;37
369; ; ;as1_122012;interview;6;3;7;2;4;6;1;7;5;1;4;1;5;1;4;1;2;2;5;2;6;1;7;4;2;1;1;1;1;1;1;7;4;1;1;7;2;1;7;4;1;7;3;2;1;1;1;4;4;4;4;4;4;4;4;4;4;4;4;4;4;4;4;4;4;4;4;4;4;7;5;7;4;3;4;1;4;4;5;5;3;1;1;1;7;1;1;7;1;1;4;4;7;2;7;2;6;3;5;4;3;3;2;5;4;1;1;4;1;1;1;4;3;1;3;5;5;4;4;4;4;4;4;1;1;1;1;1;3;4;4;1;1;1;1;5;5;7;1;1;1;1;1;1;1;2;7;7;7;7;7;7;7;4;1;5;4;5;1;3;3;2;4;1;4;1;3;2;5;2;1;4;5;1;1;5;5;2;2;5;4;3;4;5;4;2;4;5;3;2;1;5;1;3;5;2;1;1;2;2;2;1;2;1;2;2;2;2;2;2;1;1;1;2;2;1;2;2;2;1;2;2;2;2;2;2;2;2;1;2;2;2;1;2;2;2;1;2;1;2;2;2;2;1;2;1;2;2;1;2;2;1;-9;2;2;1;1;-9;1;2;2;2;1;2;1;1;1;2;1;2;1;2;1;2;2;2;1;1;6;3;7;2;5;5;-9;2;7;1;7;7;7;2;6;6;1;1;7;6;7;1;7;5;6;6;16;97;35;40;94;69;84;53;137;67;104;396;67;103;114;100;100;82;112;86;39;273;91;55;41;2455;1;26;26;1;1;2;3;5
370; ; ;as1_122012;interview; ; ; ; ; ; ; ; ; ; ; ; ; ; ; ; ; ; ; ; ; ; ; ; ; ; ; ; ; ; ; ; ; ; ; ; ; ; ; ; ; ; ; ; ; ; ; ; ; ; ; ; ; ; ; ; ; ; ; ; ; ; ; ; ; ; ; ; ; ; ; ; ; ; ; ; ; ; ; ; ; ; ; ; ; ; ; ; ; ; ; ; ; ; ; ; ; ; ; ; ; ; ; ; ; ; ; ; ; ; ; ; ; ; ; ; ; ; ; ; ; ; ; ; ; ; ; ; ; ; ; ; ; ; ; ; ; ; ; ; ; ; ; ; ; ; ; ; ; ; ; ; ; ; ; ; ; ; ; ; ; ; ; ; ; ; ; ; ; ; ; ; ; ; ; ; ; ; ; ; ; ; ; ; ; ; ; ; ; ; ; ; ; ; ; ; ; ;1; ; ; ; ; ; ; ; ; ; ; ; ; ; ; ; ; ; ; ; ; ; ; ; ; ; ; ; ; ; ; ; ; ; ; ; ; ; ; ; ; ; ; ; ; ; ; ; ; ; ; ; ; ; ; ; ; ; ; ; ; ; ; ; ; ; ; ; ; ; ; ; ; ; ; ; ; ; ; ; ; ; ; ; ; ; ; ; ; ; ; ; ; ; ; ; ; ; ; ; ; ; ; ; ; ; ;16;24;27;23; ; ; ; ; ; ; ; ; ; ; ; ; ; ; ; ; ; ; ; ; ;90;0;4;4;0;0;0;35;35
377; ; ;as1_122012;interview;6;3;7;2;2;6;5;7;4;1;2;2;2;7;2;2;1;2;2;3;2;3;4;3;7;2;3;1;3;2;1;7;2;1;1;7;1;1;5;2;2;3;5;1;2;1;1;3;2;6;5;4;4;4;5;5;5;5;5;5;4;6;6;5;6;4;4;4;5;7;4;6;2;6;4;2;1;2;2;3;3;1;1;2;3;2;1;2;1;1;5;1;6;2;2;2;7;2;7;2;5;2;2;6;3;1;6;2;2;3;3;1;3;1;4;5;5;4;4;4;5;5;3;6;2;1;1;3;2;2;3;3;1;2;1;5;2;6;1;2;2;2;1;2;1;2;6;7;4;5;5;5;7;3;1;5;2;3;1;1;3;5;3;5;1;3;4;2;4;1;4;5;5;1;2;4;5;1;3;4;5;3;3;4;3;1;5;5;3;4;1;4;1;2;4;4;2;1;2;2;1;1;1;1;2;1;2;2;2;2;1;1;1;2;2;1;1;2;1;1;1;1;2;2;2;1;2;1;2;2;1;2;2;1;2;2;2;2;2;1;1;2;2;2;2;2;1;1;1;2;2;2;2;1;1;2;1;1;1;2;2;2;2;2;1;2;1;2;1;2;1;2;1;1;1;2;1;2;5;3;6;2;7;4;6;1;3;5;7;6;6;4;6;4;6;2;4;6;6;4;6;6;6;6;2;6;20;55;122;95;133;72;137;62;111;376;83;106;107;118;75;96;99;99;42;245;72;39;52;2424;1;26;26;0;0;0;29;29
381; ; ;as1_122012;interview;6;6;7;4;3;6;4;7;5;1;5;2;3;7;5;1;1;1;3;2;5;4;5;6;6;4;2;2;1;5;2;7;3;5;2;7;1;2;7;6;1;7;7;3;4;1;1;5;4;4;4;5;6;5;4;5;5;5;4;6;4;5;6;6;4;5;4;3;5;7;6;7;6;3;7;6;3;5;6;6;6;4;-9;3;4;4;3;3;3;2;5;4;7;6;7;4;6;5;7;3;4;4;2;5;3;1;6;2;1;2;1;4;2;1;5;4;4;4;3;4;4;4;4;6;3;5;3;5;4;5;5;2;1;3;2;6;3;6;3;2;2;1;5;4;1;4;4;7;6;3;7;7;6;5;2;5;1;5;2;1;2;5;5;4;1;1;5;3;3;5;2;5;5;4;5;2;5;1;3;4;5;2;4;4;4;1;5;5;4;5;1;5;1;3;5;5;2;1;2;2;1;2;2;1;2;1;2;2;2;2;2;1;1;2;1;2;2;1;2;1;2;1;1;2;1;2;2;2;1;1;2;2;1;2;1;2;2;2;2;2;1;2;2;1;2;1;1;1;1;2;2;2;2;1;2;2;1;1;1;2;1;2;2;2;2;2;1;2;2;2;2;1;1;2;2;2;2;2;6;6;6;5;6;6;6;3;3;2;7;7;7;1;7;7;3;1;7;7;6;2;7;6;6;7;11;120;16;43;108;72;78;47;128;61;97;347;79;68;119;103;76;83;86;96;50;226;74;57;33;2278;1;26;26;1;0;1;5;6
383; ; ;as1_122012;interview;5;3;7;6;4;7;1;7;5;1;3;1;4;1;4;6;4;1;5;1;2;1;5;4;1;1;3;1;1;2;1;7;5;5;3;7;5;1;6;3;1;4;3;4;3;2;3;4;4;4;4;4;4;4;4;4;4;4;4;4;4;4;5;4;4;3;4;4;4;7;5;5;2;3;3;4;4;3;3;5;3;1;1;1;4;2;1;6;1;1;6;4;7;3;7;2;6;3;5;1;4;1;2;5;3;1;1;2;1;2;2;1;4;4;4;3;4;4;5;4;3;2;2;2;1;1;1;1;3;2;4;1;1;1;1;5;2;5;1;1;1;1;1;1;1;2;5;6;-9;5;6;7;7;4;3;5;1;5;1;2;4;4;3;4;1;1;-9;2;5;3;1;4;5;1;4;4;5;1;3;5;5;4;3;3;3;2;5;5;2;5;1;5;1;2;3;5;1;1;2;2;1;2;1;1;2;1;2;1;2;2;1;1;2;2;1;1;1;2;2;1;2;1;1;2;1;1;1;2;1;2;2;1;1;2;2;2;2;2;2;2;1;1;2;2;2;2;1;2;1;2;1;2;2;1;1;2;2;2;1;2;2;2;2;1;1;2;1;2;2;2;1;1;1;2;2;2;2;1;3;3;4;6;5;4;6;2;2;2;7;6;7;2;6;7;5;2;6;4;7;1;6;7;6;6;11;256;63;95;81;67;81;231;109;62;64;353;41;80;97;82;78;81;79;82;36;183;41;32;151;2363;1;26;26;1;1;1;8;10
384; ; ;as1_122012;interview;1;1;1;1;1;1;1;1;1;1;1;1;7;1;1;7;1;1;1;1;1;1;1;1;1;1;1;1;1;1;1;1;7;1;1;7;1;1;1;1;1;1;1;2;5;1;1;4;1;4;4;4;4;4;4;4;4;4;4;4;4;4;4;4;4;4;4;4;4;6;1;3;1;7;4;1;6;1;1;1;1;1;1;1;1;1;1;1;1;1;7;7;7;1;7;1;7;1;7;7;1;2;1;5;4;2;6;1;1;2;5;1;1;1;6;6;6;6;6;6;6;1;1;1;1;1;1;1;1;1;1;1;1;1;1;1;6;7;1;1;1;4;1;1;1;1;5;6;6;1;1;4;3;5;1;3;1;3;1;3;3;1;1;1;1;1;1;1;5;1;1;5;5;1;1;5;5;3;1;5;3;1;1;3;3;1;1;5;1;1;2;5;1;1;5;1;1;1;2;2;1;1;1;1;2;2;1;1;2;2;1;2;1;2;2;1;2;1;2;1;2;2;2;2;2;2;2;2;2;2;1;2;1;2;1;2;2;2;1;1;2;2;1;2;2;2;2;1;2;1;1;2;2;1;1;2;2;2;2;2;1;2;2;2;2;1;2;2;1;2;1;2;1;2;1;2;1;2;6;2;6;1;7;5;6;2;6;2;1;1;1;1;1;1;2;3;7;2;5;1;3;1;6;2;19;64;42;25;89;55;57;38;60;36;57;221;34;49;67;85;68;64;63;80;40;164;38;43;46;1604;1;26;26;0;0;0;22;22
386; ; ;as1_122012;interview;5;2;7;4;4;4;4;5;2;1;1;1;5;1;4;5;4;1;5;5;1;1;2;4;3;1;1;1;3;1;1;5;7;6;2;7;5;1;2;2;1;4;1;5;5;2;1;2;6;4;4;5;4;4;5;5;4;4;4;5;4;4;5;4;5;3;4;4;5;2;3;6;2;6;2;1;5;4;3;1;4;1;1;1;1;1;1;7;1;1;5;2;7;1;7;2;7;2;6;4;6;2;2;6;4;1;1;1;2;4;3;1;4;4;5;5;5;5;5;5;4;4;2;2;1;1;1;1;1;1;2;1;1;1;1;1;2;6;3;1;1;2;1;2;1;2;5;5;7;4;5;7;6;4;2;4;3;1;1;2;4;3;4;4;1;1;4;3;3;2;1;4;5;2;1;4;1;1;2;4;5;3;3;3;1;1;4;4;3;3;1;5;2;3;3;3;1;1;2;2;1;2;2;1;2;1;2;2;2;2;1;1;1;2;2;2;1;1;2;1;2;1;2;2;2;1;2;1;2;1;1;2;1;1;1;2;1;2;2;2;1;1;2;2;1;1;1;1;1;2;2;2;2;2;1;1;1;1;1;1;2;2;2;1;2;2;1;2;1;2;1;1;1;2;1;1;1;2;3;2;5;5;5;6;5;3;4;5;2;4;6;2;3;6;2;1;1;6;2;1;6;6;7;5;9;91;15;94;116;104;112;66;155;96;153;715;97;156;111;146;68;105;94;99;48;249;61;41;59;3060;1;26;26;0;0;0;1;2
387; ; ;as1_122012;interview; ; ; ; ; ; ; ; ; ; ; ; ; ; ; ; ; ; ; ; ; ; ; ; ; ; ; ; ; ; ; ; ; ; ; ; ; ; ; ; ; ; ; ; ; ; ; ; ; ; ; ; ; ; ; ; ; ; ; ; ; ; ; ; ; ; ; ; ; ; ; ; ; ; ; ; ; ; ; ; ; ; ; ; ; ; ; ; ; ; ; ; ; ; ; ; ; ; ; ; ; ; ; ; ; ; ; ; ; ; ; ; ; ; ; ; ; ; ; ; ; ; ; ; ; ; ; ; ; ; ; ; ; ; ; ; ; ; ; ; ; ; ; ; ; ; ; ; ; ; ; ; ; ;5;2;5;2;5;1;1;3;4;2;2;2;2;2;5;5;1;1;5;5;1;5;5;5;1;1;5;5;3;5;1;3;5;5;5;1;5;1;5;1;1;5;5;1;1; ; ; ; ; ; ; ; ; ; ; ; ; ; ; ; ; ; ; ; ; ; ; ; ; ; ; ; ; ; ; ; ; ; ; ; ; ; ; ; ; ; ; ; ; ; ; ; ; ; ; ; ; ; ; ; ; ; ; ; ; ; ; ; ; ; ; ; ; ; ; ; ; ; ; ; ; ; ; ; ; ; ; ; ; ; ; ; ; ; ; ; ; ; ; ; ; ; ; ; ; ; ; ; ; ; ;33;29;33;282;68;51;57;46;962; ; ; ; ; ; ; ; ; ; ; ; ; ; ; ; ;475;0;10;10;0;0;0;14;14
388; ; ;as1_122012;interview;6;2;7;1;4;7;1;7;2;1;2;1;7;1;4;7;6;1;1;1;5;1;7;4;7;1;1;1;7;5;1;6;3;7;2;7;5;1;5;1;1;6;1;1;3;1;2;6;5;4;4;4;4;4;4;4;4;4;4;4;4;4;4;4;4;4;4;4;4;7;3;6;6;5;6;6;1;5;1;6;5;1;1;1;7;1;1;3;1;1;6;2;7;1;7;3;7;5;7;1;5;1; ; ; ; ; ; ;1;1;1;1;1;1;6;6;6;6;6;6;6;4;4;5;1;6;1;1;4;3;1;1;1;5;1;4;2;7;1;1;1;1;1;1;1;5;5;7;4;6;7;5;7;5;1;5;1;4;5;2;4;5;1;5;1;2;4;4;3;2;2;5;5;1;3;5;5;2;1;2;5;1;5;5;5;3;5;5;2;3;1;5;1;4;4;1;1;1;2;2;1;1;1;1;2;2;1;2;1;2;2;2;1;1;1;2;2;1;2;1;2;2;2;2;2;1;2;1;2;2;2;1;1;1;1;2;1;2;1;1;2;2;2;2;1;1;2;1;2;1;2;2;1;1;1;1;2;2;1;1;2;2;1;1;2;2;1;2;1;2;1;2;1;2;1;2;1;2; ; ; ; ; ; ; ; ; ; ; ; ; ; ; ; ; ; ; ; ; ; ; ; ; ; ;9;37;226;54;83;83;75;71;100;75;100;380;74;99;120;102;76;93;80;125;55; ; ; ; ;1913;0;22;22;0;0;0;3;3
391; ; ;as1_122012;interview; ; ; ; ; ; ; ; ; ; ; ; ; ; ; ; ; ; ; ; ; ; ; ; ; ; ; ; ; ; ; ; ; ; ; ; ; ; ; ; ; ; ; ; ; ; ; ; ; ; ; ; ; ; ; ; ; ; ; ; ; ; ; ; ; ; ; ; ; ; ; ; ; ; ; ; ; ; ; ; ; ; ; ; ; ; ; ; ; ; ; ; ; ; ; ; ; ; ; ; ; ; ; ; ; ; ; ; ; ; ; ; ; ; ; ; ; ; ; ; ; ; ; ; ; ; ; ; ; ; ; ; ; ; ; ; ; ; ; ; ; ; ; ; ; ; ; ; ; ; ; ; ; ; ; ; ; ; ; ; ; ; ; ; ; ; ; ; ; ; ; ; ; ; ; ; ; ; ; ; ; ; ; ; ; ; ; ; ; ; ; ; ; ; ; ; ; ;1; ; ; ; ; ; ; ; ; ; ; ; ; ; ; ; ; ; ; ; ; ; ; ; ; ; ; ; ; ; ; ; ; ; ; ; ; ; ; ; ; ; ; ; ; ; ; ; ; ; ; ; ; ; ; ; ; ; ; ; ; ; ; ; ; ; ; ; ; ; ; ; ; ; ; ; ; ; ; ; ; ; ; ; ; ; ; ; ; ; ; ; ; ; ; ; ; ; ; ; ; ; ; ; ; ; ;13;23;6; ; ; ; ; ; ; ; ; ; ; ; ; ; ; ; ; ; ; ; ; ; ;42;0;3;3;0;0;0;74;74
392; ; ;as1_122012;interview;7;3;7;5;4;7;5;7;5;1;5;1;6;1;5;3;5;2;5;3;2;3;3;5;3;3;3;1;7;3;3;7;5;2;5;7;5;2;7;3;2;7;1;5;1;2;2;2;4;6;5;5;5;4;5;6;5;5;5;4;4;5;6;5;4;3;6;4;4;7;5;6;3;7;5;1;2;3;2;3;4;1;2;1;2;2;1;5;2;1;3;2;7;2;7;5;7;1;6;3;5;3;2;5;4;1;1;3;3;4;4;3;2;3;4;5;5;5;5;5;4;4;4;5;2;5;3;5;3;3;4;2;1;3;5;7;2;7;2;5;1;6;5;3;1;3;5;3;1;3;6;4;7;4;2;4;5;5;3;2;5;4;3;2;2;2;1;1;5;5;2;4;5;1;3;3;5;1;4;4;5;1;4;5;3;2;3;4;1;2;2;5;1;4;5;5;2;1;2;2;1;2;1;2;1;2;2;2;2;2;1;1;2;2;1;1;1;2;2;2;2;2;1;2;1;1;2;2;2;2;2;2;1;2;1;1;1;1;1;2;2;2;1;2;2;1;2;1;2;1;1;2;1;1;1;2;2;2;1;2;2;2;2;2;2;2;1;2;1;2;2;2;2;2;1;2;2;2;6;5;6;5;7;2;7;1;3;1;2;6;6;4;7;6;6;4;3;4;7;5;7;6;7;3;29;1036;58;49;86147;59;65;41;7284;58;132;464;294;110;105;271;68;95;85;77;32;271;103;50;108;2664;1;26;26;0;0;0;4;4
394; ; ;as1_122012;interview;6;2;7;5;4;6;1;7;4;1;1;1;5;1;2;2;3;4;3;6;2;3;5;5;7;1;5;1;1;1;2;7;2;4;2;3;2;1;6;5;4;3;5;1;2;1;1;3;5;5;5;6;6;4;3;7;7;3;6;7;6;3;5;4;4;5;3;6;6;7;5;6;5;4;6;3;1;6;5;6;5;2;3;6;2;3;5;3;6;1;1;3;5;5;7;1;1;2;6;2;6;1;1;6;3;1;2;4;1;2;4;1;1;1;2;5;3;5;5;6;5;5;5;6;2;3;1;2;3;5;6;2;1;2;4;2;1;7;1;1;1;1;1;2;1;1;5;7;6;6;5;5;7;4;3;5;2;5;1;4;5;5;1;4;1;2;4;2;5;2;3;5;5;1;2;5;5;4;2;5;3;4;3;4;2;3;4;4;1;4;2;5;1;3;1;4;2;1;2;2;1;1;1;1;2;1;1;1;2;2;2;1;1;2;2;1;2;1;2;1;1;2;2;2;2;1;1;1;2;2;2;2;2;2;1;2;1;2;2;1;1;2;2;2;1;1;1;1;1;2;1;2;2;2;1;2;1;1;2;1;2;2;2;1;1;2;1;2;1;2;1;2;1;2;1;2;1;2;2;3;5;2;6;7;7;3;6;2;2;5;7;1;3;6;6;1;5;7;6;1;6;5;7;4;14;33;39;63;79;78;64;45;282;51;69;285;62;62;80;67;72;55;54;67;28;209;51;27;44;1807;1;26;26;0;0;0;16;16
398; ; ;as1_122012;interview;7;1;7;7;5;2;4;7;3;2;1;1;6;3;7;5;4;1;5;1;2;7;1;4;2;1;6;1;7;2;2;7;7;1;5;5;7;2;4;2;4;3;5;6;3;1;5;3;5;5;6;6;5;2;4;7;5;1;6;7;2;2;7;6;4;2;5;7;2;7;3;6;5;3;6;1;2;7;4;6;3;1;2;5;2;4;1;3;2;3;2;1;5;6;7;5;1;2;4;6;2;6;1;5;5;1;1;2;4;3;2;1;4;1;5;5;4;5;6;5;6;7;4;7;3;5;1;7;3;6;4;3;1;3;1;1;1;5;6;6;5;3;7;3;5;7;3;5;3;4;5;2;6;5;3;4;1;4;1;1;4;4;3;3;1;4;1;3;4;2;1;5;4;1;3;5;5;1;2;3;5;2;3;1;1;4;4;5;2;4;1;5;1;4;3;4;1;1;2;2;1;2;1;1;2;1;1;1;2;1;1;1;2;2;1;1;1;2;2;1;2;1;2;2;1;1;1;2;1;2;2;2;1;1;1;2;1;1;1;2;1;2;1;2;2;1;1;1;1;2;2;2;1;2;1;1;2;1;1;1;2;2;2;1;1;2;1;2;2;1;2;1;2;1;2;1;1;1;2;6;5;5;2;7;5;5;2;7;2;2;6;5;2;7;5;6;6;7;5;1;6;4;6;5;7;73;20;54;87;75;89;58;98;81;103;445;105;91;196;132;71;80;70;68;34;326;60;60;50;2533;1;26;26;0;0;0;4;4
401; ; ;as1_122012;interview; ; ; ; ; ; ; ; ; ; ; ; ; ; ; ; ; ; ; ; ; ; ; ; ; ; ; ; ; ; ; ; ; ; ; ; ; ; ; ; ; ; ; ; ; ; ; ; ; ; ; ; ; ; ; ; ; ; ; ; ; ; ; ; ; ; ; ; ; ; ; ; ; ; ; ; ; ; ; ; ; ; ; ; ; ; ; ; ; ; ; ; ; ; ; ; ; ; ; ; ; ; ; ; ; ; ; ; ; ; ; ; ; ; ; ; ; ; ; ; ; ; ; ; ; ; ; ; ; ; ; ; ; ; ; ; ; ; ; ; ; ; ; ; ; ; ; ; ; ; ; ; ; ;3;1;5;1;1;1;5;5;1;2;4;1;1;5;1;5;1;4;5;5;3;1;1;1;5;1;3;1;1;4;5;5;1;1;4;4;1;1;3;5;5;5;1;1;1; ; ; ; ; ; ; ; ; ; ; ; ; ; ; ; ; ; ; ; ; ; ; ; ; ; ; ; ; ; ; ; ; ; ; ; ; ; ; ; ; ; ; ; ; ; ; ; ; ; ; ; ; ; ; ; ; ; ; ; ; ; ; ; ; ; ; ; ; ; ; ; ; ; ; ; ; ; ; ; ; ; ; ; ; ; ; ; ; ; ; ; ; ; ; ; ; ; ; ; ; ; ; ; ; ; ;119;17;5;34;56;45;57;50; ; ; ; ; ; ; ; ; ; ; ; ; ; ; ; ; ;274;0;9;9;0;0;0;51;51
403; ; ;as1_122012;interview;5;6;7;1;1;6;1;7;7;1;1;1;2;1;4;1;1;1;1;1;5;1;5;4;7;1;1;1;2;1;1;7;1;1;1;7;1;1;7;7;1;6;7;1;1;1;1;1;4;4;4;4;4;4;4;4;4;4;4;4;4;4;4;4;4;4;4;4;4;6;7;7;6;3;7;6;1;4;2;4;4;2;1;1;2;1;1;7;1;1;7;1;7;1;6;1;7;1;7;1;7;1;2;5;2;1;2;1;2;2;4;1;3;3;4;5;5;5;5;5;5;1;2;1;1;1;1;1;1;1;3;1;1;1;1;5;1;7;1;1;1;1;1;1;1;1;7;7;4;7;7;7;7;4;4;5;1;5;2;1;4;4;2;2;3;2;3;1;5;3;2;3;5;1;4;4;5;2;3;5;4;3;4;5;4;2;3;4;2;5;1;5;1;4;5;2;1;1;2;2;1;2;2;1;2;1;2;2;2;2;1;1;1;1;2;2;2;1;1;1;1;1;2;2;1;2;2;1;1;2;2;1;1;2;1;2;1;2;1;1;1;2;2;1;1;1;1;1;2;2;2;2;1;2;1;2;2;1;1;1;2;2;2;1;1;2;1;2;1;2;2;1;2;1;2;2;1;1;6;6;6;5;6;5;6;3;5;3;2;3;7;1;6;6;2;2;3;6;7;1;7;7;7;7;2164;101;36;53;93;77;91;57;130;149;113;540;100;105;180;83;75;97;109;85;52;228;63;39;113;2779;1;26;26;0;0;0;1;1
404; ; ;as1_122012;interview;5;6;7;6;6;5;2;7;5;2;1;2;5;1;2;2;1;1;1;1;5;3;5;5;5;3;4;3;4;4;3;6;2;1;2;4;2;4;6;6;3;5;6;2;2;2;2;4;4;6;3;6;4;5;5;7;4;5;5;6;5;5;6;5;5;5;7;6;5;7;5;5;5;4;3;2;4;4;4;5;3;1;1;1;1;4;1;4;3;1;1;2;5;3;5;4;5;5;7;3;1;6;2;6;3;2;1;3;1;5;2;1;1;1;2;2;2;2;2;2;2;4;4;3;2;3;1;1;3;2;2;1;5;1;1;2;4;6;5;2;1;2;2;2;1;2;6;6;6;5;6;6;6;4;1;5;1;3;1;3;4;5;2;4;2;2;4;2;5;4;2;3;5;1;3;3;4;2;2;5;4;5;3;2;4;2;4;5;1;5;1;3;1;2;4;4;1;1;2;1;1;2;2;1;2;1;2;1;2;2;2;2;2;2;1;2;1;2;2;1;2;1;1;2;1;2;1;2;2;2;2;2;2;1;1;2;1;2;1;2;1;2;2;1;1;2;1;1;2;2;2;2;2;1;1;2;1;1;1;1;2;2;1;1;1;2;1;2;1;2;2;1;2;1;2;2;2;1;2;5;3;5;5;5;5;5;4;4;4;3;7;3;6;6;2;2;6;7;6;2;7;7;7;7;7;588;27;77;115;70;114;74;226;126;591;630;61;101;149;146;106;98;87;119;52;286;36;37;69;2974;1;26;26;0;0;0;3;3
405; ; ;as1_122012;interview;7;1;6;7;6;1;2;6;1;1;6;1;7;1;6;7;2;3;5;6;1;4;1;4;1;1;7;4;1;7;7;4;7;4;1;7;7;2;3;1;7;3;1;7;7;3;3;7;2;4;5;4;4;4;3;4;4;3;5;4;4;5;5;5;4;6;2;3;4;6;5;5;6;6;4;3;1;5;6;5;4;6;6;6;6;7;5;6;7;5;5;5;4;5;4;4;5;5;4;4;2;6;2;6;5;1;1;1;4;5;3;1;2;1;4;4;4;4;3;3;2;7;7;7;7;7;2;6;5;7;6;6;4;3;3;6;6;2;4;5;5;3;5;6;6;7;1;2;1;1;7;4;5;3;2;5;1;3;2;4;4;4;4;4;2;3;4;2;4;4;2;4;4;5;1;5;2;1;3;5;5;3;4;1;1;3;4;4;2;2;5;2;4;5;1;2;5;1;1;2;1;1;1;1;2;2;2;2;2;2;2;1;1;2;1;1;1;2;2;1;2;2;2;2;2;2;2;1;2;2;2;2;1;2;2;2;2;1;2;1;2;2;2;2;2;1;2;1;2;1;1;2;1;1;1;2;2;2;1;2;1;2;1;1;2;2;1;2;1;2;1;2;2;2;1;2;1;2;6;7;6;3;4;2;1;2;2;3;1;6;5;2;6;7;2;7;3;2;6;3;6;2;5;2;3;49;101;31;46;48;38;29;48;30;54;213;109;50;43;62;52;92;57;73;87;175;49;19;28;1507;1;26;26;0;0;0;37;37
406; ; ;as1_122012;interview;6;4;5;6;4;3;1;4;4;2;5;1;5;2;5;5;5;2;5;5;2;1;3;6;2;1;5;1;1;3;3;6;6;7;3;5;6;5;4;3;3;4;2;6;6;5;5;5;4;5;5;5;6;5;5;6;6;5;6;5;6;6;6;6;6;5;4;5;5;6;6;6;6;3;5;5;3;5;5;5;5;4;3;4;5;5;5;3;4;3;5;5;5;4;6;6;6;6;6;6;5;5;2;6;3;2;1;3;3;4;3;1;4;4;3;5;5;4;5;5;5;6;4;6;4;5;1;6;4;4;5;4;4;5;1;6;4;7;3;1;1;3;1;3;1;5;5;6;7;6;7;7;6;1;3;5;3;4;2;3;4;1;2;4;3;1;2;3;3;1;1;3;5;1;2;4;4;2;1;4;5;2;3;2;3;1;4;4;3;5;1;5;1;4;3;4;1;1;2;2;1;1;2;2;2;1;2;2;1;2;2;1;1;1;2;2;2;1;2;1;1;1;2;2;2;2;2;1;1;2;2;2;1;2;2;2;1;2;2;2;2;2;2;2;2;1;2;1;2;2;2;2;1;2;1;2;1;1;1;1;1;2;2;2;2;2;1;2;1;2;1;2;1;2;1;2;1;1;4;3;7;2;6;5;6;2;5;5;5;6;7;2;6;5;6;1;6;5;6;1;6;5;6;4;29;106;61;48;67;63;66;52;279;92;103;439;73;113;109;126;104;106;107;102;42;259;83;52;54;2565;1;26;26;0;0;0;2;2
407; ; ;as1_122012;interview;6;1;7;1;4;4;1;7;1;1;3;1;7;1;2;4;2;1;1;2;2;2;4;4;2;1;2;1;3;2;1;7;3;2;1;7;5;2;6;2;1;6;2;4;4;1;1;3;4;3;4;6;4;6;5;6;5;5;5;4;5;4;6;5;5;3;4;5;6;6;4;6;6;3;5;5;1;5;5;5;5;2;1;2;2;3;4;5;2;1;4;2;7;2;7;2;7;3;6;2;4;3;2;5;3;1;1;1;3;3;5;3;3;3;5;3;4;4;4;4;4;4;4;3;2;4;1;3;2;2;6;2;1;1;1;2;2;6;2;1;1;2;2;2;1;4;3;5;6;6;6;4;6;4;3;5;3;5;1;2;5;4;3;1;2;3;3;2;4;5;1;5;5;1;4;5;5;1;3;4;5;3;4;2;3;2;5;5;2;4;1;4;1;3;5;4;1;1;2;2;1;1;2;1;2;1;1;2;2;2;2;2;1;2;2;1;2;2;2;1;2;1;2;2;2;2;2;2;1;2;2;2;1;2;1;2;2;2;1;2;1;2;2;2;2;2;1;1;1;2;1;2;1;2;1;1;1;2;1;2;2;2;2;2;1;2;1;2;2;2;1;2;1;2;1;2;1;2;4;4;6;5;6;6;6;3;4;2;2;6;6;2;5;7;5;1;4;5;6;1;4;4;5;6;19;122;49;66;80;67;72;53;121;95;115;436;78;79;138;131;62;92;71;84;46;275;56;57;123;2587;1;26;26;0;0;0;2;2
408; ; ;as1_122012;interview; ; ; ; ; ; ; ; ; ; ; ; ; ; ; ; ; ; ; ; ; ; ; ; ; ; ; ; ; ; ; ; ; ; ; ; ; ; ; ; ; ; ; ; ; ; ; ; ; ; ; ; ; ; ; ; ; ; ; ; ; ; ; ; ; ; ; ; ; ; ; ; ; ; ; ; ; ; ; ; ; ; ; ; ; ; ; ; ; ; ; ; ; ; ; ; ; ; ; ; ; ; ; ; ; ; ; ; ; ; ; ; ; ; ; ; ; ; ; ; ; ; ; ; ; ; ; ; ; ; ; ; ; ; ; ; ; ; ; ; ; ; ; ; ; ; ; ; ; ; ; ; ; ; ; ; ; ; ; ; ; ; ; ; ; ; ; ; ; ; ; ; ; ; ; ; ; ; ; ; ; ; ; ; ; ; ; ; ; ; ; ; ; ; ; ; ; ;-9; ; ; ; ; ; ; ; ; ; ; ; ; ; ; ; ; ; ; ; ; ; ; ; ; ; ; ; ; ; ; ; ; ; ; ; ; ; ; ; ; ; ; ; ; ; ; ; ; ; ; ; ; ; ; ; ; ; ; ; ; ; ; ; ; ; ; ; ; ; ; ; ; ; ; ; ; ; ; ; ; ; ; ; ; ; ; ; ; ; ; ; ; ; ; ; ; ; ; ; ; ; ; ; ; ; ;6;64;27; ; ; ; ; ; ; ; ; ; ; ; ; ; ; ; ; ; ; ; ; ; ;97;0;3;3;100;100;208;11;220
409; ; ;as1_122012;interview;5;1;6;5;4;4;4;6;4;1;2;1;4;1;5;6;4;1;4;1;1;1;2;4;3;1;4;1;4;3;4;4;7;1;2;7;5;1;4;1;4;4;2;4;6;2;4;5;4;5;2;5;6;5;4;5;6;4;6;6;5;4;6;6;5;2;5;4;5;5;5;6;5;4;2;2;3;5;4;5;4;4;1;4;1;1;2;7;4;1;6;4;6;2;1;2;7;4;7;4;4;4;2;5;3;1;6;1;3;4;3;1;4;3;5;5;6;6;5;6;5;4;5;6;3;2;4;2;4;4;4;2;1;1;1;6;6;6;2;6;1;2;5;3;1;6;5;5;4;4;5;4;6;2;3;5;1;4;1;3;4;3;1;2;2;4;4;1;5;5;2;4;5;4;1;5;2;3;3;4;3;3;2;4;3;2;1;5;3;2;1;3;1;1;3;1;3;1;2;2;1;1;1;1;1;1;2;2;2;2;1;1;1;2;1;1;1;2;2;1;1;1;2;2;2;2;2;2;2;2;1;2;1;1;1;2;1;2;1;1;1;2;2;1;1;1;1;1;1;1;2;2;2;2;1;1;1;1;1;1;2;2;2;2;2;2;1;2;1;2;1;1;1;2;1;2;1;2;4;2;5;3;6;6;6;4;5;3;4;2;5;1;2;5;4;4;6;2;4;1;5;6;6;3;43;157;55;79;91;89;82;74;169;102;144;447;90;204;138;125;339;96;106;118;44;380;65;136;44;2946;1;26;26;0;0;0;1;1
410; ; ;as1_122012;interview;6;1;7;6;2;7;2;7;2;1;4;2;6;1;7;2;5;2;5;3;1;2;6;4;6;1;5;1;2;1;5;7;2;1;3;2;5;2;6;2;3;4;2;2;2;1;2;2;4;6;4;6;4;4;4;6;4;2;6;6;4;4;6;6;4;4;4;6;5;6;6;7;6;6;6;6;2;5;2;6;3;6;4;4;6;4;2;4;2;2;1;6;5;6;2;5;1;5;6;5;2;6;1;5;5;1;1;3;2;2;4;5;2;2;5;5;4;5;5;5;5;7;6;6;4;4;2;5;5;6;6;2;2;5;1;6;6;7;6;6;1;1;6;6;1;1;6;6;6;5;7;7;7;5;1;4;2;5;1;3;3;4;2;4;2;2;4;1;5;1;3;4;5;3;2;5;5;2;2;5;4;4;2;2;4;3;2;4;2;5;1;5;1;2;1;4;3;1;2;2;1;1;1;1;1;2;1;2;2;1;1;1;2;2;1;2;1;2;1;1;2;2;1;1;1;1;2;1;2;2;2;1;1;2;1;2;1;2;2;1;2;2;2;1;2;1;2;1;1;2;2;2;2;1;1;2;2;2;2;1;2;2;2;2;2;2;1;2;2;2;2;1;1;2;2;2;1;2;2;2;6;1;7;7;6;2;6;2;7;5;2;1;6;6;5;2;5;5;6;6;7;6;6;5;8;91;12;48;93;96;106;71;144;85;105;494;91;165;168;124;76;123;100;125;54;265;73;47;42;2806;1;26;26;0;0;0;3;3
414; ; ;as1_122012;interview;1;1;7;7;1;1;1;7;1;1;1;1;7;1;1;7;7;4;1;7;1;1;1;1;1;1;1;1;7;4;5;7;7;1;1;1;7;1;7;1;5;1;1;7;7;1;7;3;1;1;1;1;1;1;1;1;1;1;1;1;1;1;1;1;1;1;1;1;1;7;1;5;3;7;3;1;1;5;1;1;1;7;1;1;5;7;7;7;5;1;7;7;7;3;1;1;7;1;1;3;1;5;1;6;4;1;1;1;1;1;1;1;1;1;1;5;1;4;5;5;5;7;7;1;3;5;1;1;7;1;5;1;1;1;1;7;7;1;7;7;7;7;7;7;7;3;1;7;1;7;7;7;1;5;1;5;1;5;1;1;1;3;1;2;1;1;1;1;5;1;3;1;5;5;1;5;3;5;1;5;4;5;2;2;2;1;4;5;1;1;1;5;1;3;5;1;3;1;2;1;1;1;2;2;2;2;1;2;2;2;2;1;1;1;1;2;2;2;2;2;1;2;2;1;2;2;2;1;2;2;2;1;1;2;2;2;1;1;1;1;2;2;2;1;2;2;2;1;1;1;2;2;2;1;1;2;2;1;2;1;2;2;2;2;2;2;2;2;2;1;2;1;2;1;2;1;2;1;4;5;7;1;4;3;7;2;7;2;1;7;5;3;7;7;7;1;1;5;7;1;7;7;7;7;4;4;6;71;73;52;52;44;83;48;65;200;37;64;79;69;49;65;60;65;30;198;51;27;68;1564;1;26;26;0;0;0;47;47
415; ; ;as1_122012;interview;6;6;7;6;4;7;4;7;3;1;3;2;4;1;2;4;6;1;2;5;6;2;6;6;4;1;5;2;1;7;2;4;4;7;1;7;5;2;4;3;2;5;4;1;1;1;1;5;3;6;1;6;6;6;5;6;6;4;4;6;6;6;6;6;5;5;5;6;5;7;5;6;4;4;6;5;1;4;5;5;5;1;1;1;2;2;1;1;1;1;6;2;7;4;6;4;7;2;7;1;5;2;2;5;3;2;1;3;1;1;1;1;1;1;5;5;5;5;5;5;5;4;4;6;3;5;1;3;1;1;2;1;1;1;2;5;3;5;4;1;1;1;1;1;-9;2;6;6;7;7;7;7;7;4;2;5;3;4;1;3;4;5;3;3;3;1;3;1;4;2;2;4;5;2;2;5;5;4;3;5;5;3;4;4;4;3;4;5;3;4;2;4;1;5;5;4;5;1;2;2;1;2;2;1;2;2;2;2;2;2;1;1;2;2;2;2;1;2;2;2;1;2;2;2;2;2;2;2;2;2;2;1;1;2;1;2;1;2;2;2;2;2;2;1;1;1;2;1;2;2;2;2;1;1;1;2;1;1;1;1;2;2;2;2;2;1;2;2;2;2;1;1;2;1;2;2;1;1;7;-9;3;2;7;2;7;3;4;1;1;7;2;2;4;5;3;1;3;6;7;1;7;7;7;4;25;95;10;79;66;56;69;49;78;45;72;305;49;85;72;75;50;61;57;71;31;217;46;35;31;1829;1;26;26;1;1;1;18;19
418; ; ;as1_122012;interview;6;2;6;5;4;6;3;5;3;1;4;4;5;1;5;6;6;4;5;5;1;1;1;4;1;4;3;1;4;2;4;5;7;1;3;7;3;1;1;1;4;5;3;5;5;3;4;4;2;5;4;5;5;4;4;5;6;5;7;6;6;4;7;7;6;5;5;6;5;7;6;7;5;7;5;4;3;5;4;4;5;4;2;4;3;1;3;6;4;1;4;5;7;4;7;3;7;4;6;3;4;3;2;5;4;1;2;1;2;1;3;4;1;1;5;5;4;4;5;4;4;4;4;5;2;1;4;2;3;4;4;3;1;3;1;7;6;7;3;2;1;5;1;4;1;5;5;7;6;6;5;7;7;4;4;5;3;4;2;3;5;4;3;4;3;2;3;2;4;4;2;5;5;2;4;5;4;4;2;5;5;3;2;4;3;3;5;4;3;5;1;5;2;3;3;4;3;1;2;2;1;2;1;1;2;1;2;2;2;2;1;1;1;2;2;1;1;2;2;1;2;1;2;2;2;2;2;2;2;2;2;2;1;2;2;2;1;2;2;2;1;1;2;2;2;2;1;1;2;2;1;2;1;1;1;2;2;2;1;1;2;2;2;2;2;2;1;2;1;2;1;2;1;2;1;2;1;2;6;5;5;5;7;2;5;5;3;4;6;5;7;2;5;7;4;7;4;5;4;1;7;6;6;4;56;85;33;34;64;64;77;49;98;45;71;319;49;66;89;75;55;65;67;83;39;196;46;36;34;1895;1;26;26;0;0;0;13;14
419; ; ;as1_122012;interview; ; ; ; ; ; ; ; ; ; ; ; ; ; ; ; ; ; ; ; ; ; ; ; ; ; ; ; ; ; ; ; ; ; ; ; ; ; ; ; ; ; ; ; ; ; ; ; ; ; ; ; ; ; ; ; ; ; ; ; ; ; ; ; ; ; ; ; ; ; ; ; ; ; ; ; ; ; ; ; ; ; ; ; ; ; ; ; ; ; ; ; ; ; ; ; ; ; ; ; ; ; ; ; ; ; ; ; ; ; ; ; ; ; ; ; ; ; ; ; ; ; ; ; ; ; ; ; ; ; ; ; ; ; ; ; ; ; ; ; ; ; ; ; ; ; ; ; ; ; ; ; ; ; ; ; ; ; ; ; ; ; ; ; ; ; ; ; ; ; ; ; ; ; ; ; ; ; ; ; ; ; ; ; ; ; ; ; ; ; ; ; ; ; ; ; ; ;1; ; ; ; ; ; ; ; ; ; ; ; ; ; ; ; ; ; ; ; ; ; ; ; ; ; ; ; ; ; ; ; ; ; ; ; ; ; ; ; ; ; ; ; ; ; ; ; ; ; ; ; ; ; ; ; ; ; ; ; ; ; ; ; ; ; ; ; ; ; ; ; ; ; ; ; ; ; ; ; ; ; ; ; ; ; ; ; ; ; ; ; ; ; ; ; ; ; ; ; ; ; ; ; ; ; ;3;6;7; ; ; ; ; ; ; ; ; ; ; ; ; ; ; ; ; ; ; ; ; ; ;16;0;3;3;0;0;0;236;236
424; ; ;as1_122012;interview;7;2;7;5;3;7;1;7;1;1;1;1;7;1;1;7;7;1;5;1;1;1;5;6;1;1;1;1;1;1;1;1;6;1;7;7;2;1;1;1;3;7;1;3;2;1;2;1;4;4;4;5;5;5;5;5;5;6;6;6;6;6;6;6;6;6;6;5;6;7;6;6;7;4;4;3;4;7;7;7;7;1;1;1;1;1;1;7;1;1;2;1;4;1;7;1;1;1;5;1;2;1;1;6;4;1;7;-9;1;1;1;1;4;1;1;2;4;5;2;2;5;4;2;1;1;3;1;1;2;2;3;1;1;1;1;1;5;5;2;1;1;2;1;2;1;4;4;4;4;3;7;7;-9;1;5;2;1;1;1;1;5;1;1;1;2;1;5;3;4;1;1;5;5;1;1;5;1;5;1;5;2;2;1;4;3;3;1;2;4;1;1;4;1;5;1;1;3;1;2;2;1;2;1;2;1;2;1;2;2;2;1;1;1;2;2;1;1;2;2;1;2;1;2;2;2;2;2;2;2;2;1;2;1;2;1;2;2;2;1;1;2;2;2;1;1;1;2;1;2;2;2;2;1;2;1;2;1;1;2;1;1;1;2;2;2;2;1;1;2;2;2;2;1;1;1;2;2;2;2;5;5;1;6;6;5;1;6;4;1;1;3;1;7;1;3;1;5;1;6;1;1;1;6;6;6;25;6;21;75;60;83;73;104;63;100;354;50;88;2653;158;276;102;85;107;43;310;46;56;167;2253;1;26;26;1;1;1;15;17
425; ; ;as1_122012;interview;4;4;7;5;2;5;1;7;4;1;1;1;6;1;2;1;1;1;1;1;3;1;5;4;5;1;1;1;1;2;1;7;4;7;1;7;6;1;7;7;1;2;7;4;5;1;1;5;4;3;3;5;6;4;6;5;6;4;5;5;5;5;5;5;5;5;4;5;6;7;7;7;5;2;5;7;1;5;6;6;6;1;1;4;1;1;1;7;4;1;7;2;7;1;1;1;7;1;6;1;4;1;2;5;3;1;6;1;1;1;1;1;1;1;1;2;2;2;2;2;2;1;1;2;1;1;1;1;1;1;1;1;1;1;1;6;2;5;1;1;1;1;5;1;1;6;7;7;7;7;7;7;7;4;1;5;3;3;4;2;4;5;4;4;4;4;4;2;5;5;1;2;5;1;5;1;5;1;5;5;5;3;4;4;5;1;5;5;2;5;1;5;1;2;2;5;1;1;2;2;1;2;2;1;2;1;1;2;2;1;1;2;2;2;2;1;1;2;2;1;2;1;1;2;1;1;1;2;1;2;2;1;2;1;2;2;2;1;2;2;1;1;1;2;2;2;1;1;2;1;1;2;1;1;1;2;2;2;1;2;1;2;1;1;1;2;1;2;2;1;2;1;2;1;2;1;1;1;1;7;1;7;3;6;6;3;1;1;6;2;7;5;3;7;7;7;7;7;-9;6;7;7;7;7;9;119;49;47;103;83;67;82;239;160;131;473;131;99;101;170;74;104;87;88;57;240;92;49;68;2922;1;26;26;1;0;1;1;2
426; ; ;as1_122012;interview;1;3;6;4;4;4;2;6;4;1;2;1;5;1;4;1;5;4;3;5;3;5;6;4;6;4;2;2;2;5;2;7;5;2;4;7;6;4;7;2;2;6;4;3;5;2;6;6;4; ; ; ; ; ; ; ; ; ; ; ; ; ; ; ; ; ; ; ; ; ; ; ; ; ; ; ; ; ; ; ; ;6;2;6;3;3;3;4;3;3; ; ; ; ; ; ; ; ; ; ; ; ; ; ; ; ; ; ;3;3;4;5;5;4;5;4;4;4;4;5;5;7;6;7;5;6;3;6;4;4;7;5;1;1;2;6;4; ; ; ; ; ; ; ; ; ; ; ; ; ; ; ; ;4;3;5;1;4;1;1;3;4;2;2;2;1;4;3;4;4;2;3;5;1;5;1;5;2;1;5;5;3;4;3;4;2;4;4;3;4;2;5;1;3;5;3;1;1; ; ; ; ; ; ; ; ; ; ; ; ; ; ; ; ; ; ; ; ; ; ; ; ; ; ; ; ; ; ; ; ; ; ; ; ; ; ; ; ; ; ; ; ; ; ; ; ; ; ; ; ; ; ; ; ; ; ; ; ; ; ; ; ; ; ; ; ; ; ; ; ; ; ; ; ; ; ; ; ; ; ; ; ; ; ; ; ; ; ; ; ; ; ; ; ; ; ; ; ; ; ; ; ; ; ;15;115;48;66;110;65;70;43;111;75;101;503; ; ; ; ; ; ; ; ; ; ; ; ; ;1322;0;13;13;0;0;0;2;2
434; ; ;as1_122012;interview; ; ; ; ; ; ; ; ; ; ; ; ; ; ; ; ; ; ; ; ; ; ; ; ; ; ; ; ; ; ; ; ; ; ; ; ; ; ; ; ; ; ; ; ; ; ; ; ; ; ; ; ; ; ; ; ; ; ; ; ; ; ; ; ; ; ; ; ; ; ; ; ; ; ; ; ; ; ; ; ; ;1;1;1;4;3;5;7;1;4; ; ; ; ; ; ; ; ; ; ; ; ; ; ; ; ; ; ;1;1;6;1;4;5;6;5;4;-9;-9;-9;-9;5;5;6;1;5;1;1;4;3;7;1;2;1;1;1;2; ; ; ; ; ; ; ; ; ; ; ; ; ; ; ; ;5;2;4;1;3;1;1;5;5;3;3;1;1;4;3;4;5;1;5;5;5;2;5;4;1;5;1;5;5;1;1;5;1;5;3;1;5;1;5;1;3;1;5;4;1; ; ; ; ; ; ; ; ; ; ; ; ; ; ; ; ; ; ; ; ; ; ; ; ; ; ; ; ; ; ; ; ; ; ; ; ; ; ; ; ; ; ; ; ; ; ; ; ; ; ; ; ; ; ; ; ; ; ; ; ; ; ; ; ; ; ; ; ; ; ; ; ; ; ; ; ; ; ; ; ; ; ; ; ; ; ; ; ; ; ; ; ; ; ; ; ; ; ; ; ; ; ; ; ; ; ;4;15;24;69;116;112;94;102;93;84;126; ; ; ; ; ; ; ; ; ; ; ; ; ; ;839;0;12;12;5;5;10;22;32
435; ; ;as1_122012;interview;5;3;7;4;5;6;2;6;5;1;6;1;4;1;3;4;2;1;3;1;5;1;5;6;3;1;1;1;1;2;1;6;7;1;3;5;3;1;4;3;1;4;4;5;3;1;1;1;4;3;1;5;7;5;7;5;7;7;7;5;7;6;6;5;7;4;6;4;7;6;7;7;4;6;2;2;3;3;3;4;6;2;1;1;1;1;1;5;1;1;4;6;6;3;1;3;6;5;4;5;1;1;2;6;3;1;6;1;2;1;1;3;3;1;3;3;3;5;4;4;4;2;3;2;1;4;1;2;3;2;1;1;1;1;1;4;2;7;4;3;1;5;1;1;1;4;3;6;5;7;5;6;5;2;3;4;1;4;1;1;3;4;1;1;1;1;1;1;5;1;1;2;5;1;1;3;3;1;1;5;4;2;3;4;4;2;4;4;2;3;1;5;2;2;4;1;1;1;2;1;1;2;2;1;2;1;2;2;1;2;2;2;1;1;2;1;2;1;2;1;2;1;1;2;1;2;1;2;2;2;1;2;1;2;1;2;1;2;2;2;1;1;1;2;2;1;1;1;1;2;2;2;2;2;2;2;1;1;1;1;2;2;2;1;1;1;1;2;2;2;2;1;2;1;2;2;2;1;4;3;6;5;4;6;7;3;3;2;6;7;5;3;5;6;3;-9;7;3;4;1;4;5;6;6;12;57;25;49;92;72;78;61;107;76;96;317;66;90;102;113;60;105;101;108;54;226;59;70;62;2258;1;26;26;1;0;1;2;2
436; ; ;as1_122012;interview;6;5;6;4;4;5;2;6;5;1;1;1;7;1;4;3;4;1;3;4;1;1;5;4;2;1;1;1;1;3;1;7;3;1;1;7;3;1;7;2;1;7;1;1;1;1;1;5;4;5;4;4;4;4;4;4;4;4;4;4;4;4;4;4;4;4;4;4;4;4;5;6;2;4;6;3;4;2;4;3;3;1;1;1;1;1;1;1;1;1;7;1;7;1;7;1;7;3;7;2;6;2;1;5;2;1;1;1;2;2;2;1;2;5;4;4;5;4;4;4;5;1;2;1;1;1;1;1;3;1;1;1;1;1;1;2;1;7;1;1;1;1;1;2;1;3;5;7;4;7;7;7;7;4;2;4;4;4;2;4;4;4;4;3;2;2;3;3;3;3;2;4;5;4;2;4;3;4;2;5;4;3;3;2;4;2;4;5;3;4;3;3;1;3;4;4;4;1;2;2;1;1;1;1;2;1;2;2;2;1;1;1;2;2;2;1;2;2;2;1;2;1;2;1;2;2;2;1;1;2;2;2;1;2;1;2;1;2;2;1;2;2;2;1;2;2;2;1;2;2;2;2;1;2;1;2;1;2;1;2;2;2;2;2;1;2;1;2;2;2;1;1;2;2;1;2;2;2;5;3;3;2;6;6;6;5;5;5;3;5;6;2;4;5;3;2;5;6;3;3;6;5;6;5;9;276;103;145;130;51;50;36;80;41;50;238;71;61;93;65;74;220;101;96;68;148;53;40;40;2038;1;26;26;0;0;0;14;14
442; ; ;as1_122012;interview;7;1;7;2;3;7;1;7;2;1;1;1;3;2;3;1;1;1;1;1;1;1;2;3;1;1;1;1;2;2;1;2;1;1;2;7;2;1;6;2;1;4;1;1;1;3;1;2;2;3;1;3;3;3;4;-9;4;3;7;3;5;4;4;3;3;2;2;4;3;7;1;1;1;7;1;1;6;1;1;1;1;1;1;1;1;3;1;-9;2;1;1;2;2;3;7;2;1;2;4;2;1;1;2;6;2;1;1;3;3;3;3;2;3;3;4;4;4;4;5;4;4;3;2;3;1;2;1;3;2;2;2;1;1;1;1;2;3;4;2;1;1;1;1;1;1;1;3;3;3;4;3;3;3;5;4;5;1;4;2;1;4;5;1;2;1;1;1;1;5;4;1;2;5;2;1;3;5;2;1;3;1;2;3;3;2;3;5;4;2;2;1;3;1;2;4;2;3;1;2;2;1;1;1;1;2;2;1;1;2;2;1;1;1;1;2;1;1;2;2;1;2;2;2;2;2;1;1;1;2;1;1;2;1;2;2;2;1;2;1;1;2;2;2;1;1;1;2;2;2;2;2;2;2;2;1;2;1;1;2;1;1;2;2;2;1;1;2;2;1;2;1;1;1;1;1;2;1;2;3;2;5;3;4;5;5;1;4;5;3;6;6;1;5;4;7;6;7;5;7;1;6;6;7;7;16;105;34;72;127;83;92;89;163;60;87;396;121;116;183;106;82;122;89;105;85;242;87;54;75;2791;1;26;26;1;1;1;1;2
444; ; ;as1_122012;interview;5;3;7;4;3;2;2;7;3;1;3;1;5;1;4;3;3;1;2;1;2;1;3;6;3;1;1;1;2;2;2;7;5;1;3;7;4;1;6;1;1;4;2;3;2;1;2;3;5;3;5;5;5;4;5;5;5;5;5;5;5;5;5;5;5;5;4;5;5;5;4;5;2;6;2;2;5;2;2;2;2;3;2;3;4;4;3;2;2;1;6;4;5;3;3;5;6;4;5;4;3;4;2;5;4;1;2;1;4;4;4;2;3;3;5;5;5;5;5;5;5;6;4;4;4;3;2;3;5;5;4;2;2;3;5;6;6;3;4;3;3;4;5;4;3;4;3;5;2;3;3;4;5;4;2;5;1;4;2;2;3;5;1;5;1;3;4;3;4;3;2;4;5;1;3;4;5;1;1;4;5;2;4;1;4;2;5;5;2;4;1;4;1;1;3;5;1;1;2;2;1;2;2;1;2;1;2;2;2;2;1;1;2;2;1;1;2;2;2;1;1;2;2;2;2;1;2;2;1;2;2;1;1;1;2;2;1;1;2;2;1;2;1;2;1;2;1;1;2;1;1;2;1;1;1;2;2;1;1;1;1;2;2;1;1;2;-9;2;2;1;2;1;2;1;2;1;2;1;3;2;6;5;2;7;5;1;5;4;5;6;7;2;7;6;5;4;6;6;7;2;7;6;6;5;32;97;27;428;54;105;72;45;98;72;67;269;44;445;91;73;54;80;77;66;34;193;41;23;52;1906;1;26;26;1;0;1;13;14
445; ; ;as1_122012;interview;5;2;7;1;4;1;1;7;2;1;2;1;3;1;4;2;4;1;4;4;5;1;4;4;1;1;1;1;4;4;1;7;4;1;4;7;4;1;6;5;1;4;6;1;2;1;1;4;4;5;4;5;5;2;3;3;6;4;4;4;4;4;6;5;3;3;4;4;4;7;6;7;6;5;3;3;1;7;5;5;5;1;1;1;1;1;1;1;1;1;4;5;7;1;7;2;7;4;7;6;6;1;2;5;2;1;6;1;1;1;1;1;4;2;3;5;5;5;5;5;5;4;2;2;1;1;1;1;1;2;3;1;1;1;1;5;5;7;5;1;1;1;1;1;1;1;7;7;7;7;7;7;7;3;3;5;1;5;1;1;4;5;2;1;3;1;2;1;4;1;1;5;5;1;4;2;5;2;1;5;5;4;3;3;3;2;4;5;2;3;1;5;1;3;1;4;1;1;2;2;1;2;2;1;2;1;2;2;2;2;1;2;2;2;2;1;1;1;2;1;2;1;1;2;1;2;2;2;1;2;2;2;2;1;1;2;1;2;2;2;1;1;2;2;2;2;1;1;2;2;2;2;1;1;1;2;2;1;1;2;2;2;1;2;1;2;1;2;2;1;2;1;2;1;2;1;2;1;6;2;6;2;4;2;7;4;5;2;6;6;7;2;6;7;5;1;7;6;6;1;7;5;6;6;33;147;60;55;95;140;95;108;209;73;125;422;77;96;138;92;71;80;93;100;41;408;76;49;72;2955;1;26;26;0;0;0;1;1
448; ; ;as1_122012;interview;7;1;7;5;4;7;1;7;1;1;1;1;7;1;6;6;4;1;5;1;1;4;1;5;1;1;1;1;1;4;3;7;6;3;4;7;7;1;1;1;3;6;1;3;5;2;1;4;4;5;4;7;4;4;5;7;5;4;5;7;5;6;7;5;5;4;4;6;5;7;7;7;6;1;5;4;1;6;6;6;6;4;2;4;1;3;4;4;4;1;7;6;7;1;1;1;7;4;7;1;1;1;2;5;3;1;2;3;1;2;1;4;3;2;3;4;3;4;4;4;5;4;5;3;1;1;1;2;2;2;6;1;1;1;1;4;3;7;4;7;5;4;5;1;4;6;4;6;5;5;4;3;5;4;3;5;2;4;1;2;5;4;3;1;1;1;2;3;3;4;2;3;5;1;3;4;3;3;2;4;3;4;2;2;3;4;5;3;3;5;1;5;1;4;3;1;5;1;2;2;1;2;2;1;2;1;2;1;1;2;2;1;1;1;2;2;2;1;1;1;1;2;2;2;2;2;2;1;1;2;2;1;1;1;1;2;2;1;2;1;1;2;1;2;1;1;1;1;1;2;2;2;1;1;1;1;2;1;1;1;1;2;2;2;1;2;1;2;2;2;2;1;2;1;2;2;1;1;6;5;5;3;5;1;6;5;4;1;1;4;5;4;6;6;2;1;3;6;3;2;6;6;5;5;75;110;23;43;63;49;54;37;71;52;61;210;49;53;61;77;46;60;151;72;35;144;45;25;33;1634;1;26;26;0;0;0;22;22
449; ; ;as1_122012;interview;5;2;5;2;-9;7;1;6;-9;1;1;1;5;1;1;2;1;1;2;5;5;3;6;5;5;1;1;1;2;1;1;6;5;2;2;6;3;2;6;5;1;5;5;2;4;1;1;2;4;-9;-9;-9;-9;-9;-9;-9;-9;-9;-9;-9;-9;-9;-9;-9;-9;-9;-9;-9;-9;3;5;7;2;6;2;2;6;3;1;1;5;3;1;2;2;4;1;6;3;2;2;3;6;6;7;4;7;3;5;3;2;2;2;5;3;1;2;3;2;2;2;4;3;2;3;4;5;5;3;4;4;5;3;6;2;5;1;4;1;3;2;2;1;2;1;4;3;6;2;1;1;1;2;1;1;5;5;6;7;5;7;7;7;4;2;4;3;4;2;3;3;4;2;3;1;2;4;2;5;4;2;2;5;1;3;4;5;3;4;5;5;4;4;2;2;4;3;4;2;5;2;5;1;4;3;2;4;1;2;2;1;1;1;1;2;1;1;2;2;2;1;2;1;2;2;1;1;1;2;1;1;2;1;2;2;2;2;2;1;2;2;1;1;1;2;2;1;2;2;2;1;1;2;2;2;2;2;1;1;1;1;2;1;1;1;2;2;1;1;1;2;2;1;2;1;2;1;2;2;2;2;1;2;1;2;2;2;1;3;5;3;5;7;5;7;5;5;5;6;6;5;2;3;6;5;3;5;6;-9;2;6;6;5;6;52701;29;6;28;91;79;62;51;105;53;80;249;22;83;101;77;53;79;76;131;41;176;71;46;41;1840;1;26;26;8;7;15;21;37
450; ; ;as1_122012;interview;4;4;5;4;2;3;1;4;3;1;3;1;3;1;3;2;2;2;3;2;2;2;3;4;3;2;2;1;3;2;2;4;3;5;3;6;3;2;4;3;2;4;3;3;2;4;1;2;4;5;2;6;4;4;5;5;5;4;5;6;5;5;5;4;5;4;5;6;6;6;4;5;5;4;5;4;3;4;4;4;4;2;2;2;2;2;2;2;2;2;5;2;6;3;6;2;7;2;6;2;5;2;2;5;3;1;6;1;2;4;4;5;3;3;4;4;4;4;2;4;4;4;3;2;2;3;1;2;2;2;3;2;2;2;2;2;2;6;2;1;1;6;1;1;1;2;7;7;7;6;6;7;6;5;2;4;3;4;2;3;4;4;2;3;3;2;4;2;4;2;3;4;5;1;4;4;4;2;3;4;5;3;4;4;4;2;4;4;4;5;1;4;2;4;4;4;4;1;2;2;1;1;1;2;1;1;1;2;2;2;1;1;1;2;1;1;1;2;1;2;2;2;2;1;2;2;2;1;1;2;2;2;1;1;2;2;2;2;2;2;1;2;2;2;2;2;2;1;1;2;2;2;2;2;1;2;2;2;1;2;2;2;2;2;1;2;1;2;1;2;1;2;2;2;1;2;1;2;4;3;5;3;6;4;6;3;6;4;2;6;6;2;4;6;4;2;6;2;5;2;6;6;6;6;2535;43;5;25;47;60;42;37;56;113;54;212;46;53;63;53;34;59;61;85;29;130;30;29;42;1418;1;26;26;0;0;0;37;37
452; ; ;as1_122012;interview;6;1;6;7;5;2;4;6;1;6;4;2;7;1;6;2;2;3;2;4;1;5;1;4;2;3;4;1;1;5;4;5;3;1;3;5;7;5;4;2;5;6;1;6;6;3;4;5;6;5;3;6;4;4;4;6;5;4;5;5;4;4;6;4;4;5;5;4;4;7;6;7;5;4;5;4;2;4;6;5;5;4;5;6;6;4;6;5;6;4;5;4;6;4;1;3;6;6;7;6;2;3;1;6;5;1;1;2;2;2;2;3;3;2;4;5;4;4;5;4;5;5;6;5;4;5;1;5;3;5;6;5;2;2;5;6;1;3;2;5;6;5;6;2;5;5;5;5;5;3;3;2;6;5;2;5;2;4;1;4;4;4;4;3;4;2;2;2;5;2;4;4;4;2;1;4;3;2;4;4;4;4;2;2;1;3;3;4;4;4;1;5;1;2;5;2;2;1;2;2;1;1;1;1;2;2;2;2;2;2;1;1;1;2;2;1;1;2;2;1;2;2;2;2;1;2;2;2;2;2;2;2;1;1;1;2;2;2;2;2;1;1;2;1;2;1;1;1;1;2;2;2;2;1;1;2;1;1;1;2;2;2;2;2;1;1;1;2;-9;-9;-9;-9;-9;-9;-9;-9;-9;-9;4;5;5;5;5;3;5;4;3;3;5;6;6;2;6;6;2;2;4;5;6;2;6;6;6;4;1373;246;52;114;86;81;73;63;140;67;107;617;96;117;134;205;118;131;107;110;3;405;76;48;89;3295;1;26;26;4;3;7;20;27
453; ; ;as1_122012;interview;5;2;7;6;5;4;1;7;3;1;3;1;5;1;7;6;7;3;7;5;2;4;4;4;5;4;4;3;2;2;3;7;4;1;4;7;4;2;7;2;2;5;1;4;5;1;3;6;4;4;4;6;4;4;4;6;4;4;4;6;4;4;6;6;4;4;3;4;4;7;6;7;6;3;3;2;3;6;3;5;3;4;1;2;2;1;1;6;1;1;5;4;7;1;7;2;7;3;7;2;6;2;2;5;2;1;2;2;1;2;1;2;2;2;5;5;5;5;5;5;5;4;6;5;2;7;1;5;5;4;4;1;1;5;1;4;2;6;1;1;1;1;1;7;1;5;6;6;6;5;7;6;7;4;2;5;3;4;1;3;5;3;2;1;3;4;4;1;5;4;1;4;5;1;3;4;5;3;2;5;4;3;2;2;4;2;4;5;3;3;1;5;1;4;5;2;1;1;2;2;1;1;2;1;2;1;2;2;2;2;1;1;1;2;2;1;2;1;2;1;1;1;2;2;1;2;2;1;1;2;2;2;1;1;2;2;1;2;2;2;2;2;2;1;1;2;2;1;1;2;2;2;2;2;1;1;1;1;1;1;1;2;2;2;2;2;1;2;2;2;2;1;2;1;1;2;2;1;5;2;6;3;6;4;7;1;6;3;5;4;6;2;6;6;3;2;7;5;4;2;6;7;5;3;3;224;11;115;153;161;145;103;171;109;171;760;124;236;189;143;97;139;169;126;71;480;111;52;63;3890;1;26;26;0;0;0;7;7
454; ; ;as1_122012;interview;6;1;7;6;7;7;2;7;6;1;1;1;7;1;1;3;3;4;5;3;4;1;6;6;4;4;4;1;7;1;1;7;6;7;2;4;4;7;7;7;2;7;6;5;6;1;4;1;4;1;2;6;5;4;5;7;6;3;6;6;6;7;6;3;6;7;3;1;7;6;5;5;2;1;4;1;3;4;1;1;1;4;2;4;6;4;1;2;4;4;6;6;7;2;2;5;4;5;6;5;4;4;2;6;2;4;5;1;3;3;3;3;2;2;5;3;3;3;2;3;3;2;7;2;1;6;2;2;3;1;5;5;7;5;1;2;5;6;3;2;1;2;1;3;1;2;5;5;5;4;2;5;5;5;5;5;3;5;5;5;2;5;1;5;1;5;5;1;5;5;5;1;5;5;3;5;5;1;4;5;5;1;5;1;5;5;5;5;1;5;3;5;1;1;5;4;1;1;2;1;2;2;2;1;2;1;1;1;2;2;1;2;1;2;2;1;2;2;2;1;1;1;1;1;1;1;1;1;2;2;1;2;2;2;2;2;1;2;1;1;2;2;1;1;1;1;1;2;2;2;2;1;2;2;2;1;1;1;1;1;2;2;2;1;2;2;1;2;1;2;1;1;1;2;1;2;1;1;1;1;7;6;5;6;6;1;1;2;7;7;7;1;7;7;2;1;7;7;7;4;7;7;7;7;5;189;9;95;178;101;112;108;168;105;155;482;105;128;147;131;142;143;187;137;93;461;62;67;90;3501;1;26;26;0;0;0;5;5
456; ; ;as1_122012;interview; ; ; ; ; ; ; ; ; ; ; ; ; ; ; ; ; ; ; ; ; ; ; ; ; ; ; ; ; ; ; ; ; ; ; ; ; ; ; ; ; ; ; ; ; ; ; ; ; ; ; ; ; ; ; ; ; ; ; ; ; ; ; ; ; ; ; ; ; ; ; ; ; ; ; ; ; ; ; ; ; ; ; ; ; ; ; ; ; ; ; ; ; ; ; ; ; ; ; ; ; ; ; ; ; ; ; ; ; ; ; ; ; ; ; ; ; ; ; ; ; ; ; ; ; ; ; ; ; ; ; ; ; ; ; ; ; ; ; ; ; ; ; ; ; ; ; ; ; ; ; ; ; ; ; ; ; ; ; ; ; ; ; ; ; ; ; ; ; ; ; ; ; ; ; ; ; ; ; ; ; ; ; ; ; ; ; ; ; ; ; ; ; ; ; ; ; ;1; ; ; ; ; ; ; ; ; ; ; ; ; ; ; ; ; ; ; ; ; ; ; ; ; ; ; ; ; ; ; ; ; ; ; ; ; ; ; ; ; ; ; ; ; ; ; ; ; ; ; ; ; ; ; ; ; ; ; ; ; ; ; ; ; ; ; ; ; ; ; ; ; ; ; ; ; ; ; ; ; ; ; ; ; ; ; ; ; ; ; ; ; ; ; ; ; ; ; ; ; ; ; ; ; ; ;32;77;22;81; ; ; ; ; ; ; ; ; ; ; ; ; ; ; ; ; ; ; ; ; ;212;0;4;4;0;0;0;0;0
457; ; ;as1_122012;interview; ; ; ; ; ; ; ; ; ; ; ; ; ; ; ; ; ; ; ; ; ; ; ; ; ; ; ; ; ; ; ; ; ; ; ; ; ; ; ; ; ; ; ; ; ; ; ; ; ; ; ; ; ; ; ; ; ; ; ; ; ; ; ; ; ; ; ; ; ; ; ; ; ; ; ; ; ; ; ; ; ; ; ; ; ; ; ; ; ; ; ; ; ; ; ; ; ; ; ; ; ; ; ; ; ; ; ; ; ; ; ; ; ; ; ; ; ; ; ; ; ; ; ; ; ; ; ; ; ; ; ; ; ; ; ; ; ; ; ; ; ; ; ; ; ; ; ; ; ; ; ; ; ; ; ; ; ; ; ; ; ; ; ; ; ; ; ; ; ; ; ; ; ; ; ; ; ; ; ; ; ; ; ; ; ; ; ; ; ; ; ; ; ; ; ; ; ;1; ; ; ; ; ; ; ; ; ; ; ; ; ; ; ; ; ; ; ; ; ; ; ; ; ; ; ; ; ; ; ; ; ; ; ; ; ; ; ; ; ; ; ; ; ; ; ; ; ; ; ; ; ; ; ; ; ; ; ; ; ; ; ; ; ; ; ; ; ; ; ; ; ; ; ; ; ; ; ; ; ; ; ; ; ; ; ; ; ; ; ; ; ; ; ; ; ; ; ; ; ; ; ; ; ; ;2;4;5; ; ; ; ; ; ; ; ; ; ; ; ; ; ; ; ; ; ; ; ; ; ;11;0;3;3;0;0;0;290;290
459; ; ;as1_122012;interview;6;4;7;3;4;6;5;7;6;1;1;1;2;1;4;2;6;1;2;2;5;3;5;4;5;1;1;1;1;1;1;7;3;1;1;7;1;1;7;7;1;6;6;2;2;7;1;5;4;5;2;5;4;4;5;5;4;4;5;4;4;5;5;5;5;5;4;5;5;7;6;7;6;3;5;5;1;4;5;6;6;2;1;2;5;1;2;1;5;1;5;2;7;2;3;1;7;3;6;1;6;1;2;5;3;1;2;1;2;3;2;3;1;1;4;5;4;3;3;3;4;3;2;3;1;1;1;2;1;2;2;1;1;1;1;4;2;6;1;1;1;1;1;1;1;2;7;7;7;7;7;2;7;4;4;5;4;4;1;3;4;4;2;2;2;2;4;1;4;1;1;5;5;1;3;5;5;3;2;4;4;4;2;1;4;2;5;4;3;2;3;4;1;4;3;3;1;1;2;2;1;1;1;2;2;2;2;2;1;2;2;1;1;1;2;2;2;1;1;1;2;2;1;2;1;2;2;1;2;2;2;2;1;2;1;2;1;2;1;2;1;1;2;2;1;1;1;1;1;2;2;2;2;1;1;2;1;1;1;1;2;2;2;2;1;2;1;2;2;2;2;1;2;2;1;2;2;1;6;4;4;2;6;1;6;2;3;1;5;3;7;1;5;6;3;2;1;5;5;1;7;7;7;3;1;4;6;26;195;78;118;70;132;69;82;411;127;82;122;892;110;128;116;134;110;788;83;42;78;2499;1;26;26;0;0;0;46;46
460; ; ;as1_122012;interview;7;5;7;5;2;5;1;7;4;2;1;2;6;1;2;3;4;3;6;1;3;1;2;4;6;3;6;3;5;5;3;7;7;6;3;7;7;1;6;3;3;4;5;6;5;1;3;4;4;6;2;7;6;5;6;7;6;4;6;6;5;6;6;6;5;3;4;4;5;7;7;7;5;4;5;6;2;7;7;7;7;5;1;2;3;1;1;6;5;1;5;7;6;4;1;5;5;5;7;7;4;7;2;5;3;1;6;3;1;2;2;5;5;6;5;5;5;5;2;5;5;5;3;6;2;6;3;6;4;5;3;2;1;4;1;7;2;7;2;1;1;1;1;7;1;3;6;7;7;6;7;7;7;4;1;5;1;5;2;2;2;4;3;4;4;1;2;1;5;1;3;4;4;1;4;3;5;2;3;3;5;3;2;5;4;2;2;5;4;3;3;5;1;4;2;1;5;1;2;2;1;2;1;1;2;1;2;2;2;2;1;2;2;2;2;2;2;2;2;1;2;1;2;2;1;2;2;2;2;1;1;2;1;2;1;2;1;2;1;2;2;2;2;1;2;1;2;2;1;2;2;1;2;2;1;2;1;1;1;2;2;2;1;2;2;1;1;2;1;1;2;1;2;1;2;2;2;1;7;3;6;2;7;1;-9;2;6;1;7;7;5;1;3;5;2;2;7;5;7;2;7;6;7;7;2;23;8;7;69;52;57;54;88;52;74;336;59;68;84;73;42;75;67;75;31;191;34;29;50;1700;1;26;26;1;0;1;41;42
462; ; ;as1_122012;interview; ; ; ; ; ; ; ; ; ; ; ; ; ; ; ; ; ; ; ; ; ; ; ; ; ; ; ; ; ; ; ; ; ; ; ; ; ; ; ; ; ; ; ; ; ; ; ; ; ; ; ; ; ; ; ; ; ; ; ; ; ; ; ; ; ; ; ; ; ; ; ; ; ; ; ; ; ; ; ; ; ;7;1;1;7;3;1;5;1;1; ; ; ; ; ; ; ; ; ; ; ; ; ; ; ; ; ; ;1;1;1;1;2;1;6;4;4;4;5;4;2;5;3;7;1;3;1;5;2;7;3;3;1;2;1;7;2; ; ; ; ; ; ; ; ; ; ; ; ; ; ; ; ;1;1;5;3;5;1;2;4;5;3;2;1;5;4;1;3;1;1;5;5;1;3;5;2;1;2;1;5;2;4;1;2;1;3;5;2;3;1;3;1;5;1;5;1;1; ; ; ; ; ; ; ; ; ; ; ; ; ; ; ; ; ; ; ; ; ; ; ; ; ; ; ; ; ; ; ; ; ; ; ; ; ; ; ; ; ; ; ; ; ; ; ; ; ; ; ; ; ; ; ; ; ; ; ; ; ; ; ; ; ; ; ; ; ; ; ; ; ; ; ; ; ; ; ; ; ; ; ; ; ; ; ; ; ; ; ; ; ; ; ; ; ; ; ; ; ; ; ; ; ; ;32;16;51;11;55;51;66;45;76;45;74; ; ; ; ; ; ; ; ; ; ; ; ; ; ;522;0;12;12;0;0;0;42;42
464; ; ;as1_122012;interview;6;2;7;7;4;3;4;6;4;2;6;2;4;2;6;6;5;2;5;5;3;3;3;5;2;2;2;2;6;4;5;4;6;1;3;6;6;2;3;2;5;4;3;6;5;5;5;5;4;3;5;6;5;4;5;6;6;5;6;6;6;5;5;5;5;6;5;6;6;7;6;6;6;4;6;6;3;5;4;5;5;5;3;4;6;5;4;3;3;3;6;5;6;3;4;5;7;6;6;6;3;4;2;5;3;1;6;1;4;5;4;2;4;5;4;5;5;5;4;5;4;5;5;5;4;5;3;5;6;4;5;6;2;3;2;6;2;6;4;3;2;6;5;6;3;5;5;5;6;5;6;6;6;2;3;4;3;4;2;1;5;4;2;2;3;2;2;2;3;1;1;5;5;1;2;4;2;2;2;4;3;4;2;4;4;3;4;3;2;2;2;4;1;2;2;4;2;1;2;2;1;1;2;1;2;1;1;1;2;1;1;2;2;2;1;1;1;2;1;1;2;2;1;2;2;2;2;2;1;2;2;1;1;2;1;2;1;1;2;1;1;2;2;1;1;1;1;2;1;2;1;2;1;1;1;2;1;1;1;2;2;2;1;1;2;1;1;2;2;2;1;1;1;1;1;2;1;1;5;3;5;4;6;5;6;3;4;2;2;6;6;2;4;6;5;2;5;5;5;2;6;3;5;3;2;4;13;27;52;49;58;32;83;52;70;237;49;56;136;64;41;72;63;64;36;212;43;33;54;1602;1;26;26;0;0;0;49;49
465; ; ;as1_122012;interview;6;1;7;5;5;7;4;7;1;1;1;1;1;1;5;6;5;1;3;2;1;5;4;4;2;1;5;1;1;2;4;7;6;1;3;7;6;1;7;2;4;4;2;2;2;1;3;5;5;4;4;4;4;4;4;4;4;4;4;4;4;4;4;4;4;4;4;4;4;5;2;5;5;5;2;2;5;5;2;3;2;3;2;2;2;2;5;6;4;1;6;3;6;2;7;3;7;3;6;3;3;3;1;6;4;1;1;2;3;4;4;2;2;3;5;5;5;5;5;5;5;7;6;5;3;5;3;3;3;6;6;2;1;2;1;7;3;5;2;5;1;5;2;5;1;7;4;5;2;5;2;3;5;5;1;5;1;5;1;1;4;5;1;2;1;4;3;1;5;1;1;5;5;2;1;5;1;2;2;4;4;2;4;4;4;2;1;5;3;4;1;4;1;2;4;3;2;1;2;2;1;2;1;1;2;2;2;2;1;2;2;1;1;2;2;1;2;1;1;2;1;2;2;1;2;1;2;1;2;2;2;1;1;1;1;2;2;1;1;2;2;2;2;1;2;2;2;1;1;2;2;2;2;1;1;2;1;1;2;1;2;2;1;2;2;1;1;2;2;1;2;1;2;1;1;1;2;2;5;2;6;1;3;2;6;2;7;5;6;6;6;1;4;5;1;1;6;6;6;1;6;6;6;4;18;89;20;74;93;87;72;57;84;69;92;959;41;92;433;112;56;98;74;91;43;264;65;43;54;2274;1;26;26;0;0;0;4;4
466; ; ;as1_122012;interview;5;6;7;1;5;7;3;7;7;1;2;1;3;1;5;4;4;1;2;3;5;4;5;5;1;1;3;3;1;3;1;7;4;7;3;7;4;4;6;6;1;6;4;4;3;1;1;5;2;5;1;5;5;4;3;6;6;5;6;4;4;4;6;3;4;4;6;6;6;7;2;5;7;3;6;2;2;6;4;5;4;2;1;1;1;4;2;3;4;2;7;3;7;2;7;2;7;5;7;2;6;1;2;6;3;1;1;2;2;2;5;1;4;1;2;2;2;1;3;2;2;5;4;6;3;6;2;5;2;7;5;6;2;2;1;7;6;7;1;1;1;1;1;1;1;1;6;6;7;7;7;7;7;5;2;5;1;5;1;3;4;4;1;1;2;1;1;3;5;3;1;4;5;1;3;4;4;1;3;5;5;2;4;4;4;4;4;4;2;3;1;4;1;2;5;5;1;1;2;2;1;2;1;1;2;1;2;2;2;2;1;2;1;1;1;1;1;2;2;2;2;2;1;2;1;2;2;2;2;2;2;1;1;2;2;2;1;1;2;2;2;1;2;1;2;1;2;1;2;2;1;2;2;1;1;2;1;1;1;1;2;2;2;2;2;2;1;2;1;2;2;1;2;1;2;2;2;1;5;2;5;3;6;2;6;2;4;1;2;7;6;1;2;7;5;6;7;4;6;5;6;6;7;2;12;34;11;22;69;52;53;45;85;62;68;241;65;65;74;58;51;72;66;74;37;162;61;42;45;1626;1;26;26;0;0;0;20;20
467; ; ;as1_122012;interview;5;2;7;4;4;7;1;7;2;1;4;1;6;1;6;3;6;1;2;2;3;1;6;6;3;1;2;1;1;5;1;7;3;7;1;7;4;1;5;2;1;7;2;2;1;1;1;4;4;4;4;4;4;4;4;4;4;4;4;4;4;4;4;4;4;4;4;4;4;7;2;5;5;4;2;2;5;4;4;4;5;1;1;1;1;1;1;1;1;1;2;1;7;7;7;3;7;3;6;3;6;2;2;6;3;1;6;1;2;2;3;2;4;2;4;5;5;5;5;5;5;4;3;1;1;2;1;1;1;1;2;1;1;1;1;3;2;5;1;1;1;1;1;1;1;2;6;7;7;7;7;7;7;3;2;5;2;3;1;1;3;4;3;1;2;2;2;1;5;2;2;3;5;2;2;4;5;2;1;5;3;1;3;5;4;2;2;5;2;2;2;4;1;2;3;2;2;1;2;2;1;2;1;1;2;1;2;2;2;2;2;1;1;2;2;1;2;2;2;1;2;2;2;2;1;2;2;2;2;2;2;1;2;2;1;2;1;2;2;1;-9;1;2;2;2;2;2;1;1;2;2;2;2;2;1;2;1;1;2;1;1;2;2;2;1;1;1;2;2;2;2;1;2;1;1;2;1;1;5;5;5;2;6;5;6;3;6;2;6;6;5;1;6;5;1;1;7;6;6;1;6;6;7;6;74;94;33;41;153;294;106;90;174;91;124;969;84;143;231;140;140;254;193;163;82;507;135;52;63;3286;1;26;26;1;0;1;0;1
473; ; ;as1_122012;interview;7;7;7;3;4;4;5;7;7;1;1;1;1;7;7;1;5;1;1;1;7;2;7;4;1;1;1;1;4;1;1;7;3;5;1;7;1;2;6;7;1;5;7;1;1;1;1;4;4;4;4;4;4;4;4;4;4;4;4;4;4;4;4;4;4;4;4;4;4;6;4;6;5;3;3;1;1;6;1;2;2;2;3;2;1;1;4;7;5;3;3;1;7;1;7;2;7;1;7;1;5;2;1;5;3;1;2;2;4;5;4;6;5;5;6;5;6;6;6;6;5;5;5;5;2;4;2;5;1;5;5;1;1;2;1;5;5;7;1;1;1;1;1;1;1;4;5;7;1;1;7;4;7;2;5;5;1;5;2;3;5;4;1;4;1;2;3;1;5;1;2;4;5;2;3;5;4;1;1;4;4;5;2;2;5;2;4;4;2;4;1;5;1;3;3;1;1;1;2;2;1;2;1;1;2;2;2;2;2;2;2;1;1;2;1;2;2;2;2;1;2;1;2;2;1;2;1;2;1;2;2;1;1;2;2;2;2;1;1;1;2;2;2;1;1;1;1;1;1;2;2;1;2;2;2;2;1;1;2;1;2;2;2;1;2;2;1;2;2;2;2;1;2;2;2;2;2;2;6;3;3;5;7;1;7;5;6;1;3;5;5;1;7;1;1;1;7;6;7;1;7;3;6;6;8;46;25;39;73;62;73;71;94;55;96;358;34;95;109;95;73;129;90;97;37;259;40;37;87;2182;1;26;26;0;0;0;8;8
474; ; ;as1_122012;interview;6;3;5;6;6;4;6;5;4;5;2;4;6;2;4;7;4;2;4;2;3;5;2;4;1;5;6;4;4;7;4;2;7;5;6;3;6;4;3;1;4;3;1;7;4;2;6;7;5;4;6;6;4;5;4;5;4;4;6;4;4;4;4;4;4;4;4;6;4;6;7;7;7;6;6;7;3;6;4;5;6;4;4;2;4;2;2;2;3;3;7;5;5;3;1;4;6;5;6;2;4;4;1;5;3;2;4;3;3;4;5;4;4;4;5;4;5;5;4;5;4;4;3;3;2;6;3;3;5;5;4;2;4;6;2;4;4;5;4;4;2;6;2;2;2;4;4;7;6;6;6;6;6;5;1;4;2;5;4;1;3;3;4;2;4;2;3;1;5;1;4;5;5;4;2;4;3;1;4;3;5;4;2;3;2;4;5;4;2;3;1;5;2;3;4;3;2;1;2;1;1;2;2;1;2;1;2;1;2;2;1;1;2;1;1;1;2;1;2;1;2;1;1;2;1;2;1;2;1;2;2;2;1;2;2;1;2;1;1;2;1;1;2;2;1;2;1;1;1;1;2;2;1;1;1;2;1;1;1;1;2;2;1;1;1;2;1;2;2;2;2;1;2;1;1;1;2;1;5;2;5;5;3;6;7;4;3;6;6;4;5;4;4;5;2;1;6;4;6;2;7;5;2;4;10;63;43;55;108;152;111;78;148;87;98;438;2072;69;111;105;58;248;148;131;81;282;155;56;115;2777;1;26;26;0;0;0;1;1
476; ; ;as1_122012;interview;6;4;7;5;4;3;3;7;5;1;1;1;2;1;3;7;1;1;3;2;1;1;6;4;1;1;1;1;1;1;1;7;-9;6;2;7;3;1;3;2;1;6;2;3;4;1;1;4;3;4;4;4;4;4;4;4;4;4;4;4;4;4;4;4;4;4;4;4;4;6;2;7;2;7;6;1;1;2;1;3;1;3;1;2;1;3;4;4;3;2;5;5;7;2;7;2;7;3;6;2;5;2;2;5;4;1;1;3;2;3;3;2;4;2;5;5;5;6;5;5;5;5;4;6;3;5;2;2;1;3;5;1;1;3;1;5;1;6;2;1;1;3;1;3;1;5;5;6;5;6;7;6;6;4;3;5;3;4;2;3;4;2;4;3;4;2;2;3;5;2;3;4;5;2;2;4;5;5;3;4;2;3;1;3;2;3;4;3;4;5;3;5;1;4;2;5;3;1;2;2;1;2;1;2;1;2;1;2;2;2;1;1;1;2;1;1;1;-9;1;2;2;2;2;-9;2;2;2;1;2;2;2;2;1;1;1;2;2;2;2;1;2;2;2;1;2;1;2;2;1;2;2;2;2;1;1;2;1;1;2;2;2;1;2;2;1;1;2;1;1;2;1;1;1;2;1;2;1;2;6;5;5;2;7;2;6;6;7;4;6;2;6;2;5;5;6;1;5;4;6;2;5;3;6;5;9;48;14;60;58;50;46;43;87;63;70;239;44;65;65;76;48;60;60;60;26;149;33;21;42;1536;1;26;26;1;1;2;25;27
477; ; ;as1_122012;interview;7;1;7;1;4;7;1;-9;2;1;1;1;4;1;4;1;4;1;2;4;1;1;4;4;7;1;4;1;1;1;2;7;1;6;4;7;1;1;7;4;4;7;7;1;1;1;1;5;4;5;5;5;5;5;5;6;5;5;5;5;4;3;6;6;6;6;6;6;6;7;6;7;4;6;5;2;1;4;6;6;6;1;2;2;1;2;1;6;4;3;7;1;7;5;7;1;7;5;7;6;4;1;2;7;3;1;6;2;2;4;3;2;2;3;4;4;5;4;4;3;3;3;4;2;1;1;1;1;1;1;1;1;1;3;1;7;2;7;1;1;1;1;1;1;1;4;7;7;7;7;7;7;7;3;1;5;1;2;1;3;4;5;2;3;1;4;5;3;3;3;3;3;5;4;2;5;3;4;3;3;5;2;3;4;3;2;5;5;3;2;3;4;1;4;4;5;5;1;2;2;1;2;2;1;2;1;2;2;2;2;2;2;1;2;1;1;1;2;2;2;2;1;2;1;1;1;2;2;1;2;2;2;1;2;1;2;2;1;2;2;1;2;2;1;2;1;1;1;2;2;2;2;2;1;2;2;1;1;2;1;1;2;2;2;1;1;2;2;1;2;1;2;1;2;2;2;2;1;5;5;6;4;6;6;5;2;4;4;5;6;7;4;7;4;4;3;7;7;7;1;6;7;6;4;19;75;19;55;109;96;86;66;99;105;101;394;91;88;80;96;63;94;98;106;51;163;58;48;104;2364;1;26;26;1;0;1;3;4
478; ; ;as1_122012;interview;7;3;7;1;4;7;1;7;1;1;1;1;4;1;4;1;1;1;1;1;1;1;1;4;4;1;1;1;2;1;1;7;1;1;1;7;4;1;7;7;1;7;7;3;3;1;1;1;4;4;4;4;4;4;7;4;7;4;4;7;4;4;4;4;7;4;4;4;7;5;1;1;1;7;1;1;7;4;2;5;1;1;1;1;1;1;2;6;1;1;7;4;7;4;7;4;7;4;7;4;4;3;2;5;4;1;2;3;4;4;3;4;3;3;6;6;6;6;6;6;6;6;4;7;2;7;1;4;1;4;4;1;1;1;1;5;2;7;1;1;1;1;1;1;1;7;7;7;7;7;7;7;7;1;2;5;1;3;2;1;5;5;1;1;2;1;1;1;5;1;1;3;5;1;1;5;2;2;1;4;4;1;3;1;2;1;4;1;2;5;1;5;1;2;5;3;3;1;2;2;1;1;2;1;2;1;2;1;2;1;1;2;1;2;1;2;1;2;1;1;2;1;2;2;2;2;2;2;1;2;2;1;1;2;1;1;2;1;1;1;1;1;2;2;2;1;1;1;2;1;1;2;1;1;1;1;2;1;1;1;1;2;1;2;1;2;1;2;1;1;2;1;2;1;2;1;2;1;7;4;5;5;7;4;7;4;1;3;7;7;7;7;7;5;5;2;7;7;6;1;7;7;7;7;12;231;22;59;107;77;85;66;147;71;109;330;74;67;108;74;64;89;100;81;34;199;73;27;51;2357;1;26;26;0;0;0;5;5
479; ; ;as1_122012;interview;7;1;7;4;4;5;4;7;1;1;5;1;7;1;5;6;4;1;4;4;1;1;4;4;1;4;5;1;3;4;4;1;5;5;4;7;7;1;7;4;4;5;2;5;7;1;5;5;7;4;4;4;4;4;4;4;4;4;4;4;4;4;4;4;4;4;4;4;4;6;4;4;5;4;1;1;3;5;4;5;3;5;4;5;3;1;4;6;2;1;7;3;7;2;7;3;7;4;6;4;4;3;1;5;4;1;1;1;3;3;4;1;4;1;3;4;4;4;4;4;4;4;5;5;5;4;2;5;4;4;4;5;1;4;1;5;4;7;4;4;1;4;1;1;1;5;3;5;4;4;1;7;5;1;3;5;3;5;2;4;4;5;4;2;3;3;3;2;4;1;5;4;5;5;2;5;4;3;2;4;4;4;2;2;3;3;4;4;3;4;1;3;1;1;3;3;3;1;2;2;1;2;2;2;2;2;2;2;1;2;2;1;1;2;2;1;2;1;2;1;2;2;2;2;2;2;2;2;2;2;2;2;1;2;1;2;1;2;2;2;2;1;2;2;1;1;2;1;2;2;2;2;2;2;1;2;2;2;1;1;2;2;2;2;2;2;1;2;2;2;2;2;1;2;1;2;1;2;5;4;5;3;5;3;4;1;4;3;2;6;6;1;2;4;3;1;6;7;6;2;5;4;6;3;51;212;63;58;103;79;89;81;151;123;133;615;55;221;209;258;100;130;99;91;46;328;106;53;307;3381;1;26;26;0;0;0;1;1
481; ; ;as1_122012;interview;7;5;7;6;1;7;1;7;7;1;1;1;7;1;1;4;4;1;1;1;3;1;7;4;1;1;1;1;1;2;1;7;1;7;1;7;1;1;7;1;1;7;1;1;1;1;1;4;1;4;4;4;4;4;4;4;4;4;4;4;4;4;4;4;4;4;4;4;4;7;5;7;1;6;7;2;1;7;4;4;7;1;1;1;1;1;1;1;1;1;4;1;7;4;7;1;7;1;7;1;6;1;-9;6;2;1;6;1;1;1;1;1;1;1;1;1;1;1;1;1;1;1;1;1;1;1;1;1;1;1;1;1;1;1;1;1;1;7;1;1;1;1;1;1;1;3;7;7;1;7;7;7;7;4;2;5;3;5;1;1;1;4;4;1;3;2;1;1;5;4;2;5;5;1;1;5;5;1;2;5;5;1;5;5;2;1;4;5;1;5;1;5;1;4;5;4;2;1;2;2;1;2;1;1;2;2;1;2;2;2;2;1;1;2;1;1;-9;-9;1;1;2;2;2;1;1;2;2;2;2;1;1;2;1;2;1;2;2;2;1;1;2;1;2;2;1;1;2;1;2;1;1;2;2;1;1;2;1;2;1;2;2;2;1;1;1;2;1;2;1;2;1;1;1;2;1;2;1;2;5;5;3;1;5;5;7;3;7;2;5;5;7;1;5;7;2;2;4;3;6;1;7;7;6;3;2;10;6;28;76;76;70;52;72;58;50;291;31;92;87;100;51;102;155;149;48;528;57;37;45;2273;1;26;26;1;1;2;36;38
483; ; ;as1_122012;interview;7;6;7;5;7;7;4;7;6;1;4;1;4;1;6;2;5;1;4;7;4;4;4;4;6;1;3;1;1;1;4;7;4;1;1;7;1;1;7;4;4;7;7;1;1;1;1;6;4;4;1;7;4;4;5;4;5;2;5;5;5;4;5;3;6;7;2;7;7;7;7;7;5;3;5;4;1;7;5;4;2;2;1;1;2;1;1;6;1;1;3;5;7;5;3;1;7;4;7;2;4;2;2;5;2;1;2;3;4;4;2;3;3;4;3;3;4;4;4;4;5;6;6;2;1;2;1;1;1;4;5;1;1;1;1;6;5;6;1;1;1;1;1;1;1;2;6;7;7;7;7;7;7;5;3;5;2;4;1;3;4;5;3;5;1;2;2;1;5;4;2;4;5;3;3;5;3;4;4;5;5;4;2;2;3;2;5;5;4;5;2;5;3;4;4;5;3;1;2;2;1;2;2;1;2;1;1;2;2;2;1;2;2;2;1;1;1;2;2;1;2;-9;2;2;1;2;2;2;1;-9;2;2;1;2;2;2;2;1;2;2;1;1;2;2;2;2;1;1;2;2;2;2;1;2;1;2;2;2;1;2;2;2;2;2;1;2;1;2;2;1;2;1;2;1;2;2;2;1;5;5;2;6;7;6;7;7;3;4;7;7;7;1;6;7;2;7;7;7;7;1;7;5;7;7;2;52;895;31;86;61;58;39;74;47;74;222;67;58;75;75;54;56;56;57;28;163;52;38;58;1605;1;26;26;1;1;1;26;28
484; ; ;as1_122012;interview;6;2;6;2;3;4;1;6;2;1;1;1;6;1;1;3;5;1;2;2;1;1;2;4;5;1;1;1;2;1;1;6;2;3;2;7;2;1;3;3;1;4;4;2;1;1;1;1;5;-9;-9;-9;-9;-9;-9;-9;-9;-9;-9;-9;-9;-9;-9;-9;-9;-9;-9;-9;-9;6;2;6;3;5;3;2;5;4;5;3;3;1;1;1;2;2;2;6;1;1;2;2;6;3;7;3;5;2;4;1;5;1;1;5;3;1;1;3;2;2;2;1;2;2;4;5;3;4;4;4;5;5;4;4;2;3;1;3;4;3;4;2;1;3;1;2;2;5;2;1;1;2;1;1;1;5;6;6;6;5;5;6;5;2;2;5;2;4;1;3;4;2;2;3;1;2;4;3;4;1;4;4;4;5;1;5;3;3;2;4;4;3;2;2;3;3;2;5;3;2;2;4;1;3;4;2;3;1;2;2;1;1;1;2;1;2;1;1;2;2;2;1;1;2;2;1;1;1;1;1;1;2;1;2;2;2;2;2;2;1;2;2;1;2;1;1;1;2;1;1;2;2;2;1;1;1;1;1;1;1;1;2;2;1;1;2;1;1;1;1;2;2;2;1;2;2;1;2;1;1;1;2;1;2;1;2;1;2;5;5;5;2;6;2;5;1;6;3;3;6;6;1;4;6;2;2;6;5;5;2;5;6;7;6;5;117;15;65;67;66;72;64;109;64;107;305;30;70;89;95;188;126;73;73;37;233;59;29;47;2088;1;26;26;7;6;13;12;25
485; ; ;as1_122012;interview;6;6;7;4;1;7;1;7;5;1;1;1;6;7;5;7;4;1;1;1;7;1;7;6;3;1;1;1;7;2;1;7;2;7;1;7;1;1;7;-9;1;6;1;1;1;1;1;2;2;5;6;5;5;5;5;5;5;5;5;5;5;5;5;5;5;6;2;5;5;7;7;7;7;5;7;4;1;1;4;7;7;1;1;1;1;1;1;1;1;1;2;1;7;1;2;1;7;1;7;1;5;1;2;5;2;1;1;1;1;1;1;1;1;1;1;2;1;1;1;1;1;5;3;1;1;1;1;1;1;1;1;1;1;1;1;1;1;6;1;1;1;1;1;1;1;4;5;5;6;5;6;6;7;2;1;5;1;5;1;1;2;1;1;4;1;1;1;1;5;1;1;3;5;4;1;3;3;4;3;3;3;2;3;5;3;1;3;5;2;3;1;5;1;3;5;3;5;1;2;1;1;2;1;1;2;1;1;2;2;2;1;2;1;2;1;1;1;2;1;1;2;2;1;2;2;2;2;2;1;2;2;2;1;2;2;2;2;1;1;2;2;2;2;2;2;2;2;1;1;2;1;2;2;1;1;1;1;2;2;2;2;2;2;2;2;2;1;2;2;1;2;1;2;2;2;2;2;1;7;4;6;3;6;2;7;4;1;1;7;7;7;2;7;6;1;1;4;2;7;1;2;7;7;7;1;3414;6;40;60;47;72;42;98;77;55;338;356;62;87;87;56;67;62;74;34;175;46;34;34;1791;1;26;26;1;0;1;37;38
486; ; ;as1_122012;interview;7;2;7;1;5;7;1;7;1;1;1;1;7;1;1;7;1;1;2;1;5;1;3;5;1;1;1;1;4;1;1;7;1;7;1;7;3;2;5;1;1;7;1;1;1;1;1;1;4;5;4;5;5;4;4;5;5;4;5;4;4;6;4;4;4;4;5;4;4;5;3;1;2;7;2;1;1;2;3;7;2;1;5;5;6;1;1;1;1;1;1;1;7;1;6;1;7;2;7;1;4;3;1;6;4;1;2;2;1;1;3;1;1;3;3;5;5;5;5;5;5;3;4;4;1;3;1;2;1;1;3;1;1;1;1;1;1;7;2;2;2;2;3;2;1;3;7;7;4;4;3;2;5;1;1;5;1;4;1;3;4;5;3;1;2;1;1;1;4;1;1;5;5;1;1;5;5;1;2;5;5;1;2;1;4;3;5;5;2;3;1;3;1;3;1;1;1;1;2;2;1;1;2;1;1;1;2;2;1;2;1;1;1;2;1;2;1;1;2;2;1;2;1;2;2;1;2;2;1;2;2;2;1;2;1;2;2;2;1;2;1;1;2;1;2;1;2;2;1;1;2;2;2;1;1;2;1;1;1;1;1;2;2;2;1;2;1;1;1;2;1;1;1;2;1;2;1;1;5;5;4;5;5;4;4;4;3;3;3;6;6;1;6;7;1;1;6;6;5;1;7;3;4;4;3;947;36;52;132;61;138;95;138;82;102;337;91;119;139;176;64;130;87;97;41;281;53;48;57;2623;1;26;26;0;0;0;6;6
487; ; ;as1_122012;interview;4;5;7;5;3;7;1;7;5;1;1;1;4;1;3;3;3;3;4;4;5;2;7;5;3;4;3;2;2;4;2;7;5;1;2;7;5;1;7;5;3;4;5;4;5;1;4;4;4;4;3;5;5;4;5;5;5;5;6;5;5;5;5;5;5;2;5;4;5;7;5;7;4;5;5;5;2;5;5;4;4;2;1;2;6;2;5;7;3;1;5;5;6;4;3;5;6;4;5;6;3;6;2;5;4;1;1;1;3;4;3;1;4;4;5;5;5;5;5;5;5;3;3;2;2;6;2;2;6;5;5;2;2;7;3;6;5;6;2;4;1;4;3;5;1;6;5;6;7;6;6;7;6;2;1;5;2;5;1;1;3;5;1;3;3;1;1;1;5;3;1;4;5;1;5;3;5;1;2;3;4;2;1;5;5;3;3;5;3;4;2;5;1;3;4;4;1;1;2;2;1;2;1;1;2;2;2;2;2;2;1;1;1;2;2;1;2;1;2;1;2;2;2;2;1;1;2;2;2;2;1;1;2;1;2;2;2;1;2;2;1;1;2;1;2;1;2;1;1;2;2;2;1;2;1;1;1;2;1;2;2;2;2;2;2;2;1;2;1;2;1;2;1;2;1;2;1;2;6;4;7;2;7;4;7;1;6;2;7;7;6;2;6;7;3;2;7;6;6;2;6;7;6;7;37;118;39;36;78;62;72;59;94;66;74;383;69;70;85;107;97;84;95;82;31;207;51;54;61;2211;1;26;26;0;0;0;6;6
489; ; ;as1_122012;interview;5;3;6;7;4;6;2;5;3;2;3;1;5;1;5;2;5;1;4;2;3;1;5;6;3;1;3;2;1;2;3;5;2;5;3;4;5;2;5;2;2;5;4;1;3;3;4;4;5;4;4;5;6;5;5;6;6;6;5;6;5;5;6;6;6;5;4;4;6;7;5;5;5;6;3;2;1;5;7;6;4;4;1;4;5;4;4;4;4;3;5;2;7;4;5;5;5;2;5;5;3;4;2;5;4;1;1;3;2;3;3;1;4;1;4;5;4;4;5;4;4;4;6;5;4;4;1;5;5;4;4;3;2;2;1;4;4;4;3;1;1;3;4;2;1;6;5;5;1;5;5;5;5;2;1;4;3;4;2;3;4;5;2;3;2;2;3;3;3;1;4;3;5;4;2;3;4;4;1;3;4;3;3;3;2;4;3;3;5;3;1;3;1;5;1;1;2;1;2;2;1;2;1;1;2;2;2;2;1;2;2;1;1;2;2;2;2;1;1;2;2;2;2;1;1;1;2;1;1;2;2;1;1;1;1;2;1;2;1;2;1;2;2;1;2;1;2;1;1;2;2;2;1;1;1;2;1;1;1;2;2;2;1;2;1;2;1;2;1;2;1;2;1;2;1;2;1;2;5;4;6;2;6;1;6;3;5;4;3;3;6;2;6;7;5;1;7;5;4;2;3;4;4;5;9;138;38;40;93;54;57;46;93;65;79;292;69;69;94;83;63;70;71;70;44;171;35;39;51;1933;1;26;26;0;0;0;11;11
494; ; ;as1_122012;interview;5;4;7;4;4;6;4;7;4;4;2;5;5;1;2;3;5;4;4;3;4;5;4;4;4;4;3;2;2;3;4;7;4;1;3;7;4;1;5;6;3;6;5;2;4;2;2;3;4;5;2;5;4;3;6;6;5;4;5;5;5;3;6;5;6;3;5;4;5;6;5;6;5;4;4;3;2;5;4;5;4;1;1;1;1;1;1;1;1;1;6;2;7;2;7;4;7;5;7;3;5;3;2;5;3;1;6;1;4;3;4;2;3;3;5;5;4;4;5;5;4;1;1;1;1;1;1;1;1;1;1;1;1;1;1;3;1;6;2;2;2;2;2;2;2;5;2;5;6;6;7;7;7;3;3;4;2;4;2;3;3;4;2;3;3;2;3;2;3;2;2;4;5;2;3;4;4;2;2;3;4;3;2;4;3;3;2;4;3;3;2;4;1;3;3;4;4;1;1;2;2;1;1;2;1;2;1;2;1;2;1;1;1;2;2;2;2;1;1;2;1;2;2;1;1;1;2;1;2;1;1;2;1;2;1;2;1;2;1;2;1;2;2;1;1;2;1;1;1;2;1;2;1;1;1;2;1;1;1;2;2;2;1;2;2;1;1;2;2;2;1;2;1;2;2;2;2;2;3;3;4;3;6;5;5;2;5;3;5;6;5;3;5;7;4;2;6;5;6;2;6;6;6;5;188;225;17;64;77;61;70;61;104;42;104;361;64;78;77;84;81;79;103;86;49;206;41;27;333;2228;1;26;26;0;0;0;8;9
498; ; ;as1_122012;interview;7;2;7;7;4;4;2;7;4;1;4;4;6;7;5;7;4;6;4;6;1;1;4;4;2;4;6;2;4;2;6;7;2;7;2;7;7;1;6;1;6;6;1;5;7;1;5;2;4;4;4;4;4;4;4;4;4;4;4;4;4;4;4;4;4;4;4;4;4;5;5;5;4;6;4;4;1;4;4;4;5;4;2;4;4;5;5;3;5;6;4;4;6;3;7;2;6;4;6;5;6;4;1;5;4;1;1;2;2;3;3;1;5;3;4;5;5;5;5;5;5;4;6;6;3;5;2;5;4;5;7;2;2;4;1;5;2;5;4;4;1;2;5;2;1;4;4;4;4;5;2;7;5;1;2;5;1;4;1;3;5;4;2;1;2;1;4;1;5;1;3;3;3;2;1;5;4;1;1;5;3;3;4;1;2;2;4;4;3;1;2;4;2;4;1;3;1;1;2;2;1;1;2;1;2;1;1;2;2;2;1;1;1;2;1;1;2;1;2;1;2;2;1;1;2;2;2;1;2;2;1;1;1;1;1;2;1;2;1;1;2;2;1;1;1;1;2;1;1;2;1;2;2;1;1;1;1;1;1;1;1;2;1;2;1;1;1;2;1;1;2;1;2;1;1;1;1;2;2;5;6;2;6;5;6;2;6;4;6;6;3;1;3;2;4;-9;7;2;5;2;2;3;7;4;5;133;40;68;103;90;97;71;185;89;121;506;142;158;121;135;78;147;125;117;64;385;82;61;54;3177;1;26;26;1;0;1;2;3
499; ; ;as1_122012;interview;6;6;7;5;6;6;3;7;5;2;4;1;5;6;2;4;3;3;2;5;4;3;4;5;1;4;6;3;1;3;5;7;5;2;4;6;6;5;7;3;6;6;5;5;5;7;6;4;3;7;2;6;6;4;6;7;5;6;6;6;6;4;6;4;5;4;4;5;5;5;5;6;6;4;5;5;5;4;5;5;4;4;2;2;6;6;5;2;5;6;7;3;6;6;6;5;7;5;5;6;6;5;1;5;4;1;2;1;3;5;4;2;5;3;5;5;5;5;5;5;5;6;6;6;5;6;2;6;6;5;5;5;2;6;3;2;4;5;2;2;1;2;4;4;1;5;6;6;5;6;7;4;6;3;3;5;3;5;3;2;5;5;1;4;2;2;4;2;4;3;3;4;5;1;2;2;5;2;2;4;4;2;4;1;5;2;4;4;2;5;1;5;1;3;5;2;1;1;2;2;1;2;2;2;2;1;2;2;2;2;1;1;2;2;2;1;1;2;2;1;2;1;2;1;1;1;2;2;2;2;2;1;1;2;2;2;2;1;1;2;1;2;2;1;2;2;1;1;2;2;1;2;1;2;1;2;2;2;1;2;2;2;2;2;2;2;1;2;2;2;2;2;2;2;2;1;1;2;4;3;6;4;6;6;6;1;4;3;2;7;7;2;6;7;4;1;7;7;7;4;7;2;6;2;4;22;14;69;93;64;60;40;102;73;92;363;83;79;119;90;55;94;164;173;41;329;66;52;112;2453;1;26;26;0;0;0;11;11
500; ; ;as1_122012;interview;7;6;7;2;4;7;4;7;7;1;2;1;3;7;2;1;1;1;1;2;5;2;5;7;7;1;1;1;1;2;2;7;7;4;3;7;3;1;7;7;1;5;6;7;4;1;1;7;6;3;5;5;6;4;6;5;7;3;5;7;7;7;7;5;6;7;2;5;7;7;7;7;7;4;5;5;4;5;5;6;6;4;1;2;2;1;1;6;2;2;6;4;7;5;7;1;7;5;7;3;5;1;2;5;3;1;1;3;2;1;5;2;2;2;5;2;5;5;4;5;5;5;5;7;4;6;3;6;1;5;5;6;1;5;3;7;4;7;3;4;2;2;1;1;1;2;7;7;7;7;7;7;7;5;2;5;2;5;2;1;2;5;3;1;2;2;4;5;3;2;2;3;5;2;4;4;5;1;1;4;5;4;2;1;3;4;5;2;1;5;2;5;1;3;1;5;2;1;1;2;1;2;1;2;2;2;2;2;2;1;1;1;2;2;1;1;1;2;1;2;1;2;2;2;2;2;2;2;1;2;2;1;1;2;2;2;-9;1;1;2;2;2;2;1;2;1;2;2;2;1;1;2;1;1;1;2;2;2;1;2;2;2;1;2;1;2;1;2;2;1;2;1;2;1;2;1;2;1;6;6;5;5;6;2;5;2;4;2;1;6;6;4;3;7;6;1;7;5;6;5;6;6;7;5;11;13;9;19;48;52;45;35;217;41;62;248;76;66;108;77;41;63;65;179;61;169;48;33;119;1905;1;26;26;1;0;1;30;30
501; ; ;as1_122012;interview; ; ; ; ; ; ; ; ; ; ; ; ; ; ; ; ; ; ; ; ; ; ; ; ; ; ; ; ; ; ; ; ; ; ; ; ; ; ; ; ; ; ; ; ; ; ; ; ; ; ; ; ; ; ; ; ; ; ; ; ; ; ; ; ; ; ; ; ; ; ; ; ; ; ; ; ; ; ; ; ; ; ; ; ; ; ; ; ; ; ; ; ; ; ; ; ; ; ; ; ; ; ; ; ; ; ; ; ; ; ; ; ; ; ; ; ; ; ; ; ; ; ; ; ; ; ; ; ; ; ; ; ; ; ; ; ; ; ; ; ; ; ; ; ; ; ; ; ; ; ; ; ; ; ; ; ; ; ; ; ; ; ; ; ; ; ; ; ; ; ; ; ; ; ; ; ; ; ; ; ; ; ; ; ; ; ; ; ; ; ; ; ; ; ; ; ; ;1; ; ; ; ; ; ; ; ; ; ; ; ; ; ; ; ; ; ; ; ; ; ; ; ; ; ; ; ; ; ; ; ; ; ; ; ; ; ; ; ; ; ; ; ; ; ; ; ; ; ; ; ; ; ; ; ; ; ; ; ; ; ; ; ; ; ; ; ; ; ; ; ; ; ; ; ; ; ; ; ; ; ; ; ; ; ; ; ; ; ; ; ; ; ; ; ; ; ; ; ; ; ; ; ; ; ;14;109;41; ; ; ; ; ; ; ; ; ; ; ; ; ; ; ; ; ; ; ; ; ; ;164;0;3;3;0;0;0;0;0
502; ; ;as1_122012;interview;4;1;7;7;2;7;2;7;1;2;2;2;7;1;2;7;2;2;2;3;1;1;2;4;2;2;2;1;3;1;2;7;6;2;1;6;2;2;3;1;2;7;1;3;4;1;2;1;4;5;2;7;4;5;5;6;6;5;4;5;5;4;7;5;5;4;5;6;6;7;4;7;5;4;5;4;1;7;7;5;5;3;2;3;2;2;1;2;3;1; ; ; ; ; ; ; ; ; ; ; ; ; ; ; ; ; ; ;4;4;3;6;5;6;6;5;6;6;4;5;5;7;7;7;4;7;2;7;2;6;6;5;1;7;1;4;1; ; ; ; ; ; ; ; ; ; ; ; ; ; ; ; ;1;3;5;1;5;1;2;5;1;2;1;5;1;1;1;5;1;2;5;5;1;1;5;4;5;1;3;1;1;1;5;5;3;1;5;5;1;2;5;1;2;5;1;5;1; ; ; ; ; ; ; ; ; ; ; ; ; ; ; ; ; ; ; ; ; ; ; ; ; ; ; ; ; ; ; ; ; ; ; ; ; ; ; ; ; ; ; ; ; ; ; ; ; ; ; ; ; ; ; ; ; ; ; ; ; ; ; ; ; ; ; ; ; ; ; ; ; ; ; ; ; ; ; ; ; ; ; ; ; ; ; ; ; ; ; ; ; ; ; ; ; ; ; ; ; ; ; ; ; ; ;3;4;7;8;105;78;76;16339;108;77;95;2246;422;104; ; ; ; ; ; ; ; ; ; ; ;1172;0;15;15;0;0;0;70;70
503; ; ;as1_122012;interview;5;1;7;3;4;6;1;7;1;1;1;1;7;1;1;1;4;3;5;1;1;5;1;4;5;1;5;1;4;1;1;7;7;1;1;7;5;1;1;5;4;6;1;1;6;5;1;5;4;4;4;4;4;4;4;4;4;4;4;4;4;4;4;4;4;4;4;4;4;7;7;7;1;7;5;1;1;1;6;7;1;1;1;1;1;1;4;7;4;1;5;1;7;3;1;1;7;4;7;3;7;1;1;5;3;1;6;1;1;1;1;2;1;1;4;5;3;5;6;6;2;5;6;1;1;1;1;1;1;3;4;3;1;1;1;5;4;7;1;7;7;1;1;5;5;7;7;4;1;5;7;7;1;5;3;4;1;4;2;3;2;5;1;2;4;2;1;1;5;5;3;5;5;1;4;5;4;1;1;5;4;1;4;5;2;3;5;4;2;5;1;5;1;4;1;5;1;1;2;2;1;1;2;1;2;1;1;2;2;2;1;1;1;2;1;1;2;1;1;2;1;2;2;1;2;1;2;2;1;2;2;1;1;2;1;2;2;1;2;2;1;2;2;2;2;1;1;1;1;2;2;2;1;2;1;2;2;2;1;2;2;2;1;1;2;1;1;2;2;1;2;2;2;1;2;2;1;2;2;5;5;3;7;7;6;5;4;2;2;7;7;1;6;7;5;2;4;7;6;1;7;2;7;3;4;164;30;76;91;76;70;53;151;65;87;408;49;105;113;193;88;114;92;107;40;251;84;56;623;2624;1;26;26;0;0;0;5;5
508; ; ;as1_122012;interview;5;2;6;5;4;6;3;5;3;3;4;3;6;3;4;6;3;3;4;3;2;3;4;4;2;3;4;4;3;4;4;5;6;4;5;6;6;2;5;2;3;5;2;5;4;2;5;4;3;4;4;4;4;4;4;4;4;4;4;4;4;4;4;4;4;4;4;4;4;6;5;6;5;4;5;4;3;5;4;5;5;2;2;2;2;2;2;1;2;2;3;3;6;4;4;5;5;6;5;5;4;5;2;6;3;1;2;3;2;3;3;2;4;4;5;5;5;5;5;5;5;5;4;5;4;5;3;5;4;2;3;3;2;4;1;3;3;5;3;1;1;3;3;3;1;5;6;6;7;5;6;7;7;4;2;5;3;4;2;3;3;5;4;2;3;2;4;2;4;2;3;3;5;2;3;4;5;2;3;4;5;2;3;4;4;2;4;5;3;2;1;5;1;3;4;4;3;1;2;2;1;2;2;1;2;2;2;2;1;2;1;2;1;1;2;2;2;1;2;1;2;1;2;2;2;2;2;2;1;2;2;1;1;2;2;2;2;1;2;2;1;2;1;2;2;1;2;1;2;2;2;2;2;2;1;2;1;2;1;2;1;1;2;2;2;2;1;2;2;1;2;1;2;2;2;2;2;2;7;5;5;3;6;2;7;3;5;3;6;6;7;2;5;6;5;3;6;5;5;2;6;6;5;5;28;21;828;32;47;52;49;43;65;50;66;211;53;54;134;75;87;69;92;74;32;197;55;35;52;1695;1;26;26;0;0;0;21;21
515; ; ;as1_122012;interview;2;2;7;6;5;2;2;5;1;1;1;1;2;1;3;3;6;1;2;1;1;1;1;4;2;2;1;1;1;2;1;5;5;1;2;7;6;6;2;1;1;5;2;5;5;1;4;4;1;3;6;7;6;6;7;7;6;5;5;5;5;5;6;6;7;3;3;7;6;7;4;5;4;4;4;2;4;4;3;3;3;2;1;1;6;5;4;4;4;2;1;5;6;5;7;1;1;1;6;4;5;2;2;6;5;1;1;4;4;4;3;4;5;4;5;6;5;5;6;6;6;5;3;5;1;4;2;3;1;3;5;3;2;3;1;5;3;6;1;1;1;1;1;1;1;2;7;7;7;7;7;7;7;1;3;5;1;5;1;1;5;4;1;1;1;1;2;1;5;2;1;4;5;1;1;2;3;3;3;2;5;1;4;4;5;2;3;4;4;1;1;4;1;1;4;2;1;1;2;2;1;2;1;1;1;1;2;2;1;2;2;1;1;2;2;2;2;2;2;1;2;2;2;2;2;1;1;1;2;1;2;2;1;1;1;2;1;2;1;1;2;2;2;1;1;1;2;2;2;2;2;2;2;1;1;1;1;1;2;1;1;2;2;2;2;1;1;2;1;2;2;2;1;2;1;2;1;2;7;1;7;2;6;2;7;1;7;1;6;7;5;1;7;1;7;1;7;2;6;1;6;7;7;7;19;203;212;64;61;77;67;46;88;76;87;290;51;79;88;70;367;82;75;76;32;200;108;173;28;2106;1;26;26;0;0;0;10;10
516; ; ;as1_122012;interview;6;2;7;3;5;5;1;7;4;1;1;1;5;1;3;2;3;1;3;2;2;1;2;4;5;1;2;1;2;2;3;7;3;3;3;7;3;2;6;5;2;4;5;3;2;1;1;2;3; ; ; ; ; ; ; ; ; ; ; ; ; ; ; ; ; ; ; ; ; ; ; ; ; ; ; ; ; ; ; ; ;1;1;3;4;5;2;2;3;1; ; ; ; ; ; ; ; ; ; ; ; ; ; ; ; ; ; ;3;4;2;3;2;3;5;5;5;6;5;6;5;5;4;5;3;2;4;5;1;4;5;2;3;2;1;5;3; ; ; ; ; ; ; ; ; ; ; ; ; ; ; ; ;2;3;5;2;4;1;1;4;4;1;2;3;2;2;2;4;2;1;4;5;1;1;5;5;1;2;1;4;3;1;3;3;2;4;4;1;3;1;5;1;3;4;2;2;1; ; ; ; ; ; ; ; ; ; ; ; ; ; ; ; ; ; ; ; ; ; ; ; ; ; ; ; ; ; ; ; ; ; ; ; ; ; ; ; ; ; ; ; ; ; ; ; ; ; ; ; ; ; ; ; ; ; ; ; ; ; ; ; ; ; ; ; ; ; ; ; ; ; ; ; ; ; ; ; ; ; ; ; ; ; ; ; ; ; ; ; ; ; ; ; ; ; ; ; ; ; ; ; ; ; ;6;3;5;15;79;53;57;40;53;52;68;232; ; ; ; ; ; ; ; ; ; ; ; ; ;663;0;13;13;0;0;0;84;84
518; ; ;as1_122012;interview;4;1;4;7;4;4;4;4;1;4;6;4;7;1;7;7;7;4;7;7;1;4;4;7;4;4;7;1;1;4;6;4;7;7;1;7;7;1;4;1;7;7;1;7;7;4;4;5;4;4;4;4;4;4;4;4;4;4;4;4;4;4;4;4;4;4;4;4;4;7;7;7;7;7;7;7;1;4;4;7;7;1;1;1;1;1;4;7;4;1;4;4;4;1;7;4;7;4;4;4;4;4;1;6;3;1;7;3;1;1;3;2;3;3;3;3;2;2;3;2;2;7;4;4;3;5;1;4;2;4;5;4;1;4;4;6;2;7;1;4;1;1;4;1;1;7;7;7;7;7;7;7;7;5;3;5;1;5;1;4;4;3;4;2;2;3;2;3;3;1;3;5;5;3;1;5;3;5;1;3;3;5;1;1;3;4;1;4;4;5;1;5;1;5;4;1;1;1;2;2;1;2;1;2;1;2;2;2;1;2;2;1;1;2;2;2;2;1;1;2;1;2;2;1;2;1;2;1;2;2;1;2;1;2;1;2;1;2;1;1;2;2;2;1;2;2;2;1;1;2;2;2;2;1;1;1;2;1;2;1;2;2;2;2;2;1;1;2;2;2;1;1;1;2;2;2;1;2;5;3;3;2;7;5;7;5;6;2;1;7;7;1;4;7;1;1;4;4;4;1;7;7;7;4;548;1664;9;245;87;99;88;74;204;71;197;642;51;204;419;216;125;149;111;157;84;335;129;59;39;3250;1;26;26;0;0;0;5;5
519; ; ;as1_122012;interview;3;3;6;3;3;2;2;5;2;1;2;1;7;1;2;6;4;2;4;3;2;4;5;4;2;2;2;1;1;1;1;7;6;2;3;6;6;1;4;2;2;4;2;4;6;2;3;4;4;4;4;4;4;4;4;4;4;4;4;4;4;4;4;4;4;4;4;4;4;7;3;7;6;5;6;3;1;7;7;7;5;1;1;1;2;2;1;6;2;2;6;2;7;2;7;1;7;2;7;2;5;1;1;5;3;1;1;1;3;4;3;4;4;3;4;3;4;4;3;4;4;4;3;2;1;2;1;2;1;1;3;2;1;2;1;2;3;6;1;1;1;1;1;1;1;3;5;7;7;7;7;7;7;4;2;5;2;4;1;2;2;2;2;3;2;1;2;1;4;1;3;3;4;2;3;2;3;2;3;4;4;3;2;2;3;2;3;4;1;3;1;4;1;1;3;1;1;1;2;2;1;2;1;1;2;1;2;2;2;2;1;1;2;2;1;1;1;2;2;1;2;1;2;2;2;2;2;2;2;2;2;2;1;2;1;2;1;2;2;2;1;2;2;1;1;2;1;1;1;2;2;2;2;1;1;2;2;2;2;2;2;2;2;2;2;2;2;2;2;2;2;1;1;2;1;2;1;2;6;6;3;4;6;2;6;3;4;1;1;6;7;2;2;5;3;1;3;5;6;1;5;6;4;3;4;106;42;48;72;63;79;51;115;55;71;288;48;80;76;70;47;66;76;63;37;177;46;47;24;1851;1;26;26;0;0;0;17;17
521; ; ;as1_122012;interview; ; ; ; ; ; ; ; ; ; ; ; ; ; ; ; ; ; ; ; ; ; ; ; ; ; ; ; ; ; ; ; ; ; ; ; ; ; ; ; ; ; ; ; ; ; ; ; ; ; ; ; ; ; ; ; ; ; ; ; ; ; ; ; ; ; ; ; ; ; ; ; ; ; ; ; ; ; ; ; ; ;2;1;3;3;4;2;6;3;2; ; ; ; ; ; ; ; ; ; ; ; ; ; ; ; ; ; ;2;2;2;3;4;4;4;5;5;5;5;5;5;4;4;1;2;4;4;1;6;4;5;2;1;3;2;4;6; ; ; ; ; ; ; ; ; ; ; ; ; ; ; ; ;3;4;4;1;4;1;3;4;2;2;4;2;4;5;1;5;1;2;4;5;2;2;4;4;3;1;4;2;3;2;4;3;3;1;5;3;3;1;4;1;1;5;1;1;1; ; ; ; ; ; ; ; ; ; ; ; ; ; ; ; ; ; ; ; ; ; ; ; ; ; ; ; ; ; ; ; ; ; ; ; ; ; ; ; ; ; ; ; ; ; ; ; ; ; ; ; ; ; ; ; ; ; ; ; ; ; ; ; ; ; ; ; ; ; ; ; ; ; ; ; ; ; ; ; ; ; ; ; ; ; ; ; ; ; ; ; ; ; ; ; ; ; ; ; ; ; ; ; ; ; ;13;67;51;52;133;674;98;66;182;149;168; ; ; ; ; ; ; ; ; ; ; ; ; ; ;1049;0;12;12;0;0;0;0;0
