NR;JW1;JW2;JW3;JW4;JW5;JW6;JW7;JW8;JW9;JW10;JW11;JW12;JW13;CM1;CM2;CM3;CM4;CM5;CM6;CM7;CM8;CM9;CM10;CM11;CM12;RWA1;RWA2;RWA3;RWA4;RWA5;RWA6;RWA7;RWA8;RWA9;RWA10;RWA11;RWA12;SDO1;SDO2;SDO3;SDO4;SDO5;SDO6;SDO7;SDO8;SDO9;SDO10;SDO11;SDO12;SDO13;SDO14;SDO15;SDO16;GASP1;GASP2;GASP3;GASP4;GASP5;GASP6;GASP7;GASP8;GASP9;GASP10;GASP11;GASP12;GASP13;GASP14;GASP15;GASP16;NI1;NI2;NI3;NI4;NI5;NI6;NI7;NI8;NI9;AS1;AS2;AS3;AS4;AS5;AS6;AS7;AS8;AS9;AS10;AS11;AS12;AS13;AS14;AS15;AS16;AS17;AS18;AC1;AC2;AC3;AC4;AC5;AC6;AC7;AC8;AC9;AC10;MA1;MA2;MA3;MA4;MA5;MA6;MA7;MA8;TU1;TU2;TU3;TU4;TU5;TU6;TU7;TU8;JU1;JU2;JU3;JU4;JU5;JU6;JU7;JU8;CH1;CH2;CH3;CH4;CH5;CH6;CH7;CH8;TH1;TH2;TH3;TH4;TH5;TH6;TH7;TH8;TIPI1;TIPI2;TIPI3;TIPI4;TIPI5;TIPI6;TIPI7;TIPI8;TIPI9;TIPI10;GES;BIL;POL;MIG;REL1;REL2;Setting;subject;group;sex;mc_a;mc_b;itb1_1;itb1_2;itb1_3;itb1_4;itb1_5;itb1_6;itb1_7;itb1_8;itb2_1;itb2_2;itb2_3;itb2_4;itb2_5;itb2_6;itb2_7;itb2_8;itb3_1;itb3_2;itb3_3;itb3_4;itb3_5;itb3_6;itb3_7;itb3_8;itb4_1;itb4_2;itb4_3;itb4_4;itb4_5;itb4_6;itb4_7;itb4_8;itb5_1;itb5_2;itb5_3;itb5_4;itb5_5;itb5_6;itb5_7;itb5_8;itb6_1;itb6_2;itb6_3;itb6_4;itb6_5;itb6_6;itb6_7;itb6_8;logitb1_1;logitb1_2;logitb1_3;logitb1_4;logitb1_5;logitb1_6;logitb1_7;logitb1_8;logitb2_1;logitb2_2;logitb2_3;logitb2_4;logitb2_5;logitb2_6;logitb2_7;logitb2_8;logitb3_1;logitb3_2;logitb3_3;logitb3_4;logitb3_5;logitb3_6;logitb3_7;logitb3_8;logitb4_1;logitb4_2;logitb4_3;logitb4_4;logitb4_5;logitb4_6;logitb4_7;logitb4_8;logitb5_1;logitb5_2;logitb5_3;logitb5_4;logitb5_5;logitb5_6;logitb5_7;logitb5_8;logitb6_1;logitb6_2;logitb6_3;logitb6_4;logitb6_5;logitb6_6;logitb6_7;logitb6_8;prejudice_1;prejudice_2;prejudice_3;prejudice_4;prejudice_5;prejudice_6;prejudice_7;prejudice_8;prejudice_9;prejudice_10;prejudice_11;prejudice_12;prejudice_13;prejudice_14;prejudice_15;prejudice_16;prejudice_17;prejudice_18;prejudice_19;prejudice_20;prejudice_21;prime;itb_cond;bp;itb_c_pos;itb_c_neg;itb_i_pos;itb_i_neg;itb_g_pos;itb_g_neg;itb_c;itb_i;itb_g;logitb_c_pos;logitb_c_neg;logitb_i_pos;logitb_i_neg;logitb_g_pos;logitb_g_neg;logitb_c;logitb_i;logitb_g;logitb_c_diff;logitb_i_diff;complete;age_groups;jw_general;jw_personal;CM5r;CM8r;CM9r;cm;RWA1r;RWA3r;RWA5r;RWA7r;RWA9r;RWA11r;rwa;SDO1r;SDO10r;SDO11r;SDO12r;SDO13r;SDO14r;SDO15r;SDO16r;sdo;gasp_guilt_nbe;gasp_guilt_r;gasp_shame_nse;gasp_shame_w;NI7r;cn;AS1r;AS6r;AS10r;AS11r;sma;prejudice_j;AC1r;AC6r;AC10r;prejudice_c;prejudice_1r;prejudice_6r;prejudice_9r;prejudice_10r;prejudice_post;prejudice_pre;sma_post;sma_change;ZRE_1;Zcn;Zjw_general;Zgasp_guilt_nbe;zprime;zbp;prbp;prcn;bpcn;prbpcn;prjw;bpjw;prbpjw;prgp;bpgp;prbpgp
162;1;2;1;3;2;1;3;3;3;4;4;4;3;5;5;6;6;3;5;6;1;6;6;6;6;5;4;6;3;2;2;6;3;7;2;2;2;4;1;2;1;5; ;4;1;5;2;5;2;4;6;5;5;2;6;3;2;6;5;3;1;7;6;6;1;6;5;5;6;2;1;2;5;2;1;6;2;2;5;1;1;1;1;4;1;1;1;7;4;3;4;3;2;2;3;3;4;2;3;2;2;4;3;1;3;7;7;6;4;5;3;6;5;3;4;3;5;4;6;4;4;6;4;3;5;4;6;4;4;6;4;3;5;4;6;4;4;6;6;19;13;19;9;13;19;13;5;3;5;3;6;3;6;3;3;3;2;5;4;1;1;1;1;289;1;2;1;1;1418;1271;4031;1949;975;913;833;1568;3462;3246;1503;1669;1291;934;851;978;1273;2963;1347;2785;1452;950;955;1045;3724;1045;1010; ;1476;2019;2349;2795;1166;2406;2172;3199;3003;1515;2498;957;1026;1625; ; ;1154;855;2225;1339;7,25700270709207;7,14755927118945;8,30176976311717;7,57507169950756;6,88243747099785;6,81673588059497;6,72503364216684;7,35755620091035;8,14960173573616;8,08517874807454;7,31521838975297;7,41997992366183;7,16317239084664;6,83947643822884;6,74641212857337;6,88550967003482;7,14913159855741;7,99395754757357;7,20563517641036;7,93200315236138;7,28069719538474;6,85646198459459;6,86171134048073;6,95177216439891;8,22255363839696;6,95177216439891;6,9177056098353; ;7,29709100516042;7,61035761831284;7,76174498465891;7,9355873855892;7,06133436691044;7,78572089653462;7,68340368105383;8,07059353994952;8,00736706798333;7,32317071794347;7,82324569068552;6,86380339145295;6,93342302573071;7,39326309476384; ; ;7,05098944706805;6,75110146893676;7,70751219460034;7,19967834569117;5;2;2;2;1;5;2;1;3;6;4;7;1;2;4;3;3;2;2;3;4;1;1;0;2318,625;1042,875;2021;1630,125;1932,33333333333;1693,25;1680,75;1825,5625;1812,79166666667;7,65642277976647;6,92704172779421;7,48182269821913;7,31942795982254;7,48795643415716;7,3408585405452;7,29173225378034;7,40062532902084;7,41440748735118;,122675233570838;,0137821583303435;1;2;1,66666666666667;3,42857142857143;5;7;2;5,75;3;2;6;2;1;6;3;4;6;3;6;4;2;3;3;3,33333333333333;5;5,75;5;1,75;2;2,11111111111111;3;4;1;4;2,6;1,5;4;4;1;2,5;3;3;5;2;2,3;1,5;2,8;,2;,179827333560707;-,275916349505287;-3,05220704940383E-016;-,41034994278715;,5;-,5;-,25;-,137958174752643;,137958174752643;,0689790873763217;-1,52610352470192E-016;1,52610352470192E-016;7,63051762350958E-017;-,205174971393575;,205174971393575;,102587485696787
107;1;5;1;5;1;5;5;5;5;5;4;5;4;7;5;7;5;5;5;6;1;6;7;5;7;5;2;7;5;7;1;7;5;7;4;7;6;7;1;1;1; ;1;1;1;2;7;7;2;6;7;7;7;7;7;7;1;7;7;6;1;7;7;7;3;7;2;7;6;1;1;1;1;1;1;3;1;1;7;5;2;2;1;1;2;1;1;7;7;5;1;5;5;7;7;6;7;7;5;7;1;1;5;1;1;7;7;6;2;6;2;6;7;2; ; ; ; ; ; ; ; ; ; ; ; ; ; ; ; ; ; ; ; ; ; ; ; ;31;31;31;31;31;31;31;31;5;5;6;4;6;2;7;6;6;3;1;5;3;1;1;4;1;261;1;1;1;1;1250;1125;2314;1425;1236;2372;1051;1429;2006;1227;1705;1947;804;1359;1027;825;1268;1008;680; ;884;1103;950;829;833;1581;1181;1462;1163;1251;1192;834;1426;1571;1482;1921;1021;902;1752;1123; ;1391;962;1209;1419;996;787;1922;7,13089883029635;7,02553831463852;7,74673290775362;7,26192709270275;7,11963563801764;7,77148876011762;6,95749737087695;7,26473017792987;7,60389796852188;7,11232744471091;7,44132038971762;7,5740450053722;6,68959926917897;7,21450441415114;6,93439720992856;6,71538338633468;7,14519613499717;6,91572344863131;6,52209279817015; ;6,78445706263764;7,0057890192535;6,85646198459459;6,7202201551353;6,72503364216684;7,36581283720947;7,07411681619736;7,28756064030972;7,05875815251866;7,13169851046691;7,0833878476253;6,72623340235875;7,26262860097424;7,35946763825562;7,30114780585603;7,56060116276856;6,92853781816467;6,80461452006262;7,46851327149634;7,02375895473844; ;7,23777819192344;6,86901445066571;7,09754885061479;7,25770767716004;6,9037472575846;6,6682282484174;7,56112158953024;6;4;1;3;4;7;4;1;2;7;1;7;7;1;4;6;6;6;4;4;2;1;1;0;1624,875;1262,875;1144,71428571429;1025,75;1423,14285714286;1240,25;1443,875;1085,23214285714;1331,69642857143;7,36208599421423;7,08340452831693;7,00507661681172;6,92087576682383;7,24116952872263;7,07702866714429;7,22274526126558;6,96297619181778;7,15909909793346;-,063646163332117;,196122906115686;1;2;3;4,71428571428571;3;7;2;5,83333333333333;3;1;1;1;1;1;2,58333333333333;1;1;1;6;2;1;1;1;1,46666666666667;5,5;7;7;2,75;5;1,44444444444444;1;7;1;1;5,6;2,3;1;7;1;3,6;2;1;6;1;2,7;2,3;4,8;-,8;-,0207605954518754;-1,06268772235204;1,83278913738036;,097954502471775;,5;-,5;-,25;-,531343861176022;,531343861176022;,265671930588011;,91639456869018;-,91639456869018;-,45819728434509;,0489772512358875;-,0489772512358875;-,0244886256179437
138;1;1;2;1;2;2;4;4;5;5;5;4;4;5;5;6;3;3;5;4;1;7;5;4;5;6;3;7;3;2;2;7;3;6;2;2;1;6;4;1;1;6;2;3;1;4;5;6;6;3;4;5;5;5;7;6;3;4;6;3;2;7;4;6;2;6;5;5;4;3;2;2;4;2;1;2;2;2;4;2;1;2;2;5;2;2;3;6;6;2;6;2;2;4;3;5;4;3;4;2;2;5;3;2;3;4;5;6;4;4;5;5;6;5;4;3;4;3;4;3;3;5;3;3;5;3;5;3;2;5;2;2;7;2;6;3;2;6;13;16;9;13;6;6;13;9;3;2;6;5;4;4;6;4;4;3;2;5;4;1;2;3;1;225;1;2;1;1;1755; ;1011;1055;1685;1067;956;913;1631;961;1448;1549;1577;1558;1668;1868;1893;1467;1479;1373;1386;1646;1062;1382;1376;1632;1214;944;1611;894;2016;890; ;1120;2317;1143; ;2081;914;2313; ;1037;1196;1031;1289;1483;1413;1180;7,47022413589997; ;6,91869521902047;6,96129604591017;7,42952084278646;6,97260625130175;6,8627579130514;6,81673588059497;7,39694860262101;6,86797440897029;7,27793857294566;7,34536484041687;7,36327958696304;7,35115822643069;7,41938058291869;7,53262361878879;7,54591815120932;7,29097477814298;7,2991214627108;7,22475340576797;7,23417717974985;7,40610338123702;6,96790920180188;7,23128700432762;7,22693601849329;7,39756153552405;7,10167597161944;6,8501261661455;7,38461038317697;6,79570577517351;7,60887062919126;6,79122146272619; ;7,02108396428914;7,74802852443238;7,04141166379481; ;7,64060382639363;6,81783057145415;7,74630066223144; ;6,94408720822953;7,08673793451058;6,93828448401696;7,16162200293919;7,30182234213793;7,25347038268453;7,07326971745971;6;1;1;1;1;4;1;1;5;7;6;7;2;6;5;2;1;1;3;5;6;1;1;0;1344,28571428571;1411,5;1422,25;1360,875;1307,33333333333;1524,71428571429;1377,89285714286;1391,5625;1416,02380952381;7,17692026082635;7,21850786285447;7,24213343620167;7,17748562717304;7,12993896321223;7,28498850075722;7,19771406184041;7,20980953168735;7,20746373198473;,00974967014431716;-,00234579970262505;1;1;1,5;4,42857142857143;5;7;1;5,08333333333333;2;1;6;1;2;6;2,66666666666667;2;3;2;2;5;4;3;3;2,875;5,25;5,5;5,5;2,5;6;2,66666666666667;4;3;2;2;3;2,3;4;3;4;3;2;4;3;1;1,6;2,3;2,6;-,4;-1,85358813664205;,379726461200344;-,229098642172546;-,156197720157687;,5;-,5;-,25;,189863230600172;-,189863230600172;-,0949316153000859;-,114549321086273;,114549321086273;,0572746605431364;-,0780988600788437;,0780988600788437;,0390494300394219
52;1;2;2;1;2;1;3;4;4;4;3;4;3;5;5;7;5;4;4;5;3;5;5;5;3;5;5;5;4;7;6;7;5;4;4;4;3;6;2;1;1;3;2;2;2;3;3;5;6;5;6;6;5;6;5;6;3;4;4;2;1;6;5;5;2;4;5;6;4;4;2;4;3;2;2;5;3;3;3;1;2;2;2;5;2;3;4;5;4;3;5;3;2;1;5;4;5;3;4;3;2;5;4;3;4;5;5;5;3;6;4;5;4;4;4;4;5;3;4;5;4;5;4;3;5;4;5;3;3;6;5;4;3;5;4;4;4;5;9;6;16;22;3;6;6;9;5;5;6;4;5;4;6;3;4;4;2;5;3;1;2;3;1;237;1;2;1;1;1404;1719;1654;1372;1836;1714;1315;1602;1336;1909;2164;1765;1443;1751;1929;1483;1476;1692;2168;2351;2566;2197;2008;1672;2183;2089;1853;1149;1508; ;1530;1859;2114;1945;1754;1939;1234;1331;2500;1095;1867;1409;2097;1624;1212;1514;2120;2358;7,24708058458576;7,44949800538285;7,41095187558364;7,22402480828583;7,51534457118044;7,44658509915773;7,18159194461187;7,3790081276283;7,19743535409659;7,55433482372575;7,67971363996637;7,4759059693674;7,27447955877387;7,46794233228585;7,56475701290573;7,30182234213793;7,29709100516042;7,43366654016617;7,68156036255954;7,76259604854007;7,85010354517558;7,69484807238461;7,60489448081162;7,42177579364465;7,68845535654994;7,64444076155657;7,52456122628536;7,04664727784876;7,3185395485679; ;7,33302301438648;7,52779398772144;7,65633716643018;7,57301725605255;7,46965417293213;7,56992765524265;7,11801620446533;7,19368581839511;7,82404601085629;6,9985096422506;7,53208814354172;7,25063551189868;7,64826303090192;7,39264752072162;7,10002716662926;7,32251043399739;7,65917136766606;7,76556908109732;6;3;2;3;2;6;2;4;3;6;7;7;1;7;5;3;3;3;1;4;4;1;1;0;1665,375;1634,125;1870,125;1905,71428571429;1843,625;1670,5;1649,75;1887,91964285714;1757,0625;7,40486813262427;7,39144137358521;7,50987732233335;7,53585406324176;7,51157130721518;7,37269196566967;7,39815475310474;7,52286569278755;7,44213163644243;,0439768833376837;-,0807340563451273;1;1;1,5;3,57142857142857;4;5;3;4,83333333333333;3;3;1;1;4;4;3,58333333333333;2;5;3;2;3;2;2;3;2,375;5,25;5;4,75;2;3;2,88888888888889;5;3;3;4;2,6;2,7;3;3;3;3,2;2;2;5;2;2,7;2,7;2,8;,2;-,454295931083654;,641983585482596;-,229098642172546;-,156197720157687;,5;-,5;-,25;,320991792741298;-,320991792741298;-,160495896370649;-,114549321086273;,114549321086273;,0572746605431364;-,0780988600788437;,0780988600788437;,0390494300394219
9;1;1;2;0;2;3;4;4;4;4;5;4;4;6;4;5;5;3;2;4;2;6;3;5;5;5;2;7;4;7;3;7;3;6;2;5;2;5;3;1;1;3;1;3;1;5;5;6;6;5;7;6;5;5;6;2;2;5;3;3;2;5;3;4;2;5;5;5;1;5;3;1;5;3;3;6;2;1;5;3;2;1;4;4;5;2;4;6;4;5;2;4;4;4;5;5;4;6;4;3;5;4;3;3;5;6;6;4;5;7;5;4;4;5;3;3;5;5;4;4;4;3;4;4;4;4;4;4;4;4;4;4;4;4;4;4;4;4;16;6;19;22;22;22;19;19;6;4;3;2;5;2;6;3;5;3;1;5;3;1;6;1;1;262;2;1;1;1;3425;4374;2326;2361;1621;1015;1545;526; ;2006;1566;1756;1796;1674;3233;2942;5143;2019;2311;2371;4362;959;2683;2637;1975;3131;1280;2615;1190;2822;3348;1619;3820;3823;3873;1425; ;1694; ;2917;935;1371;2321;3772;2532;1251;1040;1156;8,13885675069633;8,38343320123671;7,75190533307861;7,76684053708551;7,39079852173568;6,92264389147589;7,34277918933185;6,26530121273771; ;7,60389796852188;7,35627987655075;7,47079377419506;7,49331724886215;7,42297125104942;8,08116577772543;7,98684490116138;8,54539184577492;7,61035761831284;7,74543561027438;7,77106708606541;8,38068594676157;6,86589107488344;7,89469085042562;7,87739718635329;7,58832367733522;8,04910772132641;7,15461535691366;7,86901937649902;7,08170858610557;7,94520113241276;8,11611843160937;7,38956395367764;8,24800570160062;8,24879073369641;8,26178467951475;7,26192709270275; ;7,434847875212; ;7,97831096986772;6,84054652928869;7,22329567956231;7,74975340627444;8,23536064375335;7,83676478326407;7,13169851046691;6,94697599213542;7,05272104923232;5;3;3;2;2;5;4;1;3;7;3;7;5;3;5;3;2;2;2;5;3;1;2;0;2544,85714285714;1794;2605,625;2452,5;2667,5;1765;2169,42857142857;2529,0625;2216,25;7,78171534876641;7,36322774925994;7,79166478656273;7,69390714527866;7,75868305829917;7,39688653002974;7,57247154901317;7,7427859659207;7,57778479416445;,00531324515127896;-,165001171756242;1;1;1,5;4,14285714285714;5;6;2;4,66666666666667;3;1;1;1;2;3;2,25;3;3;2;2;3;1;2;3;2,3125;4;5;3,25;2,25;2;2,77777777777778;3;4;2;4;4,4;3;4;4;2;3,9;3;3;5;1;2,7;3;2,4;-2;-,779447432807486;,51085502334147;-,229098642172546;-1,426958833305;,5;-,5;-,25;,255427511670735;-,255427511670735;-,127713755835367;-,114549321086273;,114549321086273;,0572746605431364;-,7134794166525;,7134794166525;,35673970832625
74;0;0;0;1;0;0;0;0;0;0;0;0;2;7;5;6;7;3;5;5;1;7;7;6;7;7;7;7;4;1;4;7;5;7;6;2;1;7;2;1;1;1;1;1;1;1;7;7;7;6;7;7;7;7;2;6;6;7;6;4;1;7;7;1;2;7;7;7;7;1;1;1;1;4;1;1;1;1;4;1;1;1;1;4;1;1;1;5;6;1;1;1;1;1;3;4;4;3;4;4;3;4;1;1;1;4;7;3;1;6;1;7;5;1;1;1;4;2;4;4;4;4;1;3;4;4;4;4;4;4;4;4;4;4;4;4;4;4;16;19;9;16;0;16;16;16;1;1;6;7;4;7;5;2;1;2;2;5;4;2;7;2;1;281;1;2;1;1;1113;611;643;1093;947;794;812;724;1062;1038;1249;1085;925;793;691;672;1397;835;1152; ;575;632;649;729;1015;1300;914; ;783;521;1011;703;1077;947;1271;722;810;775;767;748;1571;943;880;1186;727;766;868;707;7,01481435127555;6,4150969591716;6,46614472423762;6,99668148817654;6,85329909318608;6,67708346124714;6,69950034016168;6,58479139238572;6,96790920180188;6,94505106372583;7,13009851012558;6,98933526597456;6,82979373751242;6,67582322163485;6,53813982376767;6,51025834052315;7,24208235925696;6,72743172485086;7,04925484125584; ;6,35437004079735;6,44888939414686;6,47543271670409;6,59167373200866;6,92264389147589;7,17011954344963;6,81783057145415; ;6,6631326959908;6,25575004175337;6,91869521902047;6,55535689181067;6,98193467715639;6,85329909318608;7,14755927118945;6,58202513889283;6,69703424766648;6,65286302935335;6,64248680136726;6,61740297797448;7,35946763825562;6,84906628263346;6,77992190747225;7,07834157955767;6,58892647753352;6,64118216974059;6,76619171466035;6,56103066589657;6;1;2;1;1;4;1;1;1;3;6;7;1;5;4;1;1;2;1;7;5;1;1;0;986,75;794,75;1102,16666666667;700,375;1074,625;771;890,75;901,270833333333;922,8125;6,86564144556114;6,67108617630234;6,98822715529055;6,53291259152903;6,95395194854297;6,64588976052408;6,76836381093174;6,76056987340979;6,79992085453352;,0315570436017802;,0393509811237269;1;2;,166666666666667;,285714285714286;5;7;1;6,16666666666667;1;1;7;1;1;6;3,66666666666667;1;1;1;1;2;1;1;1;1,125;7;4,25;6,5;3,25;7;2;4;4;3;2;1,6;1,8;4;4;4;2,9;2;4;7;5;2,5;1,8;2;,4;,18791720296236;-,407044911646413;-2,06188777955291;1,62286783824855;,5;-,5;-,25;-,203522455823206;,203522455823206;,101761227911603;-1,03094388977645;1,03094388977645;,515471944888227;,811433919124275;-,811433919124275;-,405716959562137
32;1;0;2;1;0;1;3;4;5;5;4;5;4;7;5;5;7;3;7;5;1;6;4;5;6;5;4;7;3;6;3;4;3;6;2;5;3;5;1;1;1;2;1;2;1;3;4;5;7;4;7;6;6;5;3;7;2;7;7;5;1;6;6;6;1;7;5;7;6;4;1;1;1;3;1;6;1;1;6;1;1;1;2;4;1;1;4;3;4;3;6;4;4;2;5;4;6;1;3;2;2;5;1;1;2;2;6;6;3;7;3;4;5;2;4;2;4;3;3;4;4;3;4;4;4;4;4;4;4;4;2;4;4;4;4;2;4;4;19;22;19;19;16;13;16;16;6;5;5;7;5;4;6;3;2;3;2;5;4;1;2;3;1;278;2;2;1;1;1098;1917;1255;1007;1087;2454;1212;2601;1613;1381;1355;1992;1709;1639;2513;1484;1081;1291;2255; ;1846; ;1144;1790;1713;1508;1113;2297;1280;1146;1511;1781;1354;1139;2200;2897;2074;1665;1915;1847;1696;2595;1136;1338;1008;1711;974;2914;7,00124562206948;7,55851674304564;7,13489085156588;6,91473089271856;6,99117688712121;7,80547462527086;7,10002716662926;7,86365126544865;7,38585107812521;7,23056315340929;7,2115567333138;7,59689443814454;7,44366368311559;7,40184157874383;7,82923253754359;7,30249642372733;6,98564181763921;7,16317239084664;7,72090525193678; ;7,5207764150628; ;7,04228617193974;7,4899708988348;7,44600149832412;7,3185395485679;7,01481435127555;7,7393592026891;7,15461535691366;7,04403289727469;7,32052696227274;7,48493028328966;7,21081845347222;7,03790596344718;7,69621263934641;7,97143099776935;7,63723438878947;7,41758040241454;7,55747290161475;7,52131798019924;7,43602781635185;7,86134179559999;7,0352685992811;7,19893124068817;6,91572344863131;7,44483327389219;6,88141130364254;7,97728198675515;2;1;1;1;1;4;4;1;3;6;6;7;3;4;5;4;4;4;4;5;5;1;2;0;1452,25;1837,375;1608,28571428571;1499,71428571429;1794,375;1763,5;1644,8125;1554;1778,9375;7,25428118904905;7,46719552095004;7,34120486589704;7,29387699794116;7,43099218824453;7,4191069607424;7,36073835499955;7,3175409319191;7,42504957449347;,0643112194939208;,107508642574367;1;2;,833333333333333;4,28571428571429;5;7;2;5,75;3;1;2;4;2;3;2,75;3;4;3;1;4;1;2;2;2;5,5;5,75;6,75;2,25;2;1,66666666666667;2;4;5;4;3,4;2,2;2;3;6;2,3;6;4;5;2;2,6;2,2;4,2;,8;-,0789974471066745;-,800430598069791;-1,14549321086273;,097954502471775;,5;-,5;-,25;-,400215299034896;,400215299034896;,200107649517448;-,572746605431363;,572746605431363;,286373302715681;,0489772512358875;-,0489772512358875;-,0244886256179437
86;0;0;1;2;1;3;2;4;5;5;4;4;5;6;5;6;6;5;4;3;2;6;2;6;6;5;2;7;1;7;4;7;3;7;4;7;2;7;1;1;1;2;2;3;1;3;4;6;4;4;5;4;6;6;7;7;3;3;7;3;5;6;5;4;1;7;7;6;5;1;1;1;6;2;3;6;2;1;5;4;2;2;2;4;2;1;4;7;6;2;2;2;2;2;6;5;5;4;5;4;4;4;5;2;4;7;7;5;2;6;2;6;6;2;4;4;3;4;4;4;4;4;4;4;4;4;4;4;4;4;4;4;4;4;4;4;4;4;25;13;3;13;4;19;16;16;6;5;6;4;5;3;6;4;3;3;1;5;3;2;6; ;1;242;2;1;1;1;1056;1315;1249;1625;1018;1043;1482;2485;955;2020;1628;2267;1339;1906; ;1327;1638;1902;1707; ;917;1013;1765;1455;1178;1352;2397;2026;984;970;1064;744;934;1091;973;1825;1529;1031;992;971;1100;874;1448; ;1050;1938;1359;1051;6,96224346426621;7,18159194461187;7,13009851012558;7,39326309476384;6,92559519711047;6,94985645500077;7,30114780585603;7,81802793853073;6,86171134048073;7,61085279039525;7,39510754656249;7,72621265050753;7,19967834569117;7,55276208421415; ;7,19067603433221;7,40123126441302;7,55066124310534;7,44249272279444; ;6,82110747225646;6,92067150424868;7,4759059693674;7,28276117960559;7,07157336421153;7,20934025660291;7,78197323443438;7,61381868480863;6,89162589705225;6,87729607149743;6,96979066990159;6,61204103483309;6,83947643822884;6,99484998583307;6,880384082186;7,50933526601659;7,33236920592906;6,93828448401696;6,89972310728487;6,87832646829133;7,00306545878646;6,77308037565554;7,27793857294566; ;6,95654544315157;7,56941179245071;7,21450441415114;6,95749737087695;4;1;1;1;1;4;1;1;4;7;1;7;7;1;7;4;4;4;1;1;5;1;2;0;1514,375;1514,28571428571;1742,85714285714;1114;1177,85714285714;1240,125;1514,33035714286;1428,42857142857;1208,99107142857;7,28263516771418;7,27682055153365;7,43872725291003;6,98139997484531;7,03973288280745;7,09333278576907;7,27972785962392;7,21006361387767;7,06653283428826;-,213195025335652;-,143530779589411;1;3;1,16666666666667;4,14285714285714;3;6;2;4,91666666666667;3;1;1;1;1;1;2;1;4;2;4;4;3;4;2;2,375;6;5;6,5;3;2;2,11111111111111;3;4;1;2;2,6;2,5;3;4;1;3,6;4;4;4;1;1,9;2,5;3,6;1;-1,57049374776971;-,275916349505287;-,687295926517636;,6062589477307;,5;-,5;-,25;-,137958174752643;,137958174752643;,0689790873763217;-,343647963258818;,343647963258818;,171823981629409;,30312947386535;-,30312947386535;-,151564736932675
179;2;1;2;2;1;1;4;4;4;3;3;4;4;5;4;5;6;3;5;4;3;5;6;5;3;5;5;6;3;5;6;7;4;5;3;4;3;4;3;2;1;1;1;1;1;2;5;6;7;5;7;6;6;6;7;7;4;6;7;4;5;7;6;7;2;6;6;7;7;1;1;1;1;3;1;1;1;1;6;1;1;1;1;6;1;1;1;6;5;4;4;2;3;2;4;3;6;2;3;2;1;6;1;1;2;6;5;5;4;5;3;5;3;4;2;2;6;3;6;2;2;5;2;3;6;2;5;2;2;5;2;2;6;3;5;2;2;5;16;25;25;6;19;25;22;22;5;3;6;3;5;4;6;2;5;3;2;5;3;1;1;2;1;274;2;2;1;1;1368;1254;1084;1900;1625;946;933;986;1069;2245;1889;1239;827;819;1188;908;1189;1103;1110;1121;1203;925;907;827;5093;1115;1213;2237;1352;860;1218;1034;2075;1349;1451;2533;954;1328;904;1050;891;1734;1302; ;903;1256;860;812;7,2211050981825;7,13409372119287;6,98841318199959;7,54960916515453;7,39326309476384;6,85224256905188;6,83840520084734;6,89365635460264;6,97447891102505;7,71646080017636;7,54380286750151;7,12205988162914;6,71780469502369;6,70808408385307;7,08002649992259;6,81124437860129;7,08086789669078;7,0057890192535;7,01211529430638;7,02197642307216;7,09257371597468;6,82979373751242;6,81014245011514;6,71780469502369;8,5356223268846;7,01660968389422;7,10085190894405;7,71289096149013;7,20934025660291;6,75693238924755;7,10496544826984;6,94119005506837;7,6377164326648;7,20711885620776;7,28000825288419;7,83715965000168;6,86066367144829;7,19142933003638;6,80682936039218;6,95654544315157;6,79234442747081;7,45818615734049;7,17165682276851; ;6,80572255341699;7,13568734702814;6,75693238924755;6,69950034016168;7;1;1;1;1;6;1;1;1;7;2;7;6;2;5;1;1;1;2;2;2;1;2;0;1506;1029;1772,625;1040,75;1619,28571428571;1008,375;1267,5;1406,6875;1313,83035714286;7,28125295335769;6,91184085958329;7,31084043931698;6,93284284347683;7,34059865704832;6,90166380436035;7,09654690647049;7,1218416413969;7,12113123070433;,0245843242338406;-,000710410692570385;1;1;1,5;3,71428571428571;5;5;3;4,83333333333333;3;2;3;1;3;4;3,33333333333333;4;3;2;1;3;1;2;2;1,875;6,5;6,75;6,5;3,75;7;1,88888888888889;2;2;2;3;2,8;1,3;2;2;2;1,8;1;2;7;1;1,7;1,3;1,4;-1,4;-,603129111999862;-,538173473787539;-,229098642172546;1,11456339298962;,5;-,5;-,25;-,26908673689377;,26908673689377;,134543368446885;-,114549321086273;,114549321086273;,0572746605431364;,557281696494812;-,557281696494812;-,278640848247406
111;0;1;3;1;2;2;3;5;3;5;5;4;4;7;1;6;2;6;4;1;4;4;1;2;3;2;1;7;2;7;3;6;6;7;1;6;2;7;1;4;1;1;3;1;1;3;6;7;1;7;6;7;7;6;1;6;2;3;2;1;1;5;2;4;1;5;6;6;2;1;1;5;7;1;1;3;1;1;7;7;1;1;1;4;4;1;4;7;7;5;1;4;5;1;2;6;6;2;4;1;1;4;3;2;2;5;5;6;2;6;3;6;2;7;4;4;5;4;4;4;4;4;4;4;4;4;4;4;4;4;4;4;3;4;4;4;4;4;25;8;14;3;7;16;17;16;2;4;3;1;6;3;1;6;7;2;1;6;2;1;1;4;1;233;1;1;1;1;1116; ;1207;1520;955;1600;1124; ;1642;1501;1828;1570;1154;989;1676;944;1758;1038;1671;1076;781;939;1636;1206;1576;890;2141;1411;1473;969;1294;1470;1251;1896;1735;1324;949;904;1079;1134;1049;1438;1547; ;1065;878;1262;1075;7,01750614294126; ;7,09589322109753;7,32646561384032;6,86171134048073;7,37775890822787;7,02464903045364; ;7,40367029001237;7,31388683163346;7,5109777520141;7,35883089834235;7,05098944706805;6,89669433162271;7,42416528104203;6,8501261661455;7,47193207824512;6,94505106372583;7,42117752859539;6,98100574072173;6,66057514983969;6,84481547920826;7,40000951716269;7,09506437728713;7,36264527041782;6,79122146272619;7,66902828858968;7,25205395185281;7,29505641646263;6,87626461189077;7,16549347506085;7,29301767977278;7,13169851046691;7,54750168281497;7,45876269238096;7,18841273649695;6,85540879860993;6,80682936039218;6,98378996525813;7,0335064842877;6,9555926083963;7,27100853828099;7,34407285057307; ;6,97073007814353;6,77764659363512;7,14045304310116;6,98007594056176;7;4;1;1;2;6;1;2;1;7;1;1;6;1;7;5;6;2;1;1;5;1;1;0;1483,42857142857;1206;1445,125;1221;1462,85714285714;1043,25;1344,71428571429;1333,0625;1253,05357142857;7,2896043928402;7,06944207214865;7,23676442310932;7,0787870883356;7,27100708848716;6,94355503299869;7,17952323249442;7,15777575572246;7,10728106074293;-,0722421717514967;-,0504946949795357;1;3;1,5;4,14285714285714;2;4;4;3,08333333333333;6;1;1;2;1;2;2,33333333333333;1;2;1;7;1;2;1;1;1,9375;4,75;3,5;3,75;1,25;5;2,55555555555556;1;4;1;1;4,2;2,5;2;4;3;2,4;1;2;7;1;2,2;2,5;3,8;-,4;-1,07063169108148;,248597899059217;-,229098642172546;-,664502165416612;,5;-,5;-,25;,124298949529609;-,124298949529609;-,0621494747648044;-,114549321086273;,114549321086273;,0572746605431364;-,332251082708306;,332251082708306;,166125541354153
72;1;1;0;1;3;2;4;3;3;4;4;4;4;7;5;5;4;4;4;3;1;7;3;5;3;6;4;7;3;7;2;7;2;6;2;3;1;5;4;1;1;4;1;2;1;3;5;7;7;6;4;4;7;6;4;7;5;6;7;3;1;2;4;6;1;7;5;7;5;4;4;4;4;2;3;4;4;4;6;2;1;1;1;4;1;1;3;7;5;1;6;1;1;1;1;1;5;1;5;1;1;4;1;1;1;7;6;6;4;4;5;3;3;4;4;4;4;4;4;4;4;4;4;4;4;4;4;4;4;4;4;4;4;4;4;4;4;4;6;13;16;13;16;16;16;16;6;4;5;4;6;4;6;5;4;3;2;5;3;1;2;3;1;258;2;2;1;1; ;900;1076;1318;1189;1226;1177;744;957;739;1764;1095;798;884;764;661;1956;1003; ;1297;977;720;1468;762;1581;1019;903;1131;2296;786;852;801;1138;947;1655; ;1111;769;1416;792;1065;2611;984;1035;746;632;2293;933; ;6,80239476332431;6,98100574072173;7,18387071506245;7,08086789669078;7,11151211649616;7,07072410726028;6,61204103483309;6,86380339145295;6,6052979209482;7,47533923656674;6,9985096422506;6,68210859744981;6,78445706263764;6,63856778916652;6,49375383985169;7,57865685059476;6,91075078796194; ;7,16780918431644;6,88448665204278;6,5792512120101;7,29165620917446;6,63594655568665;7,36581283720947;6,92657703322273;6,80572255341699;7,03085747611612;7,73892375743946;6,66695679242921;6,74758652682932;6,68586094706836;7,03702761468628;6,85329909318608;7,41155628781116; ;7,01301578963963;6,64509096950564;7,25559127425367;6,67456139181443;6,97073007814353;7,86748856869913;6,89162589705225;6,94215670569947;6,61472560020376;6,44888939414686;7,7376162828579;6,83840520084734;7;1;1;1;1;4;1;1;1;7;5;7;2;4;4;1;1;1;1;3;1;1;2;0;1121,28571428571;930,375;1270;1082,75;1347,85714285714;1086,5;1025,83035714286;1176,375;1217,17857142857;6,98717448718957;6,80925405554825;7,11231238897692;6,90383358158504;7,13912632075398;6,90348698790866;6,89821427136891;7,00807298528098;7,02130665433132;,123092382962412;,0132336690503383;1;1;1,33333333333333;3,71428571428571;4;7;1;4,75;2;1;1;1;2;5;2,16666666666667;3;3;1;1;2;4;4;1;2,25;4,5;5,75;6,25;2,5;4;3,66666666666667;2;4;1;3;1;1,7;3;4;1;1,9;1;4;7;1;1,9;1,7;1;0;-,703423076506153;1,55988352047048;-,458197284345091;-,918654388046075;,5;-,5;-,25;,779941760235239;-,779941760235239;-,38997088011762;-,229098642172545;,229098642172545;,114549321086273;-,459327194023037;,459327194023037;,229663597011519
47;1;1;2;3;4;3;4;4;4;4;5;4;4;6;5;6;5;4;4;4;3;5;5;4;4;6;4;7;1;4;2;6;1;7;4;2;2;6;3;1;1;3;1;1;1;2;4;7;7;6;4;7;7;4;7;7;2;6;6;5;1;6;6;6;2;6;6;6;6;1;1;2;1;2;1;5;2;2;6;2;1;1;1;5;2;1;1;6;5;1;5;1;1;1;5;4;6;2;4;2;2;5;3;1;1;6;6;6;4;3;4;4;3;6;3;5;5;2;4;2;2;5;2;4;5;2;6;2;2;6;5;4;6;2;6;2;2;6;6;19;19;6;14;13;13;17;5;1;6;4;4;3;6;1;4;1;2;5;4;1;2;3;1;221;1;2;1;1;1208;1455;1247;1387;1401;1152;1053;926;1495;944; ;1571;930;895;973;1072;803; ;933;1217;1083;1440;991;1113;1299;1237;1287;1431;998;1013;889;926;992;922;1465;1502;969;880;1034;982;1471;1097;1712;1556;987;1023;1188;1055;7,09672137849476;7,28276117960559;7,12849594568004;7,23489842031483;7,24494154633701;7,04925484125584;6,95939851213398;6,83087423464618;7,30988148582479;6,8501261661455; ;7,35946763825562;6,8351845861473;6,79682371827486;6,880384082186;6,97728134163075;6,68835471394676; ;6,83840520084734;7,10414409298753;6,98749024700099;7,27239839257005;6,89871453432999;7,01481435127555;7,1693500166706;7,12044437239249;7,16006920759613;7,26612877955645;6,90575327631146;6,92067150424868;6,7900972355139;6,83087423464618;6,89972310728487;6,82654522355659;7,28961052145117;7,31455283232408;6,87626461189077;6,77992190747225;6,94119005506837;6,88959130835447;7,29369772060144;7,00033446027523;7,44541755670169;7,34987370473834;6,89467003943348;6,93049476595163;7,08002649992259;6,96129604591017;7;2;1;1;2;5;2;1;2;6;6;7;2;5;5;3;2;2;3;4;3;1;1;0;1329,57142857143;1050,25;1172,42857142857;1056,625;1339,625;1014,75;1189,91071428571;1114,52678571429;1177,1875;7,1803360306173;6,94676785782649;7,04955662628533;6,9526017219871;7,17746939086668;6,91918190425047;7,0635519442219;7,00107917413621;7,04832564755857;-,015226296663327;,0472464734223568;1;1;2,33333333333333;4,14285714285714;4;5;3;4,75;2;1;4;2;1;6;2,5;2;4;1;1;2;4;1;1;1,8125;5,5;6,25;6,25;2,5;3;1,66666666666667;2;3;2;3;1,6;1,6;2;3;2;2,2;1;3;6;2;2,1;1,6;2,6;1;-,261797871472723;-,800430598069791;,91639456869018;,097954502471775;,5;-,5;-,25;-,400215299034896;,400215299034896;,200107649517448;,45819728434509;-,45819728434509;-,229098642172545;,0489772512358875;-,0489772512358875;-,0244886256179437
102;3;2;2;2;3;2;4;2;3;2;3;2;2;7;6;5;6;5;4;3;1;5;5;5;5;6;4;7;3;3;4;3;4;6;4;5;3;6;2;4;1;4;4;1;1;4;3;7;5;5;4;7;6;6;7;7;5;3;7;5;5;7;6;5;1;7;5;6;6;4;3;3;3;4;3;2;4;3;2;1;1;1;2;4;1;1;2;7;4;1;3;1;1;2;3;4;3;1;2;1;2;3;2;1;4;4;4;4;2;6;2;6;7;2;2;2;7;4;5;2;4;6;4;4;4;4;4;4;4;4;4;4;6;4;4;4;5;4;25;6;25;25;3;25;25;25;6;2;6;3;5;4;5;1;6;3;2;5;4;1;1;3;1;1206;2;2;1;1;724;1618;1876;1741;1549;1306; ;1195;1785;1121;2067;1956;1136;1279;1578;1429;1169;1047;2342;1564;2627;918;1484;1055;1253;1618; ;1526;1321;843;893;1398;1578;2090;2096;2139;1237;1660;1008;2132;1318;989;1423;1485;1799;2109;1183;1794;6,58479139238572;7,38894609761844;7,53689712956617;7,46221493976819;7,34536484041687;7,17472430983638; ;7,08590146436561;7,48717369421374;7,02197642307216;7,63385355968177;7,57865685059476;7,0352685992811;7,15383380157884;7,36391350140582;7,26473017792987;7,06390396147207;6,95368421087054;7,75876054415766;7,35500192110526;7,87359778968554;6,82219739062049;7,30249642372733;6,96129604591017;7,13329595489607;7,38894609761844; ;7,3304052118444;7,18614430452233;6,73696695800186;6,7945865808765;7,24279792279376;7,36391350140582;7,64491934495886;7,64778604544093;7,66809370908241;7,12044437239249;7,41457288135059;6,91572344863131;7,66481578528574;7,18387071506245;6,89669433162271;7,26052259808985;7,3031700512368;7,49498623395053;7,65396918047877;7,07580886397839;7,49220304261874;7;2;1;1;1;4;1;1;1;5;4;7;4;4;5;1;1;2;2;5;5;1;2;0;1611;1353,14285714286;1502,71428571429;1317,375;1639,75;1615,25;1482,07142857143;1410,04464285714;1627,5;7,33681376086262;7,20339095640207;7,2834282717092;7,11501042701725;7,37112128711248;7,35406547608582;7,27010235863234;7,19921934936322;7,36259338159915;,0924910229668061;,163374032235924;1;1;2,33333333333333;2,57142857142857;3;7;3;5,08333333333333;2;1;5;5;2;3;3,33333333333333;2;5;1;3;3;4;1;2;2,625;6;5,25;6,75;4;6;3,66666666666667;6;4;1;4;1,8;2;5;5;4;2,7;1;4;7;3;2,2;2;2,2;,4;-,528712521541758;1,55988352047048;,91639456869018;,6062589477307;,5;-,5;-,25;,779941760235239;-,779941760235239;-,38997088011762;,45819728434509;-,45819728434509;-,229098642172545;,30312947386535;-,30312947386535;-,151564736932675
73;1;2;2;3;2;2;4;4;4;4;4;4;4;7;6;6;5;4;3;5;2;6;5;6;4;3;4;6;5;7;3;7;5;7;4;4;3;5;4;2;2;5; ;2;1;7;5;6;5;4;3;6;4;5;6;6;2;4;7;3;3;6;7;5;1;6;5;6;2;2;2;2;3;3;1;6;2;1;6;2;2;1;1;4;2;2;4;5;5;3;5;2;2;2;3;2;6;3;5;4;4;3;5;4;4;2;6;5;2;5;3;6;7;3;3;2;5;3;2;5;3;3;5;5;5;3;6;3;3;5;5;6;2;5;6;4;5;5;19;13;16;6;3;16;9;6;5;3;6;3;7;4;5;3;5;3;2;5;3;1;1;3;1;206;2;2;1;1;1343;1223;2228;1357;887;1061;1252;1654;1297;1257;1133;1548;776;800;1218;1023;1423;953;1509;1009;916;1069;939;1066;1790;2083;1641;2259;1036;972;937;1311;1722;1202;1445; ;985;2141;990;1248;2193;1235;1812;1796;1120;1546;1125; ;7,20266119652324;7,10906213568717;7,70885960104718;7,21303165983487;6,78784498230958;6,96696713861398;7,13249755166004;7,41095187558364;7,16780918431644;7,13648320859025;7,03262426102801;7,34471905414967;6,65415252018322;6,68461172766793;7,10496544826984;6,93049476595163;7,26052259808985;6,8596149036542;7,31920245876785;6,91671502035361;6,82001636467413;6,97447891102505;6,84481547920826;6,97166860472579;7,4899708988348;7,64156444126097;7,40306109109009;7,722677516468;6,94312242281943;6,87935580446044;6,84268328223842;7,1785454837637;7,45124168498768;7,09174211509515;7,27586460054653; ;6,89264164117209;7,66902828858968;6,89770494312864;7,12929754892937;7,69302574841789;7,11882624906208;7,50218648660292;7,49331724886215;7,02108396428914;7,34342622914737;7,02553831463852; ;5;2;1;1;1;4;1;1;2;5;5;7;1;6;5;1;1;1;1;1;3;1;2;0;1423,25;1083,875;1583,375;1030,75;1629,28571428571;1307,85714285714;1253,5625;1307,0625;1468,57142857143;7,2394062876471;6,95906075127998;7,32666611606492;6,9318357941144;7,37517201908206;7,13981727569926;7,09923351946354;7,12925095508966;7,25749464739066;,158261127927116;,128243692300996;1;1;2;4;4;6;2;5,25;5;2;1;1;1;4;3,16666666666667;3;3;2;3;4;5;2;4;3,26666666666667;4,5;5,25;6,5;2,25;2;2;2;4;3;3;2,2;2,3;2;5;6;4,2;3;4;6;3;2,3;2,3;1,4;-,8;-,687243337702848;-,407044911646413;,45819728434509;-,918654388046075;,5;-,5;-,25;-,203522455823206;,203522455823206;,101761227911603;,229098642172545;-,229098642172545;-,114549321086272;-,459327194023037;,459327194023037;,229663597011519
100;2;1;2;3;4;2;1;2;3;3;3;3;2;5;5;3;4;6;5;4;2;6;5;4;4;5;2;6;3;6;2;7;3;6;5;5;2;6;2;1;1;2;1;1;1;3;5;6;6;6;6;6;7;4;5;3;5;6;6;4;2;7;4;6;3;7;5;7;6;1;1;1;1;2;2;2;1;1;7;1;1;1;1;6;2;1;1;6;6;3;3;3;4;2;4;3;7;2;1;1;2;6;2;1;1;6;6;5;4;7;4;4;4;4;4;4;4;4;4;4;4;4;4;4;4;4;4;4;4;4;4;4;4;4;4;4;4;4;14;16;19;19;19;23;23;23;4;1;4;5;5;3;6;5;2;4;2;5;3;1;1;2;1;210;2;2;1;1; ;2410;2300;2077;1506;1127;1079;891;1026;2463;1449;2450;1412;1050;1158;1147;956;1146;2266;1900;1524;1350;1622;1081;1108;2108;1892;1149;1001;1286;1111;1126; ;2757;1267;1503;2045;1404;978;1634;1343;1604;2142;2279;1449;2148;1469;1627; ;7,7873820264847;7,74066440191724;7,63867982387611;7,31721240835984;7,02731451403978;6,98378996525813;6,79234442747081;6,93342302573071;7,80913539812054;7,27862894232068;7,80384330353877;7,25276241805319;6,95654544315157;7,05444965813294;7,04490511712937;6,8627579130514;7,04403289727469;7,72577144158795;7,54960916515453;7,32909373624659;7,20785987143248;7,39141523467536;6,98564181763921;7,01031186730723;7,65349490966125;7,54538974961182;7,04664727784876;6,90875477931522;7,15929190479756;7,01301578963963;7,02642680869964; ;7,9218984110238;7,14440718032114;7,31521838975297;7,6231530684769;7,24708058458576;6,88550967003482;7,39878627541995;7,20266119652324;7,38025578842646;7,66949525100769;7,73149202924568;7,27862894232068;7,67229245562876;7,29233717617388;7,39449310721904;7;2;1;1;2;4;1;3;1;6;5;7;3;3;4;4;4;4;3;5;3;1;2;0;2025;1171,25;1565,625;1262,625;1842,14285714286;1594,25;1598,125;1414,125;1718,19642857143;7,57025098885554;7,05366549394945;7,3047519026872;7,12768749280571;7,48077546375728;7,34903515998247;7,31195824140249;7,21621969774646;7,41490531186988;,102947070467384;,198685614123422;1;1;2,33333333333333;2,42857142857143;2;6;2;4,41666666666667;3;2;2;1;2;3;2,5;2;3;2;2;2;2;2;1;1,75;5,5;6;5;3,5;6;1,77777777777778;1;2;2;2;3;1,3;1;2;2;1,5;1;4;7;2;2,4;1,3;3,6;,6;,563215686939339;-,669302035928665;,91639456869018;,097954502471775;,5;-,5;-,25;-,334651017964333;,334651017964333;,167325508982166;,45819728434509;-,45819728434509;-,229098642172545;,0489772512358875;-,0489772512358875;-,0244886256179437
94;1;1;2;0;2;3;4;4;4;4;4;4;4;6;2;6;3;6;5;2;3;4;4;5;3;5;2;7;1;7;4;7;2;6;1;1;1;7;1;1;1;4;1;1;1;5;7;7;3;5;5;7;5;6;4;5;2;2;6;5;1;5;6;6;1;6;6;4;6;1;1;2;1;1;1;2;1;1;7;5;1;1;2;7;1;1;1;7;6;2;7;1;1;1;6;1;6;5;3;3;6;6;2;1;1;7;7;7;3;5;3;6;6;4;1;1;6;2;6;2;2;6;1;1;6;1;6;2;2;6;1;1;6;1;6;2;3;5;25;20;2;26;4;25;25;20;6;2;3;3;7;5;7;3;4;1;2;6;2;1;6;1;1;257;1;2;1;1;1188;1084;2196;1244;1299;1757;1561;1217;1377;1762;1824;3685;1235;1495;2878;1312;1227;3094;1768;1146;1229;1514;2390;1507;1587;1215;1551;1357;3676;1670;1740;1281;2152;1748;2337;3006;1315;1318;3384;1260;1103;1210;2457;3015;2460;1289; ;1162;7,08002649992259;6,98841318199959;7,69439280262942;7,12608727329912;7,1693500166706;7,4713630881871;7,35308192051543;7,10414409298753;7,22766249872865;7,47420480649612;7,50878717063428;8,21202580462344;7,11882624906208;7,30988148582479;7,96485088744731;7,17930796950403;7,11232744471091;8,03722003113301;7,47760424319759;7,04403289727469;7,11395610956603;7,32251043399739;7,77904864492556;7,3178761986265;7,36960072052641;7,10249935577465;7,34665516317654;7,21303165983487;8,20958048347558;7,4205789054108;7,46164039220858;7,15539630189673;7,67415292128168;7,46622755621548;7,75662333453886;8,00836557031292;7,18159194461187;7,18387071506245;8,12681372072611;7,13886699994552;7,0057890192535;7,09837563859079;7,80669637252118;8,01135510916129;7,80791662892641;7,16162200293919; ;7,05789793741186;7;3;1;1;4;5;1;1;1;7;6;7;1;6;7;2;2;2;1;4;2;1;1;0;1795;1594,25;1618,125;1875,875;2128,5;1741,14285714286;1694,625;1747;1934,82142857143;7,41395000479165;7,33385071377486;7,33787143945358;7,4725734337634;7,60344819023446;7,37979713566049;7,37390035928326;7,40522243660849;7,49162266294748;,117722303664219;,0864002263389851;1;3;1,5;4;2;5;4;3,91666666666667;3;1;1;1;2;7;2,16666666666667;1;1;1;5;3;3;1;3;2,0625;5,75;4;5,75;2,25;6;1,66666666666667;1;1;1;2;1,2;1,5;2;2;1;2,6;1;3;7;1;2,3;1,5;1,8;,6;,179827333560707;-,800430598069791;-,229098642172546;,352106725101237;,5;-,5;-,25;-,400215299034896;,400215299034896;,200107649517448;-,114549321086273;,114549321086273;,0572746605431364;,176053362550619;-,176053362550619;-,0880266812753094
88;0;0;2;2;2;2;3;2;3;3;3;2;3;5;4;6;5;4;4;3;5;5;6;5;6;5;3;7;3;6;3;6;5;7;3;3;3;5;4;2;2;4;3;4;1;5;5;6;6;6;5;7;7;6;5;7;4;5;7;4;2;6;6;5;2;4;6;5;7;1;1;1;2;1;2;1;1;1;5;1;2;2;3;5;4;2;2;6;6;3;5;2;2;3;3;5;6;3;4;3;5;6;4;3;2;5;6;4;2;6;3;5;6;5;3;2;5;3;5;1;1;6;2;1;5;2;3;4;2;4;6;5;4;5;3;3;5;6;22;28;19;22;2;22;18;35;5;2;3;4;5;4;5;3;5;2;2;5;2;1;6;1;1;285;1;2;1;1;1772;1143;1040;1729;1446;1199;1470;1663;1229;1332;3894;2111;1528;1889;2862;1385;4284;2384;3900;2115;3400;1044;1833;1038;4551;1855;5311;1743;1457;1569;1678;988;2038;2353; ;3499;2570;1786;1391; ;4322;4710;2401;2827;3078;1414;1680;3474;7,47986413116503;7,04141166379481;6,94697599213542;7,45529848568329;7,27655640271871;7,08924315502751;7,29301767977278;7,41637847919293;7,11395610956603;7,19443685110033;8,26719218593215;7,65491704784832;7,33171496972647;7,54380286750151;7,9592759601164;7,23345541862144;8,36264243156764;7,77653502818524;8,26873183211774;7,65681009148038;8,13153071060425;6,95081476844258;7,5137092478397;6,94505106372583;8,42310226801664;7,52563997504154;8,5775354204224;7,46336304552002;7,2841348061952;7,35819375273303;7,42535788702715;6,89568269774787;7,61972421378267;7,76344638872736; ;8,16023249236769;7,85166117788927;7,48773376143644;7,23777819192344; ;8,37147353706683;8,45744318701046;7,78364059622125;7,94697135769359;8,03203531439882;7,25417784645652;7,4265490723973;8,15306194680105;5;4;3;2;5;5;2;3;2;5;5;7;3;5;3;4;3;4;3;3;5;1;1;0;1781,25;1680,25;3267,875;1625,875;3164,28571428571;2199;1730,75;2446,875;2681,64285714286;7,39425655840317;7,39293061658472;8,00679501154395;7,31305936678945;8,01470453898141;7,63471390161469;7,39359358749395;7,6599271891667;7,82470922029805;,431115632804105;,16478203113135;1;2;1,33333333333333;2,71428571428571;4;3;3;4,66666666666667;3;1;2;2;1;5;2,83333333333333;3;3;2;2;2;3;1;1;2,625;6,25;5;6;3;7;1,88888888888889;3;3;2;2;3;2,4;2;2;3;3,1;3;3;6;3;3,4;2,4;3,8;,8;1,03720036957938;-,538173473787539;-,458197284345091;,860411170360162;,5;-,5;-,25;-,26908673689377;,26908673689377;,134543368446885;-,229098642172545;,229098642172545;,114549321086273;,430205585180081;-,430205585180081;-,215102792590041
170;0;1;0;4;2;0;3;2;2;3;2;2;2;6;7;7;1;2;6;6;1;6;6;6;7;1;5;2;7;1;4;1;7;4;7;4;3;7;4;1;1;1;1;1;1;1;6;6;6;6;6;6;6;5;7;7;5;4;4;6;5;6;6;7;2;4;7;7;7;1;1;1;1;5;1;1;1;1;1;1;1;1;2;4;3;1;1;1;3;5;1;6;6;7;6;7;2;4;4;1;1;2;1;1;5;1;7;6;1;3;7;7;7;1;7;5;4;3;2;6;6;3;3;3;3;3;3;3;3;3;3;4;2;3;4;3;4;5;6;3;3;0;0;0;3;3;5;4;1;6;4;1;5;2;1;4;2;5;5;4;1;4;1;282;2;2;1;1;774;647;520;1951;2423;1452;2343;566;458;481;932;561;1256;481;539;1341;715;1427; ;786;485;475;1204;2436;1380; ; ;2936;1585;623;576;1575;1023;2069;655;1280;710;580;919;1683;1104;539; ;859;478;383;485;1160;6,65157187358973;6,4723462945009;6,25382881157547;7,57609734062311;7,79276172081653;7,28069719538474;7,7591874385078;6,33859407820318;6,12686918411419;6,17586727010576;6,83733281468559;6,3297209055227;7,13568734702814;6,17586727010576;6,289715570909;7,20117088328168;6,57228254269401;7,26332961747684; ;6,66695679242921;6,18414889093748;6,16331480403464;7,09340462586877;7,79811262882979;7,22983877815125; ; ;7,98480338973441;7,36833968631138;6,43454651878745;6,35610766069589;7,36201055125973;6,93049476595163;7,63482067774554;6,48463523563525;7,15461535691366;6,56526497003536;6,36302810354047;6,82328612235569;7,42833319419081;7,00669522683704;6,289715570909; ;6,75576892198425;6,16961073249146;5,94803498918065;6,18414889093748;7,05617528410041;4;5;2;3;2;4;5;5;2;3;1;7;7;1;5;6;5;7;7;7;7;1;2;0;790,5;1300,125;1448,8;1119,875;1075,57142857143;799,75;1045,3125;1284,3375;937,660714285714;6,55295431183968;6,9967101880296;7,14344222409714;6,84499817084064;6,89382082228234;6,56723528585404;6,77483224993464;6,99422019746889;6,73052805406819;-,0443041958664523;-,263692143400703;1;3;1,16666666666667;2,28571428571429;6;7;2;5,91666666666667;7;6;7;7;4;4;5,66666666666667;1;2;2;2;2;2;2;2;1,625;6,25;6,25;5,25;4,5;7;2,11111111111111;7;4;7;5;6,2;2,8;6;6;7;3,6;4;4;6;5;4,1;2,8;6,4;,2;1,7700098328868;-,275916349505287;-,687295926517636;,860411170360162;,5;-,5;-,25;-,137958174752643;,137958174752643;,0689790873763217;-,343647963258818;,343647963258818;,171823981629409;,430205585180081;-,430205585180081;-,215102792590041
20;1;1;2;2;3;2;4;4;4;4;3;4;3;4;5;6;6;3;4;4;2;3;5;3;4;5;2;6;6;4;2;7;4;6;3;5;2;5;1;1;1;3;4;4;1;5;4;7;2;5;5;5;7;6;7;7;2;7;7;4;5;7;7;6;4;7;7;5;7;1;1;4;4;5;1;6;7;4;7;1;1;1;1;6;1;1;1;7;5;4;3;3;3;2;2;2;7;3;5;2;4;6;5;1;1;6;7;3;2;6;3;5;5;2;4;2;6;3;5;2;2;5;2;4;6;3;6;3;2;6;3;6;6;5;4;4;2;3;25;31;6;13;9;28;28;28;7;3;6;6;6;4;6;3;4;2;2;5;3;2;6;1;1;238;2;2;1;1;1781;1516;797;1095;1196;1554;917;946;1599;1923;936;1402;944;1336;1131;1119;1734;1354; ;1383;991;1361;1332;1325;1123;1636;1081;1024;1266;1205;1653;1549;1317;1610;886;1602;1122;1063;1071;997;1311;1447;1186;1486;1282;1133; ;964;7,48493028328966;7,32383056620232;6,68085467879022;6,9985096422506;7,08673793451058;7,34858753092759;6,82110747225646;6,85224256905188;7,37713371283395;7,56164174558878;6,84161547647759;7,24565506759454;6,8501261661455;7,19743535409659;7,03085747611612;7,02019070831193;7,45818615734049;7,21081845347222; ;7,23201033166476;6,89871453432999;7,21597500265147;7,19443685110033;7,18916773842032;7,02375895473844;7,40000951716269;6,98564181763921;6,93147180559945;7,14361760270412;7,09423484592476;7,41034709782102;7,34536484041687;7,18311170174328;7,38398945797851;6,78671695060508;7,3790081276283;7,02286808608264;6,96885037834195;6,97634807044775;6,90475076996184;7,1785454837637;7,27724772663148;7,07834157955767;7,3038432252777;7,15617663748062;7,03262426102801; ;6,87109129461055;7;1;1;1;2;7;4;1;1;7;3;7;3;5;4;4;5;4;3;4;6;1;2;0;1381,125;1142,875;1333,57142857143;1335,25;1355,625;1090,28571428571;1262;1334,41071428571;1222,95535714286;7,18927139662846;7,02591065142708;7,17741386251675;7,18648231417111;7,19635053164822;6,99038707113619;7,10759102402777;7,18194808834393;7,0933688013922;-,0142222226355644;-,0885792869517266;1;3;1,83333333333333;3,71428571428571;5;6;5;4,58333333333333;3;2;4;1;2;3;2,83333333333333;3;4;1;6;3;3;3;1;2,75;6,75;6,25;7;3,75;2;3,22222222222222;1;2;1;3;2,8;1,1;1;2;2;2,6;1;1;7;1;2;1,1;4,4;1,6;,113500612504256;1,03536927190597;,229098642172545;1,36871561561909;,5;-,5;-,25;,517684635952987;-,517684635952987;-,258842317976494;,114549321086272;-,114549321086272;-,0572746605431361;,684357807809543;-,684357807809543;-,342178903904772
143;1;2;2;4;4;4;4;5;5;5;4;4;4;6;5;4;4;6;4;5;2;6;4;4;4;7;7;7;5;7;2;6;2;7;3;2;1;7;2;1;1;1;4;4;1;2;4;5;7;7;7;7;7;2;7;4;2;6;6;2;6;7;5;6;2;7;2;6;6;4;2;2;1;7;2;5;2;1;5;1;1;1;2;4;3;4;5;6;6;2;2;2;2;2;2;5;5;1;2;2;1;1;1;1;2;6;5;6;3;2;4;1;1;1;3;5;4;4;3;2;4;6;2;2;5;4;5;2;2;4;2;2;6;3;5;3;3;6;13;16;3;3;13;9;16;19;7;2;6;3;7;1;4;2;6;3;2;5;1;1;1;3;1;230;2;2;1;1;1094;2520;1621;1134; ;1003;1110;891;1538;1353;1272;929;1523;1001;2498;700;1159;2345;2514;2163;1323;941;1735;798;1245;2569;1632; ;1867;1767;1561;889;2820;1336;1812;1343;1655;2913;1612;1396;1155;1781;1073;2946;1584;1648;2234;1791;6,99759598298193;7,83201418050547;7,39079852173568;7,0335064842877; ;6,91075078796194;7,01211529430638;6,79234442747081;7,33823815006559;7,21007962817079;7,14834574390007;6,83410873881384;7,32843735289516;6,90875477931522;7,82324569068552;6,5510803350434;7,05531284333975;7,76004068088038;7,82963038915019;7,67925142595306;7,18765716411496;6,84694313958538;7,45876269238096;6,68210859744981;7,12689080889881;7,85127199710988;7,39756153552405; ;7,53208814354172;7,4770384723197;7,35308192051543;6,7900972355139;7,94449216393216;7,19743535409659;7,50218648660292;7,20266119652324;7,41155628781116;7,97693875695943;7,38523092306657;7,24136628332232;7,05185562295589;7,48493028328966;6,9782137426307;7,98820359702258;7,36770857237437;7,40731771046942;7,71154897962915;7,49052940206071;6;1;1;1;1;4;2;1;1;7;6;7;1;7;4;2;2;2;1;2;2;1;2;0;1432,625;1246,57142857143;1946,71428571429;1360,125;1783,25;1854,125;1339,59821428571;1653,41964285714;1818,6875;7,22308592880763;7,04667552395406;7,52856566869373;7,16597217067773;7,41874730588172;7,49902461446164;7,13488072638085;7,34726891968573;7,45888596017168;,324005233790833;,111617040485947;1;2;2,83333333333333;4,42857142857143;2;6;2;4,5;1;1;1;2;1;6;2,66666666666667;1;4;3;1;1;1;1;1;1,8125;4,25;6,25;5,5;3;3;2,66666666666667;3;4;2;2;2,6;2,6;3;7;2;2,2;2;4;7;1;2,1;2,6;1,8;-,8;-1,34563621055217;,379726461200344;1,60369049520782;-1,17280661067554;,5;-,5;-,25;,189863230600172;-,189863230600172;-,0949316153000859;,801845247603908;-,801845247603908;-,400922623801954;-,586403305337769;,586403305337769;,293201652668884
55;2;2;3;1;2;3;4;5;5;5;4;5;4;6;4;6;6;6;4;2;4;2;2;4;2;7;2;6;2;5;1;7;3;6;2;4;2;6;2;1;1;1;1;2;1;4;6;7;3;4;6;6;6;6;7;5;1;6;3;4;1;6;6;7;1;2;6;6;7;2;2;1;4;5;1;6;2;1;4;1;2;1;1;4;1;1;3;7;5;1;4;1;1;2;2;2;4;1;2;1;1;5;1;1;2;7;5;4;4;6;4;5;4;5;4;3;4;4;4;2;2;4;4;3;4;4;4;2;2;4;4;3;4;4;4;2;2;4;19;22;19;19;19;19;19;19;6;3;5;2;6;3;6;2;6;2;2;5;3;1;1;1;1;205;1;2;1;1;1208;3137;1801;1219;1362;1166;2006;1532;1913;4159;1177;3666;1491; ;2629;983;2450;4077;1196; ;1348;2003;2282;1073;2444;1806;4195; ;1451;1689;1729;1972;3285;1520;1359;1453;881;1062;1425;1601;2433;2204;1889;1667;1156;3830;1593;1063;7,09672137849476;8,05102220819068;7,49609734517596;7,10578612948127;7,21670948670946;7,06133436691044;7,60389796852188;7,33432935030054;7,55642796944025;8,33302993974291;7,07072410726028;8,20685642839965;7,30720231476474; ;7,87435882472988;6,89060912014717;7,80384330353877;8,31311670281925;7,08673793451058; ;7,20637729147225;7,60240133566582;7,73280753042202;6,9782137426307;7,80139132029149;7,49886973397693;8,34164861890131; ;7,28000825288419;7,4318919168078;7,45529848568329;7,58680353516258;8,09712193091871;7,32646561384032;7,21450441415114;7,28138566357028;6,78105762593618;6,96790920180188;7,26192709270275;7,37838371299671;7,79688034278352;7,6980291702728;7,54380286750151;7,41878088275079;7,05272104923232;8,25062008217469;7,37337430991005;6,96885037834195;5;1;1;1;1;4;1;1;2;7;4;7;2;2;6;1;1;1;1;2;3;1;1;0;2285;1595,57142857143;2694,66666666667;1693,375;1976,25;1576,375;1940,28571428571;2194,02083333333;1776,3125;7,61458318827322;7,32692020458344;7,80760126900639;7,40922526134108;7,54712136072364;7,25435543163707;7,47075169642833;7,60841326517373;7,40073839618035;-,0700133002479788;-,207674868993382;1;2;2,16666666666667;4,57142857142857;2;4;6;3,66666666666667;1;2;3;1;2;4;2,08333333333333;2;2;1;5;4;2;2;2;2,0625;6,25;6,5;4;1,75;2;2,22222222222222;4;4;1;3;1,4;1,9;4;3;1;1,7;3;4;6;1;2;1,9;1,4;0;-,753570058759299;-,144787787364161;,687295926517635;,860411170360162;,5;-,5;-,25;-,0723938936820803;,0723938936820803;,0361969468410401;,343647963258817;-,343647963258817;-,171823981629409;,430205585180081;-,430205585180081;-,215102792590041
149;1;1;3;3;1;2;4;4;3;4;3;4;2;7;3;5;4;4;3;5;2;6;4;3;5;6;5;6;2;4;5;7;2;3;5;2;5;3;5;5;7;7;7;6;7;2;3;2;2;2;1;1;1;5;7;7;3;2;5;4;1;3;3;6;1;7;5;7;4;4;2;5;3;4;3;5;4;4;5;3;3;4;3;4;2;1;4;7;3;3;1;3;7;6;4;7;4;5;5;4;3;4;2;4;6;5;5;5;3;4;3;5;5;2;6;4;3;6;2;2;2;5;4;3;4;4;4;3;3;4;5;5;3;4;4;4;5;4;0;13;13;3;6;0;13;10;5;5;6;4;3;2;4;2;4;2;2;5;5;1;2;3;1;234;2;2;1;1;2235;2146;3608;2446;1601;1020;1689; ;1492;2002;1745;1023;1741;955;1308;2194;1607;1536; ;813; ;1960;1280;1647;1694;1059;2799;2495;918;3727;1424;1003;3115;1441;1125;2539;1112;1533;1025;1475;981;1570;1325;2795;1178;2419;1014;978;7,71199650704767;7,67136092319064;8,19090888118251;7,80220931624712;7,37838371299671;6,92755790627832;7,4318919168078; ;7,30787278076371;7,60190195987517;7,46450983463653;6,93049476595163;7,46221493976819;6,86171134048073;7,17625453201714;7,69348164083518;7,38212436573751;7,33693691370762; ;6,70073110954781; ;7,58069975222456;7,15461535691366;7,40671073017764;7,434847875212;6,96508034560141;7,93701748951545;7,82204400818562;6,82219739062049;8,22335889947926;7,26122509197192;6,91075078796194;8,04398443122155;7,27309259599952;7,02553831463852;7,83952558170468;7,01391547481053;7,33498187887181;6,93244789157251;7,29641326877392;6,88857245956536;7,35883089834235;7,18916773842032;7,9355873855892;7,07157336421153;7,79110951061003;6,92165818415113;6,88550967003482;5;2;1;1;1;4;1;2;2;7;1;7;7;1;4;5;5;5;2;4;5;1;2;0;2087,125;1501,14285714286;1714,71428571429;1708,42857142857;1861,375;1341,75;1794,13392857143;1711,57142857143;1601,5625;7,58515687111187;7,27592799845487;7,36839744392963;7,33707971562135;7,44428742568519;7,15595115537954;7,43054243478337;7,35273857977549;7,30011929053236;-,130423144251007;-,0526192892431308;1;2;1,83333333333333;3,42857142857143;4;6;2;4,58333333333333;2;2;4;1;5;6;3,66666666666667;5;5;6;6;6;7;7;7;5,9375;4,25;5,5;5,5;2,25;3;3,55555555555556;3;4;1;5;5,2;2,8;4;4;3;4;3;4;6;1;2,2;2,8;4,4;-,8;-1,39578319280531;1,42875495832935;,229098642172545;-1,17280661067554;,5;-,5;-,25;,714377479164676;-,714377479164676;-,357188739582338;,114549321086272;-,114549321086272;-,0572746605431361;-,586403305337769;,586403305337769;,293201652668884
8;0;2;0;2;3;2;4;4;4;4;5;4;4;7;5;7;6;4;2;6;2;6;6;6;6;3;5;5;4;6;3;5;5;7;6;3;5;6;4;4;2;5;5;1;6;6;5;6;6;4;7;7;7;2;7;5;2;6;7;5;1;7;7;6;2;6;5;6;6;3;2;6;5;3;4;3;3;4;4;4;5;4;3;4;5;4;2;4;6;5;2;6;5;6;5;6;5;2;5;4;3;4;4;4;4;3;6;4;4;5;5;3;5;4;4;5;2;5;2;4;5;3;5;5;4;6;3;2;3;2;5;5;5;4;3;4;3;4;25;15;15;13;21;19;13;13;7;3;6;6;7;2;5;2;7;3;2;6;3;4;3;3;1;209;1;2;1;1;3729;1929;1320;2373;1322;2503;1637;1854;1470;2045;3977;1922;1321;1624;3111;1361;1714; ;1336;1715;1248;1194;2322;2912;2333;1412; ;3018;2424;2578;1486;1908;2509;3385;2501;1773; ;1731;3359;1881;1539;1767;2096;1823;1815;1619;4116;1901;8,22389538017882;7,56475701290573;7,18538701558042;7,77191025643576;7,18690102041163;7,82524529143177;7,40062057737113;7,5251007461258;7,29301767977278;7,6231530684769;8,28828304520769;7,56112158953024;7,18614430452233;7,39264752072162;8,04269949689764;7,21597500265147;7,44658509915773; ;7,19743535409659;7,44716835960004;7,12929754892937;7,08506429395255;7,75018416225784;7,97659540931658;7,75491027202143;7,25276241805319; ;8,01234963932779;7,79317434718921;7,85476918349913;7,3038432252777;7,55381085200823;7,82763954636642;8,12710918534638;7,82444593087762;7,48042830607421; ;7,45645455517621;8,11939858961229;7,53955882930103;7,33888813383888;7,4770384723197;7,64778604544093;7,50823877467866;7,50384074669895;7,38956395367764;8,32263709695394;7,55013534248843;6;2;2;4;1;5;4;2;1;6;5;4;1;5;7;3;3;3;4;2;6;1;1;0;2345,625;1841,625;1921,33333333333;2009;2174,125;2346;2093,625;1965,16666666667;2260,0625;7,68894063101104;7,47191674501668;7,51853519037613;7,55584237780383;7,65394679936785;7,6973698734155;7,58042868801386;7,53718878408998;7,67565833639167;,0952296483778152;,138469552301697;1;3;1,5;4,14285714285714;4;6;2;5,58333333333333;5;3;2;3;1;5;3,91666666666667;2;3;2;2;4;1;1;1;3,0625;5;6,25;6,25;2,5;5;3,88888888888889;4;4;4;2;5,6;3,9;3;4;5;3,8;2;3;7;2;2,9;3,9;3,8;-1,8;-1,4216605668535;1,82214064475273;-,229098642172546;-,41034994278715;,5;-,5;-,25;,911070322376365;-,911070322376365;-,455535161188183;-,114549321086273;,114549321086273;,0572746605431364;-,205174971393575;,205174971393575;,102587485696787
176;3;2;2;1;0;2;5;5;5;5;5;5;5;7;1;5;2;6;1;1;1;5;1;2;1;2;1;7;3;7;2;7;3;4;2;2;2;7;1;1;1;3;1;3;1;2;4;6;5;2;1;7;6;7;7;7;5;6;4;3;1;7;7;7;1;7;7;7;7;1;1;6;5;2;1;2;1;1;7;3;1;1;2;7;1;1;1;7;7;1;4;1;1;1;1;6;3;4;4;1;1;7;1;1;1;6;7;6;2;7;1;7;7;4;4;4;7;4;4;4;4;4;4;4;7;4;4;4;4;4;4;4;4;4;4;4;4;4;0;9;6;3;2;22;22;22;2;3;6;1;6;4;6;1;6;3;2;5;3;3;6;1;1;165;1;2;1;1;1048;1283;1115;1089;827;983;1008;1041;1433;1146;1233; ;870;1002;990;994;1197;1458; ;1552;1232;941; ;880;1229;1010;1157;1186;1047;1566;939;975;962;959;1115;1480;1089;1330;1188;946;1257;1344; ;1326;884;1095;1328;1065;6,95463886488099;7,15695636461564;7,01660968389422;6,99301512293296;6,71780469502369;6,89060912014717;6,91572344863131;6,94793706861497;7,26752542782817;7,04403289727469;7,11720550316434; ;6,76849321164863;6,90975328164481;6,89770494312864;6,90173720665657;7,08757370555797;7,2848209125686; ;7,34729970074316;7,11639414409346;6,84694313958538; ;6,77992190747225;7,11395610956603;6,9177056098353;7,05358572719368;7,07834157955767;6,95368421087054;7,35627987655075;6,84481547920826;6,88243747099785;6,86901445066571;6,86589107488344;7,01660968389422;7,29979736675816;6,99301512293296;7,1929342212158;7,08002649992259;6,85224256905188;7,13648320859025;7,2034055210831; ;7,18992217074581;6,78445706263764;6,9985096422506;7,19142933003638;6,97073007814353;6;2;1;1;1;6;1;1;2;7;5;7;2;5;6;1;1;1;1;1;5;1;1;1;1192,42857142857;964,375;1255,57142857143;1082,85714285714;1206,14285714286;1115,625;1078,40178571429;1169,21428571429;1160,88392857143;7,078569123513;6,86872037193697;7,1261833350032;6,96863946125407;7,08301763951724;7,00791806577392;6,97364474772499;7,04741139812864;7,04546785264558;,0718231049205942;-,00194354548305675;1;1;1,66666666666667;5;2;7;3;2,91666666666667;6;1;1;1;4;6;2,66666666666667;1;4;2;3;6;7;1;2;2,4375;7;6,75;6,25;2,5;6;2,66666666666667;1;1;1;1;2;1,3;5;1;2;2,1;2;2;6;1;1,8;1,3;1,8;-,2;-,436508426437119;,379726461200344;-3,05220704940383E-016;1,62286783824855;,5;,5;,25;,189863230600172;,189863230600172;,0949316153000859;-1,52610352470192E-016;-1,52610352470192E-016;-7,63051762350958E-017;,811433919124275;,811433919124275;,405716959562137
159;3;4;1;3;3;3;4;4;5;5;3;4;4;5;4;5;4;3;4;3;3;6;3;3;5;6;3;5;3;7;2;7;4;3;3;2;2;6;1;3;1;1;3;3;1;4;3;5;4;4;3;6;7;4;7;7;2;5;3;5;1;6;5;4;2;7;6;6;6;2;2;2;2;3;2;5;4;1;6;4;1;1;2;4;1;2;2;7;6;4;7;3;3;3;2;4;4;5;5;3;3;4;1;2;2;7;6;4;2;6;3;6;6;4;4;3;4;3;4;4;4;4;2;3;5;3;5;2;2;3;2;3;4;3;5;2;2;3;6;22;16;13;6;16;16;16;6;4;6;3;6;2;7;2;6;2;1;5;4;1;1;2;1;110;2;1;1;1;1266;1458;1226;1625;1045;998;1149;928;1122;1082;1296;987;1267;960;866; ;1075;1337;1130;1641; ;1033;1092;905;1415; ;1259;1465;825;1128;1563;1033;1524;1355;1202;1911;1013;1623;991;1067;1215;1223;1189;1555;942;1131;1085;1473;7,14361760270412;7,2848209125686;7,11151211649616;7,39326309476384;6,95177216439891;6,90575327631146;7,04664727784876;6,8330317327862;7,02286808608264;6,98656645940643;7,16703787691222;6,89467003943348;7,14440718032114;6,86693328446188;6,76388490856244; ;6,98007594056176;7,19818357710194;7,02997291170639;7,40306109109009; ;6,94022246911964;6,99576615630485;6,80793494369993;7,25488481007734; ;7,13807303404435;7,28961052145117;6,71538338633468;7,028201432058;7,35436233042148;6,94022246911964;7,32909373624659;7,2115567333138;7,09174211509515;7,55538194424027;6,92067150424868;7,39203156751459;6,89871453432999;6,97260625130175;7,10249935577465;7,10906213568717;7,08086789669078;7,34923082461333;6,84800527457636;7,03085747611612;6,98933526597456;7,29505641646263;6;2;1;2;3;4;1;1;2;6;7;7;1;6;4;3;2;2;2;1;2;1;2;1;1257,75;1030,42857142857;1331,71428571429;1082,71428571429;1396,75;1165,625;1144,08928571429;1207,21428571429;1281,1875;7,12554452354594;6,93034711781297;7,18483741229043;6,96887045529403;7,22867934270772;7,04340978631559;7,02794582067945;7,07685393379223;7,13604456451165;,108098743832201;,0591906307194208;1;3;2,83333333333333;4,14285714285714;5;5;2;4,33333333333333;2;3;1;1;5;6;2,91666666666667;2;5;3;4;4;5;2;1;2,6875;5,5;5,5;5,5;2,5;3;2,33333333333333;2;4;1;2;3,4;2;4;4;1;3;2;4;6;2;2,4;2;2,2;-1,2;-,195471150416272;-,0136592252230344;1,60369049520782;,097954502471775;,5;,5;,25;-,00682961261151718;-,00682961261151718;-,00341480630575859;,801845247603908;,801845247603908;,400922623801954;,0489772512358875;,0489772512358875;,0244886256179437
10;1;3;2;3;3;4;4;5;4;4;5;5;5;7;5;7;7;2;6;6;1;7;6;6;7;5;2;6;4;7;1;7;4;6;2;6;2;6;1;2;1;3;1;2;1;4;4;6;4;5;5;5;6;6;6;5;2;4;6;1;1;6;2;5;2;6;7;7;5;1;1;1;4;2;1;5;4;1;5;1;1;1;1;4;1;1;1;7;5;2;5;1;1;1;4;4;7;1;2;1;1;4;2;1;1;7;5;3;2;6;4;3;3;3;4;4;4;4;4;4;4;4;4;4;4;4;4;4;4;4;4;4;4;4;4;4;4;4;19;13;16;19;9;25;26;25;6;2;4;2;7;2;7;4;6;1;2;5;2;1;6;3;1;109;1;2;1;1;2353;3516; ;1292;2147;1587;1241;1138;1794;3306;1451;1925;1252;4144;1865;1409; ;2097;3595;1771;1348;1089;1473;949;3355;2238;3937;1658;2167;1959;1415;1433;1665;1780;3769;3507;2291;1106;1175;1890;3342;2504;1791;1467;1406;3824;1738;1049;7,76344638872736;8,16507925880507; ;7,16394668434255;7,67182679787878;7,36960072052641;7,12367278520461;7,03702761468628;7,49220304261874;8,10349427838097;7,28000825288419;7,56268124672188;7,13249755166004;8,32941678393932;7,53101633207792;7,25063551189868; ;7,64826303090192;8,18729927015515;7,47929963778283;7,20637729147225;6,99301512293296;7,29505641646263;6,85540879860993;8,11820704940578;7,71333788887187;8,27817429094374;7,41336733569524;7,68109900153636;7,58018941794454;7,25488481007734;7,26752542782817;7,41758040241454;7,48436864328613;8,23456499326714;8,16251625014018;7,7367436824535;7,00850518208228;7,06902342657826;7,54433210805369;8,11432470915534;7,82564473221999;7,49052940206071;7,29097477814298;7,24850407237061;8,24905227417129;7,46049030582534;6,9555926083963;6;2;1;1;1;4;1;1;1;7;5;7;2;5;6;4;4;2;2;3;5;1;1;1;2233,85714285714;1847,875;2664,42857142857;1479,125;2478,125;1809,875;2040,86607142857;2071,77678571429;2144;7,64726559321154;7,430711762234;7,83399264339379;7,26669453585802;7,75256298883588;7,40903045749141;7,53898867772277;7,55034358962591;7,58079672316364;,041808045440872;,0304531335377352;1;2;2,66666666666667;4,57142857142857;6;7;1;6,41666666666667;3;2;1;1;2;2;2,16666666666667;2;4;2;4;3;3;3;2;2,375;6;5,5;4,75;1,5;3;2;3;4;1;3;1,8;1,5;1;4;1;1,5;2;4;7;1;2,1;1,5;3,4;1,6;-,153414037564779;-,407044911646413;1,37459185303527;,6062589477307;,5;,5;,25;-,203522455823206;-,203522455823206;-,101761227911603;,687295926517635;,687295926517635;,343647963258817;,30312947386535;,30312947386535;,151564736932675
59;0;0;2;4;0;2;4;5;5;5;5;4;4;5;3;6;4;5;3;3;4;4;5;3;5;5;3;7;2;2;1;7;1;7;1;6;1;7;1;1;1;1;1;1;1;1;7;7;7;7;7;7;7;5;3;2;5;7;3;4;4;6;3;6;1;6;7;7;5;1;1;1;1;1;1;1;1;1;7;2;1;3;2;4;3;3;1;7;6;2;6;2;1;1;1;3;1;7;2;1;2;4;3;2;2;7;7;5;2;5;3;4;5;1;6;4;5;3;5;3;3;5;6;2;5;2;5;2;2;5;6;2;5;2;5;3;3;5;19;13;13;13;9;16;19;16;4;3;5;3;5;4;7;1;6;2;2;5;3;1;2;4;1;142;2;2;1;1;2635;2674;1483;2842;1142;2154;1293;3828;1084;1165;1150;2200;1689;1307;1243;996;2104;2722;2404;1082;1221;1784;1145;1268;1335;2657;1556;1511;1370;1762;2996; ;1425;1418;1164;1208;3564;1494;1283;1403;2624;1830;1497; ;3506;2334;1437;2679;7,87663846097546;7,89133075766189;7,30182234213793;7,95226330865705;7,04053639021596;7,67508185771633;7,16472037877186;8,25009775257285;6,98841318199959;7,0604763659998;7,0475172213573;7,69621263934641;7,4318919168078;7,17548971362422;7,12528309151071;6,9037472575846;7,6515955738576;7,90912218321141;7,7848892956551;6,98656645940643;7,1074254741107;7,48661331313996;7,04315991598834;7,14519613499717;7,19668657083435;7,88495294575981;7,34987370473834;7,32052696227274;7,22256601882217;7,47420480649612;8,00503334463711; ;7,26192709270275;7,25700270709207;7,05961762829138;7,09672137849476;8,1786387885907;7,30921236569276;7,15695636461564;7,24636808010246;7,87245515006398;7,51207124583547;7,31121838441963; ;8,16223106548118;7,7553388128465;7,27031288607902;7,89319886954461;7;1;1;1;1;5;1;2;1;7;4;7;5;2;5;2;1;1;4;4;5;1;2;1;1904,125;1706,5;1921,375;1649,42857142857;1595,14285714286;2212,5;1805,3125;1785,40178571429;1903,82142857143;7,47683428476693;7,34585604485054;7,51052671196697;7,3548855725988;7,33871622670001;7,62153215411911;7,41134516480873;7,43270614228288;7,48012419040956;,0687790256008221;,0474180481266719;1;1;1,33333333333333;4,57142857142857;3;4;4;4;3;1;6;1;1;2;1,91666666666667;1;1;1;1;1;1;1;1;1;5,75;5,75;3,5;3,5;7;1,66666666666667;1;4;1;2;1,8;2,1;7;4;1;3,1;1;3;7;1;1,9;2,1;2,6;,8;-1,13695841213793;-,800430598069791;-,458197284345091;,352106725101237;,5;,5;,25;-,400215299034896;-,400215299034896;-,200107649517448;-,229098642172545;-,229098642172545;-,114549321086273;,176053362550619;,176053362550619;,0880266812753094
4;1;2;1;3;4;4;5;4;5;5;4;4;4;7;3;5;4;6;1;1;1;5;3;2;1;5;1;6;5;1;2;6;1;7;2;2;3;7;2;1;1;3;1;2;1;4;4;6;2;3;7;5;7;1;7;7;1;3;6;3;1;7;6;5;2;7;6;6;2;2;1;1;1;4;2;2;2;1;7;4;1;1;3;5;1;1;3;7;7;2;5;1;1;1;2;1;7;3;2;1;6;6;1;1;1;5;7;4;3;6;3;6;6;4;4;4;6;6;3;5;2;3;3;2;6;2;6;2;2;6;3;3;5;3;5;3;3;5;9;4;13;15;11;21;30;25;7;1;4;4;7;2;7;3;6;2;2;5;5;1;1;3;1;134;2;2;1;1;2982;1998;2408;1178;1116;1184;1193;1778;1229;2102;1225;3129;1437;1259;1351;983;1544;2628;1763;1828;1942;2750;1208;2415;2530;3306;3316;2136;1325; ;1449;2938;2969;2031;2333; ;1729;1024;1274;1506;1987;2234;2036;2491;2005;1189;1771;2275;8,00034949532468;7,5999019592085;7,78655180642871;7,07157336421153;7,01750614294126;7,07665381544395;7,08422642209792;7,48324441607385;7,11395610956603;7,6506445514369;7,11069612297883;8,04846874366888;7,27031288607902;7,13807303404435;7,2086003379602;6,89060912014717;7,34213173058472;7,8739783796045;7,47477218239787;7,5109777520141;7,57147364885127;7,91935619066062;7,09672137849476;7,78945456608667;7,83597458172157;8,10349427838097;8,10651451625519;7,66669020008009;7,18916773842032; ;7,27862894232068;7,98548435673382;7,99598047476376;7,61628356158039;7,75491027202143; ;7,45529848568329;6,93147180559945;7,14991683613211;7,31721240835984;7,59438124255182;7,71154897962915;7,61874237767041;7,82043951526218;7,60339933974067;7,08086789669078;7,47929963778283;7,72973533138505;7;2;1;1;1;6;1;1;2;7;4;7;4;4;7;2;1;1;1;5;1;1;2;1;2031,375;1287,625;2381,375;2003,85714285714;2297,28571428571;1596,625;1659,5;2192,61607142857;1946,95535714286;7,54776776910301;7,14615327184846;7,73931670262987;7,54718383165259;7,73032663192559;7,34340021767175;7,34696052047574;7,64325026714123;7,53686342479867;,189902904322937;-,106386842342561;1;1;2,5;4,42857142857143;2;7;3;3,41666666666667;3;2;7;2;1;6;2,91666666666667;1;4;2;6;5;1;3;1;2,375;4;5,25;6,5;1,75;6;2,22222222222222;1;3;1;1;1,2;1,9;1;2;3;2,1;1;2;6;1;1,7;1,9;1,2;0;-1,25343211544753;-,144787787364161;1,14549321086272;-1,426958833305;,5;,5;,25;-,0723938936820803;-,0723938936820803;-,0361969468410401;,572746605431362;,572746605431362;,286373302715681;-,7134794166525;-,7134794166525;-,35673970832625
21;2;1;1;2;2;2;4;3;3;3;4;4;4;6;4;5;3;6;4;3;1;6;2;3;5;5;1;6;2;7;1;7;1;7;1;4;1;6;2;1;1;1;1;1;1;5;5;7;7;6;6;4;7;6;5;6;2;6;5;2;4;7;5;7;1;6;5;6;6;1;1;1;4;1;4;1;1;1;7;1;1;1;1;4;1;1;1;7;7;1;3;1;1;1;1;1;7;3;1;5;1;4;1;1;1;7;5;5;3;5;3;6;5;3;4;4;5;4;4;4;4;5;4;4;5;4;4;4;4;5;4;4;4;4;4;4;4;5;6;6;13;6;0;15;15;13;5;3;5;5;7;3;6;3;3;2;2;5;3;1;1; ;1;125;1;2;1;1;1207;1559;1267;1295;938;1118;1059;1259;1242;1171;1395;1310;964;1309;1015;1173;1107;1055;968; ;1144;1130;1168;1011;1205;1163; ;1254;1345;1153;1232;1680;1244;1149;1341;1376;1272;1057;1129;1051;1048;1265;928;932;923;1397;1072;1156;7,09589322109753;7,35179986905778;7,14440718032114;7,16626597413364;6,84374994900622;7,01929665371504;6,96508034560141;7,13807303404435;7,12447826249342;7,06561336359772;7,24064969425547;7,1777824161952;6,87109129461055;7,1770187659099;6,92264389147589;7,06731984865348;7,00940893270864;6,96129604591017;6,87523208727658; ;7,04228617193974;7,02997291170639;7,06304816338817;6,91869521902047;7,09423484592476;7,05875815251866; ;7,13409372119287;7,20414929203594;7,05012252026906;7,11639414409346;7,4265490723973;7,12608727329912;7,04664727784876;7,20117088328168;7,22693601849329;7,14834574390007;6,96318998587024;7,02908756414966;6,95749737087695;6,95463886488099;7,14282740116162;6,8330317327862;6,83733281468559;6,82762923450285;7,24208235925696;6,97728134163075;7,05272104923232;7;2;1;1;1;5;1;1;1;7;4;7;5;3;7;2;1;1;1;1;1;1;1;1;1305,75;1104,375;1125,33333333333;1232,875;1160,375;1132,125;1205,0625;1179,10416666667;1146,25;7,17086124764399;7,0005342228771;7,02217063092194;7,10640218685632;7,04608403330466;7,02472933117748;7,08569773526055;7,06428640888913;7,03540668224107;-,0502910530194791;-,0288797266480652;1;2;1,66666666666667;3,57142857142857;2;7;2;4,16666666666667;3;2;1;1;1;4;1,58333333333333;2;3;1;1;2;2;4;1;1,8125;6;6;5,5;2,25;7;2,33333333333333;1;4;1;1;1;1,3;1;4;1;1,9;1;3;7;1;1,9;1,3;1,2;,2;-,269887740874376;-,0136592252230344;-3,05220704940383E-016;,6062589477307;,5;,5;,25;-,00682961261151718;-,00682961261151718;-,00341480630575859;-1,52610352470192E-016;-1,52610352470192E-016;-7,63051762350958E-017;,30312947386535;,30312947386535;,151564736932675
137;1;1;1;4;1;3;4;4;4;4;4;4;4;7;5;7;3;5;5;3;4;5;5; ;3;6;2;6;3;7;2;7;3;6;2;7;2;7;1;1;1;2;1;2;1;3;4;6;4;6;6;6;6;6;6;6;3;3;6;4;5;7;6;5;2;5;6;5;6;3;2;5;4;4;5;4;5;4;6;2;1;1;1;4;4;1;6;7;6;1;5;1;1;1;4;5;6;2;3;2;3;6;2;2;6;7;7;7;2;6;2;6;6;2;2;6;2;4;6;2;2;5;1;2;6;2;6;2;2;6;3;1;6;2;6;2;2;6;16;13;22;6;3;16;16;16;6;2;6;5;5;2;6;1;6;4;2;5;3;1;2;3;1;193;1;2;1;1;1615;1302; ;1115;1000;1073;1083;758;1165;1466;827;1086;1091;1074;715;725;1229;1435; ;899;837;921;1362;1008;1358;1354;1648;1658;1234;1050;881;649;1101;1204; ;1511;921;1369;707;954;1039;1769;1241; ;1016;842;925;866;7,38709023565676;7,17165682276851; ;7,01660968389422;6,90775527898214;6,9782137426307;6,98749024700099;6,63068338564237;7,0604763659998;7,2902928824466;6,71780469502369;6,99025650049388;6,99484998583307;6,97914527506881;6,57228254269401;6,58617165485467;7,11395610956603;7,26892012819372; ;6,80128303447162;6,72982407048948;6,82546003625531;7,21670948670946;6,91572344863131;7,21376830811864;7,21081845347222;7,40731771046942;7,41336733569524;7,11801620446533;6,95654544315157;6,78105762593618;6,47543271670409;7,00397413672268;7,09340462586877; ;7,32052696227274;6,82546003625531;7,22183582528845;6,56103066589657;6,86066367144829;6,94601399109923;7,47816969415979;7,12367278520461; ;6,92362862813843;6,73578001424233;6,82979373751242;6,76388490856244;6;4;1;1;2;5;1;1;2;6;6;7;2;6;4;2;1;2;1;2;5;1;1;1;1225,14285714286;939,875;1368,71428571429;992,75;1310,83333333333;950;1082,50892857143;1180,73214285714;1130,41666666667;7,09059816946907;6,82957401408834;7,20420443999813;6,87734612904284;7,16096036588797;6,84025968591803;6,96008609177871;7,04077528452048;7,000610025903;,0405239341242929;-,0401652586174857;1;1;1,83333333333333;4;3;4;3;4,54545454545455;2;2;1;1;2;1;1,91666666666667;1;4;2;4;2;2;2;2;1,9375;6,25;4,75;5,75;3,5;4;4;2;4;1;2;1,8;2,3;2;2;1;2,5;2;3;6;2;2,3;2,3;2,2;,4;-,687243337702848;1,95326920689386;,229098642172545;,860411170360162;,5;,5;,25;,976634603446929;,976634603446929;,488317301723464;,114549321086272;,114549321086272;,0572746605431361;,430205585180081;,430205585180081;,215102792590041
101;1;2;1;2;4;1;4;4;3;4;4;4;3;6;5;7;7;4;5;5;2;6;7;6;6;4;4;6;3;6;3;4;5;6;3;3;4;5;2;1;1;5;3;3;1;3;4;6;6;4;5;6;6;6;7;7;4;5;7;3;5;7;6;5;1;4;5;7;6;4;1;5;5;2;2;1;1;1;1;1;3;2;1;5;4;2;4;7;5;1;5;1;1;1;1;6;4;1;6;6;6;6;4;3;4;7;6;6;3;5;5;3;1;4;4;5;6;4;4;4;4;5;4;4;5;4;5;4;4;4;4;6;6;4;4;3;4;4;16;19;6;22;16;19;19;19;6;2;7;6;7;3;6;5;4;2;2;5;4;1;6;3;1;138;2;2;1;1;2489;1394;1588;1029;1022;1701;1107;772;1227; ;1758;1432;1336;1023;1393;962;1051;1810;2138;1972;988;1433;2004;1384;1267;2214;1345;1415;1843;1393;2083;1125;1134;2481;2335;1270; ;975;1443;1253;1220;1315;1539;2382;1178;1060;1665;1037;7,81963630236759;7,23993259132047;7,37023064180708;6,93634273583405;6,92951677076365;7,43897159239586;7,00940893270864;6,64898455002478;7,11232744471091; ;7,47193207824512;7,26682734752059;7,19743535409659;6,93049476595163;7,23921497377981;6,86901445066571;6,95749737087695;7,50108212425987;7,66762609158499;7,58680353516258;6,89568269774787;7,26752542782817;7,60290046220476;7,23273313617761;7,14440718032114;7,70255611326858;7,20414929203594;7,25488481007734;7,51914995766982;7,23921497377981;7,64156444126097;7,02553831463852;7,0335064842877;7,8164169836918;7,755767170103;7,14677217945264; ;6,88243747099785;7,27447955877387;7,13329595489607;7,1066061377273;7,18159194461187;7,33888813383888;7,77569574991525;7,07157336421153;6,96602418710611;7,41758040241454;6,94408720822953;4;2;1;1;2;6;1;1;4;7;5;7;3;3;7;2;2;2;1;1;6;1;2;1;1559,57142857143;1164,5;1651,5;1531,625;1709,5;1230,14285714286;1362,03571428571;1591,5625;1469,82142857143;7,31674702025797;7,03288017379833;7,37737581469842;7,30303867641344;7,39440559795355;7,09849687808993;7,17481359702815;7,34020724555593;7,24645123802174;,0716376409935888;-,093756007534191;1;2;1,83333333333333;3,71428571428571;4;6;2;5,83333333333333;4;2;2;4;2;5;3,41666666666667;3;4;2;2;4;3;2;2;2,5625;6;6;6;3,25;7;3,11111111111111;7;3;1;3;2;2,8;4;2;1;3,7;4;2;4;1;1,9;2,8;2,6;,6;-1,89564524949354;,904240709764848;,229098642172545;,6062589477307;,5;,5;,25;,452120354882424;,452120354882424;,226060177441212;,114549321086272;,114549321086272;,0572746605431361;,30312947386535;,30312947386535;,151564736932675
36;0;1;1;1;3;2;2;4;4;4;1;3;4;5;6;6;6;2;2;5;2;7;6;6;6;2;4;7;4;2;5;7;5;6;5;5;3;5;4;1;1;1;1;1;2;5;5;5;5;6;6;6;5;4;5;7;2;2;7;4;4;7;6;7;5;7;6;6;6;3;2;4;3;2;3;2;2;2;5;1;1;1;1;5;1;1;3;6;4;2;2;2;2;4;2;2;5;2;2;2;2;5;2;2;3;5;5;5;5;3;6;3;2;6;5;5;4;6;4;5;3;4;3;3;4;4;4;3;2;4;4;4;5;5;5;5;4;4;3;28;19;16;22;9;16;19;4;2;7;3;6;4;6;1;3;2;2;5;2;1;1;3;1;113;1;2;1;1;2360;1978;1273; ;2105;2072;1920;2321;2487;1443;2039;3269;1196;2310;1048;1274;2271;2986;1010;1229;1735;2633;1292;1501;1156;2641;2668;2244;1015;867;2593;1846;1208;974;2293;3357;1694;1049;1027;1224;2358;1881;1707; ;1082;793;1910;913;7,76641689801966;7,58984151218266;7,14913159855741; ;7,65207074611648;7,63626960337937;7,56008046502183;7,74975340627444;7,8188324438034;7,27447955877387;7,62021477057445;8,09223940672421;7,08673793451058;7,74500280351584;6,95463886488099;7,14991683613211;7,72797554210556;8,00168997809913;6,9177056098353;7,11395610956603;7,45876269238096;7,87587915949631;7,16394668434255;7,31388683163346;7,05272104923232;7,87891291229713;7,88908440703551;7,71601526664259;6,92264389147589;6,76503897678054;7,86057078553866;7,5207764150628;7,09672137849476;6,88141130364254;7,7376162828579;8,11880299698004;7,434847875212;6,9555926083963;6,93439720992856;7,10987946307227;7,76556908109732;7,53955882930103;7,44249272279444; ;6,98656645940643;6,67582322163485;7,55485852104068;6,81673588059497;5;1;1;1;1;4;1;1;4;1;2;7;3;5;4;2;3;2;1;1;2;1;1;1;2121,28571428571;1780,75;2025,625;1685,25;1968,28571428571;1211,5;1951,01785714286;1855,4375;1589,89285714286;7,61587945551938;7,44180883247895;7,5372576093517;7,3601881795889;7,51173894216686;7,05858765491076;7,52884414399917;7,4487228944703;7,28516329853881;-,243680845460359;-,163559595931488;1;1;1,33333333333333;3,14285714285714;6;6;1;5,58333333333333;6;1;6;1;2;3;3,75;3;3;3;3;2;2;2;3;2,3125;5,75;5;6,75;3,75;6;3;3;3;2;4;2,4;1,7;3;3;3;2,4;3;4;4;7;2,4;1,7;2;-,4;,129680351307561;,773112147623722;-,458197284345091;,352106725101237;,5;,5;,25;,386556073811861;,386556073811861;,193278036905931;-,229098642172545;-,229098642172545;-,114549321086273;,176053362550619;,176053362550619;,0880266812753094
148;0;0;1;2;3;0;2;4;3;4;4;4;4;4;2;7;5;7;2;1;4;5;1;2;1;7;1;7;2;7;1;7;1;7;1;6;1;6;1;1;1;1;1;2;1;1;7;7;7;5;7;7;5;7;7;7;1;7;4;5;1;6;2;6;1;7;7;7;5;1;1;1;1;3;1;7;1;1;7;1;1;1;1;4;1;1;4;7;7;1;7;1;1;1;1;1;7;1;1;1;1;4;1;1;4;7;6;5;4;6;3;3;3;4;1;1;4;1;7;1;1;4;1;1;4;1;7;1;1;4;1;1;4;1;7;1;1;4;16;16;13;16;2;16;13;13;5;3;7;4;7;5;7;1;5;3;2;6;3;1;6;1;1;182;2;2;1;1;1755; ;1827;1657;1275;1086;1907;1689;1523;1822;2227;2309;978;2714;1374; ;1304;2322;3505;1289;1625;999;3266;2438;1532;1877;2250;2610;1011;1020;2005;1259;1916;1228;1408;1613;1045;3607;1189;1548;1232;4035;1462;3537;1169;1209;3635;1689;7,47022413589997; ;7,51043055637801;7,41276401742656;7,15070145759253;6,99025650049388;7,55328660560042;7,4318919168078;7,32843735289516;7,5076900778199;7,70841066725737;7,7445698093545;6,88550967003482;7,90617884039481;7,22548147278229; ;7,1731917424866;7,75018416225784;8,16194579946869;7,16162200293919;7,39326309476384;6,90675477864855;8,09132127353041;7,79893331004122;7,33432935030054;7,53743003658651;7,71868549519847;7,86710550031674;6,91869521902047;6,92755790627832;7,60339933974067;7,13807303404435;7,55799495853081;7,11314210870709;7,24992553671799;7,38585107812521;6,95177216439891;8,19063168090354;7,08086789669078;7,34471905414967;7,11639414409346;8,30276158070405;7,28756064030972;8,17103418920548;7,06390396147207;7,09754885061479;8,19836438996762;7,4318919168078;3;3;1;1;5;4;1;1;5;7;7;7;3;4;7;3;1;1;1;4;5;1;2;1;1874,28571428571;1574,71428571429;2086,125;1702,875;2053,875;1886,375;1724,5;1894,5;1970,125;7,5260752310045;7,30618663767236;7,58806176119432;7,34724974450848;7,52308302954923;7,41996248937565;7,41613093433843;7,4676557528514;7,47152275946244;,0553918251240075;,00386700661103845;1;3;1;3,57142857142857;1;4;3;2,91666666666667;1;1;1;1;1;2;1,16666666666667;2;1;1;1;3;1;1;3;1,375;6,25;6,75;5;2;1;1,22222222222222;1;4;1;1;1;1,6;1;4;1;1,6;5;4;3;1;2,5;1,6;2,2;1,2;,404684870778249;-1,3249448466343;-,916394568690181;,860411170360162;,5;,5;,25;-,662472423317148;-,662472423317148;-,331236211658574;-,45819728434509;-,45819728434509;-,229098642172545;,430205585180081;,430205585180081;,215102792590041
2;1;2;2;2;1;3;5;3;4;4;4;4;4;7;6;6;6;3;6;5;1;5;7;6;5;6;4;6;4;2;2;7;3;5;3;4;4;5;3;5;1;4;1;1;1;5;5;5;5;3;4;3;4;4;5;6;3;7;4;3;5;5;6;6;1;4;6;7;7;2;2;2;3;1;1;7;1;2;6;4;2;4;4;4;4;4;2;6;5;5;1;4;4;4;4;6;6;5;5;4;4;4;4;4;2;5;6;6;3;4;3;4;4;3;3;3;4;4;3;2;4;4;5;4;4;4;4;4;4;4;4;5;4;4;4;4;4;4;14;8;15;13;13;14;16;16;6;3;5;4;6;6;6;4;4;2;2;5;4;1;2;1;1;161;1;2;1;1;2707;4284;3941;3615;2420;1973;3574;1276;5877;3233;2836;3678;2971;4480;3282;2403;3332;5747;2346;6305;5197;3919;1863;4278;3040;3707;5395;4925;3288;2058;2657;3425;4430;1942;3131;4481;4138;2822; ; ;4013;3997;2695;4158;3294;3092;1677;2192;7,9035962896143;8,36264243156764;8,279189777195;8,19284713459287;7,79152281915073;7,58731050602262;8,18144069571937;7,15148546390474;8,67880170661265;8,08116577772543;7,95014988765202;8,21012440516427;7,99665387546261;8,40737832540903;8,09620827165004;7,78447323573647;8,11132800328673;8,65643325850774;7,76046702921342;8,74909824839902;8,55583681500844;8,27359179819963;7,52994337060159;8,36124088964235;8,01961279440027;8,21797820315073;8,59322787769223;8,50207955360619;8,09803475617607;7,62948991639399;7,88495294575981;8,13885675069633;8,39615486303918;7,57147364885127;8,04910772132641;8,40760151478614;8,32796785830549;7,94520113241276; ; ;8,29729437026692;8,29329935871132;7,8991534833431;8,33278946841796;8,09985791073759;8,03657340970731;7,42476176182321;7,69256964806791;7;5;2;1;2;4;4;2;2;7;5;6;3;3;6;6;5;5;3;2;5;1;1;1;3771,375;2797,375;4349,625;3335,625;3605,875;2869,16666666667;3284,375;3842,625;3237,52083333333;8,20731467626552;7,87455914913195;8,32627812103204;8,05899340530978;8,15585930359279;7,92115528684238;8,04093691269874;8,19263576317091;8,03850729521758;-,00242961748115533;-,154128467953328;1;2;1,83333333333333;4;5;7;3;5,91666666666667;2;2;6;1;3;4;3,16666666666667;3;3;3;3;5;4;5;4;3,1875;5,5;6,25;5;3;1;1,66666666666667;2;4;2;3;4,6;3,2;2;4;3;3,7;1;4;6;1;2,8;3,2;4,8;,2;-,829594415060633;-,800430598069791;,229098642172545;,097954502471775;,5;,5;,25;-,400215299034896;-,400215299034896;-,200107649517448;,114549321086272;,114549321086272;,0572746605431361;,0489772512358875;,0489772512358875;,0244886256179437
172;2;2;2;1;3;2;3;4;4;4;3;4;4;7;5;7;6;6;3;5;2;7;2;4;3;7;3;7;1;7;4;7;3;7;7;1;3;7;1;1;1;1;1;4;1;5;6;7;7;7;7;7;7;4;7;7;1;1;7;1;2;4;7;7;1;7;4;7;4;4;1;2;7;2;1;7;7;1;7;1;1;1;1;7;1;1;1;7;7;1;7;1;1;1;1;4;7;1;1;4;2;7;1;1;1;7;7;7;4;7;4;5;5;2;1;1;3;1;5;1;1;6;1;1;5;1;5;1;1;5;5;1;7;3;6;1;1;7;13;13;19;6;9;6;22;25;7;3;6;1;7;6;6;1;3;4;2;6;4;2;1; ;1;185;1;2;1;1;1120;1647;1545;2029;1304;943;1091;1014;1137;1922;1185; ;1055;1251;1010;1983;1188;1160;2137;1750;2627;1157;1219;1358;1009;2996;1755;1735;1006;789;2188;1020;1182;883;1816;3036;1812;2620;2050; ;1170;1875;2283;1135;1515;1882;2365;1380;7,02108396428914;7,40671073017764;7,34277918933185;7,61529833982581;7,1731917424866;6,84906628263346;6,99484998583307;6,92165818415113;7,03614849375054;7,56112158953024;7,07749805356923; ;6,96129604591017;7,13169851046691;6,9177056098353;7,5923661285198;7,08002649992259;7,05617528410041;7,66715825531915;7,46737106691756;7,87359778968554;7,05358572719368;7,10578612948127;7,21376830811864;6,91671502035361;8,00503334463711;7,47022413589997;7,45876269238096;6,91373735065968;6,67076632084587;7,69074316354187;6,92755790627832;7,07496319796604;6,78332520060396;7,50439155916124;8,01829613851552;7,50218648660292;7,87092959675514;7,62559507213245; ;7,0647590277918;7,53636393840451;7,7332456465298;7,0343879299155;7,32317071794347;7,54009032014532;7,76853330092603;7,22983877815125;5;1;1;1;1;4;1;1;4;7;5;7;1;6;4;1;1;1;1;4;5;1;1;1;1512,14285714286;1206,375;1716,25;1420,5;1672,5;1946,28571428571;1359,25892857143;1568,375;1809,39285714286;7,29437719435349;7,06772906122955;7,39018328744142;7,18119283697561;7,34371657986105;7,55147775323666;7,18105312779152;7,28568806220851;7,44759716654885;,266544038757328;,161909104340337;1;2;2;3,71428571428571;2;6;1;4,75;1;1;1;1;1;7;2,75;1;2;1;1;1;1;1;1;1,5;4;5,5;7;1,25;1;2,88888888888889;1;1;1;1;1,6;1;1;1;1;1,4;3;4;4;1;1,8;1;1,8;,2;-,111356924713285;,641983585482596;,45819728434509;-1,426958833305;,5;,5;,25;,320991792741298;,320991792741298;,160495896370649;,229098642172545;,229098642172545;,114549321086272;-,7134794166525;-,7134794166525;-,35673970832625
165;2;3;2;3;3;2;4;4;3;4;4;4;3;5;6;5;5;4;4;5;2;5;5;4;4;5;4;6;4;7;4;7;4;6;5;2;4;5;2;1;1;1;1;1;1;4;4;6;4;5;5;4;5;7;6;7;2;5;7;5;2;6;7;6;2;6;6;6;7;4;1;2;2;1;1;4;3;2;6;5;4;4;4;4;4;4;2;3;4;4;6;4;4;4;4;4;6;4;4;4;4;4;4;4;2;4;7;5;4;6;4;6;5;3;4;2;6;4;4;3;3;4;4;4;4;4;4;4;4;4;4;4;5;3;5;3;4;5;3;31;22;16;16;19;16;16;6;4;6;6;5;6;7;3;4;2;2;4;3;1;2;1;1;154;2;2;1;1;2392;2082;1294;1312;1028;1025;1179;1315;2055;2341;971;2244;956;893;1061;955;1348;1774;2132; ;1131;1094;1044;1625;1146;1030;1473;1737;1145;852;1423;903;1647; ;2009; ;1603;985;1465;1727;1173;1550;1273;1749;1149;1337;828;1700;7,77988511507052;7,64108424917491;7,16549347506085;7,17930796950403;6,93537044601511;6,93244789157251;7,07242190053737;7,18159194461187;7,62803112693033;7,75833346749091;6,87832646829133;7,71601526664259;6,8627579130514;6,7945865808765;6,96696713861398;6,86171134048073;7,20637729147225;7,48099216286952;7,66481578528574; ;7,03085747611612;6,99759598298193;6,95081476844258;7,39326309476384;7,04403289727469;6,93731408122368;7,29505641646263;7,4599147662411;7,04315991598834;6,74758652682932;7,26052259808985;6,80572255341699;7,40671073017764; ;7,60539236481493; ;7,37963215260955;6,89264164117209;7,28961052145117;7,45414107814668;7,06731984865348;7,34601020991329;7,14913159855741;7,4667994750186;7,04664727784876;7,19818357710194;6,71901315438526;7,43838353004431;6;4;2;2;2;4;4;4;2;4;5;7;3;5;4;4;5;4;3;4;5;1;2;1;1836,375;1051,5;1520;1152,125;1566,83333333333;1349,25;1443,9375;1336,0625;1458,04166666667;7,46830964227069;6,95098189446993;7,29835762868994;7,02869036457862;7,34022737118923;7,17728161659497;7,20964576837031;7,16352399663428;7,2587544938921;,049108725521787;,0952304972578144;1;3;2,5;3,71428571428571;4;6;3;4,83333333333333;3;2;1;1;2;6;3,33333333333333;3;4;2;4;3;3;4;3;2,375;6,5;5,75;6,75;2,75;4;2,22222222222222;2;4;5;4;4;3,8;2;4;4;3,6;2;4;6;4;3,4;3,8;4,2;,2;-,480173305131842;-,144787787364161;1,14549321086272;1,11456339298962;,5;,5;,25;-,0723938936820803;-,0723938936820803;-,0361969468410401;,572746605431362;,572746605431362;,286373302715681;,557281696494812;,557281696494812;,278640848247406
57;0;2;2;1;2;0;3;4;3;4;3;4;3;7;5;7;5;6;2;1;4;4;3;3;3;6;1;7;1;7;1;7;1;7;1;7;1;7;1;1;1;1;3;1;1;3;7;7;7;7;7;7;7;5;4;5;1;7;6;4;1;2;3;7;1;7;2;7;6;1;1;1;1;1;1;1;1;1;7;1;1;1;1;4;1;1;1;7;7;1;7;1;1;1;2;2;7;1;4;1;1;4;1;1;1;7;4;1;3;4;2;5;4;3;1;1;4;1;4;2;1;4;1;1;4;1;4;1;1;4;1;1;4;1;4;1;1;4;16;0;16;9;6;22;25;25;3;5;6;4;7;6;6;2;4;4;2;6;2;1;1;1;1;141;1;2;1;1;2136;2035;1026;2032;1025;2821;914;1963;2475;2951;1470;3423;1132;1234;1333;807;1213;1762;2216;1631;1062;921;1981;3942;1069;999;2362;1669;2063;1344;1483; ;1594;1131;1460;1760;2535;1242;1906;2374;4208;3616;3017;1736;1055;1525;1622; ;7,66669020008009;7,6182510978767;6,93342302573071;7,61677580869837;6,93244789157251;7,944846711002;6,81783057145415;7,58222919427646;7,81399567500279;7,98989937494294;7,29301767977278;8,13827263853019;7,03174125876313;7,11801620446533;7,19518732017871;6,69332366826995;7,10085190894405;7,47420480649612;7,70345904786717;7,39694860262101;6,96790920180188;6,82546003625531;7,59135704669855;8,27944348771267;6,97447891102505;6,90675477864855;7,76726399675731;7,41997992366183;7,63191651307125;7,2034055210831;7,30182234213793; ;7,37400185935016;7,03085747611612;7,28619171470238;7,4730690880322;7,83794891602528;7,12447826249342;7,55276208421415;7,77233157516961;8,34474275441755;8,19312372151207;8,01201823915906;7,4593388952203;6,96129604591017;7,32974968904151;7,39141523467536; ;7;4;1;1;1;4;3;1;1;7;7;7;1;7;7;1;1;2;1;4;5;1;1;1;2193,5;1403,625;1615,125;1828;2315,25;1751,28571428571;1798,5625;1721,5625;2033,26785714286;7,63379068757932;7,16445285249778;7,34299274700264;7,40018773553724;7,64666796856373;7,42428311536136;7,39912177003855;7,37159024126994;7,53547554196254;,136353771923994;,163885300692604;1;3;1,16666666666667;3,42857142857143;2;4;4;3,83333333333333;2;1;1;1;1;1;1,08333333333333;1;1;1;1;1;1;1;1;1,25;3,75;6,25;5,25;1,75;7;1,66666666666667;1;4;1;1;1,2;1,3;1;4;1;1,6;1;4;7;1;2,4;1,3;2;,8;,563215686939339;-,800430598069791;-,687295926517636;-1,68111105593446;,5;,5;,25;-,400215299034896;-,400215299034896;-,200107649517448;-,343647963258818;-,343647963258818;-,171823981629409;-,840555527967231;-,840555527967231;-,420277763983615
118;1;1;2;3;2;2;3;3;3;3;3;3;4;4;3;3;4;5;2;2;3;4;5;4;2;5;2;6;4;2;4;5;3;5;5;3;3;3;1;1;1;3;1;5;1;4;5;5;5;4;4;5;5;6;7;6;3;7;7;5;1;7;5;6;2;7;7;7;7;3;3;4;4;5;2;3;3;2;4;5;2;2;2;5;3;3;3;5;4;5;4;5;5;5;5;5;4;3;3;3;3;4;2;2;4;5;6;6;4;6;4;5;5;4;5;5;4;3;4;5;3;4;5;4;5;3;4;4;3;5;5;3;4;5;5;4;4;5;13;19;22;16;16;9;13;16;5;4;5;4;5;4;6;3;3;3;2;5;5;1;1;2;1;126;2;2;1;1;1947;2467;1538;1770;1246;2583;1413;902;2472;1225; ;1808;1159;2330;1314;2285;1323;1906;2328;3982;1527;1079;2293;2191;3150;1726;3565;2964;2948;1693;2058;1832;1803;1390; ;2841;2595;1141;2911;1735;1308;1908;2148;2657;5188;2926;2875;2076;7,5740450053722;7,81075811652936;7,33823815006559;7,47873482556787;7,1276936993474;7,85670679309584;7,25347038268453;6,80461452006262;7,81278281857758;7,11069612297883; ;7,49997654095212;7,05531284333975;7,75362354655975;7,18083119904456;7,7341213033283;7,18765716411496;7,55276208421415;7,75276480885133;8,28953948462414;7,33106030521863;6,98378996525813;7,7376162828579;7,69211333959547;8,05515773181968;7,45356187164337;8,1789193328484;7,99429498641598;7,98888225330923;7,43425738213314;7,62948991639399;7,51316354523408;7,49720722320332;7,23705902612474; ;7,95191138185419;7,86134179559999;7,03966034986208;7,97625194374562;7,45876269238096;7,17625453201714;7,55381085200823;7,67229245562876;7,88495294575981;8,55410354543633;7,98139158158007;7,96380795323145;7,63819824428578;4;1;1;1;1;5;1;1;1;4;1;7;2;4;4;2;1;1;2;3;2;1;2;1;1889,57142857143;1654;2618;1952,625;2007,85714285714;2680,875;1771,78571428571;2285,3125;2344,36607142857;7,51789022572051;7,34579678593284;7,8080821830665;7,53879662375007;7,56764120237088;7,80918976326529;7,43184350582668;7,67343940340828;7,68841548281809;,25657197699141;,0149760794098004;1;2;1,83333333333333;3,14285714285714;3;5;4;3,41666666666667;3;2;6;3;3;5;3,58333333333333;5;3;3;3;4;4;3;3;2,8125;6,75;6,75;6,25;2,75;5;3,44444444444444;4;3;3;4;5;3;4;4;3;3,1;4;3;7;4;2,4;3;1,6;-3,4;-1,27930948949572;1,29762639618823;,229098642172545;1,36871561561909;,5;,5;,25;,648813198094113;,648813198094113;,324406599047057;,114549321086272;,114549321086272;,0572746605431361;,684357807809543;,684357807809543;,342178903904772
19;0;0;1;1;3;1;2;2;3;3;2;3;4;7;4;7;5;6;2;1;1;4;4;3;2;7;1;7;1;7;1;7;1;6;1;6;1;6;1;1;1;1;1;2;1;5;5;6;5;4;5;6;7;3;6;6;2;7;7;3;1;3;5;4;2;7;7;4;5;1;1;1;1;1;1;7;1;1;7;1;1;1;1;4;1;1;2;7;7;1;3;1;1;1;1;2;5;1;1;1;1;4;1;1;4;7;7;5;3;6;3;5;4;3;4;4;4;4;4;4;4;4;4;4;4;4;4;4;4;4;4;4;4;4;4;4;4;4;16;6;16;9;3;15;15;15;5;4;5;3;6;4;6;3;6;2;2;5;3;1;2;1;1;106;2;2;1;1;1974;1152;3361;1971;1921;2483;1607;1369;1021;650;3716;1624;1226;1584;978;643;2537;3273; ;2463;1547;1417;1524;2190;893;1279; ;2734;1816;1035;635;1676;1195;1436; ;1676;1707;1390;923;1036;1355;1300;3061;3512;1588;2003;483;1983;7,58781721999343;7,04925484125584;8,11999382772511;7,58629630715272;7,56060116276856;7,81722278550817;7,38212436573751;7,22183582528845;6,92853781816467;6,47697236288968;8,22040309993373;7,39264752072162;7,11151211649616;7,36770857237437;6,88550967003482;6,46614472423762;7,83873755959928;8,09346227450118; ;7,80913539812054;7,34407285057307;7,25629723969068;7,32909373624659;7,69165682281055;6,7945865808765;7,15383380157884; ;7,91352101728389;7,50439155916124;6,94215670569947;6,45362499889269;7,42416528104203;7,08590146436561;7,26961674960817; ;7,42416528104203;7,44249272279444;7,23705902612474;6,82762923450285;6,94312242281943;7,2115567333138;7,17011954344963;8,02649693894541;8,16394095475501;7,37023064180708;7,60240133566582;6,18001665365257;7,5923661285198;7;1;1;1;1;4;1;1;1;7;3;7;5;2;7;1;1;1;1;1;5;1;2;1;1933,625;1476,375;2196,5;1480;1933,57142857143;1389,125;1705;1838,25;1661,34821428571;7,4202403747296;7,22658240280571;7,60054610532671;7,24318239926454;7,47882823792567;7,14941477073584;7,32341138876765;7,42186425229562;7,31412150433075;-,00928988443689871;-,10774274796487;1;1;1;2,71428571428571;2;7;4;4;1;1;1;1;2;2;1,16666666666667;2;3;2;3;4;3;2;1;2,0625;4,5;5,25;6,25;2;1;1;1;4;1;1;1,2;1,4;3;4;1;1,8;1;4;7;1;1,9;1,4;1,8;,6;-,378271574782321;-1,58720197091655;-,916394568690181;-,918654388046075;,5;,5;,25;-,793600985458274;-,793600985458274;-,396800492729137;-,45819728434509;-,45819728434509;-,229098642172545;-,459327194023037;-,459327194023037;-,229663597011519
105;0;0;0;2;1;1;4;5;4;5;4;5;5;6;5;6;7;1;5;6;1;6;6;6;6;6;6;7;4;7;1;7;1;7;1;6;1;7;1;1;1;1;1;1;1;4;5;7;6;7;7;6;7;3;7;7;1;7;7;4;5;7;6;5;1;4;2;7;6;1;1;1;4;2;1;6;1;1;7;1;1;1;1;4;4;1;1;7;7;1;5;1;1;1;5;4;4;1;5;1;1;4;4;1;4;7;4;1;5;7;4;5;3;5;4;4;4;4;4;4;4;4;4;4;4;4;4;4;4;4;4;4;4;4;4;4;4;4;3;0;6;19;25;16;19;16;7;5;5;5;7;2;7;3;5;1;2;5;4;2;6;3;1;186;2;2;1;1;1275;1108;1082;1613;1396;839;932;1316;1130;1541; ; ;1402;1003;935;1041;1002;1033;1594;1268;1340;1035;1216;889;959;1003;1611;1599;1110;933;1759;2467;2480;1158;1052;3164;900;2114;1032;1474;1129;1297;1526;3198;2452;1685;1221;1026;7,15070145759253;7,01031186730723;6,98656645940643;7,38585107812521;7,24136628332232;6,73221070646721;6,83733281468559;7,18235211188526;7,02997291170639;7,34018683532012; ; ;7,24565506759454;6,91075078796194;6,84054652928869;6,94793706861497;6,90975328164481;6,94022246911964;7,37400185935016;7,14519613499717;7,20042489294496;6,94215670569947;7,10332206252611;6,7900972355139;6,86589107488344;6,91075078796194;7,38461038317697;7,37713371283395;7,01211529430638;6,83840520084734;7,47250074473756;7,81075811652936;7,81601383915903;7,05444965813294;6,95844839329766;8,05959232888755;6,80239476332431;7,65633716643018;6,93925394604151;7,29573507274928;7,02908756414966;7,16780918431644;7,3304052118444;8,0702808933939;7,8046592970561;7,42952084278646;7,1074254741107;6,93342302573071;7;1;1;1;1;4;1;1;1;7;5;7;3;5;5;4;4;4;1;7;4;1;2;1;1291,5;1108;1258,625;1343,625;1875,5;1488;1199,75;1301,125;1681,75;7,15059843490965;6,99226892122756;7,11344496299601;7,14622253163814;7,4357608841477;7,24609369852866;7,07143367806861;7,12983374731707;7,34092729133818;,269493613269572;,211093544021105;1;2;,666666666666667;4,57142857142857;7;7;2;6,08333333333333;2;1;1;1;1;2;1,83333333333333;1;3;1;2;1;1;2;1;1,4375;4,5;6,5;6;2,75;2;1,55555555555556;1;4;1;1;1,6;1,6;4;4;1;2,6;1;4;7;1;1,9;1,6;3,4;1,8;-,59503924259821;-,931559160210917;-1,37459185303527;-,918654388046075;,5;,5;,25;-,465779580105459;-,465779580105459;-,232889790052729;-,687295926517636;-,687295926517636;-,343647963258818;-,459327194023037;-,459327194023037;-,229663597011519
174;1;2;2;0;3;2;4;4;3;5;4;4;4;7;4;6;6;4;4;3;2;4;3;3;4;7;2;7;2;7;1;7;2;6;4;5;3;6;2;1;1;5;1;2;1;4;5;6;4;5;6;6;6;7;7;5;2;5;6;2;1;6;3;5;1;7;6;4;7;1;1;1;3;1;1;4;1;1;5;1;1;2;1;4;1;1;2;7;4;4;3;4;4;2;5;5;5;2;1;1;1;4;1;1;4;7;6;4;4;5;5;4;4;4;3;2;5;4;5;4;4;4;4;2;5;4;5;4;4;4;4;2;4;5;4;4;5;4;20;23;19;18;16;20;20;20;5;2;3;4;5;5;6;2;4;3;2;5;3;1;2;1;1;129;1;2;1;1;2344;2031;3275;2678;1301;3055;2253;1856;4147;2087;3726;4459;1666;1984;2457;2750;3097;2073;4240;3711;2995;2318;1550;3590;1096;1611;3393;3612;3206;1314;1694;3355;2546;2859;2830;4002;3060;1570;2968;1944;1317;1122; ; ;1427;2980;2274;3933;7,7596141506969;7,61628356158039;8,09407314806935;7,89282552625112;7,1708884785125;8,0245348716057;7,72001794043224;7,52617891334615;8,33014046024638;7,6434829070772;8,22309055116153;8,40267980462748;7,41818082272679;7,59287028784482;7,80669637252118;7,91935619066062;8,0381891799732;7,63675211243578;8,352318548226;8,2190566610606;8,00469951054955;7,7484600238997;7,34601020991329;8,18590748148232;6,99942246750796;7,38461038317697;8,12946976478423;8,19201691453688;8,0727793331695;7,18083119904456;7,434847875212;8,11820704940578;7,84227877911735;7,95822719232231;7,94803199063728;8,29454951514368;8,02617019494643;7,35883089834235;7,99564360428727;7,57250298502038;7,18311170174328;7,02286808608264; ; ;7,26332961747684;7,99967857949945;7,72929567431048;8,27715777243181;5;1;1;2;1;4;4;1;4;7;3;7;6;2;4;5;3;5;3;6;5;1;1;1;3093,375;2165,25;2854,125;2502,75;2446;2519,5;2629,3125;2678,4375;2482,75;7,99527376371379;7,64734048470625;7,8689795039627;7,76146783533459;7,70817787750776;7,77782616578938;7,82130712421002;7,81522366964865;7,74300202164857;-,0783051025614547;-,0722216480000792;1;1;1,66666666666667;4;4;6;4;4,5;1;1;1;1;2;3;1,91666666666667;2;3;2;4;3;2;2;2;2,3125;6,5;5,25;5,25;1,5;4;1,55555555555556;3;4;1;4;3,8;1,7;3;4;1;1,9;3;4;4;1;2,2;1,7;4,2;,4;-,203561019817924;-,931559160210917;-3,05220704940383E-016;1,11456339298962;,5;,5;,25;-,465779580105459;-,465779580105459;-,232889790052729;-1,52610352470192E-016;-1,52610352470192E-016;-7,63051762350958E-017;,557281696494812;,557281696494812;,278640848247406
33;3;2;2;2;3;4;2;4;2;1;2;4;1;5;2;5;4;6;3;1;2;4;4;6;3;5;3;7;2;7;1;7;5;6;2;6;2;7;2;1;1;2;1;2;1;2;4;6;7;6;4;5;6;5;6;3;3;2;7;4;2;5;6;3;1;5;6;6;5;4;5;6;4;1;5;3;5;3;7;2;1;1;2;4;2;1;2;7;6;1;2;1;1;2;4;2;7;6;4;5;5;6;4;2;2;7;5;5;5;6;4;4;4;4;4;4;4;4;4;4;4;4;4;4;4;4;4;4;4;4;4;4;4;4;4;4;4;4;19;22;19;25;25;19;19;19;6;3;3;2;7;4;6;2;3;2;1;5;3;1;1;2;1;178;2;1;1;1;2162; ;2247;1630;1417;1307;2121;1175;1038;1801;2648;2781;999;1237;1179;1595;968;1554;2178;1178; ;1071;1139;2380;1147;1577;2038;1838;1617;3034;1678;2470;1452;1464;1977; ;937;1493;1116;1709;2596;2081;1701;2109;965;1548;1381;1253;7,67878899819915; ;7,71735127218533;7,39633529380081;7,25629723969068;7,17548971362422;7,65964295456468;7,06902342657826;6,94505106372583;7,49609734517596;7,8815599170569;7,93056585423397;6,90675477864855;7,12044437239249;7,07242190053737;7,37462901521894;6,87523208727658;7,34858753092759;7,68616230349291;7,07157336421153; ;6,97634807044775;7,03790596344718;7,77485576666552;7,04490511712937;7,36327958696304;7,61972421378267;7,51643330291563;7,38832785957711;8,01763715990848;7,42535788702715;7,81197342962202;7,28069719538474;7,28892769452126;7,58933582317062; ;6,84268328223842;7,30854279753919;7,01750614294126;7,44366368311559;7,86172707782398;7,64060382639363;7,43897159239586;7,65396918047877;6,87212810133899;7,34471905414967;7,23056315340929;7,13329595489607;6;5;1;1;2;4;1;1;3;7;2;5;5;1;4;1;1;1;2;4;3;1;2;1;2043,85714285714;1378,75;1559,75;1912,71428571429;1911,42857142857;1300,25;1711,30357142857;1736,23214285714;1605,83928571429;7,57796424919685;7,2043379251569;7,31573718833741;7,4903437338136;7,53631891288127;7,14913777120356;7,39115108717687;7,40304046107551;7,34272834204241;-,0484227451344612;-,0603121190330942;1;2;2,66666666666667;2,28571428571429;2;6;4;3,75;3;1;1;1;2;2;2,08333333333333;1;4;2;1;2;4;3;2;1,9375;5,25;4,25;5,25;2,5;5;4,22222222222222;1;4;1;2;1,4;1,7;1;2;1;3,2;2;4;5;1;2,3;1,7;1,6;,2;-,0369403342551817;2,21552633117611;1,37459185303527;-,156197720157687;,5;,5;,25;1,10776316558805;1,10776316558805;,553881582794027;,687295926517635;,687295926517635;,343647963258817;-,0780988600788437;-,0780988600788437;-,0390494300394219
35;0;0;0;0;5;1;3;4;4;5;5;5;5;6;3;4;1;6;3;2;6;5;3;4;2;5;2;7;1;7;1;7;1;7;2;3;2;7;1;1;1;4;1;2;1;5;7;7;7;7;7;7;7;7;7;7;1;5;7;4;1;6;7;4;1;7;7;7;7;1;1;1;2;1;1;7;1;1;6;1;1;1;1;4;1;1;2;7;7;1;6;1;1;1;1;1;7;1;2;1;1;4;1;1;7;4;6;4;2;6;4;6;6;3;2;1;5;3;4;4;2;5;4;2;5;4;7;3;1;6;5;5;3;1;6;2;1;6;19;6;19;25;12;16;17;16;5;3;5;3;6;4;6;4;2;3;2;5;2;1;1;1;1;166;2;2;1;1;1163;1138;1207;1381;852;847;703;1074;1691;1411;611;745;2369;1210;892;1063;1737;1276;1803;1147;1431;619;1041;763;1359; ;806; ;759;984;1206;1026;1699;1927; ;1110;947;1056;1999;2119;893;2302; ;2956;2749;843;1187;1334;7,05875815251866;7,03702761468628;7,09589322109753;7,23056315340929;6,74758652682932;6,74170069465205;6,55535689181067;6,97914527506881;7,43307534889858;7,25205395185281;6,4150969591716;6,61338421837956;7,77022320415879;7,09837563859079;6,79346613258001;6,96885037834195;7,4599147662411;7,15148546390474;7,49720722320332;7,04490511712937;7,26612877955645;6,4281052726846;6,94793706861497;6,63725803128446;7,21450441415114; ;6,69208374250663; ;6,63200177739563;6,89162589705225;7,09506437728713;6,93342302573071;7,43779512167193;7,56371966841437; ;7,01211529430638;6,85329909318608;6,96224346426621;7,6004023345004;7,6586995582683;6,7945865808765;7,74153358928183; ;7,99159228206809;7,91899248816525;6,73696695800186;7,07918439460967;7,19593722647557;7;1;1;2;1;4;1;1;3;7;7;7;1;7;5;4;4;4;1;1;6;1;2;1;1168,375;1126,25;1354,66666666667;978,625;1814,5;1529,25;1147,3125;1166,64583333333;1671,875;7,01698157750179;6,95683809275405;7,17668345452272;6,85394302870077;7,42355708943652;7,25071568968417;6,98690983512792;7,01531324161175;7,33713638956034;,350226554432424;,321823147948596;1;1;1;4,42857142857143;2;2;3;3,08333333333333;3;1;1;1;1;5;1,75;1;1;1;1;1;1;1;1;1,5;6,75;5,75;7;1,75;1;1,11111111111111;2;4;1;1;1;1,5;1;4;4;2,3;1;4;5;1;1,8;1,5;3,8;2,8;-,653276094253007;-1,45607340877542;-,916394568690181;1,36871561561909;,5;,5;,25;-,728036704387711;-,728036704387711;-,364018352193855;-,45819728434509;-,45819728434509;-,229098642172545;,684357807809543;,684357807809543;,342178903904772
160;2;2;2;1;2;2;2;4;3;4;1;4;4;3;2;6;2;7;1;1;4;4;2;3;3;3;2;7;5;6;4;5;1;6;3;4;4;3;4;1;1;1;1;3;1;5;5;5;6;4;5;7;6;4;7;4;1;6;4;3;2;3;3;5;2;4;3;6;3;2;1;1;6;1;1;3;1;1;6;1;1;1;1;6;1;1;2;7;6;2;2;2;2;1;3;2;4;1;3;1;1;7;2;1;3;7;7;5;3;6;4;6;5;4;4;4;4;4;4;4;4;4;4;4;4;4;4;4;4;4;4;4;4;4;4;4;4;4;13;25;16;6;6;6;13;9;3;4;6;2;3;5;4;1;6;5;1;5;5;1;1;2;1;145;1;1;1;1;1168;1100; ;1949;902;854;1593;1054;1770;1071;1831;1024;783;836;963;856; ; ;1811;1137;931;975;939;761;727;934;2208;987;828;1814;963;842;936;901;1022;1380;1238;1029;1027;834;1452;1146; ;955;884;1067;1116;839;7,06304816338817;7,00306545878646; ;7,57507169950756;6,80461452006262;6,74993119378857;7,37337430991005;6,96034772910131;7,47873482556787;6,97634807044775;7,51261754467451;6,93147180559945;6,6631326959908;6,7286286130847;6,87005341179813;6,75227037614174; ; ;7,50163445788341;7,03614849375054;6,83625927727707;6,88243747099785;6,84481547920826;6,63463335786169;6,58892647753352;6,83947643822884;7,69984240739699;6,89467003943348;6,71901315438526;7,50328963067508;6,87005341179813;6,73578001424233;6,84161547647759;6,80350525760834;6,92951677076365;7,22983877815125;7,12125245324454;6,93634273583405;6,93439720992856;6,72623340235875;7,28069719538474;7,04403289727469; ;6,86171134048073;6,78445706263764;6,97260625130175;7,01750614294126;6,73221070646721;6;2;1;1;1;6;1;1;2;7;2;7;4;1;5;1;2;2;2;2;2;1;1;1;1416,14285714286;980,125;1300,66666666667;1006,625;1113,14285714286;1004,25;1198,13392857143;1153,64583333333;1058,69642857143;7,22005108113883;6,86279410623474;7,0934497190378;6,87828522455571;6,99870253087728;6,90312574558922;7,04142259368678;6,98586747179675;6,95091413823325;-,0905084554535316;-,0349533335635002;1;3;1,83333333333333;3,14285714285714;1;4;4;2,66666666666667;5;1;2;3;2;4;3;5;3;3;2;4;3;1;2;2,5;3,25;6;3,75;2;5;2,11111111111111;2;2;1;2;1,8;1,3;4;1;1;1,8;2;2;6;1;1,8;1,3;1,8;0;-,436508426437119;-,275916349505287;,229098642172545;-2,18941550119339;,5;,5;,25;-,137958174752643;-,137958174752643;-,0689790873763217;,114549321086272;,114549321086272;,0572746605431361;-1,09470775059669;-1,09470775059669;-,547353875298347
147;1;1;2;2;3;2;4;4;4;4;4;2;4;7;4;4;3;5;3;4;5;4;3;3;3;5;3;7;2;7;3;7;3;7;1;4;1;5;3;1;1;1;1;2;1;4;6;6;7;6;6;7;7;3;6;5;1;6;5;5;2;7;7;5;1;7;6;6;5;1;1;2;2;2;1;4;2;1;4;1;1;1;1;4;1;1;1;5;4;1;2;1;1;1;3;1;5;2;1;1;1;5;1;1;1;6;4;5;1;1;1;1;1;1;3;3;5;1;5;1;1;6;3;3;5;1;5;1;1;6;3;3;5;1;5;1;1;6;13;16;9;9;9;25;25;25;4;3;5;2;5;3;6;3;5;3;2;5;4;2;1;2;1;280;4;2;1;1;1168;1945;1651;1070;1802;1028;890;798;1059;1097;1632;2489;867;2474;951;1011;1238;755;1082;1768;2040;2211; ;1446;979;1082;926;2001;1236;2215;949;1161;827;2435;885;845;908;1189;909;1215;971;1407;1087; ;714;925;852;943;7,06304816338817;7,57301725605255;7,40913644392013;6,97541392745595;7,49665243816828;6,93537044601511;6,79122146272619;6,68210859744981;6,96508034560141;7,00033446027523;7,39756153552405;7,81963630236759;6,76503897678054;7,81359155295243;6,85751406254539;6,91869521902047;7,12125245324454;6,62671774924902;6,98656645940643;7,47760424319759;7,62070508683826;7,70120018085745; ;7,27655640271871;6,88653164253051;6,98656645940643;6,83087423464618;7,60140233458373;7,11963563801764;7,70300768247924;6,85540879860993;7,05703698169789;6,71780469502369;7,79770203551669;6,78558764500793;6,73933662735717;6,81124437860129;7,08086789669078;6,81234509417748;7,10249935577465;6,87832646829133;7,24921505711439;6,99117688712121; ;6,57088296233958;6,82979373751242;6,74758652682932;6,84906628263346;7;2;2;1;1;5;1;1;1;5;1;4;2;4; ; ; ; ; ; ; ;2;2;0;1513,875;1227,625;1228,875;1608,28571428571;1208,14285714286;956,875;1370,75;1418,58035714286;1082,50892857143;7,27540355432314;7,03252409445728;7,06468944703305;7,33336439588845;7,02273563077606;6,85053577931987;7,15396382439021;7,19902692146075;6,93663570504797;-,217328119342241;-,262391216412784;1;1;1,83333333333333;3,71428571428571;3;3;4;3,66666666666667;3;1;1;1;1;4;2;3;2;2;1;2;2;1;1;1,75;5,25;5,75;6;2,25;4;1,77777777777778;4;4;3;4;1;1,8;3;3;2;1,6;1;3;7;3;2,2;1,6; ; ;-,0951771859099801;-,669302035928665;,229098642172545;-,156197720157687;-,5;-,5;,25;,334651017964333;,334651017964333;-,167325508982166;-,114549321086272;-,114549321086272;,0572746605431361;,0780988600788437;,0780988600788437;-,0390494300394219
121;2;2;2;1;1;2;2;4;4;2;3;3;1;6;5;5;5;6;6;2;2;6; ;5;6;6;3;7;2;4;2;7;3;5;1;2;2;7;1;1;1;1;1;1;1;1;4;7;7;7;6;7;6;2;6;7;4;5;7;3;4;6;6;7;2;6;7;7;6;2;2;2;2;1;1;7;1;1;6;5;2;1;4;4;4;5;2;5;5;5;5;5;5;2;7;7;7;6;4;4;5;4;4;5;1;5;7;4;3;6;3;5;6;3;4;2;6;4;5;3;3;4;5;4;4;5;4;4;4;5;6;4;4;4;4;4;4;3;6;22;6;9;6;22;19;16;6;5;4;4;6;5;6;2;4;2;2;6;3;1;6;1;1;255;3;2;1;1;1366;1133;3315;3384;2619;1435;1205;2049;1750;1382;3255;1377;934;1303;1053;877;2135;1419;1504;1471;3438;2629;2020;1484;1482;1861;2406;1243;3075;1536;1027;1791;2045;1259;3534;2659;995;2618;2526;1078;1226;1203;2275;1659;1229;1110; ;1703;7,21964204013074;7,03262426102801;8,10621290261996;8,12681372072611;7,87054784450771;7,26892012819372;7,09423484592476;7,6251071482389;7,46737106691756;7,23128700432762;8,08794755464267;7,22766249872865;6,83947643822884;7,17242457712485;6,95939851213398;6,77650699237218;7,66622192566273;7,25770767716004;7,31588350450979;7,29369772060144;8,1426451859428;7,87435882472988;7,61085279039525;7,30249642372733;7,30114780585603;7,52886925664225;7,78572089653462;7,12528309151071;8,03106018024062;7,33693691370762;6,93439720992856;7,49052940206071;7,6231530684769;7,13807303404435;8,17018565287964;7,88570539124302;6,90274273715859;7,87016594646984;7,83439230291044;6,98286275146894;7,11151211649616;7,09257371597468;7,72973533138505;7,41397029019044;7,11395610956603;7,01211529430638; ;7,44014668066269;6;7;5;3;5;6;4;5;2;3;4;6;3;4; ; ; ; ; ; ; ;2;1;0;2120,25;1434,375;1690,125;2125;1982,5;1608,42857142857;1777,3125;1907,5625;1795,46428571429;7,56244513114016;7,20082706084062;7,4093164848097;7,59040961634159;7,52061357508628;7,30805454607756;7,38163609599039;7,49986305057565;7,41433406058192;,0326979645915291;-,085528989993727;1;3;1,66666666666667;2,71428571428571;2;6;2;4,90909090909091;2;1;4;1;3;6;2,5;1;4;1;1;1;2;1;2;1,3125;5,25;6,25;6,5;3,25;1;1,44444444444444;2;4;3;3;4,8;3,2;1;4;3;3,7;2;2;6;5;4,4;3,7; ; ;1,29441738440353;-1,06268772235204;-3,05220704940383E-016;-,156197720157687;-,5;-,5;,25;,531343861176022;,531343861176022;-,265671930588011;1,52610352470192E-016;1,52610352470192E-016;-7,63051762350958E-017;,0780988600788437;,0780988600788437;-,0390494300394219
178;0;0;0;0;2;0;3;4;4;4;4;5;5;7;5;6;6;1;6;4;6;5;6;7;7;5;1;7;4;7;1;7;1;7;1;1;1;7;1;1;1;1;1;1;1;1;7;7;7;7;4;7;7;4;7;7;2;7;7;3;1;7;7;7;2;7;2;7;2;1;1;1;1;1;1;1;1;1;7;1;1;1;1;4;1;1;7;7;4;1;7;1;1;1;1;4;7;4;4;1;5;4;1;1;4;7;7;7;1;7;1;7;7;1;1;1;5;1;5;1;1;5;1;1;5;1;5;1;1;5;1;1;5;1;5;1;1;5;0;6;6;6;0;16;16;16;7;1;7;4;7;1;7;2;4;1;2;6;3;1;1;3;1;204;4;2;1;1;1873;791;1285;1464;919;1345;1059;879;1075;989; ;715;1142;1206;1205;1195;766;1899;1768;1103;689;793;1387;1234;1331;740;898; ;810;976;1519;1083;456;1453; ;1470;744;1384;834;644;1083;2013;770;1240;1030;1055;744;806;7,53529670244409;6,67329796776765;7,15851399732932;7,28892769452126;6,82328612235569;7,20414929203594;6,96508034560141;6,77878489768518;6,98007594056176;6,89669433162271; ;6,57228254269401;7,04053639021596;7,09506437728713;7,09423484592476;7,08590146436561;6,64118216974059;7,54908271081229;7,47760424319759;7,0057890192535;6,53524127101366;6,67582322163485;7,23489842031483;7,11801620446533;7,19368581839511;6,60665018619822;6,8001700683022; ;6,69703424766648;6,88346258641309;7,32580750259577;6,98749024700099;6,12249280951439;7,28138566357028; ;7,29301767977278;6,61204103483309;7,23273313617761;6,72623340235875;6,46769872610435;6,98749024700099;7,60738142563979;6,64639051484773;7,12286665859908;6,93731408122368;6,96129604591017;6,61204103483309;6,69208374250663;2;7;3;2;7;1;4;4;6;4;1;7;7;1; ; ; ; ; ; ; ;2;2;0;1170,28571428571;1118,75;1215;1061,375;1212,14285714286;905,125;1144,51785714286;1138,1875;1058,63392857143;7,01501273956297;7,01087971693396;7,03916631655707;6,93222171263813;7,00871785699215;6,78018015049342;7,01294622824846;6,9856940145976;6,89444900374279;-,118497224505679;-,0912450108548137;1;3;,333333333333333;4,14285714285714;7;2;3;5,66666666666667;3;1;1;1;1;7;1,91666666666667;1;1;1;1;1;4;1;1;1,1875;3,75;7;7;2;7;1,66666666666667;1;4;1;4;1,6;1,9;1;4;1;2,6;6;7;2;4;4,6;2,6; ; ;2,81988092851641;-,800430598069791;-1,83278913738036;-1,68111105593446;-,5;-,5;,25;,400215299034896;,400215299034896;-,200107649517448;,916394568690181;,916394568690181;-,45819728434509;,840555527967231;,840555527967231;-,420277763983615
92;1;3;2;1;4;2;4;4;4;4;4;4;4;6;3;5;4;6;3;2;5;4;3;6;5;1;3;5;3;7;1;1;2;5;4;2;2;4;5;2;2;3;5;5;1;5;4;5;5;2;3;5;6;3;5;3;2;6;6;5;2;6;4;6;1;6;5;6;6;5;2;5;5;5;4;2;2;1;7;4;2;2;4;5;4;4;1;4;5;4;6;4;6;5;4;6;7;6;6;4;7;6;6;6;1;4;7;6;1;7;6;7;5;2;3;3;2;3;1;1;3;1;4;6;4;6;6;4;4;2;6;6;6;6;6;6;4;6;3;1;0;9;9;9;6;2;6;2;4;5;7;1;7;2;3;2;2;5;5;1;1;4;1;251;3;2;1;1;1798;1409;1478;2235;1690;1018;1206; ;3389;2816;2367;1675;1331; ;1818;1096;3245;2968;1365;2716;3022;1039;1152;1142;1587;4396;2383;3459;941;1087;2397;1927;1730;1061;2818;1089;1705;836;809;1040;1036;1462;3424;3845;1032;1794;1355;2293;7,49443021503157;7,25063551189868;7,29844510150815;7,71199650704767;7,43248380791712;6,92559519711047;7,09506437728713; ;8,12829017160705;7,94307271727793;7,76937860951398;7,42356844425917;7,19368581839511; ;7,50549227473742;6,99942246750796;8,08487062913819;7,99564360428727;7,21890970761906;7,90691548867859;8,01367414283268;6,94601399109923;7,04925484125584;7,04053639021596;7,36960072052641;8,38845031552351;7,77611547709874;8,14873480893717;6,84694313958538;6,99117688712121;7,78197323443438;7,56371966841437;7,45587668749182;6,96696713861398;7,94378269245863;6,99301512293296;7,44132038971762;6,7286286130847;6,69579891705849;6,94697599213542;6,94312242281943;7,28756064030972;8,13856473726163;8,25452888193974;6,93925394604151;7,49220304261874;7,2115567333138;7,7376162828579;6;5;4;4;4;4;4;4;2;5;1;7;7;1; ; ; ; ; ; ; ;2;1;0;2145,875;1359,83333333333;2764,875;1588,375;2058,125;1358;1752,85416666667;2176,625;1708,0625;7,62747715976803;7,19195732382587;7,86115509397612;7,27916153686988;7,49792729047849;7,14916923960352;7,40971724179695;7,570158315423;7,32354826504101;-,0861689767559408;-,246610050381992;1;2;2,16666666666667;4;2;3;4;3,83333333333333;7;3;1;7;3;6;3,5;4;4;3;3;6;5;3;2;3,625;5;5,75;4,75;2,5;6;3,88888888888889;1;3;4;3;5;2,9;1;2;4;4,3;2;4;6;3;4;4,3; ; ;-,0223683612951058;1,82214064475273;,687295926517635;-,41034994278715;-,5;-,5;,25;-,911070322376365;-,911070322376365;,455535161188183;-,343647963258817;-,343647963258817;,171823981629409;,205174971393575;,205174971393575;-,102587485696787
5;0;1;4;0;1;0;3;4;1;0;1;3;2;4;3;4;3;1;5;2;4;3;6;2;4;6;5;6;3;5;6;4;3;6;6;4;2;5;3;1;1;3;1;3;1;4;6;7;7;5;4;7;6;3;2;5;3;3;5;4;3;4;5;3;2;4;2;4;5;2;1;5;4;3;5;2;3;2;5;6;2;4;2;5;1;1;2;2;5;2;1;2;1;1;1;3;6;2;2;2;2;6;1;2;2;6;6;5;6;3;6;2;2;6;2;2;5;2;4;2;1;6;3;6;6;2;4;3;2;6;6;2;5;2;6;2;2;5;12;25;19;13;16;15;16;19;3;2;5;5;6;6;7;1;3;4;2;5;5;1;1;3;1;267;3;2;1;1; ; ; ; ; ; ; ; ; ; ; ; ; ; ; ; ; ; ; ; ; ; ;64; ; ; ; ; ; ; ; ; ; ; ; ; ; ; ; ; ; ; ; ; ; ; ; ; ; ; ; ; ; ; ; ; ; ; ; ; ; ; ; ; ; ; ; ; ; ; ;4,15888308335967; ; ; ; ; ; ; ; ; ; ; ; ; ; ; ; ; ; ; ; ; ; ; ; ; ;6;3;5;4;2;4;5;2;3;6;2;6;6;4; ; ; ; ; ; ; ;2;1;0; ; ; ;64; ; ; ;64; ; ; ; ;4,15888308335967; ; ; ;4,15888308335967; ; ; ;1;3;1;2;7;4;5;3,91666666666667;2;2;3;4;2;4;3,5;3;2;1;1;3;4;1;2;2,125;3,5;3;4,75;3;6;3,44444444444444;3;3;6;3;1,8;3;2;2;2;1,9;2;4;5;2;3,4;1,9; ; ;1,5791195391191;1,29762639618823;-,916394568690181;-1,93526327856392;-,5;-,5;,25;-,648813198094113;-,648813198094113;,324406599047057;,45819728434509;,45819728434509;-,229098642172545;,967631639281962;,967631639281962;-,483815819640981
43;1;1;1;2;3;2;3;4;4;4;4;4;4;5;5;5;6;3;5;5;2;6;6;5;5;4;4;5;3;4;2;7;2;6;2;3;1;6;2;1;1;2;1;1;1;2;4;6;7;5;5;7;7;4;6;6;6;6;6;6;6;7;6;5;3;7;7;5;6;2;1;2;1;2;2;5;2;2;6;1;1;2;1;6;2;2;2;7;6;2;6;2;2;3;3;5;6;3;3;3;4;5;3;3;3;5;6;6;3;6;3;6;6;3;3;3;4;2;3;3;3;3;2;3;6;5;5;2;2;6;5;5;4;6;5;4;4;5;9;19;25;13;9;9;22;22;6;2;6;2;7;5;6;2;6;3;2;5;4;1;1;2;1;219;3;2;1;1;1341;959;930;1112;1124;2064;810;1344;1352;2833;959;2396;931;853;814;979;1005; ;1440;990;1842;2986;1316;904;1267;1971;3209;1983;853;1779;1187;2258;1998;1970;1447;879;965;1406;2183;3249;1207;2742;1226;1357;3553;1945;3012;1053;7,20117088328168;6,86589107488344;6,8351845861473;7,01391547481053;7,02464903045364;7,63240112660145;6,69703424766648;7,2034055210831;7,20934025660291;7,94909149983052;6,86589107488344;7,78155595923534;6,83625927727707;6,74875954749168;6,70196036600254;6,88653164253051;6,91274282049318; ;7,27239839257005;6,89770494312864;7,51860721681525;8,00168997809913;7,18235211188526;6,80682936039218;7,14440718032114;7,58629630715272;8,07371464110986;7,5923661285198;6,74875954749168;7,48380668766583;7,07918439460967;7,72223474470961;7,5999019592085;7,58578882173203;7,27724772663148;6,77878489768518;6,87212810133899;7,24850407237061;7,68845535654994;8,0861025356691;7,09589322109753;7,91644286012226;7,11151211649616;7,21303165983487;8,17554759602103;7,57301725605255;8,01035958891978;6,95939851213398;6;2;4;3;2;4;5;2;1;5;6;6;1;6; ; ; ; ; ; ; ;2;1;0;1485,25;1114,875;1695;1640,625;1603,25;2170,75;1300,0625;1667,8125;1887;7,21525510120939;6,96637509488831;7,35423291618505;7,31793300520858;7,322325407851;7,576689127382;7,09081509804885;7,33608296069681;7,4495072676165;,358692169567647;,113424306919684;1;1;1,66666666666667;3,85714285714286;5;6;2;5,33333333333333;4;3;4;1;2;5;2,75;2;4;2;1;3;3;1;1;1,75;6;5,5;6,25;5,25;3;1,88888888888889;2;2;1;2;2,8;1,6;2;3;3;3;2;4;7;3;3,4;3; ; ;,386897366131714;-,538173473787539;-3,05220704940383E-016;,6062589477307;-,5;-,5;,25;,26908673689377;,26908673689377;-,134543368446885;1,52610352470192E-016;1,52610352470192E-016;-7,63051762350958E-017;-,30312947386535;-,30312947386535;,151564736932675
44;2;2;1;3;4;3;4;4;5;4;4;4;4;6;5;6;5;2;3;4;2;6;5;6;5;2;3;6;5;5;1;5;2;5;4;2;3;5;5;1;1;2;3;2;1;5;5;5;5;3;5;5;4;6;7;5;2;5;5;6;1;3;6;6;2;4;2;6;5;5;1;2;5;2;4;1;2;1;4; ;1;1;2;4;1;2;5;7;3;4;5;4;4;5;4;2;4;6;5;2;5;4;2;2;4;7;5;3;3;5;6;5;6;4;2;2;5;3;4;3;4;4;2;3;4;3;5;2;2;4;3;3;4;2;4;3;2;4;6;13;19;19;19;16;19;16;5;4;6;5;4;4;5;2;3;4;2;5;4;1;1;2;1;228;4;2;1;1;1652;1238;2210;1705;1467;1056;4546;2382;3338;3048;2080;2720;2004;1455;2556;1992;2754;2839;3949;3201;2191;1512;1272;2549;4055;2770; ;1838;2694;1083;1632;2825;3070; ;3387;2867;891;1648;1912;2395;1023;2154;1953;2859;3629;976;2676;1113;7,40974195408092;7,12125245324454;7,7007477945118;7,44132038971762;7,29097477814298;6,96224346426621;8,42200300441249;7,77569574991525;8,11312710422178;8,02224091680654;7,64012317269536;7,90838715929004;7,60290046220476;7,28276117960559;7,84619881549743;7,59689443814454;7,9208096792886;7,95120715647297;8,28121766128665;8,07121853996986;7,69211333959547;7,32118855673948;7,14834574390007;7,84345640437612;8,30770596654951;7,92660259918138; ;7,51643330291563;7,89878235697031;6,98749024700099;7,39756153552405;7,94626364358054;8,02943284058124; ;8,12769985281777;7,96102146588337;6,79234442747081;7,40731771046942;7,55590509361135;7,78113850984502;6,93049476595163;7,67508185771633;7,57712193087668;7,95822719232231;8,19671240721307;6,88346258641309;7,89207842124812;7,01481435127555;4;5;5;6;4;3;4;2;5;7;2;7;6;2; ; ; ; ; ; ; ;2;2;0;2248,875;2182,25;3058;1969,75;2473,28571428571;1905;2215,5625;2513,875;2189,14285714286;7,66961761807108;7,59745898652366;7,99645641509494;7,52940022846088;7,7512971294499;7,4404716884433;7,63353830229737;7,76292832177791;7,5958844089466;-,0376538933507629;-,167043912831309;1;1;2,5;4,14285714285714;6;6;2;5,25;6;2;3;3;3;6;3,41666666666667;3;3;3;3;5;3;3;4;2,9375;4;6;5;2,75;7;3,22222222222222;4;4;1;5;3,8;2,33333333333333;4;4;1;3,5;4;5;3;1;3,9;3,5; ; ;,678081624405706;1,03536927190597;1,14549321086272;-1,426958833305;-,5;-,5;,25;-,517684635952987;-,517684635952987;,258842317976494;-,572746605431362;-,572746605431362;,286373302715681;,7134794166525;,7134794166525;-,35673970832625
6;1;2;0;0;0;0;4;4;4;3;4;4;4;7;5;6;5;4;4;5;1;6;6;6;7;7;4;7;5;7;4;7;3;7;2;6;2;6;2;1;1;3;1;1;1;1;6;6;4;3;5;5;6;2;6;7;5;4;7;5;2;6;6;7;2;2;2;7;2;4;1;1;1;1;1;1;4;1;5;3;1;1;1;5;1; ;4;7;7;5;1;4;2;2;4;2;4;4;4;4;4;5;4;4;4;7;5;5;5;6;5;5;2;4;5;3;6;6;6;4;4;4;4;4;4;4;4;4;4;4;4;4;4;4;4;4;4;4;21;23;11;11;16;22;25;26;6;3;4;2;7;4;7;2;4;1;2;5;3;2;1;2;1;263;3;2;1;1; ;2687;1508;2215;2872;1525;1233;1485;1779;2566;4554; ;2251;1725;1276;1043;3675;4877;3556;2045;1174;4635;1834;2782;1944;1483;4614;2707;1137;1444;1458;1109;2425;1940;1906; ;1456;2047; ;7158;7003;2171;4629;3423;3325;1347;1245;1717; ;7,89618060861549;7,3185395485679;7,70300768247924;7,96276393016811;7,32974968904151;7,11720550316434;7,3031700512368;7,48380668766583;7,85010354517558;8,42376124662369; ;7,71912984090673;7,45298232946546;7,15148546390474;6,94985645500077;8,20930841164694;8,49228555571005;8,1763915966338;7,6231530684769;7,06817200038804;8,44139147799996;7,51425465281641;7,93092537248339;7,57250298502038;7,30182234213793;8,4368504387337;7,9035962896143;7,03614849375054;7,27517231945277;7,2848209125686;7,01121398735037;7,79358680337158;7,57044325205737;7,55276208421415; ;7,28344822875663;7,62413058566129; ;8,87598589132597;8,85409390765552;7,68294316987829;8,44009614103127;8,13827263853019;8,10922495308995;7,20563517641036;7,12689080889881;7,44833386089748;5;1;2;2;2;6;5;4;5;6;1;4;2;2; ; ; ; ; ; ; ;2;1;0;2551,5;1676,25;3112,625;1946,625;3356,71428571429;2613,57142857143;2113,875;2529,625;2985,14285714286;7,77923321985462;7,37329290786106;7,96448883599675;7,44526240210126;8,00459971381977;7,66766421500579;7,57626306385784;7,70487561904901;7,83613196441278;,259868900554936;,131256345363772;1;2;,5;3,85714285714286;4;7;2;5,66666666666667;1;1;1;1;1;2;2,25;2;2;2;4;5;3;3;2;2,125;3;6;5,5;3,5;7;2,33333333333333;3;3;1;1;3;2;4;3;1;3,6;3;2;3;2;2,6;3,6; ; ;-1,5963711218179;-,0136592252230344;-1,60369049520782;-2,44356772382285;-,5;-,5;,25;,00682961261151718;,00682961261151718;-,00341480630575859;,801845247603908;,801845247603908;-,400922623801954;1,22178386191142;1,22178386191142;-,610891930955712
180;4;3;3;2;3;3;4;4;4;4;4;4;4;5;5;5;4;5;3;3;2;5;3;3;5;6;4;5;2;6;3;7;3;6;3;3;3;5;3;3;2;2;2;3;1;4;4;5;5;4;6;6;6;6;6;7;4;6;6;5;3;7;6;5;2;6;6;5;6;1;1;1;3;2;1;5;2;2;4;1;1;1;1;6;2;1;1;7;5;1;2;1;1;2;1;3;4;1;2;2;1;6;2;1;2;6;5;5;3;5;3;5;5;3;3;3;5;4;4;4;3;4;3;3;5;4;4;3;3;4;3;3;5;3;4;4;3;4;19;19;22;25;22;19;19;19;3;1;6;4;6;5;6;1;3;3;2;5;3;1;6;1;1;275;3;2;1;1;905;1284;1374; ;912;1359;838;711;1011;781;980;1963;957;1259;1183;751;1150;1286;1905;1051;857;603;1164;1004;1018;1237;2219;1833;855;1051; ;708;1317;1574;1203;1279;823;770;846;1164;885;906;2149;1853;1626;776;944;1004;6,80793494369993;7,15773548424991;7,22548147278229; ;6,81563999007433;7,21450441415114;6,73101810048208;6,56667242980324;6,91869521902047;6,66057514983969;6,88755257166462;7,58222919427646;6,86380339145295;7,13807303404435;7,07580886397839;6,62140565176413;7,0475172213573;7,15929190479756;7,5522372875608;6,95749737087695;6,75343791859778;6,40191719672719;7,05961762829138;6,91174730025167;6,92559519711047;7,12044437239249;7,70481192293259;7,5137092478397;6,75110146893676;6,95749737087695; ;6,56244409369372;7,18311170174328;7,36137542897735;7,09257371597468;7,15383380157884;6,71295620067707;6,64639051484773;6,74051935960622;7,05961762829138;6,78558764500793;6,80903930604298;7,67275789664251;7,52456122628536;7,39387829010776;6,65415252018322;6,8501261661455;6,91174730025167;4;2;2;2;2;4;2;2;4;4;2;6;6;2; ; ; ; ; ; ; ;2;1;0;1185,42857142857;996,25;1462,375;891,714285714286;1395,75;994,125;1090,83928571429;1177,04464285714;1194,9375;7,03431486221905;6,87836573446883;7,24763806560848;6,77110899676792;7,19785509028162;6,87117349751382;6,95634029834394;7,0093735311882;7,03451429389772;,0781739955537768;,0251407627095146;1;1;3;4;3;6;3;4,16666666666667;2;3;2;1;2;5;2,75;3;4;3;3;4;2;2;2;2,6875;6,25;5,5;6,25;3,5;3;1,77777777777778;4;2;1;3;1,6;1,5;4;2;2;1,9;4;4;4;4;2,8;1,9; ; ;,579395425742644;-,669302035928665;1,83278913738036;,860411170360162;-,5;-,5;,25;,334651017964333;,334651017964333;-,167325508982166;-,91639456869018;-,91639456869018;,45819728434509;-,430205585180081;-,430205585180081;,215102792590041
41;1;0;2;2;3;4;4;4;2;4;5;4;4;7;3;4;6;4;6;2;4;4;6;5;2;4;1;4;3;3;1;7;6;6;1;2;1;6;1;1;1;4;1;1;1;1;5;7;3;6;7;3;7;7;6;7;1;7;4;2;1;7;7;4;1;7;7;7;7;1;1;1;4;3;3;7;1;1;7;1;1;1;1;4;1;1;3;7;7;1;6;1;1;1;4;2;7;2;2;1;2;4;1;1;1;7;5;3;4;6;3;2;3;3;4;4;4;4;4;4;4;4;4;4;4;4;4;4;4;4;4;4;4;4;4;4;4;4;16;16;6;16;6;16;16;22;7;1;4;4;7;1;7;2;3;2;2;5;3;1;2;2;1;211;3;2;1;1;1582;1330;1473;1576;1593;985;1211;1251;2064;1258;1973;1913;3002;1243;932;1507;1041;1730; ;2384;1221;1360;947;1132;1035;2101;2307;1289;858;1737;1647;886;1148;1051; ;1545;1172;892;945;1673;1858;2281;2777;2007;2485;1822;1015;1273;7,3664451483276;7,1929342212158;7,29505641646263;7,36264527041782;7,37337430991005;6,89264164117209;7,09920174355309;7,13169851046691;7,63240112660145;7,13727843726039;7,58731050602262;7,55642796944025;8,00703401219341;7,12528309151071;6,83733281468559;7,3178761986265;6,94793706861497;7,45587668749182; ;7,77653502818524;7,1074254741107;7,2152399787301;6,85329909318608;7,03174125876313;6,94215670569947;7,650168700845;7,74370325817375;7,16162200293919;6,75460409948796;7,4599147662411;7,40671073017764;6,78671695060508;7,04577657687951;6,95749737087695; ;7,34277918933185;7,06646697013696;6,79346613258001;6,85118492749374;7,42237370098682;7,52725591937378;7,73236922228439;7,9291264873068;7,60439634879634;7,81802793853073;7,5076900778199;6,92264389147589;7,14913159855741;7;4;2;1;2;6;1;1;1;7;7;7;1;7; ; ; ; ; ; ; ;2;1;0;1646,125;1465,5;1698,14285714286;1223,5;1809,57142857143;1409,625;1555,8125;1460,82142857143;1609,59821428571;7,39131238696857;7,22305529026479;7,38257135027849;7,07695654391273;7,44845730212137;7,19137315469768;7,30718383861668;7,22976394709561;7,31991522840953;,0127313897928465;,0901512813139194;1;2;2;3,85714285714286;4;4;4;4,41666666666667;4;4;5;1;2;6;2,91666666666667;2;3;1;5;2;1;5;1;1,9375;7;6;6,25;1,25;1;1,77777777777778;1;4;1;1;1,2;1,5;1;4;1;1,6;1;2;7;1;2,2;1,6; ; ;-,0951771859099801;-,669302035928665;,45819728434509;1,62286783824855;-,5;-,5;,25;,334651017964333;,334651017964333;-,167325508982166;-,229098642172545;-,229098642172545;,114549321086272;-,811433919124275;-,811433919124275;,405716959562137
63;0;0;0;1;1;1;4;4;4;5;5;4;4;6;5;7;3;5;1;2;5;7;3;2;1;6;3;7;4;7;2;7;6;7;2;4;2;7;2;1;1;2;1;1;1;4;7;7;7;6;7;7;7;4;7;5;6;7;7;4;2;6;7;5;1;7;6;7;6;1;1;1;3;1;1;1;1;1;7;1;1;1;1;4;1;1;1;7;7;1;4;1;1;2;2;3;7;1;3;3;1;4;1;1;1;7;5;4;4;5;4;4;4;4;3;2;4;3;4;3;3;4;2;2;4;2;4;2;2;4;2;2;4;2;4;2;2;4;22;19;9;25;22;22;22;22;5;3;5;3;5;1;6;2;5;2;2;5;3;1;1;2;1;291;3;2;1;1;1338;1720;1485;1281;1316;1485;1722;875;1358;1530;2453;1794;1256;1103;967;823;2737;1043;1210; ;769;1082;1078;1059;1296;1205;1958;2336;1087;732;1091;1325;1108;1959;3095;3099;1247;864;1648;714;1656;1211; ;2897;1047;924;864;1323;7,19893124068817;7,4500795698075;7,3031700512368;7,15539630189673;7,18235211188526;7,3031700512368;7,45124168498768;6,77422388635761;7,21376830811864;7,33302301438648;7,80506704425849;7,49220304261874;7,13568734702814;7,0057890192535;6,87419849545329;6,71295620067707;7,91461770904068;6,94985645500077;7,09837563859079; ;6,64509096950564;6,98656645940643;6,98286275146894;6,96508034560141;7,16703787691222;7,09423484592476;7,57967882309046;7,75619534394812;6,99117688712121;6,59578051396131;6,99484998583307;7,18916773842032;7,01031186730723;7,58018941794454;8,0375431851187;8,03883475778775;7,12849594568004;6,76157276880406;7,40731771046942;6,57088296233958;7,41216033494521;7,09920174355309; ;7,97143099776935;6,95368421087054;6,82871207164168;6,76157276880406;7,18765716411496;7;3;5;1;1;5;4;1;2;6;1;7;3;2; ; ; ; ; ; ; ;2;1;0;1619,875;1193,375;1683,57142857143;1027,875;2146,42857142857;1078,875;1406,625;1355,72321428571;1612,65178571429;7,36895482162645;7,05495234960992;7,3657138132154;6,91882195641479;7,5928103292037;6,94998695034054;7,21195358561818;7,14226788481509;7,27139863977212;,0594450541539358;,129130754957024;1;1;,5;4,28571428571429;3;3;1;3,58333333333333;2;1;1;1;1;4;2,41666666666667;1;1;1;1;2;1;1;1;1,375;5,5;6,5;6,5;3,25;7;1,88888888888889;1;4;1;1;1,6;1,3;1;4;1;1,7;1;3;6;2;2,7;1,7; ; ;,629542407995791;-,538173473787539;-1,60369049520782;,097954502471775;-,5;-,5;,25;,26908673689377;,26908673689377;-,134543368446885;,801845247603908;,801845247603908;-,400922623801954;-,0489772512358875;-,0489772512358875;,0244886256179437
155;1;2;2;2;2;1;3;4;3;4;4;4;4;6;4;6;4;3;6;4;1;7;4;5;4;5;2;7;3;7;2;7;3;5;2;5;3;6;2;1;1;3;1;3;1;2;3;6;3;4;4;2;4;1;7;7;1;6;7;4;1;6;4;4;1;7;7;6;5;2;1;2;2;2;2;4;1;1;5;2;1;1;1;4;1;1;2;7;7;1;2;1;1;1;3;2;4;2;1;1;1;4;1;1;3;7;7;5;3;6;3;5;6;3;4;4;6;4;4;4;4;4;4;4;4;4;4;4;4;4;4;4;4;4;4;4;4;4;16;9;9;9;6;16;16;16;5;4;7;4;5;3;6;3;5;4;2;5;2;1;2;1;1;244;4;2;1;1;4109;1043;1085;2107;1374;2619;1479;1182;4174;1569;2937;2422; ;1144;1494;2216;1544;3527;1396; ;1159;2407;1529;1786;2388;1479;939;1092;979;1072;2187;1936;1157;1369; ;1467;1697;1216;2352;2270;1068;1995;3351;3646;2051;962;1082;973;8,32093496888341;6,94985645500077;6,98933526597456;7,65302041380419;7,22548147278229;7,87054784450771;7,2991214627108;7,07496319796604;8,33663008763715;7,35819375273303;7,98514393119862;7,79234892411304; ;7,04228617193974;7,30921236569276;7,70345904786717;7,34213173058472;8,16820293023605;7,24136628332232; ;7,05531284333975;7,78613643778307;7,33236920592906;7,48773376143644;7,77821147451249;7,2991214627108;6,84481547920826;6,99576615630485;6,88653164253051;6,97728134163075;7,69028602067677;7,56837926783652;7,05358572719368;7,22183582528845; ;7,29097477814298;7,43661726523423;7,10332206252611;7,76302130901852;7,72753511047545;6,97354301952014;7,59839932932396;8,11701408773731;8,20138595523861;7,62608275807238;6,86901445066571;6,98656645940643;6,880384082186;7;1;1;1;1;7;1;1;4;7;1;7;7;1; ; ; ; ; ; ; ;2;2;0;2430,75;1644;1766,42857142857;1631,875;2007,57142857143;1575,375;2037,375;1699,15178571429;1791,47321428571;7,6731829749181;7,36072450906665;7,3813736452685;7,34800381514536;7,49381981749216;7,2990679371981;7,51695374199237;7,36468873020693;7,39644387734513;-,12050986464724;,0317551471382016;1;3;1,66666666666667;3,71428571428571;5;7;1;5,16666666666667;3;1;1;1;3;3;2,25;2;5;2;5;4;4;6;4;2,875;4,75;5,75;6,25;1,75;4;1,88888888888889;3;4;1;1;1,2;1,7;4;4;1;1,9;1;1;4;1;1,3;1,9; ; ;-1,9199148576985;-,538173473787539;-3,05220704940383E-016;-,664502165416612;-,5;-,5;,25;,26908673689377;,26908673689377;-,134543368446885;1,52610352470192E-016;1,52610352470192E-016;-7,63051762350958E-017;,332251082708306;,332251082708306;-,166125541354153
153;1;2;2;1;3;2;4;4;3;3;2;3;3;5;4;5;5;3;6;5;2;6;6;5;5;5;4;7;3;6;2;7;5;4;2;5;2;6;2;1;1;2;1;2;1;3;4;7;6;5;6;6;7;2;5;6;4;5;6;5;2;3;2;6;1;6;6;7;5;1;1;1;1;2;2;1;1;1;7;2;7;1;1;7;1;1;2;7;6;2;7;2;1;2;3;3;6;1;1;1;1;7;1;1;1;7;6;4;4;6;3;6;5;4;1;1;7;4;4;1;2;4;1;2;1;4;4;1;1;4;1;1;4;1;4;1;1;4;22;6;13;9;3;16;16;16;6;4;3;2;6;2;5;4;5;2;2;5;3;1;6;1;1;287;3;2;1;1; ;2067;2214;1548;1647;911;939;1299; ;1416;1856;2089;931;3164;2880;826;1138;1212;3494;1575;863;888;1431;1945;1249;982; ;3712;1788;1121;1772;3043;1176;1738;3560;3103;986;2928;985;2395;1141;1126;3232;2270;1386;1464;1863;3539; ;7,63385355968177;7,70255611326858;7,34471905414967;7,40671073017764;6,81454289725996;6,84481547920826;7,1693500166706; ;7,25559127425367;7,52617891334615;7,64444076155657;6,83625927727707;8,05959232888755;7,96554557312999;6,71659477352098;7,03702761468628;7,10002716662926;8,158802490694;7,36201055125973;6,76041469108343;6,78897174299217;7,26612877955645;7,57301725605255;7,13009851012558;6,88959130835447; ;8,21932609390609;7,48885295573346;7,02197642307216;7,47986413116503;8,02059914989697;7,06987412845857;7,46049030582534;8,17751582384608;8,04012466444838;6,89365635460264;7,9820748750812;6,89264164117209;7,78113850984502;7,03966034986208;7,02642680869964;8,08085641964099;7,72753511047545;7,23417717974985;7,28892769452126;7,52994337060159;8,17159948034546;7;1;4;3;3;7;2;1;2;7;3;6;4;4; ; ; ; ; ; ; ;2;1;0;1865;1574,625;1908,85714285714;1606,375;2168,25;1943,25;1719,8125;1757,61607142857;2055,75;7,51788994604273;7,22667638451651;7,41384053366506;7,29997814119402;7,57781045140706;7,47176988823989;7,37228316527962;7,35690933742954;7,52479016982348;,152507004543857;,167880832393934;1;3;1,83333333333333;3,14285714285714;5;6;2;5,25;3;1;2;1;4;3;2,66666666666667;2;4;1;2;3;2;2;1;1,875;4;5,75;5;3;7;1,88888888888889;1;1;1;2;2;1,8;2;1;1;1,1;1;1;6;1;2,3;1,1; ; ;,613362669192485;-,538173473787539;,229098642172545;-1,426958833305;-,5;-,5;,25;,26908673689377;,26908673689377;-,134543368446885;-,114549321086272;-,114549321086272;,0572746605431361;,7134794166525;,7134794166525;-,35673970832625
34;0;1;0;1;2;1;3;4;3;4;4;4;4;7;5;7;4;4;5;7;1;4;5;7;7;5;2;6;4;3;1;7;2;6;2;3;2;5;1;1;1;1;1;2;1;3;5;6;4;4;4;5;7;6;6;3;2;6;7;5;2;4;6;7;2;6;7;7;6;2;1;3;1;3;1;7;1;1;7;2;1;4;1;4;4;2;1;7;2;5;6;5;5;1;5;6;7;5;5;4;5;6;5;2;1;7;7;4;3;6;5;6;4;4;4;5;5;4;4;5;3;4;5;4;4;4;5;4;4;4;5;4;5;4;5;4;4;4;22;19;16;13;13;16;16;19;5;4;6;4;7;3;6;2;3;2;2;5;2;1;1; ;1;220;4;2;1;1;1356; ;2035;2933;1584;1741; ;1131;2178; ;2245;2193;3571;1851;1272;976;2835;2243;2209;4029;1275;1444;1016;871; ;2277;2996;2165;1658;1503;1038;1302;4482;1265;1323;3102;2379;1526;1435;1120;2292;2005;3246;3504;1109;1291;1161;1608;7,21229446850034; ;7,6182510978767;7,98378106897745;7,36770857237437;7,46221493976819; ;7,03085747611612;7,68616230349291; ;7,71646080017636;7,69302574841789;8,18060094759445;7,5234813125735;7,14834574390007;6,88346258641309;7,94979721616185;7,71556953452021;7,70029520342012;8,30127348519135;7,15070145759253;7,27517231945277;6,92362862813843;6,7696419768525; ;7,73061406606374;8,00503334463711;7,68017564043659;7,41336733569524;7,31521838975297;6,94505106372583;7,17165682276851;8,40782465436087;7,14282740116162;7,18765716411496;8,03980234373648;7,77443551030296;7,3304052118444;7,26892012819372;7,02108396428914;7,73718007783463;7,60339933974067;8,08517874807454;8,16166045205628;7,01121398735037;7,16317239084664;7,05703698169789;7,38274644973891;7;4;6;3;2;4;5;2;1;6;1;7;6;2; ; ; ; ; ; ; ;2;2;0;2156,66666666667;1732,28571428571;2679,14285714286;1263,375;2652,375;1453,625;1944,47619047619;1971,25892857143;2053;7,65166258124027;7,37095308267711;7,86896549863299;7,12055474924735;7,79569127263501;7,251126828033;7,51130783195869;7,49476012394017;7,523409050334;,012101218375312;,0286489263938332;1;2;,833333333333333;3,71428571428571;4;7;4;5,75;3;2;5;1;2;5;2,58333333333333;3;3;2;4;4;4;3;1;2,1875;5,75;6,5;5,5;2,75;1;1,55555555555556;1;4;1;6;4,4;2,1;1;2;1;3,1;1;4;7;2;3,6;3,1; ; ;,611754903349255;-,931559160210917;-1,14549321086273;,352106725101237;-,5;-,5;,25;,465779580105459;,465779580105459;-,232889790052729;,572746605431363;,572746605431363;-,286373302715681;-,176053362550619;-,176053362550619;,0880266812753094
163;0;3;1;3;4;3;3;4;4;5;4;4;5;6;4;6;3;4;2;1;1;5;5;2;3;4;4;7;6;4;5;6;2;5;1;2;4;5;1;1;1;2;1;2;1;4;4;7;7;7;6;7;6;6;7;5;4;6;3;5;1;7;4;6;3;5;6;6;4;4;1;2;1;3;2;2;2;1;7;1;1;1;1;6;1;1;1;6;7;2;4;1;1;1;4;6;7;2;1;3;1;7;2;3;1;7;6;5;4;4;4;1;2;4;3;1;5;5;4;1;3;5;1;1;6;3;6;1;1;7;1;3;6;5;4;1;1;6;9;16;19;9;13;19;19;19;6;2;5;5;7;3;7;3;1;1;2;5;4;2;1; ;1;223;3;2;1;1;4723;1513;2923;5921;1181;1347;904;1189;3373;1807;6547;1280;2938;1588;2392;3905;2249;1897;3951;4963;4993;1327;1636; ;1532;2352;5590;5732;6319;2191;1048;2204;1497; ;4607;1943;2234;2679;1603;4512;3351; ;1543;3382;1280;1181;4288;1598;8,46019946989612;7,32184971378836;7,98036576511125;8,68626063253178;7,07411681619736;7,20563517641036;6,80682936039218;7,08086789669078;8,12355783506165;7,49942329059223;8,78676220844109;7,15461535691366;7,98548435673382;7,37023064180708;7,77988511507052;8,27001306227379;7,71824095195932;7,54802896993501;8,28172399041139;8,50976567558744;8,51579221050061;7,19067603433221;7,40000951716269; ;7,33432935030054;7,76302130901852;8,62873456614915;8,65381978894806;8,75131624677346;7,69211333959547;6,95463886488099;7,6980291702728;7,31121838441963; ;8,43533216493592;7,57198844937744;7,71154897962915;7,89319886954461;7,37963215260955;8,4144957931779;8,11701408773731; ;7,34148385236316;8,12622252945853;7,15461535691366;7,07411681619736;8,36357570275064;7,37650812632622;6;4;2;1;1;5;3;3;3;4;1;5;4;2; ; ; ; ; ; ; ;2;1;0;3510,875;1930,5;3533,25;2816,85714285714;2720,5;2421,875;2720,6875;3175,05357142857;2571,1875;8,00162928404202;7,44663280319699;8,05470807528868;7,74322505478832;7,817209911382;7,67096147464364;7,7241310436195;7,8989665650385;7,74408569301282;,0199546493933145;-,154880872025681;1;1;2,33333333333333;4,14285714285714;4;7;3;4;4;1;4;2;3;6;3,5;3;4;1;1;1;2;1;2;1,75;5,75;6,25;4,25;3,25;6;2,44444444444444;1;2;2;1;2,2;1,2;1;1;1;1,6;2;3;5;4;2,8;1,6; ; ;,904546927466477;,117469336918092;,91639456869018;,352106725101237;-,5;-,5;,25;-,0587346684590459;-,0587346684590459;,029367334229523;-,45819728434509;-,45819728434509;,229098642172545;-,176053362550619;-,176053362550619;,0880266812753094
181;2;3;3;2;4;2;3;4;4;4;3;4;4;6;5;6;5;5;5;5;2;6;7;6;6;6;2;7;4;7;5;7;6;7;2;2;1;7;2;2;1;4;1;2;1;5;5;5;4;4;4;4;6;2;7;1;1;7;1;4;4;7;7;7;2;7;7;7;7;2;1;1;1;1;1;6;1;1;7;2;1;1;2;5;4;1;1;7;7;1;4;2;2;2;1;1;7;2;2;2;2;5;2;1;4;7;4;4;4;4;4;4;4;4;4;4;4;4;4;4;4;4;4;4;4;4;4;4;4;4;4;4;4;4;4;4;4;4;16;16;16;16;16;16;16;16;5;4;5;2;6;4;6;2;4;2;2;5;3;1;1;3;1;208;4;2;1;1;1652;1308;879;996;769;996;932;985;977;1060;1189;1033;1269;1093;846;1034;1376;951;1685;1451;1229; ;772;940;1263;1400;998;1382;826;1044;1068;1049;1344; ;831;973;1379;899;1061;1297;1066;2072;1356;1395;752;1643;1131;844;7,40974195408092;7,17625453201714;6,77878489768518;6,9037472575846;6,64509096950564;6,9037472575846;6,83733281468559;6,89264164117209;6,88448665204278;6,96602418710611;7,08086789669078;6,94022246911964;7,14598446771439;6,99668148817654;6,74051935960622;6,94119005506837;7,22693601849329;6,85751406254539;7,42952084278646;7,28000825288419;7,11395610956603; ;6,64898455002478;6,84587987526405;7,14124512235049;7,24422751560335;6,90575327631146;7,23128700432762;6,71659477352098;6,95081476844258;6,97354301952014;6,9555926083963;7,2034055210831; ;6,72262979485545;6,880384082186;7,2291138777933;6,80128303447162;6,96696713861398;7,16780918431644;6,97166860472579;7,63626960337937;7,21229446850034;7,24064969425547;6,62273632394984;7,40427911803727;7,03085747611612;6,73815249459596;6;1;1;1;1;6;1;1;1;4;1;7;4;1; ; ; ; ; ; ; ;2;2;0;1136,75;990,5;1313,25;989,714285714286;1291;1125,75;1063,625;1151,48214285714;1208,375;7,0175162307909;6,88789850668918;7,16456151191278;6,88648081496212;7,12390025271222;6,99514983098682;6,95270736874004;7,02552116343745;7,05952504184952;,106817673109479;,0340038784120651;1;3;2,66666666666667;3,71428571428571;3;6;2;5,5;2;1;1;1;1;6;2,66666666666667;1;3;3;4;4;4;4;2;2,6875;5,75;7;4;2,75;2;1,22222222222222;1;3;1;1;1,6;1,7;1;3;1;2;2;2;7;4;2,1;2; ; ;-,695333207104501;-1,3249448466343;1,37459185303527;,352106725101237;-,5;-,5;,25;,662472423317148;,662472423317148;-,331236211658574;-,687295926517635;-,687295926517635;,343647963258817;-,176053362550619;-,176053362550619;,0880266812753094
183;0;0;0;0;0;0;3;4;4;4;4;4;5;7;3;4;4;3;3;3;2;5;7;6;5;4;2;7;1;7;3;7;3;7;1;3;1;4;1;1;1;2;3;1;1;4;4;7;7;7;7;7;7;7;5;7;2;3;6;5;1;7;5;7;1;6;6;4;6;2;1;1;3;3;1;7;1;1;7;1;1;1;1;7;1;1;1;7;7;1;7;1;1;1;1;1;7;5;3;3;4;7;4;1;1;7;6;5;2;5;3;5;5;3;1;1;7;3;3;3;1;7;1;1;7;1;7;2;1;7;3;3;7;3;3;3;5;7;30;30;28;23;16;31;31;19;7;4;2;6;7;1;3;6;2;1;2;5;3;1;2;4;1;279;3;2;1;1;1208;1547;1179;1857;776;1239;610;1148;1422; ;911;1571;1241;737;1887;776;1348;779;1870;578;988;778;769;940;1479;1426;1170;847;693;1252;968;1180;1080;951; ;932;1647;854;481;791;1285;788;1654;966;651;752;1473;1019;7,09672137849476;7,34407285057307;7,07242190053737;7,52671756135271;6,65415252018322;7,12205988162914;6,41345895716736;7,04577657687951;7,25981961036319; ;6,81454289725996;7,35946763825562;7,12367278520461;6,60258789218934;7,54274354536855;6,65415252018322;7,20637729147225;6,65801104587075;7,53369370984863;6,35957386867238;6,89568269774787;6,65672652417839;6,64509096950564;6,84587987526405;7,2991214627108;7,26262860097424;7,0647590277918;6,74170069465205;6,5410299991899;7,13249755166004;6,87523208727658;7,07326971745971;6,98471632011827;6,85751406254539; ;6,83733281468559;7,40671073017764;6,74993119378857;6,17586727010576;6,67329796776765;7,15851399732932;6,66949808985788;7,41095187558364;6,87316383421252;6,47850964220857;6,62273632394984;7,29505641646263;6,92657703322273;7;3;3;1;4;7;1;2;1;7;1;7;4;3; ; ; ; ; ; ; ;2;1;0;1385;1051,75;1187,125;946;1093,71428571429;958,5;1218,375;1066,5625;1026,10714285714;7,21053769097667;6,89482558485062;7,01573321274911;6,83317617778527;6,97024157061894;6,79108582221042;7,05268163791364;6,92445469526719;6,88066369641468;-,172017941498957;-,0437909988525096;1;1;0;4;5;6;3;4,83333333333333;4;1;1;1;1;5;2;4;4;1;1;1;1;1;1;1,75;6,5;4,75;6;2,25;1;1,55555555555556;1;1;1;1;1;1;1;1;1;2,4;1;1;7;1;2,4;2,4; ; ;-,62900648604805;-,931559160210917;-2,29098642172545;1,11456339298962;-,5;-,5;,25;,465779580105459;,465779580105459;-,232889790052729;1,14549321086273;1,14549321086273;-,572746605431363;-,557281696494812;-,557281696494812;,278640848247406
157;2;1;1;2;3;2;4;4;4;5;4;5;4;5;4;5;6;5;3;1;4;5;3;3;5;3;4;6;5;6;5;7;3;4;3;1;2;5;1;1;1;1;2;1;1;3;3;4;3;3;3;6;6;7;7;6;3;6;4;4;1;7;5;6;2;6;4;6;6;5;1;3;4;3;4;5;3;2;5;2;2;2;2;4;2;2;3;4;3;4;3;3;2;4;2;4;5;4;5;3;4;3;2;2;5;4;7;5;4;4;3;5;4;5;4;3;5;4;4;3;6;4;4;3;6;3;5;4;3;5;6;6;5;5;4;5;4;4;7;23;17;16;22;6;16;16;5;2;6;4;5;3;7;3;5;2;2;5;4;1;1;3;1;248;4;2;1;1;1083;1251;1154; ;1235;1839;1514;866;991;1098;908;1946;558;1072;771;814;1249;1161;1134;867;1084;953;1184;949;776;1532;1177;1129;1244;3395;766;945;1178;890;1647;4025;913;1565;1215;2140;1114;849; ;1264;893;913;897;930;6,98749024700099;7,13169851046691;7,05098944706805; ;7,11882624906208;7,51697722460432;7,32251043399739;6,76388490856244;6,89871453432999;7,00124562206948;6,81124437860129;7,57353126274595;6,32435896238131;6,97728134163075;6,64768837356333;6,70196036600254;7,13009851012558;7,05703698169789;7,0335064842877;6,76503897678054;6,98841318199959;6,8596149036542;7,07665381544395;6,85540879860993;6,65415252018322;7,33432935030054;7,07072410726028;7,02908756414966;7,12608727329912;8,1300590399928;6,64118216974059;6,85118492749374;7,07157336421153;6,79122146272619;7,40671073017764;8,30028018985266;6,81673588059497;7,35564110297425;7,10249935577465;7,6685611080159;7,01571242048723;6,74405918631135; ;7,1420365747068;6,7945865808765;6,81673588059497;6,7990558620588;6,8351845861473;5;5;4;3;6;3;4;4;3;5;1;5;2;1; ; ; ; ; ; ; ;2;2;0;1204,42857142857;1083,625;1128,125;1315;1566,71428571429;1183,25;1144,02678571429;1221,5625;1374,98214285714;7,06498771461181;6,92168598247552;7,00924681184818;7,06607551377924;7,21022770406763;7,02362504462967;6,99333684854366;7,03766116281371;7,11692637434865;,123589525804984;,0792652115349402;1;1;1,83333333333333;4,28571428571429;3;4;3;3,91666666666667;5;2;2;1;4;7;3,58333333333333;3;5;4;5;5;5;2;2;2,625;6;6,25;5,25;2,5;3;3,11111111111111;3;4;4;5;3,4;2,6;3;5;4;3,7;3;5;5;3;4,2;3,7; ; ;,961176013278046;,904240709764848;,229098642172545;,6062589477307;-,5;-,5;,25;-,452120354882424;-,452120354882424;,226060177441212;-,114549321086272;-,114549321086272;,0572746605431361;-,30312947386535;-,30312947386535;,151564736932675
30;2;2;3;4;4;3;4;4;4;4;4;4;4;5;3;5;5;4;4;5;3;6;5;5;5;4;2;7;2;5; ;5;5;5;3;4;2;6;4;2;2;4;3;3;1;5;4;5;3;4;4;5;5;6;6;6;2;6;6;4;3;5;5;5;5;6;6;7;5;3;2;3;2;4;4;5;4;3;6;3;3;2;4;4;3;3;2;6;5;2;5;2;2;2;6;5;5;4;5;3;5;4;4;3;2;6;6;5;2;7;3;7;7;3;4;6;6;4;5;4;3;6;4;4;6;4;5;3;3;5;4;4;5;3;5;3;3;5;25;16;16;19;13;22;19;16;6;5;5;3;6;3;6;5;5;2;2;5;3;1;1;2;1;256;4;2;1;1; ;2699;1543;1663;2516;1326;1445;1111;1435;1499;2436;2757;1376;2015;1647;947;1164;1522;1624;2039;1219;1395;947;1620;1010;2060;1135;1491;1230;1346;1495;1692;1411;1287;2086;1296;2004;2253;1159;1213; ;1710; ;1666;1598;1201;1437;808; ;7,900636613018;7,34148385236316;7,41637847919293;7,83042561782033;7,18992217074581;7,27586460054653;7,01301578963963;7,26892012819372;7,3125534981026;7,79811262882979;7,9218984110238;7,22693601849329;7,60837447438078;7,40671073017764;6,85329909318608;7,05961762829138;7,32778053842163;7,39264752072162;7,62021477057445;7,10578612948127;7,24064969425547;6,85329909318608;7,39018142822643;6,9177056098353;7,63046126178363;7,0343879299155;7,30720231476474;7,11476944836646;7,20489251020467;7,30988148582479;7,43366654016617;7,25205395185281;7,16006920759613;7,64300363556072;7,16703787691222;7,60290046220476;7,72001794043224;7,05531284333975;7,10085190894405; ;7,44424864949671; ;7,41818082272679;7,37650812632622;7,09090982207998;7,27031288607902;6,6945620585211;5;2;5;3;6;3;4;3;3;5;4;4;5;4; ; ; ; ; ; ; ;2;2;0;2004,57142857143;1547,875;1505,625;1368;1576;1459,125;1776,22321428571;1436,8125;1517,5625;7,56571194438914;7,30056856187376;7,28625219678853;7,20664079121392;7,34743235735756;7,23892200599089;7,43314025313145;7,24644649400123;7,29317718167423;-,139963071457226;,0467306876730014;1;3;3;4;4;5;2;4,75;4;1;3;3;3;4;2,90909090909091;2;4;3;5;4;4;3;3;3,25;5,5;6;5,75;3,5;3;3,11111111111111;2;4;2;3;2,6;2,8;3;4;2;3,5;3;5;5;3;3,9;3,5; ; ;,678081624405706;,904240709764848;1,83278913738036;,097954502471775;-,5;-,5;,25;-,452120354882424;-,452120354882424;,226060177441212;-,91639456869018;-,91639456869018;,45819728434509;-,0489772512358875;-,0489772512358875;,0244886256179437
114;1;2;2;1;2;3;3;3;3;4;3;2;3;5;5;5;6;4;4;4;3;6;5;5;3;6;5;7;2;4;6;6;4;5;5;4;4;6;3;3;3;4;5;4;3;4;4;4;5;2;4;4;4;7;6;7;1;5;6;4;4;7;6;6;2;5;6;7;6;2;2;2;3;5;2;4;4;3;3;4;2;2;3;4;3;2;4;5;4;5;4;5;5;4;4;5;3;4;4;4;4;5;4;4;5;6;5;6;3;6;4;4;4;3;4;3;5;4;4;5;5;3;4;6;4;3;3;4;4;4;4;3;6;4;3;4;4;3;6;16;16;19;9;13;13;19;3;4;2;4;6;4;5;3;4;4;1;5;4;1;2;1;1;260;4;1;1;1;2486;2032;3019;1619;1315;2409;1385;1090;1675;2030; ;1169; ;1851;1926;1253;1171;2036;1159;1117;1740;2562;1925;1150;1029;1230;1187;1665;2259;2446;1816;1659;2399;1051;1209;1582;1491;1440;1258;2590;2601;1267;875;2284; ;2285;1330;1113;7,81843027207066;7,61677580869837;8,01268092970684;7,38956395367764;7,18159194461187;7,78696700261487;7,23345541862144;6,99393297522319;7,42356844425917;7,61579107203583; ;7,06390396147207; ;7,5234813125735;7,56320059235807;7,13329595489607;7,06561336359772;7,61874237767041;7,05531284333975;7,0184017990692;7,46164039220858;7,84854348245668;7,56268124672188;7,0475172213573;6,93634273583405;7,11476944836646;7,07918439460967;7,41758040241454;7,722677516468;7,80220931624712;7,50439155916124;7,41397029019044;7,78280726283969;6,95749737087695;7,09754885061479;7,3664451483276;7,30720231476474;7,27239839257005;7,13727843726039;7,85941315469358;7,86365126544865;7,14440718032114;6,77422388635761;7,7336835707759; ;7,7341213033283;7,1929342212158;7,01481435127555;5;4;4;5;6;4;2;3;3;4;4;2;3;3; ; ; ; ; ; ; ;2;2;0;2004,28571428571;1604,14285714286;1324,25;1944,625;1658,5;1643,85714285714;1804,21428571429;1634,4375;1651,17857142857;7,56295920598865;7,345132171557;7,16324342061273;7,5454538781014;7,34003306694529;7,35973745358692;7,45404568877283;7,35434864935707;7,3498852602661;-,104160428506723;-,00446338909096156;1;3;1,83333333333333;3;4;5;2;4,75;2;1;4;2;3;4;3,5;2;4;4;3;6;4;4;4;3,75;6,5;6;6;2,75;4;3;5;4;3;4;4,8;3,2;5;3;2;3,9;3;4;5;4;4;3,9; ; ;,411166974336672;,773112147623722;,229098642172545;1,11456339298962;-,5;-,5;,25;-,386556073811861;-,386556073811861;,193278036905931;-,114549321086272;-,114549321086272;,0572746605431361;-,557281696494812;-,557281696494812;,278640848247406
113;0;0;2;1;2;3;3;5;5;5;5;5;5;7;6;6;4;4;5;5;3;7;4;4;4;4;5;7;1;6;1;7;1;7;1;2;1;7;1;1;1;1;1;2;1;4;1;7;4;7;7;7;7;6;6;6;4;6;7;6;2;7;3;3;2;5;5;5;5;1;1;7;1;1;1;7;4;1;7;4;1;1;1;7;1;1;1;7;7;1;1;1;1;1;4;4;7;1;3;1;1;2;3;1;1;7;7;7;7;7;7;7;7;7;1;1;1;1;1;1;1;1;1;1;1;1;1;1;1;1;1;1;1;1;1;1;1;1;22;13;16;6;19;22;25;25;4;4;4;2;7;4;7;1;7;1;2;6;2;4;7; ;1;212;4;2;1;1;4212;1083;1408;3634;3163;1603;1680;1653;1392;1315;1093; ;1074;987;2992;2076;1113;1096;1058;1847;973;2115;955;1023;2115;1177; ;3512;1145;862;1074;2645;1627;2902;925;743;971;886;1010;1337;2009;3892;3406;3188;1150;1908;1186;742;8,34569287325387;6,98749024700099;7,24992553671799;8,19808924895612;8,05927622330565;7,37963215260955;7,4265490723973;7,41034709782102;7,23849684089437;7,18159194461187;6,99668148817654; ;6,97914527506881;6,89467003943348;8,00369733909437;7,63819824428578;7,01481435127555;6,99942246750796;6,96413561241824;7,52131798019924;6,880384082186;7,65681009148038;6,86171134048073;6,93049476595163;7,65681009148038;7,07072410726028; ;8,16394095475501;7,04315991598834;6,75925527066369;6,97914527506881;7,8804263442924;7,39449310721904;7,97315543344413;6,82979373751242;6,61069604471776;6,87832646829133;6,78671695060508;6,9177056098353;7,19818357710194;7,60539236481493;8,2666784433059;8,13329386122263;8,06714903991011;7,0475172213573;7,55381085200823;7,07834157955767;6,60934924316738;6;2;4;2;2;4;2;2;2;2;2;7;7;1; ; ; ; ; ; ; ;2;2;0;2019,57142857143;1903,5;1702,57142857143;1349;2336,5;1148,75;1961,53571428571;1525,78571428571;1742,625;7,45685259708739;7,473939430502;7,34159508069952;7,123923385764;7,61008150401836;7,00874393774053;7,46539601379469;7,23275923323176;7,30941272087945;-,155983292915247;,0766534876476879;1;3;1,33333333333333;4,71428571428571;4;5;1;5,08333333333333;4;1;2;1;1;6;2,08333333333333;1;7;1;4;1;1;1;1;1,8125;5,75;5;5,25;3,5;1;2;1;1;1;1;1,6;1,3;1;6;1;1,9;2;4;6;6;3,2;1,9; ; ;1,24587816799362;-,407044911646413;-,458197284345091;,352106725101237;-,5;-,5;,25;,203522455823206;,203522455823206;-,101761227911603;,229098642172545;,229098642172545;-,114549321086273;-,176053362550619;-,176053362550619;,0880266812753094
131;2;3;2;4;3;2;4;4;5;5;4;4;5;6;5;7;7;4;5;3;3;5;4;4;5;4;2;7;5;7;4;7;3;6;6;5;3;7;3;1;1;2;4;2;1;2;3;3;6;4;3;6;6;5;7;4;5;6;7;6;1;7;5;3;2;6;4;6;4;4;2;2;6;2;6;4;6;3;7;1;1;2;2;4;2;1;2;7;7;4;6;3;4;1;6;5;2;7;7;4;6;2;4;3;6;7;7;4;2;7;2;7;7;1;2;2;5;2;6;4;2;4;5;5;4;5;6;2;2;6;6;2;1;4;2;6;5;2;19;25;25;31;6;16;19;6;5;2;5;6;7;6;7;4;5;4;2;5;4;1;1;3;1;259;3;2;1;1;1286;1787;1620;1773;960;1545;1452;1327;1876;2076;2631;1674;2115;987; ;835;1146;1293;1274;1547;2202;1575;1186;1006;1551;1260;1395;2253;1799;908;933;1582;1066;1077;2074;2099;1335;1365;1086;1113;1076;1840;975;1995;1537;973;1881;2345;7,15929190479756;7,48829351515943;7,39018142822643;7,48042830607421;6,86693328446188;7,34277918933185;7,28069719538474;7,19067603433221;7,53689712956617;7,63819824428578;7,87511928104029;7,42297125104942;7,65681009148038;6,89467003943348; ;6,72743172485086;7,04403289727469;7,16472037877186;7,14991683613211;7,34407285057307;7,69712131728263;7,36201055125973;7,07834157955767;6,91373735065968;7,34665516317654;7,13886699994552;7,24064969425547;7,72001794043224;7,49498623395053;6,81124437860129;6,83840520084734;7,3664451483276;6,97166860472579;6,98193467715639;7,63723438878947;7,64921631982063;7,19668657083435;7,21890970761906;6,99025650049388;7,01481435127555;6,98100574072173;7,51752085060303;6,88243747099785;7,59839932932396;7,3375877435386;6,880384082186;7,53955882930103;7,76004068088038;3;5;4;2;6;4;2;5;2;7;5;7;3;5; ; ; ; ; ; ; ;2;1;0;1840,375;1317,28571428571;1464,875;1398,875;1525,25;1454,375;1578,83035714286;1431,875;1489,8125;7,49892263252491;7,13714250846791;7,26861659507019;7,19528647006081;7,27742717276736;7,24227980826611;7,31803257049641;7,2319515325655;7,25985349051673;-,0581790799796797;,027901957951233;1;2;2,66666666666667;4,42857142857143;4;5;3;5;4;1;1;1;2;3;2,91666666666667;1;5;5;2;4;5;2;2;2,625;5;5,5;5,5;3,5;4;3,88888888888889;1;4;1;1;3,4;1,7;6;6;1;5;5;4;6;1;4;5; ; ;-,781055198650717;1,82214064475273;1,37459185303527;-,41034994278715;-,5;-,5;,25;-,911070322376365;-,911070322376365;,455535161188183;-,687295926517635;-,687295926517635;,343647963258817;,205174971393575;,205174971393575;-,102587485696787
106;1;1;1;0;0;0;4;4;4;4;4;4;4;7;6;6;6;3;2;4;2;6;3;5;5;7;3;6;2;3;1;6;1;6;4;5;2;6;2;2;1;2;1;2;1;5;5;6;6;5;4;6;6;6;6;5;2;5;6;1;2;7;5;5;2;6;5;3;4;2;1;1;1;1;2;6;3;1;5;1;2;1;1;4;2;2;1;6;6;2;7;2;2;4;3;5;5;2;2;2;2;4;2;2;1;6;6;4;3;5;4;5;4;4;4;4;4;4;4;4;4;4;4;4;4;4;4;4;4;4;4;4;4;4;4;4;4;4;25;15;13;6;9;13;15;15;5;6;5;5;6;6;6;5;4;2;2;5;2;1;1;1;1;239;3;2;1;1;1673;1782;2977;3549;1815;1950;1297;1032;2820;2675;2189;2362;5294;1424;1765;4627;1988;3115; ; ;1218;1878;2583;1237;4142;3656;1803;4506;3166;2690;2055;1210;2036;1228;3483;5234;1595;1816;1531;1990;1416;4495;2569;3475;1902;2822;1342;2733;7,42237370098682;7,48549160803075;7,99867136101578;8,1744211526465;7,50384074669895;7,57558465155779;7,16780918431644;6,93925394604151;7,94449216393216;7,89170465933011;7,69120009752286;7,76726399675731;8,57432938278705;7,26122509197192;7,4759059693674;8,439663988907;7,59488438721652;8,04398443122155; ; ;7,10496544826984;7,53796265976821;7,85670679309584;7,12044437239249;8,32893404195553;8,20412493257404;7,49720722320332;8,41316512099219;8,06022424044096;7,89729647259589;7,62803112693033;7,09837563859079;7,61874237767041;7,11314210870709;8,155649270366;8,56293108309009;7,37462901521894;7,50439155916124;7,33367639565768;7,59588991771854;7,25559127425367;8,41072094690572;7,85127199710988;8,15334975799889;7,55066124310534;7,94520113241276;7,20191631753163;7,91315518592807;5;5;5;3;5;5;4;4;2;5;4;5;3;4; ; ; ; ; ; ; ;2;1;0;2503,375;2400,5;3201,66666666667;2004,625;2992;1966,375;2451,9375;2603,14583333333;2479,1875;7,79695234252779;7,61720162020601;8,01371668952719;7,53800084401054;7,89017485201272;7,55244009584178;7,7070769813669;7,77585876676887;7,72130747392725;,0142304925603494;-,0545512928416194;1;1;,5;4;5;6;2;5,08333333333333;1;2;5;2;2;3;2,33333333333333;2;3;2;2;3;4;2;2;2,25;5,5;4,75;5,5;1,75;2;1,55555555555556;3;4;2;2;3;1,9;3;4;2;2,2;3;3;6;3;4,1;2,2; ; ;2,42031283633447;-,931559160210917;-1,60369049520782;,097954502471775;-,5;-,5;,25;,465779580105459;,465779580105459;-,232889790052729;,801845247603908;,801845247603908;-,400922623801954;-,0489772512358875;-,0489772512358875;,0244886256179437
134;0;2;1;0;1;0;4;4;4;4;4;4;3;6;6;7;6;4;3;4;1;4;4;5;3;4;3;7;5;6;2;6;4;6;3;1;2;5;3;4;1;4;3;2;1;6;4;6;6;3;5;6;5;1;7;4;2;5;5;3;2;7;7;5;2;6;4;6;4;4;1;3;4;1;3;7;5;1;1;1;1;1;1;5;1;1;4;7;5;1;4;1;1;1;3;1;1;5;2;4;5;3;1;2;7;2;6;5;4;5;6;6;6;3;2;2;4;2;3;3;3;4;4;1;4;4;5;1;1;6;7;6;3;4;3;6;4;4;4;19;9;12;13;19;19;6;5;6;3;6;4;6;1;6; ;1;2;5;3;1;1;3;1;284;4;2;1;1;1564;1650;2712;1590; ;2425;2335;3834;4721;1676;2357;2039;3465;1487;1643;1606;1068;1297;935;2397;2596;1019;1092;1240;1214;1162;932;2002;1170;1425;2096;1157;1122;962;4481;4304;1791;2614;2096;1307;1770;3894;1280;4358;1100;5032; ;1253;7,35500192110526;7,40853056689463;7,90544164906029;7,37148929521428; ;7,79358680337158;7,755767170103;8,25166392360559;8,45977592054629;7,42416528104203;7,76514490293613;7,62021477057445;8,150467911624;7,30451594646016;7,40427911803727;7,38150189450671;6,97354301952014;7,16780918431644;6,84054652928869;7,78197323443438;7,86172707782398;6,92657703322273;6,99576615630485;7,12286665859908;7,10167597161944;7,05789793741186;6,83733281468559;7,60190195987517;7,0647590277918;7,26192709270275;7,64778604544093;7,05358572719368;7,02286808608264;6,86901445066571;8,40760151478614;8,36730010184162;7,49052940206071;7,86863689418417;7,64778604544093;7,17548971362422;7,47873482556787;8,26719218593215;7,15461535691366;8,37976851550457;7,00306545878646;8,52357279838028; ;7,13329595489607;2;6;4;5;6;2;4;4;6;2;1;7;6;1; ; ; ; ; ; ; ;2;2;0;2288,625;2399,28571428571;1375,875;1474,375;2771,375;2170,42857142857;2343,95535714286;1425,125;2470,90178571429;7,66372053842167;7,72025468110119;7,17033508139396;7,24187435238497;7,7433868796618;7,54891089533898;7,69198760976143;7,20610471688947;7,64614888750039;-,0458387222610419;,440044170610917;1;1;,666666666666667;3,85714285714286;4;7;4;4,91666666666667;4;1;2;2;2;7;3,08333333333333;3;4;2;2;5;3;2;3;3;4;5,75;5,5;2,25;1;2,55555555555556;7;3;1;3;1;2,1;7;5;6;4,4;6;6;2;6;4,9;4,4; ; ;1,36883397486164;,248597899059217;-1,37459185303527;-1,426958833305;-,5;-,5;,25;-,124298949529609;-,124298949529609;,0621494747648044;,687295926517636;,687295926517636;-,343647963258818;,7134794166525;,7134794166525;-,35673970832625
29;1;2;1;2;3;2;4;3;2;4;4;4;4;7;5;6;6;5;3;6;3;7;7;7;6;5;2;6;3;3;2;6;1;6;4;5;3;6;4;2;1;3;3;1;1;3;5;6;6;4;5;7;6;2;7;6;5;3;7;6;5;6;4;6;1;6;7;6;4;3;1;1;1;1;1;7;1;1;6;1;1;1;1;6;1;1;2;7;5;1;1;2;2;3;2;3;7;1;1;1;1;6;1;1;1;7;6;6;3;6;2;6;6;2;2;2;6;2;6;4;2;4;1;2;5;4;4;4;4;4;4;4;5;4;4;4;4;4;3;9;13;16;13;3;6;13;5;2;6;2;6;5;5;3;6;1;2;5;4;2;6;1;1;235;3;2;1;1; ;3970;2031;8156;2070;2500;1640;4058;3281;5451; ;7857;1366;1611;1724;7350;6740;1766;2323;3990;5782;2022;2347;2394;2507;1792;2566;9337;6539;5065;2379;5439;1850;7512;4454;3252;2819;3002;2224;2260;5847;3402;2010;7812;6014;6498;2376;2306; ;8,28652137368124;7,61628356158039;9,00650913169435;7,63530388625941;7,82404601085629;7,40245152081824;8,30844552038576;8,0959035329611;8,60355435706428; ;8,96916013317582;7,21964204013074;7,38461038317697;7,45240245122364;8,90245559220688;8,81581520390635;7,47647238116391;7,75061473277041;8,29154650988391;8,66250492257629;7,61184239958042;7,76089319585102;7,78072088611792;7,82684209815829;7,49108759353488;7,85010354517558;9,14174028048393;8,78553952756128;8,53010941668278;7,77443551030296;8,60135049942296;7,52294091807237;8,9242570208881;8,40155784781731;8,0870254706677;7,94413749111411;8,00703401219341;7,70706265537047;7,72312009226633;8,67368398817567;8,13211877295581;7,60589000105312;8,96341629199657;8,70184536354847;8,77924971622905;7,77317368048254;7,743269700829;7;1;1;1;1;6;1;1;1;7;1;1;7;1; ; ; ; ; ; ; ;2;1;0;5124,33333333333;2789,875;3877,625;3995,875;4517,375;3437,375;3957,10416666667;3936,75;3977,375;8,42965534835953;7,76616967563224;8,08052779313466;8,18842454476195;8,28886128895333;8,04736158900417;8,09791251199589;8,13447616894831;8,16811143897875;,0701989269828651;,0336352700304463;1;3;1,83333333333333;3,57142857142857;3;5;1;5,66666666666667;3;2;5;2;2;3;2,66666666666667;2;3;2;2;4;3;1;2;2,3125;4,75;5,5;5,75;4,25;1;1,22222222222222;2;2;1;3;2,2;1,3;1;2;1;1,1;1;2;7;1;1,7;1,1; ; ;-,386361444183973;-1,3249448466343;,229098642172545;-,664502165416612;-,5;-,5;,25;,662472423317148;,662472423317148;-,331236211658574;-,114549321086272;-,114549321086272;,0572746605431361;,332251082708306;,332251082708306;-,166125541354153
164;2;1;2;1;3;2;4;4;4;4;4;4;4;4;4;4;4;3;3;4;3;5;4;4;4;5;3;7;3;7;2;7;4;7;3;4;1;7;2;1;1;1;1;1;1;2;7;7;7;7;7;7;7;6;4;3;3;6;5;3;2;5;5;7;2;7;5;4;5;2;1;2;2;2;2;5;4;2;6;1;1;1;2;4;1;1;2;7;5;1;5;1;1;1;2;2;5;3;4;2;3;3;3;1;2;5;6;6;3;4;3;5;5;3;3;1;4;3;3;2;2;4;2;1;3;3;3;1;1;3;2;2;2;2;3;2;2;3;18;13;25;19;12;15;21;18;6;3;6;2;7;2;6;1;5;3;2;5;3;1;1;3;1;247;3;2;1;1;1495;1367;2528;1289;1479;2075;2110;791;985;934;1597;1590;1132;1062;1641;1180;1542;2203;1088;2161;1013;2086;1331;1334;979;1180;1795;1059;1271;1718;1459; ;2048;1098;1653;1370;2115;1952;1676; ;1900;1548;2365;1886;1287;1317;1628;1151;7,30988148582479;7,22037383672395;7,83518375526675;7,16162200293919;7,2991214627108;7,6377164326648;7,65444322647011;6,67329796776765;6,89264164117209;6,83947643822884;7,37588214821501;7,37148929521428;7,03174125876313;6,96790920180188;7,40306109109009;7,07326971745971;7,34083555412327;7,69757534680234;6,99209642741589;7,67832635650689;6,92067150424868;7,64300363556072;7,19368581839511;7,19593722647557;6,88653164253051;7,07326971745971;7,49276030092238;6,96508034560141;7,14755927118945;7,4489161025442;7,28550654852279; ;7,6246189861594;7,00124562206948;7,41034709782102;7,22256601882217;7,65681009148038;7,57660976697304;7,42416528104203; ;7,54960916515453;7,34471905414967;7,76853330092603;7,5422134631934;7,16006920759613;7,18311170174328;7,39510754656249;7,04838640872188;6;4;4;4;5;3;5;2;2;6;3;7;3;4; ; ; ; ; ; ; ;2;1;0;1473,125;1433,75;1500,875;1458,85714285714;1733,5;1589,42857142857;1453,4375;1479,86607142857;1661,46428571429;7,25081882544811;7,21757004484102;7,2658094614203;7,2621828724195;7,43298158853696;7,34918000058846;7,23419443514457;7,2639961669199;7,39108079456271;,156886359418145;,127084627642811;1;2;1,83333333333333;4;5;5;3;4,16666666666667;3;1;1;1;1;4;2,25;1;1;1;1;1;1;1;1;1,125;5,25;5,25;5;2,5;3;2,22222222222222;2;4;1;3;1,2;1,6;3;5;3;2,9;2;5;6;2;3,9;2,9; ; ;1,32838462785337;-,144787787364161;,229098642172545;-,156197720157687;-,5;-,5;,25;,0723938936820803;,0723938936820803;-,0361969468410401;-,114549321086272;-,114549321086272;,0572746605431361;,0780988600788437;,0780988600788437;-,0390494300394219
95;0;0;0;0;0;0;4;4;4;4;4;4;4;7;7;7;6;3;6;5;1;6;5;5;6;7;2;7;1;6;1;7;1;6;1;7;1;6;1;1;1;1;1;1;1;4;6;7;7;6;7;7;7;6;7;5;4;3;7;4;4;5;2;5;2;6;7;5;4;1;1;1;1;1;1;7;1;1;4;1;1;1;1;4;4;1;2;7;3;1;6;1;1;1;1;2;2;1;3;1;1;4;2;1;1;7;7;4;4;5;4;5;5;4;4;4;4;4;4;4;4;4;4;4;4;4;4;4;4;4;4;4;4;4;4;4;4;4;25;6;16;16;16;16;16;16;6;4;6;6;7;4;6;2;5;4;2;5;2;2;6;1;1;252;4;2;1;1;2747;1715;1332;1698;1503;2011;1324; ;2521;2389;1507;2158;1518;1912;2265;1634; ;2232;1621;2188;1331;1373;2276;1345;2521;2368;1297;1202;1502;1890;1527;1997;1523; ;1878;1993;1208;1531;1625;2398;2722;1419;2311;2291;1612;2462;3945;1645;7,91826468609527;7,44716835960004;7,19443685110033;7,43720636687129;7,31521838975297;7,60638738977265;7,18841273649695; ;7,83241092718792;7,77863014732581;7,3178761986265;7,67693714581808;7,32514895795557;7,55590509361135;7,72533003791713;7,39878627541995; ;7,7106533235012;7,39079852173568;7,69074316354187;7,19368581839511;7,22475340576797;7,73017479524622;7,20414929203594;7,83241092718792;7,7698009960039;7,16780918431644;7,09174211509515;7,31455283232408;7,54433210805369;7,33106030521863;7,59940133341582;7,32843735289516; ;7,53796265976821;7,59739632021279;7,09672137849476;7,33367639565768;7,39326309476384;7,78239033558746;7,90912218321141;7,25770767716004;7,74543561027438;7,7367436824535;7,38523092306657;7,8087293067444;8,28020423327997;7,40549566319947;4;1;4;1;1;4;4;1;1;7;1;7;3;1; ; ; ; ; ; ; ;2;2;0;2008,375;1738,14285714286;1918,42857142857;1655,125;2019,57142857143;2053,25;1873,25892857143;1786,77678571429;2036,41071428571;7,57536633532816;7,44502698298951;7,52199403305459;7,39276373630718;7,58754364085364;7,56071391634927;7,51019665915883;7,45737888468089;7,57412877860146;,0639321194426232;,116749893920568;1;3;0;4;5;7;2;6;1;1;2;1;2;1;1,25;2;2;1;1;2;1;1;1;1,375;5,5;5;5;3,5;1;1;4;4;1;5;1,2;2;6;4;1;2,1;4;4;7;1;2,8;2,1; ; ;,362627757926755;-1,58720197091655;-2,29098642172545;,097954502471775;-,5;-,5;,25;,793600985458274;,793600985458274;-,396800492729137;1,14549321086273;1,14549321086273;-,572746605431363;-,0489772512358875;-,0489772512358875;,0244886256179437
79;2;2;2;2;2;2;4;5;5;5;4;5;4;4;2;4;4;5;2;2;5;5;2;3;4;3;2;5;3;7;2;7;3;7;2;6;2;7;2;2;1;2;1;1;1;2;6;6;7;5;6;7;5;6;7;6;3;6;6;3;2;7;7;6;2;7;7;7;7;2;1;2;3;1;1;2;1;1;4;1;1;1;1;4;1;1;2;7;4;1;4;1;1;1;2;3;4;1;1;1;1;4;1;1;3;7;6;5;3;6;5;6;5;4;1;4;4;4;4;4;4;4;1;1;4;1;4;1;1;4;4;4;4;4;4;4;4;4;16;22;25;25;19;25;25;25;7;3;7;5;6;7;6;4;3;4;2;5;3;1;6;2;1;203;3;2;1;1;989;1501; ; ;774;1288;977;879;490;739;965;955;943;676;946;792;1290;1374;1063;389;1171;885;468;1235;658;944;837;804;1296;826;1102;1186;994; ;782;1003;879;868;859;927;847;1033;835;836;679;714;1324;718;6,89669433162271;7,31388683163346; ; ;6,65157187358973;7,1608459066643;6,88448665204278;6,77878489768518;6,19440539110467;6,6052979209482;6,87212810133899;6,86171134048073;6,84906628263346;6,51619307604296;6,85224256905188;6,67456139181443;7,16239749735572;7,22548147278229;6,96885037834195;5,96357934361845;7,06561336359772;6,78558764500793;6,14846829591765;7,11882624906208;6,48920493132532;6,8501261661455;6,72982407048948;6,68959926917897;7,16703787691222;6,71659477352098;7,00488198971286;7,07834157955767;6,90173720665657; ;6,66185474054531;6,91075078796194;6,77878489768518;6,76619171466035;6,75576892198425;6,83195356556586;6,74170069465205;6,94022246911964;6,72743172485086;6,7286286130847;6,5206211275587;6,57088296233958;7,18841273649695;6,57646956904822;7;1;1;1;1;6;1;1;1;7;1;7;1;2; ; ; ; ; ; ; ;2;1;0;939,833333333333;909,375;919,875;1021,125;904,285714285714;871;924,604166666667;970,5;887,642857142857;6,79068731952146;6,79596908119059;6,75988289115471;6,88566897166114;6,80176089098158;6,74863568691739;6,79332820035602;6,82277593140792;6,77519828894948;-,0181299114065405;-,0475776424584389;1;2;2;4,57142857142857;3;3;3;3,16666666666667;5;3;1;1;1;2;2,25;1;2;2;1;3;2;1;3;1,6875;6,75;6,5;6,5;2,5;6;2;4;4;1;4;1,4;1,7;4;4;1;1,8;1;2;7;1;1,7;1,8; ; ;-1,14504828153958;-,407044911646413;,45819728434509;1,36871561561909;-,5;-,5;,25;,203522455823206;,203522455823206;-,101761227911603;-,229098642172545;-,229098642172545;,114549321086272;-,684357807809543;-,684357807809543;,342178903904772
132;2;1;1;1;2;1;3;3;2;2;2;2;3;6;4;6;7;5;6;4;3;6;5;4;7;7;5;7;1;7;2;7;4;7;3;4;2;6;4;2;1;1;1;1;1;2;4;7;6;5;6;7;6;3;7;5;2;6;2;5;5;7;5;6;2;6;5;7;7;2;2;2;4;3;1;2;3;3;6;1;1;1;2;4;2;1;3;7;3;4;6;3;2;1;2;6;5;2;5;4;2;4;2;2;3;7;7;5;4;4;3;4;5;3;4;4;4;4;4;4;4;4;4;4;4;4;4;4;4;4;4;4;4;4;4;4;4;4;6;16;16;0;1;16;16;16;5;4;7;3;6;4;7;2;4;2;2;5;3;2;1;1;1;224;4;2;1;1;1350;1768;2509; ;1046;984;1539;1052;1039;2460;1700; ;714;1523;1281;775;1274;1121;1505;1134;1160;1012;1138;1053;1368;1433; ;1792;1012;851;1868;1526;2245;1044;1692;1052;700;1696;1339;1701;959;963;1821;1941;2379;1318;1076;2114;7,20785987143248;7,47760424319759;7,82763954636642; ;6,95272864462487;6,89162589705225;7,33888813383888;6,95844839329766;6,94601399109923;7,80791662892641;7,43838353004431; ;6,57088296233958;7,32843735289516;7,15539630189673;6,65286302935335;7,14991683613211;7,02197642307216;7,31654817718298;7,0335064842877;7,05617528410041;6,91968384984741;7,03702761468628;6,95939851213398;7,2211050981825;7,26752542782817; ;7,49108759353488;6,91968384984741;6,74641212857337;7,53262361878879;7,3304052118444;7,71646080017636;6,95081476844258;7,43366654016617;6,95844839329766;6,5510803350434;7,43602781635185;7,19967834569117;7,43897159239586;6,86589107488344;6,87005341179813;7,50714107972761;7,57095858316901;7,77443551030296;7,18387071506245;6,98100574072173;7,65633716643018;7;2;3;2;3;5;3;3;1;7;4;7;2;6; ; ; ; ; ; ; ;2;2;0;1804,33333333333;1114,25;1375,28571428571;1202,5;1464,625;1540,375;1459,29166666667;1288,89285714286;1502,5;7,45090296851107;6,98115883941231;7,2145237200315;7,06267625872776;7,23417933145762;7,27767590274995;7,21603090396169;7,13859998937963;7,25592761710378;,0398967131420935;,117327627724157;1;2;1,33333333333333;2,42857142857143;3;5;2;5,25;1;1;1;1;1;4;2,16666666666667;2;4;1;2;3;2;1;2;1,875;5,5;6,5;4,5;3,5;6;2,88888888888889;2;4;1;5;3,2;1,8;3;4;1;2,8;1;3;7;1;2,8;2,8; ; ;-,396059079428856;,641983585482596;-,458197284345091;,097954502471775;-,5;-,5;,25;-,320991792741298;-,320991792741298;,160495896370649;,229098642172545;,229098642172545;-,114549321086273;-,0489772512358875;-,0489772512358875;,0244886256179437
69;3;4;1;1;1;4;4;4;4;4;5;4;5;7;5;7;6;3;3;2;2;6;5;6;5;3;2;6;5;7;5;7;6;6;4;4;4;5;2;1;1;5;2;1;1;5;5;5;3;4;5;4;6;7;7;6;2;5;6;4;2;6;6;5;1;6;6;7;7;2;1;1;2;1;2;1;2;1;5;1;1;1;1;6;1;1;2;7;6;2;3;2;1;2;2;5;5;1;2;2;1;6;1;1;4;7;5;4;2;6;4;5;5;3;3;4;5;1;5;1;2;3;2;2;6;1;5;2;2;5;1;1;6;2;6;2;1;5;14;15;20;12;13;16;16;16;5;5;6;2;6;1;6;2;6;2;2;5;3;1;6;2;1;147;3;2;1;1;1338;1300; ;1473;1146;851;906;881;1101;1449;1436;2855;1017;959;1071;1032;1331;1307; ;1903;1318;852;1305;1060;1183;1700;2042;1736;1597;1243;932;1106;1302;892;2497;3104;825;997;1344;845;1086;1899;1431;1811;2286;1155;1230;1016;7,19893124068817;7,17011954344963; ;7,29505641646263;7,04403289727469;6,74641212857337;6,80903930604298;6,78105762593618;7,00397413672268;7,27862894232068;7,26961674960817;7,95682712209011;6,92461239604856;6,86589107488344;6,97634807044775;6,93925394604151;7,19368581839511;7,17548971362422; ;7,55118686729615;7,18387071506245;6,74758652682932;7,17395831975679;6,96602418710611;7,07580886397839;7,43838353004431;7,62168499872461;7,4593388952203;7,37588214821501;7,12528309151071;6,83733281468559;7,00850518208228;7,17165682276851;6,79346613258001;7,82284529027977;8,04044688130311;6,71538338633468;6,90475076996184;7,2034055210831;6,73933662735717;6,99025650049388;7,54908271081229;7,26612877955645;7,50163445788341;7,73455884435476;7,05185562295589;7,11476944836646;6,92362862813843;7;1;2;2;1;7;2;1;2;6;5;7;3;4; ; ; ; ; ; ; ;2;1;1;1564,57142857143;982,875;1600,28571428571;1176,625;1752,75;1212,25;1273,72321428571;1388,45535714286;1482,5;7,31045059304887;6,88583093065606;7,35936838389758;7,05230537315603;7,39193969695968;7,04846110606904;7,09814076185246;7,20583687852681;7,22020040151436;,122059639661896;,0143635229875514;1;1;2,33333333333333;4,28571428571429;5;6;2;5,25;5;2;1;1;2;4;3,41666666666667;3;3;3;5;4;3;4;2;2,8125;6,5;6;6;2,25;7;2,11111111111111;3;2;1;2;2,4;1,4;3;2;1;1,8;1;1;6;2;1,9;1,8; ; ;-,811806910414098;-,275916349505287;,91639456869018;1,11456339298962;-,5;,5;-,25;,137958174752643;-,137958174752643;,0689790873763217;-,45819728434509;,45819728434509;-,229098642172545;-,557281696494812;,557281696494812;-,278640848247406
54;0;0;0;1;0;0;3;3;3;3;3;3;3;7;5;7;7;4;3;4;1;5;4;6;4;5;3;7;2;7;1;7;3;7;2;4;5;7;2;1;1;1;1;1;1;1;4;7;7;7;7;7;7;6;7;5;1;3;6;4;1;3;6;4;2;7;7;5;6;1;1;1;2;1;2;6;1;1;3;1;1;1;1;4;1;1;4;7;4;1;1;2;1;2;2;7;4;1;1;4;1;4;1;1;4;7;5;4;4;4;4;5;4;4;4;4;5;4;4;4;4;4;4;4;4;4;4;4;4;4;4;4;4;4;4;5;4;4;25;6;16;16;9;16;16;16;6;2; ;2;7;2;7;2;4;2;2;5;3;1;1;3;1;127;3;2;1;1;2030;1643;899;1147;755;835;777;1010;1382; ;1113;891;1115;1399;876;1043;3163;1035;1108;1096;1127;810;813;1028;1185;1623;1296; ;1028;879;756;1518;1091;1101;1591;1924;794;1633;1107;1367; ;2978;973;718;737;2071;753;819;7,61579107203583;7,40427911803727;6,80128303447162;7,04490511712937;6,62671774924902;6,72743172485086;6,65544035036765;6,9177056098353;7,23128700432762; ;7,01481435127555;6,79234442747081;7,01660968389422;7,24351297466548;6,77536609093639;6,94985645500077;8,05927622330565;6,94215670569947;7,01031186730723;6,99942246750796;7,02731451403978;6,69703424766648;6,70073110954781;6,93537044601511;7,07749805356923;7,39203156751459;7,16703787691222; ;6,93537044601511;6,77878489768518;6,62804137617953;7,32514895795557;6,99484998583307;7,00397413672268;7,37211802833779;7,56216163122565;6,67708346124714;7,39817409297047;7,00940893270864;7,22037383672395; ;7,99900721324395;6,880384082186;6,57646956904822;6,60258789218934;7,63578686139558;6,62406522779989;6,70808408385307;7;4;3;3;2;6;3;3;2;7;4;5;1;6; ; ; ; ; ; ; ;2;1;1;1300,71428571429;976,25;1500,85714285714;994,875;1482,28571428571;1160,125;1138,48214285714;1247,86607142857;1321,20535714286;7,12924344639258;6,86408007984996;7,23539068025948;6,87847449938807;7,19842352094248;6,98444554861101;6,99666176312127;7,05693258982378;7,09143453477675;,0947727716554754;,0345019449529707;1;1;,166666666666667;3;4;7;3;5,25;3;1;1;1;1;4;2,25;1;4;1;1;1;1;1;1;1,25;5,5;4,75;6;2;2;1,33333333333333;5;4;1;4;2,6;2;4;4;1;2,2;1;2;6;1;2,8;2,2; ; ;,254243924018811;-1,19381628449317;-2,06188777955291;,097954502471775;-,5;,5;-,25;,596908142246585;-,596908142246585;,298454071123292;1,03094388977645;-1,03094388977645;,515471944888227;-,0489772512358875;,0489772512358875;-,0244886256179437
61;0;0;1;2;1;1;4;4;4;4;4;4;4;7;5;7;7;5;4;4;2;7;3;6;5;6;4;7;1;7;1;7;2;7;1;7;1;7;1;1;1;7;1;1;1;6;7;7;7;7;7;7;7;7;5;6;3;4;7;2;1;6;5;7;1;6;5;7;7;4;1;1;1;4;3;1;1;1;7;6;1;3;2;7;2;2;1;7;6;1;5;1;1;2;4;7;4;6;4;3;4;3;2;3;2;7;7;5;3;7;2;7;7;2;2;2;6;5;4;5;1;4;4;5;5;3;4;4;4;4;4;6;2;3;3;4;7;3;25;19;19;6;6;25;19;16;7;1;5;2;7;1;7;5;7;2;2;5;3;1;2;1;1;155;3;2;1;1;1119;1513;1211;1216;1143;902;2170;1071;764;1241; ;1621;1224;847;1624;1188;1151;1043;1447;2157;1162;1090;1712; ;1015;1058;1607;1131;803;1059;1183;859;823;612;1018;1480; ;674;1071;1150;1083;827;1929;2020;1130;1706;1072;927;7,02019070831193;7,32184971378836;7,09920174355309;7,10332206252611;7,04141166379481;6,80461452006262;7,68248244653451;6,97634807044775;6,63856778916652;7,12367278520461; ;7,39079852173568;7,10987946307227;6,74170069465205;7,39264752072162;7,08002649992259;7,04838640872188;6,94985645500077;7,27724772663148;7,67647364638916;7,05789793741186;6,99393297522319;7,44541755670169; ;6,92264389147589;6,96413561241824;7,38212436573751;7,03085747611612;6,68835471394676;6,96508034560141;7,07580886397839;6,75576892198425;6,71295620067707;6,41673228251233;6,92559519711047;7,29979736675816; ;6,51323011091231;6,97634807044775;7,0475172213573;6,98749024700099;6,71780469502369;7,56475701290573;7,61085279039525;7,02997291170639;7,44190672805162;6,97728134163075;6,83195356556586;6;4;5;2;1;3;4;5;1;7;1;7;7;1; ; ; ; ; ; ; ;2;1;1;1240,71428571429;1271,125;1326,125;1124;1224;1104,28571428571;1255,91964285714;1225,0625;1164,14285714286;7,09965761775518;7,10363885990103;7,15646569781138;6,99746590212108;7,02949822404796;6,97402999281028;7,10164823882811;7,07696579996623;7,00176410842912;-,0998841303989852;-,0752016915371092;1;2;,833333333333333;4;3;6;1;5,33333333333333;2;1;1;1;1;1;1,41666666666667;1;1;1;1;1;1;1;1;1,6875;6,25;5,75;6;1,75;7;2,55555555555556;1;1;1;2;2,4;2;4;5;1;3,4;2;5;7;1;3,6;3,4; ; ;,286603401625423;,248597899059217;-1,14549321086273;,860411170360162;-,5;,5;-,25;-,124298949529609;,124298949529609;-,0621494747648044;,572746605431363;-,572746605431363;,286373302715681;-,430205585180081;,430205585180081;-,215102792590041
89;0;0;1;1;4;2;3;4;4;4;4;4;3;5;4;4;3;1;2;2;6;2;5;4;2;1;5;7;5;7;5;7;5;6;6;5;5;5;3;2;1;1;1;1;1;3;7;7;7;6;7;7;7;7;7;7;2;7;7;2;2;7;7;6;4;7;7;7;7;1;1;1;1;2;1;1;1;1;7;1;1;1;1;7;1;1;7;7;6;4;2;2;2;4;1;4;7;1;1;1;1;3;1;1;7;7;3;5;2;4;3;5;5;7;3;1;6;2;5;4;1;4;4;4;7;2;7;1;1;6;4;2;6;1;5;1;1;7;19;25;13;28;7;19;31;31;6;2;7;7;7;5;6;2;5;1;1;5;3;1;1;3;1;143;3;2;1;1;1298;2347;1341;2258; ;2406;1699;763;1003;1307;1390;2441;1704;757;1069;933;1272; ;737;1505;1234;920;1000;1893;1780;1777;1120;1358;958;2309;971;685;1072;1610;1924;1237;1144;915;1755; ;2567;1524;1075;1134;2603;2511;2040;1114;7,16857989726403;7,76089319585102;7,20117088328168;7,72223474470961; ;7,78572089653462;7,43779512167193;6,63725803128446;6,91075078796194;7,17548971362422;7,23705902612474;7,80016307039296;7,44073370738926;6,62936325343745;6,97447891102505;6,83840520084734;7,14834574390007; ;6,60258789218934;7,31654817718298;7,11801620446533;6,82437367004309;6,90775527898214;7,54591815120932;7,48436864328613;7,48268182815465;7,02108396428914;7,21376830811864;6,86484777797086;7,7445698093545;6,87832646829133;6,52941883826223;6,97728134163075;7,38398945797851;7,56216163122565;7,12044437239249;7,04228617193974;6,81892406527552;7,47022413589997; ;7,85049318087114;7,32909373624659;6,98007594056176;7,0335064842877;7,86441990499457;7,82843635915759;7,62070508683826;7,01571242048723;5;5;2;2;3;6;2;2;6;2;3;7;6;2; ; ; ; ; ; ; ;2;1;1;1673,125;1333;1364,14285714286;1246,25;1517,875;1726;1503,0625;1305,19642857143;1621,9375;7,37204266490128;7,10625073174144;7,18134065101728;7,05165327482235;7,27963076814932;7,38010116351327;7,23914669832136;7,11649696291981;7,3298659658313;,090719267509936;,213369002911483;1;1;1,33333333333333;3,71428571428571;7;2;6;3,5;7;1;1;1;2;3;3,83333333333333;3;1;1;1;2;1;1;1;1,5;7;6,75;7;2,5;7;1,77777777777778;1;1;1;2;3,2;1,6;1;5;1;2;3;2;2;6;2,9;2; ; ;,637632277397443;-,669302035928665;-,458197284345091;1,62286783824855;-,5;,5;-,25;,334651017964333;-,334651017964333;,167325508982166;,229098642172545;-,229098642172545;,114549321086273;-,811433919124275;,811433919124275;-,405716959562137
90;2;1;1;3;4;2;5;4;3;3;4;4;5;7;4;6;6;2;4;6;1;6;7;5;7;7;7;7;2;4;1;6;7;7;4;5;2;6;4;2;4;2;2;2;2;4;5;5;5;6;7;5;7;4;5;6;1;7;6;5;2;7;6;6;2;4;6;4;5;3;6;5;5;2;4;4;4;3;3;4;5;3;4;4;6;3;3;4;7;4;5;4;4;5;5;6;4;7;7;4;5;4;5;3;4;2;5;6;3;4;6;2;5;4;6;2;5;4;2;3;3;4;6;6;4;4;3;3;5;3;2;3;4;3;4;4;3;4;25;13;13;3;13;19;13;13;4;4;7;5;6;5;7;4;4;1;2;5;4;4;3;1;1;116;4;2;1;1;1616;1104;1102;2446;1049;1714;2464;1004;903;703;3657;1638;1011;933;1063;1284;1482;2841;2199;5221;1761;2139;12297;795;1604;1333;2985;5445;1529;1048;896;1033;1405;2032;2610;6150;1418;1290;2355;956;1743;676;4122; ;1546;1606;2478;1782;7,38770923908104;7,00669522683704;7,00488198971286;7,80220931624712;6,9555926083963;7,44658509915773;7,80954132465341;6,91174730025167;6,80572255341699;6,55535689181067;8,20439841814938;7,40123126441302;6,91869521902047;6,83840520084734;6,96885037834195;7,15773548424991;7,30114780585603;7,95191138185419;7,69575799055476;8,56044423341055;7,47363710849621;7,66809370908241;9,41711060917245;6,67834211465433;7,38025578842646;7,19518732017871;8,0013550258267;8,60245303536706;7,33236920592906;6,95463886488099;6,79794041297493;6,94022246911964;7,24779258176785;7,61677580869837;7,86710550031674;8,72420736080056;7,25700270709207;7,16239749735572;7,76429600645052;6,8627579130514;7,46336304552002;6,51619307604296;8,3240937614504; ;7,34342622914737;7,38150189450671;7,81520706218909;7,48549160803075;4;6;4;3;5;6;4;6;4;1;1;7;3;1; ; ; ; ; ; ; ;2;2;1;1646,125;1315,25;2888,75;2687,25;2676,85714285714;1678,875;1480,6875;2788;2177,86607142857;7,27102561245851;7,12589407686485;7,83606407268431;7,40779431178875;7,67993301922813;7,38401011472795;7,19845984466168;7,62192919223653;7,53197156697804;,333511722316361;-,0899576252584886;1;1;2,16666666666667;4;6;7;2;5,91666666666667;1;1;4;2;1;3;2,91666666666667;2;3;3;3;2;1;3;1;2,5;5,5;5,5;5,5;2,5;4;4;5;4;4;1;4,6;4,1;4;4;6;4,9;4;2;4;7;4,5;4,9; ; ;,160432063070942;1,95326920689386;,687295926517635;,097954502471775;-,5;,5;-,25;-,976634603446929;,976634603446929;-,488317301723464;-,343647963258817;,343647963258817;-,171823981629409;-,0489772512358875;,0489772512358875;-,0244886256179437
161;0;2;1;0;3;2;4;4;4;4;5;4;4;6;4;5;4;6;4;2;5;3;3;2;2;2;2;7;4;7;1;5;1;5;1;2;2;7;2;1;1;1;2;2;1;4;5;6;4;3;5;7;6;5;6;2;1;7;5;2;1;7;2;7;1;5;7;2;3;1;1;2;2;1;2;6;1;1;3;1;1;1;1;4;1;1;6;7;4;1;1;1;1;1;1;2;2;1;2;2;3;4;1;1;5;7;6;1;3;7;6;4;1;5;1;1;5;1;3;2;2;6;1;1;4;4;6;3;1;6;1;1;5;4;4;1;1;5;6;6;13;25;6;25;19;19;4;1;7;2;7;4;7;1;6;5;2;5;4;1;1;2;1;188;4;2;1;1;1131;1056;1507;2076;1288;1225;1043;1099;1138;1899;1407;1467;1284;1211; ;1607;1157;1647;1288;1603;909;989;1487;2394;1176;816;1371;1960;831; ;1295;1239;1255;1280;2486; ;1078;1105;968;993;2191;997;2087;2322;1315;1105;2516;1242;7,03085747611612;6,96224346426621;7,3178761986265;7,63819824428578;7,1608459066643;7,11069612297883;6,94985645500077;7,00215595440362;7,03702761468628;7,54908271081229;7,24921505711439;7,29097477814298;7,15773548424991;7,09920174355309; ;7,38212436573751;7,05358572719368;7,40671073017764;7,1608459066643;7,37963215260955;6,81234509417748;6,89669433162271;7,30451594646016;7,78072088611792;7,06987412845857;6,70441435496411;7,22329567956231;7,58069975222456;6,72262979485545; ;7,16626597413364;7,12205988162914;7,13489085156588;7,15461535691366;7,81843027207066; ;6,98286275146894;7,00760061395185;6,87523208727658;6,90073066404517;7,69211333959547;6,90475076996184;7,6434829070772;7,75018416225784;7,18159194461187;7,00760061395185;7,83042561782033;7,12447826249342;3;5;5;6;6;5;4;3;3;6;3;5;6;2; ; ; ; ; ; ; ;2;2;1;1460,125;1251;1377,25;1306,28571428571;1802,57142857143;1290,25;1355,5625;1341,76785714286;1546,41071428571;7,25943444300632;7,12323086179829;7,19738230398184;7,11503312985664;7,44263823706322;7,1138153194525;7,1913326524023;7,15620771691924;7,27822677825786;,0868941258555589;,12201906133862;1;3;1,33333333333333;4,14285714285714;2;3;5;3,33333333333333;6;1;1;3;3;6;2,58333333333333;1;3;2;4;5;3;1;2;2,1875;5,5;5,5;3,5;1,25;2;1,44444444444444;5;4;1;4;1,2;2,2;6;4;1;2,6;5;3;5;2;4,4;2,6; ; ;2,48663955739092;-1,06268772235204;-,458197284345091;,097954502471775;-,5;,5;-,25;,531343861176022;-,531343861176022;,265671930588011;,229098642172545;-,229098642172545;,114549321086273;-,0489772512358875;,0489772512358875;-,0244886256179437
12;1;0;1;2;2;1;4;4;4;4;5;4;4;5;4;6;2;4;3;2;4;6;3;3;2;3;4;6;2;5;1;6;3;6;2;1;2;6;4;1;1;1;1;1;1;3;5;6;6;5;4;6;6;7;6;7;2;6;7;2;2;7;7;6;1;6;6;6;5;3;1;1;3;2;1;5;1;1;5;1;1;1;1;4;1;1;4;6;6;1;2;2;3;1;2;2;4;2;2;1;1;4;1;2;4;6;5;5;3;5;4;6;6;3;3;2;5;3;6;4;4;5;2;2;6;3;6;2;2;6;3;4;5;2;6;2;2;6;16;25;13;32;10;19;22;19;5;3;7;4;6;6;7;2;5;2;2;5;4;1;1;3;1;108;4;2;1;1;1239;1017;1101;1558;1521;842;2159;1231; ;1290;1505;1579;1519;1617;1522;1133;1000;1525;1268;1814;1387; ;1178;789;1088;1139;2085;1039;1132;1260;1920;1127;1563;1173;1321;915;1136;1025;831;1311;1351;1069;914;1288;912;1020;1552;1646;7,12205988162914;6,92461239604856;7,00397413672268;7,35115822643069;7,32712329225929;6,73578001424233;7,67740043051481;7,11558212618445; ;7,16239749735572;7,31654817718298;7,36454701425564;7,32580750259577;7,38832785957711;7,32778053842163;7,03262426102801;6,90775527898214;7,32974968904151;7,14519613499717;7,50328963067508;7,23489842031483; ;7,07157336421153;6,67076632084587;6,99209642741589;7,03790596344718;7,6425241342329;6,94601399109923;7,03174125876313;7,13886699994552;7,56008046502183;7,02731451403978;7,35436233042148;7,06731984865348;7,18614430452233;6,81892406527552;7,0352685992811;6,93244789157251;6,72262979485545;7,1785454837637;7,2086003379602;6,97447891102505;6,81783057145415;7,1608459066643;6,81563999007433;6,92755790627832;7,34729970074316;7,40610338123702;4;5;3;3;4;5;3;2;4;6;2;4;3;2; ; ; ; ; ; ; ;2;2;1;1327;1443;1369,75;1256,14285714286;1199,25;1179,125;1385;1312,94642857143;1189,1875;7,17789961851792;7,24130325310293;7,18806640623639;7,10503447759178;7,07356328449706;7,0456865934757;7,20960143581042;7,14655044191409;7,05962493898638;-,14997649682404;-,0869255029277065;1;2;1,16666666666667;4,14285714285714;4;4;2;3,66666666666667;5;2;3;2;2;7;2,91666666666667;2;3;2;2;3;4;2;2;2,0625;6,25;6;6,75;1,75;3;1,77777777777778;3;4;2;2;1,8;1,9;4;4;2;2,3;4;3;4;2;3,3;2,3; ; ;,978963517924582;-,669302035928665;-,687295926517636;,860411170360162;-,5;,5;-,25;,334651017964333;-,334651017964333;,167325508982166;,343647963258818;-,343647963258818;,171823981629409;-,430205585180081;,430205585180081;-,215102792590041
91;0;2;2;5;3;4;4;4;4;5;4;4;5;7;4;6;7;5;5;5;4;7;7;7;5;5;4;7;4;7;2;7;5;6;4;1;5;7;4;1;1;6;1;5;1;6;6;7;4;4;7;4;7;7;2;5;2;1;4;6;5;6;3;2;1;7;6;7;2;6;4;2;3;7;5;3;4;5;2;1;1;1;1;5;1;1;3;7;3;6;1;6;6;6;7;6;7;1;1;1;1;4;1;1;2;7;7;4;5;3;4;3;2;5;3;5;7;3;1;2;2;3;6;1;5;4;4;1;1;7;7;5;6;2;5;5;1;4;6;19;31;13;25;13;13;19;5;5;7;3;6;4;3;1;6;3;2;5;4;1;1;3;1;172;4;2;1;1;1932;2077;3797;3142;1071;1652;1002;1218;1242;1740;1991;3852;1002;2416;1294;2332;1555;1077;1742;3132; ;3716; ;1243;2744;1078;1517;2161;3372;1524;1560;1083;1156;1644;2681;2691;1933;2014;1030;1393;1790;1692;1461; ;1639;1171;1450;1203;7,56631101477246;7,63867982387611;8,2419665602318;8,05261481881557;6,97634807044775;7,40974195408092;6,90975328164481;7,10496544826984;7,12447826249342;7,46164039220858;7,5963923040642;8,25634777291802;6,90975328164481;7,78986855905471;7,16549347506085;7,75448154747038;7,34923082461333;6,98193467715639;7,46278915741245;8,04942705711069; ;8,22040309993373; ;7,12528309151071;7,91717198884578;6,98286275146894;7,32448997934853;7,67832635650689;8,12326131912175;7,32909373624659;7,35244110024358;6,98749024700099;7,05272104923232;7,40488757561613;7,89394513823596;7,89766815072691;7,56682847920833;7,60787807327851;6,93731408122368;7,23921497377981;7,4899708988348;7,43366654016617;7,2868764117507; ;7,40184157874383;7,06561336359772;7,27931883541462;7,09257371597468;7;1;1;1;1;4;1;1;7;5;1;7;7;1; ; ; ; ; ; ; ;2;2;1;2471,625;1498,375;1875,75;2083;1873,57142857143;1479,125;1985;1979,375;1676,34821428571;7,74230386867252;7,25255070220926;7,46827909905788;7,52299543234289;7,49424796636614;7,27382288765265;7,49742728544089;7,49563726570038;7,38403542700939;-,113391858431495;-,11160183869099;1;1;2,66666666666667;4,28571428571429;3;4;1;5,58333333333333;3;1;1;1;2;7;3,25;1;2;1;4;4;1;4;1;2,6875;5,25;3;4,75;3,5;5;4,55555555555556;6;3;1;5;6;1,9;1;4;1;1,4;1;4;1;3;1,5;1,4; ; ;-1,04475431703329;2,60891201759949;1,37459185303527;-,156197720157687;-,5;,5;-,25;-1,30445600879974;1,30445600879974;-,652228004399872;-,687295926517635;,687295926517635;-,343647963258817;,0780988600788437;-,0780988600788437;,0390494300394219
75;1;2;2;2;3;2;3;3;3;3;3;3;4;5;4;5;5;4;3;4;1;5;5;4;4;7;3;7;2;3;2;6;4;7;3;4;1;3;2;1;1;1;3;3;1;5;4;5;5;4;5;5;5;2;5;2;2;6;6;4;1;4;2;5;3;6;4;2;3;1;1;1;3;3;3;5;3;1;3;3;2;2;2;4;4;3;4;6;5;3;2;3;3;4;3;3;5;3;5;3;4;4;4;4;5;5;4;4;4;4;4;5;5;3;4;4;4;4;4;4;4;4;4;4;4;4;4;4;4;4;4;4;4;4;4;4;4;4;19;6;25;16;9;19;19;19;5;5;3;4;5;4;6;4;5;3;2;5;3;1;6;1;1;164;4;2;1;1;1227;2021;1875;714;933;1374;1153;820;803;956;2097; ;3175;1078;1109;1012;1042;1609;1751;2657;1847;1134;1471;1953;1449;978;821;2047;989;724;1061;1195;1541; ;1373;2067;1124;2059;1304;1711;1736;967;557;1875;1330;1409; ;903;7,11232744471091;7,61134771740362;7,53636393840451;6,57088296233958;6,83840520084734;7,22548147278229;7,05012252026906;6,7093043402583;6,68835471394676;6,8627579130514;7,64826303090192; ;8,06306291132679;6,98286275146894;7,01121398735037;6,91968384984741;6,94889722231331;7,38336814699238;7,46794233228585;7,88495294575981;7,52131798019924;7,0335064842877;7,29369772060144;7,57712193087668;7,27862894232068;6,88550967003482;6,71052310945243;7,62413058566129;6,89669433162271;6,58479139238572;6,96696713861398;7,08590146436561;7,34018683532012; ;7,22475340576797;7,63385355968177;7,02464903045364;7,62997570702779;7,1731917424866;7,44483327389219;7,4593388952203;6,87419849545329;6,32256523992728;7,53636393840451;7,1929342212158;7,25063551189868; ;6,80572255341699;5;5;3;2;5;4;3;3;3;3;4;5;6;2; ; ; ; ; ; ; ;2;2;1;1384,71428571429;1331,75;1544,25;1296,75;1445,14285714286;1405,71428571429;1358,23214285714;1420,5;1425,42857142857;7,14718538867982;7,10001712926881;7,27299411935257;7,11999980536913;7,19875148139646;7,21742029148453;7,12360125897431;7,19649696236085;7,20808588644049;,0844846274661801;,0115889240796418;1;3;2;3,14285714285714;4;7;3;4,58333333333333;1;1;5;2;1;4;2,41666666666667;5;4;3;3;4;3;3;3;2,8125;3,25;4,5;4;2,5;3;2,11111111111111;5;4;2;3;3,2;3,1;3;4;3;3,8;3;4;5;5;3,8;3,8; ; ;,186309437119129;-,275916349505287;,45819728434509;-2,18941550119339;-,5;,5;-,25;,137958174752643;-,137958174752643;,0689790873763217;-,229098642172545;,229098642172545;-,114549321086272;1,09470775059669;-1,09470775059669;,547353875298347
62;1;1;1;0;1;2;4;4;3;4;4;3;4;6;4;5;4;3;3;2;2;5;6;5;4;5;5;7;2;6;3;7;3;5;2;2;3;6;1;1;1;2;1;2;1;6;5;6;7;7;5;7;7;5;7;7;4;6;6;4;2;7;4;6;2;6;4;5;6;4;4;4;4;3;2;2;4;2;6;5;1;1;1;6;1;1;1;7;4;2;4;1;1;3;4;5;6;2;3;1;2;5;1;1;1;7;6;5;2;6;3;4;4;3;1;1;4;4;4;3;3;6;2;2;6;2;7;2;2;5;5;1;7;4;5;2;2;4;22;13;19;14;14;10;22;20;4;1;6;3;4;5;6;2;5;2;2;5;4;2;1;1;1;128;4;2;1;1;1246;1364;1603;2215;1424;1839;1018;995;1448;996;2179;1690;931;1545;1142;1475;1003;1066;1072;1561; ;1498;1707;1823;1335;1472;1864;2080;1035;1507;1166;1198;969;1271;1474;2085;1853;2054;1737;1190;976;1201;1628;2166;1306;1817;1105;1175;7,1276936993474;7,21817683840341;7,37963215260955;7,70300768247924;7,26122509197192;7,51697722460432;6,92559519711047;6,90274273715859;7,27793857294566;6,9037472575846;7,68662133494462;7,43248380791712;6,83625927727707;7,34277918933185;7,04053639021596;7,29641326877392;6,91075078796194;6,97166860472579;6,97728134163075;7,35308192051543; ;7,31188616407716;7,44249272279444;7,50823877467866;7,19668657083435;7,29437729928882;7,53047999524554;7,64012317269536;6,94215670569947;7,3178761986265;7,06133436691044;7,08840877867539;6,87626461189077;7,14755927118945;7,29573507274928;7,6425241342329;7,52456122628536;7,6275443904885;7,4599147662411;7,08170858610557;6,88346258641309;7,09090982207998;7,39510754656249;7,68063742756094;7,17472430983638;7,50494206839617;7,00760061395185;7,06902342657826;5;4;4;2;6;5;3;2;3;6;1;7;3;3; ; ; ; ; ; ; ;2;2;1;1592,625;1296,125;1431,625;1419,14285714286;1471,25;1529,625;1444,375;1425,38392857143;1500,4375;7,34116266827895;7,14031604705551;7,23430621161225;7,23891338735172;7,25152505908486;7,3062524234854;7,24073935766723;7,23660979948198;7,27888874128513;,0381493836179008;,0422789418031471;1;1;1;3,71428571428571;5;6;3;4,58333333333333;3;1;2;1;3;6;2,83333333333333;2;3;2;1;1;3;1;1;1,8125;5,5;6;5,75;3;6;3,66666666666667;2;2;1;4;2,4;1,6;2;3;1;1,7;3;3;5;2;3,4;1,7; ; ;1,79588720693499;1,55988352047048;-,916394568690181;,097954502471775;-,5;,5;-,25;-,779941760235239;,779941760235239;-,38997088011762;,45819728434509;-,45819728434509;,229098642172545;-,0489772512358875;,0489772512358875;-,0244886256179437
14;0;1;2;1;1;1;3;4;4;4;4;4;4;5;2;5;5;3;2;3;1;5;5;3;3;6;4;6;2;5;4;7;6;5;2;3;2;7;2;2;1;2;4;1;1;2;3;7;7;6;7;7;6;2;7;7;2;4;7;3;1;7;4;7;1;7;7;5;7;4;2;4;2;3;1;7;3;1;7;1;1;1;2;6;3;1;1;7;5;1;4;1;1;3;7;3;3;1;3;5;2;7;3;2;3;3;4;5;4;4;2;5;4;3;2;1;4;3;3;4;2;4;5;1;7;3;5;2;2;5;4;6;6;3;2;3;3;2;18;19;25;13;13;13;25;25;5;6;6;5;7;2;6;4;2;2;2;5;4;2;2;3;1;159;3;2;1;1;1453;3751;4292;3826;1246;2022;885;1103;1761;3373; ;3755;918;1869;995;1510;2422;1145;4075;4148;1175;1251;3024;573;988;1344;4464;1721;719;1553;1655;764;1412;1866;2010; ;1712;1545;2884;1389;1326;1038;2559;2870;1308;934;1142;901;7,28138566357028;8,22977775008189;8,36450810375059;8,2495751500002;7,1276936993474;7,61184239958042;6,78558764500793;7,0057890192535;7,47363710849621;8,12355783506165; ;8,23084356419823;6,82219739062049;7,53315880745556;6,90274273715859;7,31986492980897;7,79234892411304;7,04315991598834;8,31262602567496;8,33038156934942;7,06902342657826;7,13169851046691;8,01433573729942;6,35088571671474;6,89568269774787;7,2034055210831;8,40380050406115;7,45066079621154;6,57786135772105;7,34794382314869;7,41155628781116;6,63856778916652;7,25276241805319;7,53155238140729;7,60589000105312; ;7,44541755670169;7,34277918933185;7,96693349840484;7,23633934275434;7,18992217074581;6,94505106372583;7,84737183615979;7,96206730875367;7,17625453201714;6,83947643822884;7,04053639021596;6,80350525760834;5;2;5;2;2;3;2;3;3;2;1;5;4;1; ; ; ; ; ; ; ;2;1;1;3173;1318,5;2538,375;1339,25;1868,71428571429;1476,875;2245,75;1938,8125;1672,79464285714;7,99332645359415;7,13860957852911;7,67900824427868;7,06773408111334;7,47637388284267;7,23140527565787;7,56596801606163;7,37337116269601;7,35388957925027;-,212078436811356;-,0194815834457369;1;1;1;3,85714285714286;5;7;3;4,16666666666667;2;2;3;1;3;5;3;1;5;1;1;2;1;1;2;1,8125;5,75;5,75;6,25;1,75;1;2,33333333333333;1;2;1;3;1,8;1,4;5;1;5;3;3;5;5;6;3,5;3; ; ;,553518051694457;-,0136592252230344;-,916394568690181;,352106725101237;-,5;,5;-,25;,00682961261151718;-,00682961261151718;,00341480630575859;,45819728434509;-,45819728434509;,229098642172545;-,176053362550619;,176053362550619;-,0880266812753094
112;1;2;2;0;1;3;3;2;3;3;3;3;4;7;5;7;6;2;5;4;2;6;6;5;4;4;3;4;5;1;4;7;3;6;5;3;4;5;2;2;2;3;2;1;1;7;3;5;4;2;3;6;5;3;2;4;2;4;5;4;4;4;3;5;1;3;2;5;4;4;2;2;5;3;2;5;3;4;5;2;1;2;5;4;5;4;3;6;6;3;1;4;4;3;4;5;5;5;3;3;3;5;5;4;3;6;5;4;3;6;5;4;4;3;4;2;6;5;3;4;4;5;5;3;4;5;4;2;2;3;4;4;5;5;4;3;3;4;9;16;9;28;9;13;13;13;2;3;4;3;4;5;5;4;5;3;1;5;3;1;1;2;1;115;3;1;1;1;2755;1742;3788;968;968;1255;1179;849;2024;2211;3631;3057;975;1147;797;2336;1585;1770;3181;4432;979;1172;3667;931;940;1889;4459;1198;1115;1380;1600;1225;968;3655;1506;3353;1175;1032;3169;3173;1231;893;2195; ;1161;1006;1502;1290;7,92117272158701;7,46278915741245;8,23959345430597;6,87523208727658;6,87523208727658;7,13489085156588;7,07242190053737;6,74405918631135;7,61283103040736;7,70120018085745;8,19726337141434;8,02518932189084;6,88243747099785;7,04490511712937;6,68085467879022;7,75619534394812;7,36833968631138;7,47873482556787;8,06495089174914;8,39660622842712;6,88653164253051;7,06646697013696;8,20712916807133;6,83625927727707;6,84587987526405;7,54380286750151;8,40267980462748;7,08840877867539;7,01660968389422;7,22983877815125;7,37775890822787;7,11069612297883;6,87523208727658;8,20385137218388;7,31721240835984;8,11761074646623;7,06902342657826;6,93925394604151;8,06117135969092;8,06243279158319;7,11558212618445;6,7945865808765;7,69393732550927; ;7,05703698169789;6,91373735065968;7,31455283232408;7,16239749735572;7;5;3;2;5;6;7;4;2;1;1;5;7;1; ; ; ; ; ; ; ;2;1;1;2522;1188,25;2431,75;1508,625;1971,57142857143;1688,5;1855,125;1970,1875;1830,03571428571;7,754408915644;7,02387457956959;7,64867536976549;7,2164113189085;7,44543037812239;7,32245077324141;7,38914174760679;7,432543344337;7,3839405756819;-,00520117192489344;-,0486027686550976;1;3;1,5;3;6;6;2;5,58333333333333;4;4;7;1;2;5;3,91666666666667;3;5;3;4;6;5;2;3;3,1875;3,25;4;3,75;2,75;3;3,11111111111111;3;4;2;2;3,8;3,1;3;3;2;3,4;1;2;6;7;4,2;3,4; ; ;1,28632751500188;,904240709764848;-,229098642172546;-2,18941550119339;-,5;,5;-,25;-,452120354882424;,452120354882424;-,226060177441212;,114549321086273;-,114549321086273;,0572746605431364;1,09470775059669;-1,09470775059669;,547353875298347
97;1;1;1;2;3;2;3;4;4;4;4;4;4;5;4;5;3;3;6;3;2;4;4;3;5;3;2;7;5;7;2;5;1;6;1;4;2;6;2;1;1;2;1;2;1;3;5;7;6;6;7;7;6;6;5;5;2;7;5;1;2;6;5;6;2;7;3;6;6;1;1;3;1;2;2;6;3;1;5;1;1;2;3;4;1;1;4;7;5;3;4;2;3;1;2;3;4;3;3;3;5;4;2;2;3;7;4;4;4;4;4;4;4;4;4;4;4;4;4;4;4;4;4;4;4;4;4;4;4;4;4;4;4;4;4;4;4;4;21;19;20;16;16;19;19;18;5;3;6;4;6;4;5;2;3;3;2;5;3;2;1;1;1;163;3;2;1;1;863;700;860;609;663;613;442;722;523;745;868; ;658;646;565;682;617;526;707;800;510;688;714;603;914;909;939; ;1025;730;838;675;991;585;641;662;896;913;600;811;710;1007;1016;959;838;933;794;771;6,76041469108343;6,5510803350434;6,75693238924755;6,4118182677099;6,49677499018586;6,41836493593621;6,0913098820777;6,58202513889283;6,25958146406492;6,61338421837956;6,76619171466035; ;6,48920493132532;6,4707995037826;6,33682573114644;6,52502965784346;6,42486902390539;6,26530121273771;6,56103066589657;6,68461172766793;6,23441072571837;6,53378883793334;6,57088296233958;6,40191719672719;6,81783057145415;6,81234509417748;6,84481547920826; ;6,93244789157251;6,59304453414244;6,73101810048208;6,51471269087253;6,89871453432999;6,37161184723186;6,46302945692067;6,49526555593701;6,79794041297493;6,81673588059497;6,39692965521615;6,69826805411541;6,56526497003536;6,91473089271856;6,92362862813843;6,86589107488344;6,73101810048208;6,83840520084734;6,67708346124714;6,64768837356333;3;5;4;3;6;4;4;3;6;7;3;6;3;3; ; ; ; ; ; ; ;2;1;1;738,285714285714;623,875;773,142857142857;722,875;821,375;819,5;681,080357142857;748,008928571429;820,4375;6,58848615431273;6,4262918463988;6,63011482500679;6,5640278674735;6,68726712002441;6,70050864238017;6,50738900035577;6,59707134624015;6,69388788120229;,186498880846524;,0968165349621453;1;1;1,66666666666667;3,85714285714286;5;6;4;4,41666666666667;5;1;1;3;2;4;2,41666666666667;2;3;1;2;2;1;1;2;1,6875;5,25;6;5,5;1,75;2;1,77777777777778;3;4;1;3;2,4;2,1;4;4;1;3;5;4;2;1;3,7;3; ; ;,886759422819943;-,669302035928665;-3,05220704940383E-016;-,156197720157687;-,5;,5;-,25;,334651017964333;-,334651017964333;,167325508982166;1,52610352470192E-016;-1,52610352470192E-016;7,63051762350958E-017;,0780988600788437;-,0780988600788437;,0390494300394219
48;1;1;1;1;3;2;3;4;3;4;3;3;4;6;6;7;5;4;4;5;2;6;4;4;4;7;4;7;2;2;3;7;3;5;4;3;2;6;4;2;1;4;1;1;1;3;5;7;7;6;6;7;5;3;6;4;2;6;6;4;1;6;7;6;1;5;6;7;6;2;1;1;3;1;2;1;1;1;4;2;1;1;1;6;1;1;7;7;6;2;4;2;1;2;5;5;7;4;3;4;1;6;1;1;7;5;6;5;2;5;3;5;6;4;2;2;5;2;5;3;1;5;1;2;6;2;5;1;1;5;1;2;6;1;5;1;1;5;19;9;19;4;5;18;18;18;3;5;6;3;6;6;5;1;4;2;2;5;3;4;6;1;1;183;3;2;1;1;1421;1106;1507;1147;1155;817;1263;1481;1263;1707;1145;1090;1110;997;1051;911;2396;1523;1018;2003;1265;1399;1126;753;1911;877;2130; ;692;875;1209;802;1034;1082;1731;2462;884;892;787;856;1152;1173;1000; ;1408;777;1255;738;7,2591161280971;7,00850518208228;7,3178761986265;7,04490511712937;7,05185562295589;6,70563909486;7,14124512235049;7,3004728142678;7,14124512235049;7,44249272279444;7,04315991598834;6,99393297522319;7,01211529430638;6,90475076996184;6,95749737087695;6,81454289725996;7,78155595923534;7,32843735289516;6,92559519711047;7,60240133566582;7,14282740116162;7,24351297466548;7,02642680869964;6,62406522779989;7,55538194424027;6,77650699237218;7,66387725870347; ;6,53958595561767;6,77422388635761;7,09754885061479;6,68710860786651;6,94119005506837;6,98656645940643;7,45645455517621;7,8087293067444;6,78445706263764;6,79346613258001;6,6682282484174;6,75227037614174;7,04925484125584;7,06731984865348;6,90775527898214; ;7,24992553671799;6,65544035036765;7,13489085156588;6,60394382460047;7;1;3;5;2;6;3;2;2;6;1;6;2;2; ; ; ; ; ; ; ;2;1;1;1298,25;1098,125;1694;1015,125;1376,28571428571;949,625;1198,1875;1354,5625;1162,95535714286;7,15640417028646;6,98601487335491;7,37625086288896;6,8919124640979;7,17389576361241;6,8303277978786;7,07120952182069;7,13408166349343;7,0021117807455;-,0690977410751863;-,131969882747928;1;3;1,5;3,42857142857143;4;6;2;5,08333333333333;1;1;6;1;3;5;2,91666666666667;2;3;1;1;2;2;1;3;2;5,25;6,25;5,5;2;7;2,11111111111111;4;2;1;2;2,4;2,1;1;2;3;2,7;1;2;6;2;2,7;2,7; ; ;-,454295931083654;-,275916349505287;-,229098642172546;-,156197720157687;-,5;,5;-,25;,137958174752643;-,137958174752643;,0689790873763217;,114549321086273;-,114549321086273;,0572746605431364;,0780988600788437;-,0780988600788437;,0390494300394219
15;1;2;2;4;1;4;2;1;4;1;2;3;4;6;7;7;6;2;3;6;2;5;4;6;5;4;6;7;5;5;5;3;7;7;2;1;3;7;2;3;1;5;1;2;1;3;6;6;7;4;7;7;7;7;2;6;1;7;7;4;1;6;5;6;1;7;5;6;4;1;3;2;2;4;4;1;1;2;6;1;3;2;2;4;4;2;1;6;7;5;1;2;7;5;5;6;7;1;5;2;1;4;3;2;1;2;7;5;5;3;2;6;5;6;5;1;7;4;3;2;1;5;6;6;6;5;4;2;2;5;4;4;6;4;3;2;3;3;31;6;25;31;19;22;19;28;6;4;5;5;7;4;6;5;2;1;2;5;3;4;5;1;1;104;4;2;1;1;1591;4424;3449;7959;5939;5405;2959;3704;7720;1848;2752;2203;2090;2586;2856;2836;2631;4116; ;3042;1686;1729;2929;6896;5955;4212;1546; ;4845;1741;3826;1801;4443;1209;2422;5618;6148;2860;4466;3433;2883;2062;5635;1975;2515;4438;1730;2331;7,37211802833779;8,39479954320217;8,14583961293684;8,98205864280585;8,68929604801586;8,59507973007331;7,99260665240021;8,21716859576607;8,95156964301882;7,52185925220163;7,92008319905323;7,69757534680234;7,64491934495886;7,8578675593318;7,95717732345947;7,95014988765202;7,87511928104029;8,32263709695394; ;8,02027047281924;7,4301141385618;7,45529848568329;7,98241634682773;8,83869681234353;8,6919864817894;8,34569287325387;7,34342622914737; ;8,48570252432487;7,46221493976819;8,2495751500002;7,49609734517596;8,39908510293591;7,09754885061479;7,79234892411304;8,63373100766419;8,72388210465849;7,9585769038139;8,4042484324001;8,14118979345769;7,9665866976384;7,63143166457691;8,63675242647388;7,58832367733522;7,83002808253384;8,39795910349254;7,45587668749182;7,75405263903576;7;2;4;2;1;6;2;1;4;1;1;7;7;1; ; ; ; ; ; ; ;2;2;1;3993,25;3546,875;3583,66666666667;3181,625;3280,875;3490,125;3770,0625;3382,64583333333;3385,5;8,12323790854483;8,1130331427072;8,09985540583402;7,92501446783569;7,96822604391904;8,08322671836052;8,11813552562602;8,01243493683486;8,02572638113978;-,0924091444862363;,0132914443049224;1;3;2,33333333333333;2,42857142857143;6;6;3;5,58333333333333;4;1;3;5;1;7;4,08333333333333;1;2;2;1;4;1;1;1;1,9375;5,5;5,25;6,25;1,75;7;2,88888888888889;2;4;2;1;5;2,3;1;4;6;2,6;1;2;4;7;2,6;2,6; ; ;-,512532782738452;,641983585482596;,91639456869018;,097954502471775;-,5;,5;-,25;-,320991792741298;,320991792741298;-,160495896370649;-,45819728434509;,45819728434509;-,229098642172545;-,0489772512358875;,0489772512358875;-,0244886256179437
135;2;2;2;2;3;2;4;5;4;4;3;4;4;6;5;6;4;4;5;3;3;6;4;4;3;2;2;6;2;7;3;7;4;6;2;6;2;6;1;1;1;2;1;2;1;4;6;7;6;4;7;7;5;4;7;6;2;6;7;4;2;7;6;5;2;7;6;7;5;2;1;3;4;1;2;6;3;1;6;1;1;1;1;5;1;1;2;7;4;1;5;1;1;1;2;1;6;3;2;1;1;7;1;1;2;7;5;3;3;6;4;6;6;3;2;2;4;3;5;2;2;4;1;2;4;2;4;1;2;5;2;2;6;4;4;2;2;6;3;22;13;22;3;9;16;16;6;1;6;5;5;5;7;2;4;3;2;5;4;2;1;3;1;156;4;2;1;1;1731;2820; ;1446;913;1285;954;991;1818;2401;1607;1988;1748;1050;1035;1341;1800;2840;2311;2081;778;1238;1119;2316;1592;2217;1687;1735;1888;764;933; ;1578;1478;2103;1443;2178;1188;1053;1506;1558;1671;2309;1998;1466;2147;3135;2062;7,45645455517621;7,94449216393216; ;7,27655640271871;6,81673588059497;7,15851399732932;6,86066367144829;6,89871453432999;7,50549227473742;7,78364059622125;7,38212436573751;7,59488438721652;7,46622755621548;6,95654544315157;6,94215670569947;7,20117088328168;7,49554194388426;7,95155933115525;7,74543561027438;7,64060382639363;6,65672652417839;7,12125245324454;7,02019070831193;7,74759683869289;7,37274636640433;7,70391020961631;7,43070708254597;7,45876269238096;7,54327334670545;6,63856778916652;6,83840520084734; ;7,36391350140582;7,29844510150815;7,6511201757027;7,27447955877387;7,68616230349291;7,08002649992259;6,95939851213398;7,31721240835984;7,35115822643069;7,42117752859539;7,7445698093545;7,5999019592085;7,2902928824466;7,67182679787878;8,05038445306702;7,63143166457691;7;1;2;2;3;7;1;3;1;7;2;7;4;1; ; ; ; ; ; ; ;2;2;1;1973;1164,625;2032,875;1290,85714285714;1767,25;1841,875;1568,8125;1661,86607142857;1804,5625;7,56337782081997;7,03759108400634;7,59990838283189;7,08085898016387;7,46309573262245;7,46084194023483;7,30048445241316;7,34038368149788;7,46196883642864;,161484384015483;,121585154930764;1;2;2,16666666666667;4;4;5;2;4,58333333333333;6;2;1;1;2;2;2,41666666666667;2;2;1;2;4;1;1;3;1,8125;5,5;6,25;6,5;2,5;2;2,11111111111111;2;3;1;4;1;1,4;2;1;1;1,5;1;1;7;1;2,2;1,5; ; ;,0132066479979646;-,275916349505287;,687295926517635;,097954502471775;-,5;,5;-,25;,137958174752643;-,137958174752643;,0689790873763217;-,343647963258817;,343647963258817;-,171823981629409;-,0489772512358875;,0489772512358875;-,0244886256179437
152;2;2;1;4;3;4;4;4;4;4;4;4;4;5;4;3;4;5;3;3;4;4;5;3;3;2;2;5;6;5;4;7;4;7;4;5;2;7;2;1;1;4;1;2;1;4;5;5;7;4;5;7;5;7;7;5;2;6;5;3;1;6;4;2;1;7;6;6;7;2;1;2;7;2;3;4;6;1;6;1;1;1;2;4;2;1;4;7;4;1;5;1;1;1;1;5;3;1;5;1;1;5;6;1;1;7;7;6;4;5;2;6;6;4;1;1;4;1;7;1;1;5;1;1;4;1;4;2;1;5;1;1;5;1;6;1;1;5;19;19;13;19;9;19;19;22;6;4;7;2;6;3;5;5;5;3;2;5;3;1;1;3;1;176;4;2;1;1;2157;1079;1591;1108;1369;529;1153;1965;1393;1354;1232;1887;2583;1108;1659;2259;1599;1138;1305;1459;2396;1082;1715;1091;1058;1385;1731;1662;1645;1668;1023;1298;2447; ;974;1415;1188;1417;1308;1077;1357;1250;2033;2251;1210; ;2049;1479;7,67647364638916;6,98378996525813;7,37211802833779;7,01031186730723;7,22183582528845;6,2709884318583;7,05012252026906;7,58324752430336;7,23921497377981;7,21081845347222;7,11639414409346;7,54274354536855;7,85670679309584;7,01031186730723;7,41397029019044;7,722677516468;7,37713371283395;7,03702761468628;7,17395831975679;7,28550654852279;7,78155595923534;6,98656645940643;7,44716835960004;6,99484998583307;6,96413561241824;7,23345541862144;7,45645455517621;7,41577697541539;7,40549566319947;7,41938058291869;6,93049476595163;7,16857989726403;7,80261806344267; ;6,88141130364254;7,25488481007734;7,08002649992259;7,25629723969068;7,17625453201714;6,98193467715639;7,21303165983487;7,13089883029635;7,61726781362835;7,71912984090673;7,09837563859079; ;7,6251071482389;7,2991214627108;2;1;6;1;6;3;6;2;5;7;1;7;3;1; ; ; ; ; ; ; ;2;2;1;1475,125;1578,125;1417,125;1489,75;1675,28571428571;1389,71428571429;1526,625;1453,4375;1532,5;7,26898307800079;7,26623259609759;7,24293109467889;7,26676145917609;7,37417747454698;7,21673102833247;7,26760783704919;7,25484627692749;7,29545425143972;,0278464143905337;,040607974512235;1;1;2,66666666666667;4;3;4;4;3,66666666666667;6;3;3;1;1;3;3,25;1;3;3;1;4;3;1;3;2,1875;6,5;5,25;5,25;1,75;4;3,11111111111111;2;4;1;4;1,8;1,9;5;3;1;2,5;6;5;3;1;3,7;2,5; ; ;1,42867859235966;,904240709764848;1,37459185303527;1,11456339298962;-,5;,5;-,25;-,452120354882424;,452120354882424;-,226060177441212;-,687295926517635;,687295926517635;-,343647963258817;-,557281696494812;,557281696494812;-,278640848247406
71;1;0;1;0;2;2;3; ;4;4;4;4;4;7;5;6;7;6;4;5;1;7;6;5;5;5;1;7;2;7;1;7;2;7;2;4;1;7;1;1;1;1;1;1;1;4;7;7;7;7;7;7;7;6;6;7;2;5;7;4;1;4;6;5;2;7;6;6;6;1;1;1;1;1;2;2;2;1;7;2;1;1;5;6;1;1;1;7;5;6;4;2;2;1;3;3;7;2;2;2;2;5;2;1;1;7;5;2;2;5;3;6;4;3;1;1;6;2;6;2;2;5;1;1;6;2;6;6;6;3;1;1;5;2;4;2;2;5;19;19;6;13;6;19;19;19;4;2;6;5;6;4;7;2;5;3;2;5;3;1;2;2;1;171;3;2;1;1;3480;1693;1529;3660;3616;3154;1415;2838;2462;3837;2626;4281;2859;1246;1343;1786;1407;1867;1930; ;1137;3511;1772;4484;1293;1714;2861;2635;2289;1819;1310;2721;1692;1241;3767;3486;3790;2842;1505;1699;1498;1188;2514;2382; ;1848;1347;2184;8,15478757276852;7,43425738213314;7,33236920592906;8,20521842639541;8,19312372151207;8,05642676752298;7,25488481007734;7,95085485771999;7,8087293067444;8,25244609024695;7,87321705486274;8,36194190614495;7,95822719232231;7,1276936993474;7,20266119652324;7,48773376143644;7,24921505711439;7,53208814354172;7,56527528189893; ;7,03614849375054;8,16365617616843;7,47986413116503;8,40827078419205;7,16472037877186;7,44658509915773;7,95892649305011;7,87663846097546;7,73587031995257;7,50604217851812;7,1777824161952;7,90875473878325;7,43366654016617;7,12367278520461;8,23403420769204;8,15651022607997;8,24012129807647;7,95226330865705;7,31654817718298;7,43779512167193;7,31188616407716;7,08002649992259;7,82963038915019;7,77569574991525; ;7,52185925220163;7,20563517641036;7,6889133368648;7;1;2;1;1;4;4;1;1;5;1;7;5;2; ; ; ; ; ; ; ;2;1;1;2946;2282,125;1958,14285714286;2380,375;2221;2173,57142857143;2614,0625;2169,25892857143;2197,28571428571;7,92787086815315;7,65395075080772;7,54192127350146;7,67704865484065;7,618140320276;7,62330509586646;7,79091080948043;7,60948496417105;7,62072270807123;-,170188101409206;,0112377439001747;1;2;1;3,83333333333333;2;7;1;5,5;3;1;1;1;1;4;1,66666666666667;1;1;1;1;1;1;1;1;1,1875;5,5;5,5;6,75;2,25;6;1,77777777777778;1;2;1;3;2,8;1,6;1;3;1;1,7;1;4;7;3;2,5;1,7; ; ;,296301036870305;-,669302035928665;-,916394568690181;,097954502471775;-,5;,5;-,25;,334651017964333;-,334651017964333;,167325508982166;,45819728434509;-,45819728434509;,229098642172545;-,0489772512358875;,0489772512358875;-,0244886256179437
77;3;4;1;5;2;5;5;4;4;4;4;4;4;7;4;6;6;4;5;6;1;4;5;5;6;7;6;7;6;1;6;6;2;4;5;1;5;6;6;5;7;3;5;1;3;6;7;7;7;6;6;7;7;1;7;6;5;7;7;6;2;7;5;7;5;6;2;7;5;6;4;6;7;6;4;3;4;1;6;1;1;1;1;4;3;3;1;2;6;2;1;2;2;1;2;7;7;2;5;2;1;5;2;1;1;1;6;5;5;5;4;4;7;3;7;4;4;4;2;6;3;2;3;4;5;4;2;3;5;2;5;5;6;4;4;5;6;6;13;31;25;28;28;8;19;26;5;2;7;4;6;6;7;1;3;5;2;6;3;4;3;4;1;139;3;2;1;1;2871;3355;3317;1851;2610; ;2803;1981;2043;2023;2202;1618;1592;2177;1352;2256;2655;2698;2144;1747;2040;1622;1917;2085;3323;1675;2063;2315;2070;2155;2597;2486;3506;2173;2034;2638;3681;1899; ;2457;1925;2276;1309;2275;2395; ;1947;2392;7,96241568012106;8,11820704940578;8,10681603894705;7,5234813125735;7,86710550031674; ;7,93844555116479;7,59135704669855;7,62217459481762;7,61233683716775;7,69712131728263;7,38894609761844;7,37274636640433;7,68570306123455;7,20934025660291;7,72134861261795;7,88419993367604;7,9002660367677;7,67042852219069;7,46565531013406;7,62070508683826;7,39141523467536;7,55851674304564;7,6425241342329;8,1086232683546;7,42356844425917;7,63191651307125;7,74716496652033;7,63530388625941;7,67554600253785;7,86211221166275;7,81843027207066;8,16223106548118;7,68386398025643;7,61775957660851;7,87777633327726;8,21093973337902;7,54908271081229; ;7,80669637252118;7,56268124672188;7,73017479524622;7,1770187659099;7,72973533138505;7,78113850984502; ;7,5740450053722;7,77988511507052;6;2;5;2;1;6;1;1;1;5;4;4;2;1; ; ; ; ; ; ; ;2;1;1;2410;2110,14285714286;2327,5;2121,5;2267;2461,83333333333;2260,07142857143;2224,5;2364,41666666667;7,75393736599173;7,62657805643426;7,72897787437173;7,65056919641535;7,6926551368608;7,7836312411667;7,69025771121299;7,68977353539354;7,73814318901375;,0478854778007598;,0483696536202114;1;3;3,33333333333333;4,14285714285714;4;7;4;5,41666666666667;1;1;7;2;4;7;4,33333333333333;2;1;1;1;2;2;1;1;2,9375;3,75;7;6;4,5;5;4,77777777777778;2;4;6;2;2,8;2,3;1;3;7;2,5;2;2;7;3;2,6;2,5; ; ;-,404148948830508;2,87116914188174;2,29098642172545;-1,68111105593446;-,5;,5;-,25;-1,43558457094087;1,43558457094087;-,717792285470435;-1,14549321086273;1,14549321086273;-,572746605431363;,840555527967231;-,840555527967231;,420277763983615
37;0;0;1;1;2;3;3;4;4;4;4;4;4;7;6;7;6;4;5;4;1;4;2;4;4;4;1;6;4;7;3;7;3;7;2;6;2;5;2;1;1;5;4;1;1;6;6;7;7;5;3;7;4;7;1;5;3;6;5;2;1;6;7;5;2;6;7;6;6;1;1;1;2;3;3;2;3;1;4;2;1;1;1;5;1;2;6;7;6;1;4;1;2;1;4;2;2;6;7;7;7;3;6;6;6;5;6;5;2;4;2;5;3;2;2;1;6;4;3;4;1;5;4;4;4;4;4;4;4;4;6;4;2;5;3;4;4;1;22;6;19;19;14;26;25;6;5;5;2;5;7;2;5;6;3;2;2;5;4;2;1;3;1;187;3;2;1;1;3594;3361;1593;2195;1459;1099;1468;995;4057;1565;3218;2881;988;1040;1139;1457;3620;3054;1698;4092;991;1202;1198;1864;1309;1434;4202;2796;1931;1174;1162;1064;1502;1500;3787;2391;1296;1434;1097;945; ;1901;1921;3523;1283;1202;1741;1063;8,1870210673435;8,11999382772511;7,37337430991005;7,69393732550927;7,28550654852279;7,00215595440362;7,29165620917446;6,90274273715859;8,30819906320645;7,35564110297425;8,07651532755233;7,96589273508453;6,89568269774787;6,94697599213542;7,03790596344718;7,2841348061952;8,19422930481982;8,02420748577858;7,43720636687129;8,31678912707152;6,89871453432999;7,09174211509515;7,08840877867539;7,53047999524554;7,1770187659099;7,26822302115957;8,34331588140495;7,9359451033537;7,56579328242851;7,06817200038804;7,05789793741186;6,96979066990159;7,31455283232408;7,3132203870903;8,2393294279018;7,77946696745832;7,16703787691222;7,26822302115957;7,00033446027523;6,85118492749374; ;7,55013534248843;7,56060116276856;8,16706817834124;7,15695636461564;7,09174211509515;7,46221493976819;6,96885037834195;7;5;5;5;6;3;4;2;3;2;4;7;6;2; ; ; ; ; ; ; ;2;1;1;2808;1205,625;2775,625;1323,25;2360,71428571429;1257,625;2006,8125;2049,4375;1809,16964285714;7,88507184491319;7,08084511359814;7,83711688204617;7,15887491418451;7,70348204262468;7,12081801045771;7,48295847925566;7,49799589811534;7,41215002654119;-,0708084527144717;-,0858458715741452;1;3;1,16666666666667;3,85714285714286;4;7;4;5;4;2;1;1;1;2;2,16666666666667;3;2;1;1;3;5;1;4;2,5625;6,5;4,5;5,75;2;6;2,33333333333333;4;3;1;2;1,4;2,2;6;5;3;5,9;1;5;5;6;4,4;5,9; ; ;-1,09002696157124;-,0136592252230344;-,687295926517636;1,11456339298962;-,5;,5;-,25;,00682961261151718;-,00682961261151718;,00341480630575859;,343647963258818;-,343647963258818;,171823981629409;-,557281696494812;,557281696494812;-,278640848247406
56;1;1;2;2;2;3;4;4;4;4;5;4;5;6;3;4;3;5;5;2;1;5;3;4;3;6;2;7;2;7;2;7;1;7;2;2;1;4;1;1;1;1;1;1;1;2;7;7;7;7;7;7;7;5;6;7;1;7;7;6;1;7;7;7;2;7;7;7;7;1;1;2;1;2;1;6;2;1;7;1;1;1;1;5;1;1;1;7;7;1;7;1;1;1;1;2;7;1;5;1;2;5;1;1;1;7;7;5;3;4;4;4;3;3;1;1;5;1;7;1;1;7;1;1;5;1;7;1;1;7;1;1;6;1;7;1;1;7;10;9;13;4;16;25;25;25;5;4;7;3;7;5;7;2;5;2;2;6;3;1;1;3;1;184;4;2;1;1; ;1775;995;1446;922;1232;1664;808;1487;1229;962;989;1342;1194;931;1219;1196;1100;2779;2084;1114;1307;1160;2132;1894;2049;1428;1382;1319;1000;1247;1322;2637;1425;977;1085;1429;1267;1189;1893;2327;2135;1243;1361;1014;1077;1033;2464; ;7,48155570190952;6,90274273715859;7,27655640271871;6,82654522355659;7,11639414409346;7,41697962138115;6,6945620585211;7,30451594646016;7,11395610956603;6,86901445066571;6,89669433162271;7,20191631753163;7,08506429395255;6,83625927727707;7,10578612948127;7,08673793451058;7,00306545878646;7,9298464297425;7,64204440287326;7,01571242048723;7,17548971362422;7,05617528410041;7,66481578528574;7,54644627374602;7,6251071482389;7,26403014289953;7,23128700432762;7,18462915271731;6,90775527898214;7,12849594568004;7,18690102041163;7,87739718635329;7,26192709270275;6,88448665204278;6,98933526597456;7,26473017792987;7,14440718032114;7,08086789669078;7,54591815120932;7,75233516330229;7,66622192566273;7,12528309151071;7,21597500265147;6,92165818415113;6,98193467715639;6,94022246911964;7,80954132465341;5;3;4;3;4;6;2;1;6;7;1;7;7;1; ; ; ; ; ; ; ;2;2;1;1269;1164;1739;1325,125;1648,75;1420,75;1216,5;1532,0625;1534,75;7,12071938287163;7,03543838322435;7,41607059939061;7,16499682516109;7,34662017252507;7,21116000765396;7,07807888304799;7,29053371227585;7,27889009008952;,200811207041522;-,0116436221863339;1;3;1,83333333333333;4,28571428571429;3;7;3;4;2;1;1;1;1;6;1,83333333333333;4;1;1;1;1;1;1;1;1,25;6,5;6,75;7;2,5;2;1,44444444444444;1;3;1;1;1,2;1,2;1;3;1;1,7;3;2;2;1;2,5;1,7; ; ;,296301036870305;-1,06268772235204;,229098642172545;1,11456339298962;-,5;,5;-,25;,531343861176022;-,531343861176022;,265671930588011;-,114549321086272;,114549321086272;-,0572746605431361;-,557281696494812;,557281696494812;-,278640848247406
142;1;1;2;1;1;1;0;2;3;0;0;1;1;6;5;6;6;2;6;6;2;4;7;5;6;6;3;7;2;5;5;6;2;7;4;4;1;7;1;1;1;1;1;2;1;3;4;7;6;5;7;5;6;1;7;5;2;1;3;5;1;7;2;6;2;7;4;6;3;1;1;1;1;1;2;1;1;1;4;1;1;1;1;4;1;1;4;7;4;1;1;1;1;3;5;6;4;2;3;1;1;5;1;2;4;7;7;6;2;6;2;6;7;1;4;4;4;4;3;4;4;4;4;4;4;4;4;4;4;4;4;4;5;4;5;4;3;4;6;19;25;0;0;6;16;25;6;2;6;5;7;2;7;2;5;1;2;5;3;1;1; ;1;123;3;2;1;1; ;1733;1523;2468;2550;2356;1386;1414;1783;1714;2322;1901;1553;2161;1452;1417;1382;1870;1746;2024;2585;1877;2654;1547;1399;1482;2016;2143;1992;2052; ;2485;1331;1906;1565;1518;2533;1463;2451;1775;1627;1771; ;1216; ;1834;2407;2597; ;7,45760928971561;7,32843735289516;7,81116338502528;7,84384863815247;7,76472054477148;7,23417717974985;7,25417784645652;7,48605261786314;7,44658509915773;7,75018416225784;7,55013534248843;7,34794382314869;7,67832635650689;7,28069719538474;7,25629723969068;7,23128700432762;7,53369370984863;7,46508273639955;7,61283103040736;7,85748078694253;7,53743003658651;7,88382321489215;7,34407285057307;7,24351297466548;7,30114780585603;7,60887062919126;7,66996199547358;7,59689443814454;7,62657020629066; ;7,81802793853073;7,19368581839511;7,55276208421415;7,35564110297425;7,32514895795557;7,83715965000168;7,28824440102012;7,80425138352811;7,48155570190952;7,39449310721904;7,47929963778283; ;7,10332206252611; ;7,51425465281641;7,78613643778307;7,86211221166275;6;5;3;3;5;4;5;4;2;6;2;4;6;1; ; ; ; ; ; ; ;2;1;1;1920,57142857143;1786,125;1757,75;2170,28571428571;1562;2151,42857142857;1853,34821428571;1964,01785714286;1856,71428571429;7,54716674991474;7,45752360298266;7,45829848577119;7,66632849599431;7,34347896729529;7,65338777696024;7,5023451764487;7,56231349088275;7,49843337212777;-,00391180432093652;-,0638801187549856;1;2;1,16666666666667;1;6;6;4;5,75;2;1;3;2;1;4;2,5;1;4;1;2;3;1;3;2;1,75;3,75;5;4,25;2,5;7;1,77777777777778;4;4;1;4;2,4;1,9;4;3;1;2,2;2;4;6;2;3,9;2,2; ; ;2,08707146520898;-,669302035928665;-,687295926517636;-1,68111105593446;-,5;,5;-,25;,334651017964333;-,334651017964333;,167325508982166;,343647963258818;-,343647963258818;,171823981629409;,840555527967231;-,840555527967231;,420277763983615
83;0;4;1;5;4;2;4;3;4;2;0;2;4;7;7;7;7;6;6;7;1;7;7;7;5;6;5;7;4;7;1;6;1;6;6;7;1;7;2;6;1;2;4;1;1;6;5;5;7;7;7;7;7;7;2;7;1;6;1;3;4;6;5;6;2;4;2;7;5;1;1;1;6;1;2;5;1;1;7;1;5;2;1;5;5;2;3;1;7;5;1;4;6;5;3;7;6;1;6;6;1;6;7;1;2;4;6;7; ;3;2;7;7;1;3;6;7;3;2;4;4;5;7;7;6;3;2;3;3;3;6;3;3;3;3;2;2;3;6;13;31;0;0;6;13;19;7;5;7;4;7;1;6;1;7;1;2;5;4;4;3;1;1;148;4;2;1;1;1954;2557;1432;1901;2847;1918;1977;1585;2792;2710;1822; ;2202;1550;1512;2495;2867;2292;2287;2232;2330;1995;2447;2347;2359; ;1308;1845;2300;2710;2228;3092;3174;3316;1401;2465;2302;1833;1359;1568;2218;1806;2405;2694;1734;1987;2645;1451;7,57763383260273;7,84658997529119;7,26682734752059;7,55013534248843;7,95402108727804;7,55903825544338;7,58933582317062;7,36833968631138;7,93451346388226;7,90470391387375;7,5076900778199; ;7,69712131728263;7,34601020991329;7,32118855673948;7,82204400818562;7,96102146588337;7,73718007783463;7,73499619402278;7,7106533235012;7,75362354655975;7,59839932932396;7,80261806344267;7,76089319585102;7,76599307940768; ;7,17625453201714;7,52023455647463;7,74066440191724;7,90470391387375;7,70885960104718;8,03657340970731;8,06274790108635;8,10651451625519;7,24494154633701;7,80994708647679;7,74153358928183;7,5137092478397;7,21450441415114;7,35755620091035;7,70436116791031;7,49886973397693;7,78530518253986;7,89878235697031;7,45818615734049;7,59438124255182;7,8804263442924;7,28000825288419;5;1;1;1;1;6;7;2;5;2;4;7;2;6; ; ; ; ; ; ; ;2;2;1;2166,85714285714;2010,75;2170;2431,125;2434,875;1859,875;2088,80357142857;2300,5625;2147,375;7,65544199335412;7,58213736804055;7,65804760416306;7,78829193271536;7,76393368644409;7,50503818115649;7,61878968069734;7,72316976843921;7,63448593380029;,0156962531029539;-,0886838346389185;1;1;2,66666666666667;2,71428571428571;2;7;1;6,33333333333333;2;1;1;2;2;1;2,25;1;3;3;1;1;1;1;1;2,1875;5;5,25;4,25;2,5;3;1,88888888888889;1;3;7;1;5,4;3;2;2;4;3,2;3;2;3;6;2,7;3,2; ; ;-,996215100623376;-,538173473787539;1,37459185303527;-,41034994278715;-,5;,5;-,25;,26908673689377;-,26908673689377;,134543368446885;-,687295926517635;,687295926517635;-,343647963258817;,205174971393575;-,205174971393575;,102587485696787
