handle,author_id,name,party,N_tweets,followers_count,following_count,tweet_count,created_at,congress,type,NG_unreliable_share,NG_score_mean,accuracy_mean,transparency_mean,independent_unreliable_share,avg_belief_score,avg_truth_score,avg_belief_score_2010_to_2013,avg_truth_score_2010_to_2013,avg_belief_score_2019_to_2022,avg_truth_score_2019_to_2022,LIWC_analytic_mean,LIWC_authentic_mean,LIWC_moral_mean,VADER_neg_mean,VADER_pos_mean,VADER_neu_mean,VADER_compound_mean,ideology_mean,ideology_std,ideology_count,state,pf_score
RepCori,1002630999052865536,Congresswoman Cori Bush,Democrat,1471,116684,297,1866,2018-06-01 19:20:32+00:00,118.0,official,0.0,91.925,3.9625,2.775,0.0,-0.0008804480991194245,0.0020627995845779817,,,-0.0008804480991194245,0.0020627995845779817,76.86549286199865,25.171638341264448,0.9825968728755949,0.0828150917743032,0.13642760027192385,0.7807620666213461,0.16596757307953774,0.1020910534157008,,1.0,MO,
RepFitzgerald,1004891731,Rep. Scott Fitzgerald,Republican,2043,11409,820,2936,2012-12-11 21:01:37+00:00,118.0,official,0.004016064257028112,90.99799196787149,3.989247311827957,2.817204301075269,0.03225806451612903,-0.018740753630707718,0.0019214428752517534,-0.03804090566549133,0.006911602651190456,0.032401094134616365,0.026272132991491455,86.87770435633871,30.90593734703867,0.38405775819872734,0.04338766519823789,0.14205041605482135,0.8145580029368575,0.23864116495349977,0.553606019436705,,1.0,WI,
RepLipinski,1009269193,Former Rep. Daniel Lipinski,Democrat,3524,19355,2459,4350,2012-12-13 17:03:06+00:00,116.0,official,0.0,93.53063241106719,4.454545454545454,2.9783549783549783,0.0,-0.03753423162944156,-0.01696046152006966,-0.06727137876522707,-0.04633762194860494,-0.023416082461312944,-0.002644640382724686,84.29313280363223,30.01438422247446,0.6040692395005675,0.04462996594778661,0.16239897843359818,0.7929716231555051,0.3667418274687855,0.471657023591997,0.05587357578848138,8.0,IL,
CaptClayHiggins,1011053278304591872,Clay Higgins,Republican,58,5308,160,70,2018-06-25 01:07:40+00:00,116.0,official,1.0,49.5,1.0,1.0,1.0,0.04706781609659884,-0.01750819541455971,,,0.051251946016640126,-0.014431520204975581,64.12189655172413,26.054655172413796,1.5389655172413794,0.0891551724137931,0.1520344827586207,0.7588448275862069,0.15685172413793105,0.282968927601934,0.04144374442208762,8.0,MO,
SenBillCassidy,1017500185356853248,"U.S. Senator Bill Cassidy, M.D.",Republican,4841,55902,1472,6942,2018-07-12 20:05:23+00:00,116.0,official,0.026785714285714284,89.79547991071429,3.733732876712329,2.6601027397260273,0.08561643835616438,0.02943229136238228,0.03194750606830629,,,0.02881396170405315,0.03132933744094714,77.20612396694216,24.077568181818183,0.5590971074380165,0.07269345176616401,0.1476389175790126,0.779670935757075,0.2270152447841355,0.7842682585825996,0.05231988028255508,9.0,LA,0.05
RepWexton,1017819745880543238,Rep. Jennifer Wexton,Democrat,4066,33691,1330,4871,2018-07-13 17:15:12+00:00,118.0,official,0.0011806375442739079,93.32792207792208,4.052413793103448,2.882758620689655,0.001379310344827586,0.011841543540497672,0.014201895837848868,,,0.011820339085400164,0.014186980259979448,81.4021151008362,27.10269798327595,0.6000811608460402,0.06651426463354648,0.14818691588785046,0.7852946384653221,0.3112762174126906,0.26605550276694395,0.03140552679098809,3.0,VA,
AugustPfluger,1021216905795899392,August Pfluger,Republican,2098,5556,259,2286,2018-07-23 02:14:18+00:00,117.0,official,0.04216073781291173,83.10540184453228,3.3333333333333335,2.3534798534798536,0.11904761904761904,0.035058374877863376,0.010112982455839848,,,0.035058374877863376,0.010112982455839848,74.74748331744519,22.578493803622496,0.7966825548141087,0.06419256434699713,0.1763298379408961,0.7594756911344138,0.32839809342230697,,,,TX,
DickBlumenthal,102477372,Richard Blumenthal,Democrat,57,4931,589,320,2010-01-06 20:56:57+00:00,115.0,campaign,0.0,96.875,4.0,2.857142857142857,0.0,0.05571099083666686,0.0402726279080158,-0.0013515287268308362,0.07134596874136104,0.06571373674844264,0.038415376797441704,79.63999999999999,33.22456140350877,0.5175438596491229,0.053789473684210526,0.18721052631578947,0.7590175438596491,0.43338245614035087,0.08510652639917309,0.05374529180292873,9.0,CT,
RepTimBurchett,1028854804087492613,Rep. Tim Burchett,Republican,1596,28376,635,1858,2018-08-13 04:04:35+00:00,118.0,official,0.04310344827586207,81.8146551724138,3.515463917525773,2.4329896907216493,0.12371134020618557,-0.013605481424787172,-0.01255268122908941,,,-0.013493699689538249,-0.012482488320254278,82.58672932330828,31.297750626566415,0.6787092731829574,0.05777255639097744,0.13929010025062655,0.8029417293233082,0.24748013784461154,0.6355829476805046,0.05713951743089792,3.0,TN,
Lancegooden,1029094268542099457,Lance Gooden,Republican,2752,217217,200,3150,2018-08-13 19:56:08+00:00,117.0,official,0.1297071129707113,82.00836820083683,3.2925764192139737,2.3580786026200875,0.20087336244541484,0.02908845886942182,0.010403315424166447,,,0.02908845886942182,0.010403315424166447,78.93494549418605,27.61485828488372,0.6114934593023256,0.09847056686046511,0.08153815406976744,0.8199941860465115,-0.06875410610465116,0.6753594887407282,0.031463564390613985,6.0,NJ,
RepMarkTakano,1037321378,Mark Takano,Democrat,5014,59541,615,6666,2012-12-26 14:58:17+00:00,118.0,official,0.0013850415512465374,94.84383656509695,3.955040871934605,2.843324250681199,0.0013623978201634877,0.029040696628081,0.024528751511146363,-0.006254874667959463,-0.006341633527124822,0.01726177939798228,0.016945943397028717,75.68918627842042,25.99445751894695,0.9728978859194255,0.07744276027124053,0.13638811328280814,0.786172516952533,0.17243456322297568,,,,CA,
RepBalderson,1037341536592310272,Congressman Troy Balderson,Republican,2038,6884,703,2995,2018-09-05 14:07:50+00:00,118.0,official,0.008583690987124463,93.19527896995709,3.9022988505747125,2.810344827586207,0.028735632183908046,-0.0007730735921504523,0.013571101824204764,,,-0.0005024427829688887,0.01442701185496966,81.7999558390579,26.0049116781158,0.4932580961727184,0.05107899901864573,0.16872571148184495,0.7801864573110893,0.37044067713444556,0.6470609924243536,0.13556305255284137,4.0,OH,0.5
RepCloudTX,1039879658400112640,Congressman Michael Cloud,Republican,561,22211,1195,922,2018-09-12 14:13:25+00:00,118.0,official,0.05970149253731343,78.61194029850746,3.1066666666666665,2.2266666666666666,0.18666666666666668,0.02417848491485827,0.03608429536306319,,,0.024642590117158542,0.03649340467137336,81.57711229946524,25.52868092691622,0.8436185383244207,0.0866078431372549,0.10782352941176471,0.8055811051693405,0.04354723707664884,0.6538729258530067,0.07018570068944967,4.0,TX,
RepDanKildee,1045110018,Rep. Dan Kildee,Democrat,7299,51357,1508,9712,2012-12-29 15:05:47+00:00,118.0,official,0.005215123859191656,94.52444589308996,4.1298076923076925,2.921474358974359,0.003205128205128205,0.0010040204378367512,0.006618918753226287,-0.042025494136177836,-0.04005671409973286,0.0041597281365539545,0.017313978203699665,83.13943416906426,24.831992053705985,0.6025743252500342,0.06266502260583641,0.1724493766269352,0.764886011782436,0.3105111385121249,0.3149934840282933,0.043037675694587385,9.0,MI,
SenKevinCramer,1048784496,Sen. Kevin Cramer,Republican,7453,33082,623,8787,2012-12-30 20:54:06+00:00,117.0,official,0.02247191011235955,88.51845906902086,3.816822429906542,2.646728971962617,0.09158878504672897,-0.014642856780964024,0.0016620859918476817,-0.0898420094485009,-0.06760137722850557,0.023755875531367748,0.034511001153986344,84.66045216691265,21.81169059439152,0.4675687642560043,0.04582933047095129,0.15496457802227293,0.799204347242721,0.32586008318797804,0.9229589306770536,0.052540812908387316,9.0,ND,
RepGraceMeng,1051127714,Grace Meng,Democrat,6438,49777,684,7312,2012-12-31 20:28:41+00:00,118.0,official,0.0,95.2995642701525,4.20391061452514,2.941340782122905,0.0111731843575419,-0.06022975739451557,-0.04377087614228986,-0.09308589608707546,-0.08215228340440811,-0.0338590106345968,-0.015398074124273667,84.88125038831936,25.96178626902765,0.6701320285803044,0.06101863932898416,0.15555793724759243,0.7834240447343896,0.25945998757378064,0.2381769850903591,0.07158456834094533,9.0,NY,
RepAnnWagner,1051446626,Ann Wagner,Republican,3935,29129,2359,4882,2013-01-01 00:01:45+00:00,118.0,official,0.021352313167259787,87.40213523131672,3.756521739130435,2.6130434782608694,0.12173913043478261,-0.0038598733944624607,-0.004206713413868859,0.012266046978605569,0.0005782446337136956,-0.00637769357100999,-0.0005286377539332802,81.70145616264294,27.94102668360864,0.7809834815756036,0.05883989834815756,0.16959491740787802,0.7715626429479034,0.2895745108005082,0.7697528542695554,0.05697425685502048,9.0,MO,0.417
portman4senate,105181623,Portman4Senate,Republican,213,911,397,746,2010-01-15 16:09:58+00:00,114.0,campaign,0.0,90.63333333333334,3.88,2.64,0.0,-0.018136804695795306,-0.009786035957211616,-0.018136804695795306,-0.009786035957211616,,,87.22549295774647,19.432159624413146,0.3669953051643193,0.06335680751173708,0.11505633802816902,0.8215727699530516,0.12165915492957746,0.6550347601681378,0.053551611485232783,9.0,OH,
RepHoulahan,1052896620797460481,Chrissy Houlahan,Democrat,4007,33331,313,4627,2018-10-18 12:18:11+00:00,118.0,official,0.02636916835699797,92.96551724137932,4.091254752851711,2.8631178707224336,0.0,0.026921590856465574,0.02896454236715577,,,0.026910259618332814,0.02897333451335893,72.86964811579735,32.73180683803344,0.4697080109807836,0.04423583728475168,0.15204666833042177,0.8037157474419766,0.4048163963064637,0.35884776987893846,0.05630285689820398,3.0,PA,
Ed4Colorado,105290638,Ed Perlmutter,Democrat,1575,4151,1150,1926,2010-01-15 23:16:12+00:00,116.0,official,0.0,95.4469696969697,4.107913669064748,2.9244604316546763,0.0,0.01350242933216751,0.0027429427163396932,0.04048965198146818,0.023871755246608423,0.03922590122397533,0.025007072450699715,78.52706031746031,29.293860317460318,0.399231746031746,0.03980825396825397,0.17916634920634922,0.7810152380952381,0.35966438095238096,0.3513395439999244,0.06115687647387992,9.0,CO,
RepLowenthal,1055730738,Rep. Alan Lowenthal,Democrat,7089,37997,3099,8553,2013-01-02 18:11:33+00:00,117.0,official,0.0005998800239952009,96.54709058188362,3.9763880025526483,2.8825781748564134,0.0,0.03741126466588269,0.049286637023455544,-0.0363527018933325,-0.014641401521524098,0.060828739094691595,0.07712513984246759,77.79710396388772,26.615237692199184,1.0774594442093384,0.0917391733671886,0.1487618846099591,0.7595011990407674,0.15103285371702638,0.17166366461520974,0.05572511386197815,9.0,CA,
joekennedy,1055907624,Joe Kennedy III,Democrat,4830,740428,746,7199,2013-01-02 19:33:36+00:00,116.0,official,0.0,94.92937853107344,4.085324232081911,2.9146757679180886,0.0034129692832764505,0.021481772362026322,0.009195632473641406,-0.0725759161295684,-0.06125037904406651,0.06482683208293145,0.037362286658769145,75.45761599005799,27.506874482187243,0.9749005799502899,0.07900890269151138,0.16358157349896482,0.7574093167701863,0.20657749482401658,0.2961006444943618,0.07558418774972915,8.0,MA,
TXRandy14,1058051748,Randy Weber,Republican,3159,24358,859,4389,2013-01-03 15:30:06+00:00,118.0,official,0.028662420382165606,86.48089171974522,3.5447154471544717,2.4634146341463414,0.15040650406504066,-0.013465885270580036,-0.026494153607536382,-0.017977296095314232,-0.02634185446538034,-0.002047917384559606,-0.02634319000231027,77.42627730294396,25.400443178220957,0.4380025324469769,0.05045679012345679,0.1565843621399177,0.7929566318455207,0.2475837923393479,0.8805599492330005,0.051747986247144745,9.0,TX,
RepHolding,1058460818,Former Rep. George Holding,Republican,821,16951,559,1019,2013-01-03 18:27:36+00:00,116.0,official,0.0,94.78440366972477,3.98,2.83,0.03,0.018541913034407862,0.02438907240920348,0.020393166692066006,0.02685461881015197,0.03765325817871626,0.022239518705646742,83.19768574908649,28.984677222898906,0.5183191230207065,0.05969062119366626,0.15445066991473813,0.7858672350791718,0.22653227771010961,0.696758303711109,0.04578377589501804,8.0,NC,0.333
SenDuckworth,1058520120,Tammy Duckworth,Democrat,9739,744090,7335,11231,2013-01-03 18:59:33+00:00,117.0,official,0.0,95.03855599214145,4.090960451977401,2.8966101694915256,0.0,0.04387233326249203,0.04180818368684874,-0.013074890401317518,0.01582156016222598,0.04623656207636025,0.0348935318219534,74.47199301776362,28.054331040147858,0.8053424376219324,0.0698082965396858,0.14688099394188314,0.7833118389978437,0.2333314097956669,0.29353474448852535,0.11870607840074718,9.0,IL,0.45
RepAnnieKuster,1058717720,Ann McLane Kuster,Democrat,6892,24827,2232,8033,2013-01-03 20:29:22+00:00,118.0,official,0.0015785319652722968,96.77663772691398,4.250657318141981,2.801051709027169,0.0043821209465381246,-0.00764720188598882,0.009283911455551089,0.009518715416162938,0.018336756765179135,-0.021684622975755363,-0.005631211746141491,85.9398636099826,24.41281485780615,0.7504236796285548,0.061782356355194426,0.20739233894370285,0.7308248694138132,0.4313174114915844,0.3574775514117549,0.056914281958555094,9.0,NH,0.5
RepDerekKilmer,1058917562,Rep. Derek Kilmer,Democrat,6616,31157,477,7969,2013-01-03 22:15:02+00:00,118.0,official,0.00353045013239188,95.92850838481907,4.11199207135778,2.971258671952428,0.0,-0.002759713776543577,0.01142685647512083,0.03254676514376342,0.04313233379050206,-0.0076695787089055105,0.011304381298101948,82.5524123337364,30.237772067714634,0.4213905683192261,0.034636638452237,0.1765980955259976,0.7887645102781137,0.48697670798065296,0.3835920826506074,0.054156202762422785,9.0,WA,
RepDougCollins,1060487274,Doug Collins,Republican,5356,556567,1076,6338,2013-01-04 13:43:55+00:00,116.0,official,0.06290322580645161,83.62741935483871,3.2325174825174825,2.2814685314685317,0.22727272727272727,0.016100221550859814,0.008344803477297975,-0.06387800501461377,-0.05068897686214322,0.05107152321217666,0.028539126530303188,78.27185399551904,26.626923076923074,0.6306366691560866,0.05512210604929051,0.13665832710978343,0.8082169529499628,0.209139787154593,0.7175842214336281,0.06796966466237796,8.0,GA,0.333
SenatorHeitkamp,1061029050,Archive: Sen. Heidi Heitkamp,Democrat,11319,95874,807,12377,2013-01-04 17:57:48+00:00,115.0,official,0.0,92.86712095400341,4.208938547486033,2.9675977653631285,0.0011173184357541898,-0.005949016820495772,0.025128026048468817,-0.02958649661249358,-0.004649726469125152,,,86.00815089672233,26.424891774891773,0.36540772153017054,0.04599805636540331,0.16582533792737875,0.7881753688488382,0.3381213446417528,0.5303150787349761,0.08680134632245101,6.0,ND,
RepDeanPhillips,1061310112013434882,Rep. Dean Phillips 🇺🇸,Democrat,3011,63287,2007,3455,2018-11-10 17:30:23+00:00,118.0,official,0.0040650406504065045,96.78658536585365,4.088888888888889,2.9555555555555557,0.0,0.041205387756815315,0.01540772535973261,,,0.041205387756815315,0.01540772535973261,70.49519096645632,28.866927930919964,0.7707472600464961,0.05886051145798738,0.16983726336765195,0.7712945865161076,0.3344501162404517,0.4721448726434995,0.10680145848038598,3.0,MN,
ChuckGrassley,10615232,Chuck Grassley,Republican,10725,839919,12510,12067,2007-11-26 15:17:02+00:00,117.0,official,0.0,97.5,4.0,3.0,0.0,-0.03747196920809104,-0.032165180184445245,-0.015504384515198113,-0.02504704759232879,-0.027035499283191617,-0.01967474669497004,84.86355910066237,23.44555742140125,0.4869624032092546,0.0435788344988345,0.10827365967365966,0.8481472261072261,0.1794438414918415,0.7420704399310548,0.06068019929805801,9.0,IA,0.5
TulsiPress,1064206014,Former Rep. Tulsi Gabbard,Democrat,4004,281895,1121,4663,2013-01-05 22:57:50+00:00,116.0,official,0.0,90.74107142857143,4.1502890173410405,2.878612716763006,0.023121387283236993,-0.08318202520062516,-0.05286624318123738,-0.14711918168401814,-0.13919156688089435,0.02778760525320924,0.05429711511286182,85.418996003996,22.916645854145855,0.5377372627372627,0.05267657342657343,0.13679745254745254,0.8105229770229769,0.2353954795204795,0.3779314459161085,0.04852532768031299,8.0,HI,
RepJoeMorelle,1064595993222615040,Joe Morelle,Democrat,4687,12630,898,5107,2018-11-19 19:07:18+00:00,118.0,official,0.0,93.23717948717949,4.053738317757009,2.899532710280374,0.0,0.03252219144512923,0.03932433004585961,,,0.03213774038448469,0.03911283638403731,77.48879667164498,30.33435033070194,0.7919031363345423,0.062269468743332626,0.18209985065073606,0.755634521015575,0.4048446981011308,0.2840274618857076,0.06806047721593528,4.0,NY,
RepWalorski,1065995022,Jackie Walorski,Republican,5407,24104,675,6529,2013-01-06 15:41:40+00:00,117.0,official,0.006085192697768763,86.93204868154159,4.071428571428571,2.7225274725274726,0.057692307692307696,-0.022423732263014515,-0.0013245902879126831,-0.059395960273923826,-0.024861704245468342,0.024173741654044154,0.03033757689778429,85.00792676160532,25.31639171444424,0.6245219160347697,0.05771610874791937,0.15761642315516922,0.7846676530423525,0.2658910116515628,0.773612092397249,0.04231745867545135,8.0,IN,
hoeven4senate,106733567,Hoeven for Senate,Republican,141,900,218,506,2010-01-20 14:42:44+00:00,115.0,campaign,0.0,96.78571428571429,4.0,3.0,0.0,-0.04012829963375845,-0.06911300709930497,0.06160108574244205,-0.004747581866382911,-0.008164604088256274,-0.044004385258294254,84.05475177304965,24.844113475177306,0.3426950354609929,0.007723404255319148,0.1676595744680851,0.8246170212765958,0.37538936170212767,0.7998345369373213,0.03597232924393486,9.0,ND,
RepMGS,1067541214671577093,Congresswoman Mary Gay Scanlon,Democrat,5418,59142,1277,9511,2018-11-27 22:10:34+00:00,118.0,official,0.019011406844106463,94.46958174904942,3.971202003338898,2.835559265442404,0.0008347245409015025,0.02527317627776358,0.03310265595600662,,,0.02492567675098304,0.03258301475848047,78.39058508674788,25.45611295681063,0.6701642672572905,0.061921926910299005,0.14478054632705797,0.7932982650424512,0.25169976005906236,0.22471241774131534,0.13844430285794287,4.0,PA,
RepChrisPappas,1067748650485497862,Rep. Chris Pappas,Democrat,2970,17025,638,3436,2018-11-28 11:54:50+00:00,118.0,official,0.0,96.23949579831933,4.03021978021978,2.6648351648351647,0.0027472527472527475,0.0023237888430209463,0.022100533138449962,,,0.0023237888430209463,0.022100533138449962,80.13569023569023,25.747084175084176,0.5132895622895624,0.04856094276094276,0.1706777777777778,0.7807602693602694,0.453633164983165,0.349793573428709,0.042434742512890165,3.0,NH,
repkevinhern,1067818539179024386,Rep. Kevin Hern,Republican,1142,16457,462,2518,2018-11-28 16:32:33+00:00,118.0,official,0.0673076923076923,81.70192307692308,3.3883495145631066,2.407766990291262,0.14563106796116504,0.07160884194202528,0.04703120561479118,,,0.07155538920604748,0.046437698919970606,74.98957092819614,30.620551663747808,0.5403064798598949,0.0843213660245184,0.12402889667250437,0.7916462346760069,0.0813070928196147,0.6533456872935925,0.1505106482098854,4.0,OK,
RepKatieHill,1068273911224094721,Rep. Katie Hill,Democrat,882,77875,1059,1266,2018-11-29 22:42:02+00:00,116.0,official,0.018691588785046728,94.89719626168224,3.9901960784313726,2.803921568627451,0.0196078431372549,0.039825983656868014,0.017269159119742805,,,0.03955960113216969,0.016990118696344716,65.98061224489796,32.856632653061226,0.3673015873015873,0.05748866213151927,0.13047845804988661,0.8120374149659864,0.2782310657596372,0.716823276388622,0.0755353070052106,7.0,AR,
SenAngusKing,1068481578,Senator Angus King,Independent,5453,247434,570,6082,2013-01-07 14:52:27+00:00,117.0,official,0.0,96.15717674970344,4.056,2.96,0.0,0.015649019392156256,0.02625659177253202,-0.009879495632183223,0.005588438008400646,0.052131406066764224,0.05449201429434043,80.83916009536036,29.950894920227398,0.38629745094443424,0.042909591050797724,0.15589308637447277,0.8011967724188521,0.3421250137538969,0.4209908478777868,0.08170146886644208,9.0,ME,
AngusKing2018,1068540380,Angus King Campaign,Independent,6,196,7,11,2013-01-07 15:14:20+00:00,115.0,campaign,,,,,,-0.08377400910697874,-0.12076738596623172,-0.08377400910697874,-0.12076738596623172,,,97.14833333333333,12.866666666666667,0.0,0.0,0.26766666666666666,0.7323333333333334,0.5007666666666667,0.4209908478777868,0.08170146886644208,9.0,ME,
RepLaMalfa,1069124515,Rep. Doug LaMalfa,Republican,1748,27283,1019,2394,2013-01-07 20:07:58+00:00,118.0,official,0.006756756756756757,87.53716216216216,3.739130434782609,2.626086956521739,0.06956521739130435,-0.0032472392524546625,0.01079550551275932,0.017902550309944688,0.02979288522544865,0.0029459201784490952,0.01040760006279285,81.72608123569795,31.439267734553777,0.48173340961098393,0.0642608695652174,0.13279977116704805,0.8029445080091533,0.2232641876430206,0.8629111477375735,0.053670031692038524,9.0,CA,
RepSusanWild,1069636653353000962,Rep. Susan Wild,Democrat,3382,16730,1081,4174,2018-12-03 16:57:05+00:00,118.0,official,0.014344262295081968,94.15676229508196,4.3276955602537,2.9302325581395348,0.0021141649048625794,0.01904980213826291,0.01692444867418224,,,0.018172480407008987,0.015919405699766454,77.71141632170314,29.920310467179185,0.6445683027794205,0.05367297457125961,0.15542696629213484,0.7909145476049675,0.3625861620342992,0.3134320305049063,0.07335343560301938,4.0,PA,
RepHuffman,1071102246,Rep. Jared Huffman,Democrat,3944,44366,1070,5706,2013-01-08 14:52:00+00:00,118.0,official,0.0,94.74167776298269,3.9942528735632186,2.8692528735632186,0.011494252873563218,0.013400927936638746,0.02745948242541668,-0.006379576786675522,0.0016497511568412684,0.01679692199412108,0.03302851270969177,79.40761409736308,27.822715517241377,0.5409051724137931,0.06834406693711967,0.14334533468559837,0.7883123732251521,0.23208458417849898,0.19564958394863538,0.03390882193947971,9.0,CA,
SenatorFischer,1071402577,Senator Deb Fischer,Republican,6857,103583,208,8045,2013-01-08 16:49:07+00:00,117.0,official,0.0012903225806451613,89.90709677419355,4.277870216306156,2.9118136439267888,0.009983361064891847,-0.018778924246297124,-0.004020789547216127,-0.010098699661679714,0.0033336983602296013,0.01830860184166053,0.028612765565311,85.04412133586116,27.55877643284235,0.47488114335715326,0.039496135336152836,0.16245457197024937,0.7980510427300569,0.35976978270380633,,,,,
RepSchneider,1071840474,Rep. Brad Schneider,Democrat,5174,19448,1036,6320,2013-01-08 19:59:14+00:00,118.0,official,0.0,95.34485815602837,4.082417582417582,2.8937728937728937,0.0018315018315018315,0.025909681058425563,0.03727999960172818,0.06821349807102628,0.08208592728174442,0.04019295476553012,0.040558648870095214,81.32217626594512,31.490069578662542,0.7065945110166216,0.06764109006571319,0.165,0.7673602628527252,0.2772692694240433,0.3818461405970794,0.07960069072701424,7.0,IL,0.625
RepTedYoho,1071900114,Ted Yoho,Republican,1641,41556,339,2093,2013-01-08 20:25:18+00:00,116.0,official,0.028409090909090908,91.32102272727273,3.966666666666667,2.738888888888889,0.08888888888888889,-0.006581293647170875,-0.002329035919667405,-0.0002968597768251171,-0.009427158429049806,0.016335085073037256,0.026733843626928138,84.48999390615478,25.24390615478367,0.6680377818403412,0.05573308957952468,0.1615551492992078,0.7826946983546618,0.3076355271176112,0.8459664297473725,0.0328266609148001,8.0,FL,0.417
RepChrisStewart,1072008757,Rep. Chris Stewart,Republican,3749,44644,467,5242,2013-01-08 21:08:19+00:00,118.0,official,0.01603206412825651,91.05460921843688,3.9028497409326426,2.7085492227979273,0.046632124352331605,-0.006920553045808299,-0.012573774116484958,-0.04713412485665702,-0.04966001615439189,0.051977439942440445,0.03397940479660191,77.87358495598826,30.243235529474525,0.5340837556681782,0.060452387303280876,0.14899519871965858,0.7905444118431583,0.2131129367831422,0.7405058375363281,0.08462435080694067,9.0,UT,
RepMikeLevin,1072134139560620033,Rep. Mike Levin,Democrat,3833,21022,494,4730,2018-12-10 14:21:12+00:00,118.0,official,0.0,95.11216056670602,4.1668667466986795,2.8751500600240094,0.0,0.015728514646685638,0.02506548720630814,,,0.015632479956565935,0.025059705628251962,78.26501174015131,28.54395773545526,0.6826480563527264,0.05851630576571876,0.15814766501434907,0.7833415079572137,0.33835773545525694,0.24995864850095326,0.046546485525538084,3.0,CA,
RepBenCline,1072158357237174272,Congressman Ben Cline,Republican,1974,25072,791,2314,2018-12-10 15:57:26+00:00,118.0,official,0.013029315960912053,87.75081433224756,3.890829694323144,2.6593886462882095,0.06986899563318777,-0.02231532833520965,-0.01734547151333666,,,-0.02231532833520965,-0.01734547151333666,85.66987335359676,28.136889564336375,0.46721884498480243,0.05846352583586626,0.13563272543059776,0.8058941236068896,0.27152892603850054,0.7025825058604407,0.04527683980274713,3.0,VA,
RepSeanMaloney,1072467470,Sean Patrick Maloney,Democrat,6727,128864,2170,8563,2013-01-09 01:00:33+00:00,117.0,official,0.0,95.13751668891855,4.046178343949045,2.8917197452229297,0.0,0.02922140469203566,0.014196281057656033,-0.002040631302143563,0.006669443669776886,0.03512228745796866,0.008805617361341112,75.2452133194589,29.79535454140033,0.7413334324364501,0.06973138100193252,0.13614597889103613,0.7941163966106733,0.2005690203656905,0.3118849627923047,0.05887408298409282,9.0,NY,0.875
SusanWBrooks,1074101017,Susan W. Brooks,Republican,5345,21727,1293,7399,2013-01-09 15:30:38+00:00,116.0,official,0.0,92.51780821917808,4.456896551724138,2.8706896551724137,0.03879310344827586,-0.058352321851806936,-0.039242357033106454,-0.03291441067240835,-0.0306706805062189,-0.04412928258386633,-0.026065827033070112,87.76691674462114,26.409620205799815,0.45356782039289056,0.03815434985968195,0.17387764265668848,0.7879676333021515,0.37486379794200186,0.7065706999863257,0.047078308691638024,8.0,IN,
RepVeasey,1074129612,Rep. Marc Veasey,Democrat,5394,33028,3290,6841,2013-01-09 15:49:27+00:00,118.0,official,0.0018975332068311196,93.09867172675521,3.9251101321585904,2.7951541850220263,0.0,-0.019061939161957184,-0.008390485503452304,-0.141494523674689,-0.12090402688788433,0.011731299828222236,0.02125604483496835,80.84652391546163,29.30706896551724,0.6255598813496478,0.053692621431219875,0.14604134223210974,0.800265850945495,0.27057241379310343,0.3058446346426654,0.041702798413115826,9.0,TX,
repdeliaramirez,1074354529787895808,Congresswoman Delia Ramirez,Democrat,399,1767,420,565,2018-12-16 17:24:15+00:00,118.0,official,0.0,95.76923076923077,4.181818181818182,3.0,0.0,-0.14932184489428477,-0.11316623845450363,,,-0.14932184489428477,-0.11316623845450363,79.70055137844612,20.793358395989973,0.4063408521303258,0.03464912280701754,0.12123809523809524,0.8441002506265664,0.3318829573934837,,,,IL,
SenTedCruz,1074480192,Senator Ted Cruz,Republican,15653,3265138,5484,20751,2013-01-09 18:11:37+00:00,117.0,official,0.1,82.72257053291536,3.174802337573049,2.2982124441388794,0.22688209006531454,0.022511598365868406,0.0170697289101445,0.07428776373946828,0.05802646136139407,0.008572937426714626,0.001927146621540633,83.44401137162205,20.446992269852426,0.7508151791988756,0.08159643518814286,0.12668498051491728,0.7917168593879768,0.11885575927937136,,,,,0.307
SenatorBaldwin,1074518754,Sen. Tammy Baldwin,Democrat,14789,149114,2692,18552,2013-01-09 18:29:44+00:00,117.0,official,0.03373015873015873,93.47160218253968,4.160027952480783,2.874912648497554,0.0020964360587002098,0.007217464354845272,0.02350240458878497,0.011793727507135017,0.02329309583037506,0.026863393277147797,0.035953343234426983,80.701992697275,20.954896206640072,0.5151186692812225,0.05186456149841098,0.16518858611129894,0.7829489485428358,0.3229591791196159,,,,,0.525
RepDustyJohnson,1074782372594413569,Rep. Dusty Johnson,Republican,1758,19027,293,2332,2018-12-17 21:44:20+00:00,118.0,official,0.0,91.4396551724138,4.217948717948718,2.8846153846153846,0.0,0.0004898125347869149,0.00030389414994917566,,,0.0004898125347869149,0.00030389414994917566,79.94980659840729,33.90868600682594,0.44863481228668944,0.040447667804323094,0.14319169510807736,0.8163532423208192,0.32533020477815705,0.26485183049723804,0.013396609186599708,2.0,SD,
RepVanTaylor,1075040139351597056,Rep Van Taylor,Republican,865,8811,490,1014,2018-12-18 14:48:37+00:00,117.0,official,0.0,90.78125,3.7777777777777777,2.7222222222222223,0.0,-0.03676758073614097,-0.026159805738477326,,,-0.03676758073614097,-0.026159805738477326,85.06706358381503,29.669306358381505,0.6754104046242775,0.04125664739884393,0.18572485549132947,0.7730069364161849,0.4930143352601156,0.6093709086055069,0.03721660319942587,3.0,TX,
RepHarley,1075080722241736704,Archived: Rep. Harley Rouda,Democrat,1176,13002,325,1412,2018-12-18 17:29:52+00:00,116.0,official,0.0,94.50344827586207,4.104166666666667,2.9166666666666665,0.013888888888888888,-0.008319259630379362,0.006091329892920218,,,-0.008319259630379362,0.006091329892920218,80.53438775510205,24.957482993197278,0.6081887755102041,0.06766071428571428,0.1340127551020408,0.7983307823129252,0.20948129251700678,0.35527522887837726,0.026294558355766537,2.0,CA,
RepBryanSteil,1075205691621720064,Bryan Steil,Republican,3473,19007,488,4093,2018-12-19 01:46:28+00:00,118.0,official,0.005277044854881266,89.43403693931398,3.8465116279069766,2.7767441860465114,0.037209302325581395,-0.039312076881254064,-0.0234612609260387,,,-0.039312076881254064,-0.0234612609260387,85.12951914771091,28.605493809386697,0.4200719838756119,0.048252231500143974,0.15612525194356464,0.7956219406852866,0.2768648718687014,0.5945903573087854,0.03497820450520715,3.0,WI,
RepEscobar,1075517806551154689,Rep. Veronica Escobar,Democrat,5650,85557,1615,9179,2018-12-19 22:26:42+00:00,118.0,official,0.001976284584980237,95.97974308300395,4.003293084522503,2.8616904500548848,0.0010976948408342481,-0.030938092091317197,-0.012729500512254448,,,-0.030938092091317197,-0.012729500512254448,79.76590973451327,22.88352389380531,0.810341592920354,0.06995203539823008,0.13356725663716815,0.796479646017699,0.2198048318584071,0.20907102095559396,0.05475436676273225,3.0,TX,0.688
RepPeteStauber,1075830599007510535,Pete Stauber,Republican,2006,11848,442,2491,2018-12-20 19:09:37+00:00,118.0,official,0.026755852842809364,89.21739130434783,3.8945147679324896,2.6666666666666665,0.07172995780590717,0.03553583199397601,0.023819531919313134,,,0.03553583199397601,0.023819531919313134,79.53861415752742,30.805503489531407,0.6088733798604188,0.05900697906281156,0.17352442671984047,0.7674626121635094,0.3465048853439681,0.6817704709836213,0.025811764800299706,3.0,MN,
RepFletcher,1075904377221722113,Rep. Lizzie Fletcher,Democrat,3140,30931,193,3706,2018-12-21 00:02:47+00:00,118.0,official,0.0,97.59775171065495,4.114754098360656,2.907103825136612,0.0,-0.0037071785380819364,0.013952827336367685,,,-0.0037071785380819364,0.013952827336367685,82.07771974522294,29.98008598726115,0.3942707006369427,0.0355656050955414,0.16322388535031848,0.8011974522292994,0.4489020063694268,0.3279189104219705,0.10529188739367876,3.0,TX,0.625
RepHaleyStevens,1076161611033968640,Rep. Haley Stevens,Democrat,4861,42068,578,5661,2018-12-21 17:04:56+00:00,118.0,official,0.03882476390346275,94.3074501573977,4.039393939393939,2.9,0.006060606060606061,0.01590459691469492,0.028054404404520877,,,0.01590459691469492,0.028054404404520877,78.9244373585682,31.576986216827816,0.5530034972227936,0.05222855379551533,0.16717568401563462,0.7805885620242748,0.3822160255091545,0.30063288955477,0.08535012566479677,3.0,MI,
RepLoisFrankel,1077121945,Rep. Lois Frankel,Democrat,8227,32680,1658,11613,2013-01-10 16:58:38+00:00,118.0,official,0.0,94.15961945031712,4.08051341890315,2.852975495915986,0.0011668611435239206,0.020870831634510804,0.02506027383631873,-0.028343673041694002,-0.010520964962937968,0.01004113673337492,0.01740880165746439,80.63238118390665,26.80898261820834,0.8211243466634254,0.07655500182326486,0.149152181840282,0.7742926947854625,0.2104296949070135,0.3095334951771241,0.043530508461993085,9.0,FL,0.133
RepRWilliams,1077446982,Rep. Roger Williams,Republican,5783,18613,868,7817,2013-01-10 19:21:22+00:00,118.0,official,0.020086083213773313,89.22309899569584,3.6566523605150216,2.611587982832618,0.08798283261802575,0.010356565177624032,0.008292076198120587,-0.01706113160073367,-0.010655205566016313,0.004664806560210743,0.0038226690092821028,80.58849386131766,29.552661248486945,0.5286546775030261,0.04792183987549715,0.15737005014698255,0.7947072453743732,0.3081884143178281,0.7525640798984705,0.06405982191026584,9.0,TX,0.379
RepColinAllred,1078355119920562176,Rep. Colin Allred,Democrat,4001,45717,375,4667,2018-12-27 18:21:10+00:00,118.0,official,0.0,95.93724531377343,4.04,2.933333333333333,0.0,0.0337154804381426,0.04010760104177686,,,0.0337154804381426,0.04010760104177686,74.10997500624843,29.293966508372907,0.5055586103474131,0.056770807298175456,0.16422544363909022,0.7790027493126718,0.4300424143964009,0.3639749570372341,0.11070233477931898,3.0,TX,
RepSlotkin,1078401427347857408,Rep. Elissa Slotkin,Democrat,2876,92914,705,3276,2018-12-27 21:25:10+00:00,118.0,official,0.011049723756906077,94.99723756906077,4.282894736842105,2.9539473684210527,0.0,0.07089448473810402,0.0637979752366483,,,0.07089448473810402,0.0637979752366483,75.44502781641168,36.54909248956885,0.3571488178025035,0.06392385257301808,0.11942280945757996,0.8166682892906815,0.22004607093184977,0.3840100884463971,0.03455481058434041,3.0,MI,
RepMaxRose,1078692057940742144,Archived: Rep. Max Rose,Democrat,1272,21506,661,1560,2018-12-28 16:40:02+00:00,116.0,official,0.0,95.53275862068965,4.48943661971831,2.964788732394366,0.0,0.04403412521240541,0.029137680402997367,,,0.04403412521240541,0.029137680402997367,68.24678459119497,34.11182389937107,0.6956132075471698,0.07565880503144654,0.13890408805031448,0.7854457547169811,0.22413018867924528,0.4208877265596815,0.015395672237242744,2.0,NY,
SenatorRomney,1078693601356509184,Senator Mitt Romney,Republican,1863,213135,148,2235,2018-12-28 16:46:10+00:00,117.0,official,0.0,97.45517241379311,4.149425287356322,2.9310344827586206,0.0,0.006402099462495401,0.022085147533668012,,,0.006402099462495401,0.022085147533668012,84.11253354804079,23.57393451422437,0.5965700483091788,0.06163660762211486,0.16650724637681158,0.7718625872249061,0.3798716049382716,0.6820237743570639,0.07426313755118576,3.0,UT,
RepRussFulcher,1078741899572240384,Rep. Russ Fulcher,Republican,1546,11835,610,1950,2018-12-28 19:58:05+00:00,118.0,official,0.011363636363636364,88.36931818181819,3.838709677419355,2.629032258064516,0.08870967741935484,-0.039350055211785806,-0.01051838798939476,,,-0.039350055211785806,-0.01051838798939476,86.50664294954721,26.57124191461837,0.4397089262613195,0.049021992238033635,0.1340504527813713,0.8169288486416558,0.28516280724450194,0.6094719719815506,0.03600841715267745,3.0,ID,
RepJoeNeguse,1078749802765139968,Rep. Joe Neguse,Democrat,3869,228119,1312,5758,2018-12-28 20:29:29+00:00,118.0,official,0.0,95.48788546255507,4.3119266055045875,2.9510703363914375,0.0,-0.01067567643202962,0.01400440643703177,,,-0.01067567643202962,0.01400440643703177,82.27881881623158,24.177699663995867,0.5436365986042905,0.05546704574825537,0.15247324890152494,0.7920705608684415,0.33296045489790643,0.27212809800051,0.03023682543709651,3.0,CO,
RepSpanberger,1078771401497161728,Rep. Abigail Spanberger,Democrat,5490,77706,1232,6432,2018-12-28 21:55:19+00:00,118.0,official,0.005763688760806916,87.93659942363112,4.139175257731959,2.935567010309278,0.0,0.006710479551504828,0.026735951795727117,,,0.006710479551504828,0.026735951795727117,82.95157559198543,30.054045537340617,0.4159799635701275,0.05231566484517305,0.143703825136612,0.8039865209471767,0.35253178506375227,0.45352617448589205,0.06951126281797611,3.0,VA,0.625
RepAndyKimNJ,1078771848882593793,The Office of Congressman Andy Kim,Democrat,3378,38456,486,3620,2018-12-28 21:57:06+00:00,118.0,official,0.0,98.01324503311258,4.2272727272727275,2.9886363636363638,0.0,0.05639742500015844,0.04927499785731343,,,0.05639742500015844,0.04927499785731343,71.92641799881586,33.75175843694494,0.4654322084073416,0.04802486678507993,0.1494715808170515,0.802501184132623,0.3594463291888692,0.36915388905477914,0.07780002577139929,3.0,NJ,
RepSusieLee,1079061579973439488,Congresswoman Susie Lee,Democrat,5807,33254,3308,6877,2018-12-29 17:08:23+00:00,118.0,official,0.03875968992248062,92.3562661498708,4.145051194539249,2.945392491467577,0.0,0.0053554820180565284,0.009820577828619661,,,0.0053554820180565284,0.009820577828619661,75.7668710177372,29.43058550025831,0.46280351300154987,0.052353194420526945,0.1567234372309282,0.7909240571723781,0.34693667986912347,0.3695277303485672,0.046157429549328666,3.0,NV,
RepAOC,1079104563280527364,Rep. Alexandria Ocasio-Cortez,Democrat,1193,769343,593,1576,2018-12-29 19:59:11+00:00,118.0,official,0.0,93.62328767123287,3.9365079365079363,2.8253968253968256,0.015873015873015872,-0.05279130453772095,-0.019331979585295415,,,-0.05279130453772095,-0.019331979585295415,77.48414082145851,25.785305951383066,0.4157502095557418,0.06206119027661358,0.1020637049455155,0.835883487007544,0.12151886001676447,0.09425170681881738,0.006478105599776027,3.0,NY,0.183
RepRashida,1079769536730140672,Congresswoman Rashida Tlaib,Democrat,2201,496804,349,2837,2018-12-31 16:01:33+00:00,118.0,official,0.006493506493506494,94.42857142857143,3.969798657718121,2.838926174496644,0.013422818791946308,0.02423684815960625,0.020292424782814473,,,0.02423684815960625,0.020292424782814473,76.13383462062698,25.86411631076783,1.1316447069513857,0.08463243980009087,0.14012448886869605,0.7752448886869605,0.18313534756928668,0.07446183092742387,0.008249544807018516,3.0,MI,
RepTimmons,1079770852302958592,Congressman William Timmons,Republican,1033,14579,851,1779,2018-12-31 16:06:47+00:00,118.0,official,0.0,90.83536585365853,4.144736842105263,2.789473684210526,0.039473684210526314,0.02981075487953127,0.02605832551800969,,,0.02981075487953127,0.02605832551800969,77.32621490803484,33.39174249757986,0.40603097773475316,0.050096805421103584,0.1349622458857696,0.8149438528557599,0.2885222652468538,0.6610242199798538,0.034318630762210776,3.0,SC,
RepLoriTrahan,1079802482640019456,Lori Trahan,Democrat,6842,36879,1907,8349,2018-12-31 18:12:28+00:00,118.0,official,0.0,94.38532513181019,4.140931372549019,2.9019607843137254,0.0,0.024407428384253152,0.02208666012679029,,,0.024407428384253152,0.02208666012679029,76.35967991815258,28.15322128032739,0.5645951476176556,0.05564352528500439,0.15985062847120726,0.7845005846243788,0.35201552177725814,0.22940457522175328,0.054136298727188406,3.0,MA,
RepJasonCrow,1080191866509901826,Rep. Jason Crow,Democrat,3374,138780,687,4141,2019-01-01 19:59:44+00:00,118.0,official,0.0,94.52037617554859,4.0928270042194095,2.8860759493670884,0.0,0.013095923335548298,0.010473001183661942,,,0.013095923335548298,0.010473001183661942,78.1694783639597,28.008832246591584,0.6545198577356254,0.06564878482513337,0.14551304090100772,0.7888346176644931,0.2999457913455839,0.32902487039239364,0.02680444584523412,3.0,CO,
RepCunningham,1080198683713507335,Archived: Rep. Joe Cunningham,Democrat,1246,19411,111,1447,2019-01-01 20:26:50+00:00,116.0,official,0.0,96.31168831168831,4.595959595959596,2.9494949494949494,0.0,0.015719991735716695,0.014878699543538106,,,0.015719991735716695,0.014878699543538106,76.11352327447833,31.185248796147672,0.5214285714285715,0.05262038523274478,0.16872391653290528,0.7786308186195826,0.39877455858747995,0.5332272442820366,0.01333117672064552,2.0,SC,
RepAngieCraig,1080222360643485698,Angie Craig,Democrat,3920,34161,948,4242,2019-01-01 22:00:55+00:00,118.0,official,0.010189228529839884,95.58078602620087,4.074074074074074,2.9200779727095516,0.001949317738791423,0.0325032369019065,0.03688823659563968,,,0.0325032369019065,0.03688823659563968,80.30915306122449,32.93736989795919,0.45674744897959185,0.042341581632653065,0.18323010204081633,0.7744318877551021,0.5026827295918367,0.3712667510101835,0.06213907536512924,3.0,MN,
RepAndyLevin,1080277407867772930,Rep. Andy Levin,Democrat,4684,32794,2807,5819,2019-01-02 01:39:39+00:00,117.0,official,0.014209591474245116,95.87122557726465,4.021778584392014,2.9038112522686026,0.010889292196007259,0.07042948926337914,0.06229347064887353,,,0.07042948926337914,0.06229347064887353,75.0600341588386,31.94030956447481,0.8690798462852263,0.07689304013663535,0.1350907344150299,0.7880136635354398,0.20085905209222887,0.1620404580513114,0.03458562520758882,3.0,MI,
RepElaineLuria,1080292515939565568,Elaine Luria,Democrat,4096,98779,563,4699,2019-01-02 02:39:41+00:00,117.0,official,0.003745318352059925,92.72534332084894,4.195402298850575,2.960919540229885,0.004597701149425287,-0.006260501244044556,0.016298322068491924,,,-0.006260501244044556,0.016298322068491924,82.495703125,30.2105126953125,0.66692138671875,0.045497802734375,0.1735146484375,0.780984619140625,0.45314189453125,0.38851590546058284,0.0672458962571525,3.0,VA,
RepKimSchrier,1080462532815532032,"Rep. Kim Schrier, M.D.",Democrat,2157,16246,134,2697,2019-01-02 13:55:16+00:00,118.0,official,0.0,96.11363636363636,4.103448275862069,2.9080459770114944,0.0,0.010856621430515278,0.020079418539175352,,,0.010856621430515278,0.020079418539175352,75.15259156235511,34.7798331015299,0.32407974038015763,0.04086601761706073,0.1492642559109875,0.8098609179415854,0.41328182661103385,0.36915388905477914,0.07780002577139929,3.0,WA,
RepMarkGreen,1080477288955826176,Rep. Mark Green,Republican,5936,76451,1021,6683,2019-01-02 14:53:54+00:00,118.0,official,0.0687732342007435,82.21654275092936,3.5074037512339586,2.413622902270484,0.11154985192497532,0.05126503461438772,0.039679845253873434,,,0.05126503461438772,0.039679845253873434,75.64777964959568,28.09807614555256,0.7569676549865229,0.08477190026954178,0.11577863881401616,0.7994491239892183,0.07447056940700808,0.6831829928857776,0.11115474053797193,3.0,TN,
repdelgado,1080485692298444800,Congressman Antonio Delgado,Democrat,4104,25250,84,4331,2019-01-02 15:27:18+00:00,116.0,official,0.0,96.3716814159292,4.449275362318841,2.9130434782608696,0.028985507246376812,-0.03597595524975666,0.003917744255799211,,,-0.03597595524975666,0.003917744255799211,86.57285331384016,35.54932992202729,0.36283382066276804,0.03243786549707602,0.15028094541910333,0.8172785087719298,0.45081742202729047,0.42642560876778207,0.04095498980253861,2.0,NY,
RepRiggleman,1080504024695222273,Denver Riggleman,Republican,9154,75006,1813,10603,2019-01-02 16:40:09+00:00,116.0,official,0.015151515151515152,89.1875,4.05188679245283,2.7735849056603774,0.03773584905660377,0.02045581049038562,-0.01070334726175208,,,0.02045581049038562,-0.01070334726175208,59.606384094384964,30.09703845313524,0.41449857985580074,0.054813961109897315,0.16876709635132184,0.7764186148131964,0.18012020974437404,0.8040804097864522,0.05811233427385171,2.0,VA,
RepBillFoster,1080509366,Congressman Bill Foster,Democrat,5358,55920,1004,7746,2013-01-11 18:17:11+00:00,118.0,official,0.0,95.72058823529412,4.088679245283019,2.9245283018867925,0.0037735849056603774,0.035406292729983774,0.049242529817963114,0.0455341119775866,0.05839963935498035,0.04586338627774113,0.059188222068667716,80.3763045912654,26.932566256065698,0.6476147816349385,0.06414669652855542,0.15983240014930944,0.7760087719298244,0.25620298618887644,,,,IL,
RepArmstrongND,1080515866255593472,Congressman Kelly Armstrong,Republican,2177,23279,1011,4314,2019-01-02 17:27:12+00:00,118.0,official,0.0037593984962406013,90.3327067669173,4.078947368421052,2.8105263157894735,0.04736842105263158,0.0007461937714858882,0.006561674533320295,,,0.0007461937714858882,0.006561674533320295,78.94120808451999,27.65219108865411,0.5389205328433624,0.04741203491042719,0.16606017455213595,0.7865314653192467,0.3619407441433165,0.6022493608965623,0.07454915828849341,3.0,ND,
RepDavids,1080516116395499522,Rep. Sharice Davids,Democrat,2599,70246,405,3147,2019-01-02 17:28:11+00:00,118.0,official,0.0,94.90534979423869,4.105882352941176,2.947058823529412,0.0058823529411764705,0.019593075513643376,0.032011945969116495,,,0.019593075513643376,0.032011945969116495,78.28038091573681,33.67744901885341,0.3883570604078492,0.03618122354751827,0.1615617545209696,0.8022566371681417,0.4540090034628703,0.31627222280378803,0.06453050523161609,3.0,KS,
RepUnderwood,1080539438508400642,Rep. Lauren Underwood,Democrat,2840,126686,5520,3639,2019-01-02 19:00:52+00:00,118.0,official,0.005154639175257732,95.11340206185567,4.181818181818182,2.888111888111888,0.0,0.004272306279560885,0.0445209436196733,,,0.004272306279560885,0.0445209436196733,80.74930985915493,33.242278169014085,0.5785669014084507,0.058208802816901405,0.1619693661971831,0.779818309859155,0.3889719366197183,0.25761497252941395,0.060973404236483654,3.0,IL,
RepSherrill,1080569698536878081,Rep. Mikie Sherrill,Democrat,4227,67086,717,4832,2019-01-02 21:01:06+00:00,118.0,official,0.0,95.76847290640394,4.183333333333334,2.933333333333333,0.0,-0.017068109416070468,0.0033139511635075923,,,-0.017068109416070468,0.0033139511635075923,82.85170333569909,30.40800094629761,0.5088526141471493,0.043927135083983916,0.15474946770759404,0.8013174828483558,0.3936707594038325,0.34804214825378793,0.08163292436318192,3.0,NJ,
RepDavidTrone,1080573351914061825,Rep. David Trone,Democrat,4177,18425,1413,5260,2019-01-02 21:15:37+00:00,118.0,official,0.0,95.01785714285714,4.15210355987055,2.9093851132686086,0.0,0.021438781505396118,0.03358277057477361,,,0.021438781505396118,0.03358277057477361,77.4081781182667,30.03027052908786,0.7588771845822361,0.06875005985156811,0.15607589178836484,0.7751738089537945,0.2971380895379459,0.3055219727718664,0.038882750947602115,3.0,MD,
RepMeuser,1080574793630527505,Congressman Dan Meuser,Republican,1766,18692,414,2189,2019-01-02 21:21:21+00:00,118.0,official,0.09056603773584905,78.83584905660378,3.6732673267326734,2.599009900990099,0.12376237623762376,-0.005974452189254491,-0.0051119123953435935,,,-0.005974452189254491,-0.0051119123953435935,85.77567383918459,27.49610985277463,0.42642695356738397,0.061099660249150624,0.1271132502831257,0.8117887882219705,0.1892010758776897,0.6813729978584343,0.033466449896376295,3.0,PA,
RepPressley,1080584229510172678,Congresswoman Ayanna Pressley,Democrat,3718,541193,1041,6969,2019-01-02 21:58:51+00:00,118.0,official,0.0,93.06451612903226,3.901734104046243,2.811175337186898,0.009633911368015413,0.007192202778358526,0.01343538710083048,,,0.007192202778358526,0.01343538710083048,78.78632867132868,19.863071543840775,1.636718665949435,0.09318908015061861,0.12936229155459925,0.7774435180204411,0.10787404518558365,0.0562283478856229,0.0043453330361032,3.0,MA,
RepSylviaGarcia,1080587263132733442,Rep. Sylvia Garcia,Democrat,5988,65361,2881,8350,2019-01-02 22:10:54+00:00,118.0,official,0.0019455252918287938,96.44357976653697,4.0594059405940595,2.854785478547855,0.0033003300330033004,-0.05529698161558785,-0.0543223939306623,,,-0.05529698161558785,-0.0543223939306623,79.302124248497,23.795469271877085,0.5763276553106212,0.04848046092184369,0.13858299933199733,0.812934702738811,0.31311444555778223,0.4785169152265887,0.054438955610141795,2.0,TX,
RepDebHaaland,1080695666760929280,Rep. Deb Haaland,Democrat,3243,112681,1790,4883,2019-01-03 05:21:40+00:00,116.0,official,0.0,93.22589463220676,4.049129353233831,2.8675373134328357,0.0024875621890547263,0.0017758759067813743,0.011071184414413954,,,0.0017758759067813743,0.011071184414413954,76.98020043169905,26.71759481961147,0.5214893617021277,0.05160222016651249,0.1403166820844897,0.8080764724020969,0.24489568300955905,0.08543349978970821,0.015281641599126516,2.0,NM,
RepTorresSmall,1080830346915209216,Archived: Rep. Xochitl Torres Small,Democrat,966,17442,310,1053,2019-01-03 14:16:50+00:00,116.0,official,0.012658227848101266,92.73417721518987,4.2727272727272725,2.909090909090909,0.0,-0.02920911121322669,0.002245920446020055,,,-0.02920911121322669,0.002245920446020055,81.13874741200829,34.94276397515528,0.45851966873706007,0.03881884057971015,0.16773498964803313,0.793435817805383,0.46700527950310555,0.1146286995490602,,1.0,NY,
SenatorSinema,1080844782,Kyrsten Sinema,Democrat,13120,200880,723,16347,2013-01-11 20:31:03+00:00,117.0,official,0.00547645125958379,94.68838992332968,4.276666666666666,2.9683333333333333,0.006666666666666667,-0.07525697249725623,-0.013884281239633745,-0.06111852791911921,-0.03528443117378784,-0.06703085667525101,-0.0008996840552308477,83.76317987804877,29.978733231707317,0.4157538109756097,0.03304702743902439,0.249362118902439,0.7175890243902439,0.39508950457317077,,,,,0.583
RepJoshHarder,1080851152151953410,Rep. Josh Harder,Democrat,3273,22557,594,3711,2019-01-03 15:39:30+00:00,118.0,official,0.0,96.25,4.607390300230947,2.9653579676674364,0.0,0.05131006499228613,0.03347491973929998,,,0.05131006499228613,0.03347491973929998,68.09602505346777,33.88662083715246,0.41958753437213564,0.05331836235869233,0.14451879010082494,0.8021671249618088,0.29045190956309197,0.3860949104604021,0.094784561441046,3.0,CA,
RepRonWright,1080854935535800320,Ron Wright,Republican,1191,10648,338,1322,2019-01-03 15:54:32+00:00,116.0,official,0.020202020202020204,90.9090909090909,3.6666666666666665,2.6296296296296298,0.1111111111111111,0.013589461625254682,-0.0028923285112812075,,,0.013589461625254682,-0.0028923285112812075,81.1557598656591,26.27632241813602,0.6865323257766582,0.05565743073047859,0.15852560873215785,0.7858245172124265,0.34570285474391266,0.907635794661865,0.00723465751292557,2.0,TX,
RepCindyAxne,1080865917377097728,ARCHIVED: Rep. Cindy Axne,Democrat,3555,22081,471,3994,2019-01-03 16:38:10+00:00,117.0,official,0.004640371229698376,93.46867749419954,4.254019292604502,2.807073954983923,0.006430868167202572,-0.011462343344167169,0.013499445894060696,,,-0.011462343344167169,0.013499445894060696,82.57753586497891,26.530638537271447,0.3338818565400844,0.04867032348804501,0.13973755274261604,0.8115893108298171,0.35742441631504923,0.4452715193537999,0.10570512821340995,3.0,IA,
SenatorBraun,1080870981877534720,Senator Mike Braun,Republican,2519,43892,332,4187,2019-01-03 16:58:18+00:00,116.0,official,0.0903954802259887,82.83050847457628,3.43796992481203,2.3778195488721803,0.18233082706766918,0.030757050162270767,0.02071520512301863,,,0.030757050162270767,0.02071520512301863,77.93543072647877,27.24344978165939,0.4604605001984915,0.06288487495037713,0.10558554982135769,0.8315291782453353,0.15171607780865423,0.9498465987975392,0.0333812167654752,3.0,IN,
RepTjCox,1080875913926139910,Congressman TJ Cox,Democrat,1998,8690,894,2367,2019-01-03 17:17:54+00:00,116.0,official,0.0,94.6329365079365,4.205128205128205,2.9076923076923076,0.005128205128205128,-0.08231499254538371,-0.06117851255837407,,,-0.08231499254538371,-0.06117851255837407,82.06024524524524,26.07095095095095,0.5464664664664665,0.048242242242242245,0.13658908908908907,0.8151681681681682,0.30998003003003005,0.3304263568732231,0.027625120358481383,2.0,CA,
RepGregStanton,1080885078425784320,Rep. Greg Stanton,Democrat,2090,13197,1393,2530,2019-01-03 17:54:19+00:00,118.0,official,0.014634146341463415,96.80975609756098,4.092896174863388,2.9453551912568305,0.0,-0.006181264604283913,0.01569628110120379,,,-0.006181264604283913,0.01569628110120379,81.34692822966507,28.031569377990433,0.6387655502392344,0.058473205741626795,0.15550334928229664,0.7860181818181818,0.36185894736842106,0.356695256657285,0.09822541625228993,3.0,AZ,
RepGolden,1080891667308298240,Congressman Jared Golden,Democrat,1528,18033,711,1659,2019-01-03 18:20:30+00:00,118.0,official,0.0,96.48275862068965,4.028368794326241,2.9432624113475176,0.0070921985815602835,0.015438940678503486,0.03326476117935647,,,0.015438940678503486,0.03326476117935647,80.21243455497383,29.330759162303664,0.29452225130890053,0.04308900523560209,0.12823560209424084,0.8286629581151833,0.34347087696335077,0.4432276077202828,0.021058779472883243,3.0,ME,
RepDanCrenshaw,1080894931311431682,Rep. Dan Crenshaw,Republican,1471,698743,140,1794,2019-01-03 18:33:28+00:00,118.0,official,0.0055248618784530384,92.02486187845304,3.825,2.69375,0.0375,0.06142434902160036,0.03997396739609407,,,0.06142434902160036,0.03997396739609407,71.67414004078859,24.27214819850442,0.5464581917063223,0.08321617946974848,0.12406254248810333,0.7927171991842284,0.11400135961930659,0.7340194753540201,0.04920150875520176,3.0,TX,0.333
RepMalinowski,1080898026418384897,Archived: Rep. Tom Malinowski,Democrat,2382,14802,700,2926,2019-01-03 18:45:46+00:00,117.0,official,0.0,96.74421965317919,4.102649006622516,2.910596026490066,0.0,-0.029256314856259923,0.005361410902195672,,,-0.029256314856259923,0.005361410902195672,86.47877413937867,26.201200671704452,0.4929471032745592,0.051244752308984044,0.13399244332493704,0.8147623845507976,0.2903592359361881,0.29030831787637296,0.07821954458735932,3.0,NJ,
RepDMP,1080941062028447744,Rep. Debbie Mucarsel-Powell,Democrat,4661,29681,434,5314,2019-01-03 21:36:46+00:00,116.0,official,0.009569377990430622,95.22647527910686,4.118887015177066,2.9291736930860033,0.0016863406408094434,-0.002205193137671355,-0.003959908655081978,,,-0.002205193137671355,-0.003959908655081978,74.43833512121863,27.729583780304655,0.7412937137953229,0.07885174855181291,0.12024136451405279,0.8009163269684617,0.13436595151255096,0.2467334416738481,0.026728525067011556,2.0,FL,0.5
SenHawleyPress,1080960924687704064,Senator Hawley Press Office,Republican,3102,58977,857,4437,2019-01-03 22:55:42+00:00,116.0,official,0.12090909090909091,79.03090909090909,3.050156739811912,2.193312434691745,0.22570532915360503,0.002914135688284898,0.010835690837883515,,,0.002914135688284898,0.010835690837883515,81.95141199226306,17.431289490651192,0.554993552546744,0.0756595744680851,0.08900709219858156,0.8353301096067053,0.04241989039329465,0.8293468018697404,0.031276192483213026,3.0,MO,
RepBrindisi,1080978331535896576,Rep. Anthony Brindisi,Democrat,2285,12712,209,2424,2019-01-04 00:04:52+00:00,116.0,official,0.02,92.0,4.199004975124378,2.9402985074626864,0.01990049751243781,-0.03510029707585843,-0.007320735809989041,,,-0.03510029707585843,-0.007320735809989041,80.25515536105033,23.13042013129103,0.42932166301969366,0.04746301969365427,0.15967746170678337,0.7928608315098468,0.41383317286652077,0.5507583276372737,0.03390850999270992,2.0,NY,
RepGilCisneros,1080986167003230208,Rep. Gil Cisneros,Democrat,2456,9981,463,2848,2019-01-04 00:36:00+00:00,116.0,official,0.001984126984126984,95.20138888888889,4.067622950819672,2.9241803278688523,0.0020491803278688526,-0.023857368509860137,-0.005228185412451637,,,-0.023857368509860137,-0.005228185412451637,80.63194218241041,24.456722312703583,0.7079926710097719,0.05485016286644951,0.14619584690553747,0.7989621335504886,0.33885195439739413,0.3343718605508132,0.03556087347869896,2.0,CA,
RepKatiePorter,1081222837459996672,Rep. Katie Porter,Democrat,3101,1298038,98,3367,2019-01-04 16:16:27+00:00,118.0,official,0.0,95.23241206030151,3.9973684210526317,2.8657894736842104,0.0,0.05348016780279059,0.054723232974842266,,,0.05348016780279059,0.054723232974842266,73.64382134795227,33.3367397613673,0.557994195420832,0.0707571751048049,0.12911931634956467,0.800128990648178,0.20983466623669786,0.2076150832177426,0.05688054421858117,3.0,CA,
RepKirkpatrick,1081240074946252801,Rep. Ann Kirkpatrick,Democrat,3805,10791,620,4414,2019-01-04 17:24:57+00:00,116.0,official,0.0031914893617021275,94.46063829787234,4.0234375,2.941105769230769,0.001201923076923077,0.03086872206619949,0.04983900124671634,,,0.03086872206619949,0.04983900124671634,75.57009986859396,27.87990538764783,0.5846544021024968,0.062334559789750325,0.14358764783180025,0.7940688567674112,0.26974583442838374,0.37426332997969747,0.0977409134678443,7.0,AZ,0.5
RepMichaelGuest,1081243468327018496,Congressman Michael Guest,Republican,1559,12091,781,2206,2019-01-04 17:38:26+00:00,118.0,official,0.028169014084507043,81.32159624413146,3.4759036144578315,2.4096385542168677,0.060240963855421686,0.046918478835275564,0.04192301724531341,,,0.046918478835275564,0.04192301724531341,81.86846055163566,27.568755612572165,0.579397049390635,0.07387876844130853,0.14849005772931367,0.7776318152661963,0.21457645926876204,0.7094340196257131,0.04143463936602881,3.0,MS,
RepFinkenauer,1081256295469068288,ARCHIVED Congresswoman Abby Finkenauer,Democrat,1123,11336,32,1232,2019-01-04 18:29:24+00:00,116.0,official,0.0,92.54166666666667,4.3076923076923075,2.826923076923077,0.0,0.0024103072760546323,0.028553425360623125,,,0.0024103072760546323,0.028553425360623125,80.60911843276936,24.462813891362423,0.3702671415850401,0.04980142475512021,0.15335084594835263,0.7968557435440784,0.37723161175422976,0.4282567297159181,0.006695746806793404,2.0,IA,
RepJohnRose,1081312310059253763,Congressman John Rose,Republican,1475,16354,433,1685,2019-01-04 22:11:59+00:00,118.0,official,0.1,80.22666666666667,3.8496240601503757,2.526315789473684,0.06015037593984962,0.009352528558820784,-0.0015657706339562592,,,0.009352528558820784,-0.0015657706339562592,81.91466440677966,26.857674576271187,0.6289423728813559,0.05495796610169492,0.15407389830508475,0.7909694915254237,0.3223055593220339,0.4208877265596815,0.015395672237242744,2.0,TN,
RepCarolMiller,1081318716573470720,Rep. Carol Miller,Republican,1651,13358,318,2281,2019-01-04 22:37:26+00:00,118.0,official,0.0,88.96153846153847,4.140845070422535,2.7746478873239435,0.028169014084507043,0.023543165709465505,0.012295048155500253,,,0.023543165709465505,0.012295048155500253,77.52950938824955,28.786196244700182,0.6410963052695337,0.045696547546941246,0.20098122350090852,0.7533192004845548,0.46207874015748035,0.6299960530501445,0.08491098330926804,3.0,WV,0.75
RepEdCase,1081350574589833221,Rep. Ed Case,Democrat,2370,8200,161,2564,2019-01-05 00:44:02+00:00,118.0,official,0.0,92.26415094339623,4.4907407407407405,3.0,0.0,-0.09298737802839313,-0.04024592486273464,,,-0.09298737802839313,-0.04024592486273464,81.39159915611815,32.49300843881857,0.3127552742616034,0.036273417721518986,0.11970337552742616,0.8440299578059072,0.31151729957805907,0.29414752882721834,0.028525621124943237,3.0,HI,
RepJahanaHayes,1082086081238102018,Jahana Hayes,Democrat,4703,44253,258,5324,2019-01-07 01:26:40+00:00,118.0,official,0.0,93.50746268656717,4.182857142857143,2.92,0.0,-0.03779670768743022,-0.007913939065550317,,,-0.03779670768743022,-0.007913939065550317,82.74091643631724,23.764699128216034,0.4672868381883904,0.036947692961939185,0.14095789921326812,0.822086753136296,0.3329338932596215,0.108880955704111,0.04792077304286533,3.0,CT,
RepJohnJoyce,1082311988926124036,"John Joyce, M.D.",Republican,1657,15934,295,1882,2019-01-07 16:24:21+00:00,118.0,official,0.011494252873563218,89.09913793103448,3.8105263157894735,2.6315789473684212,0.06315789473684211,0.016047631455382537,0.015230345536906933,,,0.016047631455382537,0.015230345536906933,82.9990706095353,25.391508750754376,0.5761315630657815,0.06105310802655402,0.15893542546771272,0.7800102595051298,0.3278223898611949,0.7257742227419216,0.0756555027041487,3.0,PA,
JakeLaTurner,1082329240681492481,Jake LaTurner,Republican,574,2690,427,645,2019-01-07 17:32:54+00:00,117.0,official,0.011363636363636364,79.8465909090909,3.265625,2.3125,0.125,0.05119111449836075,-0.009736476408179269,,,0.05119111449836075,-0.009736476408179269,72.78787456445993,25.037839721254354,0.7310627177700348,0.05563066202090592,0.17607491289198607,0.7682665505226481,0.4144594076655052,,,,KS,
Ilhan,1082334352711790593,Rep. Ilhan Omar,Democrat,3437,1298265,467,4537,2019-01-07 17:53:13+00:00,118.0,official,0.0063025210084033615,95.02310924369748,3.873601789709172,2.8042505592841165,0.015659955257270694,0.04282528455719018,0.04503941137023248,,,0.04282528455719018,0.04503941137023248,78.26033168460867,22.812851323828923,1.0409019493744545,0.09456881000872855,0.11342158859470468,0.792007564736689,0.04237163223741636,0.08855849055841018,0.013440724955419729,3.0,MN,
RepGregPence,1082369392229400576,Rep. Greg Pence,Republican,1391,12993,306,1577,2019-01-07 20:12:27+00:00,118.0,official,0.03636363636363636,88.96363636363637,4.0344827586206895,2.689655172413793,0.10344827586206896,-0.0369474679228711,-0.04843223716380424,,,-0.0369474679228711,-0.04843223716380424,85.96245866283249,25.41586628324946,0.6791085549964054,0.0392077641984184,0.17538533429187636,0.7854126527677929,0.4782373831775701,0.5875385145142195,0.0814464833350083,3.0,IN,
RepLucyMcBath,1082380458976051202,Rep. Lucy McBath,Democrat,1724,56336,576,1929,2019-01-07 20:56:25+00:00,118.0,official,0.0,94.91071428571429,3.9361702127659575,2.893617021276596,0.0,0.021186214275594376,0.00913598393049928,,,0.021186214275594376,0.00913598393049928,77.28399651972157,25.83277842227378,0.7621461716937356,0.06232308584686774,0.18930800464037123,0.7483590487238979,0.4111534222737819,0.3018262186366029,0.07732155612207675,3.0,GA,
RepWaltzPress,1082416697380913152,Congressman Waltz Press,Republican,2768,22324,575,3828,2019-01-07 23:20:25+00:00,118.0,official,0.026402640264026403,89.39603960396039,3.8372641509433962,2.641509433962264,0.04716981132075472,-0.0480272331707026,-0.04326088657063206,,,-0.0480272331707026,-0.04326088657063206,84.39071531791907,23.582062861271677,0.5775903179190751,0.05660874277456648,0.15450686416184972,0.7888789739884394,0.31405762283236993,0.7087561835632054,0.045065183387103115,3.0,FL,
RepChuyGarcia,1082427779583541248,Congressman Chuy García,Democrat,4927,32774,2811,9361,2019-01-08 00:04:27+00:00,118.0,official,0.0,94.53504043126685,4.067415730337078,2.8735955056179776,0.0,-0.05470962296152877,-0.050564132792802086,,,-0.05470962296152877,-0.050564132792802086,79.64536634869089,24.38359447939923,0.7032027603003856,0.05706515120763142,0.1242833367160544,0.8186468439212502,0.22773915161355793,0.0577218069307098,0.023356603645505573,3.0,IL,
RepChipRoy,1082790600292925440,Rep. Chip Roy Press Office,Republican,5070,168620,152,8338,2019-01-09 00:06:11+00:00,118.0,official,0.11044520547945205,80.65946061643835,3.0557929724596393,2.214624881291548,0.2611585944919278,0.01602327096346043,0.0025705357650761514,,,0.01602327096346043,0.0025705357650761514,79.40968047337279,22.391609467455623,0.5237396449704143,0.0685069033530572,0.10321893491124261,0.8282749506903354,0.06331658777120316,0.6332946696348002,0.04396429218822373,3.0,TX,
RepGregSteube,1083125649609506816,Congressman Greg Steube,Republican,2555,67068,622,3074,2019-01-09 22:17:33+00:00,118.0,official,0.09394572025052192,79.18997912317327,3.350109409190372,2.334792122538293,0.16192560175054704,0.02945099592401949,0.025375580358556957,,,0.02945099592401949,0.025375580358556957,78.99612133072407,25.226661448140902,0.7128297455968688,0.08193111545988259,0.11898317025440314,0.7990868884540117,0.08797835616438356,0.8920958518794458,0.0606225812529383,3.0,FL,
RepFilemonVela,1083448909,US Rep. Filemon Vela,Democrat,2043,18262,501,2610,2013-01-12 16:24:06+00:00,117.0,official,0.0,96.84134615384616,4.109170305676856,2.9344978165938866,0.008733624454148471,-0.06210366302802509,-0.03043015322633257,-0.0672052480023701,-0.045516498413153264,-0.05824909289211059,-0.026047894416868646,83.91211943220753,25.630861478218307,0.613220753793441,0.04331669114047968,0.15370582476749878,0.8029696524718551,0.32424836025452763,0.4118132039686293,0.019769752508338335,8.0,TX,
RepCasten,1083472286089396224,Rep. Sean Casten,Democrat,5616,32352,3560,8782,2019-01-10 21:14:57+00:00,118.0,official,0.0013458950201884253,95.3728129205922,4.062146892655368,2.889830508474576,0.00423728813559322,0.01907064531856635,0.04133054139978189,,,0.01907064531856635,0.04133054139978189,79.29493589743589,29.46680021367521,0.45241631054131054,0.0654446225071225,0.1275133547008547,0.8070445156695157,0.20249018874643873,0.21525057982214024,0.06538515803173221,3.0,IL,0.417
RepHagedorn,1083474782602125318,Congressman Jim Hagedorn,Republican,2630,7996,275,3096,2019-01-10 21:24:53+00:00,117.0,official,0.025688073394495414,87.95779816513762,3.4597402597402596,2.4675324675324677,0.10649350649350649,-0.0026801525774241526,0.02137832906385783,,,-0.0026801525774241526,0.02137832906385783,82.95191254752852,24.639927756653993,0.38587832699619773,0.05789695817490494,0.1433296577946768,0.7987756653992396,0.2838668441064639,0.7451994108848804,0.052463116231993935,2.0,MN,
RepJimBaird,1086316494450032640,Congressman Jim Baird,Republican,1048,9325,511,1356,2019-01-18 17:36:49+00:00,118.0,official,0.0,89.66666666666667,3.9206349206349205,2.6825396825396823,0.047619047619047616,-0.006746997951602655,0.008344854265935377,,,-0.006746997951602655,0.008344854265935377,83.00374045801527,27.820333969465647,0.5636832061068703,0.04342652671755726,0.17422423664122136,0.7823549618320611,0.41004055343511453,0.6970810141364098,0.03997124585937859,3.0,IN,
RepAndyBarr,1089334250,Rep. Andy Barr,Republican,4933,30594,1261,6415,2013-01-14 15:29:49+00:00,118.0,official,0.014957264957264958,89.11645299145299,3.78125,2.7109375,0.0625,-0.02673526295632168,-0.007102935074090536,-0.018678206541060047,-0.008958606641565127,-0.011057446231108247,0.008813426158762069,86.64522400162173,28.142181228461382,0.5316926819379688,0.047506385566592334,0.1475655787553213,0.8049260085140888,0.28856878167443745,0.7919732450603271,0.09987162300553906,9.0,KY,
RepRaulRuizMD,1089859058,"Congressman Raul Ruiz, M.D.",Democrat,4408,28799,288,5471,2013-01-14 18:58:43+00:00,118.0,official,0.0014388489208633094,96.29748201438849,4.054108216432866,2.9138276553106213,0.006012024048096192,-0.013263101062162668,0.014422629107201646,-0.01681580969173615,-0.01275059753610401,-0.017105289059877887,0.01184170287178203,81.05277676950999,27.62740245009074,0.6698502722323049,0.05308393829401089,0.15817649727767694,0.7887490925589836,0.37037050816696915,0.35945323739315027,0.06136757126928316,9.0,CA,
RepRossSpano,1090328229548826627,Former Congressman Ross Spano,Republican,1065,4190,570,1594,2019-01-29 19:18:02+00:00,116.0,official,0.029850746268656716,84.0223880597015,3.55,2.533333333333333,0.13333333333333333,-0.00022521716710517954,-0.0031777521306511074,,,-0.00022521716710517954,-0.0031777521306511074,79.34327699530516,25.747906103286386,0.43689201877934275,0.04058403755868545,0.14556713615023473,0.8138469483568075,0.3506790610328639,0.7969063846679223,0.03909499360174098,2.0,FL,
SenatorCardin,109071031,Senator Ben Cardin,Democrat,10516,260207,3464,14547,2010-01-27 22:03:53+00:00,117.0,official,0.0,93.588,4.1924398625429555,2.906071019473081,0.004581901489117984,0.021837655828833062,0.027510572394865634,0.00819060908815203,0.011047706902842614,0.017836548320967403,0.028389216734982275,78.22041745910992,25.90443324457969,0.7709870673259794,0.0636891403575504,0.14192554203119057,0.7943888360593381,0.2108173830353747,,,,,
SenatorShaheen,109287731,Sen. Jeanne Shaheen,Democrat,13607,129760,2839,15541,2010-01-28 15:22:44+00:00,117.0,official,0.0005321979776476849,96.79856306546036,4.167087807959571,2.7713202779532535,0.0006317119393556538,-0.002595479213693539,0.01829609750530616,-0.042955609664718876,-0.02078071197400106,-0.0010948574268720142,0.020955798043015315,83.88762254721834,24.988890277063277,0.6203380612919821,0.06831990887043433,0.1766922907327111,0.7549912545013595,0.3255381053869332,,,,,0.596
RepCheri,1092979962,Archive: Rep. Cheri Bustos,Democrat,6765,33902,4304,8384,2013-01-15 19:15:03+00:00,117.0,official,0.002336448598130841,91.44061526479751,4.398760330578512,2.9173553719008263,0.0,0.009498465029790817,0.012049623598213599,0.014171032249610038,0.025512996057161317,0.008890868291574993,0.016861076715926623,80.82878935698449,29.802416851441244,0.5023577235772357,0.047678935698447895,0.16367627494456763,0.7886415373244642,0.37491652623798966,,,,,
EliseStefanik,109579534,Elise Stefanik,Republican,12330,642891,2075,18838,2010-01-29 14:56:38+00:00,116.0,official,0.061683599419448475,85.04571843251088,3.402446126965638,2.3995340710541644,0.1834595224228305,-0.03360205238846381,-0.04876482777251083,-0.044890207848396556,-0.0595541854210811,-0.025776327680505334,-0.043255066708442855,84.02273317112734,24.58272424979724,0.6664387672343877,0.05685628548256286,0.16506642335766422,0.7780763990267641,0.28848417680454175,0.7164766282648901,0.06541574722188165,7.0,NY,
SenatorRisch,1096059529,Jim Risch,Republican,2545,116097,447,4342,2013-01-16 18:58:23+00:00,117.0,official,0.0036900369003690036,90.50738007380073,4.0561224489795915,2.7653061224489797,0.01020408163265306,-0.00869039665096046,-0.00439707740838977,0.04508335398528076,0.0313980296635501,-0.005659638911638266,-0.00038637856428206285,83.96553241650295,27.731335952848724,0.4540628683693516,0.04281414538310413,0.16391434184675835,0.7932660117878193,0.3508205500982318,,,,,
MartinHeinrich,1099199839,Martin Heinrich,Democrat,8970,207534,691,11102,2013-01-17 20:24:19+00:00,117.0,official,0.0,95.36883356385431,4.044252288911496,2.9008138351983725,0.001017293997965412,0.012412521883942762,0.030849800551269277,-0.062395630918441594,-0.019687204444804544,0.033329850210835614,0.04392906106277305,80.38509587513934,27.512889632107022,0.4898974358974359,0.06094035674470457,0.13845908584169456,0.8006020066889632,0.22213938684503903,,,,,
TTuberville,110798061,Tommy Tuberville,Republican,1538,77323,744,3327,2010-02-02 20:26:31+00:00,,,0.16,78.86,2.9655172413793105,2.1379310344827585,0.25862068965517243,-0.04210683080864372,-0.08752513650970177,-0.1005637042003665,-0.14323246472644405,0.030022416003384154,-0.015356138829751141,80.23163849154746,29.39877763328999,0.4121911573472042,0.03294993498049415,0.19329063719115736,0.7737633289986996,0.3710676202860858,,,,AL,
Boozman4AR,111671288,John Boozman,Republican,1544,6308,690,2780,2010-02-05 19:18:28+00:00,116.0,official,0.06944444444444445,82.63888888888889,3.4310344827586206,2.4310344827586206,0.1724137931034483,0.0050888238175786,-0.022044693427766063,0.0461304930143766,0.0797902601783572,0.07088542218281818,0.025724402015909854,77.31053108808291,25.31913860103627,0.5755181347150259,0.042568005181347145,0.207264896373057,0.7501625647668394,0.4005972797927461,,,,,
MichelleSteelCA,1122934522134315009,Michelle Steel,Republican,1511,14732,251,1615,2019-04-29 18:43:47+00:00,117.0,official,0.02491103202846975,88.59252669039147,3.7904191616766467,2.740518962075848,0.033932135728542916,0.035938355573868125,0.01696365910554179,,,0.035938355573868125,0.01696365910554179,74.81542686962277,28.048060886829916,0.650397088021178,0.07437723362011912,0.14898213103904698,0.7766360026472535,0.2168325612177366,,,,CA,
TonyGonzales4TX,1124044084669288450,Tony Gonzales,Republican,2720,18764,169,4910,2019-05-02 20:12:48+00:00,117.0,official,0.025362318840579712,83.29347826086956,3.4372294372294374,2.4025974025974026,0.06926406926406926,0.03310311095894629,-0.0017091635166402587,,,0.03310311095894629,-0.0017091635166402587,76.63005516734093,32.00176167708716,0.4905921294593601,0.06957977941176471,0.1418595588235294,0.7885488970588236,0.186565625,0.45120527330673116,0.08019477124709182,5.0,TX,
womack4congress,112651673,Steve Womack,Republican,378,2277,270,799,2010-02-09 07:30:30+00:00,116.0,official,0.0,92.825,3.6666666666666665,2.7037037037037037,0.1111111111111111,-0.021882262151366877,-0.06155663650257189,-0.058592490272308916,-0.0712901425326055,0.03170319969324646,-0.027187901542343646,78.14320105820106,26.655793650793647,0.5766402116402116,0.026910052910052912,0.21216666666666667,0.7609153439153439,0.42284285714285713,,,,,
RepRonKind,112740986,Archive: Rep. Ron Kind,Democrat,2175,19198,763,2559,2010-02-09 15:14:02+00:00,117.0,official,0.0,94.88779527559055,4.2109375,2.9296875,0.0234375,0.004545633074822169,0.01322178271390588,-0.0018848309889252087,0.0172763536033945,0.005533060875943212,0.012460620532386876,80.24014252873563,32.3456091954023,0.6132873563218392,0.04668413793103448,0.17248367816091953,0.7808422988505748,0.3880072183908046,,,,,0.75
TeresaForNM,1128147829606600706,Teresa Leger Fernandez,Democrat,1875,18429,11956,2447,2019-05-14 03:59:37+00:00,117.0,official,0.0,96.17241379310344,4.0,2.9224806201550386,0.0,0.016202644566184567,-0.0021334613965110416,,,0.016202644566184567,-0.0021334613965110416,68.71170666666667,31.28717333333333,0.58824,0.04653653333333333,0.17242613333333331,0.7810522666666666,0.40108250666666667,,,,NM,
RepDavidValadao,1128514404,Rep. David Valadao,Republican,1650,22946,487,1970,2013-01-28 16:19:14+00:00,118.0,official,0.0,90.21551724137932,3.8863636363636362,2.75,0.022727272727272728,-0.05595441635493119,-0.03687457953003406,-0.05852153928875838,-0.03718605443949285,-0.03675916273564675,-0.017544864497014572,84.8430606060606,26.920927272727273,0.5662181818181818,0.044488484848484854,0.15862727272727273,0.796869696969697,0.33660054545454543,0.705721703683254,0.08101515700152008,7.0,CA,
EdMarkey,1129029661,Ed Markey,Democrat,5600,229865,3189,7277,2013-01-28 19:40:18+00:00,116.0,official,0.001890359168241966,93.21266540642722,4.106753812636166,2.8649237472766886,0.008714596949891068,0.0021041317470175016,-0.006657868812133012,-0.08255947534491424,-0.09125456170494729,0.029129261933865735,0.01982662058912718,77.79098571428571,24.50357142857143,0.9024107142857143,0.07044553571428572,0.15394875000000002,0.7756080357142857,0.24877317857142855,,,,,
JoeManchinWV,113355380,Joe Manchin,Democrat,719,19951,40,899,2010-02-11 14:02:47+00:00,116.0,official,0.0,93.32843137254902,4.191489361702128,2.9574468085106385,0.0,-0.014843893926127727,-0.04025036708901896,-0.0012481812499620295,-0.026913194526277107,,,79.79663421418637,24.64183588317107,0.368692628650904,0.041279554937413074,0.1496954102920723,0.809019471488178,0.29573018080667596,,,,,
VoteMeijer,1134953735980036096,Peter Meijer,Republican,797,12242,1132,907,2019-06-01 22:43:51+00:00,117.0,official,0.08333333333333333,95.16666666666667,4.166666666666667,2.9166666666666665,0.0,0.029660420043512114,-0.0012089901680560299,,,0.029660420043512114,-0.0012089901680560299,71.79967377666247,33.137352572145545,0.5394479297365119,0.06039523212045169,0.16708908406524464,0.7725081555834379,0.23026775407779174,,,,MI,
RepScottPeters,1135486501,Rep. Scott Peters,Democrat,10951,29752,1138,13502,2013-01-30 23:28:14+00:00,118.0,official,0.0,95.21653543307086,4.392107472712007,2.90512174643157,0.0008396305625524769,-0.024380394567732548,0.010340459105567433,-0.05494911057988284,-0.03826640276542668,-0.010123307760750135,0.021853662765227197,82.63810063007944,25.064935622317595,0.5751173408821112,0.05450388092411652,0.16034042553191488,0.7851530453839831,0.29484245274404164,0.345161607967978,0.03377822586220184,9.0,CA,0.875
RepFredKeller,1136060761422405633,Congressman Fred Keller,Republican,3178,16438,713,4078,2019-06-05 00:02:47+00:00,116.0,official,0.04864864864864865,84.72567567567567,3.8192307692307694,2.6653846153846152,0.1076923076923077,-0.000844583580522622,0.009582846452176472,,,-0.000844583580522622,0.009582846452176472,84.06295468848333,24.51677784770296,0.40166456891126495,0.04701762114537445,0.13418722466960353,0.8187942101950914,0.2944302391441158,0.6579837158264353,0.09053888832708486,3.0,PA,
MacThornberry,1137590713,Mac Thornberry,Republican,228,879,2,239,2013-01-31 18:21:11+00:00,116.0,official,0.0,89.35483870967742,3.7058823529411766,2.6470588235294117,0.0,0.06257895956981022,0.04112590821378988,0.1440527676849434,0.11079948289361748,,,82.6684649122807,28.270657894736843,0.4067982456140351,0.045219298245614034,0.17300000000000001,0.7817719298245615,0.3220293859649123,0.625719010187881,0.08110963848105349,8.0,TX,
MikeKellyforPA,113763245,Mike Kelly for Congress,Republican,277,2638,1605,447,2010-02-12 23:43:53+00:00,117.0,official,0.06382978723404255,82.22340425531915,3.2857142857142856,2.3142857142857145,0.17142857142857143,-0.024432364122259288,-0.057482982948954216,-0.12639646937917956,-0.15224187399340014,0.06127588348041769,0.0026716484360352673,81.43173285198556,28.290252707581224,0.6135379061371841,0.03724187725631769,0.19776895306859207,0.764985559566787,0.4312234657039711,0.7910830777197798,0.07411930701631528,9.0,PA,
JamaalBowmanNY,1138076821533155328,Jamaal Bowman Ed.D,Democrat,6226,342880,2463,10072,2019-06-10 13:33:53+00:00,117.0,official,0.0,93.99045138888889,3.8436911487758945,2.775894538606403,0.007532956685499058,0.05054441280224553,0.02039829443542149,,,0.05054441280224553,0.02039829443542149,66.74910200803212,25.236615261044175,0.6919293172690764,0.06615820751686476,0.15404208159331834,0.7797974622550594,0.20707410857693545,,,,NY,
RepDWStweets,1140648348,Rep. Debbie Wasserman Schultz,Democrat,5607,19834,2398,7416,2013-02-01 20:31:25+00:00,118.0,official,0.0009380863039399625,94.47772045028142,4.1319514661274015,2.890798786653185,0.0010111223458038423,0.016581172264804173,0.014775397010242332,-0.022147356434804834,-0.0051716947747668385,0.009351895407073088,0.010443619688701422,79.58922240057072,24.815041911895843,0.9011200285357589,0.08526038879971465,0.15021348314606742,0.7645329052969502,0.1682896557874086,0.25840373111784776,0.05830100974174133,9.0,FL,0.473
brettguthrie,114607567,Brett Guthrie,Republican,544,6609,217,780,2010-02-16 01:12:14+00:00,116.0,official,0.04,88.38,3.4285714285714284,2.4761904761904763,0.2857142857142857,0.004429109442599922,-0.01892329274190184,0.002498125551348294,-0.012395551160926452,0.030167751610684915,-0.03184888560410631,83.88573529411764,28.95012867647059,0.37696691176470587,0.04360110294117647,0.15533639705882352,0.8010625,0.2718108455882353,,,,,
Risch4Idaho,1148757025012277249,Jim Risch for US Senate,Republican,57,1298,630,235,2019-07-10 00:53:12+00:00,116.0,official,0.0,92.91666666666667,4.0,3.0,0.0,0.016216775106111657,-0.021004007239059427,,,0.016216775106111657,-0.021004007239059427,81.55140350877194,22.490877192982456,0.15000000000000002,0.018122807017543863,0.184,0.7979122807017545,0.3521561403508772,,,,,
barrforcongress,115186195,Andy Barr,Republican,1377,5433,1483,1575,2010-02-17 22:04:29+00:00,116.0,official,0.019464720194647202,83.90267639902676,3.431547619047619,2.3988095238095237,0.07738095238095238,0.034128699633741225,0.012440509983427864,-0.030633700332273583,-0.05021806661151046,0.03900624000457954,0.010216707194870736,78.36801016702978,29.138322440087148,0.5365286855482934,0.06708569353667393,0.16414088598402324,0.7687763253449528,0.28937668845315906,,,,,
BillHagertyTN,1152598802873880576,Bill Hagerty,Republican,5736,33417,281,7678,2019-07-20 15:19:03+00:00,117.0,official,0.23591212989493793,77.7440305635148,3.1505958829902494,2.211267605633803,0.26868905742145177,0.059030481503268215,0.023463660052947255,,,0.059030481503268215,0.023463660052947255,69.99613319386332,24.337899232914925,0.6169874476987448,0.05300662482566248,0.1732370990237099,0.7737588912133891,0.30372775453277545,,,,TN,
RepDonaldPayne,1155335864,"Congressman Donald M. Payne, Jr.",Democrat,6463,30150,1519,7880,2013-02-06 22:52:35+00:00,118.0,official,0.001303780964797914,94.06975228161669,4.111256544502618,2.884816753926702,0.0013089005235602095,-0.033834742886266866,-0.019847161983396935,0.0024620899623119296,0.016961192153913285,-0.05486252789466044,-0.05033048056328483,82.64299087111249,22.587956057558408,0.6475243694878539,0.06403001701995978,0.14050796843571095,0.7954575274640261,0.2110660529166022,0.21193062218788172,0.04746839744349447,9.0,NJ,
collinpeterson,115676070,Collin Peterson,Democrat,104,4428,589,193,2010-02-19 14:27:10+00:00,116.0,official,0.0,96.0,4.0,3.0,0.0,0.020137562199249448,0.025144899758983087,,,,,75.87221153846154,22.056923076923077,0.33240384615384616,0.029586538461538463,0.19056730769230767,0.7798846153846154,0.43435769230769233,0.6405370986476905,0.06502073478151663,8.0,MN,
DWStweets,115979444,Debbie Wasserman Schultz,Democrat,9776,338417,953,12188,2010-02-20 17:35:01+00:00,116.0,official,0.0011363636363636363,95.07964015151515,3.3632697378625718,2.471692259965876,0.2182410423452769,0.03230945488117865,0.0027647231070377664,-0.0062411847631381615,-0.03568176533699673,0.04146303311327985,0.01765798065343456,74.27697217675941,26.144790302782326,0.6264310556464812,0.06178273322422259,0.16579756546644844,0.7724215425531915,0.24603128068739769,0.25840373111784776,0.05830100974174133,9.0,FL,0.473
FischbachMN7,1159929043816460288,Michelle Fischbach,Republican,1519,9202,903,2061,2019-08-09 20:46:49+00:00,117.0,official,0.07009345794392523,86.50700934579439,3.5919540229885056,2.5229885057471266,0.14367816091954022,0.027274844727874753,-0.019550285979524722,,,0.027274844727874753,-0.019550285979524722,79.35132982225149,22.061507570770242,0.4466293614219881,0.0356899275839368,0.20500065832784728,0.7593087557603687,0.4898626069782752,,,,MN,
RogerWicker,11650762,Roger Wicker,Republican,3903,15673,84,4258,2007-12-30 05:22:57+00:00,116.0,official,0.006944444444444444,93.37673611111111,3.7080745341614905,2.590062111801242,0.037267080745341616,0.04926760293793085,0.04400113956210377,0.059280202078451756,0.062407003017294495,0.05607046163579071,0.046043342356747056,77.1320266461696,25.490707148347425,0.4409966692287984,0.03916756341275942,0.16200973610043556,0.7988152703048936,0.30543028439661796,,,,,
SteveDaines,11651202,Steve Daines,Republican,6998,88936,668,9210,2007-12-30 05:52:03+00:00,117.0,official,0.002355712603062426,88.17550058892814,4.119155354449472,2.755656108597285,0.04524886877828054,-0.0018262012432829701,-0.0027157789239075584,-0.03946339345690633,-0.02713513710790989,0.026455542926420536,0.014293703157122965,83.19648470991712,26.646557587882253,0.5879622749356959,0.05208831094598457,0.16572506430408687,0.7821869105458702,0.276437539296942,,,,,
StevenPalazzo,116616867,Steven Palazzo,Republican,330,2764,752,635,2010-02-23 02:53:10+00:00,116.0,official,0.15,84.575,3.3846153846153846,2.3461538461538463,0.2692307692307692,0.04555321681421006,0.011179310919079947,0.049472464840905575,0.02054263391292638,0.02587233669018576,-0.01622768945050768,78.33609090909091,31.057030303030302,0.4336969696969697,0.05287272727272727,0.15435454545454544,0.7927666666666666,0.24108727272727273,,,,,
RepGregMurphy,1173978070535024642,"Congressman Greg Murphy, M.D.",Republican,1935,18207,406,2473,2019-09-17 15:13:06+00:00,118.0,official,0.031545741324921134,80.198738170347,3.324626865671642,2.3171641791044775,0.07835820895522388,0.01721894912309729,0.0050403309983716015,,,0.01721894912309729,0.0050403309983716015,76.87161757105943,27.70214470284238,0.7931421188630491,0.08121550387596899,0.13249974160206718,0.7862775193798449,0.13503834625322997,0.6247243160769557,0.06878280553745596,3.0,NC,0.25
SenatorCantwell,117501995,Sen. Maria Cantwell,Democrat,9029,255480,2222,10614,2010-02-25 19:21:52+00:00,117.0,official,0.0,96.52159896840747,4.183514774494557,2.9455676516329703,0.0,0.005903794609809659,0.04075708882494322,-0.07819982482720554,-0.0342857674112766,0.0040299596733861685,0.04018245848906169,83.42079521541699,24.8357736183409,0.4073009192601617,0.05654679366485768,0.13998837080518328,0.8034663860892679,0.25118062908406247,,,,,
RepDanBishop,1176522535531360257,Rep. Dan Bishop,Republican,2470,81153,613,4488,2019-09-24 15:43:47+00:00,118.0,official,0.0975609756097561,80.03135888501743,3.1387900355871885,2.281138790035587,0.24555160142348753,0.05066152847360766,0.027526752277853086,,,0.05066152847360766,0.027526752277853086,71.34542914979757,21.834927125506074,0.7186882591093118,0.08353643724696357,0.10802024291497976,0.8084336032388664,0.05345773279352227,0.6131434628603442,0.1236221148032847,3.0,NC,0.33
GrassleyWorks,118740781,Grassley Works,Republican,2702,9777,1715,3670,2010-03-01 16:23:49+00:00,115.0,campaign,0.026627218934911243,88.27218934911242,4.022556390977444,2.691729323308271,0.045112781954887216,-0.02859743262890821,-0.04249580671773247,,,-0.018507233892582423,-0.03690328737465739,83.45954108068098,17.620048112509252,0.45201702442635083,0.039565136935603255,0.1355840118430792,0.8248523316062177,0.2337177646188009,,,,,
LisaForCongress,1187551973173796866,Lisa McClain,Republican,598,5705,124,713,2019-10-25 02:10:42+00:00,117.0,official,0.06666666666666667,84.9,3.7096774193548385,2.6129032258064515,0.0967741935483871,-0.02337853365644788,-0.059061062690953396,,,-0.02337853365644788,-0.059061062690953396,80.25596989966556,26.20247491638796,0.32653846153846156,0.04797324414715719,0.18179264214046822,0.7702207357859532,0.45920150501672247,,,,MI,
Mfume4Congress,1191327658124165123,Kweisi Mfume,Democrat,462,3506,203,511,2019-11-04 12:13:50+00:00,117.0,official,0.0,95.49333333333334,4.073170731707317,2.951219512195122,0.0,-0.11182852218374664,-0.14192772580281923,,,-0.11182852218374664,-0.14192772580281923,82.56119047619048,20.035606060606064,0.9379220779220779,0.028766233766233766,0.1881233766233766,0.7830952380952382,0.466037012987013,0.2456291438506219,0.13669666630419994,2.0,MD,
CarolynBMaloney,119250381,Carolyn B. Maloney,Democrat,6550,33441,5578,8743,2010-03-03 02:55:17+00:00,116.0,official,0.004166666666666667,93.28479166666666,3.9821272885789014,2.8378378378378377,0.00959023539668701,0.023469603987909277,-0.0034318294561125335,-0.0692546860953058,-0.08258248009629689,0.0274531048343578,0.0014373137320820098,73.03430992366413,27.378218320610685,0.6589832061068702,0.058234809160305344,0.16649923664122138,0.775259389312977,0.273544320610687,0.2161727079304527,0.06555300134274546,9.0,NY,1.0
SenatorLoeffler,1200451909406121984,Senator Kelly Loeffler,Republican,1085,77542,110,1278,2019-11-29 16:30:25+00:00,116.0,official,0.10135135135135136,80.02702702702703,2.984,2.128,0.24,0.012470152865755556,0.005148127100860187,,,0.012470152865755556,0.005148127100860187,82.49170506912442,19.766682027649768,0.8025529953917051,0.053537327188940095,0.17803133640552996,0.7684350230414746,0.437246267281106,0.9042939032919473,,1.0,GA,
laurenboebert,1201670995435646976,Lauren Boebert,Republican,6618,2266132,1307,7642,2019-12-03 01:14:36+00:00,117.0,official,0.29745042492917845,70.84490084985836,2.5118694362017804,1.8857566765578635,0.4421364985163205,0.10898813530469019,0.050981802903110704,,,0.10898813530469019,0.050981802903110704,61.504514959202176,29.454942580840132,0.604637352674524,0.07329676639468116,0.1139729525536416,0.8127304321547295,0.07200554548201873,,,,CO,
RonnyJacksonTX,1201953403099893760,Ronny Jackson,Republican,3620,593407,343,4259,2019-12-03 19:56:45+00:00,117.0,official,0.28781512605042014,71.61344537815125,2.421545667447307,1.8126463700234192,0.4613583138173302,0.03943929374947677,-0.016879316796345644,,,0.03943929374947677,-0.016879316796345644,62.140419889502766,29.20986464088398,0.9688011049723757,0.10664337016574585,0.12700276243093922,0.7663582872928177,0.01693552486187845,,,,TX,
DerekKilmer,120518554,Derek Kilmer,Democrat,1138,2565,276,1229,2010-03-06 17:44:32+00:00,116.0,official,0.0,94.85579514824798,4.027355623100304,2.8753799392097266,0.00303951367781155,0.0409001251359497,0.027075296349118917,-0.03602769890452121,-0.06040242333624286,0.033560792678238194,0.022066099169319037,75.71718804920914,29.618769771529003,0.6121089630931459,0.04508435852372583,0.17922144112478033,0.7756985940246046,0.44470079086115993,,,,,
Victoria_Spartz,1205364420,Victoria Spartz,Republican,241,11566,112,494,2013-02-21 16:28:01+00:00,117.0,official,0.05555555555555555,90.08333333333333,4.0,2.8461538461538463,0.07692307692307693,0.015642127841334473,-0.027610715780740407,,,0.015642127841334473,-0.027610715780740407,83.97900414937759,29.599751037344397,0.39630705394190874,0.025377593360995848,0.2307759336099585,0.7438547717842324,0.5730016597510373,,,,IN,
CawthornforNC,1207874097251639296,Madison Cawthorn,Republican,1927,529408,261,2940,2019-12-20 04:03:30+00:00,117.0,official,0.23636363636363636,72.79545454545455,2.7403846153846154,2.0,0.3076923076923077,0.09096554687813063,0.03449125899813207,,,0.09096554687813063,0.03449125899813207,65.41354436948625,32.30487285936689,0.865412558380903,0.08790866632070576,0.12740581214322783,0.7846813700051893,0.08641214322781525,,,,NC,
SteveScalise,1209417007,Steve Scalise,Republican,8659,598969,1148,14459,2013-02-22 18:10:47+00:00,118.0,official,0.021296296296296296,87.8951388888889,3.61663179916318,2.569037656903766,0.08786610878661087,0.01068417597825418,0.005025640302863455,-0.042858532792145715,-0.02767329724216342,0.025985614208662605,-0.011750144234449665,80.9845074488971,22.951391615660008,0.5223559302459868,0.06407887746852986,0.16338006698233054,0.7725363205912923,0.20225720060053123,0.6236374902845565,0.09765810205392014,9.0,LA,
Kat_Cammack,1214912699311837184,Kat Cammack,Republican,1322,42803,763,2371,2020-01-08 14:12:31+00:00,117.0,official,0.2878787878787879,71.72727272727273,2.873015873015873,2.0317460317460316,0.38095238095238093,0.03398393448483414,-0.014542273580315063,,,0.03398393448483414,-0.014542273580315063,74.54085476550681,28.692617246596065,0.5625491679273827,0.05166111951588503,0.15765809379727685,0.7906853252647504,0.34757375189107415,,,,FL,
ReverendWarnock,1221242033530195970,Reverend Raphael Warnock,Democrat,4333,1232683,958,4745,2020-01-26 01:24:46+00:00,117.0,official,0.0017730496453900709,94.13297872340425,3.97289972899729,2.8672086720867207,0.0,0.06693911062543742,0.042704922052109344,,,0.06693911062543742,0.042704922052109344,69.11767028399908,32.49882244285384,0.6808427614869546,0.04420609277636741,0.15952827140549272,0.7962566351257788,0.3223785598892222,,,,GA,
WydenForOregon,122124607,Wyden for Oregon,Democrat,162,3638,2218,344,2010-03-11 17:33:48+00:00,116.0,official,0.0,95.35714285714286,3.909090909090909,2.8181818181818183,0.0,0.048716674958427165,0.03358608298376868,0.03516785933828072,0.04190596460405328,0.08340216746922957,0.05668220350080114,80.6987037037037,31.93111111111111,0.4226543209876543,0.059086419753086414,0.14184567901234568,0.7990555555555555,0.2422351851851852,,,,,
repdinatitus,122174004,Dina Titus,Democrat,12864,45744,2001,17400,2010-03-11 21:05:31+00:00,118.0,official,0.011235955056179775,93.27247191011236,4.059274193548387,2.8943548387096776,0.010483870967741936,-0.031047689275406666,-0.011686877734406792,-0.12380748871231735,-0.10288156669185283,-0.01139142010517601,0.00913123692970702,83.82727767412936,24.624507929104475,0.560986473880597,0.04949875621890547,0.16144278606965176,0.7890596237562189,0.3059668221393035,0.2744944891903838,0.05204400300419557,9.0,NV,
RepCardenas,1222257180,Rep. Tony Cárdenas,Democrat,7003,28570,3167,11068,2013-02-26 16:12:35+00:00,118.0,official,0.005500550055005501,95.27667766776678,4.004395604395604,2.874175824175824,0.007692307692307693,0.0053277271345774715,0.001904883499639535,-0.008179230746534484,-0.007810204841958047,0.009084967713217613,0.008768257563437486,74.58587748107954,28.921910609738685,0.5896715693274311,0.05461659288876196,0.14693731258032272,0.7984439525917464,0.256036170212766,0.25754537037184666,0.06484252598464389,9.0,CA,
Harris4Congress,122713203,Andy Harris,Republican,58,1199,49,64,2010-03-13 16:46:35+00:00,116.0,official,0.0,97.88461538461539,4.375,2.75,0.0,-0.05158160787870925,-0.046013347513079464,-0.04576198048840526,-0.04818234736092878,,,81.04120689655173,29.997758620689652,0.21,0.011551724137931034,0.15200000000000002,0.836448275862069,0.2680913793103448,0.803472228918192,0.054834981847309804,9.0,MD,
DHarshbargerTN1,1237911282440982528,Diana Harshbarger,Republican,414,10215,689,641,2020-03-12 01:20:53+00:00,117.0,official,0.07692307692307693,76.73076923076923,3.1,2.1,0.2,0.049085105047272856,0.0016292058299443412,,,0.049085105047272856,0.0016292058299443412,74.03149758454107,24.09683574879227,0.6235748792270532,0.04232850241545894,0.21206763285024155,0.7455893719806763,0.37849371980676333,,,,TN,
RogerMarshallMD,1240107944,Dr. Roger Marshall,Republican,5006,46879,1360,7913,2013-03-03 23:50:35+00:00,117.0,official,0.04895104895104895,84.67395104895105,3.328918322295806,2.3796909492273732,0.16556291390728478,0.017480557169846433,-0.001011094542112622,,,0.0303559199609507,0.010375275629666317,78.2431422293248,27.075633240111866,0.5256811825809029,0.04941989612465042,0.15464902117459048,0.7959286855773072,0.27374870155813025,0.8657454615640319,0.03301139597985055,5.0,KS,
RepFredUpton,124224165,Rep. Fred Upton,Republican,5796,36509,2014,8657,2010-03-18 17:34:35+00:00,117.0,official,0.010309278350515464,91.84123711340206,4.022388059701493,2.8383084577114426,0.05472636815920398,-0.04172634518102835,-0.022421902473423044,-0.11663686365505094,-0.07444633674943016,-0.012265885128040187,-0.010884067967710638,83.71160628019324,24.96866287094548,0.34540545203588685,0.03899896480331263,0.15386801242236023,0.8071338854382333,0.33042351621808147,,,,,
RepBrownley,1243902714,Congresswoman Julia Brownley,Democrat,6348,21954,1068,8777,2013-03-05 14:51:28+00:00,118.0,official,0.0,95.9283088235294,4.144186046511628,2.883720930232558,0.0,0.0049483813603052726,0.02870654885180609,-0.021414127788620767,0.007914393823742386,0.013382163520220926,0.035228737789264816,80.01594360428481,28.30183049779458,0.7521030245746693,0.057059861373660994,0.15190469439193446,0.7910351291745431,0.3088941713925646,0.2775283510115584,0.05331823814124858,9.0,CA,
RitchieTorres,1247612029,Ritchie Torres,Democrat,4526,140195,9421,9615,2013-03-07 00:58:26+00:00,117.0,official,0.002127659574468085,91.81489361702128,4.02676399026764,2.9099756690997567,0.0,-0.007369099956291704,-0.0036490199636582013,-0.05210841501707254,-0.06709294578840196,0.013056160474384642,-0.0005945134180554659,83.21850640742377,25.20437914273089,0.7295757843570482,0.07261643835616438,0.13120260715863896,0.7961776403004861,0.1360702607158639,0.1146286995490602,,1.0,NY,
ScottFranklinFL,1247958910025203712,Scott Franklin,Republican,135,1204,102,160,2020-04-08 18:51:47+00:00,117.0,official,0.0,78.11363636363636,3.409090909090909,2.3181818181818183,0.045454545454545456,0.09040344409890964,0.04717879381741756,,,0.09040344409890964,0.04717879381741756,70.78422222222223,29.977777777777778,1.4273333333333333,0.06797777777777778,0.20321481481481482,0.7288148148148148,0.3437014814814815,,,,FL,
ElectConnolly,125706625,Gerry Connolly,Democrat,1212,3949,588,1924,2010-03-23 16:15:45+00:00,116.0,official,0.0,95.0,3.972972972972973,2.864864864864865,0.0,-0.01801826150997611,-0.046873206739212,-0.024752062074272337,-0.06449113141289634,-0.007561132012272934,-0.025652340086427684,83.21230198019802,27.327277227722774,0.4308415841584158,0.04756765676567657,0.1571344884488449,0.7952978547854785,0.2907739273927393,,,,,
chiproytx,1257667158,Chip Roy,Republican,27236,231419,879,52385,2013-03-10 18:36:29+00:00,116.0,official,0.1945392491467577,80.07913822525597,2.9715960324616773,2.149233543733093,0.25788999098286747,0.049670568394691805,0.006890405804461373,0.016497749521170058,-0.006124463165685826,0.05537753409212257,0.011643217388895904,67.35787964458804,22.645242693493902,0.4324445586723454,0.055699478631223376,0.15625117491555296,0.7880494198854456,0.1574204178293435,0.6332946696348002,0.04396429218822373,3.0,TX,0.75
RepJuanVargas,1260172386,Rep. Juan Vargas,Democrat,3115,28068,482,3961,2013-03-11 19:04:01+00:00,118.0,official,0.004081632653061225,95.23469387755102,4.123853211009174,2.8577981651376145,0.0045871559633027525,-0.012101197724269066,-0.003010130213704609,-0.09398026278900773,-0.06446635610319056,0.008010608972970217,0.014621078500402361,81.84140609951847,27.098860353130014,0.9582247191011236,0.05627094703049759,0.16198266452648477,0.7817444622792937,0.2970679293739968,0.2667074584690986,0.0524024411336193,9.0,CA,
Abby4Iowa,1262017122,Abby Finkenauer,Democrat,3697,53163,672,4799,2013-03-12 13:51:32+00:00,116.0,official,0.0030581039755351682,93.21559633027523,4.0,2.7439446366782008,0.010380622837370242,0.04616862438446764,-0.01538615028076136,,,0.04278793907724855,-0.020702916766776932,65.92798214768732,32.94388423045712,0.4927481741952935,0.05628212063835542,0.15979794427914526,0.7839112794157425,0.32899926967811743,0.4282567297159181,0.006695746806793404,2.0,IA,
SenBrianSchatz,1262099252,Senator Brian Schatz,Democrat,1960,55875,1205,2467,2013-03-12 14:23:20+00:00,117.0,official,0.0,95.54401408450704,4.027237354085603,2.922178988326848,0.0,0.019939121068361543,0.04975750887587975,-0.026122530190443267,0.022410955283653954,0.03578304864864362,0.0690674458777162,78.13044897959183,23.856714285714286,0.5340357142857143,0.05558673469387755,0.13601530612244897,0.8083892857142857,0.2401461224489796,,,,,
RepMikeGarcia,1262531473057423361,Rep. Mike Garcia,Republican,1892,12225,525,2199,2020-05-18 23:54:00+00:00,118.0,official,0.018518518518518517,86.56481481481481,3.625,2.532608695652174,0.08152173913043478,0.0076866100276179955,0.019078599722587703,,,0.0076866100276179955,0.019078599722587703,79.5960042283298,30.15735200845666,0.6232452431289641,0.07390750528541226,0.1312732558139535,0.7948287526427061,0.18761041226215647,0.4785169152265887,0.054438955610141795,2.0,CA,
pallonefornj,1265423480,"Frank Pallone, Jr.",Democrat,2182,3801,1687,2339,2013-03-13 20:49:49+00:00,116.0,official,0.0022271714922048997,95.93986636971047,3.8618266978922717,2.8173302107728335,0.0,-0.04076685417752082,-0.06076972274626324,-0.14156103746829307,-0.13154958590409643,0.05230055174032823,0.014901477056296434,82.33758020164987,23.141182401466544,0.4171952337305224,0.04109211732355637,0.15603803849679193,0.8028620531622365,0.3082495417048579,0.2548542822689905,0.06766301474328186,9.0,NJ,
RepTiffany,1267841066335682562,Rep. Tom Tiffany,Republican,767,11614,767,1105,2020-06-02 15:30:54+00:00,118.0,official,0.07692307692307693,80.78846153846153,3.176056338028169,2.316901408450704,0.2323943661971831,0.04385109693045886,0.028171813543747214,,,0.04385109693045886,0.028171813543747214,79.22080834419818,25.988513689700127,0.538122555410691,0.08795436766623208,0.0938109517601043,0.8182242503259453,-0.022866753585397654,0.6755388031504648,0.1368061819635732,2.0,WI,0.3
PeteOlson,12726012,Pete Olson,Republican,1889,11406,2811,2162,2008-01-26 18:38:31+00:00,116.0,official,0.029850746268656716,87.02849389416554,3.3478964401294498,2.3980582524271843,0.16990291262135923,0.0467144110574175,0.026711983715170265,0.041352802525766195,0.030936152591689227,0.04411847597494429,0.009000940019360741,76.85645314981471,24.020026469031233,0.7094494441503442,0.06877077818951825,0.18820434092112232,0.7430269984118582,0.2742630492323981,0.8889512264003745,0.08311671978069993,8.0,TX,
RepJamesComer,1274852794206388225,Rep. James Comer,Republican,955,44004,224,2355,2020-06-21 23:52:56+00:00,118.0,official,0.054945054945054944,78.62637362637362,3.2027027027027026,2.2567567567567566,0.14864864864864866,0.013526388209671645,0.028218455030128528,,,0.013526388209671645,0.028218455030128528,87.9200942408377,17.393287958115184,0.5857696335078534,0.08839057591623037,0.09458010471204188,0.8170335078534032,-0.011177277486910994,0.6355310247781436,0.10315617416118632,6.0,KY,
RepKweisiMfume,1276209702322438148,Kweisi Mfume,Democrat,803,4822,674,953,2020-06-25 17:44:54+00:00,118.0,official,0.0,94.95614035087719,4.027777777777778,2.9166666666666665,0.0,-0.012406105466328567,-0.017967420233661865,,,-0.012406105466328567,-0.017967420233661865,82.99992528019925,26.902839352428394,0.8497384806973849,0.05323536737235367,0.16030510585305105,0.7864533001245331,0.3618275217932752,0.2456291438506219,0.13669666630419994,2.0,MD,
RepRitchie,1276403757224546304,Rep. Ritchie Torres,Democrat,1376,29070,1009,1936,2020-06-26 06:36:14+00:00,118.0,official,0.0,91.23529411764706,4.171052631578948,2.9473684210526314,0.0,-0.03316779508948728,-0.01617521126837925,,,-0.03316779508948728,-0.01617521126837925,86.46630813953489,24.184505813953486,0.6296438953488372,0.06929578488372093,0.1312252906976744,0.799484738372093,0.2002199854651163,0.1146286995490602,,1.0,NY,
DavidRouzer,127941167,David Rouzer,Republican,1357,3118,1340,1541,2010-03-30 17:36:09+00:00,116.0,official,0.01276595744680851,88.52553191489362,3.4652777777777777,2.4097222222222223,0.1388888888888889,-0.032752580925888536,-0.029832277289120086,-0.07030500853907097,-0.06880246253742048,-0.015854039670530864,-0.028434709956905425,81.22136330140015,27.09839351510685,0.29483419307295505,0.04145173176123802,0.1477855563743552,0.8107818717759764,0.25222048636698596,0.8456153358241846,0.09597031578731398,7.0,NC,
SchatzforHawaii,1284467173,Team Schatz,Democrat,160,1173,1628,221,2013-03-20 22:41:07+00:00,115.0,campaign,0.0,92.5,4.230769230769231,2.923076923076923,0.0,-0.017184872451909868,-0.011690017164668871,-0.05239797097117093,-0.03683276945812584,-0.07533958431302812,-0.05502318436846265,87.055875,26.300375000000003,0.26037499999999997,0.01368125,0.15523125,0.8310875,0.336865625,,,,,
McGovernMA,128664931,Jim McGovern,Democrat,1911,8515,592,3005,2010-04-01 20:37:40+00:00,116.0,official,0.0,94.48453608247422,3.994475138121547,2.8011049723756907,0.011049723756906077,-0.002270600031400423,-0.031521813248015375,0.017017748039429986,-0.0085376990678306,0.02589834069372935,-0.011958470803448596,79.06207853403141,28.787675392670156,0.5342670157068063,0.0499047619047619,0.17426425954997385,0.7758226059654632,0.30844939822082684,,,,,
SenRandPaul,1298624375692894210,Senator Rand Paul,Republican,710,106951,155,1078,2020-08-26 14:12:42+00:00,114.0,official,0.1391304347826087,76.11304347826086,2.096296296296296,1.6,0.5555555555555556,0.007416602815237653,0.013421499499019359,,,0.007416602815237653,0.013421499499019359,81.75811267605634,26.505633802816902,0.4199014084507042,0.05485633802816901,0.11689999999999999,0.8282478873239437,0.20383183098591548,,,,,
MorganGriffith,130714799,Morgan Griffith,Republican,834,2647,107,1431,2010-04-08 02:52:42+00:00,116.0,official,0.04,86.22,4.115384615384615,2.6923076923076925,0.11538461538461539,-0.03092253847270396,-0.07061312951898487,-0.08619781785716935,-0.11474162939408429,-0.010355631442196485,-0.05500037763913327,88.61224220623501,36.00333333333333,0.20470023980815347,0.025574340527577937,0.2045107913669065,0.7699196642685852,0.4602943645083933,,,,,0.344
TeamCMR,130733698,Cathy McMorris Rodgers,Republican,1024,3139,1018,1402,2010-04-08 04:15:54+00:00,116.0,official,0.026217228464419477,90.1067415730337,3.7525252525252526,2.7373737373737375,0.08585858585858586,0.01976475030728703,0.0033949778724622474,-0.11502039166866761,-0.140974148282343,0.06794653177638742,0.05402438434778171,79.451455078125,29.220068359375,0.500810546875,0.0345322265625,0.1963486328125,0.7691171875,0.44314375,0.6776365874584305,0.0455259126524226,9.0,WA,0.5
RepLynch,130901013,Stephen F. Lynch,Democrat,530,4631,250,629,2010-04-08 17:34:25+00:00,116.0,official,0.0,95.3,4.447368421052632,3.0,0.0,-0.055639704683633835,-0.0815839966884292,-0.05996148184369038,-0.08576148367707634,0.0567257412022872,0.02737824134901089,83.51266037735849,27.62888679245283,0.3560566037735849,0.022577358490566038,0.1933566037735849,0.7840584905660377,0.37832245283018867,,,,,
SenRickScott,131546062,Rick Scott,Republican,18345,435690,1272,24269,2010-04-10 16:03:04+00:00,116.0,official,0.038817005545286505,87.58256315465188,3.8107221006564553,2.6575492341356672,0.06455142231947483,-0.08462574927035516,-0.07692463537600391,-0.06769089203157591,-0.04517893824594466,-0.06562887733516976,-0.08454510680349736,82.85009157808666,22.682182611065688,0.6480839465794495,0.06474870536931045,0.1363724175524666,0.798879749250477,0.1814258272008722,0.9099841087205852,0.08522927393536703,3.0,FL,0.428
SenatorHick,1318728336923787264,Senator John Hickenlooper,Democrat,1897,36845,400,2154,2020-10-21 01:38:38+00:00,117.0,official,0.0,96.14928909952607,4.191358024691358,2.9691358024691357,0.0,0.014190312167931124,0.024156321944668234,,,0.014190312167931124,0.024156321944668234,75.10726793248945,29.154293248945148,0.5010232067510548,0.04809541381128097,0.16295466526093833,0.7889457037427517,0.332722983658408,,,,CO,0.75
JohnCornyn,13218102,Senator John Cornyn,Republican,31209,365770,12988,55006,2008-02-07 19:52:55+00:00,117.0,official,0.015081730335049219,94.8998690508444,3.8824804856895057,2.794882914137034,0.03536667630336321,-0.02981527752264187,-0.016155958665289884,-0.019917092416540574,-0.01386186572593352,-0.01646472207763047,-0.0009620313248134243,83.30286936460637,22.42197603255471,0.5011592809766413,0.07748191226889678,0.09682126950559133,0.8256967220993945,0.04649917011118588,,,,,0.541
SenatorBarb,132278386,Barbara Mikulski,Democrat,3811,49602,241,4643,2010-04-12 20:06:38+00:00,114.0,official,0.0,92.72900763358778,4.426356589147287,2.9612403100775193,0.0,0.033674949330788975,0.04884379694528383,0.028735208826846763,0.04181136699245607,,,82.01488848071372,34.583901863028075,0.7070506428758855,0.0669089477827342,0.17494017318289162,0.7581508790343742,0.2780376541590134,0.14741610759345816,0.010002664464553423,4.0,MD,
SenMarkKelly,1324926274888888320,Senator Mark Kelly,Democrat,1390,138413,1,1622,2020-11-07 04:12:32+00:00,117.0,official,0.0033222591362126247,95.88039867109634,4.149484536082475,2.9587628865979383,0.0,0.0041815535539271005,0.02237011474315322,,,0.0041815535539271005,0.02237011474315322,76.51970503597123,26.876942446043163,0.4855323741007194,0.04462230215827338,0.1578546762589928,0.7975179856115108,0.40039287769784176,0.44425261619491596,0.06287490026967797,2.0,AZ,
RepMariaSalazar,1325928411689349120,Rep. María Elvira Salazar,Republican,1361,42778,412,2130,2020-11-09 22:29:20+00:00,118.0,official,0.0,91.0625,3.9056603773584904,2.7358490566037736,0.03773584905660377,-0.18558929611294686,-0.18935480005129052,,,-0.18558929611294686,-0.18935480005129052,84.86041146216017,15.131058045554738,0.630940484937546,0.05283688464364438,0.13622997795738426,0.8109368111682586,0.2479060984570169,0.6238455553915678,,1.0,FL,
RepAuchincloss,1330278736554582016,Rep. Jake Auchincloss,Democrat,899,17038,215,1305,2020-11-21 22:35:59+00:00,118.0,official,0.0,94.43055555555556,3.896551724137931,2.8620689655172415,0.0,0.026822042316718742,0.03175261022720116,,,0.026822042316718742,0.03175261022720116,77.85507230255841,28.775695216907675,0.4164516129032258,0.05132258064516129,0.1431646273637375,0.8054927697441602,0.3058324805339266,0.1506391312914703,,1.0,MA,
AdamSchiff,133028836,Adam Schiff,Democrat,2467,626109,832,2355,2010-04-14 20:51:27+00:00,116.0,official,0.0,94.05555555555556,3.870967741935484,2.795698924731183,0.0,0.07179819881493597,0.02067862700444051,,,0.06751154857922051,0.00750195957136443,68.1831820024321,22.47036076205918,0.8021280907985407,0.09827239562221321,0.11941305229023104,0.7823226591001216,0.042675962707742196,,,,,0.5
RepKManning,1337115670161608712,Congresswoman Kathy Manning,Democrat,1505,6247,805,1999,2020-12-10 19:23:42+00:00,118.0,official,0.006578947368421052,94.3717105263158,4.41044776119403,2.970149253731343,0.0,-0.01856069125069984,0.006850423482473478,,,-0.01856069125069984,0.006850423482473478,87.28082392026577,30.096950166112958,0.5945847176079735,0.05037408637873754,0.16693355481727576,0.7826897009966778,0.38860950166112956,0.2613859036303911,,1.0,NC,0.5
RepBlakeMoore,1337452596093587462,Congressman Blake Moore,Republican,909,8025,409,1243,2020-12-11 17:42:41+00:00,118.0,official,0.0,92.25352112676056,4.2,2.783333333333333,0.0,-0.0007190094678994148,-0.004431383882227427,,,-0.0007190094678994148,-0.004431383882227427,79.11562156215622,30.541903190319033,0.5072277227722772,0.033875687568756876,0.1866930693069307,0.7794224422442244,0.4549535753575357,,,,UT,
RepBarryMoore,1339006078688825344,Rep. Barry Moore,Republican,1448,9715,706,2167,2020-12-16 00:35:16+00:00,118.0,official,0.05161290322580645,82.31935483870967,3.220472440944882,2.2913385826771653,0.13385826771653545,0.029878412377684165,0.0012127670033537123,,,0.029878412377684165,0.0012127670033537123,78.17447513812155,26.46514502762431,0.7540331491712706,0.08147720994475138,0.13501519337016576,0.7835069060773481,0.14137368784530388,,,,AL,
RepBethVanDuyne,1339633259349745670,Congresswoman Beth Van Duyne,Republican,2473,30842,1346,3054,2020-12-17 18:07:41+00:00,118.0,official,0.021052631578947368,81.84842105263158,3.684734513274336,2.588495575221239,0.05088495575221239,0.029455949483765394,0.025114521692340203,,,0.029455949483765394,0.025114521692340203,79.16201779215528,27.72515568135867,0.4948564496562879,0.06709300444803881,0.12954306510311364,0.8033513950667206,0.15131989486453698,0.6310771841171078,,1.0,TX,
RepRobinKelly,1339931490,Robin Kelly,Democrat,5766,35516,10868,6936,2013-04-09 19:02:01+00:00,118.0,official,0.0048,92.7068,4.054006968641115,2.8257839721254356,0.008710801393728223,0.022679249671127236,0.024525415815822824,-0.010648924682075601,0.010229957050214851,0.018478828201806595,0.022716637613079637,77.3162764481443,27.650424904613253,0.6098491155046826,0.07378616024973986,0.150860908775581,0.7753581338883108,0.2034099722511273,0.25969853340457527,0.048545657131032476,9.0,IL,
RepAshleyHinson,1340783304304410625,Ashley Hinson,Republican,2648,24685,658,3199,2020-12-20 22:17:12+00:00,118.0,official,0.010498687664041995,87.71916010498688,3.5454545454545454,2.5054545454545454,0.08727272727272728,0.02263067845505129,0.02539506241473628,,,0.02263067845505129,0.02539506241473628,81.55724697885196,28.780641993957705,0.48987160120845924,0.06802983383685801,0.13722432024169184,0.7947466012084592,0.20726166918429,,,,IA,
RepJerryCarl,1341091420439015424,Rep. Jerry Carl,Republican,774,6968,779,1041,2020-12-21 18:41:55+00:00,118.0,official,0.1346153846153846,78.0,3.3076923076923075,2.3076923076923075,0.17307692307692307,0.0477324917430769,0.02994418870345031,,,0.0477324917430769,0.02994418870345031,74.39860465116278,28.03434108527132,0.5203100775193799,0.06531007751937984,0.16729069767441862,0.7674005167958656,0.21532622739018087,,,,AL,
RepPfluger,1341120751399809026,Rep. August Pfluger,Republican,1636,13270,714,2943,2020-12-21 20:40:01+00:00,118.0,official,0.04924242424242424,84.48484848484848,3.4139344262295084,2.4549180327868854,0.13524590163934427,0.0222603436327529,0.01107756248499531,,,0.0222603436327529,0.01107756248499531,78.02655256723716,23.539498777506115,0.7053973105134475,0.0880262836185819,0.14102444987775062,0.7709394865525673,0.0957721271393643,0.6673123299700874,,1.0,TX,
RepRonnyJackson,1341903465610686464,Ronny Jackson,Republican,847,27002,135,1033,2020-12-24 00:29:18+00:00,118.0,official,0.04938271604938271,79.0246913580247,3.289855072463768,2.3043478260869565,0.10144927536231885,0.020583808723950936,-0.006050183044050786,,,0.020583808723950936,-0.006050183044050786,73.21044864226683,31.478465171192443,0.795926800472255,0.10283353010625737,0.13134946871310507,0.7658134592680047,0.08060070838252656,0.8583621518049412,,1.0,TX,
RepBoebert,1342989756611907584,Rep. Lauren Boebert,Republican,1397,846874,338,1666,2020-12-27 00:24:52+00:00,118.0,official,0.08823529411764706,83.56862745098039,3.0434782608695654,2.2282608695652173,0.21739130434782608,0.0305460615866356,0.01716942083885304,,,0.0305460615866356,0.01716942083885304,74.79198997852541,26.370071581961344,0.7738797423049391,0.08079026485325698,0.12501288475304223,0.7941989978525412,0.12221646385110953,0.7533667495394413,,1.0,CO,
RepPatFallon,1343258042704527362,Rep. Pat Fallon,Republican,1905,27862,574,2610,2020-12-27 18:11:28+00:00,118.0,official,0.07746478873239436,75.49295774647888,3.045112781954887,2.1578947368421053,0.19548872180451127,0.057862771961597365,0.044447392872329676,,,0.057862771961597365,0.044447392872329676,71.87097112860893,30.020971128608924,0.4645721784776903,0.08683779527559055,0.09738950131233595,0.8157795275590551,-0.014854593175853019,0.6929410032008925,,1.0,TX,
RepMarieNewman,1343578440977494018,Former Congresswoman Marie Newman,Democrat,2183,49565,377,2658,2020-12-28 15:24:22+00:00,117.0,official,0.003663003663003663,95.11721611721612,4.0242914979757085,2.8785425101214575,0.004048582995951417,-0.015245899122324979,0.0015021542041023695,,,-0.015245899122324979,0.0015021542041023695,81.59552450755841,27.40072377462208,0.7230737517178195,0.05561841502519469,0.14009115895556573,0.8042963811268896,0.31717617956939986,,,,IL,
RepNancyMace,1343597700542038017,Rep. Nancy Mace,Republican,2424,111524,1281,3455,2020-12-28 16:41:08+00:00,118.0,official,0.02575107296137339,89.27896995708154,4.012345679012346,2.6790123456790123,0.08024691358024691,-0.011786446736902446,-0.024545181256417546,,,-0.011786446736902446,-0.024545181256417546,77.4245998349835,29.4406600660066,0.4317780528052805,0.05371823432343234,0.1443184818481848,0.8019698844884489,0.2679300742574257,0.5862721084185104,,1.0,SC,
RepBourdeaux,1343620645452595200,Rep. Carolyn Bourdeaux,Democrat,2136,7249,118,2300,2020-12-28 18:11:43+00:00,117.0,official,0.0,97.10195530726257,4.0,2.9386973180076628,0.0,0.020803917458126556,0.030777410551466607,,,0.020803917458126556,0.030777410551466607,80.85076310861423,33.61419007490637,0.49831928838951317,0.04486001872659176,0.16403745318352062,0.7910945692883895,0.4061944288389513,,,,GA,
RepTonyGonzales,1343627416120532992,Rep. Tony Gonzales,Republican,2109,14248,696,2624,2020-12-28 18:39:06+00:00,118.0,official,0.0,88.21164021164022,3.6802721088435373,2.5850340136054424,0.04081632653061224,-0.004238159401140663,0.008167282792589386,,,-0.004238159401140663,0.008167282792589386,82.62401137980086,34.475429113323855,0.47680891417733523,0.06624893314366999,0.13237174016121386,0.8013769559032717,0.22696491228070176,0.4671255847605257,,1.0,TX,
RepStricklandWA,1343646545955213312,Congresswoman Marilyn Strickland,Democrat,1453,7801,766,2029,2020-12-28 19:54:50+00:00,118.0,official,0.0,92.95833333333333,4.042857142857143,2.842857142857143,0.0,-0.04452143805693278,-0.02521742884588677,,,-0.04452143805693278,-0.02521742884588677,84.89905024088092,25.775505849965587,0.665264969029594,0.043529249827942186,0.1563331039229181,0.8001293874741913,0.4421874053682037,0.1686392420103602,,1.0,WA,
RepMaryMiller,1343656635907125250,Rep. Mary Miller,Republican,1409,85423,923,2084,2020-12-28 20:35:13+00:00,118.0,official,0.16428571428571428,77.34285714285714,2.8582089552238807,2.082089552238806,0.3358208955223881,0.060012613818215585,0.038456524059509,,,0.060012613818215585,0.038456524059509,71.10738821859475,24.190340667139818,0.6674095102909865,0.10275088715400994,0.10973101490418737,0.7875074520936834,-0.03391227821149752,,,,IL,
RepFranklin,1343664721384398849,Congressman Scott Franklin,Republican,1052,8165,255,1263,2020-12-28 21:06:58+00:00,118.0,official,0.00641025641025641,83.6474358974359,3.493150684931507,2.4726027397260273,0.11643835616438356,0.0012561053963326251,-0.0027723970757024337,,,0.0012561053963326251,-0.0027723970757024337,82.59296577946769,26.122861216730037,0.6813973384030418,0.060718631178707225,0.157712927756654,0.7815636882129278,0.27889591254752855,0.7489769293771781,,1.0,FL,
RepCarlos,1343679195034103808,Rep. Carlos A. Gimenez,Republican,1514,15735,305,2011,2020-12-28 22:04:32+00:00,118.0,official,0.0,84.94827586206897,3.618181818181818,2.536363636363636,0.03636363636363636,-0.011194348773318223,-0.034823845784950465,,,-0.011194348773318223,-0.034823845784950465,78.93308454425363,26.513335535006608,0.7126948480845442,0.07565059445178335,0.134610964332893,0.7897344782034346,0.1801163143989432,,,,FL,
RepSteel,1343740146630451200,Rep. Michelle Steel,Republican,1619,18931,245,1962,2020-12-29 02:06:41+00:00,118.0,official,0.018018018018018018,87.77327327327328,3.792452830188679,2.7264150943396226,0.04716981132075472,0.00876536097037313,0.015292808723248614,,,0.00876536097037313,0.015292808723248614,79.49373069796171,27.78431747992588,0.8587770228536132,0.06544718962322421,0.14188449660284128,0.7926683137739344,0.23351630636195184,0.5057315041335761,,1.0,CA,
RepDonaldsPress,1343968646050283522,Congressman Byron Donalds,Republican,2401,161885,409,3774,2020-12-29 17:14:49+00:00,118.0,official,0.1276595744680851,78.25886524822695,3.0277777777777777,2.1481481481481484,0.28703703703703703,-0.027825266825862935,-0.044377151191820445,,,-0.027825266825862935,-0.044377151191820445,84.08262390670554,23.167388588088297,0.6999750104123282,0.06953602665556018,0.13206122448979593,0.7984127446897127,0.17424139941690964,0.802001989137315,,1.0,FL,
RepLisaMcClain,1344032292432437248,Representative Lisa McClain,Republican,2401,23478,491,2831,2020-12-29 21:28:39+00:00,118.0,official,0.017948717948717947,86.17820512820512,3.7255434782608696,2.608695652173913,0.059782608695652176,0.050849271236162535,0.03289893818956169,,,0.050849271236162535,0.03289893818956169,76.09694710537276,27.9617159516868,0.598850478967097,0.07966763848396502,0.11959100374843815,0.8007401082882133,0.10888971261974179,0.6633373032033232,,1.0,MI,
RepBice,1344260196227555334,Rep. Stephanie Bice,Republican,1329,16758,774,1770,2020-12-30 12:33:17+00:00,118.0,official,0.02857142857142857,84.57142857142857,3.87,2.68,0.07,-0.00336790055450301,0.0007117591102534041,,,-0.00336790055450301,0.0007117591102534041,82.41711813393529,32.12935289691497,0.5069751693002257,0.06593754702784048,0.1294010534236268,0.804665914221219,0.18125470278404815,0.6177125871898564,,1.0,OK,
RepKatCammack,1344325638983987201,Rep. Cammack Press Office,Republican,3252,46024,548,4174,2020-12-30 16:53:31+00:00,118.0,official,0.24210526315789474,68.36491228070176,2.518796992481203,1.8533834586466165,0.424812030075188,-0.0033699117877752055,-0.016135946450612774,,,-0.0033699117877752055,-0.016135946450612774,80.16226937269373,32.05757995079951,0.4999108241082411,0.05970879458794588,0.13381580565805656,0.8064741697416974,0.22750369003690035,0.7328252484387917,,1.0,FL,
RepGarbarino,1344349650447433729,Rep. Andrew Garbarino,Republican,813,6359,331,1297,2020-12-30 18:28:49+00:00,118.0,official,0.011235955056179775,84.5561797752809,3.883720930232558,2.744186046511628,0.03488372093023256,-0.0055960801518174464,-0.0034569206682848294,,,-0.0055960801518174464,-0.0034569206682848294,80.85959409594096,27.45047970479705,0.8218573185731857,0.07867404674046741,0.15732841328413286,0.764009840098401,0.21428351783517835,0.6247254154853749,,1.0,NY,
RepMTG,1344356576786866176,Rep. Marjorie Taylor Greene🇺🇸,Republican,2560,1945038,327,3530,2020-12-30 18:57:01+00:00,118.0,official,0.12037037037037036,77.02314814814815,2.782608695652174,2.0434782608695654,0.3739130434782609,0.04691928878865111,0.010980998736368609,,,0.04691928878865111,0.010980998736368609,71.71337109375,20.25592578125,0.74923046875,0.10684453125,0.100454296875,0.79270234375,-0.088252265625,0.6093709086055069,0.03721660319942587,3.0,GA,
RepFischbach,1344375287484723205,Rep. Michelle Fischbach,Republican,1113,8461,547,1416,2020-12-30 20:11:55+00:00,118.0,official,0.005235602094240838,91.17801047120419,3.8098591549295775,2.732394366197183,0.04225352112676056,0.00854005838085659,0.006207169343191058,,,0.00854005838085659,0.006207169343191058,82.88204851752022,25.748733153638813,0.4101347708894879,0.04565229110512129,0.16913117699910152,0.7852084456424079,0.37831383647798744,0.6027904144628096,,1.0,MN,
RepBowman,1344389506963808264,Congressman Jamaal Bowman,Democrat,2506,45023,208,3051,2020-12-30 21:07:08+00:00,118.0,official,0.0,93.8804347826087,4.052631578947368,2.8289473684210527,0.02631578947368421,0.02266161932767305,0.036736672858184424,,,0.02266161932767305,0.036736672858184424,73.63277334397446,25.86673982442139,0.6798683160415004,0.06867198723064645,0.13187150837988829,0.7994493216280926,0.22331895450917796,0.0607468970277125,,1.0,NY,
RepBurgessOwens,1344481217685692416,Rep. Burgess Owens,Republican,779,29633,180,1067,2020-12-31 03:11:25+00:00,118.0,official,0.0,91.39903846153847,3.6666666666666665,2.6527777777777777,0.125,-0.019337644013777838,0.0026620679908207646,,,-0.019337644013777838,0.0026620679908207646,86.29331193838254,23.719576379974324,0.8311424903722722,0.05812323491655969,0.19737869062901156,0.7445070603337612,0.4031921694480103,0.669488749399742,,1.0,UT,
RepYoungKim,1344677401465397249,Young Kim,Republican,2861,26800,738,3593,2020-12-31 16:11:29+00:00,118.0,official,0.010526315789473684,89.6,3.90893470790378,2.761168384879725,0.02577319587628866,-0.029169369854623907,-0.02731145362712854,,,-0.029169369854623907,-0.02731145362712854,82.62760223698008,25.920153792380287,0.6651939881160434,0.06059594547361063,0.1774722125131073,0.7619370849353373,0.3876179307934288,0.36915388905477914,0.07780002577139929,3.0,CA,
RepMalliotakis,1344750588026900481,Office of Rep. Nicole Malliotakis,Republican,1426,20404,365,1922,2020-12-31 21:02:13+00:00,118.0,official,0.03211009174311927,84.20183486238533,3.914141414141414,2.702020202020202,0.06565656565656566,-0.04077712415624429,-0.03826141392999496,,,-0.04077712415624429,-0.03826141392999496,83.54287517531557,23.525904628331,0.7225806451612904,0.07624123422159888,0.1299733520336606,0.7937903225806451,0.15384824684431977,0.5835091457628933,,1.0,NY,
RepRosendale,1344751420139040783,Matt Rosendale,Republican,1564,43129,298,1967,2020-12-31 21:05:04+00:00,118.0,official,0.06896551724137931,78.18103448275862,3.1924528301886794,2.2566037735849056,0.19245283018867926,0.004805787881165341,0.009697194321546072,,,0.004805787881165341,0.009697194321546072,82.14959079283888,27.98624680306905,0.5310933503836317,0.06957544757033249,0.11914194373401533,0.8112698209718671,0.14482391304347828,0.6409395742630539,,1.0,MT,
RepSpartz,1344845201479663621,Rep. Victoria Spartz,Republican,910,29780,417,1167,2021-01-01 03:19:03+00:00,118.0,official,0.03669724770642202,90.05504587155963,3.888888888888889,2.7222222222222223,0.05555555555555555,-0.0003732647462963548,0.0006918695895961367,,,-0.0003732647462963548,0.0006918695895961367,84.71746153846154,23.888285714285715,0.658989010989011,0.051628571428571426,0.1710978021978022,0.7772802197802199,0.3583818681318681,0.4855031919110034,,1.0,IN,
RepSaraJacobs,1345103905869455361,Congresswoman Sara Jacobs,Democrat,1788,24139,80,2304,2021-01-01 20:26:39+00:00,118.0,official,0.0,95.4367816091954,4.1,2.8058823529411763,0.0058823529411764705,0.014776356936304075,0.010864628585498273,,,0.014776356936304075,0.010864628585498273,74.30936241610739,30.260710290827742,0.8214261744966443,0.06115659955257271,0.16318736017897092,0.7756599552572707,0.35403590604026847,0.1173636807329163,,1.0,CA,
RepFeenstra,1345135363761852416,Rep. Randy Feenstra,Republican,1204,9734,517,1902,2021-01-01 22:31:08+00:00,118.0,official,0.0,88.98901098901099,3.9523809523809526,2.7551020408163267,0.02040816326530612,-0.008270401385943323,-0.0077758909684104115,,,-0.008270401385943323,-0.0077758909684104115,83.69601328903654,26.45580564784053,0.44975083056478404,0.06573588039867109,0.14325996677740865,0.7909908637873754,0.2932060631229236,0.6434193357117676,,1.0,IA,
RepTeresaLF,1345147845926670337,Rep. Teresa Leger Fernández,Democrat,1730,8307,285,2108,2021-01-01 23:21:40+00:00,118.0,official,0.0,95.3157894736842,4.115384615384615,2.91025641025641,0.0,-0.009907431161965493,0.009776612446676861,,,-0.009907431161965493,0.009776612446676861,77.30146820809249,29.086115606936417,0.5166705202312138,0.050828901734104044,0.1560271676300578,0.7931624277456648,0.3844329479768786,0.1760435924195969,,1.0,NM,
RepNikema,1345461797361504259,Congresswoman Nikema Williams,Democrat,3072,16482,888,3451,2021-01-02 20:08:08+00:00,118.0,official,0.0,95.0989932885906,4.060669456066946,2.8912133891213387,0.0,-0.01601888431119717,-0.02637368731403727,,,-0.01601888431119717,-0.02637368731403727,79.686640625,31.204085286458334,0.7749739583333333,0.05279654947916667,0.13840104166666667,0.8088024088541667,0.31791923828125,0.1178284475333386,,1.0,GA,
RepBobGood,1345536897838436353,Congressman Bob Good,Republican,699,41234,147,1266,2021-01-03 01:06:17+00:00,118.0,official,0.10569105691056911,77.8678861788618,2.898230088495575,2.1106194690265485,0.26548672566371684,0.04071545823987274,0.036733525855972365,,,0.04071545823987274,0.036733525855972365,82.19323319027181,19.0347782546495,0.7452932761087268,0.08212875536480686,0.12465092989985693,0.7932045779685265,0.11240128755364807,0.8126516648167024,,1.0,VA,
RepHarshbarger,1345787285179162624,Rep. Diana Harshbarger,Republican,1337,17679,1040,1738,2021-01-03 17:41:59+00:00,118.0,official,0.09302325581395349,76.96899224806202,2.8686868686868685,2.0606060606060606,0.26262626262626265,0.03985065127442723,0.028617650866808963,,,0.03985065127442723,0.028617650866808963,79.4503066566941,28.05646970830217,0.6336424831712789,0.07000598354525056,0.1579588631264024,0.7720329094988782,0.2631247569184742,0.7338725494854594,,1.0,TN,
RepBentz,1345788865911656454,Congressman Cliff Bentz,Republican,515,6944,452,696,2021-01-03 17:47:44+00:00,118.0,official,0.03225806451612903,85.11290322580645,3.4583333333333335,2.5,0.16666666666666666,0.02119421110361707,0.021871768139766518,,,0.02119421110361707,0.021871768139766518,76.23287378640777,28.165223300970872,0.4554951456310679,0.06498834951456312,0.11404854368932038,0.8209631067961165,0.1239916504854369,,,,OR,
RepMMM,1345807954604412929,"Rep. Mariannette Miller-Meeks, M.D.",Republican,2513,13784,301,3322,2021-01-03 19:03:30+00:00,118.0,official,0.02214022140221402,89.34132841328413,3.9478260869565216,2.6753623188405795,0.05507246376811594,-0.0016290911776718517,0.014735870241528882,,,-0.0016290911776718517,0.014735870241528882,83.70943095901313,23.975435734182255,0.42588539594110625,0.04288101870274572,0.1906307202546757,0.7664846796657382,0.4189604456824513,,,,IA,
RepMann,1345825008887721986,Tracey Mann,Republican,447,4348,163,570,2021-01-03 20:11:11+00:00,118.0,official,0.0,91.36111111111111,3.3846153846153846,2.4615384615384617,0.15384615384615385,0.007726046415632954,-0.008169094536603652,,,0.007726046415632954,-0.008169094536603652,82.98586129753915,31.03498881431767,0.657986577181208,0.06388814317673377,0.13594183445190156,0.80017225950783,0.2222326621923937,0.7949749721464734,,1.0,KS,
RepLaTurner,1345850704800468993,Rep. Jake LaTurner,Republican,1255,5678,105,1440,2021-01-03 21:54:10+00:00,118.0,official,0.0,90.24295774647888,3.7294117647058824,2.635294117647059,0.023529411764705882,-0.005930758358809879,-0.016158357186872453,,,-0.005930758358809879,-0.016158357186872453,85.45997609561753,26.534438247011952,0.7042549800796813,0.07736812749003984,0.1419179282868526,0.7807067729083665,0.1850639043824701,0.680022469800482,,1.0,KS,
RepMrvan,1346205046036377601,Rep. Frank J. Mrvan,Democrat,419,5147,443,529,2021-01-04 21:21:40+00:00,118.0,official,0.0,87.64356435643565,4.653061224489796,2.979591836734694,0.0,0.01069298177062113,0.04218490138252057,,,0.01069298177062113,0.04218490138252057,84.65949880668258,24.681073985680193,0.5098806682577566,0.018551312649164677,0.22370405727923628,0.7577613365155131,0.6497486873508354,,,,IN,
RepTroyNehls,1347318288850825217,Congressman Troy E. Nehls,Republican,934,123255,1434,1777,2021-01-07 23:04:54+00:00,118.0,official,0.13414634146341464,72.84146341463415,3.0112359550561796,2.146067415730337,0.24719101123595505,0.0225359896026248,0.012541288760894786,,,0.0225359896026248,0.012541288760894786,71.24961456102784,26.214871520342612,0.7402141327623126,0.07872912205567452,0.0937387580299786,0.8275396145610279,0.0021387580299785866,0.5366784773139422,,1.0,TX,
RepDeborahRoss,1348683154815655940,Congresswoman Deborah Ross,Democrat,1984,7528,958,2709,2021-01-11 17:28:59+00:00,118.0,official,0.0,96.0084541062802,4.140625,2.9010416666666665,0.0,-0.0006537830917029092,0.01776258726519007,,,-0.0006537830917029092,0.01776258726519007,81.66896169354838,32.269133064516126,0.6790725806451613,0.05133014112903226,0.1648976814516129,0.7837792338709677,0.38959440524193545,0.1967813283770476,,1.0,NC,
RepTimRyan,13491312,Archive: Congressman Tim Ryan,Democrat,8967,145786,2634,11155,2008-02-14 21:57:32+00:00,117.0,official,0.002999400119976005,92.56373725254949,4.056374355195284,2.8607221812822403,0.006632277081798084,0.03700514377296113,0.021509589976912654,-0.012660306437223294,-0.021122137654756006,0.04716423259279592,0.03232368125275623,73.21585034013606,27.80510427121668,0.6223709155793465,0.06471696219471396,0.16015925058548008,0.7751199955391993,0.25149285156685625,0.3296052473871101,0.0207153570611752,9.0,OH,0.742
RepTroyCarter,1352760304271241218,Congressman Troy A. Carter,Democrat,1937,4986,2979,2709,2021-01-22 23:29:39+00:00,118.0,official,0.0,91.99441340782123,4.065420560747664,2.8598130841121496,0.009345794392523364,-0.02435941435139099,-0.01316721907319952,,,-0.02435941435139099,-0.01316721907319952,81.56700567888488,24.042374806401654,0.6060351058337636,0.05422509034589572,0.161981930820857,0.7837914300464636,0.35946876613319567,0.1953704172469592,,1.0,LA,
standwithraul,135623073,Rep. Raúl Grijalva,Democrat,2259,3888,441,2398,2010-04-21 20:52:45+00:00,116.0,official,0.007838745800671893,94.11086226203807,3.7444831591173053,2.7096399535423927,0.012775842044134728,0.11003664837544676,0.10054415818148789,-0.045190800704043625,-0.0413918312359781,0.05072439246043988,0.07121103454006748,71.295201416556,26.687751217352808,1.0856485170429393,0.10212483399734396,0.11577866312527667,0.7820925188136344,0.03149725542275343,,,,,
Rep_Clyde,1357017361568694274,Rep. Andrew Clyde,Republican,1145,13979,638,2186,2021-02-03 17:25:52+00:00,118.0,official,0.042682926829268296,80.32317073170732,2.9430379746835444,2.1582278481012658,0.2721518987341772,0.030956249462888052,0.017384081702425797,,,0.030956249462888052,0.017384081702425797,79.67505676855896,22.73008733624454,0.8452489082969432,0.09273624454148473,0.09874410480349345,0.8085248908296943,-0.024326113537117906,0.6249994864564874,,1.0,GA,
WebsterCongress,136526394,Daniel Webster,Republican,367,2424,470,935,2010-04-24 05:33:40+00:00,116.0,official,0.0,91.5,3.875,2.875,0.0,-0.003089314471697333,-0.023211398548533813,0.00015628871102002837,-0.012608164698509212,0.040993439449481625,0.0006800999363443417,78.12267029972752,34.020108991825616,0.5053405994550408,0.028506811989100815,0.19349318801089918,0.7779891008174387,0.40674441416893736,,,,,
RepEllzey,1366523868253458437,Rep. Jake Ellzey,Republican,154,1974,120,244,2021-03-01 23:01:32+00:00,118.0,official,0.0,83.9,5.0,3.0,0.0,0.017750193230404946,-0.011094700763525782,,,0.017750193230404946,-0.011094700763525782,76.64253246753248,33.5975974025974,0.409025974025974,0.029902597402597406,0.15166233766233767,0.8184090909090909,0.40167012987012984,0.6344543410321596,,1.0,TX,
MattForMontana,1376252790,Matt Rosendale,Republican,1550,14071,766,1764,2013-04-24 05:42:15+00:00,117.0,official,0.024630541871921183,86.70935960591133,4.227777777777778,2.7111111111111112,0.07222222222222222,-0.029998828827607394,-0.06610870961226653,0.009467573032774406,-0.014393583713406174,0.03619970174526365,0.0019897971386124602,74.35775483870968,23.704045161290324,0.4944129032258065,0.04516580645161291,0.16918129032258064,0.7856587096774194,0.3838513548387097,,,,MT,0.017
RepTedDeutch,137794015,Ted Deutch,Democrat,9572,70896,2909,12762,2010-04-27 19:51:54+00:00,117.0,official,0.0021945866861741038,95.2117776152158,4.147786946736685,2.889722430607652,0.0007501875468867217,0.01902560467019014,0.015547287938733122,-0.020702129735555377,-0.0203998279951999,0.022553272838716547,0.016220395602148312,77.78286042624322,24.866442749686584,0.8204419139155871,0.09145497283744254,0.1356877350605934,0.7728517551190974,0.10506517969076473,0.2992615341020292,0.017592272040138253,8.0,FL,0.625
AOC,138203134,Alexandria Ocasio-Cortez,Democrat,9456,13473867,4149,14580,2010-04-28 22:38:40+00:00,116.0,official,0.0,93.4652278177458,3.8419811320754715,2.724056603773585,0.0023584905660377358,0.05351661475542122,0.014206644664732801,0.023168256792232493,0.007641610436369914,0.07756312387789718,0.03225847350466225,63.69898995240613,27.66916446324696,0.626653622421999,0.0551478426395939,0.1503249788494078,0.7945346869712352,0.21546270093062608,0.09425170681881738,0.006478105599776027,3.0,NY,0.183
joniernst,1383059977,Joni Ernst,Republican,3514,59112,133,4413,2013-04-26 22:53:06+00:00,116.0,official,0.11954765751211632,83.65428109854604,3.4565217391304346,2.375494071146245,0.2134387351778656,0.027260905237904073,-0.0033307146546460234,0.032442746905502105,-0.014279041732996217,0.044017241491483325,0.009461623190632951,76.99813602731929,29.89036994877632,0.4570660216277746,0.04966562322140011,0.17188133181559476,0.7784445076835516,0.3362207171314741,0.8729306721110023,0.06818843872479244,7.0,IA,0.357
TeamCalvert,138553197,Ken Calvert,Republican,324,1241,213,600,2010-04-29 21:56:33+00:00,116.0,official,0.0,93.33636363636364,3.807017543859649,2.736842105263158,0.07017543859649122,0.030908746973638827,0.013235572041062212,0.009252151956815953,0.02297920009476709,0.0512235136475052,0.010243248532950265,79.29950617283951,24.808827160493827,0.5999691358024691,0.05233024691358024,0.13250308641975309,0.8151635802469136,0.20501203703703705,,,,,
Rep_Stansbury,1404519992582942724,Rep. Melanie Stansbury,Democrat,4674,10767,227,3164,2021-06-14 19:25:16+00:00,118.0,official,0.0,94.07276995305165,4.0,2.911392405063291,0.0,-0.029398953976860414,-0.008144778148686752,,,-0.029398953976860414,-0.008144778148686752,79.78956354300385,31.341540436457,0.5385537013264869,0.041906290115532735,0.16536114676936245,0.7927299957210098,0.4629944801026958,0.1574279021423324,,1.0,NM,
rosadelauro,140519774,Rosa DeLauro,Democrat,6787,54285,3431,10200,2010-05-05 18:11:32+00:00,118.0,official,0.0013123359580052493,94.66633858267717,4.037292817679558,2.8701657458563536,0.008287292817679558,0.015070937372576015,0.03535194162478569,-0.03101472172548525,0.003373327698803545,0.021149110008874508,0.03841549183196168,80.88617209370855,23.8954943273906,0.6357551200825107,0.07213614262560779,0.14917135700604098,0.7786935317518786,0.21278597318402828,0.21954746139876263,0.016419323437640784,9.0,CT,
DustyJohnson,140529899,Dusty Johnson,Republican,888,4177,289,1198,2010-05-05 18:45:58+00:00,116.0,official,0.047619047619047616,84.70238095238095,3.8,2.64,0.12,-0.020621258846691522,-0.050216056098547984,-0.03195407505406583,-0.06293513662622595,0.004626650750346354,-0.0425756468426794,76.12270270270271,28.514774774774775,0.3169031531531531,0.03826126126126126,0.1465855855855856,0.8151418918918919,0.2667603603603603,0.26485183049723804,0.013396609186599708,2.0,SD,
PeterWelch,1410590874,Senator Peter Welch,Democrat,2909,37933,1856,3735,2013-05-07 16:10:47+00:00,117.0,official,0.003367003367003367,97.4057239057239,4.151685393258427,2.9258426966292137,0.0022471910112359553,0.02087084630018573,0.019736149618029917,-0.033441515607942736,-0.026007835908297524,0.038683018415612405,0.02933023228342959,80.46760398762461,26.20842213819182,0.5601993812306634,0.06104537641801306,0.1611570986593331,0.7777885871433482,0.29168346510828463,,,,,
JeanneShaheen,14125897,Jeanne Shaheen,Democrat,2297,21737,527,2642,2008-03-11 17:48:18+00:00,116.0,official,0.0,96.15734265734265,4.221719457013575,2.751131221719457,0.004524886877828055,0.0076482789077090794,-0.005391334762836798,0.02157905754029706,0.0028217842536372275,0.032786847112158006,0.010360413808760313,77.58874183717893,28.417483674357857,0.36437962559860687,0.04275272094035699,0.17139921636917718,0.7858554636482368,0.3714294732259469,,,,,0.596
tomudall,14140370,Tom Udall,Democrat,584,6444,811,702,2008-03-13 16:08:46+00:00,115.0,campaign,0.0,89.63333333333334,4.083333333333333,2.8333333333333335,0.0,0.005230288369016658,0.005959742000798821,0.0298142774599776,0.05393835391607594,0.07225300404220554,0.014836469571054611,82.71306506849315,23.837534246575345,0.3007876712328767,0.050474315068493154,0.15385787671232876,0.7956678082191782,0.2718191780821918,0.2802745624101465,0.05912927210231328,8.0,NM,
RonJohnsonWI,142332083,Ron Johnson,Republican,5986,57362,2716,7924,2010-05-10 16:05:01+00:00,116.0,official,0.03735632183908046,83.5933908045977,3.4290780141843973,2.4184397163120566,0.08156028368794327,-0.005905471766312423,-0.03155464349806339,-0.06252165740717364,-0.07592080919769383,0.07035412805799218,0.026612929800874867,82.94961242900101,20.28796191112596,0.3720531239558971,0.057724022719679254,0.14196876044102907,0.8003020380888741,0.18601710658202472,0.8104225955326892,0.06296339892636524,9.0,WI,0.483
CedricRichmond,142419647,Cedric Richmond,Democrat,973,21147,1353,2632,2010-05-10 21:02:57+00:00,116.0,official,0.0,90.71171171171171,4.04,2.8533333333333335,0.013333333333333334,-0.09557875880621923,-0.10223682890965162,-0.032868534438488875,-0.04572736538584342,-0.15011212091331685,-0.15423348469477088,80.79690647482015,20.37618705035971,0.3760945529290853,0.026483042137718397,0.1267852004110997,0.8467286742034943,0.22790853031860225,0.3227324451660912,0.05251865442967021,8.0,LA,
GaryPeters,145292853,Gary Peters,Democrat,2824,42190,779,3260,2010-05-18 16:10:02+00:00,116.0,official,0.025404157043879907,94.2309468822171,4.042042042042042,2.8978978978978978,0.0,0.025865024386067595,0.010451862992371483,-0.036208775970357966,-0.051951952309449524,0.050385065423599704,0.02967714800956509,78.10656161473088,27.857361898016997,0.5127478753541076,0.04864695467422096,0.17495184135977337,0.7764033286118981,0.3683621813031161,0.3693175814439057,0.08915304033869012,9.0,MI,0.5
jackiewalorski,14562874,Jackie Walorski,Republican,2516,4907,966,3382,2008-04-27 23:31:05+00:00,116.0,official,0.017578125,84.703125,3.741706161137441,2.571090047393365,0.07109004739336493,0.028901814388614278,0.007241777116149012,-0.09427281492494959,-0.09652388427939411,0.06427294202307567,0.03114076668051583,80.98097774244833,28.558207472178058,0.39503577106518284,0.04190620031796503,0.19688116057233704,0.7612106518282988,0.3225581478537361,0.773612092397249,0.04231745867545135,8.0,IN,
RepShontelBrown,1456381091598700556,Rep. Shontel Brown,Democrat,1208,33662,376,1604,2021-11-04 22:01:33+00:00,118.0,official,0.0,94.6875,4.25,2.892857142857143,0.0,-0.0049114216045353445,0.013993063420891926,,,-0.0049114216045353445,0.013993063420891926,82.8666059602649,31.464577814569537,0.6639817880794702,0.05632781456953642,0.1547317880794702,0.7889511589403974,0.34172632450331125,,,,OH,
MikeLevin,14573926,Mike Levin,Democrat,8174,104764,13711,12194,2008-04-28 19:30:07+00:00,116.0,official,0.004288777698355968,94.94889206576126,4.038876889848812,2.825773938084953,0.0064794816414686825,0.040264216628914835,0.009708933320443014,,,0.021964474578900335,0.007650624202576019,68.40653046244189,24.029294103254223,0.7566099828725226,0.06618620014680694,0.18932640078297042,0.7444798140445315,0.2569173721556154,0.24995864850095326,0.046546485525538084,3.0,CA,
RepMikeCarey,1457745193197780993,Congressman Mike Carey,Republican,520,1880,382,1097,2021-11-08 16:21:58+00:00,118.0,official,0.013888888888888888,83.22916666666667,3.550724637681159,2.5072463768115942,0.08695652173913043,0.024493192069451972,0.021478930999662818,,,0.024493192069451972,0.021478930999662818,82.10646153846155,26.08898076923077,0.4819423076923077,0.0729,0.16058653846153845,0.7665365384615385,0.20041576923076923,0.4914342469881127,,1.0,OH,
TimWalberg,146099856,Walberg for Congress,Republican,1125,1808,770,1402,2010-05-20 16:00:49+00:00,116.0,official,0.04477611940298507,85.75373134328358,3.3157894736842106,2.4035087719298245,0.15789473684210525,0.04387590533584807,0.048275938450371904,-0.011078487624308927,-0.04082189598261555,0.055385886070506166,0.012179833997928874,73.01547555555555,35.98285333333333,0.2929244444444445,0.023157333333333332,0.24230755555555555,0.7345351111111111,0.5460909333333334,,,,,
Congressman_JVD,1468677099594698757,Congressman Jeff Van Drew,Republican,260,7113,288,381,2021-12-08 20:21:30+00:00,118.0,official,0.16129032258064516,75.08064516129032,3.1,2.2,0.2,0.03552811350610799,0.021394999330850296,,,0.03552811350610799,0.021394999330850296,78.44776923076923,28.285769230769233,0.6263076923076923,0.08384230769230769,0.10177307692307691,0.8143923076923076,-0.006059999999999999,0.635651690793558,0.08824276030261188,3.0,NJ,
BenSasse,1480852568,Ben Sasse,Republican,7283,281892,952,8786,2013-06-03 23:18:20+00:00,116.0,official,0.04980842911877394,89.9272030651341,3.760869565217391,2.656899810964083,0.07939508506616257,0.07108078480422725,0.017966101620145163,0.04780793660558679,0.018204908631485946,0.06701294464199417,0.02480015458015818,65.84775641905809,25.985948098311137,0.4171673760812852,0.05703844569545517,0.12300837566936702,0.8199460387203076,0.12427474941644925,0.7503470265441722,0.03358825028267743,7.0,NE,
Jim_Banks,14836282,Jim Banks,Republican,4777,29217,2656,10086,2008-05-19 18:42:34+00:00,117.0,official,0.01882845188284519,91.59780334728033,3.92326139088729,2.696642685851319,0.07913669064748201,-0.012514418358004159,-0.03057479290177976,-0.03528997012582521,-0.04801968796869321,0.04270114735494618,-0.00786039573372945,78.7396336612937,31.35567510990161,0.3144651454888005,0.04509692275486707,0.13689930918986812,0.8180046054008793,0.21147544483985767,0.8295250726754114,0.06844637894158656,5.0,IN,
CongresswomanSC,1484252226646421505,Congresswoman Sheila Cherfilus-McCormick,Democrat,766,2156,56,536,2022-01-20 19:53:08+00:00,118.0,official,0.0,93.21428571428571,4.428571428571429,3.0,0.0,-0.01196624907557891,0.009359546149906308,,,-0.01196624907557891,0.009359546149906308,81.25759791122715,28.546605744125326,0.9657963446475195,0.052973890339425594,0.16585378590078328,0.7811853785900784,0.33177911227154044,0.1921981037863269,,1.0,FL,
GrahamBlog,14845376,Lindsey Graham,Republican,3535,106130,1895,4226,2008-05-20 13:57:21+00:00,116.0,official,0.06880733944954129,84.76490825688073,3.8682634730538923,2.604790419161677,0.04790419161676647,-0.007072229223727111,-0.0016111925387579725,-0.01888797594896889,-0.010445334586267126,,,83.25914285714286,27.23035360678925,0.3403083451202263,0.08247751060820367,0.08591626591230551,0.831598585572843,0.0032595473833097596,0.7057142217920023,0.042397634699503695,9.0,SC,
MooneyforWV,1491350114,Alex Mooney,Republican,823,3293,169,1107,2013-06-07 21:33:53+00:00,116.0,official,0.023255813953488372,88.61627906976744,3.051282051282051,2.230769230769231,0.28205128205128205,-0.013016057651342693,-0.053302551140603255,0.0049571490426032734,-0.03369771093643165,0.00042886362150194515,-0.054802483489172514,83.4955893074119,26.55849331713244,0.508262454434994,0.031456865127582015,0.21113608748481164,0.7574119076549211,0.4399065613608748,0.8283435229468079,0.0770651922892753,7.0,WV,
chelliepingree,14984637,Congresswoman Chellie Pingree 🇺🇸 🇺🇦,Democrat,6723,32593,1482,8193,2008-06-02 20:29:56+00:00,118.0,official,0.0,97.27958422174841,4.044205495818399,2.948626045400239,0.0047789725209080045,0.010071480429217036,0.015387972804927345,0.036615774364721056,0.01745602936700036,0.00501196073957054,0.01230954781428689,80.49584052365368,24.492176435584646,0.5142011306158881,0.0644756804997769,0.13811958946898706,0.7973993752788934,0.20256006247211067,0.24837295070709273,0.04350086688305054,9.0,ME,
ChrisMurphyCT,150078976,Chris Murphy,Democrat,22735,1099236,267,29272,2010-05-31 01:22:43+00:00,117.0,official,0.0010003334444814939,94.88540624652661,4.009722222222222,2.8663194444444446,0.0045138888888888885,0.04243799601767884,0.025216555951918965,-0.010863159771444397,-0.026318214459557534,0.07558020795010782,0.032295159853872366,76.7496859467781,34.33643369254453,0.38222652298218607,0.07495645480536617,0.1310576204090609,0.7939825379371014,0.129517664394106,0.16876336886134063,0.038339103442980554,9.0,CT,0.5
LisaForSenate,151247615,Lisa Murkowski,Republican,1114,9230,479,1677,2010-06-02 23:58:26+00:00,116.0,official,0.0,97.72321428571429,4.184210526315789,3.0,0.0,-0.019728289877709325,-0.03023327274744642,-0.08556710406377234,-0.08637087179707238,-0.006248983930464105,-0.01764365665355356,81.84179533213644,28.301077199281867,0.3637612208258528,0.02828725314183124,0.19004039497307004,0.7816804308797127,0.4606155296229803,,,,,
RepBeatty,1531521632,Rep. Joyce Beatty,Democrat,10302,76100,2409,13967,2013-06-19 17:47:09+00:00,118.0,official,0.0,93.96725912067353,4.086868686868687,2.875757575757576,0.0015151515151515152,-0.03384799542501381,-0.023705759643949952,-0.05907508982132542,-0.029740106936611787,-0.014382192231803193,-0.013137901545220964,80.52945156280335,25.59433605125218,0.6140584352552902,0.04840254319549602,0.14281644340904678,0.8087820811492914,0.22207179188507087,0.29164477287750384,0.06348350042558405,9.0,OH,0.5
ChrisCoons,15324851,Senator Chris Coons,Democrat,14199,218088,4133,17341,2008-07-05 11:17:54+00:00,116.0,official,0.0,95.9251447477254,4.091688089117395,2.9083119108826048,0.003427592116538132,0.029012103448568274,0.04098519334374572,-0.017804593636846736,-0.008222358090332966,0.0389598880752775,0.04645128709648132,79.32793154447496,27.06859849285161,0.6796499753503769,0.055110993731952954,0.16410902176209594,0.7807779421085992,0.305283393196704,,,,,0.583
RepMarciaFudge,153486399,Former Rep. Marcia L. Fudge,Democrat,6254,49594,5930,7487,2010-06-08 17:54:06+00:00,116.0,official,0.0021413276231263384,93.84618129907209,4.113839285714286,2.921875,0.0,-0.0068351249907291495,0.013347552470535384,-0.024757204695995086,-0.010410937124604273,-0.006222329710156244,0.020709424155871858,82.18638151582986,28.54556283978254,0.538864726574992,0.054685960984969625,0.14275055964182923,0.8025639590661976,0.22242844579469143,0.25591373084079483,0.03690452772877334,8.0,OH,0.6
UptonForAllOfUs,153507902,Fred Upton,Republican,1262,2863,871,1424,2010-06-08 19:01:16+00:00,116.0,official,0.053691275167785234,88.72818791946308,3.824074074074074,2.740740740740741,0.10185185185185185,-0.002626911830229052,0.0051740159246475665,-0.04715147387105735,-0.04127603389899752,0.008230979394140643,-0.006883026628798018,82.16090332805071,23.070182250396197,0.3835419968304279,0.029072107765451664,0.17496038034865294,0.7959714738510301,0.3875670364500792,,,,,
RobWittman,15356407,Rep. Rob Wittman,Republican,4683,30865,6429,7615,2008-07-08 18:25:49+00:00,118.0,official,0.015915119363395226,88.67771883289124,4.146417445482866,2.8193146417445485,0.028037383177570093,0.026865320121165284,0.0437721250427653,0.03863245172194267,0.0561423135049882,0.02640127766747336,0.04240824155783502,78.14742045697203,35.99071535340593,0.3646380525304292,0.04546658125133461,0.1506117873158232,0.8039162929745889,0.3023729019859065,0.7585523859527954,0.05516396068783939,9.0,VA,0.25
PaulTonko,153865861,Paul D. Tonko,Democrat,5343,3257,810,7201,2010-06-09 19:04:08+00:00,116.0,official,0.004891684136967156,94.78511530398323,3.9763119533527695,2.8498542274052476,0.00510204081632653,0.06259298931321342,0.06630836318504386,0.045060641474031646,0.03855175767898669,0.05309657881610608,0.060252820691598735,79.57533033876099,25.896535654126897,0.5311603967808347,0.08878401647014786,0.11547875725247989,0.7957304884896125,0.09210076735916152,,,,,
RepLloydDoggett,153944899,Lloyd Doggett,Democrat,12883,41988,1296,16824,2010-06-09 23:53:50+00:00,118.0,official,0.0,97.42249757045676,4.008683360258481,2.9244749596122777,0.0008077544426494346,0.0058640801475746615,0.014677910084429868,-0.021550747813729766,-0.006820447007933987,0.006201879836716548,0.017939554054429964,82.03622991539238,26.06327563455717,0.6229954203213537,0.07407381821004425,0.13285088876814408,0.7930756811301715,0.17885735465341926,0.29787779365385103,0.05213676984082677,9.0,TX,0.711
boblatta,15394954,U.S. Rep. Bob Latta,Republican,6157,38903,3051,9726,2008-07-11 18:33:24+00:00,118.0,official,0.0043859649122807015,91.68713450292398,3.9072790294627384,2.766031195840555,0.04852686308492201,-0.04428303037925025,-0.028251900291864297,-0.08603580032530779,-0.05321410939659416,-0.012446321889259131,-0.00973025175977235,84.99945256660169,25.69567576348278,0.36379142300194933,0.04182150397921065,0.15727951924638622,0.8008955660224134,0.3022797141464999,0.7967097629077664,0.08006444411988459,9.0,OH,
JoeNeguse,1542372750,Joe Neguse,Democrat,1456,86174,1132,2631,2013-06-24 03:30:41+00:00,116.0,official,0.0,96.03556485355648,4.259887005649717,2.9661016949152543,0.0,-0.025809444402590274,-0.03759091318081258,-0.0353460920855288,-0.05141552049976667,-0.011791372506290686,-0.025979617381838526,83.8801510989011,23.54245192307692,0.638021978021978,0.03937980769230769,0.1919217032967033,0.7686895604395604,0.4549918956043956,0.27212809800051,0.03023682543709651,3.0,CO,
kevinomccarthy,15428227,Kevin McCarthy,Republican,549,87869,328,1684,2008-07-14 15:59:49+00:00,116.0,official,0.057971014492753624,86.02898550724638,3.6379310344827585,2.5517241379310347,0.08620689655172414,0.005777343486108744,-0.03349519435567939,-0.06572403295465369,-0.09310403127776884,0.028447814192215884,-0.018206435369585737,79.04928961748634,27.055409836065575,0.6614936247723133,0.03852823315118397,0.23763934426229508,0.7238360655737706,0.4069630236794171,0.48076275255655815,0.047614031740132554,9.0,CA,0.273
SenatorBoxer,15442036,Sen. Barbara Boxer,Democrat,1821,103553,154,2228,2008-07-15 16:02:13+00:00,114.0,official,0.0,94.44174757281553,4.04,2.92,0.0,0.05305644812249956,0.050122651546456364,0.03398183869186665,0.03595347976251071,,,81.32957166392092,24.4820483250961,0.8150961010433827,0.08280120812740253,0.14695277320153763,0.7702493135639759,0.15511850631521143,0.06191884019260442,0.03573505090733523,4.0,CA,0.49
USRepMikeFlood,1547025742529167360,Rep. Mike Flood,Republican,302,2655,192,529,2022-07-13 01:11:52+00:00,118.0,official,0.0,88.65625,4.208333333333333,2.7083333333333335,0.0,-0.0021886752257404933,0.006369221745940959,,,-0.0021886752257404933,0.006369221745940959,83.32079470198676,26.606225165562915,0.42251655629139073,0.0379271523178808,0.15627152317880796,0.8057980132450331,0.320182119205298,0.3160945907499514,,1.0,NE,
JohnLarsonCT,155585373,John Larson,Democrat,2866,3694,653,3224,2010-06-14 14:58:25+00:00,116.0,official,0.0,93.28243021346469,3.9411764705882355,2.873440285204991,0.017825311942959002,0.057634352536267405,0.04630545143330552,-0.018617086191784545,-0.04406564133747998,0.07441121759184234,0.06942520964449125,71.78650383810188,31.93424982554082,0.4408513607815771,0.05733042568039079,0.17579064898813676,0.7668785764131193,0.32604225401256104,,,,,
LangevinForRI,155654527,LangevinForCongress,Democrat,2282,1243,680,2588,2010-06-14 18:53:01+00:00,116.0,official,0.01639344262295082,91.12060889929742,4.147909967845659,2.8585209003215435,0.028938906752411574,0.014712140404650718,0.010846809792105323,-0.03140083674453793,-0.039973878312151885,0.023894483452134713,0.03466111467082602,82.79132340052585,23.692370727432078,0.508737949167397,0.034103856266432954,0.2024167397020158,0.7634820333041192,0.42983115687992984,0.26327213634897556,0.023431586219575383,9.0,RI,0.5
RepDavidEPrice,155669457,Rep. David E. Price,Democrat,5400,35814,3012,7574,2010-06-14 19:44:06+00:00,117.0,official,0.0,96.96099290780141,4.172489082969432,2.927947598253275,0.0,-0.022348726342371124,0.0047247756656046335,-0.09371087158401033,-0.05018216972467326,-0.0089884581501487,0.017924736671364894,84.89817037037037,26.189766666666664,0.5961129629629629,0.06113277777777778,0.14728814814814814,0.7915831481481481,0.25059842592592596,0.2897955091850572,0.05257053542910241,9.0,NC,0.625
MikeforWI,1558285818,Mike Gallagher,Republican,130,7001,0,148,2013-06-30 15:34:55+00:00,117.0,official,0.0,96.5625,3.7142857142857144,2.7142857142857144,0.0,0.037383120550636674,0.012359967390273077,,,0.037383120550636674,0.012359967390273077,79.09853846153845,26.952,0.4578461538461538,0.051684615384615384,0.12995384615384614,0.818376923076923,0.2636184615384616,0.7114642901163544,0.09973051199813542,5.0,WI,
RepShimkus,15600527,Archive: Rep. John Shimkus,Republican,6929,28129,1060,10411,2008-07-25 17:01:16+00:00,116.0,official,0.01466275659824047,90.66275659824046,3.8973214285714284,2.705357142857143,0.09821428571428571,0.004818351882662296,-0.021076638783857182,-0.020085046858529756,-0.030526046979834742,,,70.06139702698802,31.210837061625057,0.5171640929427046,0.048966373214028,0.12056443931303218,0.8304671669793621,0.17347820753355464,0.6758090889709458,0.048614430270223725,8.0,IL,
KindforCongress,156045092,Ron Kind,Democrat,2298,4699,1782,2718,2010-06-15 21:48:28+00:00,116.0,official,0.0,93.64247311827957,4.2063492063492065,2.9206349206349205,0.0,0.010413926657651139,-0.00243925330707834,0.017143159148953226,0.004744215891997326,0.011200416448480306,-0.014069332676164727,76.24137946040035,30.710761531766753,0.30161444734551784,0.028286335944299388,0.17187902523933857,0.7998294168842471,0.3604865535248042,,,,,
RepAlGreen,156333623,Congressman Al Green,Democrat,2375,77768,669,3477,2010-06-16 17:20:23+00:00,118.0,official,0.0,84.57798165137615,4.102941176470588,2.7058823529411766,0.0,-0.029412026481258468,-0.03840771861116489,-0.03721917128335995,-0.03458984221910404,-0.033947027976803955,-0.04456523503590752,80.24760421052632,32.93998315789474,1.1292757894736842,0.06478947368421052,0.12592084210526316,0.8092884210526315,0.16641313684210526,0.24841429035213652,0.047473025380469,9.0,TX,
RepMikeRogers,156703580,Mike Rogers,Republican,3397,20230,741,4974,2010-06-17 17:32:16+00:00,117.0,official,0.014018691588785047,91.35514018691589,4.0608108108108105,2.8063063063063063,0.0472972972972973,-0.009114666995696586,-0.0020263770745151282,-0.021848683376137584,0.021862356463746315,-0.019425673052746756,-0.026355868765086395,80.5456697085664,29.398601707388874,0.3285398881365911,0.06399970562260819,0.1397998233735649,0.796203414777745,0.1703480423903444,0.6802258291012702,0.08478949150984393,9.0,AL,0.45
RepPatRyanNY,1569400849130049537,Rep. Pat Ryan,Democrat,168,4955,284,239,2022-09-12 19:02:51+00:00,118.0,official,0.0,93.125,3.6666666666666665,2.6666666666666665,0.0,0.01564932738761049,0.028716235605088087,,,0.01564932738761049,0.028716235605088087,80.59857142857143,40.952202380952386,0.814047619047619,0.05235714285714285,0.15536309523809524,0.7922619047619047,0.3715857142857143,0.2882971753037288,,1.0,NY,
Rep_Peltola,1570080351674048514,Rep. Mary Peltola,Democrat,200,4801,187,257,2022-09-14 16:02:54+00:00,118.0,official,0.0,95.71428571428571,4.111111111111111,2.888888888888889,0.0,0.0068344380414946575,0.013317359811441809,,,0.0068344380414946575,0.013317359811441809,78.46975,31.59645,0.22225,0.027120000000000002,0.16257000000000002,0.8103100000000001,0.387787,0.2832012746839797,,1.0,AK,
marcorubio,15745368,Marco Rubio,Republican,13508,4521223,2544,16594,2008-08-06 03:07:06+00:00,117.0,official,0.015357612988152698,94.71983326020184,3.9324569356301,2.841341795104261,0.034904805077062555,0.03054353136211725,0.008062086869851671,-0.034043692046264125,-0.05875742328475495,0.03441134085791854,0.014380338931773987,75.26885919455138,29.904167900503406,0.5555270950547823,0.07507713947290495,0.12439435889843056,0.8005230974237489,0.09800106603494226,,,,,
michaelcburgess,15751083,"Michael Burgess, MD",Republican,8145,34251,2531,10243,2008-08-06 15:25:19+00:00,118.0,official,0.03644646924829157,87.86873576309794,3.88149556400507,2.6780735107731304,0.08618504435994931,-0.0029208290078789924,0.01465074310725495,-0.0725062993608719,-0.04777884763835553,0.03091301813189832,0.04591834485469808,80.99035113566606,28.932232044198894,0.43546224677716394,0.04762038060159607,0.1313901780233272,0.8209880908532843,0.23710519337016575,0.7296322855917813,0.06846276840478777,9.0,TX,0.438
SpeakerPelosi,15764644,Nancy Pelosi,Democrat,11102,8125115,468,14219,2008-08-07 15:35:02+00:00,118.0,official,0.005825242718446602,93.25533980582524,4.019157088122605,2.8409961685823757,0.005747126436781609,0.037942372134174514,0.027673038470531475,0.04519130886736344,0.03712786803973931,0.013641147271139626,0.008587948669770836,84.35073049900919,25.182046478112053,1.0314736083588543,0.07323716447486939,0.14764555935867413,0.7791139434336155,0.22676515042334713,0.35462569837764885,0.0482573160175283,7.0,CA,0.399
tommcclintock,15773898,McClintock for Congress,Republican,695,5284,34,879,2008-08-08 03:48:37+00:00,116.0,official,0.08333333333333333,83.27380952380952,3.3896103896103895,2.4415584415584415,0.12987012987012986,0.02833287693616132,0.01225540728248634,-0.06116975956934934,-0.06823568168021761,0.062200540766918236,0.04390545048178409,72.87159712230216,26.361841726618703,0.631410071942446,0.07176690647482015,0.12451510791366906,0.8037237410071942,0.1276736690647482,,,,,0.25
MikieSherrill,1577754348,Mikie Sherrill,Democrat,2348,49431,473,2804,2013-07-08 14:13:48+00:00,116.0,official,0.0,95.72568093385215,4.03765690376569,2.8870292887029287,0.0041841004184100415,0.021313978190071445,0.001253685608225352,,,0.0037189329753628494,-0.01214269273894345,78.84712095400342,32.97296848381601,0.3655749574105622,0.04091524701873935,0.16204982964224873,0.7970247018739353,0.3726068568994889,0.34804214825378793,0.08163292436318192,3.0,NJ,
CoryBooker,15808765,Cory Booker,Democrat,52055,4835121,85100,67749,2008-08-11 14:41:16+00:00,117.0,official,0.011882426516572859,93.53877423389619,3.8641810918774966,2.77762982689747,0.019973368841544607,0.05250456754553646,0.010915484491420243,0.04596744743520678,0.009662162985435674,0.07830796953062506,0.035078016204906165,57.98444107194314,34.862579963500146,0.5790586879262318,0.04681162232254346,0.22178928056862934,0.7313960426472002,0.36948544808375755,,,,,0.617
MurrayCampaign,158470209,Senator Patty Murray,Democrat,6050,27954,399,6909,2010-06-22 19:55:00+00:00,116.0,official,0.0008818342151675485,94.08752204585538,3.9264197530864196,2.80641975308642,0.0014814814814814814,0.0981009216605956,0.086988938102974,0.0625597911762594,0.0453461882338851,0.09775506666298923,0.09099181986634891,71.14459338842975,28.363532231404957,0.5689603305785124,0.08161851239669422,0.13945371900826448,0.7789176859504132,0.19012636363636365,,,,,
larsenrick,158520264,Rick Larsen,Democrat,2694,3452,1069,4127,2010-06-22 22:55:46+00:00,116.0,official,0.0,96.0,4.066666666666666,2.9555555555555557,0.0,-0.009589839862692304,-0.01966698888263903,-0.024706106381620237,-0.025453266706734128,0.00396798238879298,-0.0018327536735898663,80.11470304380104,35.03386785449146,0.30006310319227913,0.04323422420193022,0.14531700074239048,0.8114383815887156,0.27564684484038604,,,,,
leezeldin,15874918,Lee Zeldin,Republican,6734,264771,1959,9387,2008-08-16 17:35:57+00:00,116.0,official,0.025,82.34791666666666,3.8051948051948052,2.7454545454545456,0.06233766233766234,-0.05736394307543696,-0.061050759230775145,-0.1512012582321842,-0.11395176896939567,-0.021336390562311233,-0.05117417175567413,79.55833085833086,31.26640778140778,0.6416721116721116,0.05263112563112563,0.15029091179091178,0.7970775170775172,0.2265000297000297,0.651163903327553,0.08594623886437625,7.0,NY,
CapitoforWV,158890005,Capito for WV,Republican,1556,5847,458,1706,2010-06-23 22:59:25+00:00,116.0,official,0.0,91.6508875739645,3.849462365591398,2.6989247311827955,0.0967741935483871,-0.041650972054667196,-0.04510839101497758,-0.02797970658428667,-0.024924394446769516,-0.05074264863600721,-0.06106820652706596,85.89938303341903,25.736439588688945,0.29370822622107967,0.043606041131105396,0.15148650385604112,0.8049080976863753,0.26951394601542417,,,,,
RepWileyNickel,1591085093220671491,Rep. Wiley Nickel,Democrat,1,1033,270,82,2022-11-11 15:07:16+00:00,118.0,official,,,,,,,,,,,,74.95,30.98,0.0,0.0,0.0,1.0,0.0,,,,NC,
WestermanAR,1592481150,Bruce Westerman,Republican,1796,2521,505,2488,2013-07-14 04:16:49+00:00,116.0,official,0.009433962264150943,92.06603773584905,3.872340425531915,2.7127659574468086,0.05319148936170213,-0.12963993893488984,-0.1420068736151834,-0.12784670288747743,-0.12462964154146426,0.002516453061434258,-0.041219871957169675,87.5487973273942,17.090027839643653,0.2853452115812918,0.023647550111358575,0.1349760579064588,0.8413736080178174,0.29476057906458797,0.7859842381378721,0.0958378348562035,7.0,AR,
BarbaraBoxer,15939889,Barbara Boxer,Democrat,4690,120627,605,6135,2008-08-22 01:39:19+00:00,114.0,campaign,0.0020380434782608695,95.47401494565217,3.874125874125874,2.8055944055944058,0.005594405594405594,0.05825654297457253,0.009606281195099802,0.04210346633852049,0.02252667198382171,0.05817722054477652,0.0030749393500544868,71.08658848614073,24.122417910447762,0.7963390191897655,0.0921637526652452,0.12160383795309168,0.7862315565031983,0.082987697228145,0.06191884019260442,0.03573505090733523,4.0,CA,0.49
repblumenauer,15954997,Earl Blumenauer,Democrat,4593,73815,1310,5295,2008-08-23 06:38:46+00:00,118.0,official,0.001358695652173913,96.63654891304348,3.9542097488921715,2.8729689807976366,0.005908419497784343,0.05986029408705907,0.05088740245504944,0.058798612713255406,0.05577429371150732,0.05553154332761018,0.043714935370082655,76.52976703679512,26.764724580883954,0.8504397996951883,0.07749771391247551,0.1555112127150011,0.766988025255824,0.18974461136512083,0.17775448906127306,0.0820172034060873,9.0,OR,0.708
Booker4Senate,1603426344,Booker for Senate,Democrat,513,2435,313,1050,2013-07-18 13:31:20+00:00,115.0,campaign,0.0,88.33333333333333,3.0,2.0,0.0,-0.008914298006512257,0.020293286363065252,-0.045374587724527,-0.0033193904010403947,,,77.34395711500974,29.486335282651073,0.405906432748538,0.02194346978557505,0.11689473684210526,0.8611637426900585,0.19823391812865498,,,,,
JeffFlake,16056306,Jeff Flake,Republican,2591,662846,228,3013,2008-08-30 17:00:58+00:00,115.0,official,0.002506265664160401,95.90726817042606,3.954659949622166,2.8715365239294712,0.017632241813602016,0.016234177586159092,0.0014433255108532797,0.02620633539782677,0.013643989613215427,0.0868703319309048,0.027203316348510816,79.3657661134697,27.29587032033964,0.45668081821690465,0.05478502508683906,0.1669266692396758,0.7782832883056735,0.26102805866460826,0.8281788051298223,0.02100482287213748,6.0,AZ,0.75
gracenapolitano,161411080,Rep.Grace Napolitano,Democrat,2765,41262,672,4360,2010-06-30 19:48:06+00:00,118.0,official,0.0,96.92307692307692,4.138613861386139,2.9405940594059405,0.0,-0.009876899312039604,0.011995271500101304,-0.027074252782805737,0.014287906684336568,-0.0013012088766141416,0.01665356664719711,79.896582278481,25.582773960216997,0.6868426763110307,0.07292802893309222,0.15335515370705244,0.7737157323688969,0.2358493309222423,,,,CA,
clairecmc,16160352,Claire McCaskill,Democrat,8933,787251,266,13772,2008-09-06 20:20:45+00:00,115.0,official,0.0022522522522522522,95.59234234234235,3.9930394431554523,2.9048723897911835,0.004640371229698376,0.04152940232903314,-0.02278707485652339,0.015780206342230933,-0.03658853285277997,0.05421079374251758,-0.017849181345033008,61.576319265644244,33.7717720810478,0.5713869920519422,0.07705552445986791,0.14620720922422478,0.7767336840926901,0.14627072651964626,0.4268419133360944,0.0638942940870088,6.0,MO,0.447
RepKayGranger,161743731,Rep. Kay Granger,Republican,2913,27193,1235,3797,2010-07-01 17:14:51+00:00,118.0,official,0.0,92.7478448275862,3.986754966887417,2.80794701986755,0.059602649006622516,-0.05730674417490828,-0.03524331755537438,-0.0745907893247318,-0.04600252552439341,-0.051603451022369434,-0.032124248503365545,85.85770339855819,28.222070030895985,0.7582114658427738,0.033884311706144865,0.17009337452797804,0.7960185375901133,0.4105157569515963,,,,TX,
BobbyScott,161791703,Rep. Bobby Scott,Democrat,5952,44627,3195,8909,2010-07-01 19:57:00+00:00,118.0,official,0.008108108108108109,94.5373873873874,3.9513457556935814,2.8322981366459627,0.0,-0.10436852138203531,-0.08091101222780973,-0.09306618734801571,-0.06191972600411764,-0.0661769866512902,-0.03965922105281797,87.84619623655914,21.8895749327957,0.6856686827956989,0.03859912634408602,0.1629403561827957,0.798460685483871,0.3564617607526882,0.23096493979979604,0.026381401260566623,9.0,VA,0.6409999999999999
RepCohen,162069635,Steve Cohen,Democrat,10941,84507,6437,15274,2010-07-02 15:10:21+00:00,118.0,official,0.02096273291925466,94.52833850931677,3.9741451209341117,2.834028356964137,0.03419516263552961,-0.019215523393304658,-0.043344060910006,-0.022749470014520316,-0.04444123922883989,0.006729332786035829,-0.020788150316213422,74.33097248880358,22.594950187368614,0.9640343661456905,0.0750403985010511,0.12307640983456722,0.8018778905036102,0.1208470615117448,,,,TN,0.6
RepJasonSmith,1623308912,Rep. Jason Smith,Republican,5373,41826,950,5930,2013-07-26 16:13:03+00:00,118.0,official,0.020560747663551402,86.60841121495326,3.4990196078431373,2.4745098039215687,0.16470588235294117,0.00811752994317847,-0.002894405061123939,-0.06078989668667848,-0.053417843177068804,0.043693852620403074,0.02196703518162227,81.43501209752466,28.516772752652148,0.5317122650288479,0.0632467895030709,0.13069086171598734,0.8060562069607295,0.18911016192071467,0.7418377451029634,0.08378073891222351,9.0,MO,0.667
virginiafoxx,16256269,Virginia Foxx,Republican,3436,32770,780,6302,2008-09-12 13:30:07+00:00,118.0,official,0.00819672131147541,89.03073770491804,3.6696035242290748,2.541850220264317,0.16740088105726872,-0.004180450291604312,-0.0012059678401879824,-0.009998611515432194,0.008874657158250575,0.05401510400403586,0.020955210009021077,82.10042819691233,26.35835420914652,0.4750218467812409,0.04978987194412107,0.15223544819557625,0.7979749708963911,0.25035852735739234,,,,NC,
petekingcpg,1630397408,Pete King,Republican,126,428,59,131,2013-07-29 13:44:19+00:00,116.0,official,0.08333333333333333,84.95833333333333,3.5,2.5,0.1,-0.06465041426518243,-0.09787912076818775,-0.11222326653557166,-0.10971995780988648,-0.053983444718604987,-0.12163500176571446,81.26190476190476,29.78333333333333,0.6080952380952381,0.033984126984126985,0.19353174603174605,0.7724841269841269,0.4020333333333333,0.596361044537095,0.045401432186351155,8.0,NY,
repcleaver,163570705,Rep. Emanuel Cleaver,Democrat,9425,50184,1192,11490,2010-07-06 19:14:47+00:00,118.0,official,0.0,94.3076675257732,4.055555555555555,2.8589181286549707,0.0021929824561403508,0.021378426004189342,0.025697811051851316,-0.010730686294888997,-0.0016905623353786904,0.022753194554271473,0.03504284278171555,80.0167374005305,28.056729973474802,0.5721877984084881,0.06355586206896552,0.13683045092838195,0.7996103978779842,0.2250569124668435,,,,MO,
RepEliotEngel,164007407,Eliot Engel,Democrat,3264,51266,1020,5884,2010-07-07 20:34:17+00:00,116.0,official,0.0,95.34741379310344,4.166666666666667,2.937074829931973,0.0,0.00862110760880426,-0.00010033526879036936,-0.0018997405896766884,-0.012197566852103284,0.022075097678535792,0.0075599220155373225,80.56911764705882,28.547273284313725,0.8854748774509804,0.07774356617647059,0.15311642156862745,0.7691400122549019,0.1822031556372549,0.2852279848388761,0.05177131830786891,8.0,NY,
NydiaVelazquez,164369297,Rep. Nydia Velazquez,Democrat,8425,79944,6058,11823,2010-07-08 18:18:20+00:00,118.0,official,0.0015105740181268882,95.75793051359517,4.08867775138559,2.937450514647664,0.0023752969121140144,0.023989388721490423,0.025164608870718988,0.044884102741861304,0.058431492282626035,0.014667107699722523,0.017385134521281664,78.5347715133531,26.692855786350147,0.8345732937685459,0.08318350148367953,0.13036462908011867,0.786446646884273,0.13347878931750742,0.22052483835742073,0.09491481372271038,9.0,NY,
jontester,16473577,Jon Tester,Democrat,3446,37076,2900,3678,2008-09-26 19:59:20+00:00,116.0,official,0.004761904761904762,90.35357142857143,4.435294117647059,2.926470588235294,0.008823529411764706,-0.001985090413361858,-0.005151038768207426,-0.021542598015536953,-0.008436221549776326,0.08120246389612343,0.02992542037242633,81.54719384793964,22.03670052234475,0.3169471851421939,0.044262333139872316,0.13342571096923972,0.8223163087637841,0.2667491584445734,,,,,0.667
TeamCornyn,1648117711,Team Cornyn,Republican,5002,5899,1112,6119,2013-08-05 15:52:50+00:00,115.0,campaign,0.06781279847182425,88.46179560649475,3.4927152317880794,2.5125827814569535,0.1509933774834437,0.011811546031249311,0.0007538814917298425,-0.008242602235832576,-0.025776504715221422,0.04183601014706337,0.024696190012075164,78.78223510595761,19.614746101559376,0.5250799680127949,0.04876349460215913,0.16423470611755298,0.7869992003198721,0.26863188724510195,,,,,
SaraJacobsCA,1656913327,Sara Jacobs,Democrat,3391,25907,380,4603,2013-08-09 04:31:02+00:00,117.0,official,0.0,94.09915611814345,4.05410447761194,2.8115671641791047,0.0037313432835820895,0.06463122729083742,0.03116113785734177,,,0.060712995057691455,0.028137780513298325,65.41449424948392,31.919091713358892,0.5359716897670304,0.04846977292833972,0.18352403420819818,0.7680011795930404,0.3368968150987909,0.1173636807329163,,1.0,CA,
SenatorReid,16789970,Senator Harry Reid,Democrat,3136,386316,192,4113,2008-10-15 19:42:08+00:00,114.0,official,0.0,94.00925925925925,3.9444444444444446,2.771604938271605,0.006172839506172839,0.10156564067915869,0.08511732242016598,0.09019101360040509,0.08413729810128152,0.055096430879557595,0.023841097551535965,73.68129464285714,31.05856505102041,0.6578380102040816,0.07978475765306123,0.14175510204081632,0.7784598214285714,0.15454626913265307,0.2716204820367921,0.046539191371683795,4.0,NV,0.394
RepEBJ,168502762,Rep. Eddie Bernice Johnson,Democrat,7497,38060,1526,9858,2010-07-19 14:25:48+00:00,117.0,official,0.005639097744360902,92.33458646616542,4.02991452991453,2.8311965811965814,0.010683760683760684,-0.03161075026964853,-0.012988154538947527,-0.0725057787300173,-0.04598334332582618,0.012979267004666489,0.022153075806149992,83.71099239695877,33.93446178471389,0.5080778978257969,0.03858716820061358,0.14998332666399894,0.8114317727090836,0.23963311991463254,0.7907159534937432,0.04992758742092159,6.0,TX,0.5
repdavidscott,168673083,Rep. David Scott,Democrat,2442,28371,2011,3697,2010-07-20 14:10:32+00:00,118.0,official,0.0,94.35322580645162,4.129310344827586,2.939655172413793,0.0,-0.05075961952065689,-0.028119140389518536,-0.07651366117581364,-0.04462178467933886,-0.019953446421447276,0.0027704771444618873,83.16633087633087,27.58670352170352,0.5496887796887796,0.04446969696969697,0.131990990990991,0.8235364455364456,0.24261281736281737,0.7720487579339683,0.10386999556581253,9.0,GA,0.583
mazieforhawaii,169198625,Mazie Hirono,Democrat,1337,7583,549,1507,2010-07-21 19:47:58+00:00,116.0,official,0.014705882352941176,87.01470588235294,3.9523809523809526,2.7142857142857144,0.023809523809523808,-0.08915363182934517,-0.09286775242744379,-0.10985181535947533,-0.11107023258906512,0.04173726183305729,0.030630274220244405,83.5369109947644,21.88544502617801,0.41158563949139865,0.025687359760658193,0.16919745699326852,0.8051151832460733,0.3212355272999252,,,,,
Matsui4Congress,169331127,Matsui for Congress,Democrat,843,1690,785,927,2010-07-22 02:39:58+00:00,116.0,official,0.017543859649122806,92.39473684210526,3.981132075471698,2.830188679245283,0.03773584905660377,0.028951536077079433,0.024733727102429572,-0.15776823456000333,-0.17740960930397742,0.013843220112653673,-0.018816125693849002,78.49650059311982,34.096251482799524,0.8148517200474495,0.046106761565836304,0.1786488730723606,0.7752443653618031,0.32951459074733097,,,,,
LloydDoggettTX,170111219,Rep. Lloyd Doggett,Democrat,1903,4088,183,2258,2010-07-23 23:50:04+00:00,116.0,official,0.010723860589812333,95.60723860589812,3.974169741697417,2.870848708487085,0.014760147601476014,0.03825403365210181,0.013922940920989694,-0.014140762516462718,-0.022379771713582394,0.0546428226796327,0.030341200177365094,78.20337362059905,30.113058328954285,0.49528638991066737,0.05171466106148187,0.14692012611665792,0.8013589069889648,0.2885533368365738,,,,,0.711
SenBobCasey,171598736,Senator Bob Casey,Democrat,12291,438493,808,15742,2010-07-27 18:38:20+00:00,117.0,official,0.00702576112412178,95.35987509758002,4.097063621533442,2.892332789559543,0.0016313213703099511,0.02706906271681757,0.04567906359657597,0.00955058151790005,0.03476141409800323,0.012759382509679248,0.03259440522646703,79.9974729476853,26.418872345618745,0.673268245057359,0.07741786673175494,0.13417093808477748,0.7884175412903751,0.16882241477503862,,,,,0.438
timkaine,172858784,Tim Kaine,Democrat,10460,965568,776,11970,2010-07-30 20:00:32+00:00,117.0,official,0.0,93.32684918347744,4.1215780998389695,2.892109500805153,0.0,0.022632085528707144,0.019926182628573,0.0047963050041793884,0.007867691510999487,0.06063744867561292,0.028240422257063105,81.80868929254302,30.62117686424474,0.5194847036328871,0.05640650095602295,0.1699621414913958,0.7736281070745697,0.2874498374760994,,,,,0.612
RussFulcher,172944579,Russ Fulcher,Republican,604,3619,653,698,2010-07-31 00:59:35+00:00,116.0,official,0.0,93.55555555555556,4.125,2.8125,0.0625,-0.043285846290706,-0.05223296812541138,-0.13366860496564517,-0.12399167230383235,-0.08379632615852868,-0.06987767468649551,80.07405629139073,33.355811258278145,0.3168377483443709,0.021913907284768212,0.17948509933774837,0.79858940397351,0.3784776490066225,0.6094719719815506,0.03600841715267745,3.0,ID,
JimHagedornMN,1729773254,Jim Hagedorn,Republican,1734,3425,467,2016,2013-09-04 20:04:14+00:00,116.0,official,0.056291390728476824,87.57533112582782,3.288095238095238,2.3595238095238096,0.22857142857142856,-0.052631564769937536,-0.06932010822721849,-0.026901193546325978,-0.05325794612793908,0.050075117113339174,0.0681769468144753,87.18496539792388,23.5918339100346,0.25358708189158014,0.04566378316032295,0.1812439446366782,0.7731014994232988,0.3676493656286044,0.7451994108848804,0.052463116231993935,2.0,MN,
DarrenSoto,1730030220,Darren Soto,Democrat,1781,6991,2143,4320,2013-09-04 22:22:37+00:00,116.0,official,0.0045351473922902496,94.44784580498866,4.128019323671498,2.949275362318841,0.0,-0.12899205772789737,-0.1353953284992112,-0.024368468323690714,-0.012681524895048027,-0.07023310527821101,-0.08974614596098876,84.85873104997192,18.172689500280743,0.7637226277372263,0.041377316114542394,0.16366198764738912,0.7949618192026952,0.32928551375631665,0.22970801940144736,0.03348420879086644,5.0,FL,
SenSchumer,17494010,Chuck Schumer,Democrat,17639,3458975,23384,23903,2008-11-19 20:10:20+00:00,117.0,official,0.0,94.52283770651118,4.031721268850754,2.8933957358294333,0.0046801872074883,0.00413487087737712,-0.0035462550109363494,-0.002488729795815001,0.012782033659139698,0.015165571181055857,0.0013332602473136996,81.3265347545073,24.190971765506294,0.6237203764599161,0.065897159702931,0.13147570723963942,0.8026212370315777,0.18488723283632857,,,,,0.46
jerrymcnerney,176512266,Jerry McNerney,Democrat,452,1882,498,560,2010-08-09 18:55:49+00:00,116.0,official,0.0,95.9090909090909,4.5,3.0,0.0,0.03320792766525258,0.010778042201995727,0.022419250712658118,0.005638540409026854,0.1017691740053116,0.0330645838233868,72.67274336283187,43.73170353982301,0.33577433628318587,0.03985176991150443,0.17273230088495575,0.7874092920353982,0.30652853982300887,,,,,
dinatitus,17907578,Dina Titus,Democrat,5219,14255,1295,8551,2008-12-05 20:49:41+00:00,116.0,official,0.010101010101010102,94.20707070707071,3.9546827794561934,2.8700906344410875,0.00906344410876133,-0.016357944387286435,-0.03565383872210603,-0.01834029226817096,-0.023496458468661115,0.03487749830985592,0.007592553664377211,79.95590342977582,21.973552404675225,0.4848208469055374,0.037689595707990034,0.17462080858401993,0.7876909369611036,0.32707231270358306,,,,,
cathymcmorris,17976923,CathyMcMorrisRodgers,Republican,9816,52413,4805,13657,2008-12-08 23:17:15+00:00,118.0,official,0.021120293847566574,90.53994490358127,2.8445349626612355,2.121520706042091,0.37202987101154106,0.026461225603292334,0.03317543615941933,-0.10385824432863473,-0.08808197681373617,0.046180672589650675,0.04662837911580816,77.6914119804401,26.744392828035863,0.3774745313773431,0.039508455582722084,0.18165943357783212,0.7788319070904646,0.34650381010594944,0.6776365874584305,0.0455259126524226,9.0,WA,0.5
AdamKinzinger,18004222,Adam Kinzinger #fella,Republican,4952,790479,1209,7540,2008-12-09 22:09:35+00:00,116.0,official,0.004454342984409799,89.42093541202672,3.9151670951156814,2.709511568123393,0.04884318766066838,0.08541082456944454,0.01984546129879828,-0.00946797068652222,-0.02218411191505112,0.10421787760673329,0.020944761073181162,63.29673465266559,23.632148626817447,0.6135662358642973,0.0822853392568659,0.12904139741518578,0.7886704361873991,0.08174133683360259,,,,,0.188
JudgeCarter,18030431,Judge Carter,Republican,5230,19546,967,8687,2008-12-10 21:00:58+00:00,118.0,official,0.012747875354107648,89.53045325779037,3.5665399239543727,2.5152091254752853,0.12357414448669202,0.004241630447844493,0.011416902696796422,0.01468389403927174,0.024608948594068255,0.004213452320955665,0.009049091598833624,81.34853728489483,28.3788068833652,0.7051166347992351,0.050444741873804974,0.16111854684512428,0.7884374760994264,0.2808490822179732,0.6759617955884959,0.10813139483816311,9.0,TX,0.256
lisamurkowski,18061669,Sen. Lisa Murkowski,Republican,11392,330066,600,13225,2008-12-11 21:55:19+00:00,117.0,official,0.0,95.9916067146283,4.174721189591078,2.9479553903345725,0.007434944237918215,-0.018015034323111315,0.009057157440810204,-0.044111351453031036,-0.04158838145953326,-0.012577944628740656,0.024435548959401625,84.9354757724719,29.60739202949438,0.36857180477528084,0.03916353581460674,0.16998393609550563,0.7908532303370787,0.4237259480337079,,,,,
ChrisVanHollen,18137749,Senator Chris Van Hollen,Democrat,6693,194377,963,7626,2008-12-15 15:00:29+00:00,117.0,official,0.0,95.59495060373216,4.037372593431484,2.9161947904869763,0.0011325028312570782,0.054021073500001876,0.04283170530500187,0.05400330324734062,0.05513038357657428,0.035521808571596536,0.022466142473086315,78.24577020767967,24.075575974899145,0.7199387419692216,0.09249708650829225,0.13060391453757655,0.7768987001344689,0.12379015389212611,0.1662381433187566,0.05487320995484009,9.0,MD,
Jim_Jordan,18166778,Rep. Jim Jordan,Republican,5936,3801668,3742,10374,2008-12-16 17:20:24+00:00,118.0,official,0.11919368974583698,76.27651183172655,2.9479512735326687,2.1284606866002216,0.26688815060908083,0.0032577099427310596,-0.012017080466794644,-0.017550703303808732,-0.019730889190878658,0.014631160964319212,-0.01039243339811752,78.0722371967655,22.636618935309972,0.4738241239892183,0.0575042115902965,0.08740734501347709,0.8550860849056604,0.0398231974393531,,,,OH,0.667
OrrinHatch,18170310,Orrin G. Hatch Foundation,Republican,2163,62890,10999,3778,2008-12-16 19:36:45+00:00,115.0,campaign,0.028925619834710745,90.72520661157024,3.872549019607843,2.6666666666666665,0.09313725490196079,-0.030095717771653423,-0.03465284849768672,-0.023266824115129463,-0.03310417680080164,-0.05805846184134389,-0.0423139665213881,79.49920480813685,27.45927415626445,0.41868700878409615,0.04703328710124827,0.1367563569116967,0.8162186777623671,0.23613370319001387,0.8336145832745968,0.05600869170372598,6.0,UT,
EspaillatNY,182217410,Adriano Espaillat,Democrat,2337,13151,882,3920,2010-08-24 02:58:47+00:00,117.0,official,0.0055248618784530384,91.85635359116021,3.9664804469273744,2.8547486033519553,0.0111731843575419,-0.04393883055859808,-0.03773639152886906,-0.03110475591704155,-0.027733652422965504,-0.014391788628020142,-0.0578491967881774,85.05703893881044,27.359127086007703,0.5410825845100556,0.04453958065896448,0.17504578519469405,0.7804112109542147,0.28593401797175866,0.12782140045696994,0.081297398889734,5.0,NY,
RepPeteKing,18277655,Pete King,Republican,2708,35455,93,3360,2008-12-21 02:49:32+00:00,116.0,official,0.054474708171206226,78.5612840466926,4.217252396166134,2.7955271565495208,0.04792332268370607,-0.049537570291588215,-0.04951251359957369,-0.05313738811539292,-0.024296472725223547,-0.05350978574231559,-0.08808273647153485,85.52584194977844,24.826997784342687,0.8460561299852289,0.08404320531757754,0.1383083456425406,0.7776554652880355,0.12264892909896603,0.596361044537095,0.045401432186351155,8.0,NY,0.38
TeamHeinrich,183062944,Martin Heinrich,Democrat,4486,6693,658,5338,2010-08-26 01:56:16+00:00,115.0,campaign,0.0,95.22106325706595,3.9886363636363638,2.915909090909091,0.0007575757575757576,0.050975056251228064,0.04346833591033662,-0.002914723531227666,-0.0027699743857525047,0.04205359768077062,0.04651915579187181,71.77102541239411,27.291834596522513,0.46729826125724483,0.059111903700401244,0.14175367810967454,0.7991261703076238,0.22988840838163171,,,,,
JoeCourtneyCT,183351637,Joe Courtney,Democrat,413,1865,1265,536,2010-08-26 20:01:13+00:00,116.0,official,0.0,96.80555555555556,4.242424242424242,2.9393939393939394,0.0,-0.001978379476711246,-0.02634662994998976,-0.05376757920656964,-0.06127704129070329,0.008656875373215892,-0.02192762035251131,84.81806295399515,37.66578692493947,0.19585956416464892,0.026615012106537533,0.1784866828087167,0.7948886198547215,0.503244794188862,,,,,
EnziforWyo,1848942470,Mike Enzi,Republican,214,199,29,222,2013-09-09 17:46:57+00:00,115.0,campaign,0.05,83.9875,3.6666666666666665,2.466666666666667,0.1,0.028291044249228008,0.03455618257443052,0.04037515380193161,0.03690554793398805,,,77.80901869158879,35.829018691588786,0.19817757009345796,0.04644392523364486,0.18192990654205607,0.7716168224299066,0.33979345794392524,0.9095107838348729,0.05897357803303528,8.0,WY,
RepBlaine,1849261916,Blaine Luetkemeyer,Republican,2316,18591,343,3157,2013-09-09 19:53:08+00:00,118.0,official,0.015463917525773196,86.02319587628865,3.647398843930636,2.578034682080925,0.1329479768786127,0.006504525418923618,0.015889007016657068,0.0002521848085827932,0.025258209173461086,0.022066984472450535,0.02243108473832724,83.913993955095,27.827443868739206,0.5113860103626943,0.04094170984455958,0.17217918825561312,0.7868803972366148,0.3368511658031088,,,,MO,
braun4indiana,1861019372,Mike Braun,Republican,554,14831,35,727,2013-09-13 16:01:50+00:00,116.0,official,0.125,81.6796875,3.1153846153846154,2.1538461538461537,0.25,0.056387541607427615,-0.007890352195977678,,,0.04266257243836276,-0.002640421854041968,75.65851985559567,29.53395306859206,0.714115523465704,0.04213537906137184,0.158442238267148,0.7994133574007221,0.3711146209386281,0.9498465987975392,0.0333812167654752,3.0,IN,
JerryMoran,18632666,Senator Jerry Moran,Republican,6296,119786,3063,7595,2009-01-05 14:25:22+00:00,117.0,official,0.003861003861003861,94.13191763191763,4.161713286713287,2.887237762237762,0.02097902097902098,-0.011621622211284289,0.007995003734069672,-0.009035198264391144,0.0012852007149262126,-0.012608932015512593,0.010535640998580642,85.65887229987294,28.223576874205847,0.5219965057179161,0.04352827191867852,0.15837642947903433,0.7980952986022871,0.34810825921219823,0.7838692736828382,0.05049670841016707,9.0,KS,
moranforkansas,18632809,Moran for Kansas,Republican,911,2561,358,1608,2009-01-05 14:31:52+00:00,115.0,campaign,0.007407407407407408,89.37777777777778,3.727272727272727,2.602272727272727,0.056818181818181816,0.04892533092452584,0.03157028353592919,0.06440457923523975,0.045187950119250114,0.09335031404137277,0.06908877125851182,78.29058177826565,28.636004390779366,0.5811086717892425,0.0528847420417124,0.16538199780461033,0.7817321624588365,0.2939867178924259,0.7838692736828382,0.05049670841016707,9.0,KS,
dankildee,18674498,Dan Kildee,Democrat,1330,6905,1779,1695,2009-01-06 13:39:10+00:00,116.0,official,0.017699115044247787,94.48230088495575,3.9347826086956523,2.891304347826087,0.03260869565217391,0.021436881160834736,-0.003056845750617693,-0.0011287518736844378,-0.01581114106643402,0.010948048434673346,-0.011732689048560743,79.94187969924812,28.110413533834585,0.5195338345864662,0.0543406015037594,0.16907593984962407,0.7765706766917293,0.3099324060150376,,,,,
SenatorMenendez,18695134,Senator Bob Menendez,Democrat,14415,216617,1058,18988,2009-01-06 21:01:12+00:00,117.0,official,0.003067484662576687,96.35843558282208,4.029411764705882,2.8970588235294117,0.005754475703324808,-0.013936754678901014,-0.01775698494738857,-0.03691126668250729,-0.029180711137915108,-0.008052430024929665,-0.009091456540615007,77.9585258411377,25.94743322927506,0.6749053069719043,0.0708120707596254,0.1292123482483524,0.7999766215747486,0.1720482414151925,,,,,0.5770000000000001
DanSullivan_AK,1869975300,Dan Sullivan,Republican,1012,4929,577,1139,2013-09-16 02:47:59+00:00,116.0,official,0.0,95.37323943661971,3.8727272727272726,2.8,0.09090909090909091,-0.0007149875392339749,-0.017426388780264535,-0.03641443657649487,-0.05814180056672243,0.0025357654505293306,-0.014789871250780911,80.89056324110672,27.475276679841897,0.4869466403162055,0.03232806324110672,0.19887450592885375,0.7688033596837944,0.38792766798418976,0.7328396919935571,0.047289409406973196,7.0,AK,
chuckschumer,1872999342,Chuck Schumer,Democrat,788,44783,139,1051,2013-09-16 21:08:18+00:00,116.0,official,0.006756756756756757,91.87837837837837,3.857142857142857,2.7714285714285714,0.014285714285714285,0.050136980501285996,0.01692983436150235,0.03889449863077328,-0.03339211864254284,0.053200271550651726,0.022367584964390525,76.3161040609137,26.81244923857868,0.5991624365482233,0.0574263959390863,0.1682005076142132,0.7743705583756345,0.2848031725888325,,,,,
RepScottPerry,18773159,RepScottPerry,Republican,3430,76023,3016,4286,2009-01-08 18:29:58+00:00,118.0,official,0.005763688760806916,88.05187319884726,3.876190476190476,2.6920634920634923,0.06031746031746032,-0.04777223676230103,-0.03769563261853242,-0.03234941868395399,-0.024198945710678637,-0.0062329939144197335,-0.007604045920266836,85.98946938775511,24.49654810495627,0.571067055393586,0.04775131195335277,0.15380583090379008,0.7984399416909621,0.2695757142857143,0.7696410488577237,0.03015240932225292,9.0,PA,
JeffFortenberry,18805303,Jeff Fortenberry,Republican,3753,24812,2179,4640,2009-01-09 16:14:19+00:00,117.0,official,0.0,91.27407407407408,4.411290322580645,2.935483870967742,0.016129032258064516,-0.04046870078384204,-0.02611645967410234,-0.10314846011615278,-0.094640251675573,-0.022588518522024488,-0.015424696171087457,86.40936051159073,30.91187316813216,0.4935491606714628,0.04464828137490008,0.16911377564614974,0.7862427391420197,0.35803160138555823,0.6981947020156566,0.029256865776054235,8.0,NE,
USRepKCastor,1880674038,US Rep Kathy Castor,Democrat,8066,25214,5518,12803,2013-09-18 20:03:57+00:00,118.0,official,0.006487488415199258,96.08248378127897,4.0798226164079825,2.942350332594235,0.0022172949002217295,-0.03726753273070908,-0.018477573655598156,-0.034867353252528516,-0.010149556188955368,-0.018872708737461868,0.00195521477901253,82.81764319365237,20.963651128192414,0.5899256136870816,0.05267579965286387,0.15516687329531367,0.7921510042152243,0.3022755269030498,,,,FL,0.75
mlfudge,18829123,Marcia L. Fudge,Democrat,186,33801,1641,408,2009-01-10 06:56:46+00:00,116.0,official,0.0,95.9375,4.066666666666666,2.8666666666666667,0.0,0.008082354978047665,-0.0010606337959078152,-0.09155521037818208,-0.07959293932779565,-0.029277875485456597,-0.0310025450999156,80.46344086021506,28.292688172043007,0.49005376344086027,0.029376344086021508,0.13440322580645161,0.8362204301075269,0.2558822580645161,0.25591373084079483,0.03690452772877334,8.0,OH,0.6
Foster4Congress,188403766,Bill Foster,Democrat,1005,2792,470,1241,2010-09-08 17:10:54+00:00,116.0,official,0.0,96.10336538461539,4.010309278350515,2.88659793814433,0.005154639175257732,0.04864523970364514,0.03136556131199655,-0.06493081898962193,-0.06539787284569766,0.05989499671792817,0.03888056108363452,80.52296517412935,30.905253731343283,0.49706467661691545,0.04974925373134328,0.17102487562189053,0.7792248756218906,0.35413751243781094,,,,,
JohnGaramendi,18907463,John Garamendi,Democrat,425,3991,1154,998,2009-01-12 17:25:02+00:00,116.0,official,0.025,86.725,3.9130434782608696,2.6956521739130435,0.043478260869565216,-0.04272721318309015,-0.03833836908155859,-0.10661886361877838,-0.0926433378036843,0.017348834797341034,0.0008036907242593274,81.55364705882354,35.323670588235295,0.43936470588235293,0.035767058823529416,0.1436470588235294,0.8205788235294117,0.2817934117647059,,,,,0.5
Tom_Suozzi,18907639,Tom Suozzi,Democrat,2524,7703,1385,2896,2009-01-12 17:30:03+00:00,117.0,official,0.0,89.79081632653062,4.034090909090909,2.965909090909091,0.005681818181818182,-0.041910376392181314,-0.06433349816518127,-0.09566033313730313,-0.10496122231449401,-0.005345717403725102,-0.03409648546293975,80.73849841521394,29.765122820919174,0.3142274167987322,0.03573890649762282,0.1619092709984152,0.8023593502377179,0.3090916798732171,0.3401785641855882,0.09569844404653793,5.0,NY,
JimLangevin,18909919,Jim Langevin,Democrat,13986,29567,4543,15227,2009-01-12 18:36:58+00:00,116.0,official,0.0006747638326585695,93.14608636977059,4.103108415466262,2.9067475360121304,0.003032600454890068,-0.017083472438777166,0.0034479386304355946,-0.01595129745832225,0.005570195580544031,0.005916620172282588,0.0192451097192991,82.47683612183613,24.769217074217075,0.5328199628199628,0.03797182897182897,0.2116764621764622,0.7503496353496353,0.467058487058487,,,,,
senrobportman,18915145,Rob Portman,Republican,21652,171242,5009,23608,2009-01-12 20:56:42+00:00,117.0,official,0.0017873100983020554,93.29501787310099,4.084213615023474,2.8594483568075115,0.01936619718309859,0.013277872958746858,0.031963934617274065,-0.010902015166636969,-0.012477049061713846,0.015210251277377502,0.041118563872119124,83.99004341400332,28.499766303343804,0.49730417513393677,0.05327771106595233,0.16773928505449842,0.7789784777387769,0.34972655643820433,,,,,0.654
MarkKirk,18943852,Mark Kirk,Republican,1855,7721,3504,2867,2009-01-13 16:55:53+00:00,114.0,campaign,0.0103359173126615,89.98320413436693,3.9216710182767622,2.7624020887728458,0.02349869451697128,0.056933915795777064,0.06168053114994433,-0.007564301247605139,-0.017807508515525663,-0.3026579197092957,-0.25407392956683655,79.56537466307277,27.53755795148248,0.470177897574124,0.06587978436657682,0.14872614555256064,0.7853978436657681,0.18985735849056604,0.5942325762846394,0.024594698526732923,4.0,IL,
CongressmanGT,18967498,"Glenn ""GT"" Thompson",Republican,6459,24248,2949,8722,2009-01-14 04:54:58+00:00,118.0,official,0.006493506493506494,91.36201298701299,4.233870967741935,2.8629032258064515,0.024193548387096774,-0.189679716938143,-0.13666914104288774,-0.21014118029794981,-0.14335506276677937,-0.08301231941671545,-0.06265208864043388,92.56454714352067,27.392076172782165,0.6294503793156835,0.02947809258399133,0.14138365071992567,0.8291365536460753,0.30427128038396034,0.7476653382083019,0.0687530954221668,9.0,PA,
DavidVitter,19028248,David Vitter,Republican,5208,26418,5764,8349,2009-01-15 16:49:46+00:00,114.0,official,0.07341490545050056,86.1821468298109,3.419597989949749,2.4288107202680065,0.20435510887772193,-0.0239402979948774,-0.0230067820407812,-0.062409347446098475,-0.056878789932349,,,80.51569124423962,28.253759600614437,0.4037615207373272,0.05651920122887864,0.16152745775729646,0.78195410906298,0.2355182411674347,0.8706529780464907,0.01996912562176164,4.0,LA,
RepTomGraves,190328374,Tom Graves,Republican,4067,22658,1522,4926,2010-09-13 17:36:23+00:00,116.0,official,0.012461059190031152,91.35046728971963,3.8671875,2.71484375,0.0703125,-0.02741277450114346,-0.016042991802015055,-0.05943926990720712,-0.05335754816976529,0.0003391572251081111,0.016499996747359896,82.81414064420949,28.91441111384313,0.3836833046471601,0.04256134743053848,0.14448069830341775,0.8129574625030735,0.2572758790263093,0.7333172843184576,0.06954635100831584,7.0,GA,0.638
RepGuthrie,1908143071,Rep. Brett Guthrie,Republican,1733,21300,244,2153,2013-09-26 14:37:17+00:00,118.0,official,0.007352941176470588,84.82720588235294,3.8452380952380953,2.619047619047619,0.05952380952380952,-0.038913292697828526,-0.00409609909402986,-0.02764146263195022,-0.009254605825614524,-0.024963987041368436,0.007120698686610786,83.95619157530294,26.588309290248127,0.3845297172533179,0.04217368724754761,0.1843075591459896,0.7735181765724178,0.400434218118869,,,,KY,
jdanbishop,1912799826,Dan Bishop,Republican,2849,21687,838,4423,2013-09-28 02:03:15+00:00,117.0,official,0.1165644171779141,84.95092024539878,3.456953642384106,2.4834437086092715,0.152317880794702,0.03643711821314265,0.004232677125554721,0.2937111175609748,0.2012979696710604,0.03857492940361398,0.006164182887836882,68.738073008073,23.71428922428922,0.7082555282555283,0.0708023868023868,0.13174061074061075,0.7974566514566516,0.10864949104949105,0.6131434628603442,0.1236221148032847,3.0,NC,
krhern,19168067,Kevin Hern,Republican,679,7044,2260,755,2009-01-19 02:52:32+00:00,116.0,official,0.016042780748663103,84.4572192513369,3.5542857142857143,2.5314285714285716,0.06857142857142857,0.06031639800519061,0.02885146475812067,-0.1471849332426716,-0.07542327624021682,0.09001968316100661,0.0482336259199734,73.71842415316642,29.078409425625924,0.603519882179676,0.04468777614138439,0.18666568483063328,0.7686435935198822,0.4414368188512518,0.6533456872935925,0.1505106482098854,4.0,OK,
SenatorLujan,19318314,Senator Ben Ray Luján,Democrat,5369,41293,920,7218,2009-01-22 01:00:32+00:00,117.0,official,0.001597444089456869,94.78993610223642,4.01037851037851,2.8937728937728937,0.0018315018315018315,-0.008828362796476318,0.0017584383267731298,-0.4271238489225232,-0.32763683236446306,0.012225717484727578,0.018339349356461348,80.29066492829205,28.749923635686347,0.7514341590612776,0.06529707580555037,0.1456682808716707,0.7890424660085676,0.26931849506425776,,,,NM,
PramilaJayapal,193441812,Pramila Jayapal,Democrat,11929,255132,8783,20823,2010-09-21 20:41:29+00:00,117.0,official,0.003236245954692557,94.79881337648328,3.8100371747211894,2.766171003717472,0.01970260223048327,0.031132528367770508,0.01518768395752313,-0.05866022895615819,-0.06417122226125403,0.06939335094009301,0.050872077180905924,71.16516556291391,26.068341017687988,0.8383636516053316,0.07026288875848773,0.16479520496269595,0.7649442534998743,0.2165583032944924,0.0925820619066082,0.03525068470612148,5.0,WA,
RepJudyChu,193732179,Judy Chu,Democrat,6139,83565,46894,8037,2010-09-22 15:18:17+00:00,118.0,official,0.0037688442211055275,94.83731155778895,4.0,2.8484076433121017,0.003821656050955414,0.04951073200250928,0.03472867436438142,-0.027390317143198093,-0.016833513259201082,0.05483307683762291,0.02884906644782882,72.31550415377097,27.10022967910083,0.7984362273985992,0.08373269262094803,0.13687880762339144,0.7793871966118261,0.13034140739534125,,,,CA,
SenCapito,193794406,Shelley Moore Capito,Republican,11624,93430,1089,13340,2010-09-22 18:06:14+00:00,117.0,official,0.0008210180623973727,90.77093596059113,4.035363457760314,2.8330058939096268,0.019646365422396856,-0.020366611411860604,0.0042481499894643825,-0.028991843060834487,-0.015738983998424917,-0.0035287735770817927,0.011009001242306991,83.35098158981417,33.58149260151411,0.33398916035788023,0.03543281142463868,0.16362801101169994,0.8009391775636614,0.36421781658637303,,,,,0.429
SenJohnMcCain,19394188,John McCain,Republican,11068,2805270,373,14397,2009-01-23 13:42:31+00:00,114.0,official,0.005103668261562998,95.14178628389155,4.026851234156104,2.8682454969979987,0.016344229486324215,-0.04320990408109135,-0.042577076330697884,-0.03903308983267024,-0.055468938888029194,,,88.2399503071919,26.16111131189013,0.617176544994579,0.06456631731116733,0.14116371521503435,0.7942701481749187,0.17254028731478135,0.738757019621658,0.08632271833376778,5.0,AZ,0.475
KingforCongress,194729373,King for Congress,Republican,935,557,540,971,2010-09-24 21:27:06+00:00,116.0,official,0.0,90.20121951219512,4.75,2.9166666666666665,0.0,-0.0803664139701894,-0.0655063620223053,-0.0803664139701894,-0.0655063620223053,,,90.8314652406417,37.25032085561497,0.09805347593582889,0.02587486631016043,0.08092941176470587,0.8931957219251337,0.12395208556149732,0.8141972373419255,0.06459313323603263,8.0,IA,
ReElectCummings,1961794370,Elijah E. Cummings,Democrat,1885,3516,1921,3309,2013-10-15 03:18:39+00:00,116.0,official,0.01020408163265306,92.35102040816327,3.863961813842482,2.768496420047733,0.04295942720763723,-0.06688963293543489,-0.0594669364913639,-0.13079560588217504,-0.12358196396443517,-0.035652239303320774,-0.02676465789479267,85.27464721485411,23.570472148541118,0.3993899204244032,0.04412519893899204,0.08896074270557029,0.8669167108753315,0.10768344827586206,0.220131803540869,0.0198749213158124,6.0,MD,
SenatorCollins,19726613,Sen. Susan Collins,Republican,3802,558201,940,4422,2009-01-29 18:56:59+00:00,117.0,official,0.0,95.9579945799458,4.052434456928839,2.947565543071161,0.003745318352059925,-0.040770574293608745,-0.010863976969806458,-0.034491955984352535,-0.0009405390545015479,-0.01952399429813357,0.019708809664203002,87.97365334034718,17.720076275644395,0.5497396107311942,0.047783271962125194,0.16180273540241977,0.790405049973698,0.35364218832193584,0.48472483887126494,0.07092247517918959,9.0,ME,0.5
SpeakerMcCarthy,19739126,Kevin McCarthy,Republican,21758,2324888,1460,21555,2009-01-29 22:28:48+00:00,118.0,official,0.03461538461538462,87.01217948717948,3.628120893561104,2.5584756898817345,0.1340341655716163,0.03428872416397328,0.028833704029674036,-0.0010473496112124703,0.004966630012004466,0.045761794148745344,0.01523036827875358,80.04178157749587,24.197579518293807,0.48029784886927746,0.06722713484695285,0.12590596562184025,0.8068652449673683,0.13233479180071697,,,,CA,
RepKevinBrady,19926675,Kevin Brady,Republican,10868,57540,867,16397,2009-02-02 19:57:06+00:00,117.0,official,0.015333013895543843,89.57570675610924,3.598989898989899,2.5176767676767677,0.13131313131313133,-0.012761219190754574,-0.004994499035520242,-0.016947972431655696,-0.0032434221111573517,-0.02618025187229879,-0.0244118661244976,80.9179057784321,24.094106551343394,0.45712918660287083,0.06416866028708133,0.13162035333087965,0.8042108943687891,0.16551336032388664,0.6572824552624925,0.08983025641246387,9.0,TX,0.55
RepAndreCarson,199325935,André Carson,Democrat,4941,62232,1011,6005,2010-10-06 15:47:50+00:00,118.0,official,0.0,93.82683982683983,4.291139240506329,2.8860759493670884,0.0,-0.0072824129462033165,-0.008948019540971082,-0.08968666650140299,-0.08047291460088289,0.05170863314382846,0.03970713720443603,78.33202995345071,31.599437360858126,0.6861971260878365,0.051239425217567296,0.18258166363084397,0.7661770896579639,0.33966994535519124,,,,IN,
RepPeteOlson,20053279,Pete Olson,Republican,9890,11886,2203,11751,2009-02-04 13:40:57+00:00,116.0,official,0.005274261603375527,93.80485232067511,3.868731563421829,2.7359882005899707,0.06784660766961652,-0.08552484884207405,-0.09367338148101265,-0.00767180553378168,0.0042845412817305835,-0.13667520920416032,-0.15404172148908452,84.38285743174924,27.818762386248736,0.5852295247724975,0.04681880687563195,0.16761789686552073,0.785560970677452,0.3295584529828109,0.8889512264003745,0.08311671978069993,8.0,TX,
stabenow,20113797,Debbie Stabenow,Democrat,2386,63261,232,2643,2009-02-05 01:56:00+00:00,116.0,official,0.007444168734491315,95.58436724565757,3.9918918918918918,2.889189189189189,0.005405405405405406,0.03207737911314281,0.011670073524039381,-0.006397452754268564,-0.009450528641905945,0.06842570223729523,0.02046849030862133,74.62638155136268,29.344159329140464,0.4724779874213836,0.04196227996647108,0.21385624476110646,0.744173512154233,0.40765930427493713,,,,,
SenJohnBarrasso,202206694,Sen. John Barrasso,Republican,4477,161394,537,7300,2010-10-13 14:49:08+00:00,117.0,official,0.0125,86.590625,3.6598746081504703,2.5266457680250785,0.09717868338557993,-0.009585066492339103,-0.005708921439445018,-0.030097621518202684,-0.016228063836330735,0.006368073669798974,-0.001008253517758896,84.00006030824213,22.757884744248383,0.442193433102524,0.05620348447621175,0.13379785570694663,0.8099970962698235,0.2281018762564217,,,,,0.625
VernBuchanan,20467163,Rep. Vern Buchanan,Republican,2910,31949,7363,4255,2009-02-09 21:05:19+00:00,118.0,official,0.0,90.92017326732673,4.26173285198556,2.783393501805054,0.036101083032490974,0.023800630970075586,0.0277662439712247,0.0576592221959074,0.06262222595701622,0.011284118472158378,0.012188684786810572,82.61681443298968,25.77809621993127,0.6770790378006872,0.07446013745704468,0.13752233676975945,0.7880219931271477,0.15312395189003436,,,,FL,0.55
RepSchrader,20545793,Rep. Kurt Schrader,Democrat,2898,30812,910,3768,2009-02-10 21:04:21+00:00,117.0,official,0.0,95.49044585987261,4.316901408450704,2.9788732394366195,0.0,-0.0017973681083777407,0.013582492587438445,-0.01210557711543772,-0.00011245414749394301,0.005620375495266692,0.028681712781642457,83.02585921325051,33.39347135955832,0.37227398205659074,0.04076432022084196,0.1611400966183575,0.7980938578329884,0.372828226363009,,,,,0.5
InhofePress,20546536,Inhofe Press Office,Republican,3855,15099,1188,6386,2009-02-10 21:12:51+00:00,117.0,official,0.02696078431372549,87.64828431372548,3.6201117318435756,2.505586592178771,0.15363128491620112,-0.05983684172554219,-0.02855791367641394,-0.073407535486535,-0.04513289725424104,-0.24000789249401944,-0.15942165528950947,85.73731258106356,19.396775616083012,0.3026355382619974,0.06021219195849546,0.09834889753566796,0.841442542153048,0.08391037613488975,,,,,
RepPerlmutter,20552026,Ed Perlmutter,Democrat,6548,37621,4722,8776,2009-02-10 22:17:52+00:00,117.0,official,0.0,95.54756181318682,4.16131621187801,2.9791332263242376,0.0,0.009920402335567877,0.033300130434784456,-0.011137133482899252,0.012326684686926331,0.016643829701036776,0.03954717553665412,82.11674251679904,28.20708460598656,0.443562919975565,0.050000916310323766,0.15882315210751374,0.7911730299328038,0.3047661728772144,,,,,
SenBillNelson,20597460,Bill Nelson,Democrat,1471,360786,72,2049,2009-02-11 15:44:25+00:00,115.0,official,0.0,97.01776649746193,4.313513513513514,2.962162162162162,0.0,0.02695716381559466,0.0364774873382439,0.07244461527977347,0.0645311674136409,-0.013100828237366363,0.01826478361386362,78.64697484704283,30.798280081577158,0.5548130523453433,0.06736981645139362,0.12915771583956492,0.8034792658055744,0.19643269884432357,0.4308569922641565,0.09910315376724829,6.0,FL,0.6
MarcVeasey,20688358,Marc Veasey,Democrat,1591,7017,1647,2737,2009-02-12 16:05:17+00:00,116.0,official,0.0,96.45522388059702,4.017241379310345,2.896551724137931,0.0,0.010827121642152757,-0.03781074721762592,-0.07004836997816612,-0.09074643703800636,0.06652174447841018,0.0019231800994231549,71.0015021998743,26.840609679446892,0.357850408548083,0.051434318038969196,0.18181081081081082,0.7667592708988058,0.2684966059082338,,,,,
kyrstensinema,20747881,Kyrsten Sinema,Democrat,11975,190782,219,18131,2009-02-13 04:32:46+00:00,116.0,official,0.002291825821237586,94.80022918258213,4.164746543778802,2.944700460829493,0.002304147465437788,-0.049814441308352705,-0.04124027675799846,-0.014875995282224028,-0.03605312730800823,-0.03743218140902555,-0.010237859618541225,74.14703215031315,30.054440083507306,0.42973444676409184,0.03676668058455115,0.198197745302714,0.7650373277661795,0.3501335866388309,,,,,
CoryGardner,20879626,Cory Gardner,Republican,1181,20528,155,2008,2009-02-14 23:33:30+00:00,116.0,official,0.0,94.75,4.069767441860465,2.9069767441860463,0.011627906976744186,-0.012213690642198185,-0.026054103635779834,-0.05842759563373077,-0.06957071484178527,0.020383946197803877,0.006014531910895664,81.39945808636747,33.55516511430991,0.33560541913632513,0.04728111769686706,0.14606181202370871,0.8066562235393734,0.26903869602032177,0.7711619385514076,0.038306095617418476,8.0,CO,0.333
Duncan4Congress,21048033,Jeff Duncan,Republican,330,4536,889,1365,2009-02-17 00:32:00+00:00,116.0,official,0.125,82.9375,3.0,2.125,0.375,0.031057786914129745,-0.01173000425741348,0.021808168572097258,-0.0005648829222707051,0.010626432774661724,-0.04950688714215407,74.94581818181818,32.226454545454544,0.38327272727272726,0.04004242424242424,0.16463939393939395,0.7953121212121211,0.2784842424242424,0.9042892753793438,0.05902657840442982,9.0,SC,
tedlieu,21059255,Ted Lieu,Democrat,28201,1650614,11110,34669,2009-02-17 03:12:31+00:00,116.0,official,0.007309941520467836,94.04641812865498,3.912826420890937,2.8129800307219663,0.01152073732718894,0.023557162245855474,-0.0025782004598563397,0.03292183271769742,0.01747987652599934,0.024292709152721848,-0.0029267047437278784,63.92426935215064,25.649184780681537,0.7958210701748165,0.08254646998333393,0.13433133576823517,0.7831197475266833,0.09273382504166519,0.21507577594528257,0.032252619150840066,7.0,CA,0.667
Andy_Levin,21061366,Andy Levin,Democrat,2678,16062,4390,4025,2009-02-17 03:45:20+00:00,116.0,official,0.009615384615384616,96.34535256410257,4.042592592592593,2.8944444444444444,0.0,0.06563361850164887,0.024925274497860805,0.005427226366306201,-0.04239274796420882,0.07854081417786218,0.03216062690365549,73.37786781179985,32.702091112770724,0.7451157580283794,0.049925317401045555,0.16081105302464524,0.78926213592233,0.37817247946228527,0.2806564356927194,0.03145974985207818,6.0,MI,
RepCuellar,210926192,Rep. Henry Cuellar,Democrat,5853,31197,3351,7334,2010-11-01 20:20:17+00:00,118.0,official,0.0,95.43333333333334,4.1457943925233645,2.914018691588785,0.003738317757009346,-0.040916556409219866,-0.008396067110085352,-0.03900935393629077,-0.0015951196068380424,-0.005146465940580787,0.02066630150801982,86.68671792243293,29.051300187937812,0.3715957628566547,0.03492687510678284,0.14471518879207246,0.8203686998120623,0.32491882795147786,,,,TX,0.667
SenShelby,21111098,Richard Shelby,Republican,2710,98181,548,3303,2009-02-17 17:53:43+00:00,117.0,official,0.011904761904761904,89.73214285714286,3.8297872340425534,2.7092198581560285,0.04964539007092199,-0.021172521635567505,-0.003978634450617261,-0.055963593710457636,-0.03276001394740776,-0.009096610183989733,0.009833945481770377,87.00876752767527,26.641789667896678,0.6070442804428045,0.04083025830258303,0.17469557195571955,0.7844686346863468,0.42918940959409596,,,,,
RepSteveStivers,211420609,Archive: Steve Stivers,Republican,3447,34486,902,4004,2010-11-03 05:57:36+00:00,116.0,official,0.0,92.9074074074074,4.0673076923076925,2.7596153846153846,0.10576923076923077,-0.01711962684857058,-0.004042489828969034,-0.040298592877918496,-0.026911845084086318,0.01427234716732169,0.03103374124355268,81.98160719466202,32.337626921961125,0.43761821874093415,0.03179953582825645,0.16998201334493762,0.798209167391935,0.3754140121845083,0.7912927089528978,0.05118308392201573,8.0,OH,
RepBillJohnson,211530910,Rep. Bill Johnson,Republican,6577,43419,859,8303,2010-11-03 14:33:04+00:00,118.0,official,0.023965141612200435,85.26579520697167,3.54375,2.46875,0.209375,-0.05472186686963746,-0.04777988878029262,-0.07012337093326679,-0.058348736820601814,-0.009305153492595532,-0.02058196624304581,82.96388474988596,30.976603314581116,0.42129998479549946,0.043478485631747,0.14637418275809638,0.8101532613653641,0.24724079367492777,0.8094609886097958,0.07184994985244127,9.0,OH,0.1669999999999999
SenatorBurr,21157904,Richard Burr,Republican,2972,168100,856,3983,2009-02-18 01:53:03+00:00,117.0,official,0.002386634844868735,92.12529832935562,4.053475935828877,2.7887700534759357,0.040106951871657755,0.017162773362217346,0.0320017474279449,0.017731585825081147,0.023548889992585954,0.044653531377027496,0.04894939675198088,80.79598586810229,29.97364737550471,0.4651345895020188,0.05926413189771198,0.14068102288021533,0.8000561911170928,0.21294343876177657,,,,,0.7
SenatorKirk,211588974,Mark Kirk,Republican,5785,46477,1712,6572,2010-11-03 17:51:13+00:00,114.0,official,0.020186335403726708,90.93788819875776,4.022108843537415,2.795918367346939,0.03231292517006803,-0.03820949475210946,-0.015697255338093075,-0.07523460999654405,-0.05129413743386901,,,87.49618150388936,20.865723422644773,0.6837631806395851,0.06884407951598963,0.14518133102852204,0.7859740708729472,0.18440233362143474,0.5942325762846394,0.024594698526732923,4.0,IL,0.3
SenDanCoats,212262370,Senator Dan Coats,Republican,3791,34774,644,5083,2010-11-05 15:56:49+00:00,114.0,official,0.008888888888888889,89.19444444444444,4.379710144927536,2.8434782608695652,0.02318840579710145,0.02873674352773436,0.03510984110785865,-0.015221757242282896,-0.010069716272913943,,,84.5797705091005,27.616198892112898,0.37043787918754945,0.05304378791875494,0.14639541018201002,0.8005594829860194,0.19642260617251386,0.8748856077078251,0.03585334302772569,4.0,IN,
RoyBlunt,21269970,Senator Roy Blunt,Republican,13399,128932,6460,15688,2009-02-19 02:58:03+00:00,117.0,official,0.0020325203252032522,90.9032012195122,4.1316359696641385,2.8315276273022754,0.03466955579631636,-0.00998150323652041,0.01472806455818252,-0.00877869963060126,0.0031170579311941616,0.008430174418651406,0.04010706505418898,84.84479214866782,25.31359056646018,0.4432226285543697,0.04590409732069557,0.1647246809463393,0.7893656243003209,0.32006414657810284,0.6332946696348002,0.04396429218822373,3.0,TX,0.564
BurrForSenate,213339899,Richard Burr,Republican,1301,7079,5278,1479,2010-11-08 17:26:29+00:00,116.0,official,0.0,90.8879781420765,4.182389937106918,2.7861635220125787,0.031446540880503145,0.01889483148105411,0.027704724816643954,-0.10732640496583758,-0.07938588716202095,,,77.69686395080707,21.428447348193696,0.41482705611068404,0.0650130668716372,0.15261798616448885,0.7823704842428901,0.18539085318985396,,,,,
SenMarkey,21406834,Ed Markey,Democrat,14117,263455,1822,19727,2009-02-20 15:49:29+00:00,117.0,official,0.0009537434430138292,94.61850262279447,4.096889342172361,2.9066802651708312,0.002039775624681285,0.007436067383697835,0.025951558811067744,-0.05830082468438445,-0.015172609061895824,0.0272134169431866,0.03894213383364848,80.84546787561096,20.68872919175462,0.7154246652971594,0.08106651554862931,0.13695523128143372,0.7819734362824963,0.1438201246723808,,,,,0.7
DainesforMT,214767677,Team Daines,Republican,1668,3839,297,1791,2010-11-12 05:15:26+00:00,115.0,campaign,0.025,89.525,4.5291479820627805,2.8654708520179373,0.053811659192825115,-0.0008246083589199556,-0.00970204179797835,-0.04991709427508449,-0.07118704043691898,0.002824770845223743,-0.030101854821783368,78.98002997601918,24.73839928057554,0.38511990407673863,0.039670263788968825,0.15815167865707436,0.8021870503597123,0.3062539568345324,,,,,
DavidSchweikert,21509894,David Schweikert,Republican,739,6086,931,2142,2009-02-21 19:29:13+00:00,116.0,official,0.05454545454545454,87.92727272727272,3.7413793103448274,2.603448275862069,0.06896551724137931,0.03636655606875862,-0.002087292027929631,0.03956441455895563,-0.00020579308196255432,0.0493673594861205,0.011904312882753381,73.59975642760487,32.326265223274696,0.29952638700947226,0.03498240866035183,0.186680649526387,0.7783437077131259,0.32981326116373477,,,,,
auctnr1,21572351,Billy Long,Republican,19983,11450,6967,106427,2009-02-22 15:38:43+00:00,116.0,official,0.028827674567584883,90.19452274183216,3.901216058637348,2.737048142595369,0.07679493586540063,-0.12022999190085576,-0.1339173899247977,-0.13506862964479688,-0.14570942830777717,-0.10208640641737791,-0.1244057454442104,82.20506655990391,23.552929136222602,0.28157141427284554,0.07244037431817045,0.07734684481809538,0.8502107791622879,0.03185604764049442,,,,,
SenDonnelly,216503958,Archive: Senator Joe Donnelly,Democrat,5661,94417,213,6131,2010-11-16 22:24:01+00:00,115.0,official,0.0,91.05882352941177,4.508474576271187,2.9703389830508473,0.00423728813559322,-0.06812849415712299,-0.030977195305728476,-0.05913313485443794,-0.03012736324226192,,,89.07222398869457,19.427468645115702,0.3706394629924042,0.041012718600953894,0.12852711535064476,0.8304606959901079,0.22587359123829712,0.5553838688421263,0.11881114016744256,6.0,IN,
LamarAlexander,21669223,Lamar Alexander,Republican,684,4916,707,767,2009-02-23 17:03:33+00:00,116.0,official,0.058823529411764705,89.52941176470588,4.588235294117647,2.8823529411764706,0.0,-0.05142995228495728,-0.06339161440441976,-0.0856454766197498,-0.0907490521840422,-0.0110730239909531,-0.04645420402476424,87.41963450292397,27.01669590643275,0.23048245614035087,0.02496783625730994,0.14813011695906433,0.826906432748538,0.3187530701754386,0.7055702162176897,0.029775573795264368,8.0,TN,0.464
SenBooker,2167097881,Sen. Cory Booker,Democrat,5088,199572,5366,7912,2013-10-31 19:02:04+00:00,116.0,official,0.0,95.20507399577167,3.9597701149425286,2.8448275862068964,0.0011494252873563218,-0.004551987459864994,0.012665801101303484,-0.24483565506536578,-0.11753139067059369,0.03705168463705114,0.03891744811552893,80.53096698113208,24.798518081761006,0.9242138364779874,0.07357350628930817,0.13131682389937108,0.7951143867924528,0.15790868710691824,,,,,0.617
BernieSanders,216776631,Bernie Sanders,Independent,17413,15536923,1459,21063,2010-11-17 17:53:52+00:00,116.0,official,0.01675485008818342,93.08201058201058,3.748815165876777,2.672037914691943,0.04454976303317536,0.07774962243536132,0.05379387416588075,-0.10886961277029576,-0.09283008236034074,0.07838607766355989,0.045622174274959536,70.38947223338884,30.095366105783036,0.7993315339114455,0.07670579452133464,0.11710095905358066,0.806192442428071,0.13224168724516164,,,,,0.5589999999999999
RandPaul,216881337,Rand Paul,Republican,11544,4616283,595,16796,2010-11-17 23:52:35+00:00,117.0,official,0.10362400906002266,82.61551528878822,3.2335744424352018,2.321880650994575,0.19831223628691982,0.04484811189965731,0.027159980639532334,0.009690370508883855,0.0030963480997882264,0.06997394512941561,0.04675420485890324,74.60650207900207,32.15467602217603,0.4833645183645184,0.06442169092169092,0.12663279625779625,0.8089410083160083,0.1387892758142758,,,,,0.512
SenatorTimScott,217543151,Tim Scott,Republican,8933,717422,3774,11777,2010-11-19 20:34:30+00:00,117.0,official,0.007918552036199095,92.19174208144797,4.014891179839633,2.790378006872852,0.030927835051546393,0.01938394450546879,0.012076059673020069,-0.05224251023531385,-0.04425691586402952,0.056761640727203154,0.039721914796529936,79.96429851080507,32.639157989026984,0.534640017915127,0.046957013321392585,0.16529945147206984,0.7877424157617822,0.29958807791335496,0.8489027438459686,0.03499772277884705,9.0,SC,
VanTaylorTX,21826591,Van Taylor,Republican,3772,9405,1825,5453,2009-02-25 02:34:41+00:00,116.0,official,0.038461538461538464,88.63060897435898,3.3636363636363638,2.375,0.045454545454545456,-0.015312655616027317,-0.03920646103944697,0.03509484630025766,0.004405790770974295,-0.00850489623002026,-0.04968126063847291,83.05102332979853,24.551521739130433,0.7567073170731706,0.046795068928950155,0.1771728525980912,0.7760336691410392,0.29439634146341465,0.6093709086055069,0.03721660319942587,3.0,TX,
gregstantonaz,218292287,Greg Stanton,Democrat,5676,67914,3197,7540,2010-11-21 23:15:19+00:00,116.0,official,0.002178649237472767,97.2723311546841,3.9921259842519685,2.931758530183727,0.0,-0.06528229714651845,-0.0715723585571667,-0.05852046731806896,-0.06941182136043836,0.011677718148323264,-0.02586607800766303,83.64228682170543,29.1642459478506,0.43059725158562373,0.027693446088794923,0.20197921071176886,0.7703224101479916,0.4499154157857646,0.356695256657285,0.09822541625228993,3.0,AZ,
AnnLWagner,219010139,Ann Wagner,Republican,2588,5914,590,2844,2010-11-23 18:00:37+00:00,116.0,official,0.14035087719298245,81.02046783625731,3.304054054054054,2.364864864864865,0.20945945945945946,0.022811812928682257,-0.013564426169699795,-0.04077000116876725,-0.06846643410077664,0.08492451364017235,0.04174862242280776,77.09177357032458,30.203469860896444,0.6834853168469861,0.0424435857805255,0.20230486862442043,0.7552519319938177,0.38618717156105103,,,,,0.417
gregsteube,21924842,Greg Steube,Republican,864,11906,194,1076,2009-02-25 21:52:12+00:00,116.0,official,0.10377358490566038,80.61792452830188,3.0618556701030926,2.154639175257732,0.23711340206185566,-0.04378960895173834,-0.0468443809939256,-0.121941053601452,-0.10237225301057476,0.06001836564809898,0.01344617310002394,81.39679398148148,26.11814814814815,0.5213425925925926,0.030209490740740738,0.16097569444444446,0.8088113425925926,0.29773333333333335,0.8920958518794458,0.0606225812529383,3.0,FL,0.25
RepKinzinger,219429281,Adam Kinzinger,Republican,7405,568757,937,9669,2010-11-24 21:04:11+00:00,117.0,official,0.002976190476190476,90.16220238095238,3.935222672064777,2.751012145748988,0.0465587044534413,-0.009852285593872018,-0.01819257927332388,-0.02588081431611099,-0.0018595177327096239,0.057520169351641795,0.008605468584116208,79.58527616475354,28.9469547602971,0.6038217420661716,0.059896151249155975,0.16000513166779204,0.7800953409858203,0.24547578663065497,,,,,
RepStenyHoyer,22012091,Steny Hoyer,Democrat,42696,157621,6700,25659,2009-02-26 14:13:01+00:00,118.0,official,0.0010660980810234541,95.18496801705757,4.129139072847682,2.922737306843267,0.0,0.026804706412549582,0.03584598597961708,0.028177139550636835,0.0476593388967523,0.034616121649424375,0.03369520761473779,86.57053869214916,26.51855349447255,0.5107644744238335,0.05854323590031853,0.16159588720254825,0.7798603616263818,0.2882621884954094,,,,MD,
SenAmyKlobuchar,22044727,Senator Amy Klobuchar,Democrat,1665,95812,4827,1926,2009-02-26 18:50:05+00:00,116.0,official,0.0,95.15824915824916,4.259615384615385,2.918269230769231,0.004807692307692308,0.00626052770500286,0.021271871530787318,,,0.017887696860243364,0.030542902591914407,79.73917117117117,21.97616816816817,0.6062222222222222,0.051308108108108104,0.15161741741741744,0.7970588588588589,0.341380960960961,,,,,0.6940000000000001
replouiegohmert,22055226,Louie Gohmert,Republican,7610,496294,792,9103,2009-02-26 20:14:28+00:00,117.0,official,0.21286370597243492,73.46114088820826,2.44765625,1.819140625,0.4640625,-0.11805623118817873,-0.1026542389590809,-0.12195462001749269,-0.11807259292868352,-0.07632230134375785,-0.0694484997455963,88.91051248357425,26.131006570302233,0.5919763469119579,0.050980026281208936,0.09535939553219447,0.8536613666228647,0.09927143232588699,,,,,0.054
SenToomey,221162525,Senator Pat Toomey,Republican,5492,191106,12,6108,2010-11-29 22:32:09+00:00,117.0,official,0.0074962518740629685,92.66454272863568,4.088349514563107,2.869902912621359,0.021359223300970873,-7.822041271678714e-05,-0.0033439241294506736,-0.04185806083469406,-0.04315586809031236,0.05324786864203576,0.0443490930105879,82.284475600874,26.24519664967225,0.6212927895120175,0.06122141296431173,0.15486926438455936,0.7839045884923524,0.23074785142024765,,,,,0.385
JenniferWexton,2212905492,Jennifer Wexton,Democrat,3130,29271,517,4596,2013-11-24 18:38:14+00:00,116.0,official,0.0024330900243309003,94.20681265206812,4.064343163538874,2.9115281501340484,0.0,0.015184621447774238,-0.006631071647843491,-0.029066855520964167,-0.07543274028292359,0.0314509641292505,-0.0060084196070488,78.68684345047923,32.29109584664537,0.4219744408945687,0.04812460063897763,0.16132492012779553,0.7905488817891374,0.35280699680511185,0.26605550276694395,0.03140552679098809,3.0,VA,
NitaLowey,221792092,Archive: Nita Lowey,Democrat,3686,37240,1885,4857,2010-12-01 16:36:35+00:00,116.0,official,0.00234192037470726,95.1639344262295,4.112244897959184,2.913265306122449,0.002551020408163265,0.02597237666201985,0.04279146618478667,0.0041699151649309514,0.02362572872583399,0.03206794508656991,0.04488775827355531,81.61371606948968,25.617084690553746,0.800342019543974,0.09456456863809007,0.13256212696690178,0.7728752034725991,0.09706988605534454,0.29468639960199683,0.02108722069892825,8.0,NY,0.5
ThomTillis,22195441,Thom Tillis,Republican,2939,40632,5604,3984,2009-02-27 21:49:53+00:00,116.0,official,0.0200445434298441,88.94654788418708,3.646017699115044,2.5250737463126844,0.10619469026548672,0.018223770514028705,-0.004849804189201713,-0.06129298751713988,-0.06849595806847847,0.04732601933550601,0.017996784961272088,74.40416127934671,27.70777475331745,0.6412725416808438,0.055439605307927874,0.14553963933310649,0.7990170125893161,0.2394260973120109,0.8513232667390388,0.04923944259109142,7.0,NC,0.361
JeffMerkley,223166587,Jeff Merkley,Democrat,4291,108172,9054,5014,2010-12-05 16:03:18+00:00,116.0,official,0.005121638924455826,93.99103713188221,3.852112676056338,2.7661971830985914,0.007042253521126761,0.07137335606144009,0.03759291595936734,0.054812776328633545,0.038548809796430265,0.07077052738103912,0.03534925217256986,66.72098345374039,24.765858774178515,0.7395036122116057,0.08568818457236076,0.14093754369610814,0.773373805639711,0.1411615707294337,,,,,0.733
SenatorBennet,224285242,Michael Bennet,Democrat,7138,306225,401,8042,2010-12-08 16:29:29+00:00,116.0,official,0.0,95.75534079348932,4.0870044052863435,2.9306167400881056,0.0,0.019851185532554393,0.035288966130962295,-0.027763267760119552,0.0014925738325985798,0.022421417556569512,0.03464286974872824,80.33525357242925,27.685180722891566,0.526678341272065,0.0629656766601289,0.14566166993555618,0.7913736340711683,0.27176145979265903,,,,,0.85
DarrellIssa,22509548,Darrell Issa,Republican,17364,273397,1443,22649,2009-03-02 17:39:00+00:00,117.0,official,0.02440441603718768,89.73881464264963,3.810810810810811,2.6438438438438436,0.08468468468468468,-0.012417089036213235,0.002324580824242223,-0.025307242110440963,-0.010956477329333428,0.04524661260745757,0.007504473933940292,76.8228800967519,25.460791868233127,0.4233085694540428,0.05201094217922138,0.13767553559087767,0.8103139829532365,0.164949867542041,0.6246052641827411,0.04340191228834474,7.0,CA,0.0
RepByrne,2253968388,Archive: Rep. Bradley Byrne,Republican,11630,26926,3660,16198,2013-12-19 19:42:18+00:00,116.0,official,0.013011152416356878,86.9872986369269,3.7520661157024793,2.6039944903581267,0.048898071625344354,0.016668363357689578,0.02166106840814274,,,0.044858218833199966,0.03388248575079001,81.80496216680997,30.29532588134136,0.32479621668099745,0.046052364574376614,0.16146560619088565,0.7924836629406706,0.31076008598452276,0.8068655281753779,0.07758727726472586,7.0,AL,
KenCalvert,22545491,Ken Calvert,Republican,5790,23320,348,7264,2009-03-02 22:30:20+00:00,118.0,official,0.006930693069306931,91.17821782178218,3.7559171597633134,2.6824457593688362,0.09270216962524655,0.024437732199453343,0.048403514251789896,0.030818136310817604,0.04414562999664689,0.018495505217032953,0.049034147006945514,82.02219861830743,24.41867184801382,0.47543868739205525,0.07150362694300519,0.12863229706390328,0.7998645941278066,0.15200652849740934,,,,CA,
SenatorLankford,225921757,Sen. James Lankford,Republican,8800,127889,757,10893,2010-12-12 20:33:07+00:00,117.0,official,0.02674591381872214,88.53863298662705,3.668896321070234,2.5752508361204014,0.10702341137123746,0.00839254155422674,0.012811620759618938,-0.02506523185457762,-0.0005523306364243985,0.041148558237653066,0.037919548464497875,81.14304204545455,28.573952272727272,0.5419170454545454,0.059053636363636364,0.13155863636363635,0.8093864772727273,0.20641106818181817,,,,,
RepGwenMoore,22669526,Rep. Gwen Moore,Democrat,8205,44420,2954,10827,2009-03-03 20:02:57+00:00,118.0,official,0.004742145820983995,93.54475400118554,3.817808219178082,2.708904109589041,0.0061643835616438354,0.027859730772194,0.028162613160704855,-0.008521327382493652,0.011104788003377353,0.04689576736794081,0.045665345786084444,76.9052845825716,26.03131748933577,0.6990188909201706,0.07338769043266301,0.15035258988421693,0.7762592321755027,0.20213423522242535,,,,WI,0.505
RepGregoryMeeks,22812754,Rep. Gregory Meeks,Democrat,5050,53443,1270,8533,2009-03-04 18:36:27+00:00,118.0,official,0.0035211267605633804,92.50704225352112,4.044368600682594,2.83617747440273,0.013651877133105802,0.024929262012637003,0.015102495654590972,0.017294287963225848,0.03500470587498399,0.046595317379543616,0.030058451756502534,79.12056435643564,28.316653465346537,0.7136574257425742,0.07318792079207921,0.12390237623762376,0.8029081188118812,0.12677550495049505,,,,NY,
BostForCongress,2282437802,Mike Bost,Republican,761,1862,1101,892,2014-01-08 17:28:40+00:00,116.0,official,0.0,87.21052631578948,4.235294117647059,2.764705882352941,0.0,-0.04334797087021067,-0.07696371728810805,,,-0.0009558304997601338,-0.042425692841575574,85.4922864651774,29.83106438896189,0.4157950065703023,0.030265440210249673,0.15563337713534822,0.8141169513797635,0.3691536136662287,0.737515815020063,0.037207514274669264,7.0,IL,
RepDavid,229197216,Rep. David Schweikert,Republican,4856,34802,719,6214,2010-12-21 19:48:02+00:00,118.0,official,0.011049723756906077,91.49723756906077,4.081560283687943,2.773049645390071,0.05319148936170213,-0.017453941582050544,-0.008389155916144421,-0.04249977375698835,-0.05113093550238706,0.009853532750806413,0.031595251476924255,80.98181425041186,33.89817751235584,0.34327841845140034,0.040598023064250414,0.15535317133443163,0.8040535420098847,0.3112007207578254,,,,AZ,
KellyAyotte,229592356,Kelly Ayotte,Republican,8539,55672,1470,9762,2010-12-22 20:20:15+00:00,114.0,staff,0.0,95.5324449594438,3.8729281767955803,2.5870165745856353,0.008287292817679558,-0.006768556809723638,0.005480368194683399,-0.012863923796427567,-0.004105587404721492,0.03207241923810664,-0.01723757055883764,84.2956148981026,25.701164207074257,0.7506746310611385,0.060490104227661316,0.17534114064878792,0.7641669984775734,0.2620000702658391,0.7048043605451567,0.03236454203492967,4.0,NH,0.636
Palmer4Alabama,2296943622,Gary Palmer,Republican,967,3018,1004,1351,2014-01-17 23:44:32+00:00,116.0,official,0.09615384615384616,83.08653846153847,3.297872340425532,2.3404255319148937,0.10638297872340426,-0.007703359462992674,-0.0267013670190305,,,-0.084377025025521,-0.08644138773933865,81.87145811789038,31.86166494312306,0.2605480868665977,0.01377559462254395,0.1583733195449845,0.8278459152016546,0.3573763185108583,0.6619668622142113,0.0552941484464167,7.0,AL,
SenRubioPress,229966028,Senator Rubio Press,Republican,13222,151969,672,16037,2010-12-23 21:22:47+00:00,116.0,official,0.010854816824966078,92.46540027137043,3.8942486085343226,2.692022263450835,0.04452690166975881,-0.14426854872351436,-0.11365189546729909,-0.2702895699458936,-0.22298325389839568,-0.15290546281194625,-0.12458159195573469,90.8580592951142,14.504868401149599,0.5793624262592648,0.05724527302979882,0.09863227953410982,0.8441246407502647,0.11680183784601422,,,,,0.463
tedcruz,23022687,Ted Cruz,Republican,23489,5934826,5400,40883,2009-03-06 03:20:20+00:00,116.0,official,0.1515687140963323,81.94454264250994,2.9896629213483146,2.176629213483146,0.25842696629213485,0.025828034656297523,-0.005556160414414274,0.0004560498113180479,-0.013695245955846643,0.034740285835579164,-0.01532208709783786,76.26293213555859,18.578331488419618,0.553298279972752,0.0685126655030014,0.15879288177444761,0.7726949635999829,0.17627961599046363,,,,,0.307
RepBrendanBoyle,231108733,US Rep Brendan Boyle,Democrat,7734,60012,3320,10909,2010-12-27 16:31:09+00:00,116.0,official,0.006191950464396285,94.21362229102168,3.9065420560747666,2.7663551401869158,0.02336448598130841,0.0600823556805768,0.005522043962430375,0.06827612580248199,0.061928209044531,0.06362432880376012,-0.0064842635962709585,69.2256180501681,30.50447892423067,0.5709425911559348,0.059378070855960696,0.18012141194724593,0.7605016808895785,0.2370150633566072,0.308414699373893,0.059531004582386325,7.0,PA,
TomColeOK04,23124635,Rep. Tom Cole,Republican,2349,30134,283,3121,2009-03-06 21:54:25+00:00,118.0,official,0.0,89.2122905027933,4.317829457364341,2.875968992248062,0.03875968992248062,0.0002489239129604666,-0.003166173362412853,0.021888454177577205,0.02018315131719635,-0.002365593679082378,-0.009275794524586,85.35306087696893,36.3518859088974,0.7119071945508727,0.05380502341421882,0.1530634312473393,0.7931243082162622,0.2965156236696467,,,,OK,0.75
JoaquinCastrotx,231510077,Joaquin Castro,Democrat,8425,275840,3701,25832,2010-12-28 18:41:02+00:00,118.0,official,0.0,96.32032854209446,4.033898305084746,2.8813559322033897,0.002607561929595828,-0.008776889014005772,-0.0024074190862552304,-0.06802387226611484,-0.06894265108067789,-0.002525289303288387,-0.0010473235219332913,80.8851359050445,26.00319169139466,0.6605008902077152,0.061135786350148366,0.1347787537091988,0.8040839169139467,0.19661762611275965,,,,TX,0.6559999999999999
DonBeyerVA,2319503065,Don Beyer,Democrat,2472,8758,839,4102,2014-01-30 20:37:45+00:00,116.0,official,0.018604651162790697,93.33372093023256,4.051150895140665,2.843989769820972,0.0076726342710997444,0.031756872927276074,0.017486845861336735,,,0.01838244366461019,0.01269068134938081,76.10855987055015,25.363207928802588,0.5138349514563108,0.04151213592233009,0.19007160194174758,0.768415857605178,0.3246593446601942,0.23016191940590325,0.039387442123171724,7.0,VA,0.5
USRepKeating,232992031,Congressman Bill Keating,Democrat,2162,24430,642,2346,2011-01-01 23:58:47+00:00,118.0,official,0.0,94.60227272727273,4.264705882352941,2.9705882352941178,0.0,-0.041590445919010004,-0.033970329555906946,-0.15771090298819118,-0.13600092081995105,0.041844353684605706,0.041596557859222685,83.3390564292322,29.006896392229418,0.8138621646623496,0.054289546716003695,0.15875531914893617,0.7869486586493987,0.2874972710453284,,,,MA,
RepRickCrawford,233693291,Rep. Rick Crawford,Republican,5391,27243,1095,7681,2011-01-03 21:57:49+00:00,118.0,official,0.034358047016274866,89.19077757685352,3.8694444444444445,2.688888888888889,0.09074074074074075,0.0073788100120931845,0.004941723913288581,-0.05604027566017541,-0.047434358195447675,0.06907489933694395,0.046101728239684434,73.68280096457057,28.41343721016509,0.3579354479688369,0.04455741049897978,0.14393452049712485,0.8115058430717864,0.25466119458356523,,,,AR,
SenRonJohnson,233737858,Senator Ron Johnson,Republican,6324,500177,1022,7796,2011-01-04 00:25:27+00:00,117.0,official,0.0625,86.17652027027027,3.4775828460038984,2.4678362573099415,0.1442495126705653,-0.0009299692174255898,0.009621367181829186,0.05136495091903504,0.03893237012679786,0.05553555497843327,0.052363832885728566,81.51238931056294,23.91075743200506,0.49888045540796966,0.061022454142947505,0.12747501581277673,0.811505376344086,0.1473463788741303,0.8104225955326892,0.06296339892636524,9.0,WI,0.483
justinamash,233842454,Justin Amash,Libertarian,15956,492681,6422,21441,2011-01-04 07:09:11+00:00,116.0,official,0.023952095808383235,91.42398536260811,3.9939862542955327,2.7668957617411225,0.04982817869415808,0.03176633940976722,0.02489048631027199,-0.03707179700035212,-0.018392079956148243,0.08201115629001468,0.05765420652272773,66.33847219610055,27.929038931728417,0.5315246692997304,0.057908373025821004,0.17341514163950866,0.7686736650789672,0.15050476936575582,0.5278119174671305,0.08360635920059616,8.0,MI,0.5
RepHuizenga,233949261,Rep. Bill Huizenga,Republican,5861,30427,5292,8705,2011-01-04 14:01:28+00:00,118.0,official,0.00505902192242833,92.46795952782462,3.8804123711340206,2.783505154639175,0.041237113402061855,-0.02198044806916458,-0.01924968073260474,-0.04105018890850095,-0.03252961588171537,0.03760122562699032,0.027592309779939636,82.5888312574646,26.393308309162258,0.3738577034635727,0.047054086333390206,0.14656236137177955,0.8063873059204913,0.24994738099300462,,,,MI,
RepWilson,234014087,Rep. Frederica Wilson,Democrat,14036,73903,4156,17713,2011-01-04 17:08:09+00:00,118.0,official,0.0053404539385847796,92.91388518024031,4.11741835147745,2.868584758942457,0.00933125972006221,-0.007287880110128,-0.008207911200535585,-0.05876908550490749,-0.045919595217910156,0.01834895884035481,0.011994010266189578,73.96383371330863,23.411139213451126,0.5833036477628954,0.06752486463379881,0.13727564833285835,0.7952008406953548,0.17257296950698203,0.15789036546208435,0.038741561600676766,9.0,FL,0.65
SeanDuffyWI,234022257,Sean Duffy,Republican,5041,63096,2622,7344,2011-01-04 17:28:01+00:00,116.0,official,0.0163727959697733,91.02455919395466,3.6416275430359937,2.593114241001565,0.0892018779342723,-0.025085208535452257,-0.022585313332498018,-0.003336612666323778,-0.001623238673801758,0.008990870331542286,-0.002743508747322734,80.71175957151358,27.039650862924024,0.34130529656814124,0.03989843285062488,0.16244237254512991,0.797658797857568,0.27073558817694904,0.7223575524765361,0.01911387241542599,6.0,WI,0.305
RepMGriffith,234057152,Morgan Griffith,Republican,2139,32742,598,2430,2011-01-04 19:05:24+00:00,118.0,official,0.02112676056338028,86.48591549295774,3.8285714285714287,2.6,0.10476190476190476,-0.12655991987055526,-0.09014387200691197,-0.15427512617654482,-0.11421892628430377,-0.06688722533808272,-0.042045842112510994,86.5665123889668,23.949382889200564,0.37463300607760636,0.043536699392239364,0.11385694249649368,0.8425970079476391,0.18225156615240767,,,,VA,0.344
DonNorcross4NJ,2340948996,Donald Norcross,Democrat,1854,3345,554,2046,2014-02-12 21:22:26+00:00,117.0,official,0.0,96.00089126559715,4.087719298245614,2.8947368421052633,0.012531328320802004,0.02765717949226396,0.01697351041696618,,,0.02800248576149607,0.02439276411970397,81.16806364617044,26.92015102481122,0.7308629989212513,0.05314724919093851,0.18572707659115428,0.7611359223300971,0.37429439050701185,0.3503485612724512,0.07335550529281461,8.0,NJ,
SenToddYoung,234128524,Senator Todd Young,Republican,8151,72713,546,9413,2011-01-04 22:35:16+00:00,117.0,official,0.006416131989000917,91.16567369385885,4.16005291005291,2.798941798941799,0.026455026455026454,-0.007485164130297631,0.014585092763036964,-0.01654340103724431,0.004797760717783034,-0.004188553774596047,0.015546340475543043,85.26791436633542,29.823052386210282,0.5044460802355539,0.045393939393939396,0.1446163660900503,0.809986013986014,0.3077972641393694,0.7406940749165197,0.04079253615084483,9.0,IN,
Sen_JoeManchin,234374703,Senator Joe Manchin,Democrat,8531,360112,931,9642,2011-01-05 14:13:33+00:00,117.0,official,0.0,92.8599348534202,4.133093525179856,2.920863309352518,0.01079136690647482,-0.04301068422870182,-0.026128838784689787,-0.04833683604269395,-0.04285460679683867,-0.031673988982421054,-0.01089077450674126,81.60099284960731,31.264360567342635,0.6073836595944203,0.037430430195756655,0.17179849958973156,0.7907680225061541,0.4097107724768491,,,,,0.682
rep_stevewomack,234469322,Rep. Steve Womack,Republican,7663,27131,1924,11076,2011-01-05 18:53:03+00:00,118.0,official,0.0024096385542168677,90.64578313253013,3.922222222222222,2.7472222222222222,0.09722222222222222,-0.11294649911637868,-0.11025170010367749,-0.1641988679328239,-0.15349267645918152,-0.06583580660835406,-0.06284303469569824,82.58526556179042,27.357461829570667,0.4022275871068772,0.03102087955108965,0.15931410674670496,0.8096624037583192,0.36941979642437683,,,,AR,
AustinScottGA08,234797704,Rep. Austin Scott,Republican,3127,29156,701,3743,2011-01-06 16:01:46+00:00,118.0,official,0.012658227848101266,89.55274261603375,3.827777777777778,2.65,0.09444444444444444,-0.014698922097754641,-0.01704381356942554,-0.005270887707433522,-0.01892781164054818,0.003694065314079549,-0.0038642751857165805,81.28573712823793,29.012791813239527,0.47645666773265105,0.03984873680844259,0.164108410617205,0.7960399744163735,0.3443412855772306,0.7720487579339683,0.10386999556581253,9.0,GA,
RepLarryBucshon,234812598,"Larry Bucshon, MD",Republican,5189,25914,2115,7164,2011-01-06 16:45:56+00:00,118.0,official,0.002012072434607646,88.24044265593561,3.7142857142857144,2.585714285714286,0.12,-0.06345557791152209,-0.03911814127458738,-0.11775373279553886,-0.08668365772580786,-0.00931277631366609,-0.0007315866570426562,85.26861244941222,28.299926768163424,0.290136827905184,0.037629408363846595,0.13455347851223742,0.8278107535170554,0.2493715744844864,0.7429781754425441,0.06502815300699213,9.0,IN,
RepChuck,235190657,Chuck Fleischmann,Republican,3942,24358,974,4839,2011-01-07 15:46:29+00:00,118.0,official,0.027906976744186046,85.23372093023256,3.7238372093023258,2.5436046511627906,0.09883720930232558,0.003048952313579776,-0.010501121347870155,-0.011171107196737386,-0.023492311970865827,0.01175838359708698,-0.0029410552733805948,81.97368340943683,27.73717148655505,0.6255530187721968,0.05318594622019279,0.17105733130390666,0.7757465753424657,0.3171479959411466,,,,TN,
SenCoryGardner,235217558,Cory Gardner,Republican,5244,137207,280,5995,2011-01-07 17:02:56+00:00,116.0,official,0.005405405405405406,93.16126126126126,4.107784431137724,2.8642714570858283,0.02594810379241517,8.095211697730281e-05,0.025279774893969834,-0.0201916364458588,0.000591005370096648,0.0008832651326424696,0.0339898929292031,83.81410945842867,29.685701754385967,0.4428966437833715,0.05157398932112891,0.15216666666666667,0.7962622044241038,0.2958573798627002,0.7711619385514076,0.038306095617418476,8.0,CO,0.333
HawleyMO,2352629311,Josh Hawley,Republican,5481,1230828,943,6891,2014-02-20 03:13:57+00:00,117.0,official,0.07348560079443893,83.58639523336643,3.4093319194061507,2.4517497348886534,0.12089077412513255,0.05891970126599328,0.028897888861038338,,,0.08087364408029177,0.052351402194040574,75.97298850574713,25.452942893632546,0.6566995073891625,0.06713793103448276,0.1432234993614304,0.7896380222587119,0.16478009487319834,0.8293468018697404,0.031276192483213026,3.0,MO,0.479
DesJarlaisTN04,235312723,Scott DesJarlais,Republican,4421,23072,1971,6329,2011-01-07 21:47:44+00:00,118.0,official,0.0297723292469352,86.28984238178634,3.6254266211604094,2.5119453924914676,0.13993174061433447,-0.02323827145009524,-0.014641338686094015,-0.05395204391050843,-0.035619264680949815,0.028335035431290338,0.014736174817559637,81.25456684008142,27.08786699841665,0.5584935534946844,0.062343813616828773,0.13400452386337933,0.8036491743949332,0.16048491291562994,,,,TN,0.5
YoungKimCA,2355919591,Young Kim,Republican,2499,32182,210,2967,2014-02-22 06:41:55+00:00,117.0,official,0.01687116564417178,89.40030674846626,3.8998242530755713,2.7838312829525482,0.022847100175746926,-0.007006014801459055,-0.022315133734839034,,,0.028809450163088047,0.007852870020477234,77.97269707883153,27.438839535814328,0.5805922368947579,0.05172549019607843,0.18843857543017206,0.7598299319727891,0.38051568627450977,0.36915388905477914,0.07780002577139929,3.0,NJ,
davidcicilline,23593446,David Cicilline,Democrat,15337,150363,5054,23341,2009-03-10 13:53:21+00:00,116.0,official,0.007683863885839737,93.26728869374314,3.8785471055618617,2.765039727582293,0.009080590238365494,0.003289966730484119,-0.01900063578706708,-0.04969109190045815,-0.05600296939709291,0.05893832022781313,0.026323601818652245,76.83988262910798,29.158785211267606,0.7127445226917057,0.05324678881137119,0.1997555584534133,0.7469968051118211,0.279745152246202,,,,,0.522
EleanorNorton,23600262,Eleanor #DCStatehood Holmes Norton,Democrat,7321,71527,48185,9082,2009-03-10 14:47:46+00:00,118.0,official,0.0,93.8963133640553,4.2063882063882065,2.8894348894348894,0.019656019656019656,-0.02020303929745285,-0.006021045226364903,-0.05702047382314914,-0.05416954476447877,-0.019361661262864444,0.001064562874993757,84.79308743169399,32.69533606557377,0.40880054644808744,0.05142576150799071,0.10196803715339435,0.8466027865045759,0.14441554432454584,,,,DC,
DebDingell,2361650234,Debbie Dingell,Democrat,627,25631,425,742,2014-02-25 21:04:45+00:00,116.0,official,0.0,95.10416666666667,4.05,2.85,0.0,0.035720128495524764,0.011676230300901176,,,0.0457630117791649,0.04062605379772059,78.31966507177033,31.450653907496015,0.5189473684210526,0.040867623604465705,0.1831866028708134,0.7759266347687401,0.40230940988835723,,,,,
NormaJTorres,236279233,Rep. Norma Torres,Democrat,9732,80850,1083,13474,2011-01-10 06:30:14+00:00,118.0,official,0.0010362694300518134,93.81968911917099,4.193002257336343,2.899548532731377,0.0,-0.04902243172828266,-0.02976872141697477,-0.15252026663854593,-0.10652521346324915,-0.053551490845586,-0.03593102641676979,81.9415700780929,24.87193690916564,0.6687063296341965,0.05766933826551583,0.14019225236333746,0.8021349157418824,0.23868098027127005,0.1146286995490602,,1.0,CA,
SenGaryPeters,236511574,Senator Gary Peters,Democrat,8673,149563,1278,9725,2011-01-10 19:17:36+00:00,117.0,official,0.006435006435006435,95.07657657657657,4.124579124579125,2.962962962962963,0.0016835016835016834,0.0007586477276562945,0.022562452963623792,0.00044328451339545067,0.005909657328129184,-0.0008267407923381013,0.01929261325230477,83.51603827971867,26.481154156577883,0.6345635881471232,0.051147123256082096,0.1886564049348553,0.7601962412083477,0.4076140781736423,0.3693175814439057,0.08915304033869012,9.0,MI,0.5
RepJimmyGomez,2371339658,Rep. Jimmy Gomez,Democrat,6772,52399,3868,8950,2014-03-04 03:56:14+00:00,118.0,official,0.0,94.07727272727273,3.990228013029316,2.8338762214983713,0.003257328990228013,-0.017657493228803334,-0.023187380528857906,,,-0.019209451673574563,-0.023136132281368706,80.63305375073834,23.418885115180153,0.6076890135853515,0.062137034849379796,0.12763275251033668,0.8102308033077377,0.23988086237448314,0.23556260594102185,0.08573817190031846,5.0,CA,
MichaelJCloud,23725826,Michael Cloud,Republican,865,2901,260,1674,2009-03-11 05:06:29+00:00,116.0,official,0.0975609756097561,84.08536585365853,3.2708333333333335,2.375,0.16666666666666666,-0.005302891242756687,-0.03374999629941335,0.026354863415284032,-0.004104948474125668,0.0029632394478201446,-0.03279150961749445,77.4135028901734,32.00350289017341,0.566335260115607,0.030120231213872833,0.1633086705202312,0.8065653179190752,0.3573804624277456,0.6538729258530067,0.07018570068944967,4.0,TX,
RepMoBrooks,237299871,Mo Brooks,Republican,3671,117068,2055,5104,2011-01-12 14:46:14+00:00,117.0,official,0.16234887737478412,77.99654576856649,3.225473321858864,2.287435456110155,0.2117039586919105,-0.0179985576493726,-0.024546197226296782,-0.05750272743786881,-0.046053621528217306,-0.014541042044092506,-0.030256521212641822,84.5622309997276,23.789515118496322,0.7017788068646146,0.08041514573685644,0.16008989376191776,0.7594892399891038,0.20392399891037866,0.7893611180228564,0.07127534265462647,9.0,AL,
RandyFeenstra,23764160,Randy Feenstra,Republican,1328,8341,1948,1955,2009-03-11 13:45:07+00:00,117.0,official,0.015384615384615385,86.93076923076923,4.270833333333333,2.7291666666666665,0.041666666666666664,0.02779064543428401,-0.01021841731614204,,,0.02779064543428401,-0.01021841731614204,75.9532530120482,24.291739457831326,0.525007530120482,0.030449548192771084,0.2160941265060241,0.7534525602409639,0.5054488704819277,,,,IA,
RepSteveChabot,237750442,Archive: Rep. Steve Chabot,Republican,3750,36604,2802,5341,2011-01-13 15:03:08+00:00,117.0,official,0.0043859649122807015,91.79385964912281,4.217821782178218,2.8118811881188117,0.04455445544554455,-0.02507119776172456,-0.021182724348375998,-0.0017415687123591781,-0.0011484525658861896,-0.0327528008686251,-0.019514003620023607,82.714104,26.348752,0.34617600000000004,0.033739200000000004,0.14775893333333334,0.8185010666666667,0.31836712,,,,,
SteveChabot,23775782,Steve Chabot,Republican,1425,3595,214,2338,2009-03-11 15:14:08+00:00,116.0,official,0.04245283018867924,89.11084905660377,3.9285714285714284,2.642857142857143,0.08333333333333333,0.027082896707347003,9.88013098580973e-06,-0.12032256601540867,-0.12278466857071353,0.02918890718762297,0.0032601149603099073,81.55256842105264,31.974133333333334,0.4373684210526316,0.06558035087719298,0.1549838596491228,0.7794175438596491,0.2228801403508772,,,,,
RepHartzler,237763317,Archive: Rep. Vicky Hartzler,Republican,7679,33949,988,9229,2011-01-13 15:38:52+00:00,117.0,official,0.03594771241830065,85.72222222222223,3.610805860805861,2.532967032967033,0.12087912087912088,-0.023715182810207697,-0.02248323175823266,-0.02133314729508575,-0.01742324743936788,0.020901213203577643,0.009408105626608362,83.42077614272692,27.32025654382081,0.527792681338716,0.04979489516864175,0.15767547857793984,0.7925262403958849,0.28885348352650086,,,,,0.45
RepWalberg,237862972,Rep. Tim Walberg,Republican,4873,21915,1502,6302,2011-01-13 20:26:26+00:00,118.0,official,0.0,93.49891540130152,3.8563218390804597,2.7873563218390807,0.04885057471264368,-0.017658195808438058,0.00044723955982050993,-0.0398166781321177,-0.02130869803954452,0.026910836276252306,0.029360879484174762,87.18169095013339,23.79705520213421,0.4565729530063616,0.050027088036117384,0.18549394623435256,0.764480197003899,0.32576230248307,,,,MI,
RepRobWoodall,2382685057,Rob Woodall,Republican,1286,16791,712,1459,2014-03-10 21:01:47+00:00,116.0,official,0.0,94.0,4.076190476190476,2.7904761904761903,0.06666666666666667,-0.033629854317057055,-0.02732180446155946,,,-0.027213563721436802,-0.013971110403354966,83.7698833592535,26.07334370139969,0.3606687402799378,0.029938569206842923,0.1825692068429238,0.78748833592535,0.4455563763608087,0.593987131375755,0.07200913594659249,8.0,GA,0.667
ClyburnSC06,2389877058,Jim Clyburn,Democrat,564,19400,601,915,2014-03-14 21:27:09+00:00,116.0,official,0.0,93.2,4.260869565217392,2.9130434782608696,0.043478260869565216,0.0047151291007307755,-0.0019826369588445344,,,0.005765612778292583,-0.01245893120929639,76.63874113475177,33.71345744680851,0.5371631205673758,0.03362765957446809,0.15135106382978722,0.8150177304964539,0.3369732269503546,,,,,0.333
DougJones,239548513,Doug Jones,Democrat,1896,256197,693,2103,2011-01-17 21:52:04+00:00,116.0,official,0.0,94.95769230769231,4.0256410256410255,2.9316239316239314,0.0,0.07210792410275116,0.006622518983210824,,,0.07900274217630827,0.0011829861983947058,66.27684599156117,30.85690400843882,0.7132225738396625,0.05152162447257384,0.16453059071729959,0.783940400843882,0.344684388185654,0.5952741118992865,0.0718721025674225,3.0,AL,0.45
RepKenMarchant,23976316,Former Rep. Kenny Marchant,Republican,3702,23986,1929,5170,2009-03-12 16:19:18+00:00,116.0,official,0.010014306151645207,89.3319027181688,3.535919540229885,2.4913793103448274,0.13936781609195403,-0.024115591550509446,0.0063573801393942255,-0.025563121129568003,0.01069132276229616,-0.009652527681263273,0.00018503301690271298,87.65293354943273,20.98495948136143,0.424935170178282,0.059452998379254454,0.12254646137223121,0.8179959481361426,0.14856291193949217,0.8057902889891881,0.08667571223855094,8.0,TX,
RepKarenBass,239949176,Congressmember Bass,Democrat,5725,184056,2593,6789,2011-01-18 20:25:36+00:00,117.0,official,0.0,93.87855297157623,3.950268817204301,2.8266129032258065,0.0013440860215053765,0.019671476706142155,0.018517987862640282,-0.003749998712873893,0.006209335885407866,0.04077882672999328,0.030349767379894275,78.1660384279476,29.179048034934496,0.7108192139737991,0.07303406113537118,0.11986043668122272,0.8071081222707425,0.10103152838427946,,,,,
RepJeffDuncan,240393970,Rep. Jeff Duncan,Republican,9926,65078,13700,13305,2011-01-19 20:45:16+00:00,118.0,official,0.09333333333333334,81.86030303030303,3.334640522875817,2.3718954248366013,0.1738562091503268,0.037505433698967486,0.020619401149731813,0.047547495777210014,0.03396738228231927,0.02434089316223108,0.011597817705409455,70.81950231714688,32.30970884545638,0.4973735643763853,0.065190006044731,0.13732349385452347,0.7974867015917791,0.15715330445295186,0.9042892753793438,0.05902657840442982,9.0,SC,
RepMcKinley,240427862,David B. McKinley,Republican,6490,32965,1123,8666,2011-01-19 22:29:00+00:00,117.0,official,0.010978956999085087,90.18618481244282,3.7096100278551534,2.5940111420612815,0.11002785515320335,-0.028279104497764374,-0.002083266689060364,-0.05570271011639595,-0.024946698551695262,-0.004939617834397996,0.015984206206940653,84.43321109399076,23.87542372881356,0.3650169491525424,0.0511824345146379,0.14056656394453004,0.8082463790446842,0.2340884745762712,,,,,0.8
RepGosar,240760644,"Rep. Paul Gosar, DDS",Republican,10585,297321,4053,15668,2011-01-20 17:44:27+00:00,118.0,official,0.1344327836081959,81.33183408295852,3.13551151580075,2.2560257096946974,0.25977504017139796,-0.011105291346457293,-0.005067526151624547,-0.010480924592655202,0.0008309126631950159,0.025525603691326816,0.023384237215032102,79.88081152574398,27.69058762399622,0.554470477090222,0.06521067548417572,0.12203514407179972,0.8127529522909778,0.12310236183278225,,,,AZ,
PortmanPress,240790556,Portman Press Office,Republican,710,1959,4,777,2011-01-20 19:09:24+00:00,115.0,staff,0.008928571428571428,90.68303571428571,3.9642857142857144,2.7261904761904763,0.10714285714285714,-0.04985641184913715,-0.01521069751043767,-0.04985641184913715,-0.01521069751043767,,,89.86574647887323,18.69819718309859,0.20743661971830987,0.05959436619718309,0.10254225352112677,0.8378563380281691,0.10026915492957747,,,,,
RepYvetteClarke,240812994,Yvette D. Clarke,Democrat,10481,84376,3932,15642,2011-01-20 20:14:21+00:00,118.0,official,0.0014947683109118087,93.88116591928251,3.746095717884131,2.6760705289672546,0.0025188916876574307,-0.0011565027465669465,0.004132860190594584,0.030495643785210868,0.05793757425942882,0.022126632434134836,0.001906892026873297,79.8874515790478,24.768038355118787,0.8064984257227363,0.07264593073180041,0.138998855071081,0.7883560728938078,0.16614118881786089,,,,NY,
Norma4Congress,2409478435,Norma Torres,Democrat,1275,5566,190,2190,2014-03-24 19:45:00+00:00,116.0,official,0.0,93.05086848635236,4.052631578947368,2.8596491228070176,0.005012531328320802,0.03271908727277234,0.002061790072761701,,,0.03948158252764676,0.007835527189067444,76.3930376766091,21.725824175824176,0.8423861852433281,0.07693019607843136,0.13892313725490196,0.7841443137254902,0.18353482352941178,0.1146286995490602,,1.0,NY,
janschakowsky,24195214,Jan Schakowsky,Democrat,9323,54980,1607,15341,2009-03-13 16:03:17+00:00,117.0,official,0.0010395010395010396,94.1943866943867,4.019271948608137,2.8329764453961457,0.0021413276231263384,0.03192419725988398,0.033170480022588635,0.01297277893483862,0.017741650790799854,0.020575458644849415,0.03012940805669034,77.59260216668454,28.017570524509278,0.6925699882012227,0.07136275876863671,0.13072423039794057,0.7979150488040331,0.16670393650112625,,,,,0.833
AndyKimNJ,24215154,Andy Kim,Democrat,3499,109815,1184,3869,2009-03-13 17:54:05+00:00,116.0,official,0.002369668246445498,96.39454976303317,3.9569444444444444,2.8583333333333334,0.0,0.06441055814671037,0.011604699777406264,,,0.0720363683022251,0.013008438195517166,66.74537867962275,40.14275507287797,0.4443098028008002,0.05657302086310375,0.14587682194912832,0.7975427264932837,0.3022859674192626,0.36915388905477914,0.07780002577139929,3.0,NJ,
RepMcGovern,242426145,Rep. Jim McGovern,Democrat,11201,109585,710,15672,2011-01-24 19:18:36+00:00,118.0,official,0.00234192037470726,95.06362217017954,4.046141607000796,2.8552108194112966,0.0031821797931583136,0.007988773528817364,-0.011387526636997483,0.017303195904526388,0.012133486562940936,0.016741178908635933,-0.001229010006860683,78.94071964285713,24.65090714285714,1.04688125,0.07792679225069189,0.1543605928042139,0.7677136862780108,0.20061830193732702,,,,MA,
SenWhitehouse,242555999,Sheldon Whitehouse,Democrat,16912,584224,2017,21030,2011-01-25 01:52:03+00:00,117.0,official,0.001088613106901807,95.66998693664272,3.957572502685285,2.857465091299678,0.0030075187969924814,0.0514510471318695,0.042390960767612285,-0.04851153095291119,-0.040867274598082926,0.07957483196297503,0.06362341218982058,77.05706894512771,24.861362346263007,0.7159005439924314,0.06807284768211921,0.14166065515610216,0.7902675614947966,0.2049650248344371,,,,,0.71
RepFrankLucas,242772524,Frank Lucas,Republican,2094,23707,410,2632,2011-01-25 15:24:07+00:00,118.0,official,0.004132231404958678,93.40495867768595,4.07,2.905,0.025,-0.031006240671975816,-0.008327609527700952,0.006386486583622913,-0.024061735936536224,-0.0502793907735379,-0.016515258249257574,86.81434574976122,25.562664756446992,0.37898280802292267,0.036977077363896854,0.1628447946513849,0.8001671442215854,0.4240429799426934,,,,OK,
SenatorLeahy,242836537,Sen. Patrick Leahy,Democrat,11891,228188,2700,19100,2011-01-25 18:20:07+00:00,117.0,official,0.0,95.15838278931751,4.027380952380953,2.8444444444444446,0.006349206349206349,-0.0873723695151508,-0.06874928847377974,-0.09806114906317877,-0.059638153382921714,-0.04968573455076135,-0.050649844762846556,81.98465646287109,21.65642586830376,0.7335589941972921,0.05450206038180136,0.12790194264569843,0.8175943991253889,0.18338202842485912,,,,,
RepTipton,242873057,Rep. Scott Tipton,Republican,2683,24401,1320,3708,2011-01-25 20:01:25+00:00,116.0,official,0.0,94.15853658536585,3.7389380530973453,2.6415929203539825,0.14601769911504425,-0.02695876858865744,0.0036358967431781683,-0.04818306414666494,-0.015692213646342993,0.03125616548113809,0.04978103751821919,85.2839321654864,29.15721207603429,0.3841707044353336,0.04282855013045099,0.1549508013417816,0.8022150577711517,0.2891020872158032,0.7767928119849085,0.05531397609621124,8.0,CO,
HerreraBeutler,242926427,Jaime Herrera Beutler,Republican,2018,64081,918,2184,2011-01-25 22:36:44+00:00,117.0,official,0.0,93.79009433962264,4.6380952380952385,2.947619047619048,0.004761904761904762,0.005513264712996438,0.02728816774984472,-0.035816067792832966,-0.008721096707031195,0.015139959691016842,0.036367858009269276,81.05074826560951,30.09548067393459,0.4503072348860258,0.043439048562933597,0.16816005946481663,0.7884018830525272,0.39811427155599605,,,,WA,
GrothmanforWI,2432952828,Glenn Grothman,Republican,1703,2600,250,1893,2014-04-08 03:13:20+00:00,116.0,official,0.01764705882352941,85.94411764705882,3.4788135593220337,2.4152542372881354,0.13135593220338984,-0.008093711829040522,-0.031027538983179184,,,0.026667913249922053,-0.010438542088666642,81.29789782736349,31.04535525543159,0.3622254844392249,0.042085143863769825,0.18657839107457427,0.771331767469172,0.4160374633000587,0.8848356538804127,0.06269209228761205,7.0,WI,0.5
RepJimCosta,245451804,Rep. Jim Costa,Democrat,4260,29376,869,5401,2011-01-31 18:42:23+00:00,118.0,official,0.005917159763313609,94.28698224852072,4.153846153846154,2.909090909090909,0.006993006993006993,-0.03429240224618147,-0.013491248478087586,-0.07984370234717242,-0.05949007236810025,-0.009762015261344254,0.017055723512917884,82.75582394366197,24.108307511737088,0.6758028169014084,0.044951173708920183,0.17106455399061032,0.7839838028169015,0.39658894366197184,,,,CA,
TeamPelosi,2461810448,Nancy Pelosi,Democrat,6393,1020177,7772,11304,2014-04-24 15:17:41+00:00,116.0,official,0.017743979721166033,92.2382762991128,3.892998678996037,2.7476882430647294,0.018494055482166448,0.035416626709691326,0.007967203895096113,,,0.009692690039794411,-0.009750962238195651,75.29933677459721,16.59584702017832,0.7133411543876115,0.07462474581573597,0.14055670264351633,0.7848176130142344,0.21113333333333334,,,,,0.399
StevenHorsford,246478393,Steven Horsford,Democrat,2508,13606,6531,3937,2011-02-02 21:26:52+00:00,116.0,official,0.040268456375838924,94.62751677852349,4.097560975609756,2.934959349593496,0.0,0.0073127343951896046,-0.012426818456805008,0.011425470734332296,-0.006211896338878952,0.005830703700718434,-0.012418001088121178,77.48152312599682,27.783026315789474,0.6250717703349282,0.03984649122807018,0.19246331738437,0.7676822169059011,0.42151838118022333,0.27044520521065046,0.08159510777249439,5.0,NV,
SenatorDurbin,247334603,Senator Dick Durbin,Democrat,19920,741430,2413,22865,2011-02-04 15:50:42+00:00,117.0,official,0.0,95.7428417071853,4.106761565836299,2.9377224199288254,0.0005931198102016608,0.028478455327143517,0.0407566373487439,0.019583839995414656,0.037460445671099324,0.026140007933575935,0.028280732135960204,82.87818724899599,27.63720180722892,0.7514302208835342,0.07617324297188756,0.126809437751004,0.7970133534136545,0.14427717871485946,,,,,0.512
PeteSessions,24735461,Pete Sessions,Republican,6066,37130,1100,8572,2009-03-16 17:54:52+00:00,118.0,official,0.028225806451612902,87.72983870967742,3.7274725274725276,2.5538461538461537,0.14725274725274726,-0.0417128757988257,-0.024582275220017723,-0.09802042806614628,-0.06226481962658948,0.034650273878254645,0.022931481776658165,84.92960764919222,31.674812067260138,0.47679195515990763,0.0373712495878668,0.1446788658094296,0.817945763270689,0.267401137487636,,,,TX,
RepHankJohnson,24745957,Rep. Hank Johnson,Democrat,5893,55537,1599,8801,2009-03-16 18:52:49+00:00,118.0,official,0.010666666666666666,93.45333333333333,4.0606060606060606,2.8424242424242423,0.015151515151515152,-0.015590109815372894,-0.004883976456953677,-0.0037860298193969134,-0.0007387660302832033,-0.027104045940730775,-0.013441909590054006,80.9715509927032,24.00225352112676,0.7937010011878499,0.06,0.1472779568980146,0.7927262854233836,0.23577878839300867,0.21675663799414982,0.06285035144924171,9.0,GA,0.583
SherrodBrown,24768753,Sherrod Brown,Democrat,5415,90825,4701,6328,2009-03-16 21:01:17+00:00,116.0,official,0.0028129395218002813,93.45288326300985,4.007029876977153,2.8312829525483303,0.007029876977152899,0.04110257900003821,0.03801266018657144,0.013582465356281987,0.03414635969063711,0.05973949134834153,0.02440203685833043,77.98551061865189,21.619940904893813,0.5455032317636196,0.06117174515235457,0.14064856879039703,0.7981761772853185,0.20748703601108034,0.13072449756313367,0.03250416440749993,9.0,OH,0.649
sethmoulton,248495200,Seth Moulton,Democrat,9792,145150,2472,13001,2011-02-07 03:35:59+00:00,116.0,official,0.0006435006435006435,94.14527027027027,3.9922850844966935,2.896767083027186,0.0029390154298310064,0.04698724386380266,0.023253203251000262,-0.019250393427978775,-0.03179209498377818,0.08625338355511307,0.05079429424044149,71.91509599673202,27.028351715686274,0.6519812091503268,0.05995363562091503,0.16183517156862745,0.7782078227124183,0.24895242034313725,0.3339024092013541,0.06268122496960347,7.0,MA,0.563
TomGravesGA14,24852012,Archive: Tom Graves,Republican,962,2790,681,1571,2009-03-17 07:02:42+00:00,116.0,official,0.07954545454545454,87.54829545454545,3.3741496598639458,2.4149659863945576,0.19047619047619047,0.03934845783182859,0.017490041276511742,0.027453416074738703,0.0045913432930272564,0.04304522953335005,0.005838497617502654,75.16199584199583,27.12006237006237,0.4424428274428274,0.058480249480249484,0.16037525987525988,0.7811434511434512,0.22863160083160083,0.7333172843184576,0.06954635100831584,7.0,GA,
RepBarbaraLee,248735463,Rep. Barbara Lee,Democrat,11393,330307,16368,14811,2011-02-07 16:28:28+00:00,118.0,official,0.0012175324675324675,95.32873376623377,3.8914695945945947,2.811233108108108,0.004222972972972973,0.034332923914335844,0.02320328237559005,-0.010729770118164941,0.003542413544756094,0.05051008437425752,0.03361525118268004,79.1335872904415,26.263865531466692,1.0459124023523216,0.0926262617396647,0.14771113841832706,0.7596568068111998,0.1240778284911788,0.009170109092701198,0.012687151822663657,9.0,CA,0.75
SenJonKyl,24905240,U.S. Senator Jon Kyl,Republican,45,11101,0,146,2009-03-17 16:15:00+00:00,115.0,official,,,,,,0.06799917638122947,0.05360116623142648,0.06799917638122947,0.05360116623142648,,,82.58311111111111,34.78911111111111,0.29866666666666664,0.06973333333333333,0.02928888888888889,0.9009555555555555,-0.09509999999999999,,,,AZ,
RepSpeier,24913074,Jackie Speier,Democrat,7830,192243,2565,9022,2009-03-17 17:02:38+00:00,117.0,official,0.0010416666666666667,94.78541666666666,4.011930585683297,2.8579175704989153,0.006507592190889371,0.015181692174291177,0.0040670907315378145,0.0075698766329690866,0.012147335635550828,0.021738040711346263,-0.0011117415778127892,77.17032950191572,24.08983908045977,0.8965325670498084,0.09690421455938697,0.10989029374201788,0.7932040868454661,0.018564010217113666,,,,,
RepAnnaEshoo,249348006,Rep. Anna G. Eshoo,Democrat,2500,52457,926,3894,2011-02-08 21:36:03+00:00,118.0,official,0.0,95.08235294117647,4.094117647058823,2.9,0.011764705882352941,0.00164252309398296,0.025831958662764287,-0.009012130044813138,0.030114669060161556,-0.009267378426579476,0.010073395270742129,84.021304,29.86028,0.615644,0.0617216,0.13151880000000002,0.806756,0.18979768,,,,CA,
SanfordBishop,249410485,"Sanford Bishop, Jr.",Democrat,2359,26453,804,2827,2011-02-09 00:23:10+00:00,118.0,official,0.0,94.8943661971831,4.51063829787234,2.978723404255319,0.0,-0.08580617094587556,-0.06052460939764691,-0.11178144650830071,-0.08691170361132985,-0.05561165283176539,-0.031756644950299506,86.63758372191606,22.070856295040272,0.5852861381941501,0.032257312420517166,0.18327638830012716,0.784467571004663,0.4308039423484527,0.635455736823329,0.07105898294406691,6.0,GA,0.583
SenatorCarper,249787913,Senator Tom Carper,Democrat,10285,112800,1933,12212,2011-02-09 19:46:42+00:00,117.0,official,0.0,96.36165523996083,4.050399201596806,2.907185628742515,0.0029940119760479044,0.020088069798331522,0.03137628816024806,-0.04810302774647718,-0.021914665645820435,0.04225866160699638,0.04239914078478388,79.16890422946038,28.76372581429266,0.47810986874088474,0.052138842975206615,0.15402654350996597,0.793835683033544,0.29842619348565874,,,,,
RonWyden,250188760,Ron Wyden,Democrat,11369,513390,621,12971,2011-02-10 16:08:15+00:00,117.0,official,0.001265022137887413,95.71979759645794,4.040106951871658,2.891042780748663,0.004679144385026738,0.04851942144220981,0.04994665721594458,0.04309786178570907,0.07145438666230428,0.055315746456744884,0.04755422363105285,80.86562280084448,27.56207512315271,0.5865279732582688,0.07072090773155071,0.14341173366171167,0.7858625208901399,0.21116753452370482,,,,,0.6559999999999999
congbillposey,25086658,Bill Posey,Republican,650,33474,993,1543,2009-03-18 15:05:42+00:00,118.0,official,0.13636363636363635,80.45454545454545,2.7777777777777777,2.0,0.4444444444444444,-0.24129507873743913,-0.17747289509488234,-0.31319256095657266,-0.2534756910283072,-0.11969110084979336,-0.06486931537509633,92.44392307692308,18.05956923076923,0.49966153846153843,0.04535692307692307,0.13867538461538462,0.8159692307692308,0.18891938461538463,,,,FL,0.625
RepPeterDeFazio,252249233,Peter DeFazio,Democrat,2451,37902,895,3703,2011-02-14 20:20:20+00:00,117.0,official,0.002717391304347826,95.23641304347827,4.039877300613497,2.9079754601226995,0.003067484662576687,0.012963321231392605,0.03145696873611359,-0.0010517690190944913,0.009921349017067675,0.013411869545952838,0.04127106618650718,81.94442676458588,28.50937576499388,0.5179273765809874,0.07608527131782947,0.13409261525907792,0.7898266013871889,0.1772623419012648,,,,,0.542
JohnnyIsakson,253252536,Johnny Isakson,Republican,654,4531,114,709,2011-02-16 21:35:06+00:00,116.0,official,0.0,90.10526315789474,3.56,2.52,0.12,0.012693285370488245,-0.007428918248188607,,,-0.17309493008300908,-0.14825868608796888,81.24902140672783,23.727996941896027,0.4900305810397554,0.04801681957186544,0.1958119266055046,0.7561743119266056,0.3458553516819572,0.8089671416046755,0.04797209713477104,7.0,GA,0.536
RepJoeWilson,254082173,Joe Wilson,Republican,3198,23256,778,4375,2011-02-18 15:18:45+00:00,118.0,official,0.013761467889908258,90.13761467889908,3.973404255319149,2.6808510638297873,0.06914893617021277,-0.011348880176086344,-0.0072106230861218165,-0.031893093121523046,-0.021550377823873618,-0.0016596459561884823,-0.004092922369164575,84.02077235772357,28.30028455284553,0.6651438398999375,0.05309349593495935,0.18618730456535335,0.7607154471544716,0.34743114446529083,0.8027825604285436,0.08045156782607273,9.0,SC,
DocAbraham,2543008999,Dr. Ralph Abraham,Republican,1051,3568,681,1279,2014-06-03 07:34:47+00:00,116.0,official,0.1032258064516129,87.19677419354839,3.21875,2.265625,0.25,0.01709130179210942,-0.021983908866868275,,,0.01938705743953146,-0.021682573147099312,75.3241960038059,25.36849666983825,0.49475737392959085,0.04107516650808754,0.17206470028544243,0.7868515699333968,0.3640526165556613,0.8443096219878647,0.06153515458638052,6.0,LA,
Tcardenas,2543742324,Tony Cardenas,Democrat,920,6986,5253,1117,2014-06-03 15:23:29+00:00,116.0,official,0.01904761904761905,90.63809523809523,3.9696969696969697,2.757575757575758,0.010101010101010102,-0.019403992783638926,-0.04100343931807734,,,0.007809460046676154,-0.017784863848876065,76.85927173913043,25.352076086956522,0.6217826086956522,0.046763043478260866,0.1625,0.7907380434782609,0.2687472826086957,0.25754537037184666,0.06484252598464389,9.0,CA,
LuetkemeyerB,2554870803,Blaine Luetkemeyer,Republican,705,1613,296,748,2014-05-20 03:52:39+00:00,116.0,official,0.013623978201634877,84.641689373297,3.4517133956386292,2.3956386292834893,0.12149532710280374,0.05630697768120897,0.05050886163667748,,,0.0689472178513363,0.015007369032192817,78.00852482269504,26.028326241134753,0.682695035460993,0.06992198581560284,0.16972198581560283,0.7603659574468085,0.29086723404255316,,,,,
DonYoungAK,2559398984,Don Young,Republican,573,1897,676,598,2014-06-10 16:58:46+00:00,116.0,official,0.02,91.45,3.7468354430379747,2.6962025316455698,0.0759493670886076,0.035046431531786555,0.01941440375715,,,0.018100487488010863,-0.03210386837027638,82.80668411867364,20.762303664921465,0.3880453752181501,0.04004013961605585,0.17241186736474695,0.7875532286212914,0.32737766143106456,0.6657468122063813,0.05630179507341042,8.0,AK,
FallonForTexas,256157258,Pat Fallon,Republican,691,6785,1889,1668,2011-02-22 19:41:26+00:00,117.0,official,0.0,90.02941176470588,3.6363636363636362,2.6363636363636362,0.0,-0.03297148191439505,-0.0595330283540328,-0.0028152674580635972,-0.023444334045816126,-0.04763633443309374,-0.09863409552796608,80.138002894356,28.875962373371927,0.7852098408104198,0.037031837916063674,0.18965412445730823,0.7733198263386397,0.38503198263386396,,,,TX,
CheriBustos,257180565,Cheri Bustos,Democrat,2995,11783,1044,3693,2011-02-24 22:19:22+00:00,116.0,official,0.0,92.3671052631579,4.087947882736156,2.8306188925081432,0.003257328990228013,0.04473769629577601,0.023073226799461815,0.008803474784964285,-0.0008412673050360716,0.03650541977825981,0.016998876583620766,74.74425709515859,28.101362270450753,0.39818697829716193,0.048681469115191986,0.1699035058430718,0.7814086811352253,0.3681271118530885,,,,,
RepMaloney,258900199,Carolyn B. Maloney,Democrat,15368,79930,3852,20390,2011-02-28 19:06:50+00:00,117.0,official,0.00027085590465872155,94.43756771397616,4.061332589908001,2.868971285196543,0.0027878449958182324,0.02605868590447168,0.034305288456637675,-0.038540050482018195,-0.027032837470696812,0.007198678566442322,0.015284248884708692,74.96147319104632,26.869090968245704,0.6880095002602811,0.06986966423737637,0.13490948724622595,0.7952219547110879,0.1832734708485164,0.2161727079304527,0.06555300134274546,9.0,NY,1.0
JohnSarbanes,259364314,John Sarbanes,Democrat,807,5366,640,1000,2011-03-01 18:27:51+00:00,116.0,official,0.0,94.2663043478261,3.715909090909091,2.6363636363636362,0.011363636363636364,-0.010101703193172624,-0.014220452991584268,-0.03838180024690399,-0.027007887398664766,0.031884724512669285,0.021914032851117343,82.90231722428749,30.525848822800498,0.39167286245353156,0.03466171003717472,0.1662639405204461,0.7990656753407683,0.3189193308550186,,,,,
FlakeforSenate,259459455,Flake for Senate,Republican,363,3731,419,384,2011-03-01 23:35:13+00:00,115.0,campaign,0.0,83.84210526315789,3.533333333333333,2.466666666666667,0.06666666666666667,-0.0008604217546665774,-0.03210092283184021,-0.013066823636855246,-0.05812184247116503,,,76.84873278236914,26.376060606060605,0.25578512396694214,0.02733884297520661,0.2248457300275482,0.7478154269972451,0.4323068870523416,0.8281788051298223,0.02100482287213748,6.0,AZ,
RepGusBilirakis,26051676,Gus Bilirakis,Republican,6207,36432,1131,8308,2009-03-23 17:56:32+00:00,118.0,official,0.01918158567774936,88.31170076726343,3.8521617852161785,2.7231520223152024,0.07670850767085077,0.004905899767302517,0.02979527548820871,-0.07338472814668325,-0.04172816768165128,0.03808382951840899,0.05741278910044591,81.24450942484292,26.815973900434994,0.6010552601901079,0.05344981472531013,0.1665240857096826,0.780027227323989,0.2818447075882069,,,,FL,0.25
CurtisUT,26057209,John Curtis,Republican,3663,7451,237,4723,2009-03-23 18:22:51+00:00,116.0,official,0.0,94.828125,4.119047619047619,2.9285714285714284,0.0,-0.0712401168206781,-0.06715465201605857,-0.14346631679947236,-0.12857400053775048,0.0043212589022834785,0.026517065102807054,75.47295932295933,36.7030384930385,0.13277641277641278,0.024558285558285556,0.14092465192465192,0.8345113295113296,0.3090861042861043,0.5963838078514061,0.08852707383001349,5.0,UT,
PatToomey,26062385,Pat Toomey,Republican,2513,13524,4310,3470,2009-03-23 18:48:49+00:00,116.0,official,0.007751937984496124,92.94186046511628,3.965034965034965,2.832167832167832,0.027972027972027972,0.0484191547324928,0.037303364395968555,-0.04189916358228762,-0.039756967045689116,0.11908020226200411,0.07327978245415448,74.59559888579386,26.56788698766415,0.40618384401114205,0.06566215678471947,0.15460366096299244,0.7797381615598886,0.1961676482292081,,,,,0.385
robportman,2612307559,Rob Portman,Republican,6651,20049,1554,6828,2014-07-08 20:33:43+00:00,116.0,official,0.014705882352941176,94.12009803921569,4.072289156626506,2.8373493975903616,0.030120481927710843,0.020809913795943512,0.014770277349168835,,,0.00731520815490459,-0.02116146627101279,80.08766350924674,20.560551796722297,0.3432837167343256,0.11419320402946925,0.11367268079987972,0.7721336641106601,-0.01878070966771914,,,,,0.654
cindyhydesmith,262192574,Cindy Hyde-Smith,Republican,1898,20227,199,2232,2011-03-07 15:15:33+00:00,116.0,official,0.018648018648018648,83.77622377622377,3.3642857142857143,2.369642857142857,0.10714285714285714,-0.02506437257092525,-0.021903032102195033,-0.1525768984537837,-0.1373139497105543,0.022569730567181128,0.026185325923797596,77.70905690200212,21.918672286617493,0.5976343519494204,0.04386564805057956,0.19743888303477344,0.7586880927291886,0.42668883034773447,0.841684800950137,0.06667521638196296,4.0,MS,
senorrinhatch,262756641,Senator Hatch Office,Republican,9027,110269,399,12657,2011-03-08 18:04:18+00:00,,,0.021831735889243878,91.50315051473198,3.7862481315396117,2.6679745889387148,0.06838565022421525,-0.03862414496252802,-0.03163497675194485,-0.07641847443740823,-0.04925520961247335,-0.06810257213035979,-0.09234296286665558,83.19958231774874,17.847497230223798,0.6131099047196987,0.04872604408995237,0.11180248144455522,0.8394715852442672,0.1571652597762269,0.8336145832745968,0.05600869170372598,6.0,UT,0.5
spmaloney,26283468,Sean Patrick Maloney,Democrat,938,16093,494,1444,2009-03-24 17:48:50+00:00,116.0,official,0.0,93.31862745098039,3.9302325581395348,2.7674418604651163,0.023255813953488372,0.02155648207307802,-0.025517054848962585,0.015005458430341038,-0.023439314528857988,0.03141278968080981,-0.026997217056347573,73.23025586353944,27.828443496801707,0.5321535181236673,0.05526972281449894,0.15727611940298508,0.787459488272921,0.2583748400852879,0.3118849627923047,0.05887408298409282,9.0,NY,0.875
SenatorWicker,264219447,Senator Roger Wicker,Republican,8640,112923,698,10879,2011-03-11 14:59:01+00:00,117.0,official,0.00336417157275021,90.78973927670312,3.8665987780040734,2.7179226069246436,0.024439918533604887,0.0006649661153970617,0.018121124981539807,-0.017918919371001263,-0.00042915493716961427,0.0338665091002048,0.04147816578944564,85.26797569444443,24.129792824074073,0.5072222222222221,0.05654907407407407,0.1476303240740741,0.7958170138888889,0.2671238888888889,,,,,
RepMcCaul,26424123,Michael McCaul,Republican,4144,47600,593,7523,2009-03-25 03:54:11+00:00,118.0,official,0.007905138339920948,89.62648221343873,3.8045112781954886,2.669172932330827,0.040100250626566414,-0.0014386970495450287,0.004359824739661817,-0.07930475192934787,-0.049332716997075886,0.013671173375817714,0.015686473210598705,83.40699324324325,30.26909749034749,0.5296090733590734,0.0694128861003861,0.15254681467181466,0.778035472972973,0.21192804054054054,,,,TX,0.7120000000000001
johnthune,26533227,John Thune,Republican,160,27758,1049,520,2009-03-25 16:40:28+00:00,116.0,official,0.0,90.75,4.5,3.0,0.0,0.020996155208778875,-0.0003089661917310564,0.003476929295185303,-0.005681324723235668,0.011690350008783174,-0.0651589664776812,81.28618750000001,35.8739375,0.2811875,0.0383625,0.168125,0.793525,0.2779625,,,,,0.383
JohnKennedyLA,26594419,John Neely Kennedy,Republican,651,25261,2409,870,2009-03-25 21:18:45+00:00,117.0,official,0.07547169811320754,81.38993710691824,3.0095238095238095,2.219047619047619,0.26666666666666666,0.025657367180099436,-0.008271654956118113,-0.1191259054113188,-0.10406090327358378,0.06743056671404056,0.01565870014936329,74.20831029185868,26.43258064516129,0.5787403993855607,0.056376344086021504,0.14394930875576037,0.799689708141321,0.22358878648233485,0.8543477793553134,0.04778848033173096,5.0,LA,
SenDeanHeller,266133081,Dean Heller,Republican,5362,95916,11138,7021,2011-03-14 18:31:08+00:00,115.0,official,0.00390625,94.2294921875,4.1947368421052635,2.9789473684210526,0.0,-0.051221972084110584,-0.029729148534358065,-0.04097708715709991,-0.02926650211039693,,,87.16050540842969,24.625818724356584,0.5532581126445356,0.03622062663185378,0.18060369265199552,0.783177545691906,0.37111863110779564,0.7209135016757123,0.06113062394088163,6.0,NV,
TulsiGabbard,26637348,Tulsi Gabbard 🌺,Democrat,8875,2145128,2595,11427,2009-03-26 00:14:32+00:00,116.0,official,0.0064516129032258064,90.93387096774194,3.927797833935018,2.7870036101083033,0.021660649819494584,0.016867760933904883,-0.007083967835619206,-0.030449434103484753,-0.06277834826789606,0.024235141919541542,-0.015151479076657414,71.1328338028169,29.651159436619714,0.5990354929577464,0.061874253521126764,0.18443966197183098,0.753685633802817,0.26157701408450706,0.3779314459161085,0.04852532768031299,8.0,HI,0.464
JasonSmithMO,26653478,Jason Smith,Republican,3902,14698,1727,4886,2009-03-26 01:26:16+00:00,116.0,official,0.04242424242424243,82.92727272727272,3.148876404494382,2.2387640449438204,0.2401685393258427,0.040111200112658285,0.0020501919071743853,-0.006530669292450208,-0.027769987909987314,0.07369431229227279,0.020958888196370762,76.17293695540748,31.158605843157357,0.5988339313172732,0.06001050743208611,0.1642980522808816,0.7756883649410559,0.28088395694515633,0.7418377451029634,0.08378073891222351,9.0,MO,0.667
StenyHoyer,266719387,Steny Hoyer,Democrat,1457,16356,752,1705,2011-03-15 17:56:32+00:00,116.0,official,0.0,97.23684210526316,4.241935483870968,2.967741935483871,0.0,-0.0242893665707117,-0.026453302575054974,-0.027837636281849574,-0.020038353984551453,0.020741965616237697,0.0018617046408269812,84.17258064516129,35.210308853809195,0.5083596431022649,0.03225943719972547,0.18443925875085793,0.783283459162663,0.4537973919011668,,,,,0.563
RepWalterJones,26778110,Rep. Walter Jones,Republican,2092,20215,860,2763,2009-03-26 15:50:58+00:00,116.0,official,0.04597701149425287,87.86494252873563,3.7577319587628866,2.556701030927835,0.14432989690721648,-0.0002352329424042261,0.013878020425049676,0.02204549588949987,0.03830150581110606,-0.085496319872511,-0.04456407684558073,82.98701242829827,27.73700286806883,0.7294359464627151,0.06412667304015296,0.13985898661567878,0.7960028680688337,0.192572896749522,0.7974055701023066,0.018169440627688917,6.0,NC,
RepRichmond,267854863,Rep Cedric Richmond,Democrat,2154,45347,945,2828,2011-03-17 17:30:45+00:00,117.0,official,0.0,92.18085106382979,3.954954954954955,2.8378378378378377,0.009009009009009009,-0.017504276367458233,-0.008371110520222817,-0.055564815957379984,-0.04206533620353599,0.028894128588727436,-0.003654432250723083,79.84626276694522,28.32347260909935,0.6396657381615598,0.049003714020427115,0.163958217270195,0.7870352831940575,0.24957302692664807,0.3227324451660912,0.05251865442967021,8.0,LA,
RepZoeLofgren,267938462,Rep. Zoe Lofgren,Democrat,2058,96890,218,3204,2011-03-17 21:06:21+00:00,118.0,official,0.0,95.171974522293,4.103225806451613,2.9483870967741934,0.0,0.0033427258688130874,0.021705656538271893,-0.0508991327691989,-0.03820854771743091,-0.015176736231362363,0.003761176654860987,82.44677842565598,22.412385811467445,0.7414917395529641,0.06606705539358601,0.1432555879494655,0.7906754130223518,0.193929397473275,,,,CA,
RepMoolenaar,2696643955,Rep. John Moolenaar,Republican,642,16285,352,955,2014-07-31 21:09:14+00:00,118.0,official,0.0,92.5327868852459,4.065217391304348,2.858695652173913,0.021739130434782608,-0.00291706349851233,0.0023928449859314947,,,0.013026504786192144,-0.0021928652326373326,83.12546728971964,24.950685358255452,0.2970872274143302,0.02551246105919003,0.19501869158878504,0.7794719626168224,0.42369735202492215,0.7261771464280803,0.034038321388020445,7.0,MI,
jameslankford,27044466,James Lankford,Republican,2027,14842,2177,3308,2009-03-27 16:54:33+00:00,115.0,campaign,0.08550185873605948,82.96282527881041,3.1300448430493275,2.2690582959641254,0.26905829596412556,0.03262613698995177,0.024393165165475544,-0.058744375632747474,-0.06805813550064277,0.0801986738869143,0.04265156895417745,80.58038973852986,29.14198815984213,0.5386087814504193,0.043417858904785396,0.15697187962506168,0.7996132215096201,0.2514643315244203,,,,,0.313
Ann_Kirkpatrick,272004287,Ann Kirkpatrick,Democrat,1259,9879,1196,1789,2011-03-25 16:32:15+00:00,116.0,official,0.011299435028248588,93.55367231638418,4.0,2.9078014184397163,0.0,0.05894967592114685,0.032291741861854795,,,0.07178230946968935,0.05383607363690603,70.09671961874504,26.664201747418588,0.49544082605242257,0.04137887212073074,0.16989356632247815,0.7887291501191421,0.3648621922160445,0.37426332997969747,0.0977409134678443,7.0,AZ,0.5
StaceyPlaskett,2724095695,Rep. Stacey Plaskett,Democrat,2897,250976,841,5187,2014-08-11 14:40:01+00:00,118.0,official,0.016,90.04,3.9743589743589745,2.7094017094017095,0.042735042735042736,-0.023739560935266992,-0.03295593869502655,,,-0.027880710853565003,-0.041528054932131506,77.17732481877805,24.88905074214705,0.4822609596133931,0.04498170521228858,0.1510648947186745,0.8039509837763202,0.24649143942008975,0.30400077454552854,0.039216090891950266,7.0,VI,
JayObernolte,272482466,Rep. Jay Obernolte,Republican,1354,8798,916,1821,2011-03-26 16:11:17+00:00,118.0,official,0.02,93.38,3.9,2.8444444444444446,0.03333333333333333,-0.005821668240253237,0.011934813774500895,,,0.008306882027595055,0.020996305416161976,82.70044313146234,33.07351550960118,0.5168980797636632,0.062077548005908416,0.15060118168389955,0.7873271787296897,0.25916912850812407,,,,CA,
SteveScaliseGOP,2746741969,Steve Scalise,Republican,739,52971,789,967,2014-08-19 21:15:51+00:00,116.0,official,0.02247191011235955,88.63483146067416,3.63768115942029,2.608695652173913,0.10144927536231885,0.06321538754389688,0.010698702056416525,,,0.08573183144054698,0.020006019767750655,78.24487144790257,26.906075778078485,0.3480649526387009,0.044182679296346415,0.21601353179972935,0.7398146143437077,0.48191786197564274,,,,,
SessionsTX17,2756069574,Pete Sessions,Republican,499,1168,19,513,2014-08-22 19:04:04+00:00,117.0,official,0.008368200836820083,87.4979079497908,3.3537735849056602,2.3726415094339623,0.13679245283018868,0.03725946357386066,0.029717356435591136,,,0.01451792336829329,0.006491217139065492,77.00899799599198,26.71230460921844,0.9331663326653307,0.08595390781563125,0.17739679358717436,0.7366452905811623,0.2844613226452906,0.8901732352534077,0.1385552333921526,7.0,TX,
PatrickMcHenry,27676828,Patrick McHenry,Republican,4525,38047,3248,6110,2009-03-30 16:42:39+00:00,118.0,official,0.007042253521126761,90.3943661971831,3.795774647887324,2.671361502347418,0.06103286384976526,-0.016129529944256607,-0.012497842354046435,-0.026028962511814226,-0.01698833441684772,0.027350800256752003,0.016466828632213593,83.28953591160221,28.289575690607734,0.48216574585635363,0.05140707182320442,0.167627182320442,0.7809683977900552,0.2922161767955801,,,,NC,0.375
tndesjarlais,27775884,Scott DesJarlais,Republican,324,1805,1024,531,2009-03-31 00:59:24+00:00,116.0,official,0.06896551724137931,82.8103448275862,3.6923076923076925,2.576923076923077,0.15384615384615385,0.06897064126258017,0.03604290201684957,0.05369766648820226,0.04490897776825676,0.06803715228619069,0.03176662593604278,75.72021604938271,29.836975308641975,0.6089197530864198,0.045697530864197526,0.17141975308641974,0.7828796296296296,0.3092145061728395,,,,,0.5
HarleyRouda,27789237,Harley Rouda,Democrat,5887,70639,7495,8456,2009-03-31 02:12:52+00:00,116.0,official,0.021613832853025938,92.88796829971182,3.868945868945869,2.7678062678062676,0.027065527065527065,-0.03316811753168128,-0.055058180223567656,-0.07551302196674385,-0.03290396408839099,0.05086384497374653,0.023000540897290037,67.47309665364362,22.81761508408357,0.573397316120265,0.053373195175811114,0.16808883981654493,0.778536266349584,0.2236093086461695,0.35527522887837726,0.026294558355766537,2.0,CA,
Schneider4IL10,278005891,Brad Schneider,Democrat,2910,21741,353,4096,2011-04-06 12:23:04+00:00,116.0,official,0.0,93.86363636363636,3.988826815642458,2.8435754189944134,0.0,-0.016996276406648015,-0.03385042044041429,-0.04807699411009167,-0.05340857740692981,0.05446105393967204,0.009390625075487833,79.13783161512028,29.96769759450172,0.5748591065292096,0.04868006872852233,0.1879388316151203,0.7633797250859107,0.3009201718213058,0.3818461405970794,0.07960069072701424,7.0,IL,0.625
BenCardinforMD,278094476,Ben Cardin,Democrat,1519,8217,1723,2509,2011-04-06 16:02:24+00:00,116.0,official,0.00819672131147541,94.87295081967213,3.9456521739130435,2.8152173913043477,0.05434782608695652,0.00810601087513368,-0.011199586569633432,-0.030464785537077415,-0.029886211917634666,0.07621976452640997,0.02977867153840341,77.47641211323239,23.759842001316652,0.46509545753785386,0.04751678736010533,0.15233969716919024,0.8001270572745227,0.2369403554970375,,,,,
SenBlumenthal,278124059,Richard Blumenthal,Democrat,15581,711962,984,18532,2011-04-06 17:13:53+00:00,117.0,official,0.0015360983102918587,95.12605606758832,4.070084100921106,2.9122947537044452,0.004405286343612335,0.03624205143624675,0.04512170008839981,-0.03652740526629708,-0.020932907714043762,0.03206335054182435,0.03153966500455672,82.96338104101149,23.655310955651114,1.1899249085424557,0.10025524677491816,0.15483614658879405,0.7449070662986972,0.1312632501123163,,,,,0.75
MarshaBlackburn,278145569,Sen. Marsha Blackburn,Republican,13766,946482,2015,16828,2011-04-06 18:05:33+00:00,117.0,official,0.05934959349593496,84.30477642276423,3.5086918730986527,2.460886571056063,0.14341590612777053,0.03417627005485659,0.030325463666248925,-0.04038447455895963,-0.037744835252030005,0.06464355866226526,0.057514073400364935,78.99660467819265,24.205292023826818,0.6837055063199186,0.07321996222577365,0.13192699404329508,0.7948481766671509,0.13640870986488451,,,,,0.325
RepWebster,281540744,Daniel Webster,Republican,3800,27979,317,4402,2011-04-13 13:47:05+00:00,118.0,official,0.027932960893854747,86.3659217877095,3.21,2.31,0.275,-0.042090824982831634,-0.018936751424128602,-0.05606550929183608,-0.0253092240488117,0.03179324735888211,0.029393195028955967,85.96261052631579,23.514694736842106,0.5361157894736842,0.037190789473684205,0.1700792105263158,0.7927326315789474,0.3489933684210526,,,,FL,
kevincramer,28267055,Kevin Cramer,Republican,1534,7983,148,1886,2009-04-02 02:58:44+00:00,116.0,official,0.025423728813559324,88.13983050847457,3.6335403726708075,2.5652173913043477,0.12422360248447205,-0.019430907958703718,-0.04446398915465309,-0.085550554298594,-0.09011413674079283,0.09115088624840008,-0.0004308705381248398,79.87432855280314,24.586349413298564,0.5326923076923077,0.04315906127770535,0.165119295958279,0.7917144719687093,0.27727327249022166,,,,,0.2
BobCorker,283130017,Bob Corker,Republican,109,8093,523,142,2011-04-16 16:54:25+00:00,115.0,official,0.0,91.16666666666667,4.2,2.8,0.2,0.02012569913604256,0.005166184856085596,-0.02799936008534543,-0.029186237891596186,,,87.0048623853211,34.40880733944954,0.39403669724770646,0.030642201834862385,0.17069724770642203,0.7986788990825688,0.31696330275229356,0.6723078663178165,0.03753690828698141,6.0,TN,
SenadorReid,285222374,Senador Harry Reid,Democrat,915,1995,105,1040,2011-04-20 19:13:05+00:00,114.0,staff,0.0,95.69767441860465,3.972972972972973,2.864864864864865,0.0,-0.5467778434255992,-0.5183279631936059,-0.5626399394392089,-0.5308816411290547,,,89.84638251366121,1.3673333333333333,0.2845573770491803,0.0323103825136612,0.010171584699453552,0.9575191256830601,-0.06475945355191257,0.2716204820367921,0.046539191371683795,4.0,NV,
RepWesterman,2852998461,Rep. Bruce Westerman,Republican,4632,14244,346,7070,2014-10-31 03:57:48+00:00,118.0,official,0.002793296089385475,90.58519553072625,3.84,2.72,0.07,-0.08997101382681177,-0.07413460108391852,,,0.03378787438198261,0.03003473908446284,84.13936744386874,26.161804835924006,0.3742875647668394,0.0349041450777202,0.12321416234887736,0.841881908462867,0.25219863989637303,0.7859842381378721,0.0958378348562035,7.0,AR,
SenMurphyOffice,2853793517,Sen. Murphy Office,Democrat,1173,4058,28,1208,2014-10-31 20:54:02+00:00,116.0,official,0.0,87.5,,,,-0.2404972102976462,-0.16700840872078904,,,-0.45144597136987713,-0.3659048985769005,95.38936913895994,9.763265132139813,0.30701619778346123,0.06846973572037511,0.10082608695652175,0.8307024722932651,0.05736649616368287,0.16876336886134063,0.038339103442980554,9.0,CT,
SenJoniErnst,2856787757,Joni Ernst,Republican,8697,156691,169,9636,2014-11-02 13:32:54+00:00,117.0,official,0.005791505791505791,87.83880308880309,3.8202247191011236,2.6370786516853935,0.06629213483146068,0.011118857229498983,0.02183300792867351,,,0.018712242794088788,0.025389601204747633,83.93124180751984,25.860979648154537,0.45690697941819014,0.05911670691042889,0.14078302863056227,0.8001001494768312,0.2661819707945269,0.8729306721110023,0.06818843872479244,7.0,IA,
RepDianaDeGette,28599820,Rep. Diana DeGette,Democrat,5914,68970,10008,7102,2009-04-03 16:41:06+00:00,118.0,official,0.0,94.16644204851752,4.064738292011019,2.9077134986225897,0.0,0.03221536519507397,0.032981652928444245,0.010280580603805144,0.026069870583044236,0.03748737540871865,0.0324424273823119,77.97543794386202,26.600510652688538,0.5823385187690227,0.06780723706459249,0.1403358133243152,0.7918569496110924,0.20723435914778493,,,,CO,0.625
RepRaulGrijalva,28602948,Raul M. Grijalva,Democrat,6511,42790,521,9298,2009-04-03 16:55:32+00:00,118.0,official,0.015430775825117874,93.17895413630518,3.9342592592592593,2.8092592592592593,0.014351851851851852,0.015140694474863641,0.023132614312231715,-0.015901269224192202,-0.006744397229324521,0.017622144629354256,0.030001642840716727,80.14393795115957,23.5923729073875,0.8342328367378282,0.08559714329596067,0.12042819843342036,0.793975579788051,0.10632948855782522,,,,AZ,
USRepGaryPalmer,2861616083,Gary Palmer,Republican,2790,24142,949,3668,2014-11-04 22:58:38+00:00,118.0,official,0.02280130293159609,85.89413680781759,3.691131498470948,2.55045871559633,0.09174311926605505,-0.0029944220368932017,-0.004327969442235182,,,0.015893138343126716,0.008192838662800999,81.03718279569893,29.424659498207888,0.5576738351254481,0.04947885304659498,0.14835089605734766,0.8021763440860216,0.2712641577060932,0.6619668622142113,0.0552941484464167,7.0,AL,
RepKenBuck,2862577383,Rep. Ken Buck,Republican,4596,73865,605,5714,2014-11-05 14:49:30+00:00,118.0,official,0.03491078355314197,88.5049133695371,3.5965471447543162,2.60132802124834,0.09163346613545817,0.042321888191688126,0.03538980185811334,,,0.04137083885831693,0.030406118336704476,77.80416884247173,21.098370322019147,0.6505004351610095,0.08409899912967798,0.119394908616188,0.7965006527415144,0.07835774586597041,0.7033345240218827,0.03909086372636792,7.0,CO,
RepLawrence,2863006655,Brenda Lawrence,Democrat,6189,30168,1210,8253,2014-11-05 18:46:39+00:00,117.0,official,0.0,93.61651234567901,4.045296167247387,2.8484320557491287,0.0017421602787456446,-0.026973501985603797,-0.016834226471213447,,,-0.004823052859044765,0.00575304958418695,80.62901761189207,23.429765713362418,0.7549894974955567,0.05826918726773307,0.14125351429956373,0.8004700274680886,0.23832573921473582,0.21054206765602804,0.046164871484309304,7.0,MI,
sendavidperdue,2863210809,David Perdue,Republican,3930,120466,1011,4781,2014-11-05 20:58:02+00:00,116.0,official,0.0137221269296741,91.75471698113208,3.942922374429224,2.6872146118721463,0.0547945205479452,-0.007734997713993399,-0.002647161929255014,,,0.005599172693518263,0.012103916905276608,81.4226106870229,25.027865139949107,0.536470737913486,0.04975445292620865,0.17827201017811706,0.7719707379134859,0.3089042748091603,0.9187535450623993,0.037641087457747704,6.0,GA,0.46
SenDanSullivan,2891210047,Sen. Dan Sullivan,Republican,3886,64034,720,4446,2014-11-05 21:25:42+00:00,117.0,official,0.010256410256410256,96.54615384615384,4.103658536585366,2.8841463414634148,0.012195121951219513,-0.0024011005349809794,-0.004179686349461016,,,0.0020133476944120816,-0.003027511002328546,84.36300823468864,26.75912249099331,0.6384225424601132,0.05297375193000514,0.159623262995368,0.7873975810602162,0.3301791302110139,0.7328396919935571,0.047289409406973196,7.0,AK,0.2
RepLoudermilk,2914163523,Rep. Barry Loudermilk,Republican,3406,32911,1599,4037,2014-12-10 18:53:17+00:00,118.0,official,0.02197802197802198,85.06043956043956,3.7449392712550607,2.5506072874493926,0.06072874493927125,0.007183225243467074,0.014466458084752854,,,0.02693685254359116,0.025737197351811406,80.70303875513798,24.100246623605404,0.41408396946564885,0.05304550792718732,0.133484145625367,0.8134677040516735,0.19924318849089842,0.7489223302904684,0.09499451251104708,7.0,GA,
RepAdams,2916086925,Rep. Alma Adams,Democrat,8095,29323,2612,13411,2014-12-11 19:54:07+00:00,118.0,official,0.00199203187250996,93.42181274900399,4.146766169154229,2.88681592039801,0.0024875621890547263,-0.022462837933582433,-0.009680061422551586,,,-0.020639061334038766,-0.013894875502289687,81.18042124768375,28.12156886967264,0.5489623224212478,0.04959579987646696,0.13997689932056825,0.8104281655342804,0.24370557134033352,0.27278352529711836,0.10436351365530225,8.0,NC,
SenatorEnzi,291756142,Mike Enzi,Republican,4153,100806,592,4877,2011-05-02 15:26:39+00:00,116.0,official,0.0,86.71071428571429,4.2486910994764395,2.8272251308900525,0.03664921465968586,0.034038719711963886,0.06171928074249425,0.06433080510721954,0.08635226518486654,0.03148983159317325,0.05314381849149069,81.3171346014929,27.564570190223936,0.3230459908499879,0.04836696364074163,0.14053262701661448,0.8110972790753672,0.26401423067661933,0.9095107838348729,0.05897357803303528,8.0,WY,
SenJeffMerkley,29201047,Senator Jeff Merkley,Democrat,13186,496946,1091,17489,2009-04-06 13:38:39+00:00,117.0,official,0.0007496251874062968,95.3266491754123,3.939840637450199,2.8302788844621514,0.0007968127490039841,0.051253957684031605,0.04477926646861404,0.05132590015915904,0.05096572422236399,0.057952943982439754,0.04884929976199027,76.39813059305324,26.735945699984832,0.8299802821173972,0.08749234036098892,0.1321870923706962,0.7803191263461247,0.1167671393902624,,,,,0.733
WydenPress,292495654,WydenPress,Democrat,4279,13672,682,7718,2011-05-03 18:58:04+00:00,116.0,official,0.0043859649122807015,92.90789473684211,4.319095477386934,2.922110552763819,0.010050251256281407,-0.030072492696900908,0.017367087998310576,-0.05208727518764924,-0.0014775431344683301,0.05214812361247267,0.07204924693436145,84.78210796915167,22.343594297733116,0.36498948352418786,0.04070694087403599,0.12846225753680768,0.8308289319934564,0.19001582145361068,0.18480266526369415,0.05577180496491599,9.0,OR,0.6559999999999999
ScottPetersSD,292594517,Scott Peters,Democrat,4599,12202,1474,6784,2011-05-03 22:25:55+00:00,116.0,official,0.0,97.61029411764706,4.233333333333333,2.9,0.0,0.001724893400953263,-0.0453991922794513,-0.032701695412340935,-0.06655545307482984,0.021223213594976136,-0.03261018889605274,62.841737334203096,28.63970210915416,0.3997521200260926,0.04455794737986519,0.184191128506197,0.7712546205696891,0.2773612307023266,0.345161607967978,0.03377822586220184,9.0,CA,0.875
RepBrianBabin,2929491549,Brian Babin,Republican,4562,27321,791,5964,2014-12-18 13:28:53+00:00,118.0,official,0.0646725949878739,77.01010509296685,3.101987899740709,2.198789974070873,0.17891097666378566,0.02775834474572547,0.013391516025000369,,,0.05127249817180645,0.024159061795779473,77.88871109162648,25.719423498465584,0.8251928978518194,0.09195287154756684,0.1356451117930732,0.7724007014467339,0.09095646646207804,0.9372551436826119,0.0652428091436605,7.0,TX,
RepNewhouse,2930635215,Rep. Dan Newhouse,Republican,3963,24268,1156,5326,2014-12-18 20:19:23+00:00,118.0,official,0.01848998459167951,91.93759630200309,4.111578947368421,2.7578947368421054,0.05894736842105263,-0.02118302950863004,0.015040489656891757,,,-0.006141291429473636,0.029551254041773375,84.18483976785264,26.728713096139288,0.4271587181428211,0.04640247287408529,0.15232197829926825,0.8012798385061822,0.3386395912187737,0.7647930413603693,0.06460001666784218,7.0,WA,
PattyMurray,293131808,Senator Patty Murray,Democrat,19891,490970,2401,23707,2011-05-04 20:23:35+00:00,117.0,official,0.001361285053090117,94.35236863599238,4.032806092560047,2.830697129466901,0.002050380785002929,0.059407983673251064,0.06182320273770269,-0.023308362042226936,-0.015841897477380892,0.0725901162875202,0.07412905017188662,76.12857774873058,25.74047710019607,0.4989819516364185,0.07283535267206274,0.1287337992056709,0.7984272283947513,0.18508439495249107,,,,,0.75
GrassleyPress,294126378,Sen. Grassley Press,Republican,9386,25134,3961,14796,2011-05-06 15:35:48+00:00,116.0,official,0.005756578947368421,90.45127467105263,4.101910828025478,2.826751592356688,0.04416135881104034,-0.07752595639833142,-0.017189837596616946,-0.2847522023378125,-0.17301817168585973,0.0027096533452980165,0.040694938080038656,88.54525783081185,15.71900916258257,0.44907948007670995,0.0521398891966759,0.09576731301939058,0.852096633283614,0.12180822501598124,,,,,
SenSanders,29442313,Bernie Sanders,Independent,20282,12495721,2304,23520,2009-04-07 13:02:35+00:00,117.0,official,0.0024110910186859553,92.97649186256781,4.045566502463054,2.7838669950738915,0.020320197044334975,0.004263591852491636,0.000282312841835528,-0.1065310375546757,-0.09346388335117788,0.05756165733611019,0.03700561026493866,79.39761315452124,24.154329454688884,0.5804609999013904,0.07380416132531309,0.08493057883837886,0.8412665910659698,0.02741390395424514,,,,,0.5589999999999999
repjohnlewis,29450962,John Lewis,Democrat,1640,1113441,144,2006,2009-04-07 13:49:52+00:00,116.0,official,0.037037037037037035,93.22222222222223,4.1923076923076925,2.8461538461538463,0.0,0.09626079906259834,0.058423392098037374,0.08217917024813184,0.05573458546049261,0.06667429123495981,0.03417077441295441,68.21185975609755,35.401865853658535,0.8127865853658537,0.07136158536585366,0.15741951219512196,0.7712079268292683,0.21329134146341464,0.2154369265503233,0.026866957875908523,7.0,GA,0.33
RepAdamSchiff,29501253,Adam Schiff,Democrat,5968,3299605,875,6947,2009-04-07 17:54:35+00:00,118.0,official,0.0,95.80514705882354,4.028112449799197,2.9196787148594376,0.0,0.042555948482862864,0.027436140827150346,-0.022954851816450256,-0.015020924209816242,0.050653865671503526,0.017349252274913993,75.07180462466488,23.7516990616622,0.8125217828418231,0.09570191018766756,0.11340331769436998,0.790895609919571,0.03029395107238606,,,,CA,0.5
RepGarretGraves,2951574214,Rep. Garret Graves,Republican,3424,17849,1112,5223,2014-12-30 17:51:24+00:00,118.0,official,0.0,91.18571428571428,3.9390243902439024,2.7439024390243905,0.08536585365853659,-0.02772285082810408,0.016965306597689758,,,-0.038617404868019185,0.012492101665081603,82.71336740654206,28.468831775700934,0.25433995327102804,0.04906542056074766,0.11862967289719625,0.8323022780373831,0.17683235981308412,0.6160778702020666,0.03869055558898172,7.0,LA,
RepRyanZinke,2953494478,Rep Ryan Zinke,Republican,840,10131,1040,1238,2014-12-31 17:32:01+00:00,118.0,official,0.06930693069306931,83.89108910891089,3.7875,2.525,0.15,-0.05111606995663667,-0.048450116156188244,,,,,84.9669880952381,28.544190476190476,0.4433690476190476,0.047674999999999995,0.1559059523809524,0.7964309523809523,0.2254522619047619,0.8924408641239217,0.010247196167808082,2.0,MT,
RepFrenchHill,2953974395,French Hill,Republican,4840,23782,1388,5811,2014-12-31 23:54:58+00:00,118.0,official,0.006864988558352402,90.59954233409611,3.948717948717949,2.812820512820513,0.038461538461538464,-0.02712550445729964,-0.018376879227888002,,,-0.029595073307688943,-0.01998923253112186,85.77755528001654,27.974664186815456,0.472802231866088,0.0441452479338843,0.15873946280991735,0.7971082644628099,0.3666094214876033,0.716823276388622,0.0755353070052106,7.0,AR,
SenatorRounds,2955485182,Senator Mike Rounds,Republican,4182,44228,571,4939,2015-01-01 20:23:49+00:00,117.0,official,0.0,91.88681948424069,4.082644628099174,2.8016528925619837,0.03305785123966942,-0.03183472387680011,-0.015526371128517126,,,-0.008550525887784832,0.004855850338131139,85.75402439024391,33.420954088952655,0.3429220468675275,0.03354232424677188,0.16078407460545194,0.8056704925872787,0.36048876135820185,0.8792625734004832,0.07086566564630249,7.0,SD,
ConawayTX11,295685416,Mike Conaway,Republican,797,22649,1394,1181,2011-05-09 13:56:50+00:00,116.0,official,0.0,92.765625,4.132075471698113,2.849056603773585,0.018867924528301886,-0.02318641079846293,-0.023012225539521043,-0.06971938992426197,-0.06848968642480327,0.043792731722037334,0.044941889262456264,81.72976160602259,25.546976160602256,0.49767879548306143,0.05504767879548306,0.12893977415307403,0.816030112923463,0.17559974905897113,0.7471716069699605,0.04534719553997786,8.0,TX,
Buddy_Carter,295712099,Buddy Carter,Republican,3695,6853,3329,4071,2011-05-09 14:52:58+00:00,116.0,official,0.039850560398505604,91.14694894146949,3.6715210355987056,2.7135922330097086,0.09385113268608414,-0.03424840285537121,-0.030641942109869008,-0.10914422883969767,-0.08382751912477636,0.05337562350869042,0.03672640180344001,83.28018408229562,28.946188413643746,0.3652328099621007,0.047914208389715836,0.13369228687415427,0.8183981055480379,0.21236062246278756,0.7994278699260216,0.0792908606439442,7.0,GA,
RepAdrianSmith,296245061,Rep. Adrian Smith,Republican,3945,17809,593,5026,2011-05-10 12:52:01+00:00,118.0,official,0.0,86.84977578475336,4.027972027972028,2.699300699300699,0.0979020979020979,-0.020633788671940788,0.009599611565491767,-0.03150341541924822,0.011974375539682825,0.002513364316668244,0.02630654111286035,86.42004055766793,28.201979721166033,0.38766286438529785,0.03992598225602028,0.16839163498098858,0.7916816223067175,0.3632294296577947,0.6850875532853432,0.026133682633428874,9.0,NE,
RepStefanik,2962813893,Rep. Elise Stefanik,Republican,8677,443980,743,11117,2015-01-05 22:17:51+00:00,118.0,official,0.03411941796287005,86.94907175112895,3.7341532639545885,2.58561967833491,0.10690633869441817,-0.015284166363287065,0.008741517075760583,,,0.0019022957675459305,0.013878248683798491,85.4650086435404,26.70451999539011,0.5488360032269217,0.0614624870346894,0.1414472744035957,0.7970917367753831,0.2325530828627406,0.7164766282648901,0.06541574722188165,7.0,NY,
RepDonBeyer,2962868158,Rep. Don Beyer,Democrat,17061,108851,4885,37240,2015-01-05 22:09:04+00:00,118.0,official,0.0014641288433382138,95.27699487554905,3.9673926194797335,2.825650332728373,0.002540834845735027,0.03560426406994329,0.03262140372481036,,,0.03494803534916349,0.02576696582395985,76.80587480218041,22.623617021276598,0.6426200105503781,0.09327401676337846,0.11467241076138561,0.7920528105034875,0.032722571947717015,0.23016191940590325,0.039387442123171724,7.0,VA,0.5
RepAbraham,2962891515,Rep. Ralph Abraham,Republican,1019,24262,135,1257,2015-01-05 23:01:54+00:00,116.0,official,0.012578616352201259,89.64779874213836,3.606741573033708,2.4831460674157304,0.11235955056179775,0.022219304322556626,0.0009571495765116814,,,0.029837954961365466,0.006037567989682392,77.94494602551521,26.33551521099117,0.5411972522080472,0.05265161923454367,0.17321589793915604,0.774126594700687,0.36244357212953876,0.8443096219878647,0.06153515458638052,6.0,LA,
SenSasse,2962923040,Senator Ben Sasse,Republican,847,169767,1,934,2015-01-05 22:39:56+00:00,117.0,official,0.009259259259259259,90.27314814814815,3.646017699115044,2.601769911504425,0.07964601769911504,0.04539548543146724,0.038176173864158024,,,0.0644063583476874,0.019964579423590742,78.6401889020071,18.697473435655255,0.7068004722550176,0.06828925619834711,0.12911334120425028,0.8025926800472256,0.1487085005903188,0.7503470265441722,0.03358825028267743,7.0,NE,
WillHurd,2963445730,Will Hurd,Republican,5892,76984,1213,7264,2015-01-06 04:27:18+00:00,116.0,official,0.0045045045045045045,94.32357357357357,4.101083032490974,2.8736462093862816,0.01444043321299639,-0.018245957554386957,-0.02146533449020662,,,0.07676235897092809,0.05291362159318038,77.97645451459607,27.60599287169043,0.3756500339443313,0.046751527494908345,0.15755583842498302,0.7956856754921928,0.27943703326544467,0.6510819541673604,0.019470305112333452,6.0,TX,
SenJohnThune,296361085,Senator John Thune,Republican,6715,139251,342,7920,2011-05-10 16:41:48+00:00,117.0,official,0.0064794816414686825,91.01295896328294,3.9289473684210527,2.7578947368421054,0.03684210526315789,-0.016779323150946632,-0.022609489313234924,-0.03062371656314855,-0.021322759724886474,0.024804785092906297,0.0018394830601817236,85.31026954579299,30.62194043186895,0.4280982874162323,0.04401831720029784,0.1640061057334326,0.7919706626954579,0.3452042591213701,,,,,0.383
SenThomTillis,2964174789,Senator Thom Tillis,Republican,5109,133522,4289,7164,2015-01-06 14:22:18+00:00,117.0,official,0.0069124423963133645,89.48041474654377,4.124293785310734,2.7655367231638417,0.04519774011299435,-0.02047664874192184,-0.0018925287658294752,,,-0.002010273436093654,0.01782282400148697,84.45892151105892,20.949260129183795,0.6533861812487767,0.054000587199060486,0.1726962223527109,0.7732981013897045,0.2971737717752985,0.8513232667390388,0.04923944259109142,7.0,NC,0.361
RepRickAllen,2964287128,Rick W. Allen,Republican,2882,27463,294,3393,2015-01-06 14:45:18+00:00,118.0,official,0.011811023622047244,87.90748031496064,3.833976833976834,2.72972972972973,0.05019305019305019,0.0014508107908930605,0.012949278362426592,,,0.014228325837119676,0.028057588250092944,83.38141915336571,29.222838306731436,0.3599063150589868,0.04151492019430951,0.16057460097154755,0.7979104788341429,0.34243202637057596,0.8410851538306581,0.07215384508219595,7.0,GA,
RepAlexMooney,2964526557,Rep. Alex Mooney,Republican,2725,22629,656,3919,2015-01-06 17:13:10+00:00,118.0,official,0.019230769230769232,87.96955128205128,3.583710407239819,2.5610859728506785,0.11764705882352941,-0.014417675592853556,-0.0073569361712470735,,,-0.009844695398624386,-0.0016514059180816618,86.85998165137615,25.99944220183486,0.538708256880734,0.04547376146788991,0.1789240366972477,0.7756022018348624,0.36445445871559634,0.8283435229468079,0.0770651922892753,7.0,WV,
RepBost,2964877294,Rep. Mike Bost,Republican,2797,17374,1968,3563,2015-01-06 19:55:08+00:00,118.0,official,0.006802721088435374,88.86054421768708,4.18942731277533,2.7797356828193833,0.039647577092511016,-0.03646142246281582,-0.030912388158566683,,,-0.019713396873783127,-0.02047920799600005,83.30905613156953,26.68780121558813,0.5290668573471576,0.043856989631748305,0.14974150875938505,0.8064093671791205,0.33099406506971757,0.737515815020063,0.037207514274669264,7.0,IL,
MarthaMcSally,2964949642,Martha McSally,Republican,4696,115594,864,5521,2015-01-06 20:39:37+00:00,116.0,official,0.00303951367781155,91.55319148936171,4.038,2.844,0.032,-0.02344699838765914,-0.005549485426385886,,,-0.0038275164056576277,0.015027707942232857,84.8053769165247,27.559001277683137,0.5611179727427598,0.045268313458262356,0.16700276831345826,0.7877287052810903,0.33613187819420787,0.7157005228967109,0.023243204938111287,5.0,AZ,0.183
RepMarkWalker,2966205003,Mark Walker,Republican,6296,42622,2132,8910,2015-01-07 16:20:28+00:00,116.0,official,0.03129657228017884,86.22354694485843,3.667736757624398,2.552166934189406,0.10754414125200643,0.00017455281588842943,-0.02703722294748951,,,0.010421172987023483,-0.030737790133065025,77.27943923749007,24.307949166004768,0.6547625099285146,0.05244663278271919,0.1681026048284625,0.7794494917407878,0.32989750635324017,0.7402670364871305,0.037000132264869486,6.0,NC,0.5
RepRubenGallego,2966570782,Ruben Gallego,Democrat,5040,113670,3459,7445,2015-01-07 19:31:08+00:00,118.0,official,0.008264462809917356,94.38739669421487,4.1023454157782515,2.8678038379530917,0.0021321961620469083,-0.005955014678999816,-0.002813915416367801,,,0.007862044367613726,0.0066639106331665915,78.06648412698414,24.635311507936507,0.7343888888888889,0.06968650793650794,0.1374998015873016,0.7928051587301587,0.1855586507936508,,,,AZ,
RepJohnKatko,2966765501,John Katko,Republican,1395,29370,239,2263,2015-01-07 21:51:49+00:00,117.0,official,0.0,88.79433497536945,4.675,2.925,0.0125,-0.029661682488578676,-0.00388336259927615,,,-0.01662117449131539,0.009124578364050725,88.2148888888889,30.84489605734767,0.5684659498207886,0.05445376344086021,0.16079498207885304,0.7847562724014336,0.338145017921147,0.5876321794055073,0.07268397262221414,7.0,NY,
RepDeSaulnier,2968007206,Mark DeSaulnier,Democrat,7317,22388,1022,8904,2015-01-08 15:32:13+00:00,118.0,official,0.0,95.94382414515003,3.993189964157706,2.89247311827957,0.0,0.011487733315680773,0.030526615659851795,,,0.013703388511784341,0.03522944633525328,84.91197348640154,26.035476288096213,0.7158452917862512,0.06210455104551045,0.14183763837638377,0.796050020500205,0.2535481071477382,0.14741976697912654,0.03996399799444779,7.0,CA,
RepBonnie,2968451607,Rep. Bonnie Watson Coleman,Democrat,7512,47935,1250,11584,2015-01-08 20:18:16+00:00,118.0,official,0.0013531799729364006,95.08130356337392,4.026773761713521,2.8514056224899598,0.004016064257028112,0.03637077550262699,0.03433680518979273,,,0.022997012127747303,0.019851157639986752,74.34887113951011,26.37086794462194,0.7718237486687965,0.07884491480298189,0.12318556975505858,0.7979735090521832,0.10654439563365282,0.11961067852672672,0.051463782618411995,7.0,NJ,
RepDebDingell,2970279814,Rep. Debbie Dingell,Democrat,6405,103558,2587,7973,2015-01-09 19:15:50+00:00,118.0,official,0.006700167504187605,95.14070351758794,4.040590405904059,2.9022140221402215,0.00922509225092251,0.02441551504422772,0.028733106094483932,,,0.02169879841172832,0.026512028867985465,78.38144106167057,28.081619047619046,0.5777814207650274,0.06654020296643247,0.16045261514441844,0.7730028103044496,0.2824496643247463,,,,MI,
RepKathleenRice,2970462034,Archived: U.S. Rep Kathleen Rice,Democrat,4099,33274,1415,5178,2015-01-09 21:18:27+00:00,117.0,official,0.0016051364365971107,93.52166934189407,4.013266998341625,2.8971807628524044,0.003316749585406302,0.0010373705165245427,0.008735847432104364,,,5.2702447067122246e-05,0.011633838810217173,78.92371066113685,26.230397657965355,0.766701634545011,0.07739473042205415,0.14819053427665285,0.7744174188826543,0.2020903878994877,0.35462569837764885,0.0482573160175283,7.0,NY,
RepBuddyCarter,2973870195,Buddy Carter,Republican,3584,35440,449,4861,2015-01-12 00:33:43+00:00,118.0,official,0.04583333333333333,83.88333333333334,3.5836909871244633,2.5536480686695278,0.11587982832618025,0.012232530982120845,0.011937228501848064,,,0.02080552169743177,0.01558861358291142,81.0359765625,27.760904017857143,0.5212081473214286,0.055100446428571426,0.16602901785714286,0.7788577008928571,0.261178515625,0.7994278699260216,0.0792908606439442,7.0,GA,
CongressmanHice,2975091705,Rep. Jody Hice,Republican,4578,92546,4330,7427,2015-01-12 18:48:35+00:00,117.0,official,0.052478134110787174,78.54227405247813,3.09375,2.2,0.196875,-0.0014004702511062092,-0.019429646695310297,,,0.022082404109241068,-0.007216399944104721,80.75605636880051,25.070314616561067,0.7766659383875901,0.0710777632153779,0.14582765399737876,0.783089121887287,0.19407833114897335,0.8638608942266215,0.056558481522318155,7.0,GA,
RepGrothman,2976606250,Rep. Glenn Grothman,Republican,3958,14722,220,4677,2015-01-13 15:08:48+00:00,118.0,official,0.01652892561983471,86.41322314049587,3.632034632034632,2.5584415584415585,0.15151515151515152,-0.015424648906595378,-0.012730214513385917,,,-0.009095069769292665,-0.008415542929979725,84.80723092470946,27.239671551288527,0.46784739767559375,0.03906013137948459,0.1876533602829712,0.7732872662961091,0.41865684689236987,0.8848356538804127,0.06269209228761205,7.0,WI,0.5
RepSamGraves,29766367,Rep. Sam Graves,Republican,6726,15863,1141,9262,2009-04-08 17:20:43+00:00,118.0,official,0.003814367450731087,90.45994914176732,4.064516129032258,2.8247800586510263,0.04252199413489736,-0.022084376934416516,0.014232164376595023,-0.02077216442795332,0.02736475390201046,0.008531527989297355,0.01673309067952905,83.7919209039548,21.584944989592625,0.21543413618792745,0.06846193874516801,0.11053910199226881,0.8209988105857864,0.12122873922093369,0.6818027638628869,0.12133846479066991,9.0,MO,
CongPalazzo,299883942,Cong. Steven Palazzo,Republican,4504,18303,1980,6177,2011-05-16 20:52:25+00:00,117.0,official,0.016483516483516484,91.04395604395604,3.9471153846153846,2.6826923076923075,0.08653846153846154,-0.034324669567902075,-0.023431520081999477,-0.08512895441417435,-0.06964236676638762,-0.0034715846293145373,0.005100762116560889,83.51091716633356,27.177821452365087,0.4426071507883633,0.044397868561278864,0.16079240674955594,0.7948146092362344,0.32153392539964476,,,,,
TeamMarco,3001665106,Team Marco,Republican,4379,24704,843,8167,2015-01-27 16:38:35+00:00,115.0,campaign,0.1345926800472255,79.15525383707202,3.0248275862068965,2.1641379310344826,0.26068965517241377,-0.0599017550259955,-0.0746740810996907,,,-0.0889097490768713,-0.10159372672560969,77.38529828571428,19.76005257142857,0.2764022857142857,0.049594427951587125,0.11124115094770495,0.8391625941995889,0.12186617949303495,0.8481075707948307,0.03870574202010651,9.0,FL,
RepPeteAguilar,3018670151,Rep. Pete Aguilar,Democrat,2315,41367,585,2876,2015-02-04 21:01:23+00:00,118.0,official,0.0,95.16129032258064,4.008771929824562,2.9210526315789473,0.0,0.02636321901751343,0.03129724291520425,,,0.03853462232527112,0.04075732969884655,78.62476663785652,31.79615816767502,0.7608167675021608,0.05664103671706263,0.16559438444924407,0.7777464362850972,0.32771300215982724,0.2914492903277945,0.06763683008628664,7.0,CA,
BradSherman,30216513,Congressman Brad Sherman,Democrat,3590,94060,1083,4345,2009-04-10 13:38:03+00:00,118.0,official,0.0,95.66137566137566,4.045333333333334,2.904,0.0026666666666666666,-0.01333309544143769,-0.008118972552497068,-0.11729911771030857,-0.0839396795656512,-0.0018996040703557295,0.0005549458006529194,83.78237604456824,25.42765181058496,0.7547465181058496,0.072491643454039,0.1144016713091922,0.8131016713091922,0.1241024512534819,,,,CA,
RepAmata,3026622545,Rep. Aumua Amata🇦🇸,Republican,672,4123,181,847,2015-02-09 16:00:36+00:00,118.0,official,0.0,86.875,5.0,3.0,0.0,-0.06385999527886967,-0.03812138789247465,,,-0.05550479147378971,-0.025363174067934136,85.22037202380952,22.403318452380955,0.3932291666666667,0.017482142857142856,0.19729613095238094,0.7852127976190476,0.4637150297619047,0.5145003525960906,0.09240291656071709,7.0,AS,
KamalaHarris,30354991,Kamala Harris,Democrat,15256,20049098,729,17026,2009-04-11 00:42:07+00:00,117.0,official,0.0,94.1523288973384,3.825335892514395,2.7629558541266794,0.0033589251439539347,0.07285649334182162,0.059246997440038134,-0.08715855253028028,-0.05407346432037064,0.07381610113437014,0.05032076629923296,69.0649010225485,29.108420293654955,0.9794605401153644,0.0806761274252753,0.13726999213424226,0.7820508652333509,0.16025128474043,0.053713045157850046,0.06283071683103633,4.0,CA,0.474
Nanette4CA,303633791,Nanette Barragán,Democrat,2721,4110,1304,4434,2011-05-23 06:38:33+00:00,117.0,official,0.02127659574468085,92.93617021276596,3.838235294117647,2.7794117647058822,0.029411764705882353,-0.04164076258751773,-0.06846829357202211,-0.05756341569037649,-0.07772455775278486,0.028368161475734795,-0.033158295790990944,72.05623300257258,30.12968393972804,0.5463836824696803,0.0431058434399118,0.22730576993752297,0.7295891216464535,0.3610342521131937,0.1524873307504287,0.0449671638408987,5.0,CA,
RepThompson,303861808,Rep. Mike Thompson,Democrat,10410,41187,422,15806,2011-05-23 14:58:06+00:00,118.0,official,0.0,94.9604081632653,4.193140794223827,2.9305054151624548,0.0,-0.020722816975350892,0.0026573377752044437,0.0380045147517142,0.0464649718295811,-0.01816612970251452,0.009111840911690802,82.54129875120077,27.983795389048993,0.47786455331412103,0.06232084534101825,0.16465869356388088,0.7730178674351585,0.3356982036503362,0.35798627955875695,0.06989826713850929,9.0,CA,
GT_TeamGT,304138251,Team GT - Friends of Glenn Thompson,Republican,2928,1318,237,3117,2011-05-24 00:39:40+00:00,116.0,official,0.050761421319796954,86.1243654822335,3.8525641025641026,2.6025641025641026,0.09615384615384616,-0.164555471606924,-0.15390565097589048,-0.08040720548079328,-0.06709536227326722,-0.2553637234062853,-0.24692790511821028,87.48576844262294,19.281936475409836,0.3209255464480874,0.020068647540983607,0.14994091530054646,0.8299948770491803,0.319510587431694,0.7476653382083019,0.0687530954221668,9.0,PA,
RepTedLieu,3044993235,Rep. Ted Lieu,Democrat,5469,182971,5615,9065,2015-02-19 20:08:54+00:00,118.0,official,0.002967359050445104,94.04896142433235,4.195906432748538,2.9298245614035086,0.005847953216374269,-0.04543844515564304,-0.017079545044564104,,,-0.047644851293780544,-0.01777947808697744,83.75655147193271,20.37061254342659,0.7424867434631559,0.06477491314682758,0.14610861217772902,0.789118303163284,0.2374130919729384,0.21507577594528257,0.032252619150840066,7.0,CA,0.667
Call_Me_Dutch,305620929,Dutch Ruppersberger,Democrat,4765,18684,2396,6233,2011-05-26 14:39:08+00:00,118.0,official,0.0,93.18895348837209,4.215189873417722,2.949367088607595,0.006329113924050633,-0.02256010230234345,-0.008240746363233045,-0.02994375730528519,-0.004154940515093359,-0.017206656669143092,3.299602475125232e-05,82.74519412381952,27.318314795383003,0.5523378803777544,0.048096956977964324,0.18125834207764954,0.7706486883525708,0.37903649527806926,,,,MD,
ScottforFlorida,306389855,Rick Scott,Republican,5047,174190,21,6741,2011-05-27 20:03:02+00:00,117.0,official,0.032188841201716736,88.10407725321889,3.672316384180791,2.6016949152542375,0.07909604519774012,-0.013763459575653449,-0.03420561384895372,-0.05593393891379303,-0.0237935671562136,0.050708493982352214,-0.002727601165209443,79.29910243709135,21.598284129185657,0.37007529225282343,0.046564295621161086,0.15750802456905091,0.7959231226471171,0.27826152169605706,0.9099841087205852,0.08522927393536703,3.0,FL,0.428
VanHollenForMD,3067974778,Chris Van Hollen,Democrat,972,6820,269,1164,2015-03-03 14:43:00+00:00,116.0,official,0.0,94.53804347826087,3.922222222222222,2.8444444444444446,0.0,0.061740433304701886,0.04460148362415255,,,0.05237592266972587,0.02591836322103453,79.05730452674896,29.813312757201647,0.7967181069958847,0.06869650205761317,0.17162139917695474,0.7596748971193416,0.2592196502057613,0.1662381433187566,0.05487320995484009,9.0,MD,0.75
DickDurbin,308794407,Dick Durbin,Democrat,7094,35447,1167,7828,2011-06-01 00:54:26+00:00,116.0,official,0.003453038674033149,93.13069751381215,4.028065630397236,2.8350604490500864,0.0069084628670120895,0.07508743706054521,0.07040116510978361,0.029742714756538988,0.010435308714649587,0.0806812014696259,0.07729317953393115,76.17898787707922,27.611924161263037,0.7761967860163519,0.08576036086833945,0.12974950662531717,0.7844953481815619,0.10796406822667043,,,,,
KellyforMS01,3090076743,Trent Kelly,Republican,99,423,0,124,2015-03-12 22:46:54+00:00,116.0,official,0.14285714285714285,83.21428571428571,3.0,2.3333333333333335,0.3333333333333333,-0.00162077834625011,-0.03847697164374542,,,,,80.68979797979797,36.64969696969697,0.43464646464646467,0.022353535353535355,0.19967676767676767,0.7779292929292929,0.46544444444444444,0.7106256319139368,0.06322975574476884,7.0,MS,
MarkPocan,309070309,Mark Pocan,Democrat,4652,26760,2544,6796,2011-06-01 13:46:02+00:00,116.0,official,0.023809523809523808,91.64434523809524,3.8072519083969465,2.6526717557251906,0.03816793893129771,0.03162614896052253,-0.019999850334908215,-0.058903996455858844,-0.058881370946245126,0.05597856826156379,-0.007963233905286715,62.36393809114359,27.714772141014617,0.6260984522785898,0.07729320722269992,0.13676289767841787,0.7859453998280309,0.12918817712811692,,,,,0.605
AyannaPressley,31013444,Ayanna Pressley,Democrat,14352,1057661,17982,28766,2009-04-14 01:06:07+00:00,116.0,official,0.0015564202334630351,92.56342412451362,3.898674242424242,2.840909090909091,0.008522727272727272,-0.06992205414736488,-0.08997981351581825,-0.10566607911413094,-0.11601638151758935,-0.005531785856509416,-0.044737301513609676,73.81332868789632,27.519369381924605,0.7135767542331544,0.047377438684503906,0.17282796822742477,0.7797928511705685,0.33515810340022295,0.0562283478856229,0.0043453330361032,3.0,MA,
RepStephenLynch,310310133,Rep. Stephen Lynch,Democrat,4804,27102,444,5432,2011-06-03 14:48:36+00:00,118.0,official,0.0049261083743842365,90.94581280788178,4.230263157894737,2.914473684210526,0.019736842105263157,-0.03315363627640988,0.0011266606634514082,-0.07411243581735602,-0.06563878423387837,-0.03231471679466284,0.006116610255531874,85.73992714404662,24.04273313905079,0.7576436303080766,0.058026019983347214,0.15279621149042466,0.7891702747710242,0.2791746253122398,,,,MA,
DonJBacon,3109108467,Don Bacon 🇺🇸 🥓 ✈️,Republican,6732,9549,967,12276,2015-03-24 01:23:30+00:00,116.0,official,0.009876543209876543,91.06543209876543,3.972361809045226,2.78643216080402,0.022613065326633167,0.013579101781677662,-0.024781995215206225,,,0.006041624221948099,-0.030260130639415267,65.67487373737374,28.851681521093283,0.5360056446821152,0.05343389780154486,0.17369622697563875,0.7728683897801545,0.2943754753416518,0.7529161459965852,0.06788903590215016,5.0,NE,
RepLindaSanchez,312134473,Rep. Linda Sánchez,Democrat,5189,48210,2492,8189,2011-06-06 16:50:45+00:00,118.0,official,0.0,95.74854651162791,4.045751633986928,2.8823529411764706,0.0,-0.014053832977045952,-0.017863843693194725,-0.027169529939007467,-0.019567384192377926,-0.015538357820435677,-0.021140433526352326,78.53705145500096,26.997947581422242,0.6583927539024861,0.053992869531701675,0.15519695509732126,0.7908084409327424,0.29432301021391405,0.3773983797979029,0.02671615458486253,4.0,CA,
DonaldNorcross,3122099613,Congressman Donald Norcross 🇺🇸🇺🇦,Democrat,8397,13457,1345,11400,2015-03-27 20:08:34+00:00,118.0,official,0.0,96.62267657992565,4.1834239130434785,2.9279891304347827,0.005434782608695652,-0.04395587754527931,-0.03161213566387837,,,-0.01637749860623505,-0.006273034562917872,84.92943789448613,25.477069191377876,0.6232702155531737,0.050075979516493986,0.14609658211265927,0.8038171966178397,0.287764499225914,0.3503485612724512,0.07335550529281461,8.0,NJ,
MikeSimpson4ID,314223728,Mike Simpson,Republican,444,2162,354,703,2011-06-09 22:26:12+00:00,116.0,official,0.0,91.75757575757575,4.428571428571429,2.8095238095238093,0.0,-0.006536575132639825,-0.013083560099443645,0.03950756896549272,0.05227131428026004,0.036421148481035566,0.027189947152738654,82.51997747747748,19.707274774774778,0.45288288288288286,0.040891891891891886,0.17847072072072073,0.7806486486486487,0.32761666666666667,,,,,
jahimes,31611298,Jim Himes 🇺🇸🇺🇦,Democrat,9629,109916,421,13095,2009-04-16 02:38:33+00:00,117.0,official,0.003952569169960474,95.23320158102767,4.048582995951417,2.8421052631578947,0.012145748987854251,0.01314016418927115,-0.030670165825261077,0.002816208296967279,-0.03602460042342165,0.05271704242404601,-0.005782843439156547,66.28290995949736,35.13955758645758,0.5065780454875896,0.06435995430470454,0.14066881296084743,0.7949719597050576,0.1697545851074878,,,,,
MarkTakano,316165422,Mark Takano,Democrat,251,5523,242,435,2011-06-13 01:36:11+00:00,116.0,official,0.0,93.19444444444444,3.8333333333333335,2.7222222222222223,0.0,0.0503610203647723,0.016985272999906036,0.039099305418661405,0.013599746304905963,0.06948255726595151,0.02223523217831412,75.10653386454184,30.446772908366537,0.7011155378486056,0.04349003984063745,0.18331474103585657,0.7732111553784861,0.35625219123505975,,,,,
MaxineWaters,3166120541,Maxine Waters,Democrat,1358,39094,515,1665,2015-04-14 15:17:01+00:00,117.0,official,0.0,93.04927536231884,3.994134897360704,2.9882697947214076,0.0,-0.29944148789090724,-0.3348849942990475,,,-0.08252122895717907,-0.11959061449586135,66.95426362297496,2.9288880706921945,0.18971281296023565,0.1185861561119293,0.1327459499263623,0.7485839469808542,-0.18011354933726068,,,,,
BrianMastFL,3170031728,Brian Mast,Republican,2451,34010,2626,2874,2015-04-24 05:54:35+00:00,117.0,official,0.12908777969018934,77.5972461273666,3.0,2.146586345381526,0.2570281124497992,0.0576712951700762,0.0241327760432753,,,0.07950725538537627,0.042463907008088546,69.28643818849449,28.49846185230518,0.7412239902080784,0.07915340677274582,0.14709098327213382,0.773751937984496,0.1652903712770298,0.6900672357156621,0.038386820748414256,5.0,FL,
DavidKustoff,317386234,David Kustoff,Republican,516,2079,2160,653,2011-06-14 21:20:06+00:00,117.0,official,0.0,92.375,4.666666666666667,3.0,0.0,-0.04863512078141942,-0.09251500227797053,,,-0.054232532577473465,-0.10138600024437149,84.03474806201551,34.800271317829456,0.6387015503875969,0.03469186046511628,0.2020813953488372,0.7632364341085272,0.512891472868217,0.6742278156949938,0.04879299487328886,5.0,TN,
FrankPallone,31801993,Rep. Frank Pallone,Democrat,18588,51877,2851,21485,2009-04-16 13:51:56+00:00,118.0,official,0.0,98.79588266953714,4.015188500135611,2.9717927854624357,0.0016273393002441008,-0.005505316192889479,0.019708940536864596,-0.05769054651959216,-0.03190241493728291,0.011303458916570308,0.04220593346059652,84.76891704325371,26.701194856896922,0.5931762427372498,0.07266144824618033,0.14338836884011188,0.7839462018506563,0.19838649666451474,,,,NJ,
BobbyScott4VA3,319829219,Bobby Scott,Democrat,1163,4004,455,3096,2011-06-18 20:29:30+00:00,116.0,official,0.0,94.15094339622641,3.9545454545454546,2.909090909090909,0.022727272727272728,-0.16385633085576964,-0.16242451651732295,-0.27524323705490683,-0.25498573936710434,-0.09893037890995042,-0.10723157083582485,86.53442820292346,19.290464316423044,0.16463456577815994,0.0165597592433362,0.11965434221840068,0.8637824591573516,0.2544872742906277,0.23096493979979604,0.026381401260566623,9.0,VA,0.6409999999999999
repgregwalden,32010840,Archive: Rep. Greg Walden,Republican,2617,28803,193,3487,2009-04-16 17:31:34+00:00,116.0,official,0.005128205128205128,94.91794871794872,3.788235294117647,2.7058823529411766,0.08235294117647059,-0.011922166634649163,0.00013770140862437146,-0.0013494171119552997,0.019670686197466546,-0.010069801148124806,-0.00691302050060483,85.92009938837921,34.96827217125382,0.47675840978593276,0.03927015666794039,0.1466255254107757,0.8140978219335117,0.310683301490256,0.62075153585972,0.05829154845903446,8.0,OR,
stephaniebice,32289500,Stephanie Bice,Republican,3001,12064,1956,3989,2009-04-17 03:37:47+00:00,117.0,official,0.007444168734491315,88.23821339950372,4.181268882175226,2.8580060422960725,0.01812688821752266,0.024816222220291288,-0.005076105599178075,-0.07358768714301477,-0.15373525682637074,0.03264851376512628,0.006999369720926598,64.96223592135954,31.17847717427524,0.32082305898033986,0.0409346884371876,0.18859113628790403,0.7704741752749085,0.3208614128623792,,,,OK,
Team_Rand,3229124078,Team Rand,Republican,297,4413,526,1102,2015-05-28 19:56:21+00:00,115.0,campaign,0.0,85.765,3.3043478260869565,2.3043478260869565,0.13043478260869565,-0.07072529447051401,-0.06222486371479287,,,,,84.79750841750842,18.65111111111111,0.051144781144781146,0.0363030303030303,0.14141750841750841,0.8222727272727273,0.20221885521885521,0.7313252416724212,0.05476437543614711,9.0,KY,
carbajalsalud,3237898542,Salud Carbajal,Democrat,455,2822,729,594,2015-06-06 14:16:17+00:00,116.0,official,0.0,98.36206896551724,4.319148936170213,2.978723404255319,0.0,-0.044960143438649035,-0.04964313575960404,,,0.011570456137998626,-0.0020514871402945497,83.66661538461538,27.145054945054945,0.6685714285714286,0.03705934065934066,0.2069758241758242,0.7559252747252748,0.4363624175824176,0.27588707339743745,0.041933515536691626,5.0,CA,
TomUdallPress,325231436,Tom Udall Press,Democrat,489,1497,142,818,2011-06-27 23:29:19+00:00,116.0,official,0.022727272727272728,92.7159090909091,4.25,2.975,0.0,-0.30017214765260314,-0.21119610592660906,-0.08460477934011743,-0.029790534275973134,,,92.52464212678937,12.893271983640082,0.24591002044989774,0.0487280163599182,0.11320245398773006,0.8380715746421268,0.1296089979550102,0.2802745624101465,0.05912927210231328,8.0,NM,
RepAlGreenTX,327625079,Congressman Al Green,Democrat,196,1723,263,229,2011-07-01 21:38:28+00:00,116.0,official,0.0,96.875,3.6666666666666665,2.6666666666666665,0.0,0.02907381007027611,0.015384704295596187,-0.017249700213081542,-0.020106089491281835,-0.061349106394967115,-0.07383217465577999,71.2113775510204,49.96545918367347,0.6454591836734693,0.04855612244897959,0.15048979591836734,0.8009489795918366,0.2734964285714286,0.24841429035213652,0.047473025380469,9.0,TX,
TeamVisclosky,3282677347,Pete Visclosky,Democrat,256,355,77,273,2015-07-17 17:33:01+00:00,116.0,official,0.0,87.11764705882354,4.726190476190476,2.988095238095238,0.0,0.026655700994715894,0.04458862454170929,,,-0.019646399821988757,-0.0416431498099577,83.6284765625,28.8603125,0.4540625,0.0368203125,0.19805859375,0.765109375,0.3958109375,0.4080935076052374,0.04600351804034472,8.0,IN,
LindsayGrahamSC,3289557010,Lindsay Graham Fake,Fake,2147,577,2,2279,2015-05-19 03:14:39+00:00,117.0,official,0.0,90.11764705882354,3.736842105263158,2.6842105263157894,0.05263157894736842,0.03346773630097185,-0.01997225950082339,,,-0.04005027000390643,-0.09464128801920008,49.82570563577084,25.802897065673033,1.7678761061946904,0.10805635770843038,0.11269399161620866,0.7792473218444341,0.03570321378667909,,,,,
SheriffTNehls,3299995136,Troy Nehls,Republican,1435,23428,1207,3033,2015-07-29 00:35:59+00:00,117.0,official,0.1,79.2625,2.7666666666666666,2.033333333333333,0.26666666666666666,0.04069523322022701,0.004859298491812979,,,0.049385499900272835,0.017134796295997384,67.1833031358885,24.686689895470384,0.792390243902439,0.05637909407665505,0.20506271777003485,0.7385679442508711,0.2553036236933798,,,,TX,
RepTrentKelly,3317799825,Trent Kelly,Republican,1949,13860,3868,2423,2015-06-10 19:56:03+00:00,118.0,official,0.0625,90.59375,4.461538461538462,2.8461538461538463,0.07692307692307693,-0.1021557016298426,-0.09996385272176112,,,-0.08437164332702977,-0.07553943731890748,85.61102103642894,14.320502821959979,0.4201487942534633,0.016832221652129296,0.193143663417137,0.7900246280143663,0.5050762955361724,0.7106256319139368,0.06322975574476884,7.0,MS,
GeorgeHolding,334245076,George Holding,Republican,385,1312,416,455,2011-07-12 20:03:29+00:00,116.0,official,0.022900763358778626,88.1030534351145,3.512396694214876,2.479338842975207,0.08264462809917356,-0.012978111227938375,-0.008514042580983691,-0.05516787867089983,-0.0695671769643984,0.07369645245874966,-0.050258881188837576,82.29875324675325,22.56735064935065,0.49932467532467534,0.08002337662337662,0.14182857142857141,0.7781376623376625,0.10937532467532467,0.696758303711109,0.04578377589501804,8.0,NC,0.333
JaredHuffman,334894942,Rep. Jared Huffman,Democrat,7181,15506,902,16916,2011-07-13 20:49:36+00:00,116.0,official,0.001838235294117647,96.41636029411765,3.94575230296827,2.879222108495394,0.015353121801432957,0.05653142726335189,0.004815204087208324,-0.019209068508791054,-0.020382518680608818,0.07938040947709801,0.010696347820443562,65.641194819663,27.657739869099014,0.899728450076591,0.0808834424174906,0.1508204985378081,0.7682881214315556,0.14537050550062666,,,,,
amyklobuchar,33537967,Amy Klobuchar,Democrat,14681,2043970,126045,16258,2009-04-20 14:59:36+00:00,117.0,official,0.00026652452025586353,96.60161247334754,4.04957958828646,2.9260655262394897,0.0008698173383589446,0.023380755710910577,0.0031673879394972463,-0.027281654521348866,-0.03476557258569274,0.05546505643237217,0.020464863121943268,75.53241059873307,29.408160888222874,0.5775641986240719,0.0518347524010626,0.17108507594850486,0.7770788774606634,0.34820925005108644,,,,,0.6940000000000001
RepJoseSerrano,33563161,Rep Jose E. Serrano,Democrat,4168,31897,1506,5510,2009-04-20 16:06:56+00:00,116.0,official,0.0,95.38461538461539,4.0,2.7941176470588234,0.0,-0.136610744913269,-0.12540752015619866,-0.2237075280426461,-0.2137225550928724,-0.06307907246700291,-0.05969643875258021,86.22837571976967,22.05227687140115,0.5133901151631478,0.037151151631477926,0.1425249520153551,0.8203186180422265,0.26135698176583494,0.18071630938800032,0.044864083172280945,8.0,NY,
RepBrianHiggins,33576489,Brian Higgins,Democrat,13134,28682,3755,18988,2009-04-20 16:47:06+00:00,118.0,official,0.0,93.35081685296646,4.0560625814863105,2.9661016949152543,0.002607561929595828,-0.08733960833855843,-0.03919214908169734,-0.07253108518248653,-0.029975652553557525,-0.07431841178364224,-0.024324000184776713,90.8266499162479,24.88626846352977,0.4348812243033348,0.04085389066544846,0.14985609867519414,0.809288031064413,0.29548302878026494,0.2971391233557555,0.047031486274930305,9.0,NY,
RepMikeRogersAL,33977070,Mike Rogers,Republican,5438,40444,2852,7642,2009-04-21 17:43:28+00:00,118.0,official,0.0547945205479452,83.22054794520548,3.4054054054054053,2.4444444444444446,0.12612612612612611,-0.07714003892254834,-0.07449219278855318,-0.11601256460941402,-0.08843714837470791,-0.026092671390009606,-0.038108980066948774,86.58896837072453,26.720380654652445,0.32477933063626335,0.039131482162559766,0.16384442809856564,0.7970264803236483,0.27885318131666054,0.6802258291012702,0.08478949150984393,9.0,AL,
McConnellPress,339822881,Senator McConnell Press,Republican,12336,96915,363,16917,2011-07-21 18:25:30+00:00,117.0,official,0.0073821692220329355,89.84838160136286,4.312967581047381,2.8709476309226933,0.03615960099750624,-0.12815072144261364,-0.08634767848328757,-0.12017214870790592,-0.10647171637865842,-0.13667697055275613,-0.07784272901150945,89.94272778858625,14.51448200389105,0.4281906614785992,0.0498595168612192,0.11073848897535668,0.8394023994811933,0.1715038261997406,,,,,
GregForMontana,3420965229,Greg Gianforte,Republican,1166,9498,1108,1245,2015-08-13 21:38:42+00:00,116.0,official,0.0,90.4469696969697,4.403846153846154,2.9038461538461537,0.0,-0.006952732296046567,-0.011864182960713,,,0.09480035248681125,0.053537478736948696,79.01307032590051,29.863267581475128,0.293156089193825,0.028450257289879932,0.1532795883361921,0.8182753001715266,0.3089307890222985,0.7101607843082167,0.07592787237324063,4.0,MT,
TomCottonAR,343041182,Tom Cotton,Republican,7296,475196,1022,9642,2011-07-26 23:57:10+00:00,116.0,official,0.06500956022944551,87.67686424474188,3.535095715587967,2.5460346399270737,0.08477666362807658,0.044832852332461474,0.012879637819068491,-0.02914206105243903,-0.047532764165524266,0.07326180488232523,0.03958393721298912,75.91858415570175,19.978508771929825,0.6559827302631579,0.08984347587719299,0.14552439692982458,0.7646362390350877,0.08285848410087719,,,,,0.303
VoteForTrey,3431000296,Trey Hollingsworth,Republican,241,1192,372,327,2015-08-19 04:05:41+00:00,117.0,official,0.05,86.4,3.6153846153846154,2.4615384615384617,0.15384615384615385,0.05195108281349253,0.023702251375830978,,,,,78.71746887966805,34.705269709543565,0.3120331950207469,0.04000414937759336,0.19721991701244815,0.7627676348547717,0.38550331950207467,0.5597918574443439,0.12348360871975352,5.0,IN,
DunnCampaign,3433189197,Dr. Neal Dunn,Republican,212,1883,168,306,2015-08-20 20:16:00+00:00,116.0,official,0.0,89.75,3.8181818181818183,2.727272727272727,0.0,0.03105241080127786,-0.013336102693507126,,,0.00244254615092159,-0.05759728164279455,79.7747641509434,28.355330188679243,0.3967924528301887,0.03389150943396226,0.21164150943396226,0.7544764150943397,0.4491533018867925,0.7281398790719984,0.08979861383065756,5.0,FL,
CollinsforGA,343358379,Doug Collins,Republican,2125,29886,736,2349,2011-07-27 13:09:14+00:00,116.0,official,0.07142857142857142,85.88520408163265,3.247191011235955,2.337078651685393,0.15730337078651685,0.04798003049316974,0.006157902297525961,0.004831816656576881,-0.014477079000127829,0.057661314314570146,0.010787830000870503,74.83970809792844,23.99255649717514,0.5936629001883239,0.053855058823529416,0.13516658823529412,0.8109778823529412,0.20080522352941177,0.7175842214336281,0.06796966466237796,8.0,GA,0.333
RepDevinNunes,344972339,Rep. Devin Nunes,Republican,207,47094,17,218,2011-07-29 21:40:22+00:00,116.0,official,0.0,82.71428571428571,3.5517241379310347,2.4827586206896552,0.0,-0.1220690371429493,-0.09205734093174252,,,-0.06578486053914935,-0.04759289680051023,88.43787439613526,25.569565217391307,0.6664251207729468,0.06823188405797102,0.07041545893719807,0.8613333333333333,0.009969565217391306,0.6217490701003794,0.09916648146881801,8.0,CA,
GuamCongressman,346509049,Michael F.Q. San Nicolas,Democrat,49,2260,143,49,2011-08-01 11:27:20+00:00,118.0,official,,,5.0,3.0,0.0,-0.12477212625467052,-0.10362428480391242,,,-0.12477212625467052,-0.10362428480391242,89.80367346938776,18.454897959183675,0.7128571428571429,0.03642857142857143,0.16073469387755102,0.8028367346938775,0.39724489795918366,0.2292690346363192,0.0645297683989816,3.0,GU,
ColinAllredTX,346964561,Colin Allred,Democrat,3574,33995,3133,4710,2011-08-02 02:56:31+00:00,116.0,official,0.0,96.62740384615384,3.958659217877095,2.906145251396648,0.0,0.06226404951547748,0.025817793092647794,0.09255637406798188,0.0029468845756221982,0.06686197611535924,0.03168929139036515,69.3379210968103,30.805856183547846,0.542935086737549,0.059556239507554565,0.1659633463905988,0.7744801343033016,0.3453235870173475,0.3639749570372341,0.11070233477931898,3.0,TX,
DebbieLesko,34715823,Debbie Lesko,Republican,3861,25064,1946,8018,2009-04-23 20:14:56+00:00,116.0,official,0.1362862010221465,78.6405451448041,3.1403508771929824,2.224171539961014,0.2124756335282651,-0.0101211320656874,-0.025551458753766697,-0.0852187126967249,-0.054968492156229246,0.023151950588389102,-0.0010790469199910009,78.72020979020978,24.17035483035483,0.48211085211085214,0.05388992488992489,0.1836731416731417,0.7624304584304584,0.2558319347319347,0.8342638891247615,0.10524242699081073,4.0,AZ,
ReElectCohen,34884583,Cohen for Congress,Democrat,412,1145,382,611,2009-04-24 08:56:49+00:00,116.0,official,0.0,93.14473684210526,4.482758620689655,2.8275862068965516,0.0,-0.15577411291319018,-0.16185640379448596,-0.2289848475607039,-0.2055155602783388,-0.06789067659589643,-0.07506838151527338,90.0968932038835,15.03497572815534,0.2670388349514563,0.025720873786407767,0.07165533980582524,0.902616504854369,0.0938247572815534,,,,,
LoisFrankel,349296252,Lois Frankel,Democrat,1024,3092,872,1351,2011-08-05 21:49:18+00:00,116.0,official,0.08333333333333333,89.85416666666667,3.76,2.72,0.12,0.022137285689048485,0.007073351692654979,0.034602329817999086,0.0162077838575058,-0.006191950676463475,-0.005434343132701675,72.01375,35.16201171875,0.416630859375,0.033025390625,0.1609169921875,0.8060546875,0.33079853515625,,,,,0.133
BuckForColorado,34959770,Ken Buck,Republican,1880,8303,730,3121,2009-04-24 15:52:58+00:00,116.0,official,0.1134020618556701,83.33676975945018,3.2222222222222223,2.3666666666666667,0.2074074074074074,0.038809040692647526,0.018722534239788882,0.005591361306738513,-0.015850507848722228,0.05605704531230182,0.024900674439838635,77.77988829787235,21.445744680851064,0.5523882978723405,0.07203244680851063,0.1497877659574468,0.7781765957446808,0.17888835106382978,0.7033345240218827,0.03909086372636792,7.0,CO,
timburchett,353890966,Tim Burchett,Republican,24669,67776,1990,26764,2011-08-12 20:08:19+00:00,116.0,official,0.06091772151898734,90.59928797468355,3.5512995896032833,2.5430916552667577,0.13679890560875513,-6.510692109610818e-05,-0.05524000203608335,-0.0854135141232382,-0.1175444653892874,0.06972293692238983,0.005290284624096852,61.00190279297904,22.946355750131744,0.557273906522356,0.04708682962422474,0.18105934573756535,0.7718539462483279,0.19347193643844504,0.6355829476805046,0.05713951743089792,3.0,TN,
MariaCantwell,35567751,Maria Cantwell,Democrat,665,8562,870,834,2009-04-26 21:18:09+00:00,116.0,official,0.0,93.71186440677967,4.1395348837209305,2.86046511627907,0.0,-0.013343730167439123,0.0035446345779244753,-0.023438184957166652,0.004483878428205023,-0.04307563536491562,-0.05192413059094771,85.51921804511278,21.76932330827068,0.37305263157894736,0.03414436090225564,0.16440601503759397,0.8014556390977443,0.3288559398496241,,,,,
ewarren,357606935,Elizabeth Warren,Democrat,12871,5910813,567,13273,2011-08-18 16:43:48+00:00,116.0,official,0.0037243947858473,94.2877094972067,3.854892601431981,2.777565632458234,0.0042959427207637235,0.07195141670327021,0.03576185847394994,-0.050191571982522526,-0.0849153297331797,0.08507027625031044,0.05020555800212705,67.32902493978712,31.103128739025717,0.7483326858829927,0.07948108150104886,0.1470477041410924,0.7734636003418538,0.2222923471369746,,,,,0.625
JodeyArrington,3609064098,Jodey Arrington,Republican,663,3925,808,811,2015-09-18 21:38:09+00:00,117.0,official,0.0,90.0,3.6511627906976742,2.604651162790698,0.06976744186046512,0.04700854573797308,0.01273123563903515,,,0.024059538047722498,-0.01969381869722898,77.73752639517346,26.17318250377074,0.5203619909502263,0.04073755656108597,0.2041870286576169,0.7550769230769231,0.4023737556561086,0.7105095416377711,0.08275794632195506,5.0,TX,
Mike_CA05,3612420317,Mike Thompson,Democrat,695,1361,332,790,2015-09-10 18:56:51+00:00,116.0,official,0.0,94.5608108108108,4.12962962962963,2.925925925925926,0.0,-0.06240099702415935,-0.07734607344733382,,,-0.04978684394111779,-0.06983500542324801,82.95510791366907,22.97061870503597,0.6910647482014388,0.039576978417266186,0.2309410071942446,0.7294647482014388,0.5777520863309352,0.35798627955875695,0.06989826713850929,9.0,CA,
Maggie_Hassan,361569788,Maggie Hassan,Democrat,3738,33228,255,4088,2011-08-25 00:19:24+00:00,117.0,official,0.0,95.73116438356165,4.296296296296297,2.7731481481481484,0.0,-0.03472151231468316,-0.03518935776615548,-0.03384893473359861,-0.036188198433551776,0.038261518805061824,0.03349502891725917,82.55884697699304,22.032209737827714,0.39790529695024074,0.04959871589085072,0.1616888710540396,0.7887145532370252,0.318259925093633,0.342331686201551,0.1332869183917975,5.0,NH,0.542
NikemaWilliams,36424664,Nikema Williams,Democrat,3426,48479,679,4566,2009-04-29 17:56:53+00:00,117.0,official,0.0,92.52272727272727,3.872340425531915,2.776595744680851,0.0,-0.005635833296253599,-0.04658722720252853,-0.016393031656516836,-0.06582255224153831,-0.006349450907881874,-0.04683619512813312,66.530823117338,35.092320490367776,0.4222913018096906,0.03992761237594863,0.1284603035610041,0.8316141272621133,0.20957247518972563,,,,,
RepSarbanes,364415553,Rep. John Sarbanes,Democrat,4112,27010,619,5547,2011-08-29 18:44:47+00:00,118.0,official,0.002824858757062147,96.00776836158192,3.9567099567099566,2.8686868686868685,0.004329004329004329,0.021239014364390855,0.05052122708379445,-0.032020677923177955,-0.00016390825844259566,0.017689839905373206,0.054981732567083816,83.71369163424124,24.867198443579767,0.5859557392996109,0.061536721789883266,0.14439153696498055,0.7940683365758755,0.26116699902723733,,,,MD,
Team_Mitch,365530059,Team Mitch (Text MITCH to 47137),Republican,2473,29523,4140,3523,2011-08-31 15:59:28+00:00,115.0,campaign,0.04428904428904429,88.81002331002331,3.4751243781094527,2.470149253731343,0.1417910447761194,-0.017215480464710935,-0.03737583423900989,-0.06193840706287953,-0.07526926624009107,0.01898912856731663,-0.012155753533387412,80.85433481601294,15.333105539830164,0.3769510715729883,0.04857905378083299,0.16487585928022644,0.7865458956732713,0.20691063485644964,0.7369168236015367,0.07343916717776794,9.0,KY,
MarkwayneMullin,366304362,Markwayne Mullin,Republican,1784,11019,590,2000,2011-09-01 23:10:14+00:00,116.0,official,0.07112970711297072,80.94769874476988,3.265,2.33,0.185,0.05442134820131655,0.014069117424664416,-0.02341510575396544,-0.055016378424124206,0.061561321717789885,0.015888823033863273,71.8829764573991,25.995947309417037,0.6107230941704036,0.06286603139013454,0.14827410313901346,0.7888604260089687,0.22732892376681615,,,,,0.625
RepMaxineWaters,36686040,Maxine Waters,Democrat,2305,1634050,682,3572,2009-04-30 15:17:45+00:00,118.0,official,0.02066115702479339,88.15082644628099,3.919491525423729,2.6483050847457625,0.0211864406779661,-0.004396016758639362,-0.014647603974042602,-0.05772975866581009,-0.03719838667441551,0.043818357967029736,-0.007596177364724085,75.6295704989154,25.02486334056399,0.7582125813449024,0.07767809110629068,0.11867505422993492,0.8036381778741866,0.07100928416485901,,,,CA,
RepLaHood,3686482216,Darin LaHood,Republican,2900,21048,1351,3911,2015-09-17 14:16:48+00:00,118.0,official,0.0,91.68894601542416,4.261802575107296,2.871244635193133,0.017167381974248927,-0.03171692827469937,-0.027167600153624377,,,-0.03345536094775264,-0.031500531166160035,86.27516206896551,24.70954482758621,0.4683,0.034215517241379306,0.1845458620689655,0.7812410344827587,0.48372403448275864,0.6535985522988259,0.09909857989454843,7.0,IL,
TeamMeadows,368948092,Team Meadows,Republican,899,4337,3625,1533,2011-09-06 14:12:07+00:00,116.0,official,0.0970873786407767,84.45631067961165,3.2816901408450705,2.3943661971830985,0.22535211267605634,-0.14321520806575494,-0.16351150066965545,-0.2299673402491757,-0.24333984134076,-0.09706182009185679,-0.11602625137777642,84.13393770856507,23.781112347052282,0.5236040044493881,0.014626251390433817,0.19511568409343713,0.7902491657397107,0.3819805339265851,0.8846168570617021,0.06395557043358918,7.0,NC,
repdonyoung,37007274,Rep. Don Young,Republican,2650,26672,1776,3890,2009-05-01 18:31:38+00:00,116.0,official,0.0,95.6890756302521,4.26,2.93,0.02,-0.006101234468960645,0.0010928397940288413,-0.03611110618232727,-0.02656391579787291,0.006207783739893948,0.007904050130694671,80.46198113207546,30.071105660377363,0.5078867924528302,0.04503207547169811,0.1652977358490566,0.7896637735849056,0.3661259245283019,0.6657468122063813,0.05630179507341042,8.0,AK,
MarioDB,37094727,Mario Diaz-Balart,Republican,7438,73023,681,10497,2009-05-02 00:52:48+00:00,118.0,official,0.013186813186813187,93.82197802197803,3.8733031674208145,2.7805429864253393,0.05429864253393665,-0.10952000376732442,-0.09534499712846814,-0.13255696158336902,-0.11908665420266398,-0.16365334549841587,-0.1561407369921247,84.14415030922291,20.768574885721968,0.7383073406829792,0.04901075557945684,0.14095307878461955,0.8100381823070718,0.24356659048131218,,,,FL,0.583
WeberforTexas,373586796,Randy Weber,Republican,913,1477,170,1051,2011-09-14 21:07:08+00:00,116.0,official,0.030612244897959183,89.04591836734694,3.448717948717949,2.4358974358974357,0.14102564102564102,0.01421217700706335,-0.017982019217626828,0.006828104298481447,-0.01950110739594213,0.037154620521878734,-0.02102867307666993,76.470865279299,30.243504928806132,0.3935596933187295,0.0352289156626506,0.17213691128148959,0.7926319824753559,0.28862409638554215,,,,,
MarioDBCamp,374816353,Mario Diaz-Balart,Republican,378,2973,2050,459,2011-09-17 00:41:42+00:00,116.0,official,0.0,94.46666666666667,4.0,2.909090909090909,0.0,-0.11317301148964408,-0.13425334281303897,-0.03280159122803729,-0.026814152168600294,-0.1520188053666776,-0.18162787582675,81.94365079365079,21.396164021164022,0.8875132275132276,0.021023809523809524,0.2085079365079365,0.7704814814814815,0.46106031746031745,,,,,0.583
MacTXPress,377534571,Mac Thornberry Press,Republican,556,15398,1075,1430,2011-09-21 18:42:06+00:00,116.0,official,0.06666666666666667,86.51666666666667,3.7777777777777777,2.6666666666666665,0.1111111111111111,-0.04937232368860823,-0.01903107235084633,-0.11839347496518947,-0.07878517944227889,0.07117374645507164,0.07376727116457368,85.87670863309351,20.53224820143885,0.3374820143884892,0.04779136690647482,0.10795143884892086,0.8442679856115108,0.14731726618705035,0.625719010187881,0.08110963848105349,8.0,TX,
ericswalwell,377609596,Eric Swalwell,Democrat,7970,454327,5520,14861,2011-09-21 21:00:22+00:00,116.0,official,0.005668934240362812,93.17063492063492,3.867205542725173,2.7621247113163974,0.011547344110854504,0.03667476663041708,-0.0034529904335350203,-0.04045794856361443,-0.055333834756703955,0.07431354835400393,0.0225933200264316,66.22772647427854,26.296787954830613,0.6269535759096612,0.06781480552070264,0.1322870765370138,0.7998968632371393,0.14621530740276034,,,,,0.583
DianneFeinstein,378631423,Dianne Feinstein,Democrat,378,7035,284,538,2011-09-23 14:53:07+00:00,116.0,official,0.02857142857142857,94.12857142857143,4.090909090909091,2.8484848484848486,0.0,0.019100233886365333,0.015804780362870464,0.028078082662475533,0.03712293202461331,0.1306007881735869,0.06277719837000184,80.66246031746032,23.673968253968255,0.42592592592592593,0.07932010582010582,0.1614973544973545,0.7591772486772487,0.21758333333333332,,,,,
MikeTurnerOH,380498919,Mike Turner,Republican,427,2139,408,590,2011-09-26 19:08:06+00:00,116.0,official,0.02564102564102564,84.66666666666667,3.9130434782608696,2.5652173913043477,0.08695652173913043,-0.0388118586404621,-0.05440065134697689,-0.06578392178473057,-0.07739664777052534,-0.007468645192987238,-0.027572826966315335,84.67250585480095,35.701943793911006,0.4179625292740047,0.034658079625292736,0.15735597189695552,0.808,0.30903442622950816,,,,,0.417
DeborahRossNC,3806081652,Deborah Ross,Democrat,2083,9899,925,2241,2015-10-06 19:02:53+00:00,117.0,official,0.0,97.99503722084367,4.267195767195767,2.962962962962963,0.0,0.028520558344559122,0.024557807378066926,,,0.02773326258335089,0.03134701079212627,78.206874699952,33.65739318290927,0.6372875660105617,0.04200768122899664,0.1715400864138262,0.7864507921267402,0.4033986557849256,0.1967813283770476,,1.0,NC,0.625
RepTerriSewell,381152398,Rep. Terri A. Sewell,Democrat,7518,52873,4379,9115,2011-09-27 20:47:50+00:00,118.0,official,0.0,94.05,4.093558282208589,2.8895705521472395,0.003067484662576687,-0.01369794731102005,-0.01345762878709626,-0.07991699356090756,-0.07386848254435409,-0.02351725779476509,-0.022257647008260065,80.28685288640597,27.1749481245012,0.7250438946528333,0.05152979515828678,0.15349401436552276,0.7949800478850758,0.31947567172120245,,,,AL,
TomCarperforDE,381577682,Tom Carper,Democrat,1094,4424,640,1307,2011-09-28 15:33:14+00:00,116.0,official,0.0,96.46464646464646,3.836734693877551,2.7857142857142856,0.0,0.02632219507659795,-0.0031970381905452616,-0.04452147437299345,-0.05645134895481097,0.09064307785736969,0.041038417544606146,74.81655393053016,33.78732175502742,0.4109597806215722,0.037253199268738574,0.19987020109689213,0.7628747714808044,0.40887961608775136,,,,,
DorisMatsui,38254095,Rep. Doris Matsui,Democrat,3940,42953,8948,5065,2009-05-06 19:20:50+00:00,118.0,official,0.0,95.16666666666667,4.12707182320442,2.9171270718232045,0.0,0.002824164143152357,0.026843563112257482,-0.04097165025053305,-0.004580768111489076,0.0029197144063607076,0.025658128529175768,81.72410913705583,28.086784263959395,0.505746192893401,0.05005355329949239,0.16515329949238577,0.7847944162436549,0.3483911421319797,,,,CA,
SenJohnHoeven,382791093,Senator John Hoeven,Republican,4743,119698,774,5256,2011-09-30 17:55:30+00:00,117.0,official,0.006369426751592357,92.8343949044586,4.2988505747126435,2.9770114942528734,0.011494252873563218,-0.054761997024868246,-0.012603203299935566,-0.08083367375658763,-0.04782803737296742,-0.025842543305543402,0.015009302346896526,89.27614168247945,20.866042589078642,0.35188909972591187,0.02617394054395952,0.19125026354627872,0.7825785367910605,0.4975485557663926,,,,,
RobinLynneKelly,38285038,Dr. Robin Kelly,Democrat,6861,8507,5442,9749,2009-05-06 21:46:47+00:00,116.0,official,0.03598326359832636,91.2734309623431,3.9822309970384997,2.815893385982231,0.0315893385982231,-0.11180658962534551,-0.11025072705617461,-0.03633276809310844,-0.04589640587540271,-0.11716318449634432,-0.11333879347453599,84.48032648301997,24.788608074624694,0.3816542778020696,0.04869056988777146,0.13980440169071565,0.8115026963999418,0.2475638536656464,0.25969853340457527,0.048545657131032476,9.0,IL,
rickallen,385111151,Rick W. Allen,Republican,1441,4190,1144,1586,2011-10-04 22:05:54+00:00,116.0,official,0.07246376811594203,82.81159420289855,3.323943661971831,2.3732394366197185,0.19014084507042253,0.048975146889078044,0.021894942272792643,0.07928393339273113,0.04550088155993178,-0.00491255586775685,-0.04023353918901779,72.353893129771,27.001679389312976,0.41080499653018737,0.0546030534351145,0.17552394170714783,0.7698619014573214,0.2842731436502429,0.8410851538306581,0.07215384508219595,7.0,GA,
RepMcNerney,385429543,Jerry McNerney,Democrat,2368,32302,777,2894,2011-10-05 13:52:58+00:00,117.0,official,0.0,96.60616438356165,4.333333333333333,2.9444444444444446,0.006944444444444444,-0.007357155925682228,0.01405163385894586,-0.053817219007274084,-0.027895672768690916,0.031975387388982965,0.043181466813878674,84.08529138513514,28.08258023648649,0.487504222972973,0.05066554054054054,0.15830236486486488,0.7910278716216216,0.29061237331081086,,,,,
RoyBluntMO,389554914,RoyBluntMO,Republican,2190,6800,456,2309,2011-10-12 16:29:17+00:00,116.0,official,0.01020408163265306,91.6938775510204,3.7454545454545456,2.6363636363636362,0.05454545454545454,0.0010638356463953964,0.013010786067416243,-0.03070624769153588,-0.047337620397608304,0.03884103019961865,-0.010913262364306042,87.04435159817352,17.583433789954338,0.3215981735159817,0.05579908675799087,0.14329817351598173,0.8009114155251142,0.21165762557077625,0.8152781494563952,0.10528319675694149,9.0,MO,0.564
vgescobar,38960144,Veronica Escobar,Democrat,5217,34117,2657,11302,2009-05-10 00:30:04+00:00,116.0,official,0.0,97.76422155688623,3.9376,2.8992,0.0,0.052034388857857834,0.02562853284915935,0.07164139632598548,0.07156230134149447,0.05753514964233997,0.011385320721071904,67.72358443549933,24.260415947862757,0.7174295572167912,0.06112075905692927,0.16218938087023194,0.7766879432624114,0.21169214107724746,0.20907102095559396,0.05475436676273225,3.0,TX,
CharlieCrist,38970940,Charlie Crist,Democrat,6595,243217,665,8783,2009-05-10 01:42:17+00:00,117.0,official,0.014989293361884369,93.95931477516059,4.205741626794258,2.9354066985645932,0.004784688995215311,0.04500971830660862,0.0066052270127969865,0.014418256992883322,-0.025693791706438613,0.04129999637821757,-0.00024335527491013977,69.98900075815011,27.688573161485976,0.667778620166793,0.05741349507202426,0.15940363912054586,0.7831810462471569,0.2660232903714936,0.3411516950134915,0.02118040475001866,4.0,FL,0.535
RepHorsford,389840566,Rep. Steven Horsford,Democrat,6296,18738,2011,7531,2011-10-13 02:23:25+00:00,118.0,official,0.04047217537942664,93.12816188870151,4.134575569358178,2.929606625258799,0.0,-0.009075235125386237,0.005302780455104691,-0.0048331883749389,0.00047413527633284873,-0.011562503923187162,0.0054810059112197695,82.42047172808132,25.966480304955525,0.5992598475222364,0.052449174078780185,0.1608060673443456,0.7867476175349428,0.3569569885641677,0.27044520521065046,0.08159510777249439,5.0,NV,
HaleyLive,391445643,Haley Stevens,Democrat,9933,32297,2941,15719,2011-10-15 15:40:39+00:00,116.0,official,0.009337068160597572,96.437441643324,3.9711229946524065,2.889839572192513,0.0032085561497326204,0.015269620351533068,-0.011519189872100181,0.011685639080260424,-0.012611494970369333,0.03798341410344563,-0.0059503000024122505,67.50108124433706,30.252950770160073,0.32788684184033023,0.03558169737239505,0.2132765529044599,0.751138125440451,0.39581743682673914,0.30063288955477,0.08535012566479677,3.0,MI,
USRepMikeDoyle,39249305,Mike Doyle,Democrat,3735,22827,115,4354,2009-05-11 13:22:08+00:00,117.0,official,0.004531722054380665,95.0536253776435,4.11453744493392,2.923641703377386,0.005873715124816446,0.009325056654805585,0.03515427457378843,0.02343400465108639,0.0551447476720768,0.00514037047518807,0.03269031987562941,80.84153681392236,24.95249799196787,0.48512182061579656,0.0738813922356091,0.1400623828647925,0.78605515394913,0.2157988487282463,0.36433370886459476,0.043527390838845215,8.0,PA,
StewartforUtah,395419988,Chris Stewart,Republican,949,3258,1013,1186,2011-10-21 16:45:05+00:00,116.0,official,0.017857142857142856,89.5922619047619,3.7339449541284404,2.6055045871559632,0.05504587155963303,0.011754986354927787,-0.017251298828385254,-0.040389650291290734,-0.055390971882321345,0.08318800607870436,0.037637638508317334,76.16375131717597,30.889978925184405,0.4143203371970495,0.03309694415173867,0.18663224446786092,0.7802655426765016,0.3331972602739726,,,,,
JimmyGomezCA,398193180,Jimmy Gomez,Democrat,6576,19029,3039,11429,2011-10-25 18:20:38+00:00,116.0,official,0.002232142857142857,95.171875,3.9445843828715366,2.8740554156171285,0.007556675062972292,-0.03302885299498395,-0.05719477694801645,-0.08297946392055579,-0.09414679288753026,-0.002184293319850744,-0.03250083308365996,74.45775057034221,29.06614296577947,0.3442372623574145,0.04389492092457421,0.15483804744525548,0.801261709245742,0.2519118156934307,0.23556260594102185,0.08573817190031846,5.0,CA,
DrRandPaul,39834947,Rand Paul,Republican,519,78500,274,1620,2009-05-13 21:07:01+00:00,116.0,official,0.14356435643564355,79.89603960396039,2.98019801980198,2.1732673267326734,0.2524752475247525,-0.007204323867376191,-0.02356043461990697,-0.058241626736898554,-0.06456290312364078,0.12082289796473165,0.052918084954190994,77.04312138728324,20.509036608863198,0.42597302504816953,0.08243352601156069,0.1055626204238921,0.8120038535645472,0.05583776493256262,,,,,0.512
deanbphillips,39894447,Dean Phillips 🇺🇸,Democrat,1209,15880,1043,1296,2009-05-14 01:32:09+00:00,116.0,official,0.0,97.01923076923077,4.1466666666666665,2.986666666666667,0.0,0.035896453993467504,-0.013706483187436341,,,0.04995623788082582,0.000689870250600304,63.79920595533499,30.54441687344913,0.7382630272952854,0.04680397022332506,0.2034036393713813,0.7497692307692307,0.4001639371381307,0.4721448726434995,0.10680145848038598,3.0,MN,
Cline4Virginia,40264497,Ben Cline,Republican,1021,7222,2050,1558,2009-05-15 15:37:07+00:00,116.0,official,0.03731343283582089,87.11940298507463,3.8636363636363638,2.672727272727273,0.06363636363636363,0.020784277586451134,-0.009312120817102403,0.014380317761707851,-0.01499897176335863,0.047193267709630074,0.007648397488320025,79.93691478942213,31.658158667972575,0.39006856023506364,0.05276885406464251,0.18952399608227227,0.7577179236043095,0.34821576885406463,0.7025825058604407,0.04527683980274713,3.0,VA,
MarkAmodeiNV2,402719755,RepMarkAmodei,Republican,1135,16826,1068,1508,2011-11-01 13:43:55+00:00,118.0,official,0.023809523809523808,91.03571428571429,4.083333333333333,2.7777777777777777,0.05555555555555555,-0.07320091420415366,-0.044330536527369076,-0.07169343285023604,-0.03513805956062921,-0.05701002504776262,-0.024717263845457586,85.7850396475771,30.79755947136564,0.4285991189427313,0.032041409691629955,0.14359911894273128,0.8243533039647577,0.3158778854625551,0.6956954643318729,0.12018911941821687,9.0,NV,
MaElviraSalazar,40282700,María Elvira Salazar 🇺🇸,Republican,4829,146180,315,7854,2009-05-15 17:04:40+00:00,117.0,official,0.01639344262295082,88.27595628415301,3.8488372093023258,2.738372093023256,0.046511627906976744,-0.3379039197029944,-0.34658566634664895,-0.508627628287148,-0.4795358816526702,-0.31063011449004563,-0.32642684112392295,84.86106440256782,9.236102712776972,0.3685897701387451,0.035640505280596396,0.07744294885069372,0.8869126113066887,0.11764613791675295,,,,FL,
RepJerryNadler,40302336,Rep. Nadler,Democrat,6196,455810,2025,9160,2009-05-15 18:37:39+00:00,118.0,official,0.0038022813688212928,94.32858048162231,3.960099750623441,2.8428927680798006,0.006234413965087282,0.02154018267378585,0.027414042813808385,0.009778466483771375,0.01834530794377247,0.03149097607098658,0.033991836361728825,80.54880568108457,24.536058747579084,1.0579357650096837,0.09171917366042609,0.12245448676565525,0.7858302130406714,0.08928626533247257,,,,NY,0.625
RepRickLarsen,404132211,Rep. Rick Larsen,Democrat,10254,23239,6296,15858,2011-11-03 13:59:42+00:00,118.0,official,0.0,95.6613712374582,4.0623781676413255,2.943469785575049,0.007797270955165692,-0.04306193239094265,-0.015409454986725945,-0.04450831185853424,-0.02192834051043028,-0.0656530566158405,-0.03191964330806697,82.4733625902087,29.259102789155452,0.26207236200507117,0.044579286132241075,0.1330845523698069,0.8223347961771016,0.2623233664911254,,,,WA,
JudgeJohnCarter,404355121,John Carter,Republican,3661,6271,4433,4145,2011-11-03 20:15:13+00:00,116.0,official,0.019464720194647202,87.73479318734793,3.339100346020761,2.3771626297577853,0.1314878892733564,-0.08923382442867407,-0.08965416903512462,-0.14562439958959403,-0.0814653915852967,-0.005837122444797264,-0.00946752185866213,83.52901119912593,19.751078940180278,0.7328789948101612,0.033462441955749794,0.22437831193662933,0.742151051625239,0.4465472821633434,0.6759617955884959,0.10813139483816311,9.0,TX,0.256
LisaBRochester,4049197462,Lisa Blunt Rochester,Democrat,769,14709,643,932,2015-10-26 22:17:18+00:00,117.0,official,0.0,95.61855670103093,3.85,2.76,0.01,0.03892416643692828,-0.0001137559667846685,,,0.05104465680402986,0.009218087009386134,72.18604681404422,32.82784135240572,0.4404681404421326,0.033927178153446036,0.19515084525357607,0.7709154746423926,0.45748478543563065,,,,,
DwightEvansPA,4069841354,Dwight Evans,Democrat,4462,5566,1214,12003,2015-10-30 15:15:26+00:00,116.0,official,0.03288201160541586,94.92230818826563,4.010028653295129,2.8502865329512894,0.007879656160458453,0.005494227894743176,-0.012794518019307173,,,0.02329153885240535,0.0034441858371716317,78.1108695652174,21.46548632900045,0.46401389511429847,0.05649887942626625,0.1255880770954729,0.8179125952487674,0.19453798744957418,0.21730325552805016,0.1416044696375445,6.0,PA,
BobMenendezNJ,407039290,Menendez for NJ,Democrat,2570,16451,8341,3333,2011-11-07 15:08:13+00:00,116.0,official,0.0032679738562091504,96.859477124183,3.9655172413793105,2.8850574712643677,0.007662835249042145,-0.003996470711328048,-0.023574954228887706,-0.011242976198094478,-0.011003499606128724,-0.014600513568812498,-0.02835470229139678,78.47369260700388,25.152322957198443,0.5458677042801556,0.06189649805447471,0.12218793774319067,0.8159120622568092,0.1510341634241245,,,,,
JerryNadler,408816873,Jerry Nadler,Democrat,1094,23346,1680,1425,2011-11-09 22:46:48+00:00,116.0,official,0.0,95.76923076923077,3.948717948717949,2.871794871794872,0.01282051282051282,0.02311884252468186,-0.011890373690624269,-0.04874643545723242,-0.06393631649223579,0.04525867909088133,-0.004570939380789319,76.10839122486288,30.770447897623402,0.8191590493601463,0.07281352833638026,0.17998720292504572,0.7471882998171846,0.29342020109689215,0.15611087944422813,0.034787874830436064,9.0,NY,0.625
Dr_RaulRuiz,409522947,Dr. Raul Ruiz,Democrat,205,3372,189,242,2011-11-10 21:23:33+00:00,116.0,official,0.0,97.72727272727273,4.2,3.0,0.0,-0.00945185756343787,-0.026855598379178353,-0.01959792053127346,-0.030277323197627225,0.022863087001289695,-0.016018460199673328,79.24765853658536,34.81804878048781,0.5409268292682927,0.021946341463414634,0.1868829268292683,0.7911658536585365,0.4044985365853659,,,,,
MarkWarnerVA,409719505,Mark Warner HQ,Democrat,1703,15566,2014,1952,2011-11-11 03:59:32+00:00,116.0,official,0.0,91.9973544973545,4.146788990825688,2.871559633027523,0.0,0.023334882741329672,0.011733212114467907,-0.007602496128028722,-0.010228313383115297,0.039618621569936535,0.03303758188457518,78.85617146212566,25.87596594245449,0.3376688197298884,0.0464192601291838,0.15617263652378155,0.7974298297122724,0.32562695243687606,,,,,0.614
TeamMcCain,4107251,Team McCain,Republican,2031,11892,7248,4878,2007-04-11 02:02:53+00:00,114.0,campaign,0.020202020202020204,88.9090909090909,3.8181818181818183,2.696969696969697,0.06060606060606061,-0.04291650785132485,-0.03910824296932486,,,,,85.88698178237321,15.821452486459872,0.42536681437715407,0.04945347119645495,0.12817380600689318,0.8223806006893156,0.16026361398325947,0.738757019621658,0.08632271833376778,5.0,AZ,
AngieCraigMN,411861905,Angie Craig,Democrat,3454,25502,314,3738,2011-11-14 00:01:21+00:00,116.0,official,0.02059732234809475,95.51287332646756,4.045103092783505,2.904639175257732,0.005154639175257732,0.05432757954840568,0.02255443518158295,,,0.06047916594430557,0.025768118896955846,74.81428778228141,33.46610885929357,0.43011291256514184,0.047136942675159235,0.1707617255356109,0.7821105964099594,0.39962651997683846,0.3712667510101835,0.06213907536512924,3.0,MN,
SuzanDelBene,41225640,Suzan DelBene,Democrat,1589,6447,568,2140,2009-05-19 22:14:44+00:00,116.0,official,0.0,94.6390134529148,3.9271844660194173,2.8106796116504853,0.0048543689320388345,0.03376332715460484,0.007434417075660598,0.03311372702249818,0.007177922338735542,0.03600959545834348,0.0053518468677118385,78.99633731906859,31.99528005034613,0.5974826935179358,0.04641346758967905,0.1874940213971051,0.7660956576463185,0.3666815607300189,,,,,
DeanHeller,41363507,Dean Heller,Republican,3915,22370,10072,5004,2009-05-20 14:01:08+00:00,115.0,campaign,0.013636363636363636,89.01590909090909,3.9802631578947367,2.8782894736842106,0.01644736842105263,0.016605282143324754,0.0006813886836208407,-0.002367800568335829,-0.003495944082266202,0.057100329446241105,-0.00289212672765501,74.33108556832696,22.12539974457216,0.4276704980842912,0.04308965517241379,0.16738416347381863,0.7895264367816092,0.28696500638569605,0.7209135016757123,0.06113062394088163,6.0,NV,
RepSmucker,41417564,Rep. Lloyd Smucker,Republican,4768,13095,445,6368,2009-05-20 18:31:13+00:00,118.0,official,0.0,92.7720848056537,4.222641509433962,2.871698113207547,0.01509433962264151,-0.015977422518710125,0.0072663333287564195,-0.1283562058446508,-0.08076935849162632,0.00901021175251674,0.022389483007904554,83.82710780201343,26.554049916107385,0.41117869127516776,0.03902663590604027,0.14213066275167785,0.81884375,0.2905778313758389,0.6780743497478668,0.09380732442346541,5.0,PA,
BLeeForCongress,414436134,Barbara Lee,Democrat,8487,64143,817,9548,2011-11-17 01:52:10+00:00,116.0,official,0.013228459063282088,93.57168394708616,3.819245283018868,2.751698113207547,0.016981132075471698,0.06387799868263558,0.04926895670396829,-0.083452322930603,-0.07907461680311978,0.06398261818302899,0.04595322004862509,73.70913279132792,28.554716625427126,1.144345469541652,0.09935289265936137,0.1306134087427831,0.7700289855072464,0.06877161541180629,0.009170109092701198,0.012687151822663657,9.0,CA,
aguilarpete,41533245,Pete Aguilar,Democrat,541,3134,710,734,2009-05-21 05:04:40+00:00,116.0,official,0.029411764705882353,93.88235294117646,4.103448275862069,2.9655172413793105,0.034482758620689655,-0.001994667323563293,-0.022804673402783825,-0.011171523282333867,-0.031091397288978945,0.20516746695415378,0.10595839133993318,79.2890573012939,32.666746765249535,0.4716081330868761,0.03648428835489834,0.19951571164510168,0.764,0.40837800369685767,0.2914492903277945,0.06763683008628664,7.0,CA,
GReschenthaler,4205133682,Rep. Guy Reschenthaler,Republican,3636,30250,910,5209,2015-11-16 22:15:01+00:00,118.0,official,0.062261753494282084,83.35578144853875,3.4518828451882846,2.4728033472803346,0.12552301255230125,0.01006002675956056,-0.002772949508571303,,,0.016670644524839764,-0.00222792490678036,81.35405390539054,22.34228822882288,0.6445214521452145,0.08647387238723872,0.11162706270627062,0.8019037403740374,0.058029922992299234,0.7476147835314984,0.03781495044383874,3.0,PA,
LloydSmuckerPA,4212470319,Lloyd Smucker,Republican,340,1515,180,419,2015-11-17 20:19:06+00:00,116.0,official,0.0,97.03125,4.488372093023256,2.9302325581395348,0.0,0.03584025150273435,0.017435984937128318,,,0.009427636299498976,-0.02754885000435698,80.92755882352941,29.396852941176473,0.2818235294117647,0.02981176470588235,0.18709411764705883,0.7830882352941176,0.35527323529411764,0.6780743497478668,0.09380732442346541,5.0,PA,
JimmyPanetta,4228409359,Jimmy Panetta,Democrat,569,2287,71,597,2015-11-13 23:14:17+00:00,117.0,official,0.0,93.8425925925926,3.625,2.5833333333333335,0.041666666666666664,-0.05561488910177849,-0.061237669103469415,,,-0.049809331673478355,-0.05429922832090586,87.38356766256591,30.070474516695956,0.6567311072056239,0.01651493848857645,0.17954833040421792,0.803933216168717,0.44248541300527244,0.31826669025954796,0.016849191959629795,5.0,CA,
BradleyByrne,42481696,Bradley Byrne,Republican,3049,16327,118,3764,2009-05-25 20:36:05+00:00,116.0,official,0.11350293542074363,81.02837573385519,3.157303370786517,2.235955056179775,0.1662921348314607,0.03186081266242682,-0.01380753323323252,-0.06080070258769663,-0.07990838253920475,0.045762130689265754,-0.0057682997071709045,77.26536897343391,28.003158412594296,0.47975073794686784,0.04858117415546081,0.191149885208265,0.7602640209904887,0.36480629714660545,0.8068655281753779,0.07758727726472586,7.0,AL,
CongBoyle,4304448314,Rep. Brendan Boyle,Democrat,4902,19516,3572,6355,2015-11-20 20:17:53+00:00,118.0,official,0.004754358161648178,94.92472266244057,4.035343035343035,2.8316008316008316,0.006237006237006237,0.010806879104152626,0.01579496757636365,,,0.019735537824215735,0.0264931682772129,81.41003263973887,28.620028559771523,0.5790554875560995,0.06567197062423501,0.13260934312525502,0.8017139942880457,0.19394414524683803,0.308414699373893,0.059531004582386325,7.0,PA,
JoshGottheimer,431105217,Josh Gottheimer,Democrat,3082,7195,875,3477,2011-12-07 22:45:24+00:00,117.0,official,0.004634994206257242,96.63499420625725,4.074503311258278,2.9188741721854305,0.0033112582781456954,0.026355226478903142,0.011792952505312513,,,0.05310420845776441,0.04049973546984681,75.99062297209605,24.51457819597664,0.583040233614536,0.05927352368591824,0.1555158987670344,0.7852021414665801,0.2911020116807268,0.563746526070937,0.06680708124947296,5.0,NJ,
GKButterfield,432676344,G. K. Butterfield,Democrat,4778,22983,1109,6990,2011-12-09 17:17:22+00:00,117.0,official,0.0,94.35699373695198,4.13677130044843,2.8721973094170403,0.008968609865470852,-0.024637786067715405,-0.010176279386937416,-0.059026628288311046,-0.026483849067569426,-0.0778287337505173,-0.05712150218556913,82.99051067392213,27.86182293846798,0.5931331100879028,0.052723943072415236,0.1428509836751779,0.8044261197153622,0.23577505232314777,0.3269270699179348,0.03900619989622942,8.0,NC,
LindseyGrahamSC,432895323,Lindsey Graham,Republican,10878,2211194,1997,14634,2011-12-09 22:21:03+00:00,116.0,official,0.022176022176022176,83.72349272349273,3.615597783056215,2.4718923198733176,0.060174188440221696,0.02697485126888056,0.005623127198915194,0.015066086583450952,-0.008841467995077545,0.05654141432133207,0.031185250410251796,81.53052675124103,29.927798308512596,0.46437212722927007,0.06352941717227431,0.12235024820739106,0.8141146350432065,0.1541546332046332,0.7057142217920023,0.042397634699503695,9.0,SC,0.462
RashidaTlaib,435331179,Rashida Tlaib,Democrat,8191,1436191,2621,18714,2011-12-12 23:07:37+00:00,116.0,official,0.010575793184488837,94.24735605170387,3.816793893129771,2.7442748091603053,0.022900763358778626,0.0340942218707232,0.007225206129154405,0.014067078830657217,0.013159690462603398,0.06864512147816411,0.02901403582331314,68.14579538517886,23.355663533146135,0.8884287632767671,0.08453448907337321,0.13060761811744598,0.7848555731900867,0.08507688926870956,0.07446183092742387,0.008249544807018516,3.0,MI,
SenCoonsOffice,435500714,Office of Sen. Coons,Democrat,1698,7471,106,2183,2011-12-13 04:02:30+00:00,117.0,official,0.0,94.02777777777777,4.294117647058823,2.8823529411764706,0.0,-0.07891570516406689,-0.04183989152047059,-0.07941258583629328,-0.04270600323087014,,,92.97194935217904,16.804534746760893,0.3072909305064782,0.031007656065959954,0.10871201413427561,0.8602809187279152,0.17126654888103654,,,,,
JoshHarder,438665212,Josh Harder,Democrat,2178,19110,196,2435,2011-12-16 21:32:56+00:00,116.0,official,0.0099601593625498,96.46414342629483,4.298507462686567,2.908315565031983,0.0042643923240938165,0.04957140062589438,0.02094484740481048,,,0.06361400515676284,0.03518971104870936,67.99436639118458,30.460036730945824,0.48204315886134064,0.0556505968778696,0.15365518824609734,0.7906887052341597,0.2736538567493113,0.3860949104604021,0.094784561441046,3.0,CA,
SenSherrodBrown,43910797,Sherrod Brown,Democrat,7545,502779,344,9263,2009-06-01 16:07:45+00:00,117.0,official,0.0007880220646178094,94.71434200157604,4.1316033364226135,2.9165894346617236,0.0,0.023607870870507593,0.025189562527083036,-0.03222375385949501,0.00022802888697913206,0.03230799603955823,0.021418139439511038,78.70792577866138,24.052149768058317,0.6898277004638834,0.06314777998674619,0.1337969516235918,0.8030576540755466,0.20168015904572564,0.13072449756313367,0.03250416440749993,9.0,OH,0.649
BeraForCongress,43986986,Dr. Ami Bera,Democrat,1156,4059,1323,1546,2009-06-01 22:15:55+00:00,116.0,official,0.030612244897959183,95.18877551020408,4.0978260869565215,2.9130434782608696,0.03260869565217391,-0.031881585528255325,-0.04245107760235639,-0.021922521930026348,-0.02815937793320047,0.06102160904193855,0.03733214403830732,81.26724048442907,32.44102941176471,0.40373702422145324,0.0285121107266436,0.16743598615916955,0.80405276816609,0.38968589965397926,,,,,0.5
JuliaBrownley,44251742,Julia Brownley,Democrat,618,4247,51,712,2009-06-03 00:44:33+00:00,116.0,official,0.0,96.5625,4.166666666666667,3.0,0.0,0.028178643327930603,0.0178493449564645,0.014758762094537341,0.022788672632654005,0.05651060694340249,0.01156154178321119,76.37540453074433,35.16925566343042,0.44622977346278314,0.039309061488673136,0.18541747572815534,0.775289644012945,0.3975776699029126,,,,,
RepRichardNeal,442824717,Rep. Richard Neal,Democrat,2821,41478,105,4039,2011-12-21 14:18:30+00:00,118.0,official,0.0,92.60135135135135,4.3625,2.9458333333333333,0.0,-0.01638668914768125,-0.008567570550767886,-0.010879174541961687,-0.02410562248705104,0.0012025384106680945,0.016280486103460747,84.59869549805035,29.279822757887274,0.41667493796526056,0.03829563984402694,0.15587274016306274,0.8058333924140375,0.36232743707905,,,,MA,
FrancisRooney,4433285713,Francis Rooney,Republican,480,1766,69,537,2015-12-02 17:10:34+00:00,116.0,official,0.018691588785046728,91.14953271028037,3.736842105263158,2.6315789473684212,0.10526315789473684,0.03202537534967322,0.02747343429348751,,,,,79.9513125,23.14077083333333,0.5041666666666667,0.039850000000000003,0.222225,0.7379333333333334,0.40802333333333335,0.6793393012932268,0.11000906654874956,4.0,FL,
JohnMShimkus,4490291893,John Shimkus,Republican,47,649,209,40,2015-12-07 22:08:01+00:00,116.0,official,0.0,69.5,3.0,2.0,0.0,-0.04374351115746606,-0.06100157031039629,,,,,79.08617021276596,27.25468085106383,0.9336170212765956,0.06419148936170213,0.2022127659574468,0.7335744680851064,0.3568617021276596,0.6758090889709458,0.048614430270223725,8.0,IL,
TeamStabenow,456137574,Stabenow for Senate,Democrat,337,1943,1624,492,2012-01-05 22:35:10+00:00,115.0,campaign,0.0,94.56395348837209,4.169014084507042,2.9295774647887325,0.0,-0.03861421184309996,-0.04314759134922042,-0.03861421184309996,-0.04314759134922042,,,82.43083086053412,17.365727002967358,0.2509792284866469,0.044845697329376856,0.12784866468842732,0.827299703264095,0.19400089020771513,,,,,
MichaelBennet,45645232,Michael Bennet,Democrat,4025,54030,2667,5593,2009-06-08 19:21:51+00:00,117.0,official,0.0019801980198019802,94.5029702970297,4.036199095022624,2.823529411764706,0.0,0.05433197441584391,0.02606012173531543,0.05140969877204312,0.04541386728095268,0.05737439280255312,0.027044648884566234,72.16064099378882,35.25678260869565,0.37127204968944094,0.055952049689440994,0.14304347826086958,0.8010032298136646,0.2866059627329192,,,,,
Donald_McEachin,459051498,Donald McEachin,Democrat,1748,8536,1844,2595,2012-01-09 07:09:57+00:00,117.0,official,0.007380073800738007,90.99261992619927,4.176113360323886,2.9068825910931175,0.008097165991902834,0.01365992675464642,-0.006393800282067282,0.051997793646211495,0.0301637783768444,0.02679473947310786,-0.0025995997951212568,70.14241990846682,25.36987414187643,0.5437299771167048,0.04328604118993135,0.17472311212814645,0.7819879862700229,0.24480852402745995,0.26159164087863856,0.029562682472770198,4.0,VA,0.5
HeidiHeitkamp,460376288,Heidi Heitkamp,Democrat,2460,31484,276,2765,2012-01-10 17:57:11+00:00,115.0,campaign,0.0,91.91160220994475,4.222641509433962,2.943396226415094,0.0037735849056603774,0.006387903594069514,-0.029867731268416242,-0.050429955607476706,-0.07653846180447313,0.031739776741480055,0.001316285068870753,74.54541056910568,36.06978048780488,0.38932926829268294,0.043419512195121954,0.18275813008130082,0.7738256097560976,0.39970174796747965,0.5303150787349761,0.08680134632245101,6.0,ND,0.4
ReElectWittman,46184745,Rob Wittman,Republican,781,2002,97,1263,2009-06-10 18:23:29+00:00,116.0,official,0.04285714285714286,87.17857142857143,3.8627450980392157,2.7254901960784315,0.0784313725490196,0.02483232118064074,0.00958002758304567,0.05084788484636353,0.013133694005174381,0.027967934256601688,0.01544876359575948,76.35601792573624,29.987900128040973,0.3636107554417414,0.038387964148527534,0.1690742637644046,0.7925326504481434,0.3594385403329065,,,,,
RepCicilline,462143773,Congressman David N. Cicilline,Democrat,5179,34626,14251,7876,2012-01-12 16:26:40+00:00,118.0,official,0.0013315579227696406,93.47403462050599,3.986899563318777,2.8282387190684135,0.002911208151382824,-0.055573014972917334,-0.02550265641903118,-0.11850149360941835,-0.09185071748864308,-0.00833165141894739,-0.0030823173174716694,86.79915234601275,21.306174937246574,0.5229059664027805,0.061272639505696086,0.10263622320911372,0.8360868893608805,0.11428028576945357,,,,RI,
Vote_Davidson,4624539143,Warren Davidson,Republican,117,1920,570,310,2015-12-27 19:22:18+00:00,116.0,official,0.18181818181818182,84.22727272727273,3.5714285714285716,2.5714285714285716,0.14285714285714285,0.04484824292875385,0.007036935011894044,,,0.05452610696187513,-0.018738648169647504,77.11128205128206,23.904102564102566,0.4576068376068376,0.028017094017094017,0.2584017094017094,0.7135897435897436,0.44653760683760685,0.6529572630586425,0.06086133228999564,6.0,OH,
TimRyan,466532637,Tim Ryan,Democrat,8839,311384,2122,11028,2012-01-17 14:24:26+00:00,116.0,official,0.0016038492381716118,93.07217321571773,4.0126715945089755,2.833157338965153,0.006335797254487857,0.06268841676595031,0.020308531646770853,-0.042389798859849885,-0.053362242494540135,0.06688279757171392,0.02276947364352914,67.56383274867036,27.970148240353062,0.45007581758515336,0.060349926462269485,0.15891265980314515,0.7807370743296753,0.2594307274578572,0.3296052473871101,0.0207153570611752,9.0,OH,0.742
RepJeffries,467823431,Hakeem Jeffries,Democrat,4343,849960,1063,5141,2012-01-18 21:54:44+00:00,118.0,official,0.0,95.57635009310987,4.024621212121212,2.912878787878788,0.001893939393939394,0.023069166538361528,0.0017769716702992961,0.031496437576467,0.02624171446021969,0.024826696220259754,-0.0011959318102279363,80.87119042136773,26.69764448537877,1.2681142067695141,0.11602924245912964,0.11408519456596822,0.7698830301634815,-0.017555100161178908,,,,NY,
CoriBush,4696552878,Cori Bush,Democrat,6180,867979,2094,8594,2016-01-02 14:36:12+00:00,117.0,official,0.0,91.79560810810811,3.8214285714285716,2.738095238095238,0.007936507936507936,0.022435485690242445,-0.020858361050761387,,,0.02419847233412014,-0.024585284226487817,61.46149352750808,24.460789644012944,0.6797815533980582,0.05011877022653721,0.2016496763754045,0.7482373786407767,0.2668776699029126,,,,MO,
CartwrightPA,472315803,Matt Cartwright,Democrat,1381,4847,456,1476,2012-01-23 20:37:26+00:00,116.0,official,0.018867924528301886,93.07232704402516,4.25,2.875,0.03125,0.012669748517424636,0.0019883540736914973,-0.006389889664806667,-0.0261166835547326,0.05778652000282099,0.05671012255859829,76.9278131788559,36.6911151339609,0.3427733526430123,0.03172338884866039,0.17027588703837798,0.7979949312092686,0.4102394641564084,,,,,
RosenforNevada,4749863113,Jacky Rosen,Democrat,2085,35428,646,2510,2016-01-12 20:33:06+00:00,116.0,official,0.0196078431372549,94.09893048128342,4.074712643678161,2.8505747126436782,0.005747126436781609,0.03577591790572323,0.004715724013315063,,,0.04015404282492771,0.005619096157711055,77.48334772182254,24.584589928057554,0.5492805755395683,0.06636019184652278,0.14980143884892086,0.7838383693045564,0.2711032134292566,0.3570337072822525,0.0491948047414266,5.0,NV,0.563
SenFeinstein,476256944,Senator Dianne Feinstein,Democrat,12122,1452064,261,14301,2012-01-27 23:06:59+00:00,117.0,official,0.0,97.30432737535277,4.081439393939394,2.946022727272727,0.003787878787878788,0.025630283970188506,0.04999348077586676,-0.00972578383653634,0.014463939545571259,0.023882291011965467,0.04640231308644319,79.34686520376175,26.547672826266293,0.5850412473189243,0.0872266952648078,0.13858241214321068,0.7741871803332784,0.14164539679920804,,,,,0.469
reschenthaler,477223342,Guy Reschenthaler,Republican,632,3281,152,854,2012-01-28 23:48:42+00:00,116.0,official,0.07692307692307693,85.6826923076923,3.642857142857143,2.5952380952380953,0.11904761904761904,-0.027623442671461187,-0.06394022903913037,-0.06790645861087129,-0.10741628421408221,0.057450100940170834,0.0074983242269628355,84.5345253164557,33.67136075949367,0.7002215189873418,0.030518987341772153,0.19176740506329115,0.7777215189873418,0.39831566455696205,0.7476147835314984,0.03781495044383874,3.0,PA,
TinaSmithMN,47724293,Tina Smith,Democrat,4881,84863,4132,7004,2009-06-16 19:48:15+00:00,116.0,official,0.0,96.18405365126677,4.052536231884058,2.911231884057971,0.0,0.03556639630830055,0.008994980979147577,0.045126800729984345,-0.012351701783881966,0.0595997099405878,0.032953927481174025,71.59018233968449,27.365775455849214,0.4609465273509527,0.04524626101208769,0.1845142388854743,0.770239500102438,0.39510758041384964,0.16253952824987314,0.06648053616085664,4.0,MN,0.625
brianschatz,47747074,Brian Schatz,Democrat,12510,398085,3280,21401,2009-06-16 21:54:28+00:00,116.0,official,0.009375,93.8296875,3.8989547038327528,2.7909407665505226,0.010452961672473868,0.11139657621992766,0.06670508584943674,-0.00989960650846251,-0.010824009527774126,0.12762671356391575,0.06991389013428044,54.03077027675572,31.991198208286676,0.5156950887857943,0.07167769784172662,0.12888920863309353,0.7994327737809752,0.11845739408473221,,,,,
RepRoybalAllard,479872233,Rep. Lucille Roybal-Allard,Democrat,9299,35103,5876,11151,2012-01-31 21:30:43+00:00,117.0,official,0.0,94.7936507936508,4.043939393939394,2.868181818181818,0.0,-0.15481093194117104,-0.13826950744851432,-0.03620411322178359,-0.013286844376717202,-0.2312233603737115,-0.20971996934055556,84.49443596085601,19.867339498870848,0.6514205828583718,0.05172437896548016,0.12887374986557693,0.819398645015593,0.23791751801268954,,,,,
Marcy_Kaptur,480872337,Marcy Kaptur,Democrat,259,4653,290,351,2012-02-02 00:59:55+00:00,116.0,official,0.0,96.03658536585365,4.0,2.8947368421052633,0.0,0.022752926815037697,0.0009906434751179895,-0.03038410754336131,-0.05639992425313092,0.08309623015530862,0.06332429319077741,78.70814671814672,22.71791505791506,0.4127413127413127,0.056660231660231666,0.16562548262548263,0.7777220077220077,0.27319845559845557,,,,,0.643
SteveKingIA,48117116,Steve King,Republican,4069,104851,391,5310,2009-06-17 21:09:41+00:00,116.0,official,0.18276762402088773,75.7402088772846,3.023876404494382,2.1657303370786516,0.27808988764044945,0.014140133172706204,-0.021091131014391806,-0.006838913002916617,-0.023953716345473133,0.029858344772050634,-0.012180827312374338,74.19315802408455,27.726016220201526,0.7296633079380683,0.07497739002211846,0.11728336200540673,0.8077340869992627,0.09620911771934136,0.8141972373419255,0.06459313323603263,8.0,IA,0.163
McHenryCampaign,481437062,Patrick McHenry,Republican,1443,1670,444,1633,2012-02-02 19:10:01+00:00,116.0,official,0.012320328542094456,85.67556468172485,3.4564102564102566,2.4564102564102566,0.1076923076923077,-0.008244455956202193,-0.02750054430257639,-0.12164812257690537,-0.11450564511914785,0.05099026287289178,0.022450332879316914,81.63015939015939,24.523866943866945,0.4801593901593902,0.048479556479556485,0.1735003465003465,0.7780048510048511,0.33314421344421347,,,,,
BenMcAdams,48255275,Ben McAdams,Democrat,1737,18602,3817,1925,2009-06-18 05:15:10+00:00,116.0,official,0.0,98.22115384615384,4.097560975609756,2.975609756097561,0.0,-0.007234399270839218,-0.04180770085460696,-0.01331231874623498,-0.041474742835455596,0.011198060725857587,-0.03506906852413998,63.86021876799079,39.42120322394934,0.338468624064479,0.038658031088082905,0.15602705814622914,0.805314335060449,0.2681585492227979,0.47022315397231873,0.03326544580423769,2.0,UT,
Eshoo4Congress,482713734,Anna Eshoo for Congress,Democrat,392,1846,530,622,2012-02-04 07:02:26+00:00,116.0,official,0.0,94.375,4.107142857142857,2.8214285714285716,0.0,-0.07416231520856371,-0.0706378950502204,-0.07326140473481503,-0.04085168386025641,-0.07266997153183014,-0.08471870527133811,81.1161224489796,19.431887755102043,0.48234693877551016,0.020321428571428574,0.19070408163265307,0.7889719387755102,0.442719387755102,,,,,
LouieGohmertTX1,4827594804,Louie Gohmert,Republican,287,8348,168,341,2016-01-28 23:30:55+00:00,116.0,official,0.26666666666666666,80.83333333333333,2.5384615384615383,1.9230769230769231,0.5384615384615384,-0.013688344773937981,-0.03438244912444409,,,0.02926060678306729,0.005240882475255193,79.68557491289198,20.201393728222996,1.138815331010453,0.039881533101045294,0.17797909407665505,0.7821567944250871,0.33511045296167247,,,,,0.054
MikeJohnson,4849654052,Mike Johnson,Republican,306,2197,135,454,2016-02-02 14:48:05+00:00,116.0,official,0.06666666666666667,88.8,4.0,2.6666666666666665,0.16666666666666666,0.020620115736118154,-0.023117218582310823,,,-0.01013560870596736,-0.06436372673643337,82.50493464052288,25.341568627450982,0.442875816993464,0.025408496732026144,0.18141503267973855,0.7931830065359478,0.398390522875817,0.7281351455169442,0.038182027270764654,5.0,LA,
davidjtrone,4851790919,David Trone,Democrat,1687,9530,618,2004,2016-01-27 01:12:55+00:00,116.0,official,0.0,94.57194244604317,3.9575757575757575,2.8545454545454545,0.006060606060606061,0.06113471269426754,0.03148186409717644,,,0.07047540153313661,0.0368022151636743,69.18467101363366,30.63772377000593,0.6977296976882039,0.06478719620628334,0.1806597510373444,0.7545637225844695,0.2940377000592768,0.3055219727718664,0.038882750947602115,3.0,MD,
SenJackReed,486694111,Senator Jack Reed,Democrat,6389,111217,53,7945,2012-02-08 15:24:01+00:00,117.0,official,0.0,94.52220248667851,4.022357723577236,2.8841463414634148,0.008130081300813009,-0.05130184390886015,-0.03522941621058921,-0.07910560077307248,-0.036966676149970894,-0.03710427657064172,-0.04136478847653992,87.77383628110816,20.72684457661606,0.6506385975896072,0.045750821724839574,0.20320629206448584,0.7510417905775552,0.430559054625137,0.1276683187831011,0.031589893746037864,9.0,RI,0.7140000000000001
JakeAuch,4870048156,Jake Auchincloss,Democrat,1519,11151,202,2569,2016-02-01 18:10:16+00:00,117.0,official,0.0,93.68263473053892,3.964788732394366,2.908450704225352,0.0,0.029960984557919342,0.019896979099713524,,,0.03191314499048203,0.020247205786701545,76.63342988808427,27.456846609611585,0.5856813693219223,0.05419289005924951,0.14179986833443056,0.80400724160632,0.2459795918367347,,,,MA,
grace4congress,4895651115,Grace Napolitano,Democrat,107,698,171,128,2016-02-10 18:50:05+00:00,116.0,official,0.0,96.04166666666667,4.1,2.9,0.0,0.06460670180978605,0.04501140496658548,,,,,79.86785046728973,24.156542056074766,1.2013084112149532,0.06457943925233645,0.18690654205607476,0.7485514018691589,0.29770747663551406,,,,,
Bethvanduyne,489856457,Beth Van Duyne,Republican,2834,28013,782,3973,2012-02-11 23:59:29+00:00,117.0,official,0.0645933014354067,80.82894736842105,3.252659574468085,2.3430851063829787,0.14893617021276595,0.03629882405999735,-0.010057108619071059,0.019332822557811016,-0.014425548959565644,0.05542370732890814,0.008403813430698855,67.88942836979534,28.099707127734654,0.6481933662667607,0.05857445306986592,0.18587332392378264,0.7555525758645024,0.2763418136908963,,,,TX,
BrianFitzUSA,4905487413,Brian Fitzpatrick 🇺🇸,Republican,884,3272,271,961,2016-02-13 18:11:30+00:00,116.0,official,0.0449438202247191,85.53932584269663,3.578125,2.4375,0.078125,0.0011652245514387803,-0.005368299458314085,,,-0.01211743148325854,-0.012956709522719193,79.28927601809954,21.671640271493214,0.5518891402714933,0.054104072398190046,0.17722624434389142,0.7686787330316742,0.3376661764705882,,,,,
RubenGallego,49217025,Ruben Gallego,Democrat,12548,194548,2742,22699,2009-06-21 03:26:23+00:00,116.0,official,0.01652892561983471,92.93181818181819,3.9798206278026904,2.782511210762332,0.03139013452914798,0.06464087067859049,0.01365706137059066,0.03654620504126115,-0.003602702636629248,0.07775733973016094,0.018200743043225807,58.72915364998406,28.488271437679312,0.49399505897354157,0.0741898310487727,0.11087296780363404,0.8149385559451705,0.0589515859101052,,,,,
BradSherman4SFV,494291143,Brad Sherman,Democrat,91,1648,1268,100,2012-02-16 18:52:23+00:00,116.0,official,0.0,100.0,5.0,3.0,0.0,-0.1002987832198048,-0.10778445770882261,-0.0984779380302071,-0.10344041411997722,-0.03433011449854907,-0.06238742308848947,88.35373626373627,25.692417582417583,0.12274725274725275,0.02230769230769231,0.12981318681318682,0.8478901098901099,0.2541516483516484,,,,,
WelchForVT,499109830,Peter Welch,Democrat,1355,5457,370,1520,2012-02-21 19:48:49+00:00,116.0,official,0.016,94.692,4.076923076923077,2.802197802197802,0.0,0.03430906180502517,0.015930112900928193,-0.011568426954771885,-0.006862304037625631,0.056249711496113755,0.027856871357131285,75.74078228782288,28.675018450184503,0.5466051660516605,0.05781697416974169,0.14732029520295203,0.7948612546125462,0.26447571955719557,,,,,
barrassoforwyo,499268312,John Barrasso,Republican,1051,1231,39,1120,2012-02-21 23:24:33+00:00,115.0,campaign,0.033950617283950615,80.77006172839506,3.4123376623376624,2.366883116883117,0.1331168831168831,0.04252981634201631,0.02089107101625397,-0.07164593913280273,-0.05437989866006679,0.05303715821032768,0.026025942684183248,79.37470980019029,25.181569933396766,0.5322549952426261,0.0776907706945766,0.13202378686964797,0.7902759276879163,0.13153215984776404,,,,,0.625
chuck4congress,50036176,Chuck Fleischmann,Republican,2058,2512,728,2802,2009-06-23 17:16:39+00:00,116.0,official,0.13131313131313133,83.43434343434343,3.9012345679012346,2.5308641975308643,0.14814814814814814,0.06251674397527145,0.03415503636462268,0.05143768059398646,0.03370027273234321,0.07076775774924676,0.03661082698218643,71.25163265306122,29.26167638483965,0.6560592808551993,0.04840087463556851,0.1956418853255588,0.7559572400388727,0.33828396501457725,,,,,
MittRomney,50055701,Mitt Romney,Republican,1695,2053082,296,2150,2009-06-23 18:24:04+00:00,116.0,official,0.0,95.82608695652173,4.037037037037037,2.925925925925926,0.037037037037037035,0.07403131438612996,0.04097839789168931,0.07331111060900364,0.053805890773452054,0.08187619258706495,0.021315617930845382,76.61789970501475,31.350873156342185,0.7314395280235988,0.0630778761061947,0.17265014749262536,0.7642719764011799,0.27183362831858404,0.6820237743570639,0.07426313755118576,3.0,UT,0.439
RepMcClintock,50152441,Tom McClintock,Republican,876,27065,5,1219,2009-06-24 00:21:07+00:00,118.0,official,0.05454545454545454,77.27272727272727,3.3684210526315788,2.263157894736842,0.23684210526315788,-0.08204431389528376,-0.06338442255280051,-0.10991132073126277,-0.05788567424957018,-0.07115783877618041,-0.0612820309701111,86.51510273972602,21.49195205479452,0.5300456621004566,0.07273630136986302,0.09241552511415525,0.8348367579908675,0.03303926940639269,,,,CA,
RepJohnLarson,50452197,Rep. John Larson,Democrat,5863,28686,927,7751,2009-06-24 21:47:31+00:00,118.0,official,0.0,93.73001776198934,4.073584905660377,2.9264150943396228,0.005660377358490566,-0.003909599281568779,0.01492434857232457,-0.011566640131539857,0.013143165201235128,-0.01448670268581391,0.011094245739716797,81.42954630735119,28.781233157086813,0.6089902780146682,0.061022514071294554,0.15770117687190857,0.7812740917618965,0.28737557564386834,,,,CT,
electadamsmith,50789200,Adam Smith,Democrat,622,1254,148,867,2009-06-25 22:18:05+00:00,116.0,official,0.0,92.43167701863354,3.8943661971830985,2.7535211267605635,0.014084507042253521,0.04295544697202479,0.03048910250560526,,,0.04762843155172303,0.03221376083509193,79.07593247588424,26.544951768488744,0.9921704180064309,0.06536012861736334,0.180040192926045,0.7546093247588425,0.32440675241157557,0.23342508627653258,0.0745276667265439,9.0,WA,
daveloebsack,510516465,Archive: Dave Loebsack (Retired US Rep),Democrat,1289,9456,569,1517,2012-03-01 16:52:06+00:00,116.0,official,0.0,90.92350746268657,4.59433962264151,2.981132075471698,0.0,-0.04302538084675543,-0.04040561632093533,-0.06989708494074247,-0.07354768836769114,0.005937587268771224,0.01579105761301225,85.8055779674166,23.418712179984485,0.5693716058960434,0.043588052754072924,0.20286268425135764,0.7535477114041893,0.40901629169899145,0.41313242420367147,0.03687642875377695,8.0,IA,
RepMikeTurner,51228911,US Rep. Mike Turner,Republican,3333,41016,1346,4750,2009-06-26 21:15:07+00:00,118.0,official,0.011235955056179775,87.15730337078652,3.7253886010362693,2.505181347150259,0.17098445595854922,-0.040969806498527266,-0.01610700239207092,-0.13506902689445893,-0.10172926864697725,-0.003388091595193278,0.015492379324517988,85.46590459045905,28.70815181518152,0.48333033303330336,0.057524452445244526,0.12785058505850586,0.8146180618061806,0.18588199819982,,,,OH,0.417
PascrellforNJ,515736574,"Bill Pascrell, Jr.",Democrat,2164,14083,220,2293,2012-03-05 18:35:52+00:00,116.0,official,0.001589825119236884,96.28219395866455,3.9887640449438204,2.8689138576779025,0.009363295880149813,0.05397716647463316,0.03843088483406574,0.009578672105005471,-0.04118653661948655,0.0580786548439607,0.04438559466474153,73.43758780036968,23.342463031423293,1.0002264325323473,0.08929297597042514,0.1276742144177449,0.7830475970425139,0.11401506469500924,0.3296579714119824,0.05985640467579089,9.0,NJ,0.455
SenatorTester,515822213,Senator Jon Tester,Democrat,6196,163079,990,7897,2012-03-05 20:13:29+00:00,117.0,official,0.0010515247108307045,91.74079915878023,4.529458598726115,2.982484076433121,0.0015923566878980893,0.01121419165786044,0.017781883960847247,-0.03763952609128144,0.0070128107357933425,0.014081223963512192,0.014736292857788125,78.69126371852808,29.743568431245965,0.43180923176242736,0.04551856036152357,0.14417123950936087,0.8103008392511297,0.338232214331827,,,,,0.667
BettyMcCollum04,516880804,Rep. Betty McCollum,Democrat,11186,44545,1344,13434,2012-03-06 20:52:11+00:00,118.0,official,0.0027569909413154787,96.09807010634108,4.065040650406504,2.96260162601626,0.0016260162601626016,-0.019031881547106045,0.0009836856032838857,-0.10455512406893343,-0.06748169623810422,-0.0171575747447614,0.005953622939374459,85.07382531736098,23.866568925442518,0.7002020382621134,0.06795539066690506,0.15926086179152513,0.7727888431968531,0.2747994457357411,,,,MN,
RepBradWenstrup,518644221,Rep. Brad Wenstrup,Republican,5474,32844,1036,7399,2012-03-08 16:25:14+00:00,118.0,official,0.009983361064891847,90.53993344425957,4.003853564547206,2.7167630057803467,0.055876685934489405,-0.015193133585067046,0.006285594224752623,-0.019327400648371868,-0.0023227783101503626,0.03064971208523811,0.047868541565736444,83.29250274022652,29.401141761052248,0.5241450493240775,0.0400383631713555,0.1665546218487395,0.7934117647058825,0.3171969674826452,,,,OH,
JackieSpeier,521731529,Jackie Speier,Democrat,1127,8861,352,1350,2012-03-11 22:20:51+00:00,116.0,official,0.001890359168241966,94.2523629489603,3.821501014198783,2.764705882352941,0.004056795131845842,0.08567377854639106,0.04337884643967981,-0.011516514666646122,-0.036086047225308865,0.09571461690634532,0.047664597450321394,63.77242236024845,29.505155279503104,0.7559183673469387,0.09216237799467614,0.12926619343389528,0.7785811889973381,0.05527435669920142,,,,,0.75
ossoff,521747968,Jon Ossoff,Democrat,5701,1213264,1639,9594,2012-03-11 22:46:55+00:00,117.0,official,0.004618937644341801,95.0323325635104,4.040094339622642,2.856132075471698,0.02122641509433962,0.0025906928784543847,-0.002862276935223848,0.006932359125967491,-0.0010112112138700906,-0.0026775741271120187,-0.009757681847878018,71.49621912491179,29.134885321100917,0.5672776993648553,0.059605683213471324,0.132620242062796,0.8077710927907384,0.13216039291352394,,,,GA,0.625
DrPhilRoe,52503751,Dr. Phil Roe,Republican,2697,19642,293,3740,2009-06-30 20:07:34+00:00,116.0,official,0.021551724137931036,85.57543103448276,4.142857142857143,2.658385093167702,0.08695652173913043,-0.011691825421279988,-0.0028316406894973185,-0.050080549362839,-0.03130598739758578,0.042232513066256576,0.03802600152974967,79.54862810530219,33.88819058212829,0.4626622172784575,0.03862662217278458,0.16728290693362996,0.7940952910641454,0.30639855394883203,0.9028122516742131,0.03930278182657704,8.0,TN,
wildforcongress,533324996,Susan Wild,Democrat,1977,11514,1588,2819,2012-03-22 17:32:50+00:00,116.0,official,0.08139534883720931,90.94767441860465,4.285714285714286,2.8333333333333335,0.0,0.03917770236560821,0.010207928540658266,-0.023424182592178197,-0.04737097750367501,0.03548130641068445,0.0072638660427324035,66.87238239757208,32.04302478502782,0.4333080424886191,0.04275113808801214,0.14964592817400102,0.8075988872028326,0.3229790085988872,0.3134320305049063,0.07335343560301938,4.0,PA,
SaxbyChambliss,538185166,Saxby Chambliss,Republican,710,9376,196,860,2012-03-27 14:03:27+00:00,114.0,official,0.0,88.88235294117646,4.206896551724138,2.8275862068965516,0.017241379310344827,-0.023036076115278727,-0.019788273543138783,-0.028155141486599738,-0.027935607031241923,0.09054578988937424,0.022939427305642246,80.45222535211268,29.634211267605636,0.4841971830985915,0.05957746478873239,0.14727605633802818,0.7931323943661972,0.19295661971830985,0.8766670347402648,0.05240352005533308,2.0,GA,0.5539999999999999
BrendaLLawrence,54300515,Brenda Lawrence,Democrat,2593,7929,872,4840,2009-07-06 19:10:55+00:00,116.0,official,0.014218009478672985,94.8388625592417,4.006172839506172,2.925925925925926,0.0,-0.06604233761904134,-0.08815943081698066,-0.037316100730132216,-0.07280699574685415,0.002626107623882921,-0.02655236467937291,77.79539529502506,30.382826841496335,0.5663594292325491,0.03137099884303895,0.2087165445430004,0.7599112996529117,0.4053209024296182,0.21054206765602804,0.046164871484309304,7.0,MI,
DevinNunes,54412900,Devin Nunes,Republican,1779,1252467,707,3070,2009-07-07 02:04:34+00:00,116.0,official,0.26285714285714284,71.87428571428572,2.67877094972067,1.9664804469273742,0.35195530726256985,-0.07683766257562281,-0.07581984669394788,-0.08571684652789535,-0.08931036983155873,-0.059277514985429006,-0.06185694134998567,81.54490163012929,24.581748173130972,0.47733558178752106,0.06022596964586846,0.11361663856098932,0.8261545812254075,0.08252062956717257,0.6217490701003794,0.09916648146881801,8.0,CA,0.333
jamie_raskin,549579841,Jamie Raskin,Democrat,1700,139563,2663,2881,2012-04-09 21:56:43+00:00,116.0,official,0.029411764705882353,94.1470588235294,3.883720930232558,2.8372093023255816,0.023255813953488372,-0.02608130728551741,-0.05114183927783356,-0.0036511156218148526,-0.03241003635426431,-0.010851809647043843,-0.04746572020391864,84.72194117647058,25.780970588235295,0.6002588235294117,0.05205823529411764,0.18808529411764707,0.7598605882352941,0.3529571764705882,0.1202333366378789,0.028450855534911383,5.0,MD,
VoteYvette,550131748,Yvette D. Clarke for Congress,Democrat,1260,2825,343,1844,2012-04-10 13:55:58+00:00,116.0,official,0.010101010101010102,90.31313131313131,3.8068181818181817,2.6704545454545454,0.03409090909090909,0.0016691314401170991,-0.012961503557154027,-0.024150276670807335,-0.02167437746872971,0.015637313668885554,-3.500848813158239e-05,74.82967460317461,28.9205,0.5074126984126984,0.04285,0.15303492063492063,0.8041230158730159,0.282766746031746,,,,,
RepHalRogers,550401754,Hal Rogers,Republican,1682,22639,773,4052,2012-04-10 19:59:22+00:00,118.0,official,0.0,92.49065420560747,4.064935064935065,2.7532467532467533,0.09090909090909091,-0.13861572019462284,-0.1000152209631804,-0.13334150281050305,-0.09480645215092967,-0.06608033472103471,-0.044833457748354295,90.94227110582639,21.05707491082045,0.4426516052318668,0.042903686087990486,0.16863258026159333,0.7884655172413794,0.3016908442330559,0.5824320422521196,0.07439426249995947,9.0,KY,
NelsonForSenate,555355209,Bill Nelson,Democrat,817,11613,450,898,2012-04-16 17:10:06+00:00,115.0,campaign,0.02158273381294964,97.25539568345324,4.155038759689923,2.9767441860465116,0.0,-0.036056365244025904,-0.04638438554406709,,,0.04267839003284431,0.017070726526609688,74.50764993880048,21.533818849449204,0.5244675642594859,0.06014320685434517,0.1204075887392901,0.819438188494492,0.16936132190942474,0.4308569922641565,0.09910315376724829,6.0,FL,
SenThadCochran,555474658,Senator Thad Cochran,Republican,1854,66406,549,2075,2012-04-16 22:33:23+00:00,114.0,official,0.0,90.44026548672566,4.025773195876289,2.752577319587629,0.08247422680412371,-0.09602278342864709,-0.05331092417235912,-0.027996551840885,0.003984036294132134,,,87.96932038834952,13.695755124056095,0.51542071197411,0.04480366774541532,0.17978478964401295,0.775406148867314,0.32350533980582524,0.7510650442493003,0.025296398724014107,5.0,MS,
JohnBoozman,5558312,Senator John Boozman,Republican,7242,107770,803,9646,2007-04-27 16:05:52+00:00,117.0,official,0.0017513134851138354,93.09515469935785,4.096816976127321,2.8660477453580904,0.026525198938992044,-0.014250311851377841,-0.0010484599803974948,0.0011609174823347067,0.02720588870703038,-0.00797593665455528,0.002012491700873445,81.7023902236951,23.63544462855565,0.5071610052471693,0.03813407898370615,0.19039201877934273,0.7714729356531345,0.4743034382767191,,,,,
BillCassidy,55677432,"Bill Cassidy, M.D.",Republican,5893,46901,1269,7454,2009-07-10 22:02:55+00:00,117.0,official,0.036440084092501754,88.03065872459706,3.7247596153846154,2.6069711538461537,0.07451923076923077,0.024827508801706723,0.026160496290015742,0.010522487088924243,0.01041041087690267,0.059515984190793236,0.0519576186038163,77.43879518072289,28.58477855082301,0.341870015272357,0.0518593246224334,0.15717800780587138,0.7909592737145765,0.2684718649244867,0.7842682585825996,0.05231988028255508,9.0,LA,0.05
RepBonamici,558769636,Suzanne Bonamici,Democrat,8297,35262,1306,11944,2012-04-20 16:30:32+00:00,118.0,official,0.0,96.3058748403576,4.063623789764868,2.9377593360995853,0.0,0.029990599773526024,0.05792475774200841,-0.06108770452225269,-0.02120614301772647,0.03720598622506154,0.06588312679173926,78.36387007352056,27.836959141858504,0.5945389899963843,0.06806243220441124,0.1586665059660118,0.7732664818609136,0.27555528504278654,,,,OR,0.414
RepDean,567508925,Congresswoman Madeleine Dean,Democrat,3527,72531,1348,5498,2012-04-30 20:07:23+00:00,118.0,official,0.01639344262295082,94.24180327868852,3.980769230769231,2.8333333333333335,0.0,-0.004312810713690106,-0.008550555863651334,-0.06643356499605939,-0.04464814696387441,0.02712865360346654,0.007984882151031074,77.75790473490218,24.883612134958888,0.6167451091579245,0.05451403459030337,0.1574873830450808,0.7879900765523108,0.2808236178055004,0.2060043949581788,0.06290789581894471,3.0,PA,
RepMikeQuigley,56864092,Mike Quigley,Democrat,14896,51771,1740,17613,2009-07-15 00:10:43+00:00,118.0,official,0.0,94.81296572280179,4.065705128205129,2.901175213675214,0.002670940170940171,0.008489222861364597,0.017665439930648452,-0.01827935071874934,-0.012276177301041358,0.03310921749737579,0.03319353196499057,80.25917427497315,30.55885539742213,0.5882679914070892,0.05964091031149302,0.15872905477980664,0.7816280880773362,0.27265239661654134,,,,IL,
bradyfortexas,570005456,Kevin Brady for Congress,Republican,1979,2833,1193,2175,2012-05-03 14:14:11+00:00,116.0,official,0.028785982478097622,83.72903629536921,3.3470254957507084,2.3470254957507084,0.15722379603399433,0.040030921574997526,0.016902943213914466,-0.0479677259996751,-0.06174921010445337,0.04106607561193848,0.005763024638734548,77.93837796867103,24.634936836786256,0.6265386558868116,0.07486255684689237,0.16930166750884285,0.7558266801414856,0.2742966144517433,0.6572824552624925,0.08983025641246387,9.0,TX,
McCaskillOffice,57065141,Archive: Senator McCaskill Office,Democrat,4815,13665,1472,6435,2009-07-15 16:40:06+00:00,115.0,staff,0.0,91.86764705882354,4.144186046511628,2.925581395348837,0.0,-0.015311986366997373,0.00599412998617876,-0.02182915086156001,0.009033107526178228,,,81.82990654205608,24.371484942886813,0.4025005192107996,0.05441308411214954,0.10719480789200415,0.8383892004153687,0.1385617445482866,0.4268419133360944,0.0638942940870088,6.0,MO,0.447
Grace4NY,571214272,Grace Meng,Democrat,10327,49920,3966,13018,2012-05-04 22:35:04+00:00,116.0,official,0.006187389510901591,94.12131703005304,3.85437541750167,2.77688710754843,0.008016032064128256,0.04493948440257158,0.0159453791934383,-0.09500880133827769,-0.1122971045016125,0.038412081825872635,0.009137283379551947,66.75533455989154,26.780574222910815,0.47018592040282753,0.0570273070591653,0.1930169458700494,0.749956909073303,0.31074680933475357,,,,,
Higgins4WNY,57334424,Higgins for Congress,Democrat,702,1345,861,846,2009-07-16 13:31:18+00:00,116.0,official,0.0,92.1195652173913,3.9,2.9,0.0,-0.06391642426987024,-0.06938688782715759,-0.08696546268303995,-0.09226823483032917,-0.020578797494403018,-0.023630755613561476,86.43162393162393,34.6905698005698,0.4598433048433048,0.0256025641025641,0.19154558404558406,0.7828646723646724,0.43912293447293443,0.2971391233557555,0.047031486274930305,9.0,NY,
ChrisPappasNH,574799823,Chris Pappas,Democrat,3160,19185,526,4066,2012-05-08 19:11:57+00:00,116.0,official,0.0,96.92244224422443,4.067729083665339,2.6613545816733066,0.0,0.015329558874488582,-0.010342533430347788,-0.014146974578006809,-0.03195197011424514,0.03957217181695898,0.00790020634840793,81.76016772151898,28.9281582278481,0.46120569620253166,0.04158037974683544,0.19527246835443038,0.7631465189873418,0.465615664556962,0.349793573428709,0.042434742512890165,3.0,NH,
RepMarcyKaptur,581141508,Marcy Kaptur,Democrat,4369,27858,1055,5661,2012-05-15 16:57:51+00:00,118.0,official,0.0009433962264150943,95.55165094339623,4.050813008130081,2.9146341463414633,0.003048780487804878,-0.007303946050134763,0.0039053290906924704,-0.054445393917245344,-0.028701911247225615,0.011540794681791543,0.011647888946403154,82.28219043259327,22.417411306935225,0.6030510414282445,0.05667864499885557,0.1638461890592813,0.77947562371252,0.2817411993591211,,,,OH,0.643
JoyceBeatty,582070020,Joyce Beatty,Democrat,1254,9342,360,2902,2012-05-16 16:52:29+00:00,116.0,official,0.0,93.49300699300699,3.9846153846153847,2.830769230769231,0.0,0.0059679470793684904,0.0023104198332308994,-0.022674034637062405,-0.033363482755329674,0.028415566376518025,0.034613637682823,77.19159489633174,28.10074960127592,0.49280701754385964,0.04184848484848485,0.1761108452950558,0.7820382775119618,0.2982330940988836,,,,,0.5
DaveForIowa,583486767,Dave Loebsack for Iowa,Democrat,992,3678,416,1291,2012-05-18 03:02:27+00:00,116.0,official,0.0,91.63586956521739,4.425925925925926,2.9074074074074074,0.003703703703703704,0.03576828207412934,-0.00878365558644131,0.034163917531894746,-0.002441003292892185,0.08138391666489184,0.023426366199430056,69.21199596774194,25.935574596774195,0.5365221774193548,0.061447580645161294,0.1607368951612903,0.7778225806451613,0.24020796370967742,0.41313242420367147,0.03687642875377695,8.0,IA,
RepDLamborn,584012853,Rep. Doug Lamborn,Republican,5335,34766,1307,6986,2012-05-18 16:01:17+00:00,118.0,official,0.03253182461103253,87.63437057991513,3.642949547218629,2.592496765847348,0.11254851228978008,-0.003355017420656078,0.00789307893664601,-0.02604037639596551,-0.006329411172801492,0.026126709840601833,0.015372536499592804,82.6078313027179,22.97330084348641,0.6675970009372072,0.05930796626054358,0.15777207122774134,0.7829240862230552,0.23356397375820054,,,,CO,
LacyClayMO1,584912320,Lacy Clay MO1st,Democrat,8333,10985,3707,27521,2012-05-19 16:41:06+00:00,116.0,official,0.004428044280442804,92.52509225092251,4.035772357723578,2.9008130081300814,0.01056910569105691,-0.05391932932512763,-0.07115123455899228,-0.01863542548192242,-0.035839363478487485,-0.07333599603835814,-0.08311099751754593,79.97192007680307,15.616215048601944,1.2248733949357973,0.07331825273010921,0.12749585983439338,0.7991894875795031,0.11731651266050643,0.282968927601934,0.04144374442208762,8.0,MO,
mattgaetz,58579942,Matt Gaetz,Republican,10214,2005634,3437,19994,2009-07-20 20:24:48+00:00,116.0,official,0.16342857142857142,80.29314285714285,2.9330265848670756,2.1165644171779143,0.34662576687116564,0.04560395663191938,0.004758187703200976,0.018695117495631682,-0.011244750180704142,0.0603387333127358,0.010291173614522529,71.0796896416683,23.301570393577443,0.5537174466418641,0.05947444683767378,0.15774035637360487,0.7827853925983943,0.1694059428235755,0.8212319791540267,0.09711734362541048,5.0,FL,0.3
standwithbarry,586191770,Barry Loudermilk,Republican,1562,3546,1809,2119,2012-05-21 02:56:05+00:00,116.0,official,0.09561752988047809,79.36454183266932,3.074235807860262,2.1921397379912664,0.20087336244541484,0.009615246483463012,-0.018061833411031968,0.02469695734102344,0.002561586788358584,0.04716039441873053,0.0033067959642368414,77.03833546734955,23.077944942381563,0.5481177976952625,0.04434635083226633,0.1806843790012804,0.7749763124199743,0.2977956466069142,0.7489223302904684,0.09499451251104708,7.0,GA,
PatRoberts,586730005,Pat Roberts,Republican,1308,4198,720,1460,2012-05-21 17:43:08+00:00,116.0,official,0.1346153846153846,80.64423076923077,3.0925925925925926,2.2777777777777777,0.2962962962962963,0.03001009851313376,-0.005042791067730729,-0.01766618313760466,-0.031764803439586195,0.10121524101629321,0.06444408764333585,78.015749235474,19.386735474006116,0.47009174311926605,0.049190366972477056,0.12485932721712538,0.8259525993883792,0.1903783639143731,0.914227843216342,0.0579669857149021,8.0,KS,0.417
garretgraves,587100576,Garret Graves,Republican,1131,5092,1172,1485,2012-05-22 00:57:19+00:00,116.0,official,0.006944444444444444,88.34548611111111,3.975,2.875,0.05,-0.0339785719559754,-0.025417482224838125,-0.04250959875078521,-0.00410039751361925,-0.07344219817729906,-0.032744979328951346,81.32313881520778,31.271052166224578,0.37595048629531386,0.03521927497789567,0.17946772767462424,0.7853085764809903,0.3177128205128205,0.6160778702020666,0.03869055558898172,7.0,LA,
AyotteNH,58883032,Kelly Ayotte,Republican,7,2068,201,299,2009-07-21 18:56:30+00:00,114.0,campaign,,,,,,-0.22070715225871615,-0.20231564713994582,-0.22070715225871615,-0.20231564713994582,,,91.52285714285713,28.104285714285716,0.0,0.0,0.20157142857142857,0.7984285714285715,0.40054285714285714,0.7048043605451567,0.03236454203492967,4.0,NH,
RepAdamSmith,58928690,Rep. Adam Smith,Democrat,6796,43028,2015,8599,2009-07-21 21:31:55+00:00,118.0,official,0.0,94.60431654676259,4.002570694087404,2.861182519280206,0.002570694087403599,0.004692838797950342,0.03272439787587029,-0.04699347315312729,-0.020042881091487653,0.0037298983083420977,0.03545778602580991,83.64015744555621,28.524086227192466,0.7400927015891701,0.06339287816362565,0.14911904061212478,0.7874911712772219,0.276797969393761,0.23342508627653258,0.0745276667265439,9.0,WA,
stevestivers,59536644,Steve Stivers,Republican,883,4639,680,1122,2009-07-23 17:53:37+00:00,116.0,official,0.01282051282051282,94.52564102564102,3.912280701754386,2.8771929824561404,0.03508771929824561,-0.010512284401448272,-0.04439683054007925,-0.047401095586191606,-0.08212185005686218,-0.02731210738859104,-0.06218013976347345,79.09026047565119,33.901879954699886,0.31733861834654586,0.024725934314835784,0.22144167610419024,0.753836919592299,0.44560430351075875,0.7912927089528978,0.05118308392201573,8.0,OH,
ToddYoungIN,59969802,Todd Young,Republican,6619,13181,1271,7978,2009-07-25 03:36:56+00:00,116.0,official,0.027210884353741496,87.4328231292517,3.6679841897233203,2.5207509881422925,0.12648221343873517,0.028823022531274334,0.026722237290561026,0.009096768407215518,0.022322918605011476,0.01390230409437949,-0.005176112110605148,83.14235231908143,25.97672458075238,0.337744372261671,0.053655839250642094,0.12809910862668078,0.8182476204864783,0.1867735458528479,0.7406940749165197,0.04079253615084483,9.0,IN,
MikeCrapo,600463589,Senator Mike Crapo,Republican,7310,129038,772,9760,2012-06-05 22:16:35+00:00,117.0,official,0.0,91.82352941176471,4.258575197889182,2.8812664907651717,0.0158311345646438,-0.027760056880626587,0.0047035736696669555,-0.026694106592107067,-0.006414150812823056,-0.008135256302719279,0.03568334580865143,85.50415047879616,26.915172366621068,0.3748727770177839,0.04127619699042408,0.142412585499316,0.8163084815321477,0.253702462380301,,,,,
CoopForCongress,600470774,Jim Cooper,Democrat,538,2094,1017,2767,2012-06-05 22:29:03+00:00,116.0,official,0.0,92.67857142857143,4.440677966101695,2.9152542372881354,0.0,0.0029509579461789535,-0.00815274192223719,0.06306741693782922,0.037041859694599166,0.02894631621182113,0.0202919776922952,77.69239776951673,32.48684014869889,0.36689591078066913,0.03313568773234201,0.1563457249070632,0.8105167286245353,0.28982118959107805,,,,,
SusieLeeNV,602919981,Susie Lee,Democrat,2988,11041,1059,3878,2012-06-08 15:21:57+00:00,116.0,official,0.04456824512534819,93.50557103064067,4.08359133126935,2.9009287925696596,0.0030959752321981426,0.05010518324669625,0.025364752079545524,-0.06725912329852744,-0.10784385434337491,0.06360744817805684,0.03821905571885514,71.35370147255689,29.650217536813923,0.5466733601070951,0.04556191432396252,0.1994805890227577,0.7549561579651942,0.4022525100401606,0.3695277303485672,0.046157429549328666,3.0,NV,
Troy_Balderson,603083228,Troy Balderson,Republican,1526,7864,701,2147,2012-06-08 21:37:56+00:00,116.0,official,0.0,94.64393939393939,4.085714285714285,2.914285714285714,0.0,-0.06938400265060983,-0.07758867707150877,-0.14619006548592095,-0.13663549685137052,0.007937577005046654,-0.013103026514529664,85.65931192660551,28.7494626474443,0.5066775884665793,0.02187942332896461,0.24172542595019658,0.7363918741808649,0.5617049148099607,0.6470609924243536,0.13556305255284137,4.0,OH,0.5
RossSpano,605615715,Ross Spano,Republican,635,4916,1058,859,2012-06-11 16:04:50+00:00,116.0,official,0.0,93.53125,4.083333333333333,2.9166666666666665,0.0,-0.05274349885579694,-0.06384671554529055,-0.02386418466978702,-0.011569967446768565,0.07391592570397869,0.03363994784855155,74.44469291338582,32.292267716535434,0.43058267716535437,0.029738582677165355,0.21740944881889765,0.7528503937007874,0.4051774803149606,0.7969063846679223,0.03909499360174098,2.0,FL,
SenatorTomUdall,60828944,Archive: Senator Tom Udall,Democrat,7090,164568,341,8172,2009-07-28 06:10:29+00:00,116.0,official,0.0011560693641618498,95.38092485549133,4.072049689440994,2.9080745341614906,0.0,0.02179393884851455,0.028692044526577944,-0.024523965849199178,-0.00758621698790373,0.04960245945690455,0.04106178020380153,79.89360648801129,24.747121297602256,0.6296459802538786,0.07243102961918194,0.14559407616361073,0.7819741889985896,0.20015231311706627,0.2802745624101465,0.05912927210231328,8.0,NM,
foxxforcongress,61608485,Virginia Foxx,Republican,610,2537,256,1014,2009-07-30 21:47:03+00:00,116.0,official,0.028846153846153848,86.65384615384616,3.831168831168831,2.5714285714285716,0.1038961038961039,-0.034048483336713134,-0.061384275254759986,-0.11915839902043208,-0.10789441900659903,0.004376082252251897,-0.0526574846078155,82.29103278688524,25.56737704918033,0.388,0.0443672131147541,0.1738950819672131,0.7817360655737705,0.32027934426229504,,,,,0.55
katieporteroc,617266600,Katie Porter,Democrat,3063,652817,396,3981,2012-06-24 16:29:31+00:00,116.0,official,0.006578947368421052,95.00575657894737,3.9488926746166952,2.8330494037478706,0.0068143100511073255,0.056727906812420056,0.02476466202481898,,,0.062439760992661096,0.03335188917802771,65.64939601697682,28.801674828599413,0.6072771792360431,0.06435618674502122,0.1561054521710741,0.7795295461965394,0.2747072151485472,0.2076150832177426,0.05688054421858117,3.0,CA,
RalphNorman,61886317,Ralph Norman,Republican,219,3942,211,266,2009-07-31 22:02:39+00:00,116.0,official,0.0,90.75,4.0,2.5714285714285716,0.0,0.059331122728405725,0.007001165070007063,,,0.03586239878137315,-0.01974745157090188,66.23397260273973,31.161963470319638,0.9025114155251142,0.04441552511415525,0.16945205479452055,0.7861095890410958,0.3201009132420092,0.9406650653073305,0.08583561853856474,5.0,SC,
RajaForCongress,62649021,Raja Krishnamoorthi,Democrat,2049,3853,881,2589,2009-08-03 23:08:33+00:00,117.0,official,0.002506265664160401,91.72556390977444,3.8810198300283285,2.7790368271954673,0.014164305949008499,0.04481494499792603,0.015116223076142299,0.058972807519137735,0.010549018011530794,0.08591793520122112,0.06317157335242951,78.74258174719375,30.108272327964862,0.5016739873108834,0.0405070766227428,0.19812737920937043,0.7613709126403123,0.36913128355295266,0.31373047388457287,0.05954618262260946,5.0,IL,
TomReedCongress,63073834,Tom Reed,Republican,1768,3956,482,2229,2009-08-05 08:26:03+00:00,116.0,official,0.0,89.29513888888889,3.9622641509433962,2.811320754716981,0.018867924528301886,0.031709149779171934,0.02364841608309209,-0.06889413658354133,-0.061953821457016514,0.05182106410215305,0.034218914680241304,75.51074660633485,29.674847285067873,0.46213235294117644,0.05136199095022625,0.16589027149321267,0.7827432126696833,0.27386080316742084,0.6350531041617357,0.06626129050873615,8.0,NY,
VoteMarsha,63150856,Marsha Blackburn,Republican,7637,57791,2504,9963,2009-08-05 14:44:11+00:00,116.0,official,0.15867158671586715,78.42988929889299,3.215404699738903,2.2238903394255876,0.20757180156657964,0.03954400613071103,0.000765369265620118,-0.03727635371366155,-0.0747196095674992,0.06103580197590911,0.01716366369424282,76.1301833420639,24.491961760083814,0.5614942378208486,0.044095718213958364,0.19602029592772033,0.7598832002095064,0.3674908733795993,,,,,0.325
repdarrellissa,63650107,Rep. Darrell Issa,Republican,1347,109463,205,1529,2009-08-07 05:39:34+00:00,118.0,official,0.043795620437956206,83.40328467153284,3.48,2.412,0.136,0.07914562242610036,0.05830351692349661,,,0.07955409670491194,0.058158318251773006,68.98090571640682,29.655983667409057,0.7080178173719377,0.09400890868596881,0.11123979213066074,0.7947654046028211,0.03697149220489977,0.6246052641827411,0.04340191228834474,7.0,CA,0.0
TedDeutch,65541270,Ted Deutch,Democrat,2,11377,732,3,2009-08-14 02:40:19+00:00,116.0,official,,,,,,0.13395961498536352,0.1143319928116617,,,,,83.16,14.78,0.0,0.069,0.0,0.931,-0.17,0.2992615341020292,0.017592272040138253,8.0,FL,0.625
SeanCasten,66804351,Sean Casten,Democrat,15310,47898,558,20004,2009-08-18 21:17:08+00:00,116.0,official,0.0035335689045936395,94.51251472320376,3.961147638971907,2.8260609683203826,0.010759115361625823,0.08196817748307411,0.05710687645565053,0.049268912000708785,0.05785382060019284,0.10030616109579543,0.06282352698261114,62.22288569562377,31.580060091443503,0.47466035271064666,0.06902462442847812,0.1251301763553233,0.8058428478118876,0.1335935205747877,0.21525057982214024,0.06538515803173221,3.0,IL,0.417
DrewFergusonGA,694984534249594882,Drew Ferguson,Republican,353,972,397,385,2016-02-03 20:43:20+00:00,117.0,official,0.0,86.74712643678161,3.6266666666666665,2.52,0.06666666666666667,0.07731129246983665,0.02810029532245564,,,0.07953668218698927,0.02258745511342044,71.01949008498583,24.573229461756377,0.8928328611898018,0.06788101983002832,0.18011898016997166,0.752,0.3084784702549575,0.6977946194707837,0.10222898469790724,5.0,GA,
andybiggs4az,702601370344402944,Andy Biggs,Republican,1466,19788,1042,2338,2016-02-24 21:09:55+00:00,116.0,official,0.03164556962025317,81.12974683544304,3.251700680272109,2.251700680272109,0.14285714285714285,0.01799942224850374,-0.006009712570670763,,,0.04317570228431605,0.018822595551222697,80.97648703956344,24.011275579809002,0.5428308321964529,0.04104843110504775,0.18179467939972715,0.7771575716234653,0.35855347885402455,0.7991475868686619,0.05223857221873046,5.0,AZ,
RobBishopUT,712783082336571392,Bishop for Congress,Republican,197,1113,397,370,2016-03-23 23:28:24+00:00,116.0,official,0.0,93.38,4.392857142857143,2.892857142857143,0.0,-0.11753524756380865,-0.11986335495711714,,,,,86.2618274111675,12.495482233502539,0.2584263959390863,0.03741116751269036,0.21069035532994923,0.7519137055837564,0.37989644670050765,0.731303874895666,0.08043822806332801,8.0,UT,
ReElectNydia,721127537674489856,Nydia M Velázquez,Democrat,5614,6058,324,7112,2016-04-16 00:06:17+00:00,116.0,official,0.004043126684636119,95.04497978436657,3.9217838765008577,2.837392795883362,0.005488850771869639,0.08411126786542122,0.06297083233779927,,,0.0853678633133375,0.0689923956983993,66.00448165301033,24.639091556822233,0.9576612041325258,0.09389668685429284,0.129284289276808,0.7768126113288207,0.09507324545778412,0.22052483835742073,0.09491481372271038,9.0,NY,
SenGillibrand,72198806,Kirsten Gillibrand,Democrat,18616,1548470,1072,21452,2009-09-07 03:53:24+00:00,117.0,official,0.004901960784313725,93.20728291316527,4.0300240192153725,2.8534827862289833,0.01321056845476381,0.04357113203675929,0.04042201061539272,-0.0063484863039416075,0.0034547727844832787,0.08103255418930286,0.041414491337512065,78.26084604641169,26.025421143102708,0.8272588096261281,0.07438160721959605,0.15617092823377737,0.7694438117748174,0.2172915610227761,,,,,0.578
RonEstesKS,722555010588872705,Ron Estes,Republican,686,2002,250,735,2016-04-19 22:38:33+00:00,116.0,official,0.1348314606741573,79.40730337078652,2.8493975903614457,2.0903614457831323,0.27710843373493976,0.036752825163255676,0.020172474012726788,,,0.050287764928573224,0.03126164003939289,76.94981049562682,30.67497084548105,0.47290087463556846,0.05706997084548105,0.1533206997084548,0.7896166180758017,0.24922361516034985,0.6609997196569827,0.07216001309302283,5.0,KS,
tomemmer,72431423,Tom Emmer,Republican,3061,13304,1617,4397,2009-09-08 00:54:53+00:00,116.0,official,0.034229828850855744,90.48533007334963,3.8205128205128207,2.6666666666666665,0.08653846153846154,0.0068749131186868805,-0.02405640340707747,-0.030603132303450017,-0.07055113986422432,0.029363426412695928,-0.0015286473711790993,82.55941522378308,28.073191767396274,0.3837242731133616,0.028574648807579223,0.23723979091800065,0.7341891538712839,0.5089951323097027,0.780718113487518,0.050211775601136065,7.0,MN,
JimInhofe,7270292,Sen. Jim Inhofe,Republican,4866,97411,342,5464,2007-07-05 14:39:13+00:00,116.0,official,0.005780346820809248,89.97591522157997,3.7975460122699385,2.668711656441718,0.05112474437627812,0.03474475878486359,0.03787593442023952,0.061758667041072315,0.049309646036753536,0.03505588489949637,0.03391063047041656,78.20295519934238,27.709693793670365,0.4605939169749281,0.05863008631319359,0.15184730785039047,0.7895199342375668,0.3096741265926839,,,,,
DaveJoyceOH14,727242919,Just Dave,Republican,2070,3494,748,2383,2012-07-31 01:11:19+00:00,116.0,official,0.006309148264984227,89.8769716088328,3.776061776061776,2.7451737451737452,0.05405405405405406,0.012742624397830757,-0.006467968646669895,-0.007819703739423133,-0.006630673888839702,0.032254237958667935,0.013716553719353949,80.21724154589373,31.1705845410628,0.5416038647342994,0.03543478260869565,0.21506763285024155,0.7494946859903382,0.4122699033816425,0.693127285090774,0.07593792735791563,9.0,OH,1.0
SenBobCorker,73303753,Senator Bob Corker,Republican,3800,358373,556,4300,2009-09-11 03:56:08+00:00,115.0,staff,0.0,89.95212765957447,3.9195402298850577,2.735632183908046,0.017241379310344827,-0.04097237532922583,-0.02935024577287253,-0.14404770486330148,-0.11453738744973144,0.1629923694016983,0.11528194281356746,88.17087631578949,21.58117105263158,0.37851052631578946,0.05319,0.11884868421052631,0.8279652631578948,0.1680264736842105,0.6723078663178165,0.03753690828698141,6.0,TN,0.75
alfranken,7334402,Al Franken,Democrat,3612,1185017,39550,4413,2007-07-08 21:48:38+00:00,114.0,campaign,0.0,95.14423076923077,3.92,2.83,0.01,0.003302594438108459,-0.018590784936876787,-0.013632513727046752,0.014309643435474207,-0.031543331365734346,-0.0915530349016238,77.53369878183831,24.995038759689923,0.3770653377630122,0.05460215946843854,0.13339756367663344,0.8119969545957918,0.2036439368770764,0.05007713845943738,0.03465363001890475,5.0,MN,
JRutherfordFL,733672650120253440,John Rutherford,Republican,286,2035,302,398,2016-05-20 14:56:05+00:00,117.0,official,0.0,95.0,3.5,2.5,0.0,-0.05040894990139779,-0.08836480657010021,,,-0.010471981634623973,-0.04672663844940069,70.91583916083916,22.295804195804198,0.2575874125874126,0.01593006993006993,0.3153951048951049,0.6686958041958042,0.532527972027972,0.7543099239877902,0.03674721092836025,5.0,FL,
DonnaShalala,737719829579345920,Donna E. Shalala,Democrat,1151,21937,386,1660,2016-05-31 18:58:08+00:00,116.0,official,0.0,95.8130081300813,4.0181818181818185,2.881818181818182,0.0,-0.007393306004941844,-0.029928068613681295,,,0.020883185198186948,-0.02394785399909757,75.97031277150305,27.017289313640315,1.0765160729800174,0.06291138140747177,0.17546655082536924,0.7616272806255431,0.2525381407471764,0.2580018359076726,0.013479468917648691,2.0,FL,
WarrenDavidson,742735530287304704,Warren Davidson,Republican,5846,51148,4086,7685,2016-06-14 15:08:44+00:00,118.0,official,0.04928806133625411,88.54709748083242,3.7898789878987897,2.66006600660066,0.0891089108910891,0.04810843088793659,0.04631249217811133,,,0.051686583795783,0.04837046036255733,74.09609647622305,20.96406260691071,0.5898888128634964,0.07356004105371193,0.14309510776599385,0.7833470749230244,0.15464652754019842,0.6529572630586425,0.06086133228999564,6.0,OH,
MarkWarner,7429102,Mark Warner,Democrat,9404,499548,22537,13402,2007-07-12 14:03:33+00:00,117.0,official,0.0009940357852882703,94.27311133200796,4.114382785956965,2.92638731596829,0.0011325028312570782,0.03737894940152177,0.04377759257172342,-0.02264875614042947,-0.0045900460984228085,0.058430841375736425,0.060359995449226655,78.99070608251807,26.34905253083794,0.5081763079540621,0.05988228413441089,0.1413086984262016,0.798807422373458,0.2292674606550404,,,,,0.614
McCaulforTexas,743601590,Team McCaul,Republican,3138,4028,2108,3609,2012-08-07 19:43:45+00:00,116.0,official,0.0437636761487965,83.19474835886214,3.4004914004914006,2.404176904176904,0.13022113022113022,-0.010205453739449522,-0.012062175741626725,-0.24869744469392285,-0.25109662073577277,0.01618061846680007,0.003971057415419344,80.7409528362014,24.782880815806248,0.3926258763543658,0.07906309751434035,0.13751688973868706,0.7834200127469726,0.1205821223709369,,,,,0.7120000000000001
BillPascrell,74508260,"Bill Pascrell, Jr. 🇺🇸🇺🇦",Democrat,12917,127051,369,14726,2009-09-15 17:54:32+00:00,118.0,official,0.0012763241863433313,95.62890874282067,3.9514754098360654,2.8367213114754097,0.002622950819672131,0.06377889048531322,0.028227910949177155,-0.0016386093624164192,0.0011683152258620774,0.08071941882916481,0.03404861875889017,76.53499535459895,22.540610870238467,0.8893070610096004,0.10763234497174266,0.10357250135480375,0.7887879538592552,-0.05192012851281257,0.3296579714119824,0.05985640467579089,9.0,NJ,0.455
voteloucorrea,746481056145018880,Lou Correa,Democrat,93,861,1,108,2016-06-24 23:12:07+00:00,116.0,official,0.0,93.33333333333333,4.666666666666667,3.0,0.0,-0.04699111312388521,-0.0728823148460054,,,-0.05014496173214032,-0.07455205431149506,78.58043010752688,18.912688172043012,0.37946236559139784,0.029107526881720427,0.17369892473118279,0.7972150537634409,0.44796344086021506,0.34742903484775195,0.0681644503685557,5.0,CA,
DebbieforFL,750046943905058816,Debbie Mucarsel-Powell,Democrat,5372,26930,871,8255,2016-07-04 19:21:41+00:00,116.0,official,0.005649717514124294,94.24293785310735,4.024590163934426,2.8442622950819674,0.00819672131147541,-0.013181310939553196,-0.043409479189053246,,,-0.021514746600641815,-0.05266321603299181,71.16533420219699,22.116819959039287,0.6526736175758704,0.07616716306775875,0.13629672375279225,0.7875312732688012,0.14079972077438568,0.2467334416738481,0.026728525067011556,2.0,FL,0.5
JackBergman_MI1,751799352755052544,Jack Bergman,Republican,377,2488,314,439,2016-07-09 15:25:08+00:00,117.0,official,0.05555555555555555,85.63888888888889,3.8461538461538463,2.6923076923076925,0.07692307692307693,-0.01749954177924522,-0.04186438211198373,,,0.023384416368549744,-0.008672180951796896,82.57793103448276,28.858806366047748,0.28973474801061005,0.037469496021220156,0.17599204244031832,0.7865198938992043,0.33194854111405836,0.6560907505003744,0.04913978989695724,5.0,MI,
SenPatRoberts,75364211,Senator Pat Roberts,Republican,4198,82367,915,7206,2009-09-18 19:34:56+00:00,116.0,official,0.011627906976744186,92.27470930232558,3.9015748031496065,2.779527559055118,0.07480314960629922,-0.04666228323449356,-0.03232546057528219,-0.03453995479459954,-0.023608388933264064,-0.01770698174859241,-0.004499537778054842,86.14542877560743,22.841264888041927,0.5048308718437351,0.04479799904716532,0.18067151024297284,0.774522153406384,0.3411300381133874,0.914227843216342,0.0579669857149021,8.0,KS,0.417
KathyCastorFL,756123897783808000,Kathy Castor,Democrat,1650,3576,1263,3710,2016-07-21 13:49:20+00:00,116.0,official,0.007434944237918215,95.96282527881041,4.154471544715447,2.951219512195122,0.0,0.014721408712896959,0.0032089450533115287,,,0.02742863719698874,0.0159977791225834,78.83938787878789,22.408872727272726,0.6480363636363636,0.060798181818181814,0.1523630303030303,0.7868284848484849,0.2988378181818182,,,,,0.75
claudiatenney,756285384,Claudia Tenney,Republican,9102,91684,13138,21233,2012-08-14 02:26:00+00:00,117.0,official,0.05181347150259067,83.23229706390327,3.6638655462184873,2.592436974789916,0.09663865546218488,0.04057924381117467,0.0066827930921557355,,,0.045467427173928834,0.009979971698789704,67.99347066578774,23.406940232915844,0.893649747308284,0.08392155570204352,0.17255724016699625,0.7435225225225226,0.14322897165458143,0.744931657753252,0.038899070119880017,3.0,NY,0.217
GoDutchForMD,757666785244119040,Dutch for Congress,Democrat,101,514,150,120,2016-07-25 20:00:13+00:00,116.0,official,,,,,,0.058176748648452424,0.03422100367373283,,,0.024064547147827027,-0.024461761320719075,74.70702970297029,25.67217821782178,0.5326732673267326,0.04914851485148515,0.16635643564356437,0.7845049504950495,0.34974059405940594,0.4080960641915054,0.07066060257694835,9.0,MD,
NMalliotakis,757862089,Nicole Malliotakis,Republican,15445,74160,11948,26501,2012-08-14 20:45:06+00:00,,,0.016049933125278644,89.66462327240303,4.338179669030733,2.861583924349882,0.03451536643026005,-0.047338640676356895,-0.05600146200782827,-0.06999238985229222,-0.06330621291281895,-0.019254337985274844,-0.032700860691695054,77.1733300958301,27.680863765863766,0.45302706552706556,0.05988086759469084,0.14221353188734218,0.7979030106830689,0.1854039818711557,,,,NY,
MikeRogersCamp,76069325,Mike Rogers Campaign,Republican,493,769,87,649,2009-09-21 16:33:45+00:00,116.0,official,0.07272727272727272,74.89090909090909,3.267857142857143,2.2857142857142856,0.08928571428571429,0.03100288058546335,-0.023996622571353182,,,0.006662680171165952,-0.05837251670253262,76.07474645030426,23.778194726166326,0.7478296146044625,0.06369371196754564,0.18797565922920892,0.7483286004056795,0.28513995943204873,0.6802258291012702,0.08478949150984393,9.0,AL,
CongMikeSimpson,76132891,Cong. Mike Simpson,Republican,1754,21016,249,2534,2009-09-21 20:26:26+00:00,118.0,official,0.0,93.65562913907284,4.17741935483871,2.8306451612903225,0.04838709677419355,0.006804082114289998,0.009173438635876345,-0.017931467994800353,-0.007420386405446161,0.03434753522285772,0.02585527276504717,81.75494868871151,23.87945267958951,0.46873432155074113,0.04295096921322691,0.1860193842645382,0.7710342075256557,0.3951855188141391,,,,ID,
Robert_Aderholt,76452765,Robert Aderholt,Republican,2127,32503,506,2895,2009-09-22 21:16:37+00:00,118.0,official,0.0,89.15625,3.9375,2.64375,0.05,0.009975178284004897,0.0036366014130541813,-0.02481089439326248,-0.005242895998869566,0.03523248086566895,0.0197853155331944,80.94630935590033,32.907033380347904,0.42732016925246824,0.04929525152797367,0.15101833568406206,0.7996897038081806,0.282427315467795,,,,AL,
SenStabenow,76456274,Sen. Debbie Stabenow,Democrat,6279,152680,2230,7730,2009-09-22 21:30:16+00:00,117.0,official,0.0010741138560687433,95.73952738990333,4.051251489868892,2.941597139451728,0.0011918951132300357,0.004097824542369889,0.007144560764446552,-0.3256389041212963,-0.25383260248789236,0.03817435084813049,0.04047540307626259,79.05862239210066,24.136980410893454,0.4849036470775601,0.05056330625895843,0.20436056696926264,0.7450699155916547,0.40154303232998884,,,,,
SenAlexander,76649729,Lamar Alexander,Republican,6943,127105,531,8575,2009-09-23 13:58:50+00:00,116.0,official,0.006507592190889371,92.84598698481562,4.298795180722892,2.816867469879518,0.02650602409638554,0.00237305811235432,0.03628327984286028,-0.04268830917410881,-0.02310548733492675,0.011410394662474599,0.051970928347498176,83.94668875126025,24.063665562436988,0.25322483076479907,0.03720020164194152,0.1260813769264007,0.8367182774016996,0.28118807431945847,0.7055702162176897,0.029775573795264368,8.0,TN,
SheldonforRI,770121222,Sheldon Whitehouse,Democrat,1030,12159,3780,1215,2012-08-20 19:55:16+00:00,116.0,official,0.0,94.26939655172414,3.8666666666666667,2.76,0.008888888888888889,0.07088399080667233,0.03959099367002875,0.0009304405833477216,-0.058340213644463165,0.09012798237391563,0.06203295030478588,79.30997087378641,28.84147572815534,0.5444271844660195,0.05150873786407767,0.16830873786407768,0.7801912621359223,0.32784436893203883,,,,,0.71
RoKhanna,771152516,Ro Khanna,Democrat,18960,304872,1742,24767,2012-08-21 09:10:20+00:00,116.0,official,0.0019373587342589602,95.15353567969002,3.8788567716791165,2.787268593699253,0.012991230919129588,0.05800446012557088,0.04363940204202865,0.017652369032416886,-0.009280754758946444,0.058126214424633164,0.04622119663071609,70.41555866216501,26.203796159527325,0.7680686853766617,0.0689215717299578,0.15234984177215188,0.7787279008438819,0.20301024261603376,0.14471227101385264,0.0272783467462908,5.0,CA,0.188
RepCartwright,776664410,Matt Cartwright,Democrat,2838,20189,2059,3849,2012-08-23 20:05:56+00:00,118.0,official,0.01276595744680851,94.7968085106383,4.203252032520325,2.869918699186992,0.008130081300813009,-0.0010518020368875045,0.01656584644292883,-0.011566578183436985,0.0027803505771135557,0.008281824151628184,0.027713224789293778,79.62897815362932,29.88155743481325,0.48893587033121916,0.05314658210007048,0.15585165609584214,0.7910045806906273,0.32504700493305144,,,,PA,
BurgessOwens,779104195,Burgess Owens,Republican,5474,369076,1361,7651,2012-08-24 23:04:57+00:00,117.0,official,0.15981308411214953,71.48598130841121,1.9610655737704918,1.5686475409836065,0.6516393442622951,0.04597728914692911,-0.018270128322989746,,,0.068045442897834,0.003759339160718758,64.31804895871392,28.72645232005846,0.9136353671903543,0.07961088783339423,0.18579722323712092,0.7345840336134454,0.22326404822798684,0.669488749399742,,1.0,UT,
IlhanMN,783792992,Ilhan Omar,Democrat,11039,3021682,1693,22531,2012-08-27 04:21:41+00:00,117.0,official,0.010380622837370242,94.48096885813149,3.836206896551724,2.7660098522167487,0.01600985221674877,0.07722737665026676,0.03752214192281605,0.02894901635619876,-0.016470681721797196,0.08435857073386145,0.044557560755005284,66.46943815133666,24.50198912550974,0.7981350249207069,0.07214140773620799,0.1506534106350213,0.7772067216233354,0.1576131261889664,0.08855849055841018,0.013440724955419729,3.0,MN,0.25
SenatorIsakson,78403308,Johnny Isakson,Republican,5608,65017,458,6683,2009-09-29 20:09:30+00:00,116.0,official,0.0,94.00392156862745,4.293785310734464,2.9548022598870056,0.005649717514124294,-0.03383545940169178,-0.02064402513768729,-0.04684307363755375,-0.021134313538481744,-0.03714547229449739,-0.031216255656403027,85.00665121255349,25.001847360912983,0.5251087731811698,0.03268277460770328,0.19449304564907277,0.7728284593437945,0.45042116619115546,0.8089671416046755,0.04797209713477104,7.0,GA,0.536
GerryConnolly,78445977,Rep. Gerry Connolly,Democrat,8818,81475,871,11442,2009-09-29 23:17:33+00:00,118.0,official,0.0,95.2560553633218,4.16156462585034,2.8979591836734695,0.006802721088435374,-0.010739659823721073,-0.011167774521756796,-0.03386577285166444,-0.027412141062693657,0.026730081660302493,0.013370907507011249,81.36718838607236,25.16000113417262,0.8342361347397074,0.07069777727375823,0.15386595599909275,0.7754393286459514,0.19686619414833298,,,,VA,0.5710000000000001
Gwen4Congress,784965392,Gwen S. Moore,Democrat,1794,4019,1243,5140,2012-08-27 16:03:04+00:00,116.0,official,0.009036144578313253,93.59186746987952,3.867857142857143,2.7357142857142858,0.010714285714285714,0.058944567710625305,0.024771950488511864,0.02592812148304779,0.02051205989690612,0.053296586475595716,0.02304935106399546,71.71034002229655,22.683266443701225,0.7173857302118172,0.05991248606465998,0.14984894091415832,0.7902335562987738,0.22945183946488293,,,,,
RepCummings,787373558,Elijah E. Cummings,Democrat,2279,470709,1553,6895,2012-08-28 16:37:01+00:00,116.0,official,0.0,93.4245283018868,4.01063829787234,2.882978723404255,0.010638297872340425,0.031013820257797663,0.03822535644447824,-0.07602688959539187,-0.059287182818105945,0.033849390542406294,0.042353006052823536,77.67568670469504,28.509192628345765,0.6410706450197455,0.06436989907854322,0.12457744624835453,0.8110561649846424,0.1534115840280825,0.220131803540869,0.0198749213158124,6.0,MD,
RepDannyDavis,789244177,Rep. Danny K. Davis,Democrat,2260,18888,439,4415,2012-08-29 12:31:09+00:00,118.0,official,0.0,92.54347826086956,4.456521739130435,2.9239130434782608,0.0,-0.042632500918694784,-0.020630076348992724,0.018295950321391467,0.04733994831330634,-0.07010281097915512,-0.043637057004026585,76.10091150442477,25.82912389380531,0.41438053097345134,0.04606592920353982,0.12156150442477875,0.8323637168141593,0.17236203539823008,0.24128394998920688,0.06581255418272552,9.0,IL,
RepStephMurphy,796183515998068736,Archive: U.S. Rep. Stephanie Murphy,Democrat,4471,58160,1211,6300,2016-11-09 02:51:57+00:00,116.0,official,0.0030864197530864196,93.4320987654321,4.176258992805756,2.931654676258993,0.0,-0.01152246337160042,-0.006498310444794014,,,-0.0028296206342259943,0.0015253901396017633,79.74742339521359,27.395251621561172,0.6223708342652651,0.05288436591366585,0.1696267054350257,0.7774887049876985,0.38850221426973836,0.3824056160369542,0.03495353721487641,4.0,FL,
RepJimmyPanetta,796736612554117120,Rep. Jimmy Panetta,Democrat,5744,16933,615,7183,2016-11-10 15:29:45+00:00,118.0,official,0.003432494279176201,94.82379862700229,4.103869653767821,2.8879837067209775,0.002036659877800407,-0.034481295125661594,0.007362486382359545,,,-0.03342102560637502,0.010054125215303179,85.07874651810585,27.575496169916434,0.46547179665738164,0.0473624651810585,0.14184610027855155,0.8107902158774374,0.34181011490250696,0.31826669025954796,0.016849191959629795,5.0,CA,
RepTenney,797201048490430465,Rep. Claudia Tenney,Republican,5414,31991,620,6389,2016-11-11 22:15:16+00:00,118.0,official,0.033928571428571426,85.26428571428572,3.7117516629711753,2.6053215077605323,0.09534368070953436,0.009566213695016087,0.017380535490520124,,,0.018179671807034233,0.01945473398335879,81.86094569634281,29.775980790543038,0.7598577761359439,0.0728928703361655,0.13222681935722203,0.7948705208718139,0.18288780938308088,0.744931657753252,0.038899070119880017,3.0,NY,
RepValDemings,798973032362606600,Former Congresswoman Val Demings,Democrat,11315,442565,890,14109,2016-11-16 19:36:29+00:00,116.0,official,0.0011494252873563218,94.6367816091954,3.9592496765847347,2.8512289780077618,0.00129366106080207,0.051138606188644596,0.04539014910721464,,,0.05854635929324515,0.05345956941395908,71.83512063632347,26.08675475033142,0.8035033141847105,0.07242483429076448,0.14420380026513477,0.7833647370746797,0.20615969951391958,0.27049165025927185,0.05072288366514152,5.0,FL,0.5
Vote4Cleaver,801478506,Cleaver For Congress 🗳,Democrat,1011,1179,485,1448,2012-09-04 00:09:44+00:00,116.0,official,0.0,93.45918367346938,3.871559633027523,2.802752293577982,0.0,-0.005175753656490717,-0.01925769042990816,-0.045072080489238865,-0.07335823373779607,-0.00032642382367546724,-0.01224906115840241,74.03499505440159,23.781305637982197,0.5651829871414441,0.047928783382789324,0.13790603363006923,0.8141651829871415,0.21805469831849655,,,,,
JacksonLeeTX18,80612021,Sheila Jackson Lee,Democrat,9450,118921,2426,13716,2009-10-07 16:13:13+00:00,118.0,official,0.0,93.24908088235294,4.112648221343873,2.8458498023715415,0.003952569169960474,0.005853492729370294,0.00013349890443111107,-0.0068307488683492365,0.0069836208385710375,0.007227633914193942,-0.0032090762039605086,79.9065746031746,25.473650793650794,0.8180074074074074,0.07058984126984126,0.1362564021164021,0.793148253968254,0.17031239153439154,0.14199203937159777,0.04252971619752727,9.0,TX,0.1669999999999999
RepDrewFerguson,806583915012046854,Congressman Drew Ferguson,Republican,2252,14210,557,2934,2016-12-07 19:39:25+00:00,118.0,official,0.026737967914438502,87.05614973262033,3.673611111111111,2.6041666666666665,0.06944444444444445,0.030459665935949325,0.03534674477535372,,,0.014585709998353987,0.00796807733245906,83.91544404973357,26.372135879218472,0.5395825932504441,0.05227175843694493,0.170401865008881,0.7773281527531083,0.32319227353463587,0.6977946194707837,0.10222898469790724,5.0,GA,
RepRaskin,806906355214852096,Rep. Jamie Raskin,Democrat,5437,713854,5999,11784,2016-12-08 17:00:41+00:00,118.0,official,0.0,94.99479166666667,4.162447257383966,2.8987341772151898,0.0,-0.028241026635768256,-0.02136131000254584,,,-0.04163495897205412,-0.03216316758434492,85.53416590031267,20.97718594813316,0.845959168659187,0.07961063086260806,0.140172337686224,0.7802039727791061,0.17447425050579363,0.1202333366378789,0.028450855534911383,5.0,MD,
RepOHalleran,808416682972770304,Archived: Rep. Tom O'Halleran,Democrat,5921,17394,4241,6695,2016-12-12 21:02:11+00:00,116.0,official,0.04178272980501393,90.86211699164346,4.376923076923077,2.973076923076923,0.0,-0.014683382865276774,0.025366808145736327,,,-0.019462567941384804,0.023279337471733875,84.67689241682149,33.356289478128694,0.48660868096605303,0.04455075156223611,0.13836547880425604,0.817085120756629,0.3320079885154535,0.4511004934105943,0.0642307997098631,5.0,AZ,
Malinowski,811239440916054016,Tom Malinowski,Democrat,3863,53862,770,5056,2016-12-20 15:58:49+00:00,116.0,official,0.001388888888888889,96.725,4.008670520231214,2.8901734104046244,0.008670520231213872,0.08250260605548855,0.04851368786555236,,,0.08064114973899475,0.04856601405684967,65.33623090862024,27.967450168263007,0.6253973595651048,0.0728754853740616,0.13248615066010871,0.7946370696349987,0.16217986021227027,0.29030831787637296,0.07821954458735932,3.0,NJ,
SenCortezMasto,811313565760163844,Senator Cortez Masto,Democrat,9293,73793,932,11613,2016-12-20 20:53:22+00:00,116.0,official,0.026200873362445413,93.38555312954877,4.1150131694468834,2.91044776119403,0.0,0.009921867778438516,0.02081079903799883,,,0.0024833083576592885,0.0214673911237709,78.25268158829226,26.086564080490692,0.5900774776713655,0.06644205315829119,0.158813730765092,0.7747427095663403,0.3128237382976434,0.25691453199211645,0.03506011876430059,5.0,NV,0.417
RepPaulMitchell,811632636598910976,Paul Mitchell,Independent,3166,32695,253,3613,2016-12-21 18:01:14+00:00,116.0,official,0.0,92.04109589041096,4.067846607669616,2.8436578171091447,0.014749262536873156,0.029049625068528383,0.02051493153704846,,,0.04688053844459677,0.026299590558270945,71.4478395451674,32.888897662665826,0.34916298168035376,0.054529058749210366,0.134961781427669,0.8105044219835754,0.2323514529374605,0.7714481119885952,0.04104103960225421,4.0,MI,
votetimscott,81191343,Tim Scott,Republican,2563,52178,1203,3562,2009-10-09 20:07:32+00:00,116.0,official,0.011086474501108648,82.5521064301552,3.5668202764976957,2.4976958525345623,0.06682027649769585,0.05482610424791152,0.007162773412133622,-0.11806213312726273,-0.12623928672631446,0.09132703465350399,0.032347143621872625,76.43719079204057,31.034213811939136,0.4551307062036676,0.06119157237612173,0.16069683964104564,0.7781053452984784,0.2709274678111588,0.8489027438459686,0.03499772277884705,9.0,SC,
RepTrey,811986281177772032,Trey Hollingsworth,Republican,612,13376,668,915,2016-12-22 17:26:30+00:00,116.0,official,0.0,90.92523364485982,4.214285714285714,2.880952380952381,0.0,-0.01966007108133415,0.0007186017819108971,,,-0.008447411415674958,0.01704499412896727,84.79418300653595,29.724395424836604,0.519281045751634,0.0353921568627451,0.15429411764705883,0.8103104575163399,0.3925794117647059,0.5597918574443439,0.12348360871975352,5.0,IN,
JohnsonLeads,81207735,Bill Johnson,Republican,1069,4442,1093,1769,2009-10-09 21:32:58+00:00,116.0,official,0.011764705882352941,85.35882352941177,3.306451612903226,2.3870967741935485,0.20967741935483872,0.014037011598849024,-0.01757321983689163,0.0378336055768943,0.016867307212326578,0.008416646566239527,-0.05013443585210554,77.76022450888681,36.551842843779234,0.415799812909261,0.03664733395696913,0.169289055191768,0.7940533208606174,0.3238689429373246,0.8094609886097958,0.07184994985244127,9.0,OH,0.1669999999999999
RepBrianMast,814103950404239360,Rep. Brian Mast,Republican,5318,76069,501,6657,2016-12-28 13:41:21+00:00,118.0,official,0.009404388714733543,88.65595611285266,3.645879732739421,2.5501113585746102,0.04788418708240535,0.029145068627245713,0.034359349599136405,,,0.033545282925036904,0.03480922034764656,74.63202707784882,27.245667544189544,0.509424595712674,0.07707672057164347,0.12158931929296728,0.8013326438510718,0.13450763444904099,0.6900672357156621,0.038386820748414256,5.0,FL,
CongressmanRaja,814179031956488192,Congressman Raja Krishnamoorthi,Democrat,10647,179264,1122,13087,2016-12-28 18:39:42+00:00,118.0,official,0.000787246604999016,94.60322771108049,3.95639771801141,2.841483292583537,0.0026487367563162185,0.06345887386272249,0.0595402024025013,,,0.061004634584751034,0.06105532458531355,73.0858269935193,27.194171128017285,0.5527190757959989,0.06953883723114493,0.12530609561378792,0.8051517798440875,0.16013322062552832,0.31373047388457287,0.05954618262260946,5.0,IL,
RepJackBergman,815241612154417152,Rep. Jack Bergman,Republican,1000,12166,683,1459,2016-12-31 17:02:01+00:00,118.0,official,0.03333333333333333,90.60833333333333,3.9130434782608696,2.739130434782609,0.043478260869565216,-0.002700971463190402,0.00032844805261563435,,,0.0022294525689036276,0.0004821927390360019,81.23003999999999,27.83367,0.46164,0.041203000000000004,0.168353,0.7904370000000001,0.3203435,0.6560907505003744,0.04913978989695724,5.0,MI,
RepJoshG,815310506596691968,Rep Josh Gottheimer,Democrat,9826,20965,217,11092,2016-12-31 21:35:47+00:00,118.0,official,0.002386634844868735,95.61843675417661,4.090977443609023,2.9353383458646616,0.005263157894736842,-0.009101990362892744,0.00046187267948251024,,,-0.005857292406399662,0.005686290264000023,78.93151740280886,28.943211886830856,0.5289090168939549,0.06466904131894972,0.14987258294321187,0.7854603093832688,0.2897812436393242,0.563746526070937,0.06680708124947296,5.0,NJ,
RepJayapal,815733290955112448,Rep. Pramila Jayapal,Democrat,18601,617135,2673,30085,2017-01-02 01:35:46+00:00,118.0,official,0.0038183279742765273,94.92725080385853,3.8256031613976704,2.7730865224625623,0.024958402662229616,0.05233914816571836,0.04425111019347555,,,0.05493020696522247,0.04735389717064568,70.93968872641256,25.880548357615183,0.9131600451588624,0.08350008064082576,0.13593774528251168,0.7805591097252836,0.15063182086984572,0.0925820619066082,0.03525068470612148,5.0,WA,
DrNealDunnFL2,815952318487298048,Dr. Neal Dunn,Republican,1660,11636,304,2813,2017-01-02 16:06:07+00:00,118.0,official,0.007633587786259542,90.67557251908397,3.841463414634146,2.6341463414634148,0.036585365853658534,-0.006625908092488383,-0.005781660689059409,,,-0.003993152489758806,-0.01746710656471398,79.96436746987952,27.030795180722894,0.5911746987951807,0.053993373493975906,0.16913012048192771,0.7768638554216868,0.3501560843373494,0.7281398790719984,0.08979861383065756,5.0,FL,
RepGallagher,815966620300480514,Rep. Gallagher Press Office,Republican,4282,41821,463,5283,2017-01-02 17:02:57+00:00,118.0,official,0.007157464212678937,93.14775051124744,4.111617312072893,2.784738041002278,0.02619589977220957,0.025468741925621794,0.03159479934643322,,,0.02507486469864035,0.028056765527582943,82.36503269500234,29.866812237272303,0.4723563755254554,0.06149135917795422,0.1407006071929005,0.7978148061653433,0.2600273937412424,0.7114642901163544,0.09973051199813542,5.0,WI,0.438
RepLouCorrea,815985039485837312,Rep. Lou Correa,Democrat,1282,25870,68,1616,2017-01-02 18:16:08+00:00,118.0,official,0.0,93.8984375,4.097560975609756,2.9146341463414633,0.0,-0.007672917982449969,0.004639410064228504,,,-0.014417254758749345,0.0010289840969786418,78.43265990639625,27.31848673946958,0.6135101404056162,0.06550078003120124,0.1425670826833073,0.7919352574102964,0.24068291731669267,0.34742903484775195,0.0681644503685557,5.0,CA,
RepDavidKustoff,816012124505931780,Rep. David Kustoff,Republican,3089,15572,836,3392,2017-01-02 20:03:46+00:00,118.0,official,0.004878048780487805,88.1780487804878,4.046632124352332,2.772020725388601,0.025906735751295335,-0.009711950255411501,-0.018344901437757074,,,-0.0107460231862355,-0.02039086983789508,84.67797669148591,31.799530592424734,0.5230171576561994,0.044350598899320165,0.18132631919715117,0.7743243768209777,0.45686999028811914,0.6742278156949938,0.04879299487328886,5.0,TN,
RepRooney,816111677917851649,Francis Rooney,Republican,791,12128,462,1157,2017-01-03 02:39:21+00:00,116.0,official,0.00980392156862745,89.76470588235294,3.9204545454545454,2.7045454545454546,0.06818181818181818,-0.04142902513602494,-0.01285399241909536,,,0.016715799711321574,0.030382299505802207,87.14892541087232,26.893615676359037,0.4962579013906448,0.04406700379266751,0.11932743362831859,0.8366232616940582,0.19608495575221238,0.6793393012932268,0.11000906654874956,4.0,FL,
RepJimBanks,816131319033950208,Jim Banks,Republican,8992,104823,1841,11457,2017-01-03 03:57:24+00:00,118.0,official,0.06829088224437062,85.92857142857143,3.5709446744448625,2.4994354535190064,0.13172751223184043,0.044976448993296454,0.030502228687623485,,,0.05827645431826171,0.03458069735546318,78.66841882719483,23.38811505507956,0.6111572271058195,0.0748125,0.12605716192170818,0.7991256672597865,0.134014112544484,0.8295250726754114,0.06844637894158656,5.0,IN,
RepCarbajal,816157667882373120,Rep. Salud Carbajal,Democrat,5092,16609,1047,6130,2017-01-03 05:42:06+00:00,118.0,official,0.0,94.82224532224532,4.171842650103519,2.9316770186335406,0.002070393374741201,-0.03043232751379764,-0.011956148729381437,,,-0.03744209386266475,-0.01985248719844811,83.54637470542026,29.317009033778476,0.5272486252945797,0.06491908876669285,0.14762824037706204,0.7874518853102906,0.3037276315789474,0.27588707339743745,0.041933515536691626,5.0,CA,
RepMcEachin,816181091673448448,Rep. Donald McEachin,Democrat,5001,15700,1386,6450,2017-01-03 07:15:10+00:00,116.0,official,0.008571428571428572,92.67071428571428,4.098639455782313,2.9081632653061225,0.003401360544217687,0.03248919623332467,0.04612690699910564,,,0.009165603918177511,0.024632620149589828,77.87104179164167,28.477074585082985,0.848986202759448,0.06358248350329934,0.14903459308138373,0.787384123175365,0.26280809838032393,0.26159164087863856,0.029562682472770198,4.0,VA,
RepArrington,816284664658874368,Rep. Jodey Arrington,Republican,3324,20953,1687,4429,2017-01-03 14:06:44+00:00,118.0,official,0.03529411764705882,85.7764705882353,3.537313432835821,2.485074626865672,0.09701492537313433,0.016303301373217484,0.00484036163400581,,,0.00848707077560894,-0.005404439250075037,80.95074909747292,25.74719013237064,0.6944584837545127,0.061098676293622145,0.1582812876052948,0.7806254512635379,0.29740246690734057,0.7105095416377711,0.08275794632195506,5.0,TX,
RepRoKhanna,816298918468259841,Rep. Ro Khanna,Democrat,10429,119468,2005,12944,2017-01-03 15:03:23+00:00,118.0,official,0.00235626767200754,94.67247879359095,3.9737720553171196,2.8192656175488793,0.00715307582260372,0.05550209247962558,0.06332968343557932,,,0.05634445799531101,0.0624811230858216,78.54967110940646,26.76506951769105,0.7541959919455365,0.07536753284111612,0.13806529868635536,0.7865631412407709,0.18209530156294945,0.14471227101385264,0.0272783467462908,5.0,CA,
RepBrianFitz,816303263586914304,Rep. Brian Fitzpatrick 🇺🇸,Republican,3572,24801,368,4312,2017-01-03 15:20:39+00:00,118.0,official,0.020671834625323,91.05038759689923,4.184738955823293,2.8313253012048194,0.004016064257028112,-0.03893331199586415,-0.028915686605563626,,,-0.04003595834287029,-0.030905111331666152,82.81578107502799,22.117166853303473,0.8959126539753639,0.05096192609182531,0.18045324748040312,0.7685887458006718,0.43070576707726765,,,,PA,
RepAndyBiggsAZ,816652616625168388,Rep Andy Biggs,Republican,13400,676279,1782,22641,2017-01-04 14:28:51+00:00,118.0,official,0.05737234652897304,81.84954102122776,3.1905379131561893,2.240440699935191,0.18600129617627997,0.0025674369125649067,-0.0034268526051926076,,,0.01311441836318684,0.004512508233685199,80.18335447761194,25.82545746268657,0.5750246268656717,0.06529753731343284,0.12092679104477613,0.8137751492537313,0.16064379850746272,0.7991475868686619,0.05223857221873046,5.0,AZ,
SenJohnKennedy,816683274076614656,John Kennedy,Republican,3345,683610,1299,3927,2017-01-04 16:30:40+00:00,116.0,official,0.009345794392523364,91.11526479750779,3.8842443729903535,2.717041800643087,0.03536977491961415,0.028315107726213484,0.014030595534092935,,,0.031003372934646705,0.016297820215305816,77.41768011958146,23.73248131539611,0.6572765321375187,0.06820627802690583,0.14541285500747383,0.7863892376681615,0.21740170403587444,0.8543477793553134,0.04778848033173096,5.0,LA,
RepTomSuozzi,816705409486618624,Tom Suozzi,Democrat,2670,19950,152,3020,2017-01-04 17:58:38+00:00,116.0,official,0.0,92.42676056338028,4.071641791044776,2.9223880597014924,0.0029850746268656717,-0.012083832321084249,-0.01599328196796913,,,-0.010623443750171824,-0.014641486549253228,79.97094382022472,30.49583520599251,0.6048614232209738,0.0611561797752809,0.14202022471910114,0.7968224719101124,0.24868726591760298,0.3401785641855882,0.09569844404653793,5.0,NY,
RepLizCheney,816719802328715264,Rep. Liz Cheney,Republican,1647,602227,240,1820,2017-01-04 18:55:49+00:00,116.0,official,0.0,91.1878612716763,3.9645390070921986,2.730496453900709,0.0425531914893617,0.002131816933348247,0.0005821205434471393,,,0.008276849376379925,0.006572449982765372,83.4884335154827,19.425944140862175,0.8380995749848208,0.06600242865816637,0.17078567091681846,0.7632185792349726,0.3191729811778992,0.6385124388759744,0.044181718501607625,5.0,WY,
RepBarragan,816833925456789505,Nanette D. Barragán,Democrat,6551,32444,8963,8555,2017-01-05 02:29:18+00:00,118.0,official,0.001607717041800643,94.98311897106109,4.0690846286701206,2.8877374784110534,0.0034542314335060447,-0.04405101728504932,-0.04134718287253518,,,-0.058899984526679015,-0.052659949067548596,81.49098763547549,24.754652724774846,0.7265226682949167,0.06264509235231262,0.1451038009464204,0.79225431231873,0.2465101969165013,0.1524873307504287,0.0449671638408987,5.0,CA,
RepLBR,817050219007328258,Rep. Lisa Blunt Rochester,Democrat,2950,27985,581,3650,2017-01-05 16:48:47+00:00,118.0,official,0.0,96.7723880597015,3.992248062015504,2.895348837209302,0.0,0.023463996873421777,0.02665002421725704,,,0.02121889921754253,0.023953465209561837,76.81145423728813,28.853725423728815,0.5817694915254238,0.04941016949152542,0.15623254237288137,0.7943457627118644,0.33977230508474576,,,,DE,
RepEspaillat,817076257770835968,Adriano Espaillat,Democrat,12655,34656,2154,18348,2017-01-05 18:32:15+00:00,118.0,official,0.0021727322107550242,92.65860945138512,4.085130533484676,2.864926220204313,0.0056753688989784334,-0.09128920513208026,-0.08278622903889825,,,-0.11686389447767329,-0.10988183283885145,82.22755353615172,22.112769656262344,0.7351141841169498,0.06282078229948637,0.11061201106282102,0.8265637297510866,0.15296876333465034,0.12782140045696994,0.081297398889734,5.0,NY,
Denver4VA,818507671284416513,Denver Lee Riggleman III,Republican,1091,5348,512,2237,2017-01-09 17:20:10+00:00,116.0,official,0.038834951456310676,87.87864077669903,4.017241379310345,2.6551724137931036,0.10344827586206896,-0.03693693589593077,-0.06934881797999536,,,0.027234985281313105,-0.02102104583416925,70.7812832263978,28.418625114573786,0.34307974335472047,0.03336663611365719,0.17130614115490378,0.7953299725022915,0.3235052245646196,0.8040804097864522,0.05811233427385171,2.0,VA,
RepGonzalez,818536152588238849,Rep. Vicente Gonzalez,Democrat,3277,12940,511,3999,2017-01-09 19:13:21+00:00,118.0,official,0.0,94.9952229299363,4.26530612244898,2.9047619047619047,0.003401360544217687,-0.026268321955379516,-0.0007224885660891969,,,-0.018210014172870232,0.008617321603887713,83.0546017699115,26.01971010070186,0.6160085444003662,0.044360390601159594,0.15237351235886482,0.8032660970399755,0.35197512969179123,0.45120527330673116,0.08019477124709182,5.0,TX,
SenJackyRosen,818554054309715969,Senator Jacky Rosen,Democrat,8719,49077,819,10694,2017-01-09 20:24:29+00:00,117.0,official,0.03177405119152692,93.1590909090909,4.131201764057332,2.904079382579934,0.0033076074972436605,-0.011084504862157209,0.01575777933281997,,,-0.015163456240515157,0.014277359057300591,83.09110448445922,25.92412203234316,0.5742458997591467,0.0591947471040257,0.16168918453951142,0.7791171005849294,0.34909257942424593,0.3570337072822525,0.0491948047414266,5.0,NV,
RepDarrenSoto,818713465653051392,Rep. Darren Soto,Democrat,5535,23985,6785,8807,2017-01-10 06:57:55+00:00,118.0,official,0.0034602076124567475,94.85570934256056,4.0672782874617734,2.948776758409786,0.00382262996941896,-0.061894584738766086,-0.04078391909567839,,,-0.04857851991297286,-0.02640886321427031,84.56086540198736,22.034724480578138,0.7278084914182475,0.05917217705510389,0.15535067750677506,0.7854896115627824,0.32988693766937666,0.22970801940144736,0.03348420879086644,5.0,FL,
RepMattGaetz,818948638890217473,Rep. Matt Gaetz,Republican,6854,2225202,728,10660,2017-01-10 22:32:25+00:00,118.0,official,0.28269617706237427,71.1725352112676,2.272064777327935,1.7161943319838058,0.5522267206477732,-0.022445939853039165,-0.02730954834686765,,,0.0036514741259195843,-0.010799567559658635,80.23521009629414,23.597537204552086,0.6283119346367084,0.06722585351619492,0.0929533119346367,0.8398196673475342,0.0720857601400642,0.8212319791540267,0.09711734362541048,5.0,FL,0.3
RepDonBacon,818975124460335106,Rep. Don Bacon 🇺🇸,Republican,12513,24368,634,17330,2017-01-11 00:17:40+00:00,118.0,official,0.009478672985781991,90.89514218009478,4.112540192926045,2.8239549839228295,0.03456591639871383,-0.018366898424004335,-0.006852698982243732,,,-0.01861269244883689,-0.008865017341144033,74.03797170942221,24.885730040757615,0.47849037001518424,0.05369367857428275,0.15889666746583553,0.7874074162870615,0.30458546311835694,0.7529161459965852,0.06788903590215016,5.0,NE,
RepJenniffer,819744763020775425,Jenniffer González,Republican,7064,36632,707,9527,2017-01-13 03:15:56+00:00,118.0,official,0.0,90.52991452991454,4.6797385620915035,2.947712418300654,0.006535947712418301,-0.28219062439361536,-0.2276449927287056,,,-0.2809594060120656,-0.22665942002592365,90.12484852774632,13.442616081540203,0.31617638731596825,0.021725226500566252,0.08433564552661381,0.8939421007927519,0.2171272791619479,0.5330997386419768,0.07578481450699327,5.0,PR,
ChrisCoonsforDE,823302838524739584,Chris Coons,Democrat,909,10972,3776,1016,2017-01-22 22:54:27+00:00,115.0,campaign,0.0,94.92215568862275,3.9025974025974026,2.772727272727273,0.006493506493506494,0.060964672014692516,0.03081075327776024,,,0.06272764374199609,0.032423725657069406,68.39772277227722,27.80059405940594,0.7791419141914192,0.05986358635863586,0.17534103410341034,0.7647909790979098,0.3553309130913091,,,,,0.583
KathleenRice,82423741,Kathleen Rice,Democrat,956,6562,620,1385,2009-10-14 18:28:29+00:00,116.0,official,0.009009009009009009,92.57432432432432,3.926605504587156,2.9174311926605503,0.009174311926605505,-0.013722739740946321,-0.02297493605072859,-0.004150979445380919,0.005205354566760283,0.042285279880992524,0.019255584303046167,80.16458158995816,29.80349372384937,0.4490062761506276,0.05124058577405857,0.16235355648535565,0.7864006276150627,0.29579884937238493,0.35462569837764885,0.0482573160175283,7.0,NY,
BennieGThompson,82453460,Bennie G. Thompson,Democrat,2546,95159,562,4494,2009-10-14 20:47:03+00:00,118.0,official,0.0,94.13106796116504,3.9393939393939394,2.8181818181818183,0.024242424242424242,-0.031854068590939824,-0.029307631336993354,-0.07875534547990248,-0.04651156083572244,-0.027905384119503225,-0.02955879218684871,79.96969756480755,25.042010997643363,0.680530243519246,0.05265475255302435,0.14558169677926158,0.8017639434406912,0.24242340926944228,0.30191593813390916,0.10727334444379541,9.0,MS,
RepDaleStrong,825191196775546883,Dale W. Strong,Republican,221,1359,89,268,2017-01-28 03:58:07+00:00,118.0,official,0.0,90.66666666666667,3.84,2.76,0.0,-0.14435205655145325,-0.07074470331636408,,,-0.14394887607611068,-0.07813284812328547,90.34642533936652,26.55850678733032,0.3289140271493213,0.026624434389140274,0.11802262443438913,0.8553574660633484,0.26357963800904977,,,,AL,
JoeCunninghamSC,826589191412862976,Joe Cunningham,Democrat,3723,69059,340,5027,2017-02-01 00:33:15+00:00,116.0,official,0.003257328990228013,96.47231270358306,4.490566037735849,2.943396226415094,0.0047169811320754715,0.009152570020835674,-0.03578434365738945,,,0.012371241544771207,-0.029837464955922502,70.17441698011821,32.565174637291776,0.4384443847393874,0.042578028471662636,0.1631815739994628,0.7942433521353747,0.3098092130002686,0.5332272442820366,0.01333117672064552,2.0,SC,
RepMikeJohnson,827279765287559171,Rep. Mike Johnson,Republican,3947,92199,578,6109,2017-02-02 22:17:20+00:00,118.0,official,0.042666666666666665,86.56,3.6654545454545455,2.5236363636363635,0.09090909090909091,0.024873320788882058,0.015568114113239977,,,0.029160239296649848,0.01469956583372062,79.45447428426652,23.994106916645556,0.5928198631872308,0.05835621991385863,0.14211249049911326,0.799533823156828,0.24564588294907524,0.7281351455169442,0.038182027270764654,5.0,LA,
RepRutherfordFL,828977216595849216,Rep. John Rutherford,Republican,1661,16702,492,2246,2017-02-07 14:42:24+00:00,118.0,official,0.006097560975609756,92.97865853658537,4.294573643410852,2.8449612403100777,0.031007751937984496,-0.004256785303359675,0.0022224925675867553,,,0.008360249212290128,0.009313339716243603,82.43202287778446,27.49264298615292,0.6766526189042745,0.06198073449729079,0.184682119205298,0.7533281155930163,0.35456128838049367,0.7543099239877902,0.03674721092836025,5.0,FL,
michaelgwaltz,833673914,Rep. Mike Waltz,Republican,5972,53690,2950,9810,2012-09-19 16:23:47+00:00,116.0,official,0.036048064085447265,88.5491766800178,3.8787061994609164,2.665768194070081,0.07008086253369272,-0.010345042459060545,-0.02669502240961436,0.04039858266146822,0.03302470657426882,0.004740571907673452,-0.01960279931840699,80.71083389149364,26.120406898861354,0.5536101808439383,0.07673543201607502,0.13498476222371064,0.7882818151373073,0.1123074849296718,0.7087561835632054,0.045065183387103115,3.0,FL,
RepDavidRouzer,834069080,David Rouzer,Republican,1459,17500,560,2318,2012-09-19 20:23:15+00:00,118.0,official,0.02,85.98,3.7857142857142856,2.642857142857143,0.07142857142857142,-0.029640024808872532,-0.001975385568741339,,,-0.011067451697332864,0.010127815577519097,85.93450308430432,28.095071967100754,0.6627347498286498,0.052480466072652505,0.15050993831391363,0.7969965729952022,0.27784845784784096,0.8456153358241846,0.09597031578731398,7.0,NC,
JamesComer,838462994,James Comer,Republican,3708,26613,721,7557,2012-09-21 19:51:00+00:00,117.0,official,0.02564102564102564,92.1698717948718,3.727272727272727,2.7386363636363638,0.06818181818181818,-0.11820993327306885,-0.12443487119289037,-0.07853602154704155,-0.08725686285444322,-0.142284786637617,-0.14662728909942643,88.74406418554477,30.18289913700108,0.3155204962243797,0.017083872707659115,0.18022815533980585,0.8026868932038834,0.42038937432578205,0.6355310247781436,0.10315617416118632,6.0,KY,
KatieHill4CA,839226269627621376,Katie Hill,Democrat,5386,204722,4054,7977,2017-03-07 21:28:29+00:00,116.0,official,0.006329113924050633,93.707805907173,3.8219178082191783,2.7579908675799087,0.01598173515981735,0.09823036226508945,0.03210329821250466,,,0.11711119732718483,0.03865087587708466,55.534190493873005,32.75551615298923,0.42382287411808395,0.06547772001485333,0.155459896026736,0.779060341626439,0.24919153360564428,0.716823276388622,0.0755353070052106,7.0,AR,
RepPaulTonko,84119348,Paul Tonko,Democrat,10638,27471,1996,14230,2009-10-21 17:24:57+00:00,118.0,official,0.0007092198581560284,93.5145390070922,4.117580766341097,2.8621337340345603,0.003756574004507889,0.006575724593238737,0.03035943638290324,-0.022407610906701146,0.004264153961641146,0.011292374094824236,0.03424920071060526,82.09877232562512,26.977833239330703,0.4421150592216582,0.06229310020680579,0.12968706523782667,0.8080208685843204,0.19552460048881368,,,,NY,
RepClayHiggins,843636970538618880,Rep. Clay Higgins,Republican,1372,54314,407,2144,2017-03-20 01:35:02+00:00,118.0,official,0.08904109589041095,85.47945205479452,3.1739130434782608,2.260869565217391,0.2318840579710145,0.016116823162333826,0.03639379875421528,,,0.02882683165750621,0.043127291076289244,79.46166909620992,25.849008746355686,0.5944096209912536,0.06549781341107871,0.15429081632653063,0.7802018950437317,0.2258790087463557,0.282968927601934,0.04144374442208762,8.0,LA,
HoulahanForPa,847098017274613761,Chrissy Houlahan,Democrat,1188,19577,328,1445,2017-03-29 14:48:00+00:00,116.0,official,0.016304347826086956,93.8179347826087,3.9051094890510947,2.7883211678832116,0.0,0.04103672816536199,0.01817895537101259,,,0.05692229463655732,0.026018278636641478,72.75156565656566,30.63016835016835,0.5911952861952863,0.04628956228956229,0.16524074074074074,0.7884722222222222,0.35806885521885523,0.35884776987893846,0.05630285689820398,3.0,PA,
RepJoeCourtney,85396297,Rep. Joe Courtney,Democrat,7683,27021,2237,9184,2009-10-26 19:45:09+00:00,118.0,official,0.0,96.40565395095368,4.473040977713875,2.9647735442127967,0.0014378145219266715,-0.020417188665535522,0.003756371093711527,-0.045191559074264635,-0.01928994553580322,-0.024774261355734337,-0.0002086124601760974,88.29995965117791,30.695349472862162,0.4801496811141481,0.04482832226994664,0.16133125081348432,0.7938414681764935,0.36568993882597944,,,,CT,
RepRonEstes,854715071116849157,Rep. Ron Estes,Republican,2028,10264,1782,2679,2017-04-19 15:15:27+00:00,118.0,official,0.028662420382165606,90.59394904458598,3.8072289156626504,2.710843373493976,0.07630522088353414,-0.013134850971887334,-0.001378120836232643,,,-0.010882174115638939,0.0026781836376484425,84.16711538461539,27.66895956607495,0.5178796844181459,0.04376577909270217,0.15986834319526627,0.7963663708086784,0.41049122287968437,0.6609997196569827,0.07216001309302283,5.0,KS,
ConorLambPA,855240223432769538,Conor Lamb,Democrat,1487,145045,525,1728,2017-04-21 02:02:13+00:00,116.0,official,0.011363636363636364,94.9659090909091,4.060975609756097,2.8902439024390243,0.012195121951219513,-0.00902458576608544,-0.0643143259466184,,,0.0035430125325615503,-0.05261931431751478,74.79706792199059,33.20246805648958,0.40319435104236717,0.0460719569603228,0.16058708809683928,0.7933369199731002,0.3892984532616005,0.37916975743843495,0.06864967112590624,4.0,PA,
Lizzie4Congress,857009033882083329,Lizzie Pannill Fletcher,Democrat,1882,15618,554,2148,2017-04-25 23:10:51+00:00,116.0,official,0.0064516129032258064,96.38387096774194,3.9217391304347826,2.869565217391304,0.008695652173913044,0.021509676671380845,-0.015048691825349484,,,0.03397110691937134,-0.008189083954440436,75.93784157363105,25.360786815523657,0.4829346092503987,0.028782678002125396,0.18704357066950053,0.7841700318809777,0.4553037725823592,0.3279189104219705,0.10529188739367876,3.0,TX,0.625
RepSchakowsky,85896319,Jan Schakowsky,Democrat,2234,5607,1324,3150,2009-10-28 19:48:06+00:00,118.0,official,0.00482315112540193,93.10369774919614,3.863406408094435,2.738617200674536,0.013490725126475547,0.03975206316200507,0.008281113080009521,-0.05928822276518733,-0.0913319011192978,0.08314652596637996,0.04573810681040976,75.02863473589973,22.84028648164727,0.6098701880035811,0.06357162041181737,0.13186257833482543,0.8045532676812892,0.1548107430617726,,,,IL,0.833
ElissaSlotkin,860547911268139008,Elissa Slotkin,Democrat,1621,56219,532,1844,2017-05-05 17:33:05+00:00,116.0,official,0.0,95.89108910891089,4.197802197802198,2.934065934065934,0.0,0.05850942728037026,0.022360354375813792,,,0.05368271761575261,0.01623313570373771,73.28606415792721,39.633756940160396,0.2815114127082048,0.04143553362122147,0.14889944478716843,0.8096570018507094,0.39267149907464527,0.3840100884463971,0.03455481058434041,3.0,MI,
DrKimSchrier,862393019173003264,Dr. Kim Schrier,Democrat,1066,12180,111,1211,2017-05-10 19:44:53+00:00,116.0,official,0.00423728813559322,94.37288135593221,3.9310344827586206,2.8177339901477834,0.0049261083743842365,0.05132394708703493,0.023347993258251615,,,0.04328832714311751,0.025107319750905587,73.95256097560976,33.15947467166979,0.7149155722326455,0.05455253283302064,0.17848499061913695,0.7669709193245778,0.39145262664165104,0.30641115627816257,0.04635938010711539,3.0,WA,
Axne4Congress,867495243482058755,Cindy Axne,Democrat,1717,30689,630,1950,2017-05-24 21:39:18+00:00,116.0,official,0.0,95.49019607843137,4.390804597701149,2.8448275862068964,0.0,0.00848619501010381,-0.020733999604396425,,,0.048448725671070204,0.018513801825009522,75.33523587652883,29.764333139196275,0.25972044263249855,0.042690157251019226,0.15951019219569018,0.7977932440302853,0.38105853232382064,0.4452715193537999,0.10570512821340995,3.0,IA,
RoKhannaUSA,867807218468605952,Ro Khanna,Democrat,1,251,0,1,2017-05-25 18:18:58+00:00,117.0,official,,,,,,-0.06765947395511263,-0.01802425442878841,,,,,99.0,1.63,0.0,0.0,0.0,1.0,0.0,0.14471227101385264,0.0272783467462908,5.0,CA,
MondaireJones,872143958847045632,Mondaire Jones,Democrat,3993,147867,1321,6037,2017-06-06 17:31:38+00:00,117.0,official,0.0,95.20727848101266,3.8621794871794872,2.78525641025641,0.00641025641025641,0.06701439701941403,0.02568719074328995,,,0.06666819124661337,0.026555095585746376,65.23160530929125,27.18365389431505,0.8354795892812422,0.07760856498873028,0.14397695967943902,0.778412722263962,0.17251800651139496,,,,NY,
DrPaulGosar,872148729184362497,Paul Gosar,Republican,4719,182041,639,6595,2017-06-06 17:50:35+00:00,116.0,official,0.35294117647058826,69.61029411764706,2.6444444444444444,1.951851851851852,0.42962962962962964,0.019308086844307376,-0.012503889316395437,,,0.01978761471635953,-0.011992532522144665,68.81907607543971,22.879169315532952,0.6408539944903582,0.07687921169739352,0.13493155329518966,0.7881888111888112,0.08148737020555202,,,,,
LaurenUnderwood,872156132688711681,Lauren Underwood,Democrat,2023,132272,269,2455,2017-06-06 18:20:00+00:00,116.0,official,0.008,94.30266666666667,4.023102310231023,2.8415841584158414,0.006600660066006601,0.03991943604752661,0.020074418567228726,,,0.04414511137984897,0.03173979417585987,71.14491349480969,32.62131487889273,0.5516312407315868,0.047860603064755314,0.18715867523479982,0.7649826989619377,0.4004455758774098,0.25761497252941395,0.060973404236483654,3.0,IL,
tammybaldwin,87510313,Tammy Baldwin,Democrat,4791,52845,4117,5542,2009-11-04 19:20:25+00:00,116.0,official,0.03006012024048096,92.87374749498998,4.002976190476191,2.7827380952380953,0.011904761904761904,0.030723244697782287,0.008685210679679202,-0.00199585700206814,-0.015239658543515956,0.04274519828381749,0.025289363086588492,76.77899603423084,27.914698392819872,0.42899603423084953,0.04482195783761219,0.14555666875391357,0.8096197036109372,0.2864351909830933,,,,,0.525
RepRalphNorman,880480631108644864,Rep. Ralph Norman,Republican,2488,39052,614,3445,2017-06-29 17:38:35+00:00,118.0,official,0.04504504504504504,85.23198198198199,3.5377358490566038,2.5047169811320753,0.1179245283018868,0.039510896163292314,0.024495147086255185,,,0.058028554275215416,0.03533816978703033,75.13304662379421,29.19173231511254,0.5997025723472669,0.06078295819935692,0.13670819935691317,0.8025176848874598,0.20421700160771705,0.9406650653073305,0.08583561853856474,5.0,SC,
HornForCongress,880850093548687360,Kendra Horn,Democrat,1062,10815,2461,1581,2017-06-30 18:06:42+00:00,116.0,official,0.0,95.125,4.170731707317073,2.902439024390244,0.0,0.044494683377821004,0.01944021151004738,,,0.048819917558572026,0.03982918304735136,66.97576850094877,26.545313092979125,0.2350189753320683,0.029996233521657253,0.16260922787193974,0.8074001883239171,0.34382514124293784,0.48889201647222,0.020919748643094867,2.0,OK,
TJCoxCongress,882843534750961664,TJ Cox,Democrat,1436,6630,665,1622,2017-07-06 06:07:55+00:00,116.0,official,0.0,95.63271604938272,4.0859375,2.9140625,0.0,-0.004372453907349497,-0.025315970919772206,,,0.01581853781108189,0.004116762262160559,75.90557799442897,25.237520891364905,0.6298119777158774,0.05162534818941504,0.15939484679665739,0.7889686629526462,0.3233873259052925,0.3304263568732231,0.027625120358481383,2.0,CA,
AlLawsonJr,88291132,Al Lawson,Democrat,807,1901,465,1230,2009-11-07 22:48:38+00:00,117.0,official,0.0,93.58108108108108,4.196969696969697,2.878787878787879,0.0,-0.03740863703047956,-0.07046300723022798,-0.03099474432942187,-0.06966121157212349,-0.03728418130820015,-0.0703838281589071,81.67944237918215,30.581251548946717,0.3261214374225527,0.02588723667905824,0.17825526641883518,0.7958525402726147,0.39439516728624535,0.2960934887488572,0.06890200959154583,5.0,FL,
SpanbergerVA07,882958562296819714,Abigail Spanberger,Democrat,4699,76996,1536,6929,2017-07-06 13:45:00+00:00,116.0,official,0.0013297872340425532,90.82779255319149,3.9881422924901186,2.877470355731225,0.001976284584980237,0.022185292278360042,0.005838213897568634,,,0.0378422794780587,0.020228276510168095,78.45463715684188,25.832575015960842,0.40400723558203877,0.04434730793785912,0.16751032134496702,0.7881440732070654,0.37520427750585233,0.45352617448589205,0.06951126281797611,3.0,VA,0.625
PeteStauber,883069589722198018,Pete Stauber,Republican,2450,7181,97,2840,2017-07-06 21:06:11+00:00,116.0,official,0.013043478260869565,92.15760869565217,3.9186351706036744,2.690288713910761,0.07874015748031496,0.014567284144754345,-0.018932199974335193,,,0.013755265325290979,-0.01717609300739511,80.66142040816327,27.767771428571425,0.3035551020408163,0.03824489795918368,0.18499591836734694,0.776754693877551,0.4124202448979592,0.6817704709836213,0.025811764800299706,3.0,MN,
SenMikeLee,88784440,Mike Lee,Republican,5470,694157,2129,6935,2009-11-09 22:47:47+00:00,117.0,official,0.051643192488262914,89.34115805946792,3.491554054054054,2.4594594594594597,0.11824324324324324,0.03377294207417719,0.0322242846514128,0.025834193959322387,0.028878225832682982,0.047837972770288256,0.03497981905223267,76.14827239488116,26.170568555758685,0.5865210237659964,0.053155393053016455,0.11905027422303474,0.8277983546617915,0.1744160511882998,0.8259506311934453,0.07962136243930469,9.0,UT,0.625
RepGaramendi,88806753,John Garamendi,Democrat,9683,33095,6525,16605,2009-11-10 00:31:12+00:00,118.0,official,0.0038071065989847717,92.7753807106599,4.10551948051948,2.8376623376623376,0.008116883116883116,-0.028121583818018006,-0.005094535676866587,-0.08435991141063987,-0.04607627845614646,0.016177440299648474,0.024873614800929405,83.59449963854178,25.405428069813077,0.36407518331095734,0.06035412578746256,0.11715170918103894,0.8224895177114531,0.14782355674894146,,,,CA,0.5
GregPenceIN,890038958104735744,Greg Pence,Republican,753,6854,177,805,2017-07-26 02:39:58+00:00,116.0,official,0.0,78.8125,3.0,2.1666666666666665,0.3333333333333333,-0.05944485964997119,-0.10210297791102259,,,-0.051408483192386556,-0.09865134993214975,83.79974767596282,33.89956175298805,0.5299999999999999,0.023216467463479416,0.228929614873838,0.7478565737051792,0.6416301460823373,0.5875385145142195,0.0814464833350083,3.0,IN,
MaxRose4NY,892491627088011264,Max Rose,Democrat,3333,57662,21807,4336,2017-08-01 21:06:00+00:00,116.0,official,0.003963011889035667,92.76155878467635,4.400269541778976,2.9191374663072778,0.0026954177897574125,0.05610626798457131,0.002706686181031656,,,0.06406773770235448,0.011868143093710006,63.17336933693369,30.35657365736574,0.7827092709270927,0.0762043204320432,0.1569018901890189,0.7668862886288629,0.19942424242424245,0.4208877265596815,0.015395672237242744,2.0,NY,
Rosa_DeLauro,893496121,Rosa DeLauro,Democrat,1081,6494,1726,1391,2012-10-20 15:42:46+00:00,116.0,official,0.0,92.74489795918367,3.893617021276596,2.74468085106383,0.02127659574468085,0.047269664921894355,0.02711200811930694,0.0521766980731024,0.030730667981749234,0.05348888852912472,0.03924226427994384,75.22880666049953,29.387696577243293,0.606327474560592,0.05060777058279371,0.1678418131359852,0.7815522664199814,0.27779158186864017,,,,,
JohnRoseforTN,894940941039144962,John Rose,Republican,1986,3309,624,2292,2017-08-08 15:18:42+00:00,116.0,official,0.17261904761904762,74.38988095238095,3.0277777777777777,2.1041666666666665,0.1875,0.01365581370714237,-0.026758007632411866,,,0.04113882450631819,0.0017062125623494566,72.56633937562941,27.016480362537767,0.6309919436052367,0.037382678751258815,0.2047084592145015,0.7579008056394764,0.45653997985901307,0.4208877265596815,0.015395672237242744,2.0,NY,
Yvette4congress,898787903609765890,Yvette Herrell,Republican,529,8100,1917,852,2017-08-19 06:05:09+00:00,117.0,official,0.06741573033707865,88.21910112359551,3.4782608695652173,2.463768115942029,0.13043478260869565,0.019083935191073622,-0.01888902402381244,,,0.02654854752459357,-0.012806752876374805,79.22657844990549,22.766672967863894,0.6010964083175804,0.03670321361058601,0.20796408317580342,0.7553402646502835,0.5194686200378071,,,,NM,
AnnMcLaneKuster,89992368,Annie Kuster,Democrat,1825,7259,1229,2552,2009-11-14 18:31:57+00:00,116.0,official,0.0,97.0746887966805,4.310679611650485,2.8446601941747574,0.0,0.020916385666668504,-0.005086100431087317,-0.0009322716529831512,-0.016560623232231834,0.02355468912118124,-0.0026690486773441107,82.5123287671233,27.264690410958902,0.4655232876712329,0.04044602739726027,0.21076986301369863,0.7487868493150686,0.4989545205479452,,,,,
gillibrandny,899978622416695297,Sen. Kirsten Gillibrand,Democrat,2786,32161,253,3325,2017-08-22 12:56:39+00:00,116.0,official,0.0,93.78116883116883,4.070422535211268,2.8816901408450706,0.0028169014084507044,0.015721390260007437,0.01480972814497832,,,0.014266062153561028,0.013952656801619825,75.36125987078249,26.82241206030151,0.8993790380473797,0.07866798277099785,0.15351902368987796,0.7678129935391241,0.26491191672648956,,,,,0.578
golden4congress,900516768032202752,Jared Golden for Congress,Democrat,549,8282,183,656,2017-08-24 00:35:03+00:00,116.0,official,0.0,96.90172955974843,4.048022598870056,2.926553672316384,0.0,0.02097367603075922,-0.0057167795987618075,,,0.013250903535292256,-0.009564270501503856,77.86384335154827,29.07063752276867,0.3936065573770492,0.043251366120218585,0.15370127504553735,0.8030455373406193,0.36029690346083787,0.4432276077202828,0.021058779472883243,3.0,ME,
Meuser4Congress,903354645623566340,Dan Meuser,Republican,449,2224,821,487,2017-08-31 20:31:45+00:00,116.0,official,0.0,86.82142857142857,4.2,2.8,0.0,-0.06919393228742741,-0.09335753398248686,,,0.028386830838160175,-0.03475691193383536,86.59340757238307,24.559532293986635,0.4675278396436525,0.024888641425389758,0.17968819599109134,0.7954320712694878,0.44233897550111356,0.6813729978584343,0.033466449896376295,3.0,PA,
RepDwightEvans,90639372,Congressman Dwight Evans (#GoBirds),Democrat,13042,20726,3536,35700,2009-11-17 14:25:20+00:00,118.0,official,0.019476905954368393,95.8864774624374,4.026974198592651,2.887412040656763,0.003127443315089914,-0.027277885337497587,-0.012257754728545966,-0.11746008805852695,-0.1019554762698452,-0.019660682718928523,0.00636288572027516,81.17637708940347,23.307056433062414,0.33939579819046156,0.04551648520165619,0.13401541174666462,0.820464806011348,0.2069606272044165,0.21730325552805016,0.1416044696375445,6.0,PA,
benraylujan,91125308,Ben Ray Luján,Democrat,2031,10762,1032,2465,2009-11-19 15:28:52+00:00,116.0,official,0.0,94.6510574018127,4.003333333333333,2.8866666666666667,0.0033333333333333335,0.019494711109405705,-0.005189370298731013,-0.01874633027996511,-0.03546544670074137,0.019069084693380964,-0.0065429446532249864,77.82231413096996,27.572402757262434,0.7208468734613491,0.05368931560807484,0.15811816838995568,0.7881900541605121,0.32136287543082226,,,,NM,
NancyMace,914815520842616834,Nancy Mace,Republican,4033,95231,2208,6813,2017-10-02 11:33:11+00:00,117.0,official,0.024615384615384615,90.36769230769231,4.066666666666666,2.687719298245614,0.07017543859649122,0.015397439679570267,-0.025284313767086095,,,0.023851314009863712,-0.020999427528402337,69.36409474206349,31.030496031746033,0.4473412698412699,0.048211009174311925,0.14669972725018596,0.8050818249442102,0.2504726010414084,,,,SC,
LoriTrahanMA,915975047545749504,Lori Trahan,Democrat,1566,7454,953,2073,2017-10-05 16:20:44+00:00,116.0,official,0.0,93.61486486486487,3.9903846153846154,2.826923076923077,0.009615384615384616,0.022489095280715864,-0.025436869237862054,,,0.05111168693098554,0.00619266288089442,76.5610607028754,35.462632587859424,0.484517571884984,0.035187739463601535,0.18649808429118772,0.7783167305236272,0.5028431034482759,0.22940457522175328,0.054136298727188406,3.0,MA,
LindaTSanchez,917408119222923264,Linda Sánchez,Democrat,336,2883,724,500,2017-10-09 15:15:15+00:00,116.0,official,0.0,100.0,3.9285714285714284,2.9285714285714284,0.0,0.010182337301777828,-0.028586577944229252,,,0.009673242521627292,-0.028446767532671165,72.46767857142856,30.706309523809523,0.4463392857142857,0.04744940476190476,0.1476875,0.8048720238095238,0.313928869047619,0.3773983797979029,0.02671615458486253,4.0,CA,
maziehirono,92186819,Senator Mazie Hirono,Democrat,5368,504962,1598,8034,2009-11-24 03:10:37+00:00,117.0,official,0.0,93.77300613496932,3.9923664122137406,2.8702290076335877,0.0,-0.015117972922631817,-0.011221554360862593,-0.1310071562508068,-0.10029753964339837,0.03978482953621381,0.02646004466646163,81.26152011922504,23.26312779433681,0.7010227272727273,0.062210134128166915,0.13970715350223548,0.7980778688524591,0.2159320603576751,,,,,
Kilili_Sablan,926446070812602371,Del. Kilili Sablan,Democrat,1885,2264,1344,2415,2017-11-03 13:48:50+00:00,118.0,official,0.0,94.76190476190476,4.37037037037037,2.962962962962963,0.0,-0.14769231640525696,-0.0775102355196445,,,-0.14924064383552696,-0.07833649476358835,90.51908222811672,23.451793103448274,0.18781432360742703,0.033723607427055706,0.10776074270557029,0.8585103448275861,0.27213400530503984,,,,MP,
DanCrenshawTX,930552552302792705,Dan Crenshaw,Republican,2996,1292991,854,3950,2017-11-14 21:46:32+00:00,116.0,official,0.01718213058419244,87.35223367697594,3.516728624535316,2.483271375464684,0.08550185873605948,0.08714169751279054,0.03896087061924639,,,0.09520337750163363,0.04614474720578336,63.8862203672788,24.067632721202003,0.6670550918196995,0.08463684913217624,0.13667923898531376,0.7786929238985314,0.11095176902536716,0.7340194753540201,0.04920150875520176,3.0,TX,0.333
RepJohnCurtis,931614483050414080,Rep. John Curtis,Republican,2923,11789,523,4560,2017-11-17 20:06:16+00:00,118.0,official,0.007594936708860759,95.56582278481012,4.086956521739131,2.8659420289855073,0.018115942028985508,-0.0005785982906028536,0.0008332027182427073,,,-0.0089317408421782,-0.001069939586559271,77.76683202189531,31.667748888128635,0.2999521040027369,0.03558159425248033,0.15718576804652754,0.8072257954156689,0.39545213821416353,0.5963838078514061,0.08852707383001349,5.0,UT,
DrMarkGreen4TN,93412074,"Mark E. Green, MD",Republican,1615,10251,5469,2107,2009-11-29 14:42:35+00:00,116.0,official,0.1423487544483986,80.91637010676156,3.377049180327869,2.331967213114754,0.14344262295081966,0.03362257998759218,0.002188625614789494,0.003875139290820053,0.007427775879588756,0.06052035323207974,0.01888728032352424,75.94216718266254,29.56488544891641,0.6590897832817337,0.05247616099071207,0.16788730650154798,0.7796377708978328,0.3139544891640867,0.6831829928857776,0.11115474053797193,3.0,TN,
RepRichHudson,935033864,Richard Hudson Press,Republican,6803,24993,2870,9632,2012-11-08 17:41:00+00:00,118.0,official,0.019064124783362217,88.45147313691508,3.9139676113360324,2.6842105263157894,0.08299595141700405,0.022282317110656175,0.019205671169201036,-0.03245413571380902,-0.02347091581437262,-0.007582477389928597,-0.012457280616648367,77.82214905188887,27.87287814199618,0.618557989122446,0.05589989710421872,0.17165456416286934,0.7724505365280023,0.30767107158606494,,,,NC,
MikeKellyPA,935368364,Rep. Mike Kelly,Republican,2956,28754,1402,4056,2012-11-08 20:31:21+00:00,118.0,official,0.04739336492890995,86.43838862559242,3.6184895833333335,2.5390625,0.1171875,-0.00543368076557081,-0.01530560213328104,-0.016331574351594085,-0.02397160483082101,-0.005452747624933324,-0.008677505098953214,82.93101826792963,25.494228687415426,0.7071617050067659,0.0576200947225981,0.1776200947225981,0.7647540595399187,0.32852077131258456,0.7910830777197798,0.07411930701631528,9.0,PA,
MadeleineDean,935717078966964228,Madeleine Dean,Democrat,1462,19962,2211,2153,2017-11-29 03:48:31+00:00,116.0,official,0.03076923076923077,92.9,3.8518518518518516,2.759259259259259,0.0,0.014170705215842985,-0.026607961766597205,,,0.0060350137911949365,-0.03464120886214538,73.73956224350205,27.058967168262654,0.602359781121751,0.04203146374829002,0.211484952120383,0.7464876880984952,0.45756819425444595,0.2060043949581788,0.06290789581894471,3.0,PA,
latta4congress,93575832,Bob Latta,Republican,1055,2095,1783,2070,2009-11-30 06:28:16+00:00,116.0,official,0.014705882352941176,85.1029411764706,3.169491525423729,2.288135593220339,0.22033898305084745,-0.0844776254168731,-0.10508173864733651,-0.14214987950352875,-0.1392815967702029,0.0037023662183516388,-0.041439385367454534,84.41958293838863,23.92051184834123,0.20727962085308058,0.0224739336492891,0.1975526066350711,0.7799763033175355,0.4212567772511848,,,,,
KathyManningNC,936626346553413633,Kathy Manning,Democrat,1356,7776,725,1800,2017-12-01 16:01:37+00:00,117.0,official,0.0,90.84967320261438,4.179856115107913,2.949640287769784,0.0,0.02429255623044504,0.010074621706174468,,,0.01664033028905563,0.01679854373896058,79.03591445427729,32.9794174041298,0.4084882005899705,0.04041592920353983,0.1820523598820059,0.7775464601769912,0.42011098820058995,,,,NC,0.5
SenTinaSmith,941000686275387392,Senator Tina Smith,Democrat,4638,96378,2279,5236,2017-12-13 17:43:41+00:00,117.0,official,0.002967359050445104,96.36461424332344,4.054329371816638,2.903225806451613,0.003395585738539898,0.054020249900306176,0.03439418837376419,,,0.06357195138715907,0.037593167592520786,72.05799482535575,30.45723803363519,0.5335230702889177,0.056457524795170334,0.1534517033203967,0.7900892626131953,0.3291141871496334,0.16253952824987314,0.06648053616085664,4.0,MN,0.625
SenDougJones,941080085121175552,Archived: Senator Doug Jones,Democrat,1460,31096,297,1746,2017-12-13 22:59:11+00:00,116.0,official,0.0,93.27489177489177,4.107317073170732,2.921951219512195,0.00975609756097561,0.03339324316152607,0.027819779420299406,,,0.03394698782436423,0.028633098922573357,75.5577191780822,31.45736301369863,0.5141506849315068,0.041878082191780824,0.1661787671232877,0.7919554794520549,0.44149479452054796,0.5952741118992865,0.0718721025674225,3.0,AL,
Bob_Casey,94154021,Bob Casey Jr.,Democrat,2105,48414,487,2408,2009-12-02 19:10:41+00:00,116.0,official,0.014925373134328358,94.58208955223881,3.9331896551724137,2.7844827586206895,0.017241379310344827,0.020314462335246246,-0.0029520215334440545,-0.03110747010446032,-0.013459435807229574,0.019296541527399545,-0.00792421368766632,75.88001425178147,27.10134916864608,0.4525605700712589,0.04578669833729216,0.14199477434679336,0.8122180522565321,0.2894007125890736,,,,,
RepSwalwell,942156122,Rep. Eric Swalwell,Democrat,12994,1470684,11787,19573,2012-11-11 20:26:01+00:00,118.0,official,0.0022988505747126436,93.88735632183908,3.964788732394366,2.835680751173709,0.01643192488262911,0.012977361975515503,-0.018426584274349025,-0.0623189243208147,-0.07255450806154734,0.054806968426647916,0.003509224986805835,66.32224873018316,29.695618747114054,0.5951069724488225,0.06827235647221794,0.1300474834539018,0.8016805448668617,0.1352871710020009,,,,CA,
SenatorHassan,946549322,Sen. Maggie Hassan,Democrat,11220,162710,547,12337,2012-11-13 21:27:37+00:00,116.0,official,0.0,96.54886211512718,4.099658703071673,2.8034129692832765,0.0020477815699658703,-0.0024427014733054025,0.018454524836639383,-0.11465865045722151,-0.08177051449685231,0.02362291074193944,0.033212707965413285,80.42307130124777,24.64130124777184,0.6414893048128343,0.05781782531194296,0.16504839572192515,0.7771331550802139,0.3127801960784314,0.342331686201551,0.1332869183917975,5.0,NH,0.542
lucymcbath,947956236804337664,Lucy McBath,Democrat,1794,122981,442,2145,2018-01-01 22:22:33+00:00,116.0,official,0.05,91.3173076923077,3.7260273972602738,2.6575342465753424,0.0410958904109589,0.054765463857000714,0.0007367544848678594,,,0.07334099886286818,0.008830939026321582,68.82676142697882,32.67570791527314,0.526438127090301,0.06876978818283166,0.15482218506131548,0.7764069119286511,0.2717272575250836,0.3018262186366029,0.07732155612207675,3.0,GA,
ElaineLuriaVA,950111395378597888,Elaine Luria,Democrat,2876,43894,1087,3988,2018-01-07 21:06:23+00:00,116.0,official,0.002574002574002574,93.51801801801801,4.101545253863135,2.8962472406181017,0.004415011037527594,0.03461539735954602,0.03198014546137832,,,0.03571685455833064,0.039275809674317645,78.40765646731572,29.106463838664812,0.42945062586926286,0.034410987482614744,0.18063525730180804,0.7849506258692629,0.4115931502086231,0.38851590546058284,0.0672458962571525,3.0,VA,
DanLipinski,950758571821629441,Dan Lipinski,Democrat,565,1587,162,585,2018-01-09 15:58:02+00:00,116.0,official,0.0,93.72368421052632,4.0606060606060606,2.9393939393939394,0.0,-0.03077620472747818,-0.07268955292414006,,,-0.016260880914979996,-0.06030921472043756,84.07109734513274,28.589132743362832,0.3583185840707964,0.0313858407079646,0.20236106194690265,0.7662548672566372,0.5476325663716815,0.471657023591997,0.05587357578848138,8.0,IL,
RepBera,950783972,"Ami Bera, M.D.",Democrat,5297,45960,2210,6507,2012-11-16 01:39:54+00:00,118.0,official,0.0,95.01662561576354,4.187203791469194,2.933649289099526,0.0,-0.002377837242672787,0.01451972933251308,-0.01935501966725266,-0.01796209714443822,0.0007477084957437578,0.019642455078910794,81.54981687747782,26.168112138946572,0.6017273928638852,0.05251198791768926,0.18073022465546534,0.7667568434963187,0.3647005474797055,0.39320623597890086,0.07067653071438945,9.0,CA,0.5
sharicedavids,950952511556538368,Sharice Davids,Democrat,1957,130379,1549,2505,2018-01-10 04:48:41+00:00,117.0,official,0.005050505050505051,94.26262626262626,3.931972789115646,2.8639455782312924,0.006802721088435374,0.019506079889472942,-0.006138675524753551,,,0.06508111756150825,0.043355880805019086,69.72942769545222,28.55141032192131,0.38782319877363314,0.031175779253960145,0.18245835462442517,0.7863673990802249,0.4259183955033214,0.31627222280378803,0.06453050523161609,3.0,KS,
DeGette5280,952540201,Diana DeGette,Democrat,1195,2907,472,1432,2012-11-16 22:39:27+00:00,116.0,official,0.008982035928143712,93.37574850299401,4.112099644128114,2.893238434163701,0.014234875444839857,0.025622111531819754,0.011295713653067734,-0.10042148762614593,-0.15225515059828942,0.03768241100794449,0.03039150929303467,75.67050209205021,26.397748953974897,0.5513221757322176,0.061407531380753146,0.17587698744769875,0.7627221757322176,0.3181560669456067,,,,,0.625
GuestCongress,953749679166156800,Michael Guest,Republican,728,2459,131,815,2018-01-17 22:03:38+00:00,116.0,official,0.0,91.0909090909091,4.142857142857143,2.7142857142857144,0.0,0.02431358144089574,-0.018936439558408322,,,0.03359184658877976,-0.027432732227577507,78.0336401098901,29.52802197802198,0.4823901098901099,0.026137362637362636,0.19525686813186813,0.7785975274725274,0.550420467032967,0.7094340196257131,0.04143463936602881,3.0,MS,
randpaul16,954705516,Rand Paul 2016,Republican,3389,3884,0,3545,2012-11-18 02:44:28+00:00,114.0,campaign,0.08333333333333333,85.246632996633,3.3598585322723253,2.442970822281167,0.1786030061892131,-0.02585796866497755,-0.04624028715973211,-0.010041775726788318,-0.03160250942707257,-0.06617143305157336,-0.07160980679906076,80.15347595160814,15.67977574505754,0.3617910888167601,0.05760371791088817,0.08614724107406314,0.8562502213042195,0.04634095603422839,,,,,
WilliamKeating,95546148,Bill Keating,Democrat,713,4232,1163,1160,2009-12-09 01:28:57+00:00,116.0,official,0.0,97.05882352941177,4.173913043478261,2.869565217391304,0.0,-0.08160545122314325,-0.09920257666607003,-0.17486978294571506,-0.18899000447228428,0.034155893895444184,0.008960149766314566,84.21852734922861,27.65286115007013,0.6967741935483871,0.028517531556802242,0.19343338008415148,0.7780476858345021,0.4314848527349229,,,,,
RepAndyHarrisMD,960962340,"Rep. Andy Harris, MD",Republican,2627,28152,751,3843,2012-11-20 18:31:27+00:00,118.0,official,0.009404388714733543,90.58463949843261,3.7510204081632654,2.6,0.12244897959183673,-0.01640267216147561,-0.010008813635123452,0.030833615808118622,0.018685816358487504,0.02776893186495203,0.03650380405573562,81.11217358203274,34.03337647506662,0.3616634944803959,0.04460944042634184,0.1266052531404644,0.8287879710696613,0.21779790635706126,0.803472228918192,0.054834981847309804,9.0,MD,
marygayscanlon,961312723035394048,Mary Gay Scanlon,Democrat,2309,12086,699,4104,2018-02-07 18:56:28+00:00,116.0,official,0.02981651376146789,93.57912844036697,3.899182561307902,2.7779291553133514,0.005449591280653951,0.04322114180612765,0.021806894747699885,,,0.03424027255693511,0.013864829289561046,73.52275877003031,27.197635339974017,0.5470809874404504,0.051056301429190126,0.17760718925941968,0.7713352100476396,0.3211492854049372,0.22471241774131534,0.13844430285794287,4.0,PA,
TraceyMannKS,963463966944059394,Tracey Mann,Republican,510,1988,226,784,2018-02-13 17:24:44+00:00,117.0,official,0.0,92.60526315789474,3.6363636363636362,2.3636363636363638,0.09090909090909091,0.008682574564004475,-0.020658375024232085,,,0.011833990750357905,-0.018438064369322597,82.62150980392157,25.228431372549018,0.3869019607843137,0.019080392156862743,0.21681568627450978,0.7640901960784313,0.6539943137254902,,,,KS,
MarkMeadows,963480595,Mark Meadows,Republican,3142,1080755,1010,5671,2012-11-22 02:20:50+00:00,116.0,official,0.06792452830188679,81.39245283018867,3.320675105485232,2.308016877637131,0.16877637130801687,0.04146128084354506,0.01743182629480972,-0.047315326013851106,-0.050641496751018374,0.08737969806835531,0.0463812598097879,73.71408656906429,29.138402291534057,0.6657861234882241,0.0656880967536601,0.12992266072565245,0.8043835136855506,0.14852947167409294,0.8846168570617021,0.06395557043358918,7.0,NC,0.25
Armstrong_ND,964996994623311874,Kelly Armstrong,Republican,461,2620,579,554,2018-02-17 22:56:27+00:00,116.0,official,0.0,89.65116279069767,3.7666666666666666,2.6666666666666665,0.0,0.0014314733812362177,-0.03306521717227001,,,0.026041398289811613,-0.004114732364090811,81.64245119305856,32.33080260303688,0.44275488069414315,0.03521041214750542,0.21221475054229935,0.7525553145336226,0.4630637744034707,0.6022493608965623,0.07454915828849341,3.0,ND,
SenTomCotton,968650362,Tom Cotton,Republican,10145,648519,365,11471,2012-11-24 19:33:10+00:00,117.0,official,0.014629948364888123,90.73493975903614,3.755226480836237,2.6559233449477353,0.03397212543554007,-0.02499557252399388,-0.010475179050560742,-0.05687131737222717,-0.03747258049244589,0.046378232483923615,0.04410866394468753,84.76713750616067,27.31060818137013,0.5513514046328241,0.0593677673730902,0.13814026614095615,0.8024945293247905,0.1840761754558896,,,,,0.303
JohnJoyceForPA,969328139485802496,John Joyce,Republican,178,1905,134,248,2018-03-01 21:46:52+00:00,116.0,official,0.0,88.73076923076923,3.888888888888889,2.6666666666666665,0.0,0.018240060445059776,-0.02503043627914439,,,0.012711458284017678,-0.038481583282602816,78.52016853932584,27.676853932584272,0.4929213483146067,0.035792134831460674,0.19028089887640448,0.7739269662921348,0.4533561797752809,0.7257742227419216,0.0756555027041487,3.0,PA,
SenWarren,970207298,Elizabeth Warren,Democrat,8745,7040138,511,10596,2012-11-25 15:14:27+00:00,117.0,official,0.0003808073115003808,94.6551789794364,3.963985594237695,2.835534213685474,0.004001600640256103,0.04822567518308432,0.04684370244769459,0.04707541762364192,0.054703514488411674,0.034581630627676975,0.036263921709535546,76.19787535734706,23.429849056603775,0.836292738707833,0.09935403087478559,0.11941555174385363,0.7812352201257862,0.05920458547741567,,,,,0.625
RepThomasMassie,975200486,Thomas Massie,Republican,13028,584064,9303,16210,2012-11-28 02:33:14+00:00,118.0,official,0.10828025477707007,82.38898999090082,3.53392705682782,2.4656488549618323,0.17472434266327397,0.028672099378921418,0.021045544492998898,-0.003603535796275087,-0.004730434960444375,0.03355433734379854,0.027089955033057424,67.25115059871047,29.165898833282164,0.3623741172858459,0.056060254835738406,0.0943360454405895,0.8496066165182683,0.07408271415412956,,,,KY,
ReElectHank,97583689,Hank Johnson,Democrat,1725,2322,938,2385,2009-12-18 03:02:53+00:00,116.0,official,0.021660649819494584,92.34115523465704,3.892703862660944,2.708154506437768,0.034334763948497854,-0.04265071147253895,-0.034148711451022065,-0.01623599989405399,-0.028373252068327203,-0.0648160574505792,-0.04569152239653488,79.42314202898551,23.44964057971014,0.5433855072463768,0.048405217391304343,0.13765797101449276,0.8139426086956522,0.247159884057971,0.21675663799414982,0.06285035144924171,9.0,GA,0.583
RepDaveJoyce,976969338,Dave Joyce,Republican,5084,24007,2648,6317,2012-11-28 21:12:14+00:00,118.0,official,0.0021413276231263384,91.90471092077088,3.8923444976076556,2.7942583732057416,0.05980861244019139,-0.0191817634716772,-0.012289792864998096,-0.013836658827815745,0.0029423173322890737,-0.002669116490659347,-0.00282361458395743,82.01236034618411,27.15067663257278,0.5011132966168371,0.04276888276947286,0.19112627852084974,0.7661024783634933,0.40013725413060586,0.693127285090774,0.07593792735791563,9.0,OH,1.0
votemorelle,977247448820305920,Joe Morelle,Democrat,696,1885,222,730,2018-03-23 18:15:22+00:00,116.0,official,0.0,91.73076923076923,3.871794871794872,2.769230769230769,0.0,0.053893232693293755,0.021241214188512214,,,0.05907547456904371,0.02779784512599792,78.04867816091954,36.02314655172414,0.6166954022988506,0.0582485632183908,0.19179454022988507,0.7499597701149425,0.48216637931034484,0.2840274618857076,0.06806047721593528,4.0,NY,
RoundsforSenate,978029858,Mike Rounds,Republican,579,2676,87,703,2012-11-29 10:04:17+00:00,115.0,campaign,0.0625,84.65625,4.0,2.7,0.2,-0.030380285261730033,-0.060015482416794094,0.05552239781229441,0.010226916706907844,-0.013726703322901981,-0.03909982474622531,86.31139896373058,26.406614853195165,0.2158894645941278,0.019525043177892918,0.22793264248704664,0.7525354058721935,0.4811117443868739,0.8792625734004832,0.07086566564630249,7.0,SD,
JaimeForUSRep,97963837,Jaime Herrera Beutler,Republican,507,4623,989,621,2009-12-19 19:17:31+00:00,116.0,official,0.0,93.18695652173913,4.776785714285714,2.9464285714285716,0.0,0.02259690813547962,0.024407019654958194,0.08959008604585253,-0.028140462700819324,0.03014248668494248,0.035199871486998706,78.08410256410257,29.492702169625247,0.5597435897435897,0.04919921104536489,0.1890749506903353,0.761723865877712,0.39973353057199207,,,,WA,
SenHydeSmith,983348251972816896,U.S. Senator Cindy Hyde-Smith,Republican,2887,26845,670,3331,2018-04-09 14:17:47+00:00,117.0,official,0.025477707006369428,86.06687898089172,3.8508771929824563,2.6403508771929824,0.07017543859649122,-0.023431748748540735,-0.014214482261578692,,,-0.017528016586468097,-0.009831287855850803,81.9964911673017,21.439702112919985,0.6252164877034985,0.04966262556286803,0.194829580879806,0.7555077935573259,0.4447349151368202,0.841684800950137,0.06667521638196296,4.0,MS,
Liz_Cheney,98471035,Liz Cheney,Republican,1932,589457,916,2522,2009-12-21 21:06:44+00:00,117.0,official,0.04838709677419355,88.06854838709677,3.409465020576132,2.4300411522633745,0.14814814814814814,0.017732469807733787,-0.01797723903465153,0.03807192782600743,0.0014693059731564597,0.0206554192253318,-0.02818163679139583,74.6242857142857,22.342427536231884,0.8959472049689441,0.07387888198757764,0.1736506211180124,0.7524746376811594,0.22025874741200827,0.6385124388759744,0.044181718501607625,5.0,WY,
BryanSteil,986423555025002497,Bryan Steil,Republican,1506,4739,128,1722,2018-04-18 01:57:57+00:00,116.0,official,0.016129032258064516,90.25806451612904,3.789473684210526,2.6842105263157894,0.09473684210526316,-0.012024473008436619,-0.024174658653401803,,,-0.01517300103305458,-0.030618251719882535,84.70420982735723,33.9729614873838,0.2838844621513944,0.03663014608233732,0.1793851261620186,0.7839873837981407,0.3620332669322709,0.5945903573087854,0.03497820450520715,3.0,WI,
jeffsessions,986781648,Jeff Sessions,Republican,1082,68963,99,1398,2012-12-03 14:59:34+00:00,114.0,campaign,0.18061674008810572,79.2136563876652,3.079295154185022,2.1806167400881056,0.22026431718061673,0.05619449590114695,0.021671306982482142,,,0.05624724877383198,0.021621873814190208,72.2164325323475,26.316487985212568,0.848290203327172,0.07941312384473198,0.13250462107208874,0.7880813308687615,0.1483764325323475,0.8502047581131721,0.006097628537208162,4.0,AL,0.348
JahanaHayesCT,991721030631780354,Jahana Hayes,Democrat,1521,39108,166,2048,2018-05-02 16:48:13+00:00,116.0,official,0.0,91.875,4.0,2.8518518518518516,0.0,0.015023944688540705,-0.013785952947857028,,,0.023492040291904253,-0.007909649309153246,70.36564760026297,30.391157133464823,0.16384615384615386,0.029327416173570018,0.180172255095332,0.7904891518737673,0.40805279421433266,0.108880955704111,0.04792077304286533,3.0,CT,
RodneyDavis,993153006,Rodney Davis,Republican,6154,28277,1286,8883,2012-12-06 14:20:04+00:00,118.0,official,0.01072961373390558,91.52360515021459,4.112345679012345,2.7876543209876545,0.06172839506172839,-0.03375236070727543,-0.02045449570754905,-0.059453336028315804,-0.031909096572633085,-0.016147589972108453,-0.005385921999457235,82.03462138446538,27.141873578160546,0.4433506662333442,0.036243743906402344,0.16370441988950277,0.8000487487812805,0.3656273318167046,0.7409889717086359,0.02831240847301569,9.0,IL,
RepDelBene,995193054,Rep. Suzan DelBene,Democrat,8262,34008,1902,9938,2012-12-07 14:40:48+00:00,118.0,official,0.0,96.81380753138075,4.032006920415225,2.940311418685121,0.0008650519031141869,0.020021886305670776,0.040906027555179206,0.01523531449354009,0.03007637486390538,0.014335136118139231,0.043839455652413005,82.4421181312031,27.106446381021545,0.5157322682159283,0.05353062212539336,0.17022803195352215,0.7762385620915033,0.34137091503267974,,,,WA,
RepDLesko,996094929733652481,Congresswoman Debbie Lesko,Republican,6742,117362,1169,7916,2018-05-14 18:28:32+00:00,118.0,official,0.03893805309734513,83.03805309734513,3.5171790235081373,2.4873417721518987,0.08589511754068715,-0.013147819347473496,-0.0013040461356061542,,,-0.010725697127613591,0.000725389519846354,83.51711361613765,25.421251854049242,0.6152595668940967,0.07568243844556512,0.12640151290418272,0.797912340551765,0.14010866211806586,0.8342638891247615,0.10524242699081073,4.0,AZ,
RepSummerLee,999285287812558848,Congresswoman Summer Lee,Democrat,690,12538,1008,911,2018-05-23 13:45:53+00:00,118.0,official,0.03571428571428571,90.78571428571429,4.173913043478261,2.9130434782608696,0.0,-0.03451952781124649,0.0037440959798976537,,,-0.03462305543823361,0.003807579574337989,79.52252173913044,32.39531884057971,0.30188405797101453,0.042618840579710146,0.1509391304347826,0.8064333333333333,0.3872907246376811,,,,PA,
