cidade	p2a	b9a	deam	knowdeam1	female	knowvictim	marital_status	children	classe	homiciderate	femiciderate	civilpolice	b11ar	c1r	b4gr	q91cr	q89er	color	q53r	q91er	edlevel	a3aer	b4dr	vaw_law	education_muni_2010	c6r	num_years	Loggdp_2012	Logpopsize	yearscollective	protest_fem
1.0	2.0	1.0	1		1.0	1.0	1.0	4.0	4.0	56.503304	5.9	1	1.0	0.0	3.0	3.0	8.0	1.0	2.0	4.0	2.0	1.0	5.0	0	0.658	4.0	26	10.194699	14.437075	22.0	3
1.0	2.0	1.0	1	1.0	1.0	1.0	4.0	4.0	4.0	56.503304	5.9	1	3.0	0.0	1.0	1.0	4.0	1.0	2.0	4.0	2.0	1.0	5.0	0	0.658	4.0	26	10.194699	14.437075	22.0	3
1.0	1.0	0.0	1	0.0	1.0	1.0	2.0	0.0	4.0	56.503304	5.9	1	3.0	0.0	4.0	1.0	10.0	3.0	2.0	4.0	2.0	1.0	5.0	0	0.658	4.0	26	10.194699	14.437075	22.0	3
1.0	1.0		1	0.0	0.0	1.0	2.0	0.0	5.0	56.503304	5.9	1	5.0	0.0	4.0	4.0	10.0	1.0	2.0	4.0	2.0	3.0	5.0	0	0.658	3.0	26	10.194699	14.437075	22.0	3
1.0	3.0		1	1.0	0.0	0.0	3.0	3.0	3.0	56.503304	5.9	1	5.0	1.0	4.0	5.0	9.0	3.0	1.0	5.0	2.0	2.0	5.0	0	0.658	5.0	26	10.194699	14.437075	22.0	3
1.0	1.0		1	1.0	0.0	0.0	1.0	0.0	5.0	56.503304	5.9	1	5.0	0.0	5.0	5.0	9.0	1.0	2.0	5.0	2.0	4.0	5.0	0	0.658	4.0	26	10.194699	14.437075	22.0	3
1.0	1.0		1	1.0	0.0	0.0	1.0	0.0	5.0	56.503304	5.9	1	5.0	0.0	5.0	4.0	9.0	3.0	2.0	4.0	2.0	4.0	4.0	0	0.658	3.0	26	10.194699	14.437075	22.0	3
1.0	1.0		1	0.0	0.0	0.0	2.0	0.0	3.0	56.503304	5.9	1	5.0	0.0	1.0	1.0	8.0	3.0	2.0	5.0	1.0	1.0	5.0	0	0.658		26	10.194699	14.437075	22.0	3
1.0	2.0		1	0.0	0.0	0.0	2.0	2.0	4.0	56.503304	5.9	1	3.0	0.0	4.0	3.0	9.0	3.0	2.0	4.0	1.0	1.0	5.0	0	0.658	4.0	26	10.194699	14.437075	22.0	3
1.0	3.0	0.0	1	0.0	1.0	0.0	2.0	8.0	4.0	56.503304	5.9	1	3.0	0.0	3.0	3.0	9.0	1.0	2.0	4.0	1.0	1.0	5.0	0	0.658	4.0	26	10.194699	14.437075	22.0	3
1.0	1.0	0.0	1	0.0	1.0	0.0	4.0	1.0	3.0	56.503304	5.9	1	3.0	0.0	3.0	1.0	9.0	3.0	2.0	4.0	1.0	1.0	5.0	0	0.658	4.0	26	10.194699	14.437075	22.0	3
1.0	2.0	0.0	1	0.0	1.0	1.0	1.0	1.0	3.0	56.503304	5.9	1	4.0	0.0	4.0	3.0	9.0	3.0	2.0	4.0	1.0	1.0	4.0	0	0.658	4.0	26	10.194699	14.437075	22.0	3
1.0	2.0		1	0.0	0.0	1.0	3.0	1.0	4.0	56.503304	5.9	1	3.0	0.0	3.0	3.0	10.0	5.0	2.0	3.0	1.0	1.0	5.0	0	0.658	4.0	26	10.194699	14.437075	22.0	3
1.0	3.0		1	0.0	0.0	0.0	2.0	4.0	4.0	56.503304	5.9	1	4.0	0.0	4.0	3.0	9.0	2.0	2.0	4.0	1.0	2.0	4.0	0	0.658	4.0	26	10.194699	14.437075	22.0	3
1.0	1.0	0.0	1	0.0	1.0	0.0	2.0	0.0	5.0	56.503304	5.9	1	3.0	0.0	4.0	2.0	9.0	2.0	2.0	4.0	1.0	1.0	1.0	0	0.658	2.0	26	10.194699	14.437075	22.0	3
1.0	1.0		1	0.0	0.0	0.0	2.0	0.0	5.0	56.503304	5.9	1	5.0	0.0	5.0	5.0	9.0	2.0	2.0	5.0	1.0	4.0	5.0	0	0.658	3.0	26	10.194699	14.437075	22.0	3
1.0	1.0		1	0.0	0.0	0.0	3.0	2.0	5.0	56.503304	5.9	1	5.0	1.0	5.0	5.0	8.0	3.0	2.0	4.0	1.0	3.0	5.0	0	0.658	3.0	26	10.194699	14.437075	22.0	3
1.0	2.0	0.0	1	0.0	1.0	0.0	3.0	0.0	4.0	56.503304	5.9	1	4.0	0.0	4.0	3.0	10.0	2.0	2.0	4.0	1.0	2.0	5.0	0	0.658	3.0	26	10.194699	14.437075	22.0	3
1.0	2.0		1	0.0	0.0	0.0	4.0	2.0	5.0	56.503304	5.9	1	4.0	0.0	3.0	5.0	9.0	1.0	2.0	5.0	1.0	2.0	4.0	0	0.658	3.0	26	10.194699	14.437075	22.0	3
1.0	3.0	0.0	1	0.0	1.0	0.0	6.0	6.0	4.0	56.503304	5.9	1	5.0	0.0	5.0	3.0	10.0	2.0	2.0	4.0	1.0	4.0	5.0	0	0.658	1.0	26	10.194699	14.437075	22.0	3
1.0	3.0	0.0	1	0.0	1.0	0.0	3.0	5.0	4.0	56.503304	5.9	1	4.0	0.0	4.0	3.0	10.0	2.0	2.0	3.0	1.0	1.0	5.0	0	0.658	4.0	26	10.194699	14.437075	22.0	3
1.0	1.0	0.0	1	0.0	1.0	1.0	1.0	0.0	3.0	56.503304	5.9	1	5.0	1.0	1.0	1.0	7.0	3.0	1.0	5.0	3.0	2.0	5.0	0	0.658	4.0	26	10.194699	14.437075	22.0	3
1.0	2.0	0.0	1	0.0	1.0	0.0	1.0	2.0	3.0	56.503304	5.9	1	5.0	0.0	4.0	2.0	7.0	3.0	1.0	5.0	3.0	2.0	5.0	0	0.658	3.0	26	10.194699	14.437075	22.0	3
1.0	1.0	0.0	1	0.0	1.0	0.0	1.0	0.0	3.0	56.503304	5.9	1	5.0	0.0	1.0	4.0	9.0	1.0	1.0	4.0	3.0	3.0	5.0	0	0.658	4.0	26	10.194699	14.437075	22.0	3
1.0	3.0		1	0.0	0.0	0.0	3.0	3.0	3.0	56.503304	5.9	1	5.0	0.0	4.0	4.0	8.0	1.0	1.0	4.0	3.0	3.0	5.0	0	0.658	5.0	26	10.194699	14.437075	22.0	3
1.0	2.0	0.0	1	1.0	1.0	0.0	2.0	0.0	3.0	56.503304	5.9	1	3.0	0.0	3.0	2.0	9.0	3.0	1.0	5.0	3.0	1.0	5.0	0	0.658	4.0	26	10.194699	14.437075	22.0	3
1.0	1.0		1	0.0	0.0	0.0	4.0	1.0	3.0	56.503304	5.9	1	5.0	0.0	4.0	3.0	6.0	1.0	1.0	4.0	3.0	2.0	5.0	0	0.658	3.0	26	10.194699	14.437075	22.0	3
1.0	3.0		1	0.0	0.0	0.0	3.0	4.0	3.0	56.503304	5.9	1	5.0	0.0	1.0	2.0	7.0	1.0	1.0	4.0	3.0	2.0	5.0	0	0.658	4.0	26	10.194699	14.437075	22.0	3
1.0	2.0		1	1.0	0.0	0.0	3.0	1.0	2.0	56.503304	5.9	1	5.0	0.0	4.0	2.0	10.0	3.0	1.0	5.0	2.0	2.0	5.0	0	0.658	5.0	26	10.194699	14.437075	22.0	3
1.0	2.0	0.0	1	0.0	1.0	0.0	2.0	2.0	4.0	56.503304	5.9	1	3.0	0.0	3.0	1.0	0.0	3.0	2.0	5.0	2.0	1.0	4.0	0	0.658	4.0	26	10.194699	14.437075	22.0	3
1.0	3.0		1	0.0	0.0	1.0	3.0	4.0	4.0	56.503304	5.9	1	5.0	0.0	3.0	3.0	9.0	2.0	2.0	4.0	1.0	2.0	5.0	0	0.658	4.0	26	10.194699	14.437075	22.0	3
1.0	1.0	1.0	1	0.0	1.0	1.0	1.0	1.0	4.0	56.503304	5.9	1	3.0	0.0	3.0	3.0	10.0	3.0	2.0	4.0	1.0	2.0	5.0	0	0.658	2.0	26	10.194699	14.437075	22.0	3
1.0	1.0	0.0	1	0.0	1.0	1.0	1.0	0.0	4.0	56.503304	5.9	1	4.0	1.0	3.0	4.0	10.0	3.0	2.0	4.0	1.0	2.0	5.0	0	0.658	4.0	26	10.194699	14.437075	22.0	3
1.0	3.0		1	1.0	0.0	0.0	3.0	3.0	5.0	56.503304	5.9	1	2.0	1.0	4.0	4.0	8.0	1.0	2.0	4.0	1.0	4.0	5.0	0	0.658	4.0	26	10.194699	14.437075	22.0	3
1.0	2.0		1	1.0	0.0	0.0	1.0	1.0	4.0	56.503304	5.9	1	5.0	0.0	5.0	4.0	6.0	3.0	1.0	5.0	1.0	2.0	5.0	0	0.658	4.0	26	10.194699	14.437075	22.0	3
2.0	2.0		1	0.0	0.0	1.0	2.0	1.0	4.0	45.588932	6.6	1	4.0	0.0	3.0	3.0	8.0	1.0	2.0	3.0	2.0	2.0	5.0	0	0.673	3.0	26	8.705903	14.159405	0.0	2
2.0	1.0	0.0	1	0.0	1.0	0.0	4.0	1.0	4.0	45.588932	6.6	1	4.0	1.0	3.0	3.0	8.0	1.0	2.0	4.0	2.0	2.0	2.0	0	0.673	3.0	26	8.705903	14.159405	0.0	2
2.0	1.0	1.0	1	1.0	1.0	1.0	2.0	1.0	4.0	45.588932	6.6	1	5.0	0.0	3.0	3.0	8.0	3.0	2.0	3.0	2.0	2.0	5.0	0	0.673	3.0	26	8.705903	14.159405	0.0	2
2.0	3.0		1	1.0	0.0	0.0	3.0	2.0	4.0	45.588932	6.6	1	3.0	1.0	4.0	4.0	9.0	1.0	2.0	4.0	2.0	3.0	4.0	0	0.673	3.0	26	8.705903	14.159405	0.0	2
2.0	3.0		1	1.0	0.0	0.0	3.0	3.0	4.0	45.588932	6.6	1	4.0	1.0	4.0	4.0	9.0		2.0	3.0	2.0	4.0	5.0	0	0.673	2.0	26	8.705903	14.159405	0.0	2
2.0	2.0	1.0	1	1.0	1.0	0.0	1.0	0.0	4.0	45.588932	6.6	1	4.0	0.0	4.0	4.0	10.0	1.0	2.0	3.0	2.0	3.0	4.0	0	0.673	3.0	26	8.705903	14.159405	0.0	2
2.0	2.0		1	0.0	0.0	1.0	3.0	2.0	3.0	45.588932	6.6	1	4.0	1.0	4.0	4.0	9.0	3.0	2.0	4.0	3.0	3.0	4.0	0	0.673	3.0	26	8.705903	14.159405	0.0	2
2.0	1.0		1	1.0	0.0	0.0	2.0	0.0	3.0	45.588932	6.6	1	4.0	0.0	4.0	4.0	9.0	1.0	2.0	4.0	3.0	3.0	4.0	0	0.673	2.0	26	8.705903	14.159405	0.0	2
2.0	1.0		1	1.0	0.0	0.0	2.0	0.0	3.0	45.588932	6.6	1	4.0	0.0	4.0	4.0	10.0	1.0	2.0	3.0	3.0	3.0	4.0	0	0.673	3.0	26	8.705903	14.159405	0.0	2
2.0	2.0		1	1.0	0.0	0.0	2.0	0.0	3.0	45.588932	6.6	1	4.0	0.0	3.0	4.0	9.0	1.0	1.0	3.0	3.0	3.0	4.0	0	0.673	2.0	26	8.705903	14.159405	0.0	2
2.0	1.0	0.0	1	0.0	1.0	0.0	4.0	2.0	3.0	45.588932	6.6	1	3.0	0.0	4.0	4.0	9.0	1.0	2.0	4.0	3.0	3.0	4.0	0	0.673	3.0	26	8.705903	14.159405	0.0	2
2.0	1.0	0.0	1	1.0	1.0	0.0	2.0	0.0	3.0	45.588932	6.6	1	4.0	1.0	4.0	4.0	10.0	2.0	2.0	4.0	3.0	3.0	3.0	0	0.673	3.0	26	8.705903	14.159405	0.0	2
2.0	2.0	0.0	1	1.0	1.0	1.0	3.0	1.0	3.0	45.588932	6.6	1	4.0	1.0	4.0	3.0	10.0	1.0	1.0	3.0	3.0	4.0	4.0	0	0.673	3.0	26	8.705903	14.159405	0.0	2
2.0	3.0	0.0	1		1.0	0.0	3.0	6.0	4.0	45.588932	6.6	1	5.0	0.0	1.0	3.0	6.0	3.0	2.0	3.0	1.0	2.0	5.0	0	0.673	2.0	26	8.705903	14.159405	0.0	2
2.0	1.0	0.0	1	1.0	1.0	0.0	2.0	0.0	4.0	45.588932	6.6	1	1.0	0.0	5.0	4.0	10.0	3.0	2.0	4.0	1.0	4.0	5.0	0	0.673	2.0	26	8.705903	14.159405	0.0	2
2.0	1.0		1	1.0	0.0	1.0	2.0	0.0	3.0	45.588932	6.6	1	3.0	0.0	4.0	3.0	9.0	2.0	2.0	4.0	1.0	3.0	5.0	0	0.673	4.0	26	8.705903	14.159405	0.0	2
2.0	2.0	0.0	1	1.0	1.0	0.0	1.0	4.0	4.0	45.588932	6.6	1	1.0	0.0	5.0	1.0	10.0	3.0	2.0	5.0	1.0	2.0	5.0	0	0.673	2.0	26	8.705903	14.159405	0.0	2
2.0	1.0		1	1.0	0.0	1.0	2.0	1.0	3.0	45.588932	6.6	1	2.0	0.0	5.0	1.0	9.0	3.0	2.0	4.0	1.0	3.0	5.0	0	0.673	4.0	26	8.705903	14.159405	0.0	2
2.0	2.0		1	0.0	0.0	1.0	3.0	0.0	3.0	45.588932	6.6	1	4.0	0.0	1.0	3.0	9.0	1.0	2.0	3.0	1.0	3.0	5.0	0	0.673	4.0	26	8.705903	14.159405	0.0	2
2.0	1.0	0.0	1	1.0	1.0	1.0	4.0	2.0	4.0	45.588932	6.6	1	5.0	0.0	1.0	4.0	9.0	2.0	2.0	2.0	1.0	3.0	5.0	0	0.673	4.0	26	8.705903	14.159405	0.0	2
3.0	1.0		1	0.0	0.0	0.0	2.0	0.0	5.0	33.012394	6.3	1	5.0	1.0	1.0	4.0	5.0	3.0	2.0	5.0	1.0	2.0	5.0	0	0.661	2.0	27	9.560998	12.760975	0.0	0
3.0	1.0	0.0	1	0.0	1.0	0.0	2.0	1.0	5.0	33.012394	6.3	1	5.0	0.0	1.0	5.0	8.0	2.0	2.0	5.0	1.0	2.0	5.0	0	0.661	2.0	27	9.560998	12.760975	0.0	0
3.0	1.0		1	0.0	0.0	0.0	2.0	0.0	5.0	33.012394	6.3	1	5.0	1.0	1.0	4.0	9.0	1.0	2.0	4.0	1.0	2.0	5.0	0	0.661	3.0	27	9.560998	12.760975	0.0	0
3.0	2.0	0.0	1	0.0	1.0	0.0	2.0	1.0	5.0	33.012394	6.3	1	5.0	1.0	1.0	4.0	5.0	1.0	2.0	4.0	1.0	1.0	5.0	0	0.661	2.0	27	9.560998	12.760975	0.0	0
3.0	2.0		1	0.0	0.0	0.0	5.0	2.0	5.0	33.012394	6.3	1	5.0	1.0	1.0	4.0	1.0	3.0	2.0	4.0	1.0	3.0	5.0	0	0.661	3.0	27	9.560998	12.760975	0.0	0
3.0	3.0	0.0	1	0.0	1.0	0.0	4.0	2.0		33.012394	6.3	1		0.0	5.0	5.0	7.0	3.0	2.0	4.0	1.0	2.0	5.0	0	0.661	3.0	27	9.560998	12.760975	0.0	0
3.0	1.0		1	0.0	0.0	0.0	5.0	1.0	3.0	33.012394	6.3	1	5.0	0.0	1.0	4.0	8.0	2.0	2.0	5.0	1.0	2.0	5.0	0	0.661	3.0	27	9.560998	12.760975	0.0	0
3.0	3.0		1	0.0	0.0	0.0	3.0	4.0	4.0	33.012394	6.3	1	5.0	1.0	1.0	4.0	5.0	3.0	1.0	4.0	2.0	2.0	5.0	0	0.661	3.0	27	9.560998	12.760975	0.0	0
3.0	2.0	0.0	1	0.0	1.0	0.0	1.0	1.0	4.0	33.012394	6.3	1	5.0	1.0	1.0	4.0	8.0	3.0	2.0	4.0	2.0	2.0	5.0	0	0.661	4.0	27	9.560998	12.760975	0.0	0
3.0	2.0		1	0.0	0.0	0.0	3.0	2.0	4.0	33.012394	6.3	1	5.0	0.0	1.0	4.0	5.0	3.0	2.0	5.0	2.0	1.0	5.0	0	0.661	2.0	27	9.560998	12.760975	0.0	0
3.0	1.0	0.0	1	0.0	1.0	0.0	1.0	0.0	5.0	33.012394	6.3	1	5.0	1.0	1.0	2.0	10.0	3.0	2.0	5.0	2.0	1.0	5.0	0	0.661	3.0	27	9.560998	12.760975	0.0	0
3.0	3.0	0.0	1	0.0	1.0	0.0	4.0	5.0	4.0	33.012394	6.3	1	5.0	0.0	1.0	4.0	8.0	5.0	2.0	4.0	2.0	2.0	5.0	0	0.661	3.0	27	9.560998	12.760975	0.0	0
3.0	1.0		1	0.0	0.0	1.0	1.0	0.0	4.0	33.012394	6.3	1	5.0	1.0	1.0	2.0	5.0	3.0	2.0	5.0	2.0	2.0	5.0	0	0.661	3.0	27	9.560998	12.760975	0.0	0
3.0	1.0		1	0.0	0.0	1.0	1.0	0.0	4.0	33.012394	6.3	1	5.0	1.0	1.0	4.0	7.0	1.0	1.0	4.0	2.0	1.0	5.0	0	0.661	4.0	27	9.560998	12.760975	0.0	0
4.0	2.0		0	0.0	0.0	0.0	3.0	1.0	4.0	11.919804	2.0	1	4.0	0.0	5.0	2.0	10.0	3.0	2.0	4.0	1.0	1.0	5.0	0	0.476	4.0	0	9.0093155	10.644162	0.0	0
4.0	1.0	0.0	0	1.0	1.0	1.0	2.0	0.0	4.0	11.919804	2.0	1	4.0	1.0	5.0	3.0	10.0	2.0	2.0	4.0	1.0	1.0	5.0	0	0.476	4.0	0	9.0093155	10.644162	0.0	0
4.0	1.0		0	1.0	0.0	0.0	2.0	2.0	4.0	11.919804	2.0	1	4.0	1.0	4.0	4.0	8.0	2.0	2.0	4.0	1.0	2.0	5.0	0	0.476	4.0	0	9.0093155	10.644162	0.0	0
4.0	3.0	0.0	0	0.0	1.0	0.0	3.0	6.0	5.0	11.919804	2.0	1	3.0	0.0	4.0	3.0	10.0	1.0	2.0	5.0	1.0	2.0	4.0	0	0.476	3.0	0	9.0093155	10.644162	0.0	0
4.0	1.0		0	0.0	0.0	0.0	3.0	1.0	4.0	11.919804	2.0	1	4.0	0.0	4.0	3.0	10.0	2.0	2.0	5.0	1.0	1.0	4.0	0	0.476	4.0	0	9.0093155	10.644162	0.0	0
4.0	2.0	0.0	0	0.0	1.0	0.0	6.0	5.0		11.919804	2.0	1	3.0	0.0	4.0	2.0	10.0	2.0	2.0	4.0	1.0	1.0	5.0	0	0.476	2.0	0	9.0093155	10.644162	0.0	0
4.0	1.0		0	0.0	0.0	0.0	1.0	1.0	4.0	11.919804	2.0	1	4.0	0.0	3.0	2.0	9.0	1.0	2.0	4.0	1.0	2.0	4.0	0	0.476	3.0	0	9.0093155	10.644162	0.0	0
4.0	1.0		0	0.0	0.0	1.0	2.0	0.0	4.0	11.919804	2.0	1	4.0	0.0	4.0	4.0	10.0	1.0	2.0	4.0	1.0	1.0	4.0	0	0.476	4.0	0	9.0093155	10.644162	0.0	0
4.0	1.0		0	0.0	0.0	1.0	2.0	0.0		11.919804	2.0	1	4.0	0.0	4.0	4.0	10.0	1.0	2.0	4.0	1.0	1.0	4.0	0	0.476	4.0	0	9.0093155	10.644162	0.0	0
4.0	1.0		0	1.0	0.0	0.0	1.0	1.0	4.0	11.919804	2.0	1	4.0	1.0	1.0	3.0	10.0	3.0	2.0	4.0	1.0	2.0	5.0	0	0.476	3.0	0	9.0093155	10.644162	0.0	0
4.0	1.0	0.0	0	0.0	1.0	0.0	3.0	1.0	4.0	11.919804	2.0	1	3.0	0.0	3.0	3.0	10.0	1.0	2.0	4.0	1.0	2.0	5.0	0	0.476	4.0	0	9.0093155	10.644162	0.0	0
4.0	2.0	0.0	0	1.0	1.0	0.0	2.0	2.0	4.0	11.919804	2.0	1	4.0	0.0	5.0	3.0	0.0	3.0	2.0	4.0	1.0	2.0	5.0	0	0.476	4.0	0	9.0093155	10.644162	0.0	0
4.0	2.0		0	0.0	0.0	1.0	1.0	3.0	4.0	11.919804	2.0	1	4.0	0.0	1.0	2.0	9.0	3.0	2.0	4.0	1.0	2.0	5.0	0	0.476	4.0	0	9.0093155	10.644162	0.0	0
4.0	3.0		0	0.0	0.0	0.0	6.0	2.0	5.0	11.919804	2.0	1	4.0	0.0	3.0	2.0	10.0	1.0	2.0	4.0	1.0	2.0	5.0	0	0.476	4.0	0	9.0093155	10.644162	0.0	0
5.0	1.0		0	0.0	0.0	0.0	1.0	0.0	5.0	125.66631	8.0	1	5.0	0.0	5.0	5.0	9.0	2.0	2.0	5.0	1.0	4.0	5.0	0	0.658	4.0	0	9.058299	13.08947	0.0	0
5.0	1.0	1.0	0	0.0	1.0	1.0	4.0	2.0	4.0	125.66631	8.0	1	5.0	1.0	2.0	1.0	10.0	3.0	2.0	4.0	1.0	2.0	5.0	0	0.658	5.0	0	9.058299	13.08947	0.0	0
5.0	2.0	0.0	0	1.0	1.0	1.0	2.0	1.0	4.0	125.66631	8.0	1	5.0	0.0	1.0	4.0	10.0	1.0	2.0	4.0	1.0	2.0	5.0	0	0.658	4.0	0	9.058299	13.08947	0.0	0
5.0	2.0		0	0.0	0.0	0.0	3.0	2.0	4.0	125.66631	8.0	1	5.0	0.0	4.0	4.0	10.0	1.0	2.0	4.0	1.0	3.0	5.0	0	0.658	3.0	0	9.058299	13.08947	0.0	0
5.0	2.0	0.0	0	0.0	1.0	0.0	1.0	3.0		125.66631	8.0	1	5.0	0.0	1.0	1.0	10.0	3.0	2.0	4.0	1.0	3.0	5.0	0	0.658	5.0	0	9.058299	13.08947	0.0	0
5.0	3.0		0	1.0	0.0	0.0	5.0	0.0	4.0	125.66631	8.0	1	5.0	1.0	4.0	4.0	9.0	2.0	2.0	4.0	1.0	2.0	5.0	0	0.658	3.0	0	9.058299	13.08947	0.0	0
5.0	3.0		0	0.0	0.0	0.0	3.0	3.0	4.0	125.66631	8.0	1	5.0	1.0	1.0	4.0	9.0	1.0	2.0	2.0	1.0	2.0	5.0	0	0.658	3.0	0	9.058299	13.08947	0.0	0
5.0	1.0		0	0.0	0.0	0.0	1.0	0.0	4.0	125.66631	8.0	1	5.0	0.0	4.0	3.0	7.0	1.0	2.0	5.0	2.0	2.0	5.0	0	0.658	3.0	0	9.058299	13.08947	0.0	0
5.0	1.0	1.0	0	1.0	1.0	1.0	3.0	1.0	4.0	125.66631	8.0	1	4.0	0.0	1.0	1.0	10.0	1.0	2.0	5.0	2.0	2.0	5.0	0	0.658	5.0	0	9.058299	13.08947	0.0	0
5.0	1.0		0	1.0	0.0	0.0	2.0	0.0	4.0	125.66631	8.0	1	5.0	1.0	4.0	4.0	8.0	1.0	2.0	4.0	2.0	4.0	5.0	0	0.658	5.0	0	9.058299	13.08947	0.0	0
5.0	1.0		0	1.0	0.0	1.0	4.0	2.0	4.0	125.66631	8.0	1	3.0	1.0	3.0	1.0	9.0	2.0	2.0	4.0	1.0	2.0	1.0	0	0.658	3.0	0	9.058299	13.08947	0.0	0
5.0	1.0	0.0	0	1.0	1.0	1.0	2.0	1.0	3.0	125.66631	8.0	1	5.0	0.0	2.0	3.0	8.0	1.0	2.0	3.0	2.0	2.0	5.0	0	0.658	4.0	0	9.058299	13.08947	0.0	0
5.0	3.0	0.0	0	1.0	1.0	1.0	1.0	0.0	3.0	125.66631	8.0	1	3.0	0.0	1.0	1.0	8.0	1.0	2.0	3.0	2.0	4.0	5.0	0	0.658	5.0	0	9.058299	13.08947	0.0	0
5.0	2.0	0.0	0	0.0	1.0	0.0	1.0	0.0	4.0	125.66631	8.0	1	5.0	1.0	4.0	3.0	10.0	3.0	2.0	4.0	2.0	4.0	5.0	0	0.658	4.0	0	9.058299	13.08947	0.0	0
6.0	1.0		1	1.0	0.0	1.0	3.0	1.0	4.0	36.81832	4.6	1	3.0	0.0	2.0	4.0	10.0	1.0	2.0	2.0	3.0	2.0	1.0	0	0.663	4.0	27	9.650536	12.937367	0.0	0
6.0	1.0		1	0.0	0.0	0.0	2.0	0.0	3.0	36.81832	4.6	1	5.0	0.0	1.0	4.0	8.0	3.0	2.0	2.0	3.0	2.0	5.0	0	0.663	3.0	27	9.650536	12.937367	0.0	0
6.0	2.0		1	1.0	0.0	1.0	3.0	2.0	3.0	36.81832	4.6	1	3.0	0.0	3.0	3.0	10.0	3.0	2.0	4.0	3.0	2.0	4.0	0	0.663	3.0	27	9.650536	12.937367	0.0	0
6.0	2.0	0.0	1	0.0	1.0	0.0	4.0	1.0	3.0	36.81832	4.6	1	3.0	0.0	2.0	3.0	9.0	3.0	2.0	3.0	3.0	2.0	2.0	0	0.663	3.0	27	9.650536	12.937367	0.0	0
6.0	2.0	0.0	1	0.0	1.0	0.0	6.0	4.0	4.0	36.81832	4.6	1	3.0	0.0	2.0	5.0	9.0	3.0	1.0	3.0	3.0	2.0	2.0	0	0.663	3.0	27	9.650536	12.937367	0.0	0
6.0	3.0	0.0	1	1.0	1.0	1.0	3.0	3.0	2.0	36.81832	4.6	1	3.0	1.0	2.0	2.0	8.0	1.0	1.0	3.0	3.0	2.0	2.0	0	0.663	5.0	27	9.650536	12.937367	0.0	0
6.0	3.0	0.0	1	1.0	1.0	1.0	3.0	4.0	3.0	36.81832	4.6	1	3.0	0.0	3.0	3.0	10.0	3.0	2.0	2.0	3.0	2.0	4.0	0	0.663	3.0	27	9.650536	12.937367	0.0	0
6.0	1.0	0.0	1	1.0	1.0	0.0	3.0	1.0	4.0	36.81832	4.6	1	4.0	1.0	4.0	4.0	8.0	3.0	2.0	3.0	2.0	3.0	4.0	0	0.663	3.0	27	9.650536	12.937367	0.0	0
6.0	1.0		1	1.0	0.0	1.0	1.0	0.0	4.0	36.81832	4.6	1	5.0	0.0	4.0	4.0	10.0	3.0	2.0	3.0	2.0	2.0	4.0	0	0.663	3.0	27	9.650536	12.937367	0.0	0
6.0	2.0		1	1.0	0.0	0.0	4.0	4.0	4.0	36.81832	4.6	1	5.0	0.0	4.0	4.0	10.0	1.0	2.0	4.0	2.0	2.0	5.0	0	0.663	3.0	27	9.650536	12.937367	0.0	0
6.0	3.0	0.0	1	1.0	1.0	0.0	3.0	5.0	3.0	36.81832	4.6	1	4.0	1.0	4.0	4.0	9.0	1.0	1.0	4.0	2.0	3.0	3.0	0	0.663	3.0	27	9.650536	12.937367	0.0	0
6.0	2.0	0.0	1	1.0	1.0	0.0	3.0	3.0	3.0	36.81832	4.6	1	4.0	1.0	4.0	4.0	9.0	2.0	1.0	3.0	2.0	3.0	4.0	0	0.663	4.0	27	9.650536	12.937367	0.0	0
6.0	1.0		1	1.0	0.0	1.0	1.0	2.0	3.0	36.81832	4.6	1	5.0	1.0	2.0	4.0	10.0	3.0	2.0	3.0	2.0	3.0	5.0	0	0.663	3.0	27	9.650536	12.937367	0.0	0
6.0	3.0	0.0	1	1.0	1.0	1.0	5.0	2.0	3.0	36.81832	4.6	1	4.0	0.0	4.0	4.0	0.0	1.0	2.0	4.0	2.0	4.0	4.0	0	0.663	4.0	27	9.650536	12.937367	0.0	0
7.0	2.0	0.0	1	1.0	1.0	0.0	3.0	1.0	3.0	74.395935	7.9	1	5.0	0.0	1.0	2.0	1.0	5.0	1.0	5.0	3.0	2.0	5.0	0	0.6	5.0	21	9.716033	11.437631	0.0	0
7.0	3.0		1	1.0	0.0	1.0	3.0	2.0	4.0	74.395935	7.9	1	5.0	1.0	1.0	1.0	7.0	3.0	2.0	5.0	3.0	2.0	5.0	0	0.6	5.0	21	9.716033	11.437631	0.0	0
7.0	1.0		1	1.0	0.0	0.0	1.0	0.0	4.0	74.395935	7.9	1	5.0	1.0	1.0	1.0	6.0	3.0	1.0	5.0	3.0	2.0	5.0	0	0.6	4.0	21	9.716033	11.437631	0.0	0
7.0	2.0		1	1.0	0.0	1.0	4.0	1.0	4.0	74.395935	7.9	1	5.0	1.0	1.0	1.0	10.0	3.0	1.0	5.0	3.0	3.0	5.0	0	0.6	5.0	21	9.716033	11.437631	0.0	0
7.0	1.0	0.0	1	1.0	1.0	1.0	1.0	0.0	5.0	74.395935	7.9	1	5.0	1.0	1.0	1.0	5.0	1.0	1.0	5.0	3.0	2.0	5.0	0	0.6	4.0	21	9.716033	11.437631	0.0	0
7.0	3.0	0.0	1	1.0	1.0	0.0	3.0	3.0	5.0	74.395935	7.9	1	5.0	1.0	1.0	4.0	9.0	3.0	2.0	5.0	3.0	2.0	5.0	0	0.6	3.0	21	9.716033	11.437631	0.0	0
7.0	1.0	0.0	1	1.0	1.0	0.0	3.0	1.0	4.0	74.395935	7.9	1	5.0	1.0	1.0	1.0	7.0	3.0	1.0	5.0	3.0	2.0	5.0	0	0.6	4.0	21	9.716033	11.437631	0.0	0
7.0	1.0	0.0	1	1.0	1.0	1.0	4.0	2.0	5.0	74.395935	7.9	1	5.0	0.0	5.0	1.0	8.0	2.0	2.0	5.0	2.0	2.0	5.0	0	0.6	5.0	21	9.716033	11.437631	0.0	0
7.0	1.0	0.0	1	0.0	1.0	1.0	4.0	2.0	5.0	74.395935	7.9	1	5.0	1.0	1.0	1.0	10.0	4.0	2.0	5.0	2.0	1.0	5.0	0	0.6	4.0	21	9.716033	11.437631	0.0	0
7.0	1.0	0.0	1	0.0	1.0	0.0	1.0	1.0	5.0	74.395935	7.9	1	5.0	0.0	1.0	2.0	7.0	3.0	2.0	5.0	2.0	2.0	5.0	0	0.6	4.0	21	9.716033	11.437631	0.0	0
7.0	2.0		1	1.0	0.0	0.0	3.0	4.0	5.0	74.395935	7.9	1	5.0	0.0	1.0	2.0	5.0	2.0	2.0	4.0	2.0	2.0	5.0	0	0.6	5.0	21	9.716033	11.437631	0.0	0
7.0	2.0		1	1.0	0.0	0.0	4.0	1.0	5.0	74.395935	7.9	1	5.0	0.0	1.0	1.0	8.0		2.0	5.0	2.0	2.0	5.0	0	0.6	4.0	21	9.716033	11.437631	0.0	0
7.0	3.0		1	0.0	0.0	0.0	3.0	3.0	4.0	74.395935	7.9	1	5.0	0.0	2.0	4.0	5.0	4.0	2.0	5.0	2.0	2.0	5.0	0	0.6	3.0	21	9.716033	11.437631	0.0	0
7.0	3.0	1.0	1	0.0	1.0	1.0	4.0	0.0	5.0	74.395935	7.9	1	5.0	0.0	1.0	4.0	8.0	2.0	2.0	5.0	2.0	2.0	5.0	0	0.6	3.0	21	9.716033	11.437631	0.0	0
8.0	2.0		0	0.0	0.0	0.0	3.0	2.0	4.0	0.0	3.0	1	3.0	0.0	1.0	4.0	3.0	2.0	2.0	5.0	2.0	1.0	5.0	0	0.493	4.0	0	9.359156	9.571854	0.0	0
8.0	2.0		0	0.0	0.0	0.0	5.0	1.0	5.0	0.0	3.0	1	4.0	0.0	3.0	4.0	6.0	3.0	2.0	5.0	2.0	2.0	2.0	0	0.493	4.0	0	9.359156	9.571854	0.0	0
8.0	1.0	0.0	0	0.0	1.0	0.0	3.0	2.0	4.0	0.0	3.0	1	5.0	0.0	1.0	2.0	9.0	3.0	1.0	5.0	2.0	2.0	5.0	0	0.493	2.0	0	9.359156	9.571854	0.0	0
8.0	1.0	0.0	0	0.0	1.0	0.0	1.0	0.0	4.0	0.0	3.0	1	5.0	0.0	1.0	1.0	8.0	2.0	2.0	5.0	2.0	2.0	5.0	0	0.493	3.0	0	9.359156	9.571854	0.0	0
8.0	1.0		0	0.0	0.0	0.0	1.0	0.0	4.0	0.0	3.0	1	5.0	1.0	1.0	1.0	8.0	3.0	1.0	5.0	2.0	2.0	5.0	0	0.493	3.0	0	9.359156	9.571854	0.0	0
8.0	1.0	0.0	0	0.0	1.0	0.0	4.0	1.0	5.0	0.0	3.0	1	5.0	1.0	1.0	5.0	5.0	1.0	2.0	5.0	2.0	2.0	5.0	0	0.493	3.0	0	9.359156	9.571854	0.0	0
8.0	3.0		0	0.0	0.0	0.0	3.0	2.0	5.0	0.0	3.0	1	5.0	0.0	1.0	1.0	7.0	2.0	2.0	5.0	2.0	1.0	5.0	0	0.493	2.0	0	9.359156	9.571854	0.0	0
8.0	1.0	1.0	0	1.0	1.0	1.0	3.0	1.0	4.0	0.0	3.0	1	5.0	0.0	1.0	1.0	9.0	2.0	2.0	5.0	1.0	2.0	5.0	0	0.493	4.0	0	9.359156	9.571854	0.0	0
8.0	2.0	1.0	0	0.0	1.0	1.0	1.0	2.0	4.0	0.0	3.0	1	5.0	0.0	5.0	1.0	7.0	3.0	2.0	5.0	1.0	1.0	5.0	0	0.493	3.0	0	9.359156	9.571854	0.0	0
8.0	2.0	1.0	0	0.0	1.0	1.0	2.0	4.0	5.0	0.0	3.0	1	5.0	0.0	1.0	5.0	9.0	5.0	2.0	5.0	1.0	1.0	5.0	0	0.493	3.0	0	9.359156	9.571854	0.0	0
8.0	1.0	0.0	0	0.0	1.0	1.0	4.0	3.0	4.0	0.0	3.0	1	5.0	0.0	1.0	5.0	9.0	3.0	2.0	4.0	1.0	2.0	5.0	0	0.493	4.0	0	9.359156	9.571854	0.0	0
8.0	1.0		0	0.0	0.0	0.0	1.0	0.0	4.0	0.0	3.0	1	5.0	0.0	1.0	4.0	7.0	3.0	1.0	4.0	1.0	2.0	5.0	0	0.493	3.0	0	9.359156	9.571854	0.0	0
8.0	3.0		0	0.0	0.0	0.0	3.0	4.0	5.0	0.0	3.0	1	5.0	0.0	1.0	2.0	5.0	1.0	2.0	5.0	1.0	1.0	5.0	0	0.493	4.0	0	9.359156	9.571854	0.0	0
8.0	3.0		0	0.0	0.0	1.0	5.0	1.0	5.0	0.0	3.0	1	5.0	0.0	1.0	2.0	9.0	2.0	2.0	5.0	1.0	2.0	5.0	0	0.493	3.0	0	9.359156	9.571854	0.0	0
9.0	3.0		1	0.0	0.0	1.0	3.0	5.0	5.0	30.465248	5.6	1	5.0	1.0	1.0	4.0	8.0	2.0	2.0	5.0	2.0	2.0	5.0	0	0.451	3.0	9	8.778466	10.735396	0.0	0
9.0	2.0		1	0.0	0.0	0.0	3.0	1.0	4.0	30.465248	5.6	1	5.0	1.0	5.0	4.0	5.0	4.0	1.0	5.0	2.0	2.0	5.0	0	0.451	5.0	9	8.778466	10.735396	0.0	0
9.0	1.0		1	0.0	0.0	0.0	1.0	0.0	5.0	30.465248	5.6	1	5.0	0.0	1.0	5.0	8.0	3.0	2.0	5.0	2.0	2.0	5.0	0	0.451	3.0	9	8.778466	10.735396	0.0	0
9.0	2.0	0.0	1	0.0	1.0	0.0	3.0	4.0	5.0	30.465248	5.6	1	5.0	0.0	1.0	5.0	8.0	3.0	2.0	5.0	2.0	2.0	5.0	0	0.451	3.0	9	8.778466	10.735396	0.0	0
9.0	1.0	0.0	1	0.0	1.0	0.0	1.0	0.0	5.0	30.465248	5.6	1	5.0	1.0	1.0	5.0	8.0	3.0	2.0	5.0	2.0	2.0	5.0	0	0.451	4.0	9	8.778466	10.735396	0.0	0
9.0	3.0	0.0	1	0.0	1.0	0.0	4.0	3.0	5.0	30.465248	5.6	1	4.0	1.0	1.0	4.0	8.0	2.0	2.0	5.0	2.0	2.0	5.0	0	0.451	2.0	9	8.778466	10.735396	0.0	0
9.0	1.0	1.0	1	0.0	1.0	1.0	1.0	0.0	5.0	30.465248	5.6	1	5.0	1.0	1.0	5.0	5.0	3.0	2.0	5.0	2.0	2.0	5.0	0	0.451	4.0	9	8.778466	10.735396	0.0	0
9.0	1.0	0.0	1	0.0	1.0	1.0	1.0	0.0	5.0	30.465248	5.6	1	5.0	0.0	1.0	5.0	10.0	3.0	2.0	5.0	1.0	2.0	5.0	0	0.451	3.0	9	8.778466	10.735396	0.0	0
9.0	3.0	0.0	1	0.0	1.0	0.0	3.0	2.0	5.0	30.465248	5.6	1	5.0	0.0	1.0	2.0	5.0	2.0	2.0	5.0	1.0	2.0	5.0	0	0.451	3.0	9	8.778466	10.735396	0.0	0
9.0	2.0	0.0	1	0.0	1.0	0.0	3.0	3.0	5.0	30.465248	5.6	1	5.0	0.0	1.0	3.0	8.0	1.0	2.0	5.0	1.0	1.0	5.0	0	0.451	3.0	9	8.778466	10.735396	0.0	0
9.0	1.0		1	1.0	0.0	0.0	2.0	0.0	5.0	30.465248	5.6	1	5.0	0.0	1.0	5.0	10.0	3.0	2.0	5.0	1.0	1.0	5.0	0	0.451	3.0	9	8.778466	10.735396	0.0	0
9.0	1.0		1	0.0	0.0	0.0	4.0	0.0	5.0	30.465248	5.6	1	5.0	0.0	1.0	1.0	8.0	2.0	2.0	5.0	1.0	2.0	5.0	0	0.451	3.0	9	8.778466	10.735396	0.0	0
9.0	2.0		1	0.0	0.0	0.0	3.0	2.0	5.0	30.465248	5.6	1	5.0	0.0	1.0	5.0	9.0	1.0	2.0	4.0	1.0	2.0	5.0	0	0.451	3.0	9	8.778466	10.735396	0.0	0
9.0	1.0		1	1.0	0.0	0.0	2.0	0.0	5.0	30.465248	5.6	1	5.0	1.0	4.0	2.0	9.0	2.0	2.0	5.0	1.0	1.0	5.0	0	0.451	3.0	9	8.778466	10.735396	0.0	0
10.0	1.0	0.0	0	0.0	1.0	0.0	4.0	3.0	4.0	12.332991	0.0	1	5.0	1.0	3.0	4.0	7.0	3.0	2.0	4.0	1.0	1.0	5.0	0	0.51	4.0	0	8.574779	10.09926	0.0	0
10.0	3.0		0	0.0	0.0	1.0	5.0	2.0		12.332991	0.0	1	5.0	1.0	2.0	4.0	8.0	3.0	2.0	3.0	1.0	1.0	4.0	0	0.51	2.0	0	8.574779	10.09926	0.0	0
10.0	2.0		0	0.0	0.0	0.0	4.0	0.0		12.332991	0.0	1	5.0	0.0	5.0	3.0	7.0	3.0	2.0	3.0	1.0	4.0	5.0	0	0.51	4.0	0	8.574779	10.09926	0.0	0
10.0	1.0		0	0.0	0.0	0.0	1.0	0.0		12.332991	0.0	1	5.0	0.0	5.0	3.0	7.0	2.0	2.0	3.0	1.0	4.0	5.0	0	0.51	4.0	0	8.574779	10.09926	0.0	0
10.0	3.0	0.0	0	0.0	1.0	0.0	3.0	4.0	4.0	12.332991	0.0	1	4.0		5.0	4.0	8.0	1.0	2.0	4.0	1.0	1.0	4.0	0	0.51	5.0	0	8.574779	10.09926	0.0	0
10.0	1.0	0.0	0	0.0	1.0	1.0	2.0	0.0	3.0	12.332991	0.0	1	5.0		5.0	2.0	7.0	3.0	2.0	3.0	1.0	2.0	3.0	0	0.51	2.0	0	8.574779	10.09926	0.0	0
10.0	2.0	0.0	0	0.0	1.0	1.0	5.0	0.0		12.332991	0.0	1	5.0	1.0	5.0	3.0	7.0	3.0	2.0	4.0	1.0	1.0	5.0	0	0.51	4.0	0	8.574779	10.09926	0.0	0
10.0	1.0	0.0	0	1.0	1.0	1.0	2.0	0.0		12.332991	0.0	1	5.0	0.0	1.0			1.0	2.0		1.0	2.0	5.0	0	0.51	3.0	0	8.574779	10.09926	0.0	0
10.0	1.0		0	0.0	0.0	0.0	1.0	0.0	5.0	12.332991	0.0	1	5.0	0.0	5.0	5.0	8.0	1.0	2.0	4.0	1.0	4.0	5.0	0	0.51	1.0	0	8.574779	10.09926	0.0	0
10.0	1.0		0	0.0	0.0	0.0	2.0	0.0	5.0	12.332991	0.0	1	5.0	0.0	4.0	5.0	9.0	2.0	2.0	4.0	1.0	3.0	5.0	0	0.51	3.0	0	8.574779	10.09926	0.0	0
10.0	2.0		0	0.0	0.0	1.0	3.0	2.0	5.0	12.332991	0.0	1	5.0	0.0	5.0	5.0	8.0	1.0	2.0	5.0	1.0	4.0	5.0	0	0.51	3.0	0	8.574779	10.09926	0.0	0
10.0	2.0	0.0	0	0.0	1.0	0.0	3.0	3.0	5.0	12.332991	0.0	1	5.0	0.0	5.0	4.0	10.0	1.0	2.0	4.0	1.0	3.0	5.0	0	0.51	4.0	0	8.574779	10.09926	0.0	0
10.0	3.0	1.0	0	0.0	1.0	1.0	6.0	6.0	5.0	12.332991	0.0	1	5.0	0.0	5.0	5.0	10.0	1.0	2.0	5.0	1.0	4.0	5.0	0	0.51	4.0	0	8.574779	10.09926	0.0	0
10.0	3.0	0.0	0	0.0	1.0	0.0	4.0	7.0		12.332991	0.0	1	3.0		2.0	1.0	10.0	2.0	2.0	5.0	1.0		4.0	0	0.51	2.0	0	8.574779	10.09926	0.0	0
11.0	1.0		0	0.0	0.0	0.0	1.0	0.0	3.0	37.016632	3.2	1	5.0	0.0	1.0	1.0	7.0	3.0	2.0	5.0	3.0	3.0	5.0	0	0.486	3.0	0	8.516627	11.662758	0.0	0
11.0	1.0		0	1.0	0.0	1.0	1.0	0.0		37.016632	3.2	1	5.0	0.0	5.0	1.0	5.0	3.0	2.0	1.0	2.0	2.0	5.0	0	0.486	4.0	0	8.516627	11.662758	0.0	0
11.0	1.0		0	1.0	0.0	1.0	5.0	1.0	3.0	37.016632	3.2	1	4.0	0.0	3.0	5.0	10.0	3.0	2.0	1.0	2.0	3.0	3.0	0	0.486	4.0	0	8.516627	11.662758	0.0	0
11.0	1.0	0.0	0	1.0	1.0	1.0	4.0	1.0	3.0	37.016632	3.2	1	5.0	0.0	5.0	3.0	8.0	3.0	2.0	3.0	2.0	3.0	5.0	0	0.486	4.0	0	8.516627	11.662758	0.0	0
11.0	3.0	0.0	0	0.0	1.0	1.0	6.0	4.0	4.0	37.016632	3.2	1	5.0	1.0	1.0	1.0	10.0	3.0	2.0		2.0	3.0	5.0	0	0.486	3.0	0	8.516627	11.662758	0.0	0
11.0	2.0		0	1.0	0.0	1.0	4.0	2.0	3.0	37.016632	3.2	1	5.0	1.0	1.0	1.0	6.0	5.0	2.0	5.0	2.0	3.0	5.0	0	0.486	4.0	0	8.516627	11.662758	0.0	0
11.0	2.0	0.0	0	1.0	1.0	0.0	1.0	1.0	5.0	37.016632	3.2	1	4.0	1.0	1.0	1.0	7.0	3.0	2.0	5.0	2.0	2.0	5.0	0	0.486	3.0	0	8.516627	11.662758	0.0	0
11.0	1.0	0.0	0	1.0	1.0	0.0	5.0	1.0		37.016632	3.2	1	5.0	0.0	1.0	1.0	8.0	1.0	2.0	5.0	1.0	2.0	5.0	0	0.486	3.0	0	8.516627	11.662758	0.0	0
11.0	1.0		0	1.0	0.0	0.0	1.0	0.0	3.0	37.016632	3.2	1	5.0	0.0	1.0	1.0	5.0	3.0	2.0	4.0	1.0	3.0	5.0	0	0.486	3.0	0	8.516627	11.662758	0.0	0
11.0	3.0	1.0	0	0.0	1.0	1.0	5.0	2.0		37.016632	3.2	1	2.0	0.0	1.0	5.0	10.0	1.0	2.0	1.0	1.0	2.0	4.0	0	0.486	2.0	0	8.516627	11.662758	0.0	0
11.0	1.0		0	0.0	0.0	0.0	5.0	0.0		37.016632	3.2	1	5.0	0.0	1.0	1.0	5.0	2.0	2.0	4.0	1.0	2.0	5.0	0	0.486	3.0	0	8.516627	11.662758	0.0	0
11.0	2.0	0.0	0		1.0	1.0	3.0	1.0	2.0	37.016632	3.2	1	5.0	0.0	1.0	1.0	5.0	3.0	2.0	5.0	1.0	2.0	5.0	0	0.486	3.0	0	8.516627	11.662758	0.0	0
11.0	2.0		0	1.0	0.0	1.0	3.0	2.0		37.016632	3.2	1	4.0	0.0	5.0	5.0	8.0	3.0	2.0	4.0	1.0	2.0	5.0	0	0.486	3.0	0	8.516627	11.662758	0.0	0
11.0	1.0		0	0.0	0.0	0.0	1.0	1.0	3.0	37.016632	3.2	1	4.0	0.0	1.0	1.0	3.0	3.0	2.0		1.0	2.0	5.0	0	0.486	3.0	0	8.516627	11.662758	0.0	0
12.0	3.0	1.0	0	1.0	1.0	1.0	5.0	3.0		20.116365	1.2	1	4.0	1.0	5.0	3.0	10.0	3.0	2.0	3.0	2.0	2.0	5.0	0	0.58	2.0	0	9.087605	11.076341	0.0	0
12.0	2.0		0	0.0	0.0	0.0	6.0	2.0		20.116365	1.2	1	5.0	1.0	1.0	1.0	5.0	1.0	2.0	4.0	2.0	2.0	4.0	0	0.58	4.0	0	9.087605	11.076341	0.0	0
12.0	1.0		0		0.0	1.0	1.0	1.0	3.0	20.116365	1.2	1	1.0	0.0	5.0	3.0	3.0	3.0	2.0	3.0	2.0	1.0	5.0	0	0.58	3.0	0	9.087605	11.076341	0.0	0
12.0	1.0		0	0.0	0.0	1.0	2.0	1.0		20.116365	1.2	1	5.0	0.0	5.0	1.0	5.0	3.0	2.0	5.0	2.0	2.0	5.0	0	0.58	2.0	0	9.087605	11.076341	0.0	0
12.0	1.0	0.0	0		1.0	1.0	1.0	0.0		20.116365	1.2	1	5.0	0.0	2.0	1.0	8.0	3.0	2.0	4.0	2.0	2.0	1.0	0	0.58	3.0	0	9.087605	11.076341	0.0	0
12.0	3.0	0.0	0	1.0	1.0	1.0	6.0	2.0		20.116365	1.2	1	5.0	0.0	1.0	1.0	10.0	3.0	2.0	4.0	2.0	1.0	5.0	0	0.58	4.0	0	9.087605	11.076341	0.0	0
12.0	2.0	0.0	0	1.0	1.0	0.0	1.0	0.0		20.116365	1.2	1	5.0	0.0	1.0	1.0	9.0	3.0	2.0	3.0	2.0	2.0	5.0	0	0.58	2.0	0	9.087605	11.076341	0.0	0
12.0	1.0		0	0.0	0.0	0.0	1.0	0.0	4.0	20.116365	1.2	1	3.0	0.0	4.0	4.0	10.0	1.0	2.0	4.0	1.0	2.0	5.0	0	0.58	2.0	0	9.087605	11.076341	0.0	0
12.0	1.0		0	0.0	0.0	0.0	4.0	2.0		20.116365	1.2	1	5.0	1.0	5.0	4.0	3.0	3.0	2.0	3.0	1.0	4.0	5.0	0	0.58	2.0	0	9.087605	11.076341	0.0	0
12.0	2.0	0.0	0	1.0	1.0	0.0	4.0	1.0	4.0	20.116365	1.2	1	5.0	1.0	1.0	5.0	8.0	4.0	2.0	4.0	1.0	2.0	5.0	0	0.58	3.0	0	9.087605	11.076341	0.0	0
12.0	1.0	0.0	0		1.0	1.0	3.0	3.0		20.116365	1.2	1	5.0	0.0	1.0	3.0	10.0	1.0	2.0	3.0	1.0	3.0	5.0	0	0.58	2.0	0	9.087605	11.076341	0.0	0
12.0	3.0	0.0	0		1.0	0.0	3.0	2.0	3.0	20.116365	1.2	1	5.0	1.0	1.0	3.0	5.0	3.0	2.0	3.0	1.0	3.0	5.0	0	0.58	4.0	0	9.087605	11.076341	0.0	0
12.0	2.0		0	0.0	0.0	0.0	6.0	3.0	5.0	20.116365	1.2	1	5.0	0.0	4.0	5.0	9.0	2.0	2.0	5.0	1.0	4.0	3.0	0	0.58	3.0	0	9.087605	11.076341	0.0	0
12.0	1.0	0.0	0	0.0	1.0	1.0	1.0	2.0	4.0	20.116365	1.2	1	5.0	1.0	5.0	5.0	10.0	3.0	2.0	5.0	1.0	2.0	5.0	0	0.58	3.0	0	9.087605	11.076341	0.0	0
13.0	2.0	0.0	0	0.0	1.0	0.0	4.0	1.0	3.0	33.96675	5.4	1	5.0	1.0	2.0	2.0	8.0	1.0	2.0	5.0	1.0	2.0	5.0	0	0.509	4.0	0	8.598172	10.877915	0.0	0
13.0	1.0		0	0.0	0.0	0.0	1.0	0.0	3.0	33.96675	5.4	1	5.0	0.0	5.0	5.0	7.0	1.0	2.0	1.0	1.0	2.0	5.0	0	0.509	2.0	0	8.598172	10.877915	0.0	0
13.0	2.0	0.0	0	1.0	1.0	1.0	3.0	3.0	4.0	33.96675	5.4	1	5.0	0.0	1.0	5.0	10.0	3.0	2.0	5.0	1.0	1.0	5.0	0	0.509	3.0	0	8.598172	10.877915	0.0	0
13.0	3.0	0.0	0	1.0	1.0	1.0	3.0	5.0	4.0	33.96675	5.4	1	5.0	0.0	2.0	3.0	8.0	3.0	2.0	4.0	1.0	3.0	3.0	0	0.509	4.0	0	8.598172	10.877915	0.0	0
13.0	2.0	1.0	0	0.0	1.0	0.0	1.0	3.0	3.0	33.96675	5.4	1	5.0	0.0	1.0	1.0	10.0	3.0	2.0	5.0	1.0	3.0	5.0	0	0.509	3.0	0	8.598172	10.877915	0.0	0
13.0	1.0		0	0.0	0.0	0.0	4.0	1.0	4.0	33.96675	5.4	1	5.0	0.0	5.0	5.0	10.0	3.0	2.0	5.0	2.0	2.0	5.0	0	0.509	2.0	0	8.598172	10.877915	0.0	0
13.0	3.0		0	0.0	0.0	1.0	6.0	4.0	5.0	33.96675	5.4	1	5.0	1.0	5.0	5.0	7.0	1.0	2.0	5.0	1.0	3.0	5.0	0	0.509	2.0	0	8.598172	10.877915	0.0	0
13.0	3.0		0	0.0	0.0	1.0	3.0	3.0	4.0	33.96675	5.4	1	1.0	0.0	5.0	3.0	9.0	3.0	2.0	5.0	1.0	2.0	5.0	0	0.509	3.0	0	8.598172	10.877915	0.0	0
13.0	1.0		0	1.0	0.0	1.0	3.0	2.0	3.0	33.96675	5.4	1	5.0	1.0	5.0	5.0	8.0	3.0	2.0	5.0	1.0	3.0	5.0	0	0.509	3.0	0	8.598172	10.877915	0.0	0
13.0	1.0	0.0	0	1.0	1.0	1.0	1.0	0.0	3.0	33.96675	5.4	1	5.0	1.0	1.0	1.0	8.0	3.0	2.0	5.0	1.0	3.0	5.0	0	0.509	4.0	0	8.598172	10.877915	0.0	0
13.0	1.0	0.0	0	0.0	1.0	1.0	4.0	2.0	3.0	33.96675	5.4	1	1.0	0.0	1.0	5.0	10.0	3.0	2.0	4.0	1.0	2.0	5.0	0	0.509	2.0	0	8.598172	10.877915	0.0	0
13.0	2.0		0	0.0	0.0	0.0	3.0	2.0	5.0	33.96675	5.4	1	5.0	1.0	5.0	5.0	5.0	3.0	2.0	5.0	1.0	2.0	5.0	0	0.509	2.0	0	8.598172	10.877915	0.0	0
13.0	1.0	1.0	0	0.0	1.0	1.0	1.0	1.0	4.0	33.96675	5.4	1	5.0	1.0	5.0	5.0	10.0	1.0	2.0	5.0	1.0	2.0	5.0	0	0.509	2.0	0	8.598172	10.877915	0.0	0
13.0	2.0		0	0.0	0.0	0.0	1.0	2.0	4.0	33.96675	5.4	1	5.0	1.0	5.0	5.0	5.0	3.0	2.0	1.0	1.0	2.0	5.0	0	0.509	2.0	0	8.598172	10.877915	0.0	0
14.0	2.0	0.0	1	1.0	1.0	0.0	3.0	1.0	3.0	94.42367	9.0	1	4.0	1.0	5.0	3.0	8.0	3.0		3.0	3.0	3.0	5.0	0	0.564	5.0	22	9.806936	12.4032135	0.0	0
14.0	1.0	0.0	1	1.0	1.0	0.0	1.0	0.0	3.0	94.42367	9.0	1	4.0	1.0	1.0	3.0	8.0	3.0	1.0	5.0	3.0	3.0	5.0	0	0.564	5.0	22	9.806936	12.4032135	0.0	0
14.0	2.0		1	1.0	0.0	0.0	3.0	2.0	4.0	94.42367	9.0	1	4.0	1.0	5.0	3.0	8.0	1.0	1.0	5.0	3.0	3.0	5.0	0	0.564	5.0	22	9.806936	12.4032135	0.0	0
14.0	3.0	0.0	1	1.0	1.0	0.0	3.0	3.0	3.0	94.42367	9.0	1	4.0	1.0	3.0	2.0	8.0	1.0	1.0	4.0	3.0	3.0	1.0	0	0.564	5.0	22	9.806936	12.4032135	0.0	0
14.0	1.0	0.0	1	1.0	1.0	0.0	1.0	0.0	3.0	94.42367	9.0	1	4.0	1.0	5.0	3.0	9.0	1.0	1.0	5.0	3.0	3.0	5.0	0	0.564	5.0	22	9.806936	12.4032135	0.0	0
14.0	1.0		1	1.0	0.0	1.0	1.0	0.0	3.0	94.42367	9.0	1	5.0	1.0	1.0	2.0	7.0	2.0	1.0	5.0	3.0	4.0	5.0	0	0.564	5.0	22	9.806936	12.4032135	0.0	0
14.0	1.0		1	1.0	0.0	1.0	1.0	0.0	3.0	94.42367	9.0	1	4.0	1.0	3.0	2.0	10.0	3.0	2.0	2.0	2.0	3.0	3.0	0	0.564	4.0	22	9.806936	12.4032135	0.0	0
14.0	2.0	0.0	1	1.0	1.0	0.0	3.0	2.0	4.0	94.42367	9.0	1	4.0	1.0	1.0	1.0	9.0	1.0	2.0	5.0	1.0	3.0	5.0	0	0.564	5.0	22	9.806936	12.4032135	0.0	0
14.0	1.0	0.0	1	1.0	1.0	0.0	4.0	1.0	4.0	94.42367	9.0	1	4.0	1.0	1.0	1.0	10.0	3.0	2.0	5.0	1.0	3.0	5.0	0	0.564	5.0	22	9.806936	12.4032135	0.0	0
14.0	3.0		1	1.0	0.0	0.0	3.0	4.0	5.0	94.42367	9.0	1	4.0	1.0	3.0	3.0	10.0	2.0	2.0	3.0	0.0	3.0	4.0	0	0.564	2.0	22	9.806936	12.4032135	0.0	0
14.0	2.0	1.0	1	0.0	1.0	1.0	5.0	5.0	3.0	94.42367	9.0	1	4.0	1.0	4.0	4.0	10.0	3.0	2.0	4.0	1.0	4.0	4.0	0	0.564	3.0	22	9.806936	12.4032135	0.0	0
14.0	1.0		1	1.0	0.0	1.0	4.0	1.0	5.0	94.42367	9.0	1	3.0	1.0	4.0	3.0	9.0	3.0	2.0	3.0	1.0	3.0	4.0	0	0.564	3.0	22	9.806936	12.4032135	0.0	0
14.0	1.0		1	0.0	0.0	1.0	4.0	2.0	5.0	94.42367	9.0	1	3.0	1.0	2.0	3.0	8.0	3.0	2.0	3.0	1.0	3.0	5.0	0	0.564	5.0	22	9.806936	12.4032135	0.0	0
14.0	3.0	0.0	1	0.0	1.0	1.0	6.0	3.0	5.0	94.42367	9.0	1		1.0	3.0		10.0	2.0	2.0		1.0	4.0	5.0	0	0.564	4.0	22	9.806936	12.4032135	0.0	0
15.0	1.0	0.0	0	1.0	1.0	0.0	3.0	2.0	5.0	59.902313	7.3	1	4.0	1.0	2.0	2.0	10.0	2.0	2.0	5.0	1.0	3.0	5.0	0	0.376	5.0	0	8.77386	11.083772	0.0	0
15.0	2.0		0	0.0	0.0	0.0	3.0	4.0	4.0	59.902313	7.3	1	3.0	0.0	3.0	2.0	10.0	2.0	2.0	5.0	1.0	3.0	4.0	0	0.376	3.0	0	8.77386	11.083772	0.0	0
15.0	2.0		0	0.0	0.0	0.0	3.0	3.0	5.0	59.902313	7.3	1	4.0	1.0	2.0	3.0	9.0	2.0	2.0	4.0	1.0	3.0	5.0	0	0.376	4.0	0	8.77386	11.083772	0.0	0
15.0	1.0	0.0	0	1.0	1.0	1.0	1.0	4.0	5.0	59.902313	7.3	1	4.0	1.0	1.0	3.0	10.0	1.0	2.0	5.0	1.0	3.0	5.0	0	0.376	4.0	0	8.77386	11.083772	0.0	0
15.0	3.0	0.0	0	0.0	1.0	1.0	1.0	2.0	5.0	59.902313	7.3	1	4.0	1.0	1.0	2.0	10.0	2.0	2.0	4.0	0.0	3.0	5.0	0	0.376	4.0	0	8.77386	11.083772	0.0	0
15.0	1.0	1.0	0	1.0	1.0	1.0	2.0	0.0	5.0	59.902313	7.3	1	4.0	1.0	5.0	2.0	8.0	1.0	2.0	2.0	1.0	3.0	5.0	0	0.376	5.0	0	8.77386	11.083772	0.0	0
15.0	1.0		0	1.0	0.0	0.0	3.0	2.0	4.0	59.902313	7.3	1	4.0	1.0	3.0	3.0	8.0	3.0	2.0	4.0	1.0	3.0	5.0	0	0.376	4.0	0	8.77386	11.083772	0.0	0
15.0	3.0		0	0.0	0.0	0.0	6.0	4.0	5.0	59.902313	7.3	1	5.0	1.0	2.0	5.0	9.0	1.0	2.0	2.0	0.0	3.0	5.0	0	0.376	3.0	0	8.77386	11.083772	0.0	0
15.0	3.0		0	0.0	0.0	0.0	6.0	7.0	5.0	59.902313	7.3	1	3.0		1.0		10.0	2.0	2.0		1.0	3.0	5.0	0	0.376	4.0	0	8.77386	11.083772	0.0	0
15.0	2.0	0.0	0	1.0	1.0	1.0	3.0	3.0	5.0	59.902313	7.3	1	4.0	1.0	5.0	2.0	9.0	2.0	2.0	5.0	1.0	3.0	5.0	0	0.376	4.0	0	8.77386	11.083772	0.0	0
15.0	2.0	0.0	0	0.0	1.0	1.0	1.0	1.0	5.0	59.902313	7.3	1	5.0	1.0	5.0	2.0	0.0		2.0	3.0	1.0	3.0	5.0	0	0.376	4.0	0	8.77386	11.083772	0.0	0
15.0	1.0	1.0	0	1.0	1.0	1.0	4.0	1.0	5.0	59.902313	7.3	1	4.0	1.0	5.0	3.0	9.0	3.0	2.0	5.0	1.0	3.0	5.0	0	0.376	5.0	0	8.77386	11.083772	0.0	0
15.0	1.0		0	0.0	0.0	1.0	1.0	0.0	5.0	59.902313	7.3	1	4.0	1.0	4.0	2.0	9.0	3.0	2.0	5.0	2.0	3.0	4.0	0	0.376	4.0	0	8.77386	11.083772	0.0	0
15.0	1.0		0	1.0	0.0	1.0	1.0	0.0	4.0	59.902313	7.3	1	3.0	0.0	3.0	3.0	10.0	3.0	2.0	4.0	1.0	2.0	2.0	0	0.376	3.0	0	8.77386	11.083772	0.0	0
16.0	1.0	1.0	0	0.0	1.0	0.0	4.0	2.0	4.0	72.86202	10.5	1	5.0	1.0	5.0	4.0	10.0	3.0	2.0	4.0	1.0	4.0	5.0	0	0.457	2.0	0	8.777083	10.779706	0.0	0
16.0	3.0		0	0.0	0.0	1.0	4.0	2.0	5.0	72.86202	10.5	1	5.0	1.0	3.0	5.0	9.0	3.0	2.0	2.0	1.0	2.0	5.0	0	0.457	2.0	0	8.777083	10.779706	0.0	0
16.0	1.0		0	0.0	0.0		4.0	0.0	4.0	72.86202	10.5	1	5.0	1.0	5.0	4.0	10.0	1.0	2.0	1.0	1.0	4.0	5.0	0	0.457	3.0	0	8.777083	10.779706	0.0	0
16.0	1.0		0	1.0	0.0	1.0	1.0	0.0	4.0	72.86202	10.5	1	5.0	1.0	5.0	3.0	9.0	1.0	2.0	1.0	1.0	4.0	5.0	0	0.457	4.0	0	8.777083	10.779706	0.0	0
16.0	2.0	0.0	0	0.0	1.0	0.0	6.0	5.0	4.0	72.86202	10.5	1	5.0	1.0	5.0	3.0	9.0	3.0	2.0	5.0	1.0	1.0	5.0	0	0.457	2.0	0	8.777083	10.779706	0.0	0
16.0	2.0	0.0	0	0.0	1.0	1.0	4.0	2.0	4.0	72.86202	10.5	1	5.0	0.0	5.0	5.0	8.0	1.0	2.0	1.0	1.0	1.0	5.0	0	0.457	2.0	0	8.777083	10.779706	0.0	0
16.0	1.0	1.0	0	0.0	1.0	1.0	4.0	4.0	4.0	72.86202	10.5	1	5.0	1.0	5.0	3.0	9.0	3.0	2.0	3.0	1.0	3.0	5.0	0	0.457	2.0	0	8.777083	10.779706	0.0	0
16.0	3.0		0		0.0	0.0	2.0	6.0	4.0	72.86202	10.5	1	5.0	1.0	5.0	5.0	10.0	2.0	2.0	4.0	1.0	2.0	5.0	0	0.457	2.0	0	8.777083	10.779706	0.0	0
16.0	3.0		0	0.0	0.0	0.0	3.0	10.0	5.0	72.86202	10.5	1	5.0	1.0	5.0	4.0	10.0	3.0	2.0	4.0	1.0	2.0	1.0	0	0.457	2.0	0	8.777083	10.779706	0.0	0
16.0	2.0		0		0.0	0.0	4.0	3.0	4.0	72.86202	10.5	1	4.0	1.0	5.0	4.0	10.0	3.0	2.0	3.0	1.0	1.0	1.0	0	0.457	2.0	0	8.777083	10.779706	0.0	0
16.0	1.0		0	0.0	0.0	0.0	2.0	0.0	4.0	72.86202	10.5	1	5.0	1.0	4.0	4.0	8.0	3.0	2.0	3.0	1.0	1.0	5.0	0	0.457	3.0	0	8.777083	10.779706	0.0	0
16.0	1.0	0.0	0	0.0	1.0	1.0	4.0	2.0	4.0	72.86202	10.5	1	5.0	0.0	1.0	4.0	8.0	2.0	2.0	5.0	1.0	3.0	5.0	0	0.457	4.0	0	8.777083	10.779706	0.0	0
16.0	1.0	1.0	0	0.0	1.0	1.0	4.0	3.0	3.0	72.86202	10.5	1	5.0	0.0	1.0	5.0	8.0	3.0	2.0	3.0	1.0	3.0	5.0	0	0.457	2.0	0	8.777083	10.779706	0.0	0
16.0	2.0	0.0	0	0.0	1.0	0.0	3.0	4.0	3.0	72.86202	10.5	1	3.0	1.0	5.0	5.0	6.0	3.0	2.0	5.0	1.0	2.0	5.0	0	0.457	2.0	0	8.777083	10.779706	0.0	0
17.0	2.0		0	0.0	0.0	1.0	2.0	1.0	4.0	0.0	0.0	1	3.0	1.0	2.0	5.0	9.0	3.0	1.0	5.0	1.0	2.0	2.0	0	0.461	2.0	0	9.056778	8.672144	0.0	0
17.0	1.0		0	1.0	0.0	1.0	4.0	2.0	2.0	0.0	0.0	1	5.0	1.0	3.0	1.0	10.0	3.0	2.0	5.0	1.0	2.0	5.0	0	0.461	3.0	0	9.056778	8.672144	0.0	0
17.0	1.0		0	0.0	0.0	1.0	2.0	0.0	3.0	0.0	0.0	1	3.0	0.0	2.0	5.0	10.0	3.0	1.0	5.0	1.0	2.0	2.0	0	0.461	2.0	0	9.056778	8.672144	0.0	0
17.0	3.0	0.0	0		1.0	0.0	3.0	3.0	4.0	0.0	0.0	1	3.0	1.0	4.0	3.0	9.0	3.0	2.0	3.0	1.0	2.0	3.0	0	0.461	3.0	0	9.056778	8.672144	0.0	0
17.0	2.0	0.0	0		1.0	0.0	4.0	4.0	4.0	0.0	0.0	1	4.0	0.0	3.0	2.0	10.0	3.0	2.0	5.0	1.0	3.0	3.0	0	0.461	2.0	0	9.056778	8.672144	0.0	0
17.0	2.0	0.0	0		1.0	1.0	3.0	1.0	4.0	0.0	0.0	1	3.0	1.0	2.0	4.0	10.0	3.0	2.0	5.0	1.0	2.0	4.0	0	0.461	3.0	0	9.056778	8.672144	0.0	0
17.0	1.0	0.0	0		1.0	1.0	3.0	2.0	4.0	0.0	0.0	1	4.0	1.0	4.0	4.0	9.0	3.0	1.0	4.0	2.0	2.0	5.0	0	0.461	2.0	0	9.056778	8.672144	0.0	0
17.0	1.0		0	0.0	0.0	1.0	3.0	1.0	4.0	0.0	0.0	1	3.0	1.0	2.0	5.0	9.0	3.0	1.0	5.0	1.0	2.0	2.0	0	0.461	2.0	0	9.056778	8.672144	0.0	0
17.0	1.0	0.0	0		1.0	1.0	4.0	4.0	4.0	0.0	0.0	1	3.0	1.0	2.0	4.0	10.0	1.0	2.0	5.0	1.0	2.0	2.0	0	0.461	3.0	0	9.056778	8.672144	0.0	0
17.0	2.0	1.0	0	0.0	1.0	0.0	3.0	3.0	4.0	0.0	0.0	1	3.0	1.0	2.0	2.0	9.0	3.0	2.0	5.0	1.0	2.0	5.0	0	0.461	3.0	0	9.056778	8.672144	0.0	0
17.0	2.0	1.0	0		1.0	0.0	4.0	3.0	4.0	0.0	0.0	1	3.0	1.0	3.0	3.0	9.0	3.0	2.0	3.0	1.0	2.0	5.0	0	0.461	3.0	0	9.056778	8.672144	0.0	0
17.0	3.0		0		0.0	1.0	3.0	7.0	4.0	0.0	0.0	1	4.0	1.0	3.0	2.0	9.0	3.0	2.0	4.0	1.0	2.0	5.0	0	0.461	3.0	0	9.056778	8.672144	0.0	0
17.0	3.0	0.0	0	0.0	1.0	0.0	6.0	2.0	4.0	0.0	0.0	1	4.0	1.0	2.0	4.0	9.0	1.0	2.0	5.0	1.0	2.0	2.0	0	0.461	2.0	0	9.056778	8.672144	0.0	0
17.0	2.0		0	0.0	0.0	1.0	4.0	2.0	4.0	0.0	0.0	1	3.0	1.0	2.0	2.0	9.0	3.0	2.0	4.0	1.0	2.0	4.0	0	0.461	3.0	0	9.056778	8.672144	0.0	0
18.0	3.0	0.0	1	0.0	1.0	0.0	3.0	1.0	4.0	48.679565	8.9	1	5.0	1.0	5.0	5.0	10.0	3.0	2.0	5.0	2.0	3.0	5.0	0	0.712	4.0	21	9.554016	11.9584	0.0	0
18.0	1.0		1	0.0	0.0	1.0	4.0	2.0	4.0	48.679565	8.9	1	5.0	1.0	5.0	5.0	10.0	3.0	2.0	5.0	2.0	3.0	5.0	0	0.712	3.0	21	9.554016	11.9584	0.0	0
18.0	2.0		1	1.0	0.0	1.0	1.0	0.0	2.0	48.679565	8.9	1	5.0	1.0	5.0	5.0	0.0	2.0	2.0	5.0	2.0	3.0	3.0	0	0.712	3.0	21	9.554016	11.9584	0.0	0
18.0	2.0		1	1.0	0.0	1.0	1.0	0.0	3.0	48.679565	8.9	1	5.0	1.0	5.0	5.0	7.0	5.0	2.0	5.0	1.0	2.0	5.0	0	0.712	2.0	21	9.554016	11.9584	0.0	0
18.0	1.0		1	0.0	0.0	1.0	1.0	0.0	3.0	48.679565	8.9	1	5.0	1.0	5.0	1.0	8.0	3.0	2.0	5.0	2.0	3.0	1.0	0	0.712	2.0	21	9.554016	11.9584	0.0	0
18.0	3.0	0.0	1	1.0	1.0	0.0	3.0	3.0	3.0	48.679565	8.9	1	5.0	1.0	1.0	5.0	10.0	2.0	2.0	5.0	2.0	2.0	5.0	0	0.712	3.0	21	9.554016	11.9584	0.0	0
18.0	1.0	0.0	1	0.0	1.0	1.0	2.0	1.0	4.0	48.679565	8.9	1	5.0	1.0	1.0	1.0	8.0	4.0	1.0	5.0	2.0	2.0	5.0	0	0.712	5.0	21	9.554016	11.9584	0.0	0
18.0	3.0	1.0	1	0.0	1.0	1.0	5.0	5.0	4.0	48.679565	8.9	1	5.0	1.0	1.0	5.0	10.0	1.0	2.0	5.0	1.0	2.0	5.0	0	0.712	3.0	21	9.554016	11.9584	0.0	0
18.0	2.0	0.0	1	1.0	1.0	1.0	3.0	4.0	4.0	48.679565	8.9	1	5.0	1.0	1.0	5.0	10.0	2.0	2.0	5.0	1.0	2.0	1.0	0	0.712	2.0	21	9.554016	11.9584	0.0	0
18.0	3.0	0.0	1	1.0	1.0	1.0	6.0	5.0	3.0	48.679565	8.9	1	5.0	0.0	1.0	5.0	10.0	3.0	2.0	5.0	1.0	2.0	1.0	0	0.712	4.0	21	9.554016	11.9584	0.0	0
18.0	1.0		1	1.0	0.0	0.0	2.0	0.0	3.0	48.679565	8.9	1	5.0	1.0	5.0	5.0	0.0	3.0	2.0	5.0	2.0	2.0	1.0	0	0.712	3.0	21	9.554016	11.9584	0.0	0
18.0	1.0	0.0	1	1.0	1.0	1.0	4.0	3.0	3.0	48.679565	8.9	1	5.0	1.0	1.0	5.0	10.0	4.0	2.0	5.0	2.0	2.0	1.0	0	0.712	3.0	21	9.554016	11.9584	0.0	0
18.0	1.0		1	1.0	0.0	1.0	2.0	1.0	3.0	48.679565	8.9	1	5.0	1.0	1.0	1.0	8.0	3.0	1.0	5.0	1.0	2.0	5.0	0	0.712	4.0	21	9.554016	11.9584	0.0	0
18.0	2.0		1	1.0	0.0	1.0	3.0	1.0	4.0	48.679565	8.9	1	5.0	1.0	1.0	5.0	5.0	3.0	2.0	5.0	1.0	1.0	5.0	0	0.712	4.0	21	9.554016	11.9584	0.0	0
19.0	3.0		0	1.0	0.0	1.0	3.0	2.0	4.0	16.779932	3.5	1	5.0	1.0	5.0	5.0	7.0	3.0	1.0	5.0	2.0	4.0	1.0	0	0.664	4.0	0	10.371674	9.385889	0.0	0
19.0	1.0		0	1.0	0.0	0.0	1.0	0.0	4.0	16.779932	3.5	1	5.0	1.0	5.0	5.0	0.0	2.0	2.0	1.0	2.0	2.0	1.0	0	0.664	3.0	0	10.371674	9.385889	0.0	0
19.0	3.0	0.0	0	1.0	1.0	0.0	3.0	4.0	4.0	16.779932	3.5	1	5.0	1.0	5.0	5.0	10.0	3.0	2.0	5.0	1.0	2.0	5.0	0	0.664	3.0	0	10.371674	9.385889	0.0	0
19.0	1.0	0.0	0	1.0	1.0	1.0	4.0	2.0	4.0	16.779932	3.5	1	5.0	1.0	1.0	2.0	8.0	3.0	2.0	5.0	2.0	2.0	5.0	0	0.664	3.0	0	10.371674	9.385889	0.0	0
19.0	2.0		0	1.0	0.0	1.0	3.0	3.0	4.0	16.779932	3.5	1	5.0	1.0	1.0	1.0	10.0	3.0	1.0	5.0	2.0	2.0	5.0	0	0.664	4.0	0	10.371674	9.385889	0.0	0
19.0	1.0	0.0	0	0.0	1.0	1.0	3.0	1.0	3.0	16.779932	3.5	1	5.0	0.0	5.0	5.0	10.0	3.0	1.0	5.0	2.0	4.0	5.0	0	0.664	2.0	0	10.371674	9.385889	0.0	0
19.0	2.0		0	1.0	0.0	1.0	3.0	2.0	3.0	16.779932	3.5	1	5.0	1.0		5.0	10.0	1.0	1.0	5.0	2.0	3.0	5.0	0	0.664	3.0	0	10.371674	9.385889	0.0	0
19.0	1.0	0.0	0	0.0	1.0	1.0	2.0	2.0	3.0	16.779932	3.5	1	5.0	0.0	5.0	5.0	10.0	3.0	2.0	5.0	2.0	2.0	5.0	0	0.664	5.0	0	10.371674	9.385889	0.0	0
19.0	1.0		0	1.0	0.0	1.0	1.0	0.0	4.0	16.779932	3.5	1	5.0	0.0	1.0	1.0	5.0	2.0	2.0	5.0	2.0	1.0	5.0	0	0.664	4.0	0	10.371674	9.385889	0.0	0
19.0	2.0		0		0.0	1.0	3.0	2.0	4.0	16.779932	3.5	1	5.0	0.0	1.0	5.0	10.0	4.0	2.0	5.0	2.0	3.0	5.0	0	0.664	4.0	0	10.371674	9.385889	0.0	0
19.0	1.0		0	1.0	0.0	0.0	4.0	2.0	4.0	16.779932	3.5	1	5.0	1.0	5.0	5.0	10.0	3.0	2.0	5.0	2.0	2.0	1.0	0	0.664	2.0	0	10.371674	9.385889	0.0	0
19.0	2.0	0.0	0	1.0	1.0	1.0	2.0	2.0	3.0	16.779932	3.5	1	5.0	1.0	1.0	5.0	10.0	2.0	2.0	5.0	1.0	3.0	5.0	0	0.664	4.0	0	10.371674	9.385889	0.0	0
19.0	3.0	0.0	0	0.0	1.0	1.0	3.0	7.0	4.0	16.779932	3.5	1	5.0	1.0	1.0	5.0	0.0	3.0	2.0	5.0	2.0	1.0	5.0	0	0.664	3.0	0	10.371674	9.385889	0.0	0
19.0	3.0	0.0	0	1.0	1.0	0.0	3.0	1.0	4.0	16.779932	3.5	1	5.0	1.0	5.0	5.0	9.0	3.0	2.0	5.0	2.0	3.0	5.0	0	0.664	4.0	0	10.371674	9.385889	0.0	0
20.0	1.0		1	0.0	0.0	1.0	2.0	0.0	3.0	76.794044	6.3	1	3.0		4.0	3.0	6.0	1.0	2.0	4.0	3.0	3.0	5.0	0	0.695	4.0	27	9.761897	14.731879	33.0	1
20.0	1.0		1	1.0	0.0	1.0	2.0	0.0	2.0	76.794044	6.3	1	5.0	1.0	5.0	4.0	5.0	1.0	1.0	5.0	3.0	1.0	5.0	0	0.695	3.0	27	9.761897	14.731879	33.0	1
20.0	2.0		1	0.0	0.0	0.0	1.0	0.0	3.0	76.794044	6.3	1	4.0	1.0	3.0	2.0	7.0	1.0	2.0	4.0	3.0	2.0	5.0	0	0.695	3.0	27	9.761897	14.731879	33.0	1
20.0	1.0		1	0.0	0.0	1.0	2.0	0.0	3.0	76.794044	6.3	1	5.0	1.0	4.0	4.0	6.0	3.0	1.0	5.0	3.0	2.0	5.0	0	0.695	3.0	27	9.761897	14.731879	33.0	1
20.0	3.0	0.0	1	0.0	1.0	0.0	3.0	1.0	3.0	76.794044	6.3	1	3.0	0.0	4.0	5.0	8.0	1.0	1.0	4.0	3.0	2.0	5.0	0	0.695	4.0	27	9.761897	14.731879	33.0	1
20.0	2.0	0.0	1	0.0	1.0	0.0	3.0	1.0	3.0	76.794044	6.3	1	3.0	1.0	4.0	3.0	8.0	1.0	1.0	4.0	3.0	2.0	5.0	0	0.695	4.0	27	9.761897	14.731879	33.0	1
20.0	3.0	0.0	1	1.0	1.0	1.0	3.0	3.0	3.0	76.794044	6.3	1	5.0	1.0	4.0	4.0	3.0	1.0	1.0	5.0	3.0	2.0	5.0	0	0.695	4.0	27	9.761897	14.731879	33.0	1
20.0	2.0		1	0.0	0.0	0.0	5.0	1.0	4.0	76.794044	6.3	1	4.0	0.0	4.0	1.0	8.0	3.0	2.0	4.0	2.0	2.0	4.0	0	0.695	3.0	27	9.761897	14.731879	33.0	1
20.0	1.0	1.0	1	1.0	1.0	1.0	4.0	2.0	3.0	76.794044	6.3	1	1.0	0.0	2.0	1.0	5.0	4.0	2.0	4.0	2.0	2.0	2.0	0	0.695	3.0	27	9.761897	14.731879	33.0	1
20.0	3.0		1	1.0	0.0	1.0	3.0	4.0	4.0	76.794044	6.3	1	4.0	0.0	4.0	2.0	7.0	3.0	1.0	4.0	2.0	1.0	5.0	0	0.695	2.0	27	9.761897	14.731879	33.0	1
20.0	1.0	0.0	1	0.0	1.0	0.0	1.0	0.0	4.0	76.794044	6.3	1	5.0	0.0	1.0	1.0	9.0	3.0	2.0	5.0	2.0	2.0	5.0	0	0.695	3.0	27	9.761897	14.731879	33.0	1
20.0	1.0	0.0	1	1.0	1.0	1.0	4.0	0.0	3.0	76.794044	6.3	1	4.0	0.0	4.0	2.0	8.0	3.0	1.0	4.0	2.0	3.0	5.0	0	0.695	3.0	27	9.761897	14.731879	33.0	1
20.0	2.0		1	1.0	0.0	0.0	3.0	2.0	4.0	76.794044	6.3	1	5.0	0.0	1.0	2.0	7.0	1.0	1.0	4.0	2.0	2.0	5.0	0	0.695	2.0	27	9.761897	14.731879	33.0	1
20.0	3.0	0.0	1	1.0	1.0	0.0	3.0	3.0	3.0	76.794044	6.3	1	2.0	0.0	2.0	4.0	8.0	2.0	1.0	4.0	2.0	2.0	2.0	0	0.695	3.0	27	9.761897	14.731879	33.0	1
21.0	3.0		1	1.0	0.0	1.0	4.0	3.0	3.0	60.642544	8.1	1	3.0	1.0	4.0	5.0	5.0	3.0	2.0	5.0	1.0	2.0	1.0	1	0.679	2.0	27	9.595978	14.812817	9.0	1
21.0	2.0	0.0	1	1.0	1.0	0.0	4.0	4.0	5.0	60.642544	8.1	1	5.0	1.0	2.0	3.0	10.0	3.0	2.0	5.0	0.0	2.0	5.0	1	0.679	3.0	27	9.595978	14.812817	9.0	1
21.0	1.0		1	1.0	0.0	0.0	2.0	0.0	4.0	60.642544	8.1	1	5.0	1.0	1.0	5.0	8.0	3.0	2.0	5.0	1.0	2.0	5.0	1	0.679	2.0	27	9.595978	14.812817	9.0	1
21.0	1.0		1	1.0	0.0	0.0	1.0	0.0	4.0	60.642544	8.1	1	4.0	1.0	2.0	4.0	10.0	1.0	2.0	5.0	2.0	3.0	5.0	1	0.679	2.0	27	9.595978	14.812817	9.0	1
21.0	1.0		1	1.0	0.0	1.0	4.0	1.0	5.0	60.642544	8.1	1	5.0	1.0	5.0	5.0	10.0	2.0	2.0	5.0	1.0	3.0	5.0	1	0.679	3.0	27	9.595978	14.812817	9.0	1
21.0	3.0	0.0	1	1.0	1.0	1.0	6.0	6.0	5.0	60.642544	8.1	1	5.0	1.0	4.0	4.0	8.0	2.0	2.0	5.0	1.0	2.0	5.0	1	0.679	3.0	27	9.595978	14.812817	9.0	1
21.0	2.0	0.0	1	1.0	1.0	0.0	6.0	2.0	5.0	60.642544	8.1	1	5.0	1.0	5.0	3.0	10.0	2.0	2.0	5.0	1.0	2.0	5.0	1	0.679	3.0	27	9.595978	14.812817	9.0	1
21.0	1.0	0.0	1	0.0	1.0	1.0	4.0	1.0	5.0	60.642544	8.1	1	5.0		2.0	4.0	9.0	2.0	2.0	5.0	2.0	2.0	5.0	1	0.679	2.0	27	9.595978	14.812817	9.0	1
21.0	1.0		1	0.0	0.0	0.0	1.0	0.0	4.0	60.642544	8.1	1	5.0	0.0	1.0	4.0	5.0	1.0	2.0	4.0	2.0	2.0	5.0	1	0.679	5.0	27	9.595978	14.812817	9.0	1
21.0	2.0	0.0	1	1.0	1.0	0.0	3.0	3.0	5.0	60.642544	8.1	1	5.0		4.0	4.0	8.0	2.0	2.0	5.0	2.0	2.0	5.0	1	0.679	3.0	27	9.595978	14.812817	9.0	1
21.0	2.0	0.0	1	1.0	1.0	1.0	3.0	3.0	4.0	60.642544	8.1	1	4.0	1.0	4.0	5.0	8.0	1.0	1.0	4.0	2.0	2.0	5.0	1	0.679	4.0	27	9.595978	14.812817	9.0	1
21.0	3.0		1	0.0	0.0	0.0	6.0	5.0	5.0	60.642544	8.1	1	5.0	0.0	5.0	4.0	6.0	3.0	2.0	5.0	2.0	2.0	5.0	1	0.679	2.0	27	9.595978	14.812817	9.0	1
21.0	3.0		1	1.0	0.0	1.0	4.0	1.0	5.0	60.642544	8.1	1	4.0	1.0	5.0	4.0	8.0	2.0	2.0	5.0	2.0	2.0	5.0	1	0.679	4.0	27	9.595978	14.812817	9.0	1
22.0	3.0		1	1.0	0.0	1.0	1.0	0.0	3.0	62.619637	4.3	1	5.0	0.0	5.0	2.0	7.0	3.0	1.0	2.0	3.0	4.0	4.0	1	0.752	4.0	26	10.071726	13.854356	5.0	0
22.0	1.0	0.0	1	1.0	1.0	1.0	3.0	2.0	2.0	62.619637	4.3	1	4.0	1.0	2.0	3.0	8.0	1.0	1.0	1.0	3.0	3.0	5.0	1	0.752	3.0	26	10.071726	13.854356	5.0	0
22.0	1.0	0.0	1	1.0	1.0	1.0	3.0	2.0	4.0	62.619637	4.3	1	5.0	1.0	1.0	4.0	9.0	3.0	1.0	5.0	3.0	1.0	5.0	1	0.752	5.0	26	10.071726	13.854356	5.0	0
22.0	3.0		1	0.0	0.0	0.0	6.0	4.0	1.0	62.619637	4.3	1	5.0	1.0	5.0	3.0	8.0	1.0	1.0	3.0	3.0	2.0	5.0	1	0.752	2.0	26	10.071726	13.854356	5.0	0
22.0	1.0		1	1.0	0.0	1.0	2.0	0.0	4.0	62.619637	4.3	1	5.0	1.0	5.0	4.0	7.0	2.0	1.0	5.0	3.0	4.0	5.0	1	0.752	4.0	26	10.071726	13.854356	5.0	0
22.0	2.0	0.0	1	1.0	1.0	1.0	4.0	1.0	4.0	62.619637	4.3	1	5.0	0.0	1.0	4.0	9.0	2.0	2.0	5.0	3.0	2.0	5.0	1	0.752	4.0	26	10.071726	13.854356	5.0	0
22.0	2.0	0.0	1	1.0	1.0	1.0	3.0	1.0	4.0	62.619637	4.3	1	5.0	1.0	1.0	1.0	10.0	3.0	1.0	4.0	3.0	4.0	5.0	1	0.752	2.0	26	10.071726	13.854356	5.0	0
22.0	1.0	0.0	1		1.0	0.0	1.0	1.0	4.0	62.619637	4.3	1	5.0	1.0	5.0	2.0	8.0	2.0	2.0	3.0	1.0	3.0	5.0	1	0.752	2.0	26	10.071726	13.854356	5.0	0
22.0	3.0		1	1.0	0.0	0.0	3.0	9.0	4.0	62.619637	4.3	1	5.0	0.0	4.0	5.0	8.0	3.0	2.0	2.0	1.0	1.0	5.0	1	0.752	5.0	26	10.071726	13.854356	5.0	0
22.0	3.0	0.0	1	1.0	1.0	1.0	5.0	3.0	4.0	62.619637	4.3	1	5.0	0.0	1.0	5.0	10.0	1.0	1.0	5.0	1.0	1.0	4.0	1	0.752	2.0	26	10.071726	13.854356	5.0	0
22.0	1.0		1	1.0	0.0	0.0	4.0	1.0	5.0	62.619637	4.3	1	5.0	1.0	2.0	2.0	10.0	3.0	2.0	4.0	1.0	3.0	4.0	1	0.752	2.0	26	10.071726	13.854356	5.0	0
22.0	2.0	0.0	1	1.0	1.0	1.0	3.0	4.0	3.0	62.619637	4.3	1	5.0	1.0	5.0	5.0	10.0	3.0	2.0	5.0	1.0	3.0	5.0	1	0.752	4.0	26	10.071726	13.854356	5.0	0
22.0	2.0	1.0	1	1.0	1.0	1.0	4.0	3.0	3.0	62.619637	4.3	1	5.0	0.0	2.0	5.0	10.0	3.0	2.0	4.0	1.0	3.0	5.0	1	0.752	2.0	26	10.071726	13.854356	5.0	0
22.0	1.0		1	1.0	0.0	1.0	1.0	1.0	5.0	62.619637	4.3	1	5.0	0.0	5.0	4.0	10.0	2.0	2.0	5.0	1.0	3.0	5.0	1	0.752	2.0	26	10.071726	13.854356	5.0	0
23.0	2.0		1	1.0	0.0	1.0	2.0	1.0	4.0	41.072906	3.3	1	5.0	1.0	5.0	5.0	10.0	3.0	2.0	5.0	1.0	4.0	5.0	0	0.707	2.0	24	9.603956	13.629459		1
23.0	2.0		1	1.0	0.0	1.0	1.0	3.0	3.0	41.072906	3.3	1	5.0	1.0	1.0	5.0	9.0	2.0	2.0	5.0	1.0	4.0	5.0	0	0.707	3.0	24	9.603956	13.629459		1
23.0	2.0		1	1.0	0.0	1.0	2.0	2.0	4.0	41.072906	3.3	1	5.0	1.0	5.0	5.0	10.0	3.0	2.0	5.0	1.0	2.0	5.0	0	0.707	3.0	24	9.603956	13.629459		1
23.0	3.0		1	0.0	0.0	0.0	3.0	8.0	5.0	41.072906	3.3	1	5.0	1.0	5.0	5.0	8.0	3.0	2.0	5.0	0.0	1.0	5.0	0	0.707	2.0	24	9.603956	13.629459		1
23.0	1.0	1.0	1	1.0	1.0	1.0	2.0	4.0	4.0	41.072906	3.3	1	5.0	1.0	1.0	5.0	10.0	3.0	2.0	5.0	1.0	2.0	4.0	0	0.707	2.0	24	9.603956	13.629459		1
23.0	1.0	0.0	1	1.0	1.0	1.0	2.0	0.0	4.0	41.072906	3.3	1	5.0	1.0	1.0	2.0	7.0	3.0	2.0	5.0	1.0	4.0	5.0	0	0.707	4.0	24	9.603956	13.629459		1
23.0	3.0	1.0	1	1.0	1.0	1.0	3.0	4.0	4.0	41.072906	3.3	1	5.0		1.0	5.0	10.0	1.0	2.0	5.0	1.0	1.0	5.0	0	0.707	2.0	24	9.603956	13.629459		1
23.0	1.0		1	1.0	0.0	1.0	1.0	0.0	4.0	41.072906	3.3	1	5.0	1.0	5.0	2.0	10.0	3.0	1.0	5.0	2.0	4.0	4.0	0	0.707	4.0	24	9.603956	13.629459		1
23.0	1.0		1	1.0	0.0	1.0	3.0	3.0	5.0	41.072906	3.3	1	5.0	0.0	3.0	1.0	5.0	3.0	2.0	5.0	2.0	1.0	5.0	0	0.707	4.0	24	9.603956	13.629459		1
23.0	1.0		1	1.0	0.0	0.0	3.0	3.0	4.0	41.072906	3.3	1	5.0	1.0	5.0	5.0	10.0	3.0	2.0	5.0	2.0	2.0	5.0	0	0.707	2.0	24	9.603956	13.629459		1
23.0	2.0		1	1.0	0.0	0.0	3.0	2.0	4.0	41.072906	3.3	1	5.0	1.0	1.0	1.0	8.0	2.0	1.0	2.0	2.0	3.0	5.0	0	0.707	4.0	24	9.603956	13.629459		1
23.0	3.0	1.0	1	1.0	1.0	1.0	3.0	1.0	3.0	41.072906	3.3	1	5.0	0.0	1.0	4.0	5.0	3.0	2.0	2.0	2.0	2.0	5.0	0	0.707	4.0	24	9.603956	13.629459		1
23.0	2.0	0.0	1	1.0	1.0	1.0	2.0	0.0		41.072906	3.3	1	5.0	1.0	1.0	1.0	8.0	4.0	2.0	5.0	2.0	2.0	5.0	0	0.707	3.0	24	9.603956	13.629459		1
23.0	3.0	0.0	1	1.0	1.0	1.0	6.0	3.0	4.0	41.072906	3.3	1	5.0	0.0	2.0	4.0	8.0	1.0	2.0	5.0	2.0	2.0	5.0	0	0.707	2.0	24	9.603956	13.629459		1
24.0	1.0	0.0	1	0.0	1.0	1.0	2.0	1.0	4.0	76.50058	9.3	1	5.0		3.0	3.0	0.0	4.0	2.0	3.0	1.0	2.0	5.0	0	0.693	3.0	26	9.62373	13.517749		0
24.0	3.0		1		0.0	1.0	3.0	3.0	4.0	76.50058	9.3	1	4.0		1.0	2.0	0.0	3.0	2.0	3.0	1.0	2.0	3.0	0	0.693	3.0	26	9.62373	13.517749		0
24.0	3.0	0.0	1		1.0	1.0	3.0	1.0	4.0	76.50058	9.3	1	5.0	1.0	2.0	3.0	9.0	4.0	2.0	4.0	1.0	3.0	2.0	0	0.693	3.0	26	9.62373	13.517749		0
24.0	2.0	1.0	1	0.0	1.0	1.0	5.0	2.0	4.0	76.50058	9.3	1	5.0	1.0	3.0	1.0	0.0	3.0	2.0	1.0	1.0	3.0	4.0	0	0.693	3.0	26	9.62373	13.517749		0
24.0	2.0	0.0	1	0.0	1.0	1.0	3.0	1.0	4.0	76.50058	9.3	1	5.0	1.0	1.0	3.0	5.0	2.0	2.0	3.0	1.0	4.0	4.0	0	0.693	4.0	26	9.62373	13.517749		0
24.0	1.0		1		0.0	1.0	1.0	0.0	4.0	76.50058	9.3	1	5.0	1.0	3.0	3.0	1.0	1.0	2.0	2.0	1.0	2.0	3.0	0	0.693	2.0	26	9.62373	13.517749		0
24.0	1.0		1	1.0	0.0	1.0	1.0	0.0	4.0	76.50058	9.3	1	5.0	1.0	4.0	4.0	4.0	2.0	2.0	2.0	1.0	1.0	3.0	0	0.693	4.0	26	9.62373	13.517749		0
24.0	1.0		1	1.0	0.0	1.0	3.0	1.0	4.0	76.50058	9.3	1	5.0	0.0	3.0	4.0	7.0	4.0	2.0	2.0	2.0	3.0	5.0	0	0.693	3.0	26	9.62373	13.517749		0
24.0	2.0	0.0	1	0.0	1.0	1.0	3.0	2.0	4.0	76.50058	9.3	1	5.0	1.0	1.0	3.0	6.0	1.0	2.0	3.0	2.0	1.0	5.0	0	0.693	3.0	26	9.62373	13.517749		0
24.0	2.0	0.0	1	0.0	1.0	0.0	3.0	0.0	4.0	76.50058	9.3	1	5.0	1.0		3.0	7.0	3.0	2.0	3.0	2.0	2.0	5.0	0	0.693	2.0	26	9.62373	13.517749		0
24.0	3.0	0.0	1	1.0	1.0	1.0	5.0	2.0	4.0	76.50058	9.3	1	5.0	1.0	3.0	4.0	8.0	1.0	2.0	5.0	2.0	2.0	5.0	0	0.693	3.0	26	9.62373	13.517749		0
24.0	1.0		1	0.0	0.0	0.0	3.0	1.0	4.0	76.50058	9.3	1	5.0	1.0	5.0	3.0	8.0	2.0	2.0	2.0	2.0	3.0	5.0	0	0.693	3.0	26	9.62373	13.517749		0
24.0	3.0		1	1.0	0.0	1.0	3.0	2.0	4.0	76.50058	9.3	1	5.0	1.0	3.0	5.0	8.0	3.0	2.0	4.0	2.0	2.0	5.0	0	0.693	3.0	26	9.62373	13.517749		0
24.0	1.0		1	1.0	0.0	1.0	1.0	1.0	4.0	76.50058	9.3	1	5.0	1.0	5.0	5.0	7.0	1.0	2.0	4.0	2.0	1.0	5.0	0	0.693	3.0	26	9.62373	13.517749		0
25.0	3.0	0.0	0	0.0	1.0	1.0	1.0	0.0	5.0	33.59827	5.3	1	5.0	1.0	4.0	4.0	10.0	2.0	2.0	5.0	1.0	2.0	5.0	0	0.632	2.0	0	9.284604	11.464187	0.0	0
25.0	2.0	0.0	0	1.0	1.0	1.0	6.0	5.0	4.0	33.59827	5.3	1	5.0	1.0	2.0	3.0	10.0	1.0	2.0	4.0	1.0	4.0	5.0	0	0.632	5.0	0	9.284604	11.464187	0.0	0
25.0	3.0	0.0	0	1.0	1.0	0.0	3.0	4.0	5.0	33.59827	5.3	1	5.0	1.0	2.0	4.0	10.0	1.0	1.0	5.0	1.0	2.0	5.0	0	0.632	5.0	0	9.284604	11.464187	0.0	0
25.0	1.0	0.0	0	1.0	1.0	0.0	3.0	1.0	5.0	33.59827	5.3	1	5.0	1.0	2.0	4.0	10.0	1.0	2.0	5.0	1.0	3.0	5.0	0	0.632	5.0	0	9.284604	11.464187	0.0	0
25.0	2.0		0	0.0	0.0	1.0	1.0	1.0	5.0	33.59827	5.3	1	5.0	1.0	1.0	2.0	10.0	1.0	2.0	5.0	1.0	3.0	5.0	0	0.632	5.0	0	9.284604	11.464187	0.0	0
25.0	1.0		0	1.0	0.0	1.0	2.0	0.0	4.0	33.59827	5.3	1	5.0	1.0	5.0	2.0	10.0	1.0	1.0	5.0	1.0	2.0	4.0	0	0.632	5.0	0	9.284604	11.464187	0.0	0
25.0	1.0		0	1.0	0.0	1.0	2.0	0.0	5.0	33.59827	5.3	1	5.0	1.0	2.0	1.0	10.0	1.0	2.0	5.0	1.0	1.0	5.0	0	0.632	5.0	0	9.284604	11.464187	0.0	0
25.0	3.0		0	1.0	0.0	1.0	3.0	4.0	5.0	33.59827	5.3	1	5.0	1.0	1.0	4.0	10.0	5.0	2.0	5.0	0.0	2.0	5.0	0	0.632	3.0	0	9.284604	11.464187	0.0	0
25.0	3.0		0	1.0	0.0	1.0	3.0	0.0	5.0	33.59827	5.3	1	5.0	1.0	1.0	5.0	10.0	2.0	2.0	5.0	1.0	2.0	4.0	0	0.632	5.0	0	9.284604	11.464187	0.0	0
25.0	2.0	0.0	0	1.0	1.0	1.0	3.0	1.0	5.0	33.59827	5.3	1	5.0	1.0	1.0	5.0	10.0	2.0	2.0	5.0	1.0	2.0	5.0	0	0.632	5.0	0	9.284604	11.464187	0.0	0
25.0	1.0	0.0	0	1.0	1.0	1.0	2.0	2.0	5.0	33.59827	5.3	1	5.0	1.0	5.0	4.0	10.0	2.0	2.0	5.0	1.0	2.0	3.0	0	0.632	4.0	0	9.284604	11.464187	0.0	0
25.0	1.0	0.0	0	1.0	1.0	0.0	2.0	0.0	5.0	33.59827	5.3	1	5.0	1.0	5.0	4.0	8.0	2.0	1.0	5.0	1.0	3.0	5.0	0	0.632	5.0	0	9.284604	11.464187	0.0	0
25.0	2.0		0	0.0	0.0	0.0	4.0	0.0	5.0	33.59827	5.3	1	4.0	1.0	1.0	5.0	10.0	2.0	2.0	5.0	1.0	3.0	5.0	0	0.632	4.0	0	9.284604	11.464187	0.0	0
25.0	1.0	0.0	0	1.0	1.0	1.0	3.0	2.0	5.0	33.59827	5.3	1	4.0	1.0	4.0	5.0	10.0	1.0	2.0	4.0	1.0	3.0	5.0	0	0.632	3.0	0	9.284604	11.464187	0.0	0
26.0	3.0	0.0	0	0.0	1.0	1.0	6.0	1.0	4.0	46.690186	3.4	1	5.0	1.0	4.0	2.0	9.0	3.0	2.0	1.0	2.0	3.0	5.0	0	0.564	5.0	0	8.8069515	10.965228	0.0	0
26.0	3.0		0	0.0	0.0	0.0	3.0	4.0	4.0	46.690186	3.4	1	5.0	1.0	3.0	2.0	10.0	3.0	2.0	2.0	2.0	2.0	5.0	0	0.564	3.0	0	8.8069515	10.965228	0.0	0
26.0	1.0	0.0	0	0.0	1.0	0.0	3.0	2.0	3.0	46.690186	3.4	1	5.0	1.0	3.0	3.0	9.0	3.0	1.0	2.0	2.0	3.0	5.0	0	0.564	3.0	0	8.8069515	10.965228	0.0	0
26.0	2.0	0.0	0	0.0	1.0	0.0	5.0	1.0	4.0	46.690186	3.4	1	5.0	1.0	4.0	2.0	9.0	3.0	1.0	1.0	2.0	4.0	5.0	0	0.564	3.0	0	8.8069515	10.965228	0.0	0
26.0	2.0	0.0	0	0.0	1.0	0.0	3.0	3.0	4.0	46.690186	3.4	1	5.0	1.0	3.0	2.0	9.0	3.0	2.0	3.0	2.0	3.0	5.0	0	0.564	3.0	0	8.8069515	10.965228	0.0	0
26.0	1.0		0	0.0	0.0	0.0	2.0	0.0	3.0	46.690186	3.4	1	5.0	1.0	3.0	2.0	7.0	1.0	1.0	3.0	2.0	4.0	5.0	0	0.564	3.0	0	8.8069515	10.965228	0.0	0
26.0	1.0		0	0.0	0.0	1.0	1.0	0.0	4.0	46.690186	3.4	1	5.0	1.0	4.0	2.0	9.0	3.0	2.0	2.0	2.0	2.0	5.0	0	0.564	4.0	0	8.8069515	10.965228	0.0	0
26.0	1.0	0.0	0	0.0	1.0	1.0	3.0	2.0	4.0	46.690186	3.4	1	5.0	1.0	4.0	2.0	9.0	3.0	2.0	3.0	1.0	4.0	5.0	0	0.564	3.0	0	8.8069515	10.965228	0.0	0
26.0	2.0	0.0	0	0.0	1.0	1.0	6.0	3.0	4.0	46.690186	3.4	1	5.0	1.0	2.0	1.0	10.0	3.0	2.0	1.0	1.0	3.0	5.0	0	0.564	3.0	0	8.8069515	10.965228	0.0	0
26.0	1.0	0.0	0	1.0	1.0	1.0	1.0	4.0	5.0	46.690186	3.4	1	5.0	1.0	3.0	2.0	8.0	2.0	2.0	2.0	1.0	3.0	5.0	0	0.564	4.0	0	8.8069515	10.965228	0.0	0
26.0	1.0		0	0.0	0.0	0.0	3.0	0.0	4.0	46.690186	3.4	1	5.0	1.0	3.0	2.0	10.0	3.0	2.0	3.0	1.0	3.0	5.0	0	0.564	5.0	0	8.8069515	10.965228	0.0	0
26.0	3.0		0	1.0	0.0	1.0	3.0	2.0	4.0	46.690186	3.4	1	4.0	1.0	4.0	2.0	10.0	3.0	2.0	3.0	1.0	3.0	5.0	0	0.564	3.0	0	8.8069515	10.965228	0.0	0
26.0	2.0	0.0	0	0.0	1.0	1.0	2.0	2.0	4.0	46.690186	3.4	1	5.0	1.0	4.0	3.0	10.0	3.0	2.0	2.0	1.0	3.0	5.0	0	0.564	5.0	0	8.8069515	10.965228	0.0	0
26.0	3.0		0	1.0	0.0	1.0	3.0	4.0	4.0	46.690186	3.4	1	5.0	1.0	3.0	3.0	10.0	3.0	2.0	3.0	1.0	3.0	5.0	0	0.564	3.0	0	8.8069515	10.965228	0.0	0
27.0	1.0		1	0.0	0.0	1.0	3.0	2.0	3.0	52.024418	5.8	1	5.0	0.0	5.0	4.0	2.0	3.0	1.0	5.0	3.0	2.0	5.0	0	0.698	2.0	28	10.072348	14.257011	38.0	4
27.0	1.0		1	1.0	0.0	1.0	1.0	0.0	4.0	52.024418	5.8	1	5.0	1.0	4.0	4.0	4.0	3.0	2.0	5.0	3.0	2.0	5.0	0	0.698	3.0	28	10.072348	14.257011	38.0	4
27.0	3.0	0.0	1	0.0	1.0	1.0	4.0	4.0	4.0	52.024418	5.8	1	5.0	1.0	4.0	5.0	5.0	3.0	2.0	5.0	3.0	2.0	5.0	0	0.698	2.0	28	10.072348	14.257011	38.0	4
27.0	3.0	0.0	1	0.0	1.0	1.0	6.0	3.0	4.0	52.024418	5.8	1	5.0	1.0	4.0	5.0	6.0	3.0	2.0	5.0	3.0	2.0	5.0	0	0.698	3.0	28	10.072348	14.257011	38.0	4
27.0	2.0	0.0	1	1.0	1.0	1.0	3.0	1.0	3.0	52.024418	5.8	1	5.0	1.0	4.0	4.0	5.0	3.0	1.0	5.0	3.0	2.0	5.0	0	0.698	3.0	28	10.072348	14.257011	38.0	4
27.0	1.0		1	0.0	0.0	1.0	2.0	0.0	4.0	52.024418	5.8	1	5.0	0.0	4.0	4.0	4.0	3.0	2.0	5.0	3.0	2.0	5.0	0	0.698	2.0	28	10.072348	14.257011	38.0	4
27.0	2.0	0.0	1	1.0	1.0	1.0	1.0	0.0	3.0	52.024418	5.8	1	5.0	1.0	5.0	4.0	7.0	3.0	2.0	5.0	3.0	2.0	5.0	0	0.698	3.0	28	10.072348	14.257011	38.0	4
27.0	1.0	1.0	1	0.0	1.0	1.0	1.0	1.0	5.0	52.024418	5.8	1	5.0	1.0	4.0	4.0	7.0	3.0	2.0	5.0	1.0	3.0	5.0	0	0.698	4.0	28	10.072348	14.257011	38.0	4
27.0	1.0		1	0.0	0.0	1.0	4.0	1.0	5.0	52.024418	5.8	1	5.0	1.0	5.0	5.0	6.0	3.0	2.0	4.0	1.0	3.0	5.0	0	0.698	2.0	28	10.072348	14.257011	38.0	4
27.0	2.0		1	1.0	0.0	1.0	3.0	4.0	4.0	52.024418	5.8	1	5.0	1.0	4.0	5.0	6.0	3.0	2.0	4.0	1.0	2.0	4.0	0	0.698	3.0	28	10.072348	14.257011	38.0	4
27.0	1.0	0.0	1	1.0	1.0	1.0	4.0	3.0	4.0	52.024418	5.8	1	5.0	1.0	3.0	5.0	7.0	1.0	2.0	5.0	1.0	2.0	5.0	0	0.698	2.0	28	10.072348	14.257011	38.0	4
27.0	2.0		1	0.0	0.0	1.0	4.0	4.0	5.0	52.024418	5.8	1	5.0	1.0	5.0	5.0	6.0	2.0	2.0	4.0	1.0	3.0	4.0	0	0.698	2.0	28	10.072348	14.257011	38.0	4
27.0	3.0	0.0	1	0.0	1.0	1.0	3.0	3.0	5.0	52.024418	5.8	1	5.0	1.0	4.0	5.0	8.0	3.0	2.0	5.0	1.0	2.0	5.0	0	0.698	2.0	28	10.072348	14.257011	38.0	4
27.0	3.0		1	0.0	0.0	0.0	4.0	0.0	5.0	52.024418	5.8	1	4.0		5.0	5.0	5.0	2.0	2.0	4.0	1.0	3.0	4.0	0	0.698	2.0	28	10.072348	14.257011	38.0	4
28.0	3.0		1	0.0	0.0	0.0	3.0	1.0	3.0	98.560555	9.4	1	4.0	1.0	5.0	3.0	8.0	1.0	2.0	3.0	2.0	2.0	4.0	0	0.549	4.0	26	9.312855	12.292892		0
28.0	1.0		1	0.0	0.0	0.0	2.0	1.0	3.0	98.560555	9.4	1	3.0	1.0	5.0	3.0	6.0	1.0	1.0	3.0	2.0	2.0	5.0	0	0.549	4.0	26	9.312855	12.292892		0
28.0	1.0	0.0	1	1.0	1.0	0.0	3.0	1.0	3.0	98.560555	9.4	1	4.0	1.0	4.0	3.0	6.0	1.0	2.0	4.0	2.0	2.0	5.0	0	0.549	4.0	26	9.312855	12.292892		0
28.0	2.0	0.0	1	1.0	1.0	0.0	3.0	0.0	3.0	98.560555	9.4	1	4.0	1.0	5.0	3.0	8.0	1.0	2.0	3.0	2.0	2.0	5.0	0	0.549	3.0	26	9.312855	12.292892		0
28.0	2.0	0.0	1	1.0	1.0	0.0	3.0	0.0	3.0	98.560555	9.4	1	4.0	1.0	4.0	3.0	10.0	3.0	2.0	4.0	2.0	2.0	5.0	0	0.549	4.0	26	9.312855	12.292892		0
28.0	1.0	0.0	1	1.0	1.0	0.0	3.0	2.0	3.0	98.560555	9.4	1	4.0		4.0	2.0	10.0	3.0	2.0	5.0	2.0	2.0	5.0	0	0.549	3.0	26	9.312855	12.292892		0
28.0	3.0		1	1.0	0.0	0.0	3.0	1.0	3.0	98.560555	9.4	1	5.0		5.0	4.0	8.0	1.0	2.0	3.0	2.0	2.0	5.0	0	0.549	3.0	26	9.312855	12.292892		0
28.0	1.0		1	0.0	0.0	1.0	3.0	1.0	5.0	98.560555	9.4	1	3.0		5.0	4.0	7.0	3.0	2.0	3.0	1.0	2.0	4.0	0	0.549	3.0	26	9.312855	12.292892		0
28.0	1.0		1	0.0	0.0	0.0	3.0	1.0	5.0	98.560555	9.4	1	4.0	1.0	5.0	3.0	10.0	3.0	2.0	4.0	1.0	2.0	5.0	0	0.549	3.0	26	9.312855	12.292892		0
28.0	1.0	0.0	1	0.0	1.0	0.0	4.0	3.0	4.0	98.560555	9.4	1	4.0		5.0	3.0	10.0	3.0	2.0	5.0	1.0	2.0	5.0	0	0.549	4.0	26	9.312855	12.292892		0
28.0	2.0	0.0	1	0.0	1.0	0.0	3.0	3.0	4.0	98.560555	9.4	1	3.0	1.0	4.0	2.0	8.0	3.0	2.0	5.0	1.0	2.0	5.0	0	0.549	4.0	26	9.312855	12.292892		0
28.0	3.0		1	1.0	0.0	0.0	3.0	2.0	3.0	98.560555	9.4	1	3.0		5.0	4.0	8.0	1.0	2.0	3.0	1.0	2.0	5.0	0	0.549	2.0	26	9.312855	12.292892		0
28.0	3.0	0.0	1	0.0	1.0	0.0	6.0	2.0	5.0	98.560555	9.4	1	3.0		3.0	2.0	8.0	2.0	2.0	5.0	0.0	2.0	5.0	0	0.549	5.0	26	9.312855	12.292892		0
28.0	2.0	0.0	1	1.0	1.0	0.0	5.0	5.0	5.0	98.560555	9.4	1	4.0	1.0	3.0	2.0	10.0	3.0	2.0	5.0	1.0	2.0	5.0	0	0.549	4.0	26	9.312855	12.292892		0
29.0	1.0	0.0	0	0.0	1.0	1.0	4.0	1.0	3.0	21.172983	4.6	1	3.0	0.0	3.0	3.0	10.0	3.0	1.0	3.0	2.0	2.0	4.0	1	0.536	3.0	0	8.767349	10.539641	0.0	0
29.0	2.0		0	0.0	0.0	1.0	4.0	3.0	4.0	21.172983	4.6	1	3.0	0.0	2.0	4.0	10.0	3.0	2.0	4.0	2.0	3.0	3.0	1	0.536	3.0	0	8.767349	10.539641	0.0	0
29.0	3.0	0.0	0	0.0	1.0	0.0	6.0	4.0	4.0	21.172983	4.6	1	3.0	0.0	2.0	5.0	9.0	3.0	1.0	3.0	2.0	2.0	2.0	1	0.536	3.0	0	8.767349	10.539641	0.0	0
29.0	1.0	0.0	0	0.0	1.0	0.0	4.0	1.0	3.0	21.172983	4.6	1	3.0	0.0	2.0	3.0	9.0	3.0	2.0	3.0	2.0	3.0	2.0	1	0.536	3.0	0	8.767349	10.539641	0.0	0
29.0	3.0		0	0.0	0.0	0.0	6.0	5.0	4.0	21.172983	4.6	1	2.0	0.0	3.0	3.0	9.0	3.0	1.0	3.0	2.0		2.0	1	0.536	3.0	0	8.767349	10.539641	0.0	0
29.0	2.0		0	0.0	0.0	0.0	3.0	2.0	4.0	21.172983	4.6	1	4.0	1.0	3.0	4.0	10.0	3.0	2.0	4.0	2.0	3.0	3.0	1	0.536	3.0	0	8.767349	10.539641	0.0	0
29.0	2.0	0.0	0	0.0	1.0	1.0	3.0	2.0	4.0	21.172983	4.6	1	3.0	1.0	3.0	3.0	9.0	3.0	2.0	3.0	2.0	3.0	2.0	1	0.536	2.0	0	8.767349	10.539641	0.0	0
29.0	2.0	0.0	0	0.0	1.0	1.0	3.0	2.0	3.0	21.172983	4.6	1	3.0	0.0	2.0	4.0	7.0	3.0	1.0	4.0	3.0	2.0	2.0	1	0.536	2.0	0	8.767349	10.539641	0.0	0
29.0	2.0	0.0	0	0.0	1.0	0.0	2.0	0.0	3.0	21.172983	4.6	1	3.0	0.0	2.0	5.0	10.0	3.0	1.0	4.0	3.0	2.0	2.0	1	0.536	3.0	0	8.767349	10.539641	0.0	0
29.0	1.0		0	1.0	0.0	0.0	2.0	0.0	3.0	21.172983	4.6	1	2.0	0.0	3.0	5.0	10.0	3.0	1.0	3.0	3.0	2.0	2.0	1	0.536	4.0	0	8.767349	10.539641	0.0	0
29.0	3.0		0	1.0	0.0	0.0	3.0	5.0	3.0	21.172983	4.6	1	2.0	0.0	3.0	5.0	10.0	3.0	1.0	4.0	3.0	2.0	2.0	1	0.536	4.0	0	8.767349	10.539641	0.0	0
29.0	1.0	0.0	0	0.0	1.0	1.0	1.0	1.0	4.0	21.172983	4.6	1	3.0	0.0	2.0	3.0	9.0	1.0	2.0	3.0	3.0	2.0	3.0	1	0.536	3.0	0	8.767349	10.539641	0.0	0
29.0	1.0	0.0	0	0.0	1.0	1.0	3.0	1.0	4.0	21.172983	4.6	1	3.0	0.0	2.0	4.0	9.0	1.0	2.0	5.0	3.0	2.0	3.0	1	0.536	2.0	0	8.767349	10.539641	0.0	0
29.0	3.0		0	0.0	0.0	1.0	3.0	3.0	2.0	21.172983	4.6	1	3.0	1.0	3.0	4.0	10.0	1.0	1.0	4.0	3.0	3.0	3.0	1	0.536	2.0	0	8.767349	10.539641	0.0	0
30.0	1.0	0.0	0	0.0	1.0	1.0	3.0	1.0	5.0	11.650599	0.0	1	5.0	1.0	4.0	5.0	9.0	2.0	2.0	5.0	1.0	3.0	5.0	0	0.461	3.0	0	8.404976	10.443862	0.0	0
30.0	3.0	0.0	0	0.0	1.0	0.0	3.0	8.0	5.0	11.650599	0.0	1	5.0	1.0	4.0	5.0	10.0	2.0	2.0	5.0	1.0	3.0	5.0	0	0.461	1.0	0	8.404976	10.443862	0.0	0
30.0	3.0		0	0.0	0.0	0.0	6.0	7.0	5.0	11.650599	0.0	1	5.0	1.0	5.0	5.0	10.0	1.0	2.0	4.0	0.0	3.0	5.0	0	0.461	3.0	0	8.404976	10.443862	0.0	0
30.0	1.0	0.0	0	0.0	1.0	0.0	1.0	0.0	5.0	11.650599	0.0	1	5.0	0.0	5.0	5.0	9.0	1.0	2.0	5.0	1.0	3.0	5.0	0	0.461	3.0	0	8.404976	10.443862	0.0	0
30.0	1.0		0	0.0	0.0	0.0	4.0	1.0	5.0	11.650599	0.0	1	5.0	1.0	5.0	3.0	9.0	2.0	2.0	3.0	1.0	3.0	5.0	0	0.461	4.0	0	8.404976	10.443862	0.0	0
30.0	2.0		0	0.0	0.0	0.0	3.0	2.0	5.0	11.650599	0.0	1	5.0	1.0	5.0	3.0	9.0	2.0	2.0	3.0	1.0	2.0	5.0	0	0.461	4.0	0	8.404976	10.443862	0.0	0
30.0	2.0	0.0	0	0.0	1.0	0.0	6.0	8.0	5.0	11.650599	0.0	1	5.0	0.0	5.0	5.0	9.0	1.0	2.0	5.0	1.0	3.0	5.0	0	0.461	3.0	0	8.404976	10.443862	0.0	0
30.0	3.0		0	0.0	0.0	1.0	3.0	8.0	5.0	11.650599	0.0	1	5.0	0.0	1.0	5.0	10.0	2.0	2.0	5.0	0.0	2.0	4.0	0	0.461	3.0	0	8.404976	10.443862	0.0	0
30.0	3.0	0.0	0	0.0	1.0	0.0	3.0	4.0	5.0	11.650599	0.0	1	5.0	1.0	1.0	5.0	10.0	2.0	2.0	5.0	0.0	4.0	5.0	0	0.461	4.0	0	8.404976	10.443862	0.0	0
30.0	2.0		0	0.0	0.0	1.0	2.0	0.0	5.0	11.650599	0.0	1	5.0	0.0	1.0	3.0	10.0	1.0	2.0	5.0	2.0	3.0	5.0	0	0.461	5.0	0	8.404976	10.443862	0.0	0
30.0	1.0	0.0	0	0.0	1.0	1.0	3.0	2.0	5.0	11.650599	0.0	1	5.0	0.0	4.0	4.0	9.0	2.0	2.0	4.0	2.0	3.0	5.0	0	0.461	3.0	0	8.404976	10.443862	0.0	0
30.0	1.0	0.0	0	0.0	1.0	1.0	1.0	0.0	5.0	11.650599	0.0	1	5.0	0.0	5.0	4.0	9.0	1.0	2.0	4.0	1.0	4.0	5.0	0	0.461	2.0	0	8.404976	10.443862	0.0	0
30.0	2.0	0.0	0	0.0	1.0	0.0	3.0	3.0	5.0	11.650599	0.0	1	5.0	0.0	1.0	5.0	9.0	1.0	2.0	4.0	2.0	2.0	5.0	0	0.461	4.0	0	8.404976	10.443862	0.0	0
30.0	1.0		0	0.0	0.0	1.0	2.0	1.0	5.0	11.650599	0.0	1	5.0	1.0	4.0	2.0	10.0	1.0	2.0	5.0	2.0	3.0	5.0	0	0.461	3.0	0	8.404976	10.443862	0.0	0
31.0	2.0	0.0	0	1.0	1.0	1.0	3.0	4.0	4.0	0.0	0.0	0	5.0	1.0	4.0	5.0	7.0	3.0	2.0	5.0	1.0	2.0	5.0	0	0.621	2.0	0	8.353506	9.957929	0.0	0
31.0	1.0		0	0.0	0.0	0.0	2.0	0.0	3.0	0.0	0.0	0	4.0	1.0	5.0	3.0	8.0	3.0	2.0	3.0	1.0	2.0	5.0	0	0.621	4.0	0	8.353506	9.957929	0.0	0
31.0	3.0	0.0	0	1.0	1.0	1.0	3.0	4.0	5.0	0.0	0.0	0	5.0	1.0	5.0	5.0	8.0	3.0	2.0	5.0	1.0	2.0	5.0	0	0.621	2.0	0	8.353506	9.957929	0.0	0
31.0	2.0		0	0.0	0.0	1.0	4.0	3.0	5.0	0.0	0.0	0	5.0	0.0	5.0	5.0	8.0	3.0	2.0	5.0	1.0	1.0	4.0	0	0.621	2.0	0	8.353506	9.957929	0.0	0
31.0	1.0		0	0.0	0.0	0.0	1.0	0.0	4.0	0.0	0.0	0	5.0	1.0	5.0	5.0	5.0	3.0	2.0	5.0	1.0	1.0	5.0	0	0.621	2.0	0	8.353506	9.957929	0.0	0
31.0	1.0	0.0	0	0.0	1.0	0.0	3.0	1.0	3.0	0.0	0.0	0	3.0	0.0	4.0	2.0	7.0	3.0	2.0	3.0	1.0	2.0	5.0	0	0.621	3.0	0	8.353506	9.957929	0.0	0
31.0	3.0	0.0	0	0.0	1.0	0.0	3.0	1.0	3.0	0.0	0.0	0	2.0	0.0	3.0	3.0	7.0	3.0	2.0	4.0	1.0	2.0	5.0	0	0.621	3.0	0	8.353506	9.957929	0.0	0
31.0	3.0		0	0.0	0.0	0.0	3.0	3.0	5.0	0.0	0.0	0	4.0	1.0	5.0	5.0	9.0	3.0	2.0	3.0	1.0	2.0	5.0	0	0.621	3.0	0	8.353506	9.957929	0.0	0
31.0	2.0	0.0	0	0.0	1.0	1.0	2.0	0.0	5.0	0.0	0.0	0	5.0	1.0	4.0	4.0	7.0	3.0	2.0	5.0	1.0	2.0	5.0	0	0.621	2.0	0	8.353506	9.957929	0.0	0
31.0	3.0		0	0.0	0.0	0.0	3.0	2.0	5.0	0.0	0.0	0	3.0		5.0	4.0	10.0	3.0	2.0	3.0	1.0	2.0	5.0	0	0.621	3.0	0	8.353506	9.957929	0.0	0
31.0	1.0	0.0	0	0.0	1.0	0.0	2.0	1.0	3.0	0.0	0.0	0	3.0		3.0	1.0	10.0	1.0	2.0	5.0	1.0	2.0	5.0	0	0.621	3.0	0	8.353506	9.957929	0.0	0
31.0	2.0		0	0.0	0.0	1.0	1.0	0.0	5.0	0.0	0.0	0	5.0	1.0	4.0	5.0	7.0	3.0	2.0	5.0	1.0	2.0	5.0	0	0.621	2.0	0	8.353506	9.957929	0.0	0
31.0	1.0	0.0	0	0.0	1.0	1.0	4.0	2.0	4.0	0.0	0.0	0	5.0	1.0	4.0	5.0	7.0	2.0	2.0	5.0	1.0	1.0	5.0	0	0.621	2.0	0	8.353506	9.957929	0.0	0
31.0	1.0	0.0	0	0.0	1.0	0.0	2.0	0.0	3.0	0.0	0.0	0	4.0	0.0	5.0	2.0	10.0	1.0	2.0	5.0	1.0	2.0	5.0	0	0.621	4.0	0	8.353506	9.957929	0.0	0
32.0	1.0	0.0	0	0.0	1.0	1.0	1.0	0.0	4.0	0.0	0.0	0	5.0	0.0	4.0	2.0	8.0	1.0	2.0	5.0	1.0	2.0	5.0	0	0.534	2.0	0	8.4112835	9.670167	0.0	0
32.0	2.0	0.0	0	0.0	1.0	1.0	4.0	2.0	4.0	0.0	0.0	0	5.0	1.0	4.0	5.0	7.0	3.0	2.0	5.0	1.0	2.0	5.0	0	0.534	2.0	0	8.4112835	9.670167	0.0	0
32.0	1.0		0	0.0	0.0	1.0	1.0	0.0	4.0	0.0	0.0	0	5.0	1.0	4.0	5.0	7.0	3.0	2.0	5.0	1.0	2.0	5.0	0	0.534	2.0	0	8.4112835	9.670167	0.0	0
32.0	2.0	0.0	0	0.0	1.0	1.0	4.0	3.0	5.0	0.0	0.0	0	5.0	0.0	4.0	5.0	8.0	3.0	2.0	5.0	1.0	2.0	5.0	0	0.534	2.0	0	8.4112835	9.670167	0.0	0
32.0	2.0		0	0.0	0.0	1.0	4.0	2.0	4.0	0.0	0.0	0	5.0	0.0	4.0	5.0	8.0	3.0	2.0	5.0	1.0	2.0	5.0	0	0.534	2.0	0	8.4112835	9.670167	0.0	0
32.0	3.0	1.0	0	0.0	1.0	1.0	3.0	2.0	5.0	0.0	0.0	0	5.0	0.0	5.0	5.0	7.0	3.0	2.0	5.0	1.0	2.0	5.0	0	0.534	2.0	0	8.4112835	9.670167	0.0	0
32.0	3.0		0	0.0	0.0	0.0	4.0	5.0	5.0	0.0	0.0	0	5.0		5.0	5.0	8.0	2.0	2.0	5.0	1.0	2.0	4.0	0	0.534	2.0	0	8.4112835	9.670167	0.0	0
32.0	3.0	1.0	0	0.0	1.0	1.0	3.0	4.0	5.0	0.0	0.0	0	5.0	0.0	5.0	5.0	8.0	2.0	2.0	5.0	1.0	1.0	5.0	0	0.534	2.0	0	8.4112835	9.670167	0.0	0
32.0	3.0		0	0.0	0.0	1.0	3.0	4.0	5.0	0.0	0.0	0	4.0	1.0	5.0	5.0	8.0	2.0	2.0	5.0	1.0	2.0	4.0	0	0.534	2.0	0	8.4112835	9.670167	0.0	0
32.0	2.0		0	0.0	0.0	1.0	4.0	3.0	4.0	0.0	0.0	0	5.0	0.0	4.0	5.0	7.0	3.0	2.0	5.0	1.0	2.0	5.0	0	0.534	2.0	0	8.4112835	9.670167	0.0	0
32.0	1.0		0	0.0	0.0	1.0	4.0	2.0	4.0	0.0	0.0	0	5.0	0.0	5.0	5.0	6.0	3.0	2.0	5.0	1.0	2.0	5.0	0	0.534	2.0	0	8.4112835	9.670167	0.0	0
32.0	2.0		0	0.0	1.0	1.0	6.0	4.0	5.0	0.0	0.0	0	5.0	0.0	4.0	5.0	7.0	3.0	2.0	5.0	1.0	2.0	5.0	0	0.534	3.0	0	8.4112835	9.670167	0.0	0
32.0	1.0	0.0	0	0.0	1.0	1.0	4.0	2.0	4.0	0.0	0.0	0	5.0	0.0	5.0	4.0	7.0	3.0	2.0	5.0	1.0	2.0	5.0	0	0.534	3.0	0	8.4112835	9.670167	0.0	0
32.0	1.0	0.0	0	0.0	1.0	1.0	4.0	2.0	5.0	0.0	0.0	0	5.0	0.0	4.0	5.0	8.0	3.0	2.0	5.0	1.0	2.0	5.0	0	0.534	2.0	0	8.4112835	9.670167	0.0	0
33.0	1.0	0.0	0	0.0	1.0	0.0	3.0	1.0	3.0	18.967106	5.5	1	4.0		5.0	3.0	8.0	3.0	2.0	5.0	1.0	2.0	5.0	0	0.567	3.0	0	8.752065	11.209276	0.0	0
33.0	2.0	0.0	0	0.0	1.0	0.0	3.0	1.0	3.0	18.967106	5.5	1	4.0	0.0	5.0	2.0	10.0	3.0	2.0	5.0	1.0	2.0	4.0	0	0.567	3.0	0	8.752065	11.209276	0.0	0
33.0	3.0		0	0.0	0.0	0.0	3.0	1.0	5.0	18.967106	5.5	1	3.0		5.0	4.0	9.0	3.0	2.0	3.0	1.0	2.0	5.0	0	0.567	3.0	0	8.752065	11.209276	0.0	0
33.0	2.0		0	0.0	0.0	0.0	3.0	1.0	5.0	18.967106	5.5	1	3.0	1.0	5.0	5.0	10.0	3.0	2.0	4.0	1.0	2.0	5.0	0	0.567	3.0	0	8.752065	11.209276	0.0	0
33.0	1.0		0	0.0	0.0	0.0	1.0	0.0	5.0	18.967106	5.5	1	2.0	1.0	5.0	3.0	10.0	3.0	2.0	3.0	1.0	2.0	5.0	0	0.567	4.0	0	8.752065	11.209276	0.0	0
33.0	1.0		0	0.0	0.0	0.0	2.0	0.0	5.0	18.967106	5.5	1	4.0		5.0	3.0	8.0	3.0	2.0	3.0	1.0	2.0	5.0	0	0.567	3.0	0	8.752065	11.209276	0.0	0
33.0	3.0	0.0	0	0.0	1.0	0.0	3.0	1.0	3.0	18.967106	5.5	1	3.0		5.0	4.0	10.0	3.0	2.0	5.0	1.0	2.0	4.0	0	0.567	3.0	0	8.752065	11.209276	0.0	0
33.0	2.0		0	0.0	0.0	0.0	3.0	1.0	5.0	18.967106	5.5	1	3.0		5.0	5.0	10.0	3.0	2.0	2.0	2.0	2.0	4.0	0	0.567	3.0	0	8.752065	11.209276	0.0	0
33.0	2.0	0.0	0	0.0	1.0	0.0	3.0	2.0	3.0	18.967106	5.5	1	3.0		4.0	3.0	10.0	1.0	2.0	5.0	2.0	2.0	5.0	0	0.567	3.0	0	8.752065	11.209276	0.0	0
33.0	1.0	0.0	0	0.0	1.0	0.0	3.0	0.0	5.0	18.967106	5.5	1	3.0	0.0	3.0	4.0	10.0	1.0	2.0	4.0	2.0	2.0	5.0	0	0.567	3.0	0	8.752065	11.209276	0.0	0
33.0	3.0	0.0	0	0.0	1.0	0.0	3.0	2.0	3.0	18.967106	5.5	1	4.0		5.0	5.0	10.0	1.0	2.0	5.0	2.0	2.0	5.0	0	0.567	4.0	0	8.752065	11.209276	0.0	0
33.0	3.0		0	0.0	0.0	0.0	3.0	2.0	3.0	18.967106	5.5	1	4.0	1.0	5.0	5.0	10.0	3.0	2.0	4.0	2.0	2.0	5.0	0	0.567	3.0	0	8.752065	11.209276	0.0	0
33.0	1.0	0.0	0	0.0	1.0	1.0	3.0	0.0	5.0	18.967106	5.5	1	2.0	0.0	4.0	3.0	10.0	1.0	2.0	4.0	2.0	2.0	5.0	0	0.567	3.0	0	8.752065	11.209276	0.0	0
33.0	2.0		0	0.0	0.0	0.0	3.0	1.0	5.0	18.967106	5.5	1	3.0	1.0	5.0	4.0	10.0	3.0	2.0	3.0	2.0	2.0	4.0	0	0.567	4.0	0	8.752065	11.209276	0.0	0
34.0	3.0		0	0.0	0.0	0.0	3.0	3.0	4.0	9.081002	3.5	0	3.0	0.0	5.0	4.0	10.0	3.0	1.0	4.0	2.0	3.0	5.0	0	0.634	2.0	0	8.90134	9.306741	0.0	0
34.0	2.0		0	0.0	0.0	0.0	3.0	2.0	5.0	9.081002	3.5	0	3.0	1.0	5.0	4.0	9.0	3.0	2.0	4.0	2.0	3.0	3.0	0	0.634	2.0	0	8.90134	9.306741	0.0	0
34.0	3.0	0.0	0	0.0	1.0	0.0	3.0	2.0	4.0	9.081002	3.5	0	5.0	1.0	5.0	4.0	10.0	3.0	2.0	1.0	2.0	2.0	5.0	0	0.634	3.0	0	8.90134	9.306741	0.0	0
34.0	1.0		0	0.0	0.0	1.0	4.0	0.0	5.0	9.081002	3.5	0	4.0	1.0	5.0	4.0	0.0	2.0	2.0	3.0	2.0	3.0	3.0	0	0.634	2.0	0	8.90134	9.306741	0.0	0
34.0	1.0	0.0	0	0.0	1.0	0.0	1.0	0.0	4.0	9.081002	3.5	0	4.0	1.0	5.0	2.0	5.0	1.0	1.0	4.0	2.0	2.0	3.0	0	0.634	3.0	0	8.90134	9.306741	0.0	0
34.0	1.0	0.0	0	0.0	1.0	0.0	1.0	0.0	4.0	9.081002	3.5	0	3.0	0.0	5.0	3.0	7.0	1.0	2.0	4.0	2.0	3.0	5.0	0	0.634	4.0	0	8.90134	9.306741	0.0	0
34.0	2.0		0	0.0	0.0	0.0	2.0	0.0	5.0	9.081002	3.5	0	5.0	1.0	5.0	4.0	9.0	1.0	2.0	3.0	2.0	3.0	3.0	0	0.634	3.0	0	8.90134	9.306741	0.0	0
34.0	2.0	0.0	0	0.0	1.0	1.0	1.0	5.0	5.0	9.081002	3.5	0	5.0	0.0	5.0	3.0	9.0	3.0	2.0	5.0	1.0	4.0	5.0	0	0.634	2.0	0	8.90134	9.306741	0.0	0
34.0	2.0		0	0.0	0.0	1.0	5.0	0.0	5.0	9.081002	3.5	0	4.0	0.0	4.0	3.0	9.0	3.0	2.0	5.0	1.0	4.0	3.0	0	0.634	2.0	0	8.90134	9.306741	0.0	0
34.0	3.0		0	0.0	0.0	0.0	6.0	3.0	4.0	9.081002	3.5	0	3.0		5.0	4.0	9.0	3.0	2.0	3.0	1.0	3.0	3.0	0	0.634	2.0	0	8.90134	9.306741	0.0	0
34.0	3.0		0	0.0	0.0	0.0	5.0	6.0	5.0	9.081002	3.5	0	4.0	0.0	4.0	4.0	8.0	3.0	2.0	3.0	1.0	4.0	4.0	0	0.634	2.0	0	8.90134	9.306741	0.0	0
34.0	2.0	0.0	0	0.0	1.0	1.0	4.0	5.0	5.0	9.081002	3.5	0	4.0	0.0	5.0	5.0	8.0	3.0	2.0	3.0	1.0	3.0	5.0	0	0.634	3.0	0	8.90134	9.306741	0.0	0
34.0	1.0	0.0	0	0.0	1.0	1.0	3.0	3.0	5.0	9.081002	3.5	0	3.0	0.0	4.0	4.0	7.0	3.0	2.0	4.0	1.0	3.0	3.0	0	0.634	3.0	0	8.90134	9.306741	0.0	0
34.0	1.0	0.0	0	0.0	1.0	0.0	3.0	3.0	4.0	9.081002	3.5	0	4.0	0.0	5.0	4.0	10.0	3.0	2.0	4.0	1.0	3.0	5.0	0	0.634	2.0	0	8.90134	9.306741	0.0	0
35.0	2.0		0	0.0	0.0	1.0	5.0	0.0	4.0	36.61114	9.7	1	5.0	0.0	2.0	2.0	10.0	1.0	2.0	1.0	1.0	3.0	5.0	1	0.55	3.0	0	9.091408	11.003615	0.0	0
35.0	2.0		0	0.0	0.0	0.0	5.0	2.0	4.0	36.61114	9.7	1	5.0	1.0	4.0	2.0	8.0	3.0	2.0	2.0	1.0	3.0	5.0	1	0.55	3.0	0	9.091408	11.003615	0.0	0
35.0	3.0	1.0	0	0.0	1.0	1.0	5.0	2.0	4.0	36.61114	9.7	1	5.0	0.0	5.0	2.0	9.0	3.0	2.0	3.0	1.0	3.0	5.0	1	0.55	5.0	0	9.091408	11.003615	0.0	0
35.0	3.0		0	0.0	0.0	1.0	3.0	3.0	4.0	36.61114	9.7	1	5.0	0.0	3.0	2.0	8.0	3.0	1.0	2.0	1.0	3.0		1	0.55	3.0	0	9.091408	11.003615	0.0	0
35.0	1.0	0.0	0	0.0	1.0	1.0	3.0	2.0	4.0	36.61114	9.7	1	5.0	0.0	3.0	2.0	10.0	1.0	2.0	2.0	1.0	3.0	5.0	1	0.55	3.0	0	9.091408	11.003615	0.0	0
35.0	1.0	0.0	0	0.0	1.0	1.0	2.0	0.0	4.0	36.61114	9.7	1	5.0	0.0	4.0	1.0	10.0	3.0	2.0	2.0	1.0	3.0	5.0	1	0.55	4.0	0	9.091408	11.003615	0.0	0
35.0	1.0	0.0	0	0.0	1.0	0.0	2.0	0.0	4.0	36.61114	9.7	1	5.0	0.0	3.0	2.0	8.0	3.0	1.0	3.0	1.0	3.0	5.0	1	0.55	4.0	0	9.091408	11.003615	0.0	0
35.0	3.0		0	0.0	0.0	1.0	3.0	7.0	4.0	36.61114	9.7	1	4.0	1.0	4.0	2.0	10.0	3.0	2.0	3.0	2.0	4.0	5.0	1	0.55	3.0	0	9.091408	11.003615	0.0	0
35.0	3.0		0	0.0	0.0	0.0	3.0	4.0	4.0	36.61114	9.7	1	5.0	1.0	4.0	3.0	8.0	3.0	1.0	1.0	2.0	2.0	5.0	1	0.55	3.0	0	9.091408	11.003615	0.0	0
35.0	1.0		0	0.0	0.0	1.0	1.0	0.0	3.0	36.61114	9.7	1	4.0	0.0	4.0	4.0	9.0	1.0	2.0	4.0	2.0	4.0	5.0	1	0.55	3.0	0	9.091408	11.003615	0.0	0
35.0	1.0	1.0	0	0.0	1.0	1.0	2.0	1.0	3.0	36.61114	9.7	1	5.0	0.0	1.0	1.0	9.0	1.0	1.0	5.0	2.0	2.0	5.0	1	0.55	5.0	0	9.091408	11.003615	0.0	0
35.0	1.0	0.0	0	0.0	1.0	1.0	4.0	1.0	4.0	36.61114	9.7	1	5.0	1.0	5.0	1.0	10.0	3.0	2.0	4.0	2.0	4.0	5.0	1	0.55	4.0	0	9.091408	11.003615	0.0	0
35.0	2.0		0	0.0	0.0	1.0	2.0	2.0	4.0	36.61114	9.7	1	4.0	0.0	5.0	4.0	7.0	2.0	2.0	4.0	2.0	2.0	5.0	1	0.55	4.0	0	9.091408	11.003615	0.0	0
35.0	2.0	1.0	0	0.0	1.0	0.0	2.0	2.0	4.0	36.61114	9.7	1	5.0	1.0	3.0	2.0	9.0	3.0	2.0	3.0	2.0	3.0	5.0	1	0.55	4.0	0	9.091408	11.003615	0.0	0
36.0	2.0		0	0.0	0.0	0.0	3.0	3.0	5.0	24.843771	0.8	1	4.0		5.0	3.0	8.0	2.0	2.0	4.0	0.0	3.0	5.0	0	0.47	3.0	0	8.564526	10.865268	0.0	0
36.0	3.0	0.0	0	0.0	1.0	0.0	3.0	2.0	5.0	24.843771	0.8	1	4.0	0.0	4.0	2.0	8.0	3.0	2.0	5.0	1.0	3.0	5.0	0	0.47	4.0	0	8.564526	10.865268	0.0	0
36.0	1.0		0		0.0	1.0	2.0	0.0	5.0	24.843771	0.8	1	3.0	0.0	5.0	4.0	8.0	2.0	2.0	3.0	1.0	3.0	5.0	0	0.47	3.0	0	8.564526	10.865268	0.0	0
36.0	2.0		0	0.0	0.0	0.0	4.0	0.0	5.0	24.843771	0.8	1	4.0	1.0	4.0	4.0	5.0	3.0	2.0	3.0	0.0	2.0	4.0	0	0.47	3.0	0	8.564526	10.865268	0.0	0
36.0	1.0	0.0	0	0.0	1.0	0.0	4.0	3.0	5.0	24.843771	0.8	1	5.0	0.0	2.0	3.0	10.0	3.0	2.0	4.0	1.0	3.0	5.0	0	0.47	3.0	0	8.564526	10.865268	0.0	0
36.0	3.0	0.0	0	0.0	1.0	0.0	3.0	2.0	5.0	24.843771	0.8	1	3.0		5.0	3.0	10.0	3.0	2.0	5.0	1.0	3.0	5.0	0	0.47	3.0	0	8.564526	10.865268	0.0	0
36.0	1.0	0.0	0	0.0	1.0	0.0	3.0	3.0	5.0	24.843771	0.8	1	4.0	1.0	4.0	4.0	10.0	1.0	2.0	3.0	1.0	3.0	5.0	0	0.47	3.0	0	8.564526	10.865268	0.0	0
36.0	1.0		0	0.0	0.0	0.0	3.0	0.0	5.0	24.843771	0.8	1	5.0	1.0	5.0	4.0	10.0	3.0	2.0	3.0	1.0	3.0	4.0	0	0.47	3.0	0	8.564526	10.865268	0.0	0
36.0	3.0	0.0	0	0.0	1.0	0.0	3.0	2.0	5.0	24.843771	0.8	1	4.0	0.0	4.0	4.0	8.0	3.0	2.0	2.0	1.0	3.0	5.0	0	0.47	3.0	0	8.564526	10.865268	0.0	0
36.0	3.0	0.0	0	0.0	1.0	0.0	3.0	4.0	5.0	24.843771	0.8	1	4.0	0.0	5.0	2.0	10.0	2.0	2.0	4.0	1.0	3.0	5.0	0	0.47	3.0	0	8.564526	10.865268	0.0	0
36.0	2.0	0.0	0	0.0	1.0	0.0	4.0	2.0	5.0	24.843771	0.8	1	3.0	1.0	4.0	3.0	8.0	3.0	2.0	3.0	1.0	3.0	5.0	0	0.47	4.0	0	8.564526	10.865268	0.0	0
36.0	1.0	0.0	0	0.0	1.0	0.0	4.0	3.0	4.0	24.843771	0.8	1	4.0		4.0	3.0	10.0	3.0	2.0	4.0	1.0	3.0	5.0	0	0.47	4.0	0	8.564526	10.865268	0.0	0
36.0	2.0		0	0.0	0.0	0.0	3.0	1.0	5.0	24.843771	0.8	1	4.0		4.0	4.0	5.0	3.0	2.0	3.0	0.0	2.0	4.0	0	0.47	4.0	0	8.564526	10.865268	0.0	0
36.0	1.0		0	0.0	0.0	1.0	2.0	0.0	5.0	24.843771	0.8	1	4.0	0.0	5.0	4.0	8.0	3.0	2.0	2.0	1.0	3.0	4.0	0	0.47	3.0	0	8.564526	10.865268	0.0	0
37.0	2.0	0.0	0		1.0	1.0	3.0	3.0	3.0	25.721487	2.1	1	5.0	0.0	4.0	2.0	10.0	1.0	2.0	5.0	2.0	2.0	5.0	0	0.486	2.0	0	8.718125	9.875036	0.0	0
37.0	1.0		0		0.0	0.0	1.0	0.0	4.0	25.721487	2.1	1	5.0	1.0	2.0	2.0	9.0	3.0	2.0	5.0	2.0	3.0	5.0	0	0.486	2.0	0	8.718125	9.875036	0.0	0
37.0	3.0		0		0.0	0.0	3.0	3.0	5.0	25.721487	2.1	1	4.0	0.0	5.0	5.0	10.0	3.0	2.0	4.0	2.0	3.0	5.0	0	0.486	3.0	0	8.718125	9.875036	0.0	0
37.0	1.0		0	0.0	0.0	1.0	1.0	0.0	4.0	25.721487	2.1	1	5.0	1.0	1.0	2.0	7.0	2.0	1.0	4.0	2.0	3.0	5.0	0	0.486	5.0	0	8.718125	9.875036	0.0	0
37.0	1.0	0.0	0		1.0	0.0	4.0	0.0	3.0	25.721487	2.1	1	1.0	0.0	5.0	4.0	4.0	2.0	2.0	5.0	2.0	1.0	5.0	0	0.486	2.0	0	8.718125	9.875036	0.0	0
37.0	3.0	0.0	0		1.0	1.0	3.0	4.0	4.0	25.721487	2.1	1	4.0	0.0	4.0	5.0	9.0	3.0	2.0	4.0	2.0	2.0	5.0	0	0.486	3.0	0	8.718125	9.875036	0.0	0
37.0	2.0		0		0.0	0.0	3.0	3.0	4.0	25.721487	2.1	1	5.0	0.0	5.0	4.0	8.0	3.0	2.0	5.0	1.0	2.0	5.0	0	0.486	3.0	0	8.718125	9.875036	0.0	0
37.0	3.0	0.0	0		1.0	1.0	6.0	3.0	5.0	25.721487	2.1	1	5.0	0.0	5.0	5.0	10.0	3.0	2.0	4.0	1.0	2.0	5.0	0	0.486	2.0	0	8.718125	9.875036	0.0	0
37.0	2.0		0	0.0	0.0	1.0	4.0	5.0	5.0	25.721487	2.1	1	1.0	0.0	5.0	5.0	10.0	3.0	2.0	5.0	1.0	2.0	5.0	0	0.486	2.0	0	8.718125	9.875036	0.0	0
37.0	2.0		0	0.0	0.0	1.0	4.0	3.0	3.0	25.721487	2.1	1	5.0	1.0	5.0	4.0	7.0	3.0	2.0	5.0	1.0	4.0	4.0	0	0.486	2.0	0	8.718125	9.875036	0.0	0
37.0	1.0		0	0.0	0.0	0.0	4.0	2.0	4.0	25.721487	2.1	1	5.0	1.0	5.0	4.0	10.0	1.0	2.0	5.0	1.0	3.0	5.0	0	0.486	4.0	0	8.718125	9.875036	0.0	0
37.0	1.0	0.0	0	0.0	1.0	1.0	4.0	0.0	1.0	25.721487	2.1	1	5.0		4.0	5.0	10.0	3.0	2.0	5.0	1.0	3.0	5.0	0	0.486	2.0	0	8.718125	9.875036	0.0	0
37.0	3.0	0.0	0		1.0	1.0	4.0	3.0	5.0	25.721487	2.1	1	2.0	0.0	4.0	4.0	10.0	3.0	2.0	5.0	1.0	2.0	5.0	0	0.486	2.0	0	8.718125	9.875036	0.0	0
37.0	1.0		0	0.0	0.0	1.0	1.0	0.0	5.0	25.721487	2.1	1	5.0	1.0	5.0	4.0	10.0	2.0	2.0	5.0	1.0	2.0	5.0	0	0.486	2.0	0	8.718125	9.875036	0.0	0
38.0	1.0		0	0.0	0.0	0.0	4.0	2.0	5.0	66.592674	7.6	1	5.0	1.0	5.0	1.0	9.0	3.0	2.0	5.0	1.0	4.0	5.0	0	0.419	5.0	0	8.735092	10.358853	0.0	0
38.0	2.0		0	0.0	0.0	0.0	4.0	2.0	5.0	66.592674	7.6	1	5.0	1.0	2.0	4.0	9.0	3.0	2.0	4.0	1.0	3.0	5.0	0	0.419	3.0	0	8.735092	10.358853	0.0	0
38.0	3.0	0.0	0	0.0	1.0	1.0	3.0	2.0	4.0	66.592674	7.6	1	5.0	0.0	5.0	4.0	3.0	1.0	1.0	4.0	1.0	3.0	5.0	0	0.419	2.0	0	8.735092	10.358853	0.0	0
38.0	1.0		0	0.0	0.0	1.0	3.0	1.0	5.0	66.592674	7.6	1	5.0	1.0	1.0	4.0	10.0	1.0	2.0	1.0	1.0	3.0	5.0	0	0.419	2.0	0	8.735092	10.358853	0.0	0
38.0	3.0	0.0	0	0.0	1.0	0.0	5.0	14.0	5.0	66.592674	7.6	1	4.0	0.0	4.0	2.0	10.0	2.0	2.0	4.0	1.0	3.0	5.0	0	0.419	2.0	0	8.735092	10.358853	0.0	0
38.0	1.0	0.0	0	0.0	1.0	1.0	4.0	3.0	3.0	66.592674	7.6	1	5.0	1.0	5.0	1.0	9.0	3.0	1.0	5.0	1.0	4.0	5.0	0	0.419	4.0	0	8.735092	10.358853	0.0	0
38.0	2.0		0	0.0	0.0	1.0	4.0	6.0	5.0	66.592674	7.6	1	4.0	1.0	3.0	4.0	10.0	5.0	2.0	5.0	0.0	3.0	4.0	0	0.419	3.0	0	8.735092	10.358853	0.0	0
38.0	1.0	1.0	0	0.0	1.0	1.0	4.0	3.0	5.0	66.592674	7.6	1	5.0	1.0	1.0	1.0	9.0	2.0	2.0	4.0	1.0	3.0	5.0	0	0.419	3.0	0	8.735092	10.358853	0.0	0
38.0	3.0		0	0.0	0.0	0.0	6.0	3.0	5.0	66.592674	7.6	1	3.0	1.0	4.0	3.0	10.0	1.0	2.0	4.0	1.0	2.0	3.0	0	0.419	2.0	0	8.735092	10.358853	0.0	0
38.0	2.0	0.0	0	0.0	1.0	1.0	4.0	1.0	5.0	66.592674	7.6	1	5.0	1.0	1.0	4.0	10.0	3.0	2.0		1.0	2.0	5.0	0	0.419	2.0	0	8.735092	10.358853	0.0	0
38.0	1.0	0.0	0	0.0	1.0	1.0	4.0	3.0	5.0	66.592674	7.6	1	5.0	1.0	1.0	1.0	9.0	3.0	2.0	5.0	1.0	3.0	5.0	0	0.419	2.0	0	8.735092	10.358853	0.0	0
38.0	1.0		0	0.0	0.0	0.0	4.0	1.0	5.0	66.592674	7.6	1	5.0	0.0	1.0	1.0	8.0	3.0	2.0	5.0	1.0	2.0	5.0	0	0.419	3.0	0	8.735092	10.358853	0.0	0
38.0	2.0		0	0.0	0.0	1.0	1.0	1.0	5.0	66.592674	7.6	1	4.0	1.0	1.0	4.0	10.0	3.0	2.0	5.0	1.0	2.0	5.0	0	0.419	1.0	0	8.735092	10.358853	0.0	0
38.0	3.0		0	0.0	0.0	1.0	5.0	2.0	5.0	66.592674	7.6	1	4.0	1.0	2.0	3.0	9.0	3.0	2.0	4.0	1.0	2.0	5.0	0	0.419	2.0	0	8.735092	10.358853	0.0	0
39.0	1.0	0.0	1	1.0	1.0	1.0	4.0	1.0	3.0	61.432953	4.5	1	5.0	0.0	2.0	4.0	8.0	3.0	1.0	5.0	2.0	2.0	5.0	0	0.619	3.0	23	9.629045	13.250051	0.0	1
39.0	3.0		1	1.0	0.0	0.0	3.0	1.0	3.0	61.432953	4.5	1	4.0	1.0	4.0	2.0	8.0	3.0	1.0	5.0	2.0	2.0	5.0	0	0.619	3.0	23	9.629045	13.250051	0.0	1
39.0	1.0	0.0	1	1.0	1.0	1.0	3.0	1.0	4.0	61.432953	4.5	1	4.0	0.0	5.0	1.0	10.0	3.0	1.0	5.0	2.0	2.0	5.0	0	0.619	3.0	23	9.629045	13.250051	0.0	1
39.0	3.0	0.0	1	1.0	1.0	1.0	3.0	2.0	3.0	61.432953	4.5	1	4.0		3.0	1.0	10.0	3.0	1.0	5.0	2.0	2.0	5.0	0	0.619	3.0	23	9.629045	13.250051	0.0	1
39.0	1.0	1.0	1	1.0	1.0	1.0	3.0	2.0	5.0	61.432953	4.5	1	5.0	0.0	2.0	1.0	10.0	3.0	1.0	5.0	2.0	2.0	5.0	0	0.619	3.0	23	9.629045	13.250051	0.0	1
39.0	2.0		1	1.0	0.0	0.0	3.0	1.0	4.0	61.432953	4.5	1	5.0	0.0	4.0	3.0	6.0	2.0	2.0	5.0	2.0	2.0	5.0	0	0.619	4.0	23	9.629045	13.250051	0.0	1
39.0	2.0		1	0.0	0.0	0.0	3.0	2.0	4.0	61.432953	4.5	1	5.0	1.0	2.0	1.0	5.0	1.0	2.0	5.0	2.0	2.0	5.0	0	0.619	2.0	23	9.629045	13.250051	0.0	1
39.0	3.0	0.0	1	1.0	1.0	1.0	4.0	4.0	5.0	61.432953	4.5	1	4.0		4.0	2.0	10.0	3.0	1.0	5.0	1.0	2.0	5.0	0	0.619	2.0	23	9.629045	13.250051	0.0	1
39.0	2.0	0.0	1	1.0	1.0	1.0	1.0	2.0	5.0	61.432953	4.5	1	4.0		5.0	1.0	10.0	2.0	2.0	5.0	1.0	3.0	1.0	0	0.619	2.0	23	9.629045	13.250051	0.0	1
39.0	2.0	1.0	1	1.0	1.0	1.0	1.0	2.0	5.0	61.432953	4.5	1	5.0	1.0	5.0	1.0	10.0	3.0	2.0	5.0	1.0	2.0	5.0	0	0.619	2.0	23	9.629045	13.250051	0.0	1
39.0	3.0	0.0	1	1.0	1.0	0.0	3.0	1.0	5.0	61.432953	4.5	1	4.0	0.0	5.0	3.0	10.0	3.0	2.0	5.0	1.0	2.0	5.0	0	0.619	2.0	23	9.629045	13.250051	0.0	1
39.0	1.0		1	1.0	0.0	0.0	2.0	3.0	5.0	61.432953	4.5	1	5.0		5.0	3.0	5.0	3.0	2.0	5.0	1.0	2.0	5.0	0	0.619	2.0	23	9.629045	13.250051	0.0	1
39.0	1.0		1	1.0	0.0	0.0	1.0	0.0	5.0	61.432953	4.5	1	5.0		3.0	4.0	10.0	3.0	2.0	5.0	1.0	2.0	5.0	0	0.619	2.0	23	9.629045	13.250051	0.0	1
39.0	1.0		1	1.0	0.0	1.0	4.0	2.0	5.0	61.432953	4.5	1	5.0		5.0	1.0	10.0	2.0	2.0	5.0	1.0	2.0	5.0	0	0.619	2.0	23	9.629045	13.250051	0.0	1
40.0	3.0	1.0	0	0.0	1.0	1.0	6.0	5.0	4.0	15.798412	1.5	1	5.0	1.0	5.0	3.0	10.0	2.0	1.0	5.0	1.0	2.0	4.0	0	0.461	2.0	0	8.58562	10.139311	0.0	0
40.0	2.0	1.0	0	0.0	1.0	1.0	4.0	2.0	4.0	15.798412	1.5	1	5.0	1.0	2.0	5.0	10.0	3.0	2.0	4.0	1.0	3.0	5.0	0	0.461	3.0	0	8.58562	10.139311	0.0	0
40.0	1.0		0	0.0	0.0	1.0	4.0	1.0	5.0	15.798412	1.5	1	4.0	1.0	2.0	5.0	10.0	4.0	2.0	5.0	1.0	3.0	5.0	0	0.461	2.0	0	8.58562	10.139311	0.0	0
40.0	1.0		0	0.0	0.0	0.0	2.0	0.0	4.0	15.798412	1.5	1	2.0	1.0	4.0	4.0	10.0	3.0	2.0	4.0	1.0	3.0	3.0	0	0.461	2.0	0	8.58562	10.139311	0.0	0
40.0	1.0	0.0	0	0.0	1.0	0.0	4.0	3.0	5.0	15.798412	1.5	1	5.0	1.0	1.0	5.0	10.0	3.0	2.0	4.0	1.0	3.0	5.0	0	0.461	3.0	0	8.58562	10.139311	0.0	0
40.0	3.0		0	0.0	0.0	1.0	4.0	2.0	5.0	15.798412	1.5	1	2.0	1.0	4.0	5.0	8.0	3.0	2.0	5.0	0.0	3.0	5.0	0	0.461	3.0	0	8.58562	10.139311	0.0	0
40.0	2.0	0.0	0	0.0	1.0	1.0	3.0	3.0	5.0	15.798412	1.5	1	5.0	1.0	2.0	1.0	10.0	3.0	2.0	4.0	1.0	2.0	5.0	0	0.461	2.0	0	8.58562	10.139311	0.0	0
40.0	3.0		0	0.0	0.0	0.0	4.0	12.0	4.0	15.798412	1.5	1	5.0	1.0	5.0	4.0	10.0	3.0	2.0	4.0	1.0	2.0	5.0	0	0.461	2.0	0	8.58562	10.139311	0.0	0
40.0	3.0		0	0.0	0.0	1.0	3.0	1.0	5.0	15.798412	1.5	1	4.0	1.0	2.0	3.0	9.0	2.0	2.0	4.0	1.0	3.0	4.0	0	0.461	2.0	0	8.58562	10.139311	0.0	0
40.0	1.0	1.0	0	0.0	1.0	0.0	3.0	3.0	3.0	15.798412	1.5	1	4.0	1.0	1.0	5.0	10.0	3.0	2.0	5.0	1.0	2.0	5.0	0	0.461	2.0	0	8.58562	10.139311	0.0	0
40.0	1.0	0.0	0	0.0	1.0	0.0	4.0	1.0	3.0	15.798412	1.5	1	5.0	1.0	1.0	2.0	10.0	1.0	1.0	1.0	1.0	1.0	5.0	0	0.461	2.0	0	8.58562	10.139311	0.0	0
40.0	1.0	0.0	0	0.0	1.0	0.0	1.0	4.0	4.0	15.798412	1.5	1	5.0		1.0	4.0	10.0	3.0	2.0	4.0	1.0	3.0	5.0	0	0.461	2.0	0	8.58562	10.139311	0.0	0
40.0	2.0		0	0.0	0.0	0.0	3.0	2.0	4.0	15.798412	1.5	1	5.0	1.0	2.0	4.0	9.0	1.0	2.0	5.0	1.0	4.0	5.0	0	0.461	2.0	0	8.58562	10.139311	0.0	0
40.0	2.0	1.0	0	0.0	1.0	1.0	5.0	3.0	5.0	15.798412	1.5	1	4.0	0.0	5.0	4.0	10.0	1.0	2.0	3.0	1.0	2.0	5.0	0	0.461	2.0	0	8.58562	10.139311	0.0	0
41.0	2.0	0.0	1	1.0	1.0	1.0	2.0	0.0	4.0	44.467434	6.7	1	5.0	0.0	5.0	3.0	8.0	3.0	2.0	5.0	2.0	1.0	5.0	0	0.572	2.0	6	9.970284	11.609988	0.0	0
41.0	2.0	0.0	1	1.0	1.0	1.0	5.0	3.0	4.0	44.467434	6.7	1	5.0	1.0	5.0	1.0	5.0	3.0	1.0	2.0	2.0	2.0	5.0	0	0.572	3.0	6	9.970284	11.609988	0.0	0
41.0	3.0	0.0	1	1.0	1.0	1.0	3.0	2.0	3.0	44.467434	6.7	1	5.0	1.0	2.0	1.0	8.0	1.0	1.0	5.0	2.0	2.0	5.0	0	0.572	2.0	6	9.970284	11.609988	0.0	0
41.0	1.0	0.0	1	1.0	1.0	1.0	1.0	2.0	4.0	44.467434	6.7	1	5.0	1.0	3.0	1.0	5.0	3.0	2.0	5.0	3.0	2.0	5.0	0	0.572	4.0	6	9.970284	11.609988	0.0	0
41.0	1.0		1	1.0	0.0	1.0	3.0	2.0	3.0	44.467434	6.7	1	4.0	0.0	4.0	1.0	8.0	3.0	1.0	5.0	3.0	2.0	5.0	0	0.572	3.0	6	9.970284	11.609988	0.0	0
41.0	3.0		1	1.0	0.0	1.0	3.0	2.0	3.0	44.467434	6.7	1	4.0	1.0	3.0	1.0	7.0	3.0	1.0	5.0	2.0	2.0	5.0	0	0.572	3.0	6	9.970284	11.609988	0.0	0
41.0	1.0		1	1.0	0.0	0.0	2.0	1.0	3.0	44.467434	6.7	1	4.0		4.0	1.0	9.0	2.0	1.0	5.0	3.0	2.0	5.0	0	0.572	2.0	6	9.970284	11.609988	0.0	0
41.0	1.0	1.0	1	0.0	1.0	1.0	4.0	1.0	5.0	44.467434	6.7	1	5.0		5.0	3.0	10.0	1.0	2.0	5.0	1.0	2.0	5.0	0	0.572	2.0	6	9.970284	11.609988	0.0	0
41.0	2.0		1	1.0	0.0	1.0	3.0	3.0	4.0	44.467434	6.7	1	5.0	0.0	5.0	1.0	7.0	3.0	1.0	5.0	1.0	2.0	5.0	0	0.572	3.0	6	9.970284	11.609988	0.0	0
41.0	3.0		1	1.0	0.0	1.0	5.0	6.0	3.0	44.467434	6.7	1	5.0	1.0	5.0	3.0	10.0	3.0	2.0	5.0	1.0	2.0	5.0	0	0.572	2.0	6	9.970284	11.609988	0.0	0
41.0	1.0	1.0	1	1.0	1.0	1.0	2.0	3.0	5.0	44.467434	6.7	1	5.0		5.0	2.0	10.0	3.0	1.0	5.0	1.0	2.0	5.0	0	0.572	2.0	6	9.970284	11.609988	0.0	0
41.0	3.0	0.0	1	0.0	1.0	1.0	3.0	2.0	4.0	44.467434	6.7	1	5.0		5.0	1.0	10.0	3.0	1.0	5.0	1.0	2.0	5.0	0	0.572	2.0	6	9.970284	11.609988	0.0	0
41.0	1.0		1	1.0	0.0	0.0	2.0	0.0	3.0	44.467434	6.7	1	5.0	1.0	5.0	1.0	10.0		2.0	5.0	1.0	1.0	5.0	0	0.572	2.0	6	9.970284	11.609988	0.0	0
41.0	2.0	0.0	1	1.0	1.0	1.0	4.0	3.0	4.0	44.467434	6.7	1	5.0	1.0	5.0	1.0	10.0	3.0	2.0	5.0	1.0	2.0	5.0	0	0.572	3.0	6	9.970284	11.609988	0.0	0
42.0	3.0		1	1.0	0.0	1.0	3.0	3.0	4.0	21.470074	3.4	1	4.0	1.0	2.0	3.0	5.0	1.0	2.0	3.0	2.0	2.0	5.0	0	0.719	4.0	22	10.450797	15.67029	22.0	10
42.0	1.0		1	0.0	0.0	0.0	2.0	0.0	3.0	21.470074	3.4	1	4.0	0.0	5.0	4.0	8.0	1.0	1.0	5.0	2.0	2.0	5.0	0	0.719	4.0	22	10.450797	15.67029	22.0	10
42.0	3.0		1	0.0	0.0	0.0	3.0	2.0	3.0	21.470074	3.4	1	4.0	1.0	5.0		2.0	5.0	2.0	4.0	2.0	2.0	5.0	0	0.719	3.0	22	10.450797	15.67029	22.0	10
42.0	1.0	0.0	1	1.0	1.0	1.0	2.0	1.0	3.0	21.470074	3.4	1	4.0	1.0	2.0	2.0	6.0	1.0	1.0	4.0	2.0	2.0	5.0	0	0.719	3.0	22	10.450797	15.67029	22.0	10
42.0	2.0	0.0	1	0.0	1.0	1.0	3.0	5.0	4.0	21.470074	3.4	1	4.0	0.0	2.0	4.0	7.0	2.0	2.0	4.0	2.0	2.0	5.0	0	0.719	4.0	22	10.450797	15.67029	22.0	10
42.0	1.0		1	1.0	0.0	1.0	1.0	0.0	3.0	21.470074	3.4	1	4.0	1.0	2.0	3.0	5.0	1.0	2.0	4.0	2.0	2.0	4.0	0	0.719	2.0	22	10.450797	15.67029	22.0	10
42.0	2.0	0.0	1	0.0	1.0	1.0	3.0	3.0	4.0	21.470074	3.4	1	5.0	1.0	2.0	2.0	5.0	3.0	1.0	4.0	2.0	1.0	5.0	0	0.719	4.0	22	10.450797	15.67029	22.0	10
42.0	1.0	0.0	1	1.0	1.0	0.0	3.0	1.0	3.0	21.470074	3.4	1	4.0	0.0	3.0	2.0	8.0	1.0	2.0	5.0	3.0	2.0	5.0	0	0.719	3.0	22	10.450797	15.67029	22.0	10
42.0	1.0		1	0.0	0.0	1.0	4.0	1.0	5.0	21.470074	3.4	1	4.0	0.0	2.0	2.0	10.0	3.0	2.0	5.0	2.0	2.0	1.0	0	0.719	2.0	22	10.450797	15.67029	22.0	10
42.0	3.0		1	0.0	0.0	1.0	3.0	0.0	4.0	21.470074	3.4	1	5.0	0.0	4.0	4.0	6.0	2.0	2.0	5.0	3.0	1.0	5.0	0	0.719	3.0	22	10.450797	15.67029	22.0	10
42.0	3.0	1.0	1	0.0	1.0	1.0	3.0	1.0	3.0	21.470074	3.4	1	5.0	0.0	1.0	2.0	5.0	1.0	2.0	5.0	3.0	1.0	5.0	0	0.719	4.0	22	10.450797	15.67029	22.0	10
42.0	2.0	0.0	1	1.0	1.0	1.0	4.0	1.0	5.0	21.470074	3.4	1	4.0	0.0	3.0	4.0	9.0	3.0	2.0	5.0	3.0	1.0	5.0	0	0.719	3.0	22	10.450797	15.67029	22.0	10
42.0	2.0		1	1.0	0.0	1.0	3.0	0.0	4.0	21.470074	3.4	1	4.0	0.0	2.0	2.0	8.0	1.0	1.0	5.0	3.0	1.0	5.0	0	0.719	3.0	22	10.450797	15.67029	22.0	10
42.0	1.0	1.0	1	1.0	1.0	0.0	1.0	3.0	5.0	21.470074	3.4	1	4.0	0.0	3.0	4.0	10.0	1.0	2.0	5.0	1.0	3.0	5.0	0	0.719	4.0	22	10.450797	15.67029	22.0	10
42.0	2.0	0.0	1	1.0	1.0	1.0	6.0	2.0	3.0	21.470074	3.4	1	5.0	0.0	5.0	5.0	9.0	3.0	2.0	5.0	1.0	1.0	5.0	0	0.719	3.0	22	10.450797	15.67029	22.0	10
42.0	1.0		1	1.0	0.0	1.0	3.0	1.0	4.0	21.470074	3.4	1	1.0	0.0	4.0	5.0	8.0	1.0	1.0	4.0	1.0	2.0	5.0	0	0.719	2.0	22	10.450797	15.67029	22.0	10
42.0	3.0	1.0	1	1.0	1.0	1.0	3.0	3.0	5.0	21.470074	3.4	1	5.0	0.0	2.0	4.0	7.0	3.0	2.0	4.0	1.0	2.0	5.0	0	0.719	2.0	22	10.450797	15.67029	22.0	10
42.0	3.0		1	1.0	0.0	1.0	4.0	0.0	3.0	21.470074	3.4	1	1.0	0.0	5.0	2.0	8.0	3.0	1.0	4.0	1.0	2.0	5.0	0	0.719	2.0	22	10.450797	15.67029	22.0	10
42.0	1.0		1	0.0	0.0	0.0	3.0	1.0	5.0	21.470074	3.4	1	1.0		5.0	5.0	7.0	1.0	2.0	2.0	1.0	2.0	4.0	0	0.719	2.0	22	10.450797	15.67029	22.0	10
42.0	2.0		1	1.0	0.0	0.0	2.0	0.0	4.0	21.470074	3.4	1		0.0	4.0	3.0	10.0	1.0	1.0	4.0	1.0	3.0	5.0	0	0.719	2.0	22	10.450797	15.67029	22.0	10
43.0	1.0		1	1.0	0.0	0.0	2.0	0.0	3.0	15.399917	2.6	1	5.0	1.0	5.0	5.0	0.0	1.0	2.0	5.0	1.0	4.0	5.0	0	0.725	4.0	28	10.689548	16.247076	31.0	13
43.0	3.0		1	0.0	0.0	0.0	3.0	2.0	3.0	15.399917	2.6	1	1.0	0.0	5.0	3.0	6.0	1.0	1.0	5.0	1.0	2.0	5.0	0	0.725	2.0	28	10.689548	16.247076	31.0	13
43.0	1.0		1	0.0	0.0	1.0	4.0	0.0	4.0	15.399917	2.6	1	5.0	1.0	5.0	1.0	5.0	3.0	2.0	5.0	1.0	2.0	5.0	0	0.725	4.0	28	10.689548	16.247076	31.0	13
43.0	2.0	0.0	1	1.0	1.0	0.0	3.0	1.0	4.0	15.399917	2.6	1	5.0	1.0	5.0	5.0	10.0	3.0	1.0	5.0	1.0	3.0	5.0	0	0.725	5.0	28	10.689548	16.247076	31.0	13
43.0	3.0	0.0	1	0.0	1.0	1.0	6.0	2.0	4.0	15.399917	2.6	1	5.0	1.0	5.0	1.0	10.0	3.0	2.0	1.0	1.0	2.0	5.0	0	0.725	2.0	28	10.689548	16.247076	31.0	13
43.0	2.0	0.0	1	0.0	1.0	1.0	3.0	4.0	3.0	15.399917	2.6	1	5.0	1.0	3.0	1.0	10.0	3.0	1.0	1.0	1.0	1.0	5.0	0	0.725	2.0	28	10.689548	16.247076	31.0	13
43.0	1.0		1	0.0	0.0	1.0	2.0	0.0	4.0	15.399917	2.6	1	5.0	1.0	5.0	4.0	8.0	2.0	1.0	5.0	1.0	2.0	5.0	0	0.725	2.0	28	10.689548	16.247076	31.0	13
43.0	3.0	0.0	1	0.0	1.0	1.0	3.0	1.0	5.0	15.399917	2.6	1	4.0	0.0	5.0	1.0	1.0	1.0	2.0	5.0	3.0	3.0	1.0	0	0.725	4.0	28	10.689548	16.247076	31.0	13
43.0	2.0	1.0	1	1.0	1.0	1.0	3.0	3.0	4.0	15.399917	2.6	1	5.0	1.0	5.0	5.0	5.0	1.0	2.0	4.0	3.0	3.0	4.0	0	0.725	1.0	28	10.689548	16.247076	31.0	13
43.0	1.0		1	1.0	0.0	1.0	2.0	1.0	4.0	15.399917	2.6	1	4.0	1.0	3.0	2.0	0.0	1.0	2.0	5.0	3.0	3.0	4.0	0	0.725	2.0	28	10.689548	16.247076	31.0	13
43.0	3.0		1	1.0	0.0	1.0	3.0	2.0	3.0	15.399917	2.6	1	5.0	1.0	5.0	3.0	2.0	1.0	1.0	5.0	3.0	2.0	4.0	0	0.725	5.0	28	10.689548	16.247076	31.0	13
43.0	2.0	0.0	1	0.0	1.0	1.0	3.0	3.0	4.0	15.399917	2.6	1	5.0	1.0	1.0	4.0	6.0	1.0	1.0	5.0	3.0	2.0	5.0	0	0.725	4.0	28	10.689548	16.247076	31.0	13
43.0	1.0		1	1.0	0.0	1.0	2.0	0.0	4.0	15.399917	2.6	1	5.0	1.0	5.0	3.0	3.0	1.0	1.0	5.0	3.0	3.0	3.0	0	0.725	5.0	28	10.689548	16.247076	31.0	13
43.0	2.0		1	1.0	0.0	1.0	3.0	1.0	5.0	15.399917	2.6	1	5.0	1.0	4.0	5.0	3.0	1.0	2.0	5.0	2.0	2.0	3.0	0	0.725	5.0	28	10.689548	16.247076	31.0	13
43.0	1.0	1.0	1	1.0	1.0	1.0	3.0	4.0	3.0	15.399917	2.6	1	5.0	1.0	5.0	5.0	2.0	1.0	2.0	5.0	2.0	3.0	4.0	0	0.725	5.0	28	10.689548	16.247076	31.0	13
43.0	3.0	1.0	1	0.0	1.0	1.0	3.0	1.0	4.0	15.399917	2.6	1	5.0	1.0	4.0	2.0	2.0	1.0	1.0	5.0	2.0	3.0	4.0	0	0.725	5.0	28	10.689548	16.247076	31.0	13
43.0	1.0	0.0	1	0.0	1.0	0.0	2.0	1.0	4.0	15.399917	2.6	1	5.0	0.0	2.0	1.0	0.0	1.0	1.0	4.0	2.0	3.0	5.0	0	0.725	4.0	28	10.689548	16.247076	31.0	13
43.0	2.0		1	1.0	0.0	0.0	2.0	3.0	3.0	15.399917	2.6	1	4.0	0.0	4.0	1.0	8.0	3.0	1.0	5.0	2.0	1.0	5.0	0	0.725	3.0	28	10.689548	16.247076	31.0	13
43.0	3.0		1	1.0	0.0	1.0	3.0	2.0	3.0	15.399917	2.6	1	3.0	0.0	4.0	1.0	8.0	1.0	2.0	4.0	2.0	3.0	5.0	0	0.725	5.0	28	10.689548	16.247076	31.0	13
43.0	2.0		1	0.0	0.0	1.0	3.0	0.0	5.0	15.399917	2.6	1	4.0	0.0	4.0	2.0	0.0	3.0	2.0	2.0	1.0	1.0	2.0	0	0.725	2.0	28	10.689548	16.247076	31.0	13
43.0	2.0	1.0	1	0.0	1.0	1.0	3.0	6.0	3.0	15.399917	2.6	1	4.0	0.0	2.0	5.0	6.0	3.0	2.0	5.0	1.0	1.0	5.0	0	0.725	4.0	28	10.689548	16.247076	31.0	13
43.0	3.0	0.0	1	0.0	1.0	1.0	6.0	2.0	5.0	15.399917	2.6	1	4.0	1.0	1.0	5.0	10.0	1.0	1.0	5.0	1.0	2.0	2.0	0	0.725	2.0	28	10.689548	16.247076	31.0	13
43.0	1.0		1	0.0	0.0	0.0	1.0	0.0	5.0	15.399917	2.6	1	5.0	0.0	5.0	5.0	0.0	3.0	2.0	5.0	1.0	1.0	5.0	0	0.725	4.0	28	10.689548	16.247076	31.0	13
43.0	1.0		1	0.0	0.0	1.0	1.0	0.0	5.0	15.399917	2.6	1	5.0	0.0	4.0	2.0	10.0	3.0	2.0	5.0	1.0	3.0	2.0	0	0.725	3.0	28	10.689548	16.247076	31.0	13
43.0	1.0	1.0	1	0.0	1.0	1.0	3.0	0.0	3.0	15.399917	2.6	1	5.0	0.0	5.0	4.0	8.0	3.0	2.0		1.0	3.0	4.0	0	0.725	4.0	28	10.689548	16.247076	31.0	13
43.0	2.0	1.0	1	1.0	1.0	1.0	3.0	2.0	5.0	15.399917	2.6	1	4.0	0.0	4.0	4.0	10.0	3.0	2.0	5.0	1.0	1.0	4.0	0	0.725	3.0	28	10.689548	16.247076	31.0	13
43.0	3.0		1	1.0	0.0	1.0	3.0	4.0	3.0	15.399917	2.6	1	5.0	0.0	5.0	5.0	9.0	4.0	1.0	5.0	2.0	1.0	4.0	0	0.725	4.0	28	10.689548	16.247076	31.0	13
43.0	2.0	0.0	1	0.0	1.0	1.0	5.0	4.0	4.0	15.399917	2.6	1	5.0	0.0	4.0	4.0	7.0	2.0	2.0	5.0	2.0	2.0	5.0	0	0.725	4.0	28	10.689548	16.247076	31.0	13
43.0	3.0		1	0.0	0.0	0.0	3.0	1.0	4.0	15.399917	2.6	1	5.0	0.0	5.0	5.0	0.0	1.0	1.0	2.0	2.0	1.0	4.0	0	0.725	2.0	28	10.689548	16.247076	31.0	13
43.0	1.0	0.0	1	0.0	1.0	1.0	3.0	1.0	3.0	15.399917	2.6	1	5.0	1.0	1.0	2.0	5.0	1.0	1.0	5.0	2.0	2.0	5.0	0	0.725	2.0	28	10.689548	16.247076	31.0	13
43.0	1.0		1		0.0	0.0	2.0	0.0	3.0	15.399917	2.6	1	5.0	0.0	5.0	4.0	6.0	3.0	2.0	5.0	2.0	2.0	4.0	0	0.725	2.0	28	10.689548	16.247076	31.0	13
43.0	2.0	0.0	1		1.0	0.0	3.0	5.0	4.0	15.399917	2.6	1	5.0	1.0	4.0	4.0	10.0	3.0	2.0	4.0	2.0	2.0	5.0	0	0.725	2.0	28	10.689548	16.247076	31.0	13
43.0	3.0	0.0	1	1.0	1.0	0.0	6.0	1.0	4.0	15.399917	2.6	1	1.0	0.0	5.0	5.0	7.0	3.0	1.0	4.0	2.0	3.0	2.0	0	0.725	4.0	28	10.689548	16.247076	31.0	13
43.0	1.0	0.0	1	0.0	1.0	1.0	1.0	0.0	4.0	15.399917	2.6	1	5.0	0.0	4.0	1.0	3.0	1.0	2.0	4.0	3.0	2.0	5.0	0	0.725	3.0	28	10.689548	16.247076	31.0	13
43.0	1.0		1	1.0	0.0	1.0	2.0	0.0	3.0	15.399917	2.6	1	4.0	0.0	5.0	1.0	3.0	4.0	1.0	5.0	3.0	1.0	5.0	0	0.725	4.0	28	10.689548	16.247076	31.0	13
43.0	2.0		1	0.0	0.0	0.0	5.0	1.0	3.0	15.399917	2.6	1	5.0	0.0	5.0	2.0	5.0	1.0	1.0	1.0	3.0	2.0	4.0	0	0.725	5.0	28	10.689548	16.247076	31.0	13
43.0	2.0		1	0.0	0.0	0.0	5.0	1.0	3.0	15.399917	2.6	1	5.0	1.0	2.0	2.0	6.0	1.0	1.0	5.0	3.0	2.0	5.0	0	0.725	4.0	28	10.689548	16.247076	31.0	13
43.0	3.0	0.0	1	0.0	1.0	0.0	6.0	0.0	3.0	15.399917	2.6	1	5.0	0.0	4.0	5.0	1.0	1.0	2.0		3.0	2.0	4.0	0	0.725	3.0	28	10.689548	16.247076	31.0	13
43.0	1.0	0.0	1	1.0	1.0	1.0	2.0	0.0	3.0	15.399917	2.6	1	5.0	0.0	2.0	2.0	5.0	1.0	1.0	4.0	3.0	2.0	5.0	0	0.725	4.0	28	10.689548	16.247076	31.0	13
43.0	3.0	0.0	1	0.0	1.0	0.0	3.0	2.0	2.0	15.399917	2.6	1	5.0	1.0	2.0	2.0	9.0	1.0	1.0	2.0	3.0	2.0	5.0	0	0.725	4.0	28	10.689548	16.247076	31.0	13
44.0	1.0		0	0.0	0.0	0.0	3.0	2.0	3.0	5.481254	2.2	1	5.0	1.0	1.0	1.0	8.0	2.0	1.0	5.0	3.0	2.0	5.0	1	0.638	2.0	0	9.890881	10.910204	0.0	0
44.0	2.0	0.0	0	0.0	1.0	1.0	3.0	2.0	3.0	5.481254	2.2	1	5.0	1.0	1.0	1.0	10.0	3.0	1.0	5.0	2.0	2.0	5.0	1	0.638	2.0	0	9.890881	10.910204	0.0	0
44.0	3.0		0	0.0	0.0	0.0	3.0	1.0	2.0	5.481254	2.2	1	5.0	1.0	5.0	1.0	10.0	3.0	1.0	5.0	3.0	2.0	5.0	1	0.638	2.0	0	9.890881	10.910204	0.0	0
44.0	2.0	1.0	0	0.0	1.0	1.0	3.0	3.0	5.0	5.481254	2.2	1	5.0	0.0	1.0	1.0	8.0	3.0	2.0	5.0	3.0	1.0	5.0	1	0.638	2.0	0	9.890881	10.910204	0.0	0
44.0	3.0	0.0	0	1.0	1.0	1.0	3.0	1.0	3.0	5.481254	2.2	1	5.0	0.0	1.0	1.0	5.0	1.0	1.0	5.0	3.0	1.0	3.0	1	0.638	5.0	0	9.890881	10.910204	0.0	0
44.0	1.0	0.0	0	1.0	1.0	0.0	1.0	0.0	4.0	5.481254	2.2	1	5.0		1.0	1.0	10.0	2.0	1.0	3.0	2.0	2.0	5.0	1	0.638	2.0	0	9.890881	10.910204	0.0	0
44.0	3.0		0	0.0	0.0	0.0	4.0	4.0	5.0	5.481254	2.2	1	5.0	0.0	2.0	1.0	10.0	3.0	2.0	5.0	2.0	1.0	5.0	1	0.638	2.0	0	9.890881	10.910204	0.0	0
44.0	1.0	0.0	0	1.0	1.0	1.0	3.0	2.0	3.0	5.481254	2.2	1	5.0	0.0	1.0	3.0	10.0	3.0	1.0	5.0	1.0	2.0	5.0	1	0.638	2.0	0	9.890881	10.910204	0.0	0
44.0	2.0	0.0	0		1.0	1.0	1.0	1.0	3.0	5.481254	2.2	1	5.0	0.0	5.0	1.0	10.0	3.0	2.0	5.0	1.0	1.0	5.0	1	0.638	4.0	0	9.890881	10.910204	0.0	0
44.0	2.0	0.0	0	0.0	1.0	0.0	3.0	2.0	3.0	5.481254	2.2	1	5.0	0.0	5.0	5.0	10.0	3.0	1.0	5.0	1.0	2.0	5.0	1	0.638	3.0	0	9.890881	10.910204	0.0	0
44.0	3.0		0	0.0	0.0	1.0	6.0	3.0	5.0	5.481254	2.2	1	5.0		5.0	3.0	10.0	3.0	2.0	5.0	1.0	1.0	5.0	1	0.638	1.0	0	9.890881	10.910204	0.0	0
44.0	1.0		0		0.0	0.0	1.0	0.0	3.0	5.481254	2.2	1	5.0	0.0	5.0	1.0	10.0	3.0	2.0	5.0	1.0	3.0	5.0	1	0.638	2.0	0	9.890881	10.910204	0.0	0
44.0	3.0		0		0.0	1.0	4.0	5.0	5.0	5.481254	2.2	1	5.0		5.0	5.0	10.0	3.0	2.0	3.0	1.0	2.0	5.0	1	0.638	2.0	0	9.890881	10.910204	0.0	0
44.0	1.0	0.0	0		1.0	1.0	3.0	2.0	3.0	5.481254	2.2	1	5.0	0.0	1.0	5.0	9.0	3.0	1.0	5.0	1.0	1.0	5.0	1	0.638	4.0	0	9.890881	10.910204	0.0	0
45.0	2.0	0.0	1	0.0	1.0	0.0	3.0	4.0	3.0	89.45285	16.4	1	5.0	0.0	4.0	1.0	10.0	3.0	2.0	5.0	1.0	2.0	4.0	0	0.664	2.0	14	10.467215	12.954108	0.0	1
45.0	3.0	0.0	1	0.0	1.0	0.0	5.0	1.0	4.0	89.45285	16.4	1	5.0	0.0	3.0	1.0	9.0	2.0	2.0	5.0	0.0	2.0	3.0	0	0.664	2.0	14	10.467215	12.954108	0.0	1
45.0	1.0		1	0.0	0.0	0.0	1.0	0.0	4.0	89.45285	16.4	1	5.0	0.0	5.0	3.0	9.0	3.0	2.0	4.0	1.0	1.0	4.0	0	0.664	3.0	14	10.467215	12.954108	0.0	1
45.0	1.0		1		0.0	1.0	5.0	1.0	3.0	89.45285	16.4	1	5.0	0.0	4.0	3.0	6.0	3.0	2.0	5.0	1.0	2.0	4.0	0	0.664	2.0	14	10.467215	12.954108	0.0	1
45.0	2.0		1	0.0	0.0	0.0	3.0	1.0	3.0	89.45285	16.4	1	5.0	0.0	5.0	4.0	10.0	3.0	2.0	5.0	1.0	2.0	4.0	0	0.664	2.0	14	10.467215	12.954108	0.0	1
45.0	3.0	0.0	1	0.0	1.0	1.0	5.0	3.0	3.0	89.45285	16.4	1	5.0	1.0	5.0	5.0	9.0	3.0	2.0	5.0	1.0	2.0	4.0	0	0.664	2.0	14	10.467215	12.954108	0.0	1
45.0	1.0		1	0.0	0.0	0.0	1.0	0.0	3.0	89.45285	16.4	1	5.0	0.0	3.0	3.0	10.0	1.0	2.0	5.0	1.0	2.0	3.0	0	0.664	2.0	14	10.467215	12.954108	0.0	1
45.0	1.0	0.0	1	0.0	1.0	1.0	2.0	3.0	4.0	89.45285	16.4	1	5.0	0.0	5.0	1.0	10.0	3.0	2.0	5.0	2.0	2.0	5.0	0	0.664	3.0	14	10.467215	12.954108	0.0	1
45.0	2.0		1	0.0	0.0	0.0	3.0	2.0	4.0	89.45285	16.4	1	5.0	0.0	5.0	1.0	10.0	3.0	2.0	5.0	2.0	2.0	4.0	0	0.664	3.0	14	10.467215	12.954108	0.0	1
45.0	3.0	0.0	1	0.0	1.0	0.0	3.0	4.0	4.0	89.45285	16.4	1	5.0	0.0	5.0	3.0	10.0	1.0	2.0	5.0	2.0	2.0	5.0	0	0.664	2.0	14	10.467215	12.954108	0.0	1
45.0	1.0	0.0	1	0.0	1.0	1.0	3.0	2.0	4.0	89.45285	16.4	1	5.0	0.0	5.0	2.0	10.0	3.0	2.0	5.0	2.0	2.0	5.0	0	0.664	2.0	14	10.467215	12.954108	0.0	1
45.0	1.0		1	0.0	0.0	0.0	3.0	1.0	4.0	89.45285	16.4	1	5.0	0.0	5.0	3.0	10.0	3.0	2.0	5.0	2.0	1.0	3.0	0	0.664	2.0	14	10.467215	12.954108	0.0	1
45.0	2.0		1	0.0	0.0	0.0	3.0	0.0	4.0	89.45285	16.4	1	5.0	0.0	5.0	2.0	5.0	3.0	2.0	5.0	2.0	2.0	4.0	0	0.664	2.0	14	10.467215	12.954108	0.0	1
45.0	3.0		1	0.0	0.0	0.0	3.0	2.0	3.0	89.45285	16.4	1	5.0	0.0	5.0	4.0	7.0	3.0	2.0	5.0	2.0	2.0	5.0	0	0.664	2.0	14	10.467215	12.954108	0.0	1
46.0	2.0		1	1.0	0.0	1.0	3.0	1.0	4.0	54.436394	4.7	1	1.0	1.0	4.0	3.0	7.0	3.0	2.0	5.0	2.0	2.0	4.0	0	0.624	2.0	14	10.350735	13.672872	0.0	0
46.0	1.0		1	1.0	0.0	1.0	1.0	0.0	4.0	54.436394	4.7	1	3.0	1.0	4.0	3.0	9.0	2.0	2.0	4.0	2.0	4.0	5.0	0	0.624	2.0	14	10.350735	13.672872	0.0	0
46.0	3.0	1.0	1	1.0	1.0	0.0	3.0	7.0	3.0	54.436394	4.7	1	3.0		4.0	1.0	8.0	3.0	2.0	5.0	2.0	2.0	5.0	0	0.624	2.0	14	10.350735	13.672872	0.0	0
46.0	2.0	0.0	1	1.0	1.0	1.0	2.0	0.0	3.0	54.436394	4.7	1		0.0	5.0	5.0	10.0	3.0	2.0	4.0	2.0	1.0	4.0	0	0.624	3.0	14	10.350735	13.672872	0.0	0
46.0	1.0	1.0	1	1.0	1.0	1.0	1.0	0.0	3.0	54.436394	4.7	1	5.0	0.0	5.0	3.0	5.0	2.0	2.0	1.0	2.0	1.0	5.0	0	0.624	3.0	14	10.350735	13.672872	0.0	0
46.0	2.0		1	1.0	0.0	1.0	4.0	2.0	4.0	54.436394	4.7	1	4.0	0.0	3.0	2.0	6.0	1.0	2.0	4.0	2.0	2.0	3.0	0	0.624	3.0	14	10.350735	13.672872	0.0	0
46.0	3.0	0.0	1	1.0	1.0	0.0	6.0	3.0	4.0	54.436394	4.7	1	5.0	1.0	5.0	3.0	5.0	1.0	2.0	4.0	2.0	3.0	3.0	0	0.624	2.0	14	10.350735	13.672872	0.0	0
46.0	3.0	0.0	1	1.0	1.0	1.0	1.0	0.0	4.0	54.436394	4.7	1	5.0	0.0	5.0	2.0	5.0	1.0	2.0	5.0	1.0	3.0	4.0	0	0.624	2.0	14	10.350735	13.672872	0.0	0
46.0	2.0	1.0	1	0.0	1.0	1.0	3.0	5.0	5.0	54.436394	4.7	1	5.0	0.0	5.0	1.0	5.0	3.0	2.0	5.0	1.0	1.0	3.0	0	0.624	3.0	14	10.350735	13.672872	0.0	0
46.0	1.0	1.0	1	1.0	1.0	1.0	1.0	1.0	5.0	54.436394	4.7	1		0.0	5.0	2.0	5.0	3.0	2.0	4.0	1.0	2.0	3.0	0	0.624	2.0	14	10.350735	13.672872	0.0	0
46.0	3.0		1	1.0	0.0	0.0	6.0	4.0	5.0	54.436394	4.7	1		0.0	5.0	5.0	10.0	3.0	1.0	4.0	1.0	2.0	4.0	0	0.624	2.0	14	10.350735	13.672872	0.0	0
46.0	2.0		1	1.0	0.0	1.0	3.0	5.0	3.0	54.436394	4.7	1	3.0	0.0	3.0	2.0	10.0	3.0	2.0	4.0	1.0	2.0	3.0	0	0.624	2.0	14	10.350735	13.672872	0.0	0
46.0	3.0	0.0	1	1.0	1.0	1.0	3.0	3.0	5.0	54.436394	4.7	1	5.0	1.0	5.0	4.0	3.0	3.0	2.0	5.0	1.0	4.0	4.0	0	0.624	2.0	14	10.350735	13.672872	0.0	0
46.0	1.0		1	1.0	0.0	1.0	4.0	0.0	4.0	54.436394	4.7	1	3.0	0.0	5.0	3.0	3.0	3.0	2.0	4.0	1.0	3.0	3.0	0	0.624	2.0	14	10.350735	13.672872	0.0	0
47.0	3.0		1	0.0	0.0	0.0	3.0	1.0	5.0	26.518166	3.3	1	3.0	0.0	4.0	4.0	8.0	3.0	2.0	5.0	1.0	2.0	5.0	1	0.646	2.0	4	9.425962	13.039117	0.0	0
47.0	2.0	1.0	1	1.0	1.0	1.0	1.0	3.0	2.0	26.518166	3.3	1	5.0	1.0	4.0	4.0	10.0	3.0	2.0	5.0	1.0	2.0	5.0	1	0.646	4.0	4	9.425962	13.039117	0.0	0
47.0	1.0		1	1.0	0.0	0.0	1.0	0.0	5.0	26.518166	3.3	1	3.0	0.0	3.0	4.0	8.0	3.0	2.0	4.0	1.0	3.0	5.0	1	0.646	3.0	4	9.425962	13.039117	0.0	0
47.0	2.0	0.0	1	1.0	1.0	0.0	4.0	3.0	5.0	26.518166	3.3	1	5.0	1.0	4.0	2.0	10.0	1.0	2.0	5.0	1.0	2.0	5.0	1	0.646	2.0	4	9.425962	13.039117	0.0	0
47.0	3.0	0.0	1	0.0	1.0	0.0	6.0	3.0	4.0	26.518166	3.3	1	5.0	1.0	4.0	4.0	10.0	1.0	2.0	5.0	1.0	2.0	5.0	1	0.646	2.0	4	9.425962	13.039117	0.0	0
47.0	3.0	0.0	1	0.0	1.0	1.0	3.0	4.0	5.0	26.518166	3.3	1	4.0	0.0	3.0	5.0	10.0	2.0	2.0	5.0	1.0	1.0	5.0	1	0.646	2.0	4	9.425962	13.039117	0.0	0
47.0	1.0		1	1.0	0.0	1.0	4.0	0.0	4.0	26.518166	3.3	1	3.0	0.0	3.0	3.0	9.0	3.0	2.0	4.0	1.0	2.0	5.0	1	0.646	3.0	4	9.425962	13.039117	0.0	0
47.0	3.0	0.0	1	0.0	1.0	1.0	5.0	2.0	4.0	26.518166	3.3	1	5.0	0.0	2.0	4.0	10.0	3.0	2.0	5.0	1.0	1.0	5.0	1	0.646	3.0	4	9.425962	13.039117	0.0	0
47.0	2.0	0.0	1	0.0	1.0	1.0	3.0	3.0	5.0	26.518166	3.3	1	4.0	0.0	3.0	4.0	7.0	3.0	2.0	5.0	1.0	1.0	5.0	1	0.646	3.0	4	9.425962	13.039117	0.0	0
47.0	1.0		1	0.0	0.0	1.0	1.0	0.0	5.0	26.518166	3.3	1	5.0	0.0	2.0	4.0	10.0	2.0	1.0	5.0	1.0	2.0	5.0	1	0.646	3.0	4	9.425962	13.039117	0.0	0
47.0	2.0	0.0	1	1.0	1.0	0.0	1.0	1.0	4.0	26.518166	3.3	1	5.0	1.0	1.0	4.0	10.0	3.0	2.0	5.0	3.0	2.0	5.0	1	0.646	5.0	4	9.425962	13.039117	0.0	0
47.0	2.0	0.0	1	0.0	1.0	1.0	4.0	3.0	5.0	26.518166	3.3	1	5.0	0.0	4.0	3.0	7.0	2.0	2.0	5.0	1.0	1.0	5.0	1	0.646	4.0	4	9.425962	13.039117	0.0	0
47.0	1.0		1	1.0	0.0	1.0	4.0	2.0	5.0	26.518166	3.3	1	4.0	0.0	4.0	5.0	0.0	3.0	2.0	5.0	1.0	1.0	5.0	1	0.646	4.0	4	9.425962	13.039117	0.0	0
47.0	1.0		1	0.0	0.0	1.0	1.0	0.0	5.0	26.518166	3.3	1	5.0	0.0	2.0	4.0	8.0	3.0	2.0	5.0	1.0	1.0	5.0	1	0.646	4.0	4	9.425962	13.039117	0.0	0
48.0	1.0	1.0	1	0.0	1.0	0.0	3.0	1.0	5.0	27.33043	5.1	1	4.0	0.0	4.0	2.0	5.0	2.0	2.0	2.0	1.0	2.0	5.0	0	0.676	2.0	18	10.048315	12.409617	0.0	0
48.0	2.0		1	1.0	0.0	1.0	3.0	1.0	4.0	27.33043	5.1	1	5.0	1.0	4.0	4.0	8.0	2.0	1.0	2.0	1.0	1.0	1.0	0	0.676	2.0	18	10.048315	12.409617	0.0	0
48.0	3.0	0.0	1	1.0	1.0	0.0	5.0	5.0	5.0	27.33043	5.1	1	4.0	1.0	4.0	4.0	10.0	3.0	2.0	4.0	1.0	3.0	5.0	0	0.676	3.0	18	10.048315	12.409617	0.0	0
48.0	3.0		1		0.0	0.0	3.0	10.0	5.0	27.33043	5.1	1	5.0	1.0	4.0	1.0	10.0	2.0	1.0	2.0	0.0	2.0	5.0	0	0.676	2.0	18	10.048315	12.409617	0.0	0
48.0	2.0	0.0	1	1.0	1.0	1.0	3.0	3.0	4.0	27.33043	5.1	1	5.0	1.0	4.0	3.0	10.0	3.0	2.0	1.0	1.0	2.0	5.0	0	0.676	2.0	18	10.048315	12.409617	0.0	0
48.0	1.0	0.0	1	1.0	1.0	1.0	3.0	4.0	3.0	27.33043	5.1	1	5.0	0.0	4.0	1.0	10.0	1.0	2.0	2.0	1.0	2.0	5.0	0	0.676	2.0	18	10.048315	12.409617	0.0	0
48.0	1.0		1	1.0	0.0	1.0	4.0	2.0	4.0	27.33043	5.1	1	3.0	1.0	5.0	4.0	8.0	3.0	2.0		1.0	1.0	5.0	0	0.676	2.0	18	10.048315	12.409617	0.0	0
48.0	2.0		1	1.0	0.0	0.0	3.0	1.0	3.0	27.33043	5.1	1	5.0	0.0	2.0	2.0	9.0	3.0	1.0	4.0	1.0	1.0	2.0	0	0.676	4.0	18	10.048315	12.409617	0.0	0
48.0	2.0	0.0	1	1.0	1.0	1.0	3.0	6.0	4.0	27.33043	5.1	1	5.0	1.0	5.0	3.0	10.0	3.0	2.0	5.0	1.0	2.0	1.0	0	0.676	3.0	18	10.048315	12.409617	0.0	0
48.0	3.0		1	1.0	0.0	0.0	3.0	2.0	4.0	27.33043	5.1	1	5.0	1.0	5.0	2.0	8.0	1.0	1.0	5.0	1.0	2.0	5.0	0	0.676	3.0	18	10.048315	12.409617	0.0	0
48.0	3.0		1	1.0	0.0	0.0	3.0	3.0	4.0	27.33043	5.1	1	4.0	0.0	5.0	4.0	6.0	1.0	2.0	2.0	1.0	3.0	5.0	0	0.676	3.0	18	10.048315	12.409617	0.0	0
48.0	1.0	0.0	1	0.0	1.0	1.0	1.0	0.0	3.0	27.33043	5.1	1	5.0	1.0	1.0	4.0	9.0	3.0	1.0	4.0	1.0	2.0	5.0	0	0.676	2.0	18	10.048315	12.409617	0.0	0
48.0	1.0	0.0	1	1.0	1.0	1.0	2.0	2.0	4.0	27.33043	5.1	1	5.0	0.0	1.0	2.0	8.0	1.0	1.0	4.0	1.0	3.0	5.0	0	0.676	2.0	18	10.048315	12.409617	0.0	0
48.0	3.0	1.0	1	1.0	1.0	1.0	3.0	2.0	3.0	27.33043	5.1	1	5.0	0.0	5.0	4.0	0.0	1.0	1.0	5.0	1.0	2.0	5.0	0	0.676	5.0	18	10.048315	12.409617	0.0	0
49.0	3.0	1.0	0	0.0	1.0	1.0	1.0	4.0	4.0	33.888786	4.3	1	2.0		2.0	5.0	3.0	1.0	2.0	5.0	1.0	1.0	5.0	0	0.677	2.0	0	10.388912	12.238337	0.0	0
49.0	2.0		0	1.0	0.0	0.0	4.0	3.0	3.0	33.888786	4.3	1	5.0	1.0	5.0	5.0	4.0	1.0	1.0	5.0	1.0	3.0	5.0	0	0.677	3.0	0	10.388912	12.238337	0.0	0
49.0	1.0		0	0.0	0.0	0.0	1.0	0.0	4.0	33.888786	4.3	1	1.0	1.0	5.0	4.0	6.0	3.0	2.0	4.0	1.0	3.0	5.0	0	0.677	4.0	0	10.388912	12.238337	0.0	0
49.0	3.0	0.0	0	0.0	1.0	1.0	5.0	2.0	5.0	33.888786	4.3	1	5.0	0.0	5.0	4.0	9.0	3.0	2.0	4.0	1.0	1.0	1.0	0	0.677	2.0	0	10.388912	12.238337	0.0	0
49.0	2.0	0.0	0	1.0	1.0	0.0	3.0	3.0	4.0	33.888786	4.3	1	5.0	0.0	2.0	3.0	10.0	3.0	1.0	2.0	1.0	1.0	4.0	0	0.677	3.0	0	10.388912	12.238337	0.0	0
49.0	1.0		0	0.0	0.0	0.0	4.0	2.0	5.0	33.888786	4.3	1	1.0	0.0	5.0	3.0	8.0	3.0	2.0	5.0	1.0	1.0	5.0	0	0.677	2.0	0	10.388912	12.238337	0.0	0
49.0	3.0		0	0.0	0.0	0.0	3.0	1.0	4.0	33.888786	4.3	1	5.0	1.0	5.0	5.0	9.0	3.0	1.0	3.0	1.0	2.0	5.0	0	0.677	2.0	0	10.388912	12.238337	0.0	0
49.0	3.0	0.0	0	0.0	1.0	0.0	3.0	2.0	3.0	33.888786	4.3	1	5.0	0.0	5.0	4.0	8.0	3.0	2.0	4.0	1.0	2.0	5.0	0	0.677	3.0	0	10.388912	12.238337	0.0	0
49.0	3.0		0	1.0	0.0	1.0	3.0	3.0	5.0	33.888786	4.3	1	5.0	1.0	1.0	1.0	10.0	2.0	1.0	5.0	1.0	3.0	4.0	0	0.677	2.0	0	10.388912	12.238337	0.0	0
49.0	1.0		0	0.0	0.0	1.0	3.0	2.0	4.0	33.888786	4.3	1	5.0	0.0	1.0	1.0	5.0	3.0	1.0	5.0	1.0	1.0	1.0	0	0.677	2.0	0	10.388912	12.238337	0.0	0
49.0	2.0		0	0.0	0.0	1.0	1.0	0.0	5.0	33.888786	4.3	1	5.0	0.0	1.0	5.0	10.0	2.0	2.0	5.0	1.0	3.0	1.0	0	0.677	2.0	0	10.388912	12.238337	0.0	0
49.0	1.0	0.0	0	1.0	1.0	0.0	3.0	2.0	5.0	33.888786	4.3	1	5.0	1.0	3.0	5.0	10.0	3.0	1.0	5.0	1.0	3.0	5.0	0	0.677	4.0	0	10.388912	12.238337	0.0	0
49.0	2.0	1.0	0	0.0	1.0	1.0	2.0	4.0	4.0	33.888786	4.3	1	5.0	0.0	5.0	1.0	10.0	2.0	2.0	4.0	1.0	2.0	5.0	0	0.677	2.0	0	10.388912	12.238337	0.0	0
49.0	3.0		0	1.0	0.0	1.0	5.0	0.0	5.0	33.888786	4.3	1	3.0		1.0	5.0	8.0	3.0	2.0	5.0	1.0	3.0	1.0	0	0.677	3.0	0	10.388912	12.238337	0.0	0
50.0	1.0		0	0.0	0.0	0.0	1.0	0.0	1.0	23.456812	3.6	1	5.0	0.0	4.0	5.0	8.0	3.0	1.0	5.0	1.0	1.0	4.0	1	0.706	1.0	0	9.725333	11.615861	0.0	0
50.0	1.0		0	0.0	0.0	1.0	1.0	0.0	3.0	23.456812	3.6	1	5.0	1.0	3.0	5.0	10.0	3.0	1.0	5.0	1.0	4.0	5.0	1	0.706	2.0	0	9.725333	11.615861	0.0	0
50.0	2.0	0.0	0	0.0	1.0	1.0	3.0	5.0	3.0	23.456812	3.6	1	5.0	0.0	4.0	2.0	9.0	3.0	1.0	5.0	1.0	1.0	5.0	1	0.706	3.0	0	9.725333	11.615861	0.0	0
50.0	2.0	0.0	0	1.0	1.0	0.0	3.0	3.0	3.0	23.456812	3.6	1	5.0	0.0	5.0	5.0	9.0	3.0	1.0	5.0	1.0	2.0	1.0	1	0.706	2.0	0	9.725333	11.615861	0.0	0
50.0	2.0	0.0	0	0.0	1.0	1.0	3.0	1.0	3.0	23.456812	3.6	1	5.0	0.0	5.0	4.0	8.0	1.0	1.0	5.0	1.0	2.0	1.0	1	0.706	4.0	0	9.725333	11.615861	0.0	0
50.0	3.0	1.0	0	0.0	1.0	1.0	6.0	3.0	5.0	23.456812	3.6	1	5.0	1.0	3.0	5.0	0.0	3.0	2.0	3.0	1.0	1.0	5.0	1	0.706	4.0	0	9.725333	11.615861	0.0	0
50.0	1.0		0	1.0	0.0	0.0	1.0	0.0	5.0	23.456812	3.6	1	1.0	0.0	5.0	5.0	8.0	3.0	2.0	4.0	1.0	2.0	1.0	1	0.706	2.0	0	9.725333	11.615861	0.0	0
50.0	1.0		0	1.0	0.0	1.0	1.0	0.0	3.0	23.456812	3.6	1	5.0	0.0	3.0	1.0	7.0	2.0	1.0	5.0	2.0	3.0	4.0	1	0.706	2.0	0	9.725333	11.615861	0.0	0
50.0	2.0	1.0	0	0.0	1.0	0.0	6.0	2.0	5.0	23.456812	3.6	1	2.0	0.0	3.0	2.0	8.0	3.0	2.0	2.0	2.0	1.0	2.0	1	0.706	2.0	0	9.725333	11.615861	0.0	0
50.0	3.0		0	0.0	0.0	1.0	4.0	6.0	3.0	23.456812	3.6	1	5.0	0.0	5.0	3.0	5.0	1.0	2.0	5.0	2.0	2.0	5.0	1	0.706	5.0	0	9.725333	11.615861	0.0	0
50.0	1.0	0.0	0		1.0	1.0	3.0	0.0	4.0	23.456812	3.6	1	2.0	0.0	5.0	1.0	5.0	3.0	1.0	1.0	2.0	1.0	5.0	1	0.706	3.0	0	9.725333	11.615861	0.0	0
50.0	2.0	0.0	0	0.0	1.0	1.0	3.0	3.0	5.0	23.456812	3.6	1	5.0		1.0	4.0	9.0	1.0	1.0	5.0	2.0	1.0	5.0	1	0.706	2.0	0	9.725333	11.615861	0.0	0
50.0	1.0		0	0.0	0.0	0.0	1.0	0.0	3.0	23.456812	3.6	1	2.0	0.0	2.0	4.0	9.0	3.0	1.0	5.0	2.0	3.0	4.0	1	0.706	2.0	0	9.725333	11.615861	0.0	0
50.0	2.0		0	0.0	0.0	1.0	3.0	3.0	3.0	23.456812	3.6	1	5.0	0.0	5.0	4.0	8.0	3.0	1.0	5.0	2.0	2.0	5.0	1	0.706	3.0	0	9.725333	11.615861	0.0	0
51.0	1.0	0.0	0	0.0	1.0	0.0	5.0	0.0	4.0	5.8036623	2.2	1	5.0		5.0	2.0	6.0	3.0	2.0	5.0	1.0	2.0	5.0	0	0.626	3.0	0	9.931055	10.447583	0.0	0
51.0	2.0	0.0	0	0.0	1.0	0.0	3.0	2.0	4.0	5.8036623	2.2	1	5.0	0.0	2.0	1.0	8.0	1.0	2.0	5.0	2.0	2.0	3.0	0	0.626	3.0	0	9.931055	10.447583	0.0	0
51.0	3.0		0	0.0	0.0	0.0	6.0	1.0	4.0	5.8036623	2.2	1	5.0	0.0	3.0	2.0	7.0	3.0	2.0	5.0	1.0	2.0	4.0	0	0.626	4.0	0	9.931055	10.447583	0.0	0
51.0	2.0	0.0	0	0.0	1.0	1.0	2.0	1.0	4.0	5.8036623	2.2	1	5.0	0.0	1.0	4.0	9.0	2.0	1.0	5.0	2.0	1.0	5.0	0	0.626	3.0	0	9.931055	10.447583	0.0	0
51.0	1.0		0	0.0	0.0	1.0	1.0	0.0	4.0	5.8036623	2.2	1	5.0	1.0	2.0	3.0	9.0	3.0	2.0	5.0	2.0	2.0	2.0	0	0.626	1.0	0	9.931055	10.447583	0.0	0
51.0	3.0	0.0	0	0.0	1.0	0.0	6.0	2.0	4.0	5.8036623	2.2	1	5.0		1.0	2.0	10.0	3.0	2.0	5.0	0.0	2.0	5.0	0	0.626	2.0	0	9.931055	10.447583	0.0	0
51.0	1.0		0	0.0	0.0	1.0	1.0	0.0	2.0	5.8036623	2.2	1	5.0	1.0	1.0	3.0	10.0	1.0	2.0	5.0	2.0	3.0	5.0	0	0.626	4.0	0	9.931055	10.447583	0.0	0
51.0	2.0	0.0	0	0.0	1.0	0.0	3.0	5.0	3.0	5.8036623	2.2	1	5.0		1.0	3.0	10.0	1.0	2.0	5.0	1.0	2.0	5.0	0	0.626	2.0	0	9.931055	10.447583	0.0	0
51.0	2.0		0	0.0	0.0	1.0	5.0	2.0	3.0	5.8036623	2.2	1	5.0	0.0	3.0	4.0	5.0	1.0	2.0	5.0	1.0	2.0	4.0	0	0.626	1.0	0	9.931055	10.447583	0.0	0
51.0	1.0		0	0.0	0.0	1.0	1.0	0.0	3.0	5.8036623	2.2	1	5.0	0.0	3.0	3.0	0.0	2.0	1.0	5.0	1.0	2.0	3.0	0	0.626	3.0	0	9.931055	10.447583	0.0	0
51.0	3.0	0.0	0	0.0	1.0	0.0	1.0	0.0	4.0	5.8036623	2.2	1	5.0	1.0	2.0	1.0	10.0	1.0	2.0	5.0	1.0	2.0	5.0	0	0.626	2.0	0	9.931055	10.447583	0.0	0
51.0	1.0	0.0	0	0.0	1.0	1.0	3.0	1.0	3.0	5.8036623	2.2	1	5.0	1.0	1.0	2.0	9.0	1.0	2.0	5.0	1.0	3.0	5.0	0	0.626	2.0	0	9.931055	10.447583	0.0	0
51.0	1.0	0.0	0	0.0	1.0	1.0	1.0	0.0	4.0	5.8036623	2.2	1	5.0	0.0	4.0	1.0	0.0	1.0	2.0	5.0	1.0	2.0	4.0	0	0.626	2.0	0	9.931055	10.447583	0.0	0
51.0	3.0		0	0.0	0.0	0.0	3.0	4.0	4.0	5.8036623	2.2	1	5.0	1.0	3.0	2.0	10.0	1.0		5.0	1.0	2.0	2.0	0	0.626	1.0	0	9.931055	10.447583	0.0	0
52.0	3.0		1	1.0	0.0	0.0	3.0	3.0	4.0	19.991432	3.1	1	5.0	0.0	5.0	1.0	8.0	1.0	2.0	4.0	1.0	2.0	5.0	0	0.711	3.0	27	9.862079	13.171582	8.0	1
52.0	2.0		1	0.0	0.0	0.0	3.0	4.0	4.0	19.991432	3.1	1	5.0	0.0	4.0	2.0	8.0	3.0	2.0	5.0	1.0	2.0	3.0	0	0.711	2.0	27	9.862079	13.171582	8.0	1
52.0	1.0		1	0.0	0.0	0.0	3.0	2.0	4.0	19.991432	3.1	1	5.0	0.0	5.0	3.0	5.0	3.0	2.0	4.0	1.0	2.0	5.0	0	0.711	2.0	27	9.862079	13.171582	8.0	1
52.0	1.0	0.0	1	0.0	1.0	0.0	3.0	2.0	3.0	19.991432	3.1	1	5.0	0.0	1.0	1.0	10.0	1.0	1.0	5.0	1.0	2.0	5.0	0	0.711	3.0	27	9.862079	13.171582	8.0	1
52.0	1.0	0.0	1	0.0	1.0	0.0	2.0	0.0	4.0	19.991432	3.1	1	5.0	0.0	1.0	1.0	10.0	2.0	2.0	5.0	1.0	2.0	5.0	0	0.711	3.0	27	9.862079	13.171582	8.0	1
52.0	2.0		1	0.0	0.0	1.0	3.0	2.0	4.0	19.991432	3.1	1	5.0	0.0	5.0	4.0	8.0	2.0	2.0	5.0	1.0	2.0	5.0	0	0.711	2.0	27	9.862079	13.171582	8.0	1
52.0	2.0	1.0	1	0.0	1.0	1.0	3.0	3.0	4.0	19.991432	3.1	1	5.0	0.0	4.0	2.0	9.0	3.0	2.0	5.0	1.0	3.0	5.0	0	0.711	2.0	27	9.862079	13.171582	8.0	1
52.0	1.0		1	0.0	0.0	1.0	4.0	1.0	4.0	19.991432	3.1	1	5.0	0.0	3.0	2.0	10.0	4.0	1.0	5.0	2.0	2.0	3.0	0	0.711	3.0	27	9.862079	13.171582	8.0	1
52.0	3.0	0.0	1		1.0	1.0	3.0	0.0	3.0	19.991432	3.1	1	5.0		5.0	1.0	2.0	3.0	1.0	5.0	2.0	2.0	5.0	0	0.711	3.0	27	9.862079	13.171582	8.0	1
52.0	3.0	1.0	1	0.0	1.0	0.0	5.0	0.0	4.0	19.991432	3.1	1	5.0	0.0	4.0	3.0	5.0	1.0	2.0	5.0	2.0	2.0	5.0	0	0.711	5.0	27	9.862079	13.171582	8.0	1
52.0	2.0	0.0	1	0.0	1.0	0.0	3.0	0.0	4.0	19.991432	3.1	1	5.0	0.0	5.0	2.0	10.0	3.0	2.0	5.0	2.0	2.0	5.0	0	0.711	3.0	27	9.862079	13.171582	8.0	1
52.0	2.0	0.0	1	0.0	1.0	0.0	3.0	3.0	4.0	19.991432	3.1	1	5.0	0.0	3.0	2.0	5.0	3.0	2.0	5.0	2.0	2.0	4.0	0	0.711	3.0	27	9.862079	13.171582	8.0	1
52.0	1.0		1	0.0	0.0	0.0	2.0	0.0	3.0	19.991432	3.1	1	5.0	0.0	4.0	2.0	10.0	1.0	1.0	5.0	2.0	2.0	4.0	0	0.711	3.0	27	9.862079	13.171582	8.0	1
52.0	3.0		1	0.0	0.0	1.0	3.0	3.0	3.0	19.991432	3.1	1	5.0	0.0	4.0	1.0	5.0	1.0	2.0	5.0	2.0	2.0	5.0	0	0.711	3.0	27	9.862079	13.171582	8.0	1
53.0	1.0		1	0.0	0.0	0.0	3.0	2.0	3.0	9.679043	3.3	1	5.0	1.0	4.0	1.0	8.0	3.0	1.0	4.0	2.0	2.0	5.0	1	0.706	2.0	26	10.298621	11.951013		0
53.0	1.0		1	0.0	0.0	0.0	2.0	0.0	3.0	9.679043	3.3	1	5.0	0.0	1.0	1.0	8.0	1.0	1.0	2.0	2.0	2.0	5.0	1	0.706	3.0	26	10.298621	11.951013		0
53.0	2.0	0.0	1	0.0	1.0	1.0	1.0	0.0	4.0	9.679043	3.3	1	5.0	1.0	4.0	4.0	1.0	1.0	2.0	5.0	2.0	2.0	5.0	1	0.706	2.0	26	10.298621	11.951013		0
53.0	2.0	1.0	1	0.0	1.0	1.0	3.0	3.0	3.0	9.679043	3.3	1	5.0	0.0	4.0	3.0	0.0	3.0	2.0	5.0	2.0	1.0	5.0	1	0.706	4.0	26	10.298621	11.951013		0
53.0	2.0	0.0	1	0.0	1.0	0.0	3.0	1.0	5.0	9.679043	3.3	1	5.0	1.0	2.0	2.0	9.0	3.0	2.0	4.0	2.0	2.0	5.0	1	0.706	3.0	26	10.298621	11.951013		0
53.0	1.0	1.0	1	1.0	1.0	1.0	3.0	5.0	5.0	9.679043	3.3	1	5.0	0.0	1.0	5.0	8.0	2.0	2.0	5.0	2.0	2.0	5.0	1	0.706	3.0	26	10.298621	11.951013		0
53.0	3.0		1	0.0	0.0	1.0	4.0	2.0	3.0	9.679043	3.3	1	5.0	0.0	5.0	5.0	1.0	1.0	1.0	1.0	2.0	1.0	2.0	1	0.706	4.0	26	10.298621	11.951013		0
53.0	3.0	0.0	1	1.0	1.0	0.0	6.0	3.0	5.0	9.679043	3.3	1	5.0	0.0	2.0	2.0	9.0	3.0	2.0	4.0	1.0	2.0	5.0	1	0.706	2.0	26	10.298621	11.951013		0
53.0	1.0		1	0.0	0.0	1.0	4.0	1.0	5.0	9.679043	3.3	1	5.0	0.0	3.0	2.0	8.0	3.0	1.0	4.0	1.0	2.0	5.0	1	0.706	3.0	26	10.298621	11.951013		0
53.0	3.0	0.0	1	0.0	1.0	0.0	4.0	2.0	4.0	9.679043	3.3	1	4.0	1.0	2.0	1.0	9.0	3.0	2.0	4.0	1.0	2.0	5.0	1	0.706	2.0	26	10.298621	11.951013		0
53.0	3.0		1	0.0	0.0	1.0	3.0	1.0	5.0	9.679043	3.3	1	5.0	1.0	4.0	2.0	10.0	1.0	2.0	2.0	1.0	2.0	5.0	1	0.706	3.0	26	10.298621	11.951013		0
53.0	1.0		1	0.0	0.0	0.0	3.0	0.0	3.0	9.679043	3.3	1	5.0	1.0	5.0	1.0	8.0	3.0	1.0	4.0	1.0	2.0	5.0	1	0.706	3.0	26	10.298621	11.951013		0
53.0	2.0	1.0	1	1.0	1.0	1.0	3.0	3.0	4.0	9.679043	3.3	1	5.0		5.0	2.0	10.0	1.0	1.0	4.0	1.0	2.0	2.0	1	0.706	2.0	26	10.298621	11.951013		0
53.0	2.0	0.0	1	1.0	1.0	0.0	1.0	9.0	5.0	9.679043	3.3	1	4.0	1.0	5.0	1.0	8.0	3.0	2.0	4.0	1.0	2.0	5.0	1	0.706	3.0	26	10.298621	11.951013		0
54.0	1.0	1.0	0		1.0	1.0	3.0	4.0	4.0	25.96054	4.2	1	5.0	0.0	2.0	1.0	5.0	2.0	2.0	4.0	1.0	2.0	3.0	0	0.62	3.0	0	9.606368	11.552185	0.0	0
54.0	1.0		0		0.0	1.0	2.0	1.0	3.0	25.96054	4.2	1	5.0	0.0	3.0	2.0	5.0	3.0	2.0	5.0	1.0	2.0	2.0	0	0.62	2.0	0	9.606368	11.552185	0.0	0
54.0	2.0		0	0.0	0.0	0.0	3.0	2.0	3.0	25.96054	4.2	1	5.0	0.0	4.0	2.0	9.0	3.0	2.0	5.0	1.0	2.0	3.0	0	0.62	3.0	0	9.606368	11.552185	0.0	0
54.0	3.0		0		0.0	0.0	3.0	2.0	4.0	25.96054	4.2	1	5.0	0.0	3.0	2.0	10.0	2.0	2.0	5.0	1.0	2.0	3.0	0	0.62	1.0	0	9.606368	11.552185	0.0	0
54.0	1.0	0.0	0	0.0	1.0	1.0	2.0	0.0	3.0	25.96054	4.2	1	5.0	0.0	3.0	1.0	9.0	2.0	2.0	4.0	2.0	2.0	5.0	0	0.62	3.0	0	9.606368	11.552185	0.0	0
54.0	2.0		0	1.0	0.0	1.0	3.0	4.0	3.0	25.96054	4.2	1	5.0	0.0	4.0	2.0	10.0	3.0	2.0	5.0	0.0	2.0	3.0	0	0.62	3.0	0	9.606368	11.552185	0.0	0
54.0	3.0	0.0	0		1.0	1.0	3.0	4.0	4.0	25.96054	4.2	1	5.0	0.0	3.0	2.0	10.0	2.0	2.0	5.0	0.0	2.0	5.0	0	0.62	1.0	0	9.606368	11.552185	0.0	0
54.0	1.0		0	0.0	0.0	0.0	2.0	3.0	3.0	25.96054	4.2	1	5.0	0.0	4.0	2.0	0.0	3.0	2.0	5.0	2.0	2.0	4.0	0	0.62	4.0	0	9.606368	11.552185	0.0	0
54.0	1.0		0	0.0	0.0	1.0	3.0	1.0	4.0	25.96054	4.2	1	5.0	0.0	5.0	3.0	10.0	3.0	2.0	5.0	2.0	3.0	4.0	0	0.62	3.0	0	9.606368	11.552185	0.0	0
54.0	2.0		0	0.0	0.0	0.0	3.0	2.0	4.0	25.96054	4.2	1	5.0	0.0	1.0	5.0	10.0	1.0	2.0	5.0	2.0	1.0	1.0	0	0.62	5.0	0	9.606368	11.552185	0.0	0
54.0	1.0	0.0	0	1.0	1.0	0.0	1.0	0.0	4.0	25.96054	4.2	1	5.0	0.0	1.0	1.0	8.0	1.0	2.0	5.0	2.0	2.0	5.0	0	0.62	2.0	0	9.606368	11.552185	0.0	0
54.0	3.0	0.0	0	0.0	1.0	1.0	3.0	8.0	4.0	25.96054	4.2	1	5.0	0.0	1.0	1.0	9.0	3.0	2.0	4.0	2.0	3.0	5.0	0	0.62	3.0	0	9.606368	11.552185	0.0	0
54.0	3.0	0.0	0	0.0	1.0	1.0	5.0	1.0	5.0	25.96054	4.2	1	5.0	0.0	5.0	1.0	5.0	2.0	2.0	5.0	1.0	3.0	5.0	0	0.62	2.0	0	9.606368	11.552185	0.0	0
54.0	2.0	0.0	0	1.0	1.0	0.0	3.0	4.0	4.0	25.96054	4.2	1	5.0	0.0	5.0	1.0	10.0	3.0	2.0	4.0	2.0	4.0	5.0	0	0.62	4.0	0	9.606368	11.552185	0.0	0
55.0	2.0		0	0.0	0.0	1.0	3.0	2.0	3.0	18.373909	3.7	1	5.0	0.0	4.0	1.0	8.0	1.0	1.0	4.0	1.0	2.0	4.0	0	0.578	1.0	0	9.442639	10.393753	0.0	0
55.0	3.0	0.0	0	0.0	1.0	1.0	3.0	1.0	4.0	18.373909	3.7	1	5.0	0.0	5.0	1.0	7.0	3.0	2.0	5.0	1.0	2.0	5.0	0	0.578	1.0	0	9.442639	10.393753	0.0	0
55.0	2.0		0	0.0	0.0	0.0	2.0	0.0	4.0	18.373909	3.7	1	5.0	0.0	3.0	3.0	10.0	3.0	2.0	5.0	1.0	2.0	2.0	0	0.578	3.0	0	9.442639	10.393753	0.0	0
55.0	1.0	0.0	0	0.0	1.0	0.0	3.0	2.0	4.0	18.373909	3.7	1	5.0	0.0	5.0	1.0	10.0	3.0	2.0	5.0	1.0	2.0	5.0	0	0.578	2.0	0	9.442639	10.393753	0.0	0
55.0	1.0	0.0	0	0.0	1.0	1.0	3.0	4.0	4.0	18.373909	3.7	1	5.0	0.0	4.0	1.0	10.0	3.0	2.0	5.0	1.0	2.0	5.0	0	0.578	3.0	0	9.442639	10.393753	0.0	0
55.0	1.0	0.0	0	0.0	1.0	0.0	2.0	2.0	3.0	18.373909	3.7	1	5.0	0.0	5.0	2.0	8.0	3.0	1.0	4.0	1.0	2.0	5.0	0	0.578	2.0	0	9.442639	10.393753	0.0	0
55.0	3.0		0	0.0	0.0	0.0	3.0	3.0	3.0	18.373909	3.7	1	5.0	0.0	3.0	1.0	5.0	3.0	2.0	5.0	1.0	2.0	3.0	0	0.578	3.0	0	9.442639	10.393753	0.0	0
55.0	1.0	1.0	0	0.0	1.0	1.0	2.0	0.0	4.0	18.373909	3.7	1	5.0	0.0	3.0	1.0	6.0	1.0	2.0	5.0	2.0	2.0	5.0	0	0.578	3.0	0	9.442639	10.393753	0.0	0
55.0	3.0		0	0.0	0.0	1.0	2.0	4.0	3.0	18.373909	3.7	1	5.0		4.0	3.0	6.0	1.0	2.0	5.0	2.0	2.0	3.0	0	0.578	3.0	0	9.442639	10.393753	0.0	0
55.0	1.0	0.0	0	0.0	1.0	1.0	2.0	0.0	3.0	18.373909	3.7	1	5.0	1.0	5.0	1.0	8.0	3.0	2.0	5.0	2.0	2.0	5.0	0	0.578	2.0	0	9.442639	10.393753	0.0	0
55.0	2.0	1.0	0	0.0	1.0	1.0	3.0	2.0	2.0	18.373909	3.7	1	5.0	0.0	4.0	3.0	8.0	3.0	1.0	4.0	2.0	2.0	3.0	0	0.578	3.0	0	9.442639	10.393753	0.0	0
55.0	2.0	0.0	0	0.0	1.0	0.0	2.0	0.0	4.0	18.373909	3.7	1	5.0	0.0	4.0	2.0	8.0	3.0	2.0	5.0	2.0	2.0	5.0	0	0.578	2.0	0	9.442639	10.393753	0.0	0
55.0	3.0		0	0.0	0.0	0.0	6.0	3.0	4.0	18.373909	3.7	1	5.0	0.0	2.0	4.0	9.0	1.0	2.0	5.0	2.0	1.0	4.0	0	0.578	4.0	0	9.442639	10.393753	0.0	0
55.0	3.0		0	0.0	0.0	0.0	3.0	3.0	3.0	18.373909	3.7	1	5.0	0.0	3.0	2.0	8.0	3.0	1.0	5.0	2.0	2.0	5.0	0	0.578	3.0	0	9.442639	10.393753	0.0	0
56.0	3.0		0	0.0	0.0	0.0	3.0	4.0	3.0	36.049026	6.6	1	3.0	1.0	4.0	3.0	7.0	3.0	1.0	5.0	3.0	3.0	3.0	0	0.626	3.0	0	9.429602	11.424553	0.0	0
56.0	1.0	0.0	0		1.0	0.0	3.0	1.0	3.0	36.049026	6.6	1	5.0	0.0	3.0	3.0	6.0	1.0	1.0	4.0	3.0	2.0	4.0	0	0.626	4.0	0	9.429602	11.424553	0.0	0
56.0	2.0	0.0	0	1.0	1.0	0.0	1.0	0.0	4.0	36.049026	6.6	1	5.0	1.0	3.0	3.0	6.0	1.0	2.0	4.0	3.0	3.0	4.0	0	0.626	3.0	0	9.429602	11.424553	0.0	0
56.0	2.0	0.0	0	1.0	1.0	0.0	5.0	0.0	3.0	36.049026	6.6	1	5.0	0.0	3.0	3.0	6.0	1.0	2.0	5.0	3.0	3.0	5.0	0	0.626	3.0	0	9.429602	11.424553	0.0	0
56.0	3.0	0.0	0	1.0	1.0	1.0	5.0	1.0	3.0	36.049026	6.6	1	5.0		3.0	2.0	7.0	3.0	2.0	4.0	3.0	3.0	5.0	0	0.626	2.0	0	9.429602	11.424553	0.0	0
56.0	1.0		0	1.0	0.0	0.0	5.0	0.0	3.0	36.049026	6.6	1	5.0	0.0	4.0	2.0	6.0	1.0	1.0	4.0	3.0	3.0	5.0	0	0.626	2.0	0	9.429602	11.424553	0.0	0
56.0	1.0		0	1.0	0.0	1.0	2.0	2.0	3.0	36.049026	6.6	1	5.0	1.0	3.0	2.0	0.0	3.0	2.0	4.0	3.0	4.0	4.0	0	0.626	4.0	0	9.429602	11.424553	0.0	0
56.0	1.0	0.0	0	0.0	1.0	1.0	4.0	3.0	4.0	36.049026	6.6	1	4.0	0.0	3.0	5.0	8.0	2.0	1.0	4.0	1.0	2.0	4.0	0	0.626	4.0	0	9.429602	11.424553	0.0	0
56.0	2.0	1.0	0	0.0	1.0	0.0	6.0	2.0	5.0	36.049026	6.6	1	4.0	0.0	2.0	4.0	7.0	1.0	2.0	4.0	1.0	3.0	2.0	0	0.626	2.0	0	9.429602	11.424553	0.0	0
56.0	3.0	0.0	0	0.0	1.0	1.0	5.0	3.0	5.0	36.049026	6.6	1	5.0	1.0	5.0	4.0	10.0	3.0	2.0	5.0	0.0	2.0	5.0	0	0.626	3.0	0	9.429602	11.424553	0.0	0
56.0	2.0	0.0	0	1.0	1.0	0.0	5.0	1.0	5.0	36.049026	6.6	1	5.0	0.0	3.0	3.0	8.0	3.0	2.0	5.0	1.0	3.0	4.0	0	0.626	2.0	0	9.429602	11.424553	0.0	0
56.0	3.0		0	1.0	0.0	0.0	3.0	1.0	4.0	36.049026	6.6	1	5.0	0.0	3.0	2.0	5.0	1.0	2.0	2.0	1.0	2.0	3.0	0	0.626	2.0	0	9.429602	11.424553	0.0	0
56.0	3.0		0	0.0	0.0	0.0	3.0	2.0	4.0	36.049026	6.6	1	4.0	0.0	3.0	4.0	8.0	1.0	2.0		1.0	2.0	4.0	0	0.626	2.0	0	9.429602	11.424553	0.0	0
56.0	1.0		0	0.0	0.0	1.0	2.0	0.0	5.0	36.049026	6.6	1	5.0		3.0	3.0	8.0	2.0	2.0	4.0	1.0	3.0	4.0	0	0.626	2.0	0	9.429602	11.424553	0.0	0
57.0	2.0		0	0.0	0.0	0.0	3.0	0.0	5.0	8.519702	0.0	1	3.0	0.0	5.0	2.0	9.0	1.0	2.0	5.0	1.0	2.0	5.0	0	0.664	2.0	0	9.120355	10.063691	0.0	0
57.0	3.0	0.0	0	0.0	1.0	0.0	6.0	2.0	4.0	8.519702	0.0	1	2.0	0.0	4.0	2.0	8.0	1.0	2.0	4.0	1.0	2.0	5.0	0	0.664	4.0	0	9.120355	10.063691	0.0	0
57.0	3.0	1.0	0	0.0	1.0	0.0	3.0	2.0	3.0	8.519702	0.0	1	5.0	0.0	5.0	2.0	5.0	1.0	2.0	5.0	1.0	4.0	5.0	0	0.664	4.0	0	9.120355	10.063691	0.0	0
57.0	1.0		0	0.0	0.0	0.0	2.0	0.0	3.0	8.519702	0.0	1	4.0	0.0	5.0	2.0	5.0	1.0	2.0	5.0	1.0	2.0	5.0	0	0.664	3.0	0	9.120355	10.063691	0.0	0
57.0	1.0		0	0.0	0.0	0.0	2.0	0.0	3.0	8.519702	0.0	1	1.0	0.0	5.0	4.0	5.0	1.0	1.0	4.0	2.0	2.0	1.0	0	0.664	2.0	0	9.120355	10.063691	0.0	0
57.0	1.0		0	0.0	0.0	1.0	2.0	0.0	4.0	8.519702	0.0	1	1.0	0.0	5.0	2.0	5.0	2.0	2.0	4.0	2.0	2.0	5.0	0	0.664	3.0	0	9.120355	10.063691	0.0	0
57.0	2.0	0.0	0	0.0	1.0	1.0	3.0	2.0	3.0	8.519702	0.0	1	5.0		5.0	1.0	7.0	1.0	1.0	5.0	2.0	1.0	5.0	0	0.664	2.0	0	9.120355	10.063691	0.0	0
57.0	3.0	0.0	0	0.0	1.0	1.0	3.0	1.0	3.0	8.519702	0.0	1	1.0	0.0	5.0	1.0	5.0	1.0	1.0	5.0	3.0	1.0	5.0	0	0.664	4.0	0	9.120355	10.063691	0.0	0
57.0	2.0	0.0	0	0.0	1.0	0.0	3.0	2.0	3.0	8.519702	0.0	1	5.0	0.0	5.0	3.0	6.0	1.0	1.0	5.0	3.0	1.0	5.0	0	0.664	3.0	0	9.120355	10.063691	0.0	0
57.0	3.0		0	0.0	0.0	0.0	3.0	3.0	4.0	8.519702	0.0	1	1.0	0.0	5.0	2.0	5.0	3.0	1.0	4.0	3.0	2.0	5.0	0	0.664	4.0	0	9.120355	10.063691	0.0	0
57.0	2.0		0	0.0	0.0	0.0	5.0	4.0	4.0	8.519702	0.0	1	4.0	0.0	5.0	1.0	5.0	1.0	1.0	5.0	3.0	1.0	5.0	0	0.664	2.0	0	9.120355	10.063691	0.0	0
57.0	3.0		0	0.0	0.0	0.0	3.0	3.0	3.0	8.519702	0.0	1	2.0	0.0	5.0	1.0	5.0	1.0	1.0	4.0	3.0	1.0	5.0	0	0.664	4.0	0	9.120355	10.063691	0.0	0
57.0	1.0	0.0	0	0.0	1.0	0.0	4.0	1.0	3.0	8.519702	0.0	1	1.0	0.0	5.0	4.0	5.0	1.0	1.0	4.0	3.0	2.0	5.0	0	0.664	4.0	0	9.120355	10.063691	0.0	0
57.0	1.0	0.0	0	0.0	1.0	1.0	2.0	0.0	5.0	8.519702	0.0	1	1.0	0.0	5.0	2.0	2.0	1.0	1.0	5.0	3.0	1.0	5.0	0	0.664	3.0	0	9.120355	10.063691	0.0	0
58.0	1.0	0.0	0	0.0	1.0	0.0	2.0	0.0	3.0	40.201004	6.6	1	5.0	0.0	1.0	1.0	2.0	1.0	1.0	5.0	3.0	2.0	2.0	0	0.659	4.0	0	10.085791	10.121618	0.0	0
58.0	1.0	0.0	0	0.0	1.0	1.0	4.0	0.0	2.0	40.201004	6.6	1	5.0	0.0	4.0	2.0	8.0	3.0	1.0	4.0	3.0	2.0	5.0	0	0.659	4.0	0	10.085791	10.121618	0.0	0
58.0	2.0	0.0	0	0.0	1.0	1.0	5.0	0.0	3.0	40.201004	6.6	1	5.0	1.0	1.0	1.0	10.0	4.0	1.0	5.0	3.0	1.0	5.0	0	0.659	5.0	0	10.085791	10.121618	0.0	0
58.0	2.0		0	0.0	0.0	1.0	2.0	3.0	2.0	40.201004	6.6	1	4.0	0.0	4.0	5.0	7.0	1.0	1.0	5.0	3.0	2.0	4.0	0	0.659	2.0	0	10.085791	10.121618	0.0	0
58.0	3.0		0	0.0	0.0	1.0	3.0	4.0	2.0	40.201004	6.6	1	5.0	1.0	2.0	4.0	7.0	3.0	1.0	4.0	3.0	3.0	5.0	0	0.659	4.0	0	10.085791	10.121618	0.0	0
58.0	1.0		0	0.0	0.0	0.0	3.0	0.0	3.0	40.201004	6.6	1	4.0	1.0	1.0	1.0	2.0	4.0	1.0	4.0	3.0	1.0	5.0	0	0.659	3.0	0	10.085791	10.121618	0.0	0
58.0	3.0	0.0	0	0.0	1.0	1.0	3.0	4.0	4.0	40.201004	6.6	1	5.0	0.0	4.0	4.0	0.0	1.0	1.0	5.0	3.0	1.0	4.0	0	0.659	3.0	0	10.085791	10.121618	0.0	0
58.0	1.0		0	0.0	0.0	1.0	3.0	2.0	3.0	40.201004	6.6	1	5.0	1.0	1.0	1.0	5.0	4.0	1.0	5.0	2.0	2.0	5.0	0	0.659	2.0	0	10.085791	10.121618	0.0	0
58.0	2.0		0	0.0	0.0	1.0	3.0	1.0	3.0	40.201004	6.6	1	5.0	0.0	2.0	1.0	7.0	3.0	1.0	5.0	2.0	2.0	5.0	0	0.659	3.0	0	10.085791	10.121618	0.0	0
58.0	3.0		0	0.0	0.0	1.0	3.0	2.0	2.0	40.201004	6.6	1	5.0	1.0	1.0	4.0	10.0	2.0	1.0	5.0	2.0	2.0	5.0	0	0.659	5.0	0	10.085791	10.121618	0.0	0
58.0	3.0	1.0	0	0.0	1.0	1.0	3.0	6.0	3.0	40.201004	6.6	1	5.0	0.0	1.0	5.0	10.0	5.0	2.0	5.0	2.0	1.0	5.0	0	0.659	5.0	0	10.085791	10.121618	0.0	0
58.0	1.0	1.0	0	0.0	1.0	1.0	1.0	2.0	4.0	40.201004	6.6	1	5.0	1.0	1.0	1.0	7.0	1.0	2.0	4.0	2.0	2.0	5.0	0	0.659	5.0	0	10.085791	10.121618	0.0	0
58.0	2.0	1.0	0	0.0	1.0	1.0	3.0	3.0	3.0	40.201004	6.6	1	5.0	0.0	2.0	5.0	8.0	1.0	1.0	5.0	2.0	2.0	5.0	0	0.659	5.0	0	10.085791	10.121618	0.0	0
58.0	1.0		0	0.0	0.0	1.0	4.0	1.0	3.0	40.201004	6.6	1	5.0	1.0	1.0	5.0	10.0	3.0	1.0	5.0	2.0	3.0	5.0	0	0.659	4.0	0	10.085791	10.121618	0.0	0
59.0	2.0		1	1.0	0.0	0.0	3.0	2.0	4.0	5.9112835	3.2	1	5.0	1.0	5.0	1.0	7.0	1.0	1.0	5.0	3.0	2.0	1.0	0	0.749	3.0	23	10.160683	11.3455	0.0	0
59.0	1.0	0.0	1	0.0	1.0	0.0	1.0	0.0	3.0	5.9112835	3.2	1	5.0	0.0	5.0	1.0	3.0	1.0	1.0	5.0	3.0	2.0	1.0	0	0.749	3.0	23	10.160683	11.3455	0.0	0
59.0	1.0	0.0	1	1.0	1.0	0.0	1.0	1.0	4.0	5.9112835	3.2	1	5.0	0.0	5.0	1.0	3.0	1.0	1.0	5.0	3.0	2.0	5.0	0	0.749	4.0	23	10.160683	11.3455	0.0	0
59.0	1.0	0.0	1	1.0	1.0	0.0	2.0	0.0	4.0	5.9112835	3.2	1	5.0	0.0	3.0	2.0	1.0	1.0	1.0	5.0	3.0	2.0	5.0	0	0.749	4.0	23	10.160683	11.3455	0.0	0
59.0	3.0		1	1.0	0.0	1.0	3.0	3.0	4.0	5.9112835	3.2	1	5.0	0.0	4.0	2.0	3.0	1.0	1.0	1.0	3.0	1.0	5.0	0	0.749	3.0	23	10.160683	11.3455	0.0	0
59.0	3.0	0.0	1	1.0	1.0	1.0	1.0	0.0	3.0	5.9112835	3.2	1	5.0	0.0	1.0	1.0	8.0	1.0	1.0	5.0	3.0	2.0	5.0	0	0.749	4.0	23	10.160683	11.3455	0.0	0
59.0	2.0		1	0.0	0.0	1.0	1.0	0.0	4.0	5.9112835	3.2	1	5.0	0.0	2.0	2.0	1.0	1.0	1.0	5.0	3.0	1.0	5.0	0	0.749	3.0	23	10.160683	11.3455	0.0	0
59.0	2.0		1	0.0	0.0	1.0	4.0	1.0	4.0	5.9112835	3.2	1	5.0	0.0	1.0	2.0	6.0	1.0	1.0	4.0	2.0	2.0	5.0	0	0.749	3.0	23	10.160683	11.3455	0.0	0
59.0	1.0		1	1.0	0.0	1.0	1.0	0.0	5.0	5.9112835	3.2	1	5.0	1.0	1.0	1.0	8.0	2.0	2.0	5.0	2.0	1.0	5.0	0	0.749	2.0	23	10.160683	11.3455	0.0	0
59.0	2.0	0.0	1	1.0	1.0	1.0	2.0	4.0	4.0	5.9112835	3.2	1	5.0	0.0	1.0	1.0	8.0	3.0	2.0	5.0	2.0	2.0	5.0	0	0.749	4.0	23	10.160683	11.3455	0.0	0
59.0	1.0		1	0.0	0.0	0.0	3.0	2.0	3.0	5.9112835	3.2	1	5.0	1.0	5.0	1.0	10.0	2.0	1.0	4.0	2.0	2.0	5.0	0	0.749	3.0	23	10.160683	11.3455	0.0	0
59.0	3.0	0.0	1	1.0	1.0	1.0	3.0	2.0	4.0	5.9112835	3.2	1	5.0	0.0	2.0	2.0	6.0	1.0	2.0	4.0	2.0	1.0	5.0	0	0.749	3.0	23	10.160683	11.3455	0.0	0
59.0	3.0		1	1.0	0.0	1.0	3.0	0.0	3.0	5.9112835	3.2	1	5.0	0.0	2.0	4.0	9.0	1.0	2.0	5.0	2.0	2.0	5.0	0	0.749	3.0	23	10.160683	11.3455	0.0	0
59.0	1.0	0.0	1	0.0	1.0	1.0	1.0	0.0	4.0	5.9112835	3.2	1	5.0	0.0	1.0	2.0	9.0	3.0	2.0	5.0	2.0	2.0	5.0	0	0.749	3.0	23	10.160683	11.3455	0.0	0
60.0	1.0	0.0	0		1.0	1.0	1.0	0.0	4.0	23.204548	0.0	1	5.0	0.0	5.0	5.0	4.0	1.0	2.0	5.0	2.0	1.0	5.0	0	0.684	1.0	0	9.430195	9.061725	0.0	0
60.0	1.0	0.0	0	0.0	1.0	0.0	4.0	3.0	4.0	23.204548	0.0	1	5.0	1.0	1.0	1.0	3.0	1.0	1.0	4.0	2.0	2.0	5.0	0	0.684	2.0	0	9.430195	9.061725	0.0	0
60.0	3.0		0	0.0	0.0	0.0	1.0	0.0	4.0	23.204548	0.0	1	5.0	0.0	3.0	3.0	9.0	2.0	1.0	3.0	2.0	2.0	5.0	0	0.684	2.0	0	9.430195	9.061725	0.0	0
60.0	1.0	0.0	0	1.0	1.0	0.0	4.0	0.0	2.0	23.204548	0.0	1	5.0	1.0	1.0	1.0	8.0	1.0	1.0	4.0	2.0	1.0	1.0	0	0.684	2.0	0	9.430195	9.061725	0.0	0
60.0	2.0	0.0	0	0.0	1.0	0.0	3.0	2.0	4.0	23.204548	0.0	1	5.0	0.0	3.0	1.0	7.0	1.0	2.0	5.0	2.0	2.0	5.0	0	0.684	2.0	0	9.430195	9.061725	0.0	0
60.0	2.0		0	0.0	0.0	0.0	3.0	2.0	4.0	23.204548	0.0	1	3.0	0.0	4.0	4.0	10.0	1.0	1.0	4.0	2.0	4.0	5.0	0	0.684	2.0	0	9.430195	9.061725	0.0	0
60.0	3.0		0	0.0	0.0	0.0	2.0	4.0	5.0	23.204548	0.0	1	5.0	1.0	5.0	2.0	10.0	3.0	2.0	4.0	2.0	3.0	3.0	0	0.684	3.0	0	9.430195	9.061725	0.0	0
60.0	1.0		0	0.0	0.0	0.0	3.0	1.0	5.0	23.204548	0.0	1	5.0	0.0	5.0	2.0	10.0	2.0	2.0	4.0	1.0	1.0	3.0	0	0.684	2.0	0	9.430195	9.061725	0.0	0
60.0	3.0		0	0.0	0.0	0.0	6.0	1.0		23.204548	0.0	1	3.0	0.0	5.0	5.0	10.0	1.0	2.0		1.0	2.0	5.0	0	0.684	2.0	0	9.430195	9.061725	0.0	0
60.0	3.0	0.0	0	0.0	1.0	1.0	6.0	5.0	4.0	23.204548	0.0	1	1.0		5.0	4.0	8.0	1.0	2.0	5.0	1.0	2.0	5.0	0	0.684	2.0	0	9.430195	9.061725	0.0	0
60.0	1.0		0	0.0	0.0	1.0	1.0	0.0	3.0	23.204548	0.0	1	5.0	1.0	4.0	3.0	10.0	1.0	2.0	3.0	1.0	2.0	5.0	0	0.684	2.0	0	9.430195	9.061725	0.0	0
60.0	3.0	0.0	0	0.0	1.0	0.0	1.0	0.0	3.0	23.204548	0.0	1	5.0	0.0	1.0	4.0	10.0	2.0	1.0	1.0	1.0	2.0	5.0	0	0.684	2.0	0	9.430195	9.061725	0.0	0
60.0	2.0	0.0	0	0.0	1.0	1.0	2.0	1.0	5.0	23.204548	0.0	1	4.0	0.0	4.0	1.0	7.0	1.0	2.0	5.0	1.0	1.0	5.0	0	0.684	4.0	0	9.430195	9.061725	0.0	0
60.0	2.0	0.0	0	1.0	1.0	0.0	3.0	2.0	5.0	23.204548	0.0	1	5.0	0.0	1.0	2.0	10.0	1.0	2.0		1.0	2.0	5.0	0	0.684	2.0	0	9.430195	9.061725	0.0	0
61.0	1.0		1	1.0	0.0	1.0	2.0	0.0	3.0	41.81767	6.7	1	2.0	1.0	5.0	1.0	1.0	1.0	1.0	2.0	3.0	2.0	5.0	0	0.768	4.0	28	10.413062	14.390303	6.0	3
61.0	2.0		1	1.0	0.0	1.0	5.0	4.0	3.0	41.81767	6.7	1	4.0	0.0	5.0	2.0	4.0	3.0	1.0	2.0	3.0	2.0	5.0	0	0.768	3.0	28	10.413062	14.390303	6.0	3
61.0	3.0		1	0.0	0.0	0.0	6.0	4.0	3.0	41.81767	6.7	1	5.0	1.0	5.0	1.0	1.0	1.0	1.0	1.0	3.0	2.0	5.0	0	0.768	3.0	28	10.413062	14.390303	6.0	3
61.0	1.0	1.0	1	0.0	1.0	1.0	4.0	1.0	3.0	41.81767	6.7	1	4.0	1.0	4.0	1.0	7.0	2.0	2.0	4.0	3.0	2.0	5.0	0	0.768	4.0	28	10.413062	14.390303	6.0	3
61.0	1.0	1.0	1	1.0	1.0	1.0	1.0	0.0	3.0	41.81767	6.7	1	5.0	1.0	5.0	1.0	3.0	1.0	1.0	2.0	3.0	2.0	5.0	0	0.768	4.0	28	10.413062	14.390303	6.0	3
61.0	2.0	0.0	1	1.0	1.0	1.0	5.0	2.0	3.0	41.81767	6.7	1	5.0	1.0	5.0	1.0	1.0	1.0	1.0	2.0	3.0	2.0	5.0	0	0.768	4.0	28	10.413062	14.390303	6.0	3
61.0	2.0	1.0	1	1.0	1.0	1.0	5.0	4.0	3.0	41.81767	6.7	1	2.0	1.0	5.0	1.0	1.0	1.0	1.0	4.0	3.0	2.0	5.0	0	0.768	4.0	28	10.413062	14.390303	6.0	3
61.0	3.0	0.0	1	0.0	1.0	0.0	6.0	8.0	4.0	41.81767	6.7	1	3.0		3.0	1.0	5.0	3.0	1.0	4.0	0.0	2.0	5.0	0	0.768	2.0	28	10.413062	14.390303	6.0	3
61.0	1.0		1	0.0	0.0	1.0	4.0	1.0	3.0	41.81767	6.7	1	5.0	1.0	4.0	1.0	10.0	1.0	2.0	1.0	1.0	1.0	5.0	0	0.768	2.0	28	10.413062	14.390303	6.0	3
61.0	2.0		1	1.0	0.0	1.0	4.0	4.0	3.0	41.81767	6.7	1	5.0	0.0	5.0	2.0	10.0	3.0	2.0	1.0	1.0	2.0	5.0	0	0.768	3.0	28	10.413062	14.390303	6.0	3
61.0	1.0	1.0	1	0.0	1.0	1.0	4.0	5.0	5.0	41.81767	6.7	1	5.0	1.0	4.0	1.0	6.0	3.0	2.0	1.0	1.0	2.0	5.0	0	0.768	3.0	28	10.413062	14.390303	6.0	3
61.0	3.0	1.0	1	1.0	1.0	1.0	5.0	4.0	5.0	41.81767	6.7	1	5.0	0.0	1.0	1.0	10.0	1.0	1.0	2.0	1.0	2.0	5.0	0	0.768	3.0	28	10.413062	14.390303	6.0	3
61.0	3.0		1	0.0	0.0	0.0	3.0	2.0	3.0	41.81767	6.7	1	5.0	1.0	4.0	2.0	10.0	3.0	1.0	2.0	1.0	2.0	5.0	0	0.768	2.0	28	10.413062	14.390303	6.0	3
61.0	2.0		1	0.0	0.0	1.0	4.0	5.0	4.0	41.81767	6.7	1	4.0	0.0	5.0	3.0	8.0	1.0	2.0	1.0	1.0	2.0	5.0	0	0.768	2.0	28	10.413062	14.390303	6.0	3
61.0	3.0		1	0.0	0.0	1.0	3.0	4.0	4.0	41.81767	6.7	1	2.0	0.0	1.0	1.0	10.0	2.0	1.0	4.0	2.0	2.0	5.0	0	0.768	4.0	28	10.413062	14.390303	6.0	3
61.0	1.0		1	0.0	0.0	1.0	3.0	2.0	3.0	41.81767	6.7	1	4.0	1.0	5.0	2.0	1.0	1.0	1.0	2.0	2.0	2.0	5.0	0	0.768	3.0	28	10.413062	14.390303	6.0	3
61.0	1.0	0.0	1	0.0	1.0	0.0	2.0	0.0	3.0	41.81767	6.7	1	4.0	0.0	5.0	1.0	7.0	3.0	1.0	2.0	3.0	2.0	5.0	0	0.768	3.0	28	10.413062	14.390303	6.0	3
61.0	3.0		1	0.0	0.0	1.0	3.0	3.0	3.0	41.81767	6.7	1	2.0		5.0		3.0	1.0	2.0		2.0	3.0	5.0	0	0.768	3.0	28	10.413062	14.390303	6.0	3
61.0	2.0	1.0	1	1.0	1.0	1.0	4.0	1.0	3.0	41.81767	6.7	1	4.0	1.0	5.0	1.0	0.0	1.0	1.0	4.0	3.0	1.0	5.0	0	0.768	5.0	28	10.413062	14.390303	6.0	3
61.0	2.0	1.0	1	1.0	1.0	0.0	6.0	3.0	3.0	41.81767	6.7	1	4.0	0.0	5.0	1.0	1.0	1.0	2.0	2.0	2.0	2.0	5.0	0	0.768	3.0	28	10.413062	14.390303	6.0	3
62.0	3.0	0.0	1	0.0	1.0	0.0	3.0	2.0	3.0	42.42211	5.3	1	4.0	0.0	4.0	2.0	8.0	2.0	2.0	2.0	3.0	2.0	3.0	1	0.702	2.0	25	10.430662	14.163851	26.0	5
62.0	1.0	1.0	1	0.0	1.0	0.0	3.0	1.0	3.0	42.42211	5.3	1	4.0	0.0	3.0	3.0	6.0	1.0	1.0	2.0	3.0	3.0	3.0	1	0.702	2.0	25	10.430662	14.163851	26.0	5
62.0	2.0		1	0.0	0.0	0.0	3.0	0.0	3.0	42.42211	5.3	1	4.0	0.0	4.0	3.0	8.0	1.0	2.0	4.0	3.0	4.0	4.0	1	0.702	3.0	25	10.430662	14.163851	26.0	5
62.0	2.0		1	0.0	0.0	0.0	3.0	0.0	2.0	42.42211	5.3	1	4.0	0.0	2.0	3.0	7.0	1.0	1.0	3.0	3.0	2.0	2.0	1	0.702	2.0	25	10.430662	14.163851	26.0	5
62.0	3.0		1	0.0	0.0	0.0	3.0	1.0	3.0	42.42211	5.3	1	4.0	1.0	2.0	3.0	7.0	2.0	1.0	3.0	3.0	3.0	5.0	1	0.702	2.0	25	10.430662	14.163851	26.0	5
62.0	3.0	0.0	1	0.0	1.0	0.0	3.0	2.0	3.0	42.42211	5.3	1	4.0	1.0	4.0	4.0	5.0	1.0	2.0	5.0	3.0	4.0	4.0	1	0.702	2.0	25	10.430662	14.163851	26.0	5
62.0	1.0	1.0	1	0.0	1.0	0.0	3.0	2.0	3.0	42.42211	5.3	1	4.0	0.0	2.0	4.0	5.0	1.0	2.0	3.0	3.0	2.0	2.0	1	0.702	2.0	25	10.430662	14.163851	26.0	5
62.0	3.0		1	0.0	0.0	1.0	3.0	3.0	4.0	42.42211	5.3	1	5.0	0.0	3.0	1.0	5.0	2.0	2.0	4.0	1.0	2.0	5.0	1	0.702	2.0	25	10.430662	14.163851	26.0	5
62.0	1.0		1	1.0	0.0	1.0	4.0	2.0	5.0	42.42211	5.3	1	4.0	1.0	2.0	1.0	5.0	2.0	2.0	4.0	1.0	2.0	5.0	1	0.702	3.0	25	10.430662	14.163851	26.0	5
62.0	2.0	0.0	1	1.0	1.0	1.0	5.0	2.0	4.0	42.42211	5.3	1	4.0	1.0	3.0	1.0	4.0	1.0	2.0	4.0	1.0	3.0	5.0	1	0.702	3.0	25	10.430662	14.163851	26.0	5
62.0	1.0	1.0	1	1.0	1.0	1.0	5.0	4.0	5.0	42.42211	5.3	1	3.0		2.0	1.0	10.0	1.0	2.0	4.0	1.0	2.0	5.0	1	0.702	2.0	25	10.430662	14.163851	26.0	5
62.0	3.0		1	0.0	0.0	1.0	3.0	2.0	4.0	42.42211	5.3	1	4.0	0.0	3.0	1.0	2.0	1.0	1.0	4.0	1.0	2.0	5.0	1	0.702	2.0	25	10.430662	14.163851	26.0	5
62.0	2.0	0.0	1	0.0	1.0	1.0	5.0	1.0	5.0	42.42211	5.3	1	5.0	0.0	2.0	1.0	6.0	1.0	2.0	4.0	1.0	2.0	5.0	1	0.702	3.0	25	10.430662	14.163851	26.0	5
63.0	3.0		0	0.0	0.0	0.0	3.0	3.0	3.0	61.165455	10.4	1	4.0	1.0	5.0	4.0	10.0	1.0	1.0	3.0	1.0	2.0	3.0	0	0.632	4.0	0	9.380819	12.289692	0.0	0
63.0	3.0		0	0.0	0.0	0.0	6.0	10.0	4.0	61.165455	10.4	1	5.0	0.0	4.0	4.0	9.0	2.0	2.0	3.0	1.0	2.0	5.0	0	0.632	2.0	0	9.380819	12.289692	0.0	0
63.0	1.0	0.0	0	0.0	1.0	1.0	4.0	2.0	4.0	61.165455	10.4	1	5.0	0.0	5.0	5.0	9.0	3.0	1.0	5.0	1.0	3.0	5.0	0	0.632	2.0	0	9.380819	12.289692	0.0	0
63.0	1.0	1.0	0	0.0	1.0	1.0	3.0	1.0	1.0	61.165455	10.4	1	5.0	1.0	4.0	4.0	4.0	2.0	2.0	5.0	1.0	2.0	5.0	0	0.632	3.0	0	9.380819	12.289692	0.0	0
63.0	1.0		0	1.0	0.0	1.0	3.0	1.0	5.0	61.165455	10.4	1	5.0	1.0	5.0	1.0	9.0	5.0	1.0	5.0	1.0	2.0	5.0	0	0.632	2.0	0	9.380819	12.289692	0.0	0
63.0	2.0		0	0.0	0.0	0.0	4.0	2.0	3.0	61.165455	10.4	1	5.0	1.0	5.0	4.0	5.0	3.0	2.0	5.0	1.0	3.0	5.0	0	0.632	4.0	0	9.380819	12.289692	0.0	0
63.0	2.0	0.0	0	1.0	1.0	1.0	5.0	4.0	4.0	61.165455	10.4	1	5.0	0.0	5.0	2.0	10.0	3.0	2.0	5.0	1.0	1.0	5.0	0	0.632	5.0	0	9.380819	12.289692	0.0	0
63.0	2.0	0.0	0	0.0	1.0	1.0	4.0	0.0	4.0	61.165455	10.4	1	5.0	0.0	5.0	4.0	10.0	2.0	2.0	4.0	1.0	3.0	5.0	0	0.632	3.0	0	9.380819	12.289692	0.0	0
63.0	1.0		0	0.0	0.0	1.0	3.0	2.0	5.0	61.165455	10.4	1	4.0		5.0	2.0	5.0	1.0	1.0	5.0	1.0	2.0	4.0	0	0.632	3.0	0	9.380819	12.289692	0.0	0
63.0	2.0	0.0	0	0.0	1.0	1.0	1.0	6.0	5.0	61.165455	10.4	1	2.0	0.0	4.0	4.0	10.0	3.0	2.0	5.0	1.0	2.0	5.0	0	0.632	5.0	0	9.380819	12.289692	0.0	0
63.0	1.0		0	0.0	0.0	1.0	1.0	1.0	3.0	61.165455	10.4	1	5.0	0.0	1.0	2.0	8.0	2.0	2.0	5.0	1.0	2.0	5.0	0	0.632	2.0	0	9.380819	12.289692	0.0	0
63.0	3.0		0	0.0	0.0	1.0	3.0	7.0	4.0	61.165455	10.4	1	5.0	0.0	4.0	5.0	10.0	1.0	2.0	5.0	1.0	2.0	5.0	0	0.632	3.0	0	9.380819	12.289692	0.0	0
63.0	3.0		0	0.0	0.0	0.0	3.0	3.0	5.0	61.165455	10.4	1	4.0		4.0	4.0	7.0	3.0	2.0	4.0	1.0	2.0	5.0	0	0.632	2.0	0	9.380819	12.289692	0.0	0
63.0	3.0	0.0	0	1.0	1.0	0.0	3.0	6.0		61.165455	10.4	1	5.0		4.0	3.0	6.0	1.0	2.0	4.0	0.0	3.0	5.0	0	0.632	2.0	0	9.380819	12.289692	0.0	0
64.0	1.0	0.0	0	0.0	1.0	1.0	3.0	1.0	3.0	57.277943	13.6	1	4.0	0.0	5.0	2.0	7.0	1.0	1.0	2.0	2.0	2.0	5.0	0	0.574	4.0	0	8.9686985	11.472343	0.0	0
64.0	2.0		0	0.0	0.0	0.0	3.0	2.0	3.0	57.277943	13.6	1	3.0	1.0	5.0	2.0	9.0	1.0	1.0	2.0	2.0	2.0	4.0	0	0.574	2.0	0	8.9686985	11.472343	0.0	0
64.0	1.0	0.0	0	0.0	1.0	1.0	4.0	0.0	3.0	57.277943	13.6	1	5.0		5.0	1.0	0.0	1.0	1.0	2.0	2.0	1.0	5.0	0	0.574	4.0	0	8.9686985	11.472343	0.0	0
64.0	2.0	0.0	0	0.0	1.0	1.0	5.0	2.0	3.0	57.277943	13.6	1	5.0	0.0	5.0	1.0	8.0	1.0	1.0	2.0	2.0	2.0	5.0	0	0.574	4.0	0	8.9686985	11.472343	0.0	0
64.0	2.0	0.0	0	1.0	1.0	1.0	3.0	2.0	3.0	57.277943	13.6	1	4.0	1.0	5.0	2.0	8.0	1.0	1.0	2.0	2.0	2.0	5.0	0	0.574	4.0	0	8.9686985	11.472343	0.0	0
64.0	3.0		0	1.0	0.0	1.0	6.0	6.0	3.0	57.277943	13.6	1	5.0	1.0	5.0	5.0	1.0	3.0	1.0	2.0	2.0	2.0	5.0	0	0.574	4.0	0	8.9686985	11.472343	0.0	0
64.0	3.0		0	0.0	0.0	1.0	3.0	1.0	4.0	57.277943	13.6	1	4.0	1.0	5.0	5.0	7.0	1.0	1.0	4.0	2.0	2.0	5.0	0	0.574	2.0	0	8.9686985	11.472343	0.0	0
64.0	1.0		0	0.0	0.0	1.0	1.0	0.0	5.0	57.277943	13.6	1	2.0	1.0	5.0	2.0	1.0	2.0	2.0	2.0	1.0		4.0	0	0.574	4.0	0	8.9686985	11.472343	0.0	0
64.0	1.0		0	0.0	0.0	0.0	1.0	0.0	4.0	57.277943	13.6	1	4.0	1.0	5.0	2.0	5.0	3.0	2.0	2.0	1.0	2.0	5.0	0	0.574	2.0	0	8.9686985	11.472343	0.0	0
64.0	3.0		0	0.0	0.0	1.0	4.0	0.0	4.0	57.277943	13.6	1	1.0	1.0	5.0	5.0	5.0	1.0	2.0	1.0	1.0	2.0	4.0	0	0.574	4.0	0	8.9686985	11.472343	0.0	0
64.0	1.0	0.0	0	0.0	1.0	1.0	4.0	2.0	4.0	57.277943	13.6	1	2.0	1.0	5.0	5.0	10.0	1.0	2.0		1.0	1.0	5.0	0	0.574	4.0	0	8.9686985	11.472343	0.0	0
64.0	2.0	1.0	0	0.0	1.0	1.0	5.0	3.0	4.0	57.277943	13.6	1	2.0	0.0	5.0	1.0	9.0	1.0	2.0	2.0	1.0	2.0	5.0	0	0.574	4.0	0	8.9686985	11.472343	0.0	0
64.0	2.0	0.0	0	0.0	1.0	1.0	3.0	2.0	4.0	57.277943	13.6	1	4.0	1.0	5.0	5.0	6.0	1.0	2.0	4.0	1.0	2.0	5.0	0	0.574	4.0	0	8.9686985	11.472343	0.0	0
64.0	3.0	0.0	0	0.0	1.0	0.0	3.0	3.0	3.0	57.277943	13.6	1	1.0	0.0	5.0	5.0	7.0	1.0	1.0	4.0	1.0	2.0	5.0	0	0.574	4.0	0	8.9686985	11.472343	0.0	0
65.0	1.0		1	1.0	0.0	0.0	2.0	0.0	4.0	50.13632	8.7	1	4.0	0.0	5.0	2.0	5.0	3.0	1.0	2.0	2.0	1.0	5.0	0	0.678	4.0	13	10.940709	12.518161	0.0	0
65.0	2.0		1	1.0	0.0	1.0	3.0	1.0	3.0	50.13632	8.7	1	5.0	1.0	5.0	5.0	5.0	3.0	2.0	1.0	2.0	2.0	4.0	0	0.678	3.0	13	10.940709	12.518161	0.0	0
65.0	2.0		1	1.0	0.0	1.0	3.0	1.0	3.0	50.13632	8.7	1	1.0	1.0	5.0	5.0	8.0	3.0	1.0	2.0	2.0	3.0	4.0	0	0.678	3.0	13	10.940709	12.518161	0.0	0
65.0	3.0		1	0.0	0.0	1.0	3.0	3.0	3.0	50.13632	8.7	1	5.0	0.0	5.0	1.0	3.0	1.0	1.0	2.0	2.0	2.0	5.0	0	0.678	4.0	13	10.940709	12.518161	0.0	0
65.0	1.0	0.0	1	1.0	1.0	0.0	3.0	2.0	3.0	50.13632	8.7	1	2.0	0.0	5.0	1.0	1.0	1.0	1.0	4.0	2.0	2.0	5.0	0	0.678	4.0	13	10.940709	12.518161	0.0	0
65.0	3.0	0.0	1	1.0	1.0	1.0	3.0	3.0	3.0	50.13632	8.7	1	2.0	1.0	5.0	1.0	7.0	1.0	1.0	2.0	2.0	2.0	5.0	0	0.678	3.0	13	10.940709	12.518161	0.0	0
65.0	3.0	0.0	1	0.0	1.0	0.0	3.0	3.0	4.0	50.13632	8.7	1	2.0	1.0	5.0	1.0	4.0	1.0	1.0	2.0	2.0	1.0	4.0	0	0.678	4.0	13	10.940709	12.518161	0.0	0
65.0	2.0		1	0.0	0.0	0.0	3.0	2.0	5.0	50.13632	8.7	1	2.0	1.0	3.0	1.0	10.0	3.0	1.0	1.0	1.0	3.0	5.0	0	0.678	3.0	13	10.940709	12.518161	0.0	0
65.0	1.0		1	0.0	0.0	0.0	1.0	0.0	5.0	50.13632	8.7	1	4.0	1.0	5.0	2.0	10.0	1.0	2.0	1.0	1.0	2.0	5.0	0	0.678	3.0	13	10.940709	12.518161	0.0	0
65.0	1.0		1	0.0	0.0	0.0	4.0	0.0	5.0	50.13632	8.7	1	2.0	0.0	5.0	1.0	8.0	3.0	2.0	1.0	1.0	2.0	5.0	0	0.678	3.0	13	10.940709	12.518161	0.0	0
65.0	2.0		1	0.0	0.0	0.0	3.0	6.0	5.0	50.13632	8.7	1	5.0	0.0	5.0	5.0	5.0	1.0	2.0	1.0	1.0	2.0	1.0	0	0.678	2.0	13	10.940709	12.518161	0.0	0
65.0	2.0	0.0	1	0.0	1.0	1.0	3.0	2.0	4.0	50.13632	8.7	1	5.0	0.0	5.0	1.0	7.0	1.0	1.0	2.0	1.0	2.0	5.0	0	0.678	3.0	13	10.940709	12.518161	0.0	0
65.0	3.0	1.0	1	1.0	1.0	1.0	6.0	4.0	5.0	50.13632	8.7	1	1.0	0.0	5.0	5.0	8.0	1.0	2.0	4.0	1.0	3.0	5.0	0	0.678	3.0	13	10.940709	12.518161	0.0	0
65.0	1.0	0.0	1	1.0	1.0	1.0	4.0	2.0	5.0	50.13632	8.7	1	5.0	0.0	5.0	1.0	10.0	3.0	2.0	4.0	1.0	2.0	5.0	0	0.678	3.0	13	10.940709	12.518161	0.0	0
66.0	2.0	0.0	0	0.0	1.0	0.0	3.0	2.0	3.0	0.0	0.0	1	5.0	1.0	5.0	4.0	7.0	1.0	2.0	5.0	1.0	2.0	5.0	0	0.606	3.0	0	9.551949	8.645586	0.0	0
66.0	2.0	0.0	0	0.0	1.0	0.0	3.0	2.0	4.0	0.0	0.0	1	5.0	1.0	5.0	5.0	8.0	1.0	2.0	5.0	1.0	2.0	5.0	0	0.606	3.0	0	9.551949	8.645586	0.0	0
66.0	2.0	0.0	0	0.0	1.0	0.0	3.0	2.0	3.0	0.0	0.0	1	5.0	1.0	1.0	5.0	6.0	1.0	1.0	5.0	1.0	2.0	5.0	0	0.606	2.0	0	9.551949	8.645586	0.0	0
66.0	3.0		0	0.0	0.0	0.0	3.0	4.0	3.0	0.0	0.0	1	5.0	1.0	5.0	5.0	7.0	1.0	1.0	5.0	1.0	2.0	5.0	0	0.606	3.0	0	9.551949	8.645586	0.0	0
66.0	1.0		0	0.0	0.0	0.0	3.0	1.0	3.0	0.0	0.0	1	5.0	1.0	5.0	5.0	6.0	1.0	2.0	5.0	1.0	2.0	5.0	0	0.606	3.0	0	9.551949	8.645586	0.0	0
66.0	1.0		0	0.0	0.0	0.0	4.0	1.0	4.0	0.0	0.0	1	5.0	1.0	1.0	5.0	5.0	1.0	2.0	5.0	2.0	2.0	5.0	0	0.606	3.0	0	9.551949	8.645586	0.0	0
66.0	1.0	0.0	0	0.0	1.0	0.0	4.0	1.0	4.0	0.0	0.0	1	5.0	1.0	2.0	2.0	7.0	1.0	1.0	5.0	2.0	2.0	5.0	0	0.606	4.0	0	9.551949	8.645586	0.0	0
66.0	3.0	0.0	0	0.0	1.0	0.0	3.0	2.0	5.0	0.0	0.0	1	5.0	1.0	4.0	4.0	6.0	1.0	2.0	4.0	1.0	2.0	5.0	0	0.606	4.0	0	9.551949	8.645586	0.0	0
66.0	1.0	0.0	0	0.0	1.0	0.0	4.0	2.0	5.0	0.0	0.0	1	5.0	1.0	1.0	5.0	7.0	1.0	2.0	5.0	1.0	2.0	5.0	0	0.606	4.0	0	9.551949	8.645586	0.0	0
66.0	1.0	0.0	0	0.0	1.0	0.0	3.0	2.0	3.0	0.0	0.0	1	5.0	1.0	5.0	5.0	8.0	3.0	2.0	5.0	1.0	2.0	5.0	0	0.606	4.0	0	9.551949	8.645586	0.0	0
66.0	2.0	1.0	0	0.0	1.0	1.0	3.0	4.0	5.0	0.0	0.0	1	5.0	1.0	1.0	5.0	6.0	1.0	2.0	5.0	1.0	2.0	5.0	0	0.606	4.0	0	9.551949	8.645586	0.0	0
66.0	1.0		0	0.0	0.0	0.0	1.0	0.0	4.0	0.0	0.0	1	5.0	1.0	5.0	5.0	4.0	1.0	2.0	5.0	1.0	2.0	5.0	0	0.606	4.0	0	9.551949	8.645586	0.0	0
66.0	2.0		0	0.0	0.0	0.0	3.0	2.0	3.0	0.0	0.0	1	2.0	1.0	5.0	4.0	7.0	1.0	1.0	4.0	1.0	2.0	5.0	0	0.606	3.0	0	9.551949	8.645586	0.0	0
66.0	3.0		0	0.0	0.0	1.0	3.0	4.0	3.0	0.0	0.0	1	2.0	1.0	5.0	5.0	4.0	1.0	1.0	1.0	1.0	2.0	5.0	0	0.606	4.0	0	9.551949	8.645586	0.0	0
67.0	1.0	0.0	1	1.0	1.0	1.0	3.0	2.0	5.0	16.33931	2.7	1	4.0	1.0	5.0	2.0	5.0	1.0	2.0	5.0	2.0	2.0	5.0	0	0.749	5.0	22	10.456429	13.173698	0.0	0
67.0	2.0	0.0	1	1.0	1.0	0.0	3.0	3.0	4.0	16.33931	2.7	1	5.0		1.0	1.0	8.0	1.0	1.0	5.0	2.0	2.0	5.0	0	0.749	4.0	22	10.456429	13.173698	0.0	0
67.0	1.0	0.0	1	1.0	1.0	0.0	4.0	0.0	3.0	16.33931	2.7	1	5.0	1.0	5.0	4.0	8.0	1.0	1.0	5.0	2.0	2.0	5.0	0	0.749	2.0	22	10.456429	13.173698	0.0	0
67.0	2.0	1.0	1	1.0	1.0	1.0	3.0	3.0	3.0	16.33931	2.7	1	5.0	1.0	1.0	5.0	7.0	3.0	1.0	1.0	2.0	2.0	5.0	0	0.749	5.0	22	10.456429	13.173698	0.0	0
67.0	1.0		1	0.0	0.0	0.0	3.0	1.0	3.0	16.33931	2.7	1	5.0	1.0	1.0	5.0	5.0	1.0	1.0	5.0	2.0	2.0	5.0	0	0.749	4.0	22	10.456429	13.173698	0.0	0
67.0	3.0		1	1.0	0.0	0.0	3.0	8.0	5.0	16.33931	2.7	1	5.0	1.0	5.0	5.0	8.0	1.0	2.0	5.0	2.0	2.0	5.0	0	0.749	3.0	22	10.456429	13.173698	0.0	0
67.0	3.0		1	1.0	0.0	1.0	3.0	6.0	4.0	16.33931	2.7	1	5.0	1.0	5.0	5.0	7.0	3.0	1.0	5.0	1.0	2.0	5.0	0	0.749	2.0	22	10.456429	13.173698	0.0	0
67.0	2.0	0.0	1	1.0	1.0	0.0	3.0	1.0	5.0	16.33931	2.7	1	5.0		2.0	5.0	4.0	1.0	1.0	5.0	1.0	2.0	5.0	0	0.749	1.0	22	10.456429	13.173698	0.0	0
67.0	3.0	1.0	1	1.0	1.0	0.0	3.0	3.0	3.0	16.33931	2.7	1	5.0	1.0	2.0	3.0	10.0	1.0	2.0	2.0	1.0	3.0	5.0	0	0.749	3.0	22	10.456429	13.173698	0.0	0
67.0	1.0	0.0	1	1.0	1.0	0.0	5.0	3.0	4.0	16.33931	2.7	1	5.0	1.0	5.0	3.0	7.0	1.0	2.0	4.0	1.0	2.0	5.0	0	0.749	3.0	22	10.456429	13.173698	0.0	0
67.0	1.0	1.0	1	1.0	1.0	1.0	3.0	2.0	3.0	16.33931	2.7	1	5.0	1.0	2.0	4.0	8.0	1.0	1.0	4.0	1.0	2.0	5.0	0	0.749	3.0	22	10.456429	13.173698	0.0	0
67.0	2.0		1	1.0	0.0	1.0	3.0	1.0	4.0	16.33931	2.7	1	5.0	1.0	2.0	5.0	7.0	1.0	1.0	5.0	1.0	2.0	5.0	0	0.749	4.0	22	10.456429	13.173698	0.0	0
67.0	1.0		1	1.0	0.0	1.0	3.0	2.0	4.0	16.33931	2.7	1	5.0	1.0	4.0	4.0	8.0	1.0	2.0	4.0	1.0	2.0	5.0	0	0.749	3.0	22	10.456429	13.173698	0.0	0
67.0	2.0		1	1.0	0.0	1.0	1.0	2.0	4.0	16.33931	2.7	1	5.0	1.0	2.0	5.0	8.0	3.0	2.0	5.0	1.0	2.0	5.0	0	0.749	3.0	22	10.456429	13.173698	0.0	0
68.0	1.0	0.0	0	0.0	1.0	1.0	3.0	3.0	5.0	15.432315	2.6	1	5.0	1.0	5.0	1.0	5.0	1.0	2.0	5.0	2.0	2.0	5.0	0	0.672	4.0	0	9.7788515	11.867504	0.0	0
68.0	2.0	0.0	0	0.0	1.0	1.0	1.0	0.0	4.0	15.432315	2.6	1	5.0	1.0	2.0	3.0	8.0	1.0	1.0	4.0	2.0	2.0	5.0	0	0.672	4.0	0	9.7788515	11.867504	0.0	0
68.0	1.0	0.0	0	0.0	1.0	0.0	3.0	2.0	4.0	15.432315	2.6	1	5.0	1.0	1.0	5.0	7.0	2.0	1.0	5.0	2.0	2.0	5.0	0	0.672	4.0	0	9.7788515	11.867504	0.0	0
68.0	2.0		0	0.0	0.0	0.0	5.0	2.0	4.0	15.432315	2.6	1	3.0	1.0	5.0	5.0	8.0	1.0	2.0	5.0	2.0	2.0	5.0	0	0.672	3.0	0	9.7788515	11.867504	0.0	0
68.0	3.0		0	0.0	0.0	0.0	3.0	1.0	5.0	15.432315	2.6	1	5.0	1.0	4.0	4.0	7.0	1.0	1.0	4.0	2.0	2.0	5.0	0	0.672	4.0	0	9.7788515	11.867504	0.0	0
68.0	3.0		0	1.0	0.0	1.0	4.0	4.0	3.0	15.432315	2.6	1	1.0	1.0	5.0	5.0	7.0	1.0	1.0	5.0	2.0	2.0	3.0	0	0.672	5.0	0	9.7788515	11.867504	0.0	0
68.0	1.0	0.0	0	0.0	1.0	0.0	3.0	2.0	4.0	15.432315	2.6	1	5.0	1.0	5.0	5.0	6.0	1.0	2.0	5.0	2.0	2.0	5.0	0	0.672	4.0	0	9.7788515	11.867504	0.0	0
68.0	3.0	0.0	0	1.0	1.0	1.0	3.0	1.0	4.0	15.432315	2.6	1	5.0	1.0	2.0	4.0	5.0	1.0	1.0	4.0	3.0	2.0	5.0	0	0.672	4.0	0	9.7788515	11.867504	0.0	0
68.0	2.0	0.0	0	1.0	1.0	0.0	3.0	2.0	3.0	15.432315	2.6	1	5.0	1.0	1.0	4.0	6.0	1.0	1.0	5.0	3.0	2.0	5.0	0	0.672	4.0	0	9.7788515	11.867504	0.0	0
68.0	2.0	1.0	0	0.0	1.0	1.0	1.0	1.0	3.0	15.432315	2.6	1	5.0	0.0	1.0	1.0	6.0	1.0	2.0	5.0	3.0	2.0	5.0	0	0.672	5.0	0	9.7788515	11.867504	0.0	0
68.0	3.0	0.0	0	0.0	1.0	0.0	6.0	2.0	4.0	15.432315	2.6	1	5.0	1.0	1.0	1.0	3.0	1.0	1.0	5.0	3.0	2.0	5.0	0	0.672	5.0	0	9.7788515	11.867504	0.0	0
68.0	1.0		0	0.0	0.0	1.0	4.0	2.0	3.0	15.432315	2.6	1	5.0	1.0	5.0	5.0	4.0	1.0	1.0	5.0	3.0	2.0	3.0	0	0.672	4.0	0	9.7788515	11.867504	0.0	0
68.0	3.0		0	1.0	0.0	0.0	5.0	9.0	3.0	15.432315	2.6	1	5.0	1.0	5.0	4.0	4.0	1.0	2.0	5.0	3.0	2.0	5.0	0	0.672	4.0	0	9.7788515	11.867504	0.0	0
68.0	1.0		0	1.0	0.0	1.0	1.0	2.0	5.0	15.432315	2.6	1	1.0	0.0	5.0	5.0	0.0	3.0	2.0	5.0	3.0	2.0	5.0	0	0.672	4.0	0	9.7788515	11.867504	0.0	0
69.0	1.0	0.0	1	0.0	1.0	0.0	2.0	0.0	3.0	2.2153301	3.5	1	5.0	1.0	5.0	2.0	10.0	3.0	2.0	5.0	1.0	2.0	5.0	0	0.711	5.0	0	9.996287	10.717524	0.0	0
69.0	3.0		1	1.0	0.0	0.0	3.0	3.0	3.0	2.2153301	3.5	1	5.0	1.0	4.0	1.0	9.0	3.0	1.0	5.0	1.0	2.0	4.0	0	0.711	5.0	0	9.996287	10.717524	0.0	0
69.0	2.0		1	0.0	0.0	1.0	3.0	3.0	3.0	2.2153301	3.5	1	5.0	0.0	5.0	3.0	10.0	1.0	1.0	5.0	1.0	2.0	5.0	0	0.711	4.0	0	9.996287	10.717524	0.0	0
69.0	2.0		1	1.0	0.0	0.0	3.0	1.0	3.0	2.2153301	3.5	1	5.0	0.0	4.0	1.0	9.0	1.0	2.0	5.0	1.0	1.0	5.0	0	0.711	5.0	0	9.996287	10.717524	0.0	0
69.0	3.0	0.0	1	0.0	1.0	0.0	6.0	3.0	3.0	2.2153301	3.5	1	5.0	0.0	3.0	1.0	5.0	3.0	1.0	5.0	1.0	2.0	5.0	0	0.711	5.0	0	9.996287	10.717524	0.0	0
69.0	1.0	0.0	1	0.0	1.0	0.0	1.0	0.0	3.0	2.2153301	3.5	1	5.0	1.0	4.0	1.0	5.0	1.0	2.0	5.0	1.0	2.0	5.0	0	0.711	1.0	0	9.996287	10.717524	0.0	0
69.0	1.0	0.0	1	1.0	1.0	0.0	3.0	1.0	3.0	2.2153301	3.5	1	5.0	1.0	5.0	2.0	7.0	1.0	2.0	5.0	1.0	2.0	5.0	0	0.711	4.0	0	9.996287	10.717524	0.0	0
69.0	3.0	0.0	1	0.0	1.0	0.0	6.0	5.0	3.0	2.2153301	3.5	1	5.0	1.0	5.0	1.0	6.0	1.0	2.0	5.0	2.0	2.0	5.0	0	0.711	4.0	0	9.996287	10.717524	0.0	0
69.0	1.0	0.0	1	0.0	1.0	0.0	4.0	2.0	3.0	2.2153301	3.5	1	5.0	0.0	3.0	1.0	8.0	1.0	1.0	5.0	2.0	2.0	5.0	0	0.711	5.0	0	9.996287	10.717524	0.0	0
69.0	3.0	0.0	1	1.0	1.0	0.0	3.0	2.0	3.0	2.2153301	3.5	1	5.0	1.0	3.0	2.0	9.0	1.0	1.0		2.0	2.0	5.0	0	0.711	5.0	0	9.996287	10.717524	0.0	0
69.0	1.0		1	0.0	0.0	0.0	1.0	0.0	3.0	2.2153301	3.5	1	5.0	1.0	3.0	1.0	0.0	1.0	1.0	5.0	2.0	2.0	4.0	0	0.711	5.0	0	9.996287	10.717524	0.0	0
69.0	2.0		1	1.0	0.0	1.0	3.0	2.0	4.0	2.2153301	3.5	1	5.0	1.0	3.0	1.0	8.0	1.0	1.0	5.0	2.0	2.0	5.0	0	0.711	5.0	0	9.996287	10.717524	0.0	0
69.0	2.0		1	1.0	0.0	0.0	3.0	1.0	3.0	2.2153301	3.5	1	5.0	1.0	5.0	1.0	10.0	1.0	1.0	5.0	2.0	2.0	5.0	0	0.711	5.0	0	9.996287	10.717524	0.0	0
69.0	3.0		1	1.0	0.0	0.0	6.0	3.0	3.0	2.2153301	3.5	1	5.0	0.0	5.0	2.0	0.0	1.0	1.0	5.0	2.0	2.0	5.0	0	0.711	3.0	0	9.996287	10.717524	0.0	0
70.0	2.0	1.0	0	0.0	1.0	1.0	5.0	3.0	4.0	44.201134	7.0	1	4.0	1.0	2.0	1.0	5.0	1.0	2.0	4.0	1.0	2.0	5.0	0	0.612	4.0	0	9.954586	12.288524	0.0	0
70.0	2.0	0.0	0	0.0	1.0	0.0	5.0	2.0	4.0	44.201134	7.0	1	4.0	1.0	3.0	2.0	5.0	1.0	2.0	4.0	1.0	1.0	5.0	0	0.612	3.0	0	9.954586	12.288524	0.0	0
70.0	3.0		0	0.0	0.0	1.0	5.0	1.0	4.0	44.201134	7.0	1	3.0	0.0	3.0	1.0	4.0	1.0	2.0	4.0	1.0	2.0	5.0	0	0.612	3.0	0	9.954586	12.288524	0.0	0
70.0	1.0		0	0.0	0.0	1.0	2.0	0.0	4.0	44.201134	7.0	1	4.0	1.0	3.0	1.0	5.0	2.0	2.0	4.0	1.0	2.0	5.0	0	0.612	4.0	0	9.954586	12.288524	0.0	0
70.0	1.0	0.0	0	1.0	1.0	1.0	3.0	2.0	3.0	44.201134	7.0	1	5.0	1.0	3.0	2.0	4.0	1.0	2.0	4.0	1.0	2.0	5.0	0	0.612	3.0	0	9.954586	12.288524	0.0	0
70.0	3.0		0	1.0	0.0	1.0	3.0	2.0	4.0	44.201134	7.0	1	5.0	1.0	3.0	2.0	5.0	1.0	2.0	4.0	1.0	2.0	5.0	0	0.612	3.0	0	9.954586	12.288524	0.0	0
70.0	3.0	0.0	0	1.0	1.0	0.0	3.0	3.0	4.0	44.201134	7.0	1	5.0	1.0	3.0	1.0	5.0	1.0	2.0	4.0	1.0	2.0	5.0	0	0.612	2.0	0	9.954586	12.288524	0.0	0
70.0	3.0		0	0.0	0.0	0.0	6.0	3.0	5.0	44.201134	7.0	1	4.0	1.0	3.0	2.0	4.0	3.0	2.0	3.0	1.0	2.0	5.0	0	0.612	2.0	0	9.954586	12.288524	0.0	0
70.0	1.0	0.0	0	0.0	1.0	0.0	3.0	2.0	4.0	44.201134	7.0	1	3.0	1.0	3.0	1.0	5.0	1.0	2.0	4.0	2.0	3.0	5.0	0	0.612	3.0	0	9.954586	12.288524	0.0	0
70.0	1.0	0.0	0	1.0	1.0	1.0	3.0	3.0	4.0	44.201134	7.0	1	4.0	1.0	3.0	1.0	4.0	3.0	1.0	4.0	1.0	3.0	5.0	0	0.612	3.0	0	9.954586	12.288524	0.0	0
70.0	2.0	1.0	0	0.0	1.0	1.0	3.0	0.0	4.0	44.201134	7.0	1	4.0	1.0	3.0	1.0	4.0	1.0	2.0	5.0	1.0	2.0	5.0	0	0.612	3.0	0	9.954586	12.288524	0.0	0
70.0	3.0		0	0.0	0.0	1.0	4.0	2.0	4.0	44.201134	7.0	1	4.0	0.0	3.0	2.0	3.0	1.0	2.0	4.0	1.0	2.0	5.0	0	0.612	3.0	0	9.954586	12.288524	0.0	0
70.0	2.0	1.0	0	1.0	1.0	1.0	4.0	1.0	4.0	44.201134	7.0	1	4.0	1.0	4.0	1.0	5.0	1.0	2.0	4.0	1.0	2.0	5.0	0	0.612	3.0	0	9.954586	12.288524	0.0	0
70.0	1.0		0	0.0	0.0	1.0	3.0	2.0	3.0	44.201134	7.0	1	5.0	0.0	2.0	2.0	4.0	1.0	1.0	4.0	1.0	2.0	5.0	0	0.612	4.0	0	9.954586	12.288524	0.0	0
71.0	3.0	0.0	1	1.0	1.0	0.0	3.0	4.0	3.0	15.460226	3.5	1	5.0	1.0	4.0	2.0	7.0	1.0	2.0	4.0	3.0	3.0	2.0	0	0.668	5.0	2	9.625061	11.719093	0.0	0
71.0	2.0	0.0	1	1.0	1.0	0.0	3.0	2.0	3.0	15.460226	3.5	1	4.0	1.0	4.0	1.0	8.0	1.0	1.0	4.0	3.0	2.0	5.0	0	0.668	4.0	2	9.625061	11.719093	0.0	0
71.0	1.0		1	1.0	0.0	0.0	1.0	0.0	3.0	15.460226	3.5	1	4.0	1.0	2.0	2.0	3.0	1.0	1.0	3.0	3.0	2.0	4.0	0	0.668	4.0	2	9.625061	11.719093	0.0	0
71.0	1.0	0.0	1	1.0	1.0	0.0	2.0	0.0	3.0	15.460226	3.5	1	4.0	1.0	4.0	2.0	7.0	1.0	1.0	4.0	3.0	2.0	4.0	0	0.668	4.0	2	9.625061	11.719093	0.0	0
71.0	2.0	0.0	1	1.0	1.0	0.0	3.0	2.0	3.0	15.460226	3.5	1	4.0	1.0	4.0	2.0	7.0	1.0	1.0	4.0	3.0	2.0	5.0	0	0.668	4.0	2	9.625061	11.719093	0.0	0
71.0	3.0		1	1.0	0.0	0.0	3.0	2.0	2.0	15.460226	3.5	1	4.0	1.0	3.0	2.0	7.0	1.0	1.0	4.0	3.0	2.0	4.0	0	0.668	4.0	2	9.625061	11.719093	0.0	0
71.0	1.0		1	1.0	0.0	0.0	2.0	0.0	2.0	15.460226	3.5	1	4.0	1.0	5.0	2.0	8.0	1.0	1.0	4.0	3.0	2.0	4.0	0	0.668	4.0	2	9.625061	11.719093	0.0	0
71.0	1.0		1	1.0	0.0	1.0	1.0	0.0	3.0	15.460226	3.5	1	4.0	1.0	2.0	1.0	5.0	3.0	2.0	2.0	2.0	2.0	4.0	0	0.668	4.0	2	9.625061	11.719093	0.0	0
71.0	1.0	0.0	1	1.0	1.0	0.0	1.0	0.0	5.0	15.460226	3.5	1	4.0	0.0	4.0	3.0	5.0	1.0	2.0	3.0	2.0	2.0	2.0	0	0.668	4.0	2	9.625061	11.719093	0.0	0
71.0	2.0		1	1.0	0.0	0.0	3.0	3.0	5.0	15.460226	3.5	1	5.0	1.0	4.0	3.0	7.0	2.0	2.0	4.0	1.0	2.0	4.0	0	0.668	4.0	2	9.625061	11.719093	0.0	0
71.0	3.0		1	1.0	0.0	0.0	3.0	2.0	5.0	15.460226	3.5	1	4.0	1.0	4.0	2.0	7.0	1.0	1.0	4.0	1.0	2.0	4.0	0	0.668	4.0	2	9.625061	11.719093	0.0	0
71.0	3.0	0.0	1	1.0	1.0	0.0	3.0	3.0	3.0	15.460226	3.5	1	4.0	1.0	5.0	4.0	5.0	5.0	1.0	3.0	1.0	2.0	5.0	0	0.668	4.0	2	9.625061	11.719093	0.0	0
71.0	2.0	1.0	1	1.0	1.0	1.0	2.0	5.0	3.0	15.460226	3.5	1	5.0	1.0	4.0	2.0	8.0	3.0	2.0	4.0	1.0	3.0	5.0	0	0.668	3.0	2	9.625061	11.719093	0.0	0
71.0	3.0		1	1.0	0.0	0.0	3.0	2.0	3.0	15.460226	3.5	1	4.0	1.0	4.0	3.0	9.0	1.0	1.0	4.0	1.0	2.0	4.0	0	0.668	3.0	2	9.625061	11.719093	0.0	0
72.0	1.0	0.0	0	1.0	1.0	1.0	1.0	1.0	3.0	16.700298	2.2	1	5.0	1.0	4.0	4.0	7.0	3.0	2.0	5.0	1.0	1.0	2.0	0	0.685	3.0	0	9.96671	11.182405	0.0	0
72.0	1.0	0.0	0	1.0	1.0	1.0	3.0	2.0	5.0	16.700298	2.2	1	5.0	1.0	4.0	4.0	8.0	3.0	1.0	4.0	1.0	2.0	5.0	0	0.685	2.0	0	9.96671	11.182405	0.0	0
72.0	3.0	0.0	0	1.0	1.0	1.0	3.0	1.0	3.0	16.700298	2.2	1	4.0	0.0	4.0	2.0	7.0	1.0	1.0	4.0	1.0	3.0	4.0	0	0.685	3.0	0	9.96671	11.182405	0.0	0
72.0	3.0		0	1.0	0.0	0.0	3.0	5.0	5.0	16.700298	2.2	1	5.0	0.0	1.0	4.0	8.0	1.0	1.0	5.0	1.0	2.0	4.0	0	0.685	2.0	0	9.96671	11.182405	0.0	0
72.0	2.0		0		0.0	0.0	4.0	2.0	3.0	16.700298	2.2	1	4.0	1.0	4.0	2.0	4.0	1.0	2.0	4.0	1.0	2.0	4.0	0	0.685	4.0	0	9.96671	11.182405	0.0	0
72.0	1.0	0.0	0	0.0	1.0	1.0	3.0	2.0	4.0	16.700298	2.2	1	4.0	1.0	4.0	2.0	6.0	3.0	1.0	3.0	1.0	2.0	4.0	0	0.685	1.0	0	9.96671	11.182405	0.0	0
72.0	2.0		0	1.0	0.0	0.0	3.0	2.0	3.0	16.700298	2.2	1	5.0	1.0	5.0	5.0	7.0	1.0	1.0	5.0	1.0	2.0	2.0	0	0.685	3.0	0	9.96671	11.182405	0.0	0
72.0	1.0		0	1.0	0.0	1.0	2.0	0.0	3.0	16.700298	2.2	1	4.0	1.0	5.0	2.0	7.0	1.0	1.0	4.0	3.0	3.0	4.0	0	0.685	3.0	0	9.96671	11.182405	0.0	0
72.0	3.0		0	1.0	0.0	0.0	6.0	3.0	3.0	16.700298	2.2	1	4.0	1.0	4.0	1.0	7.0	1.0	1.0	5.0	3.0	2.0	5.0	0	0.685	4.0	0	9.96671	11.182405	0.0	0
72.0	3.0		0	1.0	0.0	0.0	3.0	2.0	3.0	16.700298	2.2	1	4.0	1.0	4.0	3.0	7.0	1.0	1.0	5.0	3.0	3.0	5.0	0	0.685	3.0	0	9.96671	11.182405	0.0	0
72.0	2.0	0.0	0	1.0	1.0	0.0	3.0	2.0	3.0	16.700298	2.2	1	4.0	1.0	4.0	2.0	4.0	1.0	1.0	4.0	3.0	2.0	5.0	0	0.685	4.0	0	9.96671	11.182405	0.0	0
72.0	3.0	0.0	0	1.0	1.0	0.0	3.0	3.0	3.0	16.700298	2.2	1	5.0	1.0	5.0	2.0	7.0	1.0	1.0	3.0	3.0	2.0	5.0	0	0.685	5.0	0	9.96671	11.182405	0.0	0
72.0	2.0	0.0	0	1.0	1.0	0.0	3.0	3.0	3.0	16.700298	2.2	1	5.0	1.0	4.0	4.0	8.0	4.0	1.0	4.0	3.0	3.0	5.0	0	0.685	4.0	0	9.96671	11.182405	0.0	0
72.0	1.0		0	1.0	0.0	0.0	3.0	1.0	1.0	16.700298	2.2	1	3.0	0.0	4.0	2.0	8.0	1.0	1.0	4.0	3.0	2.0	4.0	0	0.685	3.0	0	9.96671	11.182405	0.0	0
73.0	2.0	1.0	0	0.0	1.0	1.0	5.0	2.0	5.0	35.498756	9.8	1	5.0	1.0	1.0	1.0	7.0	3.0	2.0	5.0	2.0	3.0	5.0	0	0.461	5.0	0	9.552005	10.140653	0.0	0
73.0	3.0		0	1.0	0.0	0.0	3.0	2.0	3.0	35.498756	9.8	1	4.0	1.0	4.0	2.0	8.0	1.0	2.0	4.0	2.0	2.0	4.0	0	0.461	4.0	0	9.552005	10.140653	0.0	0
73.0	1.0	0.0	0	1.0	1.0	1.0	3.0	1.0	5.0	35.498756	9.8	1	4.0	1.0	2.0	4.0	7.0	3.0	1.0	4.0	2.0	2.0	5.0	0	0.461	4.0	0	9.552005	10.140653	0.0	0
73.0	2.0	1.0	0	1.0	1.0	1.0	1.0	1.0	3.0	35.498756	9.8	1	4.0	1.0	3.0	2.0	8.0	1.0	1.0	5.0	2.0	2.0	5.0	0	0.461	4.0	0	9.552005	10.140653	0.0	0
73.0	1.0	0.0	0	0.0	1.0	1.0	2.0	1.0	5.0	35.498756	9.8	1	4.0	1.0	2.0	2.0	10.0	2.0	1.0	5.0	2.0	2.0	5.0	0	0.461	4.0	0	9.552005	10.140653	0.0	0
73.0	3.0		0	0.0	0.0	0.0	3.0	1.0	3.0	35.498756	9.8	1	4.0	1.0	5.0	2.0	7.0	1.0	1.0	4.0	2.0	2.0	1.0	0	0.461	4.0	0	9.552005	10.140653	0.0	0
73.0	3.0		0	0.0	0.0	0.0	3.0	2.0	3.0	35.498756	9.8	1	4.0	1.0	4.0	2.0	9.0	1.0	1.0	5.0	2.0	2.0	4.0	0	0.461	3.0	0	9.552005	10.140653	0.0	0
73.0	3.0		0	1.0	0.0	0.0	3.0	3.0	3.0	35.498756	9.8	1	4.0	1.0	4.0	2.0	9.0	1.0	1.0	5.0	1.0	2.0	4.0	0	0.461	4.0	0	9.552005	10.140653	0.0	0
73.0	2.0		0	1.0	0.0	0.0	3.0	5.0	5.0	35.498756	9.8	1	4.0	1.0	4.0	2.0	10.0	1.0	2.0	5.0	1.0	2.0	5.0	0	0.461	4.0	0	9.552005	10.140653	0.0	0
73.0	3.0		0	0.0	0.0	1.0	5.0	5.0	5.0	35.498756	9.8	1	4.0	1.0	5.0	2.0	8.0	1.0	1.0	5.0	1.0	2.0	4.0	0	0.461	4.0	0	9.552005	10.140653	0.0	0
73.0	1.0	0.0	0	1.0	1.0	1.0	3.0	3.0	5.0	35.498756	9.8	1	5.0	1.0	4.0	1.0	9.0	3.0	2.0	5.0	2.0	2.0	5.0	0	0.461	4.0	0	9.552005	10.140653	0.0	0
73.0	1.0	0.0	0	0.0	1.0	0.0	3.0	2.0	5.0	35.498756	9.8	1	5.0	1.0	5.0	2.0	8.0	3.0	2.0	4.0	1.0	2.0	5.0	0	0.461	4.0	0	9.552005	10.140653	0.0	0
73.0	1.0		0	0.0	0.0	0.0	4.0	0.0	5.0	35.498756	9.8	1	5.0	1.0	5.0	4.0	8.0	2.0	2.0	4.0	0.0	2.0	4.0	0	0.461	4.0	0	9.552005	10.140653	0.0	0
73.0	2.0	1.0	0	0.0	1.0	0.0	5.0	4.0	5.0	35.498756	9.8	1	2.0	1.0	4.0	4.0	7.0	2.0	2.0	4.0	1.0	2.0	4.0	0	0.461	4.0	0	9.552005	10.140653	0.0	0
74.0	1.0		1	0.0	0.0	1.0	4.0	3.0	5.0	6.3167205	3.8	1	5.0	1.0	5.0	3.0	8.0	1.0	1.0	5.0	2.0	2.0	5.0	0	0.705	5.0		9.9229765	10.362872	0.0	0
74.0	1.0		1	0.0	0.0	1.0	1.0	0.0	4.0	6.3167205	3.8	1	5.0	0.0	4.0	1.0	7.0	1.0	2.0	5.0	2.0	1.0	5.0	0	0.705	4.0		9.9229765	10.362872	0.0	0
74.0	2.0		1	1.0	0.0	1.0	3.0	2.0	4.0	6.3167205	3.8	1	5.0	0.0	5.0	3.0	8.0	1.0	1.0	1.0	2.0	2.0	5.0	0	0.705	5.0		9.9229765	10.362872	0.0	0
74.0	3.0	0.0	1	0.0	1.0		1.0	0.0	3.0	6.3167205	3.8	1	5.0	1.0		3.0	5.0	1.0	2.0	5.0	1.0	2.0	5.0	0	0.705	4.0		9.9229765	10.362872	0.0	0
74.0	3.0	0.0	1	1.0	1.0	0.0	3.0	3.0	4.0	6.3167205	3.8	1	5.0		5.0	1.0	6.0	1.0	2.0	5.0	2.0	2.0	5.0	0	0.705	4.0		9.9229765	10.362872	0.0	0
74.0	3.0	0.0	1	1.0	1.0	1.0	3.0	3.0	3.0	6.3167205	3.8	1	5.0	1.0	5.0	5.0	8.0	1.0	1.0	4.0	2.0	3.0	3.0	0	0.705	5.0		9.9229765	10.362872	0.0	0
74.0	2.0	0.0	1	0.0	1.0	0.0	3.0	2.0	3.0	6.3167205	3.8	1	5.0	0.0	5.0	1.0	8.0	1.0	1.0	5.0	2.0	2.0	5.0	0	0.705	5.0		9.9229765	10.362872	0.0	0
74.0	1.0		1	0.0	0.0	1.0	1.0	0.0	5.0	6.3167205	3.8	1	5.0	0.0	5.0	1.0	7.0	1.0	1.0	5.0	1.0	2.0	5.0	0	0.705	3.0		9.9229765	10.362872	0.0	0
74.0	3.0		1	0.0	0.0	0.0	3.0	2.0	3.0	6.3167205	3.8	1	5.0	0.0	5.0	1.0	6.0	1.0	1.0	5.0	1.0	2.0	5.0	0	0.705	5.0		9.9229765	10.362872	0.0	0
74.0	3.0		1	0.0	0.0	0.0	3.0	13.0	5.0	6.3167205	3.8	1	5.0	1.0		3.0	9.0	1.0	2.0	5.0	1.0	2.0	5.0	0	0.705	5.0		9.9229765	10.362872	0.0	0
74.0	2.0	1.0	1	0.0	1.0	1.0	3.0	2.0	3.0	6.3167205	3.8	1	5.0		3.0	1.0	5.0	3.0	2.0	5.0	2.0	2.0	5.0	0	0.705	2.0		9.9229765	10.362872	0.0	0
74.0	2.0	0.0	1	0.0	1.0	1.0	3.0	2.0	4.0	6.3167205	3.8	1	5.0	1.0	3.0	1.0	10.0	1.0	2.0	5.0	1.0	2.0	5.0	0	0.705	5.0		9.9229765	10.362872	0.0	0
74.0	1.0	0.0	1	0.0	1.0	0.0	4.0	1.0	4.0	6.3167205	3.8	1	5.0	0.0	5.0	1.0	10.0	3.0	1.0	5.0	2.0	2.0	5.0	0	0.705	3.0		9.9229765	10.362872	0.0	0
74.0	2.0	0.0	1	0.0	1.0	1.0	4.0	4.0	5.0	6.3167205	3.8	1	5.0		5.0	3.0	6.0	1.0	1.0	5.0	1.0	2.0	1.0	0	0.705	4.0		9.9229765	10.362872	0.0	0
75.0	3.0		0	1.0	0.0	0.0	3.0	3.0	3.0	14.989133	6.6	1	5.0	1.0	3.0	1.0	2.0	1.0	2.0	5.0	2.0	2.0	3.0	0	0.68	5.0	0	9.508508	10.885041	0.0	0
75.0	2.0		0	0.0	0.0	0.0	5.0	2.0	4.0	14.989133	6.6	1	5.0	1.0	3.0	1.0	7.0	1.0	1.0	4.0	3.0	1.0	3.0	0	0.68	4.0	0	9.508508	10.885041	0.0	0
75.0	1.0		0	1.0	0.0	1.0	1.0	0.0	3.0	14.989133	6.6	1	5.0	1.0	3.0	1.0	0.0	1.0	2.0	5.0	2.0	2.0	4.0	0	0.68	5.0	0	9.508508	10.885041	0.0	0
75.0	3.0	0.0	0	0.0	1.0	0.0	3.0	3.0	3.0	14.989133	6.6	1	5.0	1.0	5.0	2.0	5.0	1.0	2.0	5.0	2.0	2.0	5.0	0	0.68	5.0	0	9.508508	10.885041	0.0	0
75.0	1.0	0.0	0	0.0	1.0	0.0	3.0	1.0	3.0	14.989133	6.6	1	5.0	1.0	3.0	1.0	8.0	1.0	2.0	5.0	2.0	2.0	5.0	0	0.68	5.0	0	9.508508	10.885041	0.0	0
75.0	2.0	0.0	0	0.0	1.0	1.0	3.0	1.0	5.0	14.989133	6.6	1	5.0	1.0	5.0	1.0	8.0	1.0	1.0	5.0	2.0	1.0	5.0	0	0.68	5.0	0	9.508508	10.885041	0.0	0
75.0	3.0	0.0	0	0.0	1.0	1.0	5.0	2.0	3.0	14.989133	6.6	1	5.0	1.0	3.0	1.0	8.0	1.0	1.0	5.0	2.0	2.0	3.0	0	0.68	5.0	0	9.508508	10.885041	0.0	0
75.0	3.0		0	0.0	0.0	0.0	3.0	2.0	3.0	14.989133	6.6	1	5.0	1.0	3.0	1.0	2.0	1.0	1.0	5.0	2.0	1.0	5.0	0	0.68	4.0	0	9.508508	10.885041	0.0	0
75.0	1.0		0	0.0	0.0	0.0	3.0	1.0	4.0	14.989133	6.6	1	5.0	1.0	3.0	2.0	10.0	3.0	2.0	5.0	1.0	2.0	4.0	0	0.68	4.0	0	9.508508	10.885041	0.0	0
75.0	2.0	0.0	0	0.0	1.0	0.0	3.0	3.0	5.0	14.989133	6.6	1	5.0	0.0	3.0	1.0	2.0	1.0	1.0	5.0	1.0	2.0	5.0	0	0.68	5.0	0	9.508508	10.885041	0.0	0
75.0	1.0		0	0.0	0.0	0.0	2.0	0.0	3.0	14.989133	6.6	1	5.0	0.0	3.0	1.0	10.0	3.0	1.0	5.0	2.0	2.0	5.0	0	0.68	5.0	0	9.508508	10.885041	0.0	0
75.0	3.0	0.0	0	0.0	1.0	0.0	6.0	3.0	5.0	14.989133	6.6	1	5.0	0.0	5.0	3.0	9.0	3.0	1.0	5.0	1.0	2.0	1.0	0	0.68	4.0	0	9.508508	10.885041	0.0	0
75.0	2.0	0.0	0	0.0	1.0	0.0	4.0	7.0	5.0	14.989133	6.6	1	5.0	1.0	3.0	5.0	10.0	1.0	1.0	5.0	1.0	2.0	4.0	0	0.68	5.0	0	9.508508	10.885041	0.0	0
75.0	3.0	0.0	0	0.0	1.0	0.0	5.0	4.0	3.0	14.989133	6.6	1	5.0	1.0	3.0	2.0	0.0	1.0	1.0	5.0	1.0	2.0	5.0	0	0.68	4.0	0	9.508508	10.885041	0.0	0
76.0	1.0		1	1.0	0.0	1.0	3.0	0.0	4.0	16.693098	3.9	1	5.0	1.0	4.0	1.0	3.0	1.0	1.0	5.0	3.0	2.0	4.0	0	0.62	5.0		10.089174	11.182837	0.0	0
76.0	1.0	0.0	1	1.0	1.0	0.0	1.0	0.0	4.0	16.693098	3.9	1	5.0	1.0	5.0	1.0	6.0	1.0	1.0	5.0	3.0	2.0	5.0	0	0.62	5.0		10.089174	11.182837	0.0	0
76.0	3.0		1	1.0	0.0	0.0	5.0	1.0	2.0	16.693098	3.9	1	5.0	1.0	5.0	1.0	6.0	4.0	1.0	5.0	3.0	2.0	3.0	0	0.62	5.0		10.089174	11.182837	0.0	0
76.0	1.0		1	1.0	0.0	0.0	1.0	1.0	3.0	16.693098	3.9	1	5.0	1.0	5.0	1.0	8.0	1.0	1.0	5.0	3.0	3.0	5.0	0	0.62	5.0		10.089174	11.182837	0.0	0
76.0	2.0		1	0.0	0.0	0.0	3.0	1.0	5.0	16.693098	3.9	1	5.0		5.0	1.0	8.0	1.0	1.0	5.0	3.0	3.0	5.0	0	0.62	4.0		10.089174	11.182837	0.0	0
76.0	2.0	0.0	1	0.0	1.0	1.0	3.0	2.0	2.0	16.693098	3.9	1	5.0	0.0	3.0	1.0	6.0	1.0	1.0	4.0	3.0	2.0	3.0	0	0.62	5.0		10.089174	11.182837	0.0	0
76.0	3.0	0.0	1	1.0	1.0	0.0	3.0	3.0	2.0	16.693098	3.9	1	5.0	1.0	5.0	1.0	5.0	1.0	1.0	5.0	3.0	2.0	5.0	0	0.62	4.0		10.089174	11.182837	0.0	0
76.0	2.0		1	0.0	0.0	1.0	1.0	0.0	4.0	16.693098	3.9	1	5.0	1.0	5.0	1.0	5.0	3.0	1.0	3.0	1.0	2.0	5.0	0	0.62	5.0		10.089174	11.182837	0.0	0
76.0	1.0		1	1.0	0.0	0.0	4.0	0.0	4.0	16.693098	3.9	1	5.0	1.0	5.0	1.0	10.0	1.0	2.0	5.0	1.0	2.0	3.0	0	0.62	4.0		10.089174	11.182837	0.0	0
76.0	3.0		1	0.0	0.0	0.0	3.0	2.0	3.0	16.693098	3.9	1	5.0	1.0	5.0	2.0	7.0	1.0	1.0	5.0	1.0	2.0	5.0	0	0.62	5.0		10.089174	11.182837	0.0	0
76.0	3.0		1	1.0	0.0	0.0	3.0	2.0	3.0	16.693098	3.9	1	5.0	1.0	5.0	2.0	6.0	1.0	1.0	5.0	1.0	2.0	5.0	0	0.62	5.0		10.089174	11.182837	0.0	0
76.0	1.0	0.0	1	0.0	1.0	1.0	4.0	3.0	3.0	16.693098	3.9	1	5.0	1.0	4.0	1.0	10.0	3.0	1.0	5.0	1.0	2.0	5.0	0	0.62	5.0		10.089174	11.182837	0.0	0
76.0	1.0	0.0	1	1.0	1.0	0.0	1.0	1.0	3.0	16.693098	3.9	1	5.0	1.0		5.0	7.0	1.0	1.0	5.0	1.0	2.0		0	0.62	5.0		10.089174	11.182837	0.0	0
76.0	2.0	0.0	1	0.0	1.0	0.0	3.0	4.0	3.0	16.693098	3.9	1	5.0	1.0	5.0	1.0	10.0	1.0	2.0	5.0	1.0	2.0	3.0	0	0.62	5.0		10.089174	11.182837	0.0	0
77.0	3.0		0	0.0	0.0	0.0	3.0	1.0	3.0	0.0	0.0	0	4.0	1.0	1.0	2.0	9.0	1.0	2.0	4.0	2.0	3.0	4.0	0	0.437	3.0	0	9.644392	8.519391	0.0	0
77.0	1.0		0	0.0	0.0	0.0	3.0	0.0	3.0	0.0	0.0	0	4.0	1.0	1.0	2.0	6.0	1.0	1.0	5.0	2.0	3.0	4.0	0	0.437	3.0	0	9.644392	8.519391	0.0	0
77.0	2.0		0	0.0	0.0	0.0	3.0	3.0	5.0	0.0	0.0	0	4.0	1.0	1.0	3.0	8.0	2.0	2.0	4.0	2.0	1.0	4.0	0	0.437	3.0	0	9.644392	8.519391	0.0	0
77.0	2.0	0.0	0	1.0	1.0	0.0	3.0	1.0	5.0	0.0	0.0	0	5.0	1.0	1.0	2.0	8.0	1.0	2.0	4.0	2.0	2.0	5.0	0	0.437	3.0	0	9.644392	8.519391	0.0	0
77.0	3.0		0	0.0	0.0	0.0	6.0	2.0	5.0	0.0	0.0	0	4.0	1.0	1.0	4.0	7.0	1.0	2.0	5.0	2.0	3.0	4.0	0	0.437	3.0	0	9.644392	8.519391	0.0	0
77.0	1.0	0.0	0	0.0	1.0	0.0	2.0	0.0	3.0	0.0	0.0	0	5.0	1.0	1.0	3.0	8.0	1.0	1.0	5.0	2.0	2.0	5.0	0	0.437	3.0	0	9.644392	8.519391	0.0	0
77.0	1.0	0.0	0	1.0	1.0	0.0	1.0	0.0	3.0	0.0	0.0	0	5.0	1.0	1.0	2.0	9.0	1.0	2.0	5.0	2.0	2.0	4.0	0	0.437	2.0	0	9.644392	8.519391	0.0	0
77.0	3.0		0	0.0	0.0	0.0	3.0	3.0	3.0	0.0	0.0	0	5.0	1.0	1.0	1.0	7.0	1.0	1.0	4.0	2.0	2.0	5.0	0	0.437	4.0	0	9.644392	8.519391	0.0	0
77.0	1.0		0		0.0	0.0	3.0	2.0	3.0	0.0	0.0	0	4.0	1.0	1.0	3.0	5.0	1.0	1.0	4.0	2.0	2.0	4.0	0	0.437	3.0	0	9.644392	8.519391	0.0	0
77.0	3.0	0.0	0	0.0	1.0	1.0	3.0	5.0	3.0	0.0	0.0	0	5.0	1.0	1.0	3.0	7.0	1.0	1.0	4.0	2.0	1.0	5.0	0	0.437	3.0	0	9.644392	8.519391	0.0	0
77.0	1.0		0		0.0	0.0	3.0	0.0	3.0	0.0	0.0	0	4.0	1.0	1.0	1.0	8.0	1.0	1.0	5.0	2.0	2.0	4.0	0	0.437	3.0	0	9.644392	8.519391	0.0	0
77.0	1.0	0.0	0	0.0	1.0	0.0	1.0	0.0	5.0	0.0	0.0	0	4.0	1.0	1.0	2.0	8.0	1.0	2.0	4.0	2.0	2.0	4.0	0	0.437	3.0	0	9.644392	8.519391	0.0	0
77.0	2.0	0.0	0	1.0	1.0	0.0	3.0	2.0	3.0	0.0	0.0	0	4.0	1.0	1.0	3.0	8.0	1.0	1.0	5.0	2.0	2.0	4.0	0	0.437	4.0	0	9.644392	8.519391	0.0	0
77.0	2.0	0.0	0	1.0	1.0	0.0	5.0	2.0	5.0	0.0	0.0	0	4.0	1.0	1.0	2.0	7.0	1.0	2.0	4.0	2.0	3.0	4.0	0	0.437	3.0	0	9.644392	8.519391	0.0	0
78.0	2.0		0	0.0	0.0	0.0	5.0	2.0	4.0	0.0	0.0	1	4.0	0.0	4.0	3.0	5.0	3.0	2.0	4.0	2.0	3.0	5.0	0	0.607	2.0	0	9.946437	9.427063	0.0	0
78.0	1.0		0	0.0	0.0	0.0	3.0	2.0	4.0	0.0	0.0	1	4.0	0.0	4.0	3.0	5.0	1.0	2.0	4.0	2.0	2.0	3.0	0	0.607	2.0	0	9.946437	9.427063	0.0	0
78.0	3.0		0	0.0	0.0	0.0	5.0	2.0	4.0	0.0	0.0	1	4.0	0.0	5.0	3.0	6.0	1.0	2.0	3.0	2.0	4.0	5.0	0	0.607	2.0	0	9.946437	9.427063	0.0	0
78.0	2.0	0.0	0	0.0	1.0	1.0	3.0	2.0	3.0	0.0	0.0	1	5.0	1.0	3.0	3.0	6.0	3.0	2.0	4.0	2.0	3.0	4.0	0	0.607	2.0	0	9.946437	9.427063	0.0	0
78.0	1.0	0.0	0	0.0	1.0	0.0	2.0	0.0	4.0	0.0	0.0	1	4.0	1.0	4.0	3.0	5.0	3.0	2.0	3.0	2.0	2.0	3.0	0	0.607	2.0	0	9.946437	9.427063	0.0	0
78.0	1.0	0.0	0	0.0	1.0	0.0	2.0	1.0	4.0	0.0	0.0	1	4.0	1.0	4.0	4.0	6.0	1.0	2.0	3.0	2.0	3.0	3.0	0	0.607	3.0	0	9.946437	9.427063	0.0	0
78.0	3.0		0	0.0	0.0	0.0	3.0	3.0	3.0	0.0	0.0	1	4.0	1.0	4.0	3.0	6.0	1.0	2.0	3.0	2.0	2.0	4.0	0	0.607	3.0	0	9.946437	9.427063	0.0	0
78.0	3.0	0.0	0	0.0	1.0	0.0	6.0	2.0	4.0	0.0	0.0	1	5.0	1.0	2.0	2.0	6.0	1.0	2.0	3.0	1.0	3.0	4.0	0	0.607	3.0	0	9.946437	9.427063	0.0	0
78.0	3.0		0	0.0	0.0	0.0	3.0	2.0	4.0	0.0	0.0	1	4.0	0.0	4.0	3.0	6.0	3.0	2.0	3.0	1.0	3.0	4.0	0	0.607	2.0	0	9.946437	9.427063	0.0	0
78.0	3.0	1.0	0	0.0	1.0	1.0	6.0	5.0	4.0	0.0	0.0	1	5.0	1.0	5.0	2.0	5.0	1.0	1.0	3.0	1.0	2.0	4.0	0	0.607	2.0	0	9.946437	9.427063	0.0	0
78.0	1.0	0.0	0	0.0	1.0	0.0	4.0	2.0	4.0	0.0	0.0	1	5.0	1.0	5.0	3.0	10.0	1.0	2.0	4.0	1.0	2.0	5.0	0	0.607	3.0	0	9.946437	9.427063	0.0	0
78.0	2.0		0	0.0	0.0	0.0	1.0	0.0	3.0	0.0	0.0	1	5.0	1.0	4.0	3.0	5.0	1.0	2.0	4.0	1.0	3.0	5.0	0	0.607	3.0	0	9.946437	9.427063	0.0	0
78.0	1.0		0	0.0	0.0	0.0	1.0	0.0	4.0	0.0	0.0	1	4.0	0.0	4.0	3.0	6.0	1.0	2.0	5.0	1.0	2.0	3.0	0	0.607	3.0	0	9.946437	9.427063	0.0	0
78.0	2.0	0.0	0	0.0	1.0	1.0	3.0	3.0	4.0	0.0	0.0	1	5.0	1.0	5.0	4.0	5.0	1.0	2.0	3.0	1.0	3.0	5.0	0	0.607	3.0	0	9.946437	9.427063	0.0	0
79.0	1.0	0.0	1	1.0	1.0	0.0	3.0	1.0	5.0	18.8201	2.9	1	5.0	0.0	3.0	2.0	8.0	2.0	2.0	4.0	1.0	2.0	5.0	0	0.632	4.0	15	9.72886	12.705134		0
79.0	1.0		1	0.0	0.0	0.0	3.0	0.0	3.0	18.8201	2.9	1	5.0	1.0	3.0	2.0	7.0	1.0	2.0	4.0	1.0	4.0	5.0	0	0.632	3.0	15	9.72886	12.705134		0
79.0	3.0	0.0	1	1.0	1.0	0.0	3.0	2.0	3.0	18.8201	2.9	1	5.0	1.0	5.0	3.0	5.0	1.0	1.0	2.0	1.0	2.0	5.0	0	0.632	2.0	15	9.72886	12.705134		0
79.0	2.0	0.0	1	0.0	1.0	1.0	6.0	0.0	5.0	18.8201	2.9	1	5.0	1.0	2.0	3.0	7.0	2.0	2.0	4.0	1.0	2.0	5.0	0	0.632	4.0	15	9.72886	12.705134		0
79.0	3.0		1	1.0	0.0	0.0	3.0	3.0	3.0	18.8201	2.9	1	4.0	1.0	5.0	4.0	5.0	1.0	2.0	4.0	1.0	3.0	5.0	0	0.632	3.0	15	9.72886	12.705134		0
79.0	2.0		1	1.0	0.0	0.0	3.0	2.0	5.0	18.8201	2.9	1	5.0	1.0	3.0	2.0	6.0	1.0	1.0	4.0	1.0	2.0	5.0	0	0.632	3.0	15	9.72886	12.705134		0
79.0	1.0		1	1.0	0.0	0.0	6.0	0.0	5.0	18.8201	2.9	1	5.0	0.0	3.0	2.0	7.0	1.0	2.0	5.0	1.0	3.0	5.0	0	0.632	3.0	15	9.72886	12.705134		0
79.0	1.0	0.0	1	1.0	1.0	0.0	3.0	1.0	5.0	18.8201	2.9	1	5.0	1.0	1.0	3.0	8.0	1.0	2.0	4.0	1.0	2.0	5.0	0	0.632	3.0	15	9.72886	12.705134		0
79.0	1.0		1	1.0	0.0	0.0	5.0	2.0	5.0	18.8201	2.9	1	5.0	0.0	2.0	2.0	6.0	1.0	2.0	5.0	1.0	2.0	5.0	0	0.632	3.0	15	9.72886	12.705134		0
79.0	1.0	0.0	1	1.0	1.0	0.0	3.0	1.0	5.0	18.8201	2.9	1	5.0	1.0	1.0	3.0	6.0	1.0	2.0	4.0	1.0	1.0	5.0	0	0.632	3.0	15	9.72886	12.705134		0
79.0	3.0	0.0	1	1.0	1.0	0.0	3.0	1.0	5.0	18.8201	2.9	1	5.0	1.0	1.0	3.0	8.0	1.0	2.0	4.0	1.0	2.0	5.0	0	0.632	3.0	15	9.72886	12.705134		0
79.0	3.0		1	1.0	0.0	0.0	6.0	1.0	5.0	18.8201	2.9	1	5.0	1.0	1.0	2.0	8.0	1.0	2.0	4.0	1.0	2.0	5.0	0	0.632	3.0	15	9.72886	12.705134		0
79.0	2.0	0.0	1	0.0	1.0	0.0	3.0	2.0	5.0	18.8201	2.9	1	5.0	1.0	2.0	4.0	8.0	1.0	1.0	4.0	1.0	2.0	5.0	0	0.632	4.0	15	9.72886	12.705134		0
79.0	2.0		1	1.0	0.0	0.0	3.0	1.0	5.0	18.8201	2.9	1	5.0	1.0	2.0	3.0	7.0	1.0	2.0	5.0	1.0	1.0	5.0	0	0.632	3.0	15	9.72886	12.705134		0
80.0	3.0		1	0.0	0.0	0.0	3.0	5.0	5.0	13.57862	2.9	1	5.0	1.0	2.0	2.0	10.0	1.0	2.0	5.0	1.0	3.0	4.0	0	0.637	1.0	19	10.716378	12.200266		0
80.0	1.0		1	1.0	0.0	0.0	3.0	1.0	4.0	13.57862	2.9	1	5.0	0.0	1.0	2.0	8.0	2.0	2.0	4.0	1.0	1.0	5.0	0	0.637	2.0	19	10.716378	12.200266		0
80.0	2.0	0.0	1	1.0	1.0	0.0	3.0	0.0	5.0	13.57862	2.9	1	5.0	1.0	1.0	4.0	10.0	1.0	1.0	5.0	1.0	3.0	4.0	0	0.637	2.0	19	10.716378	12.200266		0
80.0	2.0	0.0	1	1.0	1.0	1.0	3.0	1.0	5.0	13.57862	2.9	1	5.0	0.0	1.0	2.0	10.0	1.0	1.0	4.0	1.0	2.0	5.0	0	0.637	2.0	19	10.716378	12.200266		0
80.0	1.0	0.0	1	1.0	1.0	0.0	3.0	1.0	5.0	13.57862	2.9	1	5.0	1.0	1.0	2.0	6.0	1.0	2.0	4.0	1.0	2.0	5.0	0	0.637	3.0	19	10.716378	12.200266		0
80.0	3.0	0.0	1	1.0	1.0	0.0	3.0	5.0	5.0	13.57862	2.9	1	5.0	0.0	1.0	3.0	9.0	1.0	1.0	4.0	1.0	2.0	4.0	0	0.637	2.0	19	10.716378	12.200266		0
80.0	3.0		1	1.0	0.0	0.0	3.0	4.0	5.0	13.57862	2.9	1	3.0	1.0	1.0	2.0	8.0	1.0	2.0	4.0	1.0	3.0	5.0	0	0.637	2.0	19	10.716378	12.200266		0
80.0	1.0	0.0	1	0.0	1.0	1.0	2.0	0.0	5.0	13.57862	2.9	1	5.0	0.0	4.0	4.0	5.0	1.0	2.0	4.0	3.0	2.0	5.0	0	0.637	3.0	19	10.716378	12.200266		0
80.0	1.0	0.0	1	0.0	1.0	0.0	3.0	1.0	3.0	13.57862	2.9	1	5.0	0.0	4.0	1.0	7.0	1.0	1.0	5.0	3.0	2.0	5.0	0	0.637	2.0	19	10.716378	12.200266		0
80.0	3.0	0.0	1	1.0	1.0	0.0	6.0	1.0	5.0	13.57862	2.9	1	5.0	1.0	1.0	3.0	8.0	1.0	2.0	5.0	3.0	2.0	5.0	0	0.637	2.0	19	10.716378	12.200266		0
80.0	2.0		1	1.0	0.0	0.0	3.0	1.0	3.0	13.57862	2.9	1	5.0	1.0	1.0	4.0	8.0	1.0	1.0	5.0	3.0	3.0	5.0	0	0.637	2.0	19	10.716378	12.200266		0
80.0	3.0		1	1.0	0.0	0.0	5.0	0.0	5.0	13.57862	2.9	1	5.0	1.0	1.0	4.0	7.0	1.0	2.0	4.0	3.0	2.0	4.0	0	0.637	2.0	19	10.716378	12.200266		0
80.0	2.0	0.0	1	1.0	1.0	0.0	3.0	2.0	3.0	13.57862	2.9	1	5.0	1.0	1.0	4.0	8.0	1.0	1.0	4.0	3.0	1.0	4.0	0	0.637	2.0	19	10.716378	12.200266		0
80.0	3.0		1	1.0	0.0	0.0	3.0	0.0	3.0	13.57862	2.9	1	5.0	1.0	1.0	3.0	9.0	1.0	1.0	5.0	3.0	2.0	5.0	0	0.637	3.0	19	10.716378	12.200266		0
81.0	2.0	0.0	1	0.0	1.0	0.0	4.0	0.0	4.0	14.167021	4.8	1	4.0	0.0	4.0	4.0	7.0	1.0	2.0	4.0	2.0	2.0	2.0	0	0.693	2.0	13	10.662825	11.695222	0.0	0
81.0	1.0	0.0	1	0.0	1.0	1.0	2.0	0.0	4.0	14.167021	4.8	1	4.0	0.0	4.0	4.0	6.0	3.0	2.0	5.0	2.0	3.0	4.0	0	0.693	2.0	13	10.662825	11.695222	0.0	0
81.0	1.0	0.0	1	0.0	1.0	0.0	3.0	2.0	3.0	14.167021	4.8	1	4.0	0.0	3.0	3.0	0.0	1.0	2.0	3.0	2.0	2.0	3.0	0	0.693	2.0	13	10.662825	11.695222	0.0	0
81.0	1.0	0.0	1	0.0	1.0	1.0	4.0	2.0	3.0	14.167021	4.8	1	4.0	1.0	2.0	3.0	6.0	2.0	2.0	4.0	2.0	2.0	3.0	0	0.693	2.0	13	10.662825	11.695222	0.0	0
81.0	3.0		1	0.0	0.0	0.0	3.0	2.0	4.0	14.167021	4.8	1	4.0	0.0	3.0	3.0	7.0	3.0	2.0	3.0	2.0	2.0	3.0	0	0.693	2.0	13	10.662825	11.695222	0.0	0
81.0	3.0		1	0.0	0.0	1.0	3.0	5.0	3.0	14.167021	4.8	1	4.0	1.0	4.0	3.0	7.0	1.0	2.0	4.0	2.0	3.0	5.0	0	0.693	2.0	13	10.662825	11.695222	0.0	0
81.0	2.0		1	0.0	0.0	0.0	3.0	4.0	4.0	14.167021	4.8	1	4.0	0.0	4.0	5.0	6.0	1.0	2.0	3.0	2.0	2.0	3.0	0	0.693	2.0	13	10.662825	11.695222	0.0	0
81.0	3.0	0.0	1	0.0	1.0	0.0	1.0	1.0	4.0	14.167021	4.8	1	4.0	0.0	4.0	5.0	6.0	1.0	1.0	2.0	0.0	3.0	5.0	0	0.693	2.0	13	10.662825	11.695222	0.0	0
81.0	1.0	0.0	1	1.0	1.0	0.0	3.0	4.0	3.0	14.167021	4.8	1	4.0	1.0	3.0	4.0	6.0	3.0	2.0	4.0	1.0	1.0	4.0	0	0.693	2.0	13	10.662825	11.695222	0.0	0
81.0	2.0	1.0	1	0.0	1.0	0.0	3.0	2.0	4.0	14.167021	4.8	1	4.0	0.0	3.0	3.0	6.0	1.0	2.0	4.0	1.0	2.0	4.0	0	0.693	2.0	13	10.662825	11.695222	0.0	0
81.0	2.0	1.0	1	0.0	1.0	0.0	4.0	2.0	3.0	14.167021	4.8	1	4.0	0.0	2.0	3.0	6.0	1.0	2.0	4.0	1.0	2.0	4.0	0	0.693	2.0	13	10.662825	11.695222	0.0	0
81.0	1.0		1	0.0	0.0	0.0	4.0	0.0	4.0	14.167021	4.8	1	4.0	0.0	4.0	3.0	7.0	1.0	2.0	4.0	1.0	2.0	3.0	0	0.693	2.0	13	10.662825	11.695222	0.0	0
81.0	1.0		1	0.0	0.0	1.0	3.0	2.0	4.0	14.167021	4.8	1	4.0	0.0	5.0	5.0	6.0	1.0	2.0	4.0	1.0	2.0	4.0	0	0.693	2.0	13	10.662825	11.695222	0.0	0
81.0	2.0		1	0.0	0.0	0.0	3.0	7.0	4.0	14.167021	4.8	1	4.0	0.0	5.0	4.0	4.0	1.0	2.0	4.0	0.0	2.0	5.0	0	0.693	2.0	13	10.662825	11.695222	0.0	0
82.0	1.0	0.0	1	1.0	1.0	0.0	4.0	3.0	5.0	22.597551	4.1	1	5.0	0.0	2.0	3.0	9.0	3.0	1.0	5.0	1.0	2.0	4.0	0	0.724	2.0	27	9.955661	13.599091	0.0	1
82.0	3.0	1.0	1	0.0	1.0	0.0	5.0	4.0	5.0	22.597551	4.1	1	5.0	0.0	5.0	2.0	7.0	1.0	1.0	4.0	1.0	3.0	4.0	0	0.724	3.0	27	9.955661	13.599091	0.0	1
82.0	3.0	0.0	1	0.0	1.0	0.0	3.0	6.0	5.0	22.597551	4.1	1	5.0	1.0	4.0	4.0	7.0	3.0	2.0	4.0	1.0	2.0	5.0	0	0.724	2.0	27	9.955661	13.599091	0.0	1
82.0	2.0		1	0.0	0.0	1.0	1.0	2.0	4.0	22.597551	4.1	1	4.0	0.0	3.0	4.0	10.0	3.0	1.0	4.0	1.0	2.0	2.0	0	0.724	2.0	27	9.955661	13.599091	0.0	1
82.0	2.0		1	0.0	0.0	0.0	2.0	0.0	3.0	22.597551	4.1	1	5.0	0.0	4.0	5.0	10.0	3.0	2.0	5.0	1.0	3.0	3.0	0	0.724	3.0	27	9.955661	13.599091	0.0	1
82.0	1.0		1	0.0	0.0	1.0	1.0	0.0	4.0	22.597551	4.1	1	1.0	0.0		5.0	9.0	3.0	2.0	5.0	1.0	1.0	5.0	0	0.724	2.0	27	9.955661	13.599091	0.0	1
82.0	3.0		1	1.0	0.0	1.0	3.0	2.0	3.0	22.597551	4.1	1	5.0	0.0	2.0	3.0	2.0	1.0	1.0	4.0	2.0	1.0	5.0	0	0.724	5.0	27	9.955661	13.599091	0.0	1
82.0	1.0	0.0	1	0.0	1.0	0.0	2.0	3.0	2.0	22.597551	4.1	1	5.0	0.0	4.0	1.0	1.0	3.0	1.0	4.0	2.0	1.0	5.0	0	0.724	5.0	27	9.955661	13.599091	0.0	1
82.0	1.0		1	1.0	0.0	1.0	3.0	2.0	3.0	22.597551	4.1	1	5.0	0.0	5.0	2.0	6.0	1.0	1.0	5.0	2.0	3.0	5.0	0	0.724	3.0	27	9.955661	13.599091	0.0	1
82.0	1.0	0.0	1	1.0	1.0	1.0	3.0	1.0	3.0	22.597551	4.1	1	5.0	1.0	1.0	3.0	10.0	3.0	1.0	2.0	2.0	2.0	5.0	0	0.724	4.0	27	9.955661	13.599091	0.0	1
82.0	2.0	0.0	1	0.0	1.0	0.0	1.0	0.0	5.0	22.597551	4.1	1	5.0	0.0	1.0	1.0	2.0	3.0	2.0	5.0	2.0	1.0	5.0	0	0.724	3.0	27	9.955661	13.599091	0.0	1
82.0	2.0		1	0.0	0.0	1.0	3.0	4.0	4.0	22.597551	4.1	1	5.0	1.0	4.0	1.0	8.0	3.0	1.0	5.0	2.0	2.0	5.0	0	0.724	5.0	27	9.955661	13.599091	0.0	1
82.0	2.0		1	1.0	0.0	1.0	3.0	0.0	4.0	22.597551	4.1	1	4.0	1.0	4.0	2.0	9.0	1.0	2.0	5.0	2.0	2.0	4.0	0	0.724	4.0	27	9.955661	13.599091	0.0	1
83.0	3.0		1	0.0	0.0	0.0	3.0	3.0	4.0	55.40698	6.7	1	5.0	0.0	1.0	2.0	3.0	3.0	1.0	4.0	3.0	2.0	5.0	0	0.739	3.0	28	10.025313	14.103518		0
83.0	2.0	0.0	1	0.0	1.0	1.0	3.0	2.0	4.0	55.40698	6.7	1	5.0	0.0	1.0	1.0	9.0	1.0	1.0	4.0	3.0	2.0	5.0	0	0.739	3.0	28	10.025313	14.103518		0
83.0	1.0		1	0.0	0.0	0.0	1.0	0.0	3.0	55.40698	6.7	1	5.0	0.0	2.0	2.0	6.0	1.0	1.0	4.0	3.0	2.0	5.0	0	0.739	4.0	28	10.025313	14.103518		0
83.0	1.0	0.0	1	0.0	1.0	0.0	3.0	2.0	3.0	55.40698	6.7	1	5.0	0.0	2.0	3.0	0.0	1.0	1.0	4.0	3.0	2.0	4.0	0	0.739	3.0	28	10.025313	14.103518		0
83.0	2.0		1	0.0	0.0	1.0	5.0	0.0	3.0	55.40698	6.7	1	5.0	0.0	1.0	2.0	6.0	1.0	1.0	4.0	3.0	2.0	5.0	0	0.739	3.0	28	10.025313	14.103518		0
83.0	3.0	0.0	1	0.0	1.0	0.0	3.0	2.0	4.0	55.40698	6.7	1	5.0	0.0	1.0	1.0	8.0	3.0	1.0	4.0	3.0	2.0	5.0	0	0.739	3.0	28	10.025313	14.103518		0
83.0	3.0	0.0	1	0.0	1.0	1.0	3.0	3.0	5.0	55.40698	6.7	1	5.0	0.0	2.0	3.0	5.0	1.0	2.0	2.0	2.0	2.0	5.0	0	0.739	3.0	28	10.025313	14.103518		0
83.0	1.0		1	0.0	0.0	1.0	3.0	1.0	4.0	55.40698	6.7	1	5.0	0.0	3.0	2.0	0.0	3.0	1.0	3.0	2.0	2.0	5.0	0	0.739	3.0	28	10.025313	14.103518		0
83.0	1.0	0.0	1	1.0	1.0	0.0	2.0	1.0	4.0	55.40698	6.7	1	5.0	0.0	1.0	3.0	5.0	1.0	2.0	5.0	2.0	2.0	5.0	0	0.739	3.0	28	10.025313	14.103518		0
83.0	1.0	0.0	1	0.0	1.0	0.0	4.0	2.0	4.0	55.40698	6.7	1	5.0	0.0	3.0	2.0	3.0	3.0	2.0	4.0	2.0	2.0	5.0	0	0.739	4.0	28	10.025313	14.103518		0
83.0	2.0		1	0.0	0.0	1.0	3.0	2.0	4.0	55.40698	6.7	1	5.0	0.0	2.0	2.0	8.0	3.0	1.0	4.0	2.0	2.0	5.0	0	0.739	3.0	28	10.025313	14.103518		0
83.0	2.0		1	0.0	0.0	1.0	3.0	2.0	4.0	55.40698	6.7	1	5.0	0.0	2.0	3.0	5.0	1.0	1.0	4.0	2.0	2.0	5.0	0	0.739	3.0	28	10.025313	14.103518		0
83.0	3.0	1.0	1	1.0	1.0	1.0	5.0	3.0	4.0	55.40698	6.7	1	5.0	0.0	2.0	3.0	5.0	1.0	2.0	3.0	2.0	2.0	4.0	0	0.739	3.0	28	10.025313	14.103518		0
83.0	3.0		1	1.0	0.0	0.0	4.0	0.0	4.0	55.40698	6.7	1	5.0	0.0	3.0	2.0	9.0	1.0	2.0	4.0	1.0	2.0	5.0	0	0.739	3.0	28	10.025313	14.103518		0
83.0	1.0		1	0.0	0.0	1.0	1.0	0.0	5.0	55.40698	6.7	1	4.0	1.0	5.0	2.0	10.0	1.0	2.0	3.0	1.0	3.0	5.0	0	0.739	3.0	28	10.025313	14.103518		0
83.0	1.0		1	1.0	0.0	0.0	3.0	1.0	4.0	55.40698	6.7	1	4.0	0.0	2.0	3.0	5.0	3.0	2.0	5.0	1.0	2.0	5.0	0	0.739	3.0	28	10.025313	14.103518		0
83.0	2.0	0.0	1	1.0	1.0	1.0	4.0	3.0	4.0	55.40698	6.7	1	5.0	0.0	3.0	3.0	4.0	3.0	1.0	3.0	1.0	2.0	5.0	0	0.739	4.0	28	10.025313	14.103518		0
83.0	1.0		1	0.0	0.0	0.0	4.0	2.0	4.0	55.40698	6.7	1	4.0	0.0	3.0	2.0	9.0	3.0	2.0	4.0	1.0	2.0	5.0	0	0.739	4.0	28	10.025313	14.103518		0
83.0	2.0	0.0	1	0.0	1.0	1.0	5.0	2.0	5.0	55.40698	6.7	1	5.0	0.0	2.0	2.0	5.0	3.0	2.0	4.0	1.0	1.0	5.0	0	0.739	4.0	28	10.025313	14.103518		0
83.0	2.0	0.0	1	1.0	1.0	1.0	6.0	2.0	4.0	55.40698	6.7	1	5.0	0.0	1.0	2.0	8.0	3.0	2.0	4.0	1.0	2.0	5.0	0	0.739	3.0	28	10.025313	14.103518		0
84.0	1.0	0.0	1	1.0	1.0	0.0	2.0	1.0	3.0	38.927223	5.5	1	5.0	1.0	3.0	1.0	3.0	3.0	1.0	5.0	3.0	3.0	5.0	0	0.742	3.0	26	11.07679	14.789516	6.0	9
84.0	3.0		1	1.0	0.0	0.0	3.0	0.0	3.0	38.927223	5.5	1	3.0	0.0	4.0	5.0	8.0	3.0	1.0	3.0	3.0	2.0	4.0	0	0.742	2.0	26	11.07679	14.789516	6.0	9
84.0	2.0		1	1.0	0.0	1.0	5.0	3.0	4.0	38.927223	5.5	1	5.0	0.0	5.0	1.0	4.0	3.0	1.0	5.0	3.0	3.0	5.0	0	0.742	3.0	26	11.07679	14.789516	6.0	9
84.0	1.0	0.0	1	0.0	1.0	1.0	2.0	1.0	4.0	38.927223	5.5	1	5.0	0.0	1.0	1.0	8.0	2.0	2.0	5.0	3.0	1.0	5.0	0	0.742	2.0	26	11.07679	14.789516	6.0	9
84.0	2.0	0.0	1	0.0	1.0	0.0	2.0	0.0	3.0	38.927223	5.5	1	5.0	1.0	5.0	4.0	8.0	3.0	1.0	5.0	3.0	3.0	5.0	0	0.742	4.0	26	11.07679	14.789516	6.0	9
84.0	1.0		1	1.0	0.0	0.0	1.0	1.0	3.0	38.927223	5.5	1	5.0	1.0	3.0	1.0	3.0	1.0	1.0	5.0	3.0	3.0	5.0	0	0.742	3.0	26	11.07679	14.789516	6.0	9
84.0	3.0		1	1.0	0.0	0.0	3.0	3.0	4.0	38.927223	5.5	1	5.0	1.0	3.0	3.0	7.0	3.0	1.0	3.0	3.0	3.0	4.0	0	0.742	4.0	26	11.07679	14.789516	6.0	9
84.0	2.0	0.0	1	1.0	1.0	1.0	1.0	3.0	4.0	38.927223	5.5	1	5.0	1.0	3.0	1.0	8.0	1.0	2.0	5.0	1.0	2.0	5.0	0	0.742	5.0	26	11.07679	14.789516	6.0	9
84.0	1.0		1	1.0	0.0	1.0	3.0	1.0	4.0	38.927223	5.5	1	4.0	0.0	4.0	2.0	5.0	3.0	2.0	3.0	1.0	2.0	5.0	0	0.742	4.0	26	11.07679	14.789516	6.0	9
84.0	1.0	1.0	1	0.0	1.0	1.0	2.0	2.0	5.0	38.927223	5.5	1	1.0	1.0	5.0	1.0	10.0	3.0	2.0	5.0	1.0	2.0	5.0	0	0.742	4.0	26	11.07679	14.789516	6.0	9
84.0	2.0		1	1.0	0.0	0.0	3.0	1.0	4.0	38.927223	5.5	1	4.0	0.0	4.0	2.0	6.0	1.0	1.0	5.0	1.0	2.0	5.0	0	0.742	3.0	26	11.07679	14.789516	6.0	9
84.0	3.0	0.0	1	1.0	1.0	1.0	3.0	2.0	4.0	38.927223	5.5	1	5.0	1.0	5.0	1.0	9.0	3.0	2.0	3.0	1.0	2.0	5.0	0	0.742	2.0	26	11.07679	14.789516	6.0	9
84.0	3.0		1	1.0	0.0	1.0	5.0	4.0	4.0	38.927223	5.5	1	3.0	1.0	4.0	2.0	8.0	1.0	2.0	3.0	1.0	2.0	5.0	0	0.742	4.0	26	11.07679	14.789516	6.0	9
84.0	3.0		1		0.0	1.0	3.0	2.0	2.0	38.927223	5.5	1	5.0	0.0	1.0	1.0	6.0	3.0	1.0	5.0	3.0	2.0	5.0	0	0.742	5.0	26	11.07679	14.789516	6.0	9
84.0	2.0		1	1.0	0.0	1.0	2.0	0.0	4.0	38.927223	5.5	1	2.0	1.0	3.0	1.0	5.0	1.0	2.0	3.0	3.0	2.0	5.0	0	0.742	5.0	26	11.07679	14.789516	6.0	9
84.0	1.0		1	1.0	0.0	0.0	4.0	1.0	4.0	38.927223	5.5	1	3.0	0.0	5.0	1.0	9.0	1.0	2.0	5.0	3.0	2.0	5.0	0	0.742	2.0	26	11.07679	14.789516	6.0	9
84.0	2.0	1.0	1	1.0	1.0	1.0	4.0	0.0	3.0	38.927223	5.5	1	1.0	1.0	5.0	3.0	9.0	3.0	1.0	5.0	3.0	3.0	5.0	0	0.742	2.0	26	11.07679	14.789516	6.0	9
84.0	1.0	0.0	1	1.0	1.0	1.0	2.0	0.0	2.0	38.927223	5.5	1	2.0	0.0	2.0	1.0	0.0	1.0	1.0	4.0	3.0	1.0	5.0	0	0.742	2.0	26	11.07679	14.789516	6.0	9
84.0	3.0	0.0	1	1.0	1.0	1.0	3.0	1.0	3.0	38.927223	5.5	1	3.0	1.0	3.0	3.0	8.0	3.0	1.0	4.0	3.0	2.0	5.0	0	0.742	4.0	26	11.07679	14.789516	6.0	9
84.0	3.0	0.0	1	1.0	1.0	0.0	5.0	1.0	3.0	38.927223	5.5	1	5.0	1.0	4.0	3.0	6.0	3.0	1.0	5.0	3.0	2.0	5.0	0	0.742	5.0	26	11.07679	14.789516	6.0	9
84.0	3.0	0.0	1	0.0	1.0	0.0	3.0	3.0	3.0	38.927223	5.5	1	3.0	1.0	2.0	3.0	7.0	1.0	1.0	2.0	2.0	3.0	3.0	0	0.742	2.0	26	11.07679	14.789516	6.0	9
84.0	3.0		1	0.0	0.0	1.0	3.0	1.0	4.0	38.927223	5.5	1	5.0	1.0	3.0	3.0	9.0	3.0	2.0	2.0	1.0	3.0	3.0	0	0.742	2.0	26	11.07679	14.789516	6.0	9
84.0	2.0		1	1.0	0.0	1.0	3.0	3.0	4.0	38.927223	5.5	1	2.0	1.0	3.0	2.0	10.0	3.0	2.0	4.0	1.0	3.0	5.0	0	0.742	3.0	26	11.07679	14.789516	6.0	9
84.0	3.0	0.0	1	0.0	1.0	0.0	3.0	3.0	4.0	38.927223	5.5	1	5.0	1.0	3.0	3.0	7.0	3.0	2.0	2.0	1.0	3.0	3.0	0	0.742	3.0	26	11.07679	14.789516	6.0	9
84.0	2.0	1.0	1	0.0	1.0	0.0	3.0	2.0	3.0	38.927223	5.5	1	5.0	1.0	5.0	1.0	8.0	1.0	2.0	5.0	2.0		5.0	0	0.742	2.0	26	11.07679	14.789516	6.0	9
84.0	1.0		1	0.0	0.0	0.0	2.0	3.0	4.0	38.927223	5.5	1	5.0	0.0	2.0	1.0	7.0	3.0	2.0	3.0	2.0	2.0	3.0	0	0.742	1.0	26	11.07679	14.789516	6.0	9
84.0	1.0		1	1.0	0.0	0.0	1.0	0.0	4.0	38.927223	5.5	1	1.0	1.0	5.0	3.0	8.0	3.0	2.0	5.0	2.0	2.0	5.0	0	0.742	5.0	26	11.07679	14.789516	6.0	9
84.0	1.0	0.0	1	1.0	1.0	1.0	4.0	2.0	3.0	38.927223	5.5	1	5.0	0.0	5.0	1.0	0.0	3.0	2.0	3.0	2.0	1.0	5.0	0	0.742	5.0	26	11.07679	14.789516	6.0	9
84.0	1.0		1	1.0	0.0	0.0	4.0	1.0	5.0	38.927223	5.5	1	3.0	0.0	5.0	3.0	5.0	3.0	2.0	3.0	2.0	3.0	4.0	0	0.742	2.0	26	11.07679	14.789516	6.0	9
84.0	2.0	1.0	1	1.0	1.0	1.0	5.0	2.0	5.0	38.927223	5.5	1	5.0	1.0	3.0	1.0	9.0	3.0	2.0	5.0	2.0	2.0	5.0	0	0.742	4.0	26	11.07679	14.789516	6.0	9
84.0	2.0	1.0	1	1.0	1.0	1.0	5.0	2.0	3.0	38.927223	5.5	1	5.0	1.0	5.0	1.0	10.0	3.0	2.0	5.0	2.0	3.0	5.0	0	0.742	5.0	26	11.07679	14.789516	6.0	9
84.0	2.0		1		0.0	0.0	3.0	6.0	5.0	38.927223	5.5	1	2.0	0.0	4.0	3.0	10.0	3.0	1.0	2.0	2.0	2.0	5.0	0	0.742	3.0	26	11.07679	14.789516	6.0	9
84.0	3.0	0.0	1	1.0	1.0	1.0	6.0	4.0	5.0	38.927223	5.5	1	1.0	1.0	1.0	3.0	0.0	1.0	2.0	5.0	2.0	1.0	5.0	0	0.742	3.0	26	11.07679	14.789516	6.0	9
84.0	1.0	0.0	1	1.0	1.0	0.0	3.0	1.0	2.0	38.927223	5.5	1	3.0	0.0	5.0	3.0	8.0	3.0	1.0	5.0	3.0	3.0	5.0	0	0.742	4.0	26	11.07679	14.789516	6.0	9
84.0	1.0		1	1.0	0.0	0.0	3.0	0.0	3.0	38.927223	5.5	1	5.0	1.0	1.0	3.0	8.0	3.0	1.0	4.0	3.0	2.0	5.0	0	0.742	4.0	26	11.07679	14.789516	6.0	9
84.0	2.0	0.0	1	1.0	1.0	0.0	3.0	2.0	2.0	38.927223	5.5	1	4.0	1.0	5.0	1.0	8.0	3.0	1.0	5.0	3.0	2.0	5.0	0	0.742	5.0	26	11.07679	14.789516	6.0	9
84.0	3.0		1	1.0	0.0	0.0	3.0	2.0	1.0	38.927223	5.5	1	3.0	1.0	5.0	1.0	8.0	1.0	1.0	3.0	3.0	3.0	5.0	0	0.742	4.0	26	11.07679	14.789516	6.0	9
84.0	1.0		1	1.0	0.0	1.0	2.0	0.0	2.0	38.927223	5.5	1	5.0	1.0	5.0	1.0	9.0	3.0	1.0	5.0	3.0	2.0	5.0	0	0.742	5.0	26	11.07679	14.789516	6.0	9
84.0	3.0		1	1.0	0.0	1.0	3.0	2.0	2.0	38.927223	5.5	1	5.0	1.0	1.0	1.0	5.0	3.0	1.0	4.0	3.0	2.0	4.0	0	0.742	5.0	26	11.07679	14.789516	6.0	9
84.0	2.0	1.0	1	1.0	1.0	1.0	3.0	0.0	1.0	38.927223	5.5	1	5.0	0.0	5.0	1.0	5.0	1.0	1.0	5.0	3.0	2.0	5.0	0	0.742	5.0	26	11.07679	14.789516	6.0	9
84.0	2.0		1	0.0	0.0	0.0	6.0	5.0	4.0	38.927223	5.5	1	5.0	1.0	5.0	1.0	8.0	3.0	2.0	5.0	1.0	3.0	5.0	0	0.742	4.0	26	11.07679	14.789516	6.0	9
84.0	3.0		1	1.0	0.0	0.0	3.0	2.0	5.0	38.927223	5.5	1	5.0	1.0	5.0	1.0	6.0	3.0	2.0	5.0	1.0	3.0	1.0	0	0.742	4.0	26	11.07679	14.789516	6.0	9
84.0	1.0	0.0	1	1.0	1.0	1.0	4.0	0.0	4.0	38.927223	5.5	1	5.0	1.0	1.0	1.0	7.0	3.0	2.0	5.0	1.0	4.0	5.0	0	0.742	5.0	26	11.07679	14.789516	6.0	9
84.0	3.0	0.0	1	0.0	1.0	0.0	3.0	2.0	3.0	38.927223	5.5	1	5.0	1.0	2.0	5.0	8.0	3.0	1.0	5.0	1.0		4.0	0	0.742	3.0	26	11.07679	14.789516	6.0	9
84.0	1.0	0.0	1	1.0	1.0	1.0	4.0	3.0	5.0	38.927223	5.5	1	5.0	0.0	1.0	3.0	10.0	3.0	2.0	3.0	1.0	3.0	1.0	0	0.742	4.0	26	11.07679	14.789516	6.0	9
84.0	2.0	0.0	1	1.0	1.0	0.0	3.0	4.0	5.0	38.927223	5.5	1	5.0	1.0	5.0	4.0	7.0	3.0	2.0	2.0	1.0	4.0	5.0	0	0.742	5.0	26	11.07679	14.789516	6.0	9
84.0	1.0		1	0.0	0.0	0.0	2.0	0.0	5.0	38.927223	5.5	1	5.0	1.0	1.0	4.0	7.0	1.0	2.0	4.0	1.0	3.0	5.0	0	0.742	5.0	26	11.07679	14.789516	6.0	9
85.0	1.0		1	0.0	0.0	1.0	4.0	2.0	5.0	44.002716	6.0	1	1.0	1.0	1.0	5.0	8.0	3.0	2.0	5.0	1.0	2.0	5.0	0	0.726	4.0	27	10.072843	13.238063	0.0	1
85.0	2.0		1	0.0	0.0	0.0	3.0	1.0	5.0	44.002716	6.0	1	5.0	1.0	5.0	4.0	8.0	3.0	1.0	5.0	1.0	3.0	5.0	0	0.726	4.0	27	10.072843	13.238063	0.0	1
85.0	2.0	1.0	1	1.0	1.0	1.0	1.0	4.0	5.0	44.002716	6.0	1	5.0	1.0	1.0	5.0	0.0	3.0	2.0	5.0	1.0	2.0	5.0	0	0.726	4.0	27	10.072843	13.238063	0.0	1
85.0	3.0	0.0	1	0.0	1.0	0.0	6.0	10.0	5.0	44.002716	6.0	1	5.0		1.0	1.0	10.0	1.0	2.0	5.0	1.0	2.0	5.0	0	0.726	2.0	27	10.072843	13.238063	0.0	1
85.0	3.0	0.0	1	0.0	1.0	0.0	6.0	4.0	5.0	44.002716	6.0	1	5.0	1.0	5.0	1.0	10.0	1.0	2.0	5.0	1.0	2.0	5.0	0	0.726	4.0	27	10.072843	13.238063	0.0	1
85.0	1.0		1	0.0	0.0	1.0	1.0	0.0	5.0	44.002716	6.0	1	5.0	1.0	5.0	5.0	6.0	3.0	2.0	5.0	1.0	3.0	5.0	0	0.726	2.0	27	10.072843	13.238063	0.0	1
85.0	1.0	0.0	1	0.0	1.0	1.0	1.0	1.0	5.0	44.002716	6.0	1	5.0	1.0	2.0	1.0	10.0	3.0	1.0	5.0	1.0	3.0	5.0	0	0.726	4.0	27	10.072843	13.238063	0.0	1
85.0	1.0	0.0	1	0.0	1.0	0.0	3.0	1.0	4.0	44.002716	6.0	1	5.0	1.0	1.0	1.0	7.0	2.0	1.0	5.0	2.0	1.0	5.0	0	0.726	4.0	27	10.072843	13.238063	0.0	1
85.0	1.0	0.0	1	0.0	1.0	1.0	3.0	2.0	4.0	44.002716	6.0	1	5.0	1.0	1.0	1.0	7.0	1.0	1.0	5.0	2.0	1.0	5.0	0	0.726	2.0	27	10.072843	13.238063	0.0	1
85.0	2.0		1	0.0	0.0	1.0	3.0	3.0	4.0	44.002716	6.0	1	5.0	1.0	1.0	5.0	8.0	1.0	2.0	5.0	2.0	3.0	5.0	0	0.726	3.0	27	10.072843	13.238063	0.0	1
85.0	2.0		1	0.0	0.0	1.0	2.0	0.0	5.0	44.002716	6.0	1	5.0	1.0	1.0	1.0	5.0	1.0	2.0	5.0	2.0	4.0	5.0	0	0.726	2.0	27	10.072843	13.238063	0.0	1
85.0	3.0	0.0	1	0.0	1.0	1.0	6.0	4.0	3.0	44.002716	6.0	1	5.0	1.0	1.0	2.0	10.0	1.0	1.0	5.0	2.0	2.0	5.0	0	0.726	2.0	27	10.072843	13.238063	0.0	1
85.0	3.0		1	0.0	0.0	0.0	5.0	2.0	3.0	44.002716	6.0	1	5.0	1.0	1.0	5.0	8.0	1.0	2.0	5.0	3.0	1.0	5.0	0	0.726	5.0	27	10.072843	13.238063	0.0	1
85.0	1.0	0.0	1	0.0	1.0	0.0	3.0	0.0	3.0	44.002716	6.0	1	5.0	1.0	1.0	1.0	10.0	1.0	1.0	5.0	3.0	1.0	5.0	0	0.726	5.0	27	10.072843	13.238063	0.0	1
86.0	1.0		1	0.0	0.0	0.0	4.0	2.0	5.0	61.578262	6.2	1	5.0	1.0	5.0	1.0	10.0	2.0	1.0	5.0	1.0	2.0	5.0	1	0.661	5.0	8	9.665142	12.461521	0.0	0
86.0	2.0		1	0.0	0.0	0.0	3.0	2.0	5.0	61.578262	6.2	1	5.0	1.0	5.0	5.0	8.0	3.0	2.0	5.0	1.0	2.0	5.0	1	0.661	4.0	8	9.665142	12.461521	0.0	0
86.0	2.0	0.0	1	1.0	1.0	1.0	3.0	3.0	5.0	61.578262	6.2	1	5.0	0.0	5.0	5.0	5.0	1.0	2.0	5.0	1.0	3.0	5.0	1	0.661	4.0	8	9.665142	12.461521	0.0	0
86.0	3.0	0.0	1	0.0	1.0	1.0	3.0	2.0	5.0	61.578262	6.2	1	5.0	1.0	2.0	5.0	9.0	1.0	1.0	5.0	1.0	3.0	5.0	1	0.661	5.0	8	9.665142	12.461521	0.0	0
86.0	1.0	0.0	1	0.0	1.0	1.0	1.0	3.0	5.0	61.578262	6.2	1	5.0	1.0	1.0	1.0	8.0	3.0	2.0	5.0	1.0	3.0	5.0	1	0.661	5.0	8	9.665142	12.461521	0.0	0
86.0	1.0	0.0	1	0.0	1.0	1.0	3.0	1.0	5.0	61.578262	6.2	1	5.0	1.0	1.0	2.0	10.0	1.0	2.0	5.0	1.0	3.0	5.0	1	0.661	5.0	8	9.665142	12.461521	0.0	0
86.0	3.0		1	0.0	0.0	0.0	5.0	2.0	5.0	61.578262	6.2	1	5.0	1.0	5.0	5.0	10.0	3.0	1.0	5.0	1.0	2.0	5.0	1	0.661	4.0	8	9.665142	12.461521	0.0	0
86.0	2.0	0.0	1	0.0	1.0	1.0	5.0	3.0	4.0	61.578262	6.2	1	5.0	1.0	1.0	5.0	9.0	1.0	1.0	5.0	2.0	2.0	5.0	1	0.661	4.0	8	9.665142	12.461521	0.0	0
86.0	2.0	0.0	1	0.0	1.0	0.0	6.0	2.0	4.0	61.578262	6.2	1	5.0	1.0	5.0	5.0	9.0	2.0	1.0	5.0	2.0	3.0	2.0	1	0.661	4.0	8	9.665142	12.461521	0.0	0
86.0	1.0		1	0.0	0.0	1.0	4.0	1.0	4.0	61.578262	6.2	1	5.0	1.0	5.0	5.0	8.0	3.0	2.0	5.0	2.0	3.0	5.0	1	0.661	5.0	8	9.665142	12.461521	0.0	0
86.0	1.0	0.0	1	0.0	1.0	1.0	3.0	2.0	5.0	61.578262	6.2	1	5.0	1.0	5.0	2.0	8.0	3.0	1.0	5.0	2.0	2.0	5.0	1	0.661	5.0	8	9.665142	12.461521	0.0	0
86.0	1.0		1	0.0	0.0	0.0	4.0	1.0	4.0	61.578262	6.2	1	5.0	1.0	5.0	5.0	9.0	3.0	1.0	5.0	2.0	2.0	5.0	1	0.661	4.0	8	9.665142	12.461521	0.0	0
86.0	3.0		1	0.0	0.0	0.0	3.0	3.0	4.0	61.578262	6.2	1	5.0	1.0	5.0	5.0	9.0	2.0	2.0	5.0	2.0	2.0	5.0	1	0.661	5.0	8	9.665142	12.461521	0.0	0
86.0	3.0		1	0.0	0.0	0.0	5.0	2.0	4.0	61.578262	6.2	1	5.0	1.0	5.0	2.0	4.0	1.0	1.0	5.0	2.0	2.0	5.0	1	0.661	5.0	8	9.665142	12.461521	0.0	0
87.0	3.0	0.0	1	1.0	1.0	1.0	3.0	2.0	4.0	62.840164	8.7	1	5.0	0.0	1.0	2.0	5.0	1.0	1.0	4.0	1.0	2.0	4.0	0	0.62	4.0	25	9.66042	13.069425	0.0	0
87.0	1.0	0.0	1	0.0	1.0	1.0	1.0	1.0	4.0	62.840164	8.7	1	4.0	1.0	1.0	2.0	5.0	3.0	1.0	5.0	1.0	3.0	5.0	0	0.62	2.0	25	9.66042	13.069425	0.0	0
87.0	2.0	0.0	1	1.0	1.0	1.0	3.0	3.0	3.0	62.840164	8.7	1	4.0	1.0	2.0	4.0	9.0		1.0	3.0	1.0	2.0	5.0	0	0.62	2.0	25	9.66042	13.069425	0.0	0
87.0	1.0		1	0.0	0.0		3.0	2.0	4.0	62.840164	8.7	1	4.0		1.0	3.0	6.0	1.0	2.0	5.0	1.0	3.0	5.0	0	0.62	4.0	25	9.66042	13.069425	0.0	0
87.0	2.0		1	0.0	0.0	0.0	4.0	1.0	5.0	62.840164	8.7	1	5.0	0.0	5.0	3.0	0.0	3.0	2.0	5.0	1.0	2.0	5.0	0	0.62	3.0	25	9.66042	13.069425	0.0	0
87.0	1.0	0.0	1	0.0	1.0	0.0	3.0	2.0	4.0	62.840164	8.7	1	3.0	0.0	3.0	3.0	10.0	1.0	1.0	3.0	1.0	2.0	5.0	0	0.62	3.0	25	9.66042	13.069425	0.0	0
87.0	2.0		1	0.0	0.0	0.0	3.0	2.0	4.0	62.840164	8.7	1	4.0	0.0	3.0	3.0	8.0	3.0	2.0	5.0	1.0	2.0	5.0	0	0.62	3.0	25	9.66042	13.069425	0.0	0
87.0	1.0	0.0	1	0.0	1.0	1.0	3.0	3.0	4.0	62.840164	8.7	1	4.0	1.0	3.0	3.0	3.0	1.0	1.0	3.0	2.0	2.0	4.0	0	0.62	3.0	25	9.66042	13.069425	0.0	0
87.0	2.0		1	1.0	0.0	0.0	3.0	2.0	3.0	62.840164	8.7	1	5.0	1.0	3.0	2.0	6.0	3.0	1.0	4.0	3.0	3.0	5.0	0	0.62	4.0	25	9.66042	13.069425	0.0	0
87.0	3.0		1		0.0	0.0	5.0	2.0	4.0	62.840164	8.7	1	5.0	0.0	3.0	3.0	5.0	1.0	2.0	3.0	2.0	2.0	5.0	0	0.62	3.0	25	9.66042	13.069425	0.0	0
87.0	2.0	0.0	1	0.0	1.0	0.0	3.0	0.0	4.0	62.840164	8.7	1	5.0	0.0	1.0	2.0	7.0	4.0	1.0	5.0	3.0	2.0	5.0	0	0.62	3.0	25	9.66042	13.069425	0.0	0
87.0	1.0	0.0	1	0.0	1.0	1.0	4.0	1.0	4.0	62.840164	8.7	1	5.0	0.0	1.0	2.0	5.0	3.0	2.0	4.0	2.0	2.0	5.0	0	0.62	4.0	25	9.66042	13.069425	0.0	0
87.0	3.0		1	0.0	0.0	1.0	5.0	0.0	4.0	62.840164	8.7	1	5.0	0.0	3.0	3.0	5.0	1.0	1.0	4.0	2.0	2.0	4.0	0	0.62	3.0	25	9.66042	13.069425	0.0	0
87.0	1.0		1	0.0	0.0	1.0	3.0	0.0	3.0	62.840164	8.7	1	4.0	0.0	1.0	2.0	9.0	3.0	2.0	4.0	2.0	2.0	5.0	0	0.62	3.0	25	9.66042	13.069425	0.0	0
88.0	2.0	0.0	0	1.0	1.0	1.0	4.0	1.0	3.0	60.07346	10.3	1	5.0	0.0	1.0	2.0	6.0	1.0	1.0	4.0	2.0	2.0	5.0	0	0.641	4.0	0	8.804098	10.972705	0.0	0
88.0	1.0	0.0	0		1.0	1.0	4.0	1.0	4.0	60.07346	10.3	1	2.0	0.0	1.0	3.0	5.0	3.0	1.0	4.0	2.0	3.0	2.0	0	0.641	3.0	0	8.804098	10.972705	0.0	0
88.0	2.0	0.0	0	0.0	1.0	1.0	4.0	1.0	3.0	60.07346	10.3	1	5.0	0.0	1.0	1.0	10.0	1.0	1.0	5.0	2.0	2.0	5.0	0	0.641	3.0	0	8.804098	10.972705	0.0	0
88.0	3.0		0		0.0	1.0	4.0	3.0	4.0	60.07346	10.3	1	2.0	0.0	3.0	2.0	4.0	3.0	1.0	4.0	2.0	2.0	3.0	0	0.641	2.0	0	8.804098	10.972705	0.0	0
88.0	1.0		0		0.0	1.0	2.0	0.0	3.0	60.07346	10.3	1	3.0	0.0	2.0	3.0	1.0	1.0	1.0	3.0	2.0	2.0	3.0	0	0.641	2.0	0	8.804098	10.972705	0.0	0
88.0	1.0		0		0.0		4.0	2.0	4.0	60.07346	10.3	1					0.0	3.0	2.0		2.0			0	0.641		0	8.804098	10.972705	0.0	0
88.0	2.0		0		0.0	1.0	4.0	2.0	4.0	60.07346	10.3	1	5.0	0.0	2.0	1.0	0.0	1.0	1.0	5.0	2.0	3.0	4.0	0	0.641	2.0	0	8.804098	10.972705	0.0	0
88.0	2.0		0	1.0	0.0	1.0	4.0	0.0	4.0	60.07346	10.3	1	5.0	0.0	3.0	1.0	3.0	3.0	2.0	4.0	1.0	2.0	5.0	0	0.641	5.0	0	8.804098	10.972705	0.0	0
88.0	3.0		0	1.0	0.0	1.0	3.0	4.0	3.0	60.07346	10.3	1	4.0	0.0	4.0	1.0	5.0	3.0	1.0	4.0	1.0	3.0	5.0	0	0.641	3.0	0	8.804098	10.972705	0.0	0
88.0	2.0	0.0	0	1.0	1.0	1.0	1.0	5.0	4.0	60.07346	10.3	1	5.0	1.0	3.0	2.0	0.0	3.0	2.0	2.0	1.0	2.0	5.0	0	0.641	4.0	0	8.804098	10.972705	0.0	0
88.0	1.0		0	1.0	0.0	1.0	1.0	0.0	5.0	60.07346	10.3	1	4.0	0.0	1.0	2.0	2.0	3.0	2.0	5.0	1.0	2.0	4.0	0	0.641	4.0	0	8.804098	10.972705	0.0	0
88.0	1.0	0.0	0	1.0	1.0	1.0	1.0	0.0	5.0	60.07346	10.3	1	5.0	0.0	2.0	1.0	3.0	2.0	2.0	5.0	1.0	2.0	5.0	0	0.641	3.0	0	8.804098	10.972705	0.0	0
88.0	2.0	0.0	0	1.0	1.0	1.0	1.0	1.0	3.0	60.07346	10.3	1	5.0	0.0	1.0	1.0	2.0	1.0	1.0	5.0	1.0	2.0	5.0	0	0.641	4.0	0	8.804098	10.972705	0.0	0
88.0	1.0	0.0	0	1.0	1.0	1.0	3.0	2.0	4.0	60.07346	10.3	1	5.0	0.0	2.0	1.0	4.0	1.0	2.0	4.0	1.0	2.0	5.0	0	0.641	3.0	0	8.804098	10.972705	0.0	0
89.0	3.0	0.0	0	1.0	1.0	0.0	3.0	3.0	4.0	26.583237	10.5	1	3.0	1.0	3.0	2.0	5.0	1.0	1.0	2.0	3.0	2.0	3.0	0	0.618	4.0	0	9.4671	10.797594	0.0	0
89.0	2.0	0.0	0		1.0	1.0	1.0	0.0	3.0	26.583237	10.5	1	3.0	1.0	2.0	2.0	5.0	3.0	1.0	3.0	3.0	2.0	2.0	0	0.618	4.0	0	9.4671	10.797594	0.0	0
89.0	1.0	0.0	0	1.0	1.0	1.0	3.0	3.0	5.0	26.583237	10.5	1	3.0	1.0	5.0	2.0	1.0	3.0	2.0	2.0	3.0	3.0	3.0	0	0.618	4.0	0	9.4671	10.797594	0.0	0
89.0	1.0	0.0	0	1.0	1.0	0.0	2.0	3.0	5.0	26.583237	10.5	1	3.0	0.0	4.0	4.0	9.0	3.0	2.0	3.0	3.0	4.0	4.0	0	0.618	5.0	0	9.4671	10.797594	0.0	0
89.0	2.0		0	1.0	0.0	0.0	2.0	0.0	3.0	26.583237	10.5	1	5.0	1.0	5.0	3.0	7.0	1.0	1.0	5.0	3.0	2.0	5.0	0	0.618	4.0	0	9.4671	10.797594	0.0	0
89.0	1.0		0	1.0	0.0	0.0	1.0	0.0	3.0	26.583237	10.5	1	5.0	1.0	3.0	3.0	7.0	3.0	2.0	4.0	3.0	2.0	5.0	0	0.618	4.0	0	9.4671	10.797594	0.0	0
89.0	3.0		0	1.0	0.0	0.0	3.0	3.0	4.0	26.583237	10.5	1	3.0	0.0	2.0	4.0	5.0	3.0	2.0	3.0	3.0	3.0	3.0	0	0.618	3.0	0	9.4671	10.797594	0.0	0
89.0	1.0	1.0	0	1.0	1.0	1.0	4.0	2.0	5.0	26.583237	10.5	1	3.0	0.0	2.0	1.0	8.0	3.0	2.0	5.0	1.0	3.0	4.0	0	0.618	2.0	0	9.4671	10.797594	0.0	0
89.0	1.0		0	0.0	0.0	0.0	1.0	1.0	5.0	26.583237	10.5	1	1.0	1.0	3.0	3.0	4.0	3.0	2.0	2.0	2.0	3.0	3.0	0	0.618	3.0	0	9.4671	10.797594	0.0	0
89.0	3.0		0	1.0	0.0	0.0	3.0	4.0	3.0	26.583237	10.5	1	5.0	0.0	3.0	3.0	9.0	1.0	2.0	3.0	1.0	3.0	5.0	0	0.618	4.0	0	9.4671	10.797594	0.0	0
89.0	3.0		0	1.0	0.0	0.0	3.0	2.0	4.0	26.583237	10.5	1	5.0	1.0	1.0	5.0	9.0	3.0	2.0	5.0	1.0	2.0	5.0	0	0.618	5.0	0	9.4671	10.797594	0.0	0
89.0	2.0	0.0	0	1.0	1.0	0.0	3.0	4.0	4.0	26.583237	10.5	1	3.0	1.0	5.0	5.0	9.0	2.0	2.0	2.0	1.0	1.0	5.0	0	0.618	3.0	0	9.4671	10.797594	0.0	0
89.0	2.0	0.0	0	1.0	1.0	1.0	3.0	2.0	5.0	26.583237	10.5	1	5.0	0.0	1.0	1.0	5.0	2.0	1.0	5.0	0.0	3.0	5.0	0	0.618	5.0	0	9.4671	10.797594	0.0	0
89.0	2.0		0		0.0	1.0	3.0	2.0	5.0	26.583237	10.5	1	5.0	0.0	2.0		8.0	3.0	2.0		1.0	3.0	2.0	0	0.618	2.0	0	9.4671	10.797594	0.0	0
90.0	3.0	1.0	0	1.0	1.0	1.0	5.0	2.0	4.0	64.86954	11.5	1	4.0		2.0	2.0	7.0	1.0	2.0	4.0	2.0	3.0	4.0	0	0.695	4.0	0	9.098366	11.840357	0.0	0
90.0	2.0	0.0	0	1.0	1.0	1.0	5.0	3.0	3.0	64.86954	11.5	1	4.0	1.0	3.0	3.0	4.0	1.0	1.0	4.0	2.0	2.0	4.0	0	0.695	4.0	0	9.098366	11.840357	0.0	0
90.0	1.0	0.0	0	1.0	1.0	1.0	5.0	4.0	4.0	64.86954	11.5	1	5.0	0.0	1.0	1.0	5.0	3.0	2.0	5.0	2.0	3.0	3.0	0	0.695	4.0	0	9.098366	11.840357	0.0	0
90.0	2.0		0	0.0	0.0	1.0	5.0	2.0	4.0	64.86954	11.5	1	4.0		2.0	1.0	4.0	1.0	1.0	5.0	2.0	3.0	4.0	0	0.695	5.0	0	9.098366	11.840357	0.0	0
90.0	3.0		0	0.0	0.0	1.0	6.0	3.0	3.0	64.86954	11.5	1	3.0		3.0	1.0	7.0	2.0	2.0	5.0	2.0	2.0	3.0	0	0.695	4.0	0	9.098366	11.840357	0.0	0
90.0	1.0		0	1.0	0.0	0.0	4.0	0.0	4.0	64.86954	11.5	1	5.0	1.0	2.0	1.0	6.0	3.0	2.0	4.0	2.0	2.0	5.0	0	0.695	2.0	0	9.098366	11.840357	0.0	0
90.0	1.0		0	1.0	0.0	0.0	1.0	0.0	2.0	64.86954	11.5	1	3.0	1.0	3.0	1.0	5.0	1.0	1.0	4.0	2.0	2.0	5.0	0	0.695	4.0	0	9.098366	11.840357	0.0	0
90.0	2.0		0	1.0	0.0	1.0	4.0	0.0	4.0	64.86954	11.5	1	4.0	1.0	1.0	2.0	3.0	1.0	2.0	4.0	1.0	3.0	5.0	0	0.695	4.0	0	9.098366	11.840357	0.0	0
90.0	1.0	0.0	0		1.0	1.0	3.0	2.0	4.0	64.86954	11.5	1	3.0	0.0	3.0	2.0	10.0	3.0	1.0	4.0	1.0	2.0	2.0	0	0.695	2.0	0	9.098366	11.840357	0.0	0
90.0	3.0		0		1.0		3.0	5.0	5.0	64.86954	11.5	1					7.0	3.0	2.0		1.0			0	0.695		0	9.098366	11.840357	0.0	0
90.0	1.0		0		0.0	0.0	1.0	0.0	4.0	64.86954	11.5	1				3.0	0.0	2.0	2.0	3.0	1.0			0	0.695	2.0	0	9.098366	11.840357	0.0	0
90.0	1.0		0		0.0	0.0	5.0	0.0	4.0	64.86954	11.5	1	3.0	0.0	3.0	3.0	9.0	3.0	1.0	3.0	3.0	2.0	3.0	0	0.695	2.0	0	9.098366	11.840357	0.0	0
90.0	1.0	0.0	0		1.0		1.0	0.0	4.0	64.86954	11.5	1				3.0	6.0	3.0	1.0	3.0	1.0			0	0.695	2.0	0	9.098366	11.840357	0.0	0
90.0	2.0		0		0.0	1.0	3.0	1.0	4.0	64.86954	11.5	1	5.0	1.0	1.0	2.0	4.0	1.0	2.0	4.0	1.0	2.0	5.0	0	0.695	2.0	0	9.098366	11.840357	0.0	0
91.0	1.0		0	0.0	0.0	0.0	4.0	0.0	5.0	35.810207	4.3	1	5.0	0.0	5.0	2.0	9.0	3.0	2.0	2.0	1.0	3.0	4.0	0	0.613	3.0	0	10.428326	10.57375	0.0	0
91.0	3.0		0	1.0	0.0	0.0	3.0	3.0	5.0	35.810207	4.3	1	5.0	1.0	5.0	4.0	10.0	1.0	2.0	2.0	1.0	2.0	5.0	0	0.613	2.0	0	10.428326	10.57375	0.0	0
91.0	1.0	0.0	0	0.0	1.0	1.0	3.0	2.0	4.0	35.810207	4.3	1	4.0	0.0	5.0	4.0	10.0	3.0	2.0	5.0	1.0		4.0	0	0.613	3.0	0	10.428326	10.57375	0.0	0
91.0	1.0	0.0	0	1.0	1.0	0.0	3.0	4.0	3.0	35.810207	4.3	1	5.0	0.0	5.0	4.0	10.0	3.0	2.0	4.0	1.0	2.0	5.0	0	0.613	2.0	0	10.428326	10.57375	0.0	0
91.0	3.0		0	1.0	0.0	1.0	3.0	3.0	4.0	35.810207	4.3	1	5.0	1.0	5.0	4.0	8.0	1.0	1.0	3.0	1.0	3.0	5.0	0	0.613	3.0	0	10.428326	10.57375	0.0	0
91.0	2.0		0	0.0	0.0	1.0	3.0	3.0	4.0	35.810207	4.3	1	5.0	1.0	5.0	2.0	7.0	1.0	2.0	4.0	1.0	2.0	5.0	0	0.613	4.0	0	10.428326	10.57375	0.0	0
91.0	2.0	1.0	0	1.0	1.0	1.0	3.0	2.0	5.0	35.810207	4.3	1	5.0	0.0	5.0	3.0	9.0	3.0	1.0	4.0	1.0	3.0	5.0	0	0.613	4.0	0	10.428326	10.57375	0.0	0
91.0	3.0		0	0.0	0.0	0.0	3.0	4.0	4.0	35.810207	4.3	1	4.0	1.0	5.0	2.0	9.0	3.0	2.0	4.0	2.0	3.0	4.0	0	0.613	4.0	0	10.428326	10.57375	0.0	0
91.0	3.0	1.0	0	1.0	1.0	1.0	5.0	4.0	5.0	35.810207	4.3	1	5.0	0.0	5.0	2.0	9.0	1.0	2.0	4.0	2.0	2.0	5.0	0	0.613	4.0	0	10.428326	10.57375	0.0	0
91.0	2.0		0	1.0	0.0	1.0	3.0	4.0	3.0	35.810207	4.3	1	3.0	0.0	2.0	2.0	10.0	3.0	2.0	5.0	2.0	2.0	3.0	0	0.613	3.0	0	10.428326	10.57375	0.0	0
91.0	1.0	0.0	0	1.0	1.0	0.0	3.0	0.0	3.0	35.810207	4.3	1	5.0	1.0	2.0	1.0	8.0	1.0	1.0	4.0	2.0	2.0	5.0	0	0.613	4.0	0	10.428326	10.57375	0.0	0
91.0	1.0		0	1.0	0.0	0.0	3.0	3.0	4.0	35.810207	4.3	1	5.0	0.0	5.0	2.0	7.0	3.0	1.0	4.0	2.0	2.0	4.0	0	0.613	4.0	0	10.428326	10.57375	0.0	0
91.0	2.0		0	0.0	0.0	1.0	3.0	1.0	5.0	35.810207	4.3	1	5.0	1.0	5.0	1.0	6.0	2.0	1.0	2.0	2.0	3.0	5.0	0	0.613	4.0	0	10.428326	10.57375	0.0	0
91.0	1.0	0.0	0	0.0	1.0	0.0	2.0	0.0	3.0	35.810207	4.3	1	5.0	1.0	4.0	4.0	9.0	3.0	1.0	5.0	2.0	2.0	5.0	0	0.613	4.0	0	10.428326	10.57375	0.0	0
92.0	3.0	0.0	1	1.0	1.0	0.0	1.0	0.0	4.0	8.487884	5.2	1	5.0	0.0	5.0	3.0	4.0	4.0	1.0	5.0	3.0	4.0	4.0	0	0.616	4.0	10	10.0609865	10.76058	0.0	0
92.0	2.0	0.0	1	1.0	1.0	1.0	3.0	4.0	3.0	8.487884	5.2	1	5.0	0.0	5.0	2.0	7.0	3.0	1.0	3.0	3.0	2.0	5.0	0	0.616	3.0	10	10.0609865	10.76058	0.0	0
92.0	1.0		1	0.0	0.0	0.0	2.0	0.0	3.0	8.487884	5.2	1	5.0	0.0	4.0	4.0	9.0	1.0	1.0	2.0	2.0	3.0	4.0	0	0.616	3.0	10	10.0609865	10.76058	0.0	0
92.0	2.0	0.0	1	1.0	1.0	1.0	3.0	1.0	4.0	8.487884	5.2	1	5.0	1.0	1.0	1.0	2.0	1.0	1.0	5.0	3.0	3.0	5.0	0	0.616	5.0	10	10.0609865	10.76058	0.0	0
92.0	3.0		1	1.0	0.0	1.0	3.0	3.0	3.0	8.487884	5.2	1	5.0	1.0	1.0	2.0	6.0	2.0	1.0	5.0	3.0	2.0	5.0	0	0.616	3.0	10	10.0609865	10.76058	0.0	0
92.0	1.0		1	0.0	0.0	1.0	1.0	0.0	3.0	8.487884	5.2	1	5.0	1.0	5.0	4.0	9.0	3.0	1.0	3.0	2.0	1.0	4.0	0	0.616	4.0	10	10.0609865	10.76058	0.0	0
92.0	1.0		1	1.0	0.0	1.0	3.0	2.0	4.0	8.487884	5.2	1	5.0	1.0	4.0	2.0	0.0	1.0	1.0	4.0	3.0	2.0	5.0	0	0.616	5.0	10	10.0609865	10.76058	0.0	0
92.0	3.0	0.0	1	1.0	1.0	1.0	3.0	0.0	3.0	8.487884	5.2	1	5.0	1.0	4.0	1.0	10.0	1.0	1.0	3.0	1.0	3.0	4.0	0	0.616	2.0	10	10.0609865	10.76058	0.0	0
92.0	3.0		1	0.0	0.0	1.0	5.0	1.0	3.0	8.487884	5.2	1	4.0	0.0	4.0	5.0	0.0	1.0	2.0	1.0	1.0	3.0	3.0	0	0.616	3.0	10	10.0609865	10.76058	0.0	0
92.0	1.0	0.0	1	1.0	1.0	1.0	3.0	1.0	4.0	8.487884	5.2	1	5.0	1.0	4.0	5.0	10.0	1.0	1.0	5.0	1.0	4.0	5.0	0	0.616	3.0	10	10.0609865	10.76058	0.0	0
92.0	2.0	0.0	1	0.0	1.0	1.0	3.0	4.0	5.0	8.487884	5.2	1	4.0	1.0	2.0	4.0	10.0	3.0	2.0	4.0	1.0	3.0	2.0	0	0.616	5.0	10	10.0609865	10.76058	0.0	0
92.0	1.0		1	0.0	0.0	0.0	3.0	2.0	3.0	8.487884	5.2	1	5.0	0.0	5.0	5.0	10.0	3.0	2.0	5.0	1.0	3.0	5.0	0	0.616	3.0	10	10.0609865	10.76058	0.0	0
92.0	1.0	0.0	1	1.0	1.0	1.0	1.0	4.0	5.0	8.487884	5.2	1	5.0	0.0	2.0	1.0	10.0	1.0	1.0	2.0	1.0	1.0	5.0	0	0.616	4.0	10	10.0609865	10.76058	0.0	0
92.0	2.0		1	0.0	0.0	1.0	3.0	1.0	5.0	8.487884	5.2	1	5.0	1.0	2.0	2.0	10.0	2.0	2.0	2.0	1.0	3.0	2.0	0	0.616	3.0	10	10.0609865	10.76058	0.0	0
93.0	1.0	0.0	0	1.0	1.0	1.0	2.0	1.0	4.0	36.83435	10.6	1	4.0	0.0	1.0	1.0	5.0	3.0	1.0	5.0	2.0	2.0	5.0	0	0.521	3.0	0	9.56639	9.852405	0.0	0
93.0	2.0		0	1.0	0.0	1.0	4.0	2.0	4.0	36.83435	10.6	1	4.0	1.0	1.0	1.0	6.0	1.0	1.0	5.0	2.0	2.0	5.0	0	0.521	4.0	0	9.56639	9.852405	0.0	0
93.0	2.0	0.0	0	1.0	1.0	1.0	3.0	1.0	4.0	36.83435	10.6	1	4.0	1.0	1.0	1.0	8.0	1.0	1.0	5.0	2.0	2.0	5.0	0	0.521	4.0	0	9.56639	9.852405	0.0	0
93.0	2.0		0	1.0	0.0	1.0	3.0	1.0	3.0	36.83435	10.6	1	4.0	1.0	1.0	1.0	6.0	3.0	1.0	5.0	2.0	2.0	5.0	0	0.521	4.0	0	9.56639	9.852405	0.0	0
93.0	1.0	0.0	0	1.0	1.0	1.0	3.0	0.0	4.0	36.83435	10.6	1	4.0	1.0	1.0	1.0	6.0	3.0	1.0	5.0	2.0	2.0	5.0	0	0.521	4.0	0	9.56639	9.852405	0.0	0
93.0	3.0		0	1.0	0.0	1.0	3.0	2.0	4.0	36.83435	10.6	1	4.0	1.0	1.0	1.0	5.0	3.0	1.0	5.0	2.0	2.0	5.0	0	0.521	4.0	0	9.56639	9.852405	0.0	0
93.0	1.0	1.0	0	1.0	1.0	1.0	2.0	0.0	4.0	36.83435	10.6	1	4.0	1.0	1.0	1.0	5.0	3.0	1.0	5.0	2.0	2.0	5.0	0	0.521	3.0	0	9.56639	9.852405	0.0	0
93.0	1.0		0	1.0	0.0	1.0	4.0	1.0	3.0	36.83435	10.6	1	5.0	1.0	1.0	1.0	6.0	3.0	1.0	5.0	1.0	3.0	5.0	0	0.521	3.0	0	9.56639	9.852405	0.0	0
93.0	1.0	0.0	0	1.0	1.0	1.0	4.0	1.0	4.0	36.83435	10.6	1	5.0	1.0	2.0	1.0	6.0	3.0	2.0	5.0	1.0	3.0	5.0	0	0.521	2.0	0	9.56639	9.852405	0.0	0
93.0	1.0	0.0	0	0.0	1.0	1.0	5.0	1.0	3.0	36.83435	10.6	1	5.0	1.0	2.0	1.0	8.0	3.0	2.0	5.0	1.0	3.0	5.0	0	0.521	2.0	0	9.56639	9.852405	0.0	0
93.0	1.0	0.0	0	1.0	1.0	1.0	2.0	1.0	3.0	36.83435	10.6	1	5.0	1.0	1.0	1.0	6.0	3.0	1.0	5.0	1.0	3.0	5.0	0	0.521	3.0	0	9.56639	9.852405	0.0	0
93.0	2.0	0.0	0	1.0	1.0	1.0	3.0	1.0	3.0	36.83435	10.6	1	5.0	1.0	1.0	1.0	8.0	3.0	1.0	5.0	1.0	3.0	5.0	0	0.521	3.0	0	9.56639	9.852405	0.0	0
93.0	3.0		0	1.0	0.0	1.0	3.0	2.0	3.0	36.83435	10.6	1	5.0		1.0	1.0	8.0	3.0	1.0	5.0	1.0	3.0	5.0	0	0.521	3.0	0	9.56639	9.852405	0.0	0
93.0	2.0	0.0	0	1.0	1.0	1.0	3.0	2.0	4.0	36.83435	10.6	1	5.0	1.0	2.0	1.0	6.0	3.0	2.0	5.0	1.0	3.0	5.0	0	0.521	2.0	0	9.56639	9.852405	0.0	0
94.0	1.0	0.0	0	1.0	1.0	1.0	2.0	0.0	3.0	0.0	0.0	1	5.0	1.0	1.0	1.0	5.0	1.0	1.0	5.0	3.0	2.0	5.0	0	0.604	5.0	0	9.650515	10.347404	0.0	0
94.0	2.0	0.0	0	0.0	1.0	1.0	3.0	2.0	3.0	0.0	0.0	1	5.0	1.0	1.0	2.0	5.0	3.0	1.0	5.0	3.0	2.0	5.0	0	0.604	5.0	0	9.650515	10.347404	0.0	0
94.0	1.0		0	0.0	0.0	0.0	2.0	0.0	3.0	0.0	0.0	1	5.0	1.0	5.0	1.0	2.0	1.0	2.0	5.0	3.0	2.0	5.0	0	0.604	5.0	0	9.650515	10.347404	0.0	0
94.0	1.0		0	0.0	0.0	0.0	3.0	0.0	4.0	0.0	0.0	1	5.0	1.0	1.0	2.0	3.0	1.0	2.0	5.0	3.0	2.0	5.0	0	0.604	5.0	0	9.650515	10.347404	0.0	0
94.0	2.0		0	0.0	0.0	1.0	3.0	3.0	3.0	0.0	0.0	1	5.0	1.0	5.0	5.0	8.0	1.0	1.0	5.0	3.0	2.0	5.0	0	0.604	5.0	0	9.650515	10.347404	0.0	0
94.0	3.0	0.0	0	1.0	1.0	1.0	3.0	4.0	3.0	0.0	0.0	1	5.0	1.0	1.0	4.0	10.0	1.0	1.0	5.0	3.0	2.0	5.0	0	0.604	4.0	0	9.650515	10.347404	0.0	0
94.0	3.0	0.0	0	0.0	1.0	1.0	3.0	2.0	3.0	0.0	0.0	1	5.0	1.0	5.0	5.0	5.0	1.0	1.0	5.0	3.0	2.0	5.0	0	0.604	5.0	0	9.650515	10.347404	0.0	0
94.0	1.0	0.0	0	0.0	1.0	1.0	3.0	2.0	4.0	0.0	0.0	1	5.0	1.0	1.0	2.0	5.0	3.0	1.0	5.0	2.0	3.0	5.0	0	0.604	5.0	0	9.650515	10.347404	0.0	0
94.0	2.0	0.0	0	0.0	1.0	1.0	3.0	2.0	4.0	0.0	0.0	1	5.0	1.0	1.0	5.0	8.0	3.0	2.0	4.0	2.0	2.0	5.0	0	0.604	4.0	0	9.650515	10.347404	0.0	0
94.0	1.0		0	0.0	0.0	0.0	3.0	1.0	4.0	0.0	0.0	1	5.0	1.0	5.0		5.0	2.0	2.0		2.0	2.0	5.0	0	0.604	4.0	0	9.650515	10.347404	0.0	0
94.0	2.0	0.0	0	0.0	1.0	1.0	4.0	2.0	5.0	0.0	0.0	1	5.0	1.0	5.0	1.0	10.0	1.0	2.0	5.0	2.0	2.0	5.0	0	0.604	4.0	0	9.650515	10.347404	0.0	0
94.0	2.0		0	0.0	0.0	1.0	5.0	5.0	5.0	0.0	0.0	1	5.0	1.0	5.0	4.0	8.0	3.0	2.0	5.0	2.0	2.0	5.0	0	0.604	5.0	0	9.650515	10.347404	0.0	0
94.0	1.0		0	0.0	0.0	1.0	3.0	1.0	5.0	0.0	0.0	1	5.0	1.0	1.0	4.0	7.0	1.0	2.0	5.0	2.0	2.0	5.0	0	0.604	2.0	0	9.650515	10.347404	0.0	0
94.0	3.0	0.0	0	0.0	1.0	1.0	6.0	1.0	5.0	0.0	0.0	1	5.0	1.0	1.0	4.0	7.0	3.0	2.0	5.0	1.0	2.0	5.0	0	0.604	2.0	0	9.650515	10.347404	0.0	0
95.0	1.0		0	0.0	0.0	1.0	1.0	2.0	5.0	41.24889	13.3	1	5.0	0.0	5.0	5.0	7.0	3.0	2.0	5.0	1.0	2.0	5.0	0	0.521	5.0	0	9.419028	10.358251	0.0	0
95.0	3.0		0	0.0	0.0	1.0	4.0	2.0	5.0	41.24889	13.3	1	5.0	1.0	5.0	2.0	8.0	3.0	2.0	5.0	1.0	2.0	5.0	0	0.521	5.0	0	9.419028	10.358251	0.0	0
95.0	2.0	0.0	0	0.0	1.0	0.0	4.0	2.0	5.0	41.24889	13.3	1	5.0		5.0	2.0	10.0	1.0	2.0	5.0	1.0	3.0	5.0	0	0.521	5.0	0	9.419028	10.358251	0.0	0
95.0	1.0		0	0.0	0.0	1.0	4.0	2.0	5.0	41.24889	13.3	1	5.0	1.0	5.0	5.0	10.0	1.0	2.0	5.0	1.0	2.0	5.0	0	0.521	4.0	0	9.419028	10.358251	0.0	0
95.0	2.0	1.0	0	0.0	1.0	1.0	4.0	4.0	5.0	41.24889	13.3	1	5.0	1.0	1.0	4.0	10.0	1.0	2.0	5.0	1.0	2.0	5.0	0	0.521	5.0	0	9.419028	10.358251	0.0	0
95.0	2.0	1.0	0	1.0	1.0	1.0	4.0	3.0	5.0	41.24889	13.3	1	5.0	1.0	5.0	4.0	10.0	1.0	2.0	5.0	1.0	2.0	1.0	0	0.521	5.0	0	9.419028	10.358251	0.0	0
95.0	1.0	1.0	0	1.0	1.0	1.0	3.0	2.0	5.0	41.24889	13.3	1	5.0	1.0	5.0	4.0	8.0	1.0	2.0	5.0	1.0	2.0	5.0	0	0.521	5.0	0	9.419028	10.358251	0.0	0
95.0	1.0	1.0	0	1.0	1.0	1.0	1.0	3.0	5.0	41.24889	13.3	1	5.0	1.0		4.0	8.0	3.0	2.0	5.0	1.0	2.0	5.0	0	0.521	5.0	0	9.419028	10.358251	0.0	0
95.0	2.0		0	0.0	0.0	1.0	3.0	2.0	5.0	41.24889	13.3	1	5.0	1.0	5.0	5.0	8.0	1.0	1.0	5.0	1.0	2.0	5.0	0	0.521	5.0	0	9.419028	10.358251	0.0	0
95.0	1.0	0.0	0	1.0	1.0	1.0	4.0	1.0	5.0	41.24889	13.3	1	5.0	1.0	5.0	4.0	8.0	3.0	1.0	5.0	1.0	2.0	5.0	0	0.521	5.0	0	9.419028	10.358251	0.0	0
95.0	1.0		0	0.0	0.0	1.0	4.0	2.0	5.0	41.24889	13.3	1	5.0	1.0	5.0	5.0	10.0	2.0	2.0	5.0	1.0	3.0	5.0	0	0.521	4.0	0	9.419028	10.358251	0.0	0
95.0	3.0		0	0.0	0.0	0.0	3.0	4.0	5.0	41.24889	13.3	1	5.0	1.0	5.0	5.0	10.0	3.0	2.0	5.0	1.0	3.0	5.0	0	0.521	2.0	0	9.419028	10.358251	0.0	0
95.0	2.0	0.0	0	0.0	1.0	1.0	3.0	3.0	5.0	41.24889	13.3	1	5.0	1.0	5.0	5.0	7.0	2.0	2.0	5.0	1.0	2.0	5.0	0	0.521	5.0	0	9.419028	10.358251	0.0	0
95.0	3.0		0	0.0	0.0	1.0	3.0	3.0	5.0	41.24889	13.3	1	5.0	1.0	5.0	5.0	8.0	1.0	2.0	5.0	1.0	2.0	5.0	0	0.521	4.0	0	9.419028	10.358251	0.0	0
96.0	3.0	0.0	1	1.0	1.0	1.0	3.0	2.0	3.0	48.44075	8.5	1	4.0	1.0	1.0	1.0	7.0	3.0	1.0	5.0	3.0	3.0	5.0	0	0.698	4.0	26	10.278743	12.217551	0.0	0
96.0	2.0		1	1.0	0.0	0.0	3.0	1.0	1.0	48.44075	8.5	1	5.0	0.0	5.0	1.0	3.0	3.0	1.0	5.0	3.0	2.0	5.0	0	0.698	5.0	26	10.278743	12.217551	0.0	0
96.0	1.0	0.0	1	1.0	1.0	1.0	3.0	1.0	3.0	48.44075	8.5	1	4.0	0.0	1.0	1.0	6.0	1.0	1.0	5.0	3.0	3.0	5.0	0	0.698	3.0	26	10.278743	12.217551	0.0	0
96.0	3.0		1	1.0	0.0	1.0	3.0	3.0	1.0	48.44075	8.5	1	4.0	0.0	5.0	1.0	5.0	3.0	1.0	5.0	3.0	3.0		0	0.698	5.0	26	10.278743	12.217551	0.0	0
96.0	1.0	0.0	1	1.0	1.0	0.0	3.0	1.0	3.0	48.44075	8.5	1	4.0	1.0	1.0	2.0	5.0	3.0	1.0	5.0	3.0	1.0	5.0	0	0.698	4.0	26	10.278743	12.217551	0.0	0
96.0	2.0		1	1.0	0.0	1.0	3.0	1.0	2.0	48.44075	8.5	1	5.0	0.0	5.0	1.0	4.0	1.0	1.0	5.0	3.0	2.0	5.0	0	0.698	4.0	26	10.278743	12.217551	0.0	0
96.0	3.0	1.0	1	1.0	1.0	1.0	3.0	3.0	3.0	48.44075	8.5	1	4.0	1.0	1.0	4.0	8.0	3.0	1.0	4.0	3.0	1.0	5.0	0	0.698	3.0	26	10.278743	12.217551	0.0	0
96.0	2.0		1	1.0	0.0	1.0	3.0	1.0	3.0	48.44075	8.5	1	5.0	1.0	1.0	1.0	7.0	3.0	1.0	5.0	1.0	3.0	5.0	0	0.698	2.0	26	10.278743	12.217551	0.0	0
96.0	2.0		1	1.0	0.0	1.0	3.0	1.0	3.0	48.44075	8.5	1	5.0	1.0	1.0	1.0	8.0	3.0	1.0	5.0	1.0	3.0	5.0	0	0.698	2.0	26	10.278743	12.217551	0.0	0
96.0	1.0	0.0	1	1.0	1.0	1.0	2.0	0.0	3.0	48.44075	8.5	1	5.0	1.0	1.0	1.0	5.0	3.0	1.0	5.0	1.0	3.0	5.0	0	0.698	2.0	26	10.278743	12.217551	0.0	0
96.0	2.0		1	1.0	0.0	1.0	3.0	2.0	3.0	48.44075	8.5	1	5.0	1.0	1.0	1.0	5.0	3.0	1.0	5.0	1.0	3.0	5.0	0	0.698	2.0	26	10.278743	12.217551	0.0	0
96.0	3.0	0.0	1	1.0	1.0	1.0	6.0	3.0	4.0	48.44075	8.5	1	4.0	0.0	1.0	1.0	7.0	3.0	1.0	5.0	1.0	3.0	5.0	0	0.698	3.0	26	10.278743	12.217551	0.0	0
96.0	1.0	0.0	1	1.0	1.0	1.0	2.0	1.0	3.0	48.44075	8.5	1	4.0	0.0	1.0	1.0	6.0	1.0	1.0	5.0	1.0	3.0	5.0	0	0.698	3.0	26	10.278743	12.217551	0.0	0
96.0	1.0	0.0	1	1.0	1.0	1.0	4.0	1.0	3.0	48.44075	8.5	1	4.0	0.0	1.0	1.0	6.0	1.0	1.0	5.0	1.0	3.0	5.0	0	0.698	3.0	26	10.278743	12.217551	0.0	0
97.0	2.0		1	0.0	0.0	0.0	3.0	2.0	5.0	46.736206	5.1	1	5.0	0.0	2.0	4.0	5.0	3.0	2.0	5.0	1.0	2.0	5.0	0	0.66	2.0	27	10.438496	12.74358	0.0	0
97.0	1.0		1	1.0	0.0	0.0	1.0	0.0	5.0	46.736206	5.1	1	5.0	1.0	4.0	4.0	5.0	3.0	2.0	5.0	1.0	2.0	5.0	0	0.66	2.0	27	10.438496	12.74358	0.0	0
97.0	1.0		1	0.0	0.0	0.0	1.0	0.0	5.0	46.736206	5.1	1	5.0	1.0	1.0	2.0	8.0	3.0	1.0	5.0	1.0	1.0	5.0	0	0.66	2.0	27	10.438496	12.74358	0.0	0
97.0	3.0	0.0	1	1.0	1.0	1.0	3.0	4.0	4.0	46.736206	5.1	1	5.0	0.0	4.0	2.0	5.0	3.0	2.0	5.0	1.0	2.0	5.0	0	0.66	2.0	27	10.438496	12.74358	0.0	0
97.0	2.0	1.0	1	0.0	1.0	1.0	3.0	3.0	5.0	46.736206	5.1	1	5.0	0.0	4.0	1.0	5.0	2.0	2.0	5.0	2.0	2.0	5.0	0	0.66	2.0	27	10.438496	12.74358	0.0	0
97.0	3.0	0.0	1	0.0	1.0	0.0	5.0	3.0	4.0	46.736206	5.1	1	2.0	0.0	5.0	4.0		1.0	1.0	3.0	1.0	2.0		0	0.66	2.0	27	10.438496	12.74358	0.0	0
97.0	1.0	1.0	1	0.0	1.0	1.0	2.0	3.0	5.0	46.736206	5.1	1	5.0	1.0	4.0	2.0	9.0	3.0	2.0	5.0	1.0	1.0	5.0	0	0.66	3.0	27	10.438496	12.74358	0.0	0
97.0	2.0		1	1.0	0.0	1.0	3.0	1.0	5.0	46.736206	5.1	1	4.0	1.0	1.0	5.0	3.0	1.0	2.0	4.0	2.0	2.0	5.0	0	0.66	2.0	27	10.438496	12.74358	0.0	0
97.0	1.0		1	1.0	0.0	1.0	2.0	0.0	4.0	46.736206	5.1	1	5.0	0.0	1.0	4.0	4.0	3.0	1.0	5.0	2.0	1.0	5.0	0	0.66	3.0	27	10.438496	12.74358	0.0	0
97.0	1.0		1		0.0	1.0	4.0	2.0	5.0	46.736206	5.1	1	4.0	1.0	1.0	5.0	8.0	2.0	2.0	5.0	2.0	2.0	5.0	0	0.66	3.0	27	10.438496	12.74358	0.0	0
97.0	1.0	0.0	1	1.0	1.0	0.0	3.0	0.0	5.0	46.736206	5.1	1	4.0	1.0	5.0	5.0	8.0	1.0	1.0	5.0	2.0	2.0	5.0	0	0.66	2.0	27	10.438496	12.74358	0.0	0
97.0	3.0	0.0	1	1.0	1.0	1.0	3.0	3.0	5.0	46.736206	5.1	1	5.0	1.0	4.0	4.0	10.0	3.0	2.0	5.0	2.0	2.0	5.0	0	0.66	3.0	27	10.438496	12.74358	0.0	0
97.0	2.0	0.0	1	1.0	1.0	1.0	6.0	2.0	5.0	46.736206	5.1	1	4.0	0.0	1.0	4.0	10.0	1.0	2.0	5.0	2.0	2.0	2.0	0	0.66	3.0	27	10.438496	12.74358	0.0	0
97.0	2.0	0.0	1	0.0	1.0	0.0	1.0	4.0	5.0	46.736206	5.1	1	5.0	1.0	4.0	4.0	7.0	1.0	2.0	4.0	2.0	1.0	5.0	0	0.66	3.0	27	10.438496	12.74358	0.0	0
98.0	1.0		0		0.0	1.0	1.0	0.0	5.0	27.103943	16.0	1	5.0	1.0	5.0	1.0	5.0	3.0	2.0	5.0	1.0	3.0	5.0	0	0.568	3.0	0	9.524664	8.906393	0.0	0
98.0	2.0	0.0	0		1.0	0.0	5.0	2.0	5.0	27.103943	16.0	1	5.0	0.0	1.0	1.0	5.0	1.0	2.0	5.0	1.0	3.0	5.0	0	0.568	5.0	0	9.524664	8.906393	0.0	0
98.0	3.0	1.0	0		1.0	1.0	6.0	5.0	5.0	27.103943	16.0	1	5.0	1.0	5.0	1.0	9.0	3.0	2.0	5.0	1.0	1.0	3.0	0	0.568	5.0	0	9.524664	8.906393	0.0	0
98.0	2.0	1.0	0		1.0	1.0	4.0	3.0	5.0	27.103943	16.0	1	4.0	1.0	2.0	1.0	4.0	1.0	2.0	1.0	1.0	4.0	5.0	0	0.568	2.0	0	9.524664	8.906393	0.0	0
98.0	3.0	0.0	0		1.0	0.0	3.0	1.0	5.0	27.103943	16.0	1	5.0	1.0	5.0	1.0	5.0	1.0	2.0	5.0	1.0	3.0	4.0	0	0.568	3.0	0	9.524664	8.906393	0.0	0
98.0	1.0		0		0.0	1.0	1.0	0.0	5.0	27.103943	16.0	1	5.0	1.0	1.0	1.0	4.0	3.0	2.0	5.0	1.0	2.0	5.0	0	0.568	5.0	0	9.524664	8.906393	0.0	0
98.0	1.0		0		0.0	1.0	3.0	1.0	5.0	27.103943	16.0	1	5.0	1.0	1.0	1.0	5.0	1.0	1.0	5.0	1.0	4.0	5.0	0	0.568	5.0	0	9.524664	8.906393	0.0	0
98.0	2.0		0		0.0	0.0	3.0	1.0	5.0	27.103943	16.0	1	3.0	0.0	1.0	1.0	8.0	1.0		5.0	1.0	3.0	1.0	0	0.568	2.0	0	9.524664	8.906393	0.0	0
98.0	3.0		0		0.0	0.0	3.0	2.0	5.0	27.103943	16.0	1	3.0	1.0	4.0	3.0	5.0	3.0	2.0	4.0	1.0	3.0	3.0	0	0.568	2.0	0	9.524664	8.906393	0.0	0
98.0	1.0	0.0	0		1.0	1.0	3.0	1.0	5.0	27.103943	16.0	1	3.0	1.0	2.0	1.0	5.0	3.0	2.0	5.0	1.0	3.0	2.0	0	0.568	4.0	0	9.524664	8.906393	0.0	0
98.0	2.0	0.0	0		1.0	0.0	3.0	1.0	5.0	27.103943	16.0	1	5.0	0.0	4.0	1.0	5.0	1.0	2.0	5.0	1.0	2.0	3.0	0	0.568	5.0	0	9.524664	8.906393	0.0	0
98.0	3.0	0.0	0		1.0	1.0	6.0	1.0	5.0	27.103943	16.0	1	3.0	0.0	3.0	3.0	7.0	2.0	2.0	4.0	1.0	3.0	3.0	0	0.568	4.0	0	9.524664	8.906393	0.0	0
98.0	1.0	0.0	0		1.0	0.0	2.0	1.0	5.0	27.103943	16.0	1	2.0	0.0	1.0	3.0	5.0	3.0	2.0	3.0	1.0	3.0	2.0	0	0.568	4.0	0	9.524664	8.906393	0.0	0
98.0	1.0		0		0.0	0.0	1.0	0.0	5.0	27.103943	16.0	1	1.0	1.0	4.0	1.0	0.0	2.0	2.0	1.0	1.0	3.0	4.0	0	0.568	4.0	0	9.524664	8.906393	0.0	0
99.0	3.0	1.0	0		1.0	1.0	1.0	2.0	5.0	44.015102	6.7	1	5.0	1.0	3.0	3.0	5.0	3.0	2.0	3.0	1.0	2.0	5.0	0	0.588	2.0	0	9.220021	10.672832	0.0	0
99.0	1.0	0.0	0	1.0	1.0	0.0	2.0	0.0	3.0	44.015102	6.7	1	5.0	1.0	4.0	1.0	6.0	3.0	2.0	5.0	1.0	2.0	5.0	0	0.588	5.0	0	9.220021	10.672832	0.0	0
99.0	2.0		0	0.0	0.0	1.0	1.0	1.0	5.0	44.015102	6.7	1	2.0	1.0	3.0	3.0	6.0	3.0	2.0	2.0	1.0	3.0	4.0	0	0.588	3.0	0	9.220021	10.672832	0.0	0
99.0	3.0	0.0	0	0.0	1.0	1.0	6.0	3.0	5.0	44.015102	6.7	1	5.0	1.0	5.0	1.0	10.0	1.0	2.0	1.0	1.0	2.0	5.0	0	0.588	4.0	0	9.220021	10.672832	0.0	0
99.0	2.0		0	1.0	0.0	0.0	2.0	1.0	3.0	44.015102	6.7	1	4.0	1.0	5.0	4.0	7.0	1.0	1.0	2.0	1.0	1.0	5.0	0	0.588	4.0	0	9.220021	10.672832	0.0	0
99.0	1.0		0	0.0	0.0	0.0	1.0	0.0	5.0	44.015102	6.7	1	3.0	1.0	5.0	1.0	4.0	1.0	2.0	5.0	1.0	3.0	3.0	0	0.588	4.0	0	9.220021	10.672832	0.0	0
99.0	1.0		0	0.0	0.0	0.0	4.0	2.0	5.0	44.015102	6.7	1	2.0	0.0	4.0	2.0	5.0	1.0	2.0	2.0	1.0	3.0	3.0	0	0.588	4.0	0	9.220021	10.672832	0.0	0
99.0	2.0	1.0	0	1.0	1.0	1.0	2.0	2.0	5.0	44.015102	6.7	1	5.0	0.0	1.0	3.0	5.0	3.0	2.0	4.0	2.0	3.0	5.0	0	0.588	4.0	0	9.220021	10.672832	0.0	0
99.0	2.0	0.0	0	1.0	1.0	0.0	3.0	3.0	5.0	44.015102	6.7	1	4.0	0.0	4.0	1.0	5.0	3.0	1.0	5.0	2.0	3.0	5.0	0	0.588	4.0	0	9.220021	10.672832	0.0	0
99.0	1.0		0	1.0	0.0	0.0	3.0	1.0	5.0	44.015102	6.7	1	5.0	0.0	2.0	1.0	10.0	3.0	2.0	5.0	2.0	2.0	5.0	0	0.588	4.0	0	9.220021	10.672832	0.0	0
99.0	1.0		0		0.0	0.0	1.0	0.0	5.0	44.015102	6.7	1	5.0	0.0	2.0	2.0	4.0	2.0	2.0	2.0	2.0	2.0	2.0	0	0.588	4.0	0	9.220021	10.672832	0.0	0
99.0	1.0	0.0	0	1.0	1.0	0.0	3.0	1.0	5.0	44.015102	6.7	1	5.0	1.0	5.0	1.0	5.0	3.0	2.0	5.0	2.0	1.0	5.0	0	0.588	4.0	0	9.220021	10.672832	0.0	0
99.0	3.0	1.0	0	1.0	1.0	1.0	3.0	4.0	4.0	44.015102	6.7	1	5.0	0.0	3.0	1.0	8.0	1.0	1.0	4.0	2.0	3.0	5.0	0	0.588	4.0	0	9.220021	10.672832	0.0	0
99.0	3.0		0	1.0	0.0	0.0	3.0	2.0	5.0	44.015102	6.7	1	5.0	0.0	5.0	2.0	5.0	3.0	2.0	2.0	2.0	3.0	3.0	0	0.588	2.0	0	9.220021	10.672832	0.0	0
100.0	1.0	0.0	0	0.0	1.0	1.0	3.0	0.0	4.0	0.0	6.5	1	5.0		2.0	1.0	6.0	3.0	2.0	4.0	2.0	2.0	5.0	1	0.67	3.0	0	9.524571	10.328298	0.0	0
100.0	2.0	1.0	0	0.0	1.0	1.0	3.0	2.0	3.0	0.0	6.5	1	5.0	0.0	1.0	2.0	6.0	1.0	1.0	5.0	2.0	1.0	5.0	1	0.67	3.0	0	9.524571	10.328298	0.0	0
100.0	1.0		0	0.0	0.0	0.0	3.0	1.0	4.0	0.0	6.5	1	4.0	0.0	2.0	4.0	5.0	1.0	2.0	5.0	2.0	2.0	5.0	1	0.67	3.0	0	9.524571	10.328298	0.0	0
100.0	2.0		0	0.0	0.0	0.0	3.0	2.0	5.0	0.0	6.5	1	5.0	0.0	1.0	3.0	8.0	3.0	2.0	5.0	2.0	2.0	5.0	1	0.67	3.0	0	9.524571	10.328298	0.0	0
100.0	3.0		0	0.0	0.0	0.0	3.0	2.0	4.0	0.0	6.5	1	5.0	0.0	3.0	4.0	10.0	1.0	2.0	5.0	1.0	2.0	5.0	1	0.67	2.0	0	9.524571	10.328298	0.0	0
100.0	1.0		0	0.0	0.0	0.0	3.0	0.0	3.0	0.0	6.5	1	5.0	0.0	3.0	2.0	9.0	1.0	1.0	5.0	2.0	2.0	5.0	1	0.67	3.0	0	9.524571	10.328298	0.0	0
100.0	3.0	0.0	0	0.0	1.0	0.0	3.0	2.0	5.0	0.0	6.5	1	4.0	0.0	1.0	1.0	7.0	2.0	2.0	5.0	2.0	3.0	5.0	1	0.67	2.0	0	9.524571	10.328298	0.0	0
100.0	1.0		0	0.0	0.0	0.0	3.0	0.0	4.0	0.0	6.5	1	5.0	1.0	3.0	3.0	0.0	3.0	1.0	3.0	1.0	2.0	5.0	1	0.67	3.0	0	9.524571	10.328298	0.0	0
100.0	1.0	0.0	0	1.0	1.0	1.0	3.0	2.0	3.0	0.0	6.5	1	5.0	1.0	1.0	2.0	8.0	3.0	1.0	5.0	2.0	2.0	5.0	1	0.67	3.0	0	9.524571	10.328298	0.0	0
100.0	2.0		0	0.0	0.0	1.0	1.0	2.0	5.0	0.0	6.5	1	5.0	1.0	1.0	2.0	1.0	3.0	2.0	5.0	1.0	2.0	5.0	1	0.67	3.0	0	9.524571	10.328298	0.0	0
100.0	3.0	0.0	0	0.0	1.0	0.0	1.0	2.0	4.0	0.0	6.5	1	4.0	0.0	2.0	2.0	7.0	1.0	2.0	5.0	1.0	2.0	5.0	1	0.67	2.0	0	9.524571	10.328298	0.0	0
100.0	2.0	0.0	0	0.0	1.0	0.0	3.0	3.0	4.0	0.0	6.5	1	4.0	0.0	2.0	4.0	6.0	1.0	1.0	5.0	1.0	2.0	5.0	1	0.67	3.0	0	9.524571	10.328298	0.0	0
100.0	3.0	0.0	0	0.0	1.0	0.0	3.0	6.0	5.0	0.0	6.5	1	5.0	1.0	1.0	4.0	10.0	1.0	2.0	5.0	0.0	2.0	5.0	1	0.67	3.0	0	9.524571	10.328298	0.0	0
100.0	3.0		0	0.0	0.0	0.0	4.0	1.0	4.0	0.0	6.5	1	4.0	0.0	3.0	2.0	6.0	3.0	1.0	5.0	1.0	3.0	4.0	1	0.67	3.0	0	9.524571	10.328298	0.0	0
