pref,rule,comm,rev,nsubj,file,period,subj,group,type,sample,action,groupdec,jar,payoff,time
het,5,1,0,18,HET_5_18_chat.txt,1,9,1,2,2,2,2,2,150,17
het,5,1,0,18,HET_5_18_chat.txt,1,18,1,2,1,2,2,2,150,48
het,5,1,0,18,HET_5_18_chat.txt,1,5,1,2,2,2,2,2,150,34
het,5,1,0,18,HET_5_18_chat.txt,1,4,1,1,2,2,2,2,50,33
het,5,1,0,18,HET_5_18_chat.txt,1,16,1,2,2,2,2,2,150,20
het,5,1,0,18,HET_5_18_chat.txt,1,14,1,1,1,1,2,2,50,44
het,5,1,0,18,HET_5_18_chat.txt,1,13,1,2,2,2,2,2,150,19
het,5,1,0,18,HET_5_18_chat.txt,1,17,1,2,2,1,2,2,150,35
het,5,1,0,18,HET_5_18_chat.txt,1,2,1,1,2,2,2,2,50,18
het,5,1,0,18,HET_5_18_chat.txt,1,3,2,2,2,2,2,2,150,30
het,5,1,0,18,HET_5_18_chat.txt,1,12,2,1,1,1,2,2,50,22
het,5,1,0,18,HET_5_18_chat.txt,1,8,2,1,2,2,2,2,50,23
het,5,1,0,18,HET_5_18_chat.txt,1,6,2,1,2,2,2,2,50,23
het,5,1,0,18,HET_5_18_chat.txt,1,15,2,1,2,2,2,2,50,28
het,5,1,0,18,HET_5_18_chat.txt,1,10,2,2,1,1,2,2,150,7
het,5,1,0,18,HET_5_18_chat.txt,1,7,2,1,2,2,2,2,50,15
het,5,1,0,18,HET_5_18_chat.txt,1,1,2,1,2,2,2,2,50,17
het,5,1,0,18,HET_5_18_chat.txt,1,11,2,1,2,2,2,2,50,42
het,5,1,0,18,HET_5_18_chat.txt,2,9,1,2,2,1,1,1,50,19
het,5,1,0,18,HET_5_18_chat.txt,2,1,1,1,1,1,1,1,150,13
het,5,1,0,18,HET_5_18_chat.txt,2,3,1,1,1,1,1,1,150,20
het,5,1,0,18,HET_5_18_chat.txt,2,7,1,1,1,1,1,1,150,27
het,5,1,0,18,HET_5_18_chat.txt,2,12,1,1,2,1,1,1,150,31
het,5,1,0,18,HET_5_18_chat.txt,2,8,1,1,1,1,1,1,150,26
het,5,1,0,18,HET_5_18_chat.txt,2,6,1,1,1,1,1,1,150,22
het,5,1,0,18,HET_5_18_chat.txt,2,5,1,1,1,1,1,1,150,35
het,5,1,0,18,HET_5_18_chat.txt,2,10,1,1,1,1,1,1,150,26
het,5,1,0,18,HET_5_18_chat.txt,2,11,2,1,2,1,1,1,150,46
het,5,1,0,18,HET_5_18_chat.txt,2,14,2,2,1,1,1,1,50,21
het,5,1,0,18,HET_5_18_chat.txt,2,2,2,2,2,1,1,1,50,32
het,5,1,0,18,HET_5_18_chat.txt,2,4,2,1,1,1,1,1,150,27
het,5,1,0,18,HET_5_18_chat.txt,2,18,2,1,2,1,1,1,150,40
het,5,1,0,18,HET_5_18_chat.txt,2,15,2,1,1,1,1,1,150,12
het,5,1,0,18,HET_5_18_chat.txt,2,17,2,2,1,2,1,1,50,22
het,5,1,0,18,HET_5_18_chat.txt,2,16,2,1,1,1,1,1,150,18
het,5,1,0,18,HET_5_18_chat.txt,2,13,2,1,1,1,1,1,150,12
het,5,1,0,18,HET_5_18_chat.txt,3,16,1,1,2,2,2,1,10,24
het,5,1,0,18,HET_5_18_chat.txt,3,6,1,1,1,1,2,1,10,70
het,5,1,0,18,HET_5_18_chat.txt,3,3,1,2,1,1,2,1,10,87
het,5,1,0,18,HET_5_18_chat.txt,3,4,1,2,2,2,2,1,10,59
het,5,1,0,18,HET_5_18_chat.txt,3,8,1,2,2,2,2,1,10,25
het,5,1,0,18,HET_5_18_chat.txt,3,2,1,1,1,2,2,1,10,48
het,5,1,0,18,HET_5_18_chat.txt,3,18,1,1,1,1,2,1,10,23
het,5,1,0,18,HET_5_18_chat.txt,3,13,1,2,1,2,2,1,10,17
het,5,1,0,18,HET_5_18_chat.txt,3,14,1,1,2,2,2,1,10,26
het,5,1,0,18,HET_5_18_chat.txt,3,17,2,2,2,1,2,2,150,33
het,5,1,0,18,HET_5_18_chat.txt,3,5,2,2,1,2,2,2,150,21
het,5,1,0,18,HET_5_18_chat.txt,3,1,2,1,1,1,2,2,50,37
het,5,1,0,18,HET_5_18_chat.txt,3,15,2,1,2,2,2,2,50,29
het,5,1,0,18,HET_5_18_chat.txt,3,9,2,1,2,2,2,2,50,29
het,5,1,0,18,HET_5_18_chat.txt,3,10,2,1,2,2,2,2,50,24
het,5,1,0,18,HET_5_18_chat.txt,3,11,2,1,1,2,2,2,50,60
het,5,1,0,18,HET_5_18_chat.txt,3,12,2,1,2,2,2,2,50,25
het,5,1,0,18,HET_5_18_chat.txt,3,7,2,1,2,2,2,2,50,23
het,5,1,0,18,HET_5_18_chat.txt,4,18,1,1,2,1,1,1,150,15
het,5,1,0,18,HET_5_18_chat.txt,4,17,1,1,1,2,1,1,150,23
het,5,1,0,18,HET_5_18_chat.txt,4,2,1,1,1,1,1,1,150,19
het,5,1,0,18,HET_5_18_chat.txt,4,11,1,2,2,2,1,1,50,70
het,5,1,0,18,HET_5_18_chat.txt,4,5,1,2,2,2,1,1,50,98
het,5,1,0,18,HET_5_18_chat.txt,4,8,1,1,2,1,1,1,150,28
het,5,1,0,18,HET_5_18_chat.txt,4,3,1,2,1,1,1,1,50,35
het,5,1,0,18,HET_5_18_chat.txt,4,15,1,2,1,1,1,1,50,30
het,5,1,0,18,HET_5_18_chat.txt,4,14,1,1,1,1,1,1,150,69
het,5,1,0,18,HET_5_18_chat.txt,4,9,2,2,1,1,1,1,50,15
het,5,1,0,18,HET_5_18_chat.txt,4,7,2,2,1,1,1,1,50,26
het,5,1,0,18,HET_5_18_chat.txt,4,12,2,2,1,1,1,1,50,72
het,5,1,0,18,HET_5_18_chat.txt,4,1,2,2,2,1,1,1,50,15
het,5,1,0,18,HET_5_18_chat.txt,4,6,2,2,1,1,1,1,50,23
het,5,1,0,18,HET_5_18_chat.txt,4,10,2,2,1,1,1,1,50,16
het,5,1,0,18,HET_5_18_chat.txt,4,16,2,1,2,2,1,1,150,44
het,5,1,0,18,HET_5_18_chat.txt,4,4,2,1,1,1,1,1,150,24
het,5,1,0,18,HET_5_18_chat.txt,4,13,2,1,1,1,1,1,150,9
het,5,1,0,18,HET_5_18_chat.txt,5,12,1,1,1,1,1,1,150,43
het,5,1,0,18,HET_5_18_chat.txt,5,5,1,2,1,1,1,1,50,47
het,5,1,0,18,HET_5_18_chat.txt,5,17,1,1,2,1,1,1,150,27
het,5,1,0,18,HET_5_18_chat.txt,5,8,1,1,2,1,1,1,150,43
het,5,1,0,18,HET_5_18_chat.txt,5,3,1,2,2,2,1,1,50,85
het,5,1,0,18,HET_5_18_chat.txt,5,6,1,1,1,1,1,1,150,53
het,5,1,0,18,HET_5_18_chat.txt,5,16,1,2,2,2,1,1,50,21
het,5,1,0,18,HET_5_18_chat.txt,5,11,1,1,1,1,1,1,150,85
het,5,1,0,18,HET_5_18_chat.txt,5,2,1,1,2,1,1,1,150,60
het,5,1,0,18,HET_5_18_chat.txt,5,9,2,2,2,2,2,2,150,28
het,5,1,0,18,HET_5_18_chat.txt,5,15,2,1,1,2,2,2,50,47
het,5,1,0,18,HET_5_18_chat.txt,5,18,2,1,2,1,2,2,50,25
het,5,1,0,18,HET_5_18_chat.txt,5,10,2,1,1,2,2,2,50,15
het,5,1,0,18,HET_5_18_chat.txt,5,1,2,1,2,2,2,2,50,20
het,5,1,0,18,HET_5_18_chat.txt,5,4,2,2,1,2,2,2,150,41
het,5,1,0,18,HET_5_18_chat.txt,5,13,2,2,1,2,2,2,150,24
het,5,1,0,18,HET_5_18_chat.txt,5,7,2,2,2,2,2,2,150,15
het,5,1,0,18,HET_5_18_chat.txt,5,14,2,1,2,2,2,2,50,82
het,5,1,0,18,HET_5_18_chat.txt,6,15,1,2,1,1,1,1,50,17
het,5,1,0,18,HET_5_18_chat.txt,6,7,1,1,1,1,1,1,150,19
het,5,1,0,18,HET_5_18_chat.txt,6,1,1,2,1,1,1,1,50,11
het,5,1,0,18,HET_5_18_chat.txt,6,6,1,2,1,1,1,1,50,19
het,5,1,0,18,HET_5_18_chat.txt,6,13,1,1,1,1,1,1,150,31
het,5,1,0,18,HET_5_18_chat.txt,6,5,1,1,1,1,1,1,150,16
het,5,1,0,18,HET_5_18_chat.txt,6,17,1,1,1,1,1,1,150,35
het,5,1,0,18,HET_5_18_chat.txt,6,16,1,2,2,2,1,1,50,20
het,5,1,0,18,HET_5_18_chat.txt,6,12,1,1,1,1,1,1,150,37
het,5,1,0,18,HET_5_18_chat.txt,6,3,2,1,1,2,2,2,50,28
het,5,1,0,18,HET_5_18_chat.txt,6,18,2,2,1,2,2,2,150,22
het,5,1,0,18,HET_5_18_chat.txt,6,4,2,2,2,2,2,2,150,26
het,5,1,0,18,HET_5_18_chat.txt,6,10,2,1,2,2,2,2,50,24
het,5,1,0,18,HET_5_18_chat.txt,6,14,2,2,1,1,2,2,150,36
het,5,1,0,18,HET_5_18_chat.txt,6,2,2,2,2,2,2,2,150,38
het,5,1,0,18,HET_5_18_chat.txt,6,8,2,1,1,2,2,2,50,28
het,5,1,0,18,HET_5_18_chat.txt,6,9,2,1,2,2,2,2,50,49
het,5,1,0,18,HET_5_18_chat.txt,6,11,2,2,2,2,2,2,150,48
het,5,1,0,18,HET_5_18_chat.txt,7,4,1,2,1,2,2,2,150,23
het,5,1,0,18,HET_5_18_chat.txt,7,18,1,2,2,2,2,2,150,17
het,5,1,0,18,HET_5_18_chat.txt,7,2,1,1,2,2,2,2,50,28
het,5,1,0,18,HET_5_18_chat.txt,7,5,1,1,2,2,2,2,50,20
het,5,1,0,18,HET_5_18_chat.txt,7,7,1,1,2,2,2,2,50,15
het,5,1,0,18,HET_5_18_chat.txt,7,10,1,2,2,2,2,2,150,13
het,5,1,0,18,HET_5_18_chat.txt,7,15,1,2,1,2,2,2,150,21
het,5,1,0,18,HET_5_18_chat.txt,7,11,1,1,2,2,2,2,50,28
het,5,1,0,18,HET_5_18_chat.txt,7,13,1,1,1,1,2,2,50,24
het,5,1,0,18,HET_5_18_chat.txt,7,6,2,2,1,1,1,1,50,59
het,5,1,0,18,HET_5_18_chat.txt,7,16,2,1,2,2,1,1,150,18
het,5,1,0,18,HET_5_18_chat.txt,7,12,2,2,2,2,1,1,50,28
het,5,1,0,18,HET_5_18_chat.txt,7,17,2,1,2,2,1,1,150,21
het,5,1,0,18,HET_5_18_chat.txt,7,9,2,1,1,1,1,1,150,24
het,5,1,0,18,HET_5_18_chat.txt,7,14,2,2,1,1,1,1,50,22
het,5,1,0,18,HET_5_18_chat.txt,7,8,2,2,2,1,1,1,50,33
het,5,1,0,18,HET_5_18_chat.txt,7,1,2,2,1,1,1,1,50,13
het,5,1,0,18,HET_5_18_chat.txt,7,3,2,2,1,1,1,1,50,31
het,5,1,0,18,HET_5_18_chat.txt,8,10,1,1,1,1,1,1,150,17
het,5,1,0,18,HET_5_18_chat.txt,8,8,1,2,1,1,1,1,50,13
het,5,1,0,18,HET_5_18_chat.txt,8,16,1,2,1,1,1,1,50,19
het,5,1,0,18,HET_5_18_chat.txt,8,9,1,1,1,1,1,1,150,14
het,5,1,0,18,HET_5_18_chat.txt,8,14,1,1,1,1,1,1,150,15
het,5,1,0,18,HET_5_18_chat.txt,8,12,1,2,1,1,1,1,50,23
het,5,1,0,18,HET_5_18_chat.txt,8,2,1,2,1,1,1,1,50,17
het,5,1,0,18,HET_5_18_chat.txt,8,15,1,2,1,1,1,1,50,13
het,5,1,0,18,HET_5_18_chat.txt,8,4,1,1,1,1,1,1,150,12
het,5,1,0,18,HET_5_18_chat.txt,8,1,2,1,2,2,2,2,50,19
het,5,1,0,18,HET_5_18_chat.txt,8,13,2,2,2,2,2,2,150,17
het,5,1,0,18,HET_5_18_chat.txt,8,17,2,2,2,2,2,2,150,33
het,5,1,0,18,HET_5_18_chat.txt,8,3,2,2,2,2,2,2,150,19
het,5,1,0,18,HET_5_18_chat.txt,8,6,2,1,1,2,2,2,50,22
het,5,1,0,18,HET_5_18_chat.txt,8,5,2,1,1,2,2,2,50,24
het,5,1,0,18,HET_5_18_chat.txt,8,11,2,2,2,2,2,2,150,37
het,5,1,0,18,HET_5_18_chat.txt,8,7,2,2,2,2,2,2,150,28
het,5,1,0,18,HET_5_18_chat.txt,8,18,2,2,2,2,2,2,150,15
het,5,1,0,18,HET_5_18_chat.txt,9,12,1,1,1,2,2,2,50,33
het,5,1,0,18,HET_5_18_chat.txt,9,4,1,2,2,2,2,2,150,27
het,5,1,0,18,HET_5_18_chat.txt,9,8,1,2,2,2,2,2,150,46
het,5,1,0,18,HET_5_18_chat.txt,9,16,1,1,2,2,2,2,50,34
het,5,1,0,18,HET_5_18_chat.txt,9,13,1,1,1,1,2,2,50,28
het,5,1,0,18,HET_5_18_chat.txt,9,17,1,2,1,1,2,2,150,17
het,5,1,0,18,HET_5_18_chat.txt,9,2,1,1,2,2,2,2,50,31
het,5,1,0,18,HET_5_18_chat.txt,9,7,1,2,1,1,2,2,150,43
het,5,1,0,18,HET_5_18_chat.txt,9,10,1,2,2,2,2,2,150,25
het,5,1,0,18,HET_5_18_chat.txt,9,9,2,1,2,2,2,2,50,33
het,5,1,0,18,HET_5_18_chat.txt,9,1,2,2,1,2,2,2,150,13
het,5,1,0,18,HET_5_18_chat.txt,9,14,2,1,1,1,2,2,50,26
het,5,1,0,18,HET_5_18_chat.txt,9,18,2,2,2,2,2,2,150,11
het,5,1,0,18,HET_5_18_chat.txt,9,5,2,2,2,2,2,2,150,23
het,5,1,0,18,HET_5_18_chat.txt,9,6,2,1,1,2,2,2,50,27
het,5,1,0,18,HET_5_18_chat.txt,9,11,2,1,2,2,2,2,50,36
het,5,1,0,18,HET_5_18_chat.txt,9,3,2,2,2,2,2,2,150,14
het,5,1,0,18,HET_5_18_chat.txt,9,15,2,2,2,2,2,2,150,24
het,5,1,0,18,HET_5_18_chat.txt,10,5,1,2,1,1,1,1,50,22
het,5,1,0,18,HET_5_18_chat.txt,10,6,1,1,2,1,1,1,150,19
het,5,1,0,18,HET_5_18_chat.txt,10,3,1,2,2,1,1,1,50,14
het,5,1,0,18,HET_5_18_chat.txt,10,13,1,1,1,1,1,1,150,22
het,5,1,0,18,HET_5_18_chat.txt,10,17,1,1,1,1,1,1,150,18
het,5,1,0,18,HET_5_18_chat.txt,10,8,1,1,1,1,1,1,150,20
het,5,1,0,18,HET_5_18_chat.txt,10,11,1,1,1,1,1,1,150,22
het,5,1,0,18,HET_5_18_chat.txt,10,2,1,2,1,1,1,1,50,22
het,5,1,0,18,HET_5_18_chat.txt,10,16,1,2,1,1,1,1,50,22
het,5,1,0,18,HET_5_18_chat.txt,10,12,2,2,2,2,2,2,150,30
het,5,1,0,18,HET_5_18_chat.txt,10,14,2,1,2,2,2,2,50,17
het,5,1,0,18,HET_5_18_chat.txt,10,7,2,2,2,2,2,2,150,19
het,5,1,0,18,HET_5_18_chat.txt,10,1,2,2,1,2,2,2,150,15
het,5,1,0,18,HET_5_18_chat.txt,10,4,2,2,2,2,2,2,150,25
het,5,1,0,18,HET_5_18_chat.txt,10,10,2,1,2,2,2,2,50,18
het,5,1,0,18,HET_5_18_chat.txt,10,15,2,2,2,2,2,2,150,19
het,5,1,0,18,HET_5_18_chat.txt,10,9,2,2,1,1,2,2,150,39
het,5,1,0,18,HET_5_18_chat.txt,10,18,2,2,1,2,2,2,150,14
het,5,1,0,18,HET_5_18_chat.txt,11,8,1,2,1,1,1,1,50,13
het,5,1,0,18,HET_5_18_chat.txt,11,1,1,1,1,1,1,1,150,13
het,5,1,0,18,HET_5_18_chat.txt,11,14,1,1,1,1,1,1,150,13
het,5,1,0,18,HET_5_18_chat.txt,11,2,1,1,2,1,1,1,150,16
het,5,1,0,18,HET_5_18_chat.txt,11,5,1,1,1,1,1,1,150,15
het,5,1,0,18,HET_5_18_chat.txt,11,6,1,2,1,1,1,1,50,22
het,5,1,0,18,HET_5_18_chat.txt,11,18,1,1,1,1,1,1,150,11
het,5,1,0,18,HET_5_18_chat.txt,11,9,1,2,1,1,1,1,50,20
het,5,1,0,18,HET_5_18_chat.txt,11,4,1,2,2,1,1,1,50,21
het,5,1,0,18,HET_5_18_chat.txt,11,15,2,1,1,1,1,2,10,21
het,5,1,0,18,HET_5_18_chat.txt,11,16,2,2,2,1,1,2,10,32
het,5,1,0,18,HET_5_18_chat.txt,11,7,2,2,1,1,1,2,10,24
het,5,1,0,18,HET_5_18_chat.txt,11,13,2,2,1,2,1,2,10,23
het,5,1,0,18,HET_5_18_chat.txt,11,11,2,1,1,2,1,2,10,49
het,5,1,0,18,HET_5_18_chat.txt,11,10,2,2,2,1,1,2,10,21
het,5,1,0,18,HET_5_18_chat.txt,11,17,2,1,1,1,1,2,10,23
het,5,1,0,18,HET_5_18_chat.txt,11,12,2,1,2,2,1,2,10,63
het,5,1,0,18,HET_5_18_chat.txt,11,3,2,2,2,2,1,2,10,50
het,5,1,0,18,HET_5_18_chat.txt,12,11,1,1,2,2,2,2,50,24
het,5,1,0,18,HET_5_18_chat.txt,12,16,1,2,2,2,2,2,150,22
het,5,1,0,18,HET_5_18_chat.txt,12,2,1,1,2,2,2,2,50,17
het,5,1,0,18,HET_5_18_chat.txt,12,15,1,2,2,2,2,2,150,15
het,5,1,0,18,HET_5_18_chat.txt,12,4,1,1,2,2,2,2,50,19
het,5,1,0,18,HET_5_18_chat.txt,12,5,1,2,2,2,2,2,150,15
het,5,1,0,18,HET_5_18_chat.txt,12,10,1,2,1,2,2,2,150,13
het,5,1,0,18,HET_5_18_chat.txt,12,1,1,1,1,2,2,2,50,15
het,5,1,0,18,HET_5_18_chat.txt,12,12,1,2,2,2,2,2,150,20
het,5,1,0,18,HET_5_18_chat.txt,12,7,2,1,1,1,1,1,150,11
het,5,1,0,18,HET_5_18_chat.txt,12,9,2,2,1,1,1,1,50,27
het,5,1,0,18,HET_5_18_chat.txt,12,17,2,2,1,1,1,1,50,14
het,5,1,0,18,HET_5_18_chat.txt,12,6,2,2,1,1,1,1,50,15
het,5,1,0,18,HET_5_18_chat.txt,12,3,2,1,1,1,1,1,150,10
het,5,1,0,18,HET_5_18_chat.txt,12,13,2,2,1,2,1,1,50,12
het,5,1,0,18,HET_5_18_chat.txt,12,8,2,1,1,1,1,1,150,10
het,5,1,0,18,HET_5_18_chat.txt,12,18,2,1,1,1,1,1,150,8
het,5,1,0,18,HET_5_18_chat.txt,12,14,2,1,1,1,1,1,150,15
het,5,1,0,18,HET_5_18_chat.txt,13,4,1,2,1,1,1,2,10,30
het,5,1,0,18,HET_5_18_chat.txt,13,3,1,2,1,1,1,2,10,16
het,5,1,0,18,HET_5_18_chat.txt,13,6,1,1,2,1,1,2,10,29
het,5,1,0,18,HET_5_18_chat.txt,13,5,1,2,1,1,1,2,10,21
het,5,1,0,18,HET_5_18_chat.txt,13,9,1,2,1,1,1,2,10,27
het,5,1,0,18,HET_5_18_chat.txt,13,17,1,1,2,1,1,2,10,18
het,5,1,0,18,HET_5_18_chat.txt,13,1,1,2,2,1,1,2,10,23
het,5,1,0,18,HET_5_18_chat.txt,13,16,1,1,1,1,1,2,10,24
het,5,1,0,18,HET_5_18_chat.txt,13,10,1,1,2,1,1,2,10,26
het,5,1,0,18,HET_5_18_chat.txt,13,8,2,1,2,1,1,1,150,19
het,5,1,0,18,HET_5_18_chat.txt,13,15,2,2,1,1,1,1,50,24
het,5,1,0,18,HET_5_18_chat.txt,13,2,2,2,1,1,1,1,50,22
het,5,1,0,18,HET_5_18_chat.txt,13,11,2,1,2,1,1,1,150,35
het,5,1,0,18,HET_5_18_chat.txt,13,13,2,1,1,1,1,1,150,18
het,5,1,0,18,HET_5_18_chat.txt,13,12,2,1,1,1,1,1,150,39
het,5,1,0,18,HET_5_18_chat.txt,13,18,2,1,1,1,1,1,150,11
het,5,1,0,18,HET_5_18_chat.txt,13,14,2,1,2,2,1,1,150,17
het,5,1,0,18,HET_5_18_chat.txt,13,7,2,2,1,1,1,1,50,26
het,5,1,0,18,HET_5_18_chat.txt,14,1,1,2,2,2,2,2,150,14
het,5,1,0,18,HET_5_18_chat.txt,14,18,1,2,1,2,2,2,150,11
het,5,1,0,18,HET_5_18_chat.txt,14,5,1,1,2,2,2,2,50,28
het,5,1,0,18,HET_5_18_chat.txt,14,14,1,2,2,2,2,2,150,10
het,5,1,0,18,HET_5_18_chat.txt,14,13,1,1,2,1,2,2,50,12
het,5,1,0,18,HET_5_18_chat.txt,14,11,1,2,2,2,2,2,150,34
het,5,1,0,18,HET_5_18_chat.txt,14,3,1,1,2,2,2,2,50,13
het,5,1,0,18,HET_5_18_chat.txt,14,4,1,1,2,2,2,2,50,15
het,5,1,0,18,HET_5_18_chat.txt,14,15,1,2,1,2,2,2,150,13
het,5,1,0,18,HET_5_18_chat.txt,14,9,2,1,1,1,1,1,150,26
het,5,1,0,18,HET_5_18_chat.txt,14,16,2,1,1,1,1,1,150,19
het,5,1,0,18,HET_5_18_chat.txt,14,17,2,2,2,2,1,1,50,14
het,5,1,0,18,HET_5_18_chat.txt,14,7,2,2,1,1,1,1,50,23
het,5,1,0,18,HET_5_18_chat.txt,14,8,2,2,1,1,1,1,50,30
het,5,1,0,18,HET_5_18_chat.txt,14,12,2,2,1,1,1,1,50,31
het,5,1,0,18,HET_5_18_chat.txt,14,6,2,1,1,1,1,1,150,29
het,5,1,0,18,HET_5_18_chat.txt,14,2,2,2,2,1,1,1,50,28
het,5,1,0,18,HET_5_18_chat.txt,14,10,2,1,2,1,1,1,150,18
het,5,1,0,18,HET_5_18_chat.txt,15,18,1,2,1,2,1,1,50,15
het,5,1,0,18,HET_5_18_chat.txt,15,2,1,2,1,1,1,1,50,22
het,5,1,0,18,HET_5_18_chat.txt,15,6,1,2,2,1,1,1,50,21
het,5,1,0,18,HET_5_18_chat.txt,15,17,1,1,1,1,1,1,150,14
het,5,1,0,18,HET_5_18_chat.txt,15,14,1,1,1,1,1,1,150,11
het,5,1,0,18,HET_5_18_chat.txt,15,8,1,2,1,1,1,1,50,22
het,5,1,0,18,HET_5_18_chat.txt,15,10,1,1,1,1,1,1,150,11
het,5,1,0,18,HET_5_18_chat.txt,15,13,1,1,1,1,1,1,150,14
het,5,1,0,18,HET_5_18_chat.txt,15,11,1,2,2,1,1,1,50,29
het,5,1,0,18,HET_5_18_chat.txt,15,4,2,1,1,1,1,1,150,28
het,5,1,0,18,HET_5_18_chat.txt,15,9,2,1,1,1,1,1,150,20
het,5,1,0,18,HET_5_18_chat.txt,15,16,2,1,2,1,1,1,150,48
het,5,1,0,18,HET_5_18_chat.txt,15,1,2,2,1,1,1,1,50,14
het,5,1,0,18,HET_5_18_chat.txt,15,15,2,2,1,1,1,1,50,14
het,5,1,0,18,HET_5_18_chat.txt,15,7,2,2,1,1,1,1,50,34
het,5,1,0,18,HET_5_18_chat.txt,15,12,2,2,1,1,1,1,50,36
het,5,1,0,18,HET_5_18_chat.txt,15,3,2,2,1,1,1,1,50,15
het,5,1,0,18,HET_5_18_chat.txt,15,5,2,1,1,1,1,1,150,22
het,5,0,0,18,HET_5_18_nochat.txt,1,9,1,1,2,2,1,1,150,7
het,5,0,0,18,HET_5_18_nochat.txt,1,18,1,2,2,2,1,1,50,6
het,5,0,0,18,HET_5_18_nochat.txt,1,5,1,2,2,1,1,1,50,7
het,5,0,0,18,HET_5_18_nochat.txt,1,4,1,1,2,1,1,1,150,43
het,5,0,0,18,HET_5_18_nochat.txt,1,16,1,2,1,1,1,1,50,39
het,5,0,0,18,HET_5_18_nochat.txt,1,14,1,2,2,2,1,1,50,7
het,5,0,0,18,HET_5_18_nochat.txt,1,13,1,1,2,1,1,1,150,10
het,5,0,0,18,HET_5_18_nochat.txt,1,17,1,1,2,1,1,1,150,14
het,5,0,0,18,HET_5_18_nochat.txt,1,2,1,2,1,2,1,1,50,6
het,5,0,0,18,HET_5_18_nochat.txt,1,3,2,2,2,2,2,2,150,4
het,5,0,0,18,HET_5_18_nochat.txt,1,12,2,1,1,1,2,2,50,31
het,5,0,0,18,HET_5_18_nochat.txt,1,8,2,1,1,2,2,2,50,7
het,5,0,0,18,HET_5_18_nochat.txt,1,6,2,2,1,2,2,2,150,24
het,5,0,0,18,HET_5_18_nochat.txt,1,15,2,1,2,2,2,2,50,11
het,5,0,0,18,HET_5_18_nochat.txt,1,10,2,1,1,2,2,2,50,21
het,5,0,0,18,HET_5_18_nochat.txt,1,7,2,2,2,1,2,2,150,10
het,5,0,0,18,HET_5_18_nochat.txt,1,1,2,2,1,2,2,2,150,24
het,5,0,0,18,HET_5_18_nochat.txt,1,11,2,1,1,1,2,2,50,9
het,5,0,0,18,HET_5_18_nochat.txt,2,9,1,2,2,1,1,1,50,6
het,5,0,0,18,HET_5_18_nochat.txt,2,1,1,1,2,1,1,1,150,7
het,5,0,0,18,HET_5_18_nochat.txt,2,3,1,2,1,1,1,1,50,14
het,5,0,0,18,HET_5_18_nochat.txt,2,7,1,1,1,2,1,1,150,8
het,5,0,0,18,HET_5_18_nochat.txt,2,12,1,1,2,1,1,1,150,6
het,5,0,0,18,HET_5_18_nochat.txt,2,8,1,1,2,2,1,1,150,5
het,5,0,0,18,HET_5_18_nochat.txt,2,6,1,1,1,1,1,1,150,7
het,5,0,0,18,HET_5_18_nochat.txt,2,5,1,2,1,1,1,1,50,15
het,5,0,0,18,HET_5_18_nochat.txt,2,10,1,1,2,2,1,1,150,8
het,5,0,0,18,HET_5_18_nochat.txt,2,11,2,2,1,2,2,2,150,12
het,5,0,0,18,HET_5_18_nochat.txt,2,14,2,2,2,1,2,2,150,15
het,5,0,0,18,HET_5_18_nochat.txt,2,2,2,2,2,2,2,2,150,14
het,5,0,0,18,HET_5_18_nochat.txt,2,4,2,2,2,1,2,2,150,19
het,5,0,0,18,HET_5_18_nochat.txt,2,18,2,1,2,2,2,2,50,12
het,5,0,0,18,HET_5_18_nochat.txt,2,15,2,1,2,2,2,2,50,7
het,5,0,0,18,HET_5_18_nochat.txt,2,17,2,1,1,2,2,2,50,22
het,5,0,0,18,HET_5_18_nochat.txt,2,16,2,2,2,1,2,2,150,59
het,5,0,0,18,HET_5_18_nochat.txt,2,13,2,1,2,1,2,2,50,35
het,5,0,0,18,HET_5_18_nochat.txt,3,16,1,1,1,2,2,1,10,80
het,5,0,0,18,HET_5_18_nochat.txt,3,6,1,2,1,2,2,1,10,21
het,5,0,0,18,HET_5_18_nochat.txt,3,3,1,1,1,1,2,1,10,5
het,5,0,0,18,HET_5_18_nochat.txt,3,4,1,1,2,2,2,1,10,10
het,5,0,0,18,HET_5_18_nochat.txt,3,8,1,2,1,2,2,1,10,7
het,5,0,0,18,HET_5_18_nochat.txt,3,2,1,1,2,1,2,1,10,32
het,5,0,0,18,HET_5_18_nochat.txt,3,18,1,2,1,1,2,1,10,11
het,5,0,0,18,HET_5_18_nochat.txt,3,13,1,2,1,2,2,1,10,35
het,5,0,0,18,HET_5_18_nochat.txt,3,14,1,1,1,2,2,1,10,11
het,5,0,0,18,HET_5_18_nochat.txt,3,17,2,1,2,1,1,1,150,19
het,5,0,0,18,HET_5_18_nochat.txt,3,5,2,1,1,1,1,1,150,16
het,5,0,0,18,HET_5_18_nochat.txt,3,1,2,2,2,2,1,1,50,14
het,5,0,0,18,HET_5_18_nochat.txt,3,15,2,2,1,1,1,1,50,5
het,5,0,0,18,HET_5_18_nochat.txt,3,9,2,1,2,2,1,1,150,4
het,5,0,0,18,HET_5_18_nochat.txt,3,10,2,1,2,1,1,1,150,14
het,5,0,0,18,HET_5_18_nochat.txt,3,11,2,2,2,2,1,1,50,13
het,5,0,0,18,HET_5_18_nochat.txt,3,12,2,2,2,1,1,1,50,16
het,5,0,0,18,HET_5_18_nochat.txt,3,7,2,2,1,1,1,1,50,4
het,5,0,0,18,HET_5_18_nochat.txt,4,18,1,2,1,1,1,1,50,11
het,5,0,0,18,HET_5_18_nochat.txt,4,17,1,1,1,2,1,1,150,6
het,5,0,0,18,HET_5_18_nochat.txt,4,2,1,2,1,1,1,1,50,33
het,5,0,0,18,HET_5_18_nochat.txt,4,11,1,1,2,1,1,1,150,13
het,5,0,0,18,HET_5_18_nochat.txt,4,5,1,2,2,2,1,1,50,7
het,5,0,0,18,HET_5_18_nochat.txt,4,8,1,1,1,1,1,1,150,6
het,5,0,0,18,HET_5_18_nochat.txt,4,3,1,2,1,2,1,1,50,7
het,5,0,0,18,HET_5_18_nochat.txt,4,15,1,2,1,1,1,1,50,2
het,5,0,0,18,HET_5_18_nochat.txt,4,14,1,1,1,1,1,1,150,8
het,5,0,0,18,HET_5_18_nochat.txt,4,9,2,2,1,2,2,2,150,4
het,5,0,0,18,HET_5_18_nochat.txt,4,7,2,1,1,2,2,2,50,7
het,5,0,0,18,HET_5_18_nochat.txt,4,12,2,1,2,1,2,2,50,6
het,5,0,0,18,HET_5_18_nochat.txt,4,1,2,1,1,2,2,2,50,15
het,5,0,0,18,HET_5_18_nochat.txt,4,6,2,1,2,2,2,2,50,9
het,5,0,0,18,HET_5_18_nochat.txt,4,10,2,2,1,2,2,2,150,7
het,5,0,0,18,HET_5_18_nochat.txt,4,16,2,1,2,1,2,2,50,16
het,5,0,0,18,HET_5_18_nochat.txt,4,4,2,1,1,1,2,2,50,14
het,5,0,0,18,HET_5_18_nochat.txt,4,13,2,1,1,1,2,2,50,30
het,5,0,0,18,HET_5_18_nochat.txt,5,12,1,1,1,2,2,1,10,7
het,5,0,0,18,HET_5_18_nochat.txt,5,5,1,1,2,1,2,1,10,13
het,5,0,0,18,HET_5_18_nochat.txt,5,17,1,1,1,2,2,1,10,10
het,5,0,0,18,HET_5_18_nochat.txt,5,8,1,2,1,2,2,1,10,5
het,5,0,0,18,HET_5_18_nochat.txt,5,3,1,2,2,1,2,1,10,31
het,5,0,0,18,HET_5_18_nochat.txt,5,6,1,2,1,1,2,1,10,15
het,5,0,0,18,HET_5_18_nochat.txt,5,16,1,1,1,2,2,1,10,14
het,5,0,0,18,HET_5_18_nochat.txt,5,11,1,2,1,2,2,1,10,10
het,5,0,0,18,HET_5_18_nochat.txt,5,2,1,1,2,1,2,1,10,13
het,5,0,0,18,HET_5_18_nochat.txt,5,9,2,2,2,2,2,2,150,3
het,5,0,0,18,HET_5_18_nochat.txt,5,15,2,2,2,2,2,2,150,4
het,5,0,0,18,HET_5_18_nochat.txt,5,18,2,1,1,2,2,2,50,15
het,5,0,0,18,HET_5_18_nochat.txt,5,10,2,2,2,2,2,2,150,9
het,5,0,0,18,HET_5_18_nochat.txt,5,1,2,1,2,1,2,2,50,9
het,5,0,0,18,HET_5_18_nochat.txt,5,4,2,2,2,1,2,2,150,15
het,5,0,0,18,HET_5_18_nochat.txt,5,13,2,2,1,1,2,2,150,33
het,5,0,0,18,HET_5_18_nochat.txt,5,7,2,1,2,2,2,2,50,7
het,5,0,0,18,HET_5_18_nochat.txt,5,14,2,1,2,1,2,2,50,6
het,5,0,0,18,HET_5_18_nochat.txt,6,15,1,2,2,1,1,1,50,5
het,5,0,0,18,HET_5_18_nochat.txt,6,7,1,1,1,1,1,1,150,9
het,5,0,0,18,HET_5_18_nochat.txt,6,1,1,2,2,1,1,1,50,12
het,5,0,0,18,HET_5_18_nochat.txt,6,6,1,2,2,2,1,1,50,9
het,5,0,0,18,HET_5_18_nochat.txt,6,13,1,1,1,2,1,1,150,35
het,5,0,0,18,HET_5_18_nochat.txt,6,5,1,2,1,1,1,1,50,13
het,5,0,0,18,HET_5_18_nochat.txt,6,17,1,1,2,1,1,1,150,9
het,5,0,0,18,HET_5_18_nochat.txt,6,16,1,2,1,1,1,1,50,14
het,5,0,0,18,HET_5_18_nochat.txt,6,12,1,1,1,1,1,1,150,10
het,5,0,0,18,HET_5_18_nochat.txt,6,3,2,2,2,1,2,2,150,4
het,5,0,0,18,HET_5_18_nochat.txt,6,18,2,2,2,2,2,2,150,6
het,5,0,0,18,HET_5_18_nochat.txt,6,4,2,2,2,2,2,2,150,9
het,5,0,0,18,HET_5_18_nochat.txt,6,10,2,1,2,1,2,2,50,7
het,5,0,0,18,HET_5_18_nochat.txt,6,14,2,1,1,1,2,2,50,5
het,5,0,0,18,HET_5_18_nochat.txt,6,2,2,2,2,2,2,2,150,9
het,5,0,0,18,HET_5_18_nochat.txt,6,8,2,2,2,1,2,2,150,3
het,5,0,0,18,HET_5_18_nochat.txt,6,9,2,2,2,2,2,2,150,3
het,5,0,0,18,HET_5_18_nochat.txt,6,11,2,2,2,2,2,2,150,14
het,5,0,0,18,HET_5_18_nochat.txt,7,4,1,1,1,2,2,2,50,7
het,5,0,0,18,HET_5_18_nochat.txt,7,18,1,2,1,1,2,2,150,7
het,5,0,0,18,HET_5_18_nochat.txt,7,2,1,1,1,2,2,2,50,6
het,5,0,0,18,HET_5_18_nochat.txt,7,5,1,1,1,1,2,2,50,5
het,5,0,0,18,HET_5_18_nochat.txt,7,7,1,2,1,1,2,2,150,8
het,5,0,0,18,HET_5_18_nochat.txt,7,10,1,1,1,2,2,2,50,20
het,5,0,0,18,HET_5_18_nochat.txt,7,15,1,1,1,2,2,2,50,13
het,5,0,0,18,HET_5_18_nochat.txt,7,11,1,1,2,1,2,2,50,8
het,5,0,0,18,HET_5_18_nochat.txt,7,13,1,2,1,2,2,2,150,29
het,5,0,0,18,HET_5_18_nochat.txt,7,6,2,1,1,1,2,2,50,11
het,5,0,0,18,HET_5_18_nochat.txt,7,16,2,2,2,1,2,2,150,15
het,5,0,0,18,HET_5_18_nochat.txt,7,12,2,2,2,2,2,2,150,13
het,5,0,0,18,HET_5_18_nochat.txt,7,17,2,1,1,2,2,2,50,7
het,5,0,0,18,HET_5_18_nochat.txt,7,9,2,2,1,2,2,2,150,3
het,5,0,0,18,HET_5_18_nochat.txt,7,14,2,2,1,2,2,2,150,4
het,5,0,0,18,HET_5_18_nochat.txt,7,8,2,2,1,1,2,2,150,4
het,5,0,0,18,HET_5_18_nochat.txt,7,1,2,1,2,2,2,2,50,9
het,5,0,0,18,HET_5_18_nochat.txt,7,3,2,2,1,2,2,2,150,5
het,5,0,0,18,HET_5_18_nochat.txt,8,10,1,2,2,2,2,2,150,8
het,5,0,0,18,HET_5_18_nochat.txt,8,8,1,1,1,1,2,2,50,2
het,5,0,0,18,HET_5_18_nochat.txt,8,16,1,2,1,1,2,2,150,13
het,5,0,0,18,HET_5_18_nochat.txt,8,9,1,2,1,2,2,2,150,3
het,5,0,0,18,HET_5_18_nochat.txt,8,14,1,1,1,1,2,2,50,5
het,5,0,0,18,HET_5_18_nochat.txt,8,12,1,2,2,2,2,2,150,4
het,5,0,0,18,HET_5_18_nochat.txt,8,2,1,1,2,2,2,2,50,22
het,5,0,0,18,HET_5_18_nochat.txt,8,15,1,1,2,1,2,2,50,4
het,5,0,0,18,HET_5_18_nochat.txt,8,4,1,1,1,2,2,2,50,4
het,5,0,0,18,HET_5_18_nochat.txt,8,1,2,1,2,2,2,1,10,9
het,5,0,0,18,HET_5_18_nochat.txt,8,13,2,2,2,1,2,1,10,13
het,5,0,0,18,HET_5_18_nochat.txt,8,17,2,2,1,2,2,1,10,5
het,5,0,0,18,HET_5_18_nochat.txt,8,3,2,2,2,2,2,1,10,5
het,5,0,0,18,HET_5_18_nochat.txt,8,6,2,1,2,1,2,1,10,10
het,5,0,0,18,HET_5_18_nochat.txt,8,5,2,1,2,1,2,1,10,7
het,5,0,0,18,HET_5_18_nochat.txt,8,11,2,1,2,1,2,1,10,14
het,5,0,0,18,HET_5_18_nochat.txt,8,7,2,1,2,2,2,1,10,13
het,5,0,0,18,HET_5_18_nochat.txt,8,18,2,2,2,2,2,1,10,8
het,5,0,0,18,HET_5_18_nochat.txt,9,12,1,1,2,2,2,2,50,7
het,5,0,0,18,HET_5_18_nochat.txt,9,4,1,1,1,2,2,2,50,10
het,5,0,0,18,HET_5_18_nochat.txt,9,8,1,1,2,2,2,2,50,9
het,5,0,0,18,HET_5_18_nochat.txt,9,16,1,1,2,2,2,2,50,28
het,5,0,0,18,HET_5_18_nochat.txt,9,13,1,1,1,2,2,2,50,12
het,5,0,0,18,HET_5_18_nochat.txt,9,17,1,2,2,1,2,2,150,10
het,5,0,0,18,HET_5_18_nochat.txt,9,2,1,1,2,2,2,2,50,14
het,5,0,0,18,HET_5_18_nochat.txt,9,7,1,2,1,2,2,2,150,7
het,5,0,0,18,HET_5_18_nochat.txt,9,10,1,1,2,2,2,2,50,4
het,5,0,0,18,HET_5_18_nochat.txt,9,9,2,2,2,1,1,1,50,6
het,5,0,0,18,HET_5_18_nochat.txt,9,1,2,2,1,2,1,1,50,5
het,5,0,0,18,HET_5_18_nochat.txt,9,14,2,2,2,2,1,1,50,11
het,5,0,0,18,HET_5_18_nochat.txt,9,18,2,1,2,1,1,1,150,4
het,5,0,0,18,HET_5_18_nochat.txt,9,5,2,2,2,1,1,1,50,16
het,5,0,0,18,HET_5_18_nochat.txt,9,6,2,1,1,2,1,1,150,11
het,5,0,0,18,HET_5_18_nochat.txt,9,11,2,1,2,1,1,1,150,6
het,5,0,0,18,HET_5_18_nochat.txt,9,3,2,1,2,1,1,1,150,4
het,5,0,0,18,HET_5_18_nochat.txt,9,15,2,1,2,1,1,1,150,6
het,5,0,0,18,HET_5_18_nochat.txt,10,5,1,1,2,2,2,1,10,14
het,5,0,0,18,HET_5_18_nochat.txt,10,6,1,1,2,2,2,1,10,11
het,5,0,0,18,HET_5_18_nochat.txt,10,3,1,1,2,2,2,1,10,2
het,5,0,0,18,HET_5_18_nochat.txt,10,13,1,1,2,1,2,1,10,13
het,5,0,0,18,HET_5_18_nochat.txt,10,17,1,2,1,2,2,1,10,16
het,5,0,0,18,HET_5_18_nochat.txt,10,8,1,2,1,2,2,1,10,4
het,5,0,0,18,HET_5_18_nochat.txt,10,11,1,2,2,2,2,1,10,7
het,5,0,0,18,HET_5_18_nochat.txt,10,2,1,2,2,2,2,1,10,14
het,5,0,0,18,HET_5_18_nochat.txt,10,16,1,1,2,1,2,1,10,9
het,5,0,0,18,HET_5_18_nochat.txt,10,12,2,1,1,1,2,2,50,16
het,5,0,0,18,HET_5_18_nochat.txt,10,14,2,1,2,1,2,2,50,4
het,5,0,0,18,HET_5_18_nochat.txt,10,7,2,2,2,1,2,2,150,11
het,5,0,0,18,HET_5_18_nochat.txt,10,1,2,2,1,1,2,2,150,7
het,5,0,0,18,HET_5_18_nochat.txt,10,4,2,1,1,2,2,2,50,10
het,5,0,0,18,HET_5_18_nochat.txt,10,10,2,2,2,2,2,2,150,8
het,5,0,0,18,HET_5_18_nochat.txt,10,15,2,2,1,2,2,2,150,5
het,5,0,0,18,HET_5_18_nochat.txt,10,9,2,2,1,2,2,2,150,2
het,5,0,0,18,HET_5_18_nochat.txt,10,18,2,2,1,2,2,2,150,4
het,5,0,0,18,HET_5_18_nochat.txt,11,8,1,2,2,1,1,1,50,4
het,5,0,0,18,HET_5_18_nochat.txt,11,1,1,1,2,1,1,1,150,4
het,5,0,0,18,HET_5_18_nochat.txt,11,14,1,2,2,2,1,1,50,12
het,5,0,0,18,HET_5_18_nochat.txt,11,2,1,1,1,1,1,1,150,4
het,5,0,0,18,HET_5_18_nochat.txt,11,5,1,2,2,2,1,1,50,12
het,5,0,0,18,HET_5_18_nochat.txt,11,6,1,1,1,1,1,1,150,6
het,5,0,0,18,HET_5_18_nochat.txt,11,18,1,2,1,2,1,1,50,3
het,5,0,0,18,HET_5_18_nochat.txt,11,9,1,2,1,2,1,1,50,2
het,5,0,0,18,HET_5_18_nochat.txt,11,4,1,2,2,1,1,1,50,9
het,5,0,0,18,HET_5_18_nochat.txt,11,15,2,1,2,1,1,1,150,2
het,5,0,0,18,HET_5_18_nochat.txt,11,16,2,1,2,1,1,1,150,7
het,5,0,0,18,HET_5_18_nochat.txt,11,7,2,2,1,1,1,1,50,3
het,5,0,0,18,HET_5_18_nochat.txt,11,13,2,2,1,1,1,1,50,9
het,5,0,0,18,HET_5_18_nochat.txt,11,11,2,2,2,2,1,1,50,8
het,5,0,0,18,HET_5_18_nochat.txt,11,10,2,1,2,1,1,1,150,24
het,5,0,0,18,HET_5_18_nochat.txt,11,17,2,1,2,1,1,1,150,11
het,5,0,0,18,HET_5_18_nochat.txt,11,12,2,1,2,1,1,1,150,6
het,5,0,0,18,HET_5_18_nochat.txt,11,3,2,1,2,1,1,1,150,4
het,5,0,0,18,HET_5_18_nochat.txt,12,11,1,2,1,2,2,1,10,8
het,5,0,0,18,HET_5_18_nochat.txt,12,16,1,2,1,1,2,1,10,8
het,5,0,0,18,HET_5_18_nochat.txt,12,2,1,1,1,1,2,1,10,6
het,5,0,0,18,HET_5_18_nochat.txt,12,15,1,2,1,2,2,1,10,7
het,5,0,0,18,HET_5_18_nochat.txt,12,4,1,1,2,2,2,1,10,8
het,5,0,0,18,HET_5_18_nochat.txt,12,5,1,1,1,2,2,1,10,32
het,5,0,0,18,HET_5_18_nochat.txt,12,10,1,2,2,1,2,1,10,4
het,5,0,0,18,HET_5_18_nochat.txt,12,1,1,2,2,2,2,1,10,5
het,5,0,0,18,HET_5_18_nochat.txt,12,12,1,2,1,1,2,1,10,4
het,5,0,0,18,HET_5_18_nochat.txt,12,7,2,2,1,2,2,2,150,3
het,5,0,0,18,HET_5_18_nochat.txt,12,9,2,2,2,2,2,2,150,2
het,5,0,0,18,HET_5_18_nochat.txt,12,17,2,2,1,1,2,2,150,15
het,5,0,0,18,HET_5_18_nochat.txt,12,6,2,1,1,2,2,2,50,8
het,5,0,0,18,HET_5_18_nochat.txt,12,3,2,2,1,2,2,2,150,4
het,5,0,0,18,HET_5_18_nochat.txt,12,13,2,2,1,2,2,2,150,12
het,5,0,0,18,HET_5_18_nochat.txt,12,8,2,1,1,2,2,2,50,4
het,5,0,0,18,HET_5_18_nochat.txt,12,18,2,2,1,2,2,2,150,3
het,5,0,0,18,HET_5_18_nochat.txt,12,14,2,2,1,2,2,2,150,37
het,5,0,0,18,HET_5_18_nochat.txt,13,4,1,2,2,2,2,2,150,4
het,5,0,0,18,HET_5_18_nochat.txt,13,3,1,2,1,2,2,2,150,13
het,5,0,0,18,HET_5_18_nochat.txt,13,6,1,1,1,2,2,2,50,9
het,5,0,0,18,HET_5_18_nochat.txt,13,5,1,2,2,2,2,2,150,13
het,5,0,0,18,HET_5_18_nochat.txt,13,9,1,2,1,1,2,2,150,5
het,5,0,0,18,HET_5_18_nochat.txt,13,17,1,1,2,1,2,2,50,13
het,5,0,0,18,HET_5_18_nochat.txt,13,1,1,2,1,2,2,2,150,4
het,5,0,0,18,HET_5_18_nochat.txt,13,16,1,1,2,1,2,2,50,11
het,5,0,0,18,HET_5_18_nochat.txt,13,10,1,1,1,2,2,2,50,5
het,5,0,0,18,HET_5_18_nochat.txt,13,8,2,1,2,1,1,2,10,4
het,5,0,0,18,HET_5_18_nochat.txt,13,15,2,2,2,1,1,2,10,3
het,5,0,0,18,HET_5_18_nochat.txt,13,2,2,1,1,1,1,2,10,7
het,5,0,0,18,HET_5_18_nochat.txt,13,11,2,2,2,2,1,2,10,6
het,5,0,0,18,HET_5_18_nochat.txt,13,13,2,2,2,1,1,2,10,18
het,5,0,0,18,HET_5_18_nochat.txt,13,12,2,1,2,2,1,2,10,8
het,5,0,0,18,HET_5_18_nochat.txt,13,18,2,1,1,1,1,2,10,4
het,5,0,0,18,HET_5_18_nochat.txt,13,14,2,2,2,2,1,2,10,8
het,5,0,0,18,HET_5_18_nochat.txt,13,7,2,1,2,2,1,2,10,3
het,5,0,0,18,HET_5_18_nochat.txt,14,1,1,2,2,1,2,2,150,5
het,5,0,0,18,HET_5_18_nochat.txt,14,18,1,1,2,2,2,2,50,10
het,5,0,0,18,HET_5_18_nochat.txt,14,5,1,2,2,2,2,2,150,9
het,5,0,0,18,HET_5_18_nochat.txt,14,14,1,2,2,2,2,2,150,7
het,5,0,0,18,HET_5_18_nochat.txt,14,13,1,2,1,2,2,2,150,10
het,5,0,0,18,HET_5_18_nochat.txt,14,11,1,1,1,1,2,2,50,6
het,5,0,0,18,HET_5_18_nochat.txt,14,3,1,1,2,2,2,2,50,4
het,5,0,0,18,HET_5_18_nochat.txt,14,4,1,2,2,2,2,2,150,4
het,5,0,0,18,HET_5_18_nochat.txt,14,15,1,1,2,2,2,2,50,7
het,5,0,0,18,HET_5_18_nochat.txt,14,9,2,2,1,2,2,1,10,3
het,5,0,0,18,HET_5_18_nochat.txt,14,16,2,2,1,2,2,1,10,12
het,5,0,0,18,HET_5_18_nochat.txt,14,17,2,1,1,1,2,1,10,5
het,5,0,0,18,HET_5_18_nochat.txt,14,7,2,1,2,1,2,1,10,2
het,5,0,0,18,HET_5_18_nochat.txt,14,8,2,1,2,2,2,1,10,4
het,5,0,0,18,HET_5_18_nochat.txt,14,12,2,1,2,1,2,1,10,3
het,5,0,0,18,HET_5_18_nochat.txt,14,6,2,2,1,2,2,1,10,11
het,5,0,0,18,HET_5_18_nochat.txt,14,2,2,2,1,2,2,1,10,6
het,5,0,0,18,HET_5_18_nochat.txt,14,10,2,1,2,2,2,1,10,3
het,5,0,0,18,HET_5_18_nochat.txt,15,18,1,1,1,2,1,2,10,15
het,5,0,0,18,HET_5_18_nochat.txt,15,2,1,2,2,2,1,2,10,12
het,5,0,0,18,HET_5_18_nochat.txt,15,6,1,2,2,1,1,2,10,17
het,5,0,0,18,HET_5_18_nochat.txt,15,17,1,1,2,1,1,2,10,7
het,5,0,0,18,HET_5_18_nochat.txt,15,14,1,1,2,1,1,2,10,6
het,5,0,0,18,HET_5_18_nochat.txt,15,8,1,1,2,2,1,2,10,4
het,5,0,0,18,HET_5_18_nochat.txt,15,10,1,1,2,1,1,2,10,3
het,5,0,0,18,HET_5_18_nochat.txt,15,13,1,1,2,1,1,2,10,17
het,5,0,0,18,HET_5_18_nochat.txt,15,11,1,1,2,1,1,2,10,4
het,5,0,0,18,HET_5_18_nochat.txt,15,4,2,1,2,1,2,2,50,8
het,5,0,0,18,HET_5_18_nochat.txt,15,9,2,2,1,2,2,2,150,2
het,5,0,0,18,HET_5_18_nochat.txt,15,16,2,1,1,1,2,2,50,6
het,5,0,0,18,HET_5_18_nochat.txt,15,1,2,1,1,2,2,2,50,6
het,5,0,0,18,HET_5_18_nochat.txt,15,15,2,2,1,2,2,2,150,4
het,5,0,0,18,HET_5_18_nochat.txt,15,7,2,1,1,1,2,2,50,5
het,5,0,0,18,HET_5_18_nochat.txt,15,12,2,2,1,2,2,2,150,7
het,5,0,0,18,HET_5_18_nochat.txt,15,3,2,1,1,1,2,2,50,3
het,5,0,0,18,HET_5_18_nochat.txt,15,5,2,2,2,2,2,2,150,16
het,5,1,1,27,HET_5_27_chat_rev.txt,1,10,1,2,2,2,2,2,150,70
het,5,1,1,27,HET_5_27_chat_rev.txt,1,3,1,2,2,2,2,2,150,65
het,5,1,1,27,HET_5_27_chat_rev.txt,1,1,1,1,2,2,2,2,50,66
het,5,1,1,27,HET_5_27_chat_rev.txt,1,15,1,2,2,2,2,2,150,85
het,5,1,1,27,HET_5_27_chat_rev.txt,1,20,1,1,2,2,2,2,50,46
het,5,1,1,27,HET_5_27_chat_rev.txt,1,9,1,1,1,2,2,2,50,69
het,5,1,1,27,HET_5_27_chat_rev.txt,1,14,1,2,2,2,2,2,150,39
het,5,1,1,27,HET_5_27_chat_rev.txt,1,17,1,2,1,2,2,2,150,74
het,5,1,1,27,HET_5_27_chat_rev.txt,1,12,1,2,2,2,2,2,150,58
het,5,1,1,27,HET_5_27_chat_rev.txt,1,13,2,2,2,2,2,2,150,38
het,5,1,1,27,HET_5_27_chat_rev.txt,1,25,2,2,2,2,2,2,150,52
het,5,1,1,27,HET_5_27_chat_rev.txt,1,22,2,2,1,2,2,2,150,53
het,5,1,1,27,HET_5_27_chat_rev.txt,1,26,2,1,1,2,2,2,50,63
het,5,1,1,27,HET_5_27_chat_rev.txt,1,5,2,1,2,2,2,2,50,53
het,5,1,1,27,HET_5_27_chat_rev.txt,1,19,2,2,2,2,2,2,150,71
het,5,1,1,27,HET_5_27_chat_rev.txt,1,23,2,1,2,2,2,2,50,53
het,5,1,1,27,HET_5_27_chat_rev.txt,1,27,2,2,2,2,2,2,150,58
het,5,1,1,27,HET_5_27_chat_rev.txt,1,21,2,1,2,2,2,2,50,58
het,5,1,1,27,HET_5_27_chat_rev.txt,1,8,3,1,2,2,2,2,50,45
het,5,1,1,27,HET_5_27_chat_rev.txt,1,16,3,1,1,2,2,2,50,46
het,5,1,1,27,HET_5_27_chat_rev.txt,1,18,3,1,2,2,2,2,50,43
het,5,1,1,27,HET_5_27_chat_rev.txt,1,6,3,1,2,2,2,2,50,46
het,5,1,1,27,HET_5_27_chat_rev.txt,1,4,3,1,2,2,2,2,50,47
het,5,1,1,27,HET_5_27_chat_rev.txt,1,11,3,1,2,2,2,2,50,44
het,5,1,1,27,HET_5_27_chat_rev.txt,1,7,3,1,1,2,2,2,50,50
het,5,1,1,27,HET_5_27_chat_rev.txt,1,2,3,1,2,2,2,2,50,108
het,5,1,1,27,HET_5_27_chat_rev.txt,1,24,3,1,2,2,2,2,50,35
het,5,1,1,27,HET_5_27_chat_rev.txt,2,21,1,1,2,1,2,2,50,78
het,5,1,1,27,HET_5_27_chat_rev.txt,2,4,1,2,2,1,2,2,150,177
het,5,1,1,27,HET_5_27_chat_rev.txt,2,11,1,2,2,2,2,2,150,78
het,5,1,1,27,HET_5_27_chat_rev.txt,2,18,1,1,2,2,2,2,50,91
het,5,1,1,27,HET_5_27_chat_rev.txt,2,6,1,1,1,2,2,2,50,89
het,5,1,1,27,HET_5_27_chat_rev.txt,2,25,1,2,2,2,2,2,150,92
het,5,1,1,27,HET_5_27_chat_rev.txt,2,5,1,1,2,2,2,2,50,84
het,5,1,1,27,HET_5_27_chat_rev.txt,2,8,1,1,1,2,2,2,50,84
het,5,1,1,27,HET_5_27_chat_rev.txt,2,10,1,1,1,2,2,2,50,74
het,5,1,1,27,HET_5_27_chat_rev.txt,2,23,2,1,1,1,1,1,150,92
het,5,1,1,27,HET_5_27_chat_rev.txt,2,2,2,1,1,1,1,1,150,71
het,5,1,1,27,HET_5_27_chat_rev.txt,2,27,2,2,1,1,1,1,50,93
het,5,1,1,27,HET_5_27_chat_rev.txt,2,1,2,2,2,1,1,1,50,89
het,5,1,1,27,HET_5_27_chat_rev.txt,2,26,2,1,1,1,1,1,150,87
het,5,1,1,27,HET_5_27_chat_rev.txt,2,14,2,2,1,1,1,1,50,44
het,5,1,1,27,HET_5_27_chat_rev.txt,2,20,2,2,2,1,1,1,50,94
het,5,1,1,27,HET_5_27_chat_rev.txt,2,9,2,1,2,1,1,1,150,93
het,5,1,1,27,HET_5_27_chat_rev.txt,2,16,2,2,1,1,1,1,50,56
het,5,1,1,27,HET_5_27_chat_rev.txt,2,24,3,2,1,2,1,1,50,36
het,5,1,1,27,HET_5_27_chat_rev.txt,2,22,3,2,1,1,1,1,50,66
het,5,1,1,27,HET_5_27_chat_rev.txt,2,19,3,1,1,1,1,1,150,69
het,5,1,1,27,HET_5_27_chat_rev.txt,2,7,3,1,2,1,1,1,150,68
het,5,1,1,27,HET_5_27_chat_rev.txt,2,17,3,1,1,1,1,1,150,62
het,5,1,1,27,HET_5_27_chat_rev.txt,2,13,3,1,2,1,1,1,150,29
het,5,1,1,27,HET_5_27_chat_rev.txt,2,12,3,2,1,1,1,1,50,26
het,5,1,1,27,HET_5_27_chat_rev.txt,2,15,3,1,1,1,1,1,150,76
het,5,1,1,27,HET_5_27_chat_rev.txt,2,3,3,1,1,1,1,1,150,62
het,5,1,1,27,HET_5_27_chat_rev.txt,3,19,1,2,2,2,2,2,150,81
het,5,1,1,27,HET_5_27_chat_rev.txt,3,5,1,1,2,2,2,2,50,77
het,5,1,1,27,HET_5_27_chat_rev.txt,3,25,1,1,2,2,2,2,50,72
het,5,1,1,27,HET_5_27_chat_rev.txt,3,10,1,2,1,2,2,2,150,51
het,5,1,1,27,HET_5_27_chat_rev.txt,3,2,1,1,2,2,2,2,50,75
het,5,1,1,27,HET_5_27_chat_rev.txt,3,18,1,1,2,2,2,2,50,84
het,5,1,1,27,HET_5_27_chat_rev.txt,3,24,1,2,2,2,2,2,150,21
het,5,1,1,27,HET_5_27_chat_rev.txt,3,4,1,2,2,1,2,2,150,59
het,5,1,1,27,HET_5_27_chat_rev.txt,3,17,1,2,1,2,2,2,150,51
het,5,1,1,27,HET_5_27_chat_rev.txt,3,12,2,2,2,2,2,2,150,22
het,5,1,1,27,HET_5_27_chat_rev.txt,3,1,2,1,2,2,2,2,50,36
het,5,1,1,27,HET_5_27_chat_rev.txt,3,7,2,2,2,2,2,2,150,49
het,5,1,1,27,HET_5_27_chat_rev.txt,3,8,2,1,2,2,2,2,50,34
het,5,1,1,27,HET_5_27_chat_rev.txt,3,6,2,1,2,2,2,2,50,37
het,5,1,1,27,HET_5_27_chat_rev.txt,3,3,2,2,1,2,2,2,150,47
het,5,1,1,27,HET_5_27_chat_rev.txt,3,9,2,1,2,2,2,2,50,35
het,5,1,1,27,HET_5_27_chat_rev.txt,3,14,2,1,2,2,2,2,50,35
het,5,1,1,27,HET_5_27_chat_rev.txt,3,16,2,1,2,2,2,2,50,38
het,5,1,1,27,HET_5_27_chat_rev.txt,3,15,3,2,2,2,2,2,150,57
het,5,1,1,27,HET_5_27_chat_rev.txt,3,26,3,1,2,2,2,2,50,50
het,5,1,1,27,HET_5_27_chat_rev.txt,3,22,3,2,2,2,2,2,150,61
het,5,1,1,27,HET_5_27_chat_rev.txt,3,13,3,1,2,2,2,2,50,30
het,5,1,1,27,HET_5_27_chat_rev.txt,3,21,3,1,2,2,2,2,50,54
het,5,1,1,27,HET_5_27_chat_rev.txt,3,11,3,2,2,2,2,2,150,37
het,5,1,1,27,HET_5_27_chat_rev.txt,3,20,3,1,2,2,2,2,50,42
het,5,1,1,27,HET_5_27_chat_rev.txt,3,27,3,1,2,2,2,2,50,38
het,5,1,1,27,HET_5_27_chat_rev.txt,3,23,3,2,2,2,2,2,150,44
het,5,1,1,27,HET_5_27_chat_rev.txt,4,25,1,1,2,1,1,1,150,57
het,5,1,1,27,HET_5_27_chat_rev.txt,4,14,1,2,2,1,1,1,50,26
het,5,1,1,27,HET_5_27_chat_rev.txt,4,5,1,1,1,1,1,1,150,33
het,5,1,1,27,HET_5_27_chat_rev.txt,4,17,1,2,1,1,1,1,50,28
het,5,1,1,27,HET_5_27_chat_rev.txt,4,13,1,1,1,1,1,1,150,26
het,5,1,1,27,HET_5_27_chat_rev.txt,4,21,1,1,1,1,1,1,150,25
het,5,1,1,27,HET_5_27_chat_rev.txt,4,20,1,2,1,1,1,1,50,30
het,5,1,1,27,HET_5_27_chat_rev.txt,4,16,1,1,1,1,1,1,150,29
het,5,1,1,27,HET_5_27_chat_rev.txt,4,4,1,2,2,1,1,1,50,31
het,5,1,1,27,HET_5_27_chat_rev.txt,4,22,2,1,1,1,2,2,50,87
het,5,1,1,27,HET_5_27_chat_rev.txt,4,27,2,2,2,2,2,2,150,36
het,5,1,1,27,HET_5_27_chat_rev.txt,4,9,2,1,2,2,2,2,50,35
het,5,1,1,27,HET_5_27_chat_rev.txt,4,10,2,2,1,1,2,2,150,65
het,5,1,1,27,HET_5_27_chat_rev.txt,4,19,2,1,2,2,2,2,50,53
het,5,1,1,27,HET_5_27_chat_rev.txt,4,1,2,2,2,2,2,2,150,35
het,5,1,1,27,HET_5_27_chat_rev.txt,4,2,2,1,2,2,2,2,50,88
het,5,1,1,27,HET_5_27_chat_rev.txt,4,7,2,2,2,2,2,2,150,54
het,5,1,1,27,HET_5_27_chat_rev.txt,4,11,2,2,2,2,2,2,150,35
het,5,1,1,27,HET_5_27_chat_rev.txt,4,18,3,2,1,1,1,1,50,69
het,5,1,1,27,HET_5_27_chat_rev.txt,4,26,3,1,2,2,1,1,150,53
het,5,1,1,27,HET_5_27_chat_rev.txt,4,6,3,2,2,1,1,1,50,68
het,5,1,1,27,HET_5_27_chat_rev.txt,4,15,3,2,1,1,1,1,50,66
het,5,1,1,27,HET_5_27_chat_rev.txt,4,12,3,2,2,1,1,1,50,26
het,5,1,1,27,HET_5_27_chat_rev.txt,4,23,3,1,1,1,1,1,150,68
het,5,1,1,27,HET_5_27_chat_rev.txt,4,24,3,2,2,1,1,1,50,30
het,5,1,1,27,HET_5_27_chat_rev.txt,4,3,3,2,1,1,1,1,50,61
het,5,1,1,27,HET_5_27_chat_rev.txt,4,8,3,2,1,1,1,1,50,60
het,5,1,1,27,HET_5_27_chat_rev.txt,5,23,1,2,1,2,2,2,150,37
het,5,1,1,27,HET_5_27_chat_rev.txt,5,21,1,2,2,2,2,2,150,37
het,5,1,1,27,HET_5_27_chat_rev.txt,5,16,1,1,2,2,2,2,50,30
het,5,1,1,27,HET_5_27_chat_rev.txt,5,4,1,1,1,1,2,2,50,45
het,5,1,1,27,HET_5_27_chat_rev.txt,5,22,1,2,2,2,2,2,150,31
het,5,1,1,27,HET_5_27_chat_rev.txt,5,10,1,2,2,2,2,2,150,78
het,5,1,1,27,HET_5_27_chat_rev.txt,5,12,1,2,1,2,2,2,150,27
het,5,1,1,27,HET_5_27_chat_rev.txt,5,24,1,2,2,2,2,2,150,21
het,5,1,1,27,HET_5_27_chat_rev.txt,5,27,1,2,2,2,2,2,150,34
het,5,1,1,27,HET_5_27_chat_rev.txt,5,15,2,1,1,1,1,1,150,23
het,5,1,1,27,HET_5_27_chat_rev.txt,5,26,2,2,2,1,1,1,50,31
het,5,1,1,27,HET_5_27_chat_rev.txt,5,5,2,1,1,1,1,1,150,27
het,5,1,1,27,HET_5_27_chat_rev.txt,5,11,2,1,1,1,1,1,150,22
het,5,1,1,27,HET_5_27_chat_rev.txt,5,7,2,2,1,1,1,1,50,26
het,5,1,1,27,HET_5_27_chat_rev.txt,5,20,2,1,1,1,1,1,150,25
het,5,1,1,27,HET_5_27_chat_rev.txt,5,18,2,2,1,1,1,1,50,28
het,5,1,1,27,HET_5_27_chat_rev.txt,5,14,2,2,1,1,1,1,50,25
het,5,1,1,27,HET_5_27_chat_rev.txt,5,13,2,2,2,1,1,1,50,24
het,5,1,1,27,HET_5_27_chat_rev.txt,5,1,3,2,2,1,1,1,50,74
het,5,1,1,27,HET_5_27_chat_rev.txt,5,17,3,2,1,1,1,1,50,70
het,5,1,1,27,HET_5_27_chat_rev.txt,5,8,3,1,1,1,1,1,150,50
het,5,1,1,27,HET_5_27_chat_rev.txt,5,3,3,1,1,1,1,1,150,61
het,5,1,1,27,HET_5_27_chat_rev.txt,5,2,3,2,1,1,1,1,50,68
het,5,1,1,27,HET_5_27_chat_rev.txt,5,9,3,2,1,1,1,1,50,68
het,5,1,1,27,HET_5_27_chat_rev.txt,5,6,3,2,1,1,1,1,50,70
het,5,1,1,27,HET_5_27_chat_rev.txt,5,19,3,2,1,1,1,1,50,72
het,5,1,1,27,HET_5_27_chat_rev.txt,5,25,3,1,2,1,1,1,150,61
het,5,1,1,27,HET_5_27_chat_rev.txt,6,2,1,2,1,1,1,1,50,91
het,5,1,1,27,HET_5_27_chat_rev.txt,6,27,1,1,1,1,1,1,150,40
het,5,1,1,27,HET_5_27_chat_rev.txt,6,14,1,1,2,1,1,1,150,38
het,5,1,1,27,HET_5_27_chat_rev.txt,6,25,1,1,1,1,1,1,150,44
het,5,1,1,27,HET_5_27_chat_rev.txt,6,7,1,1,1,1,1,1,150,42
het,5,1,1,27,HET_5_27_chat_rev.txt,6,8,1,2,1,1,1,1,50,36
het,5,1,1,27,HET_5_27_chat_rev.txt,6,6,1,2,2,1,1,1,50,58
het,5,1,1,27,HET_5_27_chat_rev.txt,6,19,1,2,1,1,1,1,50,55
het,5,1,1,27,HET_5_27_chat_rev.txt,6,22,1,1,1,1,1,1,150,43
het,5,1,1,27,HET_5_27_chat_rev.txt,6,5,2,1,1,1,1,1,150,35
het,5,1,1,27,HET_5_27_chat_rev.txt,6,9,2,2,1,1,1,1,50,28
het,5,1,1,27,HET_5_27_chat_rev.txt,6,16,2,1,1,1,1,1,150,26
het,5,1,1,27,HET_5_27_chat_rev.txt,6,13,2,2,2,1,1,1,50,23
het,5,1,1,27,HET_5_27_chat_rev.txt,6,20,2,2,1,1,1,1,50,25
het,5,1,1,27,HET_5_27_chat_rev.txt,6,17,2,2,1,1,1,1,50,70
het,5,1,1,27,HET_5_27_chat_rev.txt,6,11,2,1,2,1,1,1,150,29
het,5,1,1,27,HET_5_27_chat_rev.txt,6,3,2,1,1,1,1,1,150,31
het,5,1,1,27,HET_5_27_chat_rev.txt,6,10,2,1,1,1,1,1,150,25
het,5,1,1,27,HET_5_27_chat_rev.txt,6,18,3,2,2,2,2,2,150,30
het,5,1,1,27,HET_5_27_chat_rev.txt,6,15,3,1,2,2,2,2,50,27
het,5,1,1,27,HET_5_27_chat_rev.txt,6,23,3,2,2,2,2,2,150,26
het,5,1,1,27,HET_5_27_chat_rev.txt,6,12,3,1,1,2,2,2,50,37
het,5,1,1,27,HET_5_27_chat_rev.txt,6,26,3,1,2,2,2,2,50,27
het,5,1,1,27,HET_5_27_chat_rev.txt,6,21,3,1,2,2,2,2,50,31
het,5,1,1,27,HET_5_27_chat_rev.txt,6,1,3,2,1,2,2,2,150,35
het,5,1,1,27,HET_5_27_chat_rev.txt,6,24,3,2,2,2,2,2,150,35
het,5,1,1,27,HET_5_27_chat_rev.txt,6,4,3,2,1,2,2,2,150,42
het,5,1,1,27,HET_5_27_chat_rev.txt,7,9,1,1,2,2,2,2,50,22
het,5,1,1,27,HET_5_27_chat_rev.txt,7,8,1,1,1,2,2,2,50,25
het,5,1,1,27,HET_5_27_chat_rev.txt,7,17,1,2,2,2,2,2,150,33
het,5,1,1,27,HET_5_27_chat_rev.txt,7,14,1,1,2,2,2,2,50,24
het,5,1,1,27,HET_5_27_chat_rev.txt,7,22,1,2,2,2,2,2,150,25
het,5,1,1,27,HET_5_27_chat_rev.txt,7,1,1,2,2,2,2,2,150,25
het,5,1,1,27,HET_5_27_chat_rev.txt,7,20,1,2,2,2,2,2,150,29
het,5,1,1,27,HET_5_27_chat_rev.txt,7,7,1,1,1,2,2,2,50,27
het,5,1,1,27,HET_5_27_chat_rev.txt,7,26,1,1,2,1,2,2,50,30
het,5,1,1,27,HET_5_27_chat_rev.txt,7,21,2,2,1,1,1,1,50,43
het,5,1,1,27,HET_5_27_chat_rev.txt,7,5,2,2,1,1,1,1,50,28
het,5,1,1,27,HET_5_27_chat_rev.txt,7,11,2,1,1,1,1,1,150,35
het,5,1,1,27,HET_5_27_chat_rev.txt,7,10,2,2,1,2,1,1,50,55
het,5,1,1,27,HET_5_27_chat_rev.txt,7,24,2,2,2,1,1,1,50,29
het,5,1,1,27,HET_5_27_chat_rev.txt,7,4,2,1,2,1,1,1,150,41
het,5,1,1,27,HET_5_27_chat_rev.txt,7,6,2,1,1,1,1,1,150,45
het,5,1,1,27,HET_5_27_chat_rev.txt,7,23,2,2,1,1,1,1,50,27
het,5,1,1,27,HET_5_27_chat_rev.txt,7,18,2,1,2,1,1,1,150,49
het,5,1,1,27,HET_5_27_chat_rev.txt,7,15,3,2,2,1,1,2,10,59
het,5,1,1,27,HET_5_27_chat_rev.txt,7,19,3,2,1,1,1,2,10,90
het,5,1,1,27,HET_5_27_chat_rev.txt,7,13,3,2,1,1,1,2,10,63
het,5,1,1,27,HET_5_27_chat_rev.txt,7,3,3,1,1,2,1,2,10,100
het,5,1,1,27,HET_5_27_chat_rev.txt,7,27,3,1,2,1,1,2,10,64
het,5,1,1,27,HET_5_27_chat_rev.txt,7,25,3,1,2,1,1,2,10,132
het,5,1,1,27,HET_5_27_chat_rev.txt,7,2,3,2,2,1,1,2,10,96
het,5,1,1,27,HET_5_27_chat_rev.txt,7,16,3,2,2,2,1,2,10,35
het,5,1,1,27,HET_5_27_chat_rev.txt,7,12,3,1,1,1,1,2,10,45
het,5,1,1,27,HET_5_27_chat_rev.txt,8,7,1,2,1,2,2,2,150,27
het,5,1,1,27,HET_5_27_chat_rev.txt,8,21,1,1,2,2,2,2,50,34
het,5,1,1,27,HET_5_27_chat_rev.txt,8,15,1,1,2,2,2,2,50,35
het,5,1,1,27,HET_5_27_chat_rev.txt,8,27,1,1,2,2,2,2,50,25
het,5,1,1,27,HET_5_27_chat_rev.txt,8,26,1,2,2,2,2,2,150,22
het,5,1,1,27,HET_5_27_chat_rev.txt,8,14,1,1,2,2,2,2,50,21
het,5,1,1,27,HET_5_27_chat_rev.txt,8,8,1,2,2,2,2,2,150,21
het,5,1,1,27,HET_5_27_chat_rev.txt,8,19,1,1,2,2,2,2,50,42
het,5,1,1,27,HET_5_27_chat_rev.txt,8,5,1,2,2,2,2,2,150,22
het,5,1,1,27,HET_5_27_chat_rev.txt,8,25,2,2,2,2,2,2,150,41
het,5,1,1,27,HET_5_27_chat_rev.txt,8,4,2,1,2,2,2,2,50,37
het,5,1,1,27,HET_5_27_chat_rev.txt,8,12,2,1,2,2,2,2,50,25
het,5,1,1,27,HET_5_27_chat_rev.txt,8,3,2,2,1,2,2,2,150,44
het,5,1,1,27,HET_5_27_chat_rev.txt,8,17,2,1,1,2,2,2,50,45
het,5,1,1,27,HET_5_27_chat_rev.txt,8,9,2,2,2,2,2,2,150,37
het,5,1,1,27,HET_5_27_chat_rev.txt,8,2,2,1,2,2,2,2,50,88
het,5,1,1,27,HET_5_27_chat_rev.txt,8,24,2,2,2,2,2,2,150,31
het,5,1,1,27,HET_5_27_chat_rev.txt,8,1,2,2,2,2,2,2,150,65
het,5,1,1,27,HET_5_27_chat_rev.txt,8,23,3,2,2,1,1,1,50,27
het,5,1,1,27,HET_5_27_chat_rev.txt,8,10,3,1,2,1,1,1,150,21
het,5,1,1,27,HET_5_27_chat_rev.txt,8,6,3,2,1,1,1,1,50,32
het,5,1,1,27,HET_5_27_chat_rev.txt,8,13,3,2,1,1,1,1,50,28
het,5,1,1,27,HET_5_27_chat_rev.txt,8,18,3,1,1,1,1,1,150,27
het,5,1,1,27,HET_5_27_chat_rev.txt,8,11,3,2,1,1,1,1,50,35
het,5,1,1,27,HET_5_27_chat_rev.txt,8,16,3,1,1,1,1,1,150,31
het,5,1,1,27,HET_5_27_chat_rev.txt,8,22,3,1,1,1,1,1,150,20
het,5,1,1,27,HET_5_27_chat_rev.txt,8,20,3,1,1,1,1,1,150,41
het,5,1,1,27,HET_5_27_chat_rev.txt,9,10,1,2,1,1,1,1,50,56
het,5,1,1,27,HET_5_27_chat_rev.txt,9,12,1,1,2,1,1,1,150,20
het,5,1,1,27,HET_5_27_chat_rev.txt,9,15,1,1,1,1,1,1,150,22
het,5,1,1,27,HET_5_27_chat_rev.txt,9,18,1,1,1,1,1,1,150,29
het,5,1,1,27,HET_5_27_chat_rev.txt,9,21,1,1,2,1,1,1,150,39
het,5,1,1,27,HET_5_27_chat_rev.txt,9,1,1,1,1,1,1,1,150,27
het,5,1,1,27,HET_5_27_chat_rev.txt,9,11,1,1,2,1,1,1,150,23
het,5,1,1,27,HET_5_27_chat_rev.txt,9,14,1,1,1,1,1,1,150,22
het,5,1,1,27,HET_5_27_chat_rev.txt,9,23,1,2,1,1,1,1,50,23
het,5,1,1,27,HET_5_27_chat_rev.txt,9,7,2,2,2,1,1,1,50,50
het,5,1,1,27,HET_5_27_chat_rev.txt,9,8,2,2,1,1,1,1,50,40
het,5,1,1,27,HET_5_27_chat_rev.txt,9,24,2,2,1,1,1,1,50,27
het,5,1,1,27,HET_5_27_chat_rev.txt,9,17,2,1,1,1,1,1,150,54
het,5,1,1,27,HET_5_27_chat_rev.txt,9,3,2,2,2,1,1,1,50,61
het,5,1,1,27,HET_5_27_chat_rev.txt,9,26,2,1,1,1,1,1,150,47
het,5,1,1,27,HET_5_27_chat_rev.txt,9,5,2,1,2,1,1,1,150,46
het,5,1,1,27,HET_5_27_chat_rev.txt,9,25,2,1,1,1,1,1,150,36
het,5,1,1,27,HET_5_27_chat_rev.txt,9,4,2,1,2,1,1,1,150,52
het,5,1,1,27,HET_5_27_chat_rev.txt,9,20,3,1,1,1,1,1,150,97
het,5,1,1,27,HET_5_27_chat_rev.txt,9,19,3,1,1,1,1,1,150,89
het,5,1,1,27,HET_5_27_chat_rev.txt,9,22,3,2,2,1,1,1,50,68
het,5,1,1,27,HET_5_27_chat_rev.txt,9,16,3,2,1,2,1,1,50,100
het,5,1,1,27,HET_5_27_chat_rev.txt,9,6,3,1,2,1,1,1,150,101
het,5,1,1,27,HET_5_27_chat_rev.txt,9,13,3,2,2,2,1,1,50,63
het,5,1,1,27,HET_5_27_chat_rev.txt,9,2,3,2,1,1,1,1,50,91
het,5,1,1,27,HET_5_27_chat_rev.txt,9,9,3,2,1,1,1,1,50,98
het,5,1,1,27,HET_5_27_chat_rev.txt,9,27,3,1,2,1,1,1,150,96
het,5,1,1,27,HET_5_27_chat_rev.txt,10,12,1,1,1,1,1,1,150,47
het,5,1,1,27,HET_5_27_chat_rev.txt,10,24,1,2,1,1,1,1,50,44
het,5,1,1,27,HET_5_27_chat_rev.txt,10,7,1,1,1,1,1,1,150,49
het,5,1,1,27,HET_5_27_chat_rev.txt,10,23,1,2,1,1,1,1,50,45
het,5,1,1,27,HET_5_27_chat_rev.txt,10,21,1,1,2,1,1,1,150,50
het,5,1,1,27,HET_5_27_chat_rev.txt,10,6,1,2,2,1,1,1,50,52
het,5,1,1,27,HET_5_27_chat_rev.txt,10,17,1,1,1,1,1,1,150,47
het,5,1,1,27,HET_5_27_chat_rev.txt,10,19,1,1,2,1,1,1,150,54
het,5,1,1,27,HET_5_27_chat_rev.txt,10,20,1,2,1,1,1,1,50,51
het,5,1,1,27,HET_5_27_chat_rev.txt,10,5,2,1,1,1,1,1,150,21
het,5,1,1,27,HET_5_27_chat_rev.txt,10,27,2,1,1,1,1,1,150,27
het,5,1,1,27,HET_5_27_chat_rev.txt,10,15,2,1,2,1,1,1,150,21
het,5,1,1,27,HET_5_27_chat_rev.txt,10,11,2,2,1,1,1,1,50,24
het,5,1,1,27,HET_5_27_chat_rev.txt,10,10,2,1,1,1,1,1,150,24
het,5,1,1,27,HET_5_27_chat_rev.txt,10,26,2,1,1,2,1,1,150,27
het,5,1,1,27,HET_5_27_chat_rev.txt,10,25,2,1,1,1,1,1,150,28
het,5,1,1,27,HET_5_27_chat_rev.txt,10,8,2,2,1,1,1,1,50,22
het,5,1,1,27,HET_5_27_chat_rev.txt,10,9,2,1,1,1,1,1,150,20
het,5,1,1,27,HET_5_27_chat_rev.txt,10,18,3,2,2,1,1,1,50,28
het,5,1,1,27,HET_5_27_chat_rev.txt,10,13,3,2,1,1,1,1,50,26
het,5,1,1,27,HET_5_27_chat_rev.txt,10,16,3,1,2,1,1,1,150,27
het,5,1,1,27,HET_5_27_chat_rev.txt,10,2,3,2,1,1,1,1,50,46
het,5,1,1,27,HET_5_27_chat_rev.txt,10,14,3,2,1,1,1,1,50,33
het,5,1,1,27,HET_5_27_chat_rev.txt,10,3,3,2,1,1,1,1,50,26
het,5,1,1,27,HET_5_27_chat_rev.txt,10,4,3,1,1,1,1,1,150,35
het,5,1,1,27,HET_5_27_chat_rev.txt,10,22,3,2,1,1,1,1,50,24
het,5,1,1,27,HET_5_27_chat_rev.txt,10,1,3,1,2,1,1,1,150,33
het,5,1,1,27,HET_5_27_chat_rev.txt,11,12,1,2,1,2,2,2,150,27
het,5,1,1,27,HET_5_27_chat_rev.txt,11,18,1,1,1,2,2,2,50,26
het,5,1,1,27,HET_5_27_chat_rev.txt,11,24,1,1,2,2,2,2,50,28
het,5,1,1,27,HET_5_27_chat_rev.txt,11,17,1,1,2,2,2,2,50,61
het,5,1,1,27,HET_5_27_chat_rev.txt,11,23,1,1,1,2,2,2,50,24
het,5,1,1,27,HET_5_27_chat_rev.txt,11,25,1,2,2,2,2,2,150,19
het,5,1,1,27,HET_5_27_chat_rev.txt,11,22,1,1,2,2,2,2,50,27
het,5,1,1,27,HET_5_27_chat_rev.txt,11,4,1,2,2,2,2,2,150,33
het,5,1,1,27,HET_5_27_chat_rev.txt,11,2,1,2,2,2,2,2,150,25
het,5,1,1,27,HET_5_27_chat_rev.txt,11,15,2,2,2,1,1,1,50,27
het,5,1,1,27,HET_5_27_chat_rev.txt,11,16,2,2,1,2,1,1,50,46
het,5,1,1,27,HET_5_27_chat_rev.txt,11,11,2,2,1,1,1,1,50,23
het,5,1,1,27,HET_5_27_chat_rev.txt,11,14,2,2,1,1,1,1,50,11
het,5,1,1,27,HET_5_27_chat_rev.txt,11,21,2,1,1,1,1,1,150,11
het,5,1,1,27,HET_5_27_chat_rev.txt,11,6,2,2,1,1,1,1,50,47
het,5,1,1,27,HET_5_27_chat_rev.txt,11,26,2,1,2,1,1,1,150,27
het,5,1,1,27,HET_5_27_chat_rev.txt,11,9,2,2,1,1,1,1,50,25
het,5,1,1,27,HET_5_27_chat_rev.txt,11,27,2,1,1,1,1,1,150,26
het,5,1,1,27,HET_5_27_chat_rev.txt,11,7,3,2,2,2,2,2,150,23
het,5,1,1,27,HET_5_27_chat_rev.txt,11,3,3,1,2,2,2,2,50,28
het,5,1,1,27,HET_5_27_chat_rev.txt,11,10,3,2,2,2,2,2,150,22
het,5,1,1,27,HET_5_27_chat_rev.txt,11,19,3,2,2,2,2,2,150,23
het,5,1,1,27,HET_5_27_chat_rev.txt,11,1,3,2,2,2,2,2,150,20
het,5,1,1,27,HET_5_27_chat_rev.txt,11,8,3,1,2,2,2,2,50,19
het,5,1,1,27,HET_5_27_chat_rev.txt,11,13,3,1,2,2,2,2,50,16
het,5,1,1,27,HET_5_27_chat_rev.txt,11,20,3,2,2,2,2,2,150,33
het,5,1,1,27,HET_5_27_chat_rev.txt,11,5,3,1,2,2,2,2,50,17
het,5,1,1,27,HET_5_27_chat_rev.txt,12,18,1,1,2,2,2,2,50,35
het,5,1,1,27,HET_5_27_chat_rev.txt,12,11,1,2,1,2,2,2,150,31
het,5,1,1,27,HET_5_27_chat_rev.txt,12,4,1,1,2,2,2,2,50,32
het,5,1,1,27,HET_5_27_chat_rev.txt,12,2,1,2,2,2,2,2,150,29
het,5,1,1,27,HET_5_27_chat_rev.txt,12,6,1,1,2,2,2,2,50,32
het,5,1,1,27,HET_5_27_chat_rev.txt,12,16,1,2,2,2,2,2,150,29
het,5,1,1,27,HET_5_27_chat_rev.txt,12,3,1,2,1,2,2,2,150,29
het,5,1,1,27,HET_5_27_chat_rev.txt,12,25,1,2,1,2,2,2,150,33
het,5,1,1,27,HET_5_27_chat_rev.txt,12,13,1,2,2,2,2,2,150,30
het,5,1,1,27,HET_5_27_chat_rev.txt,12,15,2,2,2,2,2,2,150,71
het,5,1,1,27,HET_5_27_chat_rev.txt,12,20,2,2,2,2,2,2,150,40
het,5,1,1,27,HET_5_27_chat_rev.txt,12,17,2,1,2,2,2,2,50,38
het,5,1,1,27,HET_5_27_chat_rev.txt,12,10,2,2,2,2,2,2,150,52
het,5,1,1,27,HET_5_27_chat_rev.txt,12,1,2,2,2,2,2,2,150,43
het,5,1,1,27,HET_5_27_chat_rev.txt,12,9,2,2,2,2,2,2,150,42
het,5,1,1,27,HET_5_27_chat_rev.txt,12,8,2,2,2,2,2,2,150,44
het,5,1,1,27,HET_5_27_chat_rev.txt,12,19,2,1,1,2,2,2,50,65
het,5,1,1,27,HET_5_27_chat_rev.txt,12,12,2,2,1,2,2,2,150,43
het,5,1,1,27,HET_5_27_chat_rev.txt,12,26,3,1,1,2,1,1,150,24
het,5,1,1,27,HET_5_27_chat_rev.txt,12,24,3,2,2,1,1,1,50,24
het,5,1,1,27,HET_5_27_chat_rev.txt,12,23,3,1,1,1,1,1,150,23
het,5,1,1,27,HET_5_27_chat_rev.txt,12,21,3,1,1,1,1,1,150,40
het,5,1,1,27,HET_5_27_chat_rev.txt,12,5,3,1,2,1,1,1,150,25
het,5,1,1,27,HET_5_27_chat_rev.txt,12,22,3,1,2,1,1,1,150,27
het,5,1,1,27,HET_5_27_chat_rev.txt,12,27,3,1,1,1,1,1,150,23
het,5,1,1,27,HET_5_27_chat_rev.txt,12,7,3,2,1,1,1,1,50,28
het,5,1,1,27,HET_5_27_chat_rev.txt,12,14,3,2,1,1,1,1,50,26
het,5,1,1,27,HET_5_27_chat_rev.txt,13,14,1,1,1,1,1,1,150,64
het,5,1,1,27,HET_5_27_chat_rev.txt,13,20,1,1,2,1,1,1,150,142
het,5,1,1,27,HET_5_27_chat_rev.txt,13,21,1,2,1,2,1,1,50,47
het,5,1,1,27,HET_5_27_chat_rev.txt,13,24,1,1,2,2,1,1,150,31
het,5,1,1,27,HET_5_27_chat_rev.txt,13,19,1,1,1,1,1,1,150,38
het,5,1,1,27,HET_5_27_chat_rev.txt,13,1,1,1,1,1,1,1,150,113
het,5,1,1,27,HET_5_27_chat_rev.txt,13,3,1,2,2,2,1,1,50,97
het,5,1,1,27,HET_5_27_chat_rev.txt,13,25,1,1,1,1,1,1,150,66
het,5,1,1,27,HET_5_27_chat_rev.txt,13,26,1,1,2,1,1,1,150,40
het,5,1,1,27,HET_5_27_chat_rev.txt,13,2,2,2,1,1,1,1,50,15
het,5,1,1,27,HET_5_27_chat_rev.txt,13,7,2,1,1,1,1,1,150,15
het,5,1,1,27,HET_5_27_chat_rev.txt,13,22,2,2,1,1,1,1,50,20
het,5,1,1,27,HET_5_27_chat_rev.txt,13,9,2,2,1,1,1,1,50,22
het,5,1,1,27,HET_5_27_chat_rev.txt,13,16,2,1,1,1,1,1,150,19
het,5,1,1,27,HET_5_27_chat_rev.txt,13,6,2,2,1,1,1,1,50,27
het,5,1,1,27,HET_5_27_chat_rev.txt,13,23,2,2,1,1,1,1,50,20
het,5,1,1,27,HET_5_27_chat_rev.txt,13,13,2,2,1,1,1,1,50,14
het,5,1,1,27,HET_5_27_chat_rev.txt,13,15,2,2,1,1,1,1,50,9
het,5,1,1,27,HET_5_27_chat_rev.txt,13,12,3,1,2,2,2,2,50,22
het,5,1,1,27,HET_5_27_chat_rev.txt,13,27,3,2,2,2,2,2,150,25
het,5,1,1,27,HET_5_27_chat_rev.txt,13,8,3,2,2,2,2,2,150,24
het,5,1,1,27,HET_5_27_chat_rev.txt,13,17,3,1,1,2,2,2,50,40
het,5,1,1,27,HET_5_27_chat_rev.txt,13,10,3,2,2,2,2,2,150,25
het,5,1,1,27,HET_5_27_chat_rev.txt,13,11,3,2,2,2,2,2,150,19
het,5,1,1,27,HET_5_27_chat_rev.txt,13,4,3,2,2,2,2,2,150,27
het,5,1,1,27,HET_5_27_chat_rev.txt,13,5,3,2,2,2,2,2,150,20
het,5,1,1,27,HET_5_27_chat_rev.txt,13,18,3,1,2,2,2,2,50,42
het,5,1,1,27,HET_5_27_chat_rev.txt,14,11,1,2,1,2,1,1,50,33
het,5,1,1,27,HET_5_27_chat_rev.txt,14,26,1,1,1,1,1,1,150,73
het,5,1,1,27,HET_5_27_chat_rev.txt,14,12,1,2,1,1,1,1,50,41
het,5,1,1,27,HET_5_27_chat_rev.txt,14,7,1,1,2,1,1,1,150,32
het,5,1,1,27,HET_5_27_chat_rev.txt,14,17,1,1,2,1,1,1,150,61
het,5,1,1,27,HET_5_27_chat_rev.txt,14,24,1,2,1,1,1,1,50,63
het,5,1,1,27,HET_5_27_chat_rev.txt,14,16,1,2,1,2,1,1,50,76
het,5,1,1,27,HET_5_27_chat_rev.txt,14,15,1,2,1,1,1,1,50,25
het,5,1,1,27,HET_5_27_chat_rev.txt,14,10,1,2,1,2,1,1,50,34
het,5,1,1,27,HET_5_27_chat_rev.txt,14,9,2,1,1,1,1,1,150,16
het,5,1,1,27,HET_5_27_chat_rev.txt,14,23,2,1,1,1,1,1,150,22
het,5,1,1,27,HET_5_27_chat_rev.txt,14,3,2,1,1,1,1,1,150,20
het,5,1,1,27,HET_5_27_chat_rev.txt,14,5,2,1,1,1,1,1,150,21
het,5,1,1,27,HET_5_27_chat_rev.txt,14,18,2,1,1,1,1,1,150,37
het,5,1,1,27,HET_5_27_chat_rev.txt,14,4,2,1,1,1,1,1,150,22
het,5,1,1,27,HET_5_27_chat_rev.txt,14,20,2,1,2,1,1,1,150,21
het,5,1,1,27,HET_5_27_chat_rev.txt,14,13,2,1,1,1,1,1,150,14
het,5,1,1,27,HET_5_27_chat_rev.txt,14,2,2,1,2,1,1,1,150,58
het,5,1,1,27,HET_5_27_chat_rev.txt,14,25,3,1,1,1,1,1,150,30
het,5,1,1,27,HET_5_27_chat_rev.txt,14,21,3,2,1,1,1,1,50,23
het,5,1,1,27,HET_5_27_chat_rev.txt,14,6,3,1,2,1,1,1,150,26
het,5,1,1,27,HET_5_27_chat_rev.txt,14,1,3,1,1,1,1,1,150,27
het,5,1,1,27,HET_5_27_chat_rev.txt,14,14,3,1,1,1,1,1,150,21
het,5,1,1,27,HET_5_27_chat_rev.txt,14,22,3,2,1,1,1,1,50,24
het,5,1,1,27,HET_5_27_chat_rev.txt,14,19,3,1,2,1,1,1,150,23
het,5,1,1,27,HET_5_27_chat_rev.txt,14,27,3,1,1,1,1,1,150,23
het,5,1,1,27,HET_5_27_chat_rev.txt,14,8,3,1,1,1,1,1,150,17
het,5,1,1,27,HET_5_27_chat_rev.txt,15,4,1,1,2,2,2,2,50,19
het,5,1,1,27,HET_5_27_chat_rev.txt,15,25,1,1,2,2,2,2,50,43
het,5,1,1,27,HET_5_27_chat_rev.txt,15,19,1,2,1,2,2,2,150,20
het,5,1,1,27,HET_5_27_chat_rev.txt,15,17,1,2,2,2,2,2,150,39
het,5,1,1,27,HET_5_27_chat_rev.txt,15,26,1,1,2,2,2,2,50,57
het,5,1,1,27,HET_5_27_chat_rev.txt,15,3,1,2,2,2,2,2,150,48
het,5,1,1,27,HET_5_27_chat_rev.txt,15,21,1,1,2,2,2,2,50,70
het,5,1,1,27,HET_5_27_chat_rev.txt,15,10,1,2,2,2,2,2,150,34
het,5,1,1,27,HET_5_27_chat_rev.txt,15,13,1,2,2,2,2,2,150,26
het,5,1,1,27,HET_5_27_chat_rev.txt,15,27,2,2,2,2,2,2,150,37
het,5,1,1,27,HET_5_27_chat_rev.txt,15,16,2,2,1,2,2,2,150,27
het,5,1,1,27,HET_5_27_chat_rev.txt,15,6,2,2,1,2,2,2,150,38
het,5,1,1,27,HET_5_27_chat_rev.txt,15,18,2,2,2,2,2,2,150,40
het,5,1,1,27,HET_5_27_chat_rev.txt,15,15,2,2,2,2,2,2,150,34
het,5,1,1,27,HET_5_27_chat_rev.txt,15,20,2,2,2,2,2,2,150,33
het,5,1,1,27,HET_5_27_chat_rev.txt,15,1,2,1,1,2,2,2,50,39
het,5,1,1,27,HET_5_27_chat_rev.txt,15,7,2,1,2,2,2,2,50,27
het,5,1,1,27,HET_5_27_chat_rev.txt,15,23,2,2,2,2,2,2,150,32
het,5,1,1,27,HET_5_27_chat_rev.txt,15,22,3,2,1,2,1,2,10,26
het,5,1,1,27,HET_5_27_chat_rev.txt,15,2,3,2,1,1,1,2,10,72
het,5,1,1,27,HET_5_27_chat_rev.txt,15,5,3,1,1,1,1,2,10,63
het,5,1,1,27,HET_5_27_chat_rev.txt,15,12,3,2,1,2,1,2,10,32
het,5,1,1,27,HET_5_27_chat_rev.txt,15,9,3,1,2,1,1,2,10,58
het,5,1,1,27,HET_5_27_chat_rev.txt,15,24,3,2,2,1,1,2,10,41
het,5,1,1,27,HET_5_27_chat_rev.txt,15,8,3,1,1,1,1,2,10,59
het,5,1,1,27,HET_5_27_chat_rev.txt,15,14,3,2,2,2,1,2,10,87
het,5,1,1,27,HET_5_27_chat_rev.txt,15,11,3,2,2,1,1,2,10,35
het,5,0,1,27,HET_5_27_nochat_rev.txt,1,10,1,1,2,2,1,1,150,3
het,5,0,1,27,HET_5_27_nochat_rev.txt,1,3,1,1,1,1,1,1,150,22
het,5,0,1,27,HET_5_27_nochat_rev.txt,1,1,1,1,1,1,1,1,150,24
het,5,0,1,27,HET_5_27_nochat_rev.txt,1,15,1,1,1,1,1,1,150,14
het,5,0,1,27,HET_5_27_nochat_rev.txt,1,20,1,2,1,1,1,1,50,21
het,5,0,1,27,HET_5_27_nochat_rev.txt,1,9,1,1,1,1,1,1,150,3
het,5,0,1,27,HET_5_27_nochat_rev.txt,1,14,1,1,1,2,1,1,150,19
het,5,0,1,27,HET_5_27_nochat_rev.txt,1,17,1,2,1,1,1,1,50,7
het,5,0,1,27,HET_5_27_nochat_rev.txt,1,12,1,1,2,2,1,1,150,44
het,5,0,1,27,HET_5_27_nochat_rev.txt,1,13,2,1,1,1,1,1,150,4
het,5,0,1,27,HET_5_27_nochat_rev.txt,1,25,2,2,1,2,1,1,50,16
het,5,0,1,27,HET_5_27_nochat_rev.txt,1,22,2,1,1,1,1,1,150,8
het,5,0,1,27,HET_5_27_nochat_rev.txt,1,26,2,1,2,2,1,1,150,12
het,5,0,1,27,HET_5_27_nochat_rev.txt,1,5,2,1,2,2,1,1,150,12
het,5,0,1,27,HET_5_27_nochat_rev.txt,1,19,2,1,1,1,1,1,150,24
het,5,0,1,27,HET_5_27_nochat_rev.txt,1,23,2,2,1,1,1,1,50,29
het,5,0,1,27,HET_5_27_nochat_rev.txt,1,27,2,1,1,1,1,1,150,7
het,5,0,1,27,HET_5_27_nochat_rev.txt,1,21,2,1,1,1,1,1,150,27
het,5,0,1,27,HET_5_27_nochat_rev.txt,1,8,3,1,2,2,1,1,150,14
het,5,0,1,27,HET_5_27_nochat_rev.txt,1,16,3,2,1,2,1,1,50,17
het,5,0,1,27,HET_5_27_nochat_rev.txt,1,18,3,1,1,1,1,1,150,16
het,5,0,1,27,HET_5_27_nochat_rev.txt,1,6,3,1,1,1,1,1,150,12
het,5,0,1,27,HET_5_27_nochat_rev.txt,1,4,3,1,1,1,1,1,150,6
het,5,0,1,27,HET_5_27_nochat_rev.txt,1,11,3,1,1,1,1,1,150,18
het,5,0,1,27,HET_5_27_nochat_rev.txt,1,7,3,2,1,2,1,1,50,5
het,5,0,1,27,HET_5_27_nochat_rev.txt,1,2,3,1,1,1,1,1,150,13
het,5,0,1,27,HET_5_27_nochat_rev.txt,1,24,3,1,1,1,1,1,150,4
het,5,0,1,27,HET_5_27_nochat_rev.txt,2,21,1,2,1,2,2,1,10,37
het,5,0,1,27,HET_5_27_nochat_rev.txt,2,4,1,1,2,2,2,1,10,4
het,5,0,1,27,HET_5_27_nochat_rev.txt,2,11,1,2,1,2,2,1,10,17
het,5,0,1,27,HET_5_27_nochat_rev.txt,2,18,1,2,1,1,2,1,10,13
het,5,0,1,27,HET_5_27_nochat_rev.txt,2,6,1,2,1,2,2,1,10,18
het,5,0,1,27,HET_5_27_nochat_rev.txt,2,25,1,2,1,2,2,1,10,10
het,5,0,1,27,HET_5_27_nochat_rev.txt,2,5,1,1,2,2,2,1,10,12
het,5,0,1,27,HET_5_27_nochat_rev.txt,2,8,1,2,1,1,2,1,10,3
het,5,0,1,27,HET_5_27_nochat_rev.txt,2,10,1,1,1,1,2,1,10,5
het,5,0,1,27,HET_5_27_nochat_rev.txt,2,23,2,1,1,1,1,1,150,4
het,5,0,1,27,HET_5_27_nochat_rev.txt,2,2,2,1,2,1,1,1,150,14
het,5,0,1,27,HET_5_27_nochat_rev.txt,2,27,2,2,1,1,1,1,50,12
het,5,0,1,27,HET_5_27_nochat_rev.txt,2,1,2,2,1,2,1,1,50,13
het,5,0,1,27,HET_5_27_nochat_rev.txt,2,26,2,1,1,1,1,1,150,4
het,5,0,1,27,HET_5_27_nochat_rev.txt,2,14,2,1,1,1,1,1,150,17
het,5,0,1,27,HET_5_27_nochat_rev.txt,2,20,2,2,1,1,1,1,50,6
het,5,0,1,27,HET_5_27_nochat_rev.txt,2,9,2,2,1,1,1,1,50,3
het,5,0,1,27,HET_5_27_nochat_rev.txt,2,16,2,1,1,1,1,1,150,14
het,5,0,1,27,HET_5_27_nochat_rev.txt,2,24,3,2,2,2,2,2,150,3
het,5,0,1,27,HET_5_27_nochat_rev.txt,2,22,3,1,2,1,2,2,50,6
het,5,0,1,27,HET_5_27_nochat_rev.txt,2,19,3,1,2,2,2,2,50,12
het,5,0,1,27,HET_5_27_nochat_rev.txt,2,7,3,2,2,2,2,2,150,8
het,5,0,1,27,HET_5_27_nochat_rev.txt,2,17,3,2,1,1,2,2,150,5
het,5,0,1,27,HET_5_27_nochat_rev.txt,2,13,3,2,2,2,2,2,150,6
het,5,0,1,27,HET_5_27_nochat_rev.txt,2,12,3,2,2,2,2,2,150,17
het,5,0,1,27,HET_5_27_nochat_rev.txt,2,15,3,2,2,1,2,2,150,9
het,5,0,1,27,HET_5_27_nochat_rev.txt,2,3,3,2,2,2,2,2,150,9
het,5,0,1,27,HET_5_27_nochat_rev.txt,3,19,1,2,1,1,2,2,150,17
het,5,0,1,27,HET_5_27_nochat_rev.txt,3,5,1,1,2,2,2,2,50,43
het,5,0,1,27,HET_5_27_nochat_rev.txt,3,25,1,2,2,2,2,2,150,12
het,5,0,1,27,HET_5_27_nochat_rev.txt,3,10,1,2,1,1,2,2,150,10
het,5,0,1,27,HET_5_27_nochat_rev.txt,3,2,1,2,1,2,2,2,150,6
het,5,0,1,27,HET_5_27_nochat_rev.txt,3,18,1,2,2,2,2,2,150,15
het,5,0,1,27,HET_5_27_nochat_rev.txt,3,24,1,1,2,2,2,2,50,4
het,5,0,1,27,HET_5_27_nochat_rev.txt,3,4,1,1,2,1,2,2,50,18
het,5,0,1,27,HET_5_27_nochat_rev.txt,3,17,1,2,2,2,2,2,150,4
het,5,0,1,27,HET_5_27_nochat_rev.txt,3,12,2,2,1,1,1,1,50,16
het,5,0,1,27,HET_5_27_nochat_rev.txt,3,1,2,1,1,1,1,1,150,6
het,5,0,1,27,HET_5_27_nochat_rev.txt,3,7,2,1,2,1,1,1,150,6
het,5,0,1,27,HET_5_27_nochat_rev.txt,3,8,2,2,1,1,1,1,50,23
het,5,0,1,27,HET_5_27_nochat_rev.txt,3,6,2,2,2,2,1,1,50,13
het,5,0,1,27,HET_5_27_nochat_rev.txt,3,3,2,1,2,2,1,1,150,15
het,5,0,1,27,HET_5_27_nochat_rev.txt,3,9,2,2,1,1,1,1,50,2
het,5,0,1,27,HET_5_27_nochat_rev.txt,3,14,2,1,2,2,1,1,150,17
het,5,0,1,27,HET_5_27_nochat_rev.txt,3,16,2,2,1,2,1,1,50,5
het,5,0,1,27,HET_5_27_nochat_rev.txt,3,15,3,2,2,2,1,1,50,13
het,5,0,1,27,HET_5_27_nochat_rev.txt,3,26,3,1,1,1,1,1,150,7
het,5,0,1,27,HET_5_27_nochat_rev.txt,3,22,3,2,2,2,1,1,50,5
het,5,0,1,27,HET_5_27_nochat_rev.txt,3,13,3,1,1,1,1,1,150,4
het,5,0,1,27,HET_5_27_nochat_rev.txt,3,21,3,2,1,1,1,1,50,51
het,5,0,1,27,HET_5_27_nochat_rev.txt,3,11,3,2,2,2,1,1,50,11
het,5,0,1,27,HET_5_27_nochat_rev.txt,3,20,3,2,2,2,1,1,50,6
het,5,0,1,27,HET_5_27_nochat_rev.txt,3,27,3,1,1,1,1,1,150,23
het,5,0,1,27,HET_5_27_nochat_rev.txt,3,23,3,1,1,1,1,1,150,5
het,5,0,1,27,HET_5_27_nochat_rev.txt,4,25,1,2,2,2,2,1,10,8
het,5,0,1,27,HET_5_27_nochat_rev.txt,4,14,1,2,2,2,2,1,10,15
het,5,0,1,27,HET_5_27_nochat_rev.txt,4,5,1,2,1,2,2,1,10,16
het,5,0,1,27,HET_5_27_nochat_rev.txt,4,17,1,1,1,1,2,1,10,3
het,5,0,1,27,HET_5_27_nochat_rev.txt,4,13,1,1,1,1,2,1,10,6
het,5,0,1,27,HET_5_27_nochat_rev.txt,4,21,1,1,2,2,2,1,10,21
het,5,0,1,27,HET_5_27_nochat_rev.txt,4,20,1,2,1,1,2,1,10,6
het,5,0,1,27,HET_5_27_nochat_rev.txt,4,16,1,1,1,1,2,1,10,19
het,5,0,1,27,HET_5_27_nochat_rev.txt,4,4,1,2,1,2,2,1,10,11
het,5,0,1,27,HET_5_27_nochat_rev.txt,4,22,2,1,1,1,1,2,10,12
het,5,0,1,27,HET_5_27_nochat_rev.txt,4,27,2,1,2,2,1,2,10,4
het,5,0,1,27,HET_5_27_nochat_rev.txt,4,9,2,1,1,1,1,2,10,3
het,5,0,1,27,HET_5_27_nochat_rev.txt,4,10,2,2,1,1,1,2,10,5
het,5,0,1,27,HET_5_27_nochat_rev.txt,4,19,2,2,2,2,1,2,10,8
het,5,0,1,27,HET_5_27_nochat_rev.txt,4,1,2,1,1,1,1,2,10,6
het,5,0,1,27,HET_5_27_nochat_rev.txt,4,2,2,1,2,1,1,2,10,11
het,5,0,1,27,HET_5_27_nochat_rev.txt,4,7,2,1,1,1,1,2,10,4
het,5,0,1,27,HET_5_27_nochat_rev.txt,4,11,2,1,1,1,1,2,10,7
het,5,0,1,27,HET_5_27_nochat_rev.txt,4,18,3,2,2,2,2,2,150,10
het,5,0,1,27,HET_5_27_nochat_rev.txt,4,26,3,1,1,1,2,2,50,5
het,5,0,1,27,HET_5_27_nochat_rev.txt,4,6,3,2,2,2,2,2,150,8
het,5,0,1,27,HET_5_27_nochat_rev.txt,4,15,3,1,2,2,2,2,50,14
het,5,0,1,27,HET_5_27_nochat_rev.txt,4,12,3,2,1,1,2,2,150,11
het,5,0,1,27,HET_5_27_nochat_rev.txt,4,23,3,1,2,2,2,2,50,40
het,5,0,1,27,HET_5_27_nochat_rev.txt,4,24,3,2,2,2,2,2,150,3
het,5,0,1,27,HET_5_27_nochat_rev.txt,4,3,3,1,2,2,2,2,50,5
het,5,0,1,27,HET_5_27_nochat_rev.txt,4,8,3,2,1,1,2,2,150,4
het,5,0,1,27,HET_5_27_nochat_rev.txt,5,23,1,1,2,2,1,1,150,19
het,5,0,1,27,HET_5_27_nochat_rev.txt,5,21,1,2,2,2,1,1,50,19
het,5,0,1,27,HET_5_27_nochat_rev.txt,5,16,1,1,2,1,1,1,150,8
het,5,0,1,27,HET_5_27_nochat_rev.txt,5,4,1,2,1,2,1,1,50,25
het,5,0,1,27,HET_5_27_nochat_rev.txt,5,22,1,1,1,1,1,1,150,4
het,5,0,1,27,HET_5_27_nochat_rev.txt,5,10,1,1,1,1,1,1,150,3
het,5,0,1,27,HET_5_27_nochat_rev.txt,5,12,1,2,2,2,1,1,50,10
het,5,0,1,27,HET_5_27_nochat_rev.txt,5,24,1,1,1,1,1,1,150,4
het,5,0,1,27,HET_5_27_nochat_rev.txt,5,27,1,2,1,1,1,1,50,14
het,5,0,1,27,HET_5_27_nochat_rev.txt,5,15,2,1,1,1,1,1,150,17
het,5,0,1,27,HET_5_27_nochat_rev.txt,5,26,2,2,1,1,1,1,50,9
het,5,0,1,27,HET_5_27_nochat_rev.txt,5,5,2,2,1,2,1,1,50,23
het,5,0,1,27,HET_5_27_nochat_rev.txt,5,11,2,2,1,1,1,1,50,7
het,5,0,1,27,HET_5_27_nochat_rev.txt,5,7,2,2,1,2,1,1,50,4
het,5,0,1,27,HET_5_27_nochat_rev.txt,5,20,2,2,2,2,1,1,50,7
het,5,0,1,27,HET_5_27_nochat_rev.txt,5,18,2,2,1,1,1,1,50,18
het,5,0,1,27,HET_5_27_nochat_rev.txt,5,14,2,1,1,1,1,1,150,12
het,5,0,1,27,HET_5_27_nochat_rev.txt,5,13,2,1,1,1,1,1,150,4
het,5,0,1,27,HET_5_27_nochat_rev.txt,5,1,3,1,2,2,1,2,10,23
het,5,0,1,27,HET_5_27_nochat_rev.txt,5,17,3,2,2,2,1,2,10,3
het,5,0,1,27,HET_5_27_nochat_rev.txt,5,8,3,1,1,1,1,2,10,5
het,5,0,1,27,HET_5_27_nochat_rev.txt,5,3,3,2,1,1,1,2,10,13
het,5,0,1,27,HET_5_27_nochat_rev.txt,5,2,3,1,1,1,1,2,10,10
het,5,0,1,27,HET_5_27_nochat_rev.txt,5,9,3,1,1,1,1,2,10,3
het,5,0,1,27,HET_5_27_nochat_rev.txt,5,6,3,2,1,2,1,2,10,20
het,5,0,1,27,HET_5_27_nochat_rev.txt,5,19,3,2,2,2,1,2,10,4
het,5,0,1,27,HET_5_27_nochat_rev.txt,5,25,3,1,1,1,1,2,10,11
het,5,0,1,27,HET_5_27_nochat_rev.txt,6,2,1,1,2,1,1,2,10,9
het,5,0,1,27,HET_5_27_nochat_rev.txt,6,27,1,2,2,2,1,2,10,11
het,5,0,1,27,HET_5_27_nochat_rev.txt,6,14,1,1,1,2,1,2,10,14
het,5,0,1,27,HET_5_27_nochat_rev.txt,6,25,1,1,2,1,1,2,10,19
het,5,0,1,27,HET_5_27_nochat_rev.txt,6,7,1,1,2,1,1,2,10,5
het,5,0,1,27,HET_5_27_nochat_rev.txt,6,8,1,1,2,1,1,2,10,13
het,5,0,1,27,HET_5_27_nochat_rev.txt,6,6,1,2,1,2,1,2,10,23
het,5,0,1,27,HET_5_27_nochat_rev.txt,6,19,1,2,1,1,1,2,10,14
het,5,0,1,27,HET_5_27_nochat_rev.txt,6,22,1,2,2,2,1,2,10,5
het,5,0,1,27,HET_5_27_nochat_rev.txt,6,5,2,1,1,1,2,1,10,11
het,5,0,1,27,HET_5_27_nochat_rev.txt,6,9,2,1,1,1,2,1,10,4
het,5,0,1,27,HET_5_27_nochat_rev.txt,6,16,2,2,1,2,2,1,10,15
het,5,0,1,27,HET_5_27_nochat_rev.txt,6,13,2,1,2,2,2,1,10,5
het,5,0,1,27,HET_5_27_nochat_rev.txt,6,20,2,2,2,2,2,1,10,4
het,5,0,1,27,HET_5_27_nochat_rev.txt,6,17,2,1,2,2,2,1,10,6
het,5,0,1,27,HET_5_27_nochat_rev.txt,6,11,2,2,1,1,2,1,10,9
het,5,0,1,27,HET_5_27_nochat_rev.txt,6,3,2,2,1,1,2,1,10,19
het,5,0,1,27,HET_5_27_nochat_rev.txt,6,10,2,1,2,2,2,1,10,4
het,5,0,1,27,HET_5_27_nochat_rev.txt,6,18,3,2,2,2,2,2,150,6
het,5,0,1,27,HET_5_27_nochat_rev.txt,6,15,3,1,2,1,2,2,50,17
het,5,0,1,27,HET_5_27_nochat_rev.txt,6,23,3,2,2,1,2,2,150,30
het,5,0,1,27,HET_5_27_nochat_rev.txt,6,12,3,1,2,2,2,2,50,14
het,5,0,1,27,HET_5_27_nochat_rev.txt,6,26,3,2,2,2,2,2,150,8
het,5,0,1,27,HET_5_27_nochat_rev.txt,6,21,3,2,2,2,2,2,150,29
het,5,0,1,27,HET_5_27_nochat_rev.txt,6,1,3,1,1,1,2,2,50,7
het,5,0,1,27,HET_5_27_nochat_rev.txt,6,24,3,1,2,2,2,2,50,3
het,5,0,1,27,HET_5_27_nochat_rev.txt,6,4,3,1,2,2,2,2,50,7
het,5,0,1,27,HET_5_27_nochat_rev.txt,7,9,1,1,1,1,2,1,10,3
het,5,0,1,27,HET_5_27_nochat_rev.txt,7,8,1,2,2,2,2,1,10,12
het,5,0,1,27,HET_5_27_nochat_rev.txt,7,17,1,1,1,1,2,1,10,4
het,5,0,1,27,HET_5_27_nochat_rev.txt,7,14,1,1,1,2,2,1,10,16
het,5,0,1,27,HET_5_27_nochat_rev.txt,7,22,1,2,1,2,2,1,10,9
het,5,0,1,27,HET_5_27_nochat_rev.txt,7,1,1,2,1,1,2,1,10,28
het,5,0,1,27,HET_5_27_nochat_rev.txt,7,20,1,2,2,2,2,1,10,3
het,5,0,1,27,HET_5_27_nochat_rev.txt,7,7,1,2,1,2,2,1,10,10
het,5,0,1,27,HET_5_27_nochat_rev.txt,7,26,1,1,1,1,2,1,10,12
het,5,0,1,27,HET_5_27_nochat_rev.txt,7,21,2,1,1,1,1,1,150,15
het,5,0,1,27,HET_5_27_nochat_rev.txt,7,5,2,1,1,1,1,1,150,11
het,5,0,1,27,HET_5_27_nochat_rev.txt,7,11,2,1,1,1,1,1,150,5
het,5,0,1,27,HET_5_27_nochat_rev.txt,7,10,2,2,2,2,1,1,50,10
het,5,0,1,27,HET_5_27_nochat_rev.txt,7,24,2,2,1,1,1,1,50,4
het,5,0,1,27,HET_5_27_nochat_rev.txt,7,4,2,1,1,1,1,1,150,18
het,5,0,1,27,HET_5_27_nochat_rev.txt,7,6,2,1,1,1,1,1,150,17
het,5,0,1,27,HET_5_27_nochat_rev.txt,7,23,2,2,1,1,1,1,50,37
het,5,0,1,27,HET_5_27_nochat_rev.txt,7,18,2,1,1,1,1,1,150,8
het,5,0,1,27,HET_5_27_nochat_rev.txt,7,15,3,1,2,1,2,2,50,13
het,5,0,1,27,HET_5_27_nochat_rev.txt,7,19,3,2,2,2,2,2,150,15
het,5,0,1,27,HET_5_27_nochat_rev.txt,7,13,3,2,2,2,2,2,150,3
het,5,0,1,27,HET_5_27_nochat_rev.txt,7,3,3,2,2,2,2,2,150,17
het,5,0,1,27,HET_5_27_nochat_rev.txt,7,27,3,1,2,2,2,2,50,6
het,5,0,1,27,HET_5_27_nochat_rev.txt,7,25,3,1,2,2,2,2,50,16
het,5,0,1,27,HET_5_27_nochat_rev.txt,7,2,3,1,2,1,2,2,50,8
het,5,0,1,27,HET_5_27_nochat_rev.txt,7,16,3,1,2,1,2,2,50,13
het,5,0,1,27,HET_5_27_nochat_rev.txt,7,12,3,1,2,2,2,2,50,14
het,5,0,1,27,HET_5_27_nochat_rev.txt,8,7,1,2,2,2,1,1,50,3
het,5,0,1,27,HET_5_27_nochat_rev.txt,8,21,1,2,1,2,1,1,50,31
het,5,0,1,27,HET_5_27_nochat_rev.txt,8,15,1,1,1,1,1,1,150,9
het,5,0,1,27,HET_5_27_nochat_rev.txt,8,27,1,1,1,1,1,1,150,4
het,5,0,1,27,HET_5_27_nochat_rev.txt,8,26,1,2,1,1,1,1,50,12
het,5,0,1,27,HET_5_27_nochat_rev.txt,8,14,1,2,1,1,1,1,50,12
het,5,0,1,27,HET_5_27_nochat_rev.txt,8,8,1,1,1,1,1,1,150,5
het,5,0,1,27,HET_5_27_nochat_rev.txt,8,19,1,1,1,1,1,1,150,5
het,5,0,1,27,HET_5_27_nochat_rev.txt,8,5,1,1,2,1,1,1,150,14
het,5,0,1,27,HET_5_27_nochat_rev.txt,8,25,2,1,1,1,2,1,10,9
het,5,0,1,27,HET_5_27_nochat_rev.txt,8,4,2,1,1,1,2,1,10,7
het,5,0,1,27,HET_5_27_nochat_rev.txt,8,12,2,2,2,2,2,1,10,6
het,5,0,1,27,HET_5_27_nochat_rev.txt,8,3,2,1,1,1,2,1,10,12
het,5,0,1,27,HET_5_27_nochat_rev.txt,8,17,2,2,2,2,2,1,10,4
het,5,0,1,27,HET_5_27_nochat_rev.txt,8,9,2,1,2,2,2,1,10,4
het,5,0,1,27,HET_5_27_nochat_rev.txt,8,2,2,2,1,2,2,1,10,10
het,5,0,1,27,HET_5_27_nochat_rev.txt,8,24,2,2,2,2,2,1,10,6
het,5,0,1,27,HET_5_27_nochat_rev.txt,8,1,2,2,1,1,2,1,10,13
het,5,0,1,27,HET_5_27_nochat_rev.txt,8,23,3,1,1,1,2,2,50,19
het,5,0,1,27,HET_5_27_nochat_rev.txt,8,10,3,1,1,1,2,2,50,4
het,5,0,1,27,HET_5_27_nochat_rev.txt,8,6,3,2,1,2,2,2,150,22
het,5,0,1,27,HET_5_27_nochat_rev.txt,8,13,3,1,2,2,2,2,50,4
het,5,0,1,27,HET_5_27_nochat_rev.txt,8,18,3,2,2,2,2,2,150,14
het,5,0,1,27,HET_5_27_nochat_rev.txt,8,11,3,2,2,2,2,2,150,7
het,5,0,1,27,HET_5_27_nochat_rev.txt,8,16,3,1,2,1,2,2,50,4
het,5,0,1,27,HET_5_27_nochat_rev.txt,8,22,3,1,2,1,2,2,50,7
het,5,0,1,27,HET_5_27_nochat_rev.txt,8,20,3,1,2,2,2,2,50,2
het,5,0,1,27,HET_5_27_nochat_rev.txt,9,10,1,2,1,1,2,2,150,2
het,5,0,1,27,HET_5_27_nochat_rev.txt,9,12,1,1,2,2,2,2,50,27
het,5,0,1,27,HET_5_27_nochat_rev.txt,9,15,1,2,2,2,2,2,150,14
het,5,0,1,27,HET_5_27_nochat_rev.txt,9,18,1,2,2,2,2,2,150,9
het,5,0,1,27,HET_5_27_nochat_rev.txt,9,21,1,1,1,1,2,2,50,30
het,5,0,1,27,HET_5_27_nochat_rev.txt,9,1,1,2,2,2,2,2,150,10
het,5,0,1,27,HET_5_27_nochat_rev.txt,9,11,1,1,2,2,2,2,50,6
het,5,0,1,27,HET_5_27_nochat_rev.txt,9,14,1,2,2,1,2,2,150,21
het,5,0,1,27,HET_5_27_nochat_rev.txt,9,23,1,2,1,1,2,2,150,32
het,5,0,1,27,HET_5_27_nochat_rev.txt,9,7,2,1,1,1,2,2,50,4
het,5,0,1,27,HET_5_27_nochat_rev.txt,9,8,2,1,2,2,2,2,50,11
het,5,0,1,27,HET_5_27_nochat_rev.txt,9,24,2,1,2,2,2,2,50,3
het,5,0,1,27,HET_5_27_nochat_rev.txt,9,17,2,1,1,1,2,2,50,4
het,5,0,1,27,HET_5_27_nochat_rev.txt,9,3,2,1,2,2,2,2,50,6
het,5,0,1,27,HET_5_27_nochat_rev.txt,9,26,2,2,2,2,2,2,150,11
het,5,0,1,27,HET_5_27_nochat_rev.txt,9,5,2,2,1,2,2,2,150,11
het,5,0,1,27,HET_5_27_nochat_rev.txt,9,25,2,1,2,2,2,2,50,16
het,5,0,1,27,HET_5_27_nochat_rev.txt,9,4,2,2,2,2,2,2,150,7
het,5,0,1,27,HET_5_27_nochat_rev.txt,9,20,3,1,1,2,1,1,150,2
het,5,0,1,27,HET_5_27_nochat_rev.txt,9,19,3,1,2,2,1,1,150,6
het,5,0,1,27,HET_5_27_nochat_rev.txt,9,22,3,1,2,2,1,1,150,8
het,5,0,1,27,HET_5_27_nochat_rev.txt,9,16,3,2,2,2,1,1,50,4
het,5,0,1,27,HET_5_27_nochat_rev.txt,9,6,3,1,1,1,1,1,150,11
het,5,0,1,27,HET_5_27_nochat_rev.txt,9,13,3,1,1,1,1,1,150,8
het,5,0,1,27,HET_5_27_nochat_rev.txt,9,2,3,1,2,1,1,1,150,8
het,5,0,1,27,HET_5_27_nochat_rev.txt,9,9,3,2,1,1,1,1,50,3
het,5,0,1,27,HET_5_27_nochat_rev.txt,9,27,3,2,1,1,1,1,50,8
het,5,0,1,27,HET_5_27_nochat_rev.txt,10,12,1,2,1,1,2,1,10,19
het,5,0,1,27,HET_5_27_nochat_rev.txt,10,24,1,1,2,2,2,1,10,3
het,5,0,1,27,HET_5_27_nochat_rev.txt,10,7,1,1,1,1,2,1,10,3
het,5,0,1,27,HET_5_27_nochat_rev.txt,10,23,1,1,2,2,2,1,10,27
het,5,0,1,27,HET_5_27_nochat_rev.txt,10,21,1,2,2,2,2,1,10,34
het,5,0,1,27,HET_5_27_nochat_rev.txt,10,6,1,1,2,1,2,1,10,9
het,5,0,1,27,HET_5_27_nochat_rev.txt,10,17,1,1,2,2,2,1,10,5
het,5,0,1,27,HET_5_27_nochat_rev.txt,10,19,1,2,2,2,2,1,10,11
het,5,0,1,27,HET_5_27_nochat_rev.txt,10,20,1,1,2,2,2,1,10,4
het,5,0,1,27,HET_5_27_nochat_rev.txt,10,5,2,1,2,1,1,2,10,6
het,5,0,1,27,HET_5_27_nochat_rev.txt,10,27,2,1,1,1,1,2,10,16
het,5,0,1,27,HET_5_27_nochat_rev.txt,10,15,2,1,1,1,1,2,10,10
het,5,0,1,27,HET_5_27_nochat_rev.txt,10,11,2,1,1,1,1,2,10,9
het,5,0,1,27,HET_5_27_nochat_rev.txt,10,10,2,1,2,2,1,2,10,4
het,5,0,1,27,HET_5_27_nochat_rev.txt,10,26,2,2,1,1,1,2,10,8
het,5,0,1,27,HET_5_27_nochat_rev.txt,10,25,2,2,2,2,1,2,10,8
het,5,0,1,27,HET_5_27_nochat_rev.txt,10,8,2,2,1,1,1,2,10,9
het,5,0,1,27,HET_5_27_nochat_rev.txt,10,9,2,1,1,1,1,2,10,3
het,5,0,1,27,HET_5_27_nochat_rev.txt,10,18,3,2,2,2,2,2,150,8
het,5,0,1,27,HET_5_27_nochat_rev.txt,10,13,3,1,1,1,2,2,50,3
het,5,0,1,27,HET_5_27_nochat_rev.txt,10,16,3,2,2,2,2,2,150,4
het,5,0,1,27,HET_5_27_nochat_rev.txt,10,2,3,2,2,2,2,2,150,10
het,5,0,1,27,HET_5_27_nochat_rev.txt,10,14,3,2,2,1,2,2,150,15
het,5,0,1,27,HET_5_27_nochat_rev.txt,10,3,3,1,2,2,2,2,50,3
het,5,0,1,27,HET_5_27_nochat_rev.txt,10,4,3,1,2,1,2,2,50,15
het,5,0,1,27,HET_5_27_nochat_rev.txt,10,22,3,1,2,2,2,2,50,11
het,5,0,1,27,HET_5_27_nochat_rev.txt,10,1,3,2,1,1,2,2,150,14
het,5,0,1,27,HET_5_27_nochat_rev.txt,11,12,1,2,1,1,1,2,10,21
het,5,0,1,27,HET_5_27_nochat_rev.txt,11,18,1,1,2,2,1,2,10,9
het,5,0,1,27,HET_5_27_nochat_rev.txt,11,24,1,1,1,1,1,2,10,6
het,5,0,1,27,HET_5_27_nochat_rev.txt,11,17,1,2,2,2,1,2,10,5
het,5,0,1,27,HET_5_27_nochat_rev.txt,11,23,1,1,2,2,1,2,10,14
het,5,0,1,27,HET_5_27_nochat_rev.txt,11,25,1,1,2,1,1,2,10,15
het,5,0,1,27,HET_5_27_nochat_rev.txt,11,22,1,1,2,1,1,2,10,9
het,5,0,1,27,HET_5_27_nochat_rev.txt,11,4,1,1,2,2,1,2,10,9
het,5,0,1,27,HET_5_27_nochat_rev.txt,11,2,1,1,2,1,1,2,10,8
het,5,0,1,27,HET_5_27_nochat_rev.txt,11,15,2,1,1,1,2,1,10,7
het,5,0,1,27,HET_5_27_nochat_rev.txt,11,16,2,2,1,2,2,1,10,14
het,5,0,1,27,HET_5_27_nochat_rev.txt,11,11,2,1,1,1,2,1,10,5
het,5,0,1,27,HET_5_27_nochat_rev.txt,11,14,2,1,2,2,2,1,10,17
het,5,0,1,27,HET_5_27_nochat_rev.txt,11,21,2,2,1,2,2,1,10,50
het,5,0,1,27,HET_5_27_nochat_rev.txt,11,6,2,2,1,2,2,1,10,20
het,5,0,1,27,HET_5_27_nochat_rev.txt,11,26,2,1,2,2,2,1,10,7
het,5,0,1,27,HET_5_27_nochat_rev.txt,11,9,2,1,2,2,2,1,10,3
het,5,0,1,27,HET_5_27_nochat_rev.txt,11,27,2,1,1,1,2,1,10,23
het,5,0,1,27,HET_5_27_nochat_rev.txt,11,7,3,1,1,1,1,1,150,6
het,5,0,1,27,HET_5_27_nochat_rev.txt,11,3,3,2,1,1,1,1,50,3
het,5,0,1,27,HET_5_27_nochat_rev.txt,11,10,3,2,1,1,1,1,50,3
het,5,0,1,27,HET_5_27_nochat_rev.txt,11,19,3,2,1,1,1,1,50,7
het,5,0,1,27,HET_5_27_nochat_rev.txt,11,1,3,1,1,1,1,1,150,6
het,5,0,1,27,HET_5_27_nochat_rev.txt,11,8,3,2,1,2,1,1,50,7
het,5,0,1,27,HET_5_27_nochat_rev.txt,11,13,3,1,2,2,1,1,150,4
het,5,0,1,27,HET_5_27_nochat_rev.txt,11,20,3,1,1,2,1,1,150,3
het,5,0,1,27,HET_5_27_nochat_rev.txt,11,5,3,1,2,1,1,1,150,10
het,5,0,1,27,HET_5_27_nochat_rev.txt,12,18,1,2,1,1,2,2,150,5
het,5,0,1,27,HET_5_27_nochat_rev.txt,12,11,1,2,2,2,2,2,150,10
het,5,0,1,27,HET_5_27_nochat_rev.txt,12,4,1,2,2,2,2,2,150,3
het,5,0,1,27,HET_5_27_nochat_rev.txt,12,2,1,1,2,1,2,2,50,6
het,5,0,1,27,HET_5_27_nochat_rev.txt,12,6,1,1,2,2,2,2,50,22
het,5,0,1,27,HET_5_27_nochat_rev.txt,12,16,1,2,2,2,2,2,150,12
het,5,0,1,27,HET_5_27_nochat_rev.txt,12,3,1,2,1,1,2,2,150,3
het,5,0,1,27,HET_5_27_nochat_rev.txt,12,25,1,1,1,1,2,2,50,6
het,5,0,1,27,HET_5_27_nochat_rev.txt,12,13,1,1,2,2,2,2,50,4
het,5,0,1,27,HET_5_27_nochat_rev.txt,12,15,2,2,2,2,2,2,150,10
het,5,0,1,27,HET_5_27_nochat_rev.txt,12,20,2,1,2,1,2,2,50,2
het,5,0,1,27,HET_5_27_nochat_rev.txt,12,17,2,1,2,2,2,2,50,5
het,5,0,1,27,HET_5_27_nochat_rev.txt,12,10,2,2,2,2,2,2,150,5
het,5,0,1,27,HET_5_27_nochat_rev.txt,12,1,2,1,1,1,2,2,50,4
het,5,0,1,27,HET_5_27_nochat_rev.txt,12,9,2,2,1,1,2,2,150,20
het,5,0,1,27,HET_5_27_nochat_rev.txt,12,8,2,2,2,2,2,2,150,4
het,5,0,1,27,HET_5_27_nochat_rev.txt,12,19,2,2,1,1,2,2,150,5
het,5,0,1,27,HET_5_27_nochat_rev.txt,12,12,2,2,2,2,2,2,150,11
het,5,0,1,27,HET_5_27_nochat_rev.txt,12,26,3,2,2,2,1,1,50,8
het,5,0,1,27,HET_5_27_nochat_rev.txt,12,24,3,2,1,1,1,1,50,14
het,5,0,1,27,HET_5_27_nochat_rev.txt,12,23,3,1,1,1,1,1,150,3
het,5,0,1,27,HET_5_27_nochat_rev.txt,12,21,3,1,1,1,1,1,150,20
het,5,0,1,27,HET_5_27_nochat_rev.txt,12,5,3,2,1,2,1,1,50,5
het,5,0,1,27,HET_5_27_nochat_rev.txt,12,22,3,1,2,1,1,1,150,6
het,5,0,1,27,HET_5_27_nochat_rev.txt,12,27,3,2,2,2,1,1,50,6
het,5,0,1,27,HET_5_27_nochat_rev.txt,12,7,3,2,2,2,1,1,50,4
het,5,0,1,27,HET_5_27_nochat_rev.txt,12,14,3,1,1,1,1,1,150,11
het,5,0,1,27,HET_5_27_nochat_rev.txt,13,14,1,2,2,1,1,1,50,23
het,5,0,1,27,HET_5_27_nochat_rev.txt,13,20,1,2,1,1,1,1,50,6
het,5,0,1,27,HET_5_27_nochat_rev.txt,13,21,1,1,1,1,1,1,150,13
het,5,0,1,27,HET_5_27_nochat_rev.txt,13,24,1,2,1,1,1,1,50,9
het,5,0,1,27,HET_5_27_nochat_rev.txt,13,19,1,2,2,2,1,1,50,30
het,5,0,1,27,HET_5_27_nochat_rev.txt,13,1,1,2,1,2,1,1,50,15
het,5,0,1,27,HET_5_27_nochat_rev.txt,13,3,1,1,1,1,1,1,150,32
het,5,0,1,27,HET_5_27_nochat_rev.txt,13,25,1,1,1,1,1,1,150,7
het,5,0,1,27,HET_5_27_nochat_rev.txt,13,26,1,2,2,2,1,1,50,9
het,5,0,1,27,HET_5_27_nochat_rev.txt,13,2,2,1,2,1,1,2,10,8
het,5,0,1,27,HET_5_27_nochat_rev.txt,13,7,2,2,2,2,1,2,10,3
het,5,0,1,27,HET_5_27_nochat_rev.txt,13,22,2,2,1,1,1,2,10,25
het,5,0,1,27,HET_5_27_nochat_rev.txt,13,9,2,2,2,2,1,2,10,9
het,5,0,1,27,HET_5_27_nochat_rev.txt,13,16,2,1,2,1,1,2,10,13
het,5,0,1,27,HET_5_27_nochat_rev.txt,13,6,2,2,2,2,1,2,10,12
het,5,0,1,27,HET_5_27_nochat_rev.txt,13,23,2,1,2,1,1,2,10,8
het,5,0,1,27,HET_5_27_nochat_rev.txt,13,13,2,2,1,1,1,2,10,5
het,5,0,1,27,HET_5_27_nochat_rev.txt,13,15,2,1,2,2,1,2,10,16
het,5,0,1,27,HET_5_27_nochat_rev.txt,13,12,3,1,2,2,1,1,150,12
het,5,0,1,27,HET_5_27_nochat_rev.txt,13,27,3,1,1,1,1,1,150,6
het,5,0,1,27,HET_5_27_nochat_rev.txt,13,8,3,1,1,1,1,1,150,11
het,5,0,1,27,HET_5_27_nochat_rev.txt,13,17,3,1,1,1,1,1,150,6
het,5,0,1,27,HET_5_27_nochat_rev.txt,13,10,3,1,1,1,1,1,150,14
het,5,0,1,27,HET_5_27_nochat_rev.txt,13,11,3,2,1,2,1,1,50,28
het,5,0,1,27,HET_5_27_nochat_rev.txt,13,4,3,1,1,1,1,1,150,5
het,5,0,1,27,HET_5_27_nochat_rev.txt,13,5,3,2,1,2,1,1,50,6
het,5,0,1,27,HET_5_27_nochat_rev.txt,13,18,3,2,1,1,1,1,50,12
het,5,0,1,27,HET_5_27_nochat_rev.txt,14,11,1,2,1,2,2,2,150,14
het,5,0,1,27,HET_5_27_nochat_rev.txt,14,26,1,1,2,2,2,2,50,8
het,5,0,1,27,HET_5_27_nochat_rev.txt,14,12,1,2,1,1,2,2,150,11
het,5,0,1,27,HET_5_27_nochat_rev.txt,14,7,1,2,2,2,2,2,150,4
het,5,0,1,27,HET_5_27_nochat_rev.txt,14,17,1,2,2,2,2,2,150,3
het,5,0,1,27,HET_5_27_nochat_rev.txt,14,24,1,2,2,2,2,2,150,9
het,5,0,1,27,HET_5_27_nochat_rev.txt,14,16,1,1,2,1,2,2,50,7
het,5,0,1,27,HET_5_27_nochat_rev.txt,14,15,1,1,2,2,2,2,50,12
het,5,0,1,27,HET_5_27_nochat_rev.txt,14,10,1,1,2,2,2,2,50,5
het,5,0,1,27,HET_5_27_nochat_rev.txt,14,9,2,2,1,1,1,1,50,3
het,5,0,1,27,HET_5_27_nochat_rev.txt,14,23,2,1,2,2,1,1,150,20
het,5,0,1,27,HET_5_27_nochat_rev.txt,14,3,2,2,1,1,1,1,50,4
het,5,0,1,27,HET_5_27_nochat_rev.txt,14,5,2,1,1,1,1,1,150,5
het,5,0,1,27,HET_5_27_nochat_rev.txt,14,18,2,1,1,1,1,1,150,9
het,5,0,1,27,HET_5_27_nochat_rev.txt,14,4,2,1,1,1,1,1,150,10
het,5,0,1,27,HET_5_27_nochat_rev.txt,14,20,2,1,1,1,1,1,150,3
het,5,0,1,27,HET_5_27_nochat_rev.txt,14,13,2,1,2,2,1,1,150,4
het,5,0,1,27,HET_5_27_nochat_rev.txt,14,2,2,1,1,1,1,1,150,8
het,5,0,1,27,HET_5_27_nochat_rev.txt,14,25,3,2,1,1,1,1,50,13
het,5,0,1,27,HET_5_27_nochat_rev.txt,14,21,3,2,2,2,1,1,50,12
het,5,0,1,27,HET_5_27_nochat_rev.txt,14,6,3,2,1,1,1,1,50,10
het,5,0,1,27,HET_5_27_nochat_rev.txt,14,1,3,2,1,2,1,1,50,13
het,5,0,1,27,HET_5_27_nochat_rev.txt,14,14,3,2,1,1,1,1,50,23
het,5,0,1,27,HET_5_27_nochat_rev.txt,14,22,3,1,1,1,1,1,150,6
het,5,0,1,27,HET_5_27_nochat_rev.txt,14,19,3,1,2,2,1,1,150,9
het,5,0,1,27,HET_5_27_nochat_rev.txt,14,27,3,2,1,1,1,1,50,4
het,5,0,1,27,HET_5_27_nochat_rev.txt,14,8,3,1,1,1,1,1,150,7
het,5,0,1,27,HET_5_27_nochat_rev.txt,15,4,1,2,1,1,1,1,50,8
het,5,0,1,27,HET_5_27_nochat_rev.txt,15,25,1,1,1,1,1,1,150,8
het,5,0,1,27,HET_5_27_nochat_rev.txt,15,19,1,1,1,1,1,1,150,20
het,5,0,1,27,HET_5_27_nochat_rev.txt,15,17,1,2,1,1,1,1,50,5
het,5,0,1,27,HET_5_27_nochat_rev.txt,15,26,1,1,1,1,1,1,150,4
het,5,0,1,27,HET_5_27_nochat_rev.txt,15,3,1,2,2,1,1,1,50,17
het,5,0,1,27,HET_5_27_nochat_rev.txt,15,21,1,2,1,2,1,1,50,10
het,5,0,1,27,HET_5_27_nochat_rev.txt,15,10,1,1,2,2,1,1,150,4
het,5,0,1,27,HET_5_27_nochat_rev.txt,15,13,1,2,1,1,1,1,50,18
het,5,0,1,27,HET_5_27_nochat_rev.txt,15,27,2,1,2,2,2,2,50,6
het,5,0,1,27,HET_5_27_nochat_rev.txt,15,16,2,1,2,1,2,2,50,7
het,5,0,1,27,HET_5_27_nochat_rev.txt,15,6,2,2,1,2,2,2,150,22
het,5,0,1,27,HET_5_27_nochat_rev.txt,15,18,2,1,1,1,2,2,50,11
het,5,0,1,27,HET_5_27_nochat_rev.txt,15,15,2,1,2,2,2,2,50,17
het,5,0,1,27,HET_5_27_nochat_rev.txt,15,20,2,2,1,1,2,2,150,3
het,5,0,1,27,HET_5_27_nochat_rev.txt,15,1,2,1,2,2,2,2,50,12
het,5,0,1,27,HET_5_27_nochat_rev.txt,15,7,2,2,1,2,2,2,150,11
het,5,0,1,27,HET_5_27_nochat_rev.txt,15,23,2,2,2,2,2,2,150,21
het,5,0,1,27,HET_5_27_nochat_rev.txt,15,22,3,2,1,1,2,1,10,4
het,5,0,1,27,HET_5_27_nochat_rev.txt,15,2,3,2,1,2,2,1,10,6
het,5,0,1,27,HET_5_27_nochat_rev.txt,15,5,3,2,1,2,2,1,10,10
het,5,0,1,27,HET_5_27_nochat_rev.txt,15,12,3,2,2,2,2,1,10,7
het,5,0,1,27,HET_5_27_nochat_rev.txt,15,9,3,2,2,2,2,1,10,5
het,5,0,1,27,HET_5_27_nochat_rev.txt,15,24,3,1,1,1,2,1,10,3
het,5,0,1,27,HET_5_27_nochat_rev.txt,15,8,3,2,1,2,2,1,10,11
het,5,0,1,27,HET_5_27_nochat_rev.txt,15,14,3,1,1,1,2,1,10,8
het,5,0,1,27,HET_5_27_nochat_rev.txt,15,11,3,2,2,2,2,1,10,7
het,5,0,0,45,HET_5_45_nochat.txt,1,12,1,1,2,2,2,2,50,11
het,5,0,0,45,HET_5_45_nochat.txt,1,25,1,2,2,2,2,2,150,12
het,5,0,0,45,HET_5_45_nochat.txt,1,11,1,1,2,2,2,2,50,21
het,5,0,0,45,HET_5_45_nochat.txt,1,13,1,1,2,2,2,2,50,39
het,5,0,0,45,HET_5_45_nochat.txt,1,30,1,1,2,2,2,2,50,20
het,5,0,0,45,HET_5_45_nochat.txt,1,38,1,1,2,2,2,2,50,6
het,5,0,0,45,HET_5_45_nochat.txt,1,42,1,1,2,1,2,2,50,18
het,5,0,0,45,HET_5_45_nochat.txt,1,2,1,1,2,2,2,2,50,8
het,5,0,0,45,HET_5_45_nochat.txt,1,19,1,2,2,2,2,2,150,4
het,5,0,0,45,HET_5_45_nochat.txt,1,15,2,1,2,1,1,1,150,17
het,5,0,0,45,HET_5_45_nochat.txt,1,4,2,1,2,2,1,1,150,5
het,5,0,0,45,HET_5_45_nochat.txt,1,1,2,2,2,2,1,1,50,5
het,5,0,0,45,HET_5_45_nochat.txt,1,44,2,2,2,2,1,1,50,16
het,5,0,0,45,HET_5_45_nochat.txt,1,41,2,1,1,1,1,1,150,12
het,5,0,0,45,HET_5_45_nochat.txt,1,45,2,1,2,1,1,1,150,20
het,5,0,0,45,HET_5_45_nochat.txt,1,23,2,2,1,1,1,1,50,5
het,5,0,0,45,HET_5_45_nochat.txt,1,18,2,1,1,1,1,1,150,6
het,5,0,0,45,HET_5_45_nochat.txt,1,31,2,2,1,1,1,1,50,19
het,5,0,0,45,HET_5_45_nochat.txt,1,39,3,2,1,1,1,1,50,15
het,5,0,0,45,HET_5_45_nochat.txt,1,5,3,2,2,2,1,1,50,11
het,5,0,0,45,HET_5_45_nochat.txt,1,16,3,1,1,1,1,1,150,8
het,5,0,0,45,HET_5_45_nochat.txt,1,28,3,1,1,1,1,1,150,22
het,5,0,0,45,HET_5_45_nochat.txt,1,33,3,1,1,1,1,1,150,25
het,5,0,0,45,HET_5_45_nochat.txt,1,20,3,2,2,2,1,1,50,5
het,5,0,0,45,HET_5_45_nochat.txt,1,9,3,1,1,1,1,1,150,13
het,5,0,0,45,HET_5_45_nochat.txt,1,22,3,2,2,2,1,1,50,6
het,5,0,0,45,HET_5_45_nochat.txt,1,7,3,2,1,1,1,1,50,7
het,5,0,0,45,HET_5_45_nochat.txt,1,10,4,1,1,1,1,1,150,8
het,5,0,0,45,HET_5_45_nochat.txt,1,26,4,2,1,1,1,1,50,26
het,5,0,0,45,HET_5_45_nochat.txt,1,17,4,1,1,2,1,1,150,31
het,5,0,0,45,HET_5_45_nochat.txt,1,27,4,2,1,1,1,1,50,4
het,5,0,0,45,HET_5_45_nochat.txt,1,40,4,2,2,2,1,1,50,5
het,5,0,0,45,HET_5_45_nochat.txt,1,34,4,1,1,1,1,1,150,7
het,5,0,0,45,HET_5_45_nochat.txt,1,21,4,1,1,1,1,1,150,4
het,5,0,0,45,HET_5_45_nochat.txt,1,24,4,1,1,1,1,1,150,7
het,5,0,0,45,HET_5_45_nochat.txt,1,32,4,1,1,1,1,1,150,6
het,5,0,0,45,HET_5_45_nochat.txt,1,37,5,2,2,2,1,1,50,9
het,5,0,0,45,HET_5_45_nochat.txt,1,3,5,2,1,1,1,1,50,6
het,5,0,0,45,HET_5_45_nochat.txt,1,36,5,2,2,2,1,1,50,6
het,5,0,0,45,HET_5_45_nochat.txt,1,35,5,2,1,1,1,1,50,6
het,5,0,0,45,HET_5_45_nochat.txt,1,6,5,2,1,1,1,1,50,4
het,5,0,0,45,HET_5_45_nochat.txt,1,43,5,1,1,1,1,1,150,5
het,5,0,0,45,HET_5_45_nochat.txt,1,8,5,2,1,1,1,1,50,6
het,5,0,0,45,HET_5_45_nochat.txt,1,29,5,1,1,1,1,1,150,6
het,5,0,0,45,HET_5_45_nochat.txt,1,14,5,2,1,1,1,1,50,19
het,5,0,0,45,HET_5_45_nochat.txt,2,42,1,2,2,2,2,2,150,24
het,5,0,0,45,HET_5_45_nochat.txt,2,4,1,1,1,1,2,2,50,7
het,5,0,0,45,HET_5_45_nochat.txt,2,30,1,1,2,2,2,2,50,12
het,5,0,0,45,HET_5_45_nochat.txt,2,1,1,1,1,1,2,2,50,5
het,5,0,0,45,HET_5_45_nochat.txt,2,35,1,1,2,2,2,2,50,6
het,5,0,0,45,HET_5_45_nochat.txt,2,15,1,1,2,1,2,2,50,12
het,5,0,0,45,HET_5_45_nochat.txt,2,21,1,1,2,2,2,2,50,5
het,5,0,0,45,HET_5_45_nochat.txt,2,27,1,2,1,1,2,2,150,7
het,5,0,0,45,HET_5_45_nochat.txt,2,18,1,1,2,2,2,2,50,4
het,5,0,0,45,HET_5_45_nochat.txt,2,37,2,2,2,2,2,2,150,5
het,5,0,0,45,HET_5_45_nochat.txt,2,38,2,2,2,2,2,2,150,6
het,5,0,0,45,HET_5_45_nochat.txt,2,3,2,1,2,2,2,2,50,2
het,5,0,0,45,HET_5_45_nochat.txt,2,2,2,2,2,2,2,2,150,9
het,5,0,0,45,HET_5_45_nochat.txt,2,34,2,2,1,1,2,2,150,12
het,5,0,0,45,HET_5_45_nochat.txt,2,25,2,1,1,1,2,2,50,12
het,5,0,0,45,HET_5_45_nochat.txt,2,22,2,1,2,2,2,2,50,11
het,5,0,0,45,HET_5_45_nochat.txt,2,5,2,1,2,1,2,2,50,21
het,5,0,0,45,HET_5_45_nochat.txt,2,39,2,1,2,2,2,2,50,27
het,5,0,0,45,HET_5_45_nochat.txt,2,31,3,1,2,2,1,1,150,21
het,5,0,0,45,HET_5_45_nochat.txt,2,23,3,2,1,1,1,1,50,6
het,5,0,0,45,HET_5_45_nochat.txt,2,43,3,2,2,2,1,1,50,4
het,5,0,0,45,HET_5_45_nochat.txt,2,9,3,2,1,1,1,1,50,6
het,5,0,0,45,HET_5_45_nochat.txt,2,13,3,1,1,1,1,1,150,15
het,5,0,0,45,HET_5_45_nochat.txt,2,36,3,1,1,1,1,1,150,5
het,5,0,0,45,HET_5_45_nochat.txt,2,16,3,1,1,1,1,1,150,45
het,5,0,0,45,HET_5_45_nochat.txt,2,12,3,1,2,2,1,1,150,11
het,5,0,0,45,HET_5_45_nochat.txt,2,20,3,1,1,1,1,1,150,6
het,5,0,0,45,HET_5_45_nochat.txt,2,17,4,2,2,2,1,2,10,58
het,5,0,0,45,HET_5_45_nochat.txt,2,41,4,2,2,1,1,2,10,10
het,5,0,0,45,HET_5_45_nochat.txt,2,11,4,1,1,1,1,2,10,16
het,5,0,0,45,HET_5_45_nochat.txt,2,45,4,1,2,1,1,2,10,9
het,5,0,0,45,HET_5_45_nochat.txt,2,32,4,1,1,1,1,2,10,5
het,5,0,0,45,HET_5_45_nochat.txt,2,19,4,2,1,2,1,2,10,4
het,5,0,0,45,HET_5_45_nochat.txt,2,40,4,1,2,2,1,2,10,3
het,5,0,0,45,HET_5_45_nochat.txt,2,8,4,1,1,1,1,2,10,5
het,5,0,0,45,HET_5_45_nochat.txt,2,6,4,2,1,1,1,2,10,3
het,5,0,0,45,HET_5_45_nochat.txt,2,7,5,1,2,2,2,2,50,6
het,5,0,0,45,HET_5_45_nochat.txt,2,14,5,1,2,2,2,2,50,10
het,5,0,0,45,HET_5_45_nochat.txt,2,24,5,2,1,1,2,2,150,6
het,5,0,0,45,HET_5_45_nochat.txt,2,29,5,1,1,1,2,2,50,9
het,5,0,0,45,HET_5_45_nochat.txt,2,33,5,1,2,2,2,2,50,71
het,5,0,0,45,HET_5_45_nochat.txt,2,28,5,1,2,1,2,2,50,29
het,5,0,0,45,HET_5_45_nochat.txt,2,26,5,1,2,2,2,2,50,4
het,5,0,0,45,HET_5_45_nochat.txt,2,10,5,2,2,2,2,2,150,10
het,5,0,0,45,HET_5_45_nochat.txt,2,44,5,2,1,2,2,2,150,15
het,5,0,0,45,HET_5_45_nochat.txt,3,41,1,2,2,2,1,1,50,7
het,5,0,0,45,HET_5_45_nochat.txt,3,25,1,2,1,1,1,1,50,12
het,5,0,0,45,HET_5_45_nochat.txt,3,45,1,1,1,1,1,1,150,5
het,5,0,0,45,HET_5_45_nochat.txt,3,7,1,2,1,1,1,1,50,4
het,5,0,0,45,HET_5_45_nochat.txt,3,37,1,2,1,1,1,1,50,7
het,5,0,0,45,HET_5_45_nochat.txt,3,8,1,2,1,1,1,1,50,3
het,5,0,0,45,HET_5_45_nochat.txt,3,40,1,2,1,1,1,1,50,8
het,5,0,0,45,HET_5_45_nochat.txt,3,16,1,2,2,2,1,1,50,5
het,5,0,0,45,HET_5_45_nochat.txt,3,18,1,1,1,1,1,1,150,3
het,5,0,0,45,HET_5_45_nochat.txt,3,42,2,1,1,1,1,1,150,9
het,5,0,0,45,HET_5_45_nochat.txt,3,31,2,2,2,2,1,1,50,13
het,5,0,0,45,HET_5_45_nochat.txt,3,17,2,1,1,1,1,1,150,7
het,5,0,0,45,HET_5_45_nochat.txt,3,1,2,2,2,2,1,1,50,10
het,5,0,0,45,HET_5_45_nochat.txt,3,11,2,2,1,1,1,1,50,26
het,5,0,0,45,HET_5_45_nochat.txt,3,34,2,2,2,2,1,1,50,7
het,5,0,0,45,HET_5_45_nochat.txt,3,13,2,2,1,1,1,1,50,7
het,5,0,0,45,HET_5_45_nochat.txt,3,4,2,1,1,1,1,1,150,7
het,5,0,0,45,HET_5_45_nochat.txt,3,9,2,2,1,1,1,1,50,4
het,5,0,0,45,HET_5_45_nochat.txt,3,6,3,2,1,1,1,1,50,4
het,5,0,0,45,HET_5_45_nochat.txt,3,43,3,2,2,2,1,1,50,5
het,5,0,0,45,HET_5_45_nochat.txt,3,29,3,1,1,1,1,1,150,12
het,5,0,0,45,HET_5_45_nochat.txt,3,12,3,2,1,1,1,1,50,10
het,5,0,0,45,HET_5_45_nochat.txt,3,32,3,1,1,1,1,1,150,5
het,5,0,0,45,HET_5_45_nochat.txt,3,33,3,1,1,1,1,1,150,17
het,5,0,0,45,HET_5_45_nochat.txt,3,38,3,2,1,1,1,1,50,9
het,5,0,0,45,HET_5_45_nochat.txt,3,30,3,2,2,2,1,1,50,35
het,5,0,0,45,HET_5_45_nochat.txt,3,21,3,2,1,1,1,1,50,11
het,5,0,0,45,HET_5_45_nochat.txt,3,35,4,2,1,1,1,2,10,23
het,5,0,0,45,HET_5_45_nochat.txt,3,2,4,2,2,2,1,2,10,7
het,5,0,0,45,HET_5_45_nochat.txt,3,27,4,1,2,2,1,2,10,6
het,5,0,0,45,HET_5_45_nochat.txt,3,5,4,1,1,1,1,2,10,16
het,5,0,0,45,HET_5_45_nochat.txt,3,15,4,2,1,2,1,2,10,9
het,5,0,0,45,HET_5_45_nochat.txt,3,36,4,1,2,2,1,2,10,6
het,5,0,0,45,HET_5_45_nochat.txt,3,23,4,2,1,1,1,2,10,4
het,5,0,0,45,HET_5_45_nochat.txt,3,20,4,2,1,1,1,2,10,21
het,5,0,0,45,HET_5_45_nochat.txt,3,28,4,1,2,1,1,2,10,35
het,5,0,0,45,HET_5_45_nochat.txt,3,26,5,2,1,1,1,1,50,3
het,5,0,0,45,HET_5_45_nochat.txt,3,19,5,2,1,1,1,1,50,3
het,5,0,0,45,HET_5_45_nochat.txt,3,3,5,1,1,1,1,1,150,4
het,5,0,0,45,HET_5_45_nochat.txt,3,14,5,2,1,1,1,1,50,4
het,5,0,0,45,HET_5_45_nochat.txt,3,39,5,1,1,1,1,1,150,8
het,5,0,0,45,HET_5_45_nochat.txt,3,10,5,1,1,1,1,1,150,12
het,5,0,0,45,HET_5_45_nochat.txt,3,22,5,1,1,1,1,1,150,32
het,5,0,0,45,HET_5_45_nochat.txt,3,24,5,2,1,1,1,1,50,4
het,5,0,0,45,HET_5_45_nochat.txt,3,44,5,1,1,1,1,1,150,16
het,5,0,0,45,HET_5_45_nochat.txt,4,38,1,1,2,2,1,1,150,32
het,5,0,0,45,HET_5_45_nochat.txt,4,39,1,2,1,1,1,1,50,17
het,5,0,0,45,HET_5_45_nochat.txt,4,31,1,1,2,1,1,1,150,9
het,5,0,0,45,HET_5_45_nochat.txt,4,32,1,2,2,2,1,1,50,7
het,5,0,0,45,HET_5_45_nochat.txt,4,20,1,1,1,1,1,1,150,16
het,5,0,0,45,HET_5_45_nochat.txt,4,14,1,1,1,1,1,1,150,5
het,5,0,0,45,HET_5_45_nochat.txt,4,42,1,1,1,1,1,1,150,27
het,5,0,0,45,HET_5_45_nochat.txt,4,11,1,1,1,1,1,1,150,7
het,5,0,0,45,HET_5_45_nochat.txt,4,6,1,2,1,1,1,1,50,6
het,5,0,0,45,HET_5_45_nochat.txt,4,29,2,2,1,1,1,1,50,29
het,5,0,0,45,HET_5_45_nochat.txt,4,4,2,2,2,2,1,1,50,6
het,5,0,0,45,HET_5_45_nochat.txt,4,26,2,1,1,1,1,1,150,3
het,5,0,0,45,HET_5_45_nochat.txt,4,18,2,2,1,1,1,1,50,4
het,5,0,0,45,HET_5_45_nochat.txt,4,27,2,1,1,1,1,1,150,5
het,5,0,0,45,HET_5_45_nochat.txt,4,12,2,2,1,1,1,1,50,13
het,5,0,0,45,HET_5_45_nochat.txt,4,7,2,1,2,2,1,1,150,5
het,5,0,0,45,HET_5_45_nochat.txt,4,13,2,1,1,1,1,1,150,11
het,5,0,0,45,HET_5_45_nochat.txt,4,22,2,1,2,1,1,1,150,23
het,5,0,0,45,HET_5_45_nochat.txt,4,36,3,2,1,1,1,1,50,5
het,5,0,0,45,HET_5_45_nochat.txt,4,41,3,2,1,1,1,1,50,4
het,5,0,0,45,HET_5_45_nochat.txt,4,35,3,2,1,1,1,1,50,5
het,5,0,0,45,HET_5_45_nochat.txt,4,25,3,1,1,1,1,1,150,6
het,5,0,0,45,HET_5_45_nochat.txt,4,19,3,2,1,1,1,1,50,3
het,5,0,0,45,HET_5_45_nochat.txt,4,15,3,2,2,2,1,1,50,8
het,5,0,0,45,HET_5_45_nochat.txt,4,40,3,2,1,1,1,1,50,12
het,5,0,0,45,HET_5_45_nochat.txt,4,23,3,2,1,1,1,1,50,5
het,5,0,0,45,HET_5_45_nochat.txt,4,2,3,2,1,2,1,1,50,11
het,5,0,0,45,HET_5_45_nochat.txt,4,37,4,1,2,2,2,2,50,10
het,5,0,0,45,HET_5_45_nochat.txt,4,30,4,1,2,2,2,2,50,9
het,5,0,0,45,HET_5_45_nochat.txt,4,44,4,2,1,1,2,2,150,13
het,5,0,0,45,HET_5_45_nochat.txt,4,9,4,2,2,2,2,2,150,4
het,5,0,0,45,HET_5_45_nochat.txt,4,43,4,2,2,2,2,2,150,6
het,5,0,0,45,HET_5_45_nochat.txt,4,16,4,2,2,2,2,2,150,4
het,5,0,0,45,HET_5_45_nochat.txt,4,17,4,2,2,2,2,2,150,43
het,5,0,0,45,HET_5_45_nochat.txt,4,3,4,2,2,2,2,2,150,3
het,5,0,0,45,HET_5_45_nochat.txt,4,5,4,2,2,2,2,2,150,53
het,5,0,0,45,HET_5_45_nochat.txt,4,10,5,2,1,1,1,2,10,4
het,5,0,0,45,HET_5_45_nochat.txt,4,28,5,2,1,1,1,2,10,17
het,5,0,0,45,HET_5_45_nochat.txt,4,24,5,1,2,2,1,2,10,5
het,5,0,0,45,HET_5_45_nochat.txt,4,45,5,1,2,1,1,2,10,13
het,5,0,0,45,HET_5_45_nochat.txt,4,21,5,2,1,1,1,2,10,4
het,5,0,0,45,HET_5_45_nochat.txt,4,33,5,1,2,2,1,2,10,18
het,5,0,0,45,HET_5_45_nochat.txt,4,34,5,2,1,1,1,2,10,7
het,5,0,0,45,HET_5_45_nochat.txt,4,1,5,2,2,2,1,2,10,3
het,5,0,0,45,HET_5_45_nochat.txt,4,8,5,2,1,1,1,2,10,8
het,5,0,0,45,HET_5_45_nochat.txt,5,29,1,2,2,2,1,1,50,28
het,5,0,0,45,HET_5_45_nochat.txt,5,24,1,2,1,1,1,1,50,5
het,5,0,0,45,HET_5_45_nochat.txt,5,21,1,1,1,1,1,1,150,5
het,5,0,0,45,HET_5_45_nochat.txt,5,37,1,1,2,2,1,1,150,9
het,5,0,0,45,HET_5_45_nochat.txt,5,22,1,1,2,1,1,1,150,16
het,5,0,0,45,HET_5_45_nochat.txt,5,33,1,1,2,2,1,1,150,7
het,5,0,0,45,HET_5_45_nochat.txt,5,26,1,1,1,1,1,1,150,3
het,5,0,0,45,HET_5_45_nochat.txt,5,19,1,2,2,2,1,1,50,8
het,5,0,0,45,HET_5_45_nochat.txt,5,11,1,1,2,1,1,1,150,40
het,5,0,0,45,HET_5_45_nochat.txt,5,13,2,1,2,1,1,2,10,14
het,5,0,0,45,HET_5_45_nochat.txt,5,25,2,1,2,2,1,2,10,10
het,5,0,0,45,HET_5_45_nochat.txt,5,15,2,1,1,1,1,2,10,11
het,5,0,0,45,HET_5_45_nochat.txt,5,7,2,2,1,1,1,2,10,5
het,5,0,0,45,HET_5_45_nochat.txt,5,43,2,2,2,2,1,2,10,5
het,5,0,0,45,HET_5_45_nochat.txt,5,20,2,2,2,2,1,2,10,6
het,5,0,0,45,HET_5_45_nochat.txt,5,6,2,2,1,1,1,2,10,9
het,5,0,0,45,HET_5_45_nochat.txt,5,30,2,1,2,2,1,2,10,9
het,5,0,0,45,HET_5_45_nochat.txt,5,9,2,2,1,1,1,2,10,5
het,5,0,0,45,HET_5_45_nochat.txt,5,45,3,1,2,2,1,1,150,6
het,5,0,0,45,HET_5_45_nochat.txt,5,8,3,1,1,1,1,1,150,4
het,5,0,0,45,HET_5_45_nochat.txt,5,2,3,2,1,2,1,1,50,11
het,5,0,0,45,HET_5_45_nochat.txt,5,39,3,1,1,1,1,1,150,6
het,5,0,0,45,HET_5_45_nochat.txt,5,16,3,1,2,2,1,1,150,22
het,5,0,0,45,HET_5_45_nochat.txt,5,38,3,1,1,1,1,1,150,6
het,5,0,0,45,HET_5_45_nochat.txt,5,18,3,2,1,1,1,1,50,5
het,5,0,0,45,HET_5_45_nochat.txt,5,1,3,2,1,1,1,1,50,9
het,5,0,0,45,HET_5_45_nochat.txt,5,44,3,2,1,2,1,1,50,10
het,5,0,0,45,HET_5_45_nochat.txt,5,32,4,1,2,2,2,2,50,3
het,5,0,0,45,HET_5_45_nochat.txt,5,35,4,1,2,2,2,2,50,4
het,5,0,0,45,HET_5_45_nochat.txt,5,23,4,2,2,2,2,2,150,3
het,5,0,0,45,HET_5_45_nochat.txt,5,17,4,2,2,2,2,2,150,13
het,5,0,0,45,HET_5_45_nochat.txt,5,4,4,2,1,1,2,2,150,10
het,5,0,0,45,HET_5_45_nochat.txt,5,14,4,1,2,2,2,2,50,5
het,5,0,0,45,HET_5_45_nochat.txt,5,3,4,1,2,2,2,2,50,3
het,5,0,0,45,HET_5_45_nochat.txt,5,12,4,2,1,1,2,2,150,9
het,5,0,0,45,HET_5_45_nochat.txt,5,28,4,1,1,1,2,2,50,26
het,5,0,0,45,HET_5_45_nochat.txt,5,10,5,1,1,1,2,2,50,14
het,5,0,0,45,HET_5_45_nochat.txt,5,41,5,2,1,1,2,2,150,6
het,5,0,0,45,HET_5_45_nochat.txt,5,42,5,2,2,2,2,2,150,13
het,5,0,0,45,HET_5_45_nochat.txt,5,5,5,2,2,2,2,2,150,6
het,5,0,0,45,HET_5_45_nochat.txt,5,36,5,2,2,2,2,2,150,6
het,5,0,0,45,HET_5_45_nochat.txt,5,40,5,2,2,2,2,2,150,10
het,5,0,0,45,HET_5_45_nochat.txt,5,27,5,2,1,1,2,2,150,6
het,5,0,0,45,HET_5_45_nochat.txt,5,34,5,2,2,2,2,2,150,6
het,5,0,0,45,HET_5_45_nochat.txt,5,31,5,2,1,2,2,2,150,19
het,5,0,0,45,HET_5_45_nochat.txt,6,39,1,1,2,2,2,2,50,16
het,5,0,0,45,HET_5_45_nochat.txt,6,16,1,1,1,1,2,2,50,7
het,5,0,0,45,HET_5_45_nochat.txt,6,35,1,2,2,2,2,2,150,4
het,5,0,0,45,HET_5_45_nochat.txt,6,10,1,1,2,2,2,2,50,7
het,5,0,0,45,HET_5_45_nochat.txt,6,19,1,2,1,1,2,2,150,5
het,5,0,0,45,HET_5_45_nochat.txt,6,43,1,1,2,2,2,2,50,5
het,5,0,0,45,HET_5_45_nochat.txt,6,37,1,2,1,1,2,2,150,8
het,5,0,0,45,HET_5_45_nochat.txt,6,1,1,1,2,2,2,2,50,3
het,5,0,0,45,HET_5_45_nochat.txt,6,11,1,1,2,1,2,2,50,26
het,5,0,0,45,HET_5_45_nochat.txt,6,5,2,2,1,2,2,2,150,28
het,5,0,0,45,HET_5_45_nochat.txt,6,12,2,1,2,2,2,2,50,5
het,5,0,0,45,HET_5_45_nochat.txt,6,27,2,1,2,2,2,2,50,5
het,5,0,0,45,HET_5_45_nochat.txt,6,32,2,1,1,1,2,2,50,9
het,5,0,0,45,HET_5_45_nochat.txt,6,33,2,1,2,2,2,2,50,14
het,5,0,0,45,HET_5_45_nochat.txt,6,4,2,2,2,2,2,2,150,12
het,5,0,0,45,HET_5_45_nochat.txt,6,29,2,2,2,2,2,2,150,14
het,5,0,0,45,HET_5_45_nochat.txt,6,42,2,2,1,2,2,2,150,22
het,5,0,0,45,HET_5_45_nochat.txt,6,13,2,2,1,2,2,2,150,13
het,5,0,0,45,HET_5_45_nochat.txt,6,23,3,1,2,2,1,1,150,4
het,5,0,0,45,HET_5_45_nochat.txt,6,25,3,1,1,1,1,1,150,8
het,5,0,0,45,HET_5_45_nochat.txt,6,41,3,1,2,2,1,1,150,5
het,5,0,0,45,HET_5_45_nochat.txt,6,18,3,2,1,1,1,1,50,4
het,5,0,0,45,HET_5_45_nochat.txt,6,15,3,2,1,2,1,1,50,12
het,5,0,0,45,HET_5_45_nochat.txt,6,30,3,2,1,1,1,1,50,5
het,5,0,0,45,HET_5_45_nochat.txt,6,8,3,1,1,1,1,1,150,5
het,5,0,0,45,HET_5_45_nochat.txt,6,2,3,2,1,2,1,1,50,10
het,5,0,0,45,HET_5_45_nochat.txt,6,7,3,1,1,1,1,1,150,4
het,5,0,0,45,HET_5_45_nochat.txt,6,9,4,2,2,2,1,1,50,4
het,5,0,0,45,HET_5_45_nochat.txt,6,20,4,2,1,2,1,1,50,39
het,5,0,0,45,HET_5_45_nochat.txt,6,14,4,1,1,1,1,1,150,3
het,5,0,0,45,HET_5_45_nochat.txt,6,34,4,1,1,1,1,1,150,4
het,5,0,0,45,HET_5_45_nochat.txt,6,28,4,2,1,1,1,1,50,16
het,5,0,0,45,HET_5_45_nochat.txt,6,26,4,1,2,2,1,1,150,6
het,5,0,0,45,HET_5_45_nochat.txt,6,36,4,2,1,1,1,1,50,5
het,5,0,0,45,HET_5_45_nochat.txt,6,21,4,1,1,1,1,1,150,4
het,5,0,0,45,HET_5_45_nochat.txt,6,31,4,2,2,2,1,1,50,11
het,5,0,0,45,HET_5_45_nochat.txt,6,17,5,2,1,2,1,1,50,30
het,5,0,0,45,HET_5_45_nochat.txt,6,24,5,1,2,2,1,1,150,18
het,5,0,0,45,HET_5_45_nochat.txt,6,40,5,1,1,1,1,1,150,3
het,5,0,0,45,HET_5_45_nochat.txt,6,38,5,2,1,1,1,1,50,2
het,5,0,0,45,HET_5_45_nochat.txt,6,6,5,2,1,1,1,1,50,3
het,5,0,0,45,HET_5_45_nochat.txt,6,45,5,1,2,1,1,1,150,6
het,5,0,0,45,HET_5_45_nochat.txt,6,3,5,1,2,2,1,1,150,3
het,5,0,0,45,HET_5_45_nochat.txt,6,22,5,2,2,1,1,1,50,21
het,5,0,0,45,HET_5_45_nochat.txt,6,44,5,1,1,1,1,1,150,5
het,5,0,0,45,HET_5_45_nochat.txt,7,36,1,1,2,2,1,1,150,5
het,5,0,0,45,HET_5_45_nochat.txt,7,11,1,2,1,1,1,1,50,19
het,5,0,0,45,HET_5_45_nochat.txt,7,13,1,1,1,1,1,1,150,7
het,5,0,0,45,HET_5_45_nochat.txt,7,12,1,1,1,1,1,1,150,3
het,5,0,0,45,HET_5_45_nochat.txt,7,21,1,1,2,2,1,1,150,5
het,5,0,0,45,HET_5_45_nochat.txt,7,43,1,1,1,1,1,1,150,5
het,5,0,0,45,HET_5_45_nochat.txt,7,32,1,1,2,2,1,1,150,4
het,5,0,0,45,HET_5_45_nochat.txt,7,20,1,2,1,2,1,1,50,11
het,5,0,0,45,HET_5_45_nochat.txt,7,3,1,1,1,1,1,1,150,4
het,5,0,0,45,HET_5_45_nochat.txt,7,38,2,2,2,2,1,2,10,7
het,5,0,0,45,HET_5_45_nochat.txt,7,37,2,1,2,2,1,2,10,9
het,5,0,0,45,HET_5_45_nochat.txt,7,6,2,1,1,1,1,2,10,4
het,5,0,0,45,HET_5_45_nochat.txt,7,2,2,1,2,1,1,2,10,14
het,5,0,0,45,HET_5_45_nochat.txt,7,31,2,1,2,1,1,2,10,12
het,5,0,0,45,HET_5_45_nochat.txt,7,26,2,2,1,1,1,2,10,4
het,5,0,0,45,HET_5_45_nochat.txt,7,22,2,2,2,1,1,2,10,18
het,5,0,0,45,HET_5_45_nochat.txt,7,40,2,2,2,1,1,2,10,8
het,5,0,0,45,HET_5_45_nochat.txt,7,35,2,2,1,1,1,2,10,6
het,5,0,0,45,HET_5_45_nochat.txt,7,24,3,1,1,1,1,1,150,3
het,5,0,0,45,HET_5_45_nochat.txt,7,27,3,2,1,1,1,1,50,3
het,5,0,0,45,HET_5_45_nochat.txt,7,25,3,2,1,1,1,1,50,5
het,5,0,0,45,HET_5_45_nochat.txt,7,28,3,2,2,2,1,1,50,24
het,5,0,0,45,HET_5_45_nochat.txt,7,16,3,1,2,2,1,1,150,3
het,5,0,0,45,HET_5_45_nochat.txt,7,7,3,2,2,2,1,1,50,19
het,5,0,0,45,HET_5_45_nochat.txt,7,30,3,2,2,2,1,1,50,16
het,5,0,0,45,HET_5_45_nochat.txt,7,17,3,1,2,1,1,1,150,106
het,5,0,0,45,HET_5_45_nochat.txt,7,5,3,1,1,1,1,1,150,18
het,5,0,0,45,HET_5_45_nochat.txt,7,1,4,1,2,2,2,2,50,2
het,5,0,0,45,HET_5_45_nochat.txt,7,45,4,1,2,1,2,2,50,3
het,5,0,0,45,HET_5_45_nochat.txt,7,41,4,2,2,2,2,2,150,6
het,5,0,0,45,HET_5_45_nochat.txt,7,9,4,2,2,2,2,2,150,3
het,5,0,0,45,HET_5_45_nochat.txt,7,19,4,2,2,2,2,2,150,3
het,5,0,0,45,HET_5_45_nochat.txt,7,10,4,2,2,2,2,2,150,3
het,5,0,0,45,HET_5_45_nochat.txt,7,34,4,1,2,2,2,2,50,13
het,5,0,0,45,HET_5_45_nochat.txt,7,42,4,1,2,1,2,2,50,30
het,5,0,0,45,HET_5_45_nochat.txt,7,29,4,2,2,2,2,2,150,6
het,5,0,0,45,HET_5_45_nochat.txt,7,39,5,1,2,2,2,2,50,10
het,5,0,0,45,HET_5_45_nochat.txt,7,15,5,1,2,2,2,2,50,7
het,5,0,0,45,HET_5_45_nochat.txt,7,8,5,2,1,2,2,2,150,7
het,5,0,0,45,HET_5_45_nochat.txt,7,33,5,2,2,2,2,2,150,47
het,5,0,0,45,HET_5_45_nochat.txt,7,23,5,2,2,2,2,2,150,4
het,5,0,0,45,HET_5_45_nochat.txt,7,4,5,2,1,1,2,2,150,6
het,5,0,0,45,HET_5_45_nochat.txt,7,44,5,2,1,1,2,2,150,9
het,5,0,0,45,HET_5_45_nochat.txt,7,18,5,1,2,2,2,2,50,4
het,5,0,0,45,HET_5_45_nochat.txt,7,14,5,1,2,2,2,2,50,4
het,5,0,0,45,HET_5_45_nochat.txt,8,42,1,2,2,2,2,2,150,11
het,5,0,0,45,HET_5_45_nochat.txt,8,6,1,2,1,1,2,2,150,6
het,5,0,0,45,HET_5_45_nochat.txt,8,35,1,1,2,2,2,2,50,3
het,5,0,0,45,HET_5_45_nochat.txt,8,14,1,2,2,2,2,2,150,3
het,5,0,0,45,HET_5_45_nochat.txt,8,32,1,2,2,2,2,2,150,4
het,5,0,0,45,HET_5_45_nochat.txt,8,31,1,2,2,2,2,2,150,6
het,5,0,0,45,HET_5_45_nochat.txt,8,23,1,2,2,2,2,2,150,4
het,5,0,0,45,HET_5_45_nochat.txt,8,11,1,2,1,2,2,2,150,25
het,5,0,0,45,HET_5_45_nochat.txt,8,24,1,1,2,2,2,2,50,5
het,5,0,0,45,HET_5_45_nochat.txt,8,45,2,1,1,1,2,1,10,3
het,5,0,0,45,HET_5_45_nochat.txt,8,15,2,2,1,2,2,1,10,14
het,5,0,0,45,HET_5_45_nochat.txt,8,43,2,1,1,1,2,1,10,4
het,5,0,0,45,HET_5_45_nochat.txt,8,5,2,2,1,2,2,1,10,15
het,5,0,0,45,HET_5_45_nochat.txt,8,37,2,2,1,2,2,1,10,13
het,5,0,0,45,HET_5_45_nochat.txt,8,19,2,2,2,2,2,1,10,5
het,5,0,0,45,HET_5_45_nochat.txt,8,10,2,2,2,2,2,1,10,2
het,5,0,0,45,HET_5_45_nochat.txt,8,27,2,1,1,1,2,1,10,4
het,5,0,0,45,HET_5_45_nochat.txt,8,16,2,1,1,1,2,1,10,12
het,5,0,0,45,HET_5_45_nochat.txt,8,7,3,2,1,1,1,1,50,3
het,5,0,0,45,HET_5_45_nochat.txt,8,9,3,2,2,2,1,1,50,2
het,5,0,0,45,HET_5_45_nochat.txt,8,25,3,2,2,2,1,1,50,5
het,5,0,0,45,HET_5_45_nochat.txt,8,1,3,2,1,1,1,1,50,3
het,5,0,0,45,HET_5_45_nochat.txt,8,38,3,2,1,1,1,1,50,2
het,5,0,0,45,HET_5_45_nochat.txt,8,18,3,2,2,2,1,1,50,2
het,5,0,0,45,HET_5_45_nochat.txt,8,26,3,2,2,2,1,1,50,5
het,5,0,0,45,HET_5_45_nochat.txt,8,21,3,1,1,1,1,1,150,3
het,5,0,0,45,HET_5_45_nochat.txt,8,3,3,2,1,1,1,1,50,3
het,5,0,0,45,HET_5_45_nochat.txt,8,30,4,2,1,1,2,2,150,11
het,5,0,0,45,HET_5_45_nochat.txt,8,2,4,1,2,2,2,2,50,10
het,5,0,0,45,HET_5_45_nochat.txt,8,22,4,1,2,1,2,2,50,26
het,5,0,0,45,HET_5_45_nochat.txt,8,40,4,1,1,1,2,2,50,3
het,5,0,0,45,HET_5_45_nochat.txt,8,12,4,1,2,2,2,2,50,22
het,5,0,0,45,HET_5_45_nochat.txt,8,13,4,1,2,2,2,2,50,13
het,5,0,0,45,HET_5_45_nochat.txt,8,44,4,1,2,2,2,2,50,6
het,5,0,0,45,HET_5_45_nochat.txt,8,28,4,1,2,1,2,2,50,31
het,5,0,0,45,HET_5_45_nochat.txt,8,34,4,2,2,2,2,2,150,8
het,5,0,0,45,HET_5_45_nochat.txt,8,33,5,2,1,1,1,1,50,14
het,5,0,0,45,HET_5_45_nochat.txt,8,4,5,1,1,1,1,1,150,6
het,5,0,0,45,HET_5_45_nochat.txt,8,17,5,1,1,1,1,1,150,21
het,5,0,0,45,HET_5_45_nochat.txt,8,8,5,1,1,1,1,1,150,8
het,5,0,0,45,HET_5_45_nochat.txt,8,39,5,1,1,1,1,1,150,5
het,5,0,0,45,HET_5_45_nochat.txt,8,29,5,2,1,1,1,1,50,15
het,5,0,0,45,HET_5_45_nochat.txt,8,41,5,2,1,1,1,1,50,5
het,5,0,0,45,HET_5_45_nochat.txt,8,36,5,2,1,1,1,1,50,4
het,5,0,0,45,HET_5_45_nochat.txt,8,20,5,1,1,1,1,1,150,8
het,5,0,0,45,HET_5_45_nochat.txt,9,45,1,1,1,1,1,1,150,4
het,5,0,0,45,HET_5_45_nochat.txt,9,36,1,2,1,1,1,1,50,6
het,5,0,0,45,HET_5_45_nochat.txt,9,5,1,2,1,2,1,1,50,12
het,5,0,0,45,HET_5_45_nochat.txt,9,16,1,1,1,1,1,1,150,4
het,5,0,0,45,HET_5_45_nochat.txt,9,18,1,2,2,2,1,1,50,3
het,5,0,0,45,HET_5_45_nochat.txt,9,42,1,2,1,2,1,1,50,23
het,5,0,0,45,HET_5_45_nochat.txt,9,28,1,1,2,2,1,1,150,38
het,5,0,0,45,HET_5_45_nochat.txt,9,27,1,2,1,1,1,1,50,4
het,5,0,0,45,HET_5_45_nochat.txt,9,32,1,1,1,1,1,1,150,4
het,5,0,0,45,HET_5_45_nochat.txt,9,38,2,1,1,1,1,1,150,8
het,5,0,0,45,HET_5_45_nochat.txt,9,15,2,2,2,2,1,1,50,40
het,5,0,0,45,HET_5_45_nochat.txt,9,17,2,1,1,1,1,1,150,10
het,5,0,0,45,HET_5_45_nochat.txt,9,40,2,2,1,1,1,1,50,7
het,5,0,0,45,HET_5_45_nochat.txt,9,31,2,2,2,2,1,1,50,13
het,5,0,0,45,HET_5_45_nochat.txt,9,6,2,1,1,1,1,1,150,3
het,5,0,0,45,HET_5_45_nochat.txt,9,34,2,1,2,2,1,1,150,13
het,5,0,0,45,HET_5_45_nochat.txt,9,41,2,1,2,2,1,1,150,6
het,5,0,0,45,HET_5_45_nochat.txt,9,37,2,2,1,1,1,1,50,5
het,5,0,0,45,HET_5_45_nochat.txt,9,39,3,2,2,2,2,2,150,12
het,5,0,0,45,HET_5_45_nochat.txt,9,10,3,1,2,2,2,2,50,4
het,5,0,0,45,HET_5_45_nochat.txt,9,11,3,1,1,1,2,2,50,28
het,5,0,0,45,HET_5_45_nochat.txt,9,13,3,2,2,2,2,2,150,13
het,5,0,0,45,HET_5_45_nochat.txt,9,7,3,1,2,2,2,2,50,3
het,5,0,0,45,HET_5_45_nochat.txt,9,22,3,2,2,1,2,2,150,11
het,5,0,0,45,HET_5_45_nochat.txt,9,2,3,2,2,2,2,2,150,7
het,5,0,0,45,HET_5_45_nochat.txt,9,29,3,1,2,2,2,2,50,13
het,5,0,0,45,HET_5_45_nochat.txt,9,30,3,2,2,2,2,2,150,4
het,5,0,0,45,HET_5_45_nochat.txt,9,35,4,2,1,1,1,1,50,4
het,5,0,0,45,HET_5_45_nochat.txt,9,3,4,2,1,1,1,1,50,3
het,5,0,0,45,HET_5_45_nochat.txt,9,8,4,1,2,2,1,1,150,5
het,5,0,0,45,HET_5_45_nochat.txt,9,23,4,1,1,1,1,1,150,3
het,5,0,0,45,HET_5_45_nochat.txt,9,26,4,2,1,1,1,1,50,3
het,5,0,0,45,HET_5_45_nochat.txt,9,25,4,1,1,1,1,1,150,4
het,5,0,0,45,HET_5_45_nochat.txt,9,20,4,2,1,2,1,1,50,9
het,5,0,0,45,HET_5_45_nochat.txt,9,24,4,2,1,1,1,1,50,8
het,5,0,0,45,HET_5_45_nochat.txt,9,44,4,2,1,1,1,1,50,10
het,5,0,0,45,HET_5_45_nochat.txt,9,1,5,2,2,2,2,2,150,3
het,5,0,0,45,HET_5_45_nochat.txt,9,4,5,2,2,2,2,2,150,3
het,5,0,0,45,HET_5_45_nochat.txt,9,14,5,2,2,2,2,2,150,2
het,5,0,0,45,HET_5_45_nochat.txt,9,33,5,1,1,1,2,2,50,38
het,5,0,0,45,HET_5_45_nochat.txt,9,9,5,1,2,2,2,2,50,2
het,5,0,0,45,HET_5_45_nochat.txt,9,21,5,1,2,2,2,2,50,4
het,5,0,0,45,HET_5_45_nochat.txt,9,12,5,1,1,1,2,2,50,10
het,5,0,0,45,HET_5_45_nochat.txt,9,43,5,1,2,2,2,2,50,3
het,5,0,0,45,HET_5_45_nochat.txt,9,19,5,1,2,2,2,2,50,2
het,7,1,0,27,HET_7_27_chat.txt,1,10,1,2,2,2,2,2,150,12
het,7,1,0,27,HET_7_27_chat.txt,1,3,1,2,2,1,2,2,150,24
het,7,1,0,27,HET_7_27_chat.txt,1,1,1,1,1,1,2,2,50,37
het,7,1,0,27,HET_7_27_chat.txt,1,15,1,1,1,1,2,2,50,34
het,7,1,0,27,HET_7_27_chat.txt,1,20,1,1,2,1,2,2,50,54
het,7,1,0,27,HET_7_27_chat.txt,1,9,1,2,1,2,2,2,150,44
het,7,1,0,27,HET_7_27_chat.txt,1,14,1,1,2,2,2,2,50,50
het,7,1,0,27,HET_7_27_chat.txt,1,17,1,1,2,1,2,2,50,42
het,7,1,0,27,HET_7_27_chat.txt,1,12,1,1,2,2,2,2,50,60
het,7,1,0,27,HET_7_27_chat.txt,1,13,2,2,1,1,1,1,50,40
het,7,1,0,27,HET_7_27_chat.txt,1,25,2,1,2,1,1,1,150,36
het,7,1,0,27,HET_7_27_chat.txt,1,22,2,1,2,1,1,1,150,88
het,7,1,0,27,HET_7_27_chat.txt,1,26,2,1,1,1,1,1,150,49
het,7,1,0,27,HET_7_27_chat.txt,1,5,2,2,2,1,1,1,50,10
het,7,1,0,27,HET_7_27_chat.txt,1,19,2,1,1,1,1,1,150,39
het,7,1,0,27,HET_7_27_chat.txt,1,23,2,1,1,1,1,1,150,52
het,7,1,0,27,HET_7_27_chat.txt,1,27,2,2,1,1,1,1,50,49
het,7,1,0,27,HET_7_27_chat.txt,1,21,2,2,2,1,1,1,50,35
het,7,1,0,27,HET_7_27_chat.txt,1,8,3,1,1,1,1,1,150,28
het,7,1,0,27,HET_7_27_chat.txt,1,16,3,1,2,1,1,1,150,33
het,7,1,0,27,HET_7_27_chat.txt,1,18,3,1,1,1,1,1,150,32
het,7,1,0,27,HET_7_27_chat.txt,1,6,3,2,2,1,1,1,50,40
het,7,1,0,27,HET_7_27_chat.txt,1,4,3,2,2,1,1,1,50,62
het,7,1,0,27,HET_7_27_chat.txt,1,11,3,2,1,1,1,1,50,68
het,7,1,0,27,HET_7_27_chat.txt,1,7,3,1,2,1,1,1,150,38
het,7,1,0,27,HET_7_27_chat.txt,1,2,3,1,2,1,1,1,150,70
het,7,1,0,27,HET_7_27_chat.txt,1,24,3,1,1,1,1,1,150,42
het,7,1,0,27,HET_7_27_chat.txt,2,21,1,2,2,1,1,1,50,24
het,7,1,0,27,HET_7_27_chat.txt,2,4,1,1,1,1,1,1,150,24
het,7,1,0,27,HET_7_27_chat.txt,2,11,1,1,1,1,1,1,150,52
het,7,1,0,27,HET_7_27_chat.txt,2,18,1,1,1,1,1,1,150,36
het,7,1,0,27,HET_7_27_chat.txt,2,6,1,2,2,1,1,1,50,54
het,7,1,0,27,HET_7_27_chat.txt,2,25,1,1,1,1,1,1,150,30
het,7,1,0,27,HET_7_27_chat.txt,2,5,1,2,1,2,1,1,50,23
het,7,1,0,27,HET_7_27_chat.txt,2,8,1,1,2,1,1,1,150,25
het,7,1,0,27,HET_7_27_chat.txt,2,10,1,1,1,1,1,1,150,16
het,7,1,0,27,HET_7_27_chat.txt,2,23,2,1,1,1,1,1,150,49
het,7,1,0,27,HET_7_27_chat.txt,2,2,2,2,1,1,1,1,50,51
het,7,1,0,27,HET_7_27_chat.txt,2,27,2,1,1,1,1,1,150,70
het,7,1,0,27,HET_7_27_chat.txt,2,1,2,2,1,1,1,1,50,49
het,7,1,0,27,HET_7_27_chat.txt,2,26,2,2,1,2,1,1,50,34
het,7,1,0,27,HET_7_27_chat.txt,2,14,2,2,2,1,1,1,50,66
het,7,1,0,27,HET_7_27_chat.txt,2,20,2,2,2,1,1,1,50,82
het,7,1,0,27,HET_7_27_chat.txt,2,9,2,1,1,1,1,1,150,60
het,7,1,0,27,HET_7_27_chat.txt,2,16,2,2,1,1,1,1,50,36
het,7,1,0,27,HET_7_27_chat.txt,2,24,3,1,1,2,2,1,10,74
het,7,1,0,27,HET_7_27_chat.txt,2,22,3,2,2,2,2,1,10,71
het,7,1,0,27,HET_7_27_chat.txt,2,19,3,1,1,1,2,1,10,25
het,7,1,0,27,HET_7_27_chat.txt,2,7,3,2,2,2,2,1,10,49
het,7,1,0,27,HET_7_27_chat.txt,2,17,3,1,1,1,2,1,10,57
het,7,1,0,27,HET_7_27_chat.txt,2,13,3,2,1,1,2,1,10,43
het,7,1,0,27,HET_7_27_chat.txt,2,12,3,2,1,1,2,1,10,13
het,7,1,0,27,HET_7_27_chat.txt,2,15,3,2,2,2,2,1,10,45
het,7,1,0,27,HET_7_27_chat.txt,2,3,3,1,1,1,2,1,10,5
het,7,1,0,27,HET_7_27_chat.txt,3,19,1,2,1,1,1,1,50,34
het,7,1,0,27,HET_7_27_chat.txt,3,5,1,2,1,1,1,1,50,4
het,7,1,0,27,HET_7_27_chat.txt,3,25,1,1,1,1,1,1,150,29
het,7,1,0,27,HET_7_27_chat.txt,3,10,1,1,1,1,1,1,150,21
het,7,1,0,27,HET_7_27_chat.txt,3,2,1,1,2,1,1,1,150,45
het,7,1,0,27,HET_7_27_chat.txt,3,18,1,2,1,1,1,1,50,35
het,7,1,0,27,HET_7_27_chat.txt,3,24,1,1,1,1,1,1,150,29
het,7,1,0,27,HET_7_27_chat.txt,3,4,1,2,2,1,1,1,50,51
het,7,1,0,27,HET_7_27_chat.txt,3,17,1,1,2,2,1,1,150,28
het,7,1,0,27,HET_7_27_chat.txt,3,12,2,1,1,1,1,1,150,31
het,7,1,0,27,HET_7_27_chat.txt,3,1,2,1,2,2,1,1,150,68
het,7,1,0,27,HET_7_27_chat.txt,3,7,2,2,1,1,1,1,50,57
het,7,1,0,27,HET_7_27_chat.txt,3,8,2,1,1,1,1,1,150,23
het,7,1,0,27,HET_7_27_chat.txt,3,6,2,2,1,1,1,1,50,40
het,7,1,0,27,HET_7_27_chat.txt,3,3,2,1,2,1,1,1,150,20
het,7,1,0,27,HET_7_27_chat.txt,3,9,2,1,1,1,1,1,150,38
het,7,1,0,27,HET_7_27_chat.txt,3,14,2,1,1,1,1,1,150,39
het,7,1,0,27,HET_7_27_chat.txt,3,16,2,1,1,1,1,1,150,51
het,7,1,0,27,HET_7_27_chat.txt,3,15,3,2,2,2,2,2,150,56
het,7,1,0,27,HET_7_27_chat.txt,3,26,3,2,2,2,2,2,150,43
het,7,1,0,27,HET_7_27_chat.txt,3,22,3,1,2,2,2,2,50,66
het,7,1,0,27,HET_7_27_chat.txt,3,13,3,2,1,2,2,2,150,36
het,7,1,0,27,HET_7_27_chat.txt,3,21,3,1,2,2,2,2,50,32
het,7,1,0,27,HET_7_27_chat.txt,3,11,3,2,1,1,2,2,150,73
het,7,1,0,27,HET_7_27_chat.txt,3,20,3,2,2,2,2,2,150,58
het,7,1,0,27,HET_7_27_chat.txt,3,27,3,1,2,2,2,2,50,72
het,7,1,0,27,HET_7_27_chat.txt,3,23,3,1,2,2,2,2,50,46
het,7,1,0,27,HET_7_27_chat.txt,4,25,1,1,2,2,2,2,50,24
het,7,1,0,27,HET_7_27_chat.txt,4,14,1,2,2,2,2,2,150,23
het,7,1,0,27,HET_7_27_chat.txt,4,5,1,2,2,1,2,2,150,31
het,7,1,0,27,HET_7_27_chat.txt,4,17,1,2,2,2,2,2,150,22
het,7,1,0,27,HET_7_27_chat.txt,4,13,1,2,2,2,2,2,150,27
het,7,1,0,27,HET_7_27_chat.txt,4,21,1,1,1,2,2,2,50,29
het,7,1,0,27,HET_7_27_chat.txt,4,20,1,1,2,2,2,2,50,39
het,7,1,0,27,HET_7_27_chat.txt,4,16,1,1,2,2,2,2,50,23
het,7,1,0,27,HET_7_27_chat.txt,4,4,1,2,2,2,2,2,150,24
het,7,1,0,27,HET_7_27_chat.txt,4,22,2,1,2,2,2,2,50,37
het,7,1,0,27,HET_7_27_chat.txt,4,27,2,1,1,2,2,2,50,66
het,7,1,0,27,HET_7_27_chat.txt,4,9,2,1,2,2,2,2,50,37
het,7,1,0,27,HET_7_27_chat.txt,4,10,2,2,2,2,2,2,150,14
het,7,1,0,27,HET_7_27_chat.txt,4,19,2,1,2,2,2,2,50,29
het,7,1,0,27,HET_7_27_chat.txt,4,1,2,1,2,2,2,2,50,42
het,7,1,0,27,HET_7_27_chat.txt,4,2,2,2,2,2,2,2,150,36
het,7,1,0,27,HET_7_27_chat.txt,4,7,2,1,2,2,2,2,50,38
het,7,1,0,27,HET_7_27_chat.txt,4,11,2,2,2,2,2,2,150,64
het,7,1,0,27,HET_7_27_chat.txt,4,18,3,1,1,1,2,2,50,77
het,7,1,0,27,HET_7_27_chat.txt,4,26,3,1,2,1,2,2,50,30
het,7,1,0,27,HET_7_27_chat.txt,4,6,3,1,2,2,2,2,50,65
het,7,1,0,27,HET_7_27_chat.txt,4,15,3,2,1,2,2,2,150,65
het,7,1,0,27,HET_7_27_chat.txt,4,12,3,2,2,2,2,2,150,38
het,7,1,0,27,HET_7_27_chat.txt,4,23,3,1,2,2,2,2,50,61
het,7,1,0,27,HET_7_27_chat.txt,4,24,3,1,2,2,2,2,50,89
het,7,1,0,27,HET_7_27_chat.txt,4,3,3,1,1,1,2,2,50,22
het,7,1,0,27,HET_7_27_chat.txt,4,8,3,2,2,2,2,2,150,30
het,7,1,0,27,HET_7_27_chat.txt,5,23,1,2,1,2,2,2,150,41
het,7,1,0,27,HET_7_27_chat.txt,5,21,1,2,1,2,2,2,150,38
het,7,1,0,27,HET_7_27_chat.txt,5,16,1,1,1,2,2,2,50,48
het,7,1,0,27,HET_7_27_chat.txt,5,4,1,1,2,2,2,2,50,49
het,7,1,0,27,HET_7_27_chat.txt,5,22,1,1,2,2,2,2,50,58
het,7,1,0,27,HET_7_27_chat.txt,5,10,1,2,2,2,2,2,150,14
het,7,1,0,27,HET_7_27_chat.txt,5,12,1,1,1,2,2,2,50,46
het,7,1,0,27,HET_7_27_chat.txt,5,24,1,1,2,2,2,2,50,50
het,7,1,0,27,HET_7_27_chat.txt,5,27,1,1,2,2,2,2,50,42
het,7,1,0,27,HET_7_27_chat.txt,5,15,2,1,1,1,1,1,150,34
het,7,1,0,27,HET_7_27_chat.txt,5,26,2,1,1,1,1,1,150,19
het,7,1,0,27,HET_7_27_chat.txt,5,5,2,2,1,1,1,1,50,40
het,7,1,0,27,HET_7_27_chat.txt,5,11,2,2,1,1,1,1,50,35
het,7,1,0,27,HET_7_27_chat.txt,5,7,2,1,2,1,1,1,150,29
het,7,1,0,27,HET_7_27_chat.txt,5,20,2,2,1,1,1,1,50,60
het,7,1,0,27,HET_7_27_chat.txt,5,18,2,2,1,2,1,1,50,42
het,7,1,0,27,HET_7_27_chat.txt,5,14,2,2,1,1,1,1,50,42
het,7,1,0,27,HET_7_27_chat.txt,5,13,2,1,1,1,1,1,150,20
het,7,1,0,27,HET_7_27_chat.txt,5,1,3,2,2,2,2,2,150,26
het,7,1,0,27,HET_7_27_chat.txt,5,17,3,1,2,2,2,2,50,28
het,7,1,0,27,HET_7_27_chat.txt,5,8,3,2,2,2,2,2,150,13
het,7,1,0,27,HET_7_27_chat.txt,5,3,3,1,2,2,2,2,50,24
het,7,1,0,27,HET_7_27_chat.txt,5,2,3,2,2,2,2,2,150,35
het,7,1,0,27,HET_7_27_chat.txt,5,9,3,2,1,1,2,2,150,62
het,7,1,0,27,HET_7_27_chat.txt,5,6,3,2,1,2,2,2,150,33
het,7,1,0,27,HET_7_27_chat.txt,5,19,3,1,2,2,2,2,50,19
het,7,1,0,27,HET_7_27_chat.txt,5,25,3,1,2,2,2,2,50,19
het,7,1,0,27,HET_7_27_chat.txt,6,2,1,2,1,1,1,1,50,27
het,7,1,0,27,HET_7_27_chat.txt,6,27,1,1,2,1,1,1,150,40
het,7,1,0,27,HET_7_27_chat.txt,6,14,1,1,1,1,1,1,150,27
het,7,1,0,27,HET_7_27_chat.txt,6,25,1,1,1,1,1,1,150,19
het,7,1,0,27,HET_7_27_chat.txt,6,7,1,2,2,1,1,1,50,33
het,7,1,0,27,HET_7_27_chat.txt,6,8,1,1,1,1,1,1,150,14
het,7,1,0,27,HET_7_27_chat.txt,6,6,1,1,1,1,1,1,150,14
het,7,1,0,27,HET_7_27_chat.txt,6,19,1,2,1,1,1,1,50,24
het,7,1,0,27,HET_7_27_chat.txt,6,22,1,1,1,1,1,1,150,25
het,7,1,0,27,HET_7_27_chat.txt,6,5,2,2,1,2,2,2,150,46
het,7,1,0,27,HET_7_27_chat.txt,6,9,2,2,2,2,2,2,150,43
het,7,1,0,27,HET_7_27_chat.txt,6,16,2,2,2,2,2,2,150,38
het,7,1,0,27,HET_7_27_chat.txt,6,13,2,2,1,2,2,2,150,40
het,7,1,0,27,HET_7_27_chat.txt,6,20,2,2,2,2,2,2,150,51
het,7,1,0,27,HET_7_27_chat.txt,6,17,2,2,2,2,2,2,150,23
het,7,1,0,27,HET_7_27_chat.txt,6,11,2,1,1,2,2,2,50,27
het,7,1,0,27,HET_7_27_chat.txt,6,3,2,2,1,1,2,2,150,18
het,7,1,0,27,HET_7_27_chat.txt,6,10,2,1,2,2,2,2,50,15
het,7,1,0,27,HET_7_27_chat.txt,6,18,3,2,2,2,2,2,150,31
het,7,1,0,27,HET_7_27_chat.txt,6,15,3,1,1,2,2,2,50,42
het,7,1,0,27,HET_7_27_chat.txt,6,23,3,1,2,2,2,2,50,26
het,7,1,0,27,HET_7_27_chat.txt,6,12,3,2,2,2,2,2,150,18
het,7,1,0,27,HET_7_27_chat.txt,6,26,3,1,2,1,2,2,50,40
het,7,1,0,27,HET_7_27_chat.txt,6,21,3,2,1,2,2,2,150,24
het,7,1,0,27,HET_7_27_chat.txt,6,1,3,1,2,2,2,2,50,34
het,7,1,0,27,HET_7_27_chat.txt,6,24,3,1,1,2,2,2,50,78
het,7,1,0,27,HET_7_27_chat.txt,6,4,3,2,2,2,2,2,150,44
het,7,1,0,27,HET_7_27_chat.txt,7,9,1,1,2,2,2,1,10,28
het,7,1,0,27,HET_7_27_chat.txt,7,8,1,2,1,2,2,1,10,32
het,7,1,0,27,HET_7_27_chat.txt,7,17,1,2,1,2,2,1,10,34
het,7,1,0,27,HET_7_27_chat.txt,7,14,1,2,1,2,2,1,10,34
het,7,1,0,27,HET_7_27_chat.txt,7,22,1,2,2,2,2,1,10,52
het,7,1,0,27,HET_7_27_chat.txt,7,1,1,1,2,2,2,1,10,33
het,7,1,0,27,HET_7_27_chat.txt,7,20,1,2,1,2,2,1,10,42
het,7,1,0,27,HET_7_27_chat.txt,7,7,1,2,1,2,2,1,10,35
het,7,1,0,27,HET_7_27_chat.txt,7,26,1,1,1,2,2,1,10,36
het,7,1,0,27,HET_7_27_chat.txt,7,21,2,2,1,2,2,2,150,61
het,7,1,0,27,HET_7_27_chat.txt,7,5,2,1,2,2,2,2,50,19
het,7,1,0,27,HET_7_27_chat.txt,7,11,2,2,2,1,2,2,150,26
het,7,1,0,27,HET_7_27_chat.txt,7,10,2,1,2,2,2,2,50,19
het,7,1,0,27,HET_7_27_chat.txt,7,24,2,2,2,2,2,2,150,64
het,7,1,0,27,HET_7_27_chat.txt,7,4,2,1,1,2,2,2,50,79
het,7,1,0,27,HET_7_27_chat.txt,7,6,2,2,2,2,2,2,150,54
het,7,1,0,27,HET_7_27_chat.txt,7,23,2,1,1,2,2,2,50,65
het,7,1,0,27,HET_7_27_chat.txt,7,18,2,2,1,2,2,2,150,50
het,7,1,0,27,HET_7_27_chat.txt,7,15,3,2,1,2,2,2,150,22
het,7,1,0,27,HET_7_27_chat.txt,7,19,3,2,2,2,2,2,150,15
het,7,1,0,27,HET_7_27_chat.txt,7,13,3,2,2,2,2,2,150,16
het,7,1,0,27,HET_7_27_chat.txt,7,3,3,2,1,1,2,2,150,14
het,7,1,0,27,HET_7_27_chat.txt,7,27,3,2,1,2,2,2,150,28
het,7,1,0,27,HET_7_27_chat.txt,7,25,3,2,2,2,2,2,150,18
het,7,1,0,27,HET_7_27_chat.txt,7,2,3,2,2,2,2,2,150,24
het,7,1,0,27,HET_7_27_chat.txt,7,16,3,1,2,2,2,2,50,16
het,7,1,0,27,HET_7_27_chat.txt,7,12,3,1,2,2,2,2,50,17
het,7,1,0,27,HET_7_27_chat.txt,8,7,1,1,1,1,1,1,150,42
het,7,1,0,27,HET_7_27_chat.txt,8,21,1,2,1,1,1,1,50,34
het,7,1,0,27,HET_7_27_chat.txt,8,15,1,1,2,1,1,1,150,63
het,7,1,0,27,HET_7_27_chat.txt,8,27,1,1,1,1,1,1,150,72
het,7,1,0,27,HET_7_27_chat.txt,8,26,1,2,2,2,1,1,50,31
het,7,1,0,27,HET_7_27_chat.txt,8,14,1,2,1,1,1,1,50,48
het,7,1,0,27,HET_7_27_chat.txt,8,8,1,2,2,1,1,1,50,30
het,7,1,0,27,HET_7_27_chat.txt,8,19,1,1,1,1,1,1,150,18
het,7,1,0,27,HET_7_27_chat.txt,8,5,1,1,1,2,1,1,150,38
het,7,1,0,27,HET_7_27_chat.txt,8,25,2,2,1,2,2,1,10,18
het,7,1,0,27,HET_7_27_chat.txt,8,4,2,2,2,2,2,1,10,29
het,7,1,0,27,HET_7_27_chat.txt,8,12,2,2,2,2,2,1,10,20
het,7,1,0,27,HET_7_27_chat.txt,8,3,2,1,1,1,2,1,10,11
het,7,1,0,27,HET_7_27_chat.txt,8,17,2,2,2,2,2,1,10,42
het,7,1,0,27,HET_7_27_chat.txt,8,9,2,2,1,2,2,1,10,28
het,7,1,0,27,HET_7_27_chat.txt,8,2,2,2,2,2,2,1,10,91
het,7,1,0,27,HET_7_27_chat.txt,8,24,2,1,1,2,2,1,10,67
het,7,1,0,27,HET_7_27_chat.txt,8,1,2,1,2,2,2,1,10,52
het,7,1,0,27,HET_7_27_chat.txt,8,23,3,1,1,1,1,1,150,26
het,7,1,0,27,HET_7_27_chat.txt,8,10,3,2,1,1,1,1,50,12
het,7,1,0,27,HET_7_27_chat.txt,8,6,3,1,1,1,1,1,150,17
het,7,1,0,27,HET_7_27_chat.txt,8,13,3,1,1,1,1,1,150,24
het,7,1,0,27,HET_7_27_chat.txt,8,18,3,1,2,1,1,1,150,28
het,7,1,0,27,HET_7_27_chat.txt,8,11,3,2,1,1,1,1,50,25
het,7,1,0,27,HET_7_27_chat.txt,8,16,3,1,2,1,1,1,150,47
het,7,1,0,27,HET_7_27_chat.txt,8,22,3,2,1,1,1,1,50,43
het,7,1,0,27,HET_7_27_chat.txt,8,20,3,2,1,1,1,1,50,47
het,7,1,0,27,HET_7_27_chat.txt,9,10,1,1,2,2,2,2,50,14
het,7,1,0,27,HET_7_27_chat.txt,9,12,1,2,2,2,2,2,150,18
het,7,1,0,27,HET_7_27_chat.txt,9,15,1,1,2,2,2,2,50,36
het,7,1,0,27,HET_7_27_chat.txt,9,18,1,1,1,1,2,2,50,45
het,7,1,0,27,HET_7_27_chat.txt,9,21,1,1,2,2,2,2,50,26
het,7,1,0,27,HET_7_27_chat.txt,9,1,1,2,2,2,2,2,150,29
het,7,1,0,27,HET_7_27_chat.txt,9,11,1,2,1,2,2,2,150,12
het,7,1,0,27,HET_7_27_chat.txt,9,14,1,1,2,2,2,2,50,44
het,7,1,0,27,HET_7_27_chat.txt,9,23,1,1,2,2,2,2,50,33
het,7,1,0,27,HET_7_27_chat.txt,9,7,2,1,2,1,1,1,150,41
het,7,1,0,27,HET_7_27_chat.txt,9,8,2,2,1,1,1,1,50,47
het,7,1,0,27,HET_7_27_chat.txt,9,24,2,1,2,1,1,1,150,66
het,7,1,0,27,HET_7_27_chat.txt,9,17,2,2,1,2,1,1,50,41
het,7,1,0,27,HET_7_27_chat.txt,9,3,2,2,1,1,1,1,50,43
het,7,1,0,27,HET_7_27_chat.txt,9,26,2,1,1,2,1,1,150,42
het,7,1,0,27,HET_7_27_chat.txt,9,5,2,2,1,1,1,1,50,48
het,7,1,0,27,HET_7_27_chat.txt,9,25,2,2,1,1,1,1,50,45
het,7,1,0,27,HET_7_27_chat.txt,9,4,2,2,2,1,1,1,50,72
het,7,1,0,27,HET_7_27_chat.txt,9,20,3,1,1,1,1,1,150,20
het,7,1,0,27,HET_7_27_chat.txt,9,19,3,1,1,1,1,1,150,16
het,7,1,0,27,HET_7_27_chat.txt,9,22,3,2,1,1,1,1,50,39
het,7,1,0,27,HET_7_27_chat.txt,9,16,3,2,1,1,1,1,50,17
het,7,1,0,27,HET_7_27_chat.txt,9,6,3,1,1,1,1,1,150,19
het,7,1,0,27,HET_7_27_chat.txt,9,13,3,2,1,1,1,1,50,18
het,7,1,0,27,HET_7_27_chat.txt,9,2,3,2,2,1,1,1,50,23
het,7,1,0,27,HET_7_27_chat.txt,9,9,3,2,2,1,1,1,50,19
het,7,1,0,27,HET_7_27_chat.txt,9,27,3,1,1,1,1,1,150,30
het,7,1,0,27,HET_7_27_chat.txt,10,12,1,2,2,2,2,2,150,19
het,7,1,0,27,HET_7_27_chat.txt,10,24,1,2,2,2,2,2,150,21
het,7,1,0,27,HET_7_27_chat.txt,10,7,1,2,2,2,2,2,150,26
het,7,1,0,27,HET_7_27_chat.txt,10,23,1,1,2,2,2,2,50,21
het,7,1,0,27,HET_7_27_chat.txt,10,21,1,1,2,2,2,2,50,19
het,7,1,0,27,HET_7_27_chat.txt,10,6,1,1,2,2,2,2,50,21
het,7,1,0,27,HET_7_27_chat.txt,10,17,1,1,1,1,2,2,50,30
het,7,1,0,27,HET_7_27_chat.txt,10,19,1,2,2,2,2,2,150,17
het,7,1,0,27,HET_7_27_chat.txt,10,20,1,2,2,2,2,2,150,25
het,7,1,0,27,HET_7_27_chat.txt,10,5,2,1,2,2,1,1,150,25
het,7,1,0,27,HET_7_27_chat.txt,10,27,2,2,1,1,1,1,50,24
het,7,1,0,27,HET_7_27_chat.txt,10,15,2,1,1,1,1,1,150,22
het,7,1,0,27,HET_7_27_chat.txt,10,11,2,1,1,1,1,1,150,15
het,7,1,0,27,HET_7_27_chat.txt,10,10,2,2,1,1,1,1,50,13
het,7,1,0,27,HET_7_27_chat.txt,10,26,2,1,2,1,1,1,150,30
het,7,1,0,27,HET_7_27_chat.txt,10,25,2,1,1,1,1,1,150,17
het,7,1,0,27,HET_7_27_chat.txt,10,8,2,2,2,1,1,1,50,20
het,7,1,0,27,HET_7_27_chat.txt,10,9,2,2,1,1,1,1,50,25
het,7,1,0,27,HET_7_27_chat.txt,10,18,3,1,1,1,1,1,150,29
het,7,1,0,27,HET_7_27_chat.txt,10,13,3,2,2,1,1,1,50,24
het,7,1,0,27,HET_7_27_chat.txt,10,16,3,1,1,1,1,1,150,20
het,7,1,0,27,HET_7_27_chat.txt,10,2,3,2,1,1,1,1,50,24
het,7,1,0,27,HET_7_27_chat.txt,10,14,3,1,1,1,1,1,150,27
het,7,1,0,27,HET_7_27_chat.txt,10,3,3,1,2,2,1,1,150,16
het,7,1,0,27,HET_7_27_chat.txt,10,4,3,2,1,1,1,1,50,30
het,7,1,0,27,HET_7_27_chat.txt,10,22,3,2,1,1,1,1,50,26
het,7,1,0,27,HET_7_27_chat.txt,10,1,3,1,1,1,1,1,150,20
het,7,1,0,27,HET_7_27_chat.txt,11,12,1,1,1,1,1,2,10,18
het,7,1,0,27,HET_7_27_chat.txt,11,18,1,1,2,1,1,2,10,31
het,7,1,0,27,HET_7_27_chat.txt,11,24,1,1,1,1,1,2,10,54
het,7,1,0,27,HET_7_27_chat.txt,11,17,1,1,2,1,1,2,10,41
het,7,1,0,27,HET_7_27_chat.txt,11,23,1,1,1,1,1,2,10,49
het,7,1,0,27,HET_7_27_chat.txt,11,25,1,2,1,1,1,2,10,28
het,7,1,0,27,HET_7_27_chat.txt,11,22,1,1,2,1,1,2,10,55
het,7,1,0,27,HET_7_27_chat.txt,11,4,1,1,1,1,1,2,10,40
het,7,1,0,27,HET_7_27_chat.txt,11,2,1,2,2,1,1,2,10,38
het,7,1,0,27,HET_7_27_chat.txt,11,15,2,2,1,1,1,1,50,29
het,7,1,0,27,HET_7_27_chat.txt,11,16,2,2,1,1,1,1,50,27
het,7,1,0,27,HET_7_27_chat.txt,11,11,2,2,1,1,1,1,50,50
het,7,1,0,27,HET_7_27_chat.txt,11,14,2,2,2,1,1,1,50,14
het,7,1,0,27,HET_7_27_chat.txt,11,21,2,2,1,1,1,1,50,17
het,7,1,0,27,HET_7_27_chat.txt,11,6,2,2,1,1,1,1,50,27
het,7,1,0,27,HET_7_27_chat.txt,11,26,2,1,1,1,1,1,150,25
het,7,1,0,27,HET_7_27_chat.txt,11,9,2,1,1,1,1,1,150,14
het,7,1,0,27,HET_7_27_chat.txt,11,27,2,2,2,1,1,1,50,35
het,7,1,0,27,HET_7_27_chat.txt,11,7,3,2,2,2,2,2,150,21
het,7,1,0,27,HET_7_27_chat.txt,11,3,3,1,2,2,2,2,50,16
het,7,1,0,27,HET_7_27_chat.txt,11,10,3,2,2,2,2,2,150,15
het,7,1,0,27,HET_7_27_chat.txt,11,19,3,2,1,2,2,2,150,16
het,7,1,0,27,HET_7_27_chat.txt,11,1,3,2,1,2,2,2,150,20
het,7,1,0,27,HET_7_27_chat.txt,11,8,3,2,2,2,2,2,150,14
het,7,1,0,27,HET_7_27_chat.txt,11,13,3,2,2,2,2,2,150,15
het,7,1,0,27,HET_7_27_chat.txt,11,20,3,2,2,2,2,2,150,26
het,7,1,0,27,HET_7_27_chat.txt,11,5,3,1,2,1,2,2,50,31
het,7,1,0,27,HET_7_27_chat.txt,12,18,1,2,2,2,2,2,150,26
het,7,1,0,27,HET_7_27_chat.txt,12,11,1,1,2,2,2,2,50,17
het,7,1,0,27,HET_7_27_chat.txt,12,4,1,1,2,2,2,2,50,48
het,7,1,0,27,HET_7_27_chat.txt,12,2,1,2,2,2,2,2,150,33
het,7,1,0,27,HET_7_27_chat.txt,12,6,1,1,2,2,2,2,50,36
het,7,1,0,27,HET_7_27_chat.txt,12,16,1,2,2,2,2,2,150,40
het,7,1,0,27,HET_7_27_chat.txt,12,3,1,1,2,2,2,2,50,18
het,7,1,0,27,HET_7_27_chat.txt,12,25,1,2,1,2,2,2,150,21
het,7,1,0,27,HET_7_27_chat.txt,12,13,1,1,1,2,2,2,50,20
het,7,1,0,27,HET_7_27_chat.txt,12,15,2,1,1,1,1,1,150,39
het,7,1,0,27,HET_7_27_chat.txt,12,20,2,2,2,1,1,1,50,39
het,7,1,0,27,HET_7_27_chat.txt,12,17,2,2,2,2,1,1,50,25
het,7,1,0,27,HET_7_27_chat.txt,12,10,2,2,1,1,1,1,50,10
het,7,1,0,27,HET_7_27_chat.txt,12,1,2,2,1,1,1,1,50,19
het,7,1,0,27,HET_7_27_chat.txt,12,9,2,2,2,1,1,1,50,29
het,7,1,0,27,HET_7_27_chat.txt,12,8,2,1,1,1,1,1,150,13
het,7,1,0,27,HET_7_27_chat.txt,12,19,2,1,1,1,1,1,150,14
het,7,1,0,27,HET_7_27_chat.txt,12,12,2,2,1,1,1,1,50,17
het,7,1,0,27,HET_7_27_chat.txt,12,26,3,2,1,2,1,1,50,21
het,7,1,0,27,HET_7_27_chat.txt,12,24,3,1,1,1,1,1,150,41
het,7,1,0,27,HET_7_27_chat.txt,12,23,3,2,1,1,1,1,50,34
het,7,1,0,27,HET_7_27_chat.txt,12,21,3,2,2,1,1,1,50,28
het,7,1,0,27,HET_7_27_chat.txt,12,5,3,2,1,2,1,1,50,34
het,7,1,0,27,HET_7_27_chat.txt,12,22,3,1,1,1,1,1,150,59
het,7,1,0,27,HET_7_27_chat.txt,12,27,3,1,2,1,1,1,150,43
het,7,1,0,27,HET_7_27_chat.txt,12,7,3,2,1,1,1,1,50,30
het,7,1,0,27,HET_7_27_chat.txt,12,14,3,2,1,1,1,1,50,34
het,7,1,0,27,HET_7_27_chat.txt,13,14,1,1,2,2,2,2,50,25
het,7,1,0,27,HET_7_27_chat.txt,13,20,1,1,2,2,2,2,50,17
het,7,1,0,27,HET_7_27_chat.txt,13,21,1,2,2,2,2,2,150,16
het,7,1,0,27,HET_7_27_chat.txt,13,24,1,2,1,2,2,2,150,56
het,7,1,0,27,HET_7_27_chat.txt,13,19,1,1,2,2,2,2,50,13
het,7,1,0,27,HET_7_27_chat.txt,13,1,1,2,2,2,2,2,150,15
het,7,1,0,27,HET_7_27_chat.txt,13,3,1,1,2,2,2,2,50,13
het,7,1,0,27,HET_7_27_chat.txt,13,25,1,2,2,2,2,2,150,13
het,7,1,0,27,HET_7_27_chat.txt,13,26,1,2,2,2,2,2,150,16
het,7,1,0,27,HET_7_27_chat.txt,13,2,2,1,1,2,2,2,50,22
het,7,1,0,27,HET_7_27_chat.txt,13,7,2,2,2,2,2,2,150,24
het,7,1,0,27,HET_7_27_chat.txt,13,22,2,1,2,2,2,2,50,49
het,7,1,0,27,HET_7_27_chat.txt,13,9,2,2,2,2,2,2,150,17
het,7,1,0,27,HET_7_27_chat.txt,13,16,2,2,2,2,2,2,150,21
het,7,1,0,27,HET_7_27_chat.txt,13,6,2,1,2,2,2,2,50,22
het,7,1,0,27,HET_7_27_chat.txt,13,23,2,2,2,2,2,2,150,29
het,7,1,0,27,HET_7_27_chat.txt,13,13,2,1,2,2,2,2,50,16
het,7,1,0,27,HET_7_27_chat.txt,13,15,2,1,2,2,2,2,50,29
het,7,1,0,27,HET_7_27_chat.txt,13,12,3,1,2,2,2,1,10,26
het,7,1,0,27,HET_7_27_chat.txt,13,27,3,2,2,1,2,1,10,85
het,7,1,0,27,HET_7_27_chat.txt,13,8,3,2,1,1,2,1,10,36
het,7,1,0,27,HET_7_27_chat.txt,13,17,3,2,2,2,2,1,10,53
het,7,1,0,27,HET_7_27_chat.txt,13,10,3,2,1,1,2,1,10,12
het,7,1,0,27,HET_7_27_chat.txt,13,11,3,1,1,1,2,1,10,57
het,7,1,0,27,HET_7_27_chat.txt,13,4,3,2,1,1,2,1,10,85
het,7,1,0,27,HET_7_27_chat.txt,13,5,3,1,1,2,2,1,10,29
het,7,1,0,27,HET_7_27_chat.txt,13,18,3,1,2,1,2,1,10,34
het,7,1,0,27,HET_7_27_chat.txt,14,11,1,1,1,2,2,2,50,13
het,7,1,0,27,HET_7_27_chat.txt,14,26,1,2,1,2,2,2,150,44
het,7,1,0,27,HET_7_27_chat.txt,14,12,1,1,2,2,2,2,50,40
het,7,1,0,27,HET_7_27_chat.txt,14,7,1,1,2,2,2,2,50,56
het,7,1,0,27,HET_7_27_chat.txt,14,17,1,2,2,2,2,2,150,17
het,7,1,0,27,HET_7_27_chat.txt,14,24,1,2,2,2,2,2,150,63
het,7,1,0,27,HET_7_27_chat.txt,14,16,1,2,1,2,2,2,150,79
het,7,1,0,27,HET_7_27_chat.txt,14,15,1,1,2,2,2,2,50,53
het,7,1,0,27,HET_7_27_chat.txt,14,10,1,2,1,1,2,2,150,18
het,7,1,0,27,HET_7_27_chat.txt,14,9,2,1,2,2,2,2,50,19
het,7,1,0,27,HET_7_27_chat.txt,14,23,2,2,2,2,2,2,150,26
het,7,1,0,27,HET_7_27_chat.txt,14,3,2,2,2,2,2,2,150,14
het,7,1,0,27,HET_7_27_chat.txt,14,5,2,1,2,2,2,2,50,27
het,7,1,0,27,HET_7_27_chat.txt,14,18,2,2,2,2,2,2,150,41
het,7,1,0,27,HET_7_27_chat.txt,14,4,2,2,2,2,2,2,150,21
het,7,1,0,27,HET_7_27_chat.txt,14,20,2,2,2,2,2,2,150,21
het,7,1,0,27,HET_7_27_chat.txt,14,13,2,2,2,2,2,2,150,16
het,7,1,0,27,HET_7_27_chat.txt,14,2,2,2,2,2,2,2,150,21
het,7,1,0,27,HET_7_27_chat.txt,14,25,3,1,1,1,1,1,150,17
het,7,1,0,27,HET_7_27_chat.txt,14,21,3,1,1,1,1,1,150,13
het,7,1,0,27,HET_7_27_chat.txt,14,6,3,1,1,1,1,1,150,16
het,7,1,0,27,HET_7_27_chat.txt,14,1,3,2,2,1,1,1,50,19
het,7,1,0,27,HET_7_27_chat.txt,14,14,3,2,1,1,1,1,50,11
het,7,1,0,27,HET_7_27_chat.txt,14,22,3,2,1,1,1,1,50,43
het,7,1,0,27,HET_7_27_chat.txt,14,19,3,1,1,1,1,1,150,16
het,7,1,0,27,HET_7_27_chat.txt,14,27,3,2,1,1,1,1,50,39
het,7,1,0,27,HET_7_27_chat.txt,14,8,3,2,1,1,1,1,50,12
het,7,1,0,27,HET_7_27_chat.txt,15,4,1,2,2,1,1,1,50,50
het,7,1,0,27,HET_7_27_chat.txt,15,25,1,2,1,1,1,1,50,17
het,7,1,0,27,HET_7_27_chat.txt,15,19,1,1,1,1,1,1,150,20
het,7,1,0,27,HET_7_27_chat.txt,15,17,1,2,1,1,1,1,50,65
het,7,1,0,27,HET_7_27_chat.txt,15,26,1,1,1,1,1,1,150,33
het,7,1,0,27,HET_7_27_chat.txt,15,3,1,1,2,1,1,1,150,42
het,7,1,0,27,HET_7_27_chat.txt,15,21,1,1,1,1,1,1,150,17
het,7,1,0,27,HET_7_27_chat.txt,15,10,1,1,1,1,1,1,150,20
het,7,1,0,27,HET_7_27_chat.txt,15,13,1,2,2,1,1,1,50,44
het,7,1,0,27,HET_7_27_chat.txt,15,27,2,1,2,1,1,1,150,82
het,7,1,0,27,HET_7_27_chat.txt,15,16,2,2,2,1,1,1,50,202
het,7,1,0,27,HET_7_27_chat.txt,15,6,2,2,2,1,1,1,50,84
het,7,1,0,27,HET_7_27_chat.txt,15,18,2,2,1,2,1,1,50,70
het,7,1,0,27,HET_7_27_chat.txt,15,15,2,2,1,1,1,1,50,77
het,7,1,0,27,HET_7_27_chat.txt,15,20,2,2,1,2,1,1,50,112
het,7,1,0,27,HET_7_27_chat.txt,15,1,2,1,1,1,1,1,150,65
het,7,1,0,27,HET_7_27_chat.txt,15,7,2,1,1,1,1,1,150,55
het,7,1,0,27,HET_7_27_chat.txt,15,23,2,1,2,1,1,1,150,58
het,7,1,0,27,HET_7_27_chat.txt,15,22,3,2,2,2,2,1,10,92
het,7,1,0,27,HET_7_27_chat.txt,15,2,3,1,2,2,2,1,10,81
het,7,1,0,27,HET_7_27_chat.txt,15,5,3,2,1,2,2,1,10,40
het,7,1,0,27,HET_7_27_chat.txt,15,12,3,2,1,2,2,1,10,27
het,7,1,0,27,HET_7_27_chat.txt,15,9,3,1,2,2,2,1,10,22
het,7,1,0,27,HET_7_27_chat.txt,15,24,3,1,1,2,2,1,10,104
het,7,1,0,27,HET_7_27_chat.txt,15,8,3,1,2,2,2,1,10,22
het,7,1,0,27,HET_7_27_chat.txt,15,14,3,1,1,2,2,1,10,19
het,7,1,0,27,HET_7_27_chat.txt,15,11,3,1,2,2,2,1,10,64
het,7,0,0,27,HET_7_27_nochat.txt,1,10,1,1,1,1,2,2,50,15
het,7,0,0,27,HET_7_27_nochat.txt,1,3,1,2,2,2,2,2,150,9
het,7,0,0,27,HET_7_27_nochat.txt,1,1,1,1,2,2,2,2,50,21
het,7,0,0,27,HET_7_27_nochat.txt,1,15,1,1,2,2,2,2,50,19
het,7,0,0,27,HET_7_27_nochat.txt,1,20,1,2,2,1,2,2,150,18
het,7,0,0,27,HET_7_27_nochat.txt,1,9,1,2,2,1,2,2,150,19
het,7,0,0,27,HET_7_27_nochat.txt,1,14,1,2,2,1,2,2,150,15
het,7,0,0,27,HET_7_27_nochat.txt,1,17,1,2,2,2,2,2,150,26
het,7,0,0,27,HET_7_27_nochat.txt,1,12,1,1,2,1,2,2,50,54
het,7,0,0,27,HET_7_27_nochat.txt,1,13,2,1,2,2,1,1,150,15
het,7,0,0,27,HET_7_27_nochat.txt,1,25,2,2,1,1,1,1,50,69
het,7,0,0,27,HET_7_27_nochat.txt,1,22,2,2,1,1,1,1,50,41
het,7,0,0,27,HET_7_27_nochat.txt,1,26,2,1,1,1,1,1,150,16
het,7,0,0,27,HET_7_27_nochat.txt,1,5,2,2,1,1,1,1,50,10
het,7,0,0,27,HET_7_27_nochat.txt,1,19,2,2,1,2,1,1,50,8
het,7,0,0,27,HET_7_27_nochat.txt,1,23,2,1,1,1,1,1,150,10
het,7,0,0,27,HET_7_27_nochat.txt,1,27,2,1,1,1,1,1,150,45
het,7,0,0,27,HET_7_27_nochat.txt,1,21,2,1,1,1,1,1,150,12
het,7,0,0,27,HET_7_27_nochat.txt,1,8,3,1,1,1,2,1,10,8
het,7,0,0,27,HET_7_27_nochat.txt,1,16,3,2,1,1,2,1,10,15
het,7,0,0,27,HET_7_27_nochat.txt,1,18,3,1,2,1,2,1,10,18
het,7,0,0,27,HET_7_27_nochat.txt,1,6,3,2,1,1,2,1,10,13
het,7,0,0,27,HET_7_27_nochat.txt,1,4,3,2,1,1,2,1,10,8
het,7,0,0,27,HET_7_27_nochat.txt,1,11,3,1,2,2,2,1,10,6
het,7,0,0,27,HET_7_27_nochat.txt,1,7,3,1,1,1,2,1,10,10
het,7,0,0,27,HET_7_27_nochat.txt,1,2,3,2,1,2,2,1,10,15
het,7,0,0,27,HET_7_27_nochat.txt,1,24,3,1,1,2,2,1,10,11
het,7,0,0,27,HET_7_27_nochat.txt,2,21,1,1,1,1,2,2,50,6
het,7,0,0,27,HET_7_27_nochat.txt,2,4,1,2,2,2,2,2,150,13
het,7,0,0,27,HET_7_27_nochat.txt,2,11,1,1,2,2,2,2,50,9
het,7,0,0,27,HET_7_27_nochat.txt,2,18,1,2,2,2,2,2,150,10
het,7,0,0,27,HET_7_27_nochat.txt,2,6,1,2,1,1,2,2,150,9
het,7,0,0,27,HET_7_27_nochat.txt,2,25,1,1,1,1,2,2,50,230
het,7,0,0,27,HET_7_27_nochat.txt,2,5,1,2,2,2,2,2,150,21
het,7,0,0,27,HET_7_27_nochat.txt,2,8,1,2,2,2,2,2,150,10
het,7,0,0,27,HET_7_27_nochat.txt,2,10,1,1,2,2,2,2,50,9
het,7,0,0,27,HET_7_27_nochat.txt,2,23,2,2,1,1,1,1,50,11
het,7,0,0,27,HET_7_27_nochat.txt,2,2,2,1,2,1,1,1,150,17
het,7,0,0,27,HET_7_27_nochat.txt,2,27,2,1,1,1,1,1,150,95
het,7,0,0,27,HET_7_27_nochat.txt,2,1,2,1,1,1,1,1,150,21
het,7,0,0,27,HET_7_27_nochat.txt,2,26,2,2,1,1,1,1,50,54
het,7,0,0,27,HET_7_27_nochat.txt,2,14,2,2,1,2,1,1,50,18
het,7,0,0,27,HET_7_27_nochat.txt,2,20,2,1,2,1,1,1,150,38
het,7,0,0,27,HET_7_27_nochat.txt,2,9,2,1,2,1,1,1,150,24
het,7,0,0,27,HET_7_27_nochat.txt,2,16,2,2,1,1,1,1,50,9
het,7,0,0,27,HET_7_27_nochat.txt,2,24,3,2,1,1,2,2,150,7
het,7,0,0,27,HET_7_27_nochat.txt,2,22,3,1,2,2,2,2,50,50
het,7,0,0,27,HET_7_27_nochat.txt,2,19,3,1,1,1,2,2,50,7
het,7,0,0,27,HET_7_27_nochat.txt,2,7,3,2,2,2,2,2,150,8
het,7,0,0,27,HET_7_27_nochat.txt,2,17,3,1,2,1,2,2,50,17
het,7,0,0,27,HET_7_27_nochat.txt,2,13,3,2,1,1,2,2,150,18
het,7,0,0,27,HET_7_27_nochat.txt,2,12,3,2,1,1,2,2,150,64
het,7,0,0,27,HET_7_27_nochat.txt,2,15,3,2,2,2,2,2,150,32
het,7,0,0,27,HET_7_27_nochat.txt,2,3,3,2,1,2,2,2,150,3
het,7,0,0,27,HET_7_27_nochat.txt,3,19,1,1,1,1,1,1,150,23
het,7,0,0,27,HET_7_27_nochat.txt,3,5,1,1,1,1,1,1,150,17
het,7,0,0,27,HET_7_27_nochat.txt,3,25,1,2,1,1,1,1,50,60
het,7,0,0,27,HET_7_27_nochat.txt,3,10,1,1,2,2,1,1,150,31
het,7,0,0,27,HET_7_27_nochat.txt,3,2,1,1,1,1,1,1,150,23
het,7,0,0,27,HET_7_27_nochat.txt,3,18,1,2,1,1,1,1,50,38
het,7,0,0,27,HET_7_27_nochat.txt,3,24,1,1,1,1,1,1,150,17
het,7,0,0,27,HET_7_27_nochat.txt,3,4,1,2,1,1,1,1,50,22
het,7,0,0,27,HET_7_27_nochat.txt,3,17,1,1,1,1,1,1,150,7
het,7,0,0,27,HET_7_27_nochat.txt,3,12,2,1,1,1,2,2,50,31
het,7,0,0,27,HET_7_27_nochat.txt,3,1,2,2,2,2,2,2,150,8
het,7,0,0,27,HET_7_27_nochat.txt,3,7,2,2,1,2,2,2,150,15
het,7,0,0,27,HET_7_27_nochat.txt,3,8,2,2,2,2,2,2,150,5
het,7,0,0,27,HET_7_27_nochat.txt,3,6,2,1,2,2,2,2,50,22
het,7,0,0,27,HET_7_27_nochat.txt,3,3,2,2,1,2,2,2,150,5
het,7,0,0,27,HET_7_27_nochat.txt,3,9,2,2,2,1,2,2,150,18
het,7,0,0,27,HET_7_27_nochat.txt,3,14,2,1,2,2,2,2,50,28
het,7,0,0,27,HET_7_27_nochat.txt,3,16,2,1,2,2,2,2,50,9
het,7,0,0,27,HET_7_27_nochat.txt,3,15,3,2,2,2,2,2,150,15
het,7,0,0,27,HET_7_27_nochat.txt,3,26,3,2,2,2,2,2,150,49
het,7,0,0,27,HET_7_27_nochat.txt,3,22,3,2,2,1,2,2,150,39
het,7,0,0,27,HET_7_27_nochat.txt,3,13,3,1,2,2,2,2,50,16
het,7,0,0,27,HET_7_27_nochat.txt,3,21,3,2,2,2,2,2,150,29
het,7,0,0,27,HET_7_27_nochat.txt,3,11,3,1,1,1,2,2,50,28
het,7,0,0,27,HET_7_27_nochat.txt,3,20,3,1,2,1,2,2,50,17
het,7,0,0,27,HET_7_27_nochat.txt,3,27,3,2,2,1,2,2,150,28
het,7,0,0,27,HET_7_27_nochat.txt,3,23,3,1,2,2,2,2,50,6
het,7,0,0,27,HET_7_27_nochat.txt,4,25,1,2,2,2,2,2,150,57
het,7,0,0,27,HET_7_27_nochat.txt,4,14,1,2,2,2,2,2,150,17
het,7,0,0,27,HET_7_27_nochat.txt,4,5,1,2,2,2,2,2,150,10
het,7,0,0,27,HET_7_27_nochat.txt,4,17,1,1,2,2,2,2,50,6
het,7,0,0,27,HET_7_27_nochat.txt,4,13,1,1,2,2,2,2,50,15
het,7,0,0,27,HET_7_27_nochat.txt,4,21,1,2,2,2,2,2,150,7
het,7,0,0,27,HET_7_27_nochat.txt,4,20,1,2,2,1,2,2,150,23
het,7,0,0,27,HET_7_27_nochat.txt,4,16,1,2,1,1,2,2,150,7
het,7,0,0,27,HET_7_27_nochat.txt,4,4,1,1,2,2,2,2,50,30
het,7,0,0,27,HET_7_27_nochat.txt,4,22,2,2,1,1,2,1,10,23
het,7,0,0,27,HET_7_27_nochat.txt,4,27,2,1,2,2,2,1,10,32
het,7,0,0,27,HET_7_27_nochat.txt,4,9,2,2,2,2,2,1,10,20
het,7,0,0,27,HET_7_27_nochat.txt,4,10,2,2,2,2,2,1,10,15
het,7,0,0,27,HET_7_27_nochat.txt,4,19,2,1,1,1,2,1,10,24
het,7,0,0,27,HET_7_27_nochat.txt,4,1,2,2,1,1,2,1,10,6
het,7,0,0,27,HET_7_27_nochat.txt,4,2,2,1,1,1,2,1,10,16
het,7,0,0,27,HET_7_27_nochat.txt,4,7,2,1,1,1,2,1,10,7
het,7,0,0,27,HET_7_27_nochat.txt,4,11,2,1,2,1,2,1,10,10
het,7,0,0,27,HET_7_27_nochat.txt,4,18,3,2,2,1,2,2,150,32
het,7,0,0,27,HET_7_27_nochat.txt,4,26,3,1,2,2,2,2,50,19
het,7,0,0,27,HET_7_27_nochat.txt,4,6,3,2,1,1,2,2,150,6
het,7,0,0,27,HET_7_27_nochat.txt,4,15,3,2,2,2,2,2,150,7
het,7,0,0,27,HET_7_27_nochat.txt,4,12,3,1,2,1,2,2,50,28
het,7,0,0,27,HET_7_27_nochat.txt,4,23,3,2,2,2,2,2,150,4
het,7,0,0,27,HET_7_27_nochat.txt,4,24,3,1,2,2,2,2,50,11
het,7,0,0,27,HET_7_27_nochat.txt,4,3,3,2,2,2,2,2,150,4
het,7,0,0,27,HET_7_27_nochat.txt,4,8,3,2,2,2,2,2,150,3
het,7,0,0,27,HET_7_27_nochat.txt,5,23,1,1,2,2,2,2,50,7
het,7,0,0,27,HET_7_27_nochat.txt,5,21,1,2,2,2,2,2,150,7
het,7,0,0,27,HET_7_27_nochat.txt,5,16,1,2,1,1,2,2,150,11
het,7,0,0,27,HET_7_27_nochat.txt,5,4,1,2,2,2,2,2,150,29
het,7,0,0,27,HET_7_27_nochat.txt,5,22,1,1,2,1,2,2,50,27
het,7,0,0,27,HET_7_27_nochat.txt,5,10,1,1,1,1,2,2,50,6
het,7,0,0,27,HET_7_27_nochat.txt,5,12,1,1,2,1,2,2,50,12
het,7,0,0,27,HET_7_27_nochat.txt,5,24,1,1,2,2,2,2,50,11
het,7,0,0,27,HET_7_27_nochat.txt,5,27,1,1,2,2,2,2,50,26
het,7,0,0,27,HET_7_27_nochat.txt,5,15,2,2,2,2,2,1,10,8
het,7,0,0,27,HET_7_27_nochat.txt,5,26,2,1,1,1,2,1,10,10
het,7,0,0,27,HET_7_27_nochat.txt,5,5,2,2,2,2,2,1,10,17
het,7,0,0,27,HET_7_27_nochat.txt,5,11,2,2,2,2,2,1,10,19
het,7,0,0,27,HET_7_27_nochat.txt,5,7,2,1,1,1,2,1,10,4
het,7,0,0,27,HET_7_27_nochat.txt,5,20,2,2,1,2,2,1,10,38
het,7,0,0,27,HET_7_27_nochat.txt,5,18,2,1,1,1,2,1,10,19
het,7,0,0,27,HET_7_27_nochat.txt,5,14,2,2,1,1,2,1,10,38
het,7,0,0,27,HET_7_27_nochat.txt,5,13,2,1,1,1,2,1,10,13
het,7,0,0,27,HET_7_27_nochat.txt,5,1,3,2,2,2,2,2,150,7
het,7,0,0,27,HET_7_27_nochat.txt,5,17,3,1,2,1,2,2,50,13
het,7,0,0,27,HET_7_27_nochat.txt,5,8,3,2,1,2,2,2,150,11
het,7,0,0,27,HET_7_27_nochat.txt,5,3,3,1,2,1,2,2,50,6
het,7,0,0,27,HET_7_27_nochat.txt,5,2,3,1,2,1,2,2,50,16
het,7,0,0,27,HET_7_27_nochat.txt,5,9,3,2,1,2,2,2,150,16
het,7,0,0,27,HET_7_27_nochat.txt,5,6,3,1,1,1,2,2,50,7
het,7,0,0,27,HET_7_27_nochat.txt,5,19,3,2,2,2,2,2,150,4
het,7,0,0,27,HET_7_27_nochat.txt,5,25,3,1,2,1,2,2,50,37
het,7,0,0,27,HET_7_27_nochat.txt,6,2,1,2,2,2,2,2,150,18
het,7,0,0,27,HET_7_27_nochat.txt,6,27,1,1,2,1,2,2,50,39
het,7,0,0,27,HET_7_27_nochat.txt,6,14,1,2,1,2,2,2,150,64
het,7,0,0,27,HET_7_27_nochat.txt,6,25,1,2,2,2,2,2,150,79
het,7,0,0,27,HET_7_27_nochat.txt,6,7,1,2,2,2,2,2,150,21
het,7,0,0,27,HET_7_27_nochat.txt,6,8,1,2,2,2,2,2,150,6
het,7,0,0,27,HET_7_27_nochat.txt,6,6,1,2,1,1,2,2,150,15
het,7,0,0,27,HET_7_27_nochat.txt,6,19,1,1,1,1,2,2,50,10
het,7,0,0,27,HET_7_27_nochat.txt,6,22,1,2,2,1,2,2,150,10
het,7,0,0,27,HET_7_27_nochat.txt,6,5,2,2,1,1,2,1,10,18
het,7,0,0,27,HET_7_27_nochat.txt,6,9,2,1,1,2,2,1,10,23
het,7,0,0,27,HET_7_27_nochat.txt,6,16,2,1,2,2,2,1,10,25
het,7,0,0,27,HET_7_27_nochat.txt,6,13,2,1,2,2,2,1,10,16
het,7,0,0,27,HET_7_27_nochat.txt,6,20,2,2,1,1,2,1,10,26
het,7,0,0,27,HET_7_27_nochat.txt,6,17,2,2,1,1,2,1,10,47
het,7,0,0,27,HET_7_27_nochat.txt,6,11,2,2,1,2,2,1,10,18
het,7,0,0,27,HET_7_27_nochat.txt,6,3,2,1,1,1,2,1,10,7
het,7,0,0,27,HET_7_27_nochat.txt,6,10,2,2,1,1,2,1,10,14
het,7,0,0,27,HET_7_27_nochat.txt,6,18,3,2,1,1,2,1,10,24
het,7,0,0,27,HET_7_27_nochat.txt,6,15,3,1,1,1,2,1,10,17
het,7,0,0,27,HET_7_27_nochat.txt,6,23,3,2,1,1,2,1,10,6
het,7,0,0,27,HET_7_27_nochat.txt,6,12,3,2,1,2,2,1,10,33
het,7,0,0,27,HET_7_27_nochat.txt,6,26,3,1,1,1,2,1,10,35
het,7,0,0,27,HET_7_27_nochat.txt,6,21,3,2,2,2,2,1,10,10
het,7,0,0,27,HET_7_27_nochat.txt,6,1,3,1,2,2,2,1,10,10
het,7,0,0,27,HET_7_27_nochat.txt,6,24,3,1,1,1,2,1,10,7
het,7,0,0,27,HET_7_27_nochat.txt,6,4,3,2,1,1,2,1,10,14
het,7,0,0,27,HET_7_27_nochat.txt,7,9,1,2,1,2,2,1,10,17
het,7,0,0,27,HET_7_27_nochat.txt,7,8,1,1,2,2,2,1,10,17
het,7,0,0,27,HET_7_27_nochat.txt,7,17,1,1,1,1,2,1,10,8
het,7,0,0,27,HET_7_27_nochat.txt,7,14,1,1,1,1,2,1,10,26
het,7,0,0,27,HET_7_27_nochat.txt,7,22,1,2,1,1,2,1,10,19
het,7,0,0,27,HET_7_27_nochat.txt,7,1,1,1,2,2,2,1,10,6
het,7,0,0,27,HET_7_27_nochat.txt,7,20,1,2,1,1,2,1,10,8
het,7,0,0,27,HET_7_27_nochat.txt,7,7,1,2,1,1,2,1,10,51
het,7,0,0,27,HET_7_27_nochat.txt,7,26,1,1,1,1,2,1,10,10
het,7,0,0,27,HET_7_27_nochat.txt,7,21,2,2,2,2,2,1,10,9
het,7,0,0,27,HET_7_27_nochat.txt,7,5,2,1,1,2,2,1,10,11
het,7,0,0,27,HET_7_27_nochat.txt,7,11,2,1,1,1,2,1,10,10
het,7,0,0,27,HET_7_27_nochat.txt,7,10,2,1,1,1,2,1,10,6
het,7,0,0,27,HET_7_27_nochat.txt,7,24,2,1,1,1,2,1,10,6
het,7,0,0,27,HET_7_27_nochat.txt,7,4,2,1,2,2,2,1,10,11
het,7,0,0,27,HET_7_27_nochat.txt,7,6,2,2,1,1,2,1,10,15
het,7,0,0,27,HET_7_27_nochat.txt,7,23,2,2,1,1,2,1,10,19
het,7,0,0,27,HET_7_27_nochat.txt,7,18,2,2,1,1,2,1,10,24
het,7,0,0,27,HET_7_27_nochat.txt,7,15,3,1,2,2,2,2,50,5
het,7,0,0,27,HET_7_27_nochat.txt,7,19,3,1,1,1,2,2,50,15
het,7,0,0,27,HET_7_27_nochat.txt,7,13,3,1,1,1,2,2,50,4
het,7,0,0,27,HET_7_27_nochat.txt,7,3,3,1,2,1,2,2,50,2
het,7,0,0,27,HET_7_27_nochat.txt,7,27,3,1,2,2,2,2,50,40
het,7,0,0,27,HET_7_27_nochat.txt,7,25,3,1,1,1,2,2,50,84
het,7,0,0,27,HET_7_27_nochat.txt,7,2,3,1,1,1,2,2,50,16
het,7,0,0,27,HET_7_27_nochat.txt,7,16,3,2,2,2,2,2,150,22
het,7,0,0,27,HET_7_27_nochat.txt,7,12,3,1,1,1,2,2,50,14
het,7,0,0,27,HET_7_27_nochat.txt,8,7,1,2,1,2,2,2,150,25
het,7,0,0,27,HET_7_27_nochat.txt,8,21,1,1,2,1,2,2,50,14
het,7,0,0,27,HET_7_27_nochat.txt,8,15,1,1,1,1,2,2,50,11
het,7,0,0,27,HET_7_27_nochat.txt,8,27,1,2,2,1,2,2,150,25
het,7,0,0,27,HET_7_27_nochat.txt,8,26,1,1,2,1,2,2,50,34
het,7,0,0,27,HET_7_27_nochat.txt,8,14,1,1,1,1,2,2,50,21
het,7,0,0,27,HET_7_27_nochat.txt,8,8,1,2,2,2,2,2,150,3
het,7,0,0,27,HET_7_27_nochat.txt,8,19,1,1,1,1,2,2,50,4
het,7,0,0,27,HET_7_27_nochat.txt,8,5,1,2,2,2,2,2,150,6
het,7,0,0,27,HET_7_27_nochat.txt,8,25,2,2,2,2,1,2,10,115
het,7,0,0,27,HET_7_27_nochat.txt,8,4,2,1,2,1,1,2,10,11
het,7,0,0,27,HET_7_27_nochat.txt,8,12,2,1,2,1,1,2,10,48
het,7,0,0,27,HET_7_27_nochat.txt,8,3,2,1,1,1,1,2,10,8
het,7,0,0,27,HET_7_27_nochat.txt,8,17,2,2,1,1,1,2,10,11
het,7,0,0,27,HET_7_27_nochat.txt,8,9,2,2,2,1,1,2,10,11
het,7,0,0,27,HET_7_27_nochat.txt,8,2,2,1,1,1,1,2,10,16
het,7,0,0,27,HET_7_27_nochat.txt,8,24,2,2,2,1,1,2,10,9
het,7,0,0,27,HET_7_27_nochat.txt,8,1,2,1,1,1,1,2,10,12
het,7,0,0,27,HET_7_27_nochat.txt,8,23,3,2,1,1,2,2,150,5
het,7,0,0,27,HET_7_27_nochat.txt,8,10,3,1,2,2,2,2,50,6
het,7,0,0,27,HET_7_27_nochat.txt,8,6,3,1,2,2,2,2,50,7
het,7,0,0,27,HET_7_27_nochat.txt,8,13,3,2,2,2,2,2,150,12
het,7,0,0,27,HET_7_27_nochat.txt,8,18,3,2,1,1,2,2,150,10
het,7,0,0,27,HET_7_27_nochat.txt,8,11,3,1,1,1,2,2,50,8
het,7,0,0,27,HET_7_27_nochat.txt,8,16,3,1,1,1,2,2,50,19
het,7,0,0,27,HET_7_27_nochat.txt,8,22,3,1,2,1,2,2,50,16
het,7,0,0,27,HET_7_27_nochat.txt,8,20,3,2,2,2,2,2,150,6
het,7,0,0,27,HET_7_27_nochat.txt,9,10,1,2,2,2,2,2,150,5
het,7,0,0,27,HET_7_27_nochat.txt,9,12,1,2,2,2,2,2,150,33
het,7,0,0,27,HET_7_27_nochat.txt,9,15,1,2,2,2,2,2,150,10
het,7,0,0,27,HET_7_27_nochat.txt,9,18,1,1,2,2,2,2,50,35
het,7,0,0,27,HET_7_27_nochat.txt,9,21,1,1,2,1,2,2,50,21
het,7,0,0,27,HET_7_27_nochat.txt,9,1,1,1,1,2,2,2,50,22
het,7,0,0,27,HET_7_27_nochat.txt,9,11,1,1,1,2,2,2,50,4
het,7,0,0,27,HET_7_27_nochat.txt,9,14,1,2,1,1,2,2,150,31
het,7,0,0,27,HET_7_27_nochat.txt,9,23,1,1,1,1,2,2,50,12
het,7,0,0,27,HET_7_27_nochat.txt,9,7,2,1,1,1,2,1,10,6
het,7,0,0,27,HET_7_27_nochat.txt,9,8,2,1,1,1,2,1,10,7
het,7,0,0,27,HET_7_27_nochat.txt,9,24,2,2,1,1,2,1,10,9
het,7,0,0,27,HET_7_27_nochat.txt,9,17,2,1,1,1,2,1,10,35
het,7,0,0,27,HET_7_27_nochat.txt,9,3,2,2,1,2,2,1,10,5
het,7,0,0,27,HET_7_27_nochat.txt,9,26,2,2,1,1,2,1,10,34
het,7,0,0,27,HET_7_27_nochat.txt,9,5,2,2,2,2,2,1,10,5
het,7,0,0,27,HET_7_27_nochat.txt,9,25,2,1,1,1,2,1,10,25
het,7,0,0,27,HET_7_27_nochat.txt,9,4,2,1,2,2,2,1,10,18
het,7,0,0,27,HET_7_27_nochat.txt,9,20,3,2,1,1,2,1,10,7
het,7,0,0,27,HET_7_27_nochat.txt,9,19,3,2,2,2,2,1,10,4
het,7,0,0,27,HET_7_27_nochat.txt,9,22,3,1,1,2,2,1,10,21
het,7,0,0,27,HET_7_27_nochat.txt,9,16,3,2,2,2,2,1,10,4
het,7,0,0,27,HET_7_27_nochat.txt,9,6,3,2,1,1,2,1,10,9
het,7,0,0,27,HET_7_27_nochat.txt,9,13,3,2,1,1,2,1,10,8
het,7,0,0,27,HET_7_27_nochat.txt,9,2,3,1,1,1,2,1,10,19
het,7,0,0,27,HET_7_27_nochat.txt,9,9,3,1,2,2,2,1,10,25
het,7,0,0,27,HET_7_27_nochat.txt,9,27,3,2,1,2,2,1,10,30
het,7,0,0,27,HET_7_27_nochat.txt,10,12,1,2,1,2,2,1,10,34
het,7,0,0,27,HET_7_27_nochat.txt,10,24,1,1,2,2,2,1,10,5
het,7,0,0,27,HET_7_27_nochat.txt,10,7,1,1,2,2,2,1,10,15
het,7,0,0,27,HET_7_27_nochat.txt,10,23,1,1,2,2,2,1,10,35
het,7,0,0,27,HET_7_27_nochat.txt,10,21,1,2,2,2,2,1,10,10
het,7,0,0,27,HET_7_27_nochat.txt,10,6,1,2,1,1,2,1,10,6
het,7,0,0,27,HET_7_27_nochat.txt,10,17,1,1,2,2,2,1,10,16
het,7,0,0,27,HET_7_27_nochat.txt,10,19,1,2,2,2,2,1,10,4
het,7,0,0,27,HET_7_27_nochat.txt,10,20,1,2,1,1,2,1,10,7
het,7,0,0,27,HET_7_27_nochat.txt,10,5,2,1,1,1,2,1,10,7
het,7,0,0,27,HET_7_27_nochat.txt,10,27,2,2,2,2,2,1,10,16
het,7,0,0,27,HET_7_27_nochat.txt,10,15,2,1,2,2,2,1,10,20
het,7,0,0,27,HET_7_27_nochat.txt,10,11,2,1,1,2,2,1,10,6
het,7,0,0,27,HET_7_27_nochat.txt,10,10,2,1,2,2,2,1,10,14
het,7,0,0,27,HET_7_27_nochat.txt,10,26,2,1,1,1,2,1,10,21
het,7,0,0,27,HET_7_27_nochat.txt,10,25,2,1,1,1,2,1,10,27
het,7,0,0,27,HET_7_27_nochat.txt,10,8,2,1,1,1,2,1,10,3
het,7,0,0,27,HET_7_27_nochat.txt,10,9,2,1,2,1,2,1,10,12
het,7,0,0,27,HET_7_27_nochat.txt,10,18,3,1,1,1,2,1,10,11
het,7,0,0,27,HET_7_27_nochat.txt,10,13,3,1,1,1,2,1,10,6
het,7,0,0,27,HET_7_27_nochat.txt,10,16,3,2,1,2,2,1,10,12
het,7,0,0,27,HET_7_27_nochat.txt,10,2,3,2,1,2,2,1,10,12
het,7,0,0,27,HET_7_27_nochat.txt,10,14,3,1,1,1,2,1,10,32
het,7,0,0,27,HET_7_27_nochat.txt,10,3,3,2,1,2,2,1,10,5
het,7,0,0,27,HET_7_27_nochat.txt,10,4,3,1,1,1,2,1,10,24
het,7,0,0,27,HET_7_27_nochat.txt,10,22,3,2,2,2,2,1,10,19
het,7,0,0,27,HET_7_27_nochat.txt,10,1,3,2,1,2,2,1,10,11
het,7,0,0,27,HET_7_27_nochat.txt,11,12,1,1,2,2,2,2,50,36
het,7,0,0,27,HET_7_27_nochat.txt,11,18,1,2,2,1,2,2,150,16
het,7,0,0,27,HET_7_27_nochat.txt,11,24,1,2,2,1,2,2,150,13
het,7,0,0,27,HET_7_27_nochat.txt,11,17,1,2,2,1,2,2,150,21
het,7,0,0,27,HET_7_27_nochat.txt,11,23,1,1,2,2,2,2,50,13
het,7,0,0,27,HET_7_27_nochat.txt,11,25,1,2,2,2,2,2,150,63
het,7,0,0,27,HET_7_27_nochat.txt,11,22,1,1,2,1,2,2,50,26
het,7,0,0,27,HET_7_27_nochat.txt,11,4,1,2,1,1,2,2,150,7
het,7,0,0,27,HET_7_27_nochat.txt,11,2,1,2,2,2,2,2,150,8
het,7,0,0,27,HET_7_27_nochat.txt,11,15,2,1,1,1,2,1,10,9
het,7,0,0,27,HET_7_27_nochat.txt,11,16,2,2,1,2,2,1,10,24
het,7,0,0,27,HET_7_27_nochat.txt,11,11,2,2,2,1,2,1,10,6
het,7,0,0,27,HET_7_27_nochat.txt,11,14,2,1,2,2,2,1,10,24
het,7,0,0,27,HET_7_27_nochat.txt,11,21,2,1,1,1,2,1,10,9
het,7,0,0,27,HET_7_27_nochat.txt,11,6,2,2,2,2,2,1,10,9
het,7,0,0,27,HET_7_27_nochat.txt,11,26,2,2,1,2,2,1,10,31
het,7,0,0,27,HET_7_27_nochat.txt,11,9,2,1,2,1,2,1,10,14
het,7,0,0,27,HET_7_27_nochat.txt,11,27,2,1,2,2,2,1,10,27
het,7,0,0,27,HET_7_27_nochat.txt,11,7,3,2,1,2,2,2,150,27
het,7,0,0,27,HET_7_27_nochat.txt,11,3,3,2,1,2,2,2,150,3
het,7,0,0,27,HET_7_27_nochat.txt,11,10,3,2,2,2,2,2,150,12
het,7,0,0,27,HET_7_27_nochat.txt,11,19,3,1,2,1,2,2,50,13
het,7,0,0,27,HET_7_27_nochat.txt,11,1,3,2,2,2,2,2,150,9
het,7,0,0,27,HET_7_27_nochat.txt,11,8,3,2,2,2,2,2,150,3
het,7,0,0,27,HET_7_27_nochat.txt,11,13,3,1,2,2,2,2,50,4
het,7,0,0,27,HET_7_27_nochat.txt,11,20,3,2,1,1,2,2,150,18
het,7,0,0,27,HET_7_27_nochat.txt,11,5,3,1,2,2,2,2,50,4
het,7,0,0,27,HET_7_27_nochat.txt,12,18,1,2,2,2,2,2,150,28
het,7,0,0,27,HET_7_27_nochat.txt,12,11,1,2,1,1,2,2,150,6
het,7,0,0,27,HET_7_27_nochat.txt,12,4,1,2,2,2,2,2,150,7
het,7,0,0,27,HET_7_27_nochat.txt,12,2,1,2,2,2,2,2,150,11
het,7,0,0,27,HET_7_27_nochat.txt,12,6,1,1,1,1,2,2,50,3
het,7,0,0,27,HET_7_27_nochat.txt,12,16,1,1,1,1,2,2,50,8
het,7,0,0,27,HET_7_27_nochat.txt,12,3,1,2,1,2,2,2,150,2
het,7,0,0,27,HET_7_27_nochat.txt,12,25,1,1,1,1,2,2,50,102
het,7,0,0,27,HET_7_27_nochat.txt,12,13,1,2,2,2,2,2,150,5
het,7,0,0,27,HET_7_27_nochat.txt,12,15,2,2,1,1,2,1,10,16
het,7,0,0,27,HET_7_27_nochat.txt,12,20,2,1,1,1,2,1,10,5
het,7,0,0,27,HET_7_27_nochat.txt,12,17,2,2,1,2,2,1,10,25
het,7,0,0,27,HET_7_27_nochat.txt,12,10,2,1,2,1,2,1,10,12
het,7,0,0,27,HET_7_27_nochat.txt,12,1,2,1,1,2,2,1,10,19
het,7,0,0,27,HET_7_27_nochat.txt,12,9,2,2,1,1,2,1,10,17
het,7,0,0,27,HET_7_27_nochat.txt,12,8,2,1,1,1,2,1,10,6
het,7,0,0,27,HET_7_27_nochat.txt,12,19,2,1,1,2,2,1,10,16
het,7,0,0,27,HET_7_27_nochat.txt,12,12,2,1,1,1,2,1,10,15
het,7,0,0,27,HET_7_27_nochat.txt,12,26,3,1,1,1,2,1,10,23
het,7,0,0,27,HET_7_27_nochat.txt,12,24,3,2,1,1,2,1,10,19
het,7,0,0,27,HET_7_27_nochat.txt,12,23,3,1,1,1,2,1,10,12
het,7,0,0,27,HET_7_27_nochat.txt,12,21,3,2,1,2,2,1,10,10
het,7,0,0,27,HET_7_27_nochat.txt,12,5,3,2,2,2,2,1,10,5
het,7,0,0,27,HET_7_27_nochat.txt,12,22,3,2,1,2,2,1,10,20
het,7,0,0,27,HET_7_27_nochat.txt,12,27,3,1,1,1,2,1,10,8
het,7,0,0,27,HET_7_27_nochat.txt,12,7,3,1,1,1,2,1,10,3
het,7,0,0,27,HET_7_27_nochat.txt,12,14,3,2,2,2,2,1,10,15
het,7,0,0,27,HET_7_27_nochat.txt,13,14,1,1,2,2,2,2,50,25
het,7,0,0,27,HET_7_27_nochat.txt,13,20,1,1,1,1,2,2,50,4
het,7,0,0,27,HET_7_27_nochat.txt,13,21,1,1,1,1,2,2,50,22
het,7,0,0,27,HET_7_27_nochat.txt,13,24,1,2,1,2,2,2,150,13
het,7,0,0,27,HET_7_27_nochat.txt,13,19,1,2,2,1,2,2,150,4
het,7,0,0,27,HET_7_27_nochat.txt,13,1,1,2,2,2,2,2,150,8
het,7,0,0,27,HET_7_27_nochat.txt,13,3,1,2,2,2,2,2,150,9
het,7,0,0,27,HET_7_27_nochat.txt,13,25,1,1,2,1,2,2,50,59
het,7,0,0,27,HET_7_27_nochat.txt,13,26,1,2,2,2,2,2,150,28
het,7,0,0,27,HET_7_27_nochat.txt,13,2,2,1,2,2,2,2,50,5
het,7,0,0,27,HET_7_27_nochat.txt,13,7,2,2,2,2,2,2,150,3
het,7,0,0,27,HET_7_27_nochat.txt,13,22,2,1,2,1,2,2,50,17
het,7,0,0,27,HET_7_27_nochat.txt,13,9,2,1,2,1,2,2,50,13
het,7,0,0,27,HET_7_27_nochat.txt,13,16,2,2,1,2,2,2,150,33
het,7,0,0,27,HET_7_27_nochat.txt,13,6,2,1,2,2,2,2,50,7
het,7,0,0,27,HET_7_27_nochat.txt,13,23,2,1,2,2,2,2,50,4
het,7,0,0,27,HET_7_27_nochat.txt,13,13,2,1,2,2,2,2,50,8
het,7,0,0,27,HET_7_27_nochat.txt,13,15,2,1,1,1,2,2,50,5
het,7,0,0,27,HET_7_27_nochat.txt,13,12,3,2,2,2,2,1,10,9
het,7,0,0,27,HET_7_27_nochat.txt,13,27,3,2,1,2,2,1,10,12
het,7,0,0,27,HET_7_27_nochat.txt,13,8,3,1,1,2,2,1,10,9
het,7,0,0,27,HET_7_27_nochat.txt,13,17,3,2,1,1,2,1,10,4
het,7,0,0,27,HET_7_27_nochat.txt,13,10,3,2,1,2,2,1,10,13
het,7,0,0,27,HET_7_27_nochat.txt,13,11,3,2,1,1,2,1,10,11
het,7,0,0,27,HET_7_27_nochat.txt,13,4,3,2,1,2,2,1,10,10
het,7,0,0,27,HET_7_27_nochat.txt,13,5,3,2,1,2,2,1,10,6
het,7,0,0,27,HET_7_27_nochat.txt,13,18,3,1,2,2,2,1,10,32
het,7,0,0,27,HET_7_27_nochat.txt,14,11,1,1,1,1,1,1,150,9
het,7,0,0,27,HET_7_27_nochat.txt,14,26,1,1,1,1,1,1,150,23
het,7,0,0,27,HET_7_27_nochat.txt,14,12,1,2,1,1,1,1,50,43
het,7,0,0,27,HET_7_27_nochat.txt,14,7,1,1,2,2,1,1,150,6
het,7,0,0,27,HET_7_27_nochat.txt,14,17,1,1,1,2,1,1,150,6
het,7,0,0,27,HET_7_27_nochat.txt,14,24,1,1,1,1,1,1,150,6
het,7,0,0,27,HET_7_27_nochat.txt,14,16,1,1,1,1,1,1,150,11
het,7,0,0,27,HET_7_27_nochat.txt,14,15,1,2,1,1,1,1,50,7
het,7,0,0,27,HET_7_27_nochat.txt,14,10,1,1,1,1,1,1,150,4
het,7,0,0,27,HET_7_27_nochat.txt,14,9,2,1,1,1,2,2,50,14
het,7,0,0,27,HET_7_27_nochat.txt,14,23,2,1,2,2,2,2,50,5
het,7,0,0,27,HET_7_27_nochat.txt,14,3,2,2,2,2,2,2,150,8
het,7,0,0,27,HET_7_27_nochat.txt,14,5,2,1,2,2,2,2,50,7
het,7,0,0,27,HET_7_27_nochat.txt,14,18,2,1,2,2,2,2,50,13
het,7,0,0,27,HET_7_27_nochat.txt,14,4,2,1,2,2,2,2,50,12
het,7,0,0,27,HET_7_27_nochat.txt,14,20,2,2,2,2,2,2,150,7
het,7,0,0,27,HET_7_27_nochat.txt,14,13,2,2,2,2,2,2,150,16
het,7,0,0,27,HET_7_27_nochat.txt,14,2,2,1,2,1,2,2,50,6
het,7,0,0,27,HET_7_27_nochat.txt,14,25,3,2,2,2,2,2,150,76
het,7,0,0,27,HET_7_27_nochat.txt,14,21,3,2,2,2,2,2,150,16
het,7,0,0,27,HET_7_27_nochat.txt,14,6,3,1,2,2,2,2,50,11
het,7,0,0,27,HET_7_27_nochat.txt,14,1,3,2,2,2,2,2,150,11
het,7,0,0,27,HET_7_27_nochat.txt,14,14,3,1,2,2,2,2,50,12
het,7,0,0,27,HET_7_27_nochat.txt,14,22,3,2,1,2,2,2,150,17
het,7,0,0,27,HET_7_27_nochat.txt,14,19,3,1,2,2,2,2,50,10
het,7,0,0,27,HET_7_27_nochat.txt,14,27,3,2,2,2,2,2,150,7
het,7,0,0,27,HET_7_27_nochat.txt,14,8,3,1,2,2,2,2,50,8
het,7,0,0,27,HET_7_27_nochat.txt,15,4,1,2,2,2,2,2,150,11
het,7,0,0,27,HET_7_27_nochat.txt,15,25,1,2,2,2,2,2,150,8
het,7,0,0,27,HET_7_27_nochat.txt,15,19,1,2,1,2,2,2,150,6
het,7,0,0,27,HET_7_27_nochat.txt,15,17,1,1,2,2,2,2,50,4
het,7,0,0,27,HET_7_27_nochat.txt,15,26,1,1,2,2,2,2,50,17
het,7,0,0,27,HET_7_27_nochat.txt,15,3,1,1,2,1,2,2,50,2
het,7,0,0,27,HET_7_27_nochat.txt,15,21,1,2,2,2,2,2,150,6
het,7,0,0,27,HET_7_27_nochat.txt,15,10,1,2,2,2,2,2,150,7
het,7,0,0,27,HET_7_27_nochat.txt,15,13,1,2,1,1,2,2,150,14
het,7,0,0,27,HET_7_27_nochat.txt,15,27,2,2,1,1,2,1,10,16
het,7,0,0,27,HET_7_27_nochat.txt,15,16,2,1,2,1,2,1,10,28
het,7,0,0,27,HET_7_27_nochat.txt,15,6,2,2,2,2,2,1,10,5
het,7,0,0,27,HET_7_27_nochat.txt,15,18,2,1,1,1,2,1,10,7
het,7,0,0,27,HET_7_27_nochat.txt,15,15,2,2,1,1,2,1,10,12
het,7,0,0,27,HET_7_27_nochat.txt,15,20,2,1,2,2,2,1,10,2
het,7,0,0,27,HET_7_27_nochat.txt,15,1,2,2,1,2,2,1,10,18
het,7,0,0,27,HET_7_27_nochat.txt,15,7,2,2,1,1,2,1,10,15
het,7,0,0,27,HET_7_27_nochat.txt,15,23,2,2,2,2,2,1,10,5
het,7,0,0,27,HET_7_27_nochat.txt,15,22,3,2,1,2,2,1,10,25
het,7,0,0,27,HET_7_27_nochat.txt,15,2,3,2,1,2,2,1,10,13
het,7,0,0,27,HET_7_27_nochat.txt,15,5,3,2,2,2,2,1,10,13
het,7,0,0,27,HET_7_27_nochat.txt,15,12,3,2,1,2,2,1,10,33
het,7,0,0,27,HET_7_27_nochat.txt,15,9,3,2,1,1,2,1,10,11
het,7,0,0,27,HET_7_27_nochat.txt,15,24,3,2,2,2,2,1,10,29
het,7,0,0,27,HET_7_27_nochat.txt,15,8,3,2,1,2,2,1,10,5
het,7,0,0,27,HET_7_27_nochat.txt,15,14,3,1,2,1,2,1,10,34
het,7,0,0,27,HET_7_27_nochat.txt,15,11,3,1,1,1,2,1,10,6
het,7,0,0,45,HET_7_45_nochat.txt,1,12,1,1,1,1,2,2,50,11
het,7,0,0,45,HET_7_45_nochat.txt,1,25,1,2,2,2,2,2,150,17
het,7,0,0,45,HET_7_45_nochat.txt,1,11,1,2,2,2,2,2,150,11
het,7,0,0,45,HET_7_45_nochat.txt,1,13,1,2,1,2,2,2,150,7
het,7,0,0,45,HET_7_45_nochat.txt,1,30,1,2,2,2,2,2,150,12
het,7,0,0,45,HET_7_45_nochat.txt,1,38,1,1,2,1,2,2,50,12
het,7,0,0,45,HET_7_45_nochat.txt,1,42,1,2,2,2,2,2,150,16
het,7,0,0,45,HET_7_45_nochat.txt,1,2,1,2,2,2,2,2,150,7
het,7,0,0,45,HET_7_45_nochat.txt,1,19,1,1,2,2,2,2,50,7
het,7,0,0,45,HET_7_45_nochat.txt,1,15,2,2,1,1,1,1,50,22
het,7,0,0,45,HET_7_45_nochat.txt,1,4,2,1,1,1,1,1,150,15
het,7,0,0,45,HET_7_45_nochat.txt,1,1,2,1,1,1,1,1,150,5
het,7,0,0,45,HET_7_45_nochat.txt,1,44,2,2,1,1,1,1,50,18
het,7,0,0,45,HET_7_45_nochat.txt,1,41,2,1,1,1,1,1,150,27
het,7,0,0,45,HET_7_45_nochat.txt,1,45,2,1,1,1,1,1,150,10
het,7,0,0,45,HET_7_45_nochat.txt,1,23,2,1,1,1,1,1,150,5
het,7,0,0,45,HET_7_45_nochat.txt,1,18,2,1,2,1,1,1,150,23
het,7,0,0,45,HET_7_45_nochat.txt,1,31,2,1,2,2,1,1,150,33
het,7,0,0,45,HET_7_45_nochat.txt,1,39,3,1,1,2,2,1,10,20
het,7,0,0,45,HET_7_45_nochat.txt,1,5,3,1,2,1,2,1,10,20
het,7,0,0,45,HET_7_45_nochat.txt,1,16,3,2,1,1,2,1,10,27
het,7,0,0,45,HET_7_45_nochat.txt,1,28,3,2,1,2,2,1,10,28
het,7,0,0,45,HET_7_45_nochat.txt,1,33,3,1,1,1,2,1,10,10
het,7,0,0,45,HET_7_45_nochat.txt,1,20,3,1,2,2,2,1,10,30
het,7,0,0,45,HET_7_45_nochat.txt,1,9,3,1,2,2,2,1,10,14
het,7,0,0,45,HET_7_45_nochat.txt,1,22,3,2,1,2,2,1,10,23
het,7,0,0,45,HET_7_45_nochat.txt,1,7,3,2,2,2,2,1,10,15
het,7,0,0,45,HET_7_45_nochat.txt,1,10,4,2,1,2,2,1,10,13
het,7,0,0,45,HET_7_45_nochat.txt,1,26,4,2,2,2,2,1,10,8
het,7,0,0,45,HET_7_45_nochat.txt,1,17,4,2,1,1,2,1,10,10
het,7,0,0,45,HET_7_45_nochat.txt,1,27,4,2,1,1,2,1,10,8
het,7,0,0,45,HET_7_45_nochat.txt,1,40,4,2,1,1,2,1,10,17
het,7,0,0,45,HET_7_45_nochat.txt,1,34,4,1,2,1,2,1,10,11
het,7,0,0,45,HET_7_45_nochat.txt,1,21,4,2,2,2,2,1,10,24
het,7,0,0,45,HET_7_45_nochat.txt,1,24,4,2,2,2,2,1,10,7
het,7,0,0,45,HET_7_45_nochat.txt,1,32,4,2,1,1,2,1,10,22
het,7,0,0,45,HET_7_45_nochat.txt,1,37,5,2,2,2,2,2,150,10
het,7,0,0,45,HET_7_45_nochat.txt,1,3,5,2,2,2,2,2,150,22
het,7,0,0,45,HET_7_45_nochat.txt,1,36,5,1,1,1,2,2,50,17
het,7,0,0,45,HET_7_45_nochat.txt,1,35,5,2,2,1,2,2,150,52
het,7,0,0,45,HET_7_45_nochat.txt,1,6,5,2,2,2,2,2,150,7
het,7,0,0,45,HET_7_45_nochat.txt,1,43,5,1,1,1,2,2,50,5
het,7,0,0,45,HET_7_45_nochat.txt,1,8,5,2,2,2,2,2,150,14
het,7,0,0,45,HET_7_45_nochat.txt,1,29,5,2,1,1,2,2,150,6
het,7,0,0,45,HET_7_45_nochat.txt,1,14,5,1,1,1,2,2,50,5
het,7,0,0,45,HET_7_45_nochat.txt,2,42,1,2,1,2,2,2,150,12
het,7,0,0,45,HET_7_45_nochat.txt,2,4,1,1,2,2,2,2,50,8
het,7,0,0,45,HET_7_45_nochat.txt,2,30,1,1,2,2,2,2,50,12
het,7,0,0,45,HET_7_45_nochat.txt,2,1,1,1,2,2,2,2,50,5
het,7,0,0,45,HET_7_45_nochat.txt,2,35,1,1,1,1,2,2,50,23
het,7,0,0,45,HET_7_45_nochat.txt,2,15,1,2,2,2,2,2,150,15
het,7,0,0,45,HET_7_45_nochat.txt,2,21,1,2,2,1,2,2,150,24
het,7,0,0,45,HET_7_45_nochat.txt,2,27,1,1,2,2,2,2,50,6
het,7,0,0,45,HET_7_45_nochat.txt,2,18,1,1,1,1,2,2,50,6
het,7,0,0,45,HET_7_45_nochat.txt,2,37,2,2,1,2,2,1,10,23
het,7,0,0,45,HET_7_45_nochat.txt,2,38,2,2,1,2,2,1,10,12
het,7,0,0,45,HET_7_45_nochat.txt,2,3,2,1,1,1,2,1,10,19
het,7,0,0,45,HET_7_45_nochat.txt,2,2,2,2,2,2,2,1,10,5
het,7,0,0,45,HET_7_45_nochat.txt,2,34,2,2,2,2,2,1,10,11
het,7,0,0,45,HET_7_45_nochat.txt,2,25,2,2,1,2,2,1,10,8
het,7,0,0,45,HET_7_45_nochat.txt,2,22,2,2,1,1,2,1,10,12
het,7,0,0,45,HET_7_45_nochat.txt,2,5,2,2,1,2,2,1,10,8
het,7,0,0,45,HET_7_45_nochat.txt,2,39,2,2,2,2,2,1,10,20
het,7,0,0,45,HET_7_45_nochat.txt,2,31,3,1,2,2,2,1,10,6
het,7,0,0,45,HET_7_45_nochat.txt,2,23,3,1,1,1,2,1,10,4
het,7,0,0,45,HET_7_45_nochat.txt,2,43,3,1,1,1,2,1,10,3
het,7,0,0,45,HET_7_45_nochat.txt,2,9,3,1,2,2,2,1,10,10
het,7,0,0,45,HET_7_45_nochat.txt,2,13,3,2,1,2,2,1,10,4
het,7,0,0,45,HET_7_45_nochat.txt,2,36,3,2,1,2,2,1,10,29
het,7,0,0,45,HET_7_45_nochat.txt,2,16,3,2,1,1,2,1,10,29
het,7,0,0,45,HET_7_45_nochat.txt,2,12,3,2,1,2,2,1,10,9
het,7,0,0,45,HET_7_45_nochat.txt,2,20,3,2,1,2,2,1,10,14
het,7,0,0,45,HET_7_45_nochat.txt,2,17,4,2,2,2,2,2,150,5
het,7,0,0,45,HET_7_45_nochat.txt,2,41,4,2,1,1,2,2,150,14
het,7,0,0,45,HET_7_45_nochat.txt,2,11,4,1,1,1,2,2,50,26
het,7,0,0,45,HET_7_45_nochat.txt,2,45,4,2,2,2,2,2,150,11
het,7,0,0,45,HET_7_45_nochat.txt,2,32,4,2,2,1,2,2,150,13
het,7,0,0,45,HET_7_45_nochat.txt,2,19,4,1,1,1,2,2,50,9
het,7,0,0,45,HET_7_45_nochat.txt,2,40,4,2,1,1,2,2,150,24
het,7,0,0,45,HET_7_45_nochat.txt,2,8,4,1,2,2,2,2,50,5
het,7,0,0,45,HET_7_45_nochat.txt,2,6,4,1,2,1,2,2,50,5
het,7,0,0,45,HET_7_45_nochat.txt,2,7,5,2,1,1,2,1,10,12
het,7,0,0,45,HET_7_45_nochat.txt,2,14,5,1,2,2,2,1,10,5
het,7,0,0,45,HET_7_45_nochat.txt,2,24,5,1,1,1,2,1,10,5
het,7,0,0,45,HET_7_45_nochat.txt,2,29,5,1,1,1,2,1,10,6
het,7,0,0,45,HET_7_45_nochat.txt,2,33,5,2,2,2,2,1,10,7
het,7,0,0,45,HET_7_45_nochat.txt,2,28,5,1,1,2,2,1,10,23
het,7,0,0,45,HET_7_45_nochat.txt,2,26,5,1,1,1,2,1,10,6
het,7,0,0,45,HET_7_45_nochat.txt,2,10,5,1,1,1,2,1,10,6
het,7,0,0,45,HET_7_45_nochat.txt,2,44,5,2,1,1,2,1,10,13
het,7,0,0,45,HET_7_45_nochat.txt,3,41,1,2,1,1,1,1,50,10
het,7,0,0,45,HET_7_45_nochat.txt,3,25,1,2,2,1,1,1,50,13
het,7,0,0,45,HET_7_45_nochat.txt,3,45,1,1,1,1,1,1,150,7
het,7,0,0,45,HET_7_45_nochat.txt,3,7,1,2,1,1,1,1,50,4
het,7,0,0,45,HET_7_45_nochat.txt,3,37,1,1,1,2,1,1,150,11
het,7,0,0,45,HET_7_45_nochat.txt,3,8,1,2,1,2,1,1,50,17
het,7,0,0,45,HET_7_45_nochat.txt,3,40,1,1,1,1,1,1,150,9
het,7,0,0,45,HET_7_45_nochat.txt,3,16,1,1,1,1,1,1,150,16
het,7,0,0,45,HET_7_45_nochat.txt,3,18,1,2,1,1,1,1,50,9
het,7,0,0,45,HET_7_45_nochat.txt,3,42,2,1,2,1,2,2,50,7
het,7,0,0,45,HET_7_45_nochat.txt,3,31,2,1,1,1,2,2,50,6
het,7,0,0,45,HET_7_45_nochat.txt,3,17,2,1,2,2,2,2,50,8
het,7,0,0,45,HET_7_45_nochat.txt,3,1,2,2,2,2,2,2,150,4
het,7,0,0,45,HET_7_45_nochat.txt,3,11,2,1,2,1,2,2,50,24
het,7,0,0,45,HET_7_45_nochat.txt,3,34,2,1,2,1,2,2,50,8
het,7,0,0,45,HET_7_45_nochat.txt,3,13,2,2,1,2,2,2,150,8
het,7,0,0,45,HET_7_45_nochat.txt,3,4,2,2,1,1,2,2,150,10
het,7,0,0,45,HET_7_45_nochat.txt,3,9,2,2,2,2,2,2,150,6
het,7,0,0,45,HET_7_45_nochat.txt,3,6,3,2,1,2,2,1,10,6
het,7,0,0,45,HET_7_45_nochat.txt,3,43,3,2,1,1,2,1,10,4
het,7,0,0,45,HET_7_45_nochat.txt,3,29,3,1,2,2,2,1,10,3
het,7,0,0,45,HET_7_45_nochat.txt,3,12,3,2,1,1,2,1,10,3
het,7,0,0,45,HET_7_45_nochat.txt,3,32,3,2,1,1,2,1,10,12
het,7,0,0,45,HET_7_45_nochat.txt,3,33,3,2,1,1,2,1,10,7
het,7,0,0,45,HET_7_45_nochat.txt,3,38,3,2,1,1,2,1,10,13
het,7,0,0,45,HET_7_45_nochat.txt,3,30,3,2,2,2,2,1,10,8
het,7,0,0,45,HET_7_45_nochat.txt,3,21,3,1,1,1,2,1,10,23
het,7,0,0,45,HET_7_45_nochat.txt,3,35,4,1,2,1,2,1,10,30
het,7,0,0,45,HET_7_45_nochat.txt,3,2,4,1,1,1,2,1,10,5
het,7,0,0,45,HET_7_45_nochat.txt,3,27,4,1,1,1,2,1,10,5
het,7,0,0,45,HET_7_45_nochat.txt,3,5,4,1,2,1,2,1,10,33
het,7,0,0,45,HET_7_45_nochat.txt,3,15,4,2,2,2,2,1,10,11
het,7,0,0,45,HET_7_45_nochat.txt,3,36,4,1,1,1,2,1,10,17
het,7,0,0,45,HET_7_45_nochat.txt,3,23,4,1,2,2,2,1,10,4
het,7,0,0,45,HET_7_45_nochat.txt,3,20,4,2,1,2,2,1,10,12
het,7,0,0,45,HET_7_45_nochat.txt,3,28,4,1,2,1,2,1,10,11
het,7,0,0,45,HET_7_45_nochat.txt,3,26,5,1,2,2,2,2,50,5
het,7,0,0,45,HET_7_45_nochat.txt,3,19,5,2,2,2,2,2,150,11
het,7,0,0,45,HET_7_45_nochat.txt,3,3,5,1,2,2,2,2,50,9
het,7,0,0,45,HET_7_45_nochat.txt,3,14,5,1,1,2,2,2,50,11
het,7,0,0,45,HET_7_45_nochat.txt,3,39,5,2,2,2,2,2,150,4
het,7,0,0,45,HET_7_45_nochat.txt,3,10,5,1,2,2,2,2,50,7
het,7,0,0,45,HET_7_45_nochat.txt,3,22,5,1,2,2,2,2,50,5
het,7,0,0,45,HET_7_45_nochat.txt,3,24,5,1,1,1,2,2,50,4
het,7,0,0,45,HET_7_45_nochat.txt,3,44,5,2,2,2,2,2,150,10
het,7,0,0,45,HET_7_45_nochat.txt,4,38,1,2,2,2,2,2,150,16
het,7,0,0,45,HET_7_45_nochat.txt,4,39,1,1,2,2,2,2,50,13
het,7,0,0,45,HET_7_45_nochat.txt,4,31,1,1,2,1,2,2,50,6
het,7,0,0,45,HET_7_45_nochat.txt,4,32,1,1,2,2,2,2,50,23
het,7,0,0,45,HET_7_45_nochat.txt,4,20,1,2,2,2,2,2,150,9
het,7,0,0,45,HET_7_45_nochat.txt,4,14,1,1,2,2,2,2,50,5
het,7,0,0,45,HET_7_45_nochat.txt,4,42,1,1,2,1,2,2,50,4
het,7,0,0,45,HET_7_45_nochat.txt,4,11,1,2,2,1,2,2,150,23
het,7,0,0,45,HET_7_45_nochat.txt,4,6,1,2,2,2,2,2,150,4
het,7,0,0,45,HET_7_45_nochat.txt,4,29,2,2,1,2,2,1,10,10
het,7,0,0,45,HET_7_45_nochat.txt,4,4,2,1,1,1,2,1,10,9
het,7,0,0,45,HET_7_45_nochat.txt,4,26,2,1,2,2,2,1,10,6
het,7,0,0,45,HET_7_45_nochat.txt,4,18,2,1,2,2,2,1,10,11
het,7,0,0,45,HET_7_45_nochat.txt,4,27,2,2,2,2,2,1,10,5
het,7,0,0,45,HET_7_45_nochat.txt,4,12,2,2,1,1,2,1,10,3
het,7,0,0,45,HET_7_45_nochat.txt,4,7,2,2,2,2,2,1,10,10
het,7,0,0,45,HET_7_45_nochat.txt,4,13,2,1,1,2,2,1,10,7
het,7,0,0,45,HET_7_45_nochat.txt,4,22,2,2,2,2,2,1,10,5
het,7,0,0,45,HET_7_45_nochat.txt,4,36,3,1,2,2,2,2,50,28
het,7,0,0,45,HET_7_45_nochat.txt,4,41,3,1,1,1,2,2,50,6
het,7,0,0,45,HET_7_45_nochat.txt,4,35,3,1,2,2,2,2,50,9
het,7,0,0,45,HET_7_45_nochat.txt,4,25,3,1,2,1,2,2,50,13
het,7,0,0,45,HET_7_45_nochat.txt,4,19,3,1,2,1,2,2,50,10
het,7,0,0,45,HET_7_45_nochat.txt,4,15,3,2,1,1,2,2,150,11
het,7,0,0,45,HET_7_45_nochat.txt,4,40,3,1,1,1,2,2,50,10
het,7,0,0,45,HET_7_45_nochat.txt,4,23,3,1,2,1,2,2,50,5
het,7,0,0,45,HET_7_45_nochat.txt,4,2,3,1,2,2,2,2,50,5
het,7,0,0,45,HET_7_45_nochat.txt,4,37,4,1,2,1,2,2,50,6
het,7,0,0,45,HET_7_45_nochat.txt,4,30,4,1,2,1,2,2,50,5
het,7,0,0,45,HET_7_45_nochat.txt,4,44,4,2,1,1,2,2,150,9
het,7,0,0,45,HET_7_45_nochat.txt,4,9,4,1,2,2,2,2,50,11
het,7,0,0,45,HET_7_45_nochat.txt,4,43,4,1,1,1,2,2,50,18
het,7,0,0,45,HET_7_45_nochat.txt,4,16,4,1,1,2,2,2,50,43
het,7,0,0,45,HET_7_45_nochat.txt,4,17,4,1,2,1,2,2,50,12
het,7,0,0,45,HET_7_45_nochat.txt,4,3,4,1,2,2,2,2,50,25
het,7,0,0,45,HET_7_45_nochat.txt,4,5,4,1,2,1,2,2,50,7
het,7,0,0,45,HET_7_45_nochat.txt,4,10,5,2,2,2,2,2,150,6
het,7,0,0,45,HET_7_45_nochat.txt,4,28,5,2,2,2,2,2,150,13
het,7,0,0,45,HET_7_45_nochat.txt,4,24,5,1,2,1,2,2,50,5
het,7,0,0,45,HET_7_45_nochat.txt,4,45,5,2,2,2,2,2,150,7
het,7,0,0,45,HET_7_45_nochat.txt,4,21,5,1,1,1,2,2,50,23
het,7,0,0,45,HET_7_45_nochat.txt,4,33,5,2,2,1,2,2,150,8
het,7,0,0,45,HET_7_45_nochat.txt,4,34,5,2,2,2,2,2,150,11
het,7,0,0,45,HET_7_45_nochat.txt,4,1,5,1,2,2,2,2,50,5
het,7,0,0,45,HET_7_45_nochat.txt,4,8,5,2,2,2,2,2,150,14
het,7,0,0,45,HET_7_45_nochat.txt,5,29,1,2,2,2,2,2,150,21
het,7,0,0,45,HET_7_45_nochat.txt,5,24,1,2,2,2,2,2,150,4
het,7,0,0,45,HET_7_45_nochat.txt,5,21,1,2,1,2,2,2,150,37
het,7,0,0,45,HET_7_45_nochat.txt,5,37,1,2,2,2,2,2,150,7
het,7,0,0,45,HET_7_45_nochat.txt,5,22,1,1,2,1,2,2,50,23
het,7,0,0,45,HET_7_45_nochat.txt,5,33,1,2,2,2,2,2,150,6
het,7,0,0,45,HET_7_45_nochat.txt,5,26,1,1,2,2,2,2,50,4
het,7,0,0,45,HET_7_45_nochat.txt,5,19,1,2,2,2,2,2,150,4
het,7,0,0,45,HET_7_45_nochat.txt,5,11,1,2,2,1,2,2,150,21
het,7,0,0,45,HET_7_45_nochat.txt,5,13,2,2,2,1,2,2,150,6
het,7,0,0,45,HET_7_45_nochat.txt,5,25,2,1,2,1,2,2,50,14
het,7,0,0,45,HET_7_45_nochat.txt,5,15,2,1,2,2,2,2,50,13
het,7,0,0,45,HET_7_45_nochat.txt,5,7,2,2,1,1,2,2,150,11
het,7,0,0,45,HET_7_45_nochat.txt,5,43,2,1,2,1,2,2,50,10
het,7,0,0,45,HET_7_45_nochat.txt,5,20,2,1,1,1,2,2,50,5
het,7,0,0,45,HET_7_45_nochat.txt,5,6,2,1,1,1,2,2,50,4
het,7,0,0,45,HET_7_45_nochat.txt,5,30,2,2,2,2,2,2,150,15
het,7,0,0,45,HET_7_45_nochat.txt,5,9,2,2,2,2,2,2,150,9
het,7,0,0,45,HET_7_45_nochat.txt,5,45,3,2,2,2,2,1,10,6
het,7,0,0,45,HET_7_45_nochat.txt,5,8,3,2,1,1,2,1,10,15
het,7,0,0,45,HET_7_45_nochat.txt,5,2,3,1,2,2,2,1,10,5
het,7,0,0,45,HET_7_45_nochat.txt,5,39,3,1,1,1,2,1,10,8
het,7,0,0,45,HET_7_45_nochat.txt,5,16,3,1,1,1,2,1,10,17
het,7,0,0,45,HET_7_45_nochat.txt,5,38,3,2,1,1,2,1,10,10
het,7,0,0,45,HET_7_45_nochat.txt,5,18,3,2,2,1,2,1,10,4
het,7,0,0,45,HET_7_45_nochat.txt,5,1,3,1,2,1,2,1,10,4
het,7,0,0,45,HET_7_45_nochat.txt,5,44,3,2,2,2,2,1,10,9
het,7,0,0,45,HET_7_45_nochat.txt,5,32,4,2,2,2,2,2,150,10
het,7,0,0,45,HET_7_45_nochat.txt,5,35,4,2,2,1,2,2,150,11
het,7,0,0,45,HET_7_45_nochat.txt,5,23,4,1,2,1,2,2,50,4
het,7,0,0,45,HET_7_45_nochat.txt,5,17,4,2,2,1,2,2,150,15
het,7,0,0,45,HET_7_45_nochat.txt,5,4,4,1,2,1,2,2,50,13
het,7,0,0,45,HET_7_45_nochat.txt,5,14,4,1,2,2,2,2,50,3
het,7,0,0,45,HET_7_45_nochat.txt,5,3,4,2,1,1,2,2,150,6
het,7,0,0,45,HET_7_45_nochat.txt,5,12,4,2,2,1,2,2,150,3
het,7,0,0,45,HET_7_45_nochat.txt,5,28,4,1,2,2,2,2,50,19
het,7,0,0,45,HET_7_45_nochat.txt,5,10,5,1,2,1,2,2,50,7
het,7,0,0,45,HET_7_45_nochat.txt,5,41,5,2,2,2,2,2,150,7
het,7,0,0,45,HET_7_45_nochat.txt,5,42,5,1,2,1,2,2,50,43
het,7,0,0,45,HET_7_45_nochat.txt,5,5,5,2,2,2,2,2,150,4
het,7,0,0,45,HET_7_45_nochat.txt,5,36,5,2,1,1,2,2,150,29
het,7,0,0,45,HET_7_45_nochat.txt,5,40,5,1,2,2,2,2,50,13
het,7,0,0,45,HET_7_45_nochat.txt,5,27,5,1,2,2,2,2,50,5
het,7,0,0,45,HET_7_45_nochat.txt,5,34,5,2,2,2,2,2,150,4
het,7,0,0,45,HET_7_45_nochat.txt,5,31,5,2,2,1,2,2,150,4
het,7,0,0,45,HET_7_45_nochat.txt,6,39,1,2,1,1,2,1,10,7
het,7,0,0,45,HET_7_45_nochat.txt,6,16,1,2,1,1,2,1,10,25
het,7,0,0,45,HET_7_45_nochat.txt,6,35,1,2,1,2,2,1,10,14
het,7,0,0,45,HET_7_45_nochat.txt,6,10,1,2,1,1,2,1,10,8
het,7,0,0,45,HET_7_45_nochat.txt,6,19,1,1,2,1,2,1,10,20
het,7,0,0,45,HET_7_45_nochat.txt,6,43,1,1,1,1,2,1,10,5
het,7,0,0,45,HET_7_45_nochat.txt,6,37,1,2,2,2,2,1,10,5
het,7,0,0,45,HET_7_45_nochat.txt,6,1,1,2,1,2,2,1,10,12
het,7,0,0,45,HET_7_45_nochat.txt,6,11,1,1,2,1,2,1,10,41
het,7,0,0,45,HET_7_45_nochat.txt,6,5,2,2,1,2,2,1,10,19
het,7,0,0,45,HET_7_45_nochat.txt,6,12,2,1,1,1,2,1,10,13
het,7,0,0,45,HET_7_45_nochat.txt,6,27,2,2,2,2,2,1,10,7
het,7,0,0,45,HET_7_45_nochat.txt,6,32,2,1,1,1,2,1,10,45
het,7,0,0,45,HET_7_45_nochat.txt,6,33,2,1,1,1,2,1,10,8
het,7,0,0,45,HET_7_45_nochat.txt,6,4,2,1,1,1,2,1,10,7
het,7,0,0,45,HET_7_45_nochat.txt,6,29,2,1,2,2,2,1,10,9
het,7,0,0,45,HET_7_45_nochat.txt,6,42,2,1,1,2,2,1,10,10
het,7,0,0,45,HET_7_45_nochat.txt,6,13,2,1,1,1,2,1,10,5
het,7,0,0,45,HET_7_45_nochat.txt,6,23,3,2,2,1,2,2,150,4
het,7,0,0,45,HET_7_45_nochat.txt,6,25,3,2,2,1,2,2,150,23
het,7,0,0,45,HET_7_45_nochat.txt,6,41,3,2,2,2,2,2,150,9
het,7,0,0,45,HET_7_45_nochat.txt,6,18,3,1,1,1,2,2,50,5
het,7,0,0,45,HET_7_45_nochat.txt,6,15,3,2,1,1,2,2,150,5
het,7,0,0,45,HET_7_45_nochat.txt,6,30,3,1,2,1,2,2,50,16
het,7,0,0,45,HET_7_45_nochat.txt,6,8,3,1,2,1,2,2,50,30
het,7,0,0,45,HET_7_45_nochat.txt,6,2,3,1,2,2,2,2,50,9
het,7,0,0,45,HET_7_45_nochat.txt,6,7,3,2,2,2,2,2,150,6
het,7,0,0,45,HET_7_45_nochat.txt,6,9,4,2,1,2,2,1,10,13
het,7,0,0,45,HET_7_45_nochat.txt,6,20,4,2,1,1,2,1,10,18
het,7,0,0,45,HET_7_45_nochat.txt,6,14,4,1,1,2,2,1,10,7
het,7,0,0,45,HET_7_45_nochat.txt,6,34,4,1,2,2,2,1,10,14
het,7,0,0,45,HET_7_45_nochat.txt,6,28,4,2,1,1,2,1,10,28
het,7,0,0,45,HET_7_45_nochat.txt,6,26,4,1,1,1,2,1,10,5
het,7,0,0,45,HET_7_45_nochat.txt,6,36,4,1,1,1,2,1,10,22
het,7,0,0,45,HET_7_45_nochat.txt,6,21,4,1,2,2,2,1,10,44
het,7,0,0,45,HET_7_45_nochat.txt,6,31,4,2,2,2,2,1,10,6
het,7,0,0,45,HET_7_45_nochat.txt,6,17,5,2,2,2,2,2,150,22
het,7,0,0,45,HET_7_45_nochat.txt,6,24,5,2,2,2,2,2,150,4
het,7,0,0,45,HET_7_45_nochat.txt,6,40,5,1,2,2,2,2,50,27
het,7,0,0,45,HET_7_45_nochat.txt,6,38,5,2,1,1,2,2,150,9
het,7,0,0,45,HET_7_45_nochat.txt,6,6,5,2,2,2,2,2,150,5
het,7,0,0,45,HET_7_45_nochat.txt,6,45,5,2,2,2,2,2,150,11
het,7,0,0,45,HET_7_45_nochat.txt,6,3,5,2,2,2,2,2,150,13
het,7,0,0,45,HET_7_45_nochat.txt,6,22,5,2,2,2,2,2,150,18
het,7,0,0,45,HET_7_45_nochat.txt,6,44,5,2,2,2,2,2,150,6
het,7,0,0,45,HET_7_45_nochat.txt,7,36,1,2,1,1,2,1,10,19
het,7,0,0,45,HET_7_45_nochat.txt,7,11,1,2,2,1,2,1,10,31
het,7,0,0,45,HET_7_45_nochat.txt,7,13,1,1,1,2,2,1,10,11
het,7,0,0,45,HET_7_45_nochat.txt,7,12,1,1,1,1,2,1,10,5
het,7,0,0,45,HET_7_45_nochat.txt,7,21,1,1,2,1,2,1,10,13
het,7,0,0,45,HET_7_45_nochat.txt,7,43,1,2,1,1,2,1,10,3
het,7,0,0,45,HET_7_45_nochat.txt,7,32,1,1,2,2,2,1,10,62
het,7,0,0,45,HET_7_45_nochat.txt,7,20,1,1,2,2,2,1,10,11
het,7,0,0,45,HET_7_45_nochat.txt,7,3,1,2,2,2,2,1,10,13
het,7,0,0,45,HET_7_45_nochat.txt,7,38,2,2,1,1,2,2,150,10
het,7,0,0,45,HET_7_45_nochat.txt,7,37,2,2,2,2,2,2,150,3
het,7,0,0,45,HET_7_45_nochat.txt,7,6,2,2,2,2,2,2,150,7
het,7,0,0,45,HET_7_45_nochat.txt,7,2,2,1,2,1,2,2,50,3
het,7,0,0,45,HET_7_45_nochat.txt,7,31,2,1,1,1,2,2,50,7
het,7,0,0,45,HET_7_45_nochat.txt,7,26,2,1,2,2,2,2,50,3
het,7,0,0,45,HET_7_45_nochat.txt,7,22,2,2,2,2,2,2,150,14
het,7,0,0,45,HET_7_45_nochat.txt,7,40,2,1,2,2,2,2,50,20
het,7,0,0,45,HET_7_45_nochat.txt,7,35,2,2,2,2,2,2,150,7
het,7,0,0,45,HET_7_45_nochat.txt,7,24,3,2,1,2,2,1,10,6
het,7,0,0,45,HET_7_45_nochat.txt,7,27,3,1,2,1,2,1,10,6
het,7,0,0,45,HET_7_45_nochat.txt,7,25,3,2,1,1,2,1,10,11
het,7,0,0,45,HET_7_45_nochat.txt,7,28,3,1,1,1,2,1,10,42
het,7,0,0,45,HET_7_45_nochat.txt,7,16,3,1,1,2,2,1,10,25
het,7,0,0,45,HET_7_45_nochat.txt,7,7,3,1,2,2,2,1,10,8
het,7,0,0,45,HET_7_45_nochat.txt,7,30,3,2,1,2,2,1,10,5
het,7,0,0,45,HET_7_45_nochat.txt,7,17,3,1,1,2,2,1,10,16
het,7,0,0,45,HET_7_45_nochat.txt,7,5,3,1,1,1,2,1,10,8
het,7,0,0,45,HET_7_45_nochat.txt,7,1,4,1,2,1,2,2,50,4
het,7,0,0,45,HET_7_45_nochat.txt,7,45,4,2,1,1,2,2,150,7
het,7,0,0,45,HET_7_45_nochat.txt,7,41,4,1,2,2,2,2,50,10
het,7,0,0,45,HET_7_45_nochat.txt,7,9,4,2,2,2,2,2,150,8
het,7,0,0,45,HET_7_45_nochat.txt,7,19,4,2,2,2,2,2,150,9
het,7,0,0,45,HET_7_45_nochat.txt,7,10,4,2,2,2,2,2,150,6
het,7,0,0,45,HET_7_45_nochat.txt,7,34,4,2,2,2,2,2,150,7
het,7,0,0,45,HET_7_45_nochat.txt,7,42,4,2,2,2,2,2,150,9
het,7,0,0,45,HET_7_45_nochat.txt,7,29,4,1,1,2,2,2,50,26
het,7,0,0,45,HET_7_45_nochat.txt,7,39,5,1,1,1,2,1,10,8
het,7,0,0,45,HET_7_45_nochat.txt,7,15,5,2,1,1,2,1,10,4
het,7,0,0,45,HET_7_45_nochat.txt,7,8,5,2,1,2,2,1,10,16
het,7,0,0,45,HET_7_45_nochat.txt,7,33,5,2,1,1,2,1,10,3
het,7,0,0,45,HET_7_45_nochat.txt,7,23,5,1,1,1,2,1,10,4
het,7,0,0,45,HET_7_45_nochat.txt,7,4,5,1,1,1,2,1,10,5
het,7,0,0,45,HET_7_45_nochat.txt,7,44,5,2,1,1,2,1,10,6
het,7,0,0,45,HET_7_45_nochat.txt,7,18,5,2,1,2,2,1,10,6
het,7,0,0,45,HET_7_45_nochat.txt,7,14,5,1,2,2,2,1,10,6
het,7,0,0,45,HET_7_45_nochat.txt,8,42,1,1,2,1,2,2,50,3
het,7,0,0,45,HET_7_45_nochat.txt,8,6,1,1,2,2,2,2,50,7
het,7,0,0,45,HET_7_45_nochat.txt,8,35,1,1,2,1,2,2,50,44
het,7,0,0,45,HET_7_45_nochat.txt,8,14,1,2,2,2,2,2,150,7
het,7,0,0,45,HET_7_45_nochat.txt,8,32,1,2,2,2,2,2,150,9
het,7,0,0,45,HET_7_45_nochat.txt,8,31,1,1,2,1,2,2,50,5
het,7,0,0,45,HET_7_45_nochat.txt,8,23,1,2,2,2,2,2,150,4
het,7,0,0,45,HET_7_45_nochat.txt,8,11,1,2,2,1,2,2,150,23
het,7,0,0,45,HET_7_45_nochat.txt,8,24,1,1,2,1,2,2,50,4
het,7,0,0,45,HET_7_45_nochat.txt,8,45,2,2,1,1,2,1,10,11
het,7,0,0,45,HET_7_45_nochat.txt,8,15,2,1,2,2,2,1,10,2
het,7,0,0,45,HET_7_45_nochat.txt,8,43,2,1,1,1,2,1,10,10
het,7,0,0,45,HET_7_45_nochat.txt,8,5,2,1,1,1,2,1,10,4
het,7,0,0,45,HET_7_45_nochat.txt,8,37,2,2,1,1,2,1,10,6
het,7,0,0,45,HET_7_45_nochat.txt,8,19,2,1,1,2,2,1,10,7
het,7,0,0,45,HET_7_45_nochat.txt,8,10,2,2,1,1,2,1,10,11
het,7,0,0,45,HET_7_45_nochat.txt,8,27,2,1,1,1,2,1,10,3
het,7,0,0,45,HET_7_45_nochat.txt,8,16,2,2,2,2,2,1,10,21
het,7,0,0,45,HET_7_45_nochat.txt,8,7,3,2,1,1,1,1,50,8
het,7,0,0,45,HET_7_45_nochat.txt,8,9,3,1,1,2,1,1,150,8
het,7,0,0,45,HET_7_45_nochat.txt,8,25,3,2,1,1,1,1,50,5
het,7,0,0,45,HET_7_45_nochat.txt,8,1,3,2,2,1,1,1,50,9
het,7,0,0,45,HET_7_45_nochat.txt,8,38,3,1,1,1,1,1,150,14
het,7,0,0,45,HET_7_45_nochat.txt,8,18,3,1,1,1,1,1,150,4
het,7,0,0,45,HET_7_45_nochat.txt,8,26,3,1,1,1,1,1,150,4
het,7,0,0,45,HET_7_45_nochat.txt,8,21,3,2,1,1,1,1,50,39
het,7,0,0,45,HET_7_45_nochat.txt,8,3,3,2,1,1,1,1,50,9
het,7,0,0,45,HET_7_45_nochat.txt,8,30,4,1,1,1,1,2,10,8
het,7,0,0,45,HET_7_45_nochat.txt,8,2,4,1,2,1,1,2,10,3
het,7,0,0,45,HET_7_45_nochat.txt,8,22,4,1,2,1,1,2,10,14
het,7,0,0,45,HET_7_45_nochat.txt,8,40,4,1,2,2,1,2,10,9
het,7,0,0,45,HET_7_45_nochat.txt,8,12,4,1,2,1,1,2,10,3
het,7,0,0,45,HET_7_45_nochat.txt,8,13,4,2,2,1,1,2,10,10
het,7,0,0,45,HET_7_45_nochat.txt,8,44,4,1,1,1,1,2,10,7
het,7,0,0,45,HET_7_45_nochat.txt,8,28,4,1,2,2,1,2,10,13
het,7,0,0,45,HET_7_45_nochat.txt,8,34,4,1,1,1,1,2,10,10
het,7,0,0,45,HET_7_45_nochat.txt,8,33,5,1,2,2,2,2,50,7
het,7,0,0,45,HET_7_45_nochat.txt,8,4,5,2,2,2,2,2,150,6
het,7,0,0,45,HET_7_45_nochat.txt,8,17,5,2,1,2,2,2,150,13
het,7,0,0,45,HET_7_45_nochat.txt,8,8,5,1,2,1,2,2,50,18
het,7,0,0,45,HET_7_45_nochat.txt,8,39,5,2,2,2,2,2,150,22
het,7,0,0,45,HET_7_45_nochat.txt,8,29,5,1,1,1,2,2,50,11
het,7,0,0,45,HET_7_45_nochat.txt,8,41,5,2,2,2,2,2,150,4
het,7,0,0,45,HET_7_45_nochat.txt,8,36,5,1,1,1,2,2,50,20
het,7,0,0,45,HET_7_45_nochat.txt,8,20,5,2,2,2,2,2,150,6
het,7,0,0,45,HET_7_45_nochat.txt,9,45,1,2,1,1,1,1,50,10
het,7,0,0,45,HET_7_45_nochat.txt,9,36,1,1,1,1,1,1,150,11
het,7,0,0,45,HET_7_45_nochat.txt,9,5,1,2,2,2,1,1,50,3
het,7,0,0,45,HET_7_45_nochat.txt,9,16,1,1,1,1,1,1,150,10
het,7,0,0,45,HET_7_45_nochat.txt,9,18,1,2,2,2,1,1,50,15
het,7,0,0,45,HET_7_45_nochat.txt,9,42,1,1,1,1,1,1,150,69
het,7,0,0,45,HET_7_45_nochat.txt,9,28,1,1,1,1,1,1,150,6
het,7,0,0,45,HET_7_45_nochat.txt,9,27,1,2,1,1,1,1,50,7
het,7,0,0,45,HET_7_45_nochat.txt,9,32,1,2,1,1,1,1,50,21
het,7,0,0,45,HET_7_45_nochat.txt,9,38,2,2,1,1,2,2,150,21
het,7,0,0,45,HET_7_45_nochat.txt,9,15,2,2,2,2,2,2,150,4
het,7,0,0,45,HET_7_45_nochat.txt,9,17,2,2,2,1,2,2,150,14
het,7,0,0,45,HET_7_45_nochat.txt,9,40,2,2,1,1,2,2,150,13
het,7,0,0,45,HET_7_45_nochat.txt,9,31,2,2,2,1,2,2,150,5
het,7,0,0,45,HET_7_45_nochat.txt,9,6,2,2,2,2,2,2,150,2
het,7,0,0,45,HET_7_45_nochat.txt,9,34,2,2,1,2,2,2,150,8
het,7,0,0,45,HET_7_45_nochat.txt,9,41,2,2,2,2,2,2,150,4
het,7,0,0,45,HET_7_45_nochat.txt,9,37,2,2,2,2,2,2,150,3
het,7,0,0,45,HET_7_45_nochat.txt,9,39,3,2,1,1,2,1,10,15
het,7,0,0,45,HET_7_45_nochat.txt,9,10,3,2,1,2,2,1,10,13
het,7,0,0,45,HET_7_45_nochat.txt,9,11,3,1,1,1,2,1,10,26
het,7,0,0,45,HET_7_45_nochat.txt,9,13,3,2,1,2,2,1,10,4
het,7,0,0,45,HET_7_45_nochat.txt,9,7,3,2,2,2,2,1,10,7
het,7,0,0,45,HET_7_45_nochat.txt,9,22,3,2,1,2,2,1,10,20
het,7,0,0,45,HET_7_45_nochat.txt,9,2,3,1,2,2,2,1,10,4
het,7,0,0,45,HET_7_45_nochat.txt,9,29,3,1,1,1,2,1,10,20
het,7,0,0,45,HET_7_45_nochat.txt,9,30,3,1,1,2,2,1,10,4
het,7,0,0,45,HET_7_45_nochat.txt,9,35,4,1,1,2,2,1,10,22
het,7,0,0,45,HET_7_45_nochat.txt,9,3,4,2,1,2,2,1,10,28
het,7,0,0,45,HET_7_45_nochat.txt,9,8,4,2,2,2,2,1,10,9
het,7,0,0,45,HET_7_45_nochat.txt,9,23,4,2,1,2,2,1,10,4
het,7,0,0,45,HET_7_45_nochat.txt,9,26,4,1,2,2,2,1,10,5
het,7,0,0,45,HET_7_45_nochat.txt,9,25,4,2,1,2,2,1,10,14
het,7,0,0,45,HET_7_45_nochat.txt,9,20,4,1,1,1,2,1,10,4
het,7,0,0,45,HET_7_45_nochat.txt,9,24,4,1,2,1,2,1,10,7
het,7,0,0,45,HET_7_45_nochat.txt,9,44,4,1,1,1,2,1,10,5
het,7,0,0,45,HET_7_45_nochat.txt,9,1,5,1,2,1,2,2,50,7
het,7,0,0,45,HET_7_45_nochat.txt,9,4,5,1,2,1,2,2,50,6
het,7,0,0,45,HET_7_45_nochat.txt,9,14,5,2,2,2,2,2,150,6
het,7,0,0,45,HET_7_45_nochat.txt,9,33,5,2,2,2,2,2,150,4
het,7,0,0,45,HET_7_45_nochat.txt,9,9,5,1,2,2,2,2,50,6
het,7,0,0,45,HET_7_45_nochat.txt,9,21,5,2,1,1,2,2,150,23
het,7,0,0,45,HET_7_45_nochat.txt,9,12,5,1,2,2,2,2,50,3
het,7,0,0,45,HET_7_45_nochat.txt,9,43,5,2,2,2,2,2,150,7
het,7,0,0,45,HET_7_45_nochat.txt,9,19,5,1,1,1,2,2,50,4
het,7,0,0,45,HET_7_45_nochat.txt,10,37,1,2,2,2,2,2,150,2
het,7,0,0,45,HET_7_45_nochat.txt,10,35,1,1,2,2,2,2,50,15
het,7,0,0,45,HET_7_45_nochat.txt,10,7,1,2,2,2,2,2,150,3
het,7,0,0,45,HET_7_45_nochat.txt,10,41,1,1,1,1,2,2,50,3
het,7,0,0,45,HET_7_45_nochat.txt,10,26,1,1,2,2,2,2,50,5
het,7,0,0,45,HET_7_45_nochat.txt,10,12,1,1,1,1,2,2,50,7
het,7,0,0,45,HET_7_45_nochat.txt,10,18,1,2,2,1,2,2,150,6
het,7,0,0,45,HET_7_45_nochat.txt,10,4,1,1,2,1,2,2,50,3
het,7,0,0,45,HET_7_45_nochat.txt,10,11,1,1,2,1,2,2,50,41
het,7,0,0,45,HET_7_45_nochat.txt,10,36,2,1,2,1,2,1,10,22
het,7,0,0,45,HET_7_45_nochat.txt,10,44,2,1,2,2,2,1,10,4
het,7,0,0,45,HET_7_45_nochat.txt,10,30,2,1,1,2,2,1,10,3
het,7,0,0,45,HET_7_45_nochat.txt,10,38,2,1,1,1,2,1,10,16
het,7,0,0,45,HET_7_45_nochat.txt,10,43,2,2,1,2,2,1,10,9
het,7,0,0,45,HET_7_45_nochat.txt,10,33,2,1,1,2,2,1,10,5
het,7,0,0,45,HET_7_45_nochat.txt,10,17,2,1,1,1,2,1,10,13
het,7,0,0,45,HET_7_45_nochat.txt,10,45,2,2,1,1,2,1,10,7
het,7,0,0,45,HET_7_45_nochat.txt,10,40,2,2,1,1,2,1,10,14
het,7,0,0,45,HET_7_45_nochat.txt,10,28,3,1,1,1,2,1,10,4
het,7,0,0,45,HET_7_45_nochat.txt,10,24,3,1,1,1,2,1,10,4
het,7,0,0,45,HET_7_45_nochat.txt,10,3,3,1,1,1,2,1,10,11
het,7,0,0,45,HET_7_45_nochat.txt,10,32,3,2,2,2,2,1,10,33
het,7,0,0,45,HET_7_45_nochat.txt,10,19,3,1,1,1,2,1,10,5
het,7,0,0,45,HET_7_45_nochat.txt,10,31,3,1,2,2,2,1,10,3
het,7,0,0,45,HET_7_45_nochat.txt,10,23,3,1,1,1,2,1,10,4
het,7,0,0,45,HET_7_45_nochat.txt,10,13,3,1,2,2,2,1,10,10
het,7,0,0,45,HET_7_45_nochat.txt,10,2,3,2,1,1,2,1,10,3
het,7,0,0,45,HET_7_45_nochat.txt,10,14,4,1,2,1,2,2,50,6
het,7,0,0,45,HET_7_45_nochat.txt,10,8,4,1,2,2,2,2,50,7
het,7,0,0,45,HET_7_45_nochat.txt,10,39,4,2,2,2,2,2,150,15
het,7,0,0,45,HET_7_45_nochat.txt,10,1,4,2,1,1,2,2,150,6
het,7,0,0,45,HET_7_45_nochat.txt,10,29,4,1,2,2,2,2,50,13
het,7,0,0,45,HET_7_45_nochat.txt,10,20,4,1,1,1,2,2,50,4
het,7,0,0,45,HET_7_45_nochat.txt,10,25,4,2,2,2,2,2,150,11
het,7,0,0,45,HET_7_45_nochat.txt,10,21,4,1,1,2,2,2,50,31
het,7,0,0,45,HET_7_45_nochat.txt,10,34,4,2,2,2,2,2,150,6
het,7,0,0,45,HET_7_45_nochat.txt,10,6,5,2,2,1,2,2,150,7
het,7,0,0,45,HET_7_45_nochat.txt,10,22,5,1,2,1,2,2,50,8
het,7,0,0,45,HET_7_45_nochat.txt,10,9,5,1,1,2,2,2,50,9
het,7,0,0,45,HET_7_45_nochat.txt,10,16,5,1,1,1,2,2,50,11
het,7,0,0,45,HET_7_45_nochat.txt,10,5,5,2,2,2,2,2,150,8
het,7,0,0,45,HET_7_45_nochat.txt,10,42,5,2,1,2,2,2,150,3
het,7,0,0,45,HET_7_45_nochat.txt,10,27,5,1,1,1,2,2,50,3
het,7,0,0,45,HET_7_45_nochat.txt,10,10,5,2,1,1,2,2,150,10
het,7,0,0,45,HET_7_45_nochat.txt,10,15,5,1,1,1,2,2,50,10
het,7,0,0,45,HET_7_45_nochat.txt,11,36,1,1,1,1,2,1,10,28
het,7,0,0,45,HET_7_45_nochat.txt,11,40,1,1,2,2,2,1,10,8
het,7,0,0,45,HET_7_45_nochat.txt,11,8,1,2,1,1,2,1,10,2
het,7,0,0,45,HET_7_45_nochat.txt,11,21,1,2,1,2,2,1,10,29
het,7,0,0,45,HET_7_45_nochat.txt,11,14,1,1,1,1,2,1,10,4
het,7,0,0,45,HET_7_45_nochat.txt,11,41,1,1,1,1,2,1,10,3
het,7,0,0,45,HET_7_45_nochat.txt,11,30,1,2,2,2,2,1,10,6
het,7,0,0,45,HET_7_45_nochat.txt,11,26,1,1,2,2,2,1,10,29
het,7,0,0,45,HET_7_45_nochat.txt,11,31,1,2,1,1,2,1,10,13
het,7,0,0,45,HET_7_45_nochat.txt,11,17,2,2,1,2,2,1,10,8
het,7,0,0,45,HET_7_45_nochat.txt,11,29,2,2,1,1,2,1,10,10
het,7,0,0,45,HET_7_45_nochat.txt,11,23,2,1,1,1,2,1,10,4
het,7,0,0,45,HET_7_45_nochat.txt,11,24,2,1,1,1,2,1,10,4
het,7,0,0,45,HET_7_45_nochat.txt,11,32,2,1,1,1,2,1,10,9
het,7,0,0,45,HET_7_45_nochat.txt,11,37,2,2,1,1,2,1,10,7
het,7,0,0,45,HET_7_45_nochat.txt,11,33,2,2,2,2,2,1,10,4
het,7,0,0,45,HET_7_45_nochat.txt,11,39,2,2,1,2,2,1,10,5
het,7,0,0,45,HET_7_45_nochat.txt,11,44,2,1,1,1,2,1,10,5
het,7,0,0,45,HET_7_45_nochat.txt,11,16,3,1,2,1,2,2,50,17
het,7,0,0,45,HET_7_45_nochat.txt,11,28,3,1,2,2,2,2,50,8
het,7,0,0,45,HET_7_45_nochat.txt,11,13,3,1,2,2,2,2,50,3
het,7,0,0,45,HET_7_45_nochat.txt,11,15,3,2,2,2,2,2,150,5
het,7,0,0,45,HET_7_45_nochat.txt,11,27,3,1,2,1,2,2,50,4
het,7,0,0,45,HET_7_45_nochat.txt,11,25,3,2,2,2,2,2,150,9
het,7,0,0,45,HET_7_45_nochat.txt,11,20,3,1,1,1,2,2,50,10
het,7,0,0,45,HET_7_45_nochat.txt,11,2,3,1,2,2,2,2,50,3
het,7,0,0,45,HET_7_45_nochat.txt,11,6,3,1,1,2,2,2,50,3
het,7,0,0,45,HET_7_45_nochat.txt,11,19,4,1,2,2,2,2,50,8
het,7,0,0,45,HET_7_45_nochat.txt,11,4,4,2,2,2,2,2,150,4
het,7,0,0,45,HET_7_45_nochat.txt,11,10,4,2,1,1,2,2,150,11
het,7,0,0,45,HET_7_45_nochat.txt,11,3,4,1,2,2,2,2,50,19
het,7,0,0,45,HET_7_45_nochat.txt,11,1,4,1,1,1,2,2,50,3
het,7,0,0,45,HET_7_45_nochat.txt,11,35,4,2,2,1,2,2,150,16
het,7,0,0,45,HET_7_45_nochat.txt,11,7,4,2,2,2,2,2,150,6
het,7,0,0,45,HET_7_45_nochat.txt,11,45,4,2,2,2,2,2,150,6
het,7,0,0,45,HET_7_45_nochat.txt,11,22,4,2,1,2,2,2,150,7
het,7,0,0,45,HET_7_45_nochat.txt,11,43,5,1,1,1,2,1,10,9
het,7,0,0,45,HET_7_45_nochat.txt,11,34,5,1,1,1,2,1,10,6
het,7,0,0,45,HET_7_45_nochat.txt,11,5,5,2,2,2,2,1,10,4
het,7,0,0,45,HET_7_45_nochat.txt,11,38,5,2,1,1,2,1,10,14
het,7,0,0,45,HET_7_45_nochat.txt,11,9,5,1,1,2,2,1,10,4
het,7,0,0,45,HET_7_45_nochat.txt,11,12,5,2,1,1,2,1,10,15
het,7,0,0,45,HET_7_45_nochat.txt,11,42,5,2,2,2,2,1,10,10
het,7,0,0,45,HET_7_45_nochat.txt,11,18,5,2,1,1,2,1,10,8
het,7,0,0,45,HET_7_45_nochat.txt,11,11,5,1,1,1,2,1,10,15
het,7,0,0,45,HET_7_45_nochat.txt,12,13,1,2,2,2,2,2,150,6
het,7,0,0,45,HET_7_45_nochat.txt,12,16,1,1,1,1,2,2,50,12
het,7,0,0,45,HET_7_45_nochat.txt,12,9,1,1,1,1,2,2,50,8
het,7,0,0,45,HET_7_45_nochat.txt,12,33,1,1,2,2,2,2,50,9
het,7,0,0,45,HET_7_45_nochat.txt,12,7,1,1,2,1,2,2,50,9
het,7,0,0,45,HET_7_45_nochat.txt,12,28,1,1,1,1,2,2,50,5
het,7,0,0,45,HET_7_45_nochat.txt,12,12,1,1,2,1,2,2,50,6
het,7,0,0,45,HET_7_45_nochat.txt,12,3,1,2,2,2,2,2,150,5
het,7,0,0,45,HET_7_45_nochat.txt,12,26,1,2,2,2,2,2,150,10
het,7,0,0,45,HET_7_45_nochat.txt,12,5,2,1,1,1,2,1,10,4
het,7,0,0,45,HET_7_45_nochat.txt,12,17,2,2,1,1,2,1,10,6
het,7,0,0,45,HET_7_45_nochat.txt,12,21,2,2,1,2,2,1,10,11
het,7,0,0,45,HET_7_45_nochat.txt,12,2,2,1,2,2,2,1,10,3
het,7,0,0,45,HET_7_45_nochat.txt,12,31,2,2,1,1,2,1,10,6
het,7,0,0,45,HET_7_45_nochat.txt,12,43,2,1,1,1,2,1,10,4
het,7,0,0,45,HET_7_45_nochat.txt,12,42,2,2,1,2,2,1,10,5
het,7,0,0,45,HET_7_45_nochat.txt,12,41,2,2,2,2,2,1,10,2
het,7,0,0,45,HET_7_45_nochat.txt,12,6,2,1,2,2,2,1,10,2
het,7,0,0,45,HET_7_45_nochat.txt,12,19,3,1,1,1,2,1,10,13
het,7,0,0,45,HET_7_45_nochat.txt,12,38,3,2,1,2,2,1,10,14
het,7,0,0,45,HET_7_45_nochat.txt,12,25,3,1,1,1,2,1,10,11
het,7,0,0,45,HET_7_45_nochat.txt,12,29,3,1,1,1,2,1,10,14
het,7,0,0,45,HET_7_45_nochat.txt,12,32,3,2,2,2,2,1,10,10
het,7,0,0,45,HET_7_45_nochat.txt,12,1,3,1,1,1,2,1,10,6
het,7,0,0,45,HET_7_45_nochat.txt,12,23,3,2,2,2,2,1,10,4
het,7,0,0,45,HET_7_45_nochat.txt,12,4,3,1,1,1,2,1,10,5
het,7,0,0,45,HET_7_45_nochat.txt,12,24,3,2,2,2,2,1,10,4
het,7,0,0,45,HET_7_45_nochat.txt,12,30,4,2,1,1,2,2,150,4
het,7,0,0,45,HET_7_45_nochat.txt,12,37,4,2,2,2,2,2,150,4
het,7,0,0,45,HET_7_45_nochat.txt,12,45,4,2,2,2,2,2,150,7
het,7,0,0,45,HET_7_45_nochat.txt,12,10,4,2,1,2,2,2,150,11
het,7,0,0,45,HET_7_45_nochat.txt,12,15,4,2,2,2,2,2,150,4
het,7,0,0,45,HET_7_45_nochat.txt,12,36,4,2,1,1,2,2,150,28
het,7,0,0,45,HET_7_45_nochat.txt,12,14,4,1,1,1,2,2,50,4
het,7,0,0,45,HET_7_45_nochat.txt,12,44,4,2,2,2,2,2,150,3
het,7,0,0,45,HET_7_45_nochat.txt,12,39,4,2,1,2,2,2,150,22
het,7,0,0,45,HET_7_45_nochat.txt,12,22,5,2,1,2,2,2,150,5
het,7,0,0,45,HET_7_45_nochat.txt,12,20,5,2,2,2,2,2,150,8
het,7,0,0,45,HET_7_45_nochat.txt,12,11,5,1,2,1,2,2,50,36
het,7,0,0,45,HET_7_45_nochat.txt,12,35,5,2,2,2,2,2,150,31
het,7,0,0,45,HET_7_45_nochat.txt,12,27,5,2,2,1,2,2,150,3
het,7,0,0,45,HET_7_45_nochat.txt,12,40,5,2,2,2,2,2,150,6
het,7,0,0,45,HET_7_45_nochat.txt,12,34,5,2,1,2,2,2,150,10
het,7,0,0,45,HET_7_45_nochat.txt,12,18,5,1,2,1,2,2,50,3
het,7,0,0,45,HET_7_45_nochat.txt,12,8,5,1,2,2,2,2,50,15
het,7,0,0,45,HET_7_45_nochat.txt,13,37,1,1,1,1,2,1,10,3
het,7,0,0,45,HET_7_45_nochat.txt,13,34,1,2,1,2,2,1,10,6
het,7,0,0,45,HET_7_45_nochat.txt,13,18,1,2,1,1,2,1,10,5
het,7,0,0,45,HET_7_45_nochat.txt,13,10,1,1,1,1,2,1,10,7
het,7,0,0,45,HET_7_45_nochat.txt,13,2,1,2,1,1,2,1,10,4
het,7,0,0,45,HET_7_45_nochat.txt,13,6,1,2,1,2,2,1,10,5
het,7,0,0,45,HET_7_45_nochat.txt,13,30,1,1,1,1,2,1,10,4
het,7,0,0,45,HET_7_45_nochat.txt,13,16,1,1,1,1,2,1,10,12
het,7,0,0,45,HET_7_45_nochat.txt,13,21,1,1,2,2,2,1,10,35
het,7,0,0,45,HET_7_45_nochat.txt,13,26,2,2,2,2,2,1,10,4
het,7,0,0,45,HET_7_45_nochat.txt,13,5,2,2,2,2,2,1,10,4
het,7,0,0,45,HET_7_45_nochat.txt,13,19,2,1,2,2,2,1,10,6
het,7,0,0,45,HET_7_45_nochat.txt,13,25,2,1,2,2,2,1,10,13
het,7,0,0,45,HET_7_45_nochat.txt,13,4,2,1,1,1,2,1,10,5
het,7,0,0,45,HET_7_45_nochat.txt,13,39,2,2,2,2,2,1,10,11
het,7,0,0,45,HET_7_45_nochat.txt,13,22,2,1,1,1,2,1,10,28
het,7,0,0,45,HET_7_45_nochat.txt,13,33,2,2,1,1,2,1,10,9
het,7,0,0,45,HET_7_45_nochat.txt,13,41,2,1,1,1,2,1,10,4
het,7,0,0,45,HET_7_45_nochat.txt,13,3,3,1,2,1,2,2,50,17
het,7,0,0,45,HET_7_45_nochat.txt,13,31,3,1,2,1,2,2,50,3
het,7,0,0,45,HET_7_45_nochat.txt,13,23,3,1,2,1,2,2,50,4
het,7,0,0,45,HET_7_45_nochat.txt,13,38,3,2,2,2,2,2,150,12
het,7,0,0,45,HET_7_45_nochat.txt,13,12,3,2,1,1,2,2,150,4
het,7,0,0,45,HET_7_45_nochat.txt,13,20,3,1,2,2,2,2,50,7
het,7,0,0,45,HET_7_45_nochat.txt,13,45,3,1,1,1,2,2,50,6
het,7,0,0,45,HET_7_45_nochat.txt,13,11,3,2,2,1,2,2,150,26
het,7,0,0,45,HET_7_45_nochat.txt,13,27,3,2,2,2,2,2,150,6
het,7,0,0,45,HET_7_45_nochat.txt,13,28,4,1,1,1,1,1,150,4
het,7,0,0,45,HET_7_45_nochat.txt,13,14,4,2,1,2,1,1,50,5
het,7,0,0,45,HET_7_45_nochat.txt,13,32,4,1,2,1,1,1,150,19
het,7,0,0,45,HET_7_45_nochat.txt,13,35,4,2,1,1,1,1,50,28
het,7,0,0,45,HET_7_45_nochat.txt,13,42,4,1,1,1,1,1,150,2
het,7,0,0,45,HET_7_45_nochat.txt,13,43,4,1,1,1,1,1,150,3
het,7,0,0,45,HET_7_45_nochat.txt,13,8,4,1,1,1,1,1,150,14
het,7,0,0,45,HET_7_45_nochat.txt,13,40,4,2,1,1,1,1,50,13
het,7,0,0,45,HET_7_45_nochat.txt,13,29,4,2,2,2,1,1,50,7
het,7,0,0,45,HET_7_45_nochat.txt,13,7,5,2,2,2,2,2,150,4
het,7,0,0,45,HET_7_45_nochat.txt,13,17,5,1,1,1,2,2,50,9
het,7,0,0,45,HET_7_45_nochat.txt,13,24,5,2,2,2,2,2,150,10
het,7,0,0,45,HET_7_45_nochat.txt,13,9,5,2,1,2,2,2,150,13
het,7,0,0,45,HET_7_45_nochat.txt,13,1,5,2,1,2,2,2,150,2
het,7,0,0,45,HET_7_45_nochat.txt,13,13,5,2,1,1,2,2,150,5
het,7,0,0,45,HET_7_45_nochat.txt,13,44,5,1,2,2,2,2,50,8
het,7,0,0,45,HET_7_45_nochat.txt,13,15,5,1,2,1,2,2,50,11
het,7,0,0,45,HET_7_45_nochat.txt,13,36,5,1,1,1,2,2,50,4
het,7,0,0,45,HET_7_45_nochat.txt,14,11,1,1,1,1,2,1,10,11
het,7,0,0,45,HET_7_45_nochat.txt,14,37,1,1,1,1,2,1,10,3
het,7,0,0,45,HET_7_45_nochat.txt,14,40,1,2,2,2,2,1,10,7
het,7,0,0,45,HET_7_45_nochat.txt,14,42,1,2,2,2,2,1,10,4
het,7,0,0,45,HET_7_45_nochat.txt,14,23,1,2,1,2,2,1,10,4
het,7,0,0,45,HET_7_45_nochat.txt,14,15,1,2,1,2,2,1,10,3
het,7,0,0,45,HET_7_45_nochat.txt,14,6,1,2,2,2,2,1,10,3
het,7,0,0,45,HET_7_45_nochat.txt,14,28,1,2,1,1,2,1,10,9
het,7,0,0,45,HET_7_45_nochat.txt,14,19,1,2,1,1,2,1,10,6
het,7,0,0,45,HET_7_45_nochat.txt,14,29,2,2,2,2,2,2,150,15
het,7,0,0,45,HET_7_45_nochat.txt,14,16,2,1,1,1,2,2,50,17
het,7,0,0,45,HET_7_45_nochat.txt,14,41,2,2,1,1,2,2,150,4
het,7,0,0,45,HET_7_45_nochat.txt,14,12,2,1,2,1,2,2,50,7
het,7,0,0,45,HET_7_45_nochat.txt,14,33,2,2,1,1,2,2,150,17
het,7,0,0,45,HET_7_45_nochat.txt,14,39,2,1,2,2,2,2,50,7
het,7,0,0,45,HET_7_45_nochat.txt,14,34,2,2,2,2,2,2,150,4
het,7,0,0,45,HET_7_45_nochat.txt,14,32,2,2,2,2,2,2,150,37
het,7,0,0,45,HET_7_45_nochat.txt,14,31,2,1,2,1,2,2,50,3
het,7,0,0,45,HET_7_45_nochat.txt,14,44,3,2,2,2,2,2,150,3
het,7,0,0,45,HET_7_45_nochat.txt,14,4,3,1,1,1,2,2,50,10
het,7,0,0,45,HET_7_45_nochat.txt,14,20,3,1,2,2,2,2,50,11
het,7,0,0,45,HET_7_45_nochat.txt,14,21,3,1,2,2,2,2,50,17
het,7,0,0,45,HET_7_45_nochat.txt,14,3,3,2,2,1,2,2,150,14
het,7,0,0,45,HET_7_45_nochat.txt,14,13,3,1,2,2,2,2,50,3
het,7,0,0,45,HET_7_45_nochat.txt,14,10,3,2,2,2,2,2,150,5
het,7,0,0,45,HET_7_45_nochat.txt,14,22,3,1,2,2,2,2,50,12
het,7,0,0,45,HET_7_45_nochat.txt,14,9,3,2,1,2,2,2,150,7
het,7,0,0,45,HET_7_45_nochat.txt,14,2,4,1,1,2,2,1,10,3
het,7,0,0,45,HET_7_45_nochat.txt,14,18,4,2,1,2,2,1,10,24
het,7,0,0,45,HET_7_45_nochat.txt,14,14,4,2,2,2,2,1,10,3
het,7,0,0,45,HET_7_45_nochat.txt,14,43,4,1,1,1,2,1,10,4
het,7,0,0,45,HET_7_45_nochat.txt,14,8,4,2,1,1,2,1,10,7
het,7,0,0,45,HET_7_45_nochat.txt,14,30,4,1,1,1,2,1,10,10
het,7,0,0,45,HET_7_45_nochat.txt,14,17,4,1,1,1,2,1,10,4
het,7,0,0,45,HET_7_45_nochat.txt,14,24,4,2,1,2,2,1,10,4
het,7,0,0,45,HET_7_45_nochat.txt,14,27,4,1,1,1,2,1,10,5
het,7,0,0,45,HET_7_45_nochat.txt,14,7,5,1,2,1,2,2,50,5
het,7,0,0,45,HET_7_45_nochat.txt,14,26,5,2,1,1,2,2,150,4
het,7,0,0,45,HET_7_45_nochat.txt,14,25,5,2,1,2,2,2,150,8
het,7,0,0,45,HET_7_45_nochat.txt,14,45,5,2,1,1,2,2,150,10
het,7,0,0,45,HET_7_45_nochat.txt,14,35,5,1,2,2,2,2,50,46
het,7,0,0,45,HET_7_45_nochat.txt,14,5,5,1,1,1,2,2,50,4
het,7,0,0,45,HET_7_45_nochat.txt,14,36,5,1,2,1,2,2,50,18
het,7,0,0,45,HET_7_45_nochat.txt,14,1,5,2,1,1,2,2,150,10
het,7,0,0,45,HET_7_45_nochat.txt,14,38,5,1,2,2,2,2,50,16
het,7,0,0,45,HET_7_45_nochat.txt,15,9,1,1,2,2,2,1,10,8
het,7,0,0,45,HET_7_45_nochat.txt,15,22,1,1,1,1,2,1,10,8
het,7,0,0,45,HET_7_45_nochat.txt,15,14,1,2,1,2,2,1,10,7
het,7,0,0,45,HET_7_45_nochat.txt,15,5,1,1,1,1,2,1,10,4
het,7,0,0,45,HET_7_45_nochat.txt,15,39,1,2,1,1,2,1,10,28
het,7,0,0,45,HET_7_45_nochat.txt,15,37,1,2,1,2,2,1,10,6
het,7,0,0,45,HET_7_45_nochat.txt,15,8,1,2,2,2,2,1,10,9
het,7,0,0,45,HET_7_45_nochat.txt,15,16,1,1,1,1,2,1,10,14
het,7,0,0,45,HET_7_45_nochat.txt,15,19,1,2,1,1,2,1,10,5
het,7,0,0,45,HET_7_45_nochat.txt,15,45,2,2,2,2,2,2,150,6
het,7,0,0,45,HET_7_45_nochat.txt,15,20,2,2,2,2,2,2,150,4
het,7,0,0,45,HET_7_45_nochat.txt,15,25,2,2,2,2,2,2,150,3
het,7,0,0,45,HET_7_45_nochat.txt,15,44,2,1,2,2,2,2,50,4
het,7,0,0,45,HET_7_45_nochat.txt,15,10,2,1,1,2,2,2,50,15
het,7,0,0,45,HET_7_45_nochat.txt,15,12,2,2,2,1,2,2,150,9
het,7,0,0,45,HET_7_45_nochat.txt,15,23,2,2,1,2,2,2,150,4
het,7,0,0,45,HET_7_45_nochat.txt,15,40,2,2,2,2,2,2,150,6
het,7,0,0,45,HET_7_45_nochat.txt,15,24,2,2,1,2,2,2,150,4
het,7,0,0,45,HET_7_45_nochat.txt,15,30,3,2,1,2,2,1,10,4
het,7,0,0,45,HET_7_45_nochat.txt,15,36,3,2,1,1,2,1,10,23
het,7,0,0,45,HET_7_45_nochat.txt,15,32,3,2,1,2,2,1,10,28
het,7,0,0,45,HET_7_45_nochat.txt,15,42,3,1,1,1,2,1,10,3
het,7,0,0,45,HET_7_45_nochat.txt,15,27,3,1,1,1,2,1,10,6
het,7,0,0,45,HET_7_45_nochat.txt,15,21,3,2,1,1,2,1,10,25
het,7,0,0,45,HET_7_45_nochat.txt,15,41,3,2,1,2,2,1,10,16
het,7,0,0,45,HET_7_45_nochat.txt,15,3,3,1,1,1,2,1,10,11
het,7,0,0,45,HET_7_45_nochat.txt,15,28,3,2,1,1,2,1,10,10
het,7,0,0,45,HET_7_45_nochat.txt,15,13,4,1,1,1,2,1,10,4
het,7,0,0,45,HET_7_45_nochat.txt,15,2,4,1,2,2,2,1,10,4
het,7,0,0,45,HET_7_45_nochat.txt,15,26,4,2,2,2,2,1,10,5
het,7,0,0,45,HET_7_45_nochat.txt,15,11,4,1,2,1,2,1,10,22
het,7,0,0,45,HET_7_45_nochat.txt,15,34,4,2,1,2,2,1,10,5
het,7,0,0,45,HET_7_45_nochat.txt,15,38,4,2,1,1,2,1,10,26
het,7,0,0,45,HET_7_45_nochat.txt,15,7,4,1,2,1,2,1,10,22
het,7,0,0,45,HET_7_45_nochat.txt,15,29,4,1,2,1,2,1,10,8
het,7,0,0,45,HET_7_45_nochat.txt,15,15,4,1,2,2,2,1,10,20
het,7,0,0,45,HET_7_45_nochat.txt,15,35,5,1,2,2,2,2,50,33
het,7,0,0,45,HET_7_45_nochat.txt,15,18,5,1,1,1,2,2,50,5
het,7,0,0,45,HET_7_45_nochat.txt,15,1,5,1,2,1,2,2,50,10
het,7,0,0,45,HET_7_45_nochat.txt,15,6,5,1,1,1,2,2,50,3
het,7,0,0,45,HET_7_45_nochat.txt,15,4,5,2,2,2,2,2,150,6
het,7,0,0,45,HET_7_45_nochat.txt,15,43,5,2,2,2,2,2,150,3
het,7,0,0,45,HET_7_45_nochat.txt,15,31,5,2,2,2,2,2,150,16
het,7,0,0,45,HET_7_45_nochat.txt,15,17,5,1,2,1,2,2,50,6
het,7,0,0,45,HET_7_45_nochat.txt,15,33,5,2,2,2,2,2,150,2
het,9,1,0,36,HET_9_36_chat.txt,1,5,1,1,2,2,2,2,50,59
het,9,1,0,36,HET_9_36_chat.txt,1,27,1,1,2,2,2,2,50,173
het,9,1,0,36,HET_9_36_chat.txt,1,20,1,2,1,2,2,2,150,101
het,9,1,0,36,HET_9_36_chat.txt,1,13,1,1,1,2,2,2,50,33
het,9,1,0,36,HET_9_36_chat.txt,1,24,1,2,2,2,2,2,150,181
het,9,1,0,36,HET_9_36_chat.txt,1,33,1,2,2,2,2,2,150,165
het,9,1,0,36,HET_9_36_chat.txt,1,17,1,2,1,2,2,2,150,137
het,9,1,0,36,HET_9_36_chat.txt,1,7,1,1,2,2,2,2,50,72
het,9,1,0,36,HET_9_36_chat.txt,1,31,1,2,2,2,2,2,150,63
het,9,1,0,36,HET_9_36_chat.txt,1,6,2,2,2,1,2,1,10,144
het,9,1,0,36,HET_9_36_chat.txt,1,10,2,2,1,2,2,1,10,145
het,9,1,0,36,HET_9_36_chat.txt,1,1,2,1,1,1,2,1,10,90
het,9,1,0,36,HET_9_36_chat.txt,1,4,2,2,1,2,2,1,10,86
het,9,1,0,36,HET_9_36_chat.txt,1,18,2,1,2,1,2,1,10,136
het,9,1,0,36,HET_9_36_chat.txt,1,36,2,2,1,1,2,1,10,154
het,9,1,0,36,HET_9_36_chat.txt,1,26,2,2,2,1,2,1,10,151
het,9,1,0,36,HET_9_36_chat.txt,1,8,2,2,1,1,2,1,10,210
het,9,1,0,36,HET_9_36_chat.txt,1,25,2,1,1,1,2,1,10,79
het,9,1,0,36,HET_9_36_chat.txt,1,11,3,1,1,1,2,1,10,93
het,9,1,0,36,HET_9_36_chat.txt,1,23,3,2,1,1,2,1,10,45
het,9,1,0,36,HET_9_36_chat.txt,1,35,3,1,2,2,2,1,10,54
het,9,1,0,36,HET_9_36_chat.txt,1,19,3,1,1,1,2,1,10,19
het,9,1,0,36,HET_9_36_chat.txt,1,28,3,2,1,1,2,1,10,91
het,9,1,0,36,HET_9_36_chat.txt,1,15,3,1,1,1,2,1,10,27
het,9,1,0,36,HET_9_36_chat.txt,1,16,3,1,2,1,2,1,10,94
het,9,1,0,36,HET_9_36_chat.txt,1,22,3,1,1,1,2,1,10,58
het,9,1,0,36,HET_9_36_chat.txt,1,34,3,2,1,1,2,1,10,66
het,9,1,0,36,HET_9_36_chat.txt,1,29,4,1,2,1,2,2,50,36
het,9,1,0,36,HET_9_36_chat.txt,1,14,4,1,1,1,2,2,50,117
het,9,1,0,36,HET_9_36_chat.txt,1,2,4,1,1,1,2,2,50,135
het,9,1,0,36,HET_9_36_chat.txt,1,3,4,2,2,1,2,2,150,83
het,9,1,0,36,HET_9_36_chat.txt,1,9,4,1,2,2,2,2,50,71
het,9,1,0,36,HET_9_36_chat.txt,1,32,4,1,2,1,2,2,50,135
het,9,1,0,36,HET_9_36_chat.txt,1,12,4,1,2,2,2,2,50,42
het,9,1,0,36,HET_9_36_chat.txt,1,21,4,2,1,2,2,2,150,141
het,9,1,0,36,HET_9_36_chat.txt,1,30,4,1,1,1,2,2,50,118
het,9,1,0,36,HET_9_36_chat.txt,2,21,1,1,2,1,1,1,150,62
het,9,1,0,36,HET_9_36_chat.txt,2,34,1,2,1,1,1,1,50,81
het,9,1,0,36,HET_9_36_chat.txt,2,11,1,2,1,1,1,1,50,55
het,9,1,0,36,HET_9_36_chat.txt,2,24,1,2,2,1,1,1,50,63
het,9,1,0,36,HET_9_36_chat.txt,2,10,1,1,2,1,1,1,150,60
het,9,1,0,36,HET_9_36_chat.txt,2,20,1,2,1,1,1,1,50,72
het,9,1,0,36,HET_9_36_chat.txt,2,1,1,2,1,1,1,1,50,58
het,9,1,0,36,HET_9_36_chat.txt,2,35,1,1,1,1,1,1,150,40
het,9,1,0,36,HET_9_36_chat.txt,2,30,1,1,1,1,1,1,150,61
het,9,1,0,36,HET_9_36_chat.txt,2,5,2,2,1,1,1,2,10,126
het,9,1,0,36,HET_9_36_chat.txt,2,29,2,2,2,1,1,2,10,100
het,9,1,0,36,HET_9_36_chat.txt,2,27,2,1,2,1,1,2,10,150
het,9,1,0,36,HET_9_36_chat.txt,2,6,2,1,1,1,1,2,10,95
het,9,1,0,36,HET_9_36_chat.txt,2,15,2,1,2,1,1,2,10,56
het,9,1,0,36,HET_9_36_chat.txt,2,14,2,1,2,1,1,2,10,95
het,9,1,0,36,HET_9_36_chat.txt,2,9,2,2,1,1,1,2,10,95
het,9,1,0,36,HET_9_36_chat.txt,2,12,2,1,2,1,1,2,10,54
het,9,1,0,36,HET_9_36_chat.txt,2,28,2,1,1,1,1,2,10,99
het,9,1,0,36,HET_9_36_chat.txt,2,25,3,1,2,2,2,2,50,275
het,9,1,0,36,HET_9_36_chat.txt,2,33,3,1,2,2,2,2,50,253
het,9,1,0,36,HET_9_36_chat.txt,2,23,3,2,1,1,2,2,150,156
het,9,1,0,36,HET_9_36_chat.txt,2,16,3,1,2,2,2,2,50,103
het,9,1,0,36,HET_9_36_chat.txt,2,26,3,1,2,2,2,2,50,172
het,9,1,0,36,HET_9_36_chat.txt,2,17,3,1,2,2,2,2,50,222
het,9,1,0,36,HET_9_36_chat.txt,2,18,3,2,2,2,2,2,150,165
het,9,1,0,36,HET_9_36_chat.txt,2,8,3,1,2,2,2,2,50,170
het,9,1,0,36,HET_9_36_chat.txt,2,19,3,2,1,2,2,2,150,33
het,9,1,0,36,HET_9_36_chat.txt,2,4,4,2,1,2,2,1,10,125
het,9,1,0,36,HET_9_36_chat.txt,2,3,4,2,1,2,2,1,10,91
het,9,1,0,36,HET_9_36_chat.txt,2,36,4,2,1,1,2,1,10,110
het,9,1,0,36,HET_9_36_chat.txt,2,7,4,2,1,1,2,1,10,133
het,9,1,0,36,HET_9_36_chat.txt,2,2,4,1,1,1,2,1,10,155
het,9,1,0,36,HET_9_36_chat.txt,2,32,4,1,1,2,2,1,10,107
het,9,1,0,36,HET_9_36_chat.txt,2,13,4,2,2,1,2,1,10,125
het,9,1,0,36,HET_9_36_chat.txt,2,31,4,2,1,1,2,1,10,67
het,9,1,0,36,HET_9_36_chat.txt,2,22,4,1,1,1,2,1,10,106
het,9,1,0,36,HET_9_36_chat.txt,3,15,1,1,1,2,2,2,50,49
het,9,1,0,36,HET_9_36_chat.txt,3,34,1,1,1,1,2,2,50,43
het,9,1,0,36,HET_9_36_chat.txt,3,31,1,2,1,2,2,2,150,29
het,9,1,0,36,HET_9_36_chat.txt,3,24,1,1,1,2,2,2,50,141
het,9,1,0,36,HET_9_36_chat.txt,3,14,1,1,2,2,2,2,50,71
het,9,1,0,36,HET_9_36_chat.txt,3,20,1,1,2,2,2,2,50,83
het,9,1,0,36,HET_9_36_chat.txt,3,4,1,2,2,2,2,2,150,45
het,9,1,0,36,HET_9_36_chat.txt,3,30,1,1,2,2,2,2,50,119
het,9,1,0,36,HET_9_36_chat.txt,3,6,1,1,2,2,2,2,50,81
het,9,1,0,36,HET_9_36_chat.txt,3,12,2,2,1,2,2,1,10,62
het,9,1,0,36,HET_9_36_chat.txt,3,8,2,1,1,2,2,1,10,218
het,9,1,0,36,HET_9_36_chat.txt,3,5,2,2,2,2,2,1,10,40
het,9,1,0,36,HET_9_36_chat.txt,3,32,2,1,2,1,2,1,10,57
het,9,1,0,36,HET_9_36_chat.txt,3,22,2,2,2,2,2,1,10,67
het,9,1,0,36,HET_9_36_chat.txt,3,27,2,2,1,2,2,1,10,78
het,9,1,0,36,HET_9_36_chat.txt,3,16,2,1,1,2,2,1,10,52
het,9,1,0,36,HET_9_36_chat.txt,3,10,2,2,1,2,2,1,10,232
het,9,1,0,36,HET_9_36_chat.txt,3,23,2,1,1,2,2,1,10,37
het,9,1,0,36,HET_9_36_chat.txt,3,7,3,1,1,1,2,1,10,84
het,9,1,0,36,HET_9_36_chat.txt,3,33,3,2,1,1,2,1,10,95
het,9,1,0,36,HET_9_36_chat.txt,3,21,3,1,1,1,2,1,10,87
het,9,1,0,36,HET_9_36_chat.txt,3,3,3,2,2,2,2,1,10,78
het,9,1,0,36,HET_9_36_chat.txt,3,26,3,2,1,1,2,1,10,96
het,9,1,0,36,HET_9_36_chat.txt,3,35,3,2,2,2,2,1,10,94
het,9,1,0,36,HET_9_36_chat.txt,3,25,3,1,1,1,2,1,10,54
het,9,1,0,36,HET_9_36_chat.txt,3,18,3,1,1,1,2,1,10,66
het,9,1,0,36,HET_9_36_chat.txt,3,13,3,1,1,1,2,1,10,71
het,9,1,0,36,HET_9_36_chat.txt,3,9,4,2,1,1,2,2,150,56
het,9,1,0,36,HET_9_36_chat.txt,3,36,4,2,2,2,2,2,150,25
het,9,1,0,36,HET_9_36_chat.txt,3,1,4,1,2,2,2,2,50,70
het,9,1,0,36,HET_9_36_chat.txt,3,17,4,1,2,2,2,2,50,76
het,9,1,0,36,HET_9_36_chat.txt,3,28,4,1,2,2,2,2,50,52
het,9,1,0,36,HET_9_36_chat.txt,3,19,4,2,2,2,2,2,150,68
het,9,1,0,36,HET_9_36_chat.txt,3,29,4,2,1,2,2,2,150,56
het,9,1,0,36,HET_9_36_chat.txt,3,11,4,1,2,2,2,2,50,85
het,9,1,0,36,HET_9_36_chat.txt,3,2,4,1,2,2,2,2,50,55
het,9,1,0,36,HET_9_36_chat.txt,4,7,1,2,1,1,2,1,10,175
het,9,1,0,36,HET_9_36_chat.txt,4,23,1,1,2,1,2,1,10,139
het,9,1,0,36,HET_9_36_chat.txt,4,10,1,1,2,1,2,1,10,55
het,9,1,0,36,HET_9_36_chat.txt,4,6,1,1,1,1,2,1,10,75
het,9,1,0,36,HET_9_36_chat.txt,4,34,1,1,2,1,2,1,10,53
het,9,1,0,36,HET_9_36_chat.txt,4,32,1,2,1,2,2,1,10,157
het,9,1,0,36,HET_9_36_chat.txt,4,15,1,2,1,2,2,1,10,56
het,9,1,0,36,HET_9_36_chat.txt,4,9,1,1,2,1,2,1,10,47
het,9,1,0,36,HET_9_36_chat.txt,4,25,1,1,1,1,2,1,10,119
het,9,1,0,36,HET_9_36_chat.txt,4,30,2,2,2,1,2,2,150,148
het,9,1,0,36,HET_9_36_chat.txt,4,17,2,1,2,2,2,2,50,253
het,9,1,0,36,HET_9_36_chat.txt,4,4,2,2,1,1,2,2,150,346
het,9,1,0,36,HET_9_36_chat.txt,4,29,2,1,2,1,2,2,50,100
het,9,1,0,36,HET_9_36_chat.txt,4,18,2,1,2,2,2,2,50,77
het,9,1,0,36,HET_9_36_chat.txt,4,21,2,1,2,1,2,2,50,361
het,9,1,0,36,HET_9_36_chat.txt,4,3,2,1,2,2,2,2,50,58
het,9,1,0,36,HET_9_36_chat.txt,4,20,2,1,1,2,2,2,50,161
het,9,1,0,36,HET_9_36_chat.txt,4,2,2,1,1,2,2,2,50,223
het,9,1,0,36,HET_9_36_chat.txt,4,19,3,1,1,1,1,1,150,73
het,9,1,0,36,HET_9_36_chat.txt,4,27,3,1,1,1,1,1,150,153
het,9,1,0,36,HET_9_36_chat.txt,4,35,3,2,1,1,1,1,50,38
het,9,1,0,36,HET_9_36_chat.txt,4,1,3,2,1,1,1,1,50,60
het,9,1,0,36,HET_9_36_chat.txt,4,24,3,1,1,1,1,1,150,97
het,9,1,0,36,HET_9_36_chat.txt,4,11,3,2,2,1,1,1,50,84
het,9,1,0,36,HET_9_36_chat.txt,4,5,3,1,1,1,1,1,150,84
het,9,1,0,36,HET_9_36_chat.txt,4,14,3,2,2,1,1,1,50,115
het,9,1,0,36,HET_9_36_chat.txt,4,13,3,2,1,1,1,1,50,108
het,9,1,0,36,HET_9_36_chat.txt,4,28,4,2,1,2,2,2,150,206
het,9,1,0,36,HET_9_36_chat.txt,4,26,4,2,2,2,2,2,150,148
het,9,1,0,36,HET_9_36_chat.txt,4,12,4,2,2,2,2,2,150,6
het,9,1,0,36,HET_9_36_chat.txt,4,31,4,1,2,2,2,2,50,106
het,9,1,0,36,HET_9_36_chat.txt,4,8,4,1,1,2,2,2,50,247
het,9,1,0,36,HET_9_36_chat.txt,4,22,4,1,1,1,2,2,50,132
het,9,1,0,36,HET_9_36_chat.txt,4,36,4,2,1,2,2,2,150,130
het,9,1,0,36,HET_9_36_chat.txt,4,16,4,2,2,2,2,2,150,112
het,9,1,0,36,HET_9_36_chat.txt,4,33,4,2,2,2,2,2,150,135
het,9,1,0,36,HET_9_36_chat.txt,5,35,1,2,1,1,2,1,10,52
het,9,1,0,36,HET_9_36_chat.txt,5,16,1,1,2,1,2,1,10,64
het,9,1,0,36,HET_9_36_chat.txt,5,31,1,1,2,1,2,1,10,78
het,9,1,0,36,HET_9_36_chat.txt,5,11,1,1,1,1,2,1,10,98
het,9,1,0,36,HET_9_36_chat.txt,5,15,1,2,2,2,2,1,10,30
het,9,1,0,36,HET_9_36_chat.txt,5,18,1,2,1,1,2,1,10,86
het,9,1,0,36,HET_9_36_chat.txt,5,34,1,1,1,1,2,1,10,91
het,9,1,0,36,HET_9_36_chat.txt,5,5,1,1,1,1,2,1,10,73
het,9,1,0,36,HET_9_36_chat.txt,5,13,1,2,1,1,2,1,10,95
het,9,1,0,36,HET_9_36_chat.txt,5,25,2,2,2,2,2,2,150,180
het,9,1,0,36,HET_9_36_chat.txt,5,14,2,1,2,2,2,2,50,90
het,9,1,0,36,HET_9_36_chat.txt,5,9,2,1,2,2,2,2,50,87
het,9,1,0,36,HET_9_36_chat.txt,5,22,2,2,2,2,2,2,150,90
het,9,1,0,36,HET_9_36_chat.txt,5,4,2,2,2,2,2,2,150,66
het,9,1,0,36,HET_9_36_chat.txt,5,26,2,2,2,2,2,2,150,132
het,9,1,0,36,HET_9_36_chat.txt,5,27,2,1,1,2,2,2,50,165
het,9,1,0,36,HET_9_36_chat.txt,5,33,2,1,2,2,2,2,50,259
het,9,1,0,36,HET_9_36_chat.txt,5,17,2,2,2,2,2,2,150,60
het,9,1,0,36,HET_9_36_chat.txt,5,28,3,1,2,2,2,2,50,206
het,9,1,0,36,HET_9_36_chat.txt,5,36,3,2,2,2,2,2,150,286
het,9,1,0,36,HET_9_36_chat.txt,5,24,3,2,1,2,2,2,150,275
het,9,1,0,36,HET_9_36_chat.txt,5,21,3,1,2,1,2,2,50,136
het,9,1,0,36,HET_9_36_chat.txt,5,10,3,1,2,1,2,2,50,48
het,9,1,0,36,HET_9_36_chat.txt,5,12,3,1,2,2,2,2,50,35
het,9,1,0,36,HET_9_36_chat.txt,5,20,3,1,2,2,2,2,50,170
het,9,1,0,36,HET_9_36_chat.txt,5,3,3,1,2,2,2,2,50,96
het,9,1,0,36,HET_9_36_chat.txt,5,1,3,1,1,2,2,2,50,135
het,9,1,0,36,HET_9_36_chat.txt,5,7,4,1,1,2,2,2,50,208
het,9,1,0,36,HET_9_36_chat.txt,5,8,4,2,2,2,2,2,150,102
het,9,1,0,36,HET_9_36_chat.txt,5,19,4,2,2,2,2,2,150,95
het,9,1,0,36,HET_9_36_chat.txt,5,6,4,2,1,2,2,2,150,99
het,9,1,0,36,HET_9_36_chat.txt,5,30,4,2,2,2,2,2,150,199
het,9,1,0,36,HET_9_36_chat.txt,5,32,4,2,2,2,2,2,150,102
het,9,1,0,36,HET_9_36_chat.txt,5,23,4,2,1,2,2,2,150,229
het,9,1,0,36,HET_9_36_chat.txt,5,29,4,2,2,2,2,2,150,82
het,9,1,0,36,HET_9_36_chat.txt,5,2,4,2,1,2,2,2,150,175
het,9,1,0,36,HET_9_36_chat.txt,6,24,1,1,2,1,2,1,10,234
het,9,1,0,36,HET_9_36_chat.txt,6,25,1,1,1,1,2,1,10,189
het,9,1,0,36,HET_9_36_chat.txt,6,32,1,1,1,1,2,1,10,125
het,9,1,0,36,HET_9_36_chat.txt,6,18,1,2,2,1,2,1,10,137
het,9,1,0,36,HET_9_36_chat.txt,6,36,1,1,2,1,2,1,10,129
het,9,1,0,36,HET_9_36_chat.txt,6,19,1,1,1,1,2,1,10,78
het,9,1,0,36,HET_9_36_chat.txt,6,3,1,1,1,2,2,1,10,123
het,9,1,0,36,HET_9_36_chat.txt,6,12,1,2,1,2,2,1,10,31
het,9,1,0,36,HET_9_36_chat.txt,6,31,1,2,1,1,2,1,10,123
het,9,1,0,36,HET_9_36_chat.txt,6,13,2,2,2,2,2,2,150,193
het,9,1,0,36,HET_9_36_chat.txt,6,35,2,1,2,1,2,2,50,145
het,9,1,0,36,HET_9_36_chat.txt,6,21,2,1,2,1,2,2,50,199
het,9,1,0,36,HET_9_36_chat.txt,6,22,2,1,2,1,2,2,50,155
het,9,1,0,36,HET_9_36_chat.txt,6,17,2,2,1,1,2,2,150,225
het,9,1,0,36,HET_9_36_chat.txt,6,28,2,1,1,1,2,2,50,147
het,9,1,0,36,HET_9_36_chat.txt,6,16,2,2,2,1,2,2,150,144
het,9,1,0,36,HET_9_36_chat.txt,6,29,2,2,1,2,2,2,150,138
het,9,1,0,36,HET_9_36_chat.txt,6,27,2,1,1,1,2,2,50,231
het,9,1,0,36,HET_9_36_chat.txt,6,14,3,1,1,1,1,1,150,87
het,9,1,0,36,HET_9_36_chat.txt,6,6,3,1,1,1,1,1,150,86
het,9,1,0,36,HET_9_36_chat.txt,6,30,3,2,2,1,1,1,50,89
het,9,1,0,36,HET_9_36_chat.txt,6,34,3,2,1,1,1,1,50,96
het,9,1,0,36,HET_9_36_chat.txt,6,4,3,2,2,1,1,1,50,86
het,9,1,0,36,HET_9_36_chat.txt,6,33,3,1,1,1,1,1,150,86
het,9,1,0,36,HET_9_36_chat.txt,6,20,3,2,2,1,1,1,50,89
het,9,1,0,36,HET_9_36_chat.txt,6,7,3,1,1,1,1,1,150,96
het,9,1,0,36,HET_9_36_chat.txt,6,8,3,1,1,1,1,1,150,94
het,9,1,0,36,HET_9_36_chat.txt,6,9,4,1,2,2,2,2,50,72
het,9,1,0,36,HET_9_36_chat.txt,6,23,4,1,1,2,2,2,50,45
het,9,1,0,36,HET_9_36_chat.txt,6,1,4,2,2,2,2,2,150,45
het,9,1,0,36,HET_9_36_chat.txt,6,10,4,1,2,2,2,2,50,46
het,9,1,0,36,HET_9_36_chat.txt,6,2,4,2,2,2,2,2,150,49
het,9,1,0,36,HET_9_36_chat.txt,6,11,4,2,1,2,2,2,150,80
het,9,1,0,36,HET_9_36_chat.txt,6,15,4,1,1,2,2,2,50,39
het,9,1,0,36,HET_9_36_chat.txt,6,5,4,1,2,2,2,2,50,46
het,9,1,0,36,HET_9_36_chat.txt,6,26,4,2,2,2,2,2,150,79
het,9,1,0,36,HET_9_36_chat.txt,7,18,1,2,2,2,2,2,150,136
het,9,1,0,36,HET_9_36_chat.txt,7,30,1,1,1,2,2,2,50,180
het,9,1,0,36,HET_9_36_chat.txt,7,11,1,1,2,2,2,2,50,178
het,9,1,0,36,HET_9_36_chat.txt,7,23,1,1,2,2,2,2,50,87
het,9,1,0,36,HET_9_36_chat.txt,7,22,1,2,2,2,2,2,150,43
het,9,1,0,36,HET_9_36_chat.txt,7,4,1,1,1,2,2,2,50,148
het,9,1,0,36,HET_9_36_chat.txt,7,8,1,2,2,2,2,2,150,159
het,9,1,0,36,HET_9_36_chat.txt,7,19,1,1,2,2,2,2,50,84
het,9,1,0,36,HET_9_36_chat.txt,7,6,1,1,1,2,2,2,50,81
het,9,1,0,36,HET_9_36_chat.txt,7,5,2,1,2,2,2,2,50,68
het,9,1,0,36,HET_9_36_chat.txt,7,32,2,2,2,2,2,2,150,93
het,9,1,0,36,HET_9_36_chat.txt,7,34,2,1,2,1,2,2,50,49
het,9,1,0,36,HET_9_36_chat.txt,7,12,2,2,1,1,2,2,150,38
het,9,1,0,36,HET_9_36_chat.txt,7,15,2,2,1,2,2,2,150,31
het,9,1,0,36,HET_9_36_chat.txt,7,1,2,1,1,2,2,2,50,121
het,9,1,0,36,HET_9_36_chat.txt,7,10,2,2,2,2,2,2,150,85
het,9,1,0,36,HET_9_36_chat.txt,7,29,2,1,1,2,2,2,50,83
het,9,1,0,36,HET_9_36_chat.txt,7,24,2,1,2,2,2,2,50,107
het,9,1,0,36,HET_9_36_chat.txt,7,25,3,2,1,2,2,1,10,282
het,9,1,0,36,HET_9_36_chat.txt,7,3,3,1,1,2,2,1,10,39
het,9,1,0,36,HET_9_36_chat.txt,7,14,3,2,1,2,2,1,10,252
het,9,1,0,36,HET_9_36_chat.txt,7,7,3,2,2,2,2,1,10,116
het,9,1,0,36,HET_9_36_chat.txt,7,27,3,1,1,1,2,1,10,180
het,9,1,0,36,HET_9_36_chat.txt,7,31,3,2,1,2,2,1,10,160
het,9,1,0,36,HET_9_36_chat.txt,7,17,3,2,2,1,2,1,10,117
het,9,1,0,36,HET_9_36_chat.txt,7,16,3,1,1,1,2,1,10,91
het,9,1,0,36,HET_9_36_chat.txt,7,20,3,2,1,1,2,1,10,293
het,9,1,0,36,HET_9_36_chat.txt,7,35,4,2,2,1,1,2,10,77
het,9,1,0,36,HET_9_36_chat.txt,7,33,4,2,1,1,1,2,10,83
het,9,1,0,36,HET_9_36_chat.txt,7,28,4,1,1,1,1,2,10,76
het,9,1,0,36,HET_9_36_chat.txt,7,21,4,1,1,1,1,2,10,259
het,9,1,0,36,HET_9_36_chat.txt,7,9,4,2,1,1,1,2,10,69
het,9,1,0,36,HET_9_36_chat.txt,7,13,4,1,2,1,1,2,10,278
het,9,1,0,36,HET_9_36_chat.txt,7,26,4,2,1,1,1,2,10,71
het,9,1,0,36,HET_9_36_chat.txt,7,2,4,2,2,1,1,2,10,85
het,9,1,0,36,HET_9_36_chat.txt,7,36,4,2,2,1,1,2,10,280
het,9,1,0,36,HET_9_36_chat.txt,8,13,1,2,1,2,2,2,150,74
het,9,1,0,36,HET_9_36_chat.txt,8,27,1,1,2,2,2,2,50,121
het,9,1,0,36,HET_9_36_chat.txt,8,30,1,1,1,2,2,2,50,120
het,9,1,0,36,HET_9_36_chat.txt,8,3,1,2,2,1,2,2,150,19
het,9,1,0,36,HET_9_36_chat.txt,8,8,1,2,1,2,2,2,150,123
het,9,1,0,36,HET_9_36_chat.txt,8,24,1,2,2,2,2,2,150,123
het,9,1,0,36,HET_9_36_chat.txt,8,33,1,1,2,2,2,2,50,121
het,9,1,0,36,HET_9_36_chat.txt,8,10,1,2,2,2,2,2,150,115
het,9,1,0,36,HET_9_36_chat.txt,8,35,1,1,1,2,2,2,50,105
het,9,1,0,36,HET_9_36_chat.txt,8,22,2,2,1,1,1,1,50,41
het,9,1,0,36,HET_9_36_chat.txt,8,32,2,1,1,1,1,1,150,44
het,9,1,0,36,HET_9_36_chat.txt,8,14,2,2,1,1,1,1,50,40
het,9,1,0,36,HET_9_36_chat.txt,8,20,2,2,1,1,1,1,50,21
het,9,1,0,36,HET_9_36_chat.txt,8,7,2,1,1,1,1,1,150,39
het,9,1,0,36,HET_9_36_chat.txt,8,4,2,2,1,1,1,1,50,24
het,9,1,0,36,HET_9_36_chat.txt,8,2,2,2,2,1,1,1,50,52
het,9,1,0,36,HET_9_36_chat.txt,8,19,2,1,1,1,1,1,150,35
het,9,1,0,36,HET_9_36_chat.txt,8,11,2,2,1,1,1,1,50,60
het,9,1,0,36,HET_9_36_chat.txt,8,12,3,1,1,1,1,1,150,7
het,9,1,0,36,HET_9_36_chat.txt,8,16,3,1,1,1,1,1,150,32
het,9,1,0,36,HET_9_36_chat.txt,8,5,3,1,1,1,1,1,150,39
het,9,1,0,36,HET_9_36_chat.txt,8,6,3,1,1,1,1,1,150,46
het,9,1,0,36,HET_9_36_chat.txt,8,21,3,1,1,1,1,1,150,42
het,9,1,0,36,HET_9_36_chat.txt,8,25,3,1,1,1,1,1,150,84
het,9,1,0,36,HET_9_36_chat.txt,8,34,3,2,1,1,1,1,50,39
het,9,1,0,36,HET_9_36_chat.txt,8,28,3,1,2,1,1,1,150,81
het,9,1,0,36,HET_9_36_chat.txt,8,1,3,1,1,1,1,1,150,36
het,9,1,0,36,HET_9_36_chat.txt,8,17,4,2,1,1,1,1,50,177
het,9,1,0,36,HET_9_36_chat.txt,8,9,4,1,1,1,1,1,150,61
het,9,1,0,36,HET_9_36_chat.txt,8,29,4,2,2,1,1,1,50,74
het,9,1,0,36,HET_9_36_chat.txt,8,18,4,1,1,1,1,1,150,58
het,9,1,0,36,HET_9_36_chat.txt,8,15,4,1,1,1,1,1,150,60
het,9,1,0,36,HET_9_36_chat.txt,8,36,4,2,2,1,1,1,50,121
het,9,1,0,36,HET_9_36_chat.txt,8,31,4,1,2,1,1,1,150,151
het,9,1,0,36,HET_9_36_chat.txt,8,23,4,2,1,1,1,1,50,60
het,9,1,0,36,HET_9_36_chat.txt,8,26,4,2,1,1,1,1,50,91
het,9,1,0,36,HET_9_36_chat.txt,9,17,1,1,1,1,2,1,10,74
het,9,1,0,36,HET_9_36_chat.txt,9,10,1,1,1,1,2,1,10,56
het,9,1,0,36,HET_9_36_chat.txt,9,3,1,1,1,1,2,1,10,34
het,9,1,0,36,HET_9_36_chat.txt,9,32,1,2,2,2,2,1,10,105
het,9,1,0,36,HET_9_36_chat.txt,9,25,1,1,1,1,2,1,10,75
het,9,1,0,36,HET_9_36_chat.txt,9,24,1,1,1,1,2,1,10,112
het,9,1,0,36,HET_9_36_chat.txt,9,4,1,2,2,1,2,1,10,38
het,9,1,0,36,HET_9_36_chat.txt,9,31,1,2,1,1,2,1,10,88
het,9,1,0,36,HET_9_36_chat.txt,9,28,1,2,1,1,2,1,10,70
het,9,1,0,36,HET_9_36_chat.txt,9,1,2,1,1,2,2,2,50,74
het,9,1,0,36,HET_9_36_chat.txt,9,30,2,1,2,2,2,2,50,121
het,9,1,0,36,HET_9_36_chat.txt,9,9,2,2,1,2,2,2,150,51
het,9,1,0,36,HET_9_36_chat.txt,9,11,2,2,2,2,2,2,150,94
het,9,1,0,36,HET_9_36_chat.txt,9,29,2,2,2,2,2,2,150,77
het,9,1,0,36,HET_9_36_chat.txt,9,26,2,2,2,2,2,2,150,76
het,9,1,0,36,HET_9_36_chat.txt,9,12,2,1,1,1,2,2,50,12
het,9,1,0,36,HET_9_36_chat.txt,9,14,2,1,2,2,2,2,50,82
het,9,1,0,36,HET_9_36_chat.txt,9,27,2,1,1,2,2,2,50,90
het,9,1,0,36,HET_9_36_chat.txt,9,33,3,2,2,1,1,1,50,70
het,9,1,0,36,HET_9_36_chat.txt,9,7,3,1,2,1,1,1,150,72
het,9,1,0,36,HET_9_36_chat.txt,9,15,3,1,1,1,1,1,150,69
het,9,1,0,36,HET_9_36_chat.txt,9,23,3,2,1,1,1,1,50,72
het,9,1,0,36,HET_9_36_chat.txt,9,13,3,2,1,1,1,1,50,80
het,9,1,0,36,HET_9_36_chat.txt,9,19,3,1,2,1,1,1,150,97
het,9,1,0,36,HET_9_36_chat.txt,9,16,3,2,1,1,1,1,50,71
het,9,1,0,36,HET_9_36_chat.txt,9,35,3,2,1,1,1,1,50,126
het,9,1,0,36,HET_9_36_chat.txt,9,20,3,1,2,1,1,1,150,73
het,9,1,0,36,HET_9_36_chat.txt,9,6,4,1,1,2,2,2,50,59
het,9,1,0,36,HET_9_36_chat.txt,9,2,4,2,2,2,2,2,150,72
het,9,1,0,36,HET_9_36_chat.txt,9,21,4,2,2,2,2,2,150,72
het,9,1,0,36,HET_9_36_chat.txt,9,18,4,1,2,2,2,2,50,35
het,9,1,0,36,HET_9_36_chat.txt,9,34,4,1,1,1,2,2,50,65
het,9,1,0,36,HET_9_36_chat.txt,9,5,4,2,2,2,2,2,150,44
het,9,1,0,36,HET_9_36_chat.txt,9,22,4,1,2,2,2,2,50,104
het,9,1,0,36,HET_9_36_chat.txt,9,8,4,1,2,2,2,2,50,79
het,9,1,0,36,HET_9_36_chat.txt,9,36,4,1,2,2,2,2,50,63
het,9,1,0,36,HET_9_36_chat.txt,10,26,1,2,2,2,2,2,150,184
het,9,1,0,36,HET_9_36_chat.txt,10,3,1,1,2,1,2,2,50,36
het,9,1,0,36,HET_9_36_chat.txt,10,11,1,2,1,2,2,2,150,94
het,9,1,0,36,HET_9_36_chat.txt,10,18,1,2,1,2,2,2,150,92
het,9,1,0,36,HET_9_36_chat.txt,10,1,1,1,2,2,2,2,50,54
het,9,1,0,36,HET_9_36_chat.txt,10,6,1,2,1,2,2,2,150,71
het,9,1,0,36,HET_9_36_chat.txt,10,7,1,1,2,2,2,2,50,126
het,9,1,0,36,HET_9_36_chat.txt,10,25,1,1,2,1,2,2,50,174
het,9,1,0,36,HET_9_36_chat.txt,10,31,1,1,2,2,2,2,50,129
het,9,1,0,36,HET_9_36_chat.txt,10,28,2,2,1,1,1,1,50,75
het,9,1,0,36,HET_9_36_chat.txt,10,9,2,2,1,1,1,1,50,46
het,9,1,0,36,HET_9_36_chat.txt,10,5,2,2,1,1,1,1,50,49
het,9,1,0,36,HET_9_36_chat.txt,10,36,2,1,1,1,1,1,150,72
het,9,1,0,36,HET_9_36_chat.txt,10,35,2,1,1,1,1,1,150,35
het,9,1,0,36,HET_9_36_chat.txt,10,24,2,2,2,1,1,1,50,118
het,9,1,0,36,HET_9_36_chat.txt,10,16,2,1,1,1,1,1,150,35
het,9,1,0,36,HET_9_36_chat.txt,10,19,2,2,1,1,1,1,50,34
het,9,1,0,36,HET_9_36_chat.txt,10,33,2,1,1,1,1,1,150,51
het,9,1,0,36,HET_9_36_chat.txt,10,12,3,2,1,1,1,1,50,21
het,9,1,0,36,HET_9_36_chat.txt,10,14,3,1,1,1,1,1,150,91
het,9,1,0,36,HET_9_36_chat.txt,10,13,3,1,1,1,1,1,150,56
het,9,1,0,36,HET_9_36_chat.txt,10,34,3,1,1,1,1,1,150,37
het,9,1,0,36,HET_9_36_chat.txt,10,22,3,1,2,1,1,1,150,45
het,9,1,0,36,HET_9_36_chat.txt,10,15,3,2,1,1,1,1,50,39
het,9,1,0,36,HET_9_36_chat.txt,10,17,3,1,1,1,1,1,150,165
het,9,1,0,36,HET_9_36_chat.txt,10,4,3,2,1,1,1,1,50,58
het,9,1,0,36,HET_9_36_chat.txt,10,20,3,1,1,1,1,1,150,77
het,9,1,0,36,HET_9_36_chat.txt,10,8,4,1,2,1,1,2,10,208
het,9,1,0,36,HET_9_36_chat.txt,10,10,4,1,2,1,1,2,10,108
het,9,1,0,36,HET_9_36_chat.txt,10,30,4,1,2,1,1,2,10,193
het,9,1,0,36,HET_9_36_chat.txt,10,29,4,2,2,1,1,2,10,107
het,9,1,0,36,HET_9_36_chat.txt,10,32,4,2,1,1,1,2,10,147
het,9,1,0,36,HET_9_36_chat.txt,10,2,4,2,1,1,1,2,10,206
het,9,1,0,36,HET_9_36_chat.txt,10,23,4,1,2,1,1,2,10,100
het,9,1,0,36,HET_9_36_chat.txt,10,21,4,1,1,1,1,2,10,193
het,9,1,0,36,HET_9_36_chat.txt,10,27,4,1,1,1,1,2,10,212
het,9,1,0,36,HET_9_36_chat.txt,11,21,1,1,2,1,1,1,150,34
het,9,1,0,36,HET_9_36_chat.txt,11,31,1,2,1,1,1,1,50,117
het,9,1,0,36,HET_9_36_chat.txt,11,9,1,2,1,1,1,1,50,56
het,9,1,0,36,HET_9_36_chat.txt,11,7,1,1,2,1,1,1,150,39
het,9,1,0,36,HET_9_36_chat.txt,11,25,1,1,1,1,1,1,150,87
het,9,1,0,36,HET_9_36_chat.txt,11,2,1,2,2,1,1,1,50,62
het,9,1,0,36,HET_9_36_chat.txt,11,16,1,2,1,1,1,1,50,56
het,9,1,0,36,HET_9_36_chat.txt,11,27,1,2,1,1,1,1,50,64
het,9,1,0,36,HET_9_36_chat.txt,11,32,1,1,1,1,1,1,150,40
het,9,1,0,36,HET_9_36_chat.txt,11,8,2,1,2,1,1,1,150,75
het,9,1,0,36,HET_9_36_chat.txt,11,17,2,1,1,1,1,1,150,84
het,9,1,0,36,HET_9_36_chat.txt,11,23,2,1,1,1,1,1,150,91
het,9,1,0,36,HET_9_36_chat.txt,11,6,2,1,1,1,1,1,150,84
het,9,1,0,36,HET_9_36_chat.txt,11,28,2,2,1,1,1,1,50,67
het,9,1,0,36,HET_9_36_chat.txt,11,19,2,2,1,1,1,1,50,51
het,9,1,0,36,HET_9_36_chat.txt,11,26,2,1,1,1,1,1,150,124
het,9,1,0,36,HET_9_36_chat.txt,11,12,2,2,1,1,1,1,50,7
het,9,1,0,36,HET_9_36_chat.txt,11,24,2,2,2,1,1,1,50,163
het,9,1,0,36,HET_9_36_chat.txt,11,3,3,2,2,1,1,1,50,17
het,9,1,0,36,HET_9_36_chat.txt,11,5,3,2,1,1,1,1,50,56
het,9,1,0,36,HET_9_36_chat.txt,11,13,3,2,1,1,1,1,50,68
het,9,1,0,36,HET_9_36_chat.txt,11,14,3,2,1,1,1,1,50,171
het,9,1,0,36,HET_9_36_chat.txt,11,15,3,2,1,1,1,1,50,33
het,9,1,0,36,HET_9_36_chat.txt,11,34,3,2,2,1,1,1,50,59
het,9,1,0,36,HET_9_36_chat.txt,11,11,3,1,1,1,1,1,150,80
het,9,1,0,36,HET_9_36_chat.txt,11,22,3,2,2,1,1,1,50,56
het,9,1,0,36,HET_9_36_chat.txt,11,33,3,1,2,1,1,1,150,46
het,9,1,0,36,HET_9_36_chat.txt,11,36,4,2,1,2,2,1,10,182
het,9,1,0,36,HET_9_36_chat.txt,11,1,4,2,1,2,2,1,10,44
het,9,1,0,36,HET_9_36_chat.txt,11,35,4,1,2,2,2,1,10,62
het,9,1,0,36,HET_9_36_chat.txt,11,18,4,1,2,2,2,1,10,150
het,9,1,0,36,HET_9_36_chat.txt,11,4,4,1,1,2,2,1,10,144
het,9,1,0,36,HET_9_36_chat.txt,11,30,4,2,2,2,2,1,10,141
het,9,1,0,36,HET_9_36_chat.txt,11,20,4,1,1,2,2,1,10,125
het,9,1,0,36,HET_9_36_chat.txt,11,10,4,2,2,2,2,1,10,174
het,9,1,0,36,HET_9_36_chat.txt,11,29,4,2,1,2,2,1,10,52
het,9,1,0,36,HET_9_36_chat.txt,12,3,1,1,1,1,2,1,10,24
het,9,1,0,36,HET_9_36_chat.txt,12,36,1,1,1,1,2,1,10,33
het,9,1,0,36,HET_9_36_chat.txt,12,23,1,2,2,1,2,1,10,36
het,9,1,0,36,HET_9_36_chat.txt,12,27,1,2,1,1,2,1,10,40
het,9,1,0,36,HET_9_36_chat.txt,12,16,1,2,1,1,2,1,10,32
het,9,1,0,36,HET_9_36_chat.txt,12,5,1,1,1,1,2,1,10,32
het,9,1,0,36,HET_9_36_chat.txt,12,11,1,2,1,1,2,1,10,75
het,9,1,0,36,HET_9_36_chat.txt,12,32,1,2,1,2,2,1,10,68
het,9,1,0,36,HET_9_36_chat.txt,12,33,1,2,1,1,2,1,10,39
het,9,1,0,36,HET_9_36_chat.txt,12,8,2,2,2,2,2,2,150,71
het,9,1,0,36,HET_9_36_chat.txt,12,15,2,2,1,2,2,2,150,33
het,9,1,0,36,HET_9_36_chat.txt,12,12,2,1,2,2,2,2,50,5
het,9,1,0,36,HET_9_36_chat.txt,12,17,2,1,2,2,2,2,50,61
het,9,1,0,36,HET_9_36_chat.txt,12,18,2,2,1,2,2,2,150,55
het,9,1,0,36,HET_9_36_chat.txt,12,29,2,1,2,2,2,2,50,37
het,9,1,0,36,HET_9_36_chat.txt,12,9,2,1,2,2,2,2,50,35
het,9,1,0,36,HET_9_36_chat.txt,12,10,2,2,2,2,2,2,150,59
het,9,1,0,36,HET_9_36_chat.txt,12,31,2,2,2,2,2,2,150,70
het,9,1,0,36,HET_9_36_chat.txt,12,20,3,1,1,1,1,1,150,33
het,9,1,0,36,HET_9_36_chat.txt,12,26,3,1,2,1,1,1,150,47
het,9,1,0,36,HET_9_36_chat.txt,12,2,3,2,1,1,1,1,50,66
het,9,1,0,36,HET_9_36_chat.txt,12,19,3,1,1,1,1,1,150,68
het,9,1,0,36,HET_9_36_chat.txt,12,14,3,2,2,1,1,1,50,60
het,9,1,0,36,HET_9_36_chat.txt,12,7,3,1,1,1,1,1,150,46
het,9,1,0,36,HET_9_36_chat.txt,12,34,3,1,1,1,1,1,150,34
het,9,1,0,36,HET_9_36_chat.txt,12,28,3,2,1,1,1,1,50,50
het,9,1,0,36,HET_9_36_chat.txt,12,6,3,1,2,1,1,1,150,65
het,9,1,0,36,HET_9_36_chat.txt,12,1,4,1,1,2,2,1,10,108
het,9,1,0,36,HET_9_36_chat.txt,12,13,4,2,2,2,2,1,10,26
het,9,1,0,36,HET_9_36_chat.txt,12,35,4,2,2,2,2,1,10,99
het,9,1,0,36,HET_9_36_chat.txt,12,24,4,2,2,2,2,1,10,229
het,9,1,0,36,HET_9_36_chat.txt,12,21,4,1,1,1,2,1,10,211
het,9,1,0,36,HET_9_36_chat.txt,12,25,4,2,1,2,2,1,10,222
het,9,1,0,36,HET_9_36_chat.txt,12,30,4,2,2,2,2,1,10,116
het,9,1,0,36,HET_9_36_chat.txt,12,22,4,1,2,2,2,1,10,85
het,9,1,0,36,HET_9_36_chat.txt,12,4,4,2,1,2,2,1,10,106
het,9,1,0,36,HET_9_36_chat.txt,13,18,1,1,2,1,2,1,10,75
het,9,1,0,36,HET_9_36_chat.txt,13,10,1,1,1,1,2,1,10,63
het,9,1,0,36,HET_9_36_chat.txt,13,30,1,1,1,1,2,1,10,80
het,9,1,0,36,HET_9_36_chat.txt,13,14,1,1,1,1,2,1,10,57
het,9,1,0,36,HET_9_36_chat.txt,13,22,1,2,1,1,2,1,10,80
het,9,1,0,36,HET_9_36_chat.txt,13,12,1,2,2,2,2,1,10,33
het,9,1,0,36,HET_9_36_chat.txt,13,29,1,1,1,1,2,1,10,57
het,9,1,0,36,HET_9_36_chat.txt,13,25,1,2,2,1,2,1,10,64
het,9,1,0,36,HET_9_36_chat.txt,13,4,1,1,1,1,2,1,10,72
het,9,1,0,36,HET_9_36_chat.txt,13,9,2,1,1,2,2,2,50,56
het,9,1,0,36,HET_9_36_chat.txt,13,19,2,2,2,2,2,2,150,75
het,9,1,0,36,HET_9_36_chat.txt,13,34,2,1,2,1,2,2,50,43
het,9,1,0,36,HET_9_36_chat.txt,13,28,2,1,2,2,2,2,50,61
het,9,1,0,36,HET_9_36_chat.txt,13,24,2,1,2,2,2,2,50,84
het,9,1,0,36,HET_9_36_chat.txt,13,7,2,2,2,2,2,2,150,76
het,9,1,0,36,HET_9_36_chat.txt,13,6,2,1,1,2,2,2,50,54
het,9,1,0,36,HET_9_36_chat.txt,13,27,2,1,2,2,2,2,50,56
het,9,1,0,36,HET_9_36_chat.txt,13,17,2,2,1,2,2,2,150,118
het,9,1,0,36,HET_9_36_chat.txt,13,1,3,1,1,2,2,2,50,29
het,9,1,0,36,HET_9_36_chat.txt,13,2,3,1,2,2,2,2,50,39
het,9,1,0,36,HET_9_36_chat.txt,13,20,3,1,2,2,2,2,50,32
het,9,1,0,36,HET_9_36_chat.txt,13,26,3,1,2,2,2,2,50,51
het,9,1,0,36,HET_9_36_chat.txt,13,32,3,1,2,2,2,2,50,41
het,9,1,0,36,HET_9_36_chat.txt,13,33,3,2,2,2,2,2,150,33
het,9,1,0,36,HET_9_36_chat.txt,13,11,3,2,2,2,2,2,150,30
het,9,1,0,36,HET_9_36_chat.txt,13,3,3,2,1,2,2,2,150,4
het,9,1,0,36,HET_9_36_chat.txt,13,15,3,2,1,2,2,2,150,29
het,9,1,0,36,HET_9_36_chat.txt,13,13,4,1,2,2,2,2,50,19
het,9,1,0,36,HET_9_36_chat.txt,13,36,4,1,2,2,2,2,50,42
het,9,1,0,36,HET_9_36_chat.txt,13,8,4,1,2,2,2,2,50,103
het,9,1,0,36,HET_9_36_chat.txt,13,31,4,2,2,2,2,2,150,138
het,9,1,0,36,HET_9_36_chat.txt,13,21,4,1,1,2,2,2,50,63
het,9,1,0,36,HET_9_36_chat.txt,13,35,4,1,1,2,2,2,50,44
het,9,1,0,36,HET_9_36_chat.txt,13,23,4,2,2,2,2,2,150,40
het,9,1,0,36,HET_9_36_chat.txt,13,16,4,1,2,2,2,2,50,25
het,9,1,0,36,HET_9_36_chat.txt,13,5,4,1,2,2,2,2,50,25
het,9,1,0,36,HET_9_36_chat.txt,14,32,1,1,1,1,1,1,150,78
het,9,1,0,36,HET_9_36_chat.txt,14,31,1,2,1,1,1,1,50,111
het,9,1,0,36,HET_9_36_chat.txt,14,14,1,1,2,1,1,1,150,84
het,9,1,0,36,HET_9_36_chat.txt,14,10,1,2,1,1,1,1,50,53
het,9,1,0,36,HET_9_36_chat.txt,14,1,1,2,1,1,1,1,50,53
het,9,1,0,36,HET_9_36_chat.txt,14,4,1,2,1,1,1,1,50,74
het,9,1,0,36,HET_9_36_chat.txt,14,19,1,2,1,1,1,1,50,90
het,9,1,0,36,HET_9_36_chat.txt,14,36,1,2,2,1,1,1,50,111
het,9,1,0,36,HET_9_36_chat.txt,14,22,1,2,1,1,1,1,50,92
het,9,1,0,36,HET_9_36_chat.txt,14,34,2,2,2,1,2,2,150,98
het,9,1,0,36,HET_9_36_chat.txt,14,18,2,2,1,2,2,2,150,121
het,9,1,0,36,HET_9_36_chat.txt,14,21,2,1,2,2,2,2,50,122
het,9,1,0,36,HET_9_36_chat.txt,14,6,2,2,2,2,2,2,150,23
het,9,1,0,36,HET_9_36_chat.txt,14,13,2,2,2,2,2,2,150,20
het,9,1,0,36,HET_9_36_chat.txt,14,20,2,1,2,2,2,2,50,30
het,9,1,0,36,HET_9_36_chat.txt,14,24,2,1,2,2,2,2,50,133
het,9,1,0,36,HET_9_36_chat.txt,14,23,2,1,2,2,2,2,50,144
het,9,1,0,36,HET_9_36_chat.txt,14,30,2,1,2,2,2,2,50,31
het,9,1,0,36,HET_9_36_chat.txt,14,35,3,2,2,1,2,2,150,184
het,9,1,0,36,HET_9_36_chat.txt,14,9,3,2,1,1,2,2,150,176
het,9,1,0,36,HET_9_36_chat.txt,14,27,3,2,2,1,2,2,150,245
het,9,1,0,36,HET_9_36_chat.txt,14,2,3,2,2,2,2,2,150,314
het,9,1,0,36,HET_9_36_chat.txt,14,29,3,1,1,1,2,2,50,101
het,9,1,0,36,HET_9_36_chat.txt,14,25,3,1,2,1,2,2,50,271
het,9,1,0,36,HET_9_36_chat.txt,14,28,3,1,1,1,2,2,50,239
het,9,1,0,36,HET_9_36_chat.txt,14,3,3,1,1,2,2,2,50,7
het,9,1,0,36,HET_9_36_chat.txt,14,11,3,1,2,1,2,2,50,252
het,9,1,0,36,HET_9_36_chat.txt,14,15,4,2,2,2,2,2,150,92
het,9,1,0,36,HET_9_36_chat.txt,14,8,4,1,1,1,2,2,50,273
het,9,1,0,36,HET_9_36_chat.txt,14,17,4,1,1,1,2,2,50,344
het,9,1,0,36,HET_9_36_chat.txt,14,33,4,2,2,1,2,2,150,337
het,9,1,0,36,HET_9_36_chat.txt,14,26,4,2,2,2,2,2,150,318
het,9,1,0,36,HET_9_36_chat.txt,14,12,4,2,2,1,2,2,150,347
het,9,1,0,36,HET_9_36_chat.txt,14,5,4,1,2,2,2,2,50,111
het,9,1,0,36,HET_9_36_chat.txt,14,16,4,2,1,1,2,2,150,134
het,9,1,0,36,HET_9_36_chat.txt,14,7,4,2,1,2,2,2,150,97
het,9,1,0,36,HET_9_36_chat.txt,15,20,1,2,1,2,2,2,150,26
het,9,1,0,36,HET_9_36_chat.txt,15,21,1,1,2,1,2,2,50,81
het,9,1,0,36,HET_9_36_chat.txt,15,31,1,2,2,2,2,2,150,116
het,9,1,0,36,HET_9_36_chat.txt,15,7,1,2,2,2,2,2,150,66
het,9,1,0,36,HET_9_36_chat.txt,15,3,1,1,2,1,2,2,50,9
het,9,1,0,36,HET_9_36_chat.txt,15,9,1,1,2,2,2,2,50,58
het,9,1,0,36,HET_9_36_chat.txt,15,19,1,1,2,2,2,2,50,105
het,9,1,0,36,HET_9_36_chat.txt,15,27,1,1,2,2,2,2,50,43
het,9,1,0,36,HET_9_36_chat.txt,15,25,1,2,1,2,2,2,150,65
het,9,1,0,36,HET_9_36_chat.txt,15,22,2,2,2,2,2,2,150,26
het,9,1,0,36,HET_9_36_chat.txt,15,10,2,1,2,2,2,2,50,24
het,9,1,0,36,HET_9_36_chat.txt,15,18,2,1,2,2,2,2,50,62
het,9,1,0,36,HET_9_36_chat.txt,15,15,2,1,2,2,2,2,50,22
het,9,1,0,36,HET_9_36_chat.txt,15,1,2,1,2,2,2,2,50,26
het,9,1,0,36,HET_9_36_chat.txt,15,36,2,2,2,2,2,2,150,57
het,9,1,0,36,HET_9_36_chat.txt,15,34,2,2,2,1,2,2,150,27
het,9,1,0,36,HET_9_36_chat.txt,15,26,2,1,2,2,2,2,50,64
het,9,1,0,36,HET_9_36_chat.txt,15,12,2,2,2,2,2,2,150,24
het,9,1,0,36,HET_9_36_chat.txt,15,13,3,2,1,2,2,2,150,21
het,9,1,0,36,HET_9_36_chat.txt,15,30,3,2,1,2,2,2,150,54
het,9,1,0,36,HET_9_36_chat.txt,15,33,3,1,2,2,2,2,50,58
het,9,1,0,36,HET_9_36_chat.txt,15,17,3,1,2,2,2,2,50,33
het,9,1,0,36,HET_9_36_chat.txt,15,11,3,1,2,2,2,2,50,95
het,9,1,0,36,HET_9_36_chat.txt,15,5,3,1,2,2,2,2,50,34
het,9,1,0,36,HET_9_36_chat.txt,15,28,3,2,2,2,2,2,150,36
het,9,1,0,36,HET_9_36_chat.txt,15,14,3,1,2,2,2,2,50,30
het,9,1,0,36,HET_9_36_chat.txt,15,6,3,2,2,2,2,2,150,21
het,9,1,0,36,HET_9_36_chat.txt,15,29,4,1,1,1,2,1,10,88
het,9,1,0,36,HET_9_36_chat.txt,15,8,4,2,2,1,2,1,10,109
het,9,1,0,36,HET_9_36_chat.txt,15,16,4,1,2,1,2,1,10,38
het,9,1,0,36,HET_9_36_chat.txt,15,35,4,2,2,1,2,1,10,82
het,9,1,0,36,HET_9_36_chat.txt,15,24,4,1,1,1,2,1,10,123
het,9,1,0,36,HET_9_36_chat.txt,15,4,4,2,1,1,2,1,10,101
het,9,1,0,36,HET_9_36_chat.txt,15,2,4,1,1,1,2,1,10,78
het,9,1,0,36,HET_9_36_chat.txt,15,23,4,1,2,1,2,1,10,101
het,9,1,0,36,HET_9_36_chat.txt,15,32,4,2,1,2,2,1,10,44
het,9,0,0,36,HET_9_36_nochat.txt,1,5,1,1,1,1,2,1,10,67
het,9,0,0,36,HET_9_36_nochat.txt,1,27,1,1,1,1,2,1,10,24
het,9,0,0,36,HET_9_36_nochat.txt,1,20,1,2,1,1,2,1,10,35
het,9,0,0,36,HET_9_36_nochat.txt,1,13,1,1,1,1,2,1,10,20
het,9,0,0,36,HET_9_36_nochat.txt,1,24,1,1,2,1,2,1,10,37
het,9,0,0,36,HET_9_36_nochat.txt,1,33,1,2,2,1,2,1,10,26
het,9,0,0,36,HET_9_36_nochat.txt,1,17,1,2,1,2,2,1,10,30
het,9,0,0,36,HET_9_36_nochat.txt,1,7,1,2,1,2,2,1,10,12
het,9,0,0,36,HET_9_36_nochat.txt,1,31,1,2,1,1,2,1,10,35
het,9,0,0,36,HET_9_36_nochat.txt,1,6,2,2,1,2,2,1,10,22
het,9,0,0,36,HET_9_36_nochat.txt,1,10,2,1,1,1,2,1,10,109
het,9,0,0,36,HET_9_36_nochat.txt,1,1,2,2,1,2,2,1,10,27
het,9,0,0,36,HET_9_36_nochat.txt,1,4,2,2,2,2,2,1,10,18
het,9,0,0,36,HET_9_36_nochat.txt,1,18,2,1,2,2,2,1,10,18
het,9,0,0,36,HET_9_36_nochat.txt,1,36,2,2,1,1,2,1,10,31
het,9,0,0,36,HET_9_36_nochat.txt,1,26,2,1,2,1,2,1,10,6
het,9,0,0,36,HET_9_36_nochat.txt,1,8,2,1,1,1,2,1,10,9
het,9,0,0,36,HET_9_36_nochat.txt,1,25,2,1,1,1,2,1,10,12
het,9,0,0,36,HET_9_36_nochat.txt,1,11,3,1,1,1,2,2,50,15
het,9,0,0,36,HET_9_36_nochat.txt,1,23,3,2,1,2,2,2,150,19
het,9,0,0,36,HET_9_36_nochat.txt,1,35,3,1,2,2,2,2,50,14
het,9,0,0,36,HET_9_36_nochat.txt,1,19,3,2,2,2,2,2,150,35
het,9,0,0,36,HET_9_36_nochat.txt,1,28,3,1,1,1,2,2,50,63
het,9,0,0,36,HET_9_36_nochat.txt,1,15,3,1,2,2,2,2,50,27
het,9,0,0,36,HET_9_36_nochat.txt,1,16,3,2,2,2,2,2,150,49
het,9,0,0,36,HET_9_36_nochat.txt,1,22,3,2,2,2,2,2,150,11
het,9,0,0,36,HET_9_36_nochat.txt,1,34,3,1,1,2,2,2,50,11
het,9,0,0,36,HET_9_36_nochat.txt,1,29,4,1,1,1,2,1,10,7
het,9,0,0,36,HET_9_36_nochat.txt,1,14,4,1,2,1,2,1,10,16
het,9,0,0,36,HET_9_36_nochat.txt,1,2,4,1,1,1,2,1,10,18
het,9,0,0,36,HET_9_36_nochat.txt,1,3,4,2,1,2,2,1,10,65
het,9,0,0,36,HET_9_36_nochat.txt,1,9,4,1,2,2,2,1,10,6
het,9,0,0,36,HET_9_36_nochat.txt,1,32,4,2,2,2,2,1,10,77
het,9,0,0,36,HET_9_36_nochat.txt,1,12,4,1,1,1,2,1,10,18
het,9,0,0,36,HET_9_36_nochat.txt,1,21,4,1,1,1,2,1,10,18
het,9,0,0,36,HET_9_36_nochat.txt,1,30,4,2,2,1,2,1,10,17
het,9,0,0,36,HET_9_36_nochat.txt,2,21,1,2,1,2,2,1,10,13
het,9,0,0,36,HET_9_36_nochat.txt,2,34,1,1,1,2,2,1,10,56
het,9,0,0,36,HET_9_36_nochat.txt,2,11,1,2,1,1,2,1,10,8
het,9,0,0,36,HET_9_36_nochat.txt,2,24,1,2,2,2,2,1,10,12
het,9,0,0,36,HET_9_36_nochat.txt,2,10,1,2,1,1,2,1,10,105
het,9,0,0,36,HET_9_36_nochat.txt,2,20,1,1,2,2,2,1,10,30
het,9,0,0,36,HET_9_36_nochat.txt,2,1,1,1,1,1,2,1,10,36
het,9,0,0,36,HET_9_36_nochat.txt,2,35,1,1,1,1,2,1,10,15
het,9,0,0,36,HET_9_36_nochat.txt,2,30,1,1,1,1,2,1,10,11
het,9,0,0,36,HET_9_36_nochat.txt,2,5,2,1,2,2,2,2,50,61
het,9,0,0,36,HET_9_36_nochat.txt,2,29,2,1,2,2,2,2,50,61
het,9,0,0,36,HET_9_36_nochat.txt,2,27,2,1,2,2,2,2,50,7
het,9,0,0,36,HET_9_36_nochat.txt,2,6,2,1,2,2,2,2,50,16
het,9,0,0,36,HET_9_36_nochat.txt,2,15,2,2,1,2,2,2,150,18
het,9,0,0,36,HET_9_36_nochat.txt,2,14,2,2,1,2,2,2,150,23
het,9,0,0,36,HET_9_36_nochat.txt,2,9,2,1,2,2,2,2,50,28
het,9,0,0,36,HET_9_36_nochat.txt,2,12,2,2,1,1,2,2,150,8
het,9,0,0,36,HET_9_36_nochat.txt,2,28,2,2,2,2,2,2,150,76
het,9,0,0,36,HET_9_36_nochat.txt,2,25,3,2,1,2,2,2,150,13
het,9,0,0,36,HET_9_36_nochat.txt,2,33,3,1,1,2,2,2,50,33
het,9,0,0,36,HET_9_36_nochat.txt,2,23,3,1,2,1,2,2,50,35
het,9,0,0,36,HET_9_36_nochat.txt,2,16,3,2,2,2,2,2,150,14
het,9,0,0,36,HET_9_36_nochat.txt,2,26,3,2,2,2,2,2,150,21
het,9,0,0,36,HET_9_36_nochat.txt,2,17,3,1,2,1,2,2,50,31
het,9,0,0,36,HET_9_36_nochat.txt,2,18,3,1,2,2,2,2,50,9
het,9,0,0,36,HET_9_36_nochat.txt,2,8,3,1,1,1,2,2,50,7
het,9,0,0,36,HET_9_36_nochat.txt,2,19,3,1,2,1,2,2,50,29
het,9,0,0,36,HET_9_36_nochat.txt,2,4,4,1,2,2,2,1,10,18
het,9,0,0,36,HET_9_36_nochat.txt,2,3,4,2,1,1,2,1,10,6
het,9,0,0,36,HET_9_36_nochat.txt,2,36,4,1,1,2,2,1,10,15
het,9,0,0,36,HET_9_36_nochat.txt,2,7,4,2,1,1,2,1,10,18
het,9,0,0,36,HET_9_36_nochat.txt,2,2,4,2,1,2,2,1,10,11
het,9,0,0,36,HET_9_36_nochat.txt,2,32,4,1,2,1,2,1,10,117
het,9,0,0,36,HET_9_36_nochat.txt,2,13,4,1,2,1,2,1,10,20
het,9,0,0,36,HET_9_36_nochat.txt,2,31,4,2,1,1,2,1,10,12
het,9,0,0,36,HET_9_36_nochat.txt,2,22,4,2,2,2,2,1,10,13
het,9,0,0,36,HET_9_36_nochat.txt,3,15,1,1,2,2,2,2,50,19
het,9,0,0,36,HET_9_36_nochat.txt,3,34,1,1,2,2,2,2,50,35
het,9,0,0,36,HET_9_36_nochat.txt,3,31,1,1,2,2,2,2,50,5
het,9,0,0,36,HET_9_36_nochat.txt,3,24,1,1,2,1,2,2,50,9
het,9,0,0,36,HET_9_36_nochat.txt,3,14,1,2,2,2,2,2,150,23
het,9,0,0,36,HET_9_36_nochat.txt,3,20,1,2,1,2,2,2,150,5
het,9,0,0,36,HET_9_36_nochat.txt,3,4,1,1,2,1,2,2,50,9
het,9,0,0,36,HET_9_36_nochat.txt,3,30,1,2,1,1,2,2,150,12
het,9,0,0,36,HET_9_36_nochat.txt,3,6,1,1,2,2,2,2,50,13
het,9,0,0,36,HET_9_36_nochat.txt,3,12,2,2,2,2,2,1,10,14
het,9,0,0,36,HET_9_36_nochat.txt,3,8,2,2,1,1,2,1,10,20
het,9,0,0,36,HET_9_36_nochat.txt,3,5,2,1,2,2,2,1,10,27
het,9,0,0,36,HET_9_36_nochat.txt,3,32,2,1,1,1,2,1,10,128
het,9,0,0,36,HET_9_36_nochat.txt,3,22,2,2,2,2,2,1,10,14
het,9,0,0,36,HET_9_36_nochat.txt,3,27,2,2,1,1,2,1,10,7
het,9,0,0,36,HET_9_36_nochat.txt,3,16,2,2,2,2,2,1,10,8
het,9,0,0,36,HET_9_36_nochat.txt,3,10,2,1,1,2,2,1,10,14
het,9,0,0,36,HET_9_36_nochat.txt,3,23,2,2,1,1,2,1,10,29
het,9,0,0,36,HET_9_36_nochat.txt,3,7,3,2,1,1,2,1,10,10
het,9,0,0,36,HET_9_36_nochat.txt,3,33,3,2,2,2,2,1,10,3
het,9,0,0,36,HET_9_36_nochat.txt,3,21,3,1,2,2,2,1,10,13
het,9,0,0,36,HET_9_36_nochat.txt,3,3,3,2,2,2,2,1,10,18
het,9,0,0,36,HET_9_36_nochat.txt,3,26,3,1,1,2,2,1,10,11
het,9,0,0,36,HET_9_36_nochat.txt,3,35,3,2,2,1,2,1,10,30
het,9,0,0,36,HET_9_36_nochat.txt,3,25,3,1,1,1,2,1,10,14
het,9,0,0,36,HET_9_36_nochat.txt,3,18,3,1,2,2,2,1,10,7
het,9,0,0,36,HET_9_36_nochat.txt,3,13,3,2,2,1,2,1,10,24
het,9,0,0,36,HET_9_36_nochat.txt,3,9,4,2,1,1,2,1,10,5
het,9,0,0,36,HET_9_36_nochat.txt,3,36,4,1,2,1,2,1,10,14
het,9,0,0,36,HET_9_36_nochat.txt,3,1,4,2,1,1,2,1,10,22
het,9,0,0,36,HET_9_36_nochat.txt,3,17,4,1,1,1,2,1,10,24
het,9,0,0,36,HET_9_36_nochat.txt,3,28,4,2,2,2,2,1,10,63
het,9,0,0,36,HET_9_36_nochat.txt,3,19,4,1,1,1,2,1,10,18
het,9,0,0,36,HET_9_36_nochat.txt,3,29,4,2,1,1,2,1,10,4
het,9,0,0,36,HET_9_36_nochat.txt,3,11,4,2,1,1,2,1,10,7
het,9,0,0,36,HET_9_36_nochat.txt,3,2,4,2,1,2,2,1,10,18
het,9,0,0,36,HET_9_36_nochat.txt,4,7,1,2,2,2,2,1,10,5
het,9,0,0,36,HET_9_36_nochat.txt,4,23,1,1,1,1,2,1,10,17
het,9,0,0,36,HET_9_36_nochat.txt,4,10,1,2,1,1,2,1,10,51
het,9,0,0,36,HET_9_36_nochat.txt,4,6,1,1,2,2,2,1,10,9
het,9,0,0,36,HET_9_36_nochat.txt,4,34,1,1,1,1,2,1,10,62
het,9,0,0,36,HET_9_36_nochat.txt,4,32,1,1,2,2,2,1,10,28
het,9,0,0,36,HET_9_36_nochat.txt,4,15,1,1,2,1,2,1,10,24
het,9,0,0,36,HET_9_36_nochat.txt,4,9,1,1,2,1,2,1,10,12
het,9,0,0,36,HET_9_36_nochat.txt,4,25,1,1,1,1,2,1,10,9
het,9,0,0,36,HET_9_36_nochat.txt,4,30,2,1,1,1,2,1,10,8
het,9,0,0,36,HET_9_36_nochat.txt,4,17,2,1,1,2,2,1,10,31
het,9,0,0,36,HET_9_36_nochat.txt,4,4,2,1,2,1,2,1,10,8
het,9,0,0,36,HET_9_36_nochat.txt,4,29,2,2,1,1,2,1,10,17
het,9,0,0,36,HET_9_36_nochat.txt,4,18,2,2,1,1,2,1,10,5
het,9,0,0,36,HET_9_36_nochat.txt,4,21,2,2,1,2,2,1,10,8
het,9,0,0,36,HET_9_36_nochat.txt,4,3,2,1,2,2,2,1,10,8
het,9,0,0,36,HET_9_36_nochat.txt,4,20,2,1,1,2,2,1,10,15
het,9,0,0,36,HET_9_36_nochat.txt,4,2,2,1,1,1,2,1,10,20
het,9,0,0,36,HET_9_36_nochat.txt,4,19,3,1,1,1,2,2,50,18
het,9,0,0,36,HET_9_36_nochat.txt,4,27,3,1,2,2,2,2,50,6
het,9,0,0,36,HET_9_36_nochat.txt,4,35,3,2,2,2,2,2,150,15
het,9,0,0,36,HET_9_36_nochat.txt,4,1,3,1,2,1,2,2,50,20
het,9,0,0,36,HET_9_36_nochat.txt,4,24,3,1,1,1,2,2,50,7
het,9,0,0,36,HET_9_36_nochat.txt,4,11,3,2,2,2,2,2,150,10
het,9,0,0,36,HET_9_36_nochat.txt,4,5,3,2,1,2,2,2,150,110
het,9,0,0,36,HET_9_36_nochat.txt,4,14,3,1,2,1,2,2,50,12
het,9,0,0,36,HET_9_36_nochat.txt,4,13,3,2,2,2,2,2,150,11
het,9,0,0,36,HET_9_36_nochat.txt,4,28,4,1,2,1,2,1,10,10
het,9,0,0,36,HET_9_36_nochat.txt,4,26,4,2,1,1,2,1,10,9
het,9,0,0,36,HET_9_36_nochat.txt,4,12,4,1,1,1,2,1,10,7
het,9,0,0,36,HET_9_36_nochat.txt,4,31,4,2,1,1,2,1,10,7
het,9,0,0,36,HET_9_36_nochat.txt,4,8,4,1,2,1,2,1,10,14
het,9,0,0,36,HET_9_36_nochat.txt,4,22,4,2,1,1,2,1,10,5
het,9,0,0,36,HET_9_36_nochat.txt,4,36,4,1,1,2,2,1,10,12
het,9,0,0,36,HET_9_36_nochat.txt,4,16,4,2,1,1,2,1,10,18
het,9,0,0,36,HET_9_36_nochat.txt,4,33,4,1,1,1,2,1,10,3
het,9,0,0,36,HET_9_36_nochat.txt,5,35,1,2,2,2,2,1,10,28
het,9,0,0,36,HET_9_36_nochat.txt,5,16,1,1,2,2,2,1,10,5
het,9,0,0,36,HET_9_36_nochat.txt,5,31,1,2,1,1,2,1,10,5
het,9,0,0,36,HET_9_36_nochat.txt,5,11,1,2,2,2,2,1,10,7
het,9,0,0,36,HET_9_36_nochat.txt,5,15,1,2,1,2,2,1,10,24
het,9,0,0,36,HET_9_36_nochat.txt,5,18,1,2,2,2,2,1,10,8
het,9,0,0,36,HET_9_36_nochat.txt,5,34,1,2,1,2,2,1,10,26
het,9,0,0,36,HET_9_36_nochat.txt,5,5,1,1,1,2,2,1,10,51
het,9,0,0,36,HET_9_36_nochat.txt,5,13,1,1,1,1,2,1,10,15
het,9,0,0,36,HET_9_36_nochat.txt,5,25,2,1,2,1,2,2,50,14
het,9,0,0,36,HET_9_36_nochat.txt,5,14,2,1,2,1,2,2,50,19
het,9,0,0,36,HET_9_36_nochat.txt,5,9,2,1,1,1,2,2,50,6
het,9,0,0,36,HET_9_36_nochat.txt,5,22,2,2,1,1,2,2,150,4
het,9,0,0,36,HET_9_36_nochat.txt,5,4,2,2,2,2,2,2,150,13
het,9,0,0,36,HET_9_36_nochat.txt,5,26,2,1,2,2,2,2,50,6
het,9,0,0,36,HET_9_36_nochat.txt,5,27,2,1,1,1,2,2,50,6
het,9,0,0,36,HET_9_36_nochat.txt,5,33,2,1,2,2,2,2,50,2
het,9,0,0,36,HET_9_36_nochat.txt,5,17,2,1,2,1,2,2,50,18
het,9,0,0,36,HET_9_36_nochat.txt,5,28,3,1,2,1,2,2,50,26
het,9,0,0,36,HET_9_36_nochat.txt,5,36,3,1,2,2,2,2,50,28
het,9,0,0,36,HET_9_36_nochat.txt,5,24,3,1,2,1,2,2,50,8
het,9,0,0,36,HET_9_36_nochat.txt,5,21,3,2,1,1,2,2,150,8
het,9,0,0,36,HET_9_36_nochat.txt,5,10,3,2,2,2,2,2,150,38
het,9,0,0,36,HET_9_36_nochat.txt,5,12,3,2,1,1,2,2,150,14
het,9,0,0,36,HET_9_36_nochat.txt,5,20,3,2,1,2,2,2,150,7
het,9,0,0,36,HET_9_36_nochat.txt,5,3,3,2,2,2,2,2,150,4
het,9,0,0,36,HET_9_36_nochat.txt,5,1,3,2,2,1,2,2,150,14
het,9,0,0,36,HET_9_36_nochat.txt,5,7,4,2,2,2,2,2,150,4
het,9,0,0,36,HET_9_36_nochat.txt,5,8,4,1,2,2,2,2,50,17
het,9,0,0,36,HET_9_36_nochat.txt,5,19,4,1,2,1,2,2,50,14
het,9,0,0,36,HET_9_36_nochat.txt,5,6,4,1,2,2,2,2,50,29
het,9,0,0,36,HET_9_36_nochat.txt,5,30,4,2,2,2,2,2,150,10
het,9,0,0,36,HET_9_36_nochat.txt,5,32,4,2,2,2,2,2,150,32
het,9,0,0,36,HET_9_36_nochat.txt,5,23,4,1,1,1,2,2,50,6
het,9,0,0,36,HET_9_36_nochat.txt,5,29,4,2,1,1,2,2,150,7
het,9,0,0,36,HET_9_36_nochat.txt,5,2,4,1,1,1,2,2,50,15
het,9,0,0,36,HET_9_36_nochat.txt,6,24,1,1,2,1,2,1,10,6
het,9,0,0,36,HET_9_36_nochat.txt,6,25,1,1,1,1,2,1,10,7
het,9,0,0,36,HET_9_36_nochat.txt,6,32,1,2,1,2,2,1,10,100
het,9,0,0,36,HET_9_36_nochat.txt,6,18,1,2,2,2,2,1,10,11
het,9,0,0,36,HET_9_36_nochat.txt,6,36,1,2,1,2,2,1,10,8
het,9,0,0,36,HET_9_36_nochat.txt,6,19,1,2,1,2,2,1,10,23
het,9,0,0,36,HET_9_36_nochat.txt,6,3,1,1,1,1,2,1,10,4
het,9,0,0,36,HET_9_36_nochat.txt,6,12,1,2,2,2,2,1,10,15
het,9,0,0,36,HET_9_36_nochat.txt,6,31,1,2,1,1,2,1,10,6
het,9,0,0,36,HET_9_36_nochat.txt,6,13,2,1,2,2,2,1,10,11
het,9,0,0,36,HET_9_36_nochat.txt,6,35,2,2,1,1,2,1,10,25
het,9,0,0,36,HET_9_36_nochat.txt,6,21,2,1,2,2,2,1,10,7
het,9,0,0,36,HET_9_36_nochat.txt,6,22,2,1,2,2,2,1,10,9
het,9,0,0,36,HET_9_36_nochat.txt,6,17,2,2,1,2,2,1,10,19
het,9,0,0,36,HET_9_36_nochat.txt,6,28,2,2,1,2,2,1,10,16
het,9,0,0,36,HET_9_36_nochat.txt,6,16,2,2,1,2,2,1,10,20
het,9,0,0,36,HET_9_36_nochat.txt,6,29,2,2,1,1,2,1,10,12
het,9,0,0,36,HET_9_36_nochat.txt,6,27,2,1,1,1,2,1,10,24
het,9,0,0,36,HET_9_36_nochat.txt,6,14,3,1,2,1,2,1,10,16
het,9,0,0,36,HET_9_36_nochat.txt,6,6,3,2,1,1,2,1,10,7
het,9,0,0,36,HET_9_36_nochat.txt,6,30,3,1,1,1,2,1,10,22
het,9,0,0,36,HET_9_36_nochat.txt,6,34,3,2,1,2,2,1,10,28
het,9,0,0,36,HET_9_36_nochat.txt,6,4,3,1,1,1,2,1,10,12
het,9,0,0,36,HET_9_36_nochat.txt,6,33,3,1,1,1,2,1,10,7
het,9,0,0,36,HET_9_36_nochat.txt,6,20,3,1,2,1,2,1,10,23
het,9,0,0,36,HET_9_36_nochat.txt,6,7,3,1,1,1,2,1,10,7
het,9,0,0,36,HET_9_36_nochat.txt,6,8,3,2,1,2,2,1,10,7
het,9,0,0,36,HET_9_36_nochat.txt,6,9,4,2,2,2,2,2,150,10
het,9,0,0,36,HET_9_36_nochat.txt,6,23,4,1,2,2,2,2,50,6
het,9,0,0,36,HET_9_36_nochat.txt,6,1,4,1,2,1,2,2,50,24
het,9,0,0,36,HET_9_36_nochat.txt,6,10,4,1,2,2,2,2,50,19
het,9,0,0,36,HET_9_36_nochat.txt,6,2,4,1,1,1,2,2,50,16
het,9,0,0,36,HET_9_36_nochat.txt,6,11,4,1,2,2,2,2,50,4
het,9,0,0,36,HET_9_36_nochat.txt,6,15,4,2,2,1,2,2,150,14
het,9,0,0,36,HET_9_36_nochat.txt,6,5,4,1,1,1,2,2,50,154
het,9,0,0,36,HET_9_36_nochat.txt,6,26,4,1,2,1,2,2,50,7
het,9,0,0,36,HET_9_36_nochat.txt,7,18,1,1,1,1,2,1,10,12
het,9,0,0,36,HET_9_36_nochat.txt,7,30,1,2,1,2,2,1,10,21
het,9,0,0,36,HET_9_36_nochat.txt,7,11,1,2,1,1,2,1,10,12
het,9,0,0,36,HET_9_36_nochat.txt,7,23,1,2,1,1,2,1,10,43
het,9,0,0,36,HET_9_36_nochat.txt,7,22,1,1,1,1,2,1,10,5
het,9,0,0,36,HET_9_36_nochat.txt,7,4,1,2,1,2,2,1,10,21
het,9,0,0,36,HET_9_36_nochat.txt,7,8,1,2,1,1,2,1,10,31
het,9,0,0,36,HET_9_36_nochat.txt,7,19,1,2,1,2,2,1,10,21
het,9,0,0,36,HET_9_36_nochat.txt,7,6,1,2,2,2,2,1,10,8
het,9,0,0,36,HET_9_36_nochat.txt,7,5,2,1,2,2,2,1,10,29
het,9,0,0,36,HET_9_36_nochat.txt,7,32,2,2,1,1,2,1,10,56
het,9,0,0,36,HET_9_36_nochat.txt,7,34,2,2,1,1,2,1,10,20
het,9,0,0,36,HET_9_36_nochat.txt,7,12,2,1,2,1,2,1,10,7
het,9,0,0,36,HET_9_36_nochat.txt,7,15,2,2,2,2,2,1,10,7
het,9,0,0,36,HET_9_36_nochat.txt,7,1,2,2,2,2,2,1,10,36
het,9,0,0,36,HET_9_36_nochat.txt,7,10,2,2,1,2,2,1,10,25
het,9,0,0,36,HET_9_36_nochat.txt,7,29,2,2,1,1,2,1,10,20
het,9,0,0,36,HET_9_36_nochat.txt,7,24,2,1,1,1,2,1,10,6
het,9,0,0,36,HET_9_36_nochat.txt,7,25,3,1,1,1,2,1,10,14
het,9,0,0,36,HET_9_36_nochat.txt,7,3,3,1,1,1,2,1,10,3
het,9,0,0,36,HET_9_36_nochat.txt,7,14,3,1,1,1,2,1,10,14
het,9,0,0,36,HET_9_36_nochat.txt,7,7,3,2,1,1,2,1,10,16
het,9,0,0,36,HET_9_36_nochat.txt,7,27,3,1,2,2,2,1,10,4
het,9,0,0,36,HET_9_36_nochat.txt,7,31,3,1,1,1,2,1,10,6
het,9,0,0,36,HET_9_36_nochat.txt,7,17,3,2,2,2,2,1,10,36
het,9,0,0,36,HET_9_36_nochat.txt,7,16,3,2,2,2,2,1,10,9
het,9,0,0,36,HET_9_36_nochat.txt,7,20,3,2,1,1,2,1,10,30
het,9,0,0,36,HET_9_36_nochat.txt,7,35,4,2,1,1,2,2,150,30
het,9,0,0,36,HET_9_36_nochat.txt,7,33,4,2,2,2,2,2,150,6
het,9,0,0,36,HET_9_36_nochat.txt,7,28,4,1,2,1,2,2,50,13
het,9,0,0,36,HET_9_36_nochat.txt,7,21,4,1,2,1,2,2,50,11
het,9,0,0,36,HET_9_36_nochat.txt,7,9,4,1,1,1,2,2,50,5
het,9,0,0,36,HET_9_36_nochat.txt,7,13,4,2,2,2,2,2,150,3
het,9,0,0,36,HET_9_36_nochat.txt,7,26,4,1,2,2,2,2,50,7
het,9,0,0,36,HET_9_36_nochat.txt,7,2,4,2,2,2,2,2,150,11
het,9,0,0,36,HET_9_36_nochat.txt,7,36,4,2,1,1,2,2,150,6
het,9,0,0,36,HET_9_36_nochat.txt,8,13,1,2,2,2,2,2,150,4
het,9,0,0,36,HET_9_36_nochat.txt,8,27,1,2,1,1,2,2,150,5
het,9,0,0,36,HET_9_36_nochat.txt,8,30,1,2,1,2,2,2,150,19
het,9,0,0,36,HET_9_36_nochat.txt,8,3,1,2,1,2,2,2,150,12
het,9,0,0,36,HET_9_36_nochat.txt,8,8,1,1,2,2,2,2,50,35
het,9,0,0,36,HET_9_36_nochat.txt,8,24,1,1,2,1,2,2,50,11
het,9,0,0,36,HET_9_36_nochat.txt,8,33,1,2,2,2,2,2,150,9
het,9,0,0,36,HET_9_36_nochat.txt,8,10,1,2,1,1,2,2,150,35
het,9,0,0,36,HET_9_36_nochat.txt,8,35,1,1,1,1,2,2,50,33
het,9,0,0,36,HET_9_36_nochat.txt,8,22,2,2,1,1,2,1,10,6
het,9,0,0,36,HET_9_36_nochat.txt,8,32,2,2,1,2,2,1,10,49
het,9,0,0,36,HET_9_36_nochat.txt,8,14,2,2,1,2,2,1,10,11
het,9,0,0,36,HET_9_36_nochat.txt,8,20,2,1,1,1,2,1,10,10
het,9,0,0,36,HET_9_36_nochat.txt,8,7,2,1,1,1,2,1,10,16
het,9,0,0,36,HET_9_36_nochat.txt,8,4,2,1,1,1,2,1,10,14
het,9,0,0,36,HET_9_36_nochat.txt,8,2,2,2,1,1,2,1,10,10
het,9,0,0,36,HET_9_36_nochat.txt,8,19,2,1,1,1,2,1,10,9
het,9,0,0,36,HET_9_36_nochat.txt,8,11,2,1,1,1,2,1,10,4
het,9,0,0,36,HET_9_36_nochat.txt,8,12,3,2,1,2,2,2,150,10
het,9,0,0,36,HET_9_36_nochat.txt,8,16,3,2,1,2,2,2,150,15
het,9,0,0,36,HET_9_36_nochat.txt,8,5,3,2,2,2,2,2,150,52
het,9,0,0,36,HET_9_36_nochat.txt,8,6,3,2,2,2,2,2,150,17
het,9,0,0,36,HET_9_36_nochat.txt,8,21,3,2,1,1,2,2,150,7
het,9,0,0,36,HET_9_36_nochat.txt,8,25,3,2,1,1,2,2,150,21
het,9,0,0,36,HET_9_36_nochat.txt,8,34,3,1,2,2,2,2,50,35
het,9,0,0,36,HET_9_36_nochat.txt,8,28,3,2,2,2,2,2,150,9
het,9,0,0,36,HET_9_36_nochat.txt,8,1,3,2,2,2,2,2,150,15
het,9,0,0,36,HET_9_36_nochat.txt,8,17,4,1,2,1,2,1,10,37
het,9,0,0,36,HET_9_36_nochat.txt,8,9,4,1,1,1,2,1,10,4
het,9,0,0,36,HET_9_36_nochat.txt,8,29,4,2,1,1,2,1,10,16
het,9,0,0,36,HET_9_36_nochat.txt,8,18,4,2,1,2,2,1,10,9
het,9,0,0,36,HET_9_36_nochat.txt,8,15,4,2,1,1,2,1,10,14
het,9,0,0,36,HET_9_36_nochat.txt,8,36,4,1,1,1,2,1,10,8
het,9,0,0,36,HET_9_36_nochat.txt,8,31,4,1,1,1,2,1,10,6
het,9,0,0,36,HET_9_36_nochat.txt,8,23,4,1,2,2,2,1,10,15
het,9,0,0,36,HET_9_36_nochat.txt,8,26,4,2,1,1,2,1,10,5
het,9,0,0,36,HET_9_36_nochat.txt,9,17,1,2,1,2,2,1,10,27
het,9,0,0,36,HET_9_36_nochat.txt,9,10,1,2,1,1,2,1,10,113
het,9,0,0,36,HET_9_36_nochat.txt,9,3,1,2,1,2,2,1,10,12
het,9,0,0,36,HET_9_36_nochat.txt,9,32,1,2,1,2,2,1,10,40
het,9,0,0,36,HET_9_36_nochat.txt,9,25,1,1,1,1,2,1,10,14
het,9,0,0,36,HET_9_36_nochat.txt,9,24,1,1,1,1,2,1,10,7
het,9,0,0,36,HET_9_36_nochat.txt,9,4,1,2,1,2,2,1,10,10
het,9,0,0,36,HET_9_36_nochat.txt,9,31,1,1,2,2,2,1,10,10
het,9,0,0,36,HET_9_36_nochat.txt,9,28,1,2,1,2,2,1,10,8
het,9,0,0,36,HET_9_36_nochat.txt,9,1,2,1,2,2,2,2,50,12
het,9,0,0,36,HET_9_36_nochat.txt,9,30,2,2,2,2,2,2,150,11
het,9,0,0,36,HET_9_36_nochat.txt,9,9,2,2,2,2,2,2,150,5
het,9,0,0,36,HET_9_36_nochat.txt,9,11,2,2,2,2,2,2,150,14
het,9,0,0,36,HET_9_36_nochat.txt,9,29,2,2,1,1,2,2,150,5
het,9,0,0,36,HET_9_36_nochat.txt,9,26,2,2,2,1,2,2,150,13
het,9,0,0,36,HET_9_36_nochat.txt,9,12,2,2,2,2,2,2,150,17
het,9,0,0,36,HET_9_36_nochat.txt,9,14,2,1,2,1,2,2,50,44
het,9,0,0,36,HET_9_36_nochat.txt,9,27,2,1,2,2,2,2,50,6
het,9,0,0,36,HET_9_36_nochat.txt,9,33,3,1,1,1,2,1,10,9
het,9,0,0,36,HET_9_36_nochat.txt,9,7,3,1,1,1,2,1,10,7
het,9,0,0,36,HET_9_36_nochat.txt,9,15,3,1,1,1,2,1,10,15
het,9,0,0,36,HET_9_36_nochat.txt,9,23,3,1,1,1,2,1,10,10
het,9,0,0,36,HET_9_36_nochat.txt,9,13,3,2,2,2,2,1,10,11
het,9,0,0,36,HET_9_36_nochat.txt,9,19,3,2,1,2,2,1,10,15
het,9,0,0,36,HET_9_36_nochat.txt,9,16,3,2,1,2,2,1,10,11
het,9,0,0,36,HET_9_36_nochat.txt,9,35,3,1,1,1,2,1,10,33
het,9,0,0,36,HET_9_36_nochat.txt,9,20,3,2,1,2,2,1,10,37
het,9,0,0,36,HET_9_36_nochat.txt,9,6,4,2,1,1,2,2,150,5
het,9,0,0,36,HET_9_36_nochat.txt,9,2,4,2,1,2,2,2,150,9
het,9,0,0,36,HET_9_36_nochat.txt,9,21,4,2,2,1,2,2,150,9
het,9,0,0,36,HET_9_36_nochat.txt,9,18,4,2,2,2,2,2,150,4
het,9,0,0,36,HET_9_36_nochat.txt,9,34,4,2,2,2,2,2,150,6
het,9,0,0,36,HET_9_36_nochat.txt,9,5,4,2,2,2,2,2,150,29
het,9,0,0,36,HET_9_36_nochat.txt,9,22,4,2,1,1,2,2,150,5
het,9,0,0,36,HET_9_36_nochat.txt,9,8,4,1,2,2,2,2,50,25
het,9,0,0,36,HET_9_36_nochat.txt,9,36,4,1,2,2,2,2,50,8
het,9,0,0,36,HET_9_36_nochat.txt,10,26,1,2,2,2,2,2,150,16
het,9,0,0,36,HET_9_36_nochat.txt,10,3,1,1,1,1,2,2,50,10
het,9,0,0,36,HET_9_36_nochat.txt,10,11,1,2,2,2,2,2,150,6
het,9,0,0,36,HET_9_36_nochat.txt,10,18,1,2,2,2,2,2,150,5
het,9,0,0,36,HET_9_36_nochat.txt,10,1,1,1,2,1,2,2,50,18
het,9,0,0,36,HET_9_36_nochat.txt,10,6,1,1,1,1,2,2,50,8
het,9,0,0,36,HET_9_36_nochat.txt,10,7,1,2,2,2,2,2,150,4
het,9,0,0,36,HET_9_36_nochat.txt,10,25,1,2,1,2,2,2,150,27
het,9,0,0,36,HET_9_36_nochat.txt,10,31,1,1,2,2,2,2,50,8
het,9,0,0,36,HET_9_36_nochat.txt,10,28,2,1,1,1,2,1,10,45
het,9,0,0,36,HET_9_36_nochat.txt,10,9,2,1,1,1,2,1,10,9
het,9,0,0,36,HET_9_36_nochat.txt,10,5,2,2,1,2,2,1,10,49
het,9,0,0,36,HET_9_36_nochat.txt,10,36,2,1,2,2,2,1,10,14
het,9,0,0,36,HET_9_36_nochat.txt,10,35,2,1,1,2,2,1,10,22
het,9,0,0,36,HET_9_36_nochat.txt,10,24,2,1,2,1,2,1,10,7
het,9,0,0,36,HET_9_36_nochat.txt,10,16,2,2,2,2,2,1,10,8
het,9,0,0,36,HET_9_36_nochat.txt,10,19,2,2,1,2,2,1,10,20
het,9,0,0,36,HET_9_36_nochat.txt,10,33,2,2,2,2,2,1,10,4
het,9,0,0,36,HET_9_36_nochat.txt,10,12,3,1,2,1,2,2,50,9
het,9,0,0,36,HET_9_36_nochat.txt,10,14,3,1,2,2,2,2,50,23
het,9,0,0,36,HET_9_36_nochat.txt,10,13,3,2,2,2,2,2,150,4
het,9,0,0,36,HET_9_36_nochat.txt,10,34,3,1,2,2,2,2,50,13
het,9,0,0,36,HET_9_36_nochat.txt,10,22,3,1,2,2,2,2,50,9
het,9,0,0,36,HET_9_36_nochat.txt,10,15,3,2,2,2,2,2,150,9
het,9,0,0,36,HET_9_36_nochat.txt,10,17,3,1,2,1,2,2,50,14
het,9,0,0,36,HET_9_36_nochat.txt,10,4,3,2,2,2,2,2,150,8
het,9,0,0,36,HET_9_36_nochat.txt,10,20,3,2,2,2,2,2,150,15
het,9,0,0,36,HET_9_36_nochat.txt,10,8,4,2,1,1,2,1,10,23
het,9,0,0,36,HET_9_36_nochat.txt,10,10,4,2,1,1,2,1,10,40
het,9,0,0,36,HET_9_36_nochat.txt,10,30,4,1,2,2,2,1,10,21
het,9,0,0,36,HET_9_36_nochat.txt,10,29,4,2,1,1,2,1,10,7
het,9,0,0,36,HET_9_36_nochat.txt,10,32,4,1,2,1,2,1,10,72
het,9,0,0,36,HET_9_36_nochat.txt,10,2,4,1,1,1,2,1,10,10
het,9,0,0,36,HET_9_36_nochat.txt,10,23,4,2,2,2,2,1,10,9
het,9,0,0,36,HET_9_36_nochat.txt,10,21,4,1,2,2,2,1,10,16
het,9,0,0,36,HET_9_36_nochat.txt,10,27,4,1,1,1,2,1,10,6
het,9,0,0,36,HET_9_36_nochat.txt,11,21,1,2,2,1,2,2,150,17
het,9,0,0,36,HET_9_36_nochat.txt,11,31,1,1,1,1,2,2,50,8
het,9,0,0,36,HET_9_36_nochat.txt,11,9,1,2,1,2,2,2,150,9
het,9,0,0,36,HET_9_36_nochat.txt,11,7,1,2,1,2,2,2,150,20
het,9,0,0,36,HET_9_36_nochat.txt,11,25,1,1,2,1,2,2,50,25
het,9,0,0,36,HET_9_36_nochat.txt,11,2,1,1,2,1,2,2,50,14
het,9,0,0,36,HET_9_36_nochat.txt,11,16,1,1,2,1,2,2,50,6
het,9,0,0,36,HET_9_36_nochat.txt,11,27,1,1,2,2,2,2,50,12
het,9,0,0,36,HET_9_36_nochat.txt,11,32,1,2,1,1,2,2,150,57
het,9,0,0,36,HET_9_36_nochat.txt,11,8,2,1,1,2,2,1,10,31
het,9,0,0,36,HET_9_36_nochat.txt,11,17,2,1,2,1,2,1,10,6
het,9,0,0,36,HET_9_36_nochat.txt,11,23,2,2,1,1,2,1,10,7
het,9,0,0,36,HET_9_36_nochat.txt,11,6,2,1,1,1,2,1,10,14
het,9,0,0,36,HET_9_36_nochat.txt,11,28,2,1,1,1,2,1,10,11
het,9,0,0,36,HET_9_36_nochat.txt,11,19,2,1,1,1,2,1,10,11
het,9,0,0,36,HET_9_36_nochat.txt,11,26,2,2,1,2,2,1,10,19
het,9,0,0,36,HET_9_36_nochat.txt,11,12,2,1,1,1,2,1,10,7
het,9,0,0,36,HET_9_36_nochat.txt,11,24,2,2,1,2,2,1,10,6
het,9,0,0,36,HET_9_36_nochat.txt,11,3,3,1,2,1,2,2,50,16
het,9,0,0,36,HET_9_36_nochat.txt,11,5,3,2,1,1,2,2,150,52
het,9,0,0,36,HET_9_36_nochat.txt,11,13,3,1,2,1,2,2,50,6
het,9,0,0,36,HET_9_36_nochat.txt,11,14,3,2,2,2,2,2,150,13
het,9,0,0,36,HET_9_36_nochat.txt,11,15,3,1,1,1,2,2,50,6
het,9,0,0,36,HET_9_36_nochat.txt,11,34,3,1,2,2,2,2,50,14
het,9,0,0,36,HET_9_36_nochat.txt,11,11,3,1,2,2,2,2,50,5
het,9,0,0,36,HET_9_36_nochat.txt,11,22,3,2,1,1,2,2,150,5
het,9,0,0,36,HET_9_36_nochat.txt,11,33,3,1,2,2,2,2,50,3
het,9,0,0,36,HET_9_36_nochat.txt,11,36,4,2,2,2,2,1,10,28
het,9,0,0,36,HET_9_36_nochat.txt,11,1,4,1,1,1,2,1,10,17
het,9,0,0,36,HET_9_36_nochat.txt,11,35,4,2,1,2,2,1,10,8
het,9,0,0,36,HET_9_36_nochat.txt,11,18,4,2,1,1,2,1,10,18
het,9,0,0,36,HET_9_36_nochat.txt,11,4,4,2,1,2,2,1,10,20
het,9,0,0,36,HET_9_36_nochat.txt,11,30,4,1,1,1,2,1,10,20
het,9,0,0,36,HET_9_36_nochat.txt,11,20,4,2,1,1,2,1,10,13
het,9,0,0,36,HET_9_36_nochat.txt,11,10,4,1,2,2,2,1,10,32
het,9,0,0,36,HET_9_36_nochat.txt,11,29,4,2,1,1,2,1,10,10
het,9,0,0,36,HET_9_36_nochat.txt,12,3,1,2,1,1,2,1,10,27
het,9,0,0,36,HET_9_36_nochat.txt,12,36,1,1,1,1,2,1,10,6
het,9,0,0,36,HET_9_36_nochat.txt,12,23,1,2,1,1,2,1,10,8
het,9,0,0,36,HET_9_36_nochat.txt,12,27,1,1,1,1,2,1,10,7
het,9,0,0,36,HET_9_36_nochat.txt,12,16,1,2,1,2,2,1,10,9
het,9,0,0,36,HET_9_36_nochat.txt,12,5,1,2,2,2,2,1,10,23
het,9,0,0,36,HET_9_36_nochat.txt,12,11,1,2,2,2,2,1,10,6
het,9,0,0,36,HET_9_36_nochat.txt,12,32,1,2,2,2,2,1,10,65
het,9,0,0,36,HET_9_36_nochat.txt,12,33,1,1,2,2,2,1,10,4
het,9,0,0,36,HET_9_36_nochat.txt,12,8,2,1,1,1,2,1,10,31
het,9,0,0,36,HET_9_36_nochat.txt,12,15,2,1,1,1,2,1,10,10
het,9,0,0,36,HET_9_36_nochat.txt,12,12,2,1,1,1,2,1,10,6
het,9,0,0,36,HET_9_36_nochat.txt,12,17,2,1,1,1,2,1,10,8
het,9,0,0,36,HET_9_36_nochat.txt,12,18,2,1,1,1,2,1,10,19
het,9,0,0,36,HET_9_36_nochat.txt,12,29,2,2,2,2,2,1,10,9
het,9,0,0,36,HET_9_36_nochat.txt,12,9,2,2,1,2,2,1,10,9
het,9,0,0,36,HET_9_36_nochat.txt,12,10,2,2,1,2,2,1,10,34
het,9,0,0,36,HET_9_36_nochat.txt,12,31,2,2,1,1,2,1,10,4
het,9,0,0,36,HET_9_36_nochat.txt,12,20,3,1,2,2,2,1,10,26
het,9,0,0,36,HET_9_36_nochat.txt,12,26,3,2,1,2,2,1,10,15
het,9,0,0,36,HET_9_36_nochat.txt,12,2,3,2,1,2,2,1,10,30
het,9,0,0,36,HET_9_36_nochat.txt,12,19,3,1,1,1,2,1,10,14
het,9,0,0,36,HET_9_36_nochat.txt,12,14,3,2,2,2,2,1,10,12
het,9,0,0,36,HET_9_36_nochat.txt,12,7,3,1,2,2,2,1,10,3
het,9,0,0,36,HET_9_36_nochat.txt,12,34,3,2,1,1,2,1,10,14
het,9,0,0,36,HET_9_36_nochat.txt,12,28,3,2,1,2,2,1,10,6
het,9,0,0,36,HET_9_36_nochat.txt,12,6,3,2,1,1,2,1,10,33
het,9,0,0,36,HET_9_36_nochat.txt,12,1,4,1,2,2,2,1,10,12
het,9,0,0,36,HET_9_36_nochat.txt,12,13,4,1,1,1,2,1,10,9
het,9,0,0,36,HET_9_36_nochat.txt,12,35,4,2,1,2,2,1,10,22
het,9,0,0,36,HET_9_36_nochat.txt,12,24,4,1,2,2,2,1,10,6
het,9,0,0,36,HET_9_36_nochat.txt,12,21,4,2,2,1,2,1,10,13
het,9,0,0,36,HET_9_36_nochat.txt,12,25,4,2,2,2,2,1,10,14
het,9,0,0,36,HET_9_36_nochat.txt,12,30,4,1,2,1,2,1,10,16
het,9,0,0,36,HET_9_36_nochat.txt,12,22,4,1,2,2,2,1,10,8
het,9,0,0,36,HET_9_36_nochat.txt,12,4,4,1,1,1,2,1,10,10
het,9,0,0,36,HET_9_36_nochat.txt,13,18,1,1,2,2,2,2,50,10
het,9,0,0,36,HET_9_36_nochat.txt,13,10,1,1,2,2,2,2,50,6
het,9,0,0,36,HET_9_36_nochat.txt,13,30,1,1,1,2,2,2,50,26
het,9,0,0,36,HET_9_36_nochat.txt,13,14,1,1,2,1,2,2,50,21
het,9,0,0,36,HET_9_36_nochat.txt,13,22,1,1,2,1,2,2,50,25
het,9,0,0,36,HET_9_36_nochat.txt,13,12,1,2,2,2,2,2,150,6
het,9,0,0,36,HET_9_36_nochat.txt,13,29,1,2,2,2,2,2,150,32
het,9,0,0,36,HET_9_36_nochat.txt,13,25,1,1,1,1,2,2,50,25
het,9,0,0,36,HET_9_36_nochat.txt,13,4,1,1,2,1,2,2,50,21
het,9,0,0,36,HET_9_36_nochat.txt,13,9,2,2,2,2,2,2,150,7
het,9,0,0,36,HET_9_36_nochat.txt,13,19,2,2,1,2,2,2,150,17
het,9,0,0,36,HET_9_36_nochat.txt,13,34,2,1,2,2,2,2,50,5
het,9,0,0,36,HET_9_36_nochat.txt,13,28,2,1,1,1,2,2,50,33
het,9,0,0,36,HET_9_36_nochat.txt,13,24,2,1,2,1,2,2,50,5
het,9,0,0,36,HET_9_36_nochat.txt,13,7,2,2,2,1,2,2,150,19
het,9,0,0,36,HET_9_36_nochat.txt,13,6,2,1,2,2,2,2,50,13
het,9,0,0,36,HET_9_36_nochat.txt,13,27,2,2,2,2,2,2,150,4
het,9,0,0,36,HET_9_36_nochat.txt,13,17,2,1,1,1,2,2,50,6
het,9,0,0,36,HET_9_36_nochat.txt,13,1,3,2,2,1,2,2,150,12
het,9,0,0,36,HET_9_36_nochat.txt,13,2,3,1,2,1,2,2,50,19
het,9,0,0,36,HET_9_36_nochat.txt,13,20,3,1,1,1,2,2,50,8
het,9,0,0,36,HET_9_36_nochat.txt,13,26,3,1,1,2,2,2,50,11
het,9,0,0,36,HET_9_36_nochat.txt,13,32,3,1,2,1,2,2,50,36
het,9,0,0,36,HET_9_36_nochat.txt,13,33,3,1,1,2,2,2,50,2
het,9,0,0,36,HET_9_36_nochat.txt,13,11,3,2,1,1,2,2,150,7
het,9,0,0,36,HET_9_36_nochat.txt,13,3,3,2,2,2,2,2,150,23
het,9,0,0,36,HET_9_36_nochat.txt,13,15,3,1,2,1,2,2,50,11
het,9,0,0,36,HET_9_36_nochat.txt,13,13,4,1,2,1,2,2,50,3
het,9,0,0,36,HET_9_36_nochat.txt,13,36,4,2,2,2,2,2,150,19
het,9,0,0,36,HET_9_36_nochat.txt,13,8,4,2,1,1,2,2,150,20
het,9,0,0,36,HET_9_36_nochat.txt,13,31,4,2,1,1,2,2,150,4
het,9,0,0,36,HET_9_36_nochat.txt,13,21,4,2,2,2,2,2,150,8
het,9,0,0,36,HET_9_36_nochat.txt,13,35,4,2,2,2,2,2,150,12
het,9,0,0,36,HET_9_36_nochat.txt,13,23,4,1,2,2,2,2,50,7
het,9,0,0,36,HET_9_36_nochat.txt,13,16,4,2,2,2,2,2,150,18
het,9,0,0,36,HET_9_36_nochat.txt,13,5,4,2,2,2,2,2,150,27
het,9,0,0,36,HET_9_36_nochat.txt,14,32,1,2,2,2,2,2,150,37
het,9,0,0,36,HET_9_36_nochat.txt,14,31,1,1,2,2,2,2,50,5
het,9,0,0,36,HET_9_36_nochat.txt,14,14,1,2,1,1,2,2,150,29
het,9,0,0,36,HET_9_36_nochat.txt,14,10,1,1,2,1,2,2,50,33
het,9,0,0,36,HET_9_36_nochat.txt,14,1,1,1,2,1,2,2,50,28
het,9,0,0,36,HET_9_36_nochat.txt,14,4,1,2,2,2,2,2,150,12
het,9,0,0,36,HET_9_36_nochat.txt,14,19,1,2,1,2,2,2,150,16
het,9,0,0,36,HET_9_36_nochat.txt,14,36,1,2,2,2,2,2,150,13
het,9,0,0,36,HET_9_36_nochat.txt,14,22,1,1,2,1,2,2,50,9
het,9,0,0,36,HET_9_36_nochat.txt,14,34,2,2,1,1,2,2,150,10
het,9,0,0,36,HET_9_36_nochat.txt,14,18,2,1,2,2,2,2,50,8
het,9,0,0,36,HET_9_36_nochat.txt,14,21,2,1,1,1,2,2,50,9
het,9,0,0,36,HET_9_36_nochat.txt,14,6,2,1,1,1,2,2,50,8
het,9,0,0,36,HET_9_36_nochat.txt,14,13,2,1,2,2,2,2,50,10
het,9,0,0,36,HET_9_36_nochat.txt,14,20,2,1,2,2,2,2,50,32
het,9,0,0,36,HET_9_36_nochat.txt,14,24,2,1,2,1,2,2,50,10
het,9,0,0,36,HET_9_36_nochat.txt,14,23,2,2,2,2,2,2,150,6
het,9,0,0,36,HET_9_36_nochat.txt,14,30,2,2,2,2,2,2,150,39
het,9,0,0,36,HET_9_36_nochat.txt,14,35,3,1,1,1,2,1,10,23
het,9,0,0,36,HET_9_36_nochat.txt,14,9,3,1,1,1,2,1,10,8
het,9,0,0,36,HET_9_36_nochat.txt,14,27,3,1,1,1,2,1,10,6
het,9,0,0,36,HET_9_36_nochat.txt,14,2,3,1,1,2,2,1,10,43
het,9,0,0,36,HET_9_36_nochat.txt,14,29,3,2,1,2,2,1,10,26
het,9,0,0,36,HET_9_36_nochat.txt,14,25,3,2,1,1,2,1,10,22
het,9,0,0,36,HET_9_36_nochat.txt,14,28,3,2,1,2,2,1,10,28
het,9,0,0,36,HET_9_36_nochat.txt,14,3,3,2,1,2,2,1,10,19
het,9,0,0,36,HET_9_36_nochat.txt,14,11,3,2,1,1,2,1,10,8
het,9,0,0,36,HET_9_36_nochat.txt,14,15,4,2,1,1,2,2,150,19
het,9,0,0,36,HET_9_36_nochat.txt,14,8,4,1,1,1,2,2,50,17
het,9,0,0,36,HET_9_36_nochat.txt,14,17,4,1,2,1,2,2,50,4
het,9,0,0,36,HET_9_36_nochat.txt,14,33,4,1,2,2,2,2,50,3
het,9,0,0,36,HET_9_36_nochat.txt,14,26,4,2,2,1,2,2,150,9
het,9,0,0,36,HET_9_36_nochat.txt,14,12,4,2,2,2,2,2,150,8
het,9,0,0,36,HET_9_36_nochat.txt,14,5,4,1,1,1,2,2,50,29
het,9,0,0,36,HET_9_36_nochat.txt,14,16,4,2,1,2,2,2,150,13
het,9,0,0,36,HET_9_36_nochat.txt,14,7,4,1,2,2,2,2,50,10
het,9,0,0,36,HET_9_36_nochat.txt,15,20,1,1,1,2,2,1,10,45
het,9,0,0,36,HET_9_36_nochat.txt,15,21,1,1,2,2,2,1,10,11
het,9,0,0,36,HET_9_36_nochat.txt,15,31,1,1,1,1,2,1,10,9
het,9,0,0,36,HET_9_36_nochat.txt,15,7,1,1,1,1,2,1,10,13
het,9,0,0,36,HET_9_36_nochat.txt,15,3,1,1,1,1,2,1,10,8
het,9,0,0,36,HET_9_36_nochat.txt,15,9,1,1,1,1,2,1,10,14
het,9,0,0,36,HET_9_36_nochat.txt,15,19,1,2,1,2,2,1,10,11
het,9,0,0,36,HET_9_36_nochat.txt,15,27,1,2,2,2,2,1,10,12
het,9,0,0,36,HET_9_36_nochat.txt,15,25,1,2,1,1,2,1,10,28
het,9,0,0,36,HET_9_36_nochat.txt,15,22,2,2,1,1,2,1,10,11
het,9,0,0,36,HET_9_36_nochat.txt,15,10,2,1,1,1,2,1,10,20
het,9,0,0,36,HET_9_36_nochat.txt,15,18,2,2,2,2,2,1,10,18
het,9,0,0,36,HET_9_36_nochat.txt,15,15,2,2,1,1,2,1,10,17
het,9,0,0,36,HET_9_36_nochat.txt,15,1,2,2,1,1,2,1,10,9
het,9,0,0,36,HET_9_36_nochat.txt,15,36,2,2,1,1,2,1,10,18
het,9,0,0,36,HET_9_36_nochat.txt,15,34,2,1,1,1,2,1,10,13
het,9,0,0,36,HET_9_36_nochat.txt,15,26,2,1,1,2,2,1,10,3
het,9,0,0,36,HET_9_36_nochat.txt,15,12,2,1,2,2,2,1,10,7
het,9,0,0,36,HET_9_36_nochat.txt,15,13,3,1,1,1,2,1,10,10
het,9,0,0,36,HET_9_36_nochat.txt,15,30,3,2,1,2,2,1,10,30
het,9,0,0,36,HET_9_36_nochat.txt,15,33,3,2,1,1,2,1,10,2
het,9,0,0,36,HET_9_36_nochat.txt,15,17,3,2,2,2,2,1,10,4
het,9,0,0,36,HET_9_36_nochat.txt,15,11,3,2,2,2,2,1,10,5
het,9,0,0,36,HET_9_36_nochat.txt,15,5,3,1,1,1,2,1,10,29
het,9,0,0,36,HET_9_36_nochat.txt,15,28,3,2,1,2,2,1,10,12
het,9,0,0,36,HET_9_36_nochat.txt,15,14,3,2,1,2,2,1,10,31
het,9,0,0,36,HET_9_36_nochat.txt,15,6,3,2,1,1,2,1,10,12
het,9,0,0,36,HET_9_36_nochat.txt,15,29,4,2,2,2,2,2,150,5
het,9,0,0,36,HET_9_36_nochat.txt,15,8,4,2,2,2,2,2,150,15
het,9,0,0,36,HET_9_36_nochat.txt,15,16,4,2,2,1,2,2,150,13
het,9,0,0,36,HET_9_36_nochat.txt,15,35,4,1,1,1,2,2,50,16
het,9,0,0,36,HET_9_36_nochat.txt,15,24,4,2,2,2,2,2,150,6
het,9,0,0,36,HET_9_36_nochat.txt,15,4,4,2,2,2,2,2,150,11
het,9,0,0,36,HET_9_36_nochat.txt,15,2,4,2,1,1,2,2,150,31
het,9,0,0,36,HET_9_36_nochat.txt,15,23,4,1,2,2,2,2,50,20
het,9,0,0,36,HET_9_36_nochat.txt,15,32,4,1,2,2,2,2,50,52
het,9,0,0,45,HET_9_45_nochat.txt,1,12,1,2,1,1,2,1,10,9
het,9,0,0,45,HET_9_45_nochat.txt,1,25,1,2,2,2,2,1,10,8
het,9,0,0,45,HET_9_45_nochat.txt,1,11,1,1,1,1,2,1,10,17
het,9,0,0,45,HET_9_45_nochat.txt,1,13,1,1,1,1,2,1,10,2
het,9,0,0,45,HET_9_45_nochat.txt,1,30,1,1,2,2,2,1,10,6
het,9,0,0,45,HET_9_45_nochat.txt,1,38,1,2,1,2,2,1,10,36
het,9,0,0,45,HET_9_45_nochat.txt,1,42,1,2,1,2,2,1,10,37
het,9,0,0,45,HET_9_45_nochat.txt,1,2,1,2,2,2,2,1,10,6
het,9,0,0,45,HET_9_45_nochat.txt,1,19,1,1,2,1,2,1,10,6
het,9,0,0,45,HET_9_45_nochat.txt,1,15,2,1,1,1,2,1,10,5
het,9,0,0,45,HET_9_45_nochat.txt,1,4,2,1,2,2,2,1,10,3
het,9,0,0,45,HET_9_45_nochat.txt,1,1,2,1,2,2,2,1,10,4
het,9,0,0,45,HET_9_45_nochat.txt,1,44,2,1,1,1,2,1,10,4
het,9,0,0,45,HET_9_45_nochat.txt,1,41,2,2,1,2,2,1,10,7
het,9,0,0,45,HET_9_45_nochat.txt,1,45,2,1,1,1,2,1,10,4
het,9,0,0,45,HET_9_45_nochat.txt,1,23,2,1,1,1,2,1,10,16
het,9,0,0,45,HET_9_45_nochat.txt,1,18,2,2,2,2,2,1,10,13
het,9,0,0,45,HET_9_45_nochat.txt,1,31,2,1,2,1,2,1,10,9
het,9,0,0,45,HET_9_45_nochat.txt,1,39,3,2,1,1,2,1,10,15
het,9,0,0,45,HET_9_45_nochat.txt,1,5,3,2,2,2,2,1,10,3
het,9,0,0,45,HET_9_45_nochat.txt,1,16,3,2,1,1,2,1,10,2
het,9,0,0,45,HET_9_45_nochat.txt,1,28,3,2,2,2,2,1,10,7
het,9,0,0,45,HET_9_45_nochat.txt,1,33,3,1,1,1,2,1,10,35
het,9,0,0,45,HET_9_45_nochat.txt,1,20,3,2,2,2,2,1,10,9
het,9,0,0,45,HET_9_45_nochat.txt,1,9,3,1,1,1,2,1,10,3
het,9,0,0,45,HET_9_45_nochat.txt,1,22,3,2,2,2,2,1,10,4
het,9,0,0,45,HET_9_45_nochat.txt,1,7,3,1,2,1,2,1,10,11
het,9,0,0,45,HET_9_45_nochat.txt,1,10,4,2,2,2,2,2,150,4
het,9,0,0,45,HET_9_45_nochat.txt,1,26,4,1,2,2,2,2,50,6
het,9,0,0,45,HET_9_45_nochat.txt,1,17,4,1,1,1,2,2,50,4
het,9,0,0,45,HET_9_45_nochat.txt,1,27,4,2,1,1,2,2,150,6
het,9,0,0,45,HET_9_45_nochat.txt,1,40,4,1,2,1,2,2,50,8
het,9,0,0,45,HET_9_45_nochat.txt,1,34,4,2,1,2,2,2,150,8
het,9,0,0,45,HET_9_45_nochat.txt,1,21,4,1,2,2,2,2,50,5
het,9,0,0,45,HET_9_45_nochat.txt,1,24,4,1,2,1,2,2,50,13
het,9,0,0,45,HET_9_45_nochat.txt,1,32,4,1,2,2,2,2,50,10
het,9,0,0,45,HET_9_45_nochat.txt,1,37,5,2,1,1,2,1,10,3
het,9,0,0,45,HET_9_45_nochat.txt,1,3,5,1,1,1,2,1,10,8
het,9,0,0,45,HET_9_45_nochat.txt,1,36,5,1,2,1,2,1,10,3
het,9,0,0,45,HET_9_45_nochat.txt,1,35,5,1,2,2,2,1,10,22
het,9,0,0,45,HET_9_45_nochat.txt,1,6,5,1,1,1,2,1,10,5
het,9,0,0,45,HET_9_45_nochat.txt,1,43,5,2,1,2,2,1,10,10
het,9,0,0,45,HET_9_45_nochat.txt,1,8,5,1,1,1,2,1,10,3
het,9,0,0,45,HET_9_45_nochat.txt,1,29,5,2,2,2,2,1,10,13
het,9,0,0,45,HET_9_45_nochat.txt,1,14,5,1,1,1,2,1,10,2
het,9,0,0,45,HET_9_45_nochat.txt,2,42,1,1,2,1,2,2,50,13
het,9,0,0,45,HET_9_45_nochat.txt,2,4,1,1,1,1,2,2,50,4
het,9,0,0,45,HET_9_45_nochat.txt,2,30,1,1,1,1,2,2,50,7
het,9,0,0,45,HET_9_45_nochat.txt,2,1,1,2,2,2,2,2,150,3
het,9,0,0,45,HET_9_45_nochat.txt,2,35,1,2,1,1,2,2,150,59
het,9,0,0,45,HET_9_45_nochat.txt,2,15,1,2,2,1,2,2,150,4
het,9,0,0,45,HET_9_45_nochat.txt,2,21,1,2,1,1,2,2,150,5
het,9,0,0,45,HET_9_45_nochat.txt,2,27,1,1,2,2,2,2,50,5
het,9,0,0,45,HET_9_45_nochat.txt,2,18,1,1,2,2,2,2,50,7
het,9,0,0,45,HET_9_45_nochat.txt,2,37,2,2,1,1,2,1,10,4
het,9,0,0,45,HET_9_45_nochat.txt,2,38,2,1,1,1,2,1,10,13
het,9,0,0,45,HET_9_45_nochat.txt,2,3,2,1,2,1,2,1,10,11
het,9,0,0,45,HET_9_45_nochat.txt,2,2,2,2,2,1,2,1,10,8
het,9,0,0,45,HET_9_45_nochat.txt,2,34,2,1,2,2,2,1,10,11
het,9,0,0,45,HET_9_45_nochat.txt,2,25,2,2,1,1,2,1,10,7
het,9,0,0,45,HET_9_45_nochat.txt,2,22,2,2,2,2,2,1,10,3
het,9,0,0,45,HET_9_45_nochat.txt,2,5,2,2,2,2,2,1,10,3
het,9,0,0,45,HET_9_45_nochat.txt,2,39,2,2,1,1,2,1,10,4
het,9,0,0,45,HET_9_45_nochat.txt,2,31,3,1,1,1,2,1,10,4
het,9,0,0,45,HET_9_45_nochat.txt,2,23,3,2,1,2,2,1,10,11
het,9,0,0,45,HET_9_45_nochat.txt,2,43,3,2,2,2,2,1,10,33
het,9,0,0,45,HET_9_45_nochat.txt,2,9,3,2,1,1,2,1,10,4
het,9,0,0,45,HET_9_45_nochat.txt,2,13,3,1,2,1,2,1,10,4
het,9,0,0,45,HET_9_45_nochat.txt,2,36,3,2,2,1,2,1,10,3
het,9,0,0,45,HET_9_45_nochat.txt,2,16,3,2,1,1,2,1,10,2
het,9,0,0,45,HET_9_45_nochat.txt,2,12,3,1,1,1,2,1,10,6
het,9,0,0,45,HET_9_45_nochat.txt,2,20,3,2,1,1,2,1,10,23
het,9,0,0,45,HET_9_45_nochat.txt,2,17,4,2,1,1,2,1,10,4
het,9,0,0,45,HET_9_45_nochat.txt,2,41,4,1,1,1,2,1,10,11
het,9,0,0,45,HET_9_45_nochat.txt,2,11,4,1,1,1,2,1,10,11
het,9,0,0,45,HET_9_45_nochat.txt,2,45,4,1,2,1,2,1,10,8
het,9,0,0,45,HET_9_45_nochat.txt,2,32,4,1,1,1,2,1,10,3
het,9,0,0,45,HET_9_45_nochat.txt,2,19,4,2,2,1,2,1,10,10
het,9,0,0,45,HET_9_45_nochat.txt,2,40,4,2,1,2,2,1,10,17
het,9,0,0,45,HET_9_45_nochat.txt,2,8,4,2,1,1,2,1,10,4
het,9,0,0,45,HET_9_45_nochat.txt,2,6,4,2,1,1,2,1,10,8
het,9,0,0,45,HET_9_45_nochat.txt,2,7,5,2,1,1,2,1,10,17
het,9,0,0,45,HET_9_45_nochat.txt,2,14,5,1,1,1,2,1,10,4
het,9,0,0,45,HET_9_45_nochat.txt,2,24,5,2,2,2,2,1,10,9
het,9,0,0,45,HET_9_45_nochat.txt,2,29,5,2,1,1,2,1,10,6
het,9,0,0,45,HET_9_45_nochat.txt,2,33,5,1,1,1,2,1,10,15
het,9,0,0,45,HET_9_45_nochat.txt,2,28,5,2,1,2,2,1,10,8
het,9,0,0,45,HET_9_45_nochat.txt,2,26,5,1,1,1,2,1,10,5
het,9,0,0,45,HET_9_45_nochat.txt,2,10,5,1,1,1,2,1,10,7
het,9,0,0,45,HET_9_45_nochat.txt,2,44,5,1,1,1,2,1,10,4
het,9,0,0,45,HET_9_45_nochat.txt,3,41,1,1,2,1,2,2,50,8
het,9,0,0,45,HET_9_45_nochat.txt,3,25,1,2,1,1,2,2,150,7
het,9,0,0,45,HET_9_45_nochat.txt,3,45,1,1,1,1,2,2,50,3
het,9,0,0,45,HET_9_45_nochat.txt,3,7,1,1,1,1,2,2,50,5
het,9,0,0,45,HET_9_45_nochat.txt,3,37,1,1,1,2,2,2,50,2
het,9,0,0,45,HET_9_45_nochat.txt,3,8,1,1,1,1,2,2,50,3
het,9,0,0,45,HET_9_45_nochat.txt,3,40,1,1,2,1,2,2,50,9
het,9,0,0,45,HET_9_45_nochat.txt,3,16,1,2,2,2,2,2,150,3
het,9,0,0,45,HET_9_45_nochat.txt,3,18,1,2,2,2,2,2,150,10
het,9,0,0,45,HET_9_45_nochat.txt,3,42,2,1,1,1,2,1,10,78
het,9,0,0,45,HET_9_45_nochat.txt,3,31,2,2,1,1,2,1,10,3
het,9,0,0,45,HET_9_45_nochat.txt,3,17,2,1,2,2,2,1,10,3
het,9,0,0,45,HET_9_45_nochat.txt,3,1,2,1,1,1,2,1,10,11
het,9,0,0,45,HET_9_45_nochat.txt,3,11,2,2,1,2,2,1,10,33
het,9,0,0,45,HET_9_45_nochat.txt,3,34,2,2,2,2,2,1,10,4
het,9,0,0,45,HET_9_45_nochat.txt,3,13,2,1,1,1,2,1,10,2
het,9,0,0,45,HET_9_45_nochat.txt,3,4,2,1,2,1,2,1,10,4
het,9,0,0,45,HET_9_45_nochat.txt,3,9,2,1,1,1,2,1,10,3
het,9,0,0,45,HET_9_45_nochat.txt,3,6,3,2,1,1,2,1,10,5
het,9,0,0,45,HET_9_45_nochat.txt,3,43,3,1,2,1,2,1,10,11
het,9,0,0,45,HET_9_45_nochat.txt,3,29,3,1,1,1,2,1,10,5
het,9,0,0,45,HET_9_45_nochat.txt,3,12,3,2,1,2,2,1,10,13
het,9,0,0,45,HET_9_45_nochat.txt,3,32,3,2,1,1,2,1,10,2
het,9,0,0,45,HET_9_45_nochat.txt,3,33,3,2,2,2,2,1,10,6
het,9,0,0,45,HET_9_45_nochat.txt,3,38,3,1,2,1,2,1,10,15
het,9,0,0,45,HET_9_45_nochat.txt,3,30,3,2,1,1,2,1,10,8
het,9,0,0,45,HET_9_45_nochat.txt,3,21,3,2,1,1,2,1,10,5
het,9,0,0,45,HET_9_45_nochat.txt,3,35,4,2,1,2,2,1,10,60
het,9,0,0,45,HET_9_45_nochat.txt,3,2,4,1,2,1,2,1,10,6
het,9,0,0,45,HET_9_45_nochat.txt,3,27,4,1,1,1,2,1,10,4
het,9,0,0,45,HET_9_45_nochat.txt,3,5,4,1,2,2,2,1,10,3
het,9,0,0,45,HET_9_45_nochat.txt,3,15,4,2,2,1,2,1,10,5
het,9,0,0,45,HET_9_45_nochat.txt,3,36,4,2,1,1,2,1,10,2
het,9,0,0,45,HET_9_45_nochat.txt,3,23,4,1,1,1,2,1,10,7
het,9,0,0,45,HET_9_45_nochat.txt,3,20,4,2,2,2,2,1,10,13
het,9,0,0,45,HET_9_45_nochat.txt,3,28,4,1,1,1,2,1,10,7
het,9,0,0,45,HET_9_45_nochat.txt,3,26,5,1,2,1,2,2,50,7
het,9,0,0,45,HET_9_45_nochat.txt,3,19,5,2,2,1,2,2,150,7
het,9,0,0,45,HET_9_45_nochat.txt,3,3,5,1,2,1,2,2,50,11
het,9,0,0,45,HET_9_45_nochat.txt,3,14,5,1,2,1,2,2,50,2
het,9,0,0,45,HET_9_45_nochat.txt,3,39,5,1,2,2,2,2,50,25
het,9,0,0,45,HET_9_45_nochat.txt,3,10,5,1,2,2,2,2,50,7
het,9,0,0,45,HET_9_45_nochat.txt,3,22,5,2,1,1,2,2,150,7
het,9,0,0,45,HET_9_45_nochat.txt,3,24,5,1,2,1,2,2,50,5
het,9,0,0,45,HET_9_45_nochat.txt,3,44,5,2,1,1,2,2,150,6
het,9,0,0,45,HET_9_45_nochat.txt,4,38,1,2,1,2,2,1,10,10
het,9,0,0,45,HET_9_45_nochat.txt,4,39,1,1,2,1,2,1,10,23
het,9,0,0,45,HET_9_45_nochat.txt,4,31,1,1,2,1,2,1,10,6
het,9,0,0,45,HET_9_45_nochat.txt,4,32,1,1,1,1,2,1,10,3
het,9,0,0,45,HET_9_45_nochat.txt,4,20,1,2,1,1,2,1,10,42
het,9,0,0,45,HET_9_45_nochat.txt,4,14,1,1,2,1,2,1,10,2
het,9,0,0,45,HET_9_45_nochat.txt,4,42,1,1,1,1,2,1,10,19
het,9,0,0,45,HET_9_45_nochat.txt,4,11,1,2,1,2,2,1,10,14
het,9,0,0,45,HET_9_45_nochat.txt,4,6,1,1,1,1,2,1,10,7
het,9,0,0,45,HET_9_45_nochat.txt,4,29,2,2,2,2,2,1,10,11
het,9,0,0,45,HET_9_45_nochat.txt,4,4,2,2,1,2,2,1,10,5
het,9,0,0,45,HET_9_45_nochat.txt,4,26,2,2,1,1,2,1,10,7
het,9,0,0,45,HET_9_45_nochat.txt,4,18,2,1,1,1,2,1,10,8
het,9,0,0,45,HET_9_45_nochat.txt,4,27,2,1,2,2,2,1,10,30
het,9,0,0,45,HET_9_45_nochat.txt,4,12,2,2,1,2,2,1,10,12
het,9,0,0,45,HET_9_45_nochat.txt,4,7,2,2,1,1,2,1,10,12
het,9,0,0,45,HET_9_45_nochat.txt,4,13,2,1,1,1,2,1,10,2
het,9,0,0,45,HET_9_45_nochat.txt,4,22,2,1,1,1,2,1,10,5
het,9,0,0,45,HET_9_45_nochat.txt,4,36,3,1,1,1,2,1,10,6
het,9,0,0,45,HET_9_45_nochat.txt,4,41,3,1,2,1,2,1,10,7
het,9,0,0,45,HET_9_45_nochat.txt,4,35,3,2,1,1,2,1,10,42
het,9,0,0,45,HET_9_45_nochat.txt,4,25,3,2,1,1,2,1,10,4
het,9,0,0,45,HET_9_45_nochat.txt,4,19,3,2,1,1,2,1,10,6
het,9,0,0,45,HET_9_45_nochat.txt,4,15,3,1,1,1,2,1,10,5
het,9,0,0,45,HET_9_45_nochat.txt,4,40,3,2,1,2,2,1,10,8
het,9,0,0,45,HET_9_45_nochat.txt,4,23,3,2,1,1,2,1,10,7
het,9,0,0,45,HET_9_45_nochat.txt,4,2,3,1,1,1,2,1,10,6
het,9,0,0,45,HET_9_45_nochat.txt,4,37,4,2,1,2,2,1,10,5
het,9,0,0,45,HET_9_45_nochat.txt,4,30,4,2,1,2,2,1,10,5
het,9,0,0,45,HET_9_45_nochat.txt,4,44,4,2,2,2,2,1,10,5
het,9,0,0,45,HET_9_45_nochat.txt,4,9,4,2,1,1,2,1,10,2
het,9,0,0,45,HET_9_45_nochat.txt,4,43,4,2,2,2,2,1,10,13
het,9,0,0,45,HET_9_45_nochat.txt,4,16,4,1,2,1,2,1,10,2
het,9,0,0,45,HET_9_45_nochat.txt,4,17,4,1,1,1,2,1,10,2
het,9,0,0,45,HET_9_45_nochat.txt,4,3,4,2,1,1,2,1,10,4
het,9,0,0,45,HET_9_45_nochat.txt,4,5,4,1,1,1,2,1,10,4
het,9,0,0,45,HET_9_45_nochat.txt,4,10,5,2,1,1,2,1,10,5
het,9,0,0,45,HET_9_45_nochat.txt,4,28,5,2,1,2,2,1,10,8
het,9,0,0,45,HET_9_45_nochat.txt,4,24,5,1,1,1,2,1,10,3
het,9,0,0,45,HET_9_45_nochat.txt,4,45,5,2,1,1,2,1,10,13
het,9,0,0,45,HET_9_45_nochat.txt,4,21,5,1,1,1,2,1,10,5
het,9,0,0,45,HET_9_45_nochat.txt,4,33,5,2,1,2,2,1,10,16
het,9,0,0,45,HET_9_45_nochat.txt,4,34,5,1,2,2,2,1,10,12
het,9,0,0,45,HET_9_45_nochat.txt,4,1,5,2,1,1,2,1,10,3
het,9,0,0,45,HET_9_45_nochat.txt,4,8,5,1,2,2,2,1,10,4
het,9,0,0,45,HET_9_45_nochat.txt,5,29,1,2,1,1,2,1,10,11
het,9,0,0,45,HET_9_45_nochat.txt,5,24,1,1,1,1,2,1,10,6
het,9,0,0,45,HET_9_45_nochat.txt,5,21,1,2,1,2,2,1,10,5
het,9,0,0,45,HET_9_45_nochat.txt,5,37,1,2,1,2,2,1,10,10
het,9,0,0,45,HET_9_45_nochat.txt,5,22,1,2,1,1,2,1,10,12
het,9,0,0,45,HET_9_45_nochat.txt,5,33,1,2,1,2,2,1,10,18
het,9,0,0,45,HET_9_45_nochat.txt,5,26,1,1,2,1,2,1,10,5
het,9,0,0,45,HET_9_45_nochat.txt,5,19,1,2,1,1,2,1,10,5
het,9,0,0,45,HET_9_45_nochat.txt,5,11,1,2,1,2,2,1,10,19
het,9,0,0,45,HET_9_45_nochat.txt,5,13,2,1,2,1,2,2,50,2
het,9,0,0,45,HET_9_45_nochat.txt,5,25,2,2,2,2,2,2,150,5
het,9,0,0,45,HET_9_45_nochat.txt,5,15,2,2,2,1,2,2,150,4
het,9,0,0,45,HET_9_45_nochat.txt,5,7,2,1,1,1,2,2,50,36
het,9,0,0,45,HET_9_45_nochat.txt,5,43,2,2,2,2,2,2,150,15
het,9,0,0,45,HET_9_45_nochat.txt,5,20,2,2,2,2,2,2,150,5
het,9,0,0,45,HET_9_45_nochat.txt,5,6,2,2,2,2,2,2,150,7
het,9,0,0,45,HET_9_45_nochat.txt,5,30,2,2,2,2,2,2,150,8
het,9,0,0,45,HET_9_45_nochat.txt,5,9,2,2,2,2,2,2,150,3
het,9,0,0,45,HET_9_45_nochat.txt,5,45,3,1,1,1,2,1,10,15
het,9,0,0,45,HET_9_45_nochat.txt,5,8,3,1,2,2,2,1,10,4
het,9,0,0,45,HET_9_45_nochat.txt,5,2,3,1,1,1,2,1,10,2
het,9,0,0,45,HET_9_45_nochat.txt,5,39,3,1,1,1,2,1,10,4
het,9,0,0,45,HET_9_45_nochat.txt,5,16,3,1,2,1,2,1,10,3
het,9,0,0,45,HET_9_45_nochat.txt,5,38,3,1,1,2,2,1,10,11
het,9,0,0,45,HET_9_45_nochat.txt,5,18,3,1,1,1,2,1,10,7
het,9,0,0,45,HET_9_45_nochat.txt,5,1,3,2,1,1,2,1,10,7
het,9,0,0,45,HET_9_45_nochat.txt,5,44,3,2,1,1,2,1,10,7
het,9,0,0,45,HET_9_45_nochat.txt,5,32,4,2,2,1,2,1,10,3
het,9,0,0,45,HET_9_45_nochat.txt,5,35,4,2,1,1,2,1,10,75
het,9,0,0,45,HET_9_45_nochat.txt,5,23,4,1,1,1,2,1,10,10
het,9,0,0,45,HET_9_45_nochat.txt,5,17,4,1,1,1,2,1,10,5
het,9,0,0,45,HET_9_45_nochat.txt,5,4,4,2,2,2,2,1,10,5
het,9,0,0,45,HET_9_45_nochat.txt,5,14,4,2,1,1,2,1,10,3
het,9,0,0,45,HET_9_45_nochat.txt,5,3,4,2,2,1,2,1,10,7
het,9,0,0,45,HET_9_45_nochat.txt,5,12,4,2,2,2,2,1,10,3
het,9,0,0,45,HET_9_45_nochat.txt,5,28,4,2,2,2,2,1,10,7
het,9,0,0,45,HET_9_45_nochat.txt,5,10,5,2,1,1,2,1,10,4
het,9,0,0,45,HET_9_45_nochat.txt,5,41,5,2,1,2,2,1,10,19
het,9,0,0,45,HET_9_45_nochat.txt,5,42,5,1,1,1,2,1,10,2
het,9,0,0,45,HET_9_45_nochat.txt,5,5,5,2,1,1,2,1,10,4
het,9,0,0,45,HET_9_45_nochat.txt,5,36,5,1,1,1,2,1,10,3
het,9,0,0,45,HET_9_45_nochat.txt,5,40,5,2,1,1,2,1,10,4
het,9,0,0,45,HET_9_45_nochat.txt,5,27,5,1,1,1,2,1,10,11
het,9,0,0,45,HET_9_45_nochat.txt,5,34,5,1,2,1,2,1,10,7
het,9,0,0,45,HET_9_45_nochat.txt,5,31,5,2,2,1,2,1,10,12
het,9,0,0,45,HET_9_45_nochat.txt,6,39,1,2,1,1,2,1,10,4
het,9,0,0,45,HET_9_45_nochat.txt,6,16,1,1,1,1,2,1,10,4
het,9,0,0,45,HET_9_45_nochat.txt,6,35,1,1,1,1,2,1,10,58
het,9,0,0,45,HET_9_45_nochat.txt,6,10,1,2,2,2,2,1,10,6
het,9,0,0,45,HET_9_45_nochat.txt,6,19,1,2,1,1,2,1,10,4
het,9,0,0,45,HET_9_45_nochat.txt,6,43,1,2,2,2,2,1,10,17
het,9,0,0,45,HET_9_45_nochat.txt,6,37,1,1,1,1,2,1,10,7
het,9,0,0,45,HET_9_45_nochat.txt,6,1,1,1,1,1,2,1,10,3
het,9,0,0,45,HET_9_45_nochat.txt,6,11,1,1,1,1,2,1,10,5
het,9,0,0,45,HET_9_45_nochat.txt,6,5,2,1,1,1,2,1,10,5
het,9,0,0,45,HET_9_45_nochat.txt,6,12,2,1,1,1,2,1,10,4
het,9,0,0,45,HET_9_45_nochat.txt,6,27,2,2,1,2,2,1,10,32
het,9,0,0,45,HET_9_45_nochat.txt,6,32,2,2,2,1,2,1,10,4
het,9,0,0,45,HET_9_45_nochat.txt,6,33,2,1,1,1,2,1,10,11
het,9,0,0,45,HET_9_45_nochat.txt,6,4,2,1,1,1,2,1,10,4
het,9,0,0,45,HET_9_45_nochat.txt,6,29,2,2,1,1,2,1,10,4
het,9,0,0,45,HET_9_45_nochat.txt,6,42,2,1,1,1,2,1,10,2
het,9,0,0,45,HET_9_45_nochat.txt,6,13,2,1,1,1,2,1,10,2
het,9,0,0,45,HET_9_45_nochat.txt,6,23,3,2,2,2,2,2,150,4
het,9,0,0,45,HET_9_45_nochat.txt,6,25,3,1,2,2,2,2,50,3
het,9,0,0,45,HET_9_45_nochat.txt,6,41,3,1,2,1,2,2,50,3
het,9,0,0,45,HET_9_45_nochat.txt,6,18,3,1,2,2,2,2,50,7
het,9,0,0,45,HET_9_45_nochat.txt,6,15,3,1,1,2,2,2,50,6
het,9,0,0,45,HET_9_45_nochat.txt,6,30,3,1,1,1,2,2,50,4
het,9,0,0,45,HET_9_45_nochat.txt,6,8,3,2,2,2,2,2,150,5
het,9,0,0,45,HET_9_45_nochat.txt,6,2,3,2,2,1,2,2,150,10
het,9,0,0,45,HET_9_45_nochat.txt,6,7,3,1,2,1,2,2,50,5
het,9,0,0,45,HET_9_45_nochat.txt,6,9,4,1,1,1,2,1,10,4
het,9,0,0,45,HET_9_45_nochat.txt,6,20,4,1,2,2,2,1,10,10
het,9,0,0,45,HET_9_45_nochat.txt,6,14,4,2,1,1,2,1,10,5
het,9,0,0,45,HET_9_45_nochat.txt,6,34,4,1,1,1,2,1,10,8
het,9,0,0,45,HET_9_45_nochat.txt,6,28,4,2,2,1,2,1,10,7
het,9,0,0,45,HET_9_45_nochat.txt,6,26,4,1,1,1,2,1,10,3
het,9,0,0,45,HET_9_45_nochat.txt,6,36,4,2,1,1,2,1,10,2
het,9,0,0,45,HET_9_45_nochat.txt,6,21,4,2,1,2,2,1,10,4
het,9,0,0,45,HET_9_45_nochat.txt,6,31,4,2,1,1,2,1,10,4
het,9,0,0,45,HET_9_45_nochat.txt,6,17,5,1,1,1,2,1,10,5
het,9,0,0,45,HET_9_45_nochat.txt,6,24,5,1,1,1,2,1,10,3
het,9,0,0,45,HET_9_45_nochat.txt,6,40,5,1,1,1,2,1,10,5
het,9,0,0,45,HET_9_45_nochat.txt,6,38,5,2,1,2,2,1,10,15
het,9,0,0,45,HET_9_45_nochat.txt,6,6,5,1,1,1,2,1,10,5
het,9,0,0,45,HET_9_45_nochat.txt,6,45,5,2,1,1,2,1,10,7
het,9,0,0,45,HET_9_45_nochat.txt,6,3,5,1,1,1,2,1,10,5
het,9,0,0,45,HET_9_45_nochat.txt,6,22,5,2,1,1,2,1,10,4
het,9,0,0,45,HET_9_45_nochat.txt,6,44,5,2,2,2,2,1,10,6
het,9,0,0,45,HET_9_45_nochat.txt,7,36,1,1,2,1,2,2,50,2
het,9,0,0,45,HET_9_45_nochat.txt,7,11,1,2,2,1,2,2,150,7
het,9,0,0,45,HET_9_45_nochat.txt,7,13,1,2,2,1,2,2,150,4
het,9,0,0,45,HET_9_45_nochat.txt,7,12,1,2,2,2,2,2,150,8
het,9,0,0,45,HET_9_45_nochat.txt,7,21,1,2,1,1,2,2,150,4
het,9,0,0,45,HET_9_45_nochat.txt,7,43,1,2,2,2,2,2,150,17
het,9,0,0,45,HET_9_45_nochat.txt,7,32,1,1,2,1,2,2,50,6
het,9,0,0,45,HET_9_45_nochat.txt,7,20,1,2,2,2,2,2,150,5
het,9,0,0,45,HET_9_45_nochat.txt,7,3,1,2,2,1,2,2,150,6
het,9,0,0,45,HET_9_45_nochat.txt,7,38,2,1,2,2,2,2,50,22
het,9,0,0,45,HET_9_45_nochat.txt,7,37,2,1,2,2,2,2,50,11
het,9,0,0,45,HET_9_45_nochat.txt,7,6,2,1,2,1,2,2,50,5
het,9,0,0,45,HET_9_45_nochat.txt,7,2,2,2,2,1,2,2,150,9
het,9,0,0,45,HET_9_45_nochat.txt,7,31,2,2,2,1,2,2,150,7
het,9,0,0,45,HET_9_45_nochat.txt,7,26,2,1,2,1,2,2,50,3
het,9,0,0,45,HET_9_45_nochat.txt,7,22,2,1,1,1,2,2,50,4
het,9,0,0,45,HET_9_45_nochat.txt,7,40,2,2,1,1,2,2,150,7
het,9,0,0,45,HET_9_45_nochat.txt,7,35,2,1,2,2,2,2,50,30
het,9,0,0,45,HET_9_45_nochat.txt,7,24,3,1,1,1,2,2,50,4
het,9,0,0,45,HET_9_45_nochat.txt,7,27,3,1,2,2,2,2,50,4
het,9,0,0,45,HET_9_45_nochat.txt,7,25,3,1,1,1,2,2,50,5
het,9,0,0,45,HET_9_45_nochat.txt,7,28,3,1,2,1,2,2,50,8
het,9,0,0,45,HET_9_45_nochat.txt,7,16,3,2,2,2,2,2,150,6
het,9,0,0,45,HET_9_45_nochat.txt,7,7,3,1,2,1,2,2,50,3
het,9,0,0,45,HET_9_45_nochat.txt,7,30,3,2,2,2,2,2,150,8
het,9,0,0,45,HET_9_45_nochat.txt,7,17,3,1,2,2,2,2,50,4
het,9,0,0,45,HET_9_45_nochat.txt,7,5,3,1,2,2,2,2,50,3
het,9,0,0,45,HET_9_45_nochat.txt,7,1,4,2,2,2,2,2,150,9
het,9,0,0,45,HET_9_45_nochat.txt,7,45,4,1,2,1,2,2,50,5
het,9,0,0,45,HET_9_45_nochat.txt,7,41,4,2,2,1,2,2,150,3
het,9,0,0,45,HET_9_45_nochat.txt,7,9,4,2,1,1,2,2,150,4
het,9,0,0,45,HET_9_45_nochat.txt,7,19,4,1,2,1,2,2,50,8
het,9,0,0,45,HET_9_45_nochat.txt,7,10,4,2,2,2,2,2,150,6
het,9,0,0,45,HET_9_45_nochat.txt,7,34,4,1,2,2,2,2,50,9
het,9,0,0,45,HET_9_45_nochat.txt,7,42,4,2,2,2,2,2,150,7
het,9,0,0,45,HET_9_45_nochat.txt,7,29,4,2,2,1,2,2,150,3
het,9,0,0,45,HET_9_45_nochat.txt,7,39,5,1,2,1,2,2,50,27
het,9,0,0,45,HET_9_45_nochat.txt,7,15,5,1,2,1,2,2,50,5
het,9,0,0,45,HET_9_45_nochat.txt,7,8,5,1,2,2,2,2,50,5
het,9,0,0,45,HET_9_45_nochat.txt,7,33,5,1,2,1,2,2,50,8
het,9,0,0,45,HET_9_45_nochat.txt,7,23,5,1,2,2,2,2,50,8
het,9,0,0,45,HET_9_45_nochat.txt,7,4,5,2,2,2,2,2,150,4
het,9,0,0,45,HET_9_45_nochat.txt,7,44,5,1,1,1,2,2,50,3
het,9,0,0,45,HET_9_45_nochat.txt,7,18,5,2,2,2,2,2,150,6
het,9,0,0,45,HET_9_45_nochat.txt,7,14,5,1,2,1,2,2,50,7
het,9,0,0,45,HET_9_45_nochat.txt,8,42,1,1,2,2,2,2,50,2
het,9,0,0,45,HET_9_45_nochat.txt,8,6,1,1,1,1,2,2,50,3
het,9,0,0,45,HET_9_45_nochat.txt,8,35,1,2,2,2,2,2,150,26
het,9,0,0,45,HET_9_45_nochat.txt,8,14,1,1,2,1,2,2,50,3
het,9,0,0,45,HET_9_45_nochat.txt,8,32,1,2,2,2,2,2,150,14
het,9,0,0,45,HET_9_45_nochat.txt,8,31,1,1,2,1,2,2,50,5
het,9,0,0,45,HET_9_45_nochat.txt,8,23,1,1,2,2,2,2,50,15
het,9,0,0,45,HET_9_45_nochat.txt,8,11,1,1,1,1,2,2,50,4
het,9,0,0,45,HET_9_45_nochat.txt,8,24,1,2,2,2,2,2,150,11
het,9,0,0,45,HET_9_45_nochat.txt,8,45,2,2,1,1,2,1,10,26
het,9,0,0,45,HET_9_45_nochat.txt,8,15,2,2,1,2,2,1,10,4
het,9,0,0,45,HET_9_45_nochat.txt,8,43,2,1,1,1,2,1,10,10
het,9,0,0,45,HET_9_45_nochat.txt,8,5,2,2,2,2,2,1,10,4
het,9,0,0,45,HET_9_45_nochat.txt,8,37,2,2,1,2,2,1,10,9
het,9,0,0,45,HET_9_45_nochat.txt,8,19,2,2,1,1,2,1,10,6
het,9,0,0,45,HET_9_45_nochat.txt,8,10,2,2,1,1,2,1,10,5
het,9,0,0,45,HET_9_45_nochat.txt,8,27,2,2,2,2,2,1,10,5
het,9,0,0,45,HET_9_45_nochat.txt,8,16,2,1,1,1,2,1,10,2
het,9,0,0,45,HET_9_45_nochat.txt,8,7,3,1,1,1,2,1,10,15
het,9,0,0,45,HET_9_45_nochat.txt,8,9,3,2,2,2,2,1,10,7
het,9,0,0,45,HET_9_45_nochat.txt,8,25,3,1,1,1,2,1,10,3
het,9,0,0,45,HET_9_45_nochat.txt,8,1,3,2,1,1,2,1,10,3
het,9,0,0,45,HET_9_45_nochat.txt,8,38,3,2,2,1,2,1,10,27
het,9,0,0,45,HET_9_45_nochat.txt,8,18,3,2,2,2,2,1,10,6
het,9,0,0,45,HET_9_45_nochat.txt,8,26,3,1,1,1,2,1,10,4
het,9,0,0,45,HET_9_45_nochat.txt,8,21,3,1,2,2,2,1,10,3
het,9,0,0,45,HET_9_45_nochat.txt,8,3,3,1,1,1,2,1,10,4
het,9,0,0,45,HET_9_45_nochat.txt,8,30,4,1,2,2,2,1,10,8
het,9,0,0,45,HET_9_45_nochat.txt,8,2,4,2,2,1,2,1,10,13
het,9,0,0,45,HET_9_45_nochat.txt,8,22,4,1,2,2,2,1,10,4
het,9,0,0,45,HET_9_45_nochat.txt,8,40,4,1,1,1,2,1,10,4
het,9,0,0,45,HET_9_45_nochat.txt,8,12,4,2,2,2,2,1,10,3
het,9,0,0,45,HET_9_45_nochat.txt,8,13,4,2,1,1,2,1,10,3
het,9,0,0,45,HET_9_45_nochat.txt,8,44,4,2,1,1,2,1,10,35
het,9,0,0,45,HET_9_45_nochat.txt,8,28,4,2,1,1,2,1,10,6
het,9,0,0,45,HET_9_45_nochat.txt,8,34,4,1,2,2,2,1,10,4
het,9,0,0,45,HET_9_45_nochat.txt,8,33,5,2,2,2,2,1,10,5
het,9,0,0,45,HET_9_45_nochat.txt,8,4,5,2,2,2,2,1,10,4
het,9,0,0,45,HET_9_45_nochat.txt,8,17,5,2,1,1,2,1,10,6
het,9,0,0,45,HET_9_45_nochat.txt,8,8,5,1,2,2,2,1,10,2
het,9,0,0,45,HET_9_45_nochat.txt,8,39,5,2,1,1,2,1,10,9
het,9,0,0,45,HET_9_45_nochat.txt,8,29,5,1,1,1,2,1,10,7
het,9,0,0,45,HET_9_45_nochat.txt,8,41,5,2,1,1,2,1,10,3
het,9,0,0,45,HET_9_45_nochat.txt,8,36,5,1,1,1,2,1,10,5
het,9,0,0,45,HET_9_45_nochat.txt,8,20,5,2,1,1,2,1,10,17
het,9,0,0,45,HET_9_45_nochat.txt,9,45,1,2,2,2,2,2,150,3
het,9,0,0,45,HET_9_45_nochat.txt,9,36,1,1,2,1,2,2,50,2
het,9,0,0,45,HET_9_45_nochat.txt,9,5,1,2,1,1,2,2,150,4
het,9,0,0,45,HET_9_45_nochat.txt,9,16,1,2,1,1,2,2,150,2
het,9,0,0,45,HET_9_45_nochat.txt,9,18,1,1,2,2,2,2,50,9
het,9,0,0,45,HET_9_45_nochat.txt,9,42,1,1,2,2,2,2,50,3
het,9,0,0,45,HET_9_45_nochat.txt,9,28,1,1,2,1,2,2,50,9
het,9,0,0,45,HET_9_45_nochat.txt,9,27,1,2,1,1,2,2,150,7
het,9,0,0,45,HET_9_45_nochat.txt,9,32,1,1,2,1,2,2,50,6
het,9,0,0,45,HET_9_45_nochat.txt,9,38,2,1,2,1,2,2,50,13
het,9,0,0,45,HET_9_45_nochat.txt,9,15,2,1,1,2,2,2,50,5
het,9,0,0,45,HET_9_45_nochat.txt,9,17,2,2,2,2,2,2,150,5
het,9,0,0,45,HET_9_45_nochat.txt,9,40,2,1,1,1,2,2,50,8
het,9,0,0,45,HET_9_45_nochat.txt,9,31,2,1,2,1,2,2,50,9
het,9,0,0,45,HET_9_45_nochat.txt,9,6,2,2,2,1,2,2,150,7
het,9,0,0,45,HET_9_45_nochat.txt,9,34,2,1,2,2,2,2,50,18
het,9,0,0,45,HET_9_45_nochat.txt,9,41,2,1,1,1,2,2,50,3
het,9,0,0,45,HET_9_45_nochat.txt,9,37,2,1,2,2,2,2,50,6
het,9,0,0,45,HET_9_45_nochat.txt,9,39,3,1,2,1,2,2,50,14
het,9,0,0,45,HET_9_45_nochat.txt,9,10,3,1,2,2,2,2,50,5
het,9,0,0,45,HET_9_45_nochat.txt,9,11,3,1,2,1,2,2,50,3
het,9,0,0,45,HET_9_45_nochat.txt,9,13,3,2,1,1,2,2,150,2
het,9,0,0,45,HET_9_45_nochat.txt,9,7,3,1,2,1,2,2,50,10
het,9,0,0,45,HET_9_45_nochat.txt,9,22,3,2,1,1,2,2,150,4
het,9,0,0,45,HET_9_45_nochat.txt,9,2,3,2,1,1,2,2,150,3
het,9,0,0,45,HET_9_45_nochat.txt,9,29,3,1,2,1,2,2,50,9
het,9,0,0,45,HET_9_45_nochat.txt,9,30,3,2,1,2,2,2,150,8
het,9,0,0,45,HET_9_45_nochat.txt,9,35,4,2,1,1,2,2,150,46
het,9,0,0,45,HET_9_45_nochat.txt,9,3,4,1,1,1,2,2,50,5
het,9,0,0,45,HET_9_45_nochat.txt,9,8,4,1,2,2,2,2,50,2
het,9,0,0,45,HET_9_45_nochat.txt,9,23,4,1,2,2,2,2,50,5
het,9,0,0,45,HET_9_45_nochat.txt,9,26,4,1,2,1,2,2,50,4
het,9,0,0,45,HET_9_45_nochat.txt,9,25,4,1,1,1,2,2,50,4
het,9,0,0,45,HET_9_45_nochat.txt,9,20,4,1,2,2,2,2,50,16
het,9,0,0,45,HET_9_45_nochat.txt,9,24,4,1,2,1,2,2,50,13
het,9,0,0,45,HET_9_45_nochat.txt,9,44,4,1,2,2,2,2,50,4
het,9,0,0,45,HET_9_45_nochat.txt,9,1,5,2,2,2,2,1,10,3
het,9,0,0,45,HET_9_45_nochat.txt,9,4,5,1,2,1,2,1,10,2
het,9,0,0,45,HET_9_45_nochat.txt,9,14,5,2,1,1,2,1,10,4
het,9,0,0,45,HET_9_45_nochat.txt,9,33,5,1,2,1,2,1,10,6
het,9,0,0,45,HET_9_45_nochat.txt,9,9,5,2,1,1,2,1,10,3
het,9,0,0,45,HET_9_45_nochat.txt,9,21,5,2,1,2,2,1,10,3
het,9,0,0,45,HET_9_45_nochat.txt,9,12,5,1,1,1,2,1,10,6
het,9,0,0,45,HET_9_45_nochat.txt,9,43,5,1,1,1,2,1,10,18
het,9,0,0,45,HET_9_45_nochat.txt,9,19,5,2,1,1,2,1,10,3
hom,5,1,0,36,HOM_5_36_chat.txt,1,5,1,0,2,2,2,2,100,58
hom,5,1,0,36,HOM_5_36_chat.txt,1,27,1,0,2,2,2,2,100,63
hom,5,1,0,36,HOM_5_36_chat.txt,1,20,1,0,1,2,2,2,100,30
hom,5,1,0,36,HOM_5_36_chat.txt,1,13,1,0,2,2,2,2,100,81
hom,5,1,0,36,HOM_5_36_chat.txt,1,24,1,0,2,2,2,2,100,39
hom,5,1,0,36,HOM_5_36_chat.txt,1,33,1,0,1,2,2,2,100,42
hom,5,1,0,36,HOM_5_36_chat.txt,1,17,1,0,2,2,2,2,100,24
hom,5,1,0,36,HOM_5_36_chat.txt,1,7,1,0,2,2,2,2,100,51
hom,5,1,0,36,HOM_5_36_chat.txt,1,31,1,0,2,2,2,2,100,42
hom,5,1,0,36,HOM_5_36_chat.txt,1,6,2,0,1,1,1,1,100,37
hom,5,1,0,36,HOM_5_36_chat.txt,1,10,2,0,1,1,1,1,100,74
hom,5,1,0,36,HOM_5_36_chat.txt,1,1,2,0,1,1,1,1,100,37
hom,5,1,0,36,HOM_5_36_chat.txt,1,4,2,0,1,1,1,1,100,27
hom,5,1,0,36,HOM_5_36_chat.txt,1,18,2,0,1,1,1,1,100,76
hom,5,1,0,36,HOM_5_36_chat.txt,1,36,2,0,2,2,1,1,100,54
hom,5,1,0,36,HOM_5_36_chat.txt,1,26,2,0,1,1,1,1,100,41
hom,5,1,0,36,HOM_5_36_chat.txt,1,8,2,0,1,1,1,1,100,64
hom,5,1,0,36,HOM_5_36_chat.txt,1,25,2,0,1,1,1,1,100,47
hom,5,1,0,36,HOM_5_36_chat.txt,1,11,3,0,1,2,2,2,100,35
hom,5,1,0,36,HOM_5_36_chat.txt,1,23,3,0,2,2,2,2,100,81
hom,5,1,0,36,HOM_5_36_chat.txt,1,35,3,0,1,1,2,2,100,38
hom,5,1,0,36,HOM_5_36_chat.txt,1,19,3,0,2,2,2,2,100,62
hom,5,1,0,36,HOM_5_36_chat.txt,1,28,3,0,2,2,2,2,100,33
hom,5,1,0,36,HOM_5_36_chat.txt,1,15,3,0,2,2,2,2,100,6
hom,5,1,0,36,HOM_5_36_chat.txt,1,16,3,0,2,1,2,2,100,62
hom,5,1,0,36,HOM_5_36_chat.txt,1,22,3,0,2,1,2,2,100,48
hom,5,1,0,36,HOM_5_36_chat.txt,1,34,3,0,1,1,2,2,100,37
hom,5,1,0,36,HOM_5_36_chat.txt,1,29,4,0,1,2,2,2,100,55
hom,5,1,0,36,HOM_5_36_chat.txt,1,14,4,0,1,1,2,2,100,6
hom,5,1,0,36,HOM_5_36_chat.txt,1,2,4,0,2,2,2,2,100,40
hom,5,1,0,36,HOM_5_36_chat.txt,1,3,4,0,2,2,2,2,100,37
hom,5,1,0,36,HOM_5_36_chat.txt,1,9,4,0,2,2,2,2,100,51
hom,5,1,0,36,HOM_5_36_chat.txt,1,32,4,0,2,2,2,2,100,27
hom,5,1,0,36,HOM_5_36_chat.txt,1,12,4,0,2,2,2,2,100,41
hom,5,1,0,36,HOM_5_36_chat.txt,1,21,4,0,2,2,2,2,100,64
hom,5,1,0,36,HOM_5_36_chat.txt,1,30,4,0,1,2,2,2,100,44
hom,5,1,0,36,HOM_5_36_chat.txt,2,21,1,0,2,1,1,1,100,165
hom,5,1,0,36,HOM_5_36_chat.txt,2,34,1,0,1,1,1,1,100,36
hom,5,1,0,36,HOM_5_36_chat.txt,2,11,1,0,1,1,1,1,100,39
hom,5,1,0,36,HOM_5_36_chat.txt,2,24,1,0,2,1,1,1,100,101
hom,5,1,0,36,HOM_5_36_chat.txt,2,10,1,0,1,1,1,1,100,150
hom,5,1,0,36,HOM_5_36_chat.txt,2,20,1,0,1,1,1,1,100,54
hom,5,1,0,36,HOM_5_36_chat.txt,2,1,1,0,1,1,1,1,100,55
hom,5,1,0,36,HOM_5_36_chat.txt,2,35,1,0,2,1,1,1,100,30
hom,5,1,0,36,HOM_5_36_chat.txt,2,30,1,0,1,1,1,1,100,40
hom,5,1,0,36,HOM_5_36_chat.txt,2,5,2,0,1,1,1,1,100,76
hom,5,1,0,36,HOM_5_36_chat.txt,2,29,2,0,1,1,1,1,100,54
hom,5,1,0,36,HOM_5_36_chat.txt,2,27,2,0,1,1,1,1,100,103
hom,5,1,0,36,HOM_5_36_chat.txt,2,6,2,0,1,1,1,1,100,51
hom,5,1,0,36,HOM_5_36_chat.txt,2,15,2,0,1,1,1,1,100,6
hom,5,1,0,36,HOM_5_36_chat.txt,2,14,2,0,2,2,1,1,100,3
hom,5,1,0,36,HOM_5_36_chat.txt,2,9,2,0,1,1,1,1,100,59
hom,5,1,0,36,HOM_5_36_chat.txt,2,12,2,0,1,1,1,1,100,29
hom,5,1,0,36,HOM_5_36_chat.txt,2,28,2,0,1,1,1,1,100,39
hom,5,1,0,36,HOM_5_36_chat.txt,2,25,3,0,2,2,2,2,100,30
hom,5,1,0,36,HOM_5_36_chat.txt,2,33,3,0,1,2,2,2,100,31
hom,5,1,0,36,HOM_5_36_chat.txt,2,23,3,0,2,2,2,2,100,27
hom,5,1,0,36,HOM_5_36_chat.txt,2,16,3,0,2,2,2,2,100,44
hom,5,1,0,36,HOM_5_36_chat.txt,2,26,3,0,2,2,2,2,100,25
hom,5,1,0,36,HOM_5_36_chat.txt,2,17,3,0,2,2,2,2,100,24
hom,5,1,0,36,HOM_5_36_chat.txt,2,18,3,0,2,2,2,2,100,37
hom,5,1,0,36,HOM_5_36_chat.txt,2,8,3,0,2,2,2,2,100,31
hom,5,1,0,36,HOM_5_36_chat.txt,2,19,3,0,2,2,2,2,100,25
hom,5,1,0,36,HOM_5_36_chat.txt,2,4,4,0,1,1,1,1,100,21
hom,5,1,0,36,HOM_5_36_chat.txt,2,3,4,0,1,1,1,1,100,28
hom,5,1,0,36,HOM_5_36_chat.txt,2,36,4,0,1,2,1,1,100,8
hom,5,1,0,36,HOM_5_36_chat.txt,2,7,4,0,1,1,1,1,100,54
hom,5,1,0,36,HOM_5_36_chat.txt,2,2,4,0,1,1,1,1,100,28
hom,5,1,0,36,HOM_5_36_chat.txt,2,32,4,0,2,1,1,1,100,30
hom,5,1,0,36,HOM_5_36_chat.txt,2,13,4,0,2,2,1,1,100,47
hom,5,1,0,36,HOM_5_36_chat.txt,2,31,4,0,1,1,1,1,100,33
hom,5,1,0,36,HOM_5_36_chat.txt,2,22,4,0,1,1,1,1,100,28
hom,5,1,0,36,HOM_5_36_chat.txt,3,15,1,0,1,1,1,1,100,5
hom,5,1,0,36,HOM_5_36_chat.txt,3,34,1,0,1,1,1,1,100,107
hom,5,1,0,36,HOM_5_36_chat.txt,3,31,1,0,2,1,1,1,100,127
hom,5,1,0,36,HOM_5_36_chat.txt,3,24,1,0,1,1,1,1,100,132
hom,5,1,0,36,HOM_5_36_chat.txt,3,14,1,0,1,1,1,1,100,35
hom,5,1,0,36,HOM_5_36_chat.txt,3,20,1,0,2,2,1,1,100,83
hom,5,1,0,36,HOM_5_36_chat.txt,3,4,1,0,1,1,1,1,100,67
hom,5,1,0,36,HOM_5_36_chat.txt,3,30,1,0,2,1,1,1,100,70
hom,5,1,0,36,HOM_5_36_chat.txt,3,6,1,0,1,1,1,1,100,90
hom,5,1,0,36,HOM_5_36_chat.txt,3,12,2,0,1,1,1,1,100,30
hom,5,1,0,36,HOM_5_36_chat.txt,3,8,2,0,1,1,1,1,100,43
hom,5,1,0,36,HOM_5_36_chat.txt,3,5,2,0,1,1,1,1,100,58
hom,5,1,0,36,HOM_5_36_chat.txt,3,32,2,0,1,1,1,1,100,44
hom,5,1,0,36,HOM_5_36_chat.txt,3,22,2,0,1,1,1,1,100,43
hom,5,1,0,36,HOM_5_36_chat.txt,3,27,2,0,2,1,1,1,100,55
hom,5,1,0,36,HOM_5_36_chat.txt,3,16,2,0,2,1,1,1,100,51
hom,5,1,0,36,HOM_5_36_chat.txt,3,10,2,0,1,1,1,1,100,48
hom,5,1,0,36,HOM_5_36_chat.txt,3,23,2,0,1,1,1,1,100,28
hom,5,1,0,36,HOM_5_36_chat.txt,3,7,3,0,2,2,2,2,100,117
hom,5,1,0,36,HOM_5_36_chat.txt,3,33,3,0,2,2,2,2,100,104
hom,5,1,0,36,HOM_5_36_chat.txt,3,21,3,0,1,2,2,2,100,126
hom,5,1,0,36,HOM_5_36_chat.txt,3,3,3,0,2,2,2,2,100,74
hom,5,1,0,36,HOM_5_36_chat.txt,3,26,3,0,2,2,2,2,100,86
hom,5,1,0,36,HOM_5_36_chat.txt,3,35,3,0,2,2,2,2,100,39
hom,5,1,0,36,HOM_5_36_chat.txt,3,25,3,0,1,1,2,2,100,113
hom,5,1,0,36,HOM_5_36_chat.txt,3,18,3,0,1,2,2,2,100,117
hom,5,1,0,36,HOM_5_36_chat.txt,3,13,3,0,1,2,2,2,100,135
hom,5,1,0,36,HOM_5_36_chat.txt,3,9,4,0,1,1,1,2,10,34
hom,5,1,0,36,HOM_5_36_chat.txt,3,36,4,0,2,1,1,2,10,99
hom,5,1,0,36,HOM_5_36_chat.txt,3,1,4,0,2,2,1,2,10,45
hom,5,1,0,36,HOM_5_36_chat.txt,3,17,4,0,2,2,1,2,10,48
hom,5,1,0,36,HOM_5_36_chat.txt,3,28,4,0,1,2,1,2,10,57
hom,5,1,0,36,HOM_5_36_chat.txt,3,19,4,0,1,1,1,2,10,26
hom,5,1,0,36,HOM_5_36_chat.txt,3,29,4,0,2,1,1,2,10,74
hom,5,1,0,36,HOM_5_36_chat.txt,3,11,4,0,1,1,1,2,10,26
hom,5,1,0,36,HOM_5_36_chat.txt,3,2,4,0,1,1,1,2,10,80
hom,5,1,0,36,HOM_5_36_chat.txt,4,7,1,0,1,1,1,1,100,84
hom,5,1,0,36,HOM_5_36_chat.txt,4,23,1,0,1,1,1,1,100,32
hom,5,1,0,36,HOM_5_36_chat.txt,4,10,1,0,1,1,1,1,100,47
hom,5,1,0,36,HOM_5_36_chat.txt,4,6,1,0,1,1,1,1,100,33
hom,5,1,0,36,HOM_5_36_chat.txt,4,34,1,0,1,1,1,1,100,36
hom,5,1,0,36,HOM_5_36_chat.txt,4,32,1,0,2,1,1,1,100,34
hom,5,1,0,36,HOM_5_36_chat.txt,4,15,1,0,1,1,1,1,100,6
hom,5,1,0,36,HOM_5_36_chat.txt,4,9,1,0,1,1,1,1,100,42
hom,5,1,0,36,HOM_5_36_chat.txt,4,25,1,0,1,1,1,1,100,41
hom,5,1,0,36,HOM_5_36_chat.txt,4,30,2,0,1,1,1,1,100,66
hom,5,1,0,36,HOM_5_36_chat.txt,4,17,2,0,1,1,1,1,100,9
hom,5,1,0,36,HOM_5_36_chat.txt,4,4,2,0,1,1,1,1,100,62
hom,5,1,0,36,HOM_5_36_chat.txt,4,29,2,0,1,1,1,1,100,61
hom,5,1,0,36,HOM_5_36_chat.txt,4,18,2,0,1,1,1,1,100,146
hom,5,1,0,36,HOM_5_36_chat.txt,4,21,2,0,2,1,1,1,100,166
hom,5,1,0,36,HOM_5_36_chat.txt,4,3,2,0,1,1,1,1,100,27
hom,5,1,0,36,HOM_5_36_chat.txt,4,20,2,0,2,1,1,1,100,20
hom,5,1,0,36,HOM_5_36_chat.txt,4,2,2,0,1,1,1,1,100,35
hom,5,1,0,36,HOM_5_36_chat.txt,4,19,3,0,2,2,2,2,100,79
hom,5,1,0,36,HOM_5_36_chat.txt,4,27,3,0,1,2,2,2,100,95
hom,5,1,0,36,HOM_5_36_chat.txt,4,35,3,0,2,2,2,2,100,70
hom,5,1,0,36,HOM_5_36_chat.txt,4,1,3,0,2,2,2,2,100,4
hom,5,1,0,36,HOM_5_36_chat.txt,4,24,3,0,1,2,2,2,100,84
hom,5,1,0,36,HOM_5_36_chat.txt,4,11,3,0,2,2,2,2,100,79
hom,5,1,0,36,HOM_5_36_chat.txt,4,5,3,0,1,2,2,2,100,83
hom,5,1,0,36,HOM_5_36_chat.txt,4,14,3,0,1,1,2,2,100,5
hom,5,1,0,36,HOM_5_36_chat.txt,4,13,3,0,2,2,2,2,100,44
hom,5,1,0,36,HOM_5_36_chat.txt,4,28,4,0,1,1,1,1,100,29
hom,5,1,0,36,HOM_5_36_chat.txt,4,26,4,0,1,1,1,1,100,27
hom,5,1,0,36,HOM_5_36_chat.txt,4,12,4,0,2,1,1,1,100,26
hom,5,1,0,36,HOM_5_36_chat.txt,4,31,4,0,1,1,1,1,100,23
hom,5,1,0,36,HOM_5_36_chat.txt,4,8,4,0,1,1,1,1,100,26
hom,5,1,0,36,HOM_5_36_chat.txt,4,22,4,0,1,1,1,1,100,21
hom,5,1,0,36,HOM_5_36_chat.txt,4,36,4,0,1,1,1,1,100,34
hom,5,1,0,36,HOM_5_36_chat.txt,4,16,4,0,1,1,1,1,100,25
hom,5,1,0,36,HOM_5_36_chat.txt,4,33,4,0,1,1,1,1,100,33
hom,5,1,0,36,HOM_5_36_chat.txt,5,35,1,0,1,1,2,2,100,38
hom,5,1,0,36,HOM_5_36_chat.txt,5,16,1,0,2,2,2,2,100,28
hom,5,1,0,36,HOM_5_36_chat.txt,5,31,1,0,2,2,2,2,100,27
hom,5,1,0,36,HOM_5_36_chat.txt,5,11,1,0,2,2,2,2,100,62
hom,5,1,0,36,HOM_5_36_chat.txt,5,15,1,0,2,2,2,2,100,7
hom,5,1,0,36,HOM_5_36_chat.txt,5,18,1,0,1,2,2,2,100,102
hom,5,1,0,36,HOM_5_36_chat.txt,5,34,1,0,2,2,2,2,100,35
hom,5,1,0,36,HOM_5_36_chat.txt,5,5,1,0,1,2,2,2,100,30
hom,5,1,0,36,HOM_5_36_chat.txt,5,13,1,0,2,2,2,2,100,63
hom,5,1,0,36,HOM_5_36_chat.txt,5,25,2,0,2,2,2,2,100,16
hom,5,1,0,36,HOM_5_36_chat.txt,5,14,2,0,2,2,2,2,100,17
hom,5,1,0,36,HOM_5_36_chat.txt,5,9,2,0,2,2,2,2,100,77
hom,5,1,0,36,HOM_5_36_chat.txt,5,22,2,0,2,2,2,2,100,18
hom,5,1,0,36,HOM_5_36_chat.txt,5,4,2,0,2,2,2,2,100,124
hom,5,1,0,36,HOM_5_36_chat.txt,5,26,2,0,2,2,2,2,100,51
hom,5,1,0,36,HOM_5_36_chat.txt,5,27,2,0,1,2,2,2,100,132
hom,5,1,0,36,HOM_5_36_chat.txt,5,33,2,0,2,2,2,2,100,60
hom,5,1,0,36,HOM_5_36_chat.txt,5,17,2,0,1,2,2,2,100,44
hom,5,1,0,36,HOM_5_36_chat.txt,5,28,3,0,1,1,1,1,100,36
hom,5,1,0,36,HOM_5_36_chat.txt,5,36,3,0,1,1,1,1,100,54
hom,5,1,0,36,HOM_5_36_chat.txt,5,24,3,0,1,1,1,1,100,47
hom,5,1,0,36,HOM_5_36_chat.txt,5,21,3,0,1,1,1,1,100,149
hom,5,1,0,36,HOM_5_36_chat.txt,5,10,3,0,1,1,1,1,100,46
hom,5,1,0,36,HOM_5_36_chat.txt,5,12,3,0,2,1,1,1,100,14
hom,5,1,0,36,HOM_5_36_chat.txt,5,20,3,0,1,1,1,1,100,44
hom,5,1,0,36,HOM_5_36_chat.txt,5,3,3,0,1,1,1,1,100,44
hom,5,1,0,36,HOM_5_36_chat.txt,5,1,3,0,2,2,1,1,100,4
hom,5,1,0,36,HOM_5_36_chat.txt,5,7,4,0,1,1,1,1,100,133
hom,5,1,0,36,HOM_5_36_chat.txt,5,8,4,0,1,1,1,1,100,61
hom,5,1,0,36,HOM_5_36_chat.txt,5,19,4,0,1,1,1,1,100,161
hom,5,1,0,36,HOM_5_36_chat.txt,5,6,4,0,1,1,1,1,100,55
hom,5,1,0,36,HOM_5_36_chat.txt,5,30,4,0,2,1,1,1,100,74
hom,5,1,0,36,HOM_5_36_chat.txt,5,32,4,0,1,1,1,1,100,103
hom,5,1,0,36,HOM_5_36_chat.txt,5,23,4,0,1,1,1,1,100,24
hom,5,1,0,36,HOM_5_36_chat.txt,5,29,4,0,1,1,1,1,100,71
hom,5,1,0,36,HOM_5_36_chat.txt,5,2,4,0,1,1,1,1,100,13
hom,5,1,0,36,HOM_5_36_chat.txt,6,24,1,0,2,1,1,1,100,81
hom,5,1,0,36,HOM_5_36_chat.txt,6,25,1,0,2,1,1,1,100,83
hom,5,1,0,36,HOM_5_36_chat.txt,6,32,1,0,1,1,1,1,100,113
hom,5,1,0,36,HOM_5_36_chat.txt,6,18,1,0,1,1,1,1,100,111
hom,5,1,0,36,HOM_5_36_chat.txt,6,36,1,0,1,1,1,1,100,151
hom,5,1,0,36,HOM_5_36_chat.txt,6,19,1,0,2,2,1,1,100,43
hom,5,1,0,36,HOM_5_36_chat.txt,6,3,1,0,1,1,1,1,100,56
hom,5,1,0,36,HOM_5_36_chat.txt,6,12,1,0,1,1,1,1,100,14
hom,5,1,0,36,HOM_5_36_chat.txt,6,31,1,0,1,1,1,1,100,51
hom,5,1,0,36,HOM_5_36_chat.txt,6,13,2,0,1,1,1,1,100,77
hom,5,1,0,36,HOM_5_36_chat.txt,6,35,2,0,1,1,1,1,100,36
hom,5,1,0,36,HOM_5_36_chat.txt,6,21,2,0,1,1,1,1,100,125
hom,5,1,0,36,HOM_5_36_chat.txt,6,22,2,0,2,1,1,1,100,48
hom,5,1,0,36,HOM_5_36_chat.txt,6,17,2,0,1,1,1,1,100,23
hom,5,1,0,36,HOM_5_36_chat.txt,6,28,2,0,1,1,1,1,100,38
hom,5,1,0,36,HOM_5_36_chat.txt,6,16,2,0,1,1,1,1,100,43
hom,5,1,0,36,HOM_5_36_chat.txt,6,29,2,0,1,1,1,1,100,98
hom,5,1,0,36,HOM_5_36_chat.txt,6,27,2,0,1,1,1,1,100,84
hom,5,1,0,36,HOM_5_36_chat.txt,6,14,3,0,2,2,2,2,100,31
hom,5,1,0,36,HOM_5_36_chat.txt,6,6,3,0,2,2,2,2,100,31
hom,5,1,0,36,HOM_5_36_chat.txt,6,30,3,0,1,2,2,2,100,70
hom,5,1,0,36,HOM_5_36_chat.txt,6,34,3,0,1,2,2,2,100,67
hom,5,1,0,36,HOM_5_36_chat.txt,6,4,3,0,2,2,2,2,100,24
hom,5,1,0,36,HOM_5_36_chat.txt,6,33,3,0,2,2,2,2,100,49
hom,5,1,0,36,HOM_5_36_chat.txt,6,20,3,0,2,2,2,2,100,21
hom,5,1,0,36,HOM_5_36_chat.txt,6,7,3,0,2,2,2,2,100,74
hom,5,1,0,36,HOM_5_36_chat.txt,6,8,3,0,2,2,2,2,100,30
hom,5,1,0,36,HOM_5_36_chat.txt,6,9,4,0,1,1,1,2,10,53
hom,5,1,0,36,HOM_5_36_chat.txt,6,23,4,0,1,1,1,2,10,55
hom,5,1,0,36,HOM_5_36_chat.txt,6,1,4,0,1,1,1,2,10,4
hom,5,1,0,36,HOM_5_36_chat.txt,6,10,4,0,2,1,1,2,10,113
hom,5,1,0,36,HOM_5_36_chat.txt,6,2,4,0,1,1,1,2,10,52
hom,5,1,0,36,HOM_5_36_chat.txt,6,11,4,0,2,1,1,2,10,122
hom,5,1,0,36,HOM_5_36_chat.txt,6,15,4,0,2,2,1,2,10,12
hom,5,1,0,36,HOM_5_36_chat.txt,6,5,4,0,1,1,1,2,10,39
hom,5,1,0,36,HOM_5_36_chat.txt,6,26,4,0,1,1,1,2,10,56
hom,5,1,0,36,HOM_5_36_chat.txt,7,18,1,0,2,2,2,2,100,146
hom,5,1,0,36,HOM_5_36_chat.txt,7,30,1,0,1,2,2,2,100,70
hom,5,1,0,36,HOM_5_36_chat.txt,7,11,1,0,1,2,2,2,100,71
hom,5,1,0,36,HOM_5_36_chat.txt,7,23,1,0,2,2,2,2,100,39
hom,5,1,0,36,HOM_5_36_chat.txt,7,22,1,0,1,2,2,2,100,50
hom,5,1,0,36,HOM_5_36_chat.txt,7,4,1,0,2,2,2,2,100,140
hom,5,1,0,36,HOM_5_36_chat.txt,7,8,1,0,2,2,2,2,100,45
hom,5,1,0,36,HOM_5_36_chat.txt,7,19,1,0,2,1,2,2,100,128
hom,5,1,0,36,HOM_5_36_chat.txt,7,6,1,0,2,2,2,2,100,85
hom,5,1,0,36,HOM_5_36_chat.txt,7,5,2,0,2,2,1,2,10,35
hom,5,1,0,36,HOM_5_36_chat.txt,7,32,2,0,1,1,1,2,10,147
hom,5,1,0,36,HOM_5_36_chat.txt,7,34,2,0,2,1,1,2,10,155
hom,5,1,0,36,HOM_5_36_chat.txt,7,12,2,0,2,1,1,2,10,152
hom,5,1,0,36,HOM_5_36_chat.txt,7,15,2,0,1,1,1,2,10,13
hom,5,1,0,36,HOM_5_36_chat.txt,7,1,2,0,2,2,1,2,10,3
hom,5,1,0,36,HOM_5_36_chat.txt,7,10,2,0,1,1,1,2,10,39
hom,5,1,0,36,HOM_5_36_chat.txt,7,29,2,0,2,1,1,2,10,153
hom,5,1,0,36,HOM_5_36_chat.txt,7,24,2,0,1,1,1,2,10,159
hom,5,1,0,36,HOM_5_36_chat.txt,7,25,3,0,1,1,1,1,100,66
hom,5,1,0,36,HOM_5_36_chat.txt,7,3,3,0,2,2,1,1,100,65
hom,5,1,0,36,HOM_5_36_chat.txt,7,14,3,0,1,1,1,1,100,22
hom,5,1,0,36,HOM_5_36_chat.txt,7,7,3,0,1,1,1,1,100,135
hom,5,1,0,36,HOM_5_36_chat.txt,7,27,3,0,1,1,1,1,100,109
hom,5,1,0,36,HOM_5_36_chat.txt,7,31,3,0,1,1,1,1,100,31
hom,5,1,0,36,HOM_5_36_chat.txt,7,17,3,0,2,1,1,1,100,48
hom,5,1,0,36,HOM_5_36_chat.txt,7,16,3,0,2,1,1,1,100,30
hom,5,1,0,36,HOM_5_36_chat.txt,7,20,3,0,1,1,1,1,100,29
hom,5,1,0,36,HOM_5_36_chat.txt,7,35,4,0,1,1,1,1,100,41
hom,5,1,0,36,HOM_5_36_chat.txt,7,33,4,0,2,1,1,1,100,97
hom,5,1,0,36,HOM_5_36_chat.txt,7,28,4,0,1,1,1,1,100,89
hom,5,1,0,36,HOM_5_36_chat.txt,7,21,4,0,1,1,1,1,100,100
hom,5,1,0,36,HOM_5_36_chat.txt,7,9,4,0,2,1,1,1,100,87
hom,5,1,0,36,HOM_5_36_chat.txt,7,13,4,0,1,1,1,1,100,98
hom,5,1,0,36,HOM_5_36_chat.txt,7,26,4,0,1,1,1,1,100,75
hom,5,1,0,36,HOM_5_36_chat.txt,7,2,4,0,1,1,1,1,100,16
hom,5,1,0,36,HOM_5_36_chat.txt,7,36,4,0,1,1,1,1,100,96
hom,5,1,0,36,HOM_5_36_chat.txt,8,13,1,0,2,2,1,1,100,118
hom,5,1,0,36,HOM_5_36_chat.txt,8,27,1,0,1,1,1,1,100,128
hom,5,1,0,36,HOM_5_36_chat.txt,8,30,1,0,1,1,1,1,100,78
hom,5,1,0,36,HOM_5_36_chat.txt,8,3,1,0,1,1,1,1,100,82
hom,5,1,0,36,HOM_5_36_chat.txt,8,8,1,0,2,1,1,1,100,76
hom,5,1,0,36,HOM_5_36_chat.txt,8,24,1,0,1,1,1,1,100,92
hom,5,1,0,36,HOM_5_36_chat.txt,8,33,1,0,2,1,1,1,100,97
hom,5,1,0,36,HOM_5_36_chat.txt,8,10,1,0,1,1,1,1,100,111
hom,5,1,0,36,HOM_5_36_chat.txt,8,35,1,0,1,1,1,1,100,69
hom,5,1,0,36,HOM_5_36_chat.txt,8,22,2,0,1,2,2,2,100,55
hom,5,1,0,36,HOM_5_36_chat.txt,8,32,2,0,1,2,2,2,100,45
hom,5,1,0,36,HOM_5_36_chat.txt,8,14,2,0,2,2,2,2,100,29
hom,5,1,0,36,HOM_5_36_chat.txt,8,20,2,0,2,2,2,2,100,39
hom,5,1,0,36,HOM_5_36_chat.txt,8,7,2,0,1,2,2,2,100,61
hom,5,1,0,36,HOM_5_36_chat.txt,8,4,2,0,2,2,2,2,100,41
hom,5,1,0,36,HOM_5_36_chat.txt,8,2,2,0,2,2,2,2,100,42
hom,5,1,0,36,HOM_5_36_chat.txt,8,19,2,0,2,1,2,2,100,54
hom,5,1,0,36,HOM_5_36_chat.txt,8,11,2,0,2,2,2,2,100,49
hom,5,1,0,36,HOM_5_36_chat.txt,8,12,3,0,2,2,2,2,100,29
hom,5,1,0,36,HOM_5_36_chat.txt,8,16,3,0,2,2,2,2,100,33
hom,5,1,0,36,HOM_5_36_chat.txt,8,5,3,0,1,1,2,2,100,46
hom,5,1,0,36,HOM_5_36_chat.txt,8,6,3,0,2,2,2,2,100,33
hom,5,1,0,36,HOM_5_36_chat.txt,8,21,3,0,2,2,2,2,100,91
hom,5,1,0,36,HOM_5_36_chat.txt,8,25,3,0,2,2,2,2,100,51
hom,5,1,0,36,HOM_5_36_chat.txt,8,34,3,0,2,2,2,2,100,67
hom,5,1,0,36,HOM_5_36_chat.txt,8,28,3,0,2,2,2,2,100,54
hom,5,1,0,36,HOM_5_36_chat.txt,8,1,3,0,1,1,2,2,100,5
hom,5,1,0,36,HOM_5_36_chat.txt,8,17,4,0,2,2,1,2,10,60
hom,5,1,0,36,HOM_5_36_chat.txt,8,9,4,0,1,1,1,2,10,117
hom,5,1,0,36,HOM_5_36_chat.txt,8,29,4,0,2,1,1,2,10,75
hom,5,1,0,36,HOM_5_36_chat.txt,8,18,4,0,1,1,1,2,10,122
hom,5,1,0,36,HOM_5_36_chat.txt,8,15,4,0,2,2,1,2,10,26
hom,5,1,0,36,HOM_5_36_chat.txt,8,36,4,0,1,1,1,2,10,119
hom,5,1,0,36,HOM_5_36_chat.txt,8,31,4,0,2,1,1,2,10,82
hom,5,1,0,36,HOM_5_36_chat.txt,8,23,4,0,1,1,1,2,10,77
hom,5,1,0,36,HOM_5_36_chat.txt,8,26,4,0,2,2,1,2,10,103
hom,5,1,0,36,HOM_5_36_chat.txt,9,17,1,0,2,2,2,2,100,33
hom,5,1,0,36,HOM_5_36_chat.txt,9,10,1,0,2,2,2,2,100,38
hom,5,1,0,36,HOM_5_36_chat.txt,9,3,1,0,1,1,2,2,100,47
hom,5,1,0,36,HOM_5_36_chat.txt,9,32,1,0,2,2,2,2,100,34
hom,5,1,0,36,HOM_5_36_chat.txt,9,25,1,0,1,2,2,2,100,41
hom,5,1,0,36,HOM_5_36_chat.txt,9,24,1,0,2,2,2,2,100,41
hom,5,1,0,36,HOM_5_36_chat.txt,9,4,1,0,2,2,2,2,100,40
hom,5,1,0,36,HOM_5_36_chat.txt,9,31,1,0,2,2,2,2,100,34
hom,5,1,0,36,HOM_5_36_chat.txt,9,28,1,0,1,2,2,2,100,41
hom,5,1,0,36,HOM_5_36_chat.txt,9,1,2,0,1,1,2,1,10,3
hom,5,1,0,36,HOM_5_36_chat.txt,9,30,2,0,1,2,2,1,10,99
hom,5,1,0,36,HOM_5_36_chat.txt,9,9,2,0,2,2,2,1,10,57
hom,5,1,0,36,HOM_5_36_chat.txt,9,11,2,0,2,2,2,1,10,53
hom,5,1,0,36,HOM_5_36_chat.txt,9,29,2,0,2,2,2,1,10,95
hom,5,1,0,36,HOM_5_36_chat.txt,9,26,2,0,2,2,2,1,10,62
hom,5,1,0,36,HOM_5_36_chat.txt,9,12,2,0,1,2,2,1,10,39
hom,5,1,0,36,HOM_5_36_chat.txt,9,14,2,0,1,1,2,1,10,60
hom,5,1,0,36,HOM_5_36_chat.txt,9,27,2,0,2,2,2,1,10,106
hom,5,1,0,36,HOM_5_36_chat.txt,9,33,3,0,2,2,2,2,100,43
hom,5,1,0,36,HOM_5_36_chat.txt,9,7,3,0,2,2,2,2,100,40
hom,5,1,0,36,HOM_5_36_chat.txt,9,15,3,0,1,2,2,2,100,41
hom,5,1,0,36,HOM_5_36_chat.txt,9,23,3,0,2,2,2,2,100,24
hom,5,1,0,36,HOM_5_36_chat.txt,9,13,3,0,2,2,2,2,100,36
hom,5,1,0,36,HOM_5_36_chat.txt,9,19,3,0,2,2,2,2,100,39
hom,5,1,0,36,HOM_5_36_chat.txt,9,16,3,0,2,2,2,2,100,33
hom,5,1,0,36,HOM_5_36_chat.txt,9,35,3,0,2,2,2,2,100,31
hom,5,1,0,36,HOM_5_36_chat.txt,9,20,3,0,2,2,2,2,100,31
hom,5,1,0,36,HOM_5_36_chat.txt,9,6,4,0,1,1,1,1,100,82
hom,5,1,0,36,HOM_5_36_chat.txt,9,2,4,0,1,1,1,1,100,32
hom,5,1,0,36,HOM_5_36_chat.txt,9,21,4,0,1,1,1,1,100,131
hom,5,1,0,36,HOM_5_36_chat.txt,9,18,4,0,2,2,1,1,100,115
hom,5,1,0,36,HOM_5_36_chat.txt,9,34,4,0,1,1,1,1,100,67
hom,5,1,0,36,HOM_5_36_chat.txt,9,5,4,0,1,1,1,1,100,7
hom,5,1,0,36,HOM_5_36_chat.txt,9,22,4,0,1,1,1,1,100,27
hom,5,1,0,36,HOM_5_36_chat.txt,9,8,4,0,1,1,1,1,100,24
hom,5,1,0,36,HOM_5_36_chat.txt,9,36,4,0,2,1,1,1,100,114
hom,5,1,0,36,HOM_5_36_chat.txt,10,26,1,0,2,2,2,2,100,22
hom,5,1,0,36,HOM_5_36_chat.txt,10,3,1,0,1,1,2,2,100,31
hom,5,1,0,36,HOM_5_36_chat.txt,10,11,1,0,2,2,2,2,100,23
hom,5,1,0,36,HOM_5_36_chat.txt,10,18,1,0,2,2,2,2,100,38
hom,5,1,0,36,HOM_5_36_chat.txt,10,1,1,0,1,1,2,2,100,2
hom,5,1,0,36,HOM_5_36_chat.txt,10,6,1,0,2,2,2,2,100,62
hom,5,1,0,36,HOM_5_36_chat.txt,10,7,1,0,2,2,2,2,100,33
hom,5,1,0,36,HOM_5_36_chat.txt,10,25,1,0,2,2,2,2,100,23
hom,5,1,0,36,HOM_5_36_chat.txt,10,31,1,0,2,2,2,2,100,22
hom,5,1,0,36,HOM_5_36_chat.txt,10,28,2,0,2,2,2,2,100,97
hom,5,1,0,36,HOM_5_36_chat.txt,10,9,2,0,2,2,2,2,100,67
hom,5,1,0,36,HOM_5_36_chat.txt,10,5,2,0,1,1,2,2,100,35
hom,5,1,0,36,HOM_5_36_chat.txt,10,36,2,0,2,2,2,2,100,68
hom,5,1,0,36,HOM_5_36_chat.txt,10,35,2,0,2,2,2,2,100,42
hom,5,1,0,36,HOM_5_36_chat.txt,10,24,2,0,2,2,2,2,100,44
hom,5,1,0,36,HOM_5_36_chat.txt,10,16,2,0,2,2,2,2,100,41
hom,5,1,0,36,HOM_5_36_chat.txt,10,19,2,0,1,2,2,2,100,70
hom,5,1,0,36,HOM_5_36_chat.txt,10,33,2,0,2,2,2,2,100,71
hom,5,1,0,36,HOM_5_36_chat.txt,10,12,3,0,1,1,1,1,100,19
hom,5,1,0,36,HOM_5_36_chat.txt,10,14,3,0,2,1,1,1,100,22
hom,5,1,0,36,HOM_5_36_chat.txt,10,13,3,0,1,1,1,1,100,19
hom,5,1,0,36,HOM_5_36_chat.txt,10,34,3,0,1,1,1,1,100,35
hom,5,1,0,36,HOM_5_36_chat.txt,10,22,3,0,2,1,1,1,100,33
hom,5,1,0,36,HOM_5_36_chat.txt,10,15,3,0,1,1,1,1,100,25
hom,5,1,0,36,HOM_5_36_chat.txt,10,17,3,0,1,1,1,1,100,9
hom,5,1,0,36,HOM_5_36_chat.txt,10,4,3,0,1,1,1,1,100,24
hom,5,1,0,36,HOM_5_36_chat.txt,10,20,3,0,1,1,1,1,100,15
hom,5,1,0,36,HOM_5_36_chat.txt,10,8,4,0,2,1,1,1,100,23
hom,5,1,0,36,HOM_5_36_chat.txt,10,10,4,0,1,1,1,1,100,35
hom,5,1,0,36,HOM_5_36_chat.txt,10,30,4,0,1,1,1,1,100,27
hom,5,1,0,36,HOM_5_36_chat.txt,10,29,4,0,1,1,1,1,100,40
hom,5,1,0,36,HOM_5_36_chat.txt,10,32,4,0,1,1,1,1,100,32
hom,5,1,0,36,HOM_5_36_chat.txt,10,2,4,0,1,1,1,1,100,18
hom,5,1,0,36,HOM_5_36_chat.txt,10,23,4,0,1,1,1,1,100,16
hom,5,1,0,36,HOM_5_36_chat.txt,10,21,4,0,1,1,1,1,100,64
hom,5,1,0,36,HOM_5_36_chat.txt,10,27,4,0,2,1,1,1,100,52
hom,5,1,0,36,HOM_5_36_chat.txt,11,21,1,0,1,1,1,1,100,136
hom,5,1,0,36,HOM_5_36_chat.txt,11,31,1,0,1,1,1,1,100,56
hom,5,1,0,36,HOM_5_36_chat.txt,11,9,1,0,2,2,1,1,100,123
hom,5,1,0,36,HOM_5_36_chat.txt,11,7,1,0,2,1,1,1,100,141
hom,5,1,0,36,HOM_5_36_chat.txt,11,25,1,0,1,1,1,1,100,55
hom,5,1,0,36,HOM_5_36_chat.txt,11,2,1,0,1,1,1,1,100,95
hom,5,1,0,36,HOM_5_36_chat.txt,11,16,1,0,1,1,1,1,100,36
hom,5,1,0,36,HOM_5_36_chat.txt,11,27,1,0,1,1,1,1,100,135
hom,5,1,0,36,HOM_5_36_chat.txt,11,32,1,0,2,1,1,1,100,124
hom,5,1,0,36,HOM_5_36_chat.txt,11,8,2,0,1,2,2,2,100,32
hom,5,1,0,36,HOM_5_36_chat.txt,11,17,2,0,1,1,2,2,100,15
hom,5,1,0,36,HOM_5_36_chat.txt,11,23,2,0,2,2,2,2,100,30
hom,5,1,0,36,HOM_5_36_chat.txt,11,6,2,0,2,2,2,2,100,113
hom,5,1,0,36,HOM_5_36_chat.txt,11,28,2,0,1,2,2,2,100,67
hom,5,1,0,36,HOM_5_36_chat.txt,11,19,2,0,2,2,2,2,100,33
hom,5,1,0,36,HOM_5_36_chat.txt,11,26,2,0,1,2,2,2,100,144
hom,5,1,0,36,HOM_5_36_chat.txt,11,12,2,0,2,2,2,2,100,110
hom,5,1,0,36,HOM_5_36_chat.txt,11,24,2,0,2,2,2,2,100,33
hom,5,1,0,36,HOM_5_36_chat.txt,11,3,3,0,1,1,1,2,10,37
hom,5,1,0,36,HOM_5_36_chat.txt,11,5,3,0,2,2,1,2,10,27
hom,5,1,0,36,HOM_5_36_chat.txt,11,13,3,0,1,1,1,2,10,51
hom,5,1,0,36,HOM_5_36_chat.txt,11,14,3,0,2,1,1,2,10,34
hom,5,1,0,36,HOM_5_36_chat.txt,11,15,3,0,2,1,1,2,10,32
hom,5,1,0,36,HOM_5_36_chat.txt,11,34,3,0,1,1,1,2,10,50
hom,5,1,0,36,HOM_5_36_chat.txt,11,11,3,0,1,1,1,2,10,33
hom,5,1,0,36,HOM_5_36_chat.txt,11,22,3,0,2,1,1,2,10,36
hom,5,1,0,36,HOM_5_36_chat.txt,11,33,3,0,1,1,1,2,10,38
hom,5,1,0,36,HOM_5_36_chat.txt,11,36,4,0,2,2,2,2,100,125
hom,5,1,0,36,HOM_5_36_chat.txt,11,1,4,0,2,2,2,2,100,5
hom,5,1,0,36,HOM_5_36_chat.txt,11,35,4,0,2,2,2,2,100,37
hom,5,1,0,36,HOM_5_36_chat.txt,11,18,4,0,1,2,2,2,100,112
hom,5,1,0,36,HOM_5_36_chat.txt,11,4,4,0,2,2,2,2,100,120
hom,5,1,0,36,HOM_5_36_chat.txt,11,30,4,0,2,2,2,2,100,94
hom,5,1,0,36,HOM_5_36_chat.txt,11,20,4,0,2,2,2,2,100,110
hom,5,1,0,36,HOM_5_36_chat.txt,11,10,4,0,1,2,2,2,100,58
hom,5,1,0,36,HOM_5_36_chat.txt,11,29,4,0,1,2,2,2,100,133
hom,5,1,0,36,HOM_5_36_chat.txt,12,3,1,0,2,2,2,2,100,67
hom,5,1,0,36,HOM_5_36_chat.txt,12,36,1,0,2,2,2,2,100,103
hom,5,1,0,36,HOM_5_36_chat.txt,12,23,1,0,2,2,2,2,100,20
hom,5,1,0,36,HOM_5_36_chat.txt,12,27,1,0,2,2,2,2,100,68
hom,5,1,0,36,HOM_5_36_chat.txt,12,16,1,0,2,2,2,2,100,47
hom,5,1,0,36,HOM_5_36_chat.txt,12,5,1,0,1,1,2,2,100,69
hom,5,1,0,36,HOM_5_36_chat.txt,12,11,1,0,1,1,2,2,100,43
hom,5,1,0,36,HOM_5_36_chat.txt,12,32,1,0,2,2,2,2,100,124
hom,5,1,0,36,HOM_5_36_chat.txt,12,33,1,0,2,2,2,2,100,124
hom,5,1,0,36,HOM_5_36_chat.txt,12,8,2,0,2,2,2,2,100,40
hom,5,1,0,36,HOM_5_36_chat.txt,12,15,2,0,2,2,2,2,100,47
hom,5,1,0,36,HOM_5_36_chat.txt,12,12,2,0,1,2,2,2,100,42
hom,5,1,0,36,HOM_5_36_chat.txt,12,17,2,0,2,2,2,2,100,34
hom,5,1,0,36,HOM_5_36_chat.txt,12,18,2,0,1,2,2,2,100,50
hom,5,1,0,36,HOM_5_36_chat.txt,12,29,2,0,2,2,2,2,100,30
hom,5,1,0,36,HOM_5_36_chat.txt,12,9,2,0,1,2,2,2,100,35
hom,5,1,0,36,HOM_5_36_chat.txt,12,10,2,0,2,2,2,2,100,34
hom,5,1,0,36,HOM_5_36_chat.txt,12,31,2,0,2,2,2,2,100,38
hom,5,1,0,36,HOM_5_36_chat.txt,12,20,3,0,1,1,1,1,100,27
hom,5,1,0,36,HOM_5_36_chat.txt,12,26,3,0,1,1,1,1,100,23
hom,5,1,0,36,HOM_5_36_chat.txt,12,2,3,0,1,1,1,1,100,26
hom,5,1,0,36,HOM_5_36_chat.txt,12,19,3,0,2,1,1,1,100,22
hom,5,1,0,36,HOM_5_36_chat.txt,12,14,3,0,1,1,1,1,100,16
hom,5,1,0,36,HOM_5_36_chat.txt,12,7,3,0,2,1,1,1,100,54
hom,5,1,0,36,HOM_5_36_chat.txt,12,34,3,0,1,1,1,1,100,27
hom,5,1,0,36,HOM_5_36_chat.txt,12,28,3,0,1,1,1,1,100,23
hom,5,1,0,36,HOM_5_36_chat.txt,12,6,3,0,2,2,1,1,100,53
hom,5,1,0,36,HOM_5_36_chat.txt,12,1,4,0,2,2,2,2,100,8
hom,5,1,0,36,HOM_5_36_chat.txt,12,13,4,0,1,1,2,2,100,59
hom,5,1,0,36,HOM_5_36_chat.txt,12,35,4,0,2,2,2,2,100,33
hom,5,1,0,36,HOM_5_36_chat.txt,12,24,4,0,2,2,2,2,100,25
hom,5,1,0,36,HOM_5_36_chat.txt,12,21,4,0,2,2,2,2,100,44
hom,5,1,0,36,HOM_5_36_chat.txt,12,25,4,0,2,2,2,2,100,22
hom,5,1,0,36,HOM_5_36_chat.txt,12,30,4,0,2,2,2,2,100,43
hom,5,1,0,36,HOM_5_36_chat.txt,12,22,4,0,2,2,2,2,100,50
hom,5,1,0,36,HOM_5_36_chat.txt,12,4,4,0,2,2,2,2,100,39
hom,5,1,0,36,HOM_5_36_chat.txt,13,18,1,0,2,2,2,2,100,68
hom,5,1,0,36,HOM_5_36_chat.txt,13,10,1,0,2,2,2,2,100,48
hom,5,1,0,36,HOM_5_36_chat.txt,13,30,1,0,1,2,2,2,100,72
hom,5,1,0,36,HOM_5_36_chat.txt,13,14,1,0,2,2,2,2,100,41
hom,5,1,0,36,HOM_5_36_chat.txt,13,22,1,0,1,2,2,2,100,50
hom,5,1,0,36,HOM_5_36_chat.txt,13,12,1,0,2,2,2,2,100,32
hom,5,1,0,36,HOM_5_36_chat.txt,13,29,1,0,1,2,2,2,100,55
hom,5,1,0,36,HOM_5_36_chat.txt,13,25,1,0,2,2,2,2,100,34
hom,5,1,0,36,HOM_5_36_chat.txt,13,4,1,0,2,2,2,2,100,56
hom,5,1,0,36,HOM_5_36_chat.txt,13,9,2,0,1,1,1,1,100,25
hom,5,1,0,36,HOM_5_36_chat.txt,13,19,2,0,1,1,1,1,100,22
hom,5,1,0,36,HOM_5_36_chat.txt,13,34,2,0,1,1,1,1,100,63
hom,5,1,0,36,HOM_5_36_chat.txt,13,28,2,0,1,1,1,1,100,50
hom,5,1,0,36,HOM_5_36_chat.txt,13,24,2,0,1,1,1,1,100,21
hom,5,1,0,36,HOM_5_36_chat.txt,13,7,2,0,2,1,1,1,100,46
hom,5,1,0,36,HOM_5_36_chat.txt,13,6,2,0,1,1,1,1,100,44
hom,5,1,0,36,HOM_5_36_chat.txt,13,27,2,0,1,1,1,1,100,93
hom,5,1,0,36,HOM_5_36_chat.txt,13,17,2,0,1,1,1,1,100,10
hom,5,1,0,36,HOM_5_36_chat.txt,13,1,3,0,1,1,2,2,100,3
hom,5,1,0,36,HOM_5_36_chat.txt,13,2,3,0,2,2,2,2,100,61
hom,5,1,0,36,HOM_5_36_chat.txt,13,20,3,0,1,2,2,2,100,51
hom,5,1,0,36,HOM_5_36_chat.txt,13,26,3,0,2,2,2,2,100,64
hom,5,1,0,36,HOM_5_36_chat.txt,13,32,3,0,1,2,2,2,100,62
hom,5,1,0,36,HOM_5_36_chat.txt,13,33,3,0,1,2,2,2,100,68
hom,5,1,0,36,HOM_5_36_chat.txt,13,11,3,0,2,2,2,2,100,49
hom,5,1,0,36,HOM_5_36_chat.txt,13,3,3,0,2,2,2,2,100,48
hom,5,1,0,36,HOM_5_36_chat.txt,13,15,3,0,2,2,2,2,100,70
hom,5,1,0,36,HOM_5_36_chat.txt,13,13,4,0,2,2,2,2,100,118
hom,5,1,0,36,HOM_5_36_chat.txt,13,36,4,0,2,2,2,2,100,81
hom,5,1,0,36,HOM_5_36_chat.txt,13,8,4,0,1,2,2,2,100,64
hom,5,1,0,36,HOM_5_36_chat.txt,13,31,4,0,2,2,2,2,100,42
hom,5,1,0,36,HOM_5_36_chat.txt,13,21,4,0,1,2,2,2,100,141
hom,5,1,0,36,HOM_5_36_chat.txt,13,35,4,0,2,2,2,2,100,35
hom,5,1,0,36,HOM_5_36_chat.txt,13,23,4,0,1,1,2,2,100,33
hom,5,1,0,36,HOM_5_36_chat.txt,13,16,4,0,2,2,2,2,100,51
hom,5,1,0,36,HOM_5_36_chat.txt,13,5,4,0,2,2,2,2,100,56
hom,5,1,0,36,HOM_5_36_chat.txt,14,32,1,0,1,1,1,1,100,29
hom,5,1,0,36,HOM_5_36_chat.txt,14,31,1,0,1,1,1,1,100,26
hom,5,1,0,36,HOM_5_36_chat.txt,14,14,1,0,1,1,1,1,100,23
hom,5,1,0,36,HOM_5_36_chat.txt,14,10,1,0,1,1,1,1,100,28
hom,5,1,0,36,HOM_5_36_chat.txt,14,1,1,0,1,1,1,1,100,4
hom,5,1,0,36,HOM_5_36_chat.txt,14,4,1,0,2,1,1,1,100,31
hom,5,1,0,36,HOM_5_36_chat.txt,14,19,1,0,1,1,1,1,100,21
hom,5,1,0,36,HOM_5_36_chat.txt,14,36,1,0,2,1,1,1,100,31
hom,5,1,0,36,HOM_5_36_chat.txt,14,22,1,0,1,1,1,1,100,24
hom,5,1,0,36,HOM_5_36_chat.txt,14,34,2,0,1,1,1,1,100,57
hom,5,1,0,36,HOM_5_36_chat.txt,14,18,2,0,2,2,1,1,100,77
hom,5,1,0,36,HOM_5_36_chat.txt,14,21,2,0,1,1,1,1,100,99
hom,5,1,0,36,HOM_5_36_chat.txt,14,6,2,0,1,1,1,1,100,60
hom,5,1,0,36,HOM_5_36_chat.txt,14,13,2,0,2,2,1,1,100,101
hom,5,1,0,36,HOM_5_36_chat.txt,14,20,2,0,1,1,1,1,100,55
hom,5,1,0,36,HOM_5_36_chat.txt,14,24,2,0,1,1,1,1,100,64
hom,5,1,0,36,HOM_5_36_chat.txt,14,23,2,0,1,1,1,1,100,24
hom,5,1,0,36,HOM_5_36_chat.txt,14,30,2,0,2,1,1,1,100,77
hom,5,1,0,36,HOM_5_36_chat.txt,14,35,3,0,2,1,1,1,100,45
hom,5,1,0,36,HOM_5_36_chat.txt,14,9,3,0,2,1,1,1,100,54
hom,5,1,0,36,HOM_5_36_chat.txt,14,27,3,0,1,1,1,1,100,90
hom,5,1,0,36,HOM_5_36_chat.txt,14,2,3,0,2,1,1,1,100,55
hom,5,1,0,36,HOM_5_36_chat.txt,14,29,3,0,1,1,1,1,100,39
hom,5,1,0,36,HOM_5_36_chat.txt,14,25,3,0,2,1,1,1,100,57
hom,5,1,0,36,HOM_5_36_chat.txt,14,28,3,0,1,1,1,1,100,54
hom,5,1,0,36,HOM_5_36_chat.txt,14,3,3,0,1,1,1,1,100,24
hom,5,1,0,36,HOM_5_36_chat.txt,14,11,3,0,1,1,1,1,100,31
hom,5,1,0,36,HOM_5_36_chat.txt,14,15,4,0,1,1,1,1,100,26
hom,5,1,0,36,HOM_5_36_chat.txt,14,8,4,0,1,1,1,1,100,33
hom,5,1,0,36,HOM_5_36_chat.txt,14,17,4,0,2,2,1,1,100,20
hom,5,1,0,36,HOM_5_36_chat.txt,14,33,4,0,1,1,1,1,100,109
hom,5,1,0,36,HOM_5_36_chat.txt,14,26,4,0,2,2,1,1,100,108
hom,5,1,0,36,HOM_5_36_chat.txt,14,12,4,0,1,1,1,1,100,96
hom,5,1,0,36,HOM_5_36_chat.txt,14,5,4,0,2,2,1,1,100,58
hom,5,1,0,36,HOM_5_36_chat.txt,14,16,4,0,2,2,1,1,100,80
hom,5,1,0,36,HOM_5_36_chat.txt,14,7,4,0,1,1,1,1,100,64
hom,5,1,0,36,HOM_5_36_chat.txt,15,20,1,0,2,2,2,2,100,24
hom,5,1,0,36,HOM_5_36_chat.txt,15,21,1,0,2,2,2,2,100,72
hom,5,1,0,36,HOM_5_36_chat.txt,15,31,1,0,1,2,2,2,100,35
hom,5,1,0,36,HOM_5_36_chat.txt,15,7,1,0,1,2,2,2,100,74
hom,5,1,0,36,HOM_5_36_chat.txt,15,3,1,0,2,2,2,2,100,37
hom,5,1,0,36,HOM_5_36_chat.txt,15,9,1,0,2,2,2,2,100,44
hom,5,1,0,36,HOM_5_36_chat.txt,15,19,1,0,2,2,2,2,100,49
hom,5,1,0,36,HOM_5_36_chat.txt,15,27,1,0,2,2,2,2,100,87
hom,5,1,0,36,HOM_5_36_chat.txt,15,25,1,0,2,2,2,2,100,26
hom,5,1,0,36,HOM_5_36_chat.txt,15,22,2,0,1,1,1,1,100,25
hom,5,1,0,36,HOM_5_36_chat.txt,15,10,2,0,1,1,1,1,100,24
hom,5,1,0,36,HOM_5_36_chat.txt,15,18,2,0,1,1,1,1,100,39
hom,5,1,0,36,HOM_5_36_chat.txt,15,15,2,0,1,1,1,1,100,12
hom,5,1,0,36,HOM_5_36_chat.txt,15,1,2,0,1,1,1,1,100,2
hom,5,1,0,36,HOM_5_36_chat.txt,15,36,2,0,1,1,1,1,100,24
hom,5,1,0,36,HOM_5_36_chat.txt,15,34,2,0,1,1,1,1,100,39
hom,5,1,0,36,HOM_5_36_chat.txt,15,26,2,0,1,1,1,1,100,26
hom,5,1,0,36,HOM_5_36_chat.txt,15,12,2,0,1,1,1,1,100,24
hom,5,1,0,36,HOM_5_36_chat.txt,15,13,3,0,1,1,2,2,100,91
hom,5,1,0,36,HOM_5_36_chat.txt,15,30,3,0,2,2,2,2,100,85
hom,5,1,0,36,HOM_5_36_chat.txt,15,33,3,0,2,2,2,2,100,84
hom,5,1,0,36,HOM_5_36_chat.txt,15,17,3,0,2,2,2,2,100,41
hom,5,1,0,36,HOM_5_36_chat.txt,15,11,3,0,2,2,2,2,100,14
hom,5,1,0,36,HOM_5_36_chat.txt,15,5,3,0,2,2,2,2,100,43
hom,5,1,0,36,HOM_5_36_chat.txt,15,28,3,0,2,2,2,2,100,55
hom,5,1,0,36,HOM_5_36_chat.txt,15,14,3,0,2,2,2,2,100,61
hom,5,1,0,36,HOM_5_36_chat.txt,15,6,3,0,1,2,2,2,100,77
hom,5,1,0,36,HOM_5_36_chat.txt,15,29,4,0,2,2,2,2,100,27
hom,5,1,0,36,HOM_5_36_chat.txt,15,8,4,0,2,2,2,2,100,14
hom,5,1,0,36,HOM_5_36_chat.txt,15,16,4,0,2,2,2,2,100,31
hom,5,1,0,36,HOM_5_36_chat.txt,15,35,4,0,2,2,2,2,100,35
hom,5,1,0,36,HOM_5_36_chat.txt,15,24,4,0,1,2,2,2,100,16
hom,5,1,0,36,HOM_5_36_chat.txt,15,4,4,0,2,2,2,2,100,22
hom,5,1,0,36,HOM_5_36_chat.txt,15,2,4,0,2,2,2,2,100,14
hom,5,1,0,36,HOM_5_36_chat.txt,15,23,4,0,2,2,2,2,100,14
hom,5,1,0,36,HOM_5_36_chat.txt,15,32,4,0,2,2,2,2,100,18
hom,5,0,0,36,HOM_5_36_nochat.txt,1,5,1,0,2,2,2,2,100,8
hom,5,0,0,36,HOM_5_36_nochat.txt,1,27,1,0,1,1,2,2,100,33
hom,5,0,0,36,HOM_5_36_nochat.txt,1,20,1,0,1,1,2,2,100,86
hom,5,0,0,36,HOM_5_36_nochat.txt,1,13,1,0,2,1,2,2,100,22
hom,5,0,0,36,HOM_5_36_nochat.txt,1,24,1,0,2,2,2,2,100,10
hom,5,0,0,36,HOM_5_36_nochat.txt,1,33,1,0,2,2,2,2,100,23
hom,5,0,0,36,HOM_5_36_nochat.txt,1,17,1,0,2,2,2,2,100,7
hom,5,0,0,36,HOM_5_36_nochat.txt,1,7,1,0,2,2,2,2,100,25
hom,5,0,0,36,HOM_5_36_nochat.txt,1,31,1,0,2,2,2,2,100,15
hom,5,0,0,36,HOM_5_36_nochat.txt,1,6,2,0,1,1,1,1,100,11
hom,5,0,0,36,HOM_5_36_nochat.txt,1,10,2,0,1,1,1,1,100,17
hom,5,0,0,36,HOM_5_36_nochat.txt,1,1,2,0,2,2,1,1,100,9
hom,5,0,0,36,HOM_5_36_nochat.txt,1,4,2,0,1,1,1,1,100,13
hom,5,0,0,36,HOM_5_36_nochat.txt,1,18,2,0,1,1,1,1,100,25
hom,5,0,0,36,HOM_5_36_nochat.txt,1,36,2,0,2,2,1,1,100,7
hom,5,0,0,36,HOM_5_36_nochat.txt,1,26,2,0,1,1,1,1,100,58
hom,5,0,0,36,HOM_5_36_nochat.txt,1,8,2,0,1,1,1,1,100,14
hom,5,0,0,36,HOM_5_36_nochat.txt,1,25,2,0,1,1,1,1,100,18
hom,5,0,0,36,HOM_5_36_nochat.txt,1,11,3,0,1,1,2,2,100,18
hom,5,0,0,36,HOM_5_36_nochat.txt,1,23,3,0,1,1,2,2,100,43
hom,5,0,0,36,HOM_5_36_nochat.txt,1,35,3,0,1,2,2,2,100,90
hom,5,0,0,36,HOM_5_36_nochat.txt,1,19,3,0,2,2,2,2,100,7
hom,5,0,0,36,HOM_5_36_nochat.txt,1,28,3,0,2,2,2,2,100,28
hom,5,0,0,36,HOM_5_36_nochat.txt,1,15,3,0,2,2,2,2,100,17
hom,5,0,0,36,HOM_5_36_nochat.txt,1,16,3,0,2,2,2,2,100,10
hom,5,0,0,36,HOM_5_36_nochat.txt,1,22,3,0,2,2,2,2,100,16
hom,5,0,0,36,HOM_5_36_nochat.txt,1,34,3,0,2,2,2,2,100,18
hom,5,0,0,36,HOM_5_36_nochat.txt,1,29,4,0,2,2,2,2,100,6
hom,5,0,0,36,HOM_5_36_nochat.txt,1,14,4,0,2,2,2,2,100,17
hom,5,0,0,36,HOM_5_36_nochat.txt,1,2,4,0,2,2,2,2,100,16
hom,5,0,0,36,HOM_5_36_nochat.txt,1,3,4,0,2,2,2,2,100,13
hom,5,0,0,36,HOM_5_36_nochat.txt,1,9,4,0,2,2,2,2,100,14
hom,5,0,0,36,HOM_5_36_nochat.txt,1,32,4,0,2,2,2,2,100,11
hom,5,0,0,36,HOM_5_36_nochat.txt,1,12,4,0,1,1,2,2,100,7
hom,5,0,0,36,HOM_5_36_nochat.txt,1,21,4,0,2,2,2,2,100,8
hom,5,0,0,36,HOM_5_36_nochat.txt,1,30,4,0,2,2,2,2,100,31
hom,5,0,0,36,HOM_5_36_nochat.txt,2,21,1,0,2,2,2,2,100,57
hom,5,0,0,36,HOM_5_36_nochat.txt,2,34,1,0,2,2,2,2,100,17
hom,5,0,0,36,HOM_5_36_nochat.txt,2,11,1,0,2,2,2,2,100,19
hom,5,0,0,36,HOM_5_36_nochat.txt,2,24,1,0,2,2,2,2,100,16
hom,5,0,0,36,HOM_5_36_nochat.txt,2,10,1,0,2,2,2,2,100,10
hom,5,0,0,36,HOM_5_36_nochat.txt,2,20,1,0,1,1,2,2,100,33
hom,5,0,0,36,HOM_5_36_nochat.txt,2,1,1,0,2,2,2,2,100,9
hom,5,0,0,36,HOM_5_36_nochat.txt,2,35,1,0,1,2,2,2,100,27
hom,5,0,0,36,HOM_5_36_nochat.txt,2,30,1,0,2,1,2,2,100,14
hom,5,0,0,36,HOM_5_36_nochat.txt,2,5,2,0,2,2,1,2,10,5
hom,5,0,0,36,HOM_5_36_nochat.txt,2,29,2,0,2,2,1,2,10,5
hom,5,0,0,36,HOM_5_36_nochat.txt,2,27,2,0,1,1,1,2,10,27
hom,5,0,0,36,HOM_5_36_nochat.txt,2,6,2,0,1,1,1,2,10,7
hom,5,0,0,36,HOM_5_36_nochat.txt,2,15,2,0,1,1,1,2,10,25
hom,5,0,0,36,HOM_5_36_nochat.txt,2,14,2,0,1,1,1,2,10,9
hom,5,0,0,36,HOM_5_36_nochat.txt,2,9,2,0,1,1,1,2,10,7
hom,5,0,0,36,HOM_5_36_nochat.txt,2,12,2,0,2,2,1,2,10,5
hom,5,0,0,36,HOM_5_36_nochat.txt,2,28,2,0,2,2,1,2,10,47
hom,5,0,0,36,HOM_5_36_nochat.txt,2,25,3,0,2,2,2,2,100,12
hom,5,0,0,36,HOM_5_36_nochat.txt,2,33,3,0,2,2,2,2,100,16
hom,5,0,0,36,HOM_5_36_nochat.txt,2,23,3,0,2,2,2,2,100,39
hom,5,0,0,36,HOM_5_36_nochat.txt,2,16,3,0,1,1,2,2,100,7
hom,5,0,0,36,HOM_5_36_nochat.txt,2,26,3,0,1,1,2,2,100,21
hom,5,0,0,36,HOM_5_36_nochat.txt,2,17,3,0,1,1,2,2,100,10
hom,5,0,0,36,HOM_5_36_nochat.txt,2,18,3,0,2,2,2,2,100,18
hom,5,0,0,36,HOM_5_36_nochat.txt,2,8,3,0,1,1,2,2,100,25
hom,5,0,0,36,HOM_5_36_nochat.txt,2,19,3,0,2,2,2,2,100,5
hom,5,0,0,36,HOM_5_36_nochat.txt,2,4,4,0,1,1,1,1,100,6
hom,5,0,0,36,HOM_5_36_nochat.txt,2,3,4,0,1,1,1,1,100,7
hom,5,0,0,36,HOM_5_36_nochat.txt,2,36,4,0,1,1,1,1,100,4
hom,5,0,0,36,HOM_5_36_nochat.txt,2,7,4,0,1,1,1,1,100,7
hom,5,0,0,36,HOM_5_36_nochat.txt,2,2,4,0,2,2,1,1,100,6
hom,5,0,0,36,HOM_5_36_nochat.txt,2,32,4,0,2,2,1,1,100,6
hom,5,0,0,36,HOM_5_36_nochat.txt,2,13,4,0,1,2,1,1,100,28
hom,5,0,0,36,HOM_5_36_nochat.txt,2,31,4,0,1,2,1,1,100,17
hom,5,0,0,36,HOM_5_36_nochat.txt,2,22,4,0,1,1,1,1,100,8
hom,5,0,0,36,HOM_5_36_nochat.txt,3,15,1,0,2,2,2,1,10,12
hom,5,0,0,36,HOM_5_36_nochat.txt,3,34,1,0,1,1,2,1,10,13
hom,5,0,0,36,HOM_5_36_nochat.txt,3,31,1,0,1,1,2,1,10,16
hom,5,0,0,36,HOM_5_36_nochat.txt,3,24,1,0,2,2,2,1,10,5
hom,5,0,0,36,HOM_5_36_nochat.txt,3,14,1,0,2,2,2,1,10,14
hom,5,0,0,36,HOM_5_36_nochat.txt,3,20,1,0,1,2,2,1,10,24
hom,5,0,0,36,HOM_5_36_nochat.txt,3,4,1,0,1,1,2,1,10,6
hom,5,0,0,36,HOM_5_36_nochat.txt,3,30,1,0,1,1,2,1,10,58
hom,5,0,0,36,HOM_5_36_nochat.txt,3,6,1,0,2,2,2,1,10,5
hom,5,0,0,36,HOM_5_36_nochat.txt,3,12,2,0,2,2,2,2,100,7
hom,5,0,0,36,HOM_5_36_nochat.txt,3,8,2,0,1,1,2,2,100,9
hom,5,0,0,36,HOM_5_36_nochat.txt,3,5,2,0,1,1,2,2,100,2
hom,5,0,0,36,HOM_5_36_nochat.txt,3,32,2,0,2,2,2,2,100,5
hom,5,0,0,36,HOM_5_36_nochat.txt,3,22,2,0,1,1,2,2,100,6
hom,5,0,0,36,HOM_5_36_nochat.txt,3,27,2,0,2,2,2,2,100,8
hom,5,0,0,36,HOM_5_36_nochat.txt,3,16,2,0,2,2,2,2,100,6
hom,5,0,0,36,HOM_5_36_nochat.txt,3,10,2,0,2,2,2,2,100,19
hom,5,0,0,36,HOM_5_36_nochat.txt,3,23,2,0,2,2,2,2,100,21
hom,5,0,0,36,HOM_5_36_nochat.txt,3,7,3,0,2,2,2,2,100,4
hom,5,0,0,36,HOM_5_36_nochat.txt,3,33,3,0,2,2,2,2,100,14
hom,5,0,0,36,HOM_5_36_nochat.txt,3,21,3,0,2,2,2,2,100,4
hom,5,0,0,36,HOM_5_36_nochat.txt,3,3,3,0,1,1,2,2,100,6
hom,5,0,0,36,HOM_5_36_nochat.txt,3,26,3,0,1,1,2,2,100,40
hom,5,0,0,36,HOM_5_36_nochat.txt,3,35,3,0,2,2,2,2,100,21
hom,5,0,0,36,HOM_5_36_nochat.txt,3,25,3,0,1,1,2,2,100,27
hom,5,0,0,36,HOM_5_36_nochat.txt,3,18,3,0,2,2,2,2,100,14
hom,5,0,0,36,HOM_5_36_nochat.txt,3,13,3,0,2,2,2,2,100,16
hom,5,0,0,36,HOM_5_36_nochat.txt,3,9,4,0,1,1,1,1,100,10
hom,5,0,0,36,HOM_5_36_nochat.txt,3,36,4,0,1,1,1,1,100,5
hom,5,0,0,36,HOM_5_36_nochat.txt,3,1,4,0,1,1,1,1,100,6
hom,5,0,0,36,HOM_5_36_nochat.txt,3,17,4,0,1,1,1,1,100,5
hom,5,0,0,36,HOM_5_36_nochat.txt,3,28,4,0,2,1,1,1,100,9
hom,5,0,0,36,HOM_5_36_nochat.txt,3,19,4,0,1,1,1,1,100,5
hom,5,0,0,36,HOM_5_36_nochat.txt,3,29,4,0,1,1,1,1,100,3
hom,5,0,0,36,HOM_5_36_nochat.txt,3,11,4,0,1,1,1,1,100,17
hom,5,0,0,36,HOM_5_36_nochat.txt,3,2,4,0,1,1,1,1,100,4
hom,5,0,0,36,HOM_5_36_nochat.txt,4,7,1,0,2,2,2,2,100,4
hom,5,0,0,36,HOM_5_36_nochat.txt,4,23,1,0,1,1,2,2,100,8
hom,5,0,0,36,HOM_5_36_nochat.txt,4,10,1,0,2,2,2,2,100,15
hom,5,0,0,36,HOM_5_36_nochat.txt,4,6,1,0,2,2,2,2,100,25
hom,5,0,0,36,HOM_5_36_nochat.txt,4,34,1,0,1,1,2,2,100,7
hom,5,0,0,36,HOM_5_36_nochat.txt,4,32,1,0,2,2,2,2,100,8
hom,5,0,0,36,HOM_5_36_nochat.txt,4,15,1,0,2,2,2,2,100,6
hom,5,0,0,36,HOM_5_36_nochat.txt,4,9,1,0,2,2,2,2,100,2
hom,5,0,0,36,HOM_5_36_nochat.txt,4,25,1,0,2,2,2,2,100,17
hom,5,0,0,36,HOM_5_36_nochat.txt,4,30,2,0,1,2,1,1,100,67
hom,5,0,0,36,HOM_5_36_nochat.txt,4,17,2,0,1,1,1,1,100,11
hom,5,0,0,36,HOM_5_36_nochat.txt,4,4,2,0,1,1,1,1,100,4
hom,5,0,0,36,HOM_5_36_nochat.txt,4,29,2,0,1,1,1,1,100,3
hom,5,0,0,36,HOM_5_36_nochat.txt,4,18,2,0,1,1,1,1,100,14
hom,5,0,0,36,HOM_5_36_nochat.txt,4,21,2,0,2,2,1,1,100,4
hom,5,0,0,36,HOM_5_36_nochat.txt,4,3,2,0,1,1,1,1,100,8
hom,5,0,0,36,HOM_5_36_nochat.txt,4,20,2,0,1,1,1,1,100,23
hom,5,0,0,36,HOM_5_36_nochat.txt,4,2,2,0,1,1,1,1,100,5
hom,5,0,0,36,HOM_5_36_nochat.txt,4,19,3,0,2,2,2,2,100,5
hom,5,0,0,36,HOM_5_36_nochat.txt,4,27,3,0,1,2,2,2,100,5
hom,5,0,0,36,HOM_5_36_nochat.txt,4,35,3,0,2,2,2,2,100,6
hom,5,0,0,36,HOM_5_36_nochat.txt,4,1,3,0,2,2,2,2,100,4
hom,5,0,0,36,HOM_5_36_nochat.txt,4,24,3,0,2,2,2,2,100,6
hom,5,0,0,36,HOM_5_36_nochat.txt,4,11,3,0,2,2,2,2,100,8
hom,5,0,0,36,HOM_5_36_nochat.txt,4,5,3,0,2,2,2,2,100,3
hom,5,0,0,36,HOM_5_36_nochat.txt,4,14,3,0,1,1,2,2,100,15
hom,5,0,0,36,HOM_5_36_nochat.txt,4,13,3,0,2,2,2,2,100,7
hom,5,0,0,36,HOM_5_36_nochat.txt,4,28,4,0,2,2,2,2,100,8
hom,5,0,0,36,HOM_5_36_nochat.txt,4,26,4,0,2,2,2,2,100,41
hom,5,0,0,36,HOM_5_36_nochat.txt,4,12,4,0,2,2,2,2,100,14
hom,5,0,0,36,HOM_5_36_nochat.txt,4,31,4,0,1,1,2,2,100,14
hom,5,0,0,36,HOM_5_36_nochat.txt,4,8,4,0,2,2,2,2,100,5
hom,5,0,0,36,HOM_5_36_nochat.txt,4,22,4,0,2,2,2,2,100,4
hom,5,0,0,36,HOM_5_36_nochat.txt,4,36,4,0,2,2,2,2,100,4
hom,5,0,0,36,HOM_5_36_nochat.txt,4,16,4,0,1,1,2,2,100,5
hom,5,0,0,36,HOM_5_36_nochat.txt,4,33,4,0,1,1,2,2,100,9
hom,5,0,0,36,HOM_5_36_nochat.txt,5,35,1,0,2,2,2,2,100,5
hom,5,0,0,36,HOM_5_36_nochat.txt,5,16,1,0,1,1,2,2,100,3
hom,5,0,0,36,HOM_5_36_nochat.txt,5,31,1,0,2,1,2,2,100,23
hom,5,0,0,36,HOM_5_36_nochat.txt,5,11,1,0,2,2,2,2,100,12
hom,5,0,0,36,HOM_5_36_nochat.txt,5,15,1,0,2,2,2,2,100,7
hom,5,0,0,36,HOM_5_36_nochat.txt,5,18,1,0,1,1,2,2,100,13
hom,5,0,0,36,HOM_5_36_nochat.txt,5,34,1,0,2,2,2,2,100,7
hom,5,0,0,36,HOM_5_36_nochat.txt,5,5,1,0,1,1,2,2,100,3
hom,5,0,0,36,HOM_5_36_nochat.txt,5,13,1,0,2,2,2,2,100,2
hom,5,0,0,36,HOM_5_36_nochat.txt,5,25,2,0,1,1,2,2,100,13
hom,5,0,0,36,HOM_5_36_nochat.txt,5,14,2,0,2,2,2,2,100,13
hom,5,0,0,36,HOM_5_36_nochat.txt,5,9,2,0,2,2,2,2,100,6
hom,5,0,0,36,HOM_5_36_nochat.txt,5,22,2,0,2,2,2,2,100,5
hom,5,0,0,36,HOM_5_36_nochat.txt,5,4,2,0,1,1,2,2,100,4
hom,5,0,0,36,HOM_5_36_nochat.txt,5,26,2,0,2,2,2,2,100,47
hom,5,0,0,36,HOM_5_36_nochat.txt,5,27,2,0,2,2,2,2,100,5
hom,5,0,0,36,HOM_5_36_nochat.txt,5,33,2,0,2,2,2,2,100,10
hom,5,0,0,36,HOM_5_36_nochat.txt,5,17,2,0,2,2,2,2,100,5
hom,5,0,0,36,HOM_5_36_nochat.txt,5,28,3,0,1,1,1,1,100,8
hom,5,0,0,36,HOM_5_36_nochat.txt,5,36,3,0,1,1,1,1,100,3
hom,5,0,0,36,HOM_5_36_nochat.txt,5,24,3,0,1,1,1,1,100,6
hom,5,0,0,36,HOM_5_36_nochat.txt,5,21,3,0,1,1,1,1,100,6
hom,5,0,0,36,HOM_5_36_nochat.txt,5,10,3,0,1,1,1,1,100,15
hom,5,0,0,36,HOM_5_36_nochat.txt,5,12,3,0,2,2,1,1,100,4
hom,5,0,0,36,HOM_5_36_nochat.txt,5,20,3,0,1,1,1,1,100,14
hom,5,0,0,36,HOM_5_36_nochat.txt,5,3,3,0,2,2,1,1,100,10
hom,5,0,0,36,HOM_5_36_nochat.txt,5,1,3,0,1,1,1,1,100,5
hom,5,0,0,36,HOM_5_36_nochat.txt,5,7,4,0,2,2,2,1,10,5
hom,5,0,0,36,HOM_5_36_nochat.txt,5,8,4,0,2,2,2,1,10,5
hom,5,0,0,36,HOM_5_36_nochat.txt,5,19,4,0,1,1,2,1,10,4
hom,5,0,0,36,HOM_5_36_nochat.txt,5,6,4,0,1,1,2,1,10,6
hom,5,0,0,36,HOM_5_36_nochat.txt,5,30,4,0,1,2,2,1,10,12
hom,5,0,0,36,HOM_5_36_nochat.txt,5,32,4,0,2,2,2,1,10,4
hom,5,0,0,36,HOM_5_36_nochat.txt,5,23,4,0,2,2,2,1,10,12
hom,5,0,0,36,HOM_5_36_nochat.txt,5,29,4,0,1,1,2,1,10,4
hom,5,0,0,36,HOM_5_36_nochat.txt,5,2,4,0,1,1,2,1,10,16
hom,5,0,0,36,HOM_5_36_nochat.txt,6,24,1,0,1,1,2,2,100,4
hom,5,0,0,36,HOM_5_36_nochat.txt,6,25,1,0,1,1,2,2,100,8
hom,5,0,0,36,HOM_5_36_nochat.txt,6,32,1,0,2,2,2,2,100,5
hom,5,0,0,36,HOM_5_36_nochat.txt,6,18,1,0,2,2,2,2,100,6
hom,5,0,0,36,HOM_5_36_nochat.txt,6,36,1,0,1,1,2,2,100,4
hom,5,0,0,36,HOM_5_36_nochat.txt,6,19,1,0,2,2,2,2,100,4
hom,5,0,0,36,HOM_5_36_nochat.txt,6,3,1,0,2,2,2,2,100,4
hom,5,0,0,36,HOM_5_36_nochat.txt,6,12,1,0,2,2,2,2,100,7
hom,5,0,0,36,HOM_5_36_nochat.txt,6,31,1,0,2,1,2,2,100,5
hom,5,0,0,36,HOM_5_36_nochat.txt,6,13,2,0,1,1,1,1,100,2
hom,5,0,0,36,HOM_5_36_nochat.txt,6,35,2,0,1,2,1,1,100,5
hom,5,0,0,36,HOM_5_36_nochat.txt,6,21,2,0,1,1,1,1,100,3
hom,5,0,0,36,HOM_5_36_nochat.txt,6,22,2,0,1,1,1,1,100,7
hom,5,0,0,36,HOM_5_36_nochat.txt,6,17,2,0,1,1,1,1,100,9
hom,5,0,0,36,HOM_5_36_nochat.txt,6,28,2,0,1,1,1,1,100,9
hom,5,0,0,36,HOM_5_36_nochat.txt,6,16,2,0,1,1,1,1,100,4
hom,5,0,0,36,HOM_5_36_nochat.txt,6,29,2,0,2,2,1,1,100,4
hom,5,0,0,36,HOM_5_36_nochat.txt,6,27,2,0,1,2,1,1,100,9
hom,5,0,0,36,HOM_5_36_nochat.txt,6,14,3,0,1,2,1,1,100,10
hom,5,0,0,36,HOM_5_36_nochat.txt,6,6,3,0,2,2,1,1,100,6
hom,5,0,0,36,HOM_5_36_nochat.txt,6,30,3,0,2,1,1,1,100,13
hom,5,0,0,36,HOM_5_36_nochat.txt,6,34,3,0,1,1,1,1,100,6
hom,5,0,0,36,HOM_5_36_nochat.txt,6,4,3,0,1,1,1,1,100,7
hom,5,0,0,36,HOM_5_36_nochat.txt,6,33,3,0,1,1,1,1,100,19
hom,5,0,0,36,HOM_5_36_nochat.txt,6,20,3,0,1,1,1,1,100,13
hom,5,0,0,36,HOM_5_36_nochat.txt,6,7,3,0,1,1,1,1,100,4
hom,5,0,0,36,HOM_5_36_nochat.txt,6,8,3,0,2,2,1,1,100,7
hom,5,0,0,36,HOM_5_36_nochat.txt,6,9,4,0,1,1,1,1,100,5
hom,5,0,0,36,HOM_5_36_nochat.txt,6,23,4,0,2,2,1,1,100,11
hom,5,0,0,36,HOM_5_36_nochat.txt,6,1,4,0,1,1,1,1,100,4
hom,5,0,0,36,HOM_5_36_nochat.txt,6,10,4,0,1,1,1,1,100,9
hom,5,0,0,36,HOM_5_36_nochat.txt,6,2,4,0,2,2,1,1,100,4
hom,5,0,0,36,HOM_5_36_nochat.txt,6,11,4,0,1,1,1,1,100,4
hom,5,0,0,36,HOM_5_36_nochat.txt,6,15,4,0,1,1,1,1,100,6
hom,5,0,0,36,HOM_5_36_nochat.txt,6,5,4,0,2,2,1,1,100,3
hom,5,0,0,36,HOM_5_36_nochat.txt,6,26,4,0,1,1,1,1,100,32
hom,5,0,0,36,HOM_5_36_nochat.txt,7,18,1,0,2,2,2,2,100,10
hom,5,0,0,36,HOM_5_36_nochat.txt,7,30,1,0,1,2,2,2,100,22
hom,5,0,0,36,HOM_5_36_nochat.txt,7,11,1,0,2,2,2,2,100,6
hom,5,0,0,36,HOM_5_36_nochat.txt,7,23,1,0,2,2,2,2,100,24
hom,5,0,0,36,HOM_5_36_nochat.txt,7,22,1,0,2,2,2,2,100,3
hom,5,0,0,36,HOM_5_36_nochat.txt,7,4,1,0,2,2,2,2,100,5
hom,5,0,0,36,HOM_5_36_nochat.txt,7,8,1,0,2,2,2,2,100,6
hom,5,0,0,36,HOM_5_36_nochat.txt,7,19,1,0,2,2,2,2,100,4
hom,5,0,0,36,HOM_5_36_nochat.txt,7,6,1,0,2,2,2,2,100,4
hom,5,0,0,36,HOM_5_36_nochat.txt,7,5,2,0,1,1,1,1,100,4
hom,5,0,0,36,HOM_5_36_nochat.txt,7,32,2,0,1,1,1,1,100,24
hom,5,0,0,36,HOM_5_36_nochat.txt,7,34,2,0,1,1,1,1,100,5
hom,5,0,0,36,HOM_5_36_nochat.txt,7,12,2,0,1,1,1,1,100,5
hom,5,0,0,36,HOM_5_36_nochat.txt,7,15,2,0,1,1,1,1,100,8
hom,5,0,0,36,HOM_5_36_nochat.txt,7,1,2,0,1,1,1,1,100,3
hom,5,0,0,36,HOM_5_36_nochat.txt,7,10,2,0,1,1,1,1,100,11
hom,5,0,0,36,HOM_5_36_nochat.txt,7,29,2,0,2,2,1,1,100,3
hom,5,0,0,36,HOM_5_36_nochat.txt,7,24,2,0,1,1,1,1,100,4
hom,5,0,0,36,HOM_5_36_nochat.txt,7,25,3,0,2,2,1,1,100,4
hom,5,0,0,36,HOM_5_36_nochat.txt,7,3,3,0,1,1,1,1,100,5
hom,5,0,0,36,HOM_5_36_nochat.txt,7,14,3,0,2,2,1,1,100,10
hom,5,0,0,36,HOM_5_36_nochat.txt,7,7,3,0,1,1,1,1,100,5
hom,5,0,0,36,HOM_5_36_nochat.txt,7,27,3,0,2,1,1,1,100,9
hom,5,0,0,36,HOM_5_36_nochat.txt,7,31,3,0,1,1,1,1,100,50
hom,5,0,0,36,HOM_5_36_nochat.txt,7,17,3,0,2,2,1,1,100,10
hom,5,0,0,36,HOM_5_36_nochat.txt,7,16,3,0,1,1,1,1,100,4
hom,5,0,0,36,HOM_5_36_nochat.txt,7,20,3,0,1,1,1,1,100,14
hom,5,0,0,36,HOM_5_36_nochat.txt,7,35,4,0,1,2,1,1,100,4
hom,5,0,0,36,HOM_5_36_nochat.txt,7,33,4,0,1,1,1,1,100,7
hom,5,0,0,36,HOM_5_36_nochat.txt,7,28,4,0,1,2,1,1,100,13
hom,5,0,0,36,HOM_5_36_nochat.txt,7,21,4,0,2,2,1,1,100,3
hom,5,0,0,36,HOM_5_36_nochat.txt,7,9,4,0,2,2,1,1,100,4
hom,5,0,0,36,HOM_5_36_nochat.txt,7,13,4,0,1,1,1,1,100,2
hom,5,0,0,36,HOM_5_36_nochat.txt,7,26,4,0,1,1,1,1,100,20
hom,5,0,0,36,HOM_5_36_nochat.txt,7,2,4,0,1,1,1,1,100,7
hom,5,0,0,36,HOM_5_36_nochat.txt,7,36,4,0,1,1,1,1,100,3
hom,5,0,0,36,HOM_5_36_nochat.txt,8,13,1,0,1,1,1,1,100,2
hom,5,0,0,36,HOM_5_36_nochat.txt,8,27,1,0,2,1,1,1,100,3
hom,5,0,0,36,HOM_5_36_nochat.txt,8,30,1,0,1,2,1,1,100,5
hom,5,0,0,36,HOM_5_36_nochat.txt,8,3,1,0,2,2,1,1,100,4
hom,5,0,0,36,HOM_5_36_nochat.txt,8,8,1,0,1,1,1,1,100,5
hom,5,0,0,36,HOM_5_36_nochat.txt,8,24,1,0,1,1,1,1,100,2
hom,5,0,0,36,HOM_5_36_nochat.txt,8,33,1,0,2,2,1,1,100,5
hom,5,0,0,36,HOM_5_36_nochat.txt,8,10,1,0,1,1,1,1,100,9
hom,5,0,0,36,HOM_5_36_nochat.txt,8,35,1,0,2,2,1,1,100,5
hom,5,0,0,36,HOM_5_36_nochat.txt,8,22,2,0,1,1,1,1,100,5
hom,5,0,0,36,HOM_5_36_nochat.txt,8,32,2,0,2,2,1,1,100,4
hom,5,0,0,36,HOM_5_36_nochat.txt,8,14,2,0,1,1,1,1,100,9
hom,5,0,0,36,HOM_5_36_nochat.txt,8,20,2,0,2,1,1,1,100,21
hom,5,0,0,36,HOM_5_36_nochat.txt,8,7,2,0,1,1,1,1,100,5
hom,5,0,0,36,HOM_5_36_nochat.txt,8,4,2,0,2,2,1,1,100,4
hom,5,0,0,36,HOM_5_36_nochat.txt,8,2,2,0,2,2,1,1,100,4
hom,5,0,0,36,HOM_5_36_nochat.txt,8,19,2,0,2,2,1,1,100,4
hom,5,0,0,36,HOM_5_36_nochat.txt,8,11,2,0,1,1,1,1,100,4
hom,5,0,0,36,HOM_5_36_nochat.txt,8,12,3,0,1,1,1,1,100,2
hom,5,0,0,36,HOM_5_36_nochat.txt,8,16,3,0,1,1,1,1,100,3
hom,5,0,0,36,HOM_5_36_nochat.txt,8,5,3,0,1,1,1,1,100,2
hom,5,0,0,36,HOM_5_36_nochat.txt,8,6,3,0,1,1,1,1,100,5
hom,5,0,0,36,HOM_5_36_nochat.txt,8,21,3,0,1,1,1,1,100,3
hom,5,0,0,36,HOM_5_36_nochat.txt,8,25,3,0,1,1,1,1,100,6
hom,5,0,0,36,HOM_5_36_nochat.txt,8,34,3,0,1,1,1,1,100,6
hom,5,0,0,36,HOM_5_36_nochat.txt,8,28,3,0,1,1,1,1,100,6
hom,5,0,0,36,HOM_5_36_nochat.txt,8,1,3,0,2,2,1,1,100,3
hom,5,0,0,36,HOM_5_36_nochat.txt,8,17,4,0,1,1,1,2,10,5
hom,5,0,0,36,HOM_5_36_nochat.txt,8,9,4,0,1,1,1,2,10,3
hom,5,0,0,36,HOM_5_36_nochat.txt,8,29,4,0,2,2,1,2,10,3
hom,5,0,0,36,HOM_5_36_nochat.txt,8,18,4,0,1,1,1,2,10,4
hom,5,0,0,36,HOM_5_36_nochat.txt,8,15,4,0,2,2,1,2,10,3
hom,5,0,0,36,HOM_5_36_nochat.txt,8,36,4,0,1,1,1,2,10,4
hom,5,0,0,36,HOM_5_36_nochat.txt,8,31,4,0,1,1,1,2,10,25
hom,5,0,0,36,HOM_5_36_nochat.txt,8,23,4,0,2,2,1,2,10,14
hom,5,0,0,36,HOM_5_36_nochat.txt,8,26,4,0,2,2,1,2,10,47
hom,5,0,0,36,HOM_5_36_nochat.txt,9,17,1,0,1,1,1,1,100,20
hom,5,0,0,36,HOM_5_36_nochat.txt,9,10,1,0,2,2,1,1,100,9
hom,5,0,0,36,HOM_5_36_nochat.txt,9,3,1,0,2,2,1,1,100,5
hom,5,0,0,36,HOM_5_36_nochat.txt,9,32,1,0,1,1,1,1,100,12
hom,5,0,0,36,HOM_5_36_nochat.txt,9,25,1,0,2,2,1,1,100,9
hom,5,0,0,36,HOM_5_36_nochat.txt,9,24,1,0,1,1,1,1,100,10
hom,5,0,0,36,HOM_5_36_nochat.txt,9,4,1,0,1,1,1,1,100,3
hom,5,0,0,36,HOM_5_36_nochat.txt,9,31,1,0,1,1,1,1,100,10
hom,5,0,0,36,HOM_5_36_nochat.txt,9,28,1,0,1,1,1,1,100,9
hom,5,0,0,36,HOM_5_36_nochat.txt,9,1,2,0,2,2,2,1,10,4
hom,5,0,0,36,HOM_5_36_nochat.txt,9,30,2,0,1,2,2,1,10,11
hom,5,0,0,36,HOM_5_36_nochat.txt,9,9,2,0,1,1,2,1,10,2
hom,5,0,0,36,HOM_5_36_nochat.txt,9,11,2,0,2,2,2,1,10,4
hom,5,0,0,36,HOM_5_36_nochat.txt,9,29,2,0,2,2,2,1,10,4
hom,5,0,0,36,HOM_5_36_nochat.txt,9,26,2,0,2,2,2,1,10,40
hom,5,0,0,36,HOM_5_36_nochat.txt,9,12,2,0,1,1,2,1,10,4
hom,5,0,0,36,HOM_5_36_nochat.txt,9,14,2,0,1,1,2,1,10,5
hom,5,0,0,36,HOM_5_36_nochat.txt,9,27,2,0,1,1,2,1,10,5
hom,5,0,0,36,HOM_5_36_nochat.txt,9,33,3,0,1,1,1,1,100,4
hom,5,0,0,36,HOM_5_36_nochat.txt,9,7,3,0,1,1,1,1,100,4
hom,5,0,0,36,HOM_5_36_nochat.txt,9,15,3,0,2,2,1,1,100,3
hom,5,0,0,36,HOM_5_36_nochat.txt,9,23,3,0,1,1,1,1,100,25
hom,5,0,0,36,HOM_5_36_nochat.txt,9,13,3,0,2,2,1,1,100,3
hom,5,0,0,36,HOM_5_36_nochat.txt,9,19,3,0,1,1,1,1,100,3
hom,5,0,0,36,HOM_5_36_nochat.txt,9,16,3,0,2,2,1,1,100,4
hom,5,0,0,36,HOM_5_36_nochat.txt,9,35,3,0,1,2,1,1,100,3
hom,5,0,0,36,HOM_5_36_nochat.txt,9,20,3,0,1,1,1,1,100,11
hom,5,0,0,36,HOM_5_36_nochat.txt,9,6,4,0,2,2,2,1,10,4
hom,5,0,0,36,HOM_5_36_nochat.txt,9,2,4,0,2,2,2,1,10,4
hom,5,0,0,36,HOM_5_36_nochat.txt,9,21,4,0,2,2,2,1,10,2
hom,5,0,0,36,HOM_5_36_nochat.txt,9,18,4,0,1,1,2,1,10,8
hom,5,0,0,36,HOM_5_36_nochat.txt,9,34,4,0,1,1,2,1,10,5
hom,5,0,0,36,HOM_5_36_nochat.txt,9,5,4,0,2,2,2,1,10,2
hom,5,0,0,36,HOM_5_36_nochat.txt,9,22,4,0,1,1,2,1,10,3
hom,5,0,0,36,HOM_5_36_nochat.txt,9,8,4,0,1,1,2,1,10,5
hom,5,0,0,36,HOM_5_36_nochat.txt,9,36,4,0,2,2,2,1,10,4
hom,5,0,0,36,HOM_5_36_nochat.txt,10,26,1,0,2,2,2,2,100,34
hom,5,0,0,36,HOM_5_36_nochat.txt,10,3,1,0,2,2,2,2,100,8
hom,5,0,0,36,HOM_5_36_nochat.txt,10,11,1,0,1,1,2,2,100,5
hom,5,0,0,36,HOM_5_36_nochat.txt,10,18,1,0,1,1,2,2,100,5
hom,5,0,0,36,HOM_5_36_nochat.txt,10,1,1,0,1,1,2,2,100,5
hom,5,0,0,36,HOM_5_36_nochat.txt,10,6,1,0,1,1,2,2,100,4
hom,5,0,0,36,HOM_5_36_nochat.txt,10,7,1,0,2,2,2,2,100,3
hom,5,0,0,36,HOM_5_36_nochat.txt,10,25,1,0,2,2,2,2,100,5
hom,5,0,0,36,HOM_5_36_nochat.txt,10,31,1,0,1,2,2,2,100,9
hom,5,0,0,36,HOM_5_36_nochat.txt,10,28,2,0,2,2,2,2,100,12
hom,5,0,0,36,HOM_5_36_nochat.txt,10,9,2,0,2,2,2,2,100,3
hom,5,0,0,36,HOM_5_36_nochat.txt,10,5,2,0,1,1,2,2,100,3
hom,5,0,0,36,HOM_5_36_nochat.txt,10,36,2,0,2,2,2,2,100,3
hom,5,0,0,36,HOM_5_36_nochat.txt,10,35,2,0,2,1,2,2,100,18
hom,5,0,0,36,HOM_5_36_nochat.txt,10,24,2,0,2,2,2,2,100,9
hom,5,0,0,36,HOM_5_36_nochat.txt,10,16,2,0,1,1,2,2,100,7
hom,5,0,0,36,HOM_5_36_nochat.txt,10,19,2,0,2,2,2,2,100,4
hom,5,0,0,36,HOM_5_36_nochat.txt,10,33,2,0,2,2,2,2,100,9
hom,5,0,0,36,HOM_5_36_nochat.txt,10,12,3,0,2,2,2,2,100,4
hom,5,0,0,36,HOM_5_36_nochat.txt,10,14,3,0,2,2,2,2,100,12
hom,5,0,0,36,HOM_5_36_nochat.txt,10,13,3,0,2,2,2,2,100,4
hom,5,0,0,36,HOM_5_36_nochat.txt,10,34,3,0,2,2,2,2,100,4
hom,5,0,0,36,HOM_5_36_nochat.txt,10,22,3,0,2,2,2,2,100,4
hom,5,0,0,36,HOM_5_36_nochat.txt,10,15,3,0,1,1,2,2,100,4
hom,5,0,0,36,HOM_5_36_nochat.txt,10,17,3,0,1,1,2,2,100,4
hom,5,0,0,36,HOM_5_36_nochat.txt,10,4,3,0,2,2,2,2,100,8
hom,5,0,0,36,HOM_5_36_nochat.txt,10,20,3,0,2,1,2,2,100,25
hom,5,0,0,36,HOM_5_36_nochat.txt,10,8,4,0,2,2,2,2,100,4
hom,5,0,0,36,HOM_5_36_nochat.txt,10,10,4,0,2,2,2,2,100,9
hom,5,0,0,36,HOM_5_36_nochat.txt,10,30,4,0,2,1,2,2,100,7
hom,5,0,0,36,HOM_5_36_nochat.txt,10,29,4,0,2,2,2,2,100,2
hom,5,0,0,36,HOM_5_36_nochat.txt,10,32,4,0,2,2,2,2,100,6
hom,5,0,0,36,HOM_5_36_nochat.txt,10,2,4,0,1,1,2,2,100,4
hom,5,0,0,36,HOM_5_36_nochat.txt,10,23,4,0,2,2,2,2,100,10
hom,5,0,0,36,HOM_5_36_nochat.txt,10,21,4,0,2,2,2,2,100,4
hom,5,0,0,36,HOM_5_36_nochat.txt,10,27,4,0,2,1,2,2,100,86
hom,5,0,0,36,HOM_5_36_nochat.txt,11,21,1,0,2,2,2,2,100,3
hom,5,0,0,36,HOM_5_36_nochat.txt,11,31,1,0,2,2,2,2,100,7
hom,5,0,0,36,HOM_5_36_nochat.txt,11,9,1,0,2,2,2,2,100,4
hom,5,0,0,36,HOM_5_36_nochat.txt,11,7,1,0,2,2,2,2,100,4
hom,5,0,0,36,HOM_5_36_nochat.txt,11,25,1,0,2,2,2,2,100,4
hom,5,0,0,36,HOM_5_36_nochat.txt,11,2,1,0,2,2,2,2,100,4
hom,5,0,0,36,HOM_5_36_nochat.txt,11,16,1,0,2,2,2,2,100,5
hom,5,0,0,36,HOM_5_36_nochat.txt,11,27,1,0,1,2,2,2,100,32
hom,5,0,0,36,HOM_5_36_nochat.txt,11,32,1,0,1,1,2,2,100,6
hom,5,0,0,36,HOM_5_36_nochat.txt,11,8,2,0,2,2,2,2,100,10
hom,5,0,0,36,HOM_5_36_nochat.txt,11,17,2,0,1,1,2,2,100,3
hom,5,0,0,36,HOM_5_36_nochat.txt,11,23,2,0,1,1,2,2,100,10
hom,5,0,0,36,HOM_5_36_nochat.txt,11,6,2,0,2,2,2,2,100,3
hom,5,0,0,36,HOM_5_36_nochat.txt,11,28,2,0,2,2,2,2,100,9
hom,5,0,0,36,HOM_5_36_nochat.txt,11,19,2,0,2,2,2,2,100,3
hom,5,0,0,36,HOM_5_36_nochat.txt,11,26,2,0,2,2,2,2,100,24
hom,5,0,0,36,HOM_5_36_nochat.txt,11,12,2,0,2,2,2,2,100,4
hom,5,0,0,36,HOM_5_36_nochat.txt,11,24,2,0,2,2,2,2,100,9
hom,5,0,0,36,HOM_5_36_nochat.txt,11,3,3,0,2,2,1,1,100,5
hom,5,0,0,36,HOM_5_36_nochat.txt,11,5,3,0,2,2,1,1,100,2
hom,5,0,0,36,HOM_5_36_nochat.txt,11,13,3,0,1,1,1,1,100,2
hom,5,0,0,36,HOM_5_36_nochat.txt,11,14,3,0,1,1,1,1,100,9
hom,5,0,0,36,HOM_5_36_nochat.txt,11,15,3,0,1,1,1,1,100,6
hom,5,0,0,36,HOM_5_36_nochat.txt,11,34,3,0,1,1,1,1,100,6
hom,5,0,0,36,HOM_5_36_nochat.txt,11,11,3,0,1,1,1,1,100,5
hom,5,0,0,36,HOM_5_36_nochat.txt,11,22,3,0,2,2,1,1,100,3
hom,5,0,0,36,HOM_5_36_nochat.txt,11,33,3,0,1,1,1,1,100,4
hom,5,0,0,36,HOM_5_36_nochat.txt,11,36,4,0,2,2,2,2,100,2
hom,5,0,0,36,HOM_5_36_nochat.txt,11,1,4,0,1,1,2,2,100,3
hom,5,0,0,36,HOM_5_36_nochat.txt,11,35,4,0,1,2,2,2,100,5
hom,5,0,0,36,HOM_5_36_nochat.txt,11,18,4,0,1,1,2,2,100,6
hom,5,0,0,36,HOM_5_36_nochat.txt,11,4,4,0,2,2,2,2,100,4
hom,5,0,0,36,HOM_5_36_nochat.txt,11,30,4,0,2,1,2,2,100,6
hom,5,0,0,36,HOM_5_36_nochat.txt,11,20,4,0,2,2,2,2,100,16
hom,5,0,0,36,HOM_5_36_nochat.txt,11,10,4,0,1,1,2,2,100,8
hom,5,0,0,36,HOM_5_36_nochat.txt,11,29,4,0,2,2,2,2,100,2
hom,5,0,0,36,HOM_5_36_nochat.txt,12,3,1,0,1,1,1,1,100,4
hom,5,0,0,36,HOM_5_36_nochat.txt,12,36,1,0,1,1,1,1,100,2
hom,5,0,0,36,HOM_5_36_nochat.txt,12,23,1,0,2,2,1,1,100,7
hom,5,0,0,36,HOM_5_36_nochat.txt,12,27,1,0,1,2,1,1,100,6
hom,5,0,0,36,HOM_5_36_nochat.txt,12,16,1,0,2,2,1,1,100,4
hom,5,0,0,36,HOM_5_36_nochat.txt,12,5,1,0,2,2,1,1,100,2
hom,5,0,0,36,HOM_5_36_nochat.txt,12,11,1,0,1,1,1,1,100,5
hom,5,0,0,36,HOM_5_36_nochat.txt,12,32,1,0,1,1,1,1,100,6
hom,5,0,0,36,HOM_5_36_nochat.txt,12,33,1,0,1,1,1,1,100,5
hom,5,0,0,36,HOM_5_36_nochat.txt,12,8,2,0,1,1,1,1,100,5
hom,5,0,0,36,HOM_5_36_nochat.txt,12,15,2,0,1,1,1,1,100,5
hom,5,0,0,36,HOM_5_36_nochat.txt,12,12,2,0,1,1,1,1,100,5
hom,5,0,0,36,HOM_5_36_nochat.txt,12,17,2,0,1,1,1,1,100,3
hom,5,0,0,36,HOM_5_36_nochat.txt,12,18,2,0,1,1,1,1,100,12
hom,5,0,0,36,HOM_5_36_nochat.txt,12,29,2,0,2,2,1,1,100,2
hom,5,0,0,36,HOM_5_36_nochat.txt,12,9,2,0,2,2,1,1,100,4
hom,5,0,0,36,HOM_5_36_nochat.txt,12,10,2,0,1,1,1,1,100,12
hom,5,0,0,36,HOM_5_36_nochat.txt,12,31,2,0,1,2,1,1,100,12
hom,5,0,0,36,HOM_5_36_nochat.txt,12,20,3,0,1,1,1,1,100,21
hom,5,0,0,36,HOM_5_36_nochat.txt,12,26,3,0,2,2,1,1,100,18
hom,5,0,0,36,HOM_5_36_nochat.txt,12,2,3,0,1,1,1,1,100,4
hom,5,0,0,36,HOM_5_36_nochat.txt,12,19,3,0,1,1,1,1,100,5
hom,5,0,0,36,HOM_5_36_nochat.txt,12,14,3,0,1,1,1,1,100,7
hom,5,0,0,36,HOM_5_36_nochat.txt,12,7,3,0,1,1,1,1,100,3
hom,5,0,0,36,HOM_5_36_nochat.txt,12,34,3,0,1,1,1,1,100,4
hom,5,0,0,36,HOM_5_36_nochat.txt,12,28,3,0,2,2,1,1,100,5
hom,5,0,0,36,HOM_5_36_nochat.txt,12,6,3,0,1,1,1,1,100,5
hom,5,0,0,36,HOM_5_36_nochat.txt,12,1,4,0,2,2,2,2,100,2
hom,5,0,0,36,HOM_5_36_nochat.txt,12,13,4,0,2,2,2,2,100,3
hom,5,0,0,36,HOM_5_36_nochat.txt,12,35,4,0,2,2,2,2,100,11
hom,5,0,0,36,HOM_5_36_nochat.txt,12,24,4,0,1,1,2,2,100,9
hom,5,0,0,36,HOM_5_36_nochat.txt,12,21,4,0,2,2,2,2,100,5
hom,5,0,0,36,HOM_5_36_nochat.txt,12,25,4,0,1,1,2,2,100,6
hom,5,0,0,36,HOM_5_36_nochat.txt,12,30,4,0,2,2,2,2,100,15
hom,5,0,0,36,HOM_5_36_nochat.txt,12,22,4,0,2,2,2,2,100,3
hom,5,0,0,36,HOM_5_36_nochat.txt,12,4,4,0,2,2,2,2,100,5
hom,5,0,0,36,HOM_5_36_nochat.txt,13,18,1,0,1,1,1,1,100,6
hom,5,0,0,36,HOM_5_36_nochat.txt,13,10,1,0,1,1,1,1,100,8
hom,5,0,0,36,HOM_5_36_nochat.txt,13,30,1,0,1,2,1,1,100,7
hom,5,0,0,36,HOM_5_36_nochat.txt,13,14,1,0,1,1,1,1,100,5
hom,5,0,0,36,HOM_5_36_nochat.txt,13,22,1,0,1,1,1,1,100,4
hom,5,0,0,36,HOM_5_36_nochat.txt,13,12,1,0,1,1,1,1,100,2
hom,5,0,0,36,HOM_5_36_nochat.txt,13,29,1,0,1,1,1,1,100,3
hom,5,0,0,36,HOM_5_36_nochat.txt,13,25,1,0,1,1,1,1,100,5
hom,5,0,0,36,HOM_5_36_nochat.txt,13,4,1,0,1,1,1,1,100,5
hom,5,0,0,36,HOM_5_36_nochat.txt,13,9,2,0,1,1,1,1,100,5
hom,5,0,0,36,HOM_5_36_nochat.txt,13,19,2,0,2,2,1,1,100,5
hom,5,0,0,36,HOM_5_36_nochat.txt,13,34,2,0,2,2,1,1,100,3
hom,5,0,0,36,HOM_5_36_nochat.txt,13,28,2,0,1,1,1,1,100,11
hom,5,0,0,36,HOM_5_36_nochat.txt,13,24,2,0,2,2,1,1,100,3
hom,5,0,0,36,HOM_5_36_nochat.txt,13,7,2,0,1,1,1,1,100,3
hom,5,0,0,36,HOM_5_36_nochat.txt,13,6,2,0,1,1,1,1,100,5
hom,5,0,0,36,HOM_5_36_nochat.txt,13,27,2,0,2,1,1,1,100,6
hom,5,0,0,36,HOM_5_36_nochat.txt,13,17,2,0,1,1,1,1,100,3
hom,5,0,0,36,HOM_5_36_nochat.txt,13,1,3,0,1,1,2,2,100,2
hom,5,0,0,36,HOM_5_36_nochat.txt,13,2,3,0,1,1,2,2,100,4
hom,5,0,0,36,HOM_5_36_nochat.txt,13,20,3,0,1,1,2,2,100,8
hom,5,0,0,36,HOM_5_36_nochat.txt,13,26,3,0,2,2,2,2,100,23
hom,5,0,0,36,HOM_5_36_nochat.txt,13,32,3,0,2,2,2,2,100,3
hom,5,0,0,36,HOM_5_36_nochat.txt,13,33,3,0,2,2,2,2,100,9
hom,5,0,0,36,HOM_5_36_nochat.txt,13,11,3,0,2,2,2,2,100,5
hom,5,0,0,36,HOM_5_36_nochat.txt,13,3,3,0,2,2,2,2,100,4
hom,5,0,0,36,HOM_5_36_nochat.txt,13,15,3,0,2,2,2,2,100,5
hom,5,0,0,36,HOM_5_36_nochat.txt,13,13,4,0,1,1,1,1,100,4
hom,5,0,0,36,HOM_5_36_nochat.txt,13,36,4,0,1,1,1,1,100,2
hom,5,0,0,36,HOM_5_36_nochat.txt,13,8,4,0,1,1,1,1,100,7
hom,5,0,0,36,HOM_5_36_nochat.txt,13,31,4,0,2,2,1,1,100,8
hom,5,0,0,36,HOM_5_36_nochat.txt,13,21,4,0,1,1,1,1,100,3
hom,5,0,0,36,HOM_5_36_nochat.txt,13,35,4,0,1,2,1,1,100,6
hom,5,0,0,36,HOM_5_36_nochat.txt,13,23,4,0,2,2,1,1,100,4
hom,5,0,0,36,HOM_5_36_nochat.txt,13,16,4,0,2,2,1,1,100,5
hom,5,0,0,36,HOM_5_36_nochat.txt,13,5,4,0,1,1,1,1,100,2
hom,5,0,0,36,HOM_5_36_nochat.txt,14,32,1,0,1,1,1,1,100,3
hom,5,0,0,36,HOM_5_36_nochat.txt,14,31,1,0,1,2,1,1,100,13
hom,5,0,0,36,HOM_5_36_nochat.txt,14,14,1,0,1,1,1,1,100,5
hom,5,0,0,36,HOM_5_36_nochat.txt,14,10,1,0,1,1,1,1,100,9
hom,5,0,0,36,HOM_5_36_nochat.txt,14,1,1,0,2,2,1,1,100,2
hom,5,0,0,36,HOM_5_36_nochat.txt,14,4,1,0,1,1,1,1,100,3
hom,5,0,0,36,HOM_5_36_nochat.txt,14,19,1,0,1,1,1,1,100,3
hom,5,0,0,36,HOM_5_36_nochat.txt,14,36,1,0,2,2,1,1,100,3
hom,5,0,0,36,HOM_5_36_nochat.txt,14,22,1,0,1,1,1,1,100,4
hom,5,0,0,36,HOM_5_36_nochat.txt,14,34,2,0,2,2,2,2,100,6
hom,5,0,0,36,HOM_5_36_nochat.txt,14,18,2,0,2,2,2,2,100,8
hom,5,0,0,36,HOM_5_36_nochat.txt,14,21,2,0,2,2,2,2,100,2
hom,5,0,0,36,HOM_5_36_nochat.txt,14,6,2,0,2,2,2,2,100,4
hom,5,0,0,36,HOM_5_36_nochat.txt,14,13,2,0,2,2,2,2,100,3
hom,5,0,0,36,HOM_5_36_nochat.txt,14,20,2,0,1,1,2,2,100,12
hom,5,0,0,36,HOM_5_36_nochat.txt,14,24,2,0,2,2,2,2,100,6
hom,5,0,0,36,HOM_5_36_nochat.txt,14,23,2,0,1,1,2,2,100,4
hom,5,0,0,36,HOM_5_36_nochat.txt,14,30,2,0,2,1,2,2,100,6
hom,5,0,0,36,HOM_5_36_nochat.txt,14,35,3,0,1,2,2,2,100,9
hom,5,0,0,36,HOM_5_36_nochat.txt,14,9,3,0,2,2,2,2,100,4
hom,5,0,0,36,HOM_5_36_nochat.txt,14,27,3,0,2,1,2,2,100,10
hom,5,0,0,36,HOM_5_36_nochat.txt,14,2,3,0,1,1,2,2,100,10
hom,5,0,0,36,HOM_5_36_nochat.txt,14,29,3,0,2,2,2,2,100,5
hom,5,0,0,36,HOM_5_36_nochat.txt,14,25,3,0,2,2,2,2,100,62
hom,5,0,0,36,HOM_5_36_nochat.txt,14,28,3,0,2,2,2,2,100,6
hom,5,0,0,36,HOM_5_36_nochat.txt,14,3,3,0,2,2,2,2,100,7
hom,5,0,0,36,HOM_5_36_nochat.txt,14,11,3,0,2,2,2,2,100,6
hom,5,0,0,36,HOM_5_36_nochat.txt,14,15,4,0,1,1,1,1,100,5
hom,5,0,0,36,HOM_5_36_nochat.txt,14,8,4,0,1,1,1,1,100,8
hom,5,0,0,36,HOM_5_36_nochat.txt,14,17,4,0,1,1,1,1,100,4
hom,5,0,0,36,HOM_5_36_nochat.txt,14,33,4,0,1,1,1,1,100,7
hom,5,0,0,36,HOM_5_36_nochat.txt,14,26,4,0,1,1,1,1,100,21
hom,5,0,0,36,HOM_5_36_nochat.txt,14,12,4,0,1,1,1,1,100,4
hom,5,0,0,36,HOM_5_36_nochat.txt,14,5,4,0,2,2,1,1,100,3
hom,5,0,0,36,HOM_5_36_nochat.txt,14,16,4,0,1,1,1,1,100,4
hom,5,0,0,36,HOM_5_36_nochat.txt,14,7,4,0,1,1,1,1,100,4
hom,5,0,0,36,HOM_5_36_nochat.txt,15,20,1,0,2,2,2,2,100,14
hom,5,0,0,36,HOM_5_36_nochat.txt,15,21,1,0,2,2,2,2,100,2
hom,5,0,0,36,HOM_5_36_nochat.txt,15,31,1,0,2,1,2,2,100,8
hom,5,0,0,36,HOM_5_36_nochat.txt,15,7,1,0,1,1,2,2,100,3
hom,5,0,0,36,HOM_5_36_nochat.txt,15,3,1,0,1,1,2,2,100,5
hom,5,0,0,36,HOM_5_36_nochat.txt,15,9,1,0,1,1,2,2,100,6
hom,5,0,0,36,HOM_5_36_nochat.txt,15,19,1,0,2,2,2,2,100,5
hom,5,0,0,36,HOM_5_36_nochat.txt,15,27,1,0,2,2,2,2,100,21
hom,5,0,0,36,HOM_5_36_nochat.txt,15,25,1,0,2,2,2,2,100,8
hom,5,0,0,36,HOM_5_36_nochat.txt,15,22,2,0,1,1,1,1,100,2
hom,5,0,0,36,HOM_5_36_nochat.txt,15,10,2,0,1,1,1,1,100,8
hom,5,0,0,36,HOM_5_36_nochat.txt,15,18,2,0,1,1,1,1,100,4
hom,5,0,0,36,HOM_5_36_nochat.txt,15,15,2,0,1,1,1,1,100,4
hom,5,0,0,36,HOM_5_36_nochat.txt,15,1,2,0,1,1,1,1,100,4
hom,5,0,0,36,HOM_5_36_nochat.txt,15,36,2,0,1,1,1,1,100,3
hom,5,0,0,36,HOM_5_36_nochat.txt,15,34,2,0,2,2,1,1,100,4
hom,5,0,0,36,HOM_5_36_nochat.txt,15,26,2,0,1,1,1,1,100,21
hom,5,0,0,36,HOM_5_36_nochat.txt,15,12,2,0,1,1,1,1,100,4
hom,5,0,0,36,HOM_5_36_nochat.txt,15,13,3,0,2,2,2,2,100,2
hom,5,0,0,36,HOM_5_36_nochat.txt,15,30,3,0,2,1,2,2,100,7
hom,5,0,0,36,HOM_5_36_nochat.txt,15,33,3,0,2,2,2,2,100,5
hom,5,0,0,36,HOM_5_36_nochat.txt,15,17,3,0,1,1,2,2,100,5
hom,5,0,0,36,HOM_5_36_nochat.txt,15,11,3,0,1,1,2,2,100,4
hom,5,0,0,36,HOM_5_36_nochat.txt,15,5,3,0,2,2,2,2,100,3
hom,5,0,0,36,HOM_5_36_nochat.txt,15,28,3,0,1,1,2,2,100,3
hom,5,0,0,36,HOM_5_36_nochat.txt,15,14,3,0,2,2,2,2,100,5
hom,5,0,0,36,HOM_5_36_nochat.txt,15,6,3,0,2,2,2,2,100,3
hom,5,0,0,36,HOM_5_36_nochat.txt,15,29,4,0,1,1,1,1,100,2
hom,5,0,0,36,HOM_5_36_nochat.txt,15,8,4,0,1,1,1,1,100,5
hom,5,0,0,36,HOM_5_36_nochat.txt,15,16,4,0,1,1,1,1,100,5
hom,5,0,0,36,HOM_5_36_nochat.txt,15,35,4,0,2,2,1,1,100,3
hom,5,0,0,36,HOM_5_36_nochat.txt,15,24,4,0,1,1,1,1,100,8
hom,5,0,0,36,HOM_5_36_nochat.txt,15,4,4,0,1,1,1,1,100,2
hom,5,0,0,36,HOM_5_36_nochat.txt,15,2,4,0,2,2,1,1,100,4
hom,5,0,0,36,HOM_5_36_nochat.txt,15,23,4,0,2,2,1,1,100,4
hom,5,0,0,36,HOM_5_36_nochat.txt,15,32,4,0,1,1,1,1,100,4
hom,7,1,0,36,HOM_7_36_chat.txt,1,5,1,0,1,1,2,1,10,146
hom,7,1,0,36,HOM_7_36_chat.txt,1,27,1,0,2,2,2,1,10,127
hom,7,1,0,36,HOM_7_36_chat.txt,1,20,1,0,2,2,2,1,10,213
hom,7,1,0,36,HOM_7_36_chat.txt,1,13,1,0,1,2,2,1,10,65
hom,7,1,0,36,HOM_7_36_chat.txt,1,24,1,0,2,2,2,1,10,129
hom,7,1,0,36,HOM_7_36_chat.txt,1,33,1,0,2,1,2,1,10,195
hom,7,1,0,36,HOM_7_36_chat.txt,1,17,1,0,1,1,2,1,10,35
hom,7,1,0,36,HOM_7_36_chat.txt,1,7,1,0,1,1,2,1,10,189
hom,7,1,0,36,HOM_7_36_chat.txt,1,31,1,0,2,2,2,1,10,59
hom,7,1,0,36,HOM_7_36_chat.txt,1,6,2,0,2,1,2,2,100,208
hom,7,1,0,36,HOM_7_36_chat.txt,1,10,2,0,1,2,2,2,100,50
hom,7,1,0,36,HOM_7_36_chat.txt,1,1,2,0,2,2,2,2,100,214
hom,7,1,0,36,HOM_7_36_chat.txt,1,4,2,0,1,1,2,2,100,54
hom,7,1,0,36,HOM_7_36_chat.txt,1,18,2,0,2,2,2,2,100,51
hom,7,1,0,36,HOM_7_36_chat.txt,1,36,2,0,2,2,2,2,100,52
hom,7,1,0,36,HOM_7_36_chat.txt,1,26,2,0,1,1,2,2,100,42
hom,7,1,0,36,HOM_7_36_chat.txt,1,8,2,0,1,1,2,2,100,35
hom,7,1,0,36,HOM_7_36_chat.txt,1,25,2,0,2,2,2,2,100,254
hom,7,1,0,36,HOM_7_36_chat.txt,1,11,3,0,1,1,1,1,100,46
hom,7,1,0,36,HOM_7_36_chat.txt,1,23,3,0,1,1,1,1,100,43
hom,7,1,0,36,HOM_7_36_chat.txt,1,35,3,0,2,1,1,1,100,46
hom,7,1,0,36,HOM_7_36_chat.txt,1,19,3,0,2,1,1,1,100,46
hom,7,1,0,36,HOM_7_36_chat.txt,1,28,3,0,1,1,1,1,100,46
hom,7,1,0,36,HOM_7_36_chat.txt,1,15,3,0,1,1,1,1,100,38
hom,7,1,0,36,HOM_7_36_chat.txt,1,16,3,0,1,1,1,1,100,24
hom,7,1,0,36,HOM_7_36_chat.txt,1,22,3,0,2,1,1,1,100,40
hom,7,1,0,36,HOM_7_36_chat.txt,1,34,3,0,1,1,1,1,100,19
hom,7,1,0,36,HOM_7_36_chat.txt,1,29,4,0,2,2,2,2,100,39
hom,7,1,0,36,HOM_7_36_chat.txt,1,14,4,0,2,2,2,2,100,65
hom,7,1,0,36,HOM_7_36_chat.txt,1,2,4,0,2,2,2,2,100,6
hom,7,1,0,36,HOM_7_36_chat.txt,1,3,4,0,2,2,2,2,100,47
hom,7,1,0,36,HOM_7_36_chat.txt,1,9,4,0,1,2,2,2,100,47
hom,7,1,0,36,HOM_7_36_chat.txt,1,32,4,0,2,2,2,2,100,43
hom,7,1,0,36,HOM_7_36_chat.txt,1,12,4,0,2,2,2,2,100,58
hom,7,1,0,36,HOM_7_36_chat.txt,1,21,4,0,1,2,2,2,100,47
hom,7,1,0,36,HOM_7_36_chat.txt,1,30,4,0,2,2,2,2,100,46
hom,7,1,0,36,HOM_7_36_chat.txt,2,21,1,0,1,2,2,1,10,69
hom,7,1,0,36,HOM_7_36_chat.txt,2,34,1,0,2,1,2,1,10,96
hom,7,1,0,36,HOM_7_36_chat.txt,2,11,1,0,1,1,2,1,10,129
hom,7,1,0,36,HOM_7_36_chat.txt,2,24,1,0,2,2,2,1,10,35
hom,7,1,0,36,HOM_7_36_chat.txt,2,10,1,0,2,1,2,1,10,106
hom,7,1,0,36,HOM_7_36_chat.txt,2,20,1,0,1,1,2,1,10,143
hom,7,1,0,36,HOM_7_36_chat.txt,2,1,1,0,2,2,2,1,10,125
hom,7,1,0,36,HOM_7_36_chat.txt,2,35,1,0,1,2,2,1,10,56
hom,7,1,0,36,HOM_7_36_chat.txt,2,30,1,0,1,1,2,1,10,85
hom,7,1,0,36,HOM_7_36_chat.txt,2,5,2,0,2,2,2,2,100,40
hom,7,1,0,36,HOM_7_36_chat.txt,2,29,2,0,1,2,2,2,100,79
hom,7,1,0,36,HOM_7_36_chat.txt,2,27,2,0,2,2,2,2,100,49
hom,7,1,0,36,HOM_7_36_chat.txt,2,6,2,0,2,2,2,2,100,91
hom,7,1,0,36,HOM_7_36_chat.txt,2,15,2,0,2,2,2,2,100,43
hom,7,1,0,36,HOM_7_36_chat.txt,2,14,2,0,2,2,2,2,100,75
hom,7,1,0,36,HOM_7_36_chat.txt,2,9,2,0,2,2,2,2,100,35
hom,7,1,0,36,HOM_7_36_chat.txt,2,12,2,0,1,2,2,2,100,40
hom,7,1,0,36,HOM_7_36_chat.txt,2,28,2,0,2,2,2,2,100,51
hom,7,1,0,36,HOM_7_36_chat.txt,2,25,3,0,1,1,1,1,100,69
hom,7,1,0,36,HOM_7_36_chat.txt,2,33,3,0,1,1,1,1,100,48
hom,7,1,0,36,HOM_7_36_chat.txt,2,23,3,0,2,1,1,1,100,51
hom,7,1,0,36,HOM_7_36_chat.txt,2,16,3,0,1,1,1,1,100,26
hom,7,1,0,36,HOM_7_36_chat.txt,2,26,3,0,1,1,1,1,100,52
hom,7,1,0,36,HOM_7_36_chat.txt,2,17,3,0,1,1,1,1,100,32
hom,7,1,0,36,HOM_7_36_chat.txt,2,18,3,0,1,1,1,1,100,28
hom,7,1,0,36,HOM_7_36_chat.txt,2,8,3,0,2,2,1,1,100,14
hom,7,1,0,36,HOM_7_36_chat.txt,2,19,3,0,1,1,1,1,100,66
hom,7,1,0,36,HOM_7_36_chat.txt,2,4,4,0,1,1,1,1,100,91
hom,7,1,0,36,HOM_7_36_chat.txt,2,3,4,0,2,1,1,1,100,33
hom,7,1,0,36,HOM_7_36_chat.txt,2,36,4,0,1,1,1,1,100,52
hom,7,1,0,36,HOM_7_36_chat.txt,2,7,4,0,2,1,1,1,100,68
hom,7,1,0,36,HOM_7_36_chat.txt,2,2,4,0,2,2,1,1,100,57
hom,7,1,0,36,HOM_7_36_chat.txt,2,32,4,0,1,1,1,1,100,47
hom,7,1,0,36,HOM_7_36_chat.txt,2,13,4,0,1,1,1,1,100,63
hom,7,1,0,36,HOM_7_36_chat.txt,2,31,4,0,1,1,1,1,100,39
hom,7,1,0,36,HOM_7_36_chat.txt,2,22,4,0,1,1,1,1,100,48
hom,7,1,0,36,HOM_7_36_chat.txt,3,15,1,0,1,1,1,1,100,43
hom,7,1,0,36,HOM_7_36_chat.txt,3,34,1,0,1,1,1,1,100,83
hom,7,1,0,36,HOM_7_36_chat.txt,3,31,1,0,1,1,1,1,100,43
hom,7,1,0,36,HOM_7_36_chat.txt,3,24,1,0,1,1,1,1,100,33
hom,7,1,0,36,HOM_7_36_chat.txt,3,14,1,0,1,1,1,1,100,38
hom,7,1,0,36,HOM_7_36_chat.txt,3,20,1,0,2,2,1,1,100,77
hom,7,1,0,36,HOM_7_36_chat.txt,3,4,1,0,1,1,1,1,100,62
hom,7,1,0,36,HOM_7_36_chat.txt,3,30,1,0,1,1,1,1,100,51
hom,7,1,0,36,HOM_7_36_chat.txt,3,6,1,0,1,1,1,1,100,45
hom,7,1,0,36,HOM_7_36_chat.txt,3,12,2,0,2,1,1,1,100,75
hom,7,1,0,36,HOM_7_36_chat.txt,3,8,2,0,2,2,1,1,100,33
hom,7,1,0,36,HOM_7_36_chat.txt,3,5,2,0,1,1,1,1,100,63
hom,7,1,0,36,HOM_7_36_chat.txt,3,32,2,0,1,1,1,1,100,67
hom,7,1,0,36,HOM_7_36_chat.txt,3,22,2,0,1,1,1,1,100,60
hom,7,1,0,36,HOM_7_36_chat.txt,3,27,2,0,1,1,1,1,100,60
hom,7,1,0,36,HOM_7_36_chat.txt,3,16,2,0,1,1,1,1,100,28
hom,7,1,0,36,HOM_7_36_chat.txt,3,10,2,0,1,1,1,1,100,61
hom,7,1,0,36,HOM_7_36_chat.txt,3,23,2,0,2,1,1,1,100,41
hom,7,1,0,36,HOM_7_36_chat.txt,3,7,3,0,2,2,2,2,100,73
hom,7,1,0,36,HOM_7_36_chat.txt,3,33,3,0,2,1,2,2,100,65
hom,7,1,0,36,HOM_7_36_chat.txt,3,21,3,0,2,2,2,2,100,47
hom,7,1,0,36,HOM_7_36_chat.txt,3,3,3,0,1,2,2,2,100,49
hom,7,1,0,36,HOM_7_36_chat.txt,3,26,3,0,2,2,2,2,100,14
hom,7,1,0,36,HOM_7_36_chat.txt,3,35,3,0,1,2,2,2,100,52
hom,7,1,0,36,HOM_7_36_chat.txt,3,25,3,0,2,2,2,2,100,70
hom,7,1,0,36,HOM_7_36_chat.txt,3,18,3,0,2,1,2,2,100,50
hom,7,1,0,36,HOM_7_36_chat.txt,3,13,3,0,2,1,2,2,100,54
hom,7,1,0,36,HOM_7_36_chat.txt,3,9,4,0,2,2,2,2,100,47
hom,7,1,0,36,HOM_7_36_chat.txt,3,36,4,0,1,2,2,2,100,63
hom,7,1,0,36,HOM_7_36_chat.txt,3,1,4,0,1,1,2,2,100,37
hom,7,1,0,36,HOM_7_36_chat.txt,3,17,4,0,2,2,2,2,100,33
hom,7,1,0,36,HOM_7_36_chat.txt,3,28,4,0,2,2,2,2,100,71
hom,7,1,0,36,HOM_7_36_chat.txt,3,19,4,0,2,2,2,2,100,53
hom,7,1,0,36,HOM_7_36_chat.txt,3,29,4,0,2,2,2,2,100,76
hom,7,1,0,36,HOM_7_36_chat.txt,3,11,4,0,2,2,2,2,100,80
hom,7,1,0,36,HOM_7_36_chat.txt,3,2,4,0,2,2,2,2,100,47
hom,7,1,0,36,HOM_7_36_chat.txt,4,7,1,0,2,2,2,2,100,34
hom,7,1,0,36,HOM_7_36_chat.txt,4,23,1,0,2,2,2,2,100,35
hom,7,1,0,36,HOM_7_36_chat.txt,4,10,1,0,1,2,2,2,100,47
hom,7,1,0,36,HOM_7_36_chat.txt,4,6,1,0,2,2,2,2,100,36
hom,7,1,0,36,HOM_7_36_chat.txt,4,34,1,0,2,2,2,2,100,69
hom,7,1,0,36,HOM_7_36_chat.txt,4,32,1,0,2,2,2,2,100,24
hom,7,1,0,36,HOM_7_36_chat.txt,4,15,1,0,2,2,2,2,100,35
hom,7,1,0,36,HOM_7_36_chat.txt,4,9,1,0,1,2,2,2,100,28
hom,7,1,0,36,HOM_7_36_chat.txt,4,25,1,0,2,2,2,2,100,45
hom,7,1,0,36,HOM_7_36_chat.txt,4,30,2,0,1,1,1,1,100,34
hom,7,1,0,36,HOM_7_36_chat.txt,4,17,2,0,1,1,1,1,100,24
hom,7,1,0,36,HOM_7_36_chat.txt,4,4,2,0,2,1,1,1,100,38
hom,7,1,0,36,HOM_7_36_chat.txt,4,29,2,0,1,1,1,1,100,50
hom,7,1,0,36,HOM_7_36_chat.txt,4,18,2,0,1,1,1,1,100,22
hom,7,1,0,36,HOM_7_36_chat.txt,4,21,2,0,1,1,1,1,100,47
hom,7,1,0,36,HOM_7_36_chat.txt,4,3,2,0,1,1,1,1,100,18
hom,7,1,0,36,HOM_7_36_chat.txt,4,20,2,0,2,2,1,1,100,31
hom,7,1,0,36,HOM_7_36_chat.txt,4,2,2,0,1,1,1,1,100,36
hom,7,1,0,36,HOM_7_36_chat.txt,4,19,3,0,1,2,2,1,10,45
hom,7,1,0,36,HOM_7_36_chat.txt,4,27,3,0,1,1,2,1,10,59
hom,7,1,0,36,HOM_7_36_chat.txt,4,35,3,0,2,2,2,1,10,44
hom,7,1,0,36,HOM_7_36_chat.txt,4,1,3,0,2,2,2,1,10,43
hom,7,1,0,36,HOM_7_36_chat.txt,4,24,3,0,1,2,2,1,10,27
hom,7,1,0,36,HOM_7_36_chat.txt,4,11,3,0,1,2,2,1,10,42
hom,7,1,0,36,HOM_7_36_chat.txt,4,5,3,0,2,2,2,1,10,42
hom,7,1,0,36,HOM_7_36_chat.txt,4,14,3,0,1,2,2,1,10,38
hom,7,1,0,36,HOM_7_36_chat.txt,4,13,3,0,2,1,2,1,10,46
hom,7,1,0,36,HOM_7_36_chat.txt,4,28,4,0,2,1,1,2,10,86
hom,7,1,0,36,HOM_7_36_chat.txt,4,26,4,0,2,2,1,2,10,3
hom,7,1,0,36,HOM_7_36_chat.txt,4,12,4,0,1,1,1,2,10,89
hom,7,1,0,36,HOM_7_36_chat.txt,4,31,4,0,1,1,1,2,10,44
hom,7,1,0,36,HOM_7_36_chat.txt,4,8,4,0,2,2,1,2,10,28
hom,7,1,0,36,HOM_7_36_chat.txt,4,22,4,0,2,1,1,2,10,34
hom,7,1,0,36,HOM_7_36_chat.txt,4,36,4,0,2,1,1,2,10,70
hom,7,1,0,36,HOM_7_36_chat.txt,4,16,4,0,1,1,1,2,10,33
hom,7,1,0,36,HOM_7_36_chat.txt,4,33,4,0,1,1,1,2,10,67
hom,7,1,0,36,HOM_7_36_chat.txt,5,5,1,0,2,1,1,1,100,51
hom,7,1,0,36,HOM_7_36_chat.txt,5,27,1,0,1,1,1,1,100,42
hom,7,1,0,36,HOM_7_36_chat.txt,5,20,1,0,1,1,1,1,100,39
hom,7,1,0,36,HOM_7_36_chat.txt,5,13,1,0,2,2,1,1,100,29
hom,7,1,0,36,HOM_7_36_chat.txt,5,24,1,0,2,1,1,1,100,65
hom,7,1,0,36,HOM_7_36_chat.txt,5,33,1,0,1,1,1,1,100,55
hom,7,1,0,36,HOM_7_36_chat.txt,5,17,1,0,1,1,1,1,100,48
hom,7,1,0,36,HOM_7_36_chat.txt,5,7,1,0,1,1,1,1,100,56
hom,7,1,0,36,HOM_7_36_chat.txt,5,31,1,0,1,1,1,1,100,74
hom,7,1,0,36,HOM_7_36_chat.txt,5,6,2,0,1,2,2,2,100,78
hom,7,1,0,36,HOM_7_36_chat.txt,5,10,2,0,2,2,2,2,100,48
hom,7,1,0,36,HOM_7_36_chat.txt,5,1,2,0,2,2,2,2,100,79
hom,7,1,0,36,HOM_7_36_chat.txt,5,4,2,0,2,2,2,2,100,66
hom,7,1,0,36,HOM_7_36_chat.txt,5,18,2,0,2,1,2,2,100,70
hom,7,1,0,36,HOM_7_36_chat.txt,5,36,2,0,1,2,2,2,100,52
hom,7,1,0,36,HOM_7_36_chat.txt,5,26,2,0,2,2,2,2,100,79
hom,7,1,0,36,HOM_7_36_chat.txt,5,8,2,0,2,2,2,2,100,46
hom,7,1,0,36,HOM_7_36_chat.txt,5,25,2,0,2,2,2,2,100,34
hom,7,1,0,36,HOM_7_36_chat.txt,5,11,3,0,2,2,1,1,100,25
hom,7,1,0,36,HOM_7_36_chat.txt,5,23,3,0,1,1,1,1,100,19
hom,7,1,0,36,HOM_7_36_chat.txt,5,35,3,0,1,1,1,1,100,53
hom,7,1,0,36,HOM_7_36_chat.txt,5,19,3,0,2,1,1,1,100,51
hom,7,1,0,36,HOM_7_36_chat.txt,5,28,3,0,1,1,1,1,100,54
hom,7,1,0,36,HOM_7_36_chat.txt,5,15,3,0,1,1,1,1,100,51
hom,7,1,0,36,HOM_7_36_chat.txt,5,16,3,0,1,1,1,1,100,68
hom,7,1,0,36,HOM_7_36_chat.txt,5,22,3,0,1,1,1,1,100,55
hom,7,1,0,36,HOM_7_36_chat.txt,5,34,3,0,1,2,1,1,100,46
hom,7,1,0,36,HOM_7_36_chat.txt,5,29,4,0,2,2,2,2,100,30
hom,7,1,0,36,HOM_7_36_chat.txt,5,14,4,0,2,2,2,2,100,39
hom,7,1,0,36,HOM_7_36_chat.txt,5,2,4,0,2,2,2,2,100,57
hom,7,1,0,36,HOM_7_36_chat.txt,5,3,4,0,1,2,2,2,100,31
hom,7,1,0,36,HOM_7_36_chat.txt,5,9,4,0,2,2,2,2,100,46
hom,7,1,0,36,HOM_7_36_chat.txt,5,32,4,0,1,2,2,2,100,36
hom,7,1,0,36,HOM_7_36_chat.txt,5,12,4,0,2,2,2,2,100,28
hom,7,1,0,36,HOM_7_36_chat.txt,5,21,4,0,2,2,2,2,100,65
hom,7,1,0,36,HOM_7_36_chat.txt,5,30,4,0,2,2,2,2,100,28
hom,7,1,0,36,HOM_7_36_chat.txt,6,21,1,0,2,2,2,2,100,37
hom,7,1,0,36,HOM_7_36_chat.txt,6,34,1,0,2,1,2,2,100,19
hom,7,1,0,36,HOM_7_36_chat.txt,6,11,1,0,2,2,2,2,100,28
hom,7,1,0,36,HOM_7_36_chat.txt,6,24,1,0,2,2,2,2,100,48
hom,7,1,0,36,HOM_7_36_chat.txt,6,10,1,0,2,2,2,2,100,30
hom,7,1,0,36,HOM_7_36_chat.txt,6,20,1,0,1,2,2,2,100,37
hom,7,1,0,36,HOM_7_36_chat.txt,6,1,1,0,1,2,2,2,100,30
hom,7,1,0,36,HOM_7_36_chat.txt,6,35,1,0,2,2,2,2,100,34
hom,7,1,0,36,HOM_7_36_chat.txt,6,30,1,0,2,2,2,2,100,21
hom,7,1,0,36,HOM_7_36_chat.txt,6,5,2,0,2,2,2,2,100,72
hom,7,1,0,36,HOM_7_36_chat.txt,6,29,2,0,2,2,2,2,100,32
hom,7,1,0,36,HOM_7_36_chat.txt,6,27,2,0,1,2,2,2,100,28
hom,7,1,0,36,HOM_7_36_chat.txt,6,6,2,0,2,2,2,2,100,26
hom,7,1,0,36,HOM_7_36_chat.txt,6,15,2,0,1,2,2,2,100,35
hom,7,1,0,36,HOM_7_36_chat.txt,6,14,2,0,2,2,2,2,100,28
hom,7,1,0,36,HOM_7_36_chat.txt,6,9,2,0,2,2,2,2,100,27
hom,7,1,0,36,HOM_7_36_chat.txt,6,12,2,0,1,2,2,2,100,25
hom,7,1,0,36,HOM_7_36_chat.txt,6,28,2,0,2,2,2,2,100,39
hom,7,1,0,36,HOM_7_36_chat.txt,6,25,3,0,2,2,2,2,100,83
hom,7,1,0,36,HOM_7_36_chat.txt,6,33,3,0,2,2,2,2,100,45
hom,7,1,0,36,HOM_7_36_chat.txt,6,23,3,0,1,1,2,2,100,22
hom,7,1,0,36,HOM_7_36_chat.txt,6,16,3,0,2,1,2,2,100,153
hom,7,1,0,36,HOM_7_36_chat.txt,6,26,3,0,2,2,2,2,100,55
hom,7,1,0,36,HOM_7_36_chat.txt,6,17,3,0,2,2,2,2,100,64
hom,7,1,0,36,HOM_7_36_chat.txt,6,18,3,0,2,2,2,2,100,257
hom,7,1,0,36,HOM_7_36_chat.txt,6,8,3,0,2,1,2,2,100,249
hom,7,1,0,36,HOM_7_36_chat.txt,6,19,3,0,1,1,2,2,100,20
hom,7,1,0,36,HOM_7_36_chat.txt,6,4,4,0,2,2,2,2,100,4
hom,7,1,0,36,HOM_7_36_chat.txt,6,3,4,0,2,2,2,2,100,19
hom,7,1,0,36,HOM_7_36_chat.txt,6,36,4,0,2,2,2,2,100,23
hom,7,1,0,36,HOM_7_36_chat.txt,6,7,4,0,2,2,2,2,100,27
hom,7,1,0,36,HOM_7_36_chat.txt,6,2,4,0,2,2,2,2,100,53
hom,7,1,0,36,HOM_7_36_chat.txt,6,32,4,0,2,2,2,2,100,23
hom,7,1,0,36,HOM_7_36_chat.txt,6,13,4,0,2,2,2,2,100,5
hom,7,1,0,36,HOM_7_36_chat.txt,6,31,4,0,2,2,2,2,100,25
hom,7,1,0,36,HOM_7_36_chat.txt,6,22,4,0,2,2,2,2,100,28
hom,7,1,0,36,HOM_7_36_chat.txt,7,15,1,0,1,1,1,1,100,36
hom,7,1,0,36,HOM_7_36_chat.txt,7,34,1,0,1,1,1,1,100,18
hom,7,1,0,36,HOM_7_36_chat.txt,7,31,1,0,1,1,1,1,100,30
hom,7,1,0,36,HOM_7_36_chat.txt,7,24,1,0,1,2,1,1,100,43
hom,7,1,0,36,HOM_7_36_chat.txt,7,14,1,0,1,1,1,1,100,29
hom,7,1,0,36,HOM_7_36_chat.txt,7,20,1,0,1,1,1,1,100,46
hom,7,1,0,36,HOM_7_36_chat.txt,7,4,1,0,2,2,1,1,100,20
hom,7,1,0,36,HOM_7_36_chat.txt,7,30,1,0,2,1,1,1,100,46
hom,7,1,0,36,HOM_7_36_chat.txt,7,6,1,0,1,1,1,1,100,21
hom,7,1,0,36,HOM_7_36_chat.txt,7,12,2,0,1,1,1,1,100,59
hom,7,1,0,36,HOM_7_36_chat.txt,7,8,2,0,1,1,1,1,100,102
hom,7,1,0,36,HOM_7_36_chat.txt,7,5,2,0,1,1,1,1,100,57
hom,7,1,0,36,HOM_7_36_chat.txt,7,32,2,0,2,1,1,1,100,37
hom,7,1,0,36,HOM_7_36_chat.txt,7,22,2,0,2,1,1,1,100,63
hom,7,1,0,36,HOM_7_36_chat.txt,7,27,2,0,1,1,1,1,100,64
hom,7,1,0,36,HOM_7_36_chat.txt,7,16,2,0,2,1,1,1,100,127
hom,7,1,0,36,HOM_7_36_chat.txt,7,10,2,0,2,1,1,1,100,36
hom,7,1,0,36,HOM_7_36_chat.txt,7,23,2,0,1,1,1,1,100,100
hom,7,1,0,36,HOM_7_36_chat.txt,7,7,3,0,1,1,1,1,100,108
hom,7,1,0,36,HOM_7_36_chat.txt,7,33,3,0,2,1,1,1,100,52
hom,7,1,0,36,HOM_7_36_chat.txt,7,21,3,0,2,1,1,1,100,77
hom,7,1,0,36,HOM_7_36_chat.txt,7,3,3,0,2,1,1,1,100,59
hom,7,1,0,36,HOM_7_36_chat.txt,7,26,3,0,1,1,1,1,100,54
hom,7,1,0,36,HOM_7_36_chat.txt,7,35,3,0,1,1,1,1,100,61
hom,7,1,0,36,HOM_7_36_chat.txt,7,25,3,0,1,1,1,1,100,48
hom,7,1,0,36,HOM_7_36_chat.txt,7,18,3,0,1,1,1,1,100,60
hom,7,1,0,36,HOM_7_36_chat.txt,7,13,3,0,2,2,1,1,100,3
hom,7,1,0,36,HOM_7_36_chat.txt,7,9,4,0,1,1,2,2,100,30
hom,7,1,0,36,HOM_7_36_chat.txt,7,36,4,0,2,2,2,2,100,63
hom,7,1,0,36,HOM_7_36_chat.txt,7,1,4,0,2,1,2,2,100,73
hom,7,1,0,36,HOM_7_36_chat.txt,7,17,4,0,2,1,2,2,100,83
hom,7,1,0,36,HOM_7_36_chat.txt,7,28,4,0,1,1,2,2,100,106
hom,7,1,0,36,HOM_7_36_chat.txt,7,19,4,0,2,1,2,2,100,8
hom,7,1,0,36,HOM_7_36_chat.txt,7,29,4,0,1,2,2,2,100,64
hom,7,1,0,36,HOM_7_36_chat.txt,7,11,4,0,2,2,2,2,100,27
hom,7,1,0,36,HOM_7_36_chat.txt,7,2,4,0,1,1,2,2,100,222
hom,7,1,0,36,HOM_7_36_chat.txt,8,7,1,0,1,1,1,1,100,38
hom,7,1,0,36,HOM_7_36_chat.txt,8,23,1,0,1,1,1,1,100,33
hom,7,1,0,36,HOM_7_36_chat.txt,8,10,1,0,1,1,1,1,100,15
hom,7,1,0,36,HOM_7_36_chat.txt,8,6,1,0,1,1,1,1,100,16
hom,7,1,0,36,HOM_7_36_chat.txt,8,34,1,0,2,1,1,1,100,21
hom,7,1,0,36,HOM_7_36_chat.txt,8,32,1,0,1,1,1,1,100,18
hom,7,1,0,36,HOM_7_36_chat.txt,8,15,1,0,2,1,1,1,100,22
hom,7,1,0,36,HOM_7_36_chat.txt,8,9,1,0,1,1,1,1,100,22
hom,7,1,0,36,HOM_7_36_chat.txt,8,25,1,0,1,1,1,1,100,20
hom,7,1,0,36,HOM_7_36_chat.txt,8,30,2,0,2,2,2,2,100,40
hom,7,1,0,36,HOM_7_36_chat.txt,8,17,2,0,1,1,2,2,100,71
hom,7,1,0,36,HOM_7_36_chat.txt,8,4,2,0,2,2,2,2,100,36
hom,7,1,0,36,HOM_7_36_chat.txt,8,29,2,0,2,2,2,2,100,40
hom,7,1,0,36,HOM_7_36_chat.txt,8,18,2,0,1,2,2,2,100,84
hom,7,1,0,36,HOM_7_36_chat.txt,8,21,2,0,1,2,2,2,100,56
hom,7,1,0,36,HOM_7_36_chat.txt,8,3,2,0,1,2,2,2,100,47
hom,7,1,0,36,HOM_7_36_chat.txt,8,20,2,0,2,2,2,2,100,63
hom,7,1,0,36,HOM_7_36_chat.txt,8,2,2,0,2,2,2,2,100,100
hom,7,1,0,36,HOM_7_36_chat.txt,8,19,3,0,1,1,2,1,10,27
hom,7,1,0,36,HOM_7_36_chat.txt,8,27,3,0,2,2,2,1,10,113
hom,7,1,0,36,HOM_7_36_chat.txt,8,35,3,0,2,2,2,1,10,136
hom,7,1,0,36,HOM_7_36_chat.txt,8,1,3,0,1,1,2,1,10,85
hom,7,1,0,36,HOM_7_36_chat.txt,8,24,3,0,1,2,2,1,10,81
hom,7,1,0,36,HOM_7_36_chat.txt,8,11,3,0,2,1,2,1,10,85
hom,7,1,0,36,HOM_7_36_chat.txt,8,5,3,0,1,1,2,1,10,116
hom,7,1,0,36,HOM_7_36_chat.txt,8,14,3,0,1,1,2,1,10,124
hom,7,1,0,36,HOM_7_36_chat.txt,8,13,3,0,2,2,2,1,10,4
hom,7,1,0,36,HOM_7_36_chat.txt,8,28,4,0,2,2,2,2,100,31
hom,7,1,0,36,HOM_7_36_chat.txt,8,26,4,0,2,2,2,2,100,32
hom,7,1,0,36,HOM_7_36_chat.txt,8,12,4,0,1,2,2,2,100,14
hom,7,1,0,36,HOM_7_36_chat.txt,8,31,4,0,2,2,2,2,100,49
hom,7,1,0,36,HOM_7_36_chat.txt,8,8,4,0,2,2,2,2,100,68
hom,7,1,0,36,HOM_7_36_chat.txt,8,22,4,0,2,2,2,2,100,65
hom,7,1,0,36,HOM_7_36_chat.txt,8,36,4,0,2,2,2,2,100,43
hom,7,1,0,36,HOM_7_36_chat.txt,8,16,4,0,2,2,2,2,100,55
hom,7,1,0,36,HOM_7_36_chat.txt,8,33,4,0,2,2,2,2,100,62
hom,7,1,0,36,HOM_7_36_chat.txt,9,35,1,0,2,2,2,2,100,130
hom,7,1,0,36,HOM_7_36_chat.txt,9,16,1,0,1,1,2,2,100,150
hom,7,1,0,36,HOM_7_36_chat.txt,9,31,1,0,2,2,2,2,100,115
hom,7,1,0,36,HOM_7_36_chat.txt,9,11,1,0,1,2,2,2,100,118
hom,7,1,0,36,HOM_7_36_chat.txt,9,15,1,0,2,2,2,2,100,156
hom,7,1,0,36,HOM_7_36_chat.txt,9,18,1,0,2,2,2,2,100,129
hom,7,1,0,36,HOM_7_36_chat.txt,9,34,1,0,2,2,2,2,100,150
hom,7,1,0,36,HOM_7_36_chat.txt,9,5,1,0,1,2,2,2,100,134
hom,7,1,0,36,HOM_7_36_chat.txt,9,13,1,0,2,2,2,2,100,3
hom,7,1,0,36,HOM_7_36_chat.txt,9,25,2,0,1,1,1,1,100,26
hom,7,1,0,36,HOM_7_36_chat.txt,9,14,2,0,1,1,1,1,100,26
hom,7,1,0,36,HOM_7_36_chat.txt,9,9,2,0,1,1,1,1,100,29
hom,7,1,0,36,HOM_7_36_chat.txt,9,22,2,0,1,1,1,1,100,37
hom,7,1,0,36,HOM_7_36_chat.txt,9,4,2,0,1,1,1,1,100,12
hom,7,1,0,36,HOM_7_36_chat.txt,9,26,2,0,1,1,1,1,100,41
hom,7,1,0,36,HOM_7_36_chat.txt,9,27,2,0,1,1,1,1,100,43
hom,7,1,0,36,HOM_7_36_chat.txt,9,33,2,0,1,1,1,1,100,57
hom,7,1,0,36,HOM_7_36_chat.txt,9,17,2,0,2,1,1,1,100,42
hom,7,1,0,36,HOM_7_36_chat.txt,9,28,3,0,2,1,1,1,100,86
hom,7,1,0,36,HOM_7_36_chat.txt,9,36,3,0,1,1,1,1,100,130
hom,7,1,0,36,HOM_7_36_chat.txt,9,24,3,0,1,1,1,1,100,82
hom,7,1,0,36,HOM_7_36_chat.txt,9,21,3,0,1,1,1,1,100,64
hom,7,1,0,36,HOM_7_36_chat.txt,9,10,3,0,2,1,1,1,100,25
hom,7,1,0,36,HOM_7_36_chat.txt,9,12,3,0,1,1,1,1,100,22
hom,7,1,0,36,HOM_7_36_chat.txt,9,20,3,0,1,1,1,1,100,63
hom,7,1,0,36,HOM_7_36_chat.txt,9,3,3,0,1,1,1,1,100,17
hom,7,1,0,36,HOM_7_36_chat.txt,9,1,3,0,1,1,1,1,100,25
hom,7,1,0,36,HOM_7_36_chat.txt,9,7,4,0,1,1,1,1,100,25
hom,7,1,0,36,HOM_7_36_chat.txt,9,8,4,0,1,1,1,1,100,17
hom,7,1,0,36,HOM_7_36_chat.txt,9,19,4,0,1,1,1,1,100,20
hom,7,1,0,36,HOM_7_36_chat.txt,9,6,4,0,1,1,1,1,100,14
hom,7,1,0,36,HOM_7_36_chat.txt,9,30,4,0,1,1,1,1,100,26
hom,7,1,0,36,HOM_7_36_chat.txt,9,32,4,0,1,1,1,1,100,14
hom,7,1,0,36,HOM_7_36_chat.txt,9,23,4,0,1,1,1,1,100,20
hom,7,1,0,36,HOM_7_36_chat.txt,9,29,4,0,1,1,1,1,100,13
hom,7,1,0,36,HOM_7_36_chat.txt,9,2,4,0,1,1,1,1,100,48
hom,7,1,0,36,HOM_7_36_chat.txt,10,24,1,0,2,1,1,1,100,49
hom,7,1,0,36,HOM_7_36_chat.txt,10,25,1,0,1,1,1,1,100,51
hom,7,1,0,36,HOM_7_36_chat.txt,10,32,1,0,1,1,1,1,100,52
hom,7,1,0,36,HOM_7_36_chat.txt,10,18,1,0,1,1,1,1,100,68
hom,7,1,0,36,HOM_7_36_chat.txt,10,36,1,0,1,1,1,1,100,59
hom,7,1,0,36,HOM_7_36_chat.txt,10,19,1,0,1,1,1,1,100,54
hom,7,1,0,36,HOM_7_36_chat.txt,10,3,1,0,1,1,1,1,100,29
hom,7,1,0,36,HOM_7_36_chat.txt,10,12,1,0,1,1,1,1,100,18
hom,7,1,0,36,HOM_7_36_chat.txt,10,31,1,0,2,1,1,1,100,56
hom,7,1,0,36,HOM_7_36_chat.txt,10,13,2,0,1,1,2,2,100,4
hom,7,1,0,36,HOM_7_36_chat.txt,10,35,2,0,2,2,2,2,100,50
hom,7,1,0,36,HOM_7_36_chat.txt,10,21,2,0,1,1,2,2,100,61
hom,7,1,0,36,HOM_7_36_chat.txt,10,22,2,0,2,2,2,2,100,62
hom,7,1,0,36,HOM_7_36_chat.txt,10,17,2,0,2,1,2,2,100,71
hom,7,1,0,36,HOM_7_36_chat.txt,10,28,2,0,2,2,2,2,100,54
hom,7,1,0,36,HOM_7_36_chat.txt,10,16,2,0,2,2,2,2,100,59
hom,7,1,0,36,HOM_7_36_chat.txt,10,29,2,0,1,2,2,2,100,42
hom,7,1,0,36,HOM_7_36_chat.txt,10,27,2,0,1,2,2,2,100,72
hom,7,1,0,36,HOM_7_36_chat.txt,10,14,3,0,2,2,2,1,10,101
hom,7,1,0,36,HOM_7_36_chat.txt,10,6,3,0,1,1,2,1,10,150
hom,7,1,0,36,HOM_7_36_chat.txt,10,30,3,0,1,2,2,1,10,94
hom,7,1,0,36,HOM_7_36_chat.txt,10,34,3,0,1,2,2,1,10,157
hom,7,1,0,36,HOM_7_36_chat.txt,10,4,3,0,2,2,2,1,10,76
hom,7,1,0,36,HOM_7_36_chat.txt,10,33,3,0,1,2,2,1,10,100
hom,7,1,0,36,HOM_7_36_chat.txt,10,20,3,0,2,2,2,1,10,106
hom,7,1,0,36,HOM_7_36_chat.txt,10,7,3,0,2,2,2,1,10,105
hom,7,1,0,36,HOM_7_36_chat.txt,10,8,3,0,1,2,2,1,10,106
hom,7,1,0,36,HOM_7_36_chat.txt,10,9,4,0,1,1,1,1,100,29
hom,7,1,0,36,HOM_7_36_chat.txt,10,23,4,0,1,1,1,1,100,32
hom,7,1,0,36,HOM_7_36_chat.txt,10,1,4,0,1,1,1,1,100,22
hom,7,1,0,36,HOM_7_36_chat.txt,10,10,4,0,1,1,1,1,100,18
hom,7,1,0,36,HOM_7_36_chat.txt,10,2,4,0,1,1,1,1,100,46
hom,7,1,0,36,HOM_7_36_chat.txt,10,11,4,0,1,1,1,1,100,25
hom,7,1,0,36,HOM_7_36_chat.txt,10,15,4,0,1,1,1,1,100,28
hom,7,1,0,36,HOM_7_36_chat.txt,10,5,4,0,1,1,1,1,100,25
hom,7,1,0,36,HOM_7_36_chat.txt,10,26,4,0,1,1,1,1,100,35
hom,7,1,0,36,HOM_7_36_chat.txt,11,18,1,0,1,2,2,2,100,140
hom,7,1,0,36,HOM_7_36_chat.txt,11,30,1,0,1,2,2,2,100,34
hom,7,1,0,36,HOM_7_36_chat.txt,11,11,1,0,2,2,2,2,100,32
hom,7,1,0,36,HOM_7_36_chat.txt,11,23,1,0,2,1,2,2,100,120
hom,7,1,0,36,HOM_7_36_chat.txt,11,22,1,0,1,2,2,2,100,103
hom,7,1,0,36,HOM_7_36_chat.txt,11,4,1,0,2,2,2,2,100,17
hom,7,1,0,36,HOM_7_36_chat.txt,11,8,1,0,2,2,2,2,100,81
hom,7,1,0,36,HOM_7_36_chat.txt,11,19,1,0,2,2,2,2,100,32
hom,7,1,0,36,HOM_7_36_chat.txt,11,6,1,0,2,2,2,2,100,15
hom,7,1,0,36,HOM_7_36_chat.txt,11,5,2,0,2,2,2,1,10,71
hom,7,1,0,36,HOM_7_36_chat.txt,11,32,2,0,2,2,2,1,10,30
hom,7,1,0,36,HOM_7_36_chat.txt,11,34,2,0,2,2,2,1,10,32
hom,7,1,0,36,HOM_7_36_chat.txt,11,12,2,0,1,2,2,1,10,38
hom,7,1,0,36,HOM_7_36_chat.txt,11,15,2,0,1,2,2,1,10,41
hom,7,1,0,36,HOM_7_36_chat.txt,11,1,2,0,1,2,2,1,10,37
hom,7,1,0,36,HOM_7_36_chat.txt,11,10,2,0,1,2,2,1,10,39
hom,7,1,0,36,HOM_7_36_chat.txt,11,29,2,0,2,2,2,1,10,41
hom,7,1,0,36,HOM_7_36_chat.txt,11,24,2,0,2,2,2,1,10,96
hom,7,1,0,36,HOM_7_36_chat.txt,11,25,3,0,2,1,1,2,10,35
hom,7,1,0,36,HOM_7_36_chat.txt,11,3,3,0,2,1,1,2,10,33
hom,7,1,0,36,HOM_7_36_chat.txt,11,14,3,0,1,1,1,2,10,25
hom,7,1,0,36,HOM_7_36_chat.txt,11,7,3,0,1,1,1,2,10,36
hom,7,1,0,36,HOM_7_36_chat.txt,11,27,3,0,1,1,1,2,10,32
hom,7,1,0,36,HOM_7_36_chat.txt,11,31,3,0,1,1,1,2,10,20
hom,7,1,0,36,HOM_7_36_chat.txt,11,17,3,0,2,1,1,2,10,35
hom,7,1,0,36,HOM_7_36_chat.txt,11,16,3,0,1,1,1,2,10,41
hom,7,1,0,36,HOM_7_36_chat.txt,11,20,3,0,2,1,1,2,10,44
hom,7,1,0,36,HOM_7_36_chat.txt,11,35,4,0,1,1,1,1,100,33
hom,7,1,0,36,HOM_7_36_chat.txt,11,33,4,0,1,1,1,1,100,24
hom,7,1,0,36,HOM_7_36_chat.txt,11,28,4,0,1,1,1,1,100,41
hom,7,1,0,36,HOM_7_36_chat.txt,11,21,4,0,1,1,1,1,100,71
hom,7,1,0,36,HOM_7_36_chat.txt,11,9,4,0,1,1,1,1,100,32
hom,7,1,0,36,HOM_7_36_chat.txt,11,13,4,0,1,1,1,1,100,2
hom,7,1,0,36,HOM_7_36_chat.txt,11,26,4,0,1,1,1,1,100,31
hom,7,1,0,36,HOM_7_36_chat.txt,11,2,4,0,2,1,1,1,100,107
hom,7,1,0,36,HOM_7_36_chat.txt,11,36,4,0,2,1,1,1,100,31
hom,7,1,0,36,HOM_7_36_chat.txt,12,13,1,0,1,2,2,2,100,22
hom,7,1,0,36,HOM_7_36_chat.txt,12,27,1,0,2,2,2,2,100,37
hom,7,1,0,36,HOM_7_36_chat.txt,12,30,1,0,1,2,2,2,100,24
hom,7,1,0,36,HOM_7_36_chat.txt,12,3,1,0,1,2,2,2,100,30
hom,7,1,0,36,HOM_7_36_chat.txt,12,8,1,0,1,2,2,2,100,46
hom,7,1,0,36,HOM_7_36_chat.txt,12,24,1,0,2,2,2,2,100,53
hom,7,1,0,36,HOM_7_36_chat.txt,12,33,1,0,2,2,2,2,100,49
hom,7,1,0,36,HOM_7_36_chat.txt,12,10,1,0,2,2,2,2,100,30
hom,7,1,0,36,HOM_7_36_chat.txt,12,35,1,0,2,2,2,2,100,60
hom,7,1,0,36,HOM_7_36_chat.txt,12,22,2,0,2,2,2,2,100,84
hom,7,1,0,36,HOM_7_36_chat.txt,12,32,2,0,2,2,2,2,100,30
hom,7,1,0,36,HOM_7_36_chat.txt,12,14,2,0,2,2,2,2,100,42
hom,7,1,0,36,HOM_7_36_chat.txt,12,20,2,0,2,2,2,2,100,71
hom,7,1,0,36,HOM_7_36_chat.txt,12,7,2,0,1,2,2,2,100,79
hom,7,1,0,36,HOM_7_36_chat.txt,12,4,2,0,1,1,2,2,100,42
hom,7,1,0,36,HOM_7_36_chat.txt,12,2,2,0,2,2,2,2,100,86
hom,7,1,0,36,HOM_7_36_chat.txt,12,19,2,0,2,2,2,2,100,37
hom,7,1,0,36,HOM_7_36_chat.txt,12,11,2,0,1,2,2,2,100,54
hom,7,1,0,36,HOM_7_36_chat.txt,12,12,3,0,1,2,2,1,10,17
hom,7,1,0,36,HOM_7_36_chat.txt,12,16,3,0,1,2,2,1,10,98
hom,7,1,0,36,HOM_7_36_chat.txt,12,5,3,0,1,2,2,1,10,88
hom,7,1,0,36,HOM_7_36_chat.txt,12,6,3,0,2,2,2,1,10,88
hom,7,1,0,36,HOM_7_36_chat.txt,12,21,3,0,2,2,2,1,10,37
hom,7,1,0,36,HOM_7_36_chat.txt,12,25,3,0,2,2,2,1,10,24
hom,7,1,0,36,HOM_7_36_chat.txt,12,34,3,0,1,2,2,1,10,126
hom,7,1,0,36,HOM_7_36_chat.txt,12,28,3,0,2,2,2,1,10,118
hom,7,1,0,36,HOM_7_36_chat.txt,12,1,3,0,1,2,2,1,10,31
hom,7,1,0,36,HOM_7_36_chat.txt,12,17,4,0,2,2,1,2,10,80
hom,7,1,0,36,HOM_7_36_chat.txt,12,9,4,0,2,2,1,2,10,46
hom,7,1,0,36,HOM_7_36_chat.txt,12,29,4,0,1,1,1,2,10,40
hom,7,1,0,36,HOM_7_36_chat.txt,12,18,4,0,2,1,1,2,10,43
hom,7,1,0,36,HOM_7_36_chat.txt,12,15,4,0,1,1,1,2,10,87
hom,7,1,0,36,HOM_7_36_chat.txt,12,36,4,0,2,1,1,2,10,39
hom,7,1,0,36,HOM_7_36_chat.txt,12,31,4,0,1,1,1,2,10,70
hom,7,1,0,36,HOM_7_36_chat.txt,12,23,4,0,1,1,1,2,10,71
hom,7,1,0,36,HOM_7_36_chat.txt,12,26,4,0,2,1,1,2,10,62
hom,7,1,0,36,HOM_7_36_chat.txt,13,17,1,0,1,1,1,1,100,62
hom,7,1,0,36,HOM_7_36_chat.txt,13,10,1,0,1,1,1,1,100,20
hom,7,1,0,36,HOM_7_36_chat.txt,13,3,1,0,1,1,1,1,100,19
hom,7,1,0,36,HOM_7_36_chat.txt,13,32,1,0,1,1,1,1,100,24
hom,7,1,0,36,HOM_7_36_chat.txt,13,25,1,0,1,1,1,1,100,26
hom,7,1,0,36,HOM_7_36_chat.txt,13,24,1,0,1,1,1,1,100,57
hom,7,1,0,36,HOM_7_36_chat.txt,13,4,1,0,2,2,1,1,100,21
hom,7,1,0,36,HOM_7_36_chat.txt,13,31,1,0,1,1,1,1,100,34
hom,7,1,0,36,HOM_7_36_chat.txt,13,28,1,0,1,1,1,1,100,67
hom,7,1,0,36,HOM_7_36_chat.txt,13,1,2,0,2,2,2,2,100,28
hom,7,1,0,36,HOM_7_36_chat.txt,13,30,2,0,1,2,2,2,100,47
hom,7,1,0,36,HOM_7_36_chat.txt,13,9,2,0,2,2,2,2,100,23
hom,7,1,0,36,HOM_7_36_chat.txt,13,11,2,0,2,2,2,2,100,42
hom,7,1,0,36,HOM_7_36_chat.txt,13,29,2,0,1,2,2,2,100,36
hom,7,1,0,36,HOM_7_36_chat.txt,13,26,2,0,2,2,2,2,100,53
hom,7,1,0,36,HOM_7_36_chat.txt,13,12,2,0,2,2,2,2,100,32
hom,7,1,0,36,HOM_7_36_chat.txt,13,14,2,0,2,2,2,2,100,35
hom,7,1,0,36,HOM_7_36_chat.txt,13,27,2,0,1,2,2,2,100,38
hom,7,1,0,36,HOM_7_36_chat.txt,13,33,3,0,2,2,2,2,100,27
hom,7,1,0,36,HOM_7_36_chat.txt,13,7,3,0,2,2,2,2,100,38
hom,7,1,0,36,HOM_7_36_chat.txt,13,15,3,0,2,2,2,2,100,34
hom,7,1,0,36,HOM_7_36_chat.txt,13,23,3,0,2,1,2,2,100,58
hom,7,1,0,36,HOM_7_36_chat.txt,13,13,3,0,2,2,2,2,100,18
hom,7,1,0,36,HOM_7_36_chat.txt,13,19,3,0,2,2,2,2,100,24
hom,7,1,0,36,HOM_7_36_chat.txt,13,16,3,0,1,1,2,2,100,77
hom,7,1,0,36,HOM_7_36_chat.txt,13,35,3,0,2,2,2,2,100,29
hom,7,1,0,36,HOM_7_36_chat.txt,13,20,3,0,2,2,2,2,100,32
hom,7,1,0,36,HOM_7_36_chat.txt,13,6,4,0,2,2,2,1,10,104
hom,7,1,0,36,HOM_7_36_chat.txt,13,2,4,0,1,2,2,1,10,149
hom,7,1,0,36,HOM_7_36_chat.txt,13,21,4,0,1,2,2,1,10,150
hom,7,1,0,36,HOM_7_36_chat.txt,13,18,4,0,2,2,2,1,10,106
hom,7,1,0,36,HOM_7_36_chat.txt,13,34,4,0,2,2,2,1,10,162
hom,7,1,0,36,HOM_7_36_chat.txt,13,5,4,0,1,2,2,1,10,102
hom,7,1,0,36,HOM_7_36_chat.txt,13,22,4,0,1,2,2,1,10,106
hom,7,1,0,36,HOM_7_36_chat.txt,13,8,4,0,1,2,2,1,10,106
hom,7,1,0,36,HOM_7_36_chat.txt,13,36,4,0,2,2,2,1,10,58
hom,7,1,0,36,HOM_7_36_chat.txt,14,26,1,0,1,2,2,2,100,124
hom,7,1,0,36,HOM_7_36_chat.txt,14,3,1,0,1,2,2,2,100,65
hom,7,1,0,36,HOM_7_36_chat.txt,14,11,1,0,1,1,2,2,100,140
hom,7,1,0,36,HOM_7_36_chat.txt,14,18,1,0,2,2,2,2,100,156
hom,7,1,0,36,HOM_7_36_chat.txt,14,1,1,0,2,2,2,2,100,38
hom,7,1,0,36,HOM_7_36_chat.txt,14,6,1,0,2,2,2,2,100,201
hom,7,1,0,36,HOM_7_36_chat.txt,14,7,1,0,1,2,2,2,100,166
hom,7,1,0,36,HOM_7_36_chat.txt,14,25,1,0,2,2,2,2,100,26
hom,7,1,0,36,HOM_7_36_chat.txt,14,31,1,0,2,2,2,2,100,115
hom,7,1,0,36,HOM_7_36_chat.txt,14,28,2,0,2,1,1,2,10,71
hom,7,1,0,36,HOM_7_36_chat.txt,14,9,2,0,2,2,1,2,10,32
hom,7,1,0,36,HOM_7_36_chat.txt,14,5,2,0,1,1,1,2,10,58
hom,7,1,0,36,HOM_7_36_chat.txt,14,36,2,0,1,1,1,2,10,60
hom,7,1,0,36,HOM_7_36_chat.txt,14,35,2,0,2,1,1,2,10,56
hom,7,1,0,36,HOM_7_36_chat.txt,14,24,2,0,2,1,1,2,10,49
hom,7,1,0,36,HOM_7_36_chat.txt,14,16,2,0,2,1,1,2,10,82
hom,7,1,0,36,HOM_7_36_chat.txt,14,19,2,0,1,1,1,2,10,54
hom,7,1,0,36,HOM_7_36_chat.txt,14,33,2,0,1,1,1,2,10,52
hom,7,1,0,36,HOM_7_36_chat.txt,14,12,3,0,2,2,2,2,100,20
hom,7,1,0,36,HOM_7_36_chat.txt,14,14,3,0,2,2,2,2,100,20
hom,7,1,0,36,HOM_7_36_chat.txt,14,13,3,0,2,2,2,2,100,25
hom,7,1,0,36,HOM_7_36_chat.txt,14,34,3,0,1,2,2,2,100,51
hom,7,1,0,36,HOM_7_36_chat.txt,14,22,3,0,2,2,2,2,100,69
hom,7,1,0,36,HOM_7_36_chat.txt,14,15,3,0,2,2,2,2,100,38
hom,7,1,0,36,HOM_7_36_chat.txt,14,17,3,0,2,2,2,2,100,63
hom,7,1,0,36,HOM_7_36_chat.txt,14,4,3,0,2,2,2,2,100,21
hom,7,1,0,36,HOM_7_36_chat.txt,14,20,3,0,1,2,2,2,100,25
hom,7,1,0,36,HOM_7_36_chat.txt,14,8,4,0,2,2,2,2,100,19
hom,7,1,0,36,HOM_7_36_chat.txt,14,10,4,0,2,2,2,2,100,18
hom,7,1,0,36,HOM_7_36_chat.txt,14,30,4,0,2,2,2,2,100,17
hom,7,1,0,36,HOM_7_36_chat.txt,14,29,4,0,1,2,2,2,100,20
hom,7,1,0,36,HOM_7_36_chat.txt,14,32,4,0,2,2,2,2,100,17
hom,7,1,0,36,HOM_7_36_chat.txt,14,2,4,0,2,2,2,2,100,89
hom,7,1,0,36,HOM_7_36_chat.txt,14,23,4,0,2,1,2,2,100,42
hom,7,1,0,36,HOM_7_36_chat.txt,14,21,4,0,2,2,2,2,100,44
hom,7,1,0,36,HOM_7_36_chat.txt,14,27,4,0,2,2,2,2,100,57
hom,7,1,0,36,HOM_7_36_chat.txt,15,21,1,0,1,1,1,1,100,74
hom,7,1,0,36,HOM_7_36_chat.txt,15,31,1,0,1,1,1,1,100,61
hom,7,1,0,36,HOM_7_36_chat.txt,15,9,1,0,1,1,1,1,100,29
hom,7,1,0,36,HOM_7_36_chat.txt,15,7,1,0,1,1,1,1,100,41
hom,7,1,0,36,HOM_7_36_chat.txt,15,25,1,0,1,1,1,1,100,16
hom,7,1,0,36,HOM_7_36_chat.txt,15,2,1,0,1,1,1,1,100,72
hom,7,1,0,36,HOM_7_36_chat.txt,15,16,1,0,1,1,1,1,100,98
hom,7,1,0,36,HOM_7_36_chat.txt,15,27,1,0,1,1,1,1,100,30
hom,7,1,0,36,HOM_7_36_chat.txt,15,32,1,0,2,1,1,1,100,26
hom,7,1,0,36,HOM_7_36_chat.txt,15,8,2,0,1,1,1,1,100,38
hom,7,1,0,36,HOM_7_36_chat.txt,15,17,2,0,2,2,1,1,100,80
hom,7,1,0,36,HOM_7_36_chat.txt,15,23,2,0,1,1,1,1,100,71
hom,7,1,0,36,HOM_7_36_chat.txt,15,6,2,0,1,1,1,1,100,26
hom,7,1,0,36,HOM_7_36_chat.txt,15,28,2,0,2,1,1,1,100,97
hom,7,1,0,36,HOM_7_36_chat.txt,15,19,2,0,1,1,1,1,100,29
hom,7,1,0,36,HOM_7_36_chat.txt,15,26,2,0,1,1,1,1,100,41
hom,7,1,0,36,HOM_7_36_chat.txt,15,12,2,0,1,1,1,1,100,24
hom,7,1,0,36,HOM_7_36_chat.txt,15,24,2,0,2,1,1,1,100,29
hom,7,1,0,36,HOM_7_36_chat.txt,15,3,3,0,1,1,1,1,100,46
hom,7,1,0,36,HOM_7_36_chat.txt,15,5,3,0,1,1,1,1,100,58
hom,7,1,0,36,HOM_7_36_chat.txt,15,13,3,0,1,1,1,1,100,19
hom,7,1,0,36,HOM_7_36_chat.txt,15,14,3,0,1,1,1,1,100,22
hom,7,1,0,36,HOM_7_36_chat.txt,15,15,3,0,2,1,1,1,100,44
hom,7,1,0,36,HOM_7_36_chat.txt,15,34,3,0,1,1,1,1,100,59
hom,7,1,0,36,HOM_7_36_chat.txt,15,11,3,0,1,1,1,1,100,58
hom,7,1,0,36,HOM_7_36_chat.txt,15,22,3,0,1,1,1,1,100,66
hom,7,1,0,36,HOM_7_36_chat.txt,15,33,3,0,2,1,1,1,100,53
hom,7,1,0,36,HOM_7_36_chat.txt,15,36,4,0,1,1,1,1,100,61
hom,7,1,0,36,HOM_7_36_chat.txt,15,1,4,0,1,2,1,1,100,90
hom,7,1,0,36,HOM_7_36_chat.txt,15,35,4,0,2,1,1,1,100,89
hom,7,1,0,36,HOM_7_36_chat.txt,15,18,4,0,1,1,1,1,100,77
hom,7,1,0,36,HOM_7_36_chat.txt,15,4,4,0,2,2,1,1,100,94
hom,7,1,0,36,HOM_7_36_chat.txt,15,30,4,0,1,1,1,1,100,62
hom,7,1,0,36,HOM_7_36_chat.txt,15,20,4,0,2,1,1,1,100,119
hom,7,1,0,36,HOM_7_36_chat.txt,15,10,4,0,1,1,1,1,100,73
hom,7,1,0,36,HOM_7_36_chat.txt,15,29,4,0,1,1,1,1,100,60
hom,7,0,0,36,HOM_7_36_nochat.txt,1,5,1,0,1,1,2,2,100,14
hom,7,0,0,36,HOM_7_36_nochat.txt,1,27,1,0,2,2,2,2,100,20
hom,7,0,0,36,HOM_7_36_nochat.txt,1,20,1,0,2,2,2,2,100,20
hom,7,0,0,36,HOM_7_36_nochat.txt,1,13,1,0,2,2,2,2,100,10
hom,7,0,0,36,HOM_7_36_nochat.txt,1,24,1,0,1,1,2,2,100,29
hom,7,0,0,36,HOM_7_36_nochat.txt,1,33,1,0,2,2,2,2,100,11
hom,7,0,0,36,HOM_7_36_nochat.txt,1,17,1,0,2,2,2,2,100,9
hom,7,0,0,36,HOM_7_36_nochat.txt,1,7,1,0,1,1,2,2,100,3
hom,7,0,0,36,HOM_7_36_nochat.txt,1,31,1,0,1,1,2,2,100,20
hom,7,0,0,36,HOM_7_36_nochat.txt,1,6,2,0,1,1,2,1,10,7
hom,7,0,0,36,HOM_7_36_nochat.txt,1,10,2,0,1,1,2,1,10,16
hom,7,0,0,36,HOM_7_36_nochat.txt,1,1,2,0,1,1,2,1,10,10
hom,7,0,0,36,HOM_7_36_nochat.txt,1,4,2,0,2,2,2,1,10,7
hom,7,0,0,36,HOM_7_36_nochat.txt,1,18,2,0,2,2,2,1,10,13
hom,7,0,0,36,HOM_7_36_nochat.txt,1,36,2,0,1,2,2,1,10,9
hom,7,0,0,36,HOM_7_36_nochat.txt,1,26,2,0,1,1,2,1,10,13
hom,7,0,0,36,HOM_7_36_nochat.txt,1,8,2,0,1,1,2,1,10,8
hom,7,0,0,36,HOM_7_36_nochat.txt,1,25,2,0,2,2,2,1,10,15
hom,7,0,0,36,HOM_7_36_nochat.txt,1,11,3,0,2,1,2,1,10,51
hom,7,0,0,36,HOM_7_36_nochat.txt,1,23,3,0,1,1,2,1,10,4
hom,7,0,0,36,HOM_7_36_nochat.txt,1,35,3,0,1,2,2,1,10,24
hom,7,0,0,36,HOM_7_36_nochat.txt,1,19,3,0,1,1,2,1,10,27
hom,7,0,0,36,HOM_7_36_nochat.txt,1,28,3,0,2,2,2,1,10,15
hom,7,0,0,36,HOM_7_36_nochat.txt,1,15,3,0,1,2,2,1,10,28
hom,7,0,0,36,HOM_7_36_nochat.txt,1,16,3,0,2,2,2,1,10,18
hom,7,0,0,36,HOM_7_36_nochat.txt,1,22,3,0,2,2,2,1,10,10
hom,7,0,0,36,HOM_7_36_nochat.txt,1,34,3,0,2,2,2,1,10,11
hom,7,0,0,36,HOM_7_36_nochat.txt,1,29,4,0,1,1,2,1,10,14
hom,7,0,0,36,HOM_7_36_nochat.txt,1,14,4,0,1,1,2,1,10,7
hom,7,0,0,36,HOM_7_36_nochat.txt,1,2,4,0,2,2,2,1,10,12
hom,7,0,0,36,HOM_7_36_nochat.txt,1,3,4,0,1,1,2,1,10,19
hom,7,0,0,36,HOM_7_36_nochat.txt,1,9,4,0,2,2,2,1,10,24
hom,7,0,0,36,HOM_7_36_nochat.txt,1,32,4,0,2,2,2,1,10,10
hom,7,0,0,36,HOM_7_36_nochat.txt,1,12,4,0,2,2,2,1,10,9
hom,7,0,0,36,HOM_7_36_nochat.txt,1,21,4,0,2,2,2,1,10,42
hom,7,0,0,36,HOM_7_36_nochat.txt,1,30,4,0,2,2,2,1,10,11
hom,7,0,0,36,HOM_7_36_nochat.txt,2,21,1,0,2,1,2,2,100,22
hom,7,0,0,36,HOM_7_36_nochat.txt,2,34,1,0,2,2,2,2,100,17
hom,7,0,0,36,HOM_7_36_nochat.txt,2,11,1,0,2,2,2,2,100,34
hom,7,0,0,36,HOM_7_36_nochat.txt,2,24,1,0,2,2,2,2,100,37
hom,7,0,0,36,HOM_7_36_nochat.txt,2,10,1,0,2,2,2,2,100,6
hom,7,0,0,36,HOM_7_36_nochat.txt,2,20,1,0,2,2,2,2,100,11
hom,7,0,0,36,HOM_7_36_nochat.txt,2,1,1,0,2,2,2,2,100,4
hom,7,0,0,36,HOM_7_36_nochat.txt,2,35,1,0,2,1,2,2,100,34
hom,7,0,0,36,HOM_7_36_nochat.txt,2,30,1,0,1,1,2,2,100,8
hom,7,0,0,36,HOM_7_36_nochat.txt,2,5,2,0,2,2,2,2,100,8
hom,7,0,0,36,HOM_7_36_nochat.txt,2,29,2,0,2,2,2,2,100,14
hom,7,0,0,36,HOM_7_36_nochat.txt,2,27,2,0,2,2,2,2,100,5
hom,7,0,0,36,HOM_7_36_nochat.txt,2,6,2,0,1,1,2,2,100,12
hom,7,0,0,36,HOM_7_36_nochat.txt,2,15,2,0,2,2,2,2,100,55
hom,7,0,0,36,HOM_7_36_nochat.txt,2,14,2,0,2,2,2,2,100,7
hom,7,0,0,36,HOM_7_36_nochat.txt,2,9,2,0,1,1,2,2,100,34
hom,7,0,0,36,HOM_7_36_nochat.txt,2,12,2,0,1,1,2,2,100,9
hom,7,0,0,36,HOM_7_36_nochat.txt,2,28,2,0,2,2,2,2,100,21
hom,7,0,0,36,HOM_7_36_nochat.txt,2,25,3,0,1,1,2,2,100,19
hom,7,0,0,36,HOM_7_36_nochat.txt,2,33,3,0,2,2,2,2,100,7
hom,7,0,0,36,HOM_7_36_nochat.txt,2,23,3,0,2,2,2,2,100,4
hom,7,0,0,36,HOM_7_36_nochat.txt,2,16,3,0,2,1,2,2,100,27
hom,7,0,0,36,HOM_7_36_nochat.txt,2,26,3,0,1,2,2,2,100,22
hom,7,0,0,36,HOM_7_36_nochat.txt,2,17,3,0,2,2,2,2,100,4
hom,7,0,0,36,HOM_7_36_nochat.txt,2,18,3,0,1,1,2,2,100,11
hom,7,0,0,36,HOM_7_36_nochat.txt,2,8,3,0,2,2,2,2,100,5
hom,7,0,0,36,HOM_7_36_nochat.txt,2,19,3,0,2,1,2,2,100,21
hom,7,0,0,36,HOM_7_36_nochat.txt,2,4,4,0,1,1,2,2,100,4
hom,7,0,0,36,HOM_7_36_nochat.txt,2,3,4,0,2,2,2,2,100,15
hom,7,0,0,36,HOM_7_36_nochat.txt,2,36,4,0,2,2,2,2,100,4
hom,7,0,0,36,HOM_7_36_nochat.txt,2,7,4,0,1,1,2,2,100,4
hom,7,0,0,36,HOM_7_36_nochat.txt,2,2,4,0,1,1,2,2,100,12
hom,7,0,0,36,HOM_7_36_nochat.txt,2,32,4,0,2,2,2,2,100,7
hom,7,0,0,36,HOM_7_36_nochat.txt,2,13,4,0,2,2,2,2,100,4
hom,7,0,0,36,HOM_7_36_nochat.txt,2,31,4,0,1,1,2,2,100,19
hom,7,0,0,36,HOM_7_36_nochat.txt,2,22,4,0,2,2,2,2,100,13
hom,7,0,0,36,HOM_7_36_nochat.txt,3,15,1,0,1,1,2,1,10,58
hom,7,0,0,36,HOM_7_36_nochat.txt,3,34,1,0,1,1,2,1,10,10
hom,7,0,0,36,HOM_7_36_nochat.txt,3,31,1,0,2,2,2,1,10,16
hom,7,0,0,36,HOM_7_36_nochat.txt,3,24,1,0,1,1,2,1,10,10
hom,7,0,0,36,HOM_7_36_nochat.txt,3,14,1,0,1,1,2,1,10,6
hom,7,0,0,36,HOM_7_36_nochat.txt,3,20,1,0,1,1,2,1,10,10
hom,7,0,0,36,HOM_7_36_nochat.txt,3,4,1,0,2,2,2,1,10,9
hom,7,0,0,36,HOM_7_36_nochat.txt,3,30,1,0,2,2,2,1,10,7
hom,7,0,0,36,HOM_7_36_nochat.txt,3,6,1,0,1,1,2,1,10,5
hom,7,0,0,36,HOM_7_36_nochat.txt,3,12,2,0,1,1,2,2,100,6
hom,7,0,0,36,HOM_7_36_nochat.txt,3,8,2,0,2,2,2,2,100,5
hom,7,0,0,36,HOM_7_36_nochat.txt,3,5,2,0,2,2,2,2,100,10
hom,7,0,0,36,HOM_7_36_nochat.txt,3,32,2,0,2,1,2,2,100,20
hom,7,0,0,36,HOM_7_36_nochat.txt,3,22,2,0,1,2,2,2,100,5
hom,7,0,0,36,HOM_7_36_nochat.txt,3,27,2,0,2,2,2,2,100,11
hom,7,0,0,36,HOM_7_36_nochat.txt,3,16,2,0,2,1,2,2,100,23
hom,7,0,0,36,HOM_7_36_nochat.txt,3,10,2,0,1,1,2,2,100,7
hom,7,0,0,36,HOM_7_36_nochat.txt,3,23,2,0,2,2,2,2,100,4
hom,7,0,0,36,HOM_7_36_nochat.txt,3,7,3,0,1,1,1,1,100,2
hom,7,0,0,36,HOM_7_36_nochat.txt,3,33,3,0,1,1,1,1,100,8
hom,7,0,0,36,HOM_7_36_nochat.txt,3,21,3,0,2,1,1,1,100,15
hom,7,0,0,36,HOM_7_36_nochat.txt,3,3,3,0,1,1,1,1,100,5
hom,7,0,0,36,HOM_7_36_nochat.txt,3,26,3,0,1,2,1,1,100,4
hom,7,0,0,36,HOM_7_36_nochat.txt,3,35,3,0,2,1,1,1,100,6
hom,7,0,0,36,HOM_7_36_nochat.txt,3,25,3,0,2,2,1,1,100,17
hom,7,0,0,36,HOM_7_36_nochat.txt,3,18,3,0,1,1,1,1,100,6
hom,7,0,0,36,HOM_7_36_nochat.txt,3,13,3,0,1,1,1,1,100,6
hom,7,0,0,36,HOM_7_36_nochat.txt,3,9,4,0,1,2,2,1,10,33
hom,7,0,0,36,HOM_7_36_nochat.txt,3,36,4,0,1,1,2,1,10,6
hom,7,0,0,36,HOM_7_36_nochat.txt,3,1,4,0,2,2,2,1,10,8
hom,7,0,0,36,HOM_7_36_nochat.txt,3,17,4,0,2,2,2,1,10,5
hom,7,0,0,36,HOM_7_36_nochat.txt,3,28,4,0,1,1,2,1,10,19
hom,7,0,0,36,HOM_7_36_nochat.txt,3,19,4,0,1,1,2,1,10,26
hom,7,0,0,36,HOM_7_36_nochat.txt,3,29,4,0,1,1,2,1,10,6
hom,7,0,0,36,HOM_7_36_nochat.txt,3,11,4,0,2,2,2,1,10,17
hom,7,0,0,36,HOM_7_36_nochat.txt,3,2,4,0,1,2,2,1,10,18
hom,7,0,0,36,HOM_7_36_nochat.txt,4,7,1,0,2,2,2,2,100,3
hom,7,0,0,36,HOM_7_36_nochat.txt,4,23,1,0,2,2,2,2,100,20
hom,7,0,0,36,HOM_7_36_nochat.txt,4,10,1,0,1,2,2,2,100,9
hom,7,0,0,36,HOM_7_36_nochat.txt,4,6,1,0,2,2,2,2,100,6
hom,7,0,0,36,HOM_7_36_nochat.txt,4,34,1,0,2,2,2,2,100,12
hom,7,0,0,36,HOM_7_36_nochat.txt,4,32,1,0,2,2,2,2,100,10
hom,7,0,0,36,HOM_7_36_nochat.txt,4,15,1,0,1,1,2,2,100,47
hom,7,0,0,36,HOM_7_36_nochat.txt,4,9,1,0,2,1,2,2,100,19
hom,7,0,0,36,HOM_7_36_nochat.txt,4,25,1,0,2,2,2,2,100,21
hom,7,0,0,36,HOM_7_36_nochat.txt,4,30,2,0,1,1,2,2,100,31
hom,7,0,0,36,HOM_7_36_nochat.txt,4,17,2,0,2,2,2,2,100,5
hom,7,0,0,36,HOM_7_36_nochat.txt,4,4,2,0,1,1,2,2,100,10
hom,7,0,0,36,HOM_7_36_nochat.txt,4,29,2,0,1,1,2,2,100,12
hom,7,0,0,36,HOM_7_36_nochat.txt,4,18,2,0,2,2,2,2,100,3
hom,7,0,0,36,HOM_7_36_nochat.txt,4,21,2,0,1,1,2,2,100,19
hom,7,0,0,36,HOM_7_36_nochat.txt,4,3,2,0,2,2,2,2,100,15
hom,7,0,0,36,HOM_7_36_nochat.txt,4,20,2,0,2,2,2,2,100,8
hom,7,0,0,36,HOM_7_36_nochat.txt,4,2,2,0,2,1,2,2,100,9
hom,7,0,0,36,HOM_7_36_nochat.txt,4,19,3,0,1,2,2,2,100,13
hom,7,0,0,36,HOM_7_36_nochat.txt,4,27,3,0,2,2,2,2,100,4
hom,7,0,0,36,HOM_7_36_nochat.txt,4,35,3,0,2,1,2,2,100,5
hom,7,0,0,36,HOM_7_36_nochat.txt,4,1,3,0,1,1,2,2,100,2
hom,7,0,0,36,HOM_7_36_nochat.txt,4,24,3,0,2,2,2,2,100,31
hom,7,0,0,36,HOM_7_36_nochat.txt,4,11,3,0,1,1,2,2,100,20
hom,7,0,0,36,HOM_7_36_nochat.txt,4,5,3,0,2,2,2,2,100,10
hom,7,0,0,36,HOM_7_36_nochat.txt,4,14,3,0,1,1,2,2,100,6
hom,7,0,0,36,HOM_7_36_nochat.txt,4,13,3,0,2,2,2,2,100,5
hom,7,0,0,36,HOM_7_36_nochat.txt,4,28,4,0,2,2,2,2,100,11
hom,7,0,0,36,HOM_7_36_nochat.txt,4,26,4,0,2,1,2,2,100,11
hom,7,0,0,36,HOM_7_36_nochat.txt,4,12,4,0,2,2,2,2,100,9
hom,7,0,0,36,HOM_7_36_nochat.txt,4,31,4,0,2,2,2,2,100,28
hom,7,0,0,36,HOM_7_36_nochat.txt,4,8,4,0,2,2,2,2,100,3
hom,7,0,0,36,HOM_7_36_nochat.txt,4,22,4,0,2,1,2,2,100,6
hom,7,0,0,36,HOM_7_36_nochat.txt,4,36,4,0,2,2,2,2,100,3
hom,7,0,0,36,HOM_7_36_nochat.txt,4,16,4,0,1,1,2,2,100,7
hom,7,0,0,36,HOM_7_36_nochat.txt,4,33,4,0,2,2,2,2,100,6
hom,7,0,0,36,HOM_7_36_nochat.txt,5,35,1,0,1,2,1,1,100,16
hom,7,0,0,36,HOM_7_36_nochat.txt,5,16,1,0,2,1,1,1,100,16
hom,7,0,0,36,HOM_7_36_nochat.txt,5,31,1,0,1,1,1,1,100,20
hom,7,0,0,36,HOM_7_36_nochat.txt,5,11,1,0,2,1,1,1,100,18
hom,7,0,0,36,HOM_7_36_nochat.txt,5,15,1,0,1,1,1,1,100,48
hom,7,0,0,36,HOM_7_36_nochat.txt,5,18,1,0,2,2,1,1,100,4
hom,7,0,0,36,HOM_7_36_nochat.txt,5,34,1,0,1,1,1,1,100,9
hom,7,0,0,36,HOM_7_36_nochat.txt,5,5,1,0,1,1,1,1,100,5
hom,7,0,0,36,HOM_7_36_nochat.txt,5,13,1,0,1,1,1,1,100,6
hom,7,0,0,36,HOM_7_36_nochat.txt,5,25,2,0,1,2,2,1,10,26
hom,7,0,0,36,HOM_7_36_nochat.txt,5,14,2,0,2,2,2,1,10,3
hom,7,0,0,36,HOM_7_36_nochat.txt,5,9,2,0,1,1,2,1,10,39
hom,7,0,0,36,HOM_7_36_nochat.txt,5,22,2,0,1,1,2,1,10,4
hom,7,0,0,36,HOM_7_36_nochat.txt,5,4,2,0,1,1,2,1,10,4
hom,7,0,0,36,HOM_7_36_nochat.txt,5,26,2,0,2,2,2,1,10,7
hom,7,0,0,36,HOM_7_36_nochat.txt,5,27,2,0,1,1,2,1,10,10
hom,7,0,0,36,HOM_7_36_nochat.txt,5,33,2,0,1,1,2,1,10,5
hom,7,0,0,36,HOM_7_36_nochat.txt,5,17,2,0,1,1,2,1,10,5
hom,7,0,0,36,HOM_7_36_nochat.txt,5,28,3,0,1,1,2,2,100,13
hom,7,0,0,36,HOM_7_36_nochat.txt,5,36,3,0,2,2,2,2,100,3
hom,7,0,0,36,HOM_7_36_nochat.txt,5,24,3,0,1,2,2,2,100,21
hom,7,0,0,36,HOM_7_36_nochat.txt,5,21,3,0,2,1,2,2,100,10
hom,7,0,0,36,HOM_7_36_nochat.txt,5,10,3,0,2,2,2,2,100,9
hom,7,0,0,36,HOM_7_36_nochat.txt,5,12,3,0,2,2,2,2,100,10
hom,7,0,0,36,HOM_7_36_nochat.txt,5,20,3,0,2,2,2,2,100,5
hom,7,0,0,36,HOM_7_36_nochat.txt,5,3,3,0,2,1,2,2,100,13
hom,7,0,0,36,HOM_7_36_nochat.txt,5,1,3,0,2,1,2,2,100,6
hom,7,0,0,36,HOM_7_36_nochat.txt,5,7,4,0,1,1,1,1,100,2
hom,7,0,0,36,HOM_7_36_nochat.txt,5,8,4,0,2,2,1,1,100,3
hom,7,0,0,36,HOM_7_36_nochat.txt,5,19,4,0,2,2,1,1,100,8
hom,7,0,0,36,HOM_7_36_nochat.txt,5,6,4,0,1,1,1,1,100,8
hom,7,0,0,36,HOM_7_36_nochat.txt,5,30,4,0,1,1,1,1,100,13
hom,7,0,0,36,HOM_7_36_nochat.txt,5,32,4,0,1,1,1,1,100,7
hom,7,0,0,36,HOM_7_36_nochat.txt,5,23,4,0,1,1,1,1,100,22
hom,7,0,0,36,HOM_7_36_nochat.txt,5,29,4,0,1,1,1,1,100,5
hom,7,0,0,36,HOM_7_36_nochat.txt,5,2,4,0,1,1,1,1,100,7
hom,7,0,0,36,HOM_7_36_nochat.txt,6,24,1,0,2,2,2,1,10,7
hom,7,0,0,36,HOM_7_36_nochat.txt,6,25,1,0,2,2,2,1,10,21
hom,7,0,0,36,HOM_7_36_nochat.txt,6,32,1,0,2,2,2,1,10,10
hom,7,0,0,36,HOM_7_36_nochat.txt,6,18,1,0,1,1,2,1,10,5
hom,7,0,0,36,HOM_7_36_nochat.txt,6,36,1,0,1,1,2,1,10,4
hom,7,0,0,36,HOM_7_36_nochat.txt,6,19,1,0,1,1,2,1,10,8
hom,7,0,0,36,HOM_7_36_nochat.txt,6,3,1,0,1,1,2,1,10,5
hom,7,0,0,36,HOM_7_36_nochat.txt,6,12,1,0,1,2,2,1,10,14
hom,7,0,0,36,HOM_7_36_nochat.txt,6,31,1,0,1,1,2,1,10,18
hom,7,0,0,36,HOM_7_36_nochat.txt,6,13,2,0,2,2,2,1,10,4
hom,7,0,0,36,HOM_7_36_nochat.txt,6,35,2,0,1,2,2,1,10,8
hom,7,0,0,36,HOM_7_36_nochat.txt,6,21,2,0,1,2,2,1,10,8
hom,7,0,0,36,HOM_7_36_nochat.txt,6,22,2,0,1,1,2,1,10,7
hom,7,0,0,36,HOM_7_36_nochat.txt,6,17,2,0,1,1,2,1,10,9
hom,7,0,0,36,HOM_7_36_nochat.txt,6,28,2,0,2,2,2,1,10,7
hom,7,0,0,36,HOM_7_36_nochat.txt,6,16,2,0,1,1,2,1,10,29
hom,7,0,0,36,HOM_7_36_nochat.txt,6,29,2,0,1,1,2,1,10,5
hom,7,0,0,36,HOM_7_36_nochat.txt,6,27,2,0,1,1,2,1,10,5
hom,7,0,0,36,HOM_7_36_nochat.txt,6,14,3,0,2,2,2,1,10,4
hom,7,0,0,36,HOM_7_36_nochat.txt,6,6,3,0,1,1,2,1,10,4
hom,7,0,0,36,HOM_7_36_nochat.txt,6,30,3,0,1,1,2,1,10,9
hom,7,0,0,36,HOM_7_36_nochat.txt,6,34,3,0,2,2,2,1,10,7
hom,7,0,0,36,HOM_7_36_nochat.txt,6,4,3,0,1,1,2,1,10,5
hom,7,0,0,36,HOM_7_36_nochat.txt,6,33,3,0,1,1,2,1,10,10
hom,7,0,0,36,HOM_7_36_nochat.txt,6,20,3,0,1,1,2,1,10,8
hom,7,0,0,36,HOM_7_36_nochat.txt,6,7,3,0,1,1,2,1,10,3
hom,7,0,0,36,HOM_7_36_nochat.txt,6,8,3,0,2,2,2,1,10,6
hom,7,0,0,36,HOM_7_36_nochat.txt,6,9,4,0,1,2,2,2,100,24
hom,7,0,0,36,HOM_7_36_nochat.txt,6,23,4,0,2,2,2,2,100,3
hom,7,0,0,36,HOM_7_36_nochat.txt,6,1,4,0,2,1,2,2,100,3
hom,7,0,0,36,HOM_7_36_nochat.txt,6,10,4,0,2,1,2,2,100,6
hom,7,0,0,36,HOM_7_36_nochat.txt,6,2,4,0,2,1,2,2,100,5
hom,7,0,0,36,HOM_7_36_nochat.txt,6,11,4,0,1,2,2,2,100,60
hom,7,0,0,36,HOM_7_36_nochat.txt,6,15,4,0,1,1,2,2,100,42
hom,7,0,0,36,HOM_7_36_nochat.txt,6,5,4,0,2,2,2,2,100,5
hom,7,0,0,36,HOM_7_36_nochat.txt,6,26,4,0,2,2,2,2,100,15
hom,7,0,0,36,HOM_7_36_nochat.txt,7,18,1,0,1,1,2,1,10,4
hom,7,0,0,36,HOM_7_36_nochat.txt,7,30,1,0,1,2,2,1,10,56
hom,7,0,0,36,HOM_7_36_nochat.txt,7,11,1,0,2,1,2,1,10,15
hom,7,0,0,36,HOM_7_36_nochat.txt,7,23,1,0,1,1,2,1,10,27
hom,7,0,0,36,HOM_7_36_nochat.txt,7,22,1,0,1,2,2,1,10,9
hom,7,0,0,36,HOM_7_36_nochat.txt,7,4,1,0,1,1,2,1,10,3
hom,7,0,0,36,HOM_7_36_nochat.txt,7,8,1,0,1,1,2,1,10,3
hom,7,0,0,36,HOM_7_36_nochat.txt,7,19,1,0,1,1,2,1,10,19
hom,7,0,0,36,HOM_7_36_nochat.txt,7,6,1,0,2,2,2,1,10,3
hom,7,0,0,36,HOM_7_36_nochat.txt,7,5,2,0,2,2,2,2,100,19
hom,7,0,0,36,HOM_7_36_nochat.txt,7,32,2,0,1,1,2,2,100,18
hom,7,0,0,36,HOM_7_36_nochat.txt,7,34,2,0,2,2,2,2,100,7
hom,7,0,0,36,HOM_7_36_nochat.txt,7,12,2,0,2,2,2,2,100,5
hom,7,0,0,36,HOM_7_36_nochat.txt,7,15,2,0,1,1,2,2,100,45
hom,7,0,0,36,HOM_7_36_nochat.txt,7,1,2,0,1,1,2,2,100,11
hom,7,0,0,36,HOM_7_36_nochat.txt,7,10,2,0,2,2,2,2,100,7
hom,7,0,0,36,HOM_7_36_nochat.txt,7,29,2,0,2,2,2,2,100,4
hom,7,0,0,36,HOM_7_36_nochat.txt,7,24,2,0,1,1,2,2,100,7
hom,7,0,0,36,HOM_7_36_nochat.txt,7,25,3,0,1,1,2,2,100,6
hom,7,0,0,36,HOM_7_36_nochat.txt,7,3,3,0,2,1,2,2,100,4
hom,7,0,0,36,HOM_7_36_nochat.txt,7,14,3,0,2,2,2,2,100,5
hom,7,0,0,36,HOM_7_36_nochat.txt,7,7,3,0,1,1,2,2,100,3
hom,7,0,0,36,HOM_7_36_nochat.txt,7,27,3,0,2,2,2,2,100,4
hom,7,0,0,36,HOM_7_36_nochat.txt,7,31,3,0,2,2,2,2,100,9
hom,7,0,0,36,HOM_7_36_nochat.txt,7,17,3,0,1,1,2,2,100,6
hom,7,0,0,36,HOM_7_36_nochat.txt,7,16,3,0,2,2,2,2,100,7
hom,7,0,0,36,HOM_7_36_nochat.txt,7,20,3,0,2,2,2,2,100,4
hom,7,0,0,36,HOM_7_36_nochat.txt,7,35,4,0,1,2,2,1,10,13
hom,7,0,0,36,HOM_7_36_nochat.txt,7,33,4,0,1,1,2,1,10,12
hom,7,0,0,36,HOM_7_36_nochat.txt,7,28,4,0,2,2,2,1,10,13
hom,7,0,0,36,HOM_7_36_nochat.txt,7,21,4,0,1,1,2,1,10,12
hom,7,0,0,36,HOM_7_36_nochat.txt,7,9,4,0,2,2,2,1,10,13
hom,7,0,0,36,HOM_7_36_nochat.txt,7,13,4,0,2,2,2,1,10,5
hom,7,0,0,36,HOM_7_36_nochat.txt,7,26,4,0,1,1,2,1,10,20
hom,7,0,0,36,HOM_7_36_nochat.txt,7,2,4,0,1,1,2,1,10,6
hom,7,0,0,36,HOM_7_36_nochat.txt,7,36,4,0,1,1,2,1,10,2
hom,7,0,0,36,HOM_7_36_nochat.txt,8,13,1,0,1,1,1,1,100,5
hom,7,0,0,36,HOM_7_36_nochat.txt,8,27,1,0,1,1,1,1,100,5
hom,7,0,0,36,HOM_7_36_nochat.txt,8,30,1,0,1,1,1,1,100,5
hom,7,0,0,36,HOM_7_36_nochat.txt,8,3,1,0,2,1,1,1,100,4
hom,7,0,0,36,HOM_7_36_nochat.txt,8,8,1,0,1,1,1,1,100,5
hom,7,0,0,36,HOM_7_36_nochat.txt,8,24,1,0,1,1,1,1,100,40
hom,7,0,0,36,HOM_7_36_nochat.txt,8,33,1,0,1,1,1,1,100,10
hom,7,0,0,36,HOM_7_36_nochat.txt,8,10,1,0,2,1,1,1,100,7
hom,7,0,0,36,HOM_7_36_nochat.txt,8,35,1,0,1,1,1,1,100,5
hom,7,0,0,36,HOM_7_36_nochat.txt,8,22,2,0,1,1,2,1,10,7
hom,7,0,0,36,HOM_7_36_nochat.txt,8,32,2,0,2,2,2,1,10,4
hom,7,0,0,36,HOM_7_36_nochat.txt,8,14,2,0,1,1,2,1,10,4
hom,7,0,0,36,HOM_7_36_nochat.txt,8,20,2,0,1,1,2,1,10,4
hom,7,0,0,36,HOM_7_36_nochat.txt,8,7,2,0,1,1,2,1,10,2
hom,7,0,0,36,HOM_7_36_nochat.txt,8,4,2,0,1,1,2,1,10,6
hom,7,0,0,36,HOM_7_36_nochat.txt,8,2,2,0,1,1,2,1,10,5
hom,7,0,0,36,HOM_7_36_nochat.txt,8,19,2,0,2,2,2,1,10,2
hom,7,0,0,36,HOM_7_36_nochat.txt,8,11,2,0,1,2,2,1,10,37
hom,7,0,0,36,HOM_7_36_nochat.txt,8,12,3,0,1,1,2,2,100,4
hom,7,0,0,36,HOM_7_36_nochat.txt,8,16,3,0,2,2,2,2,100,15
hom,7,0,0,36,HOM_7_36_nochat.txt,8,5,3,0,1,1,2,2,100,10
hom,7,0,0,36,HOM_7_36_nochat.txt,8,6,3,0,1,1,2,2,100,4
hom,7,0,0,36,HOM_7_36_nochat.txt,8,21,3,0,1,1,2,2,100,10
hom,7,0,0,36,HOM_7_36_nochat.txt,8,25,3,0,1,1,2,2,100,13
hom,7,0,0,36,HOM_7_36_nochat.txt,8,34,3,0,2,2,2,2,100,10
hom,7,0,0,36,HOM_7_36_nochat.txt,8,28,3,0,2,2,2,2,100,7
hom,7,0,0,36,HOM_7_36_nochat.txt,8,1,3,0,2,1,2,2,100,2
hom,7,0,0,36,HOM_7_36_nochat.txt,8,17,4,0,1,1,1,1,100,6
hom,7,0,0,36,HOM_7_36_nochat.txt,8,9,4,0,1,2,1,1,100,20
hom,7,0,0,36,HOM_7_36_nochat.txt,8,29,4,0,1,1,1,1,100,3
hom,7,0,0,36,HOM_7_36_nochat.txt,8,18,4,0,1,1,1,1,100,5
hom,7,0,0,36,HOM_7_36_nochat.txt,8,15,4,0,1,1,1,1,100,13
hom,7,0,0,36,HOM_7_36_nochat.txt,8,36,4,0,1,1,1,1,100,2
hom,7,0,0,36,HOM_7_36_nochat.txt,8,31,4,0,1,1,1,1,100,11
hom,7,0,0,36,HOM_7_36_nochat.txt,8,23,4,0,1,1,1,1,100,9
hom,7,0,0,36,HOM_7_36_nochat.txt,8,26,4,0,2,2,1,1,100,6
hom,7,0,0,36,HOM_7_36_nochat.txt,9,17,1,0,1,1,1,1,100,7
hom,7,0,0,36,HOM_7_36_nochat.txt,9,10,1,0,2,1,1,1,100,15
hom,7,0,0,36,HOM_7_36_nochat.txt,9,3,1,0,1,1,1,1,100,4
hom,7,0,0,36,HOM_7_36_nochat.txt,9,32,1,0,1,1,1,1,100,15
hom,7,0,0,36,HOM_7_36_nochat.txt,9,25,1,0,1,1,1,1,100,8
hom,7,0,0,36,HOM_7_36_nochat.txt,9,24,1,0,1,2,1,1,100,70
hom,7,0,0,36,HOM_7_36_nochat.txt,9,4,1,0,2,2,1,1,100,5
hom,7,0,0,36,HOM_7_36_nochat.txt,9,31,1,0,1,1,1,1,100,11
hom,7,0,0,36,HOM_7_36_nochat.txt,9,28,1,0,1,1,1,1,100,9
hom,7,0,0,36,HOM_7_36_nochat.txt,9,1,2,0,2,1,2,2,100,2
hom,7,0,0,36,HOM_7_36_nochat.txt,9,30,2,0,1,1,2,2,100,13
hom,7,0,0,36,HOM_7_36_nochat.txt,9,9,2,0,2,2,2,2,100,17
hom,7,0,0,36,HOM_7_36_nochat.txt,9,11,2,0,2,2,2,2,100,44
hom,7,0,0,36,HOM_7_36_nochat.txt,9,29,2,0,2,2,2,2,100,4
hom,7,0,0,36,HOM_7_36_nochat.txt,9,26,2,0,2,2,2,2,100,12
hom,7,0,0,36,HOM_7_36_nochat.txt,9,12,2,0,2,2,2,2,100,4
hom,7,0,0,36,HOM_7_36_nochat.txt,9,14,2,0,1,1,2,2,100,4
hom,7,0,0,36,HOM_7_36_nochat.txt,9,27,2,0,2,2,2,2,100,4
hom,7,0,0,36,HOM_7_36_nochat.txt,9,33,3,0,1,1,1,1,100,10
hom,7,0,0,36,HOM_7_36_nochat.txt,9,7,3,0,1,1,1,1,100,3
hom,7,0,0,36,HOM_7_36_nochat.txt,9,15,3,0,1,2,1,1,100,14
hom,7,0,0,36,HOM_7_36_nochat.txt,9,23,3,0,1,1,1,1,100,2
hom,7,0,0,36,HOM_7_36_nochat.txt,9,13,3,0,1,1,1,1,100,4
hom,7,0,0,36,HOM_7_36_nochat.txt,9,19,3,0,2,1,1,1,100,7
hom,7,0,0,36,HOM_7_36_nochat.txt,9,16,3,0,1,2,1,1,100,12
hom,7,0,0,36,HOM_7_36_nochat.txt,9,35,3,0,1,1,1,1,100,19
hom,7,0,0,36,HOM_7_36_nochat.txt,9,20,3,0,1,1,1,1,100,5
hom,7,0,0,36,HOM_7_36_nochat.txt,9,6,4,0,1,1,2,1,10,8
hom,7,0,0,36,HOM_7_36_nochat.txt,9,2,4,0,2,2,2,1,10,6
hom,7,0,0,36,HOM_7_36_nochat.txt,9,21,4,0,1,1,2,1,10,9
hom,7,0,0,36,HOM_7_36_nochat.txt,9,18,4,0,1,1,2,1,10,3
hom,7,0,0,36,HOM_7_36_nochat.txt,9,34,4,0,2,2,2,1,10,9
hom,7,0,0,36,HOM_7_36_nochat.txt,9,5,4,0,1,1,2,1,10,4
hom,7,0,0,36,HOM_7_36_nochat.txt,9,22,4,0,1,1,2,1,10,8
hom,7,0,0,36,HOM_7_36_nochat.txt,9,8,4,0,1,1,2,1,10,2
hom,7,0,0,36,HOM_7_36_nochat.txt,9,36,4,0,2,2,2,1,10,4
hom,7,0,0,36,HOM_7_36_nochat.txt,10,26,1,0,2,2,2,1,10,4
hom,7,0,0,36,HOM_7_36_nochat.txt,10,3,1,0,1,1,2,1,10,4
hom,7,0,0,36,HOM_7_36_nochat.txt,10,11,1,0,2,1,2,1,10,38
hom,7,0,0,36,HOM_7_36_nochat.txt,10,18,1,0,1,1,2,1,10,5
hom,7,0,0,36,HOM_7_36_nochat.txt,10,1,1,0,1,1,2,1,10,2
hom,7,0,0,36,HOM_7_36_nochat.txt,10,6,1,0,2,2,2,1,10,4
hom,7,0,0,36,HOM_7_36_nochat.txt,10,7,1,0,1,1,2,1,10,2
hom,7,0,0,36,HOM_7_36_nochat.txt,10,25,1,0,2,2,2,1,10,6
hom,7,0,0,36,HOM_7_36_nochat.txt,10,31,1,0,2,2,2,1,10,13
hom,7,0,0,36,HOM_7_36_nochat.txt,10,28,2,0,2,2,2,2,100,11
hom,7,0,0,36,HOM_7_36_nochat.txt,10,9,2,0,2,2,2,2,100,30
hom,7,0,0,36,HOM_7_36_nochat.txt,10,5,2,0,1,1,2,2,100,7
hom,7,0,0,36,HOM_7_36_nochat.txt,10,36,2,0,2,2,2,2,100,2
hom,7,0,0,36,HOM_7_36_nochat.txt,10,35,2,0,1,1,2,2,100,7
hom,7,0,0,36,HOM_7_36_nochat.txt,10,24,2,0,2,2,2,2,100,21
hom,7,0,0,36,HOM_7_36_nochat.txt,10,16,2,0,2,1,2,2,100,28
hom,7,0,0,36,HOM_7_36_nochat.txt,10,19,2,0,2,1,2,2,100,3
hom,7,0,0,36,HOM_7_36_nochat.txt,10,33,2,0,2,2,2,2,100,10
hom,7,0,0,36,HOM_7_36_nochat.txt,10,12,3,0,1,1,2,2,100,5
hom,7,0,0,36,HOM_7_36_nochat.txt,10,14,3,0,1,1,2,2,100,5
hom,7,0,0,36,HOM_7_36_nochat.txt,10,13,3,0,1,1,2,2,100,3
hom,7,0,0,36,HOM_7_36_nochat.txt,10,34,3,0,1,1,2,2,100,14
hom,7,0,0,36,HOM_7_36_nochat.txt,10,22,3,0,2,1,2,2,100,4
hom,7,0,0,36,HOM_7_36_nochat.txt,10,15,3,0,2,2,2,2,100,15
hom,7,0,0,36,HOM_7_36_nochat.txt,10,17,3,0,1,1,2,2,100,8
hom,7,0,0,36,HOM_7_36_nochat.txt,10,4,3,0,2,2,2,2,100,8
hom,7,0,0,36,HOM_7_36_nochat.txt,10,20,3,0,2,2,2,2,100,4
hom,7,0,0,36,HOM_7_36_nochat.txt,10,8,4,0,2,2,2,2,100,2
hom,7,0,0,36,HOM_7_36_nochat.txt,10,10,4,0,2,2,2,2,100,6
hom,7,0,0,36,HOM_7_36_nochat.txt,10,30,4,0,1,1,2,2,100,6
hom,7,0,0,36,HOM_7_36_nochat.txt,10,29,4,0,2,2,2,2,100,4
hom,7,0,0,36,HOM_7_36_nochat.txt,10,32,4,0,2,2,2,2,100,14
hom,7,0,0,36,HOM_7_36_nochat.txt,10,2,4,0,2,1,2,2,100,4
hom,7,0,0,36,HOM_7_36_nochat.txt,10,23,4,0,2,2,2,2,100,61
hom,7,0,0,36,HOM_7_36_nochat.txt,10,21,4,0,2,1,2,2,100,9
hom,7,0,0,36,HOM_7_36_nochat.txt,10,27,4,0,1,1,2,2,100,4
hom,7,0,0,36,HOM_7_36_nochat.txt,11,21,1,0,1,1,1,1,100,10
hom,7,0,0,36,HOM_7_36_nochat.txt,11,31,1,0,2,2,1,1,100,15
hom,7,0,0,36,HOM_7_36_nochat.txt,11,9,1,0,1,1,1,1,100,35
hom,7,0,0,36,HOM_7_36_nochat.txt,11,7,1,0,1,1,1,1,100,4
hom,7,0,0,36,HOM_7_36_nochat.txt,11,25,1,0,2,1,1,1,100,14
hom,7,0,0,36,HOM_7_36_nochat.txt,11,2,1,0,2,1,1,1,100,5
hom,7,0,0,36,HOM_7_36_nochat.txt,11,16,1,0,2,1,1,1,100,29
hom,7,0,0,36,HOM_7_36_nochat.txt,11,27,1,0,1,1,1,1,100,7
hom,7,0,0,36,HOM_7_36_nochat.txt,11,32,1,0,1,1,1,1,100,14
hom,7,0,0,36,HOM_7_36_nochat.txt,11,8,2,0,1,1,1,1,100,3
hom,7,0,0,36,HOM_7_36_nochat.txt,11,17,2,0,1,1,1,1,100,13
hom,7,0,0,36,HOM_7_36_nochat.txt,11,23,2,0,1,1,1,1,100,6
hom,7,0,0,36,HOM_7_36_nochat.txt,11,6,2,0,1,1,1,1,100,4
hom,7,0,0,36,HOM_7_36_nochat.txt,11,28,2,0,1,1,1,1,100,8
hom,7,0,0,36,HOM_7_36_nochat.txt,11,19,2,0,1,1,1,1,100,3
hom,7,0,0,36,HOM_7_36_nochat.txt,11,26,2,0,1,2,1,1,100,5
hom,7,0,0,36,HOM_7_36_nochat.txt,11,12,2,0,1,1,1,1,100,6
hom,7,0,0,36,HOM_7_36_nochat.txt,11,24,2,0,1,1,1,1,100,8
hom,7,0,0,36,HOM_7_36_nochat.txt,11,3,3,0,2,1,1,1,100,3
hom,7,0,0,36,HOM_7_36_nochat.txt,11,5,3,0,1,1,1,1,100,5
hom,7,0,0,36,HOM_7_36_nochat.txt,11,13,3,0,1,1,1,1,100,4
hom,7,0,0,36,HOM_7_36_nochat.txt,11,14,3,0,1,1,1,1,100,3
hom,7,0,0,36,HOM_7_36_nochat.txt,11,15,3,0,1,1,1,1,100,20
hom,7,0,0,36,HOM_7_36_nochat.txt,11,34,3,0,1,1,1,1,100,6
hom,7,0,0,36,HOM_7_36_nochat.txt,11,11,3,0,1,2,1,1,100,69
hom,7,0,0,36,HOM_7_36_nochat.txt,11,22,3,0,1,1,1,1,100,5
hom,7,0,0,36,HOM_7_36_nochat.txt,11,33,3,0,1,1,1,1,100,12
hom,7,0,0,36,HOM_7_36_nochat.txt,11,36,4,0,1,1,2,2,100,2
hom,7,0,0,36,HOM_7_36_nochat.txt,11,1,4,0,1,1,2,2,100,4
hom,7,0,0,36,HOM_7_36_nochat.txt,11,35,4,0,2,1,2,2,100,10
hom,7,0,0,36,HOM_7_36_nochat.txt,11,18,4,0,2,2,2,2,100,3
hom,7,0,0,36,HOM_7_36_nochat.txt,11,4,4,0,2,1,2,2,100,5
hom,7,0,0,36,HOM_7_36_nochat.txt,11,30,4,0,2,2,2,2,100,3
hom,7,0,0,36,HOM_7_36_nochat.txt,11,20,4,0,2,2,2,2,100,4
hom,7,0,0,36,HOM_7_36_nochat.txt,11,10,4,0,2,2,2,2,100,6
hom,7,0,0,36,HOM_7_36_nochat.txt,11,29,4,0,2,2,2,2,100,9
hom,7,0,0,36,HOM_7_36_nochat.txt,12,3,1,0,2,1,2,2,100,6
hom,7,0,0,36,HOM_7_36_nochat.txt,12,36,1,0,2,2,2,2,100,5
hom,7,0,0,36,HOM_7_36_nochat.txt,12,23,1,0,1,1,2,2,100,4
hom,7,0,0,36,HOM_7_36_nochat.txt,12,27,1,0,2,2,2,2,100,4
hom,7,0,0,36,HOM_7_36_nochat.txt,12,16,1,0,2,1,2,2,100,14
hom,7,0,0,36,HOM_7_36_nochat.txt,12,5,1,0,2,2,2,2,100,10
hom,7,0,0,36,HOM_7_36_nochat.txt,12,11,1,0,2,2,2,2,100,50
hom,7,0,0,36,HOM_7_36_nochat.txt,12,32,1,0,2,2,2,2,100,4
hom,7,0,0,36,HOM_7_36_nochat.txt,12,33,1,0,2,2,2,2,100,39
hom,7,0,0,36,HOM_7_36_nochat.txt,12,8,2,0,2,2,2,2,100,3
hom,7,0,0,36,HOM_7_36_nochat.txt,12,15,2,0,2,2,2,2,100,23
hom,7,0,0,36,HOM_7_36_nochat.txt,12,12,2,0,1,1,2,2,100,4
hom,7,0,0,36,HOM_7_36_nochat.txt,12,17,2,0,2,2,2,2,100,8
hom,7,0,0,36,HOM_7_36_nochat.txt,12,18,2,0,2,2,2,2,100,6
hom,7,0,0,36,HOM_7_36_nochat.txt,12,29,2,0,2,2,2,2,100,5
hom,7,0,0,36,HOM_7_36_nochat.txt,12,9,2,0,2,2,2,2,100,18
hom,7,0,0,36,HOM_7_36_nochat.txt,12,10,2,0,1,1,2,2,100,5
hom,7,0,0,36,HOM_7_36_nochat.txt,12,31,2,0,2,2,2,2,100,7
hom,7,0,0,36,HOM_7_36_nochat.txt,12,20,3,0,1,1,1,1,100,4
hom,7,0,0,36,HOM_7_36_nochat.txt,12,26,3,0,2,2,1,1,100,3
hom,7,0,0,36,HOM_7_36_nochat.txt,12,2,3,0,1,1,1,1,100,7
hom,7,0,0,36,HOM_7_36_nochat.txt,12,19,3,0,2,1,1,1,100,4
hom,7,0,0,36,HOM_7_36_nochat.txt,12,14,3,0,1,1,1,1,100,4
hom,7,0,0,36,HOM_7_36_nochat.txt,12,7,3,0,1,1,1,1,100,3
hom,7,0,0,36,HOM_7_36_nochat.txt,12,34,3,0,1,1,1,1,100,6
hom,7,0,0,36,HOM_7_36_nochat.txt,12,28,3,0,1,1,1,1,100,8
hom,7,0,0,36,HOM_7_36_nochat.txt,12,6,3,0,1,1,1,1,100,3
hom,7,0,0,36,HOM_7_36_nochat.txt,12,1,4,0,2,1,2,2,100,2
hom,7,0,0,36,HOM_7_36_nochat.txt,12,13,4,0,1,1,2,2,100,2
hom,7,0,0,36,HOM_7_36_nochat.txt,12,35,4,0,2,1,2,2,100,8
hom,7,0,0,36,HOM_7_36_nochat.txt,12,24,4,0,2,2,2,2,100,10
hom,7,0,0,36,HOM_7_36_nochat.txt,12,21,4,0,2,1,2,2,100,4
hom,7,0,0,36,HOM_7_36_nochat.txt,12,25,4,0,2,2,2,2,100,13
hom,7,0,0,36,HOM_7_36_nochat.txt,12,30,4,0,2,2,2,2,100,3
hom,7,0,0,36,HOM_7_36_nochat.txt,12,22,4,0,2,1,2,2,100,8
hom,7,0,0,36,HOM_7_36_nochat.txt,12,4,4,0,1,1,2,2,100,3
hom,7,0,0,36,HOM_7_36_nochat.txt,13,18,1,0,2,2,2,2,100,7
hom,7,0,0,36,HOM_7_36_nochat.txt,13,10,1,0,2,2,2,2,100,8
hom,7,0,0,36,HOM_7_36_nochat.txt,13,30,1,0,2,2,2,2,100,4
hom,7,0,0,36,HOM_7_36_nochat.txt,13,14,1,0,2,2,2,2,100,3
hom,7,0,0,36,HOM_7_36_nochat.txt,13,22,1,0,2,1,2,2,100,3
hom,7,0,0,36,HOM_7_36_nochat.txt,13,12,1,0,2,2,2,2,100,3
hom,7,0,0,36,HOM_7_36_nochat.txt,13,29,1,0,1,1,2,2,100,2
hom,7,0,0,36,HOM_7_36_nochat.txt,13,25,1,0,1,1,2,2,100,16
hom,7,0,0,36,HOM_7_36_nochat.txt,13,4,1,0,2,2,2,2,100,3
hom,7,0,0,36,HOM_7_36_nochat.txt,13,9,2,0,2,2,1,2,10,20
hom,7,0,0,36,HOM_7_36_nochat.txt,13,19,2,0,2,1,1,2,10,4
hom,7,0,0,36,HOM_7_36_nochat.txt,13,34,2,0,2,2,1,2,10,5
hom,7,0,0,36,HOM_7_36_nochat.txt,13,28,2,0,1,1,1,2,10,5
hom,7,0,0,36,HOM_7_36_nochat.txt,13,24,2,0,1,1,1,2,10,7
hom,7,0,0,36,HOM_7_36_nochat.txt,13,7,2,0,2,1,1,2,10,4
hom,7,0,0,36,HOM_7_36_nochat.txt,13,6,2,0,1,1,1,2,10,3
hom,7,0,0,36,HOM_7_36_nochat.txt,13,27,2,0,1,1,1,2,10,4
hom,7,0,0,36,HOM_7_36_nochat.txt,13,17,2,0,1,1,1,2,10,5
hom,7,0,0,36,HOM_7_36_nochat.txt,13,1,3,0,1,1,1,1,100,2
hom,7,0,0,36,HOM_7_36_nochat.txt,13,2,3,0,1,1,1,1,100,3
hom,7,0,0,36,HOM_7_36_nochat.txt,13,20,3,0,1,1,1,1,100,3
hom,7,0,0,36,HOM_7_36_nochat.txt,13,26,3,0,1,2,1,1,100,5
hom,7,0,0,36,HOM_7_36_nochat.txt,13,32,3,0,1,1,1,1,100,7
hom,7,0,0,36,HOM_7_36_nochat.txt,13,33,3,0,1,1,1,1,100,9
hom,7,0,0,36,HOM_7_36_nochat.txt,13,11,3,0,1,1,1,1,100,64
hom,7,0,0,36,HOM_7_36_nochat.txt,13,3,3,0,2,1,1,1,100,4
hom,7,0,0,36,HOM_7_36_nochat.txt,13,15,3,0,2,2,1,1,100,18
hom,7,0,0,36,HOM_7_36_nochat.txt,13,13,4,0,2,2,2,1,10,3
hom,7,0,0,36,HOM_7_36_nochat.txt,13,36,4,0,1,1,2,1,10,5
hom,7,0,0,36,HOM_7_36_nochat.txt,13,8,4,0,1,1,2,1,10,3
hom,7,0,0,36,HOM_7_36_nochat.txt,13,31,4,0,1,1,2,1,10,8
hom,7,0,0,36,HOM_7_36_nochat.txt,13,21,4,0,1,1,2,1,10,5
hom,7,0,0,36,HOM_7_36_nochat.txt,13,35,4,0,2,2,2,1,10,8
hom,7,0,0,36,HOM_7_36_nochat.txt,13,23,4,0,2,2,2,1,10,68
hom,7,0,0,36,HOM_7_36_nochat.txt,13,16,4,0,1,2,2,1,10,20
hom,7,0,0,36,HOM_7_36_nochat.txt,13,5,4,0,2,2,2,1,10,5
hom,7,0,0,36,HOM_7_36_nochat.txt,14,32,1,0,2,2,2,2,100,6
hom,7,0,0,36,HOM_7_36_nochat.txt,14,31,1,0,2,2,2,2,100,14
hom,7,0,0,36,HOM_7_36_nochat.txt,14,14,1,0,2,2,2,2,100,4
hom,7,0,0,36,HOM_7_36_nochat.txt,14,10,1,0,1,1,2,2,100,6
hom,7,0,0,36,HOM_7_36_nochat.txt,14,1,1,0,2,1,2,2,100,6
hom,7,0,0,36,HOM_7_36_nochat.txt,14,4,1,0,2,2,2,2,100,4
hom,7,0,0,36,HOM_7_36_nochat.txt,14,19,1,0,1,1,2,2,100,5
hom,7,0,0,36,HOM_7_36_nochat.txt,14,36,1,0,2,2,2,2,100,4
hom,7,0,0,36,HOM_7_36_nochat.txt,14,22,1,0,2,1,2,2,100,4
hom,7,0,0,36,HOM_7_36_nochat.txt,14,34,2,0,1,1,2,1,10,7
hom,7,0,0,36,HOM_7_36_nochat.txt,14,18,2,0,2,2,2,1,10,3
hom,7,0,0,36,HOM_7_36_nochat.txt,14,21,2,0,1,1,2,1,10,13
hom,7,0,0,36,HOM_7_36_nochat.txt,14,6,2,0,2,2,2,1,10,3
hom,7,0,0,36,HOM_7_36_nochat.txt,14,13,2,0,2,2,2,1,10,2
hom,7,0,0,36,HOM_7_36_nochat.txt,14,20,2,0,2,2,2,1,10,6
hom,7,0,0,36,HOM_7_36_nochat.txt,14,24,2,0,1,1,2,1,10,8
hom,7,0,0,36,HOM_7_36_nochat.txt,14,23,2,0,2,1,2,1,10,11
hom,7,0,0,36,HOM_7_36_nochat.txt,14,30,2,0,1,1,2,1,10,31
hom,7,0,0,36,HOM_7_36_nochat.txt,14,35,3,0,2,1,2,2,100,8
hom,7,0,0,36,HOM_7_36_nochat.txt,14,9,3,0,2,1,2,2,100,23
hom,7,0,0,36,HOM_7_36_nochat.txt,14,27,3,0,2,2,2,2,100,3
hom,7,0,0,36,HOM_7_36_nochat.txt,14,2,3,0,2,1,2,2,100,7
hom,7,0,0,36,HOM_7_36_nochat.txt,14,29,3,0,2,2,2,2,100,2
hom,7,0,0,36,HOM_7_36_nochat.txt,14,25,3,0,2,2,2,2,100,4
hom,7,0,0,36,HOM_7_36_nochat.txt,14,28,3,0,2,2,2,2,100,6
hom,7,0,0,36,HOM_7_36_nochat.txt,14,3,3,0,2,1,2,2,100,5
hom,7,0,0,36,HOM_7_36_nochat.txt,14,11,3,0,2,2,2,2,100,27
hom,7,0,0,36,HOM_7_36_nochat.txt,14,15,4,0,1,2,1,1,100,8
hom,7,0,0,36,HOM_7_36_nochat.txt,14,8,4,0,1,1,1,1,100,4
hom,7,0,0,36,HOM_7_36_nochat.txt,14,17,4,0,1,1,1,1,100,5
hom,7,0,0,36,HOM_7_36_nochat.txt,14,33,4,0,1,1,1,1,100,10
hom,7,0,0,36,HOM_7_36_nochat.txt,14,26,4,0,1,1,1,1,100,10
hom,7,0,0,36,HOM_7_36_nochat.txt,14,12,4,0,1,1,1,1,100,4
hom,7,0,0,36,HOM_7_36_nochat.txt,14,5,4,0,1,1,1,1,100,5
hom,7,0,0,36,HOM_7_36_nochat.txt,14,16,4,0,1,1,1,1,100,21
hom,7,0,0,36,HOM_7_36_nochat.txt,14,7,4,0,1,1,1,1,100,2
hom,7,0,0,36,HOM_7_36_nochat.txt,15,20,1,0,2,2,2,1,10,5
hom,7,0,0,36,HOM_7_36_nochat.txt,15,21,1,0,1,1,2,1,10,6
hom,7,0,0,36,HOM_7_36_nochat.txt,15,31,1,0,1,1,2,1,10,25
hom,7,0,0,36,HOM_7_36_nochat.txt,15,7,1,0,1,1,2,1,10,2
hom,7,0,0,36,HOM_7_36_nochat.txt,15,3,1,0,1,1,2,1,10,3
hom,7,0,0,36,HOM_7_36_nochat.txt,15,9,1,0,2,2,2,1,10,33
hom,7,0,0,36,HOM_7_36_nochat.txt,15,19,1,0,1,1,2,1,10,10
hom,7,0,0,36,HOM_7_36_nochat.txt,15,27,1,0,1,1,2,1,10,3
hom,7,0,0,36,HOM_7_36_nochat.txt,15,25,1,0,2,2,2,1,10,3
hom,7,0,0,36,HOM_7_36_nochat.txt,15,22,2,0,2,1,2,1,10,5
hom,7,0,0,36,HOM_7_36_nochat.txt,15,10,2,0,2,2,2,1,10,12
hom,7,0,0,36,HOM_7_36_nochat.txt,15,18,2,0,2,2,2,1,10,6
hom,7,0,0,36,HOM_7_36_nochat.txt,15,15,2,0,1,2,2,1,10,13
hom,7,0,0,36,HOM_7_36_nochat.txt,15,1,2,0,1,1,2,1,10,2
hom,7,0,0,36,HOM_7_36_nochat.txt,15,36,2,0,2,1,2,1,10,3
hom,7,0,0,36,HOM_7_36_nochat.txt,15,34,2,0,1,1,2,1,10,9
hom,7,0,0,36,HOM_7_36_nochat.txt,15,26,2,0,1,1,2,1,10,7
hom,7,0,0,36,HOM_7_36_nochat.txt,15,12,2,0,1,1,2,1,10,5
hom,7,0,0,36,HOM_7_36_nochat.txt,15,13,3,0,1,1,1,1,100,4
hom,7,0,0,36,HOM_7_36_nochat.txt,15,30,3,0,1,1,1,1,100,4
hom,7,0,0,36,HOM_7_36_nochat.txt,15,33,3,0,1,1,1,1,100,5
hom,7,0,0,36,HOM_7_36_nochat.txt,15,17,3,0,1,1,1,1,100,5
hom,7,0,0,36,HOM_7_36_nochat.txt,15,11,3,0,2,1,1,1,100,74
hom,7,0,0,36,HOM_7_36_nochat.txt,15,5,3,0,2,2,1,1,100,9
hom,7,0,0,36,HOM_7_36_nochat.txt,15,28,3,0,1,1,1,1,100,5
hom,7,0,0,36,HOM_7_36_nochat.txt,15,14,3,0,1,1,1,1,100,6
hom,7,0,0,36,HOM_7_36_nochat.txt,15,6,3,0,1,1,1,1,100,3
hom,7,0,0,36,HOM_7_36_nochat.txt,15,29,4,0,2,2,2,1,10,3
hom,7,0,0,36,HOM_7_36_nochat.txt,15,8,4,0,2,1,2,1,10,2
hom,7,0,0,36,HOM_7_36_nochat.txt,15,16,4,0,2,1,2,1,10,18
hom,7,0,0,36,HOM_7_36_nochat.txt,15,35,4,0,1,1,2,1,10,9
hom,7,0,0,36,HOM_7_36_nochat.txt,15,24,4,0,1,2,2,1,10,19
hom,7,0,0,36,HOM_7_36_nochat.txt,15,4,4,0,1,1,2,1,10,3
hom,7,0,0,36,HOM_7_36_nochat.txt,15,2,4,0,2,1,2,1,10,4
hom,7,0,0,36,HOM_7_36_nochat.txt,15,23,4,0,1,1,2,1,10,3
hom,7,0,0,36,HOM_7_36_nochat.txt,15,32,4,0,2,2,2,1,10,8
hom,7,0,0,45,HOM_7_45_nochat.txt,1,12,1,0,1,1,2,1,10,8
hom,7,0,0,45,HOM_7_45_nochat.txt,1,25,1,0,1,1,2,1,10,13
hom,7,0,0,45,HOM_7_45_nochat.txt,1,11,1,0,1,1,2,1,10,7
hom,7,0,0,45,HOM_7_45_nochat.txt,1,13,1,0,2,2,2,1,10,5
hom,7,0,0,45,HOM_7_45_nochat.txt,1,30,1,0,1,1,2,1,10,8
hom,7,0,0,45,HOM_7_45_nochat.txt,1,38,1,0,2,2,2,1,10,25
hom,7,0,0,45,HOM_7_45_nochat.txt,1,42,1,0,1,2,2,1,10,14
hom,7,0,0,45,HOM_7_45_nochat.txt,1,2,1,0,1,1,2,1,10,4
hom,7,0,0,45,HOM_7_45_nochat.txt,1,19,1,0,2,2,2,1,10,28
hom,7,0,0,45,HOM_7_45_nochat.txt,1,15,2,0,2,2,1,1,100,5
hom,7,0,0,45,HOM_7_45_nochat.txt,1,4,2,0,1,1,1,1,100,14
hom,7,0,0,45,HOM_7_45_nochat.txt,1,1,2,0,1,1,1,1,100,7
hom,7,0,0,45,HOM_7_45_nochat.txt,1,44,2,0,2,1,1,1,100,6
hom,7,0,0,45,HOM_7_45_nochat.txt,1,41,2,0,2,2,1,1,100,23
hom,7,0,0,45,HOM_7_45_nochat.txt,1,45,2,0,1,1,1,1,100,41
hom,7,0,0,45,HOM_7_45_nochat.txt,1,23,2,0,1,1,1,1,100,8
hom,7,0,0,45,HOM_7_45_nochat.txt,1,18,2,0,1,1,1,1,100,6
hom,7,0,0,45,HOM_7_45_nochat.txt,1,31,2,0,1,1,1,1,100,6
hom,7,0,0,45,HOM_7_45_nochat.txt,1,39,3,0,2,1,2,1,10,8
hom,7,0,0,45,HOM_7_45_nochat.txt,1,5,3,0,1,1,2,1,10,28
hom,7,0,0,45,HOM_7_45_nochat.txt,1,16,3,0,2,2,2,1,10,58
hom,7,0,0,45,HOM_7_45_nochat.txt,1,28,3,0,2,2,2,1,10,27
hom,7,0,0,45,HOM_7_45_nochat.txt,1,33,3,0,1,1,2,1,10,25
hom,7,0,0,45,HOM_7_45_nochat.txt,1,20,3,0,1,2,2,1,10,39
hom,7,0,0,45,HOM_7_45_nochat.txt,1,9,3,0,2,2,2,1,10,12
hom,7,0,0,45,HOM_7_45_nochat.txt,1,22,3,0,2,2,2,1,10,8
hom,7,0,0,45,HOM_7_45_nochat.txt,1,7,3,0,1,1,2,1,10,5
hom,7,0,0,45,HOM_7_45_nochat.txt,1,10,4,0,1,1,1,1,100,7
hom,7,0,0,45,HOM_7_45_nochat.txt,1,26,4,0,2,2,1,1,100,14
hom,7,0,0,45,HOM_7_45_nochat.txt,1,17,4,0,1,1,1,1,100,14
hom,7,0,0,45,HOM_7_45_nochat.txt,1,27,4,0,1,1,1,1,100,11
hom,7,0,0,45,HOM_7_45_nochat.txt,1,40,4,0,2,1,1,1,100,15
hom,7,0,0,45,HOM_7_45_nochat.txt,1,34,4,0,2,2,1,1,100,11
hom,7,0,0,45,HOM_7_45_nochat.txt,1,21,4,0,1,1,1,1,100,22
hom,7,0,0,45,HOM_7_45_nochat.txt,1,24,4,0,1,1,1,1,100,6
hom,7,0,0,45,HOM_7_45_nochat.txt,1,32,4,0,1,1,1,1,100,8
hom,7,0,0,45,HOM_7_45_nochat.txt,1,37,5,0,1,1,2,2,100,6
hom,7,0,0,45,HOM_7_45_nochat.txt,1,3,5,0,1,1,2,2,100,7
hom,7,0,0,45,HOM_7_45_nochat.txt,1,36,5,0,2,1,2,2,100,9
hom,7,0,0,45,HOM_7_45_nochat.txt,1,35,5,0,2,2,2,2,100,5
hom,7,0,0,45,HOM_7_45_nochat.txt,1,6,5,0,2,2,2,2,100,11
hom,7,0,0,45,HOM_7_45_nochat.txt,1,43,5,0,2,2,2,2,100,9
hom,7,0,0,45,HOM_7_45_nochat.txt,1,8,5,0,1,1,2,2,100,5
hom,7,0,0,45,HOM_7_45_nochat.txt,1,29,5,0,2,1,2,2,100,7
hom,7,0,0,45,HOM_7_45_nochat.txt,1,14,5,0,1,1,2,2,100,10
hom,7,0,0,45,HOM_7_45_nochat.txt,2,42,1,0,2,2,2,2,100,4
hom,7,0,0,45,HOM_7_45_nochat.txt,2,4,1,0,2,1,2,2,100,16
hom,7,0,0,45,HOM_7_45_nochat.txt,2,30,1,0,1,1,2,2,100,6
hom,7,0,0,45,HOM_7_45_nochat.txt,2,1,1,0,2,2,2,2,100,6
hom,7,0,0,45,HOM_7_45_nochat.txt,2,35,1,0,2,2,2,2,100,4
hom,7,0,0,45,HOM_7_45_nochat.txt,2,15,1,0,1,1,2,2,100,4
hom,7,0,0,45,HOM_7_45_nochat.txt,2,21,1,0,2,2,2,2,100,20
hom,7,0,0,45,HOM_7_45_nochat.txt,2,27,1,0,2,2,2,2,100,9
hom,7,0,0,45,HOM_7_45_nochat.txt,2,18,1,0,2,2,2,2,100,5
hom,7,0,0,45,HOM_7_45_nochat.txt,2,37,2,0,1,1,2,1,10,4
hom,7,0,0,45,HOM_7_45_nochat.txt,2,38,2,0,1,1,2,1,10,24
hom,7,0,0,45,HOM_7_45_nochat.txt,2,3,2,0,2,2,2,1,10,8
hom,7,0,0,45,HOM_7_45_nochat.txt,2,2,2,0,1,1,2,1,10,4
hom,7,0,0,45,HOM_7_45_nochat.txt,2,34,2,0,2,2,2,1,10,5
hom,7,0,0,45,HOM_7_45_nochat.txt,2,25,2,0,2,2,2,1,10,8
hom,7,0,0,45,HOM_7_45_nochat.txt,2,22,2,0,2,2,2,1,10,8
hom,7,0,0,45,HOM_7_45_nochat.txt,2,5,2,0,1,2,2,1,10,27
hom,7,0,0,45,HOM_7_45_nochat.txt,2,39,2,0,1,1,2,1,10,6
hom,7,0,0,45,HOM_7_45_nochat.txt,2,31,3,0,2,2,2,2,100,4
hom,7,0,0,45,HOM_7_45_nochat.txt,2,23,3,0,2,2,2,2,100,7
hom,7,0,0,45,HOM_7_45_nochat.txt,2,43,3,0,2,2,2,2,100,7
hom,7,0,0,45,HOM_7_45_nochat.txt,2,9,3,0,1,1,2,2,100,13
hom,7,0,0,45,HOM_7_45_nochat.txt,2,13,3,0,2,2,2,2,100,4
hom,7,0,0,45,HOM_7_45_nochat.txt,2,36,3,0,2,2,2,2,100,9
hom,7,0,0,45,HOM_7_45_nochat.txt,2,16,3,0,1,1,2,2,100,24
hom,7,0,0,45,HOM_7_45_nochat.txt,2,12,3,0,2,2,2,2,100,5
hom,7,0,0,45,HOM_7_45_nochat.txt,2,20,3,0,1,2,2,2,100,14
hom,7,0,0,45,HOM_7_45_nochat.txt,2,17,4,0,1,1,1,1,100,5
hom,7,0,0,45,HOM_7_45_nochat.txt,2,41,4,0,1,1,1,1,100,8
hom,7,0,0,45,HOM_7_45_nochat.txt,2,11,4,0,1,1,1,1,100,28
hom,7,0,0,45,HOM_7_45_nochat.txt,2,45,4,0,1,1,1,1,100,10
hom,7,0,0,45,HOM_7_45_nochat.txt,2,32,4,0,1,1,1,1,100,6
hom,7,0,0,45,HOM_7_45_nochat.txt,2,19,4,0,1,1,1,1,100,7
hom,7,0,0,45,HOM_7_45_nochat.txt,2,40,4,0,1,1,1,1,100,11
hom,7,0,0,45,HOM_7_45_nochat.txt,2,8,4,0,1,1,1,1,100,4
hom,7,0,0,45,HOM_7_45_nochat.txt,2,6,4,0,1,1,1,1,100,9
hom,7,0,0,45,HOM_7_45_nochat.txt,2,7,5,0,1,1,2,1,10,4
hom,7,0,0,45,HOM_7_45_nochat.txt,2,14,5,0,2,2,2,1,10,9
hom,7,0,0,45,HOM_7_45_nochat.txt,2,24,5,0,1,1,2,1,10,5
hom,7,0,0,45,HOM_7_45_nochat.txt,2,29,5,0,1,2,2,1,10,8
hom,7,0,0,45,HOM_7_45_nochat.txt,2,33,5,0,1,1,2,1,10,28
hom,7,0,0,45,HOM_7_45_nochat.txt,2,28,5,0,1,1,2,1,10,40
hom,7,0,0,45,HOM_7_45_nochat.txt,2,26,5,0,2,2,2,1,10,7
hom,7,0,0,45,HOM_7_45_nochat.txt,2,10,5,0,1,1,2,1,10,5
hom,7,0,0,45,HOM_7_45_nochat.txt,2,44,5,0,1,1,2,1,10,7
hom,7,0,0,45,HOM_7_45_nochat.txt,3,41,1,0,1,1,1,1,100,3
hom,7,0,0,45,HOM_7_45_nochat.txt,3,25,1,0,1,1,1,1,100,22
hom,7,0,0,45,HOM_7_45_nochat.txt,3,45,1,0,1,1,1,1,100,13
hom,7,0,0,45,HOM_7_45_nochat.txt,3,7,1,0,1,1,1,1,100,5
hom,7,0,0,45,HOM_7_45_nochat.txt,3,37,1,0,1,1,1,1,100,3
hom,7,0,0,45,HOM_7_45_nochat.txt,3,8,1,0,1,1,1,1,100,4
hom,7,0,0,45,HOM_7_45_nochat.txt,3,40,1,0,1,1,1,1,100,7
hom,7,0,0,45,HOM_7_45_nochat.txt,3,16,1,0,2,1,1,1,100,7
hom,7,0,0,45,HOM_7_45_nochat.txt,3,18,1,0,2,2,1,1,100,5
hom,7,0,0,45,HOM_7_45_nochat.txt,3,42,2,0,1,1,2,1,10,7
hom,7,0,0,45,HOM_7_45_nochat.txt,3,31,2,0,2,2,2,1,10,7
hom,7,0,0,45,HOM_7_45_nochat.txt,3,17,2,0,2,1,2,1,10,10
hom,7,0,0,45,HOM_7_45_nochat.txt,3,1,2,0,2,2,2,1,10,12
hom,7,0,0,45,HOM_7_45_nochat.txt,3,11,2,0,2,2,2,1,10,4
hom,7,0,0,45,HOM_7_45_nochat.txt,3,34,2,0,2,1,2,1,10,5
hom,7,0,0,45,HOM_7_45_nochat.txt,3,13,2,0,1,1,2,1,10,5
hom,7,0,0,45,HOM_7_45_nochat.txt,3,4,2,0,1,1,2,1,10,3
hom,7,0,0,45,HOM_7_45_nochat.txt,3,9,2,0,1,2,2,1,10,5
hom,7,0,0,45,HOM_7_45_nochat.txt,3,6,3,0,2,2,2,2,100,7
hom,7,0,0,45,HOM_7_45_nochat.txt,3,43,3,0,1,1,2,2,100,6
hom,7,0,0,45,HOM_7_45_nochat.txt,3,29,3,0,2,1,2,2,100,10
hom,7,0,0,45,HOM_7_45_nochat.txt,3,12,3,0,1,2,2,2,100,6
hom,7,0,0,45,HOM_7_45_nochat.txt,3,32,3,0,2,2,2,2,100,5
hom,7,0,0,45,HOM_7_45_nochat.txt,3,33,3,0,2,2,2,2,100,20
hom,7,0,0,45,HOM_7_45_nochat.txt,3,38,3,0,1,1,2,2,100,25
hom,7,0,0,45,HOM_7_45_nochat.txt,3,30,3,0,2,2,2,2,100,10
hom,7,0,0,45,HOM_7_45_nochat.txt,3,21,3,0,2,2,2,2,100,26
hom,7,0,0,45,HOM_7_45_nochat.txt,3,35,4,0,2,2,2,1,10,3
hom,7,0,0,45,HOM_7_45_nochat.txt,3,2,4,0,2,2,2,1,10,7
hom,7,0,0,45,HOM_7_45_nochat.txt,3,27,4,0,1,1,2,1,10,5
hom,7,0,0,45,HOM_7_45_nochat.txt,3,5,4,0,2,2,2,1,10,28
hom,7,0,0,45,HOM_7_45_nochat.txt,3,15,4,0,1,1,2,1,10,4
hom,7,0,0,45,HOM_7_45_nochat.txt,3,36,4,0,1,1,2,1,10,18
hom,7,0,0,45,HOM_7_45_nochat.txt,3,23,4,0,1,1,2,1,10,3
hom,7,0,0,45,HOM_7_45_nochat.txt,3,20,4,0,2,2,2,1,10,17
hom,7,0,0,45,HOM_7_45_nochat.txt,3,28,4,0,1,1,2,1,10,29
hom,7,0,0,45,HOM_7_45_nochat.txt,3,26,5,0,2,1,1,1,100,18
hom,7,0,0,45,HOM_7_45_nochat.txt,3,19,5,0,1,1,1,1,100,4
hom,7,0,0,45,HOM_7_45_nochat.txt,3,3,5,0,2,1,1,1,100,3
hom,7,0,0,45,HOM_7_45_nochat.txt,3,14,5,0,1,2,1,1,100,8
hom,7,0,0,45,HOM_7_45_nochat.txt,3,39,5,0,1,1,1,1,100,5
hom,7,0,0,45,HOM_7_45_nochat.txt,3,10,5,0,1,1,1,1,100,6
hom,7,0,0,45,HOM_7_45_nochat.txt,3,22,5,0,2,1,1,1,100,5
hom,7,0,0,45,HOM_7_45_nochat.txt,3,24,5,0,1,1,1,1,100,3
hom,7,0,0,45,HOM_7_45_nochat.txt,3,44,5,0,1,1,1,1,100,4
hom,7,0,0,45,HOM_7_45_nochat.txt,4,38,1,0,1,2,2,1,10,29
hom,7,0,0,45,HOM_7_45_nochat.txt,4,39,1,0,2,1,2,1,10,7
hom,7,0,0,45,HOM_7_45_nochat.txt,4,31,1,0,2,2,2,1,10,10
hom,7,0,0,45,HOM_7_45_nochat.txt,4,32,1,0,1,1,2,1,10,6
hom,7,0,0,45,HOM_7_45_nochat.txt,4,20,1,0,2,2,2,1,10,10
hom,7,0,0,45,HOM_7_45_nochat.txt,4,14,1,0,2,2,2,1,10,12
hom,7,0,0,45,HOM_7_45_nochat.txt,4,42,1,0,1,1,2,1,10,4
hom,7,0,0,45,HOM_7_45_nochat.txt,4,11,1,0,2,2,2,1,10,11
hom,7,0,0,45,HOM_7_45_nochat.txt,4,6,1,0,1,1,2,1,10,5
hom,7,0,0,45,HOM_7_45_nochat.txt,4,29,2,0,2,1,2,2,100,8
hom,7,0,0,45,HOM_7_45_nochat.txt,4,4,2,0,2,1,2,2,100,3
hom,7,0,0,45,HOM_7_45_nochat.txt,4,26,2,0,1,1,2,2,100,10
hom,7,0,0,45,HOM_7_45_nochat.txt,4,18,2,0,2,2,2,2,100,5
hom,7,0,0,45,HOM_7_45_nochat.txt,4,27,2,0,2,2,2,2,100,7
hom,7,0,0,45,HOM_7_45_nochat.txt,4,12,2,0,2,2,2,2,100,7
hom,7,0,0,45,HOM_7_45_nochat.txt,4,7,2,0,2,2,2,2,100,3
hom,7,0,0,45,HOM_7_45_nochat.txt,4,13,2,0,1,1,2,2,100,3
hom,7,0,0,45,HOM_7_45_nochat.txt,4,22,2,0,2,1,2,2,100,5
hom,7,0,0,45,HOM_7_45_nochat.txt,4,36,3,0,1,1,2,2,100,7
hom,7,0,0,45,HOM_7_45_nochat.txt,4,41,3,0,2,2,2,2,100,7
hom,7,0,0,45,HOM_7_45_nochat.txt,4,35,3,0,2,2,2,2,100,6
hom,7,0,0,45,HOM_7_45_nochat.txt,4,25,3,0,2,2,2,2,100,9
hom,7,0,0,45,HOM_7_45_nochat.txt,4,19,3,0,1,1,2,2,100,4
hom,7,0,0,45,HOM_7_45_nochat.txt,4,15,3,0,2,2,2,2,100,3
hom,7,0,0,45,HOM_7_45_nochat.txt,4,40,3,0,2,1,2,2,100,4
hom,7,0,0,45,HOM_7_45_nochat.txt,4,23,3,0,1,1,2,2,100,5
hom,7,0,0,45,HOM_7_45_nochat.txt,4,2,3,0,1,1,2,2,100,10
hom,7,0,0,45,HOM_7_45_nochat.txt,4,37,4,0,1,1,1,1,100,3
hom,7,0,0,45,HOM_7_45_nochat.txt,4,30,4,0,1,1,1,1,100,15
hom,7,0,0,45,HOM_7_45_nochat.txt,4,44,4,0,1,1,1,1,100,5
hom,7,0,0,45,HOM_7_45_nochat.txt,4,9,4,0,2,2,1,1,100,10
hom,7,0,0,45,HOM_7_45_nochat.txt,4,43,4,0,1,1,1,1,100,4
hom,7,0,0,45,HOM_7_45_nochat.txt,4,16,4,0,1,1,1,1,100,6
hom,7,0,0,45,HOM_7_45_nochat.txt,4,17,4,0,1,1,1,1,100,4
hom,7,0,0,45,HOM_7_45_nochat.txt,4,3,4,0,2,1,1,1,100,29
hom,7,0,0,45,HOM_7_45_nochat.txt,4,5,4,0,1,1,1,1,100,4
hom,7,0,0,45,HOM_7_45_nochat.txt,4,10,5,0,1,1,2,1,10,13
hom,7,0,0,45,HOM_7_45_nochat.txt,4,28,5,0,1,1,2,1,10,14
hom,7,0,0,45,HOM_7_45_nochat.txt,4,24,5,0,2,1,2,1,10,11
hom,7,0,0,45,HOM_7_45_nochat.txt,4,45,5,0,2,2,2,1,10,16
hom,7,0,0,45,HOM_7_45_nochat.txt,4,21,5,0,2,2,2,1,10,6
hom,7,0,0,45,HOM_7_45_nochat.txt,4,33,5,0,1,1,2,1,10,15
hom,7,0,0,45,HOM_7_45_nochat.txt,4,34,5,0,1,1,2,1,10,4
hom,7,0,0,45,HOM_7_45_nochat.txt,4,1,5,0,1,1,2,1,10,5
hom,7,0,0,45,HOM_7_45_nochat.txt,4,8,5,0,2,2,2,1,10,6
hom,7,0,0,45,HOM_7_45_nochat.txt,5,29,1,0,2,1,2,2,100,4
hom,7,0,0,45,HOM_7_45_nochat.txt,5,24,1,0,1,1,2,2,100,6
hom,7,0,0,45,HOM_7_45_nochat.txt,5,21,1,0,2,2,2,2,100,16
hom,7,0,0,45,HOM_7_45_nochat.txt,5,37,1,0,2,2,2,2,100,4
hom,7,0,0,45,HOM_7_45_nochat.txt,5,22,1,0,2,2,2,2,100,9
hom,7,0,0,45,HOM_7_45_nochat.txt,5,33,1,0,1,1,2,2,100,19
hom,7,0,0,45,HOM_7_45_nochat.txt,5,26,1,0,2,2,2,2,100,14
hom,7,0,0,45,HOM_7_45_nochat.txt,5,19,1,0,1,1,2,2,100,4
hom,7,0,0,45,HOM_7_45_nochat.txt,5,11,1,0,2,1,2,2,100,6
hom,7,0,0,45,HOM_7_45_nochat.txt,5,13,2,0,2,2,2,1,10,3
hom,7,0,0,45,HOM_7_45_nochat.txt,5,25,2,0,2,2,2,1,10,6
hom,7,0,0,45,HOM_7_45_nochat.txt,5,15,2,0,1,1,2,1,10,3
hom,7,0,0,45,HOM_7_45_nochat.txt,5,7,2,0,1,1,2,1,10,4
hom,7,0,0,45,HOM_7_45_nochat.txt,5,43,2,0,1,1,2,1,10,6
hom,7,0,0,45,HOM_7_45_nochat.txt,5,20,2,0,2,2,2,1,10,9
hom,7,0,0,45,HOM_7_45_nochat.txt,5,6,2,0,1,1,2,1,10,4
hom,7,0,0,45,HOM_7_45_nochat.txt,5,30,2,0,1,1,2,1,10,4
hom,7,0,0,45,HOM_7_45_nochat.txt,5,9,2,0,2,2,2,1,10,35
hom,7,0,0,45,HOM_7_45_nochat.txt,5,45,3,0,1,1,1,1,100,19
hom,7,0,0,45,HOM_7_45_nochat.txt,5,8,3,0,1,1,1,1,100,6
hom,7,0,0,45,HOM_7_45_nochat.txt,5,2,3,0,1,1,1,1,100,5
hom,7,0,0,45,HOM_7_45_nochat.txt,5,39,3,0,1,1,1,1,100,3
hom,7,0,0,45,HOM_7_45_nochat.txt,5,16,3,0,2,1,1,1,100,7
hom,7,0,0,45,HOM_7_45_nochat.txt,5,38,3,0,2,1,1,1,100,30
hom,7,0,0,45,HOM_7_45_nochat.txt,5,18,3,0,2,2,1,1,100,4
hom,7,0,0,45,HOM_7_45_nochat.txt,5,1,3,0,1,1,1,1,100,8
hom,7,0,0,45,HOM_7_45_nochat.txt,5,44,3,0,2,1,1,1,100,8
hom,7,0,0,45,HOM_7_45_nochat.txt,5,32,4,0,1,1,1,2,10,5
hom,7,0,0,45,HOM_7_45_nochat.txt,5,35,4,0,2,2,1,2,10,37
hom,7,0,0,45,HOM_7_45_nochat.txt,5,23,4,0,1,1,1,2,10,5
hom,7,0,0,45,HOM_7_45_nochat.txt,5,17,4,0,2,1,1,2,10,5
hom,7,0,0,45,HOM_7_45_nochat.txt,5,4,4,0,1,1,1,2,10,4
hom,7,0,0,45,HOM_7_45_nochat.txt,5,14,4,0,2,1,1,2,10,11
hom,7,0,0,45,HOM_7_45_nochat.txt,5,3,4,0,1,1,1,2,10,22
hom,7,0,0,45,HOM_7_45_nochat.txt,5,12,4,0,2,1,1,2,10,5
hom,7,0,0,45,HOM_7_45_nochat.txt,5,28,4,0,1,1,1,2,10,16
hom,7,0,0,45,HOM_7_45_nochat.txt,5,10,5,0,2,2,2,1,10,5
hom,7,0,0,45,HOM_7_45_nochat.txt,5,41,5,0,1,1,2,1,10,3
hom,7,0,0,45,HOM_7_45_nochat.txt,5,42,5,0,1,1,2,1,10,3
hom,7,0,0,45,HOM_7_45_nochat.txt,5,5,5,0,1,1,2,1,10,29
hom,7,0,0,45,HOM_7_45_nochat.txt,5,36,5,0,1,1,2,1,10,3
hom,7,0,0,45,HOM_7_45_nochat.txt,5,40,5,0,2,2,2,1,10,9
hom,7,0,0,45,HOM_7_45_nochat.txt,5,27,5,0,2,2,2,1,10,6
hom,7,0,0,45,HOM_7_45_nochat.txt,5,34,5,0,1,1,2,1,10,3
hom,7,0,0,45,HOM_7_45_nochat.txt,5,31,5,0,1,1,2,1,10,6
hom,7,0,0,45,HOM_7_45_nochat.txt,6,39,1,0,1,1,2,1,10,5
hom,7,0,0,45,HOM_7_45_nochat.txt,6,16,1,0,1,2,2,1,10,6
hom,7,0,0,45,HOM_7_45_nochat.txt,6,35,1,0,1,1,2,1,10,4
hom,7,0,0,45,HOM_7_45_nochat.txt,6,10,1,0,1,1,2,1,10,5
hom,7,0,0,45,HOM_7_45_nochat.txt,6,19,1,0,1,1,2,1,10,7
hom,7,0,0,45,HOM_7_45_nochat.txt,6,43,1,0,2,2,2,1,10,4
hom,7,0,0,45,HOM_7_45_nochat.txt,6,37,1,0,2,2,2,1,10,8
hom,7,0,0,45,HOM_7_45_nochat.txt,6,1,1,0,1,1,2,1,10,6
hom,7,0,0,45,HOM_7_45_nochat.txt,6,11,1,0,2,1,2,1,10,4
hom,7,0,0,45,HOM_7_45_nochat.txt,6,5,2,0,2,1,2,2,100,5
hom,7,0,0,45,HOM_7_45_nochat.txt,6,12,2,0,2,2,2,2,100,11
hom,7,0,0,45,HOM_7_45_nochat.txt,6,27,2,0,2,2,2,2,100,4
hom,7,0,0,45,HOM_7_45_nochat.txt,6,32,2,0,2,2,2,2,100,7
hom,7,0,0,45,HOM_7_45_nochat.txt,6,33,2,0,2,2,2,2,100,9
hom,7,0,0,45,HOM_7_45_nochat.txt,6,4,2,0,2,1,2,2,100,5
hom,7,0,0,45,HOM_7_45_nochat.txt,6,29,2,0,1,1,2,2,100,10
hom,7,0,0,45,HOM_7_45_nochat.txt,6,42,2,0,2,2,2,2,100,4
hom,7,0,0,45,HOM_7_45_nochat.txt,6,13,2,0,2,2,2,2,100,3
hom,7,0,0,45,HOM_7_45_nochat.txt,6,23,3,0,2,2,2,1,10,20
hom,7,0,0,45,HOM_7_45_nochat.txt,6,25,3,0,1,1,2,1,10,9
hom,7,0,0,45,HOM_7_45_nochat.txt,6,41,3,0,1,1,2,1,10,3
hom,7,0,0,45,HOM_7_45_nochat.txt,6,18,3,0,1,1,2,1,10,4
hom,7,0,0,45,HOM_7_45_nochat.txt,6,15,3,0,1,1,2,1,10,3
hom,7,0,0,45,HOM_7_45_nochat.txt,6,30,3,0,1,1,2,1,10,4
hom,7,0,0,45,HOM_7_45_nochat.txt,6,8,3,0,1,2,2,1,10,8
hom,7,0,0,45,HOM_7_45_nochat.txt,6,2,3,0,2,2,2,1,10,4
hom,7,0,0,45,HOM_7_45_nochat.txt,6,7,3,0,1,1,2,1,10,4
hom,7,0,0,45,HOM_7_45_nochat.txt,6,9,4,0,2,2,2,2,100,6
hom,7,0,0,45,HOM_7_45_nochat.txt,6,20,4,0,2,2,2,2,100,4
hom,7,0,0,45,HOM_7_45_nochat.txt,6,14,4,0,2,2,2,2,100,4
hom,7,0,0,45,HOM_7_45_nochat.txt,6,34,4,0,2,2,2,2,100,2
hom,7,0,0,45,HOM_7_45_nochat.txt,6,28,4,0,1,1,2,2,100,14
hom,7,0,0,45,HOM_7_45_nochat.txt,6,26,4,0,1,1,2,2,100,7
hom,7,0,0,45,HOM_7_45_nochat.txt,6,36,4,0,2,2,2,2,100,5
hom,7,0,0,45,HOM_7_45_nochat.txt,6,21,4,0,2,2,2,2,100,7
hom,7,0,0,45,HOM_7_45_nochat.txt,6,31,4,0,2,2,2,2,100,6
hom,7,0,0,45,HOM_7_45_nochat.txt,6,17,5,0,2,2,2,2,100,5
hom,7,0,0,45,HOM_7_45_nochat.txt,6,24,5,0,2,1,2,2,100,9
hom,7,0,0,45,HOM_7_45_nochat.txt,6,40,5,0,2,1,2,2,100,4
hom,7,0,0,45,HOM_7_45_nochat.txt,6,38,5,0,1,1,2,2,100,23
hom,7,0,0,45,HOM_7_45_nochat.txt,6,6,5,0,2,2,2,2,100,3
hom,7,0,0,45,HOM_7_45_nochat.txt,6,45,5,0,1,1,2,2,100,7
hom,7,0,0,45,HOM_7_45_nochat.txt,6,3,5,0,2,2,2,2,100,12
hom,7,0,0,45,HOM_7_45_nochat.txt,6,22,5,0,2,2,2,2,100,8
hom,7,0,0,45,HOM_7_45_nochat.txt,6,44,5,0,1,1,2,2,100,9
hom,7,0,0,45,HOM_7_45_nochat.txt,7,36,1,0,2,2,2,1,10,8
hom,7,0,0,45,HOM_7_45_nochat.txt,7,11,1,0,1,1,2,1,10,3
hom,7,0,0,45,HOM_7_45_nochat.txt,7,13,1,0,1,1,2,1,10,3
hom,7,0,0,45,HOM_7_45_nochat.txt,7,12,1,0,1,1,2,1,10,6
hom,7,0,0,45,HOM_7_45_nochat.txt,7,21,1,0,2,2,2,1,10,18
hom,7,0,0,45,HOM_7_45_nochat.txt,7,43,1,0,2,2,2,1,10,6
hom,7,0,0,45,HOM_7_45_nochat.txt,7,32,1,0,1,1,2,1,10,5
hom,7,0,0,45,HOM_7_45_nochat.txt,7,20,1,0,1,1,2,1,10,6
hom,7,0,0,45,HOM_7_45_nochat.txt,7,3,1,0,1,1,2,1,10,3
hom,7,0,0,45,HOM_7_45_nochat.txt,7,38,2,0,2,2,2,1,10,18
hom,7,0,0,45,HOM_7_45_nochat.txt,7,37,2,0,1,1,2,1,10,18
hom,7,0,0,45,HOM_7_45_nochat.txt,7,6,2,0,1,1,2,1,10,5
hom,7,0,0,45,HOM_7_45_nochat.txt,7,2,2,0,2,2,2,1,10,4
hom,7,0,0,45,HOM_7_45_nochat.txt,7,31,2,0,2,2,2,1,10,5
hom,7,0,0,45,HOM_7_45_nochat.txt,7,26,2,0,1,2,2,1,10,14
hom,7,0,0,45,HOM_7_45_nochat.txt,7,22,2,0,2,1,2,1,10,9
hom,7,0,0,45,HOM_7_45_nochat.txt,7,40,2,0,1,1,2,1,10,5
hom,7,0,0,45,HOM_7_45_nochat.txt,7,35,2,0,1,1,2,1,10,3
hom,7,0,0,45,HOM_7_45_nochat.txt,7,24,3,0,1,1,1,1,100,3
hom,7,0,0,45,HOM_7_45_nochat.txt,7,27,3,0,1,1,1,1,100,4
hom,7,0,0,45,HOM_7_45_nochat.txt,7,25,3,0,2,2,1,1,100,4
hom,7,0,0,45,HOM_7_45_nochat.txt,7,28,3,0,1,1,1,1,100,12
hom,7,0,0,45,HOM_7_45_nochat.txt,7,16,3,0,1,1,1,1,100,5
hom,7,0,0,45,HOM_7_45_nochat.txt,7,7,3,0,1,1,1,1,100,3
hom,7,0,0,45,HOM_7_45_nochat.txt,7,30,3,0,1,1,1,1,100,6
hom,7,0,0,45,HOM_7_45_nochat.txt,7,17,3,0,2,2,1,1,100,6
hom,7,0,0,45,HOM_7_45_nochat.txt,7,5,3,0,1,1,1,1,100,10
hom,7,0,0,45,HOM_7_45_nochat.txt,7,1,4,0,2,2,2,2,100,5
hom,7,0,0,45,HOM_7_45_nochat.txt,7,45,4,0,1,1,2,2,100,7
hom,7,0,0,45,HOM_7_45_nochat.txt,7,41,4,0,2,2,2,2,100,6
hom,7,0,0,45,HOM_7_45_nochat.txt,7,9,4,0,1,1,2,2,100,6
hom,7,0,0,45,HOM_7_45_nochat.txt,7,19,4,0,2,2,2,2,100,4
hom,7,0,0,45,HOM_7_45_nochat.txt,7,10,4,0,1,1,2,2,100,4
hom,7,0,0,45,HOM_7_45_nochat.txt,7,34,4,0,2,2,2,2,100,6
hom,7,0,0,45,HOM_7_45_nochat.txt,7,42,4,0,2,2,2,2,100,5
hom,7,0,0,45,HOM_7_45_nochat.txt,7,29,4,0,2,1,2,2,100,4
hom,7,0,0,45,HOM_7_45_nochat.txt,7,39,5,0,1,1,2,1,10,3
hom,7,0,0,45,HOM_7_45_nochat.txt,7,15,5,0,2,2,2,1,10,4
hom,7,0,0,45,HOM_7_45_nochat.txt,7,8,5,0,1,1,2,1,10,4
hom,7,0,0,45,HOM_7_45_nochat.txt,7,33,5,0,2,2,2,1,10,9
hom,7,0,0,45,HOM_7_45_nochat.txt,7,23,5,0,1,1,2,1,10,5
hom,7,0,0,45,HOM_7_45_nochat.txt,7,4,5,0,1,1,2,1,10,3
hom,7,0,0,45,HOM_7_45_nochat.txt,7,44,5,0,1,1,2,1,10,7
hom,7,0,0,45,HOM_7_45_nochat.txt,7,18,5,0,2,2,2,1,10,6
hom,7,0,0,45,HOM_7_45_nochat.txt,7,14,5,0,2,2,2,1,10,6
hom,7,0,0,45,HOM_7_45_nochat.txt,8,42,1,0,1,1,1,1,100,12
hom,7,0,0,45,HOM_7_45_nochat.txt,8,6,1,0,1,1,1,1,100,4
hom,7,0,0,45,HOM_7_45_nochat.txt,8,35,1,0,1,2,1,1,100,14
hom,7,0,0,45,HOM_7_45_nochat.txt,8,14,1,0,1,1,1,1,100,5
hom,7,0,0,45,HOM_7_45_nochat.txt,8,32,1,0,1,1,1,1,100,8
hom,7,0,0,45,HOM_7_45_nochat.txt,8,31,1,0,1,1,1,1,100,5
hom,7,0,0,45,HOM_7_45_nochat.txt,8,23,1,0,1,1,1,1,100,5
hom,7,0,0,45,HOM_7_45_nochat.txt,8,11,1,0,2,1,1,1,100,4
hom,7,0,0,45,HOM_7_45_nochat.txt,8,24,1,0,1,1,1,1,100,4
hom,7,0,0,45,HOM_7_45_nochat.txt,8,45,2,0,2,2,2,2,100,9
hom,7,0,0,45,HOM_7_45_nochat.txt,8,15,2,0,2,2,2,2,100,3
hom,7,0,0,45,HOM_7_45_nochat.txt,8,43,2,0,2,2,2,2,100,6
hom,7,0,0,45,HOM_7_45_nochat.txt,8,5,2,0,2,1,2,2,100,20
hom,7,0,0,45,HOM_7_45_nochat.txt,8,37,2,0,2,2,2,2,100,9
hom,7,0,0,45,HOM_7_45_nochat.txt,8,19,2,0,2,2,2,2,100,2
hom,7,0,0,45,HOM_7_45_nochat.txt,8,10,2,0,2,2,2,2,100,7
hom,7,0,0,45,HOM_7_45_nochat.txt,8,27,2,0,1,1,2,2,100,9
hom,7,0,0,45,HOM_7_45_nochat.txt,8,16,2,0,2,2,2,2,100,4
hom,7,0,0,45,HOM_7_45_nochat.txt,8,7,3,0,2,2,2,2,100,5
hom,7,0,0,45,HOM_7_45_nochat.txt,8,9,3,0,1,1,2,2,100,4
hom,7,0,0,45,HOM_7_45_nochat.txt,8,25,3,0,2,1,2,2,100,18
hom,7,0,0,45,HOM_7_45_nochat.txt,8,1,3,0,2,2,2,2,100,41
hom,7,0,0,45,HOM_7_45_nochat.txt,8,38,3,0,1,2,2,2,100,23
hom,7,0,0,45,HOM_7_45_nochat.txt,8,18,3,0,2,2,2,2,100,2
hom,7,0,0,45,HOM_7_45_nochat.txt,8,26,3,0,1,1,2,2,100,5
hom,7,0,0,45,HOM_7_45_nochat.txt,8,21,3,0,1,1,2,2,100,11
hom,7,0,0,45,HOM_7_45_nochat.txt,8,3,3,0,1,1,2,2,100,3
hom,7,0,0,45,HOM_7_45_nochat.txt,8,30,4,0,1,1,2,1,10,5
hom,7,0,0,45,HOM_7_45_nochat.txt,8,2,4,0,2,2,2,1,10,5
hom,7,0,0,45,HOM_7_45_nochat.txt,8,22,4,0,1,1,2,1,10,6
hom,7,0,0,45,HOM_7_45_nochat.txt,8,40,4,0,1,1,2,1,10,9
hom,7,0,0,45,HOM_7_45_nochat.txt,8,12,4,0,1,2,2,1,10,5
hom,7,0,0,45,HOM_7_45_nochat.txt,8,13,4,0,1,1,2,1,10,3
hom,7,0,0,45,HOM_7_45_nochat.txt,8,44,4,0,2,1,2,1,10,4
hom,7,0,0,45,HOM_7_45_nochat.txt,8,28,4,0,2,2,2,1,10,10
hom,7,0,0,45,HOM_7_45_nochat.txt,8,34,4,0,1,1,2,1,10,4
hom,7,0,0,45,HOM_7_45_nochat.txt,8,33,5,0,1,2,2,1,10,27
hom,7,0,0,45,HOM_7_45_nochat.txt,8,4,5,0,2,1,2,1,10,4
hom,7,0,0,45,HOM_7_45_nochat.txt,8,17,5,0,1,2,2,1,10,4
hom,7,0,0,45,HOM_7_45_nochat.txt,8,8,5,0,1,1,2,1,10,7
hom,7,0,0,45,HOM_7_45_nochat.txt,8,39,5,0,1,1,2,1,10,3
hom,7,0,0,45,HOM_7_45_nochat.txt,8,29,5,0,1,1,2,1,10,7
hom,7,0,0,45,HOM_7_45_nochat.txt,8,41,5,0,1,1,2,1,10,2
hom,7,0,0,45,HOM_7_45_nochat.txt,8,36,5,0,2,2,2,1,10,7
hom,7,0,0,45,HOM_7_45_nochat.txt,8,20,5,0,1,2,2,1,10,10
hom,7,0,0,45,HOM_7_45_nochat.txt,9,45,1,0,1,1,2,1,10,4
hom,7,0,0,45,HOM_7_45_nochat.txt,9,36,1,0,1,1,2,1,10,5
hom,7,0,0,45,HOM_7_45_nochat.txt,9,5,1,0,1,1,2,1,10,10
hom,7,0,0,45,HOM_7_45_nochat.txt,9,16,1,0,1,2,2,1,10,5
hom,7,0,0,45,HOM_7_45_nochat.txt,9,18,1,0,1,1,2,1,10,4
hom,7,0,0,45,HOM_7_45_nochat.txt,9,42,1,0,1,1,2,1,10,5
hom,7,0,0,45,HOM_7_45_nochat.txt,9,28,1,0,1,1,2,1,10,12
hom,7,0,0,45,HOM_7_45_nochat.txt,9,27,1,0,2,2,2,1,10,3
hom,7,0,0,45,HOM_7_45_nochat.txt,9,32,1,0,2,2,2,1,10,5
hom,7,0,0,45,HOM_7_45_nochat.txt,9,38,2,0,2,2,2,2,100,24
hom,7,0,0,45,HOM_7_45_nochat.txt,9,15,2,0,2,2,2,2,100,3
hom,7,0,0,45,HOM_7_45_nochat.txt,9,17,2,0,2,2,2,2,100,7
hom,7,0,0,45,HOM_7_45_nochat.txt,9,40,2,0,2,1,2,2,100,14
hom,7,0,0,45,HOM_7_45_nochat.txt,9,31,2,0,2,2,2,2,100,7
hom,7,0,0,45,HOM_7_45_nochat.txt,9,6,2,0,2,2,2,2,100,5
hom,7,0,0,45,HOM_7_45_nochat.txt,9,34,2,0,1,1,2,2,100,3
hom,7,0,0,45,HOM_7_45_nochat.txt,9,41,2,0,2,2,2,2,100,2
hom,7,0,0,45,HOM_7_45_nochat.txt,9,37,2,0,1,1,2,2,100,5
hom,7,0,0,45,HOM_7_45_nochat.txt,9,39,3,0,1,1,1,2,10,4
hom,7,0,0,45,HOM_7_45_nochat.txt,9,10,3,0,2,2,1,2,10,4
hom,7,0,0,45,HOM_7_45_nochat.txt,9,11,3,0,2,1,1,2,10,4
hom,7,0,0,45,HOM_7_45_nochat.txt,9,13,3,0,1,1,1,2,10,3
hom,7,0,0,45,HOM_7_45_nochat.txt,9,7,3,0,1,1,1,2,10,3
hom,7,0,0,45,HOM_7_45_nochat.txt,9,22,3,0,2,1,1,2,10,4
hom,7,0,0,45,HOM_7_45_nochat.txt,9,2,3,0,1,1,1,2,10,4
hom,7,0,0,45,HOM_7_45_nochat.txt,9,29,3,0,2,1,1,2,10,4
hom,7,0,0,45,HOM_7_45_nochat.txt,9,30,3,0,1,1,1,2,10,5
hom,7,0,0,45,HOM_7_45_nochat.txt,9,35,4,0,1,1,2,2,100,4
hom,7,0,0,45,HOM_7_45_nochat.txt,9,3,4,0,2,2,2,2,100,5
hom,7,0,0,45,HOM_7_45_nochat.txt,9,8,4,0,2,2,2,2,100,3
hom,7,0,0,45,HOM_7_45_nochat.txt,9,23,4,0,2,2,2,2,100,5
hom,7,0,0,45,HOM_7_45_nochat.txt,9,26,4,0,2,2,2,2,100,18
hom,7,0,0,45,HOM_7_45_nochat.txt,9,25,4,0,2,1,2,2,100,13
hom,7,0,0,45,HOM_7_45_nochat.txt,9,20,4,0,2,2,2,2,100,18
hom,7,0,0,45,HOM_7_45_nochat.txt,9,24,4,0,2,1,2,2,100,5
hom,7,0,0,45,HOM_7_45_nochat.txt,9,44,4,0,2,1,2,2,100,8
hom,7,0,0,45,HOM_7_45_nochat.txt,9,1,5,0,1,1,2,2,100,11
hom,7,0,0,45,HOM_7_45_nochat.txt,9,4,5,0,2,1,2,2,100,2
hom,7,0,0,45,HOM_7_45_nochat.txt,9,14,5,0,2,2,2,2,100,6
hom,7,0,0,45,HOM_7_45_nochat.txt,9,33,5,0,2,1,2,2,100,17
hom,7,0,0,45,HOM_7_45_nochat.txt,9,9,5,0,1,1,2,2,100,3
hom,7,0,0,45,HOM_7_45_nochat.txt,9,21,5,0,2,2,2,2,100,38
hom,7,0,0,45,HOM_7_45_nochat.txt,9,12,5,0,2,2,2,2,100,4
hom,7,0,0,45,HOM_7_45_nochat.txt,9,43,5,0,2,2,2,2,100,4
hom,7,0,0,45,HOM_7_45_nochat.txt,9,19,5,0,1,1,2,2,100,4
hom,7,0,0,45,HOM_7_45_nochat.txt,10,37,1,0,2,2,2,2,100,8
hom,7,0,0,45,HOM_7_45_nochat.txt,10,35,1,0,2,2,2,2,100,4
hom,7,0,0,45,HOM_7_45_nochat.txt,10,7,1,0,1,1,2,2,100,3
hom,7,0,0,45,HOM_7_45_nochat.txt,10,41,1,0,1,1,2,2,100,2
hom,7,0,0,45,HOM_7_45_nochat.txt,10,26,1,0,2,1,2,2,100,13
hom,7,0,0,45,HOM_7_45_nochat.txt,10,12,1,0,2,1,2,2,100,5
hom,7,0,0,45,HOM_7_45_nochat.txt,10,18,1,0,2,2,2,2,100,3
hom,7,0,0,45,HOM_7_45_nochat.txt,10,4,1,0,2,1,2,2,100,5
hom,7,0,0,45,HOM_7_45_nochat.txt,10,11,1,0,2,1,2,2,100,10
hom,7,0,0,45,HOM_7_45_nochat.txt,10,36,2,0,1,1,2,2,100,7
hom,7,0,0,45,HOM_7_45_nochat.txt,10,44,2,0,2,1,2,2,100,5
hom,7,0,0,45,HOM_7_45_nochat.txt,10,30,2,0,2,2,2,2,100,5
hom,7,0,0,45,HOM_7_45_nochat.txt,10,38,2,0,1,2,2,2,100,29
hom,7,0,0,45,HOM_7_45_nochat.txt,10,43,2,0,1,1,2,2,100,5
hom,7,0,0,45,HOM_7_45_nochat.txt,10,33,2,0,2,2,2,2,100,8
hom,7,0,0,45,HOM_7_45_nochat.txt,10,17,2,0,2,1,2,2,100,4
hom,7,0,0,45,HOM_7_45_nochat.txt,10,45,2,0,2,2,2,2,100,3
hom,7,0,0,45,HOM_7_45_nochat.txt,10,40,2,0,1,1,2,2,100,5
hom,7,0,0,45,HOM_7_45_nochat.txt,10,28,3,0,1,1,2,2,100,7
hom,7,0,0,45,HOM_7_45_nochat.txt,10,24,3,0,1,1,2,2,100,3
hom,7,0,0,45,HOM_7_45_nochat.txt,10,3,3,0,2,2,2,2,100,3
hom,7,0,0,45,HOM_7_45_nochat.txt,10,32,3,0,2,2,2,2,100,6
hom,7,0,0,45,HOM_7_45_nochat.txt,10,19,3,0,2,2,2,2,100,2
hom,7,0,0,45,HOM_7_45_nochat.txt,10,31,3,0,2,2,2,2,100,5
hom,7,0,0,45,HOM_7_45_nochat.txt,10,23,3,0,2,2,2,2,100,4
hom,7,0,0,45,HOM_7_45_nochat.txt,10,13,3,0,1,1,2,2,100,3
hom,7,0,0,45,HOM_7_45_nochat.txt,10,2,3,0,2,2,2,2,100,7
hom,7,0,0,45,HOM_7_45_nochat.txt,10,14,4,0,1,1,1,1,100,5
hom,7,0,0,45,HOM_7_45_nochat.txt,10,8,4,0,1,1,1,1,100,5
hom,7,0,0,45,HOM_7_45_nochat.txt,10,39,4,0,1,1,1,1,100,3
hom,7,0,0,45,HOM_7_45_nochat.txt,10,1,4,0,1,1,1,1,100,6
hom,7,0,0,45,HOM_7_45_nochat.txt,10,29,4,0,1,1,1,1,100,4
hom,7,0,0,45,HOM_7_45_nochat.txt,10,20,4,0,1,2,1,1,100,10
hom,7,0,0,45,HOM_7_45_nochat.txt,10,25,4,0,1,1,1,1,100,4
hom,7,0,0,45,HOM_7_45_nochat.txt,10,21,4,0,1,1,1,1,100,3
hom,7,0,0,45,HOM_7_45_nochat.txt,10,34,4,0,1,1,1,1,100,3
hom,7,0,0,45,HOM_7_45_nochat.txt,10,6,5,0,1,1,2,1,10,4
hom,7,0,0,45,HOM_7_45_nochat.txt,10,22,5,0,1,1,2,1,10,5
hom,7,0,0,45,HOM_7_45_nochat.txt,10,9,5,0,2,2,2,1,10,6
hom,7,0,0,45,HOM_7_45_nochat.txt,10,16,5,0,1,2,2,1,10,8
hom,7,0,0,45,HOM_7_45_nochat.txt,10,5,5,0,1,1,2,1,10,4
hom,7,0,0,45,HOM_7_45_nochat.txt,10,42,5,0,2,2,2,1,10,3
hom,7,0,0,45,HOM_7_45_nochat.txt,10,27,5,0,2,2,2,1,10,5
hom,7,0,0,45,HOM_7_45_nochat.txt,10,10,5,0,1,1,2,1,10,4
hom,7,0,0,45,HOM_7_45_nochat.txt,10,15,5,0,2,2,2,1,10,3
hom,7,0,0,45,HOM_7_45_nochat.txt,11,36,1,0,1,1,1,1,100,3
hom,7,0,0,45,HOM_7_45_nochat.txt,11,40,1,0,1,1,1,1,100,3
hom,7,0,0,45,HOM_7_45_nochat.txt,11,8,1,0,1,1,1,1,100,3
hom,7,0,0,45,HOM_7_45_nochat.txt,11,21,1,0,1,1,1,1,100,15
hom,7,0,0,45,HOM_7_45_nochat.txt,11,14,1,0,1,1,1,1,100,4
hom,7,0,0,45,HOM_7_45_nochat.txt,11,41,1,0,1,1,1,1,100,2
hom,7,0,0,45,HOM_7_45_nochat.txt,11,30,1,0,1,1,1,1,100,4
hom,7,0,0,45,HOM_7_45_nochat.txt,11,26,1,0,1,1,1,1,100,5
hom,7,0,0,45,HOM_7_45_nochat.txt,11,31,1,0,1,1,1,1,100,3
hom,7,0,0,45,HOM_7_45_nochat.txt,11,17,2,0,1,1,2,1,10,5
hom,7,0,0,45,HOM_7_45_nochat.txt,11,29,2,0,2,1,2,1,10,4
hom,7,0,0,45,HOM_7_45_nochat.txt,11,23,2,0,1,1,2,1,10,3
hom,7,0,0,45,HOM_7_45_nochat.txt,11,24,2,0,1,1,2,1,10,4
hom,7,0,0,45,HOM_7_45_nochat.txt,11,32,2,0,2,2,2,1,10,5
hom,7,0,0,45,HOM_7_45_nochat.txt,11,37,2,0,2,2,2,1,10,7
hom,7,0,0,45,HOM_7_45_nochat.txt,11,33,2,0,2,2,2,1,10,8
hom,7,0,0,45,HOM_7_45_nochat.txt,11,39,2,0,1,1,2,1,10,4
hom,7,0,0,45,HOM_7_45_nochat.txt,11,44,2,0,2,1,2,1,10,6
hom,7,0,0,45,HOM_7_45_nochat.txt,11,16,3,0,2,2,2,2,100,6
hom,7,0,0,45,HOM_7_45_nochat.txt,11,28,3,0,2,2,2,2,100,7
hom,7,0,0,45,HOM_7_45_nochat.txt,11,13,3,0,2,2,2,2,100,3
hom,7,0,0,45,HOM_7_45_nochat.txt,11,15,3,0,2,2,2,2,100,4
hom,7,0,0,45,HOM_7_45_nochat.txt,11,27,3,0,2,2,2,2,100,9
hom,7,0,0,45,HOM_7_45_nochat.txt,11,25,3,0,2,1,2,2,100,7
hom,7,0,0,45,HOM_7_45_nochat.txt,11,20,3,0,2,2,2,2,100,9
hom,7,0,0,45,HOM_7_45_nochat.txt,11,2,3,0,1,1,2,2,100,3
hom,7,0,0,45,HOM_7_45_nochat.txt,11,6,3,0,1,1,2,2,100,4
hom,7,0,0,45,HOM_7_45_nochat.txt,11,19,4,0,2,2,2,2,100,3
hom,7,0,0,45,HOM_7_45_nochat.txt,11,4,4,0,2,1,2,2,100,2
hom,7,0,0,45,HOM_7_45_nochat.txt,11,10,4,0,2,2,2,2,100,4
hom,7,0,0,45,HOM_7_45_nochat.txt,11,3,4,0,1,1,2,2,100,2
hom,7,0,0,45,HOM_7_45_nochat.txt,11,1,4,0,2,2,2,2,100,3
hom,7,0,0,45,HOM_7_45_nochat.txt,11,35,4,0,2,2,2,2,100,2
hom,7,0,0,45,HOM_7_45_nochat.txt,11,7,4,0,1,1,2,2,100,3
hom,7,0,0,45,HOM_7_45_nochat.txt,11,45,4,0,1,1,2,2,100,3
hom,7,0,0,45,HOM_7_45_nochat.txt,11,22,4,0,2,2,2,2,100,4
hom,7,0,0,45,HOM_7_45_nochat.txt,11,43,5,0,2,2,2,2,100,5
hom,7,0,0,45,HOM_7_45_nochat.txt,11,34,5,0,1,1,2,2,100,2
hom,7,0,0,45,HOM_7_45_nochat.txt,11,5,5,0,2,2,2,2,100,16
hom,7,0,0,45,HOM_7_45_nochat.txt,11,38,5,0,2,2,2,2,100,13
hom,7,0,0,45,HOM_7_45_nochat.txt,11,9,5,0,2,1,2,2,100,17
hom,7,0,0,45,HOM_7_45_nochat.txt,11,12,5,0,2,2,2,2,100,4
hom,7,0,0,45,HOM_7_45_nochat.txt,11,42,5,0,2,2,2,2,100,3
hom,7,0,0,45,HOM_7_45_nochat.txt,11,18,5,0,2,2,2,2,100,2
hom,7,0,0,45,HOM_7_45_nochat.txt,11,11,5,0,1,1,2,2,100,5
hom,7,0,0,45,HOM_7_45_nochat.txt,12,13,1,0,1,1,2,2,100,3
hom,7,0,0,45,HOM_7_45_nochat.txt,12,16,1,0,2,2,2,2,100,5
hom,7,0,0,45,HOM_7_45_nochat.txt,12,9,1,0,1,1,2,2,100,7
hom,7,0,0,45,HOM_7_45_nochat.txt,12,33,1,0,2,2,2,2,100,6
hom,7,0,0,45,HOM_7_45_nochat.txt,12,7,1,0,2,2,2,2,100,3
hom,7,0,0,45,HOM_7_45_nochat.txt,12,28,1,0,2,2,2,2,100,8
hom,7,0,0,45,HOM_7_45_nochat.txt,12,12,1,0,2,2,2,2,100,5
hom,7,0,0,45,HOM_7_45_nochat.txt,12,3,1,0,1,1,2,2,100,7
hom,7,0,0,45,HOM_7_45_nochat.txt,12,26,1,0,2,2,2,2,100,9
hom,7,0,0,45,HOM_7_45_nochat.txt,12,5,2,0,1,1,1,1,100,5
hom,7,0,0,45,HOM_7_45_nochat.txt,12,17,2,0,1,1,1,1,100,3
hom,7,0,0,45,HOM_7_45_nochat.txt,12,21,2,0,1,2,1,1,100,10
hom,7,0,0,45,HOM_7_45_nochat.txt,12,2,2,0,1,1,1,1,100,4
hom,7,0,0,45,HOM_7_45_nochat.txt,12,31,2,0,1,1,1,1,100,3
hom,7,0,0,45,HOM_7_45_nochat.txt,12,43,2,0,1,1,1,1,100,3
hom,7,0,0,45,HOM_7_45_nochat.txt,12,42,2,0,1,1,1,1,100,5
hom,7,0,0,45,HOM_7_45_nochat.txt,12,41,2,0,1,1,1,1,100,2
hom,7,0,0,45,HOM_7_45_nochat.txt,12,6,2,0,1,1,1,1,100,6
hom,7,0,0,45,HOM_7_45_nochat.txt,12,19,3,0,2,2,2,2,100,3
hom,7,0,0,45,HOM_7_45_nochat.txt,12,38,3,0,1,2,2,2,100,21
hom,7,0,0,45,HOM_7_45_nochat.txt,12,25,3,0,2,1,2,2,100,7
hom,7,0,0,45,HOM_7_45_nochat.txt,12,29,3,0,2,1,2,2,100,4
hom,7,0,0,45,HOM_7_45_nochat.txt,12,32,3,0,2,2,2,2,100,4
hom,7,0,0,45,HOM_7_45_nochat.txt,12,1,3,0,2,2,2,2,100,5
hom,7,0,0,45,HOM_7_45_nochat.txt,12,23,3,0,1,1,2,2,100,5
hom,7,0,0,45,HOM_7_45_nochat.txt,12,4,3,0,2,1,2,2,100,4
hom,7,0,0,45,HOM_7_45_nochat.txt,12,24,3,0,2,1,2,2,100,3
hom,7,0,0,45,HOM_7_45_nochat.txt,12,30,4,0,2,2,2,2,100,4
hom,7,0,0,45,HOM_7_45_nochat.txt,12,37,4,0,2,2,2,2,100,3
hom,7,0,0,45,HOM_7_45_nochat.txt,12,45,4,0,2,1,2,2,100,10
hom,7,0,0,45,HOM_7_45_nochat.txt,12,10,4,0,2,2,2,2,100,6
hom,7,0,0,45,HOM_7_45_nochat.txt,12,15,4,0,2,2,2,2,100,3
hom,7,0,0,45,HOM_7_45_nochat.txt,12,36,4,0,2,2,2,2,100,3
hom,7,0,0,45,HOM_7_45_nochat.txt,12,14,4,0,2,2,2,2,100,4
hom,7,0,0,45,HOM_7_45_nochat.txt,12,44,4,0,2,1,2,2,100,4
hom,7,0,0,45,HOM_7_45_nochat.txt,12,39,4,0,1,1,2,2,100,4
hom,7,0,0,45,HOM_7_45_nochat.txt,12,22,5,0,1,1,2,2,100,3
hom,7,0,0,45,HOM_7_45_nochat.txt,12,20,5,0,2,1,2,2,100,18
hom,7,0,0,45,HOM_7_45_nochat.txt,12,11,5,0,2,2,2,2,100,3
hom,7,0,0,45,HOM_7_45_nochat.txt,12,35,5,0,2,2,2,2,100,3
hom,7,0,0,45,HOM_7_45_nochat.txt,12,27,5,0,2,2,2,2,100,8
hom,7,0,0,45,HOM_7_45_nochat.txt,12,40,5,0,2,1,2,2,100,5
hom,7,0,0,45,HOM_7_45_nochat.txt,12,34,5,0,2,2,2,2,100,3
hom,7,0,0,45,HOM_7_45_nochat.txt,12,18,5,0,2,2,2,2,100,3
hom,7,0,0,45,HOM_7_45_nochat.txt,12,8,5,0,2,1,2,2,100,6
hom,7,0,0,45,HOM_7_45_nochat.txt,13,37,1,0,1,1,2,1,10,15
hom,7,0,0,45,HOM_7_45_nochat.txt,13,34,1,0,1,1,2,1,10,3
hom,7,0,0,45,HOM_7_45_nochat.txt,13,18,1,0,1,1,2,1,10,5
hom,7,0,0,45,HOM_7_45_nochat.txt,13,10,1,0,1,1,2,1,10,6
hom,7,0,0,45,HOM_7_45_nochat.txt,13,2,1,0,1,1,2,1,10,5
hom,7,0,0,45,HOM_7_45_nochat.txt,13,6,1,0,2,2,2,1,10,6
hom,7,0,0,45,HOM_7_45_nochat.txt,13,30,1,0,1,1,2,1,10,5
hom,7,0,0,45,HOM_7_45_nochat.txt,13,16,1,0,2,2,2,1,10,6
hom,7,0,0,45,HOM_7_45_nochat.txt,13,21,1,0,1,2,2,1,10,21
hom,7,0,0,45,HOM_7_45_nochat.txt,13,26,2,0,2,2,2,2,100,6
hom,7,0,0,45,HOM_7_45_nochat.txt,13,5,2,0,2,2,2,2,100,10
hom,7,0,0,45,HOM_7_45_nochat.txt,13,19,2,0,1,1,2,2,100,3
hom,7,0,0,45,HOM_7_45_nochat.txt,13,25,2,0,2,1,2,2,100,7
hom,7,0,0,45,HOM_7_45_nochat.txt,13,4,2,0,2,1,2,2,100,3
hom,7,0,0,45,HOM_7_45_nochat.txt,13,39,2,0,2,1,2,2,100,7
hom,7,0,0,45,HOM_7_45_nochat.txt,13,22,2,0,2,2,2,2,100,3
hom,7,0,0,45,HOM_7_45_nochat.txt,13,33,2,0,2,2,2,2,100,5
hom,7,0,0,45,HOM_7_45_nochat.txt,13,41,2,0,2,2,2,2,100,2
hom,7,0,0,45,HOM_7_45_nochat.txt,13,3,3,0,2,2,1,1,100,3
hom,7,0,0,45,HOM_7_45_nochat.txt,13,31,3,0,1,1,1,1,100,3
hom,7,0,0,45,HOM_7_45_nochat.txt,13,23,3,0,1,1,1,1,100,11
hom,7,0,0,45,HOM_7_45_nochat.txt,13,38,3,0,1,2,1,1,100,14
hom,7,0,0,45,HOM_7_45_nochat.txt,13,12,3,0,1,1,1,1,100,3
hom,7,0,0,45,HOM_7_45_nochat.txt,13,20,3,0,1,1,1,1,100,18
hom,7,0,0,45,HOM_7_45_nochat.txt,13,45,3,0,2,1,1,1,100,25
hom,7,0,0,45,HOM_7_45_nochat.txt,13,11,3,0,2,1,1,1,100,19
hom,7,0,0,45,HOM_7_45_nochat.txt,13,27,3,0,1,1,1,1,100,9
hom,7,0,0,45,HOM_7_45_nochat.txt,13,28,4,0,2,2,2,2,100,5
hom,7,0,0,45,HOM_7_45_nochat.txt,13,14,4,0,2,2,2,2,100,4
hom,7,0,0,45,HOM_7_45_nochat.txt,13,32,4,0,1,1,2,2,100,5
hom,7,0,0,45,HOM_7_45_nochat.txt,13,35,4,0,2,2,2,2,100,3
hom,7,0,0,45,HOM_7_45_nochat.txt,13,42,4,0,2,2,2,2,100,5
hom,7,0,0,45,HOM_7_45_nochat.txt,13,43,4,0,1,1,2,2,100,3
hom,7,0,0,45,HOM_7_45_nochat.txt,13,8,4,0,2,1,2,2,100,9
hom,7,0,0,45,HOM_7_45_nochat.txt,13,40,4,0,2,1,2,2,100,4
hom,7,0,0,45,HOM_7_45_nochat.txt,13,29,4,0,2,1,2,2,100,4
hom,7,0,0,45,HOM_7_45_nochat.txt,13,7,5,0,2,2,2,2,100,3
hom,7,0,0,45,HOM_7_45_nochat.txt,13,17,5,0,1,1,2,2,100,3
hom,7,0,0,45,HOM_7_45_nochat.txt,13,24,5,0,2,1,2,2,100,5
hom,7,0,0,45,HOM_7_45_nochat.txt,13,9,5,0,2,2,2,2,100,3
hom,7,0,0,45,HOM_7_45_nochat.txt,13,1,5,0,1,1,2,2,100,5
hom,7,0,0,45,HOM_7_45_nochat.txt,13,13,5,0,2,2,2,2,100,2
hom,7,0,0,45,HOM_7_45_nochat.txt,13,44,5,0,2,1,2,2,100,6
hom,7,0,0,45,HOM_7_45_nochat.txt,13,15,5,0,2,2,2,2,100,4
hom,7,0,0,45,HOM_7_45_nochat.txt,13,36,5,0,2,2,2,2,100,3
hom,7,0,0,45,HOM_7_45_nochat.txt,14,11,1,0,2,2,2,1,10,8
hom,7,0,0,45,HOM_7_45_nochat.txt,14,37,1,0,1,1,2,1,10,4
hom,7,0,0,45,HOM_7_45_nochat.txt,14,40,1,0,1,1,2,1,10,3
hom,7,0,0,45,HOM_7_45_nochat.txt,14,42,1,0,1,1,2,1,10,4
hom,7,0,0,45,HOM_7_45_nochat.txt,14,23,1,0,1,1,2,1,10,3
hom,7,0,0,45,HOM_7_45_nochat.txt,14,15,1,0,1,1,2,1,10,2
hom,7,0,0,45,HOM_7_45_nochat.txt,14,6,1,0,2,2,2,1,10,5
hom,7,0,0,45,HOM_7_45_nochat.txt,14,28,1,0,2,2,2,1,10,5
hom,7,0,0,45,HOM_7_45_nochat.txt,14,19,1,0,2,2,2,1,10,3
hom,7,0,0,45,HOM_7_45_nochat.txt,14,29,2,0,1,1,1,1,100,3
hom,7,0,0,45,HOM_7_45_nochat.txt,14,16,2,0,1,1,1,1,100,5
hom,7,0,0,45,HOM_7_45_nochat.txt,14,41,2,0,1,1,1,1,100,2
hom,7,0,0,45,HOM_7_45_nochat.txt,14,12,2,0,2,1,1,1,100,3
hom,7,0,0,45,HOM_7_45_nochat.txt,14,33,2,0,1,2,1,1,100,15
hom,7,0,0,45,HOM_7_45_nochat.txt,14,39,2,0,1,1,1,1,100,6
hom,7,0,0,45,HOM_7_45_nochat.txt,14,34,2,0,1,1,1,1,100,3
hom,7,0,0,45,HOM_7_45_nochat.txt,14,32,2,0,1,1,1,1,100,5
hom,7,0,0,45,HOM_7_45_nochat.txt,14,31,2,0,1,1,1,1,100,4
hom,7,0,0,45,HOM_7_45_nochat.txt,14,44,3,0,1,1,1,1,100,7
hom,7,0,0,45,HOM_7_45_nochat.txt,14,4,3,0,1,1,1,1,100,3
hom,7,0,0,45,HOM_7_45_nochat.txt,14,20,3,0,1,1,1,1,100,10
hom,7,0,0,45,HOM_7_45_nochat.txt,14,21,3,0,1,1,1,1,100,27
hom,7,0,0,45,HOM_7_45_nochat.txt,14,3,3,0,1,1,1,1,100,5
hom,7,0,0,45,HOM_7_45_nochat.txt,14,13,3,0,1,1,1,1,100,3
hom,7,0,0,45,HOM_7_45_nochat.txt,14,10,3,0,1,1,1,1,100,4
hom,7,0,0,45,HOM_7_45_nochat.txt,14,22,3,0,2,2,1,1,100,5
hom,7,0,0,45,HOM_7_45_nochat.txt,14,9,3,0,1,1,1,1,100,40
hom,7,0,0,45,HOM_7_45_nochat.txt,14,2,4,0,2,2,1,1,100,3
hom,7,0,0,45,HOM_7_45_nochat.txt,14,18,4,0,1,1,1,1,100,3
hom,7,0,0,45,HOM_7_45_nochat.txt,14,14,4,0,1,1,1,1,100,4
hom,7,0,0,45,HOM_7_45_nochat.txt,14,43,4,0,1,1,1,1,100,4
hom,7,0,0,45,HOM_7_45_nochat.txt,14,8,4,0,1,1,1,1,100,3
hom,7,0,0,45,HOM_7_45_nochat.txt,14,30,4,0,1,1,1,1,100,4
hom,7,0,0,45,HOM_7_45_nochat.txt,14,17,4,0,1,1,1,1,100,3
hom,7,0,0,45,HOM_7_45_nochat.txt,14,24,4,0,2,1,1,1,100,5
hom,7,0,0,45,HOM_7_45_nochat.txt,14,27,4,0,1,1,1,1,100,3
hom,7,0,0,45,HOM_7_45_nochat.txt,14,7,5,0,1,1,2,2,100,3
hom,7,0,0,45,HOM_7_45_nochat.txt,14,26,5,0,1,1,2,2,100,5
hom,7,0,0,45,HOM_7_45_nochat.txt,14,25,5,0,1,1,2,2,100,5
hom,7,0,0,45,HOM_7_45_nochat.txt,14,45,5,0,2,2,2,2,100,12
hom,7,0,0,45,HOM_7_45_nochat.txt,14,35,5,0,1,1,2,2,100,4
hom,7,0,0,45,HOM_7_45_nochat.txt,14,5,5,0,2,2,2,2,100,9
hom,7,0,0,45,HOM_7_45_nochat.txt,14,36,5,0,2,2,2,2,100,3
hom,7,0,0,45,HOM_7_45_nochat.txt,14,1,5,0,1,1,2,2,100,2
hom,7,0,0,45,HOM_7_45_nochat.txt,14,38,5,0,2,2,2,2,100,25
hom,7,0,0,45,HOM_7_45_nochat.txt,15,9,1,0,1,1,2,1,10,5
hom,7,0,0,45,HOM_7_45_nochat.txt,15,22,1,0,1,1,2,1,10,7
hom,7,0,0,45,HOM_7_45_nochat.txt,15,14,1,0,2,2,2,1,10,4
hom,7,0,0,45,HOM_7_45_nochat.txt,15,5,1,0,2,2,2,1,10,8
hom,7,0,0,45,HOM_7_45_nochat.txt,15,39,1,0,2,1,2,1,10,3
hom,7,0,0,45,HOM_7_45_nochat.txt,15,37,1,0,2,2,2,1,10,4
hom,7,0,0,45,HOM_7_45_nochat.txt,15,8,1,0,1,1,2,1,10,3
hom,7,0,0,45,HOM_7_45_nochat.txt,15,16,1,0,1,1,2,1,10,5
hom,7,0,0,45,HOM_7_45_nochat.txt,15,19,1,0,1,1,2,1,10,3
hom,7,0,0,45,HOM_7_45_nochat.txt,15,45,2,0,2,1,1,1,100,10
hom,7,0,0,45,HOM_7_45_nochat.txt,15,20,2,0,2,1,1,1,100,7
hom,7,0,0,45,HOM_7_45_nochat.txt,15,25,2,0,1,1,1,1,100,5
hom,7,0,0,45,HOM_7_45_nochat.txt,15,44,2,0,1,1,1,1,100,6
hom,7,0,0,45,HOM_7_45_nochat.txt,15,10,2,0,2,2,1,1,100,4
hom,7,0,0,45,HOM_7_45_nochat.txt,15,12,2,0,1,1,1,1,100,4
hom,7,0,0,45,HOM_7_45_nochat.txt,15,23,2,0,1,1,1,1,100,4
hom,7,0,0,45,HOM_7_45_nochat.txt,15,40,2,0,2,1,1,1,100,3
hom,7,0,0,45,HOM_7_45_nochat.txt,15,24,2,0,1,1,1,1,100,3
hom,7,0,0,45,HOM_7_45_nochat.txt,15,30,3,0,2,2,2,1,10,3
hom,7,0,0,45,HOM_7_45_nochat.txt,15,36,3,0,1,1,2,1,10,3
hom,7,0,0,45,HOM_7_45_nochat.txt,15,32,3,0,1,1,2,1,10,4
hom,7,0,0,45,HOM_7_45_nochat.txt,15,42,3,0,1,1,2,1,10,4
hom,7,0,0,45,HOM_7_45_nochat.txt,15,27,3,0,2,2,2,1,10,6
hom,7,0,0,45,HOM_7_45_nochat.txt,15,21,3,0,1,1,2,1,10,29
hom,7,0,0,45,HOM_7_45_nochat.txt,15,41,3,0,1,1,2,1,10,2
hom,7,0,0,45,HOM_7_45_nochat.txt,15,3,3,0,2,2,2,1,10,4
hom,7,0,0,45,HOM_7_45_nochat.txt,15,28,3,0,1,1,2,1,10,12
hom,7,0,0,45,HOM_7_45_nochat.txt,15,13,4,0,2,2,2,1,10,2
hom,7,0,0,45,HOM_7_45_nochat.txt,15,2,4,0,1,1,2,1,10,5
hom,7,0,0,45,HOM_7_45_nochat.txt,15,26,4,0,1,1,2,1,10,5
hom,7,0,0,45,HOM_7_45_nochat.txt,15,11,4,0,1,2,2,1,10,3
hom,7,0,0,45,HOM_7_45_nochat.txt,15,34,4,0,1,1,2,1,10,4
hom,7,0,0,45,HOM_7_45_nochat.txt,15,38,4,0,1,2,2,1,10,25
hom,7,0,0,45,HOM_7_45_nochat.txt,15,7,4,0,1,1,2,1,10,3
hom,7,0,0,45,HOM_7_45_nochat.txt,15,29,4,0,1,1,2,1,10,4
hom,7,0,0,45,HOM_7_45_nochat.txt,15,15,4,0,1,1,2,1,10,3
hom,7,0,0,45,HOM_7_45_nochat.txt,15,35,5,0,1,1,2,1,10,3
hom,7,0,0,45,HOM_7_45_nochat.txt,15,18,5,0,2,2,2,1,10,2
hom,7,0,0,45,HOM_7_45_nochat.txt,15,1,5,0,1,1,2,1,10,2
hom,7,0,0,45,HOM_7_45_nochat.txt,15,6,5,0,1,1,2,1,10,10
hom,7,0,0,45,HOM_7_45_nochat.txt,15,4,5,0,1,1,2,1,10,4
hom,7,0,0,45,HOM_7_45_nochat.txt,15,43,5,0,2,2,2,1,10,4
hom,7,0,0,45,HOM_7_45_nochat.txt,15,31,5,0,1,1,2,1,10,3
hom,7,0,0,45,HOM_7_45_nochat.txt,15,17,5,0,2,1,2,1,10,2
hom,7,0,0,45,HOM_7_45_nochat.txt,15,33,5,0,1,2,2,1,10,8
hom,9,1,0,27,HOM_9_27_chat.txt,1,10,1,0,2,1,1,1,100,44
hom,9,1,0,27,HOM_9_27_chat.txt,1,3,1,0,2,1,1,1,100,44
hom,9,1,0,27,HOM_9_27_chat.txt,1,1,1,0,1,1,1,1,100,42
hom,9,1,0,27,HOM_9_27_chat.txt,1,15,1,0,1,1,1,1,100,41
hom,9,1,0,27,HOM_9_27_chat.txt,1,20,1,0,1,1,1,1,100,40
hom,9,1,0,27,HOM_9_27_chat.txt,1,9,1,0,1,1,1,1,100,43
hom,9,1,0,27,HOM_9_27_chat.txt,1,14,1,0,1,1,1,1,100,51
hom,9,1,0,27,HOM_9_27_chat.txt,1,17,1,0,1,1,1,1,100,43
hom,9,1,0,27,HOM_9_27_chat.txt,1,12,1,0,2,1,1,1,100,60
hom,9,1,0,27,HOM_9_27_chat.txt,1,13,2,0,1,1,1,1,100,45
hom,9,1,0,27,HOM_9_27_chat.txt,1,25,2,0,1,1,1,1,100,30
hom,9,1,0,27,HOM_9_27_chat.txt,1,22,2,0,1,1,1,1,100,25
hom,9,1,0,27,HOM_9_27_chat.txt,1,26,2,0,1,1,1,1,100,34
hom,9,1,0,27,HOM_9_27_chat.txt,1,5,2,0,1,1,1,1,100,30
hom,9,1,0,27,HOM_9_27_chat.txt,1,19,2,0,2,1,1,1,100,35
hom,9,1,0,27,HOM_9_27_chat.txt,1,23,2,0,1,1,1,1,100,36
hom,9,1,0,27,HOM_9_27_chat.txt,1,27,2,0,1,1,1,1,100,26
hom,9,1,0,27,HOM_9_27_chat.txt,1,21,2,0,2,1,1,1,100,30
hom,9,1,0,27,HOM_9_27_chat.txt,1,8,3,0,2,2,2,1,10,22
hom,9,1,0,27,HOM_9_27_chat.txt,1,16,3,0,1,2,2,1,10,36
hom,9,1,0,27,HOM_9_27_chat.txt,1,18,3,0,1,2,2,1,10,44
hom,9,1,0,27,HOM_9_27_chat.txt,1,6,3,0,2,2,2,1,10,32
hom,9,1,0,27,HOM_9_27_chat.txt,1,4,3,0,2,2,2,1,10,35
hom,9,1,0,27,HOM_9_27_chat.txt,1,11,3,0,2,1,2,1,10,85
hom,9,1,0,27,HOM_9_27_chat.txt,1,7,3,0,2,2,2,1,10,26
hom,9,1,0,27,HOM_9_27_chat.txt,1,2,3,0,2,2,2,1,10,20
hom,9,1,0,27,HOM_9_27_chat.txt,1,24,3,0,1,1,2,1,10,37
hom,9,1,0,27,HOM_9_27_chat.txt,2,21,1,0,2,2,2,2,100,30
hom,9,1,0,27,HOM_9_27_chat.txt,2,4,1,0,2,2,2,2,100,24
hom,9,1,0,27,HOM_9_27_chat.txt,2,11,1,0,2,2,2,2,100,38
hom,9,1,0,27,HOM_9_27_chat.txt,2,18,1,0,2,2,2,2,100,40
hom,9,1,0,27,HOM_9_27_chat.txt,2,6,1,0,2,2,2,2,100,33
hom,9,1,0,27,HOM_9_27_chat.txt,2,25,1,0,1,2,2,2,100,31
hom,9,1,0,27,HOM_9_27_chat.txt,2,5,1,0,2,2,2,2,100,40
hom,9,1,0,27,HOM_9_27_chat.txt,2,8,1,0,1,2,2,2,100,18
hom,9,1,0,27,HOM_9_27_chat.txt,2,10,1,0,2,2,2,2,100,36
hom,9,1,0,27,HOM_9_27_chat.txt,2,23,2,0,1,1,1,1,100,30
hom,9,1,0,27,HOM_9_27_chat.txt,2,2,2,0,2,1,1,1,100,29
hom,9,1,0,27,HOM_9_27_chat.txt,2,27,2,0,2,1,1,1,100,30
hom,9,1,0,27,HOM_9_27_chat.txt,2,1,2,0,2,1,1,1,100,34
hom,9,1,0,27,HOM_9_27_chat.txt,2,26,2,0,1,1,1,1,100,29
hom,9,1,0,27,HOM_9_27_chat.txt,2,14,2,0,1,1,1,1,100,34
hom,9,1,0,27,HOM_9_27_chat.txt,2,20,2,0,1,1,1,1,100,28
hom,9,1,0,27,HOM_9_27_chat.txt,2,9,2,0,1,1,1,1,100,31
hom,9,1,0,27,HOM_9_27_chat.txt,2,16,2,0,1,1,1,1,100,29
hom,9,1,0,27,HOM_9_27_chat.txt,2,24,3,0,1,1,1,1,100,23
hom,9,1,0,27,HOM_9_27_chat.txt,2,22,3,0,1,1,1,1,100,23
hom,9,1,0,27,HOM_9_27_chat.txt,2,19,3,0,1,1,1,1,100,23
hom,9,1,0,27,HOM_9_27_chat.txt,2,7,3,0,1,1,1,1,100,22
hom,9,1,0,27,HOM_9_27_chat.txt,2,17,3,0,2,1,1,1,100,22
hom,9,1,0,27,HOM_9_27_chat.txt,2,13,3,0,1,1,1,1,100,21
hom,9,1,0,27,HOM_9_27_chat.txt,2,12,3,0,1,1,1,1,100,44
hom,9,1,0,27,HOM_9_27_chat.txt,2,15,3,0,2,1,1,1,100,22
hom,9,1,0,27,HOM_9_27_chat.txt,2,3,3,0,2,1,1,1,100,20
hom,9,1,0,27,HOM_9_27_chat.txt,3,19,1,0,1,1,1,1,100,29
hom,9,1,0,27,HOM_9_27_chat.txt,3,5,1,0,2,1,1,1,100,23
hom,9,1,0,27,HOM_9_27_chat.txt,3,25,1,0,1,1,1,1,100,18
hom,9,1,0,27,HOM_9_27_chat.txt,3,10,1,0,1,1,1,1,100,26
hom,9,1,0,27,HOM_9_27_chat.txt,3,2,1,0,1,1,1,1,100,10
hom,9,1,0,27,HOM_9_27_chat.txt,3,18,1,0,1,1,1,1,100,16
hom,9,1,0,27,HOM_9_27_chat.txt,3,24,1,0,1,1,1,1,100,16
hom,9,1,0,27,HOM_9_27_chat.txt,3,4,1,0,1,1,1,1,100,27
hom,9,1,0,27,HOM_9_27_chat.txt,3,17,1,0,2,1,1,1,100,42
hom,9,1,0,27,HOM_9_27_chat.txt,3,12,2,0,2,2,2,2,100,49
hom,9,1,0,27,HOM_9_27_chat.txt,3,1,2,0,1,2,2,2,100,34
hom,9,1,0,27,HOM_9_27_chat.txt,3,7,2,0,2,2,2,2,100,30
hom,9,1,0,27,HOM_9_27_chat.txt,3,8,2,0,2,2,2,2,100,21
hom,9,1,0,27,HOM_9_27_chat.txt,3,6,2,0,2,2,2,2,100,53
hom,9,1,0,27,HOM_9_27_chat.txt,3,3,2,0,2,2,2,2,100,31
hom,9,1,0,27,HOM_9_27_chat.txt,3,9,2,0,1,2,2,2,100,49
hom,9,1,0,27,HOM_9_27_chat.txt,3,14,2,0,2,2,2,2,100,44
hom,9,1,0,27,HOM_9_27_chat.txt,3,16,2,0,2,2,2,2,100,34
hom,9,1,0,27,HOM_9_27_chat.txt,3,15,3,0,1,2,2,1,10,64
hom,9,1,0,27,HOM_9_27_chat.txt,3,26,3,0,1,2,2,1,10,63
hom,9,1,0,27,HOM_9_27_chat.txt,3,22,3,0,2,2,2,1,10,66
hom,9,1,0,27,HOM_9_27_chat.txt,3,13,3,0,2,2,2,1,10,68
hom,9,1,0,27,HOM_9_27_chat.txt,3,21,3,0,1,2,2,1,10,92
hom,9,1,0,27,HOM_9_27_chat.txt,3,11,3,0,1,2,2,1,10,68
hom,9,1,0,27,HOM_9_27_chat.txt,3,20,3,0,2,2,2,1,10,66
hom,9,1,0,27,HOM_9_27_chat.txt,3,27,3,0,1,2,2,1,10,65
hom,9,1,0,27,HOM_9_27_chat.txt,3,23,3,0,2,2,2,1,10,66
hom,9,1,0,27,HOM_9_27_chat.txt,4,25,1,0,1,2,2,2,100,82
hom,9,1,0,27,HOM_9_27_chat.txt,4,14,1,0,2,2,2,2,100,86
hom,9,1,0,27,HOM_9_27_chat.txt,4,5,1,0,1,1,2,2,100,77
hom,9,1,0,27,HOM_9_27_chat.txt,4,17,1,0,2,2,2,2,100,81
hom,9,1,0,27,HOM_9_27_chat.txt,4,13,1,0,2,1,2,2,100,70
hom,9,1,0,27,HOM_9_27_chat.txt,4,21,1,0,2,2,2,2,100,31
hom,9,1,0,27,HOM_9_27_chat.txt,4,20,1,0,2,2,2,2,100,48
hom,9,1,0,27,HOM_9_27_chat.txt,4,16,1,0,1,2,2,2,100,54
hom,9,1,0,27,HOM_9_27_chat.txt,4,4,1,0,2,2,2,2,100,83
hom,9,1,0,27,HOM_9_27_chat.txt,4,22,2,0,2,2,2,2,100,30
hom,9,1,0,27,HOM_9_27_chat.txt,4,27,2,0,2,2,2,2,100,26
hom,9,1,0,27,HOM_9_27_chat.txt,4,9,2,0,1,2,2,2,100,36
hom,9,1,0,27,HOM_9_27_chat.txt,4,10,2,0,2,2,2,2,100,31
hom,9,1,0,27,HOM_9_27_chat.txt,4,19,2,0,1,2,2,2,100,27
hom,9,1,0,27,HOM_9_27_chat.txt,4,1,2,0,2,2,2,2,100,32
hom,9,1,0,27,HOM_9_27_chat.txt,4,2,2,0,2,2,2,2,100,15
hom,9,1,0,27,HOM_9_27_chat.txt,4,7,2,0,2,2,2,2,100,31
hom,9,1,0,27,HOM_9_27_chat.txt,4,11,2,0,2,2,2,2,100,35
hom,9,1,0,27,HOM_9_27_chat.txt,4,18,3,0,1,2,2,2,100,39
hom,9,1,0,27,HOM_9_27_chat.txt,4,26,3,0,2,2,2,2,100,48
hom,9,1,0,27,HOM_9_27_chat.txt,4,6,3,0,2,2,2,2,100,35
hom,9,1,0,27,HOM_9_27_chat.txt,4,15,3,0,1,2,2,2,100,47
hom,9,1,0,27,HOM_9_27_chat.txt,4,12,3,0,2,2,2,2,100,48
hom,9,1,0,27,HOM_9_27_chat.txt,4,23,3,0,2,2,2,2,100,46
hom,9,1,0,27,HOM_9_27_chat.txt,4,24,3,0,2,1,2,2,100,17
hom,9,1,0,27,HOM_9_27_chat.txt,4,3,3,0,2,2,2,2,100,35
hom,9,1,0,27,HOM_9_27_chat.txt,4,8,3,0,1,2,2,2,100,19
hom,9,1,0,27,HOM_9_27_chat.txt,5,23,1,0,2,2,2,2,100,34
hom,9,1,0,27,HOM_9_27_chat.txt,5,21,1,0,2,2,2,2,100,24
hom,9,1,0,27,HOM_9_27_chat.txt,5,16,1,0,1,2,2,2,100,27
hom,9,1,0,27,HOM_9_27_chat.txt,5,4,1,0,2,2,2,2,100,30
hom,9,1,0,27,HOM_9_27_chat.txt,5,22,1,0,1,2,2,2,100,26
hom,9,1,0,27,HOM_9_27_chat.txt,5,10,1,0,2,2,2,2,100,27
hom,9,1,0,27,HOM_9_27_chat.txt,5,12,1,0,2,2,2,2,100,35
hom,9,1,0,27,HOM_9_27_chat.txt,5,24,1,0,2,1,2,2,100,31
hom,9,1,0,27,HOM_9_27_chat.txt,5,27,1,0,2,2,2,2,100,24
hom,9,1,0,27,HOM_9_27_chat.txt,5,15,2,0,2,2,2,2,100,36
hom,9,1,0,27,HOM_9_27_chat.txt,5,26,2,0,1,1,2,2,100,49
hom,9,1,0,27,HOM_9_27_chat.txt,5,5,2,0,2,2,2,2,100,38
hom,9,1,0,27,HOM_9_27_chat.txt,5,11,2,0,1,2,2,2,100,40
hom,9,1,0,27,HOM_9_27_chat.txt,5,7,2,0,2,2,2,2,100,35
hom,9,1,0,27,HOM_9_27_chat.txt,5,20,2,0,2,2,2,2,100,34
hom,9,1,0,27,HOM_9_27_chat.txt,5,18,2,0,2,2,2,2,100,35
hom,9,1,0,27,HOM_9_27_chat.txt,5,14,2,0,2,2,2,2,100,40
hom,9,1,0,27,HOM_9_27_chat.txt,5,13,2,0,1,2,2,2,100,34
hom,9,1,0,27,HOM_9_27_chat.txt,5,1,3,0,1,1,1,1,100,24
hom,9,1,0,27,HOM_9_27_chat.txt,5,17,3,0,2,1,1,1,100,23
hom,9,1,0,27,HOM_9_27_chat.txt,5,8,3,0,1,1,1,1,100,23
hom,9,1,0,27,HOM_9_27_chat.txt,5,3,3,0,1,1,1,1,100,26
hom,9,1,0,27,HOM_9_27_chat.txt,5,2,3,0,2,1,1,1,100,22
hom,9,1,0,27,HOM_9_27_chat.txt,5,9,3,0,2,1,1,1,100,29
hom,9,1,0,27,HOM_9_27_chat.txt,5,6,3,0,1,1,1,1,100,21
hom,9,1,0,27,HOM_9_27_chat.txt,5,19,3,0,1,1,1,1,100,32
hom,9,1,0,27,HOM_9_27_chat.txt,5,25,3,0,1,1,1,1,100,24
hom,9,1,0,27,HOM_9_27_chat.txt,6,2,1,0,2,2,2,2,100,75
hom,9,1,0,27,HOM_9_27_chat.txt,6,27,1,0,1,1,2,2,100,99
hom,9,1,0,27,HOM_9_27_chat.txt,6,14,1,0,1,1,2,2,100,79
hom,9,1,0,27,HOM_9_27_chat.txt,6,25,1,0,2,1,2,2,100,28
hom,9,1,0,27,HOM_9_27_chat.txt,6,7,1,0,2,1,2,2,100,38
hom,9,1,0,27,HOM_9_27_chat.txt,6,8,1,0,1,1,2,2,100,23
hom,9,1,0,27,HOM_9_27_chat.txt,6,6,1,0,1,1,2,2,100,32
hom,9,1,0,27,HOM_9_27_chat.txt,6,19,1,0,2,1,2,2,100,84
hom,9,1,0,27,HOM_9_27_chat.txt,6,22,1,0,1,1,2,2,100,80
hom,9,1,0,27,HOM_9_27_chat.txt,6,5,2,0,1,1,1,1,100,28
hom,9,1,0,27,HOM_9_27_chat.txt,6,9,2,0,1,1,1,1,100,28
hom,9,1,0,27,HOM_9_27_chat.txt,6,16,2,0,1,1,1,1,100,24
hom,9,1,0,27,HOM_9_27_chat.txt,6,13,2,0,2,1,1,1,100,33
hom,9,1,0,27,HOM_9_27_chat.txt,6,20,2,0,2,1,1,1,100,28
hom,9,1,0,27,HOM_9_27_chat.txt,6,17,2,0,1,1,1,1,100,20
hom,9,1,0,27,HOM_9_27_chat.txt,6,11,2,0,1,1,1,1,100,37
hom,9,1,0,27,HOM_9_27_chat.txt,6,3,2,0,2,1,1,1,100,28
hom,9,1,0,27,HOM_9_27_chat.txt,6,10,2,0,1,1,1,1,100,35
hom,9,1,0,27,HOM_9_27_chat.txt,6,18,3,0,2,1,1,1,100,27
hom,9,1,0,27,HOM_9_27_chat.txt,6,15,3,0,1,1,1,1,100,27
hom,9,1,0,27,HOM_9_27_chat.txt,6,23,3,0,1,1,1,1,100,40
hom,9,1,0,27,HOM_9_27_chat.txt,6,12,3,0,1,1,1,1,100,44
hom,9,1,0,27,HOM_9_27_chat.txt,6,26,3,0,1,1,1,1,100,27
hom,9,1,0,27,HOM_9_27_chat.txt,6,21,3,0,2,1,1,1,100,37
hom,9,1,0,27,HOM_9_27_chat.txt,6,1,3,0,1,1,1,1,100,26
hom,9,1,0,27,HOM_9_27_chat.txt,6,24,3,0,1,1,1,1,100,26
hom,9,1,0,27,HOM_9_27_chat.txt,6,4,3,0,2,1,1,1,100,27
hom,9,1,0,27,HOM_9_27_chat.txt,7,9,1,0,1,2,2,1,10,64
hom,9,1,0,27,HOM_9_27_chat.txt,7,8,1,0,2,2,2,1,10,23
hom,9,1,0,27,HOM_9_27_chat.txt,7,17,1,0,2,2,2,1,10,69
hom,9,1,0,27,HOM_9_27_chat.txt,7,14,1,0,1,2,2,1,10,79
hom,9,1,0,27,HOM_9_27_chat.txt,7,22,1,0,1,2,2,1,10,84
hom,9,1,0,27,HOM_9_27_chat.txt,7,1,1,0,1,2,2,1,10,88
hom,9,1,0,27,HOM_9_27_chat.txt,7,20,1,0,2,2,2,1,10,47
hom,9,1,0,27,HOM_9_27_chat.txt,7,7,1,0,2,2,2,1,10,64
hom,9,1,0,27,HOM_9_27_chat.txt,7,26,1,0,2,1,2,1,10,65
hom,9,1,0,27,HOM_9_27_chat.txt,7,21,2,0,2,1,1,1,100,30
hom,9,1,0,27,HOM_9_27_chat.txt,7,5,2,0,1,1,1,1,100,31
hom,9,1,0,27,HOM_9_27_chat.txt,7,11,2,0,1,1,1,1,100,34
hom,9,1,0,27,HOM_9_27_chat.txt,7,10,2,0,1,1,1,1,100,33
hom,9,1,0,27,HOM_9_27_chat.txt,7,24,2,0,1,1,1,1,100,26
hom,9,1,0,27,HOM_9_27_chat.txt,7,4,2,0,1,1,1,1,100,38
hom,9,1,0,27,HOM_9_27_chat.txt,7,6,2,0,1,1,1,1,100,44
hom,9,1,0,27,HOM_9_27_chat.txt,7,23,2,0,1,1,1,1,100,34
hom,9,1,0,27,HOM_9_27_chat.txt,7,18,2,0,2,1,1,1,100,24
hom,9,1,0,27,HOM_9_27_chat.txt,7,15,3,0,2,2,2,2,100,21
hom,9,1,0,27,HOM_9_27_chat.txt,7,19,3,0,2,2,2,2,100,24
hom,9,1,0,27,HOM_9_27_chat.txt,7,13,3,0,2,2,2,2,100,29
hom,9,1,0,27,HOM_9_27_chat.txt,7,3,3,0,2,2,2,2,100,21
hom,9,1,0,27,HOM_9_27_chat.txt,7,27,3,0,1,2,2,2,100,22
hom,9,1,0,27,HOM_9_27_chat.txt,7,25,3,0,1,2,2,2,100,20
hom,9,1,0,27,HOM_9_27_chat.txt,7,2,3,0,2,2,2,2,100,14
hom,9,1,0,27,HOM_9_27_chat.txt,7,16,3,0,2,2,2,2,100,21
hom,9,1,0,27,HOM_9_27_chat.txt,7,12,3,0,2,2,2,2,100,36
hom,9,1,0,27,HOM_9_27_chat.txt,8,7,1,0,1,1,1,1,100,19
hom,9,1,0,27,HOM_9_27_chat.txt,8,21,1,0,2,1,1,1,100,56
hom,9,1,0,27,HOM_9_27_chat.txt,8,15,1,0,1,1,1,1,100,34
hom,9,1,0,27,HOM_9_27_chat.txt,8,27,1,0,1,1,1,1,100,20
hom,9,1,0,27,HOM_9_27_chat.txt,8,26,1,0,1,1,1,1,100,24
hom,9,1,0,27,HOM_9_27_chat.txt,8,14,1,0,2,1,1,1,100,62
hom,9,1,0,27,HOM_9_27_chat.txt,8,8,1,0,1,1,1,1,100,24
hom,9,1,0,27,HOM_9_27_chat.txt,8,19,1,0,1,1,1,1,100,33
hom,9,1,0,27,HOM_9_27_chat.txt,8,5,1,0,1,1,1,1,100,45
hom,9,1,0,27,HOM_9_27_chat.txt,8,25,2,0,1,1,1,1,100,20
hom,9,1,0,27,HOM_9_27_chat.txt,8,4,2,0,1,1,1,1,100,21
hom,9,1,0,27,HOM_9_27_chat.txt,8,12,2,0,1,1,1,1,100,38
hom,9,1,0,27,HOM_9_27_chat.txt,8,3,2,0,1,1,1,1,100,22
hom,9,1,0,27,HOM_9_27_chat.txt,8,17,2,0,2,1,1,1,100,27
hom,9,1,0,27,HOM_9_27_chat.txt,8,9,2,0,1,1,1,1,100,31
hom,9,1,0,27,HOM_9_27_chat.txt,8,2,2,0,1,1,1,1,100,20
hom,9,1,0,27,HOM_9_27_chat.txt,8,24,2,0,2,1,1,1,100,21
hom,9,1,0,27,HOM_9_27_chat.txt,8,1,2,0,2,1,1,1,100,17
hom,9,1,0,27,HOM_9_27_chat.txt,8,23,3,0,1,1,1,2,10,41
hom,9,1,0,27,HOM_9_27_chat.txt,8,10,3,0,2,1,1,2,10,28
hom,9,1,0,27,HOM_9_27_chat.txt,8,6,3,0,1,1,1,2,10,25
hom,9,1,0,27,HOM_9_27_chat.txt,8,13,3,0,1,1,1,2,10,32
hom,9,1,0,27,HOM_9_27_chat.txt,8,18,3,0,1,1,1,2,10,21
hom,9,1,0,27,HOM_9_27_chat.txt,8,11,3,0,2,1,1,2,10,32
hom,9,1,0,27,HOM_9_27_chat.txt,8,16,3,0,1,1,1,2,10,24
hom,9,1,0,27,HOM_9_27_chat.txt,8,22,3,0,2,1,1,2,10,23
hom,9,1,0,27,HOM_9_27_chat.txt,8,20,3,0,1,1,1,2,10,23
hom,9,1,0,27,HOM_9_27_chat.txt,9,10,1,0,1,1,1,1,100,42
hom,9,1,0,27,HOM_9_27_chat.txt,9,12,1,0,2,1,1,1,100,68
hom,9,1,0,27,HOM_9_27_chat.txt,9,15,1,0,2,1,1,1,100,30
hom,9,1,0,27,HOM_9_27_chat.txt,9,18,1,0,1,1,1,1,100,26
hom,9,1,0,27,HOM_9_27_chat.txt,9,21,1,0,2,1,1,1,100,58
hom,9,1,0,27,HOM_9_27_chat.txt,9,1,1,0,1,1,1,1,100,25
hom,9,1,0,27,HOM_9_27_chat.txt,9,11,1,0,1,1,1,1,100,41
hom,9,1,0,27,HOM_9_27_chat.txt,9,14,1,0,1,1,1,1,100,39
hom,9,1,0,27,HOM_9_27_chat.txt,9,23,1,0,1,1,1,1,100,45
hom,9,1,0,27,HOM_9_27_chat.txt,9,7,2,0,1,1,1,2,10,52
hom,9,1,0,27,HOM_9_27_chat.txt,9,8,2,0,2,1,1,2,10,41
hom,9,1,0,27,HOM_9_27_chat.txt,9,24,2,0,1,1,1,2,10,37
hom,9,1,0,27,HOM_9_27_chat.txt,9,17,2,0,1,1,1,2,10,47
hom,9,1,0,27,HOM_9_27_chat.txt,9,3,2,0,1,1,1,2,10,48
hom,9,1,0,27,HOM_9_27_chat.txt,9,26,2,0,1,1,1,2,10,70
hom,9,1,0,27,HOM_9_27_chat.txt,9,5,2,0,2,1,1,2,10,61
hom,9,1,0,27,HOM_9_27_chat.txt,9,25,2,0,2,1,1,2,10,50
hom,9,1,0,27,HOM_9_27_chat.txt,9,4,2,0,2,1,1,2,10,60
hom,9,1,0,27,HOM_9_27_chat.txt,9,20,3,0,2,2,2,2,100,33
hom,9,1,0,27,HOM_9_27_chat.txt,9,19,3,0,2,2,2,2,100,43
hom,9,1,0,27,HOM_9_27_chat.txt,9,22,3,0,1,2,2,2,100,76
hom,9,1,0,27,HOM_9_27_chat.txt,9,16,3,0,1,2,2,2,100,24
hom,9,1,0,27,HOM_9_27_chat.txt,9,6,3,0,1,2,2,2,100,30
hom,9,1,0,27,HOM_9_27_chat.txt,9,13,3,0,2,2,2,2,100,34
hom,9,1,0,27,HOM_9_27_chat.txt,9,2,3,0,2,2,2,2,100,18
hom,9,1,0,27,HOM_9_27_chat.txt,9,9,3,0,2,2,2,2,100,77
hom,9,1,0,27,HOM_9_27_chat.txt,9,27,3,0,2,2,2,2,100,43
hom,9,1,0,27,HOM_9_27_chat.txt,10,12,1,0,1,2,2,1,10,41
hom,9,1,0,27,HOM_9_27_chat.txt,10,24,1,0,2,1,2,1,10,27
hom,9,1,0,27,HOM_9_27_chat.txt,10,7,1,0,2,2,2,1,10,23
hom,9,1,0,27,HOM_9_27_chat.txt,10,23,1,0,2,2,2,1,10,34
hom,9,1,0,27,HOM_9_27_chat.txt,10,21,1,0,1,2,2,1,10,37
hom,9,1,0,27,HOM_9_27_chat.txt,10,6,1,0,2,2,2,1,10,29
hom,9,1,0,27,HOM_9_27_chat.txt,10,17,1,0,1,2,2,1,10,60
hom,9,1,0,27,HOM_9_27_chat.txt,10,19,1,0,2,2,2,1,10,44
hom,9,1,0,27,HOM_9_27_chat.txt,10,20,1,0,2,2,2,1,10,19
hom,9,1,0,27,HOM_9_27_chat.txt,10,5,2,0,2,1,1,1,100,64
hom,9,1,0,27,HOM_9_27_chat.txt,10,27,2,0,2,1,1,1,100,46
hom,9,1,0,27,HOM_9_27_chat.txt,10,15,2,0,1,1,1,1,100,51
hom,9,1,0,27,HOM_9_27_chat.txt,10,11,2,0,1,1,1,1,100,83
hom,9,1,0,27,HOM_9_27_chat.txt,10,10,2,0,1,1,1,1,100,50
hom,9,1,0,27,HOM_9_27_chat.txt,10,26,2,0,2,1,1,1,100,55
hom,9,1,0,27,HOM_9_27_chat.txt,10,25,2,0,1,1,1,1,100,36
hom,9,1,0,27,HOM_9_27_chat.txt,10,8,2,0,2,1,1,1,100,33
hom,9,1,0,27,HOM_9_27_chat.txt,10,9,2,0,1,1,1,1,100,52
hom,9,1,0,27,HOM_9_27_chat.txt,10,18,3,0,2,2,2,2,100,20
hom,9,1,0,27,HOM_9_27_chat.txt,10,13,3,0,1,2,2,2,100,30
hom,9,1,0,27,HOM_9_27_chat.txt,10,16,3,0,2,2,2,2,100,21
hom,9,1,0,27,HOM_9_27_chat.txt,10,2,3,0,2,2,2,2,100,14
hom,9,1,0,27,HOM_9_27_chat.txt,10,14,3,0,2,2,2,2,100,26
hom,9,1,0,27,HOM_9_27_chat.txt,10,3,3,0,1,2,2,2,100,22
hom,9,1,0,27,HOM_9_27_chat.txt,10,4,3,0,2,2,2,2,100,22
hom,9,1,0,27,HOM_9_27_chat.txt,10,22,3,0,2,2,2,2,100,23
hom,9,1,0,27,HOM_9_27_chat.txt,10,1,3,0,2,2,2,2,100,18
hom,9,1,0,27,HOM_9_27_chat.txt,11,12,1,0,1,1,1,1,100,34
hom,9,1,0,27,HOM_9_27_chat.txt,11,18,1,0,2,1,1,1,100,20
hom,9,1,0,27,HOM_9_27_chat.txt,11,24,1,0,1,1,1,1,100,33
hom,9,1,0,27,HOM_9_27_chat.txt,11,17,1,0,1,1,1,1,100,33
hom,9,1,0,27,HOM_9_27_chat.txt,11,23,1,0,1,1,1,1,100,47
hom,9,1,0,27,HOM_9_27_chat.txt,11,25,1,0,2,1,1,1,100,23
hom,9,1,0,27,HOM_9_27_chat.txt,11,22,1,0,1,1,1,1,100,22
hom,9,1,0,27,HOM_9_27_chat.txt,11,4,1,0,1,1,1,1,100,31
hom,9,1,0,27,HOM_9_27_chat.txt,11,2,1,0,1,1,1,1,100,22
hom,9,1,0,27,HOM_9_27_chat.txt,11,15,2,0,1,1,1,1,100,31
hom,9,1,0,27,HOM_9_27_chat.txt,11,16,2,0,2,1,1,1,100,46
hom,9,1,0,27,HOM_9_27_chat.txt,11,11,2,0,1,1,1,1,100,33
hom,9,1,0,27,HOM_9_27_chat.txt,11,14,2,0,1,1,1,1,100,42
hom,9,1,0,27,HOM_9_27_chat.txt,11,21,2,0,2,1,1,1,100,35
hom,9,1,0,27,HOM_9_27_chat.txt,11,6,2,0,1,1,1,1,100,31
hom,9,1,0,27,HOM_9_27_chat.txt,11,26,2,0,1,1,1,1,100,32
hom,9,1,0,27,HOM_9_27_chat.txt,11,9,2,0,1,1,1,1,100,41
hom,9,1,0,27,HOM_9_27_chat.txt,11,27,2,0,2,1,1,1,100,30
hom,9,1,0,27,HOM_9_27_chat.txt,11,7,3,0,1,1,1,1,100,40
hom,9,1,0,27,HOM_9_27_chat.txt,11,3,3,0,2,1,1,1,100,47
hom,9,1,0,27,HOM_9_27_chat.txt,11,10,3,0,1,1,1,1,100,39
hom,9,1,0,27,HOM_9_27_chat.txt,11,19,3,0,1,1,1,1,100,43
hom,9,1,0,27,HOM_9_27_chat.txt,11,1,3,0,2,1,1,1,100,34
hom,9,1,0,27,HOM_9_27_chat.txt,11,8,3,0,2,1,1,1,100,30
hom,9,1,0,27,HOM_9_27_chat.txt,11,13,3,0,2,1,1,1,100,47
hom,9,1,0,27,HOM_9_27_chat.txt,11,20,3,0,1,1,1,1,100,42
hom,9,1,0,27,HOM_9_27_chat.txt,11,5,3,0,1,1,1,1,100,56
hom,9,1,0,27,HOM_9_27_chat.txt,12,18,1,0,1,2,2,2,100,31
hom,9,1,0,27,HOM_9_27_chat.txt,12,11,1,0,2,2,2,2,100,40
hom,9,1,0,27,HOM_9_27_chat.txt,12,4,1,0,2,2,2,2,100,41
hom,9,1,0,27,HOM_9_27_chat.txt,12,2,1,0,2,2,2,2,100,21
hom,9,1,0,27,HOM_9_27_chat.txt,12,6,1,0,2,2,2,2,100,47
hom,9,1,0,27,HOM_9_27_chat.txt,12,16,1,0,2,2,2,2,100,47
hom,9,1,0,27,HOM_9_27_chat.txt,12,3,1,0,1,2,2,2,100,32
hom,9,1,0,27,HOM_9_27_chat.txt,12,25,1,0,1,2,2,2,100,32
hom,9,1,0,27,HOM_9_27_chat.txt,12,13,1,0,1,1,2,2,100,40
hom,9,1,0,27,HOM_9_27_chat.txt,12,15,2,0,2,2,2,2,100,21
hom,9,1,0,27,HOM_9_27_chat.txt,12,20,2,0,2,2,2,2,100,16
hom,9,1,0,27,HOM_9_27_chat.txt,12,17,2,0,2,2,2,2,100,18
hom,9,1,0,27,HOM_9_27_chat.txt,12,10,2,0,2,2,2,2,100,28
hom,9,1,0,27,HOM_9_27_chat.txt,12,1,2,0,2,2,2,2,100,21
hom,9,1,0,27,HOM_9_27_chat.txt,12,9,2,0,2,2,2,2,100,27
hom,9,1,0,27,HOM_9_27_chat.txt,12,8,2,0,2,2,2,2,100,21
hom,9,1,0,27,HOM_9_27_chat.txt,12,19,2,0,1,2,2,2,100,17
hom,9,1,0,27,HOM_9_27_chat.txt,12,12,2,0,2,2,2,2,100,18
hom,9,1,0,27,HOM_9_27_chat.txt,12,26,3,0,1,2,2,2,100,167
hom,9,1,0,27,HOM_9_27_chat.txt,12,24,3,0,2,1,2,2,100,72
hom,9,1,0,27,HOM_9_27_chat.txt,12,23,3,0,2,2,2,2,100,95
hom,9,1,0,27,HOM_9_27_chat.txt,12,21,3,0,2,2,2,2,100,145
hom,9,1,0,27,HOM_9_27_chat.txt,12,5,3,0,1,2,2,2,100,128
hom,9,1,0,27,HOM_9_27_chat.txt,12,22,3,0,2,2,2,2,100,75
hom,9,1,0,27,HOM_9_27_chat.txt,12,27,3,0,1,2,2,2,100,84
hom,9,1,0,27,HOM_9_27_chat.txt,12,7,3,0,2,2,2,2,100,35
hom,9,1,0,27,HOM_9_27_chat.txt,12,14,3,0,2,2,2,2,100,151
hom,9,1,0,27,HOM_9_27_chat.txt,13,14,1,0,2,2,2,2,100,153
hom,9,1,0,27,HOM_9_27_chat.txt,13,20,1,0,1,2,2,2,100,49
hom,9,1,0,27,HOM_9_27_chat.txt,13,21,1,0,2,2,2,2,100,156
hom,9,1,0,27,HOM_9_27_chat.txt,13,24,1,0,2,1,2,2,100,47
hom,9,1,0,27,HOM_9_27_chat.txt,13,19,1,0,1,1,2,2,100,77
hom,9,1,0,27,HOM_9_27_chat.txt,13,1,1,0,2,1,2,2,100,49
hom,9,1,0,27,HOM_9_27_chat.txt,13,3,1,0,2,2,2,2,100,45
hom,9,1,0,27,HOM_9_27_chat.txt,13,25,1,0,1,2,2,2,100,45
hom,9,1,0,27,HOM_9_27_chat.txt,13,26,1,0,1,2,2,2,100,167
hom,9,1,0,27,HOM_9_27_chat.txt,13,2,2,0,1,1,1,1,100,17
hom,9,1,0,27,HOM_9_27_chat.txt,13,7,2,0,1,1,1,1,100,17
hom,9,1,0,27,HOM_9_27_chat.txt,13,22,2,0,1,1,1,1,100,21
hom,9,1,0,27,HOM_9_27_chat.txt,13,9,2,0,1,1,1,1,100,24
hom,9,1,0,27,HOM_9_27_chat.txt,13,16,2,0,1,1,1,1,100,19
hom,9,1,0,27,HOM_9_27_chat.txt,13,6,2,0,1,1,1,1,100,16
hom,9,1,0,27,HOM_9_27_chat.txt,13,23,2,0,2,1,1,1,100,40
hom,9,1,0,27,HOM_9_27_chat.txt,13,13,2,0,1,1,1,1,100,27
hom,9,1,0,27,HOM_9_27_chat.txt,13,15,2,0,1,1,1,1,100,16
hom,9,1,0,27,HOM_9_27_chat.txt,13,12,3,0,1,2,2,2,100,26
hom,9,1,0,27,HOM_9_27_chat.txt,13,27,3,0,1,2,2,2,100,112
hom,9,1,0,27,HOM_9_27_chat.txt,13,8,3,0,1,2,2,2,100,27
hom,9,1,0,27,HOM_9_27_chat.txt,13,17,3,0,2,2,2,2,100,70
hom,9,1,0,27,HOM_9_27_chat.txt,13,10,3,0,2,2,2,2,100,144
hom,9,1,0,27,HOM_9_27_chat.txt,13,11,3,0,1,1,2,2,100,96
hom,9,1,0,27,HOM_9_27_chat.txt,13,4,3,0,2,2,2,2,100,105
hom,9,1,0,27,HOM_9_27_chat.txt,13,5,3,0,2,2,2,2,100,112
hom,9,1,0,27,HOM_9_27_chat.txt,13,18,3,0,2,1,2,2,100,40
hom,9,1,0,27,HOM_9_27_chat.txt,14,11,1,0,1,2,2,2,100,36
hom,9,1,0,27,HOM_9_27_chat.txt,14,26,1,0,2,2,2,2,100,39
hom,9,1,0,27,HOM_9_27_chat.txt,14,12,1,0,2,2,2,2,100,23
hom,9,1,0,27,HOM_9_27_chat.txt,14,7,1,0,2,2,2,2,100,23
hom,9,1,0,27,HOM_9_27_chat.txt,14,17,1,0,2,2,2,2,100,21
hom,9,1,0,27,HOM_9_27_chat.txt,14,24,1,0,2,1,2,2,100,24
hom,9,1,0,27,HOM_9_27_chat.txt,14,16,1,0,2,2,2,2,100,46
hom,9,1,0,27,HOM_9_27_chat.txt,14,15,1,0,1,2,2,2,100,31
hom,9,1,0,27,HOM_9_27_chat.txt,14,10,1,0,2,2,2,2,100,34
hom,9,1,0,27,HOM_9_27_chat.txt,14,9,2,0,2,2,2,2,100,50
hom,9,1,0,27,HOM_9_27_chat.txt,14,23,2,0,2,2,2,2,100,43
hom,9,1,0,27,HOM_9_27_chat.txt,14,3,2,0,2,2,2,2,100,33
hom,9,1,0,27,HOM_9_27_chat.txt,14,5,2,0,2,2,2,2,100,74
hom,9,1,0,27,HOM_9_27_chat.txt,14,18,2,0,1,1,2,2,100,39
hom,9,1,0,27,HOM_9_27_chat.txt,14,4,2,0,2,2,2,2,100,40
hom,9,1,0,27,HOM_9_27_chat.txt,14,20,2,0,1,2,2,2,100,32
hom,9,1,0,27,HOM_9_27_chat.txt,14,13,2,0,1,1,2,2,100,43
hom,9,1,0,27,HOM_9_27_chat.txt,14,2,2,0,1,2,2,2,100,41
hom,9,1,0,27,HOM_9_27_chat.txt,14,25,3,0,1,1,1,1,100,24
hom,9,1,0,27,HOM_9_27_chat.txt,14,21,3,0,1,1,1,1,100,35
hom,9,1,0,27,HOM_9_27_chat.txt,14,6,3,0,1,1,1,1,100,26
hom,9,1,0,27,HOM_9_27_chat.txt,14,1,3,0,2,1,1,1,100,23
hom,9,1,0,27,HOM_9_27_chat.txt,14,14,3,0,2,1,1,1,100,30
hom,9,1,0,27,HOM_9_27_chat.txt,14,22,3,0,1,1,1,1,100,25
hom,9,1,0,27,HOM_9_27_chat.txt,14,19,3,0,1,1,1,1,100,40
hom,9,1,0,27,HOM_9_27_chat.txt,14,27,3,0,2,1,1,1,100,23
hom,9,1,0,27,HOM_9_27_chat.txt,14,8,3,0,1,1,1,1,100,20
hom,9,1,0,27,HOM_9_27_chat.txt,15,4,1,0,2,2,2,2,100,27
hom,9,1,0,27,HOM_9_27_chat.txt,15,25,1,0,2,2,2,2,100,18
hom,9,1,0,27,HOM_9_27_chat.txt,15,19,1,0,2,2,2,2,100,27
hom,9,1,0,27,HOM_9_27_chat.txt,15,17,1,0,1,2,2,2,100,16
hom,9,1,0,27,HOM_9_27_chat.txt,15,26,1,0,2,2,2,2,100,23
hom,9,1,0,27,HOM_9_27_chat.txt,15,3,1,0,2,2,2,2,100,29
hom,9,1,0,27,HOM_9_27_chat.txt,15,21,1,0,2,2,2,2,100,20
hom,9,1,0,27,HOM_9_27_chat.txt,15,10,1,0,2,2,2,2,100,26
hom,9,1,0,27,HOM_9_27_chat.txt,15,13,1,0,2,2,2,2,100,31
hom,9,1,0,27,HOM_9_27_chat.txt,15,27,2,0,1,2,2,2,100,19
hom,9,1,0,27,HOM_9_27_chat.txt,15,16,2,0,2,2,2,2,100,32
hom,9,1,0,27,HOM_9_27_chat.txt,15,6,2,0,2,2,2,2,100,17
hom,9,1,0,27,HOM_9_27_chat.txt,15,18,2,0,2,2,2,2,100,18
hom,9,1,0,27,HOM_9_27_chat.txt,15,15,2,0,2,2,2,2,100,20
hom,9,1,0,27,HOM_9_27_chat.txt,15,20,2,0,2,2,2,2,100,22
hom,9,1,0,27,HOM_9_27_chat.txt,15,1,2,0,2,2,2,2,100,19
hom,9,1,0,27,HOM_9_27_chat.txt,15,7,2,0,2,2,2,2,100,21
hom,9,1,0,27,HOM_9_27_chat.txt,15,23,2,0,2,2,2,2,100,36
hom,9,1,0,27,HOM_9_27_chat.txt,15,22,3,0,1,1,1,1,100,21
hom,9,1,0,27,HOM_9_27_chat.txt,15,2,3,0,1,1,1,1,100,15
hom,9,1,0,27,HOM_9_27_chat.txt,15,5,3,0,2,1,1,1,100,29
hom,9,1,0,27,HOM_9_27_chat.txt,15,12,3,0,1,1,1,1,100,33
hom,9,1,0,27,HOM_9_27_chat.txt,15,9,3,0,1,1,1,1,100,55
hom,9,1,0,27,HOM_9_27_chat.txt,15,24,3,0,1,1,1,1,100,20
hom,9,1,0,27,HOM_9_27_chat.txt,15,8,3,0,2,1,1,1,100,15
hom,9,1,0,27,HOM_9_27_chat.txt,15,14,3,0,1,1,1,1,100,35
hom,9,1,0,27,HOM_9_27_chat.txt,15,11,3,0,1,1,1,1,100,25
hom,9,0,0,27,HOM_9_27_nochat.txt,1,10,1,0,2,2,2,2,100,9
hom,9,0,0,27,HOM_9_27_nochat.txt,1,3,1,0,1,1,2,2,100,2
hom,9,0,0,27,HOM_9_27_nochat.txt,1,1,1,0,2,2,2,2,100,3
hom,9,0,0,27,HOM_9_27_nochat.txt,1,15,1,0,2,1,2,2,100,4
hom,9,0,0,27,HOM_9_27_nochat.txt,1,20,1,0,2,2,2,2,100,13
hom,9,0,0,27,HOM_9_27_nochat.txt,1,9,1,0,1,1,2,2,100,9
hom,9,0,0,27,HOM_9_27_nochat.txt,1,14,1,0,1,1,2,2,100,5
hom,9,0,0,27,HOM_9_27_nochat.txt,1,17,1,0,1,1,2,2,100,14
hom,9,0,0,27,HOM_9_27_nochat.txt,1,12,1,0,1,1,2,2,100,16
hom,9,0,0,27,HOM_9_27_nochat.txt,1,13,2,0,1,1,2,1,10,11
hom,9,0,0,27,HOM_9_27_nochat.txt,1,25,2,0,1,1,2,1,10,19
hom,9,0,0,27,HOM_9_27_nochat.txt,1,22,2,0,2,2,2,1,10,8
hom,9,0,0,27,HOM_9_27_nochat.txt,1,26,2,0,1,1,2,1,10,5
hom,9,0,0,27,HOM_9_27_nochat.txt,1,5,2,0,2,2,2,1,10,14
hom,9,0,0,27,HOM_9_27_nochat.txt,1,19,2,0,1,1,2,1,10,5
hom,9,0,0,27,HOM_9_27_nochat.txt,1,23,2,0,1,1,2,1,10,10
hom,9,0,0,27,HOM_9_27_nochat.txt,1,27,2,0,1,1,2,1,10,24
hom,9,0,0,27,HOM_9_27_nochat.txt,1,21,2,0,1,1,2,1,10,14
hom,9,0,0,27,HOM_9_27_nochat.txt,1,8,3,0,1,1,2,1,10,17
hom,9,0,0,27,HOM_9_27_nochat.txt,1,16,3,0,1,1,2,1,10,7
hom,9,0,0,27,HOM_9_27_nochat.txt,1,18,3,0,1,1,2,1,10,11
hom,9,0,0,27,HOM_9_27_nochat.txt,1,6,3,0,2,2,2,1,10,9
hom,9,0,0,27,HOM_9_27_nochat.txt,1,4,3,0,1,1,2,1,10,11
hom,9,0,0,27,HOM_9_27_nochat.txt,1,11,3,0,1,2,2,1,10,51
hom,9,0,0,27,HOM_9_27_nochat.txt,1,7,3,0,2,1,2,1,10,10
hom,9,0,0,27,HOM_9_27_nochat.txt,1,2,3,0,1,1,2,1,10,7
hom,9,0,0,27,HOM_9_27_nochat.txt,1,24,3,0,1,1,2,1,10,16
hom,9,0,0,27,HOM_9_27_nochat.txt,2,21,1,0,1,1,2,1,10,16
hom,9,0,0,27,HOM_9_27_nochat.txt,2,4,1,0,1,1,2,1,10,16
hom,9,0,0,27,HOM_9_27_nochat.txt,2,11,1,0,2,2,2,1,10,35
hom,9,0,0,27,HOM_9_27_nochat.txt,2,18,1,0,1,1,2,1,10,19
hom,9,0,0,27,HOM_9_27_nochat.txt,2,6,1,0,1,1,2,1,10,11
hom,9,0,0,27,HOM_9_27_nochat.txt,2,25,1,0,1,1,2,1,10,65
hom,9,0,0,27,HOM_9_27_nochat.txt,2,5,1,0,1,1,2,1,10,5
hom,9,0,0,27,HOM_9_27_nochat.txt,2,8,1,0,1,1,2,1,10,14
hom,9,0,0,27,HOM_9_27_nochat.txt,2,10,1,0,2,2,2,1,10,4
hom,9,0,0,27,HOM_9_27_nochat.txt,2,23,2,0,2,1,2,1,10,13
hom,9,0,0,27,HOM_9_27_nochat.txt,2,2,2,0,1,1,2,1,10,5
hom,9,0,0,27,HOM_9_27_nochat.txt,2,27,2,0,1,2,2,1,10,6
hom,9,0,0,27,HOM_9_27_nochat.txt,2,1,2,0,2,2,2,1,10,3
hom,9,0,0,27,HOM_9_27_nochat.txt,2,26,2,0,2,1,2,1,10,7
hom,9,0,0,27,HOM_9_27_nochat.txt,2,14,2,0,2,2,2,1,10,7
hom,9,0,0,27,HOM_9_27_nochat.txt,2,20,2,0,2,2,2,1,10,10
hom,9,0,0,27,HOM_9_27_nochat.txt,2,9,2,0,1,1,2,1,10,10
hom,9,0,0,27,HOM_9_27_nochat.txt,2,16,2,0,2,2,2,1,10,8
hom,9,0,0,27,HOM_9_27_nochat.txt,2,24,3,0,2,2,2,1,10,14
hom,9,0,0,27,HOM_9_27_nochat.txt,2,22,3,0,2,2,2,1,10,8
hom,9,0,0,27,HOM_9_27_nochat.txt,2,19,3,0,1,1,2,1,10,4
hom,9,0,0,27,HOM_9_27_nochat.txt,2,7,3,0,1,1,2,1,10,9
hom,9,0,0,27,HOM_9_27_nochat.txt,2,17,3,0,1,1,2,1,10,7
hom,9,0,0,27,HOM_9_27_nochat.txt,2,13,3,0,2,1,2,1,10,7
hom,9,0,0,27,HOM_9_27_nochat.txt,2,12,3,0,1,1,2,1,10,11
hom,9,0,0,27,HOM_9_27_nochat.txt,2,15,3,0,1,1,2,1,10,3
hom,9,0,0,27,HOM_9_27_nochat.txt,2,3,3,0,1,1,2,1,10,2
hom,9,0,0,27,HOM_9_27_nochat.txt,3,19,1,0,2,1,2,1,10,7
hom,9,0,0,27,HOM_9_27_nochat.txt,3,5,1,0,1,1,2,1,10,9
hom,9,0,0,27,HOM_9_27_nochat.txt,3,25,1,0,1,1,2,1,10,24
hom,9,0,0,27,HOM_9_27_nochat.txt,3,10,1,0,1,1,2,1,10,5
hom,9,0,0,27,HOM_9_27_nochat.txt,3,2,1,0,2,2,2,1,10,4
hom,9,0,0,27,HOM_9_27_nochat.txt,3,18,1,0,2,2,2,1,10,8
hom,9,0,0,27,HOM_9_27_nochat.txt,3,24,1,0,2,2,2,1,10,5
hom,9,0,0,27,HOM_9_27_nochat.txt,3,4,1,0,1,1,2,1,10,19
hom,9,0,0,27,HOM_9_27_nochat.txt,3,17,1,0,2,2,2,1,10,6
hom,9,0,0,27,HOM_9_27_nochat.txt,3,12,2,0,1,1,2,1,10,7
hom,9,0,0,27,HOM_9_27_nochat.txt,3,1,2,0,1,1,2,1,10,2
hom,9,0,0,27,HOM_9_27_nochat.txt,3,7,2,0,1,1,2,1,10,5
hom,9,0,0,27,HOM_9_27_nochat.txt,3,8,2,0,1,1,2,1,10,9
hom,9,0,0,27,HOM_9_27_nochat.txt,3,6,2,0,1,1,2,1,10,7
hom,9,0,0,27,HOM_9_27_nochat.txt,3,3,2,0,1,1,2,1,10,2
hom,9,0,0,27,HOM_9_27_nochat.txt,3,9,2,0,1,1,2,1,10,7
hom,9,0,0,27,HOM_9_27_nochat.txt,3,14,2,0,1,1,2,1,10,6
hom,9,0,0,27,HOM_9_27_nochat.txt,3,16,2,0,2,2,2,1,10,6
hom,9,0,0,27,HOM_9_27_nochat.txt,3,15,3,0,1,1,2,1,10,3
hom,9,0,0,27,HOM_9_27_nochat.txt,3,26,3,0,2,2,2,1,10,6
hom,9,0,0,27,HOM_9_27_nochat.txt,3,22,3,0,1,1,2,1,10,6
hom,9,0,0,27,HOM_9_27_nochat.txt,3,13,3,0,1,2,2,1,10,9
hom,9,0,0,27,HOM_9_27_nochat.txt,3,21,3,0,1,1,2,1,10,14
hom,9,0,0,27,HOM_9_27_nochat.txt,3,11,3,0,1,2,2,1,10,6
hom,9,0,0,27,HOM_9_27_nochat.txt,3,20,3,0,1,1,2,1,10,9
hom,9,0,0,27,HOM_9_27_nochat.txt,3,27,3,0,1,1,2,1,10,27
hom,9,0,0,27,HOM_9_27_nochat.txt,3,23,3,0,1,1,2,1,10,8
hom,9,0,0,27,HOM_9_27_nochat.txt,4,25,1,0,1,1,2,1,10,9
hom,9,0,0,27,HOM_9_27_nochat.txt,4,14,1,0,2,2,2,1,10,9
hom,9,0,0,27,HOM_9_27_nochat.txt,4,5,1,0,1,1,2,1,10,5
hom,9,0,0,27,HOM_9_27_nochat.txt,4,17,1,0,1,1,2,1,10,19
hom,9,0,0,27,HOM_9_27_nochat.txt,4,13,1,0,1,1,2,1,10,14
hom,9,0,0,27,HOM_9_27_nochat.txt,4,21,1,0,1,1,2,1,10,12
hom,9,0,0,27,HOM_9_27_nochat.txt,4,20,1,0,1,1,2,1,10,9
hom,9,0,0,27,HOM_9_27_nochat.txt,4,16,1,0,2,1,2,1,10,5
hom,9,0,0,27,HOM_9_27_nochat.txt,4,4,1,0,1,1,2,1,10,18
hom,9,0,0,27,HOM_9_27_nochat.txt,4,22,2,0,1,1,2,1,10,15
hom,9,0,0,27,HOM_9_27_nochat.txt,4,27,2,0,1,2,2,1,10,58
hom,9,0,0,27,HOM_9_27_nochat.txt,4,9,2,0,2,2,2,1,10,5
hom,9,0,0,27,HOM_9_27_nochat.txt,4,10,2,0,2,2,2,1,10,4
hom,9,0,0,27,HOM_9_27_nochat.txt,4,19,2,0,1,1,2,1,10,4
hom,9,0,0,27,HOM_9_27_nochat.txt,4,1,2,0,2,2,2,1,10,3
hom,9,0,0,27,HOM_9_27_nochat.txt,4,2,2,0,1,1,2,1,10,2
hom,9,0,0,27,HOM_9_27_nochat.txt,4,7,2,0,2,1,2,1,10,4
hom,9,0,0,27,HOM_9_27_nochat.txt,4,11,2,0,2,2,2,1,10,29
hom,9,0,0,27,HOM_9_27_nochat.txt,4,18,3,0,2,2,2,2,100,12
hom,9,0,0,27,HOM_9_27_nochat.txt,4,26,3,0,1,1,2,2,100,5
hom,9,0,0,27,HOM_9_27_nochat.txt,4,6,3,0,2,1,2,2,100,5
hom,9,0,0,27,HOM_9_27_nochat.txt,4,15,3,0,2,1,2,2,100,2
hom,9,0,0,27,HOM_9_27_nochat.txt,4,12,3,0,2,2,2,2,100,34
hom,9,0,0,27,HOM_9_27_nochat.txt,4,23,3,0,2,1,2,2,100,5
hom,9,0,0,27,HOM_9_27_nochat.txt,4,24,3,0,2,1,2,2,100,7
hom,9,0,0,27,HOM_9_27_nochat.txt,4,3,3,0,2,2,2,2,100,3
hom,9,0,0,27,HOM_9_27_nochat.txt,4,8,3,0,2,2,2,2,100,4
hom,9,0,0,27,HOM_9_27_nochat.txt,5,23,1,0,2,1,2,1,10,7
hom,9,0,0,27,HOM_9_27_nochat.txt,5,21,1,0,1,1,2,1,10,9
hom,9,0,0,27,HOM_9_27_nochat.txt,5,16,1,0,1,1,2,1,10,6
hom,9,0,0,27,HOM_9_27_nochat.txt,5,4,1,0,1,1,2,1,10,11
hom,9,0,0,27,HOM_9_27_nochat.txt,5,22,1,0,1,1,2,1,10,17
hom,9,0,0,27,HOM_9_27_nochat.txt,5,10,1,0,1,1,2,1,10,6
hom,9,0,0,27,HOM_9_27_nochat.txt,5,12,1,0,1,2,2,1,10,33
hom,9,0,0,27,HOM_9_27_nochat.txt,5,24,1,0,2,2,2,1,10,13
hom,9,0,0,27,HOM_9_27_nochat.txt,5,27,1,0,1,1,2,1,10,19
hom,9,0,0,27,HOM_9_27_nochat.txt,5,15,2,0,2,1,2,1,10,2
hom,9,0,0,27,HOM_9_27_nochat.txt,5,26,2,0,1,1,2,1,10,3
hom,9,0,0,27,HOM_9_27_nochat.txt,5,5,2,0,2,2,2,1,10,5
hom,9,0,0,27,HOM_9_27_nochat.txt,5,11,2,0,1,2,2,1,10,28
hom,9,0,0,27,HOM_9_27_nochat.txt,5,7,2,0,2,1,2,1,10,4
hom,9,0,0,27,HOM_9_27_nochat.txt,5,20,2,0,1,1,2,1,10,7
hom,9,0,0,27,HOM_9_27_nochat.txt,5,18,2,0,1,1,2,1,10,4
hom,9,0,0,27,HOM_9_27_nochat.txt,5,14,2,0,1,1,2,1,10,5
hom,9,0,0,27,HOM_9_27_nochat.txt,5,13,2,0,1,2,2,1,10,37
hom,9,0,0,27,HOM_9_27_nochat.txt,5,1,3,0,1,1,2,1,10,3
hom,9,0,0,27,HOM_9_27_nochat.txt,5,17,3,0,1,1,2,1,10,8
hom,9,0,0,27,HOM_9_27_nochat.txt,5,8,3,0,1,1,2,1,10,4
hom,9,0,0,27,HOM_9_27_nochat.txt,5,3,3,0,2,2,2,1,10,7
hom,9,0,0,27,HOM_9_27_nochat.txt,5,2,3,0,2,1,2,1,10,5
hom,9,0,0,27,HOM_9_27_nochat.txt,5,9,3,0,2,1,2,1,10,19
hom,9,0,0,27,HOM_9_27_nochat.txt,5,6,3,0,2,1,2,1,10,73
hom,9,0,0,27,HOM_9_27_nochat.txt,5,19,3,0,1,1,2,1,10,4
hom,9,0,0,27,HOM_9_27_nochat.txt,5,25,3,0,2,2,2,1,10,4
hom,9,0,0,27,HOM_9_27_nochat.txt,6,2,1,0,2,1,2,2,100,2
hom,9,0,0,27,HOM_9_27_nochat.txt,6,27,1,0,2,2,2,2,100,8
hom,9,0,0,27,HOM_9_27_nochat.txt,6,14,1,0,2,1,2,2,100,5
hom,9,0,0,27,HOM_9_27_nochat.txt,6,25,1,0,2,2,2,2,100,6
hom,9,0,0,27,HOM_9_27_nochat.txt,6,7,1,0,2,1,2,2,100,4
hom,9,0,0,27,HOM_9_27_nochat.txt,6,8,1,0,2,2,2,2,100,9
hom,9,0,0,27,HOM_9_27_nochat.txt,6,6,1,0,2,1,2,2,100,5
hom,9,0,0,27,HOM_9_27_nochat.txt,6,19,1,0,2,1,2,2,100,3
hom,9,0,0,27,HOM_9_27_nochat.txt,6,22,1,0,2,2,2,2,100,18
hom,9,0,0,27,HOM_9_27_nochat.txt,6,5,2,0,2,1,2,2,100,13
hom,9,0,0,27,HOM_9_27_nochat.txt,6,9,2,0,1,1,2,2,100,15
hom,9,0,0,27,HOM_9_27_nochat.txt,6,16,2,0,2,1,2,2,100,4
hom,9,0,0,27,HOM_9_27_nochat.txt,6,13,2,0,2,2,2,2,100,5
hom,9,0,0,27,HOM_9_27_nochat.txt,6,20,2,0,2,1,2,2,100,11
hom,9,0,0,27,HOM_9_27_nochat.txt,6,17,2,0,2,2,2,2,100,7
hom,9,0,0,27,HOM_9_27_nochat.txt,6,11,2,0,2,2,2,2,100,20
hom,9,0,0,27,HOM_9_27_nochat.txt,6,3,2,0,1,1,2,2,100,4
hom,9,0,0,27,HOM_9_27_nochat.txt,6,10,2,0,2,2,2,2,100,8
hom,9,0,0,27,HOM_9_27_nochat.txt,6,18,3,0,1,1,2,1,10,11
hom,9,0,0,27,HOM_9_27_nochat.txt,6,15,3,0,1,1,2,1,10,2
hom,9,0,0,27,HOM_9_27_nochat.txt,6,23,3,0,1,1,2,1,10,3
hom,9,0,0,27,HOM_9_27_nochat.txt,6,12,3,0,2,2,2,1,10,13
hom,9,0,0,27,HOM_9_27_nochat.txt,6,26,3,0,1,1,2,1,10,2
hom,9,0,0,27,HOM_9_27_nochat.txt,6,21,3,0,1,1,2,1,10,5
hom,9,0,0,27,HOM_9_27_nochat.txt,6,1,3,0,2,2,2,1,10,2
hom,9,0,0,27,HOM_9_27_nochat.txt,6,24,3,0,1,1,2,1,10,5
hom,9,0,0,27,HOM_9_27_nochat.txt,6,4,3,0,2,2,2,1,10,12
hom,9,0,0,27,HOM_9_27_nochat.txt,7,9,1,0,1,1,2,2,100,12
hom,9,0,0,27,HOM_9_27_nochat.txt,7,8,1,0,2,2,2,2,100,4
hom,9,0,0,27,HOM_9_27_nochat.txt,7,17,1,0,1,1,2,2,100,10
hom,9,0,0,27,HOM_9_27_nochat.txt,7,14,1,0,1,1,2,2,100,6
hom,9,0,0,27,HOM_9_27_nochat.txt,7,22,1,0,2,2,2,2,100,11
hom,9,0,0,27,HOM_9_27_nochat.txt,7,1,1,0,1,1,2,2,100,4
hom,9,0,0,27,HOM_9_27_nochat.txt,7,20,1,0,2,1,2,2,100,6
hom,9,0,0,27,HOM_9_27_nochat.txt,7,7,1,0,2,1,2,2,100,9
hom,9,0,0,27,HOM_9_27_nochat.txt,7,26,1,0,1,1,2,2,100,4
hom,9,0,0,27,HOM_9_27_nochat.txt,7,21,2,0,1,1,2,2,100,4
hom,9,0,0,27,HOM_9_27_nochat.txt,7,5,2,0,1,2,2,2,100,8
hom,9,0,0,27,HOM_9_27_nochat.txt,7,11,2,0,1,1,2,2,100,67
hom,9,0,0,27,HOM_9_27_nochat.txt,7,10,2,0,1,1,2,2,100,7
hom,9,0,0,27,HOM_9_27_nochat.txt,7,24,2,0,1,1,2,2,100,8
hom,9,0,0,27,HOM_9_27_nochat.txt,7,4,2,0,1,1,2,2,100,10
hom,9,0,0,27,HOM_9_27_nochat.txt,7,6,2,0,1,1,2,2,100,4
hom,9,0,0,27,HOM_9_27_nochat.txt,7,23,2,0,2,1,2,2,100,4
hom,9,0,0,27,HOM_9_27_nochat.txt,7,18,2,0,2,2,2,2,100,10
hom,9,0,0,27,HOM_9_27_nochat.txt,7,15,3,0,2,1,2,1,10,2
hom,9,0,0,27,HOM_9_27_nochat.txt,7,19,3,0,2,1,2,1,10,7
hom,9,0,0,27,HOM_9_27_nochat.txt,7,13,3,0,2,2,2,1,10,7
hom,9,0,0,27,HOM_9_27_nochat.txt,7,3,3,0,1,1,2,1,10,2
hom,9,0,0,27,HOM_9_27_nochat.txt,7,27,3,0,2,2,2,1,10,14
hom,9,0,0,27,HOM_9_27_nochat.txt,7,25,3,0,2,2,2,1,10,8
hom,9,0,0,27,HOM_9_27_nochat.txt,7,2,3,0,1,1,2,1,10,12
hom,9,0,0,27,HOM_9_27_nochat.txt,7,16,3,0,1,1,2,1,10,10
hom,9,0,0,27,HOM_9_27_nochat.txt,7,12,3,0,1,1,2,1,10,26
hom,9,0,0,27,HOM_9_27_nochat.txt,8,7,1,0,2,1,2,1,10,3
hom,9,0,0,27,HOM_9_27_nochat.txt,8,21,1,0,1,2,2,1,10,10
hom,9,0,0,27,HOM_9_27_nochat.txt,8,15,1,0,1,1,2,1,10,2
hom,9,0,0,27,HOM_9_27_nochat.txt,8,27,1,0,1,1,2,1,10,27
hom,9,0,0,27,HOM_9_27_nochat.txt,8,26,1,0,1,1,2,1,10,2
hom,9,0,0,27,HOM_9_27_nochat.txt,8,14,1,0,1,1,2,1,10,3
hom,9,0,0,27,HOM_9_27_nochat.txt,8,8,1,0,1,1,2,1,10,5
hom,9,0,0,27,HOM_9_27_nochat.txt,8,19,1,0,1,1,2,1,10,3
hom,9,0,0,27,HOM_9_27_nochat.txt,8,5,1,0,1,1,2,1,10,9
hom,9,0,0,27,HOM_9_27_nochat.txt,8,25,2,0,2,2,2,1,10,5
hom,9,0,0,27,HOM_9_27_nochat.txt,8,4,2,0,1,1,2,1,10,19
hom,9,0,0,27,HOM_9_27_nochat.txt,8,12,2,0,1,1,2,1,10,7
hom,9,0,0,27,HOM_9_27_nochat.txt,8,3,2,0,1,1,2,1,10,2
hom,9,0,0,27,HOM_9_27_nochat.txt,8,17,2,0,2,2,2,1,10,8
hom,9,0,0,27,HOM_9_27_nochat.txt,8,9,2,0,2,2,2,1,10,4
hom,9,0,0,27,HOM_9_27_nochat.txt,8,2,2,0,2,2,2,1,10,4
hom,9,0,0,27,HOM_9_27_nochat.txt,8,24,2,0,1,1,2,1,10,5
hom,9,0,0,27,HOM_9_27_nochat.txt,8,1,2,0,1,1,2,1,10,2
hom,9,0,0,27,HOM_9_27_nochat.txt,8,23,3,0,1,1,2,1,10,4
hom,9,0,0,27,HOM_9_27_nochat.txt,8,10,3,0,1,1,2,1,10,24
hom,9,0,0,27,HOM_9_27_nochat.txt,8,6,3,0,1,1,2,1,10,5
hom,9,0,0,27,HOM_9_27_nochat.txt,8,13,3,0,1,1,2,1,10,8
hom,9,0,0,27,HOM_9_27_nochat.txt,8,18,3,0,1,1,2,1,10,4
hom,9,0,0,27,HOM_9_27_nochat.txt,8,11,3,0,1,1,2,1,10,25
hom,9,0,0,27,HOM_9_27_nochat.txt,8,16,3,0,1,1,2,1,10,4
hom,9,0,0,27,HOM_9_27_nochat.txt,8,22,3,0,2,2,2,1,10,4
hom,9,0,0,27,HOM_9_27_nochat.txt,8,20,3,0,1,2,2,1,10,6
hom,9,0,0,27,HOM_9_27_nochat.txt,9,10,1,0,2,2,2,2,100,9
hom,9,0,0,27,HOM_9_27_nochat.txt,9,12,1,0,1,1,2,2,100,8
hom,9,0,0,27,HOM_9_27_nochat.txt,9,15,1,0,2,1,2,2,100,2
hom,9,0,0,27,HOM_9_27_nochat.txt,9,18,1,0,2,2,2,2,100,4
hom,9,0,0,27,HOM_9_27_nochat.txt,9,21,1,0,1,1,2,2,100,6
hom,9,0,0,27,HOM_9_27_nochat.txt,9,1,1,0,2,2,2,2,100,2
hom,9,0,0,27,HOM_9_27_nochat.txt,9,11,1,0,2,1,2,2,100,80
hom,9,0,0,27,HOM_9_27_nochat.txt,9,14,1,0,2,2,2,2,100,10
hom,9,0,0,27,HOM_9_27_nochat.txt,9,23,1,0,1,1,2,2,100,4
hom,9,0,0,27,HOM_9_27_nochat.txt,9,7,2,0,1,1,2,1,10,3
hom,9,0,0,27,HOM_9_27_nochat.txt,9,8,2,0,1,1,2,1,10,3
hom,9,0,0,27,HOM_9_27_nochat.txt,9,24,2,0,1,1,2,1,10,5
hom,9,0,0,27,HOM_9_27_nochat.txt,9,17,2,0,2,2,2,1,10,10
hom,9,0,0,27,HOM_9_27_nochat.txt,9,3,2,0,1,1,2,1,10,3
hom,9,0,0,27,HOM_9_27_nochat.txt,9,26,2,0,2,1,2,1,10,13
hom,9,0,0,27,HOM_9_27_nochat.txt,9,5,2,0,1,2,2,1,10,5
hom,9,0,0,27,HOM_9_27_nochat.txt,9,25,2,0,2,2,2,1,10,6
hom,9,0,0,27,HOM_9_27_nochat.txt,9,4,2,0,1,1,2,1,10,17
hom,9,0,0,27,HOM_9_27_nochat.txt,9,20,3,0,1,1,2,1,10,11
hom,9,0,0,27,HOM_9_27_nochat.txt,9,19,3,0,2,1,2,1,10,3
hom,9,0,0,27,HOM_9_27_nochat.txt,9,22,3,0,1,1,2,1,10,4
hom,9,0,0,27,HOM_9_27_nochat.txt,9,16,3,0,1,1,2,1,10,4
hom,9,0,0,27,HOM_9_27_nochat.txt,9,6,3,0,2,1,2,1,10,8
hom,9,0,0,27,HOM_9_27_nochat.txt,9,13,3,0,1,1,2,1,10,9
hom,9,0,0,27,HOM_9_27_nochat.txt,9,2,3,0,2,2,2,1,10,3
hom,9,0,0,27,HOM_9_27_nochat.txt,9,9,3,0,1,1,2,1,10,6
hom,9,0,0,27,HOM_9_27_nochat.txt,9,27,3,0,1,2,2,1,10,35
hom,9,0,0,27,HOM_9_27_nochat.txt,10,12,1,0,2,2,2,2,100,24
hom,9,0,0,27,HOM_9_27_nochat.txt,10,24,1,0,2,1,2,2,100,6
hom,9,0,0,27,HOM_9_27_nochat.txt,10,7,1,0,2,1,2,2,100,3
hom,9,0,0,27,HOM_9_27_nochat.txt,10,23,1,0,2,1,2,2,100,7
hom,9,0,0,27,HOM_9_27_nochat.txt,10,21,1,0,2,2,2,2,100,22
hom,9,0,0,27,HOM_9_27_nochat.txt,10,6,1,0,2,1,2,2,100,13
hom,9,0,0,27,HOM_9_27_nochat.txt,10,17,1,0,2,2,2,2,100,7
hom,9,0,0,27,HOM_9_27_nochat.txt,10,19,1,0,2,1,2,2,100,3
hom,9,0,0,27,HOM_9_27_nochat.txt,10,20,1,0,1,1,2,2,100,6
hom,9,0,0,27,HOM_9_27_nochat.txt,10,5,2,0,2,2,2,2,100,9
hom,9,0,0,27,HOM_9_27_nochat.txt,10,27,2,0,2,2,2,2,100,9
hom,9,0,0,27,HOM_9_27_nochat.txt,10,15,2,0,2,1,2,2,100,2
hom,9,0,0,27,HOM_9_27_nochat.txt,10,11,2,0,2,1,2,2,100,54
hom,9,0,0,27,HOM_9_27_nochat.txt,10,10,2,0,2,2,2,2,100,5
hom,9,0,0,27,HOM_9_27_nochat.txt,10,26,2,0,2,1,2,2,100,4
hom,9,0,0,27,HOM_9_27_nochat.txt,10,25,2,0,1,1,2,2,100,8
hom,9,0,0,27,HOM_9_27_nochat.txt,10,8,2,0,2,2,2,2,100,5
hom,9,0,0,27,HOM_9_27_nochat.txt,10,9,2,0,2,2,2,2,100,5
hom,9,0,0,27,HOM_9_27_nochat.txt,10,18,3,0,1,1,2,2,100,7
hom,9,0,0,27,HOM_9_27_nochat.txt,10,13,3,0,1,2,2,2,100,3
hom,9,0,0,27,HOM_9_27_nochat.txt,10,16,3,0,1,1,2,2,100,5
hom,9,0,0,27,HOM_9_27_nochat.txt,10,2,3,0,1,1,2,2,100,4
hom,9,0,0,27,HOM_9_27_nochat.txt,10,14,3,0,2,2,2,2,100,6
hom,9,0,0,27,HOM_9_27_nochat.txt,10,3,3,0,2,2,2,2,100,2
hom,9,0,0,27,HOM_9_27_nochat.txt,10,4,3,0,1,1,2,2,100,4
hom,9,0,0,27,HOM_9_27_nochat.txt,10,22,3,0,2,2,2,2,100,5
hom,9,0,0,27,HOM_9_27_nochat.txt,10,1,3,0,2,2,2,2,100,2
hom,9,0,0,27,HOM_9_27_nochat.txt,11,12,1,0,2,2,2,2,100,9
hom,9,0,0,27,HOM_9_27_nochat.txt,11,18,1,0,2,2,2,2,100,4
hom,9,0,0,27,HOM_9_27_nochat.txt,11,24,1,0,2,1,2,2,100,7
hom,9,0,0,27,HOM_9_27_nochat.txt,11,17,1,0,2,2,2,2,100,5
hom,9,0,0,27,HOM_9_27_nochat.txt,11,23,1,0,2,1,2,2,100,3
hom,9,0,0,27,HOM_9_27_nochat.txt,11,25,1,0,2,2,2,2,100,10
hom,9,0,0,27,HOM_9_27_nochat.txt,11,22,1,0,2,2,2,2,100,3
hom,9,0,0,27,HOM_9_27_nochat.txt,11,4,1,0,1,1,2,2,100,6
hom,9,0,0,27,HOM_9_27_nochat.txt,11,2,1,0,1,1,2,2,100,5
hom,9,0,0,27,HOM_9_27_nochat.txt,11,15,2,0,2,1,2,1,10,2
hom,9,0,0,27,HOM_9_27_nochat.txt,11,16,2,0,2,2,2,1,10,3
hom,9,0,0,27,HOM_9_27_nochat.txt,11,11,2,0,1,1,2,1,10,53
hom,9,0,0,27,HOM_9_27_nochat.txt,11,14,2,0,1,1,2,1,10,18
hom,9,0,0,27,HOM_9_27_nochat.txt,11,21,2,0,1,1,2,1,10,7
hom,9,0,0,27,HOM_9_27_nochat.txt,11,6,2,0,2,1,2,1,10,3
hom,9,0,0,27,HOM_9_27_nochat.txt,11,26,2,0,1,1,2,1,10,4
hom,9,0,0,27,HOM_9_27_nochat.txt,11,9,2,0,1,1,2,1,10,6
hom,9,0,0,27,HOM_9_27_nochat.txt,11,27,2,0,1,2,2,1,10,22
hom,9,0,0,27,HOM_9_27_nochat.txt,11,7,3,0,2,1,2,2,100,3
hom,9,0,0,27,HOM_9_27_nochat.txt,11,3,3,0,2,2,2,2,100,2
hom,9,0,0,27,HOM_9_27_nochat.txt,11,10,3,0,2,2,2,2,100,7
hom,9,0,0,27,HOM_9_27_nochat.txt,11,19,3,0,2,1,2,2,100,3
hom,9,0,0,27,HOM_9_27_nochat.txt,11,1,3,0,2,2,2,2,100,2
hom,9,0,0,27,HOM_9_27_nochat.txt,11,8,3,0,2,2,2,2,100,3
hom,9,0,0,27,HOM_9_27_nochat.txt,11,13,3,0,2,2,2,2,100,5
hom,9,0,0,27,HOM_9_27_nochat.txt,11,20,3,0,1,1,2,2,100,6
hom,9,0,0,27,HOM_9_27_nochat.txt,11,5,3,0,1,1,2,2,100,8
hom,9,0,0,27,HOM_9_27_nochat.txt,12,18,1,0,2,2,2,1,10,3
hom,9,0,0,27,HOM_9_27_nochat.txt,12,11,1,0,2,2,2,1,10,33
hom,9,0,0,27,HOM_9_27_nochat.txt,12,4,1,0,2,2,2,1,10,7
hom,9,0,0,27,HOM_9_27_nochat.txt,12,2,1,0,1,1,2,1,10,6
hom,9,0,0,27,HOM_9_27_nochat.txt,12,6,1,0,1,1,2,1,10,5
hom,9,0,0,27,HOM_9_27_nochat.txt,12,16,1,0,2,1,2,1,10,12
hom,9,0,0,27,HOM_9_27_nochat.txt,12,3,1,0,2,2,2,1,10,2
hom,9,0,0,27,HOM_9_27_nochat.txt,12,25,1,0,2,2,2,1,10,12
hom,9,0,0,27,HOM_9_27_nochat.txt,12,13,1,0,1,2,2,1,10,3
hom,9,0,0,27,HOM_9_27_nochat.txt,12,15,2,0,2,1,2,1,10,2
hom,9,0,0,27,HOM_9_27_nochat.txt,12,20,2,0,1,1,2,1,10,7
hom,9,0,0,27,HOM_9_27_nochat.txt,12,17,2,0,2,2,2,1,10,4
hom,9,0,0,27,HOM_9_27_nochat.txt,12,10,2,0,2,2,2,1,10,5
hom,9,0,0,27,HOM_9_27_nochat.txt,12,1,2,0,1,1,2,1,10,3
hom,9,0,0,27,HOM_9_27_nochat.txt,12,9,2,0,1,1,2,1,10,4
hom,9,0,0,27,HOM_9_27_nochat.txt,12,8,2,0,1,1,2,1,10,4
hom,9,0,0,27,HOM_9_27_nochat.txt,12,19,2,0,2,1,2,1,10,3
hom,9,0,0,27,HOM_9_27_nochat.txt,12,12,2,0,2,2,2,1,10,5
hom,9,0,0,27,HOM_9_27_nochat.txt,12,26,3,0,2,1,2,1,10,5
hom,9,0,0,27,HOM_9_27_nochat.txt,12,24,3,0,2,1,2,1,10,4
hom,9,0,0,27,HOM_9_27_nochat.txt,12,23,3,0,1,1,2,1,10,4
hom,9,0,0,27,HOM_9_27_nochat.txt,12,21,3,0,1,1,2,1,10,10
hom,9,0,0,27,HOM_9_27_nochat.txt,12,5,3,0,1,1,2,1,10,9
hom,9,0,0,27,HOM_9_27_nochat.txt,12,22,3,0,2,2,2,1,10,3
hom,9,0,0,27,HOM_9_27_nochat.txt,12,27,3,0,2,2,2,1,10,8
hom,9,0,0,27,HOM_9_27_nochat.txt,12,7,3,0,2,1,2,1,10,5
hom,9,0,0,27,HOM_9_27_nochat.txt,12,14,3,0,1,1,2,1,10,8
hom,9,0,0,27,HOM_9_27_nochat.txt,13,14,1,0,2,1,2,2,100,7
hom,9,0,0,27,HOM_9_27_nochat.txt,13,20,1,0,2,1,2,2,100,9
hom,9,0,0,27,HOM_9_27_nochat.txt,13,21,1,0,2,1,2,2,100,9
hom,9,0,0,27,HOM_9_27_nochat.txt,13,24,1,0,2,1,2,2,100,3
hom,9,0,0,27,HOM_9_27_nochat.txt,13,19,1,0,2,1,2,2,100,4
hom,9,0,0,27,HOM_9_27_nochat.txt,13,1,1,0,2,2,2,2,100,2
hom,9,0,0,27,HOM_9_27_nochat.txt,13,3,1,0,2,2,2,2,100,3
hom,9,0,0,27,HOM_9_27_nochat.txt,13,25,1,0,1,1,2,2,100,9
hom,9,0,0,27,HOM_9_27_nochat.txt,13,26,1,0,2,1,2,2,100,3
hom,9,0,0,27,HOM_9_27_nochat.txt,13,2,2,0,2,1,2,2,100,4
hom,9,0,0,27,HOM_9_27_nochat.txt,13,7,2,0,2,1,2,2,100,5
hom,9,0,0,27,HOM_9_27_nochat.txt,13,22,2,0,1,1,2,2,100,3
hom,9,0,0,27,HOM_9_27_nochat.txt,13,9,2,0,2,2,2,2,100,8
hom,9,0,0,27,HOM_9_27_nochat.txt,13,16,2,0,2,2,2,2,100,5
hom,9,0,0,27,HOM_9_27_nochat.txt,13,6,2,0,1,1,2,2,100,6
hom,9,0,0,27,HOM_9_27_nochat.txt,13,23,2,0,2,1,2,2,100,5
hom,9,0,0,27,HOM_9_27_nochat.txt,13,13,2,0,2,2,2,2,100,5
hom,9,0,0,27,HOM_9_27_nochat.txt,13,15,2,0,1,1,2,2,100,3
hom,9,0,0,27,HOM_9_27_nochat.txt,13,12,3,0,2,2,2,2,100,14
hom,9,0,0,27,HOM_9_27_nochat.txt,13,27,3,0,2,2,2,2,100,21
hom,9,0,0,27,HOM_9_27_nochat.txt,13,8,3,0,1,1,2,2,100,4
hom,9,0,0,27,HOM_9_27_nochat.txt,13,17,3,0,1,1,2,2,100,8
hom,9,0,0,27,HOM_9_27_nochat.txt,13,10,3,0,2,2,2,2,100,6
hom,9,0,0,27,HOM_9_27_nochat.txt,13,11,3,0,1,1,2,2,100,49
hom,9,0,0,27,HOM_9_27_nochat.txt,13,4,3,0,1,1,2,2,100,5
hom,9,0,0,27,HOM_9_27_nochat.txt,13,5,3,0,2,2,2,2,100,6
hom,9,0,0,27,HOM_9_27_nochat.txt,13,18,3,0,1,1,2,2,100,8
hom,9,0,0,27,HOM_9_27_nochat.txt,14,11,1,0,1,2,2,2,100,7
hom,9,0,0,27,HOM_9_27_nochat.txt,14,26,1,0,2,1,2,2,100,3
hom,9,0,0,27,HOM_9_27_nochat.txt,14,12,1,0,2,1,2,2,100,28
hom,9,0,0,27,HOM_9_27_nochat.txt,14,7,1,0,2,1,2,2,100,4
hom,9,0,0,27,HOM_9_27_nochat.txt,14,17,1,0,2,2,2,2,100,3
hom,9,0,0,27,HOM_9_27_nochat.txt,14,24,1,0,1,1,2,2,100,5
hom,9,0,0,27,HOM_9_27_nochat.txt,14,16,1,0,2,2,2,2,100,3
hom,9,0,0,27,HOM_9_27_nochat.txt,14,15,1,0,2,1,2,2,100,5
hom,9,0,0,27,HOM_9_27_nochat.txt,14,10,1,0,2,2,2,2,100,5
hom,9,0,0,27,HOM_9_27_nochat.txt,14,9,2,0,1,1,2,1,10,4
hom,9,0,0,27,HOM_9_27_nochat.txt,14,23,2,0,1,1,2,1,10,3
hom,9,0,0,27,HOM_9_27_nochat.txt,14,3,2,0,2,2,2,1,10,2
hom,9,0,0,27,HOM_9_27_nochat.txt,14,5,2,0,1,1,2,1,10,9
hom,9,0,0,27,HOM_9_27_nochat.txt,14,18,2,0,2,2,2,1,10,12
hom,9,0,0,27,HOM_9_27_nochat.txt,14,4,2,0,1,1,2,1,10,6
hom,9,0,0,27,HOM_9_27_nochat.txt,14,20,2,0,1,2,2,1,10,8
hom,9,0,0,27,HOM_9_27_nochat.txt,14,13,2,0,1,1,2,1,10,4
hom,9,0,0,27,HOM_9_27_nochat.txt,14,2,2,0,1,1,2,1,10,3
hom,9,0,0,27,HOM_9_27_nochat.txt,14,25,3,0,2,2,2,2,100,4
hom,9,0,0,27,HOM_9_27_nochat.txt,14,21,3,0,2,1,2,2,100,3
hom,9,0,0,27,HOM_9_27_nochat.txt,14,6,3,0,2,1,2,2,100,3
hom,9,0,0,27,HOM_9_27_nochat.txt,14,1,3,0,2,2,2,2,100,1
hom,9,0,0,27,HOM_9_27_nochat.txt,14,14,3,0,2,1,2,2,100,16
hom,9,0,0,27,HOM_9_27_nochat.txt,14,22,3,0,2,2,2,2,100,2
hom,9,0,0,27,HOM_9_27_nochat.txt,14,19,3,0,2,1,2,2,100,4
hom,9,0,0,27,HOM_9_27_nochat.txt,14,27,3,0,2,1,2,2,100,26
hom,9,0,0,27,HOM_9_27_nochat.txt,14,8,3,0,1,1,2,2,100,3
hom,9,0,0,27,HOM_9_27_nochat.txt,15,4,1,0,2,2,2,2,100,9
hom,9,0,0,27,HOM_9_27_nochat.txt,15,25,1,0,2,2,2,2,100,6
hom,9,0,0,27,HOM_9_27_nochat.txt,15,19,1,0,1,1,2,2,100,3
hom,9,0,0,27,HOM_9_27_nochat.txt,15,17,1,0,1,1,2,2,100,14
hom,9,0,0,27,HOM_9_27_nochat.txt,15,26,1,0,2,1,2,2,100,5
hom,9,0,0,27,HOM_9_27_nochat.txt,15,3,1,0,2,2,2,2,100,2
hom,9,0,0,27,HOM_9_27_nochat.txt,15,21,1,0,2,1,2,2,100,11
hom,9,0,0,27,HOM_9_27_nochat.txt,15,10,1,0,2,2,2,2,100,6
hom,9,0,0,27,HOM_9_27_nochat.txt,15,13,1,0,2,2,2,2,100,3
hom,9,0,0,27,HOM_9_27_nochat.txt,15,27,2,0,1,1,2,1,10,10
hom,9,0,0,27,HOM_9_27_nochat.txt,15,16,2,0,1,2,2,1,10,12
hom,9,0,0,27,HOM_9_27_nochat.txt,15,6,2,0,1,1,2,1,10,5
hom,9,0,0,27,HOM_9_27_nochat.txt,15,18,2,0,1,1,2,1,10,5
hom,9,0,0,27,HOM_9_27_nochat.txt,15,15,2,0,2,1,2,1,10,2
hom,9,0,0,27,HOM_9_27_nochat.txt,15,20,2,0,1,1,2,1,10,9
hom,9,0,0,27,HOM_9_27_nochat.txt,15,1,2,0,2,2,2,1,10,2
hom,9,0,0,27,HOM_9_27_nochat.txt,15,7,2,0,2,1,2,1,10,5
hom,9,0,0,27,HOM_9_27_nochat.txt,15,23,2,0,2,1,2,1,10,5
hom,9,0,0,27,HOM_9_27_nochat.txt,15,22,3,0,2,2,2,2,100,4
hom,9,0,0,27,HOM_9_27_nochat.txt,15,2,3,0,1,1,2,2,100,3
hom,9,0,0,27,HOM_9_27_nochat.txt,15,5,3,0,2,2,2,2,100,9
hom,9,0,0,27,HOM_9_27_nochat.txt,15,12,3,0,2,1,2,2,100,28
hom,9,0,0,27,HOM_9_27_nochat.txt,15,9,3,0,2,2,2,2,100,6
hom,9,0,0,27,HOM_9_27_nochat.txt,15,24,3,0,2,1,2,2,100,4
hom,9,0,0,27,HOM_9_27_nochat.txt,15,8,3,0,2,2,2,2,100,3
hom,9,0,0,27,HOM_9_27_nochat.txt,15,14,3,0,1,1,2,2,100,4
hom,9,0,0,27,HOM_9_27_nochat.txt,15,11,3,0,1,2,2,2,100,18
het,7,1,1,18,Het_7_18_chat_rev.txt,1,18,1,1,1,1,1,1,150,55
het,7,1,1,18,Het_7_18_chat_rev.txt,1,7,1,1,2,1,1,1,150,133
het,7,1,1,18,Het_7_18_chat_rev.txt,1,12,1,2,2,1,1,1,50,72
het,7,1,1,18,Het_7_18_chat_rev.txt,1,9,1,1,1,1,1,1,150,162
het,7,1,1,18,Het_7_18_chat_rev.txt,1,4,1,2,1,1,1,1,50,67
het,7,1,1,18,Het_7_18_chat_rev.txt,1,11,1,2,2,1,1,1,50,154
het,7,1,1,18,Het_7_18_chat_rev.txt,1,14,1,2,1,2,1,1,50,14
het,7,1,1,18,Het_7_18_chat_rev.txt,1,2,1,2,1,1,1,1,50,67
het,7,1,1,18,Het_7_18_chat_rev.txt,1,13,1,1,2,1,1,1,150,20
het,7,1,1,18,Het_7_18_chat_rev.txt,1,6,2,2,1,2,2,1,10,46
het,7,1,1,18,Het_7_18_chat_rev.txt,1,17,2,1,1,2,2,1,10,236
het,7,1,1,18,Het_7_18_chat_rev.txt,1,5,2,1,2,2,2,1,10,249
het,7,1,1,18,Het_7_18_chat_rev.txt,1,15,2,2,2,2,2,1,10,94
het,7,1,1,18,Het_7_18_chat_rev.txt,1,16,2,1,2,2,2,1,10,261
het,7,1,1,18,Het_7_18_chat_rev.txt,1,8,2,1,1,2,2,1,10,255
het,7,1,1,18,Het_7_18_chat_rev.txt,1,10,2,2,2,2,2,1,10,89
het,7,1,1,18,Het_7_18_chat_rev.txt,1,3,2,2,1,2,2,1,10,85
het,7,1,1,18,Het_7_18_chat_rev.txt,1,1,2,2,1,1,2,1,10,235
het,7,1,1,18,Het_7_18_chat_rev.txt,2,4,1,2,1,1,1,1,50,276
het,7,1,1,18,Het_7_18_chat_rev.txt,2,14,1,1,1,1,1,1,150,247
het,7,1,1,18,Het_7_18_chat_rev.txt,2,13,1,2,1,1,1,1,50,82
het,7,1,1,18,Het_7_18_chat_rev.txt,2,16,1,2,2,2,1,1,50,311
het,7,1,1,18,Het_7_18_chat_rev.txt,2,12,1,1,1,1,1,1,150,39
het,7,1,1,18,Het_7_18_chat_rev.txt,2,18,1,1,1,1,1,1,150,248
het,7,1,1,18,Het_7_18_chat_rev.txt,2,5,1,2,1,1,1,1,50,316
het,7,1,1,18,Het_7_18_chat_rev.txt,2,15,1,2,1,1,1,1,50,273
het,7,1,1,18,Het_7_18_chat_rev.txt,2,11,1,2,2,2,1,1,50,329
het,7,1,1,18,Het_7_18_chat_rev.txt,2,1,2,2,1,1,1,1,50,66
het,7,1,1,18,Het_7_18_chat_rev.txt,2,6,2,1,2,1,1,1,150,133
het,7,1,1,18,Het_7_18_chat_rev.txt,2,7,2,2,1,1,1,1,50,115
het,7,1,1,18,Het_7_18_chat_rev.txt,2,8,2,2,1,1,1,1,50,112
het,7,1,1,18,Het_7_18_chat_rev.txt,2,3,2,1,1,1,1,1,150,71
het,7,1,1,18,Het_7_18_chat_rev.txt,2,9,2,1,1,1,1,1,150,131
het,7,1,1,18,Het_7_18_chat_rev.txt,2,10,2,2,2,2,1,1,50,68
het,7,1,1,18,Het_7_18_chat_rev.txt,2,17,2,1,1,1,1,1,150,108
het,7,1,1,18,Het_7_18_chat_rev.txt,2,2,2,1,1,1,1,1,150,125
het,7,1,1,18,Het_7_18_chat_rev.txt,3,4,1,2,2,2,2,1,10,207
het,7,1,1,18,Het_7_18_chat_rev.txt,3,9,1,1,2,2,2,1,10,209
het,7,1,1,18,Het_7_18_chat_rev.txt,3,5,1,2,1,2,2,1,10,203
het,7,1,1,18,Het_7_18_chat_rev.txt,3,7,1,2,2,2,2,1,10,203
het,7,1,1,18,Het_7_18_chat_rev.txt,3,15,1,1,1,2,2,1,10,256
het,7,1,1,18,Het_7_18_chat_rev.txt,3,2,1,2,1,2,2,1,10,239
het,7,1,1,18,Het_7_18_chat_rev.txt,3,13,1,1,2,2,2,1,10,199
het,7,1,1,18,Het_7_18_chat_rev.txt,3,14,1,2,1,2,2,1,10,181
het,7,1,1,18,Het_7_18_chat_rev.txt,3,18,1,2,2,2,2,1,10,207
het,7,1,1,18,Het_7_18_chat_rev.txt,3,10,2,1,1,2,1,1,150,70
het,7,1,1,18,Het_7_18_chat_rev.txt,3,11,2,1,2,1,1,1,150,98
het,7,1,1,18,Het_7_18_chat_rev.txt,3,8,2,1,1,1,1,1,150,68
het,7,1,1,18,Het_7_18_chat_rev.txt,3,3,2,1,1,1,1,1,150,80
het,7,1,1,18,Het_7_18_chat_rev.txt,3,6,2,1,1,1,1,1,150,81
het,7,1,1,18,Het_7_18_chat_rev.txt,3,17,2,2,1,1,1,1,50,62
het,7,1,1,18,Het_7_18_chat_rev.txt,3,12,2,1,2,1,1,1,150,82
het,7,1,1,18,Het_7_18_chat_rev.txt,3,16,2,2,2,1,1,1,50,83
het,7,1,1,18,Het_7_18_chat_rev.txt,3,1,2,2,1,1,1,1,50,85
het,7,1,1,18,Het_7_18_chat_rev.txt,4,3,1,1,1,1,1,1,150,82
het,7,1,1,18,Het_7_18_chat_rev.txt,4,6,1,2,1,1,1,1,50,94
het,7,1,1,18,Het_7_18_chat_rev.txt,4,11,1,1,1,1,1,1,150,76
het,7,1,1,18,Het_7_18_chat_rev.txt,4,5,1,2,1,1,1,1,50,50
het,7,1,1,18,Het_7_18_chat_rev.txt,4,15,1,2,2,1,1,1,50,144
het,7,1,1,18,Het_7_18_chat_rev.txt,4,7,1,2,1,1,1,1,50,31
het,7,1,1,18,Het_7_18_chat_rev.txt,4,16,1,2,1,1,1,1,50,38
het,7,1,1,18,Het_7_18_chat_rev.txt,4,14,1,1,1,1,1,1,150,43
het,7,1,1,18,Het_7_18_chat_rev.txt,4,17,1,1,1,1,1,1,150,25
het,7,1,1,18,Het_7_18_chat_rev.txt,4,10,2,1,2,2,2,2,50,80
het,7,1,1,18,Het_7_18_chat_rev.txt,4,8,2,1,2,2,2,2,50,105
het,7,1,1,18,Het_7_18_chat_rev.txt,4,13,2,2,2,2,2,2,150,105
het,7,1,1,18,Het_7_18_chat_rev.txt,4,12,2,1,1,2,2,2,50,49
het,7,1,1,18,Het_7_18_chat_rev.txt,4,4,2,1,2,2,2,2,50,72
het,7,1,1,18,Het_7_18_chat_rev.txt,4,18,2,2,1,1,2,2,150,114
het,7,1,1,18,Het_7_18_chat_rev.txt,4,2,2,2,2,2,2,2,150,79
het,7,1,1,18,Het_7_18_chat_rev.txt,4,1,2,2,1,2,2,2,150,95
het,7,1,1,18,Het_7_18_chat_rev.txt,4,9,2,1,2,2,2,2,50,107
het,7,1,1,18,Het_7_18_chat_rev.txt,5,10,1,2,1,2,1,1,50,77
het,7,1,1,18,Het_7_18_chat_rev.txt,5,12,1,2,2,1,1,1,50,41
het,7,1,1,18,Het_7_18_chat_rev.txt,5,11,1,2,2,2,1,1,50,127
het,7,1,1,18,Het_7_18_chat_rev.txt,5,3,1,2,1,1,1,1,50,62
het,7,1,1,18,Het_7_18_chat_rev.txt,5,13,1,1,1,1,1,1,150,98
het,7,1,1,18,Het_7_18_chat_rev.txt,5,8,1,2,1,1,1,1,50,113
het,7,1,1,18,Het_7_18_chat_rev.txt,5,6,1,1,1,1,1,1,150,112
het,7,1,1,18,Het_7_18_chat_rev.txt,5,2,1,2,1,1,1,1,50,87
het,7,1,1,18,Het_7_18_chat_rev.txt,5,4,1,1,2,1,1,1,150,101
het,7,1,1,18,Het_7_18_chat_rev.txt,5,14,2,2,2,2,2,2,150,141
het,7,1,1,18,Het_7_18_chat_rev.txt,5,18,2,1,1,1,2,2,50,182
het,7,1,1,18,Het_7_18_chat_rev.txt,5,17,2,1,2,2,2,2,50,254
het,7,1,1,18,Het_7_18_chat_rev.txt,5,1,2,2,2,2,2,2,150,241
het,7,1,1,18,Het_7_18_chat_rev.txt,5,7,2,1,2,2,2,2,50,252
het,7,1,1,18,Het_7_18_chat_rev.txt,5,5,2,2,1,2,2,2,150,255
het,7,1,1,18,Het_7_18_chat_rev.txt,5,9,2,2,1,2,2,2,150,258
het,7,1,1,18,Het_7_18_chat_rev.txt,5,15,2,1,1,2,2,2,50,280
het,7,1,1,18,Het_7_18_chat_rev.txt,5,16,2,1,1,2,2,2,50,255
het,7,1,1,18,Het_7_18_chat_rev.txt,6,18,1,2,1,1,2,2,150,175
het,7,1,1,18,Het_7_18_chat_rev.txt,6,14,1,2,2,2,2,2,150,47
het,7,1,1,18,Het_7_18_chat_rev.txt,6,15,1,1,1,2,2,2,50,115
het,7,1,1,18,Het_7_18_chat_rev.txt,6,17,1,2,2,2,2,2,150,40
het,7,1,1,18,Het_7_18_chat_rev.txt,6,13,1,1,2,2,2,2,50,78
het,7,1,1,18,Het_7_18_chat_rev.txt,6,7,1,2,2,2,2,2,150,77
het,7,1,1,18,Het_7_18_chat_rev.txt,6,3,1,1,2,2,2,2,50,46
het,7,1,1,18,Het_7_18_chat_rev.txt,6,10,1,2,2,2,2,2,150,82
het,7,1,1,18,Het_7_18_chat_rev.txt,6,1,1,1,2,2,2,2,50,64
het,7,1,1,18,Het_7_18_chat_rev.txt,6,6,2,1,2,2,2,2,50,46
het,7,1,1,18,Het_7_18_chat_rev.txt,6,2,2,1,2,2,2,2,50,64
het,7,1,1,18,Het_7_18_chat_rev.txt,6,4,2,2,1,2,2,2,150,42
het,7,1,1,18,Het_7_18_chat_rev.txt,6,12,2,1,2,2,2,2,50,35
het,7,1,1,18,Het_7_18_chat_rev.txt,6,11,2,1,2,1,2,2,50,87
het,7,1,1,18,Het_7_18_chat_rev.txt,6,9,2,1,2,2,2,2,50,50
het,7,1,1,18,Het_7_18_chat_rev.txt,6,16,2,1,2,2,2,2,50,52
het,7,1,1,18,Het_7_18_chat_rev.txt,6,5,2,2,2,2,2,2,150,48
het,7,1,1,18,Het_7_18_chat_rev.txt,6,8,2,1,2,2,2,2,50,45
het,7,1,1,18,Het_7_18_chat_rev.txt,7,3,1,2,1,1,1,1,50,45
het,7,1,1,18,Het_7_18_chat_rev.txt,7,12,1,2,1,1,1,1,50,29
het,7,1,1,18,Het_7_18_chat_rev.txt,7,2,1,1,1,1,1,1,150,52
het,7,1,1,18,Het_7_18_chat_rev.txt,7,11,1,1,2,1,1,1,150,56
het,7,1,1,18,Het_7_18_chat_rev.txt,7,6,1,2,1,1,1,1,50,39
het,7,1,1,18,Het_7_18_chat_rev.txt,7,16,1,2,1,1,1,1,50,43
het,7,1,1,18,Het_7_18_chat_rev.txt,7,17,1,1,1,1,1,1,150,21
het,7,1,1,18,Het_7_18_chat_rev.txt,7,9,1,1,1,1,1,1,150,86
het,7,1,1,18,Het_7_18_chat_rev.txt,7,14,1,2,2,1,1,1,50,43
het,7,1,1,18,Het_7_18_chat_rev.txt,7,10,2,2,2,1,1,1,50,138
het,7,1,1,18,Het_7_18_chat_rev.txt,7,5,2,2,1,1,1,1,50,168
het,7,1,1,18,Het_7_18_chat_rev.txt,7,8,2,1,2,1,1,1,150,136
het,7,1,1,18,Het_7_18_chat_rev.txt,7,4,2,1,2,1,1,1,150,132
het,7,1,1,18,Het_7_18_chat_rev.txt,7,7,2,1,1,1,1,1,150,117
het,7,1,1,18,Het_7_18_chat_rev.txt,7,1,2,2,1,1,1,1,50,125
het,7,1,1,18,Het_7_18_chat_rev.txt,7,13,2,2,2,1,1,1,50,128
het,7,1,1,18,Het_7_18_chat_rev.txt,7,15,2,1,1,1,1,1,150,186
het,7,1,1,18,Het_7_18_chat_rev.txt,7,18,2,1,1,1,1,1,150,130
het,7,1,1,18,Het_7_18_chat_rev.txt,8,11,1,2,1,2,1,1,50,169
het,7,1,1,18,Het_7_18_chat_rev.txt,8,18,1,1,1,1,1,1,150,152
het,7,1,1,18,Het_7_18_chat_rev.txt,8,5,1,1,1,1,1,1,150,145
het,7,1,1,18,Het_7_18_chat_rev.txt,8,16,1,1,1,1,1,1,150,133
het,7,1,1,18,Het_7_18_chat_rev.txt,8,6,1,2,2,1,1,1,50,146
het,7,1,1,18,Het_7_18_chat_rev.txt,8,1,1,1,2,1,1,1,150,146
het,7,1,1,18,Het_7_18_chat_rev.txt,8,3,1,2,1,1,1,1,50,148
het,7,1,1,18,Het_7_18_chat_rev.txt,8,12,1,1,1,1,1,1,150,156
het,7,1,1,18,Het_7_18_chat_rev.txt,8,17,1,1,1,1,1,1,150,135
het,7,1,1,18,Het_7_18_chat_rev.txt,8,10,2,1,2,2,2,2,50,69
het,7,1,1,18,Het_7_18_chat_rev.txt,8,13,2,2,2,2,2,2,150,66
het,7,1,1,18,Het_7_18_chat_rev.txt,8,14,2,2,2,2,2,2,150,52
het,7,1,1,18,Het_7_18_chat_rev.txt,8,2,2,1,2,2,2,2,50,71
het,7,1,1,18,Het_7_18_chat_rev.txt,8,15,2,1,2,2,2,2,50,81
het,7,1,1,18,Het_7_18_chat_rev.txt,8,7,2,2,1,2,2,2,150,59
het,7,1,1,18,Het_7_18_chat_rev.txt,8,4,2,2,2,2,2,2,150,68
het,7,1,1,18,Het_7_18_chat_rev.txt,8,9,2,2,1,2,2,2,150,65
het,7,1,1,18,Het_7_18_chat_rev.txt,8,8,2,2,1,2,2,2,150,71
het,7,1,1,18,Het_7_18_chat_rev.txt,9,5,1,1,2,1,1,1,150,105
het,7,1,1,18,Het_7_18_chat_rev.txt,9,7,1,1,1,1,1,1,150,88
het,7,1,1,18,Het_7_18_chat_rev.txt,9,8,1,1,1,1,1,1,150,103
het,7,1,1,18,Het_7_18_chat_rev.txt,9,18,1,1,2,1,1,1,150,107
het,7,1,1,18,Het_7_18_chat_rev.txt,9,13,1,1,2,1,1,1,150,103
het,7,1,1,18,Het_7_18_chat_rev.txt,9,17,1,1,2,1,1,1,150,85
het,7,1,1,18,Het_7_18_chat_rev.txt,9,6,1,2,1,1,1,1,50,100
het,7,1,1,18,Het_7_18_chat_rev.txt,9,1,1,2,1,2,1,1,50,110
het,7,1,1,18,Het_7_18_chat_rev.txt,9,10,1,2,1,1,1,1,50,96
het,7,1,1,18,Het_7_18_chat_rev.txt,9,11,2,1,2,2,2,2,50,186
het,7,1,1,18,Het_7_18_chat_rev.txt,9,15,2,1,2,2,2,2,50,222
het,7,1,1,18,Het_7_18_chat_rev.txt,9,4,2,2,1,2,2,2,150,183
het,7,1,1,18,Het_7_18_chat_rev.txt,9,3,2,1,2,2,2,2,50,126
het,7,1,1,18,Het_7_18_chat_rev.txt,9,9,2,2,2,2,2,2,150,192
het,7,1,1,18,Het_7_18_chat_rev.txt,9,12,2,2,2,2,2,2,150,89
het,7,1,1,18,Het_7_18_chat_rev.txt,9,16,2,1,2,2,2,2,50,95
het,7,1,1,18,Het_7_18_chat_rev.txt,9,14,2,2,2,2,2,2,150,87
het,7,1,1,18,Het_7_18_chat_rev.txt,9,2,2,1,2,2,2,2,50,188
het,7,1,1,18,Het_7_18_chat_rev.txt,10,5,1,2,2,2,2,2,150,183
het,7,1,1,18,Het_7_18_chat_rev.txt,10,16,1,1,2,2,2,2,50,175
het,7,1,1,18,Het_7_18_chat_rev.txt,10,18,1,1,1,2,2,2,50,184
het,7,1,1,18,Het_7_18_chat_rev.txt,10,12,1,2,1,2,2,2,150,197
het,7,1,1,18,Het_7_18_chat_rev.txt,10,9,1,2,2,2,2,2,150,176
het,7,1,1,18,Het_7_18_chat_rev.txt,10,4,1,1,1,2,2,2,50,188
het,7,1,1,18,Het_7_18_chat_rev.txt,10,6,1,2,1,2,2,2,150,163
het,7,1,1,18,Het_7_18_chat_rev.txt,10,14,1,1,2,1,2,2,50,126
het,7,1,1,18,Het_7_18_chat_rev.txt,10,17,1,1,2,2,2,2,50,151
het,7,1,1,18,Het_7_18_chat_rev.txt,10,7,2,1,1,2,2,2,50,131
het,7,1,1,18,Het_7_18_chat_rev.txt,10,2,2,2,2,2,2,2,150,138
het,7,1,1,18,Het_7_18_chat_rev.txt,10,11,2,2,2,2,2,2,150,186
het,7,1,1,18,Het_7_18_chat_rev.txt,10,1,2,1,1,1,2,2,50,114
het,7,1,1,18,Het_7_18_chat_rev.txt,10,15,2,1,1,1,2,2,50,235
het,7,1,1,18,Het_7_18_chat_rev.txt,10,10,2,2,2,2,2,2,150,119
het,7,1,1,18,Het_7_18_chat_rev.txt,10,13,2,2,2,2,2,2,150,147
het,7,1,1,18,Het_7_18_chat_rev.txt,10,8,2,2,1,2,2,2,150,129
het,7,1,1,18,Het_7_18_chat_rev.txt,10,3,2,2,2,2,2,2,150,150
het,7,1,1,18,Het_7_18_chat_rev.txt,11,12,1,2,2,2,2,2,150,121
het,7,1,1,18,Het_7_18_chat_rev.txt,11,2,1,2,1,2,2,2,150,147
het,7,1,1,18,Het_7_18_chat_rev.txt,11,17,1,2,2,2,2,2,150,112
het,7,1,1,18,Het_7_18_chat_rev.txt,11,18,1,2,1,2,2,2,150,197
het,7,1,1,18,Het_7_18_chat_rev.txt,11,4,1,1,2,2,2,2,50,120
het,7,1,1,18,Het_7_18_chat_rev.txt,11,7,1,2,2,2,2,2,150,114
het,7,1,1,18,Het_7_18_chat_rev.txt,11,16,1,1,1,2,2,2,50,137
het,7,1,1,18,Het_7_18_chat_rev.txt,11,8,1,1,2,2,2,2,50,128
het,7,1,1,18,Het_7_18_chat_rev.txt,11,9,1,2,2,2,2,2,150,125
het,7,1,1,18,Het_7_18_chat_rev.txt,11,3,2,1,2,2,2,1,10,78
het,7,1,1,18,Het_7_18_chat_rev.txt,11,15,2,1,2,2,2,1,10,85
het,7,1,1,18,Het_7_18_chat_rev.txt,11,13,2,2,1,2,2,1,10,88
het,7,1,1,18,Het_7_18_chat_rev.txt,11,11,2,2,2,2,2,1,10,101
het,7,1,1,18,Het_7_18_chat_rev.txt,11,10,2,1,2,2,2,1,10,79
het,7,1,1,18,Het_7_18_chat_rev.txt,11,6,2,1,2,2,2,1,10,74
het,7,1,1,18,Het_7_18_chat_rev.txt,11,14,2,2,1,2,2,1,10,71
het,7,1,1,18,Het_7_18_chat_rev.txt,11,5,2,2,1,2,2,1,10,86
het,7,1,1,18,Het_7_18_chat_rev.txt,11,1,2,2,2,2,2,1,10,79
het,7,1,1,18,Het_7_18_chat_rev.txt,12,17,1,2,2,1,1,1,50,56
het,7,1,1,18,Het_7_18_chat_rev.txt,12,3,1,2,1,1,1,1,50,61
het,7,1,1,18,Het_7_18_chat_rev.txt,12,14,1,2,1,1,1,1,50,74
het,7,1,1,18,Het_7_18_chat_rev.txt,12,16,1,2,1,1,1,1,50,58
het,7,1,1,18,Het_7_18_chat_rev.txt,12,1,1,1,1,1,1,1,150,59
het,7,1,1,18,Het_7_18_chat_rev.txt,12,12,1,2,1,1,1,1,50,49
het,7,1,1,18,Het_7_18_chat_rev.txt,12,2,1,1,1,1,1,1,150,63
het,7,1,1,18,Het_7_18_chat_rev.txt,12,13,1,2,1,1,1,1,50,70
het,7,1,1,18,Het_7_18_chat_rev.txt,12,6,1,2,1,1,1,1,50,85
het,7,1,1,18,Het_7_18_chat_rev.txt,12,9,2,2,1,2,2,2,150,177
het,7,1,1,18,Het_7_18_chat_rev.txt,12,8,2,2,2,2,2,2,150,157
het,7,1,1,18,Het_7_18_chat_rev.txt,12,11,2,1,2,2,2,2,50,191
het,7,1,1,18,Het_7_18_chat_rev.txt,12,15,2,1,2,2,2,2,50,206
het,7,1,1,18,Het_7_18_chat_rev.txt,12,18,2,1,2,2,2,2,50,170
het,7,1,1,18,Het_7_18_chat_rev.txt,12,10,2,2,2,2,2,2,150,157
het,7,1,1,18,Het_7_18_chat_rev.txt,12,4,2,1,1,2,2,2,50,154
het,7,1,1,18,Het_7_18_chat_rev.txt,12,7,2,1,2,2,2,2,50,155
het,7,1,1,18,Het_7_18_chat_rev.txt,12,5,2,1,2,2,2,2,50,169
het,7,1,1,18,Het_7_18_chat_rev.txt,13,4,1,2,1,2,2,2,150,63
het,7,1,1,18,Het_7_18_chat_rev.txt,13,7,1,1,2,2,2,2,50,69
het,7,1,1,18,Het_7_18_chat_rev.txt,13,11,1,1,1,2,2,2,50,99
het,7,1,1,18,Het_7_18_chat_rev.txt,13,15,1,1,2,2,2,2,50,103
het,7,1,1,18,Het_7_18_chat_rev.txt,13,5,1,2,1,2,2,2,150,73
het,7,1,1,18,Het_7_18_chat_rev.txt,13,13,1,2,2,2,2,2,150,71
het,7,1,1,18,Het_7_18_chat_rev.txt,13,14,1,1,2,1,2,2,50,55
het,7,1,1,18,Het_7_18_chat_rev.txt,13,18,1,1,1,2,2,2,50,122
het,7,1,1,18,Het_7_18_chat_rev.txt,13,1,1,2,2,2,2,2,150,66
het,7,1,1,18,Het_7_18_chat_rev.txt,13,16,2,1,2,2,2,2,50,39
het,7,1,1,18,Het_7_18_chat_rev.txt,13,3,2,1,2,2,2,2,50,51
het,7,1,1,18,Het_7_18_chat_rev.txt,13,17,2,2,2,2,2,2,150,35
het,7,1,1,18,Het_7_18_chat_rev.txt,13,8,2,1,2,2,2,2,50,61
het,7,1,1,18,Het_7_18_chat_rev.txt,13,12,2,2,2,2,2,2,150,33
het,7,1,1,18,Het_7_18_chat_rev.txt,13,10,2,2,1,2,2,2,150,42
het,7,1,1,18,Het_7_18_chat_rev.txt,13,6,2,2,2,2,2,2,150,45
het,7,1,1,18,Het_7_18_chat_rev.txt,13,2,2,2,1,2,2,2,150,51
het,7,1,1,18,Het_7_18_chat_rev.txt,13,9,2,1,2,2,2,2,50,39
het,7,1,1,18,Het_7_18_chat_rev.txt,14,5,1,1,2,2,2,2,50,68
het,7,1,1,18,Het_7_18_chat_rev.txt,14,8,1,2,2,2,2,2,150,47
het,7,1,1,18,Het_7_18_chat_rev.txt,14,18,1,1,2,2,2,2,50,92
het,7,1,1,18,Het_7_18_chat_rev.txt,14,4,1,2,2,2,2,2,150,63
het,7,1,1,18,Het_7_18_chat_rev.txt,14,10,1,2,2,2,2,2,150,60
het,7,1,1,18,Het_7_18_chat_rev.txt,14,3,1,1,2,2,2,2,50,64
het,7,1,1,18,Het_7_18_chat_rev.txt,14,15,1,2,1,2,2,2,150,106
het,7,1,1,18,Het_7_18_chat_rev.txt,14,1,1,1,2,2,2,2,50,55
het,7,1,1,18,Het_7_18_chat_rev.txt,14,6,1,1,2,2,2,2,50,49
het,7,1,1,18,Het_7_18_chat_rev.txt,14,9,2,2,1,2,2,1,10,114
het,7,1,1,18,Het_7_18_chat_rev.txt,14,14,2,2,1,2,2,1,10,90
het,7,1,1,18,Het_7_18_chat_rev.txt,14,12,2,1,1,1,2,1,10,49
het,7,1,1,18,Het_7_18_chat_rev.txt,14,2,2,2,1,1,2,1,10,131
het,7,1,1,18,Het_7_18_chat_rev.txt,14,7,2,1,1,1,2,1,10,78
het,7,1,1,18,Het_7_18_chat_rev.txt,14,17,2,2,1,1,2,1,10,51
het,7,1,1,18,Het_7_18_chat_rev.txt,14,16,2,2,1,1,2,1,10,147
het,7,1,1,18,Het_7_18_chat_rev.txt,14,13,2,1,1,1,2,1,10,118
het,7,1,1,18,Het_7_18_chat_rev.txt,14,11,2,2,1,2,2,1,10,147
het,7,1,1,18,Het_7_18_chat_rev.txt,15,14,1,1,1,2,1,1,150,101
het,7,1,1,18,Het_7_18_chat_rev.txt,15,4,1,2,1,1,1,1,50,130
het,7,1,1,18,Het_7_18_chat_rev.txt,15,7,1,1,2,1,1,1,150,129
het,7,1,1,18,Het_7_18_chat_rev.txt,15,11,1,1,1,1,1,1,150,134
het,7,1,1,18,Het_7_18_chat_rev.txt,15,2,1,2,2,1,1,1,50,140
het,7,1,1,18,Het_7_18_chat_rev.txt,15,15,1,1,1,1,1,1,150,190
het,7,1,1,18,Het_7_18_chat_rev.txt,15,10,1,1,1,1,1,1,150,116
het,7,1,1,18,Het_7_18_chat_rev.txt,15,8,1,2,1,1,1,1,50,150
het,7,1,1,18,Het_7_18_chat_rev.txt,15,17,1,2,1,1,1,1,50,101
het,7,1,1,18,Het_7_18_chat_rev.txt,15,3,2,2,2,2,2,2,150,77
het,7,1,1,18,Het_7_18_chat_rev.txt,15,13,2,2,1,2,2,2,150,72
het,7,1,1,18,Het_7_18_chat_rev.txt,15,18,2,2,2,2,2,2,150,76
het,7,1,1,18,Het_7_18_chat_rev.txt,15,5,2,1,2,2,2,2,50,82
het,7,1,1,18,Het_7_18_chat_rev.txt,15,6,2,1,2,2,2,2,50,65
het,7,1,1,18,Het_7_18_chat_rev.txt,15,1,2,2,2,2,2,2,150,50
het,7,1,1,18,Het_7_18_chat_rev.txt,15,9,2,1,1,2,2,2,50,55
het,7,1,1,18,Het_7_18_chat_rev.txt,15,16,2,1,1,2,2,2,50,73
het,7,1,1,18,Het_7_18_chat_rev.txt,15,12,2,2,2,2,2,2,150,87
het,7,0,1,18,Het_7_18_nochat_rev.txt,1,18,1,2,2,2,2,1,10,11
het,7,0,1,18,Het_7_18_nochat_rev.txt,1,7,1,1,1,1,2,1,10,6
het,7,0,1,18,Het_7_18_nochat_rev.txt,1,12,1,1,1,1,2,1,10,27
het,7,0,1,18,Het_7_18_nochat_rev.txt,1,9,1,2,2,2,2,1,10,4
het,7,0,1,18,Het_7_18_nochat_rev.txt,1,4,1,2,1,1,2,1,10,3
het,7,0,1,18,Het_7_18_nochat_rev.txt,1,11,1,2,2,2,2,1,10,5
het,7,0,1,18,Het_7_18_nochat_rev.txt,1,14,1,2,1,2,2,1,10,15
het,7,0,1,18,Het_7_18_nochat_rev.txt,1,2,1,1,2,1,2,1,10,21
het,7,0,1,18,Het_7_18_nochat_rev.txt,1,13,1,2,1,1,2,1,10,3
het,7,0,1,18,Het_7_18_nochat_rev.txt,1,6,2,2,2,2,2,2,150,5
het,7,0,1,18,Het_7_18_nochat_rev.txt,1,17,2,1,1,1,2,2,50,46
het,7,0,1,18,Het_7_18_nochat_rev.txt,1,5,2,1,2,1,2,2,50,4
het,7,0,1,18,Het_7_18_nochat_rev.txt,1,15,2,1,2,2,2,2,50,10
het,7,0,1,18,Het_7_18_nochat_rev.txt,1,16,2,1,1,1,2,2,50,13
het,7,0,1,18,Het_7_18_nochat_rev.txt,1,8,2,2,2,2,2,2,150,8
het,7,0,1,18,Het_7_18_nochat_rev.txt,1,10,2,2,2,2,2,2,150,9
het,7,0,1,18,Het_7_18_nochat_rev.txt,1,3,2,2,2,2,2,2,150,4
het,7,0,1,18,Het_7_18_nochat_rev.txt,1,1,2,2,1,2,2,2,150,11
het,7,0,1,18,Het_7_18_nochat_rev.txt,2,4,1,1,1,1,2,2,50,3
het,7,0,1,18,Het_7_18_nochat_rev.txt,2,14,1,1,1,1,2,2,50,12
het,7,0,1,18,Het_7_18_nochat_rev.txt,2,13,1,1,1,1,2,2,50,2
het,7,0,1,18,Het_7_18_nochat_rev.txt,2,16,1,1,2,2,2,2,50,13
het,7,0,1,18,Het_7_18_nochat_rev.txt,2,12,1,2,2,2,2,2,150,26
het,7,0,1,18,Het_7_18_nochat_rev.txt,2,18,1,1,2,2,2,2,50,12
het,7,0,1,18,Het_7_18_nochat_rev.txt,2,5,1,2,2,2,2,2,150,8
het,7,0,1,18,Het_7_18_nochat_rev.txt,2,15,1,1,1,1,2,2,50,8
het,7,0,1,18,Het_7_18_nochat_rev.txt,2,11,1,2,2,1,2,2,150,25
het,7,0,1,18,Het_7_18_nochat_rev.txt,2,1,2,2,1,1,2,1,10,25
het,7,0,1,18,Het_7_18_nochat_rev.txt,2,6,2,1,2,1,2,1,10,17
het,7,0,1,18,Het_7_18_nochat_rev.txt,2,7,2,1,1,1,2,1,10,5
het,7,0,1,18,Het_7_18_nochat_rev.txt,2,8,2,1,1,1,2,1,10,10
het,7,0,1,18,Het_7_18_nochat_rev.txt,2,3,2,2,2,2,2,1,10,9
het,7,0,1,18,Het_7_18_nochat_rev.txt,2,9,2,1,1,1,2,1,10,4
het,7,0,1,18,Het_7_18_nochat_rev.txt,2,10,2,2,1,2,2,1,10,11
het,7,0,1,18,Het_7_18_nochat_rev.txt,2,17,2,1,2,1,2,1,10,56
het,7,0,1,18,Het_7_18_nochat_rev.txt,2,2,2,2,1,2,2,1,10,35
het,7,0,1,18,Het_7_18_nochat_rev.txt,3,4,1,2,2,2,2,2,150,4
het,7,0,1,18,Het_7_18_nochat_rev.txt,3,9,1,2,2,2,2,2,150,12
het,7,0,1,18,Het_7_18_nochat_rev.txt,3,5,1,1,2,1,2,2,50,6
het,7,0,1,18,Het_7_18_nochat_rev.txt,3,7,1,1,2,1,2,2,50,18
het,7,0,1,18,Het_7_18_nochat_rev.txt,3,15,1,1,2,1,2,2,50,15
het,7,0,1,18,Het_7_18_nochat_rev.txt,3,2,1,1,2,1,2,2,50,43
het,7,0,1,18,Het_7_18_nochat_rev.txt,3,13,1,2,1,1,2,2,150,4
het,7,0,1,18,Het_7_18_nochat_rev.txt,3,14,1,2,2,2,2,2,150,11
het,7,0,1,18,Het_7_18_nochat_rev.txt,3,18,1,1,2,2,2,2,50,11
het,7,0,1,18,Het_7_18_nochat_rev.txt,3,10,2,2,2,2,2,1,10,8
het,7,0,1,18,Het_7_18_nochat_rev.txt,3,11,2,1,1,1,2,1,10,7
het,7,0,1,18,Het_7_18_nochat_rev.txt,3,8,2,1,1,2,2,1,10,8
het,7,0,1,18,Het_7_18_nochat_rev.txt,3,3,2,1,1,2,2,1,10,14
het,7,0,1,18,Het_7_18_nochat_rev.txt,3,6,2,1,1,1,2,1,10,22
het,7,0,1,18,Het_7_18_nochat_rev.txt,3,17,2,2,2,2,2,1,10,39
het,7,0,1,18,Het_7_18_nochat_rev.txt,3,12,2,2,1,1,2,1,10,15
het,7,0,1,18,Het_7_18_nochat_rev.txt,3,16,2,1,1,1,2,1,10,4
het,7,0,1,18,Het_7_18_nochat_rev.txt,3,1,2,1,1,1,2,1,10,11
het,7,0,1,18,Het_7_18_nochat_rev.txt,4,3,1,1,1,1,2,2,50,7
het,7,0,1,18,Het_7_18_nochat_rev.txt,4,6,1,2,2,2,2,2,150,10
het,7,0,1,18,Het_7_18_nochat_rev.txt,4,11,1,2,1,1,2,2,150,14
het,7,0,1,18,Het_7_18_nochat_rev.txt,4,5,1,2,1,2,2,2,150,6
het,7,0,1,18,Het_7_18_nochat_rev.txt,4,15,1,2,1,2,2,2,150,18
het,7,0,1,18,Het_7_18_nochat_rev.txt,4,7,1,1,2,1,2,2,50,11
het,7,0,1,18,Het_7_18_nochat_rev.txt,4,16,1,2,2,2,2,2,150,8
het,7,0,1,18,Het_7_18_nochat_rev.txt,4,14,1,2,2,2,2,2,150,25
het,7,0,1,18,Het_7_18_nochat_rev.txt,4,17,1,2,2,2,2,2,150,37
het,7,0,1,18,Het_7_18_nochat_rev.txt,4,10,2,1,1,1,2,1,10,4
het,7,0,1,18,Het_7_18_nochat_rev.txt,4,8,2,1,1,1,2,1,10,10
het,7,0,1,18,Het_7_18_nochat_rev.txt,4,13,2,1,1,1,2,1,10,10
het,7,0,1,18,Het_7_18_nochat_rev.txt,4,12,2,2,2,2,2,1,10,17
het,7,0,1,18,Het_7_18_nochat_rev.txt,4,4,2,1,2,2,2,1,10,9
het,7,0,1,18,Het_7_18_nochat_rev.txt,4,18,2,1,1,1,2,1,10,10
het,7,0,1,18,Het_7_18_nochat_rev.txt,4,2,2,1,1,1,2,1,10,28
het,7,0,1,18,Het_7_18_nochat_rev.txt,4,1,2,2,2,2,2,1,10,7
het,7,0,1,18,Het_7_18_nochat_rev.txt,4,9,2,1,2,1,2,1,10,13
het,7,0,1,18,Het_7_18_nochat_rev.txt,5,10,1,1,1,1,1,1,150,9
het,7,0,1,18,Het_7_18_nochat_rev.txt,5,12,1,1,1,1,1,1,150,56
het,7,0,1,18,Het_7_18_nochat_rev.txt,5,11,1,1,1,1,1,1,150,15
het,7,0,1,18,Het_7_18_nochat_rev.txt,5,3,1,2,1,1,1,1,50,11
het,7,0,1,18,Het_7_18_nochat_rev.txt,5,13,1,2,1,1,1,1,50,10
het,7,0,1,18,Het_7_18_nochat_rev.txt,5,8,1,1,1,2,1,1,150,6
het,7,0,1,18,Het_7_18_nochat_rev.txt,5,6,1,2,1,1,1,1,50,17
het,7,0,1,18,Het_7_18_nochat_rev.txt,5,2,1,2,1,2,1,1,50,16
het,7,0,1,18,Het_7_18_nochat_rev.txt,5,4,1,2,1,1,1,1,50,5
het,7,0,1,18,Het_7_18_nochat_rev.txt,5,14,2,2,2,2,2,1,10,11
het,7,0,1,18,Het_7_18_nochat_rev.txt,5,18,2,2,2,2,2,1,10,9
het,7,0,1,18,Het_7_18_nochat_rev.txt,5,17,2,1,1,1,2,1,10,47
het,7,0,1,18,Het_7_18_nochat_rev.txt,5,1,2,1,1,1,2,1,10,4
het,7,0,1,18,Het_7_18_nochat_rev.txt,5,7,2,1,1,1,2,1,10,6
het,7,0,1,18,Het_7_18_nochat_rev.txt,5,5,2,2,1,2,2,1,10,4
het,7,0,1,18,Het_7_18_nochat_rev.txt,5,9,2,1,1,1,2,1,10,6
het,7,0,1,18,Het_7_18_nochat_rev.txt,5,15,2,2,1,2,2,1,10,14
het,7,0,1,18,Het_7_18_nochat_rev.txt,5,16,2,2,1,1,2,1,10,12
het,7,0,1,18,Het_7_18_nochat_rev.txt,6,18,1,2,1,1,2,1,10,9
het,7,0,1,18,Het_7_18_nochat_rev.txt,6,14,1,2,2,2,2,1,10,13
het,7,0,1,18,Het_7_18_nochat_rev.txt,6,15,1,1,1,1,2,1,10,5
het,7,0,1,18,Het_7_18_nochat_rev.txt,6,17,1,1,1,1,2,1,10,30
het,7,0,1,18,Het_7_18_nochat_rev.txt,6,13,1,2,1,1,2,1,10,9
het,7,0,1,18,Het_7_18_nochat_rev.txt,6,7,1,1,2,1,2,1,10,4
het,7,0,1,18,Het_7_18_nochat_rev.txt,6,3,1,2,1,2,2,1,10,14
het,7,0,1,18,Het_7_18_nochat_rev.txt,6,10,1,1,1,1,2,1,10,9
het,7,0,1,18,Het_7_18_nochat_rev.txt,6,1,1,2,2,2,2,1,10,5
het,7,0,1,18,Het_7_18_nochat_rev.txt,6,6,2,2,1,2,1,2,10,16
het,7,0,1,18,Het_7_18_nochat_rev.txt,6,2,2,2,2,1,1,2,10,41
het,7,0,1,18,Het_7_18_nochat_rev.txt,6,4,2,1,2,2,1,2,10,7
het,7,0,1,18,Het_7_18_nochat_rev.txt,6,12,2,2,2,1,1,2,10,60
het,7,0,1,18,Het_7_18_nochat_rev.txt,6,11,2,1,2,1,1,2,10,20
het,7,0,1,18,Het_7_18_nochat_rev.txt,6,9,2,1,2,1,1,2,10,4
het,7,0,1,18,Het_7_18_nochat_rev.txt,6,16,2,1,1,1,1,2,10,4
het,7,0,1,18,Het_7_18_nochat_rev.txt,6,5,2,1,1,1,1,2,10,4
het,7,0,1,18,Het_7_18_nochat_rev.txt,6,8,2,1,2,1,1,2,10,20
het,7,0,1,18,Het_7_18_nochat_rev.txt,7,3,1,2,2,1,1,1,50,4
het,7,0,1,18,Het_7_18_nochat_rev.txt,7,12,1,1,1,1,1,1,150,24
het,7,0,1,18,Het_7_18_nochat_rev.txt,7,2,1,1,2,1,1,1,150,48
het,7,0,1,18,Het_7_18_nochat_rev.txt,7,11,1,2,2,1,1,1,50,16
het,7,0,1,18,Het_7_18_nochat_rev.txt,7,6,1,1,1,1,1,1,150,16
het,7,0,1,18,Het_7_18_nochat_rev.txt,7,16,1,1,1,1,1,1,150,10
het,7,0,1,18,Het_7_18_nochat_rev.txt,7,17,1,1,2,2,1,1,150,20
het,7,0,1,18,Het_7_18_nochat_rev.txt,7,9,1,1,1,1,1,1,150,16
het,7,0,1,18,Het_7_18_nochat_rev.txt,7,14,1,2,2,2,1,1,50,21
het,7,0,1,18,Het_7_18_nochat_rev.txt,7,10,2,1,2,2,2,2,50,10
het,7,0,1,18,Het_7_18_nochat_rev.txt,7,5,2,1,2,1,2,2,50,4
het,7,0,1,18,Het_7_18_nochat_rev.txt,7,8,2,1,2,1,2,2,50,9
het,7,0,1,18,Het_7_18_nochat_rev.txt,7,4,2,1,2,2,2,2,50,10
het,7,0,1,18,Het_7_18_nochat_rev.txt,7,7,2,2,1,1,2,2,150,25
het,7,0,1,18,Het_7_18_nochat_rev.txt,7,1,2,1,2,2,2,2,50,11
het,7,0,1,18,Het_7_18_nochat_rev.txt,7,13,2,1,2,2,2,2,50,5
het,7,0,1,18,Het_7_18_nochat_rev.txt,7,15,2,1,2,2,2,2,50,11
het,7,0,1,18,Het_7_18_nochat_rev.txt,7,18,2,1,2,2,2,2,50,10
het,7,0,1,18,Het_7_18_nochat_rev.txt,8,11,1,1,2,2,2,2,50,10
het,7,0,1,18,Het_7_18_nochat_rev.txt,8,18,1,1,2,2,2,2,50,7
het,7,0,1,18,Het_7_18_nochat_rev.txt,8,5,1,1,2,1,2,2,50,4
het,7,0,1,18,Het_7_18_nochat_rev.txt,8,16,1,1,1,1,2,2,50,8
het,7,0,1,18,Het_7_18_nochat_rev.txt,8,6,1,2,1,2,2,2,150,15
het,7,0,1,18,Het_7_18_nochat_rev.txt,8,1,1,1,1,1,2,2,50,3
het,7,0,1,18,Het_7_18_nochat_rev.txt,8,3,1,2,2,2,2,2,150,16
het,7,0,1,18,Het_7_18_nochat_rev.txt,8,12,1,1,1,2,2,2,50,37
het,7,0,1,18,Het_7_18_nochat_rev.txt,8,17,1,2,2,2,2,2,150,40
het,7,0,1,18,Het_7_18_nochat_rev.txt,8,10,2,2,1,2,2,2,150,6
het,7,0,1,18,Het_7_18_nochat_rev.txt,8,13,2,1,2,2,2,2,50,2
het,7,0,1,18,Het_7_18_nochat_rev.txt,8,14,2,2,2,2,2,2,150,23
het,7,0,1,18,Het_7_18_nochat_rev.txt,8,2,2,1,2,1,2,2,50,43
het,7,0,1,18,Het_7_18_nochat_rev.txt,8,15,2,1,2,2,2,2,50,14
het,7,0,1,18,Het_7_18_nochat_rev.txt,8,7,2,2,2,2,2,2,150,7
het,7,0,1,18,Het_7_18_nochat_rev.txt,8,4,2,2,1,1,2,2,150,4
het,7,0,1,18,Het_7_18_nochat_rev.txt,8,9,2,1,2,1,2,2,50,14
het,7,0,1,18,Het_7_18_nochat_rev.txt,8,8,2,1,2,1,2,2,50,7
het,7,0,1,18,Het_7_18_nochat_rev.txt,9,5,1,2,2,2,2,2,150,5
het,7,0,1,18,Het_7_18_nochat_rev.txt,9,7,1,2,1,1,2,2,150,30
het,7,0,1,18,Het_7_18_nochat_rev.txt,9,8,1,1,2,1,2,2,50,12
het,7,0,1,18,Het_7_18_nochat_rev.txt,9,18,1,1,2,2,2,2,50,3
het,7,0,1,18,Het_7_18_nochat_rev.txt,9,13,1,2,2,2,2,2,150,4
het,7,0,1,18,Het_7_18_nochat_rev.txt,9,17,1,2,2,2,2,2,150,26
het,7,0,1,18,Het_7_18_nochat_rev.txt,9,6,1,1,2,1,2,2,50,19
het,7,0,1,18,Het_7_18_nochat_rev.txt,9,1,1,2,2,2,2,2,150,6
het,7,0,1,18,Het_7_18_nochat_rev.txt,9,10,1,2,1,1,2,2,150,6
het,7,0,1,18,Het_7_18_nochat_rev.txt,9,11,2,1,1,1,2,2,50,12
het,7,0,1,18,Het_7_18_nochat_rev.txt,9,15,2,2,2,2,2,2,150,4
het,7,0,1,18,Het_7_18_nochat_rev.txt,9,4,2,2,1,1,2,2,150,3
het,7,0,1,18,Het_7_18_nochat_rev.txt,9,3,2,2,2,2,2,2,150,5
het,7,0,1,18,Het_7_18_nochat_rev.txt,9,9,2,2,1,2,2,2,150,5
het,7,0,1,18,Het_7_18_nochat_rev.txt,9,12,2,2,2,1,2,2,150,51
het,7,0,1,18,Het_7_18_nochat_rev.txt,9,16,2,2,2,2,2,2,150,4
het,7,0,1,18,Het_7_18_nochat_rev.txt,9,14,2,2,2,2,2,2,150,8
het,7,0,1,18,Het_7_18_nochat_rev.txt,9,2,2,2,1,2,2,2,150,37
het,7,0,1,18,Het_7_18_nochat_rev.txt,10,5,1,2,1,1,2,1,10,5
het,7,0,1,18,Het_7_18_nochat_rev.txt,10,16,1,1,1,1,2,1,10,8
het,7,0,1,18,Het_7_18_nochat_rev.txt,10,18,1,1,1,1,2,1,10,4
het,7,0,1,18,Het_7_18_nochat_rev.txt,10,12,1,2,1,2,2,1,10,27
het,7,0,1,18,Het_7_18_nochat_rev.txt,10,9,1,1,1,1,2,1,10,14
het,7,0,1,18,Het_7_18_nochat_rev.txt,10,4,1,1,1,1,2,1,10,7
het,7,0,1,18,Het_7_18_nochat_rev.txt,10,6,1,2,1,1,2,1,10,15
het,7,0,1,18,Het_7_18_nochat_rev.txt,10,14,1,2,2,2,2,1,10,14
het,7,0,1,18,Het_7_18_nochat_rev.txt,10,17,1,2,1,2,2,1,10,62
het,7,0,1,18,Het_7_18_nochat_rev.txt,10,7,2,1,1,1,2,1,10,8
het,7,0,1,18,Het_7_18_nochat_rev.txt,10,2,2,1,2,1,2,1,10,32
het,7,0,1,18,Het_7_18_nochat_rev.txt,10,11,2,2,1,1,2,1,10,18
het,7,0,1,18,Het_7_18_nochat_rev.txt,10,1,2,2,1,1,2,1,10,4
het,7,0,1,18,Het_7_18_nochat_rev.txt,10,15,2,2,1,2,2,1,10,12
het,7,0,1,18,Het_7_18_nochat_rev.txt,10,10,2,2,1,2,2,1,10,8
het,7,0,1,18,Het_7_18_nochat_rev.txt,10,13,2,2,2,2,2,1,10,9
het,7,0,1,18,Het_7_18_nochat_rev.txt,10,8,2,1,1,2,2,1,10,9
het,7,0,1,18,Het_7_18_nochat_rev.txt,10,3,2,2,1,1,2,1,10,6
het,7,0,1,18,Het_7_18_nochat_rev.txt,11,12,1,1,2,2,2,2,50,34
het,7,0,1,18,Het_7_18_nochat_rev.txt,11,2,1,1,2,1,2,2,50,35
het,7,0,1,18,Het_7_18_nochat_rev.txt,11,17,1,1,1,1,2,2,50,18
het,7,0,1,18,Het_7_18_nochat_rev.txt,11,18,1,2,2,2,2,2,150,3
het,7,0,1,18,Het_7_18_nochat_rev.txt,11,4,1,2,2,2,2,2,150,8
het,7,0,1,18,Het_7_18_nochat_rev.txt,11,7,1,2,2,2,2,2,150,18
het,7,0,1,18,Het_7_18_nochat_rev.txt,11,16,1,2,2,2,2,2,150,9
het,7,0,1,18,Het_7_18_nochat_rev.txt,11,8,1,1,2,1,2,2,50,5
het,7,0,1,18,Het_7_18_nochat_rev.txt,11,9,1,1,2,1,2,2,50,8
het,7,0,1,18,Het_7_18_nochat_rev.txt,11,3,2,2,1,1,1,1,50,10
het,7,0,1,18,Het_7_18_nochat_rev.txt,11,15,2,1,1,1,1,1,150,5
het,7,0,1,18,Het_7_18_nochat_rev.txt,11,13,2,1,1,1,1,1,150,5
het,7,0,1,18,Het_7_18_nochat_rev.txt,11,11,2,1,1,1,1,1,150,14
het,7,0,1,18,Het_7_18_nochat_rev.txt,11,10,2,2,1,1,1,1,50,9
het,7,0,1,18,Het_7_18_nochat_rev.txt,11,6,2,1,2,1,1,1,150,15
het,7,0,1,18,Het_7_18_nochat_rev.txt,11,14,2,2,1,2,1,1,50,23
het,7,0,1,18,Het_7_18_nochat_rev.txt,11,5,2,1,1,1,1,1,150,12
het,7,0,1,18,Het_7_18_nochat_rev.txt,11,1,2,2,2,2,1,1,50,4
het,7,0,1,18,Het_7_18_nochat_rev.txt,12,17,1,1,2,2,2,2,50,29
het,7,0,1,18,Het_7_18_nochat_rev.txt,12,3,1,2,2,2,2,2,150,2
het,7,0,1,18,Het_7_18_nochat_rev.txt,12,14,1,1,2,1,2,2,50,13
het,7,0,1,18,Het_7_18_nochat_rev.txt,12,16,1,2,1,1,2,2,150,7
het,7,0,1,18,Het_7_18_nochat_rev.txt,12,1,1,2,2,2,2,2,150,3
het,7,0,1,18,Het_7_18_nochat_rev.txt,12,12,1,2,2,2,2,2,150,51
het,7,0,1,18,Het_7_18_nochat_rev.txt,12,2,1,1,2,1,2,2,50,38
het,7,0,1,18,Het_7_18_nochat_rev.txt,12,13,1,1,2,2,2,2,50,12
het,7,0,1,18,Het_7_18_nochat_rev.txt,12,6,1,1,2,1,2,2,50,8
het,7,0,1,18,Het_7_18_nochat_rev.txt,12,9,2,1,2,1,2,2,50,10
het,7,0,1,18,Het_7_18_nochat_rev.txt,12,8,2,2,2,2,2,2,150,9
het,7,0,1,18,Het_7_18_nochat_rev.txt,12,11,2,2,2,2,2,2,150,9
het,7,0,1,18,Het_7_18_nochat_rev.txt,12,15,2,2,1,1,2,2,150,10
het,7,0,1,18,Het_7_18_nochat_rev.txt,12,18,2,1,2,2,2,2,50,9
het,7,0,1,18,Het_7_18_nochat_rev.txt,12,10,2,1,2,1,2,2,50,8
het,7,0,1,18,Het_7_18_nochat_rev.txt,12,4,2,1,2,2,2,2,50,11
het,7,0,1,18,Het_7_18_nochat_rev.txt,12,7,2,2,1,1,2,2,150,21
het,7,0,1,18,Het_7_18_nochat_rev.txt,12,5,2,1,2,1,2,2,50,4
het,7,0,1,18,Het_7_18_nochat_rev.txt,13,4,1,1,2,2,2,2,50,3
het,7,0,1,18,Het_7_18_nochat_rev.txt,13,7,1,1,1,1,2,2,50,5
het,7,0,1,18,Het_7_18_nochat_rev.txt,13,11,1,1,1,1,2,2,50,15
het,7,0,1,18,Het_7_18_nochat_rev.txt,13,15,1,1,2,2,2,2,50,6
het,7,0,1,18,Het_7_18_nochat_rev.txt,13,5,1,2,1,1,2,2,150,10
het,7,0,1,18,Het_7_18_nochat_rev.txt,13,13,1,1,2,2,2,2,50,9
het,7,0,1,18,Het_7_18_nochat_rev.txt,13,14,1,2,2,2,2,2,150,25
het,7,0,1,18,Het_7_18_nochat_rev.txt,13,18,1,2,2,2,2,2,150,3
het,7,0,1,18,Het_7_18_nochat_rev.txt,13,1,1,2,2,2,2,2,150,3
het,7,0,1,18,Het_7_18_nochat_rev.txt,13,16,2,2,2,2,2,2,150,7
het,7,0,1,18,Het_7_18_nochat_rev.txt,13,3,2,1,2,1,2,2,50,10
het,7,0,1,18,Het_7_18_nochat_rev.txt,13,17,2,1,2,2,2,2,50,55
het,7,0,1,18,Het_7_18_nochat_rev.txt,13,8,2,2,2,2,2,2,150,11
het,7,0,1,18,Het_7_18_nochat_rev.txt,13,12,2,2,2,1,2,2,150,10
het,7,0,1,18,Het_7_18_nochat_rev.txt,13,10,2,1,2,2,2,2,50,9
het,7,0,1,18,Het_7_18_nochat_rev.txt,13,6,2,1,1,1,2,2,50,15
het,7,0,1,18,Het_7_18_nochat_rev.txt,13,2,2,2,1,2,2,2,150,34
het,7,0,1,18,Het_7_18_nochat_rev.txt,13,9,2,2,1,2,2,2,150,9
het,7,0,1,18,Het_7_18_nochat_rev.txt,14,5,1,2,2,2,2,2,150,3
het,7,0,1,18,Het_7_18_nochat_rev.txt,14,8,1,2,2,2,2,2,150,8
het,7,0,1,18,Het_7_18_nochat_rev.txt,14,18,1,2,1,2,2,2,150,7
het,7,0,1,18,Het_7_18_nochat_rev.txt,14,4,1,2,2,2,2,2,150,4
het,7,0,1,18,Het_7_18_nochat_rev.txt,14,10,1,2,2,2,2,2,150,7
het,7,0,1,18,Het_7_18_nochat_rev.txt,14,3,1,1,2,2,2,2,50,10
het,7,0,1,18,Het_7_18_nochat_rev.txt,14,15,1,1,2,2,2,2,50,4
het,7,0,1,18,Het_7_18_nochat_rev.txt,14,1,1,1,2,1,2,2,50,18
het,7,0,1,18,Het_7_18_nochat_rev.txt,14,6,1,2,2,2,2,2,150,13
het,7,0,1,18,Het_7_18_nochat_rev.txt,14,9,2,2,1,2,2,1,10,13
het,7,0,1,18,Het_7_18_nochat_rev.txt,14,14,2,1,1,1,2,1,10,6
het,7,0,1,18,Het_7_18_nochat_rev.txt,14,12,2,1,2,2,2,1,10,14
het,7,0,1,18,Het_7_18_nochat_rev.txt,14,2,2,2,1,2,2,1,10,32
het,7,0,1,18,Het_7_18_nochat_rev.txt,14,7,2,1,2,1,2,1,10,9
het,7,0,1,18,Het_7_18_nochat_rev.txt,14,17,2,1,2,1,2,1,10,40
het,7,0,1,18,Het_7_18_nochat_rev.txt,14,16,2,1,1,1,2,1,10,19
het,7,0,1,18,Het_7_18_nochat_rev.txt,14,13,2,1,1,1,2,1,10,2
het,7,0,1,18,Het_7_18_nochat_rev.txt,14,11,2,2,1,1,2,1,10,6
het,7,0,1,18,Het_7_18_nochat_rev.txt,15,14,1,1,2,2,2,2,50,19
het,7,0,1,18,Het_7_18_nochat_rev.txt,15,4,1,1,2,2,2,2,50,6
het,7,0,1,18,Het_7_18_nochat_rev.txt,15,7,1,2,1,1,2,2,150,18
het,7,0,1,18,Het_7_18_nochat_rev.txt,15,11,1,1,2,1,2,2,50,19
het,7,0,1,18,Het_7_18_nochat_rev.txt,15,2,1,2,1,1,2,2,150,38
het,7,0,1,18,Het_7_18_nochat_rev.txt,15,15,1,2,2,2,2,2,150,4
het,7,0,1,18,Het_7_18_nochat_rev.txt,15,10,1,2,2,2,2,2,150,3
het,7,0,1,18,Het_7_18_nochat_rev.txt,15,8,1,2,2,2,2,2,150,4
het,7,0,1,18,Het_7_18_nochat_rev.txt,15,17,1,2,2,2,2,2,150,32
het,7,0,1,18,Het_7_18_nochat_rev.txt,15,3,2,2,2,2,2,2,150,6
het,7,0,1,18,Het_7_18_nochat_rev.txt,15,13,2,2,2,2,2,2,150,4
het,7,0,1,18,Het_7_18_nochat_rev.txt,15,18,2,1,2,1,2,2,50,21
het,7,0,1,18,Het_7_18_nochat_rev.txt,15,5,2,1,2,1,2,2,50,3
het,7,0,1,18,Het_7_18_nochat_rev.txt,15,6,2,1,1,1,2,2,50,8
het,7,0,1,18,Het_7_18_nochat_rev.txt,15,1,2,2,2,2,2,2,150,4
het,7,0,1,18,Het_7_18_nochat_rev.txt,15,9,2,1,2,1,2,2,50,6
het,7,0,1,18,Het_7_18_nochat_rev.txt,15,16,2,1,1,1,2,2,50,10
het,7,0,1,18,Het_7_18_nochat_rev.txt,15,12,2,1,2,1,2,2,50,38
hom,7,1,0,27,Hom_7_27_chat.txt,1,10,1,0,2,2,2,2,100,78
hom,7,1,0,27,Hom_7_27_chat.txt,1,3,1,0,2,2,2,2,100,29
hom,7,1,0,27,Hom_7_27_chat.txt,1,1,1,0,1,2,2,2,100,54
hom,7,1,0,27,Hom_7_27_chat.txt,1,15,1,0,2,2,2,2,100,59
hom,7,1,0,27,Hom_7_27_chat.txt,1,20,1,0,1,2,2,2,100,39
hom,7,1,0,27,Hom_7_27_chat.txt,1,9,1,0,1,1,2,2,100,17
hom,7,1,0,27,Hom_7_27_chat.txt,1,14,1,0,2,2,2,2,100,61
hom,7,1,0,27,Hom_7_27_chat.txt,1,17,1,0,2,2,2,2,100,60
hom,7,1,0,27,Hom_7_27_chat.txt,1,12,1,0,2,2,2,2,100,61
hom,7,1,0,27,Hom_7_27_chat.txt,1,13,2,0,2,2,2,2,100,39
hom,7,1,0,27,Hom_7_27_chat.txt,1,25,2,0,1,2,2,2,100,51
hom,7,1,0,27,Hom_7_27_chat.txt,1,22,2,0,2,2,2,2,100,50
hom,7,1,0,27,Hom_7_27_chat.txt,1,26,2,0,2,2,2,2,100,34
hom,7,1,0,27,Hom_7_27_chat.txt,1,5,2,0,2,2,2,2,100,50
hom,7,1,0,27,Hom_7_27_chat.txt,1,19,2,0,1,2,2,2,100,48
hom,7,1,0,27,Hom_7_27_chat.txt,1,23,2,0,1,1,2,2,100,30
hom,7,1,0,27,Hom_7_27_chat.txt,1,27,2,0,2,2,2,2,100,12
hom,7,1,0,27,Hom_7_27_chat.txt,1,21,2,0,2,2,2,2,100,49
hom,7,1,0,27,Hom_7_27_chat.txt,1,8,3,0,1,1,2,2,100,145
hom,7,1,0,27,Hom_7_27_chat.txt,1,16,3,0,2,2,2,2,100,43
hom,7,1,0,27,Hom_7_27_chat.txt,1,18,3,0,2,1,2,2,100,182
hom,7,1,0,27,Hom_7_27_chat.txt,1,6,3,0,2,2,2,2,100,52
hom,7,1,0,27,Hom_7_27_chat.txt,1,4,3,0,2,1,2,2,100,53
hom,7,1,0,27,Hom_7_27_chat.txt,1,11,3,0,2,1,2,2,100,188
hom,7,1,0,27,Hom_7_27_chat.txt,1,7,3,0,1,1,2,2,100,142
hom,7,1,0,27,Hom_7_27_chat.txt,1,2,3,0,2,1,2,2,100,184
hom,7,1,0,27,Hom_7_27_chat.txt,1,24,3,0,2,2,2,2,100,38
hom,7,1,0,27,Hom_7_27_chat.txt,2,21,1,0,2,1,1,1,100,26
hom,7,1,0,27,Hom_7_27_chat.txt,2,4,1,0,1,1,1,1,100,43
hom,7,1,0,27,Hom_7_27_chat.txt,2,11,1,0,2,1,1,1,100,48
hom,7,1,0,27,Hom_7_27_chat.txt,2,18,1,0,1,1,1,1,100,44
hom,7,1,0,27,Hom_7_27_chat.txt,2,6,1,0,1,1,1,1,100,26
hom,7,1,0,27,Hom_7_27_chat.txt,2,25,1,0,1,1,1,1,100,34
hom,7,1,0,27,Hom_7_27_chat.txt,2,5,1,0,1,1,1,1,100,26
hom,7,1,0,27,Hom_7_27_chat.txt,2,8,1,0,1,1,1,1,100,33
hom,7,1,0,27,Hom_7_27_chat.txt,2,10,1,0,1,1,1,1,100,28
hom,7,1,0,27,Hom_7_27_chat.txt,2,23,2,0,2,2,2,1,10,32
hom,7,1,0,27,Hom_7_27_chat.txt,2,2,2,0,1,1,2,1,10,71
hom,7,1,0,27,Hom_7_27_chat.txt,2,27,2,0,1,1,2,1,10,44
hom,7,1,0,27,Hom_7_27_chat.txt,2,1,2,0,1,1,2,1,10,56
hom,7,1,0,27,Hom_7_27_chat.txt,2,26,2,0,2,2,2,1,10,46
hom,7,1,0,27,Hom_7_27_chat.txt,2,14,2,0,1,1,2,1,10,65
hom,7,1,0,27,Hom_7_27_chat.txt,2,20,2,0,2,1,2,1,10,43
hom,7,1,0,27,Hom_7_27_chat.txt,2,9,2,0,1,1,2,1,10,60
hom,7,1,0,27,Hom_7_27_chat.txt,2,16,2,0,2,2,2,1,10,17
hom,7,1,0,27,Hom_7_27_chat.txt,2,24,3,0,2,2,2,2,100,20
hom,7,1,0,27,Hom_7_27_chat.txt,2,22,3,0,2,2,2,2,100,41
hom,7,1,0,27,Hom_7_27_chat.txt,2,19,3,0,2,2,2,2,100,50
hom,7,1,0,27,Hom_7_27_chat.txt,2,7,3,0,2,2,2,2,100,30
hom,7,1,0,27,Hom_7_27_chat.txt,2,17,3,0,1,2,2,2,100,46
hom,7,1,0,27,Hom_7_27_chat.txt,2,13,3,0,1,2,2,2,100,49
hom,7,1,0,27,Hom_7_27_chat.txt,2,12,3,0,1,2,2,2,100,62
hom,7,1,0,27,Hom_7_27_chat.txt,2,15,3,0,2,2,2,2,100,40
hom,7,1,0,27,Hom_7_27_chat.txt,2,3,3,0,2,2,2,2,100,23
hom,7,1,0,27,Hom_7_27_chat.txt,3,19,1,0,1,2,2,2,100,40
hom,7,1,0,27,Hom_7_27_chat.txt,3,5,1,0,1,2,2,2,100,49
hom,7,1,0,27,Hom_7_27_chat.txt,3,25,1,0,1,2,2,2,100,41
hom,7,1,0,27,Hom_7_27_chat.txt,3,10,1,0,2,2,2,2,100,55
hom,7,1,0,27,Hom_7_27_chat.txt,3,2,1,0,1,2,2,2,100,45
hom,7,1,0,27,Hom_7_27_chat.txt,3,18,1,0,2,2,2,2,100,49
hom,7,1,0,27,Hom_7_27_chat.txt,3,24,1,0,1,1,2,2,100,28
hom,7,1,0,27,Hom_7_27_chat.txt,3,4,1,0,2,2,2,2,100,43
hom,7,1,0,27,Hom_7_27_chat.txt,3,17,1,0,2,1,2,2,100,79
hom,7,1,0,27,Hom_7_27_chat.txt,3,12,2,0,2,2,2,2,100,32
hom,7,1,0,27,Hom_7_27_chat.txt,3,1,2,0,1,2,2,2,100,24
hom,7,1,0,27,Hom_7_27_chat.txt,3,7,2,0,2,2,2,2,100,16
hom,7,1,0,27,Hom_7_27_chat.txt,3,8,2,0,2,2,2,2,100,20
hom,7,1,0,27,Hom_7_27_chat.txt,3,6,2,0,2,2,2,2,100,18
hom,7,1,0,27,Hom_7_27_chat.txt,3,3,2,0,2,2,2,2,100,19
hom,7,1,0,27,Hom_7_27_chat.txt,3,9,2,0,2,2,2,2,100,21
hom,7,1,0,27,Hom_7_27_chat.txt,3,14,2,0,2,2,2,2,100,29
hom,7,1,0,27,Hom_7_27_chat.txt,3,16,2,0,2,2,2,2,100,15
hom,7,1,0,27,Hom_7_27_chat.txt,3,15,3,0,2,2,2,2,100,56
hom,7,1,0,27,Hom_7_27_chat.txt,3,26,3,0,2,2,2,2,100,28
hom,7,1,0,27,Hom_7_27_chat.txt,3,22,3,0,1,2,2,2,100,60
hom,7,1,0,27,Hom_7_27_chat.txt,3,13,3,0,2,2,2,2,100,31
hom,7,1,0,27,Hom_7_27_chat.txt,3,21,3,0,1,2,2,2,100,51
hom,7,1,0,27,Hom_7_27_chat.txt,3,11,3,0,1,2,2,2,100,71
hom,7,1,0,27,Hom_7_27_chat.txt,3,20,3,0,1,2,2,2,100,57
hom,7,1,0,27,Hom_7_27_chat.txt,3,27,3,0,2,2,2,2,100,33
hom,7,1,0,27,Hom_7_27_chat.txt,3,23,3,0,2,1,2,2,100,39
hom,7,1,0,27,Hom_7_27_chat.txt,4,25,1,0,1,1,1,1,100,30
hom,7,1,0,27,Hom_7_27_chat.txt,4,14,1,0,1,1,1,1,100,33
hom,7,1,0,27,Hom_7_27_chat.txt,4,5,1,0,2,1,1,1,100,27
hom,7,1,0,27,Hom_7_27_chat.txt,4,17,1,0,1,1,1,1,100,14
hom,7,1,0,27,Hom_7_27_chat.txt,4,13,1,0,1,1,1,1,100,37
hom,7,1,0,27,Hom_7_27_chat.txt,4,21,1,0,1,1,1,1,100,20
hom,7,1,0,27,Hom_7_27_chat.txt,4,20,1,0,1,1,1,1,100,25
hom,7,1,0,27,Hom_7_27_chat.txt,4,16,1,0,1,1,1,1,100,26
hom,7,1,0,27,Hom_7_27_chat.txt,4,4,1,0,2,1,1,1,100,37
hom,7,1,0,27,Hom_7_27_chat.txt,4,22,2,0,2,2,2,2,100,24
hom,7,1,0,27,Hom_7_27_chat.txt,4,27,2,0,2,2,2,2,100,22
hom,7,1,0,27,Hom_7_27_chat.txt,4,9,2,0,1,2,2,2,100,23
hom,7,1,0,27,Hom_7_27_chat.txt,4,10,2,0,2,2,2,2,100,29
hom,7,1,0,27,Hom_7_27_chat.txt,4,19,2,0,2,2,2,2,100,21
hom,7,1,0,27,Hom_7_27_chat.txt,4,1,2,0,2,2,2,2,100,21
hom,7,1,0,27,Hom_7_27_chat.txt,4,2,2,0,2,2,2,2,100,27
hom,7,1,0,27,Hom_7_27_chat.txt,4,7,2,0,1,2,2,2,100,21
hom,7,1,0,27,Hom_7_27_chat.txt,4,11,2,0,2,2,2,2,100,32
hom,7,1,0,27,Hom_7_27_chat.txt,4,18,3,0,2,1,1,1,100,27
hom,7,1,0,27,Hom_7_27_chat.txt,4,26,3,0,1,1,1,1,100,22
hom,7,1,0,27,Hom_7_27_chat.txt,4,6,3,0,1,1,1,1,100,12
hom,7,1,0,27,Hom_7_27_chat.txt,4,15,3,0,1,1,1,1,100,21
hom,7,1,0,27,Hom_7_27_chat.txt,4,12,3,0,2,1,1,1,100,20
hom,7,1,0,27,Hom_7_27_chat.txt,4,23,3,0,1,1,1,1,100,24
hom,7,1,0,27,Hom_7_27_chat.txt,4,24,3,0,1,1,1,1,100,21
hom,7,1,0,27,Hom_7_27_chat.txt,4,3,3,0,1,1,1,1,100,16
hom,7,1,0,27,Hom_7_27_chat.txt,4,8,3,0,1,1,1,1,100,21
hom,7,1,0,27,Hom_7_27_chat.txt,5,23,1,0,1,1,1,2,10,26
hom,7,1,0,27,Hom_7_27_chat.txt,5,21,1,0,2,1,1,2,10,21
hom,7,1,0,27,Hom_7_27_chat.txt,5,16,1,0,2,1,1,2,10,26
hom,7,1,0,27,Hom_7_27_chat.txt,5,4,1,0,1,1,1,2,10,33
hom,7,1,0,27,Hom_7_27_chat.txt,5,22,1,0,1,1,1,2,10,44
hom,7,1,0,27,Hom_7_27_chat.txt,5,10,1,0,1,1,1,2,10,36
hom,7,1,0,27,Hom_7_27_chat.txt,5,12,1,0,1,1,1,2,10,22
hom,7,1,0,27,Hom_7_27_chat.txt,5,24,1,0,1,1,1,2,10,22
hom,7,1,0,27,Hom_7_27_chat.txt,5,27,1,0,2,1,1,2,10,21
hom,7,1,0,27,Hom_7_27_chat.txt,5,15,2,0,2,1,1,1,100,58
hom,7,1,0,27,Hom_7_27_chat.txt,5,26,2,0,1,1,1,1,100,49
hom,7,1,0,27,Hom_7_27_chat.txt,5,5,2,0,1,1,1,1,100,47
hom,7,1,0,27,Hom_7_27_chat.txt,5,11,2,0,2,1,1,1,100,61
hom,7,1,0,27,Hom_7_27_chat.txt,5,7,2,0,1,1,1,1,100,48
hom,7,1,0,27,Hom_7_27_chat.txt,5,20,2,0,1,1,1,1,100,52
hom,7,1,0,27,Hom_7_27_chat.txt,5,18,2,0,2,1,1,1,100,51
hom,7,1,0,27,Hom_7_27_chat.txt,5,14,2,0,1,1,1,1,100,67
hom,7,1,0,27,Hom_7_27_chat.txt,5,13,2,0,1,1,1,1,100,55
hom,7,1,0,27,Hom_7_27_chat.txt,5,1,3,0,2,1,1,2,10,39
hom,7,1,0,27,Hom_7_27_chat.txt,5,17,3,0,2,1,1,2,10,108
hom,7,1,0,27,Hom_7_27_chat.txt,5,8,3,0,2,1,1,2,10,97
hom,7,1,0,27,Hom_7_27_chat.txt,5,3,3,0,1,1,1,2,10,104
hom,7,1,0,27,Hom_7_27_chat.txt,5,2,3,0,1,1,1,2,10,97
hom,7,1,0,27,Hom_7_27_chat.txt,5,9,3,0,2,1,1,2,10,39
hom,7,1,0,27,Hom_7_27_chat.txt,5,6,3,0,2,2,1,2,10,71
hom,7,1,0,27,Hom_7_27_chat.txt,5,19,3,0,1,1,1,2,10,97
hom,7,1,0,27,Hom_7_27_chat.txt,5,25,3,0,1,1,1,2,10,97
hom,7,1,0,27,Hom_7_27_chat.txt,6,2,1,0,2,2,2,2,100,38
hom,7,1,0,27,Hom_7_27_chat.txt,6,27,1,0,2,2,2,2,100,83
hom,7,1,0,27,Hom_7_27_chat.txt,6,14,1,0,2,2,2,2,100,107
hom,7,1,0,27,Hom_7_27_chat.txt,6,25,1,0,1,2,2,2,100,59
hom,7,1,0,27,Hom_7_27_chat.txt,6,7,1,0,1,2,2,2,100,40
hom,7,1,0,27,Hom_7_27_chat.txt,6,8,1,0,1,2,2,2,100,91
hom,7,1,0,27,Hom_7_27_chat.txt,6,6,1,0,2,2,2,2,100,93
hom,7,1,0,27,Hom_7_27_chat.txt,6,19,1,0,2,2,2,2,100,90
hom,7,1,0,27,Hom_7_27_chat.txt,6,22,1,0,1,2,2,2,100,93
hom,7,1,0,27,Hom_7_27_chat.txt,6,5,2,0,2,2,2,2,100,55
hom,7,1,0,27,Hom_7_27_chat.txt,6,9,2,0,2,2,2,2,100,75
hom,7,1,0,27,Hom_7_27_chat.txt,6,16,2,0,1,2,2,2,100,76
hom,7,1,0,27,Hom_7_27_chat.txt,6,13,2,0,2,2,2,2,100,67
hom,7,1,0,27,Hom_7_27_chat.txt,6,20,2,0,2,2,2,2,100,47
hom,7,1,0,27,Hom_7_27_chat.txt,6,17,2,0,1,2,2,2,100,75
hom,7,1,0,27,Hom_7_27_chat.txt,6,11,2,0,1,2,2,2,100,104
hom,7,1,0,27,Hom_7_27_chat.txt,6,3,2,0,2,2,2,2,100,75
hom,7,1,0,27,Hom_7_27_chat.txt,6,10,2,0,1,2,2,2,100,106
hom,7,1,0,27,Hom_7_27_chat.txt,6,18,3,0,1,1,1,1,100,140
hom,7,1,0,27,Hom_7_27_chat.txt,6,15,3,0,1,1,1,1,100,80
hom,7,1,0,27,Hom_7_27_chat.txt,6,23,3,0,2,1,1,1,100,36
hom,7,1,0,27,Hom_7_27_chat.txt,6,12,3,0,2,1,1,1,100,123
hom,7,1,0,27,Hom_7_27_chat.txt,6,26,3,0,2,1,1,1,100,56
hom,7,1,0,27,Hom_7_27_chat.txt,6,21,3,0,1,1,1,1,100,25
hom,7,1,0,27,Hom_7_27_chat.txt,6,1,3,0,1,1,1,1,100,73
hom,7,1,0,27,Hom_7_27_chat.txt,6,24,3,0,1,1,1,1,100,15
hom,7,1,0,27,Hom_7_27_chat.txt,6,4,3,0,1,1,1,1,100,98
hom,7,1,0,27,Hom_7_27_chat.txt,7,9,1,0,2,2,2,2,100,77
hom,7,1,0,27,Hom_7_27_chat.txt,7,8,1,0,2,2,2,2,100,89
hom,7,1,0,27,Hom_7_27_chat.txt,7,17,1,0,1,2,2,2,100,86
hom,7,1,0,27,Hom_7_27_chat.txt,7,14,1,0,1,2,2,2,100,101
hom,7,1,0,27,Hom_7_27_chat.txt,7,22,1,0,1,2,2,2,100,81
hom,7,1,0,27,Hom_7_27_chat.txt,7,1,1,0,2,2,2,2,100,70
hom,7,1,0,27,Hom_7_27_chat.txt,7,20,1,0,1,2,2,2,100,66
hom,7,1,0,27,Hom_7_27_chat.txt,7,7,1,0,2,2,2,2,100,69
hom,7,1,0,27,Hom_7_27_chat.txt,7,26,1,0,2,2,2,2,100,55
hom,7,1,0,27,Hom_7_27_chat.txt,7,21,2,0,1,1,1,1,100,26
hom,7,1,0,27,Hom_7_27_chat.txt,7,5,2,0,2,1,1,1,100,22
hom,7,1,0,27,Hom_7_27_chat.txt,7,11,2,0,1,1,1,1,100,39
hom,7,1,0,27,Hom_7_27_chat.txt,7,10,2,0,1,1,1,1,100,23
hom,7,1,0,27,Hom_7_27_chat.txt,7,24,2,0,1,1,1,1,100,29
hom,7,1,0,27,Hom_7_27_chat.txt,7,4,2,0,2,1,1,1,100,57
hom,7,1,0,27,Hom_7_27_chat.txt,7,6,2,0,1,1,1,1,100,32
hom,7,1,0,27,Hom_7_27_chat.txt,7,23,2,0,1,1,1,1,100,23
hom,7,1,0,27,Hom_7_27_chat.txt,7,18,2,0,1,1,1,1,100,43
hom,7,1,0,27,Hom_7_27_chat.txt,7,15,3,0,1,1,1,1,100,18
hom,7,1,0,27,Hom_7_27_chat.txt,7,19,3,0,1,1,1,1,100,17
hom,7,1,0,27,Hom_7_27_chat.txt,7,13,3,0,1,1,1,1,100,23
hom,7,1,0,27,Hom_7_27_chat.txt,7,3,3,0,1,1,1,1,100,12
hom,7,1,0,27,Hom_7_27_chat.txt,7,27,3,0,1,1,1,1,100,21
hom,7,1,0,27,Hom_7_27_chat.txt,7,25,3,0,1,1,1,1,100,17
hom,7,1,0,27,Hom_7_27_chat.txt,7,2,3,0,1,1,1,1,100,17
hom,7,1,0,27,Hom_7_27_chat.txt,7,16,3,0,1,1,1,1,100,20
hom,7,1,0,27,Hom_7_27_chat.txt,7,12,3,0,1,1,1,1,100,22
hom,7,1,0,27,Hom_7_27_chat.txt,8,7,1,0,1,1,1,1,100,17
hom,7,1,0,27,Hom_7_27_chat.txt,8,21,1,0,2,1,1,1,100,25
hom,7,1,0,27,Hom_7_27_chat.txt,8,15,1,0,1,1,1,1,100,29
hom,7,1,0,27,Hom_7_27_chat.txt,8,27,1,0,1,1,1,1,100,25
hom,7,1,0,27,Hom_7_27_chat.txt,8,26,1,0,2,1,1,1,100,35
hom,7,1,0,27,Hom_7_27_chat.txt,8,14,1,0,1,1,1,1,100,30
hom,7,1,0,27,Hom_7_27_chat.txt,8,8,1,0,1,1,1,1,100,27
hom,7,1,0,27,Hom_7_27_chat.txt,8,19,1,0,2,1,1,1,100,28
hom,7,1,0,27,Hom_7_27_chat.txt,8,5,1,0,1,1,1,1,100,21
hom,7,1,0,27,Hom_7_27_chat.txt,8,25,2,0,1,1,1,1,100,16
hom,7,1,0,27,Hom_7_27_chat.txt,8,4,2,0,1,1,1,1,100,25
hom,7,1,0,27,Hom_7_27_chat.txt,8,12,2,0,1,1,1,1,100,16
hom,7,1,0,27,Hom_7_27_chat.txt,8,3,2,0,1,1,1,1,100,13
hom,7,1,0,27,Hom_7_27_chat.txt,8,17,2,0,2,1,1,1,100,16
hom,7,1,0,27,Hom_7_27_chat.txt,8,9,2,0,1,1,1,1,100,21
hom,7,1,0,27,Hom_7_27_chat.txt,8,2,2,0,2,1,1,1,100,20
hom,7,1,0,27,Hom_7_27_chat.txt,8,24,2,0,1,1,1,1,100,23
hom,7,1,0,27,Hom_7_27_chat.txt,8,1,2,0,1,1,1,1,100,21
hom,7,1,0,27,Hom_7_27_chat.txt,8,23,3,0,1,2,2,2,100,31
hom,7,1,0,27,Hom_7_27_chat.txt,8,10,3,0,2,2,2,2,100,33
hom,7,1,0,27,Hom_7_27_chat.txt,8,6,3,0,2,2,2,2,100,31
hom,7,1,0,27,Hom_7_27_chat.txt,8,13,3,0,2,2,2,2,100,32
hom,7,1,0,27,Hom_7_27_chat.txt,8,18,3,0,2,2,2,2,100,29
hom,7,1,0,27,Hom_7_27_chat.txt,8,11,3,0,1,2,2,2,100,34
hom,7,1,0,27,Hom_7_27_chat.txt,8,16,3,0,2,2,2,2,100,25
hom,7,1,0,27,Hom_7_27_chat.txt,8,22,3,0,1,2,2,2,100,39
hom,7,1,0,27,Hom_7_27_chat.txt,8,20,3,0,2,2,2,2,100,31
hom,7,1,0,27,Hom_7_27_chat.txt,9,10,1,0,2,1,1,1,100,24
hom,7,1,0,27,Hom_7_27_chat.txt,9,12,1,0,1,1,1,1,100,15
hom,7,1,0,27,Hom_7_27_chat.txt,9,15,1,0,1,1,1,1,100,32
hom,7,1,0,27,Hom_7_27_chat.txt,9,18,1,0,1,1,1,1,100,25
hom,7,1,0,27,Hom_7_27_chat.txt,9,21,1,0,1,1,1,1,100,18
hom,7,1,0,27,Hom_7_27_chat.txt,9,1,1,0,1,1,1,1,100,15
hom,7,1,0,27,Hom_7_27_chat.txt,9,11,1,0,1,1,1,1,100,22
hom,7,1,0,27,Hom_7_27_chat.txt,9,14,1,0,1,1,1,1,100,24
hom,7,1,0,27,Hom_7_27_chat.txt,9,23,1,0,1,1,1,1,100,17
hom,7,1,0,27,Hom_7_27_chat.txt,9,7,2,0,1,2,2,2,100,61
hom,7,1,0,27,Hom_7_27_chat.txt,9,8,2,0,2,2,2,2,100,124
hom,7,1,0,27,Hom_7_27_chat.txt,9,24,2,0,2,2,2,2,100,29
hom,7,1,0,27,Hom_7_27_chat.txt,9,17,2,0,1,2,2,2,100,98
hom,7,1,0,27,Hom_7_27_chat.txt,9,3,2,0,2,2,2,2,100,33
hom,7,1,0,27,Hom_7_27_chat.txt,9,26,2,0,2,2,2,2,100,29
hom,7,1,0,27,Hom_7_27_chat.txt,9,5,2,0,2,2,2,2,100,45
hom,7,1,0,27,Hom_7_27_chat.txt,9,25,2,0,1,2,2,2,100,125
hom,7,1,0,27,Hom_7_27_chat.txt,9,4,2,0,1,2,2,2,100,119
hom,7,1,0,27,Hom_7_27_chat.txt,9,20,3,0,2,2,2,1,10,33
hom,7,1,0,27,Hom_7_27_chat.txt,9,19,3,0,2,2,2,1,10,37
hom,7,1,0,27,Hom_7_27_chat.txt,9,22,3,0,1,2,2,1,10,37
hom,7,1,0,27,Hom_7_27_chat.txt,9,16,3,0,1,2,2,1,10,38
hom,7,1,0,27,Hom_7_27_chat.txt,9,6,3,0,1,2,2,1,10,37
hom,7,1,0,27,Hom_7_27_chat.txt,9,13,3,0,2,2,2,1,10,31
hom,7,1,0,27,Hom_7_27_chat.txt,9,2,3,0,2,2,2,1,10,36
hom,7,1,0,27,Hom_7_27_chat.txt,9,9,3,0,2,2,2,1,10,35
hom,7,1,0,27,Hom_7_27_chat.txt,9,27,3,0,1,2,2,1,10,53
hom,7,1,0,27,Hom_7_27_chat.txt,10,12,1,0,2,2,2,2,100,14
hom,7,1,0,27,Hom_7_27_chat.txt,10,24,1,0,2,2,2,2,100,15
hom,7,1,0,27,Hom_7_27_chat.txt,10,7,1,0,2,2,2,2,100,15
hom,7,1,0,27,Hom_7_27_chat.txt,10,23,1,0,2,2,2,2,100,18
hom,7,1,0,27,Hom_7_27_chat.txt,10,21,1,0,2,2,2,2,100,17
hom,7,1,0,27,Hom_7_27_chat.txt,10,6,1,0,2,2,2,2,100,19
hom,7,1,0,27,Hom_7_27_chat.txt,10,17,1,0,2,2,2,2,100,17
hom,7,1,0,27,Hom_7_27_chat.txt,10,19,1,0,2,2,2,2,100,21
hom,7,1,0,27,Hom_7_27_chat.txt,10,20,1,0,1,2,2,2,100,23
hom,7,1,0,27,Hom_7_27_chat.txt,10,5,2,0,2,2,2,2,100,25
hom,7,1,0,27,Hom_7_27_chat.txt,10,27,2,0,2,2,2,2,100,26
hom,7,1,0,27,Hom_7_27_chat.txt,10,15,2,0,2,2,2,2,100,17
hom,7,1,0,27,Hom_7_27_chat.txt,10,11,2,0,1,2,2,2,100,25
hom,7,1,0,27,Hom_7_27_chat.txt,10,10,2,0,2,2,2,2,100,23
hom,7,1,0,27,Hom_7_27_chat.txt,10,26,2,0,2,2,2,2,100,19
hom,7,1,0,27,Hom_7_27_chat.txt,10,25,2,0,2,2,2,2,100,20
hom,7,1,0,27,Hom_7_27_chat.txt,10,8,2,0,2,2,2,2,100,19
hom,7,1,0,27,Hom_7_27_chat.txt,10,9,2,0,2,2,2,2,100,23
hom,7,1,0,27,Hom_7_27_chat.txt,10,18,3,0,2,2,2,2,100,68
hom,7,1,0,27,Hom_7_27_chat.txt,10,13,3,0,2,2,2,2,100,22
hom,7,1,0,27,Hom_7_27_chat.txt,10,16,3,0,1,2,2,2,100,49
hom,7,1,0,27,Hom_7_27_chat.txt,10,2,3,0,1,2,2,2,100,23
hom,7,1,0,27,Hom_7_27_chat.txt,10,14,3,0,2,2,2,2,100,50
hom,7,1,0,27,Hom_7_27_chat.txt,10,3,3,0,2,2,2,2,100,15
hom,7,1,0,27,Hom_7_27_chat.txt,10,4,3,0,2,2,2,2,100,35
hom,7,1,0,27,Hom_7_27_chat.txt,10,22,3,0,2,2,2,2,100,46
hom,7,1,0,27,Hom_7_27_chat.txt,10,1,3,0,2,2,2,2,100,23
hom,7,1,0,27,Hom_7_27_chat.txt,11,12,1,0,1,1,1,1,100,18
hom,7,1,0,27,Hom_7_27_chat.txt,11,18,1,0,1,1,1,1,100,56
hom,7,1,0,27,Hom_7_27_chat.txt,11,24,1,0,1,1,1,1,100,37
hom,7,1,0,27,Hom_7_27_chat.txt,11,17,1,0,1,1,1,1,100,47
hom,7,1,0,27,Hom_7_27_chat.txt,11,23,1,0,1,1,1,1,100,53
hom,7,1,0,27,Hom_7_27_chat.txt,11,25,1,0,2,1,1,1,100,52
hom,7,1,0,27,Hom_7_27_chat.txt,11,22,1,0,2,1,1,1,100,52
hom,7,1,0,27,Hom_7_27_chat.txt,11,4,1,0,2,1,1,1,100,58
hom,7,1,0,27,Hom_7_27_chat.txt,11,2,1,0,2,1,1,1,100,47
hom,7,1,0,27,Hom_7_27_chat.txt,11,15,2,0,1,1,1,1,100,30
hom,7,1,0,27,Hom_7_27_chat.txt,11,16,2,0,1,1,1,1,100,28
hom,7,1,0,27,Hom_7_27_chat.txt,11,11,2,0,1,1,1,1,100,24
hom,7,1,0,27,Hom_7_27_chat.txt,11,14,2,0,1,1,1,1,100,28
hom,7,1,0,27,Hom_7_27_chat.txt,11,21,2,0,1,1,1,1,100,26
hom,7,1,0,27,Hom_7_27_chat.txt,11,6,2,0,2,1,1,1,100,31
hom,7,1,0,27,Hom_7_27_chat.txt,11,26,2,0,1,1,1,1,100,24
hom,7,1,0,27,Hom_7_27_chat.txt,11,9,2,0,1,1,1,1,100,23
hom,7,1,0,27,Hom_7_27_chat.txt,11,27,2,0,2,1,1,1,100,71
hom,7,1,0,27,Hom_7_27_chat.txt,11,7,3,0,1,1,1,1,100,12
hom,7,1,0,27,Hom_7_27_chat.txt,11,3,3,0,1,1,1,1,100,14
hom,7,1,0,27,Hom_7_27_chat.txt,11,10,3,0,2,1,1,1,100,26
hom,7,1,0,27,Hom_7_27_chat.txt,11,19,3,0,2,1,1,1,100,40
hom,7,1,0,27,Hom_7_27_chat.txt,11,1,3,0,1,1,1,1,100,15
hom,7,1,0,27,Hom_7_27_chat.txt,11,8,3,0,1,1,1,1,100,22
hom,7,1,0,27,Hom_7_27_chat.txt,11,13,3,0,1,1,1,1,100,19
hom,7,1,0,27,Hom_7_27_chat.txt,11,20,3,0,1,1,1,1,100,23
hom,7,1,0,27,Hom_7_27_chat.txt,11,5,3,0,2,1,1,1,100,20
hom,7,1,0,27,Hom_7_27_chat.txt,12,18,1,0,1,1,1,1,100,24
hom,7,1,0,27,Hom_7_27_chat.txt,12,11,1,0,1,1,1,1,100,42
hom,7,1,0,27,Hom_7_27_chat.txt,12,4,1,0,1,1,1,1,100,25
hom,7,1,0,27,Hom_7_27_chat.txt,12,2,1,0,1,1,1,1,100,33
hom,7,1,0,27,Hom_7_27_chat.txt,12,6,1,0,1,1,1,1,100,25
hom,7,1,0,27,Hom_7_27_chat.txt,12,16,1,0,1,1,1,1,100,44
hom,7,1,0,27,Hom_7_27_chat.txt,12,3,1,0,2,1,1,1,100,24
hom,7,1,0,27,Hom_7_27_chat.txt,12,25,1,0,2,1,1,1,100,21
hom,7,1,0,27,Hom_7_27_chat.txt,12,13,1,0,2,1,1,1,100,22
hom,7,1,0,27,Hom_7_27_chat.txt,12,15,2,0,1,1,1,1,100,17
hom,7,1,0,27,Hom_7_27_chat.txt,12,20,2,0,2,1,1,1,100,26
hom,7,1,0,27,Hom_7_27_chat.txt,12,17,2,0,1,1,1,1,100,17
hom,7,1,0,27,Hom_7_27_chat.txt,12,10,2,0,1,1,1,1,100,22
hom,7,1,0,27,Hom_7_27_chat.txt,12,1,2,0,1,1,1,1,100,20
hom,7,1,0,27,Hom_7_27_chat.txt,12,9,2,0,2,1,1,1,100,21
hom,7,1,0,27,Hom_7_27_chat.txt,12,8,2,0,1,1,1,1,100,23
hom,7,1,0,27,Hom_7_27_chat.txt,12,19,2,0,1,1,1,1,100,21
hom,7,1,0,27,Hom_7_27_chat.txt,12,12,2,0,1,1,1,1,100,16
hom,7,1,0,27,Hom_7_27_chat.txt,12,26,3,0,2,1,1,1,100,30
hom,7,1,0,27,Hom_7_27_chat.txt,12,24,3,0,2,1,1,1,100,24
hom,7,1,0,27,Hom_7_27_chat.txt,12,23,3,0,1,1,1,1,100,28
hom,7,1,0,27,Hom_7_27_chat.txt,12,21,3,0,1,1,1,1,100,18
hom,7,1,0,27,Hom_7_27_chat.txt,12,5,3,0,1,1,1,1,100,22
hom,7,1,0,27,Hom_7_27_chat.txt,12,22,3,0,1,1,1,1,100,35
hom,7,1,0,27,Hom_7_27_chat.txt,12,27,3,0,1,1,1,1,100,14
hom,7,1,0,27,Hom_7_27_chat.txt,12,7,3,0,2,1,1,1,100,23
hom,7,1,0,27,Hom_7_27_chat.txt,12,14,3,0,1,1,1,1,100,31
hom,7,1,0,27,Hom_7_27_chat.txt,13,14,1,0,1,1,1,1,100,26
hom,7,1,0,27,Hom_7_27_chat.txt,13,20,1,0,1,1,1,1,100,30
hom,7,1,0,27,Hom_7_27_chat.txt,13,21,1,0,1,1,1,1,100,28
hom,7,1,0,27,Hom_7_27_chat.txt,13,24,1,0,1,1,1,1,100,22
hom,7,1,0,27,Hom_7_27_chat.txt,13,19,1,0,1,1,1,1,100,29
hom,7,1,0,27,Hom_7_27_chat.txt,13,1,1,0,2,1,1,1,100,28
hom,7,1,0,27,Hom_7_27_chat.txt,13,3,1,0,2,1,1,1,100,18
hom,7,1,0,27,Hom_7_27_chat.txt,13,25,1,0,1,1,1,1,100,27
hom,7,1,0,27,Hom_7_27_chat.txt,13,26,1,0,1,1,1,1,100,27
hom,7,1,0,27,Hom_7_27_chat.txt,13,2,2,0,2,2,2,2,100,28
hom,7,1,0,27,Hom_7_27_chat.txt,13,7,2,0,2,2,2,2,100,21
hom,7,1,0,27,Hom_7_27_chat.txt,13,22,2,0,1,2,2,2,100,44
hom,7,1,0,27,Hom_7_27_chat.txt,13,9,2,0,2,2,2,2,100,60
hom,7,1,0,27,Hom_7_27_chat.txt,13,16,2,0,2,2,2,2,100,25
hom,7,1,0,27,Hom_7_27_chat.txt,13,6,2,0,1,2,2,2,100,37
hom,7,1,0,27,Hom_7_27_chat.txt,13,23,2,0,2,2,2,2,100,28
hom,7,1,0,27,Hom_7_27_chat.txt,13,13,2,0,2,2,2,2,100,29
hom,7,1,0,27,Hom_7_27_chat.txt,13,15,2,0,1,2,2,2,100,43
hom,7,1,0,27,Hom_7_27_chat.txt,13,12,3,0,1,1,1,1,100,21
hom,7,1,0,27,Hom_7_27_chat.txt,13,27,3,0,1,1,1,1,100,23
hom,7,1,0,27,Hom_7_27_chat.txt,13,8,3,0,1,1,1,1,100,28
hom,7,1,0,27,Hom_7_27_chat.txt,13,17,3,0,1,1,1,1,100,21
hom,7,1,0,27,Hom_7_27_chat.txt,13,10,3,0,1,1,1,1,100,28
hom,7,1,0,27,Hom_7_27_chat.txt,13,11,3,0,2,1,1,1,100,29
hom,7,1,0,27,Hom_7_27_chat.txt,13,4,3,0,1,1,1,1,100,30
hom,7,1,0,27,Hom_7_27_chat.txt,13,5,3,0,2,1,1,1,100,17
hom,7,1,0,27,Hom_7_27_chat.txt,13,18,3,0,1,1,1,1,100,28
hom,7,1,0,27,Hom_7_27_chat.txt,14,10,1,0,1,1,1,1,100,19
hom,7,1,0,27,Hom_7_27_chat.txt,14,3,1,0,1,1,1,1,100,9
hom,7,1,0,27,Hom_7_27_chat.txt,14,1,1,0,1,1,1,1,100,24
hom,7,1,0,27,Hom_7_27_chat.txt,14,15,1,0,1,1,1,1,100,15
hom,7,1,0,27,Hom_7_27_chat.txt,14,20,1,0,1,1,1,1,100,23
hom,7,1,0,27,Hom_7_27_chat.txt,14,9,1,0,1,1,1,1,100,15
hom,7,1,0,27,Hom_7_27_chat.txt,14,14,1,0,2,1,1,1,100,15
hom,7,1,0,27,Hom_7_27_chat.txt,14,17,1,0,1,1,1,1,100,25
hom,7,1,0,27,Hom_7_27_chat.txt,14,12,1,0,1,1,1,1,100,22
hom,7,1,0,27,Hom_7_27_chat.txt,14,13,2,0,2,2,2,2,100,45
hom,7,1,0,27,Hom_7_27_chat.txt,14,25,2,0,2,2,2,2,100,41
hom,7,1,0,27,Hom_7_27_chat.txt,14,22,2,0,1,2,2,2,100,49
hom,7,1,0,27,Hom_7_27_chat.txt,14,26,2,0,1,2,2,2,100,35
hom,7,1,0,27,Hom_7_27_chat.txt,14,5,2,0,1,2,2,2,100,47
hom,7,1,0,27,Hom_7_27_chat.txt,14,19,2,0,2,2,2,2,100,60
hom,7,1,0,27,Hom_7_27_chat.txt,14,23,2,0,2,2,2,2,100,49
hom,7,1,0,27,Hom_7_27_chat.txt,14,27,2,0,2,2,2,2,100,46
hom,7,1,0,27,Hom_7_27_chat.txt,14,21,2,0,1,2,2,2,100,67
hom,7,1,0,27,Hom_7_27_chat.txt,14,8,3,0,1,1,1,1,100,25
hom,7,1,0,27,Hom_7_27_chat.txt,14,16,3,0,2,1,1,1,100,22
hom,7,1,0,27,Hom_7_27_chat.txt,14,18,3,0,1,1,1,1,100,16
hom,7,1,0,27,Hom_7_27_chat.txt,14,6,3,0,2,1,1,1,100,13
hom,7,1,0,27,Hom_7_27_chat.txt,14,4,3,0,1,1,1,1,100,20
hom,7,1,0,27,Hom_7_27_chat.txt,14,11,3,0,1,1,1,1,100,14
hom,7,1,0,27,Hom_7_27_chat.txt,14,7,3,0,1,1,1,1,100,23
hom,7,1,0,27,Hom_7_27_chat.txt,14,2,3,0,1,1,1,1,100,20
hom,7,1,0,27,Hom_7_27_chat.txt,14,24,3,0,2,1,1,1,100,21
hom,7,1,0,27,Hom_7_27_chat.txt,15,21,1,0,1,1,1,1,100,14
hom,7,1,0,27,Hom_7_27_chat.txt,15,4,1,0,1,1,1,1,100,15
hom,7,1,0,27,Hom_7_27_chat.txt,15,11,1,0,1,1,1,1,100,11
hom,7,1,0,27,Hom_7_27_chat.txt,15,18,1,0,1,1,1,1,100,13
hom,7,1,0,27,Hom_7_27_chat.txt,15,6,1,0,1,1,1,1,100,13
hom,7,1,0,27,Hom_7_27_chat.txt,15,25,1,0,1,1,1,1,100,10
hom,7,1,0,27,Hom_7_27_chat.txt,15,5,1,0,1,1,1,1,100,14
hom,7,1,0,27,Hom_7_27_chat.txt,15,8,1,0,2,1,1,1,100,13
hom,7,1,0,27,Hom_7_27_chat.txt,15,10,1,0,1,1,1,1,100,14
hom,7,1,0,27,Hom_7_27_chat.txt,15,23,2,0,1,1,1,1,100,20
hom,7,1,0,27,Hom_7_27_chat.txt,15,2,2,0,1,1,1,1,100,16
hom,7,1,0,27,Hom_7_27_chat.txt,15,27,2,0,1,1,1,1,100,11
hom,7,1,0,27,Hom_7_27_chat.txt,15,1,2,0,1,1,1,1,100,27
hom,7,1,0,27,Hom_7_27_chat.txt,15,26,2,0,1,1,1,1,100,13
hom,7,1,0,27,Hom_7_27_chat.txt,15,14,2,0,1,1,1,1,100,17
hom,7,1,0,27,Hom_7_27_chat.txt,15,20,2,0,2,1,1,1,100,22
hom,7,1,0,27,Hom_7_27_chat.txt,15,9,2,0,1,1,1,1,100,13
hom,7,1,0,27,Hom_7_27_chat.txt,15,16,2,0,2,1,1,1,100,17
hom,7,1,0,27,Hom_7_27_chat.txt,15,24,3,0,1,2,2,2,100,29
hom,7,1,0,27,Hom_7_27_chat.txt,15,22,3,0,2,2,2,2,100,22
hom,7,1,0,27,Hom_7_27_chat.txt,15,19,3,0,1,2,2,2,100,50
hom,7,1,0,27,Hom_7_27_chat.txt,15,7,3,0,1,2,2,2,100,30
hom,7,1,0,27,Hom_7_27_chat.txt,15,17,3,0,1,2,2,2,100,29
hom,7,1,0,27,Hom_7_27_chat.txt,15,13,3,0,2,2,2,2,100,33
hom,7,1,0,27,Hom_7_27_chat.txt,15,12,3,0,2,2,2,2,100,29
hom,7,1,0,27,Hom_7_27_chat.txt,15,15,3,0,2,2,2,2,100,36
hom,7,1,0,27,Hom_7_27_chat.txt,15,3,3,0,2,2,2,2,100,41
hom,7,1,0,27,Hom_7_27_chat.txt,16,19,1,0,1,2,2,2,100,23
hom,7,1,0,27,Hom_7_27_chat.txt,16,5,1,0,2,2,2,2,100,15
hom,7,1,0,27,Hom_7_27_chat.txt,16,25,1,0,2,2,2,2,100,11
hom,7,1,0,27,Hom_7_27_chat.txt,16,10,1,0,2,2,2,2,100,19
hom,7,1,0,27,Hom_7_27_chat.txt,16,2,1,0,2,2,2,2,100,25
hom,7,1,0,27,Hom_7_27_chat.txt,16,18,1,0,2,2,2,2,100,16
hom,7,1,0,27,Hom_7_27_chat.txt,16,24,1,0,2,2,2,2,100,17
hom,7,1,0,27,Hom_7_27_chat.txt,16,4,1,0,2,2,2,2,100,19
hom,7,1,0,27,Hom_7_27_chat.txt,16,17,1,0,2,2,2,2,100,20
hom,7,1,0,27,Hom_7_27_chat.txt,16,12,2,0,2,2,2,2,100,19
hom,7,1,0,27,Hom_7_27_chat.txt,16,1,2,0,2,2,2,2,100,28
hom,7,1,0,27,Hom_7_27_chat.txt,16,7,2,0,2,2,2,2,100,20
hom,7,1,0,27,Hom_7_27_chat.txt,16,8,2,0,2,2,2,2,100,18
hom,7,1,0,27,Hom_7_27_chat.txt,16,6,2,0,1,2,2,2,100,15
hom,7,1,0,27,Hom_7_27_chat.txt,16,3,2,0,2,2,2,2,100,19
hom,7,1,0,27,Hom_7_27_chat.txt,16,9,2,0,2,2,2,2,100,16
hom,7,1,0,27,Hom_7_27_chat.txt,16,14,2,0,1,2,2,2,100,22
hom,7,1,0,27,Hom_7_27_chat.txt,16,16,2,0,2,2,2,2,100,22
hom,7,1,0,27,Hom_7_27_chat.txt,16,15,3,0,2,2,2,2,100,30
hom,7,1,0,27,Hom_7_27_chat.txt,16,26,3,0,1,2,2,2,100,27
hom,7,1,0,27,Hom_7_27_chat.txt,16,22,3,0,2,2,2,2,100,25
hom,7,1,0,27,Hom_7_27_chat.txt,16,13,3,0,2,2,2,2,100,39
hom,7,1,0,27,Hom_7_27_chat.txt,16,21,3,0,2,2,2,2,100,32
hom,7,1,0,27,Hom_7_27_chat.txt,16,11,3,0,2,2,2,2,100,23
hom,7,1,0,27,Hom_7_27_chat.txt,16,20,3,0,2,2,2,2,100,37
hom,7,1,0,27,Hom_7_27_chat.txt,16,27,3,0,1,2,2,2,100,23
hom,7,1,0,27,Hom_7_27_chat.txt,16,23,3,0,1,2,2,2,100,27
hom,7,1,0,27,Hom_7_27_chat.txt,17,25,1,0,2,2,2,2,100,12
hom,7,1,0,27,Hom_7_27_chat.txt,17,14,1,0,1,2,2,2,100,16
hom,7,1,0,27,Hom_7_27_chat.txt,17,5,1,0,2,2,2,2,100,17
hom,7,1,0,27,Hom_7_27_chat.txt,17,17,1,0,1,2,2,2,100,19
hom,7,1,0,27,Hom_7_27_chat.txt,17,13,1,0,2,2,2,2,100,15
hom,7,1,0,27,Hom_7_27_chat.txt,17,21,1,0,2,2,2,2,100,18
hom,7,1,0,27,Hom_7_27_chat.txt,17,20,1,0,1,2,2,2,100,18
hom,7,1,0,27,Hom_7_27_chat.txt,17,16,1,0,2,2,2,2,100,26
hom,7,1,0,27,Hom_7_27_chat.txt,17,4,1,0,2,2,2,2,100,17
hom,7,1,0,27,Hom_7_27_chat.txt,17,22,2,0,2,2,2,2,100,21
hom,7,1,0,27,Hom_7_27_chat.txt,17,27,2,0,2,2,2,2,100,15
hom,7,1,0,27,Hom_7_27_chat.txt,17,9,2,0,1,2,2,2,100,19
hom,7,1,0,27,Hom_7_27_chat.txt,17,10,2,0,2,2,2,2,100,20
hom,7,1,0,27,Hom_7_27_chat.txt,17,19,2,0,1,2,2,2,100,26
hom,7,1,0,27,Hom_7_27_chat.txt,17,1,2,0,2,2,2,2,100,22
hom,7,1,0,27,Hom_7_27_chat.txt,17,2,2,0,1,2,2,2,100,17
hom,7,1,0,27,Hom_7_27_chat.txt,17,7,2,0,2,2,2,2,100,17
hom,7,1,0,27,Hom_7_27_chat.txt,17,11,2,0,2,2,2,2,100,13
hom,7,1,0,27,Hom_7_27_chat.txt,17,18,3,0,1,1,1,1,100,19
hom,7,1,0,27,Hom_7_27_chat.txt,17,26,3,0,1,1,1,1,100,18
hom,7,1,0,27,Hom_7_27_chat.txt,17,6,3,0,1,1,1,1,100,20
hom,7,1,0,27,Hom_7_27_chat.txt,17,15,3,0,2,1,1,1,100,19
hom,7,1,0,27,Hom_7_27_chat.txt,17,12,3,0,2,1,1,1,100,25
hom,7,1,0,27,Hom_7_27_chat.txt,17,23,3,0,1,1,1,1,100,48
hom,7,1,0,27,Hom_7_27_chat.txt,17,24,3,0,1,1,1,1,100,19
hom,7,1,0,27,Hom_7_27_chat.txt,17,3,3,0,2,1,1,1,100,45
hom,7,1,0,27,Hom_7_27_chat.txt,17,8,3,0,1,1,1,1,100,23
hom,7,1,0,27,Hom_7_27_chat.txt,18,23,1,0,2,2,2,2,100,16
hom,7,1,0,27,Hom_7_27_chat.txt,18,21,1,0,2,2,2,2,100,21
hom,7,1,0,27,Hom_7_27_chat.txt,18,16,1,0,1,2,2,2,100,17
hom,7,1,0,27,Hom_7_27_chat.txt,18,4,1,0,2,2,2,2,100,17
hom,7,1,0,27,Hom_7_27_chat.txt,18,22,1,0,2,2,2,2,100,13
hom,7,1,0,27,Hom_7_27_chat.txt,18,10,1,0,2,2,2,2,100,17
hom,7,1,0,27,Hom_7_27_chat.txt,18,12,1,0,2,2,2,2,100,20
hom,7,1,0,27,Hom_7_27_chat.txt,18,24,1,0,2,2,2,2,100,15
hom,7,1,0,27,Hom_7_27_chat.txt,18,27,1,0,2,2,2,2,100,14
hom,7,1,0,27,Hom_7_27_chat.txt,18,15,2,0,1,2,2,2,100,19
hom,7,1,0,27,Hom_7_27_chat.txt,18,26,2,0,1,2,2,2,100,14
hom,7,1,0,27,Hom_7_27_chat.txt,18,5,2,0,1,2,2,2,100,31
hom,7,1,0,27,Hom_7_27_chat.txt,18,11,2,0,2,2,2,2,100,12
hom,7,1,0,27,Hom_7_27_chat.txt,18,7,2,0,2,2,2,2,100,20
hom,7,1,0,27,Hom_7_27_chat.txt,18,20,2,0,1,2,2,2,100,23
hom,7,1,0,27,Hom_7_27_chat.txt,18,18,2,0,2,2,2,2,100,21
hom,7,1,0,27,Hom_7_27_chat.txt,18,14,2,0,2,2,2,2,100,19
hom,7,1,0,27,Hom_7_27_chat.txt,18,13,2,0,2,2,2,2,100,26
hom,7,1,0,27,Hom_7_27_chat.txt,18,1,3,0,1,1,1,1,100,37
hom,7,1,0,27,Hom_7_27_chat.txt,18,17,3,0,2,1,1,1,100,37
hom,7,1,0,27,Hom_7_27_chat.txt,18,8,3,0,2,1,1,1,100,38
hom,7,1,0,27,Hom_7_27_chat.txt,18,3,3,0,1,1,1,1,100,28
hom,7,1,0,27,Hom_7_27_chat.txt,18,2,3,0,2,1,1,1,100,35
hom,7,1,0,27,Hom_7_27_chat.txt,18,9,3,0,1,1,1,1,100,32
hom,7,1,0,27,Hom_7_27_chat.txt,18,6,3,0,1,1,1,1,100,34
hom,7,1,0,27,Hom_7_27_chat.txt,18,19,3,0,1,1,1,1,100,36
hom,7,1,0,27,Hom_7_27_chat.txt,18,25,3,0,2,1,1,1,100,35
hom,7,0,0,27,Hom_7_27_nochat.txt,1,10,1,0,2,2,2,1,10,4
hom,7,0,0,27,Hom_7_27_nochat.txt,1,3,1,0,1,2,2,1,10,7
hom,7,0,0,27,Hom_7_27_nochat.txt,1,1,1,0,1,2,2,1,10,15
hom,7,0,0,27,Hom_7_27_nochat.txt,1,15,1,0,2,2,2,1,10,7
hom,7,0,0,27,Hom_7_27_nochat.txt,1,20,1,0,1,1,2,1,10,7
hom,7,0,0,27,Hom_7_27_nochat.txt,1,9,1,0,1,1,2,1,10,11
hom,7,0,0,27,Hom_7_27_nochat.txt,1,14,1,0,2,2,2,1,10,9
hom,7,0,0,27,Hom_7_27_nochat.txt,1,17,1,0,1,1,2,1,10,7
hom,7,0,0,27,Hom_7_27_nochat.txt,1,12,1,0,2,2,2,1,10,12
hom,7,0,0,27,Hom_7_27_nochat.txt,1,13,2,0,2,2,2,1,10,4
hom,7,0,0,27,Hom_7_27_nochat.txt,1,25,2,0,1,2,2,1,10,31
hom,7,0,0,27,Hom_7_27_nochat.txt,1,22,2,0,1,1,2,1,10,57
hom,7,0,0,27,Hom_7_27_nochat.txt,1,26,2,0,2,2,2,1,10,6
hom,7,0,0,27,Hom_7_27_nochat.txt,1,5,2,0,1,2,2,1,10,13
hom,7,0,0,27,Hom_7_27_nochat.txt,1,19,2,0,1,1,2,1,10,17
hom,7,0,0,27,Hom_7_27_nochat.txt,1,23,2,0,2,2,2,1,10,21
hom,7,0,0,27,Hom_7_27_nochat.txt,1,27,2,0,1,1,2,1,10,12
hom,7,0,0,27,Hom_7_27_nochat.txt,1,21,2,0,2,1,2,1,10,12
hom,7,0,0,27,Hom_7_27_nochat.txt,1,8,3,0,1,1,2,1,10,10
hom,7,0,0,27,Hom_7_27_nochat.txt,1,16,3,0,1,1,2,1,10,20
hom,7,0,0,27,Hom_7_27_nochat.txt,1,18,3,0,1,2,2,1,10,25
hom,7,0,0,27,Hom_7_27_nochat.txt,1,6,3,0,1,1,2,1,10,12
hom,7,0,0,27,Hom_7_27_nochat.txt,1,4,3,0,1,1,2,1,10,37
hom,7,0,0,27,Hom_7_27_nochat.txt,1,11,3,0,2,2,2,1,10,7
hom,7,0,0,27,Hom_7_27_nochat.txt,1,7,3,0,2,2,2,1,10,15
hom,7,0,0,27,Hom_7_27_nochat.txt,1,2,3,0,2,2,2,1,10,11
hom,7,0,0,27,Hom_7_27_nochat.txt,1,24,3,0,1,1,2,1,10,12
hom,7,0,0,27,Hom_7_27_nochat.txt,2,21,1,0,1,1,1,2,10,22
hom,7,0,0,27,Hom_7_27_nochat.txt,2,4,1,0,1,1,1,2,10,14
hom,7,0,0,27,Hom_7_27_nochat.txt,2,11,1,0,2,2,1,2,10,6
hom,7,0,0,27,Hom_7_27_nochat.txt,2,18,1,0,1,2,1,2,10,19
hom,7,0,0,27,Hom_7_27_nochat.txt,2,6,1,0,1,1,1,2,10,8
hom,7,0,0,27,Hom_7_27_nochat.txt,2,25,1,0,2,1,1,2,10,33
hom,7,0,0,27,Hom_7_27_nochat.txt,2,5,1,0,1,1,1,2,10,29
hom,7,0,0,27,Hom_7_27_nochat.txt,2,8,1,0,1,1,1,2,10,7
hom,7,0,0,27,Hom_7_27_nochat.txt,2,10,1,0,1,1,1,2,10,3
hom,7,0,0,27,Hom_7_27_nochat.txt,2,23,2,0,2,2,1,1,100,26
hom,7,0,0,27,Hom_7_27_nochat.txt,2,2,2,0,2,2,1,1,100,8
hom,7,0,0,27,Hom_7_27_nochat.txt,2,27,2,0,1,1,1,1,100,37
hom,7,0,0,27,Hom_7_27_nochat.txt,2,1,2,0,1,1,1,1,100,14
hom,7,0,0,27,Hom_7_27_nochat.txt,2,26,2,0,1,1,1,1,100,22
hom,7,0,0,27,Hom_7_27_nochat.txt,2,14,2,0,1,1,1,1,100,4
hom,7,0,0,27,Hom_7_27_nochat.txt,2,20,2,0,1,1,1,1,100,4
hom,7,0,0,27,Hom_7_27_nochat.txt,2,9,2,0,1,1,1,1,100,8
hom,7,0,0,27,Hom_7_27_nochat.txt,2,16,2,0,1,1,1,1,100,19
hom,7,0,0,27,Hom_7_27_nochat.txt,2,24,3,0,2,2,2,2,100,6
hom,7,0,0,27,Hom_7_27_nochat.txt,2,22,3,0,2,1,2,2,100,78
hom,7,0,0,27,Hom_7_27_nochat.txt,2,19,3,0,1,2,2,2,100,45
hom,7,0,0,27,Hom_7_27_nochat.txt,2,7,3,0,1,1,2,2,100,6
hom,7,0,0,27,Hom_7_27_nochat.txt,2,17,3,0,2,2,2,2,100,6
hom,7,0,0,27,Hom_7_27_nochat.txt,2,13,3,0,1,1,2,2,100,10
hom,7,0,0,27,Hom_7_27_nochat.txt,2,12,3,0,1,1,2,2,100,7
hom,7,0,0,27,Hom_7_27_nochat.txt,2,15,3,0,1,1,2,2,100,6
hom,7,0,0,27,Hom_7_27_nochat.txt,2,3,3,0,1,1,2,2,100,10
hom,7,0,0,27,Hom_7_27_nochat.txt,3,19,1,0,2,1,2,2,100,19
hom,7,0,0,27,Hom_7_27_nochat.txt,3,5,1,0,1,1,2,2,100,8
hom,7,0,0,27,Hom_7_27_nochat.txt,3,25,1,0,2,2,2,2,100,20
hom,7,0,0,27,Hom_7_27_nochat.txt,3,10,1,0,2,2,2,2,100,4
hom,7,0,0,27,Hom_7_27_nochat.txt,3,2,1,0,2,2,2,2,100,6
hom,7,0,0,27,Hom_7_27_nochat.txt,3,18,1,0,2,2,2,2,100,7
hom,7,0,0,27,Hom_7_27_nochat.txt,3,24,1,0,2,2,2,2,100,7
hom,7,0,0,27,Hom_7_27_nochat.txt,3,4,1,0,2,1,2,2,100,11
hom,7,0,0,27,Hom_7_27_nochat.txt,3,17,1,0,1,1,2,2,100,10
hom,7,0,0,27,Hom_7_27_nochat.txt,3,12,2,0,1,2,2,1,10,19
hom,7,0,0,27,Hom_7_27_nochat.txt,3,1,2,0,2,1,2,1,10,8
hom,7,0,0,27,Hom_7_27_nochat.txt,3,7,2,0,1,1,2,1,10,7
hom,7,0,0,27,Hom_7_27_nochat.txt,3,8,2,0,1,1,2,1,10,6
hom,7,0,0,27,Hom_7_27_nochat.txt,3,6,2,0,1,2,2,1,10,7
hom,7,0,0,27,Hom_7_27_nochat.txt,3,3,2,0,1,1,2,1,10,15
hom,7,0,0,27,Hom_7_27_nochat.txt,3,9,2,0,1,2,2,1,10,4
hom,7,0,0,27,Hom_7_27_nochat.txt,3,14,2,0,1,1,2,1,10,4
hom,7,0,0,27,Hom_7_27_nochat.txt,3,16,2,0,1,2,2,1,10,5
hom,7,0,0,27,Hom_7_27_nochat.txt,3,15,3,0,2,2,2,2,100,11
hom,7,0,0,27,Hom_7_27_nochat.txt,3,26,3,0,2,2,2,2,100,9
hom,7,0,0,27,Hom_7_27_nochat.txt,3,22,3,0,2,2,2,2,100,109
hom,7,0,0,27,Hom_7_27_nochat.txt,3,13,3,0,2,2,2,2,100,7
hom,7,0,0,27,Hom_7_27_nochat.txt,3,21,3,0,2,1,2,2,100,17
hom,7,0,0,27,Hom_7_27_nochat.txt,3,11,3,0,1,1,2,2,100,4
hom,7,0,0,27,Hom_7_27_nochat.txt,3,20,3,0,2,2,2,2,100,10
hom,7,0,0,27,Hom_7_27_nochat.txt,3,27,3,0,1,1,2,2,100,8
hom,7,0,0,27,Hom_7_27_nochat.txt,3,23,3,0,2,1,2,2,100,14
hom,7,0,0,27,Hom_7_27_nochat.txt,4,25,1,0,2,1,2,2,100,10
hom,7,0,0,27,Hom_7_27_nochat.txt,4,14,1,0,1,1,2,2,100,3
hom,7,0,0,27,Hom_7_27_nochat.txt,4,5,1,0,2,2,2,2,100,7
hom,7,0,0,27,Hom_7_27_nochat.txt,4,17,1,0,2,2,2,2,100,12
hom,7,0,0,27,Hom_7_27_nochat.txt,4,13,1,0,2,2,2,2,100,4
hom,7,0,0,27,Hom_7_27_nochat.txt,4,21,1,0,1,1,2,2,100,43
hom,7,0,0,27,Hom_7_27_nochat.txt,4,20,1,0,2,2,2,2,100,6
hom,7,0,0,27,Hom_7_27_nochat.txt,4,16,1,0,2,2,2,2,100,9
hom,7,0,0,27,Hom_7_27_nochat.txt,4,4,1,0,1,1,2,2,100,14
hom,7,0,0,27,Hom_7_27_nochat.txt,4,22,2,0,1,1,2,2,100,13
hom,7,0,0,27,Hom_7_27_nochat.txt,4,27,2,0,1,1,2,2,100,27
hom,7,0,0,27,Hom_7_27_nochat.txt,4,9,2,0,2,2,2,2,100,8
hom,7,0,0,27,Hom_7_27_nochat.txt,4,10,2,0,2,2,2,2,100,3
hom,7,0,0,27,Hom_7_27_nochat.txt,4,19,2,0,1,1,2,2,100,10
hom,7,0,0,27,Hom_7_27_nochat.txt,4,1,2,0,2,1,2,2,100,5
hom,7,0,0,27,Hom_7_27_nochat.txt,4,2,2,0,2,2,2,2,100,6
hom,7,0,0,27,Hom_7_27_nochat.txt,4,7,2,0,2,2,2,2,100,7
hom,7,0,0,27,Hom_7_27_nochat.txt,4,11,2,0,2,1,2,2,100,11
hom,7,0,0,27,Hom_7_27_nochat.txt,4,18,3,0,1,1,1,1,100,6
hom,7,0,0,27,Hom_7_27_nochat.txt,4,26,3,0,1,1,1,1,100,8
hom,7,0,0,27,Hom_7_27_nochat.txt,4,6,3,0,1,1,1,1,100,3
hom,7,0,0,27,Hom_7_27_nochat.txt,4,15,3,0,1,1,1,1,100,4
hom,7,0,0,27,Hom_7_27_nochat.txt,4,12,3,0,1,1,1,1,100,4
hom,7,0,0,27,Hom_7_27_nochat.txt,4,23,3,0,1,1,1,1,100,49
hom,7,0,0,27,Hom_7_27_nochat.txt,4,24,3,0,1,1,1,1,100,6
hom,7,0,0,27,Hom_7_27_nochat.txt,4,3,3,0,2,2,1,1,100,6
hom,7,0,0,27,Hom_7_27_nochat.txt,4,8,3,0,1,1,1,1,100,3
hom,7,0,0,27,Hom_7_27_nochat.txt,5,23,1,0,2,2,2,2,100,18
hom,7,0,0,27,Hom_7_27_nochat.txt,5,21,1,0,2,2,2,2,100,39
hom,7,0,0,27,Hom_7_27_nochat.txt,5,16,1,0,2,1,2,2,100,10
hom,7,0,0,27,Hom_7_27_nochat.txt,5,4,1,0,2,2,2,2,100,6
hom,7,0,0,27,Hom_7_27_nochat.txt,5,22,1,0,1,1,2,2,100,11
hom,7,0,0,27,Hom_7_27_nochat.txt,5,10,1,0,2,2,2,2,100,4
hom,7,0,0,27,Hom_7_27_nochat.txt,5,12,1,0,2,2,2,2,100,7
hom,7,0,0,27,Hom_7_27_nochat.txt,5,24,1,0,1,1,2,2,100,6
hom,7,0,0,27,Hom_7_27_nochat.txt,5,27,1,0,2,2,2,2,100,19
hom,7,0,0,27,Hom_7_27_nochat.txt,5,15,2,0,2,2,2,2,100,3
hom,7,0,0,27,Hom_7_27_nochat.txt,5,26,2,0,1,1,2,2,100,7
hom,7,0,0,27,Hom_7_27_nochat.txt,5,5,2,0,2,2,2,2,100,4
hom,7,0,0,27,Hom_7_27_nochat.txt,5,11,2,0,1,1,2,2,100,6
hom,7,0,0,27,Hom_7_27_nochat.txt,5,7,2,0,2,1,2,2,100,3
hom,7,0,0,27,Hom_7_27_nochat.txt,5,20,2,0,2,2,2,2,100,20
hom,7,0,0,27,Hom_7_27_nochat.txt,5,18,2,0,2,2,2,2,100,14
hom,7,0,0,27,Hom_7_27_nochat.txt,5,14,2,0,2,2,2,2,100,7
hom,7,0,0,27,Hom_7_27_nochat.txt,5,13,2,0,1,1,2,2,100,4
hom,7,0,0,27,Hom_7_27_nochat.txt,5,1,3,0,2,1,2,2,100,4
hom,7,0,0,27,Hom_7_27_nochat.txt,5,17,3,0,2,1,2,2,100,11
hom,7,0,0,27,Hom_7_27_nochat.txt,5,8,3,0,2,2,2,2,100,12
hom,7,0,0,27,Hom_7_27_nochat.txt,5,3,3,0,2,2,2,2,100,5
hom,7,0,0,27,Hom_7_27_nochat.txt,5,2,3,0,2,2,2,2,100,3
hom,7,0,0,27,Hom_7_27_nochat.txt,5,9,3,0,2,2,2,2,100,3
hom,7,0,0,27,Hom_7_27_nochat.txt,5,6,3,0,1,1,2,2,100,4
hom,7,0,0,27,Hom_7_27_nochat.txt,5,19,3,0,1,2,2,2,100,10
hom,7,0,0,27,Hom_7_27_nochat.txt,5,25,3,0,2,1,2,2,100,19
hom,7,0,0,27,Hom_7_27_nochat.txt,6,2,1,0,1,1,2,1,10,4
hom,7,0,0,27,Hom_7_27_nochat.txt,6,27,1,0,2,2,2,1,10,15
hom,7,0,0,27,Hom_7_27_nochat.txt,6,14,1,0,1,1,2,1,10,3
hom,7,0,0,27,Hom_7_27_nochat.txt,6,25,1,0,1,1,2,1,10,8
hom,7,0,0,27,Hom_7_27_nochat.txt,6,7,1,0,1,1,2,1,10,4
hom,7,0,0,27,Hom_7_27_nochat.txt,6,8,1,0,1,1,2,1,10,8
hom,7,0,0,27,Hom_7_27_nochat.txt,6,6,1,0,2,2,2,1,10,6
hom,7,0,0,27,Hom_7_27_nochat.txt,6,19,1,0,2,2,2,1,10,7
hom,7,0,0,27,Hom_7_27_nochat.txt,6,22,1,0,1,1,2,1,10,31
hom,7,0,0,27,Hom_7_27_nochat.txt,6,5,2,0,1,1,2,2,100,4
hom,7,0,0,27,Hom_7_27_nochat.txt,6,9,2,0,2,2,2,2,100,4
hom,7,0,0,27,Hom_7_27_nochat.txt,6,16,2,0,2,2,2,2,100,23
hom,7,0,0,27,Hom_7_27_nochat.txt,6,13,2,0,2,2,2,2,100,4
hom,7,0,0,27,Hom_7_27_nochat.txt,6,20,2,0,2,2,2,2,100,7
hom,7,0,0,27,Hom_7_27_nochat.txt,6,17,2,0,2,2,2,2,100,9
hom,7,0,0,27,Hom_7_27_nochat.txt,6,11,2,0,1,2,2,2,100,6
hom,7,0,0,27,Hom_7_27_nochat.txt,6,3,2,0,2,1,2,2,100,5
hom,7,0,0,27,Hom_7_27_nochat.txt,6,10,2,0,2,2,2,2,100,4
hom,7,0,0,27,Hom_7_27_nochat.txt,6,18,3,0,1,1,1,1,100,4
hom,7,0,0,27,Hom_7_27_nochat.txt,6,15,3,0,2,2,1,1,100,3
hom,7,0,0,27,Hom_7_27_nochat.txt,6,23,3,0,1,1,1,1,100,19
hom,7,0,0,27,Hom_7_27_nochat.txt,6,12,3,0,1,2,1,1,100,7
hom,7,0,0,27,Hom_7_27_nochat.txt,6,26,3,0,1,1,1,1,100,5
hom,7,0,0,27,Hom_7_27_nochat.txt,6,21,3,0,1,1,1,1,100,26
hom,7,0,0,27,Hom_7_27_nochat.txt,6,1,3,0,1,1,1,1,100,3
hom,7,0,0,27,Hom_7_27_nochat.txt,6,24,3,0,1,1,1,1,100,8
hom,7,0,0,27,Hom_7_27_nochat.txt,6,4,3,0,1,1,1,1,100,15
hom,7,0,0,27,Hom_7_27_nochat.txt,7,9,1,0,1,1,1,1,100,2
hom,7,0,0,27,Hom_7_27_nochat.txt,7,8,1,0,1,1,1,1,100,3
hom,7,0,0,27,Hom_7_27_nochat.txt,7,17,1,0,2,1,1,1,100,7
hom,7,0,0,27,Hom_7_27_nochat.txt,7,14,1,0,1,1,1,1,100,3
hom,7,0,0,27,Hom_7_27_nochat.txt,7,22,1,0,2,2,1,1,100,15
hom,7,0,0,27,Hom_7_27_nochat.txt,7,1,1,0,1,1,1,1,100,5
hom,7,0,0,27,Hom_7_27_nochat.txt,7,20,1,0,1,1,1,1,100,6
hom,7,0,0,27,Hom_7_27_nochat.txt,7,7,1,0,2,1,1,1,100,8
hom,7,0,0,27,Hom_7_27_nochat.txt,7,26,1,0,1,1,1,1,100,10
hom,7,0,0,27,Hom_7_27_nochat.txt,7,21,2,0,1,2,2,1,10,10
hom,7,0,0,27,Hom_7_27_nochat.txt,7,5,2,0,1,1,2,1,10,9
hom,7,0,0,27,Hom_7_27_nochat.txt,7,11,2,0,1,1,2,1,10,5
hom,7,0,0,27,Hom_7_27_nochat.txt,7,10,2,0,1,1,2,1,10,3
hom,7,0,0,27,Hom_7_27_nochat.txt,7,24,2,0,1,1,2,1,10,4
hom,7,0,0,27,Hom_7_27_nochat.txt,7,4,2,0,1,1,2,1,10,6
hom,7,0,0,27,Hom_7_27_nochat.txt,7,6,2,0,1,1,2,1,10,7
hom,7,0,0,27,Hom_7_27_nochat.txt,7,23,2,0,2,2,2,1,10,14
hom,7,0,0,27,Hom_7_27_nochat.txt,7,18,2,0,2,2,2,1,10,3
hom,7,0,0,27,Hom_7_27_nochat.txt,7,15,3,0,2,2,2,2,100,2
hom,7,0,0,27,Hom_7_27_nochat.txt,7,19,3,0,1,1,2,2,100,9
hom,7,0,0,27,Hom_7_27_nochat.txt,7,13,3,0,2,2,2,2,100,4
hom,7,0,0,27,Hom_7_27_nochat.txt,7,3,3,0,2,2,2,2,100,4
hom,7,0,0,27,Hom_7_27_nochat.txt,7,27,3,0,1,1,2,2,100,14
hom,7,0,0,27,Hom_7_27_nochat.txt,7,25,3,0,1,2,2,2,100,17
hom,7,0,0,27,Hom_7_27_nochat.txt,7,2,3,0,2,2,2,2,100,11
hom,7,0,0,27,Hom_7_27_nochat.txt,7,16,3,0,1,1,2,2,100,18
hom,7,0,0,27,Hom_7_27_nochat.txt,7,12,3,0,2,2,2,2,100,6
hom,7,0,0,27,Hom_7_27_nochat.txt,8,7,1,0,2,1,2,2,100,3
hom,7,0,0,27,Hom_7_27_nochat.txt,8,21,1,0,2,2,2,2,100,28
hom,7,0,0,27,Hom_7_27_nochat.txt,8,15,1,0,1,1,2,2,100,2
hom,7,0,0,27,Hom_7_27_nochat.txt,8,27,1,0,2,2,2,2,100,11
hom,7,0,0,27,Hom_7_27_nochat.txt,8,26,1,0,2,2,2,2,100,9
hom,7,0,0,27,Hom_7_27_nochat.txt,8,14,1,0,2,2,2,2,100,3
hom,7,0,0,27,Hom_7_27_nochat.txt,8,8,1,0,2,2,2,2,100,5
hom,7,0,0,27,Hom_7_27_nochat.txt,8,19,1,0,2,2,2,2,100,13
hom,7,0,0,27,Hom_7_27_nochat.txt,8,5,1,0,2,2,2,2,100,5
hom,7,0,0,27,Hom_7_27_nochat.txt,8,25,2,0,1,2,2,1,10,15
hom,7,0,0,27,Hom_7_27_nochat.txt,8,4,2,0,1,1,2,1,10,11
hom,7,0,0,27,Hom_7_27_nochat.txt,8,12,2,0,2,1,2,1,10,8
hom,7,0,0,27,Hom_7_27_nochat.txt,8,3,2,0,1,1,2,1,10,4
hom,7,0,0,27,Hom_7_27_nochat.txt,8,17,2,0,1,2,2,1,10,7
hom,7,0,0,27,Hom_7_27_nochat.txt,8,9,2,0,1,1,2,1,10,3
hom,7,0,0,27,Hom_7_27_nochat.txt,8,2,2,0,2,2,2,1,10,6
hom,7,0,0,27,Hom_7_27_nochat.txt,8,24,2,0,1,1,2,1,10,6
hom,7,0,0,27,Hom_7_27_nochat.txt,8,1,2,0,1,1,2,1,10,8
hom,7,0,0,27,Hom_7_27_nochat.txt,8,23,3,0,2,2,2,2,100,42
hom,7,0,0,27,Hom_7_27_nochat.txt,8,10,3,0,1,1,2,2,100,2
hom,7,0,0,27,Hom_7_27_nochat.txt,8,6,3,0,2,2,2,2,100,20
hom,7,0,0,27,Hom_7_27_nochat.txt,8,13,3,0,2,2,2,2,100,5
hom,7,0,0,27,Hom_7_27_nochat.txt,8,18,3,0,2,2,2,2,100,8
hom,7,0,0,27,Hom_7_27_nochat.txt,8,11,3,0,2,1,2,2,100,9
hom,7,0,0,27,Hom_7_27_nochat.txt,8,16,3,0,2,2,2,2,100,28
hom,7,0,0,27,Hom_7_27_nochat.txt,8,22,3,0,1,2,2,2,100,31
hom,7,0,0,27,Hom_7_27_nochat.txt,8,20,3,0,2,2,2,2,100,4
hom,7,0,0,27,Hom_7_27_nochat.txt,9,10,1,0,1,1,2,1,10,7
hom,7,0,0,27,Hom_7_27_nochat.txt,9,12,1,0,2,2,2,1,10,4
hom,7,0,0,27,Hom_7_27_nochat.txt,9,15,1,0,1,1,2,1,10,2
hom,7,0,0,27,Hom_7_27_nochat.txt,9,18,1,0,1,1,2,1,10,5
hom,7,0,0,27,Hom_7_27_nochat.txt,9,21,1,0,1,1,2,1,10,21
hom,7,0,0,27,Hom_7_27_nochat.txt,9,1,1,0,1,2,2,1,10,4
hom,7,0,0,27,Hom_7_27_nochat.txt,9,11,1,0,2,2,2,1,10,3
hom,7,0,0,27,Hom_7_27_nochat.txt,9,14,1,0,2,2,2,1,10,2
hom,7,0,0,27,Hom_7_27_nochat.txt,9,23,1,0,1,1,2,1,10,11
hom,7,0,0,27,Hom_7_27_nochat.txt,9,7,2,0,1,1,2,1,10,3
hom,7,0,0,27,Hom_7_27_nochat.txt,9,8,2,0,1,1,2,1,10,3
hom,7,0,0,27,Hom_7_27_nochat.txt,9,24,2,0,1,1,2,1,10,2
hom,7,0,0,27,Hom_7_27_nochat.txt,9,17,2,0,1,1,2,1,10,8
hom,7,0,0,27,Hom_7_27_nochat.txt,9,3,2,0,2,2,2,1,10,2
hom,7,0,0,27,Hom_7_27_nochat.txt,9,26,2,0,1,1,2,1,10,5
hom,7,0,0,27,Hom_7_27_nochat.txt,9,5,2,0,1,1,2,1,10,3
hom,7,0,0,27,Hom_7_27_nochat.txt,9,25,2,0,2,2,2,1,10,12
hom,7,0,0,27,Hom_7_27_nochat.txt,9,4,2,0,2,2,2,1,10,10
hom,7,0,0,27,Hom_7_27_nochat.txt,9,20,3,0,1,1,1,1,100,4
hom,7,0,0,27,Hom_7_27_nochat.txt,9,19,3,0,1,1,1,1,100,11
hom,7,0,0,27,Hom_7_27_nochat.txt,9,22,3,0,2,1,1,1,100,25
hom,7,0,0,27,Hom_7_27_nochat.txt,9,16,3,0,2,2,1,1,100,10
hom,7,0,0,27,Hom_7_27_nochat.txt,9,6,3,0,1,1,1,1,100,6
hom,7,0,0,27,Hom_7_27_nochat.txt,9,13,3,0,2,2,1,1,100,3
hom,7,0,0,27,Hom_7_27_nochat.txt,9,2,3,0,1,1,1,1,100,2
hom,7,0,0,27,Hom_7_27_nochat.txt,9,9,3,0,1,1,1,1,100,3
hom,7,0,0,27,Hom_7_27_nochat.txt,9,27,3,0,1,1,1,1,100,4
hom,7,0,0,27,Hom_7_27_nochat.txt,10,12,1,0,2,2,2,2,100,3
hom,7,0,0,27,Hom_7_27_nochat.txt,10,24,1,0,2,2,2,2,100,5
hom,7,0,0,27,Hom_7_27_nochat.txt,10,7,1,0,2,1,2,2,100,12
hom,7,0,0,27,Hom_7_27_nochat.txt,10,23,1,0,1,1,2,2,100,9
hom,7,0,0,27,Hom_7_27_nochat.txt,10,21,1,0,2,2,2,2,100,20
hom,7,0,0,27,Hom_7_27_nochat.txt,10,6,1,0,1,1,2,2,100,7
hom,7,0,0,27,Hom_7_27_nochat.txt,10,17,1,0,1,2,2,2,100,9
hom,7,0,0,27,Hom_7_27_nochat.txt,10,19,1,0,1,1,2,2,100,14
hom,7,0,0,27,Hom_7_27_nochat.txt,10,20,1,0,2,2,2,2,100,4
hom,7,0,0,27,Hom_7_27_nochat.txt,10,5,2,0,2,2,2,2,100,3
hom,7,0,0,27,Hom_7_27_nochat.txt,10,27,2,0,2,2,2,2,100,10
hom,7,0,0,27,Hom_7_27_nochat.txt,10,15,2,0,2,2,2,2,100,3
hom,7,0,0,27,Hom_7_27_nochat.txt,10,11,2,0,1,1,2,2,100,6
hom,7,0,0,27,Hom_7_27_nochat.txt,10,10,2,0,2,2,2,2,100,2
hom,7,0,0,27,Hom_7_27_nochat.txt,10,26,2,0,1,1,2,2,100,9
hom,7,0,0,27,Hom_7_27_nochat.txt,10,25,2,0,2,1,2,2,100,8
hom,7,0,0,27,Hom_7_27_nochat.txt,10,8,2,0,2,2,2,2,100,5
hom,7,0,0,27,Hom_7_27_nochat.txt,10,9,2,0,2,2,2,2,100,3
hom,7,0,0,27,Hom_7_27_nochat.txt,10,18,3,0,2,2,2,2,100,7
hom,7,0,0,27,Hom_7_27_nochat.txt,10,13,3,0,2,2,2,2,100,6
hom,7,0,0,27,Hom_7_27_nochat.txt,10,16,3,0,2,2,2,2,100,8
hom,7,0,0,27,Hom_7_27_nochat.txt,10,2,3,0,2,2,2,2,100,3
hom,7,0,0,27,Hom_7_27_nochat.txt,10,14,3,0,2,2,2,2,100,2
hom,7,0,0,27,Hom_7_27_nochat.txt,10,3,3,0,2,1,2,2,100,2
hom,7,0,0,27,Hom_7_27_nochat.txt,10,4,3,0,2,2,2,2,100,8
hom,7,0,0,27,Hom_7_27_nochat.txt,10,22,3,0,2,2,2,2,100,53
hom,7,0,0,27,Hom_7_27_nochat.txt,10,1,3,0,2,1,2,2,100,4
hom,7,0,0,27,Hom_7_27_nochat.txt,11,12,1,0,1,1,1,1,100,3
hom,7,0,0,27,Hom_7_27_nochat.txt,11,18,1,0,1,1,1,1,100,4
hom,7,0,0,27,Hom_7_27_nochat.txt,11,24,1,0,1,1,1,1,100,4
hom,7,0,0,27,Hom_7_27_nochat.txt,11,17,1,0,2,1,1,1,100,7
hom,7,0,0,27,Hom_7_27_nochat.txt,11,23,1,0,1,1,1,1,100,11
hom,7,0,0,27,Hom_7_27_nochat.txt,11,25,1,0,1,1,1,1,100,8
hom,7,0,0,27,Hom_7_27_nochat.txt,11,22,1,0,2,2,1,1,100,32
hom,7,0,0,27,Hom_7_27_nochat.txt,11,4,1,0,2,2,1,1,100,8
hom,7,0,0,27,Hom_7_27_nochat.txt,11,2,1,0,1,1,1,1,100,2
hom,7,0,0,27,Hom_7_27_nochat.txt,11,15,2,0,1,1,2,1,10,3
hom,7,0,0,27,Hom_7_27_nochat.txt,11,16,2,0,1,1,2,1,10,5
hom,7,0,0,27,Hom_7_27_nochat.txt,11,11,2,0,1,2,2,1,10,7
hom,7,0,0,27,Hom_7_27_nochat.txt,11,14,2,0,2,2,2,1,10,3
hom,7,0,0,27,Hom_7_27_nochat.txt,11,21,2,0,1,1,2,1,10,15
hom,7,0,0,27,Hom_7_27_nochat.txt,11,6,2,0,2,2,2,1,10,3
hom,7,0,0,27,Hom_7_27_nochat.txt,11,26,2,0,1,1,2,1,10,13
hom,7,0,0,27,Hom_7_27_nochat.txt,11,9,2,0,2,2,2,1,10,3
hom,7,0,0,27,Hom_7_27_nochat.txt,11,27,2,0,2,2,2,1,10,9
hom,7,0,0,27,Hom_7_27_nochat.txt,11,7,3,0,1,1,2,2,100,2
hom,7,0,0,27,Hom_7_27_nochat.txt,11,3,3,0,2,2,2,2,100,2
hom,7,0,0,27,Hom_7_27_nochat.txt,11,10,3,0,2,2,2,2,100,3
hom,7,0,0,27,Hom_7_27_nochat.txt,11,19,3,0,2,2,2,2,100,6
hom,7,0,0,27,Hom_7_27_nochat.txt,11,1,3,0,1,1,2,2,100,7
hom,7,0,0,27,Hom_7_27_nochat.txt,11,8,3,0,2,2,2,2,100,3
hom,7,0,0,27,Hom_7_27_nochat.txt,11,13,3,0,2,2,2,2,100,4
hom,7,0,0,27,Hom_7_27_nochat.txt,11,20,3,0,2,2,2,2,100,8
hom,7,0,0,27,Hom_7_27_nochat.txt,11,5,3,0,2,2,2,2,100,4
hom,7,0,0,27,Hom_7_27_nochat.txt,12,18,1,0,1,1,1,1,100,5
hom,7,0,0,27,Hom_7_27_nochat.txt,12,11,1,0,1,1,1,1,100,5
hom,7,0,0,27,Hom_7_27_nochat.txt,12,4,1,0,1,1,1,1,100,7
hom,7,0,0,27,Hom_7_27_nochat.txt,12,2,1,0,2,2,1,1,100,3
hom,7,0,0,27,Hom_7_27_nochat.txt,12,6,1,0,1,1,1,1,100,2
hom,7,0,0,27,Hom_7_27_nochat.txt,12,16,1,0,1,1,1,1,100,7
hom,7,0,0,27,Hom_7_27_nochat.txt,12,3,1,0,1,1,1,1,100,3
hom,7,0,0,27,Hom_7_27_nochat.txt,12,25,1,0,1,1,1,1,100,16
hom,7,0,0,27,Hom_7_27_nochat.txt,12,13,1,0,1,1,1,1,100,4
hom,7,0,0,27,Hom_7_27_nochat.txt,12,15,2,0,2,2,2,2,100,4
hom,7,0,0,27,Hom_7_27_nochat.txt,12,20,2,0,2,2,2,2,100,6
hom,7,0,0,27,Hom_7_27_nochat.txt,12,17,2,0,2,2,2,2,100,9
hom,7,0,0,27,Hom_7_27_nochat.txt,12,10,2,0,2,2,2,2,100,3
hom,7,0,0,27,Hom_7_27_nochat.txt,12,1,2,0,1,1,2,2,100,3
hom,7,0,0,27,Hom_7_27_nochat.txt,12,9,2,0,2,2,2,2,100,3
hom,7,0,0,27,Hom_7_27_nochat.txt,12,8,2,0,1,1,2,2,100,10
hom,7,0,0,27,Hom_7_27_nochat.txt,12,19,2,0,2,2,2,2,100,6
hom,7,0,0,27,Hom_7_27_nochat.txt,12,12,2,0,1,1,2,2,100,3
hom,7,0,0,27,Hom_7_27_nochat.txt,12,26,3,0,1,2,2,1,10,10
hom,7,0,0,27,Hom_7_27_nochat.txt,12,24,3,0,2,2,2,1,10,4
hom,7,0,0,27,Hom_7_27_nochat.txt,12,23,3,0,2,2,2,1,10,13
hom,7,0,0,27,Hom_7_27_nochat.txt,12,21,3,0,2,2,2,1,10,8
hom,7,0,0,27,Hom_7_27_nochat.txt,12,5,3,0,1,1,2,1,10,7
hom,7,0,0,27,Hom_7_27_nochat.txt,12,22,3,0,1,1,2,1,10,19
hom,7,0,0,27,Hom_7_27_nochat.txt,12,27,3,0,1,1,2,1,10,3
hom,7,0,0,27,Hom_7_27_nochat.txt,12,7,3,0,1,1,2,1,10,3
hom,7,0,0,27,Hom_7_27_nochat.txt,12,14,3,0,1,1,2,1,10,3
hom,7,0,0,27,Hom_7_27_nochat.txt,13,14,1,0,1,1,1,1,100,3
hom,7,0,0,27,Hom_7_27_nochat.txt,13,20,1,0,1,1,1,1,100,7
hom,7,0,0,27,Hom_7_27_nochat.txt,13,21,1,0,2,2,1,1,100,21
hom,7,0,0,27,Hom_7_27_nochat.txt,13,24,1,0,1,1,1,1,100,6
hom,7,0,0,27,Hom_7_27_nochat.txt,13,19,1,0,1,1,1,1,100,8
hom,7,0,0,27,Hom_7_27_nochat.txt,13,1,1,0,1,1,1,1,100,9
hom,7,0,0,27,Hom_7_27_nochat.txt,13,3,1,0,2,2,1,1,100,4
hom,7,0,0,27,Hom_7_27_nochat.txt,13,25,1,0,1,1,1,1,100,14
hom,7,0,0,27,Hom_7_27_nochat.txt,13,26,1,0,1,1,1,1,100,9
hom,7,0,0,27,Hom_7_27_nochat.txt,13,2,2,0,1,1,2,1,10,2
hom,7,0,0,27,Hom_7_27_nochat.txt,13,7,2,0,2,1,2,1,10,4
hom,7,0,0,27,Hom_7_27_nochat.txt,13,22,2,0,1,1,2,1,10,17
hom,7,0,0,27,Hom_7_27_nochat.txt,13,9,2,0,2,2,2,1,10,3
hom,7,0,0,27,Hom_7_27_nochat.txt,13,16,2,0,2,2,2,1,10,10
hom,7,0,0,27,Hom_7_27_nochat.txt,13,6,2,0,2,2,2,1,10,3
hom,7,0,0,27,Hom_7_27_nochat.txt,13,23,2,0,2,2,2,1,10,17
hom,7,0,0,27,Hom_7_27_nochat.txt,13,13,2,0,2,2,2,1,10,4
hom,7,0,0,27,Hom_7_27_nochat.txt,13,15,2,0,2,2,2,1,10,3
hom,7,0,0,27,Hom_7_27_nochat.txt,13,12,3,0,1,1,2,1,10,4
hom,7,0,0,27,Hom_7_27_nochat.txt,13,27,3,0,1,1,2,1,10,13
hom,7,0,0,27,Hom_7_27_nochat.txt,13,8,3,0,2,2,2,1,10,4
hom,7,0,0,27,Hom_7_27_nochat.txt,13,17,3,0,2,1,2,1,10,9
hom,7,0,0,27,Hom_7_27_nochat.txt,13,10,3,0,2,2,2,1,10,2
hom,7,0,0,27,Hom_7_27_nochat.txt,13,11,3,0,1,1,2,1,10,4
hom,7,0,0,27,Hom_7_27_nochat.txt,13,4,3,0,2,2,2,1,10,4
hom,7,0,0,27,Hom_7_27_nochat.txt,13,5,3,0,1,1,2,1,10,6
hom,7,0,0,27,Hom_7_27_nochat.txt,13,18,3,0,1,1,2,1,10,4
hom,7,0,0,27,Hom_7_27_nochat.txt,14,11,1,0,2,2,2,2,100,4
hom,7,0,0,27,Hom_7_27_nochat.txt,14,26,1,0,2,2,2,2,100,10
hom,7,0,0,27,Hom_7_27_nochat.txt,14,12,1,0,2,2,2,2,100,4
hom,7,0,0,27,Hom_7_27_nochat.txt,14,7,1,0,1,1,2,2,100,2
hom,7,0,0,27,Hom_7_27_nochat.txt,14,17,1,0,2,2,2,2,100,9
hom,7,0,0,27,Hom_7_27_nochat.txt,14,24,1,0,1,1,2,2,100,5
hom,7,0,0,27,Hom_7_27_nochat.txt,14,16,1,0,1,1,2,2,100,7
hom,7,0,0,27,Hom_7_27_nochat.txt,14,15,1,0,2,2,2,2,100,7
hom,7,0,0,27,Hom_7_27_nochat.txt,14,10,1,0,1,1,2,2,100,2
hom,7,0,0,27,Hom_7_27_nochat.txt,14,9,2,0,2,2,2,1,10,2
hom,7,0,0,27,Hom_7_27_nochat.txt,14,23,2,0,1,1,2,1,10,4
hom,7,0,0,27,Hom_7_27_nochat.txt,14,3,2,0,1,2,2,1,10,6
hom,7,0,0,27,Hom_7_27_nochat.txt,14,5,2,0,1,1,2,1,10,7
hom,7,0,0,27,Hom_7_27_nochat.txt,14,18,2,0,1,1,2,1,10,10
hom,7,0,0,27,Hom_7_27_nochat.txt,14,4,2,0,2,2,2,1,10,11
hom,7,0,0,27,Hom_7_27_nochat.txt,14,20,2,0,1,1,2,1,10,14
hom,7,0,0,27,Hom_7_27_nochat.txt,14,13,2,0,1,1,2,1,10,6
hom,7,0,0,27,Hom_7_27_nochat.txt,14,2,2,0,2,2,2,1,10,4
hom,7,0,0,27,Hom_7_27_nochat.txt,14,25,3,0,1,1,2,2,100,15
hom,7,0,0,27,Hom_7_27_nochat.txt,14,21,3,0,2,1,2,2,100,22
hom,7,0,0,27,Hom_7_27_nochat.txt,14,6,3,0,1,1,2,2,100,4
hom,7,0,0,27,Hom_7_27_nochat.txt,14,1,3,0,2,1,2,2,100,7
hom,7,0,0,27,Hom_7_27_nochat.txt,14,14,3,0,2,2,2,2,100,3
hom,7,0,0,27,Hom_7_27_nochat.txt,14,22,3,0,2,1,2,2,100,16
hom,7,0,0,27,Hom_7_27_nochat.txt,14,19,3,0,2,2,2,2,100,12
hom,7,0,0,27,Hom_7_27_nochat.txt,14,27,3,0,2,2,2,2,100,14
hom,7,0,0,27,Hom_7_27_nochat.txt,14,8,3,0,1,1,2,2,100,4
hom,7,0,0,27,Hom_7_27_nochat.txt,15,4,1,0,1,1,2,2,100,10
hom,7,0,0,27,Hom_7_27_nochat.txt,15,25,1,0,2,1,2,2,100,14
hom,7,0,0,27,Hom_7_27_nochat.txt,15,19,1,0,2,2,2,2,100,11
hom,7,0,0,27,Hom_7_27_nochat.txt,15,17,1,0,2,1,2,2,100,7
hom,7,0,0,27,Hom_7_27_nochat.txt,15,26,1,0,2,2,2,2,100,6
hom,7,0,0,27,Hom_7_27_nochat.txt,15,3,1,0,2,2,2,2,100,2
hom,7,0,0,27,Hom_7_27_nochat.txt,15,21,1,0,2,2,2,2,100,14
hom,7,0,0,27,Hom_7_27_nochat.txt,15,10,1,0,2,2,2,2,100,2
hom,7,0,0,27,Hom_7_27_nochat.txt,15,13,1,0,2,2,2,2,100,4
hom,7,0,0,27,Hom_7_27_nochat.txt,15,27,2,0,2,2,2,2,100,10
hom,7,0,0,27,Hom_7_27_nochat.txt,15,16,2,0,2,2,2,2,100,7
hom,7,0,0,27,Hom_7_27_nochat.txt,15,6,2,0,2,2,2,2,100,7
hom,7,0,0,27,Hom_7_27_nochat.txt,15,18,2,0,1,1,2,2,100,6
hom,7,0,0,27,Hom_7_27_nochat.txt,15,15,2,0,1,1,2,2,100,2
hom,7,0,0,27,Hom_7_27_nochat.txt,15,20,2,0,1,1,2,2,100,11
hom,7,0,0,27,Hom_7_27_nochat.txt,15,1,2,0,2,1,2,2,100,6
hom,7,0,0,27,Hom_7_27_nochat.txt,15,7,2,0,2,1,2,2,100,2
hom,7,0,0,27,Hom_7_27_nochat.txt,15,23,2,0,2,2,2,2,100,5
hom,7,0,0,27,Hom_7_27_nochat.txt,15,22,3,0,1,2,2,2,100,30
hom,7,0,0,27,Hom_7_27_nochat.txt,15,2,3,0,2,2,2,2,100,3
hom,7,0,0,27,Hom_7_27_nochat.txt,15,5,3,0,2,1,2,2,100,3
hom,7,0,0,27,Hom_7_27_nochat.txt,15,12,3,0,2,2,2,2,100,3
hom,7,0,0,27,Hom_7_27_nochat.txt,15,9,3,0,2,2,2,2,100,3
hom,7,0,0,27,Hom_7_27_nochat.txt,15,24,3,0,1,1,2,2,100,4
hom,7,0,0,27,Hom_7_27_nochat.txt,15,8,3,0,2,2,2,2,100,5
hom,7,0,0,27,Hom_7_27_nochat.txt,15,14,3,0,2,2,2,2,100,3
hom,7,0,0,27,Hom_7_27_nochat.txt,15,11,3,0,2,2,2,2,100,3
hom,9,1,1,18,Hom_9_18_chat_rev.txt,1,18,1,0,1,1,1,1,100,28
hom,9,1,1,18,Hom_9_18_chat_rev.txt,1,7,1,0,1,1,1,1,100,41
hom,9,1,1,18,Hom_9_18_chat_rev.txt,1,12,1,0,2,1,1,1,100,44
hom,9,1,1,18,Hom_9_18_chat_rev.txt,1,9,1,0,1,1,1,1,100,43
hom,9,1,1,18,Hom_9_18_chat_rev.txt,1,4,1,0,1,1,1,1,100,38
hom,9,1,1,18,Hom_9_18_chat_rev.txt,1,11,1,0,1,1,1,1,100,30
hom,9,1,1,18,Hom_9_18_chat_rev.txt,1,14,1,0,1,1,1,1,100,48
hom,9,1,1,18,Hom_9_18_chat_rev.txt,1,2,1,0,2,1,1,1,100,22
hom,9,1,1,18,Hom_9_18_chat_rev.txt,1,13,1,0,1,1,1,1,100,33
hom,9,1,1,18,Hom_9_18_chat_rev.txt,1,6,2,0,1,1,1,1,100,52
hom,9,1,1,18,Hom_9_18_chat_rev.txt,1,17,2,0,1,1,1,1,100,78
hom,9,1,1,18,Hom_9_18_chat_rev.txt,1,5,2,0,1,1,1,1,100,41
hom,9,1,1,18,Hom_9_18_chat_rev.txt,1,15,2,0,1,1,1,1,100,46
hom,9,1,1,18,Hom_9_18_chat_rev.txt,1,16,2,0,2,1,1,1,100,42
hom,9,1,1,18,Hom_9_18_chat_rev.txt,1,8,2,0,1,1,1,1,100,42
hom,9,1,1,18,Hom_9_18_chat_rev.txt,1,10,2,0,2,1,1,1,100,47
hom,9,1,1,18,Hom_9_18_chat_rev.txt,1,3,2,0,1,1,1,1,100,45
hom,9,1,1,18,Hom_9_18_chat_rev.txt,1,1,2,0,1,1,1,1,100,51
hom,9,1,1,18,Hom_9_18_chat_rev.txt,2,4,1,0,1,1,1,1,100,35
hom,9,1,1,18,Hom_9_18_chat_rev.txt,2,14,1,0,1,1,1,1,100,49
hom,9,1,1,18,Hom_9_18_chat_rev.txt,2,13,1,0,1,1,1,1,100,40
hom,9,1,1,18,Hom_9_18_chat_rev.txt,2,16,1,0,1,1,1,1,100,36
hom,9,1,1,18,Hom_9_18_chat_rev.txt,2,12,1,0,1,1,1,1,100,45
hom,9,1,1,18,Hom_9_18_chat_rev.txt,2,18,1,0,2,1,1,1,100,36
hom,9,1,1,18,Hom_9_18_chat_rev.txt,2,5,1,0,1,1,1,1,100,29
hom,9,1,1,18,Hom_9_18_chat_rev.txt,2,15,1,0,1,1,1,1,100,47
hom,9,1,1,18,Hom_9_18_chat_rev.txt,2,11,1,0,2,1,1,1,100,32
hom,9,1,1,18,Hom_9_18_chat_rev.txt,2,1,2,0,1,1,1,1,100,71
hom,9,1,1,18,Hom_9_18_chat_rev.txt,2,6,2,0,2,1,1,1,100,63
hom,9,1,1,18,Hom_9_18_chat_rev.txt,2,7,2,0,1,1,1,1,100,54
hom,9,1,1,18,Hom_9_18_chat_rev.txt,2,8,2,0,1,1,1,1,100,53
hom,9,1,1,18,Hom_9_18_chat_rev.txt,2,3,2,0,2,1,1,1,100,60
hom,9,1,1,18,Hom_9_18_chat_rev.txt,2,9,2,0,1,1,1,1,100,67
hom,9,1,1,18,Hom_9_18_chat_rev.txt,2,10,2,0,2,1,1,1,100,62
hom,9,1,1,18,Hom_9_18_chat_rev.txt,2,17,2,0,1,1,1,1,100,77
hom,9,1,1,18,Hom_9_18_chat_rev.txt,2,2,2,0,1,1,1,1,100,33
hom,9,1,1,18,Hom_9_18_chat_rev.txt,3,4,1,0,1,1,1,1,100,32
hom,9,1,1,18,Hom_9_18_chat_rev.txt,3,9,1,0,1,1,1,1,100,30
hom,9,1,1,18,Hom_9_18_chat_rev.txt,3,5,1,0,1,1,1,1,100,25
hom,9,1,1,18,Hom_9_18_chat_rev.txt,3,7,1,0,1,1,1,1,100,36
hom,9,1,1,18,Hom_9_18_chat_rev.txt,3,15,1,0,1,1,1,1,100,31
hom,9,1,1,18,Hom_9_18_chat_rev.txt,3,2,1,0,2,1,1,1,100,18
hom,9,1,1,18,Hom_9_18_chat_rev.txt,3,13,1,0,1,1,1,1,100,34
hom,9,1,1,18,Hom_9_18_chat_rev.txt,3,14,1,0,1,1,1,1,100,55
hom,9,1,1,18,Hom_9_18_chat_rev.txt,3,18,1,0,2,1,1,1,100,26
hom,9,1,1,18,Hom_9_18_chat_rev.txt,3,10,2,0,1,1,1,1,100,33
hom,9,1,1,18,Hom_9_18_chat_rev.txt,3,11,2,0,1,1,1,1,100,25
hom,9,1,1,18,Hom_9_18_chat_rev.txt,3,8,2,0,1,1,1,1,100,28
hom,9,1,1,18,Hom_9_18_chat_rev.txt,3,3,2,0,1,1,1,1,100,28
hom,9,1,1,18,Hom_9_18_chat_rev.txt,3,6,2,0,1,1,1,1,100,28
hom,9,1,1,18,Hom_9_18_chat_rev.txt,3,17,2,0,2,1,1,1,100,41
hom,9,1,1,18,Hom_9_18_chat_rev.txt,3,12,2,0,1,1,1,1,100,30
hom,9,1,1,18,Hom_9_18_chat_rev.txt,3,16,2,0,1,1,1,1,100,30
hom,9,1,1,18,Hom_9_18_chat_rev.txt,3,1,2,0,1,1,1,1,100,40
hom,9,1,1,18,Hom_9_18_chat_rev.txt,4,3,1,0,2,2,2,2,100,22
hom,9,1,1,18,Hom_9_18_chat_rev.txt,4,6,1,0,2,2,2,2,100,30
hom,9,1,1,18,Hom_9_18_chat_rev.txt,4,11,1,0,2,2,2,2,100,20
hom,9,1,1,18,Hom_9_18_chat_rev.txt,4,5,1,0,2,2,2,2,100,20
hom,9,1,1,18,Hom_9_18_chat_rev.txt,4,15,1,0,2,2,2,2,100,22
hom,9,1,1,18,Hom_9_18_chat_rev.txt,4,7,1,0,2,2,2,2,100,31
hom,9,1,1,18,Hom_9_18_chat_rev.txt,4,16,1,0,2,2,2,2,100,24
hom,9,1,1,18,Hom_9_18_chat_rev.txt,4,14,1,0,2,2,2,2,100,22
hom,9,1,1,18,Hom_9_18_chat_rev.txt,4,17,1,0,1,2,2,2,100,29
hom,9,1,1,18,Hom_9_18_chat_rev.txt,4,10,2,0,2,2,2,2,100,28
hom,9,1,1,18,Hom_9_18_chat_rev.txt,4,8,2,0,2,2,2,2,100,23
hom,9,1,1,18,Hom_9_18_chat_rev.txt,4,13,2,0,1,2,2,2,100,21
hom,9,1,1,18,Hom_9_18_chat_rev.txt,4,12,2,0,2,2,2,2,100,30
hom,9,1,1,18,Hom_9_18_chat_rev.txt,4,4,2,0,2,2,2,2,100,20
hom,9,1,1,18,Hom_9_18_chat_rev.txt,4,18,2,0,2,2,2,2,100,25
hom,9,1,1,18,Hom_9_18_chat_rev.txt,4,2,2,0,2,2,2,2,100,19
hom,9,1,1,18,Hom_9_18_chat_rev.txt,4,1,2,0,2,2,2,2,100,34
hom,9,1,1,18,Hom_9_18_chat_rev.txt,4,9,2,0,2,2,2,2,100,23
hom,9,1,1,18,Hom_9_18_chat_rev.txt,5,10,1,0,1,1,1,1,100,49
hom,9,1,1,18,Hom_9_18_chat_rev.txt,5,12,1,0,1,1,1,1,100,21
hom,9,1,1,18,Hom_9_18_chat_rev.txt,5,11,1,0,2,1,1,1,100,21
hom,9,1,1,18,Hom_9_18_chat_rev.txt,5,3,1,0,1,1,1,1,100,24
hom,9,1,1,18,Hom_9_18_chat_rev.txt,5,13,1,0,2,1,1,1,100,16
hom,9,1,1,18,Hom_9_18_chat_rev.txt,5,8,1,0,1,1,1,1,100,58
hom,9,1,1,18,Hom_9_18_chat_rev.txt,5,6,1,0,1,1,1,1,100,30
hom,9,1,1,18,Hom_9_18_chat_rev.txt,5,2,1,0,1,1,1,1,100,16
hom,9,1,1,18,Hom_9_18_chat_rev.txt,5,4,1,0,1,1,1,1,100,20
hom,9,1,1,18,Hom_9_18_chat_rev.txt,5,14,2,0,2,2,2,2,100,24
hom,9,1,1,18,Hom_9_18_chat_rev.txt,5,18,2,0,2,2,2,2,100,24
hom,9,1,1,18,Hom_9_18_chat_rev.txt,5,17,2,0,2,2,2,2,100,37
hom,9,1,1,18,Hom_9_18_chat_rev.txt,5,1,2,0,2,2,2,2,100,35
hom,9,1,1,18,Hom_9_18_chat_rev.txt,5,7,2,0,2,2,2,2,100,30
hom,9,1,1,18,Hom_9_18_chat_rev.txt,5,5,2,0,1,2,2,2,100,23
hom,9,1,1,18,Hom_9_18_chat_rev.txt,5,9,2,0,2,2,2,2,100,23
hom,9,1,1,18,Hom_9_18_chat_rev.txt,5,15,2,0,2,2,2,2,100,28
hom,9,1,1,18,Hom_9_18_chat_rev.txt,5,16,2,0,1,2,2,2,100,23
hom,9,1,1,18,Hom_9_18_chat_rev.txt,6,18,1,0,2,2,2,2,100,29
hom,9,1,1,18,Hom_9_18_chat_rev.txt,6,14,1,0,2,2,2,2,100,20
hom,9,1,1,18,Hom_9_18_chat_rev.txt,6,15,1,0,2,2,2,2,100,30
hom,9,1,1,18,Hom_9_18_chat_rev.txt,6,17,1,0,2,2,2,2,100,36
hom,9,1,1,18,Hom_9_18_chat_rev.txt,6,13,1,0,2,2,2,2,100,36
hom,9,1,1,18,Hom_9_18_chat_rev.txt,6,7,1,0,2,2,2,2,100,31
hom,9,1,1,18,Hom_9_18_chat_rev.txt,6,3,1,0,2,2,2,2,100,28
hom,9,1,1,18,Hom_9_18_chat_rev.txt,6,10,1,0,1,2,2,2,100,30
hom,9,1,1,18,Hom_9_18_chat_rev.txt,6,1,1,0,2,2,2,2,100,32
hom,9,1,1,18,Hom_9_18_chat_rev.txt,6,6,2,0,2,1,1,1,100,32
hom,9,1,1,18,Hom_9_18_chat_rev.txt,6,2,2,0,1,1,1,1,100,21
hom,9,1,1,18,Hom_9_18_chat_rev.txt,6,4,2,0,2,1,1,1,100,36
hom,9,1,1,18,Hom_9_18_chat_rev.txt,6,12,2,0,1,1,1,1,100,36
hom,9,1,1,18,Hom_9_18_chat_rev.txt,6,11,2,0,1,1,1,1,100,33
hom,9,1,1,18,Hom_9_18_chat_rev.txt,6,9,2,0,1,1,1,1,100,32
hom,9,1,1,18,Hom_9_18_chat_rev.txt,6,16,2,0,1,1,1,1,100,35
hom,9,1,1,18,Hom_9_18_chat_rev.txt,6,5,2,0,1,1,1,1,100,31
hom,9,1,1,18,Hom_9_18_chat_rev.txt,6,8,2,0,2,1,1,1,100,35
hom,9,1,1,18,Hom_9_18_chat_rev.txt,7,3,1,0,2,2,2,2,100,44
hom,9,1,1,18,Hom_9_18_chat_rev.txt,7,12,1,0,2,2,2,2,100,48
hom,9,1,1,18,Hom_9_18_chat_rev.txt,7,2,1,0,1,2,2,2,100,41
hom,9,1,1,18,Hom_9_18_chat_rev.txt,7,11,1,0,1,2,2,2,100,39
hom,9,1,1,18,Hom_9_18_chat_rev.txt,7,6,1,0,2,2,2,2,100,49
hom,9,1,1,18,Hom_9_18_chat_rev.txt,7,16,1,0,1,2,2,2,100,43
hom,9,1,1,18,Hom_9_18_chat_rev.txt,7,17,1,0,2,2,2,2,100,49
hom,9,1,1,18,Hom_9_18_chat_rev.txt,7,9,1,0,2,2,2,2,100,44
hom,9,1,1,18,Hom_9_18_chat_rev.txt,7,14,1,0,1,2,2,2,100,50
hom,9,1,1,18,Hom_9_18_chat_rev.txt,7,10,2,0,1,1,1,1,100,21
hom,9,1,1,18,Hom_9_18_chat_rev.txt,7,5,2,0,1,1,1,1,100,28
hom,9,1,1,18,Hom_9_18_chat_rev.txt,7,8,2,0,1,1,1,1,100,20
hom,9,1,1,18,Hom_9_18_chat_rev.txt,7,4,2,0,1,1,1,1,100,18
hom,9,1,1,18,Hom_9_18_chat_rev.txt,7,7,2,0,1,1,1,1,100,23
hom,9,1,1,18,Hom_9_18_chat_rev.txt,7,1,2,0,2,1,1,1,100,24
hom,9,1,1,18,Hom_9_18_chat_rev.txt,7,13,2,0,1,1,1,1,100,16
hom,9,1,1,18,Hom_9_18_chat_rev.txt,7,15,2,0,1,1,1,1,100,28
hom,9,1,1,18,Hom_9_18_chat_rev.txt,7,18,2,0,1,1,1,1,100,20
hom,9,1,1,18,Hom_9_18_chat_rev.txt,8,11,1,0,2,2,2,2,100,23
hom,9,1,1,18,Hom_9_18_chat_rev.txt,8,18,1,0,2,2,2,2,100,22
hom,9,1,1,18,Hom_9_18_chat_rev.txt,8,5,1,0,2,2,2,2,100,18
hom,9,1,1,18,Hom_9_18_chat_rev.txt,8,16,1,0,2,2,2,2,100,24
hom,9,1,1,18,Hom_9_18_chat_rev.txt,8,6,1,0,1,2,2,2,100,28
hom,9,1,1,18,Hom_9_18_chat_rev.txt,8,1,1,0,2,2,2,2,100,25
hom,9,1,1,18,Hom_9_18_chat_rev.txt,8,3,1,0,2,2,2,2,100,25
hom,9,1,1,18,Hom_9_18_chat_rev.txt,8,12,1,0,1,2,2,2,100,24
hom,9,1,1,18,Hom_9_18_chat_rev.txt,8,17,1,0,2,2,2,2,100,30
hom,9,1,1,18,Hom_9_18_chat_rev.txt,8,10,2,0,2,1,1,1,100,38
hom,9,1,1,18,Hom_9_18_chat_rev.txt,8,13,2,0,1,1,1,1,100,19
hom,9,1,1,18,Hom_9_18_chat_rev.txt,8,14,2,0,1,1,1,1,100,33
hom,9,1,1,18,Hom_9_18_chat_rev.txt,8,2,2,0,1,1,1,1,100,32
hom,9,1,1,18,Hom_9_18_chat_rev.txt,8,15,2,0,1,1,1,1,100,47
hom,9,1,1,18,Hom_9_18_chat_rev.txt,8,7,2,0,2,1,1,1,100,32
hom,9,1,1,18,Hom_9_18_chat_rev.txt,8,4,2,0,2,1,1,1,100,44
hom,9,1,1,18,Hom_9_18_chat_rev.txt,8,9,2,0,1,1,1,1,100,24
hom,9,1,1,18,Hom_9_18_chat_rev.txt,8,8,2,0,1,1,1,1,100,36
hom,9,1,1,18,Hom_9_18_chat_rev.txt,9,5,1,0,2,2,2,2,100,19
hom,9,1,1,18,Hom_9_18_chat_rev.txt,9,7,1,0,2,2,2,2,100,29
hom,9,1,1,18,Hom_9_18_chat_rev.txt,9,8,1,0,2,2,2,2,100,18
hom,9,1,1,18,Hom_9_18_chat_rev.txt,9,18,1,0,2,2,2,2,100,21
hom,9,1,1,18,Hom_9_18_chat_rev.txt,9,13,1,0,2,2,2,2,100,17
hom,9,1,1,18,Hom_9_18_chat_rev.txt,9,17,1,0,2,2,2,2,100,32
hom,9,1,1,18,Hom_9_18_chat_rev.txt,9,6,1,0,2,2,2,2,100,21
hom,9,1,1,18,Hom_9_18_chat_rev.txt,9,1,1,0,1,2,2,2,100,23
hom,9,1,1,18,Hom_9_18_chat_rev.txt,9,10,1,0,2,2,2,2,100,23
hom,9,1,1,18,Hom_9_18_chat_rev.txt,9,11,2,0,1,2,2,2,100,28
hom,9,1,1,18,Hom_9_18_chat_rev.txt,9,15,2,0,1,2,2,2,100,35
hom,9,1,1,18,Hom_9_18_chat_rev.txt,9,4,2,0,2,2,2,2,100,36
hom,9,1,1,18,Hom_9_18_chat_rev.txt,9,3,2,0,2,2,2,2,100,35
hom,9,1,1,18,Hom_9_18_chat_rev.txt,9,9,2,0,2,2,2,2,100,34
hom,9,1,1,18,Hom_9_18_chat_rev.txt,9,12,2,0,1,2,2,2,100,35
hom,9,1,1,18,Hom_9_18_chat_rev.txt,9,16,2,0,2,2,2,2,100,36
hom,9,1,1,18,Hom_9_18_chat_rev.txt,9,14,2,0,1,2,2,2,100,44
hom,9,1,1,18,Hom_9_18_chat_rev.txt,9,2,2,0,2,2,2,2,100,39
hom,9,1,1,18,Hom_9_18_chat_rev.txt,10,5,1,0,2,2,2,2,100,17
hom,9,1,1,18,Hom_9_18_chat_rev.txt,10,16,1,0,2,2,2,2,100,24
hom,9,1,1,18,Hom_9_18_chat_rev.txt,10,18,1,0,2,2,2,2,100,17
hom,9,1,1,18,Hom_9_18_chat_rev.txt,10,12,1,0,1,2,2,2,100,24
hom,9,1,1,18,Hom_9_18_chat_rev.txt,10,9,1,0,2,2,2,2,100,21
hom,9,1,1,18,Hom_9_18_chat_rev.txt,10,4,1,0,2,2,2,2,100,20
hom,9,1,1,18,Hom_9_18_chat_rev.txt,10,6,1,0,2,2,2,2,100,17
hom,9,1,1,18,Hom_9_18_chat_rev.txt,10,14,1,0,2,2,2,2,100,21
hom,9,1,1,18,Hom_9_18_chat_rev.txt,10,17,1,0,2,2,2,2,100,26
hom,9,1,1,18,Hom_9_18_chat_rev.txt,10,7,2,0,2,2,2,2,100,45
hom,9,1,1,18,Hom_9_18_chat_rev.txt,10,2,2,0,2,2,2,2,100,24
hom,9,1,1,18,Hom_9_18_chat_rev.txt,10,11,2,0,1,2,2,2,100,40
hom,9,1,1,18,Hom_9_18_chat_rev.txt,10,1,2,0,1,2,2,2,100,47
hom,9,1,1,18,Hom_9_18_chat_rev.txt,10,15,2,0,2,2,2,2,100,45
hom,9,1,1,18,Hom_9_18_chat_rev.txt,10,10,2,0,1,2,2,2,100,46
hom,9,1,1,18,Hom_9_18_chat_rev.txt,10,13,2,0,2,2,2,2,100,29
hom,9,1,1,18,Hom_9_18_chat_rev.txt,10,8,2,0,2,2,2,2,100,43
hom,9,1,1,18,Hom_9_18_chat_rev.txt,10,3,2,0,2,2,2,2,100,40
hom,9,1,1,18,Hom_9_18_chat_rev.txt,11,12,1,0,2,2,2,2,100,19
hom,9,1,1,18,Hom_9_18_chat_rev.txt,11,2,1,0,1,2,2,2,100,14
hom,9,1,1,18,Hom_9_18_chat_rev.txt,11,17,1,0,2,2,2,2,100,20
hom,9,1,1,18,Hom_9_18_chat_rev.txt,11,18,1,0,2,2,2,2,100,24
hom,9,1,1,18,Hom_9_18_chat_rev.txt,11,4,1,0,2,2,2,2,100,18
hom,9,1,1,18,Hom_9_18_chat_rev.txt,11,7,1,0,2,2,2,2,100,39
hom,9,1,1,18,Hom_9_18_chat_rev.txt,11,16,1,0,2,2,2,2,100,20
hom,9,1,1,18,Hom_9_18_chat_rev.txt,11,8,1,0,2,2,2,2,100,19
hom,9,1,1,18,Hom_9_18_chat_rev.txt,11,9,1,0,2,2,2,2,100,18
hom,9,1,1,18,Hom_9_18_chat_rev.txt,11,3,2,0,1,1,1,1,100,17
hom,9,1,1,18,Hom_9_18_chat_rev.txt,11,15,2,0,2,1,1,1,100,18
hom,9,1,1,18,Hom_9_18_chat_rev.txt,11,13,2,0,1,1,1,1,100,18
hom,9,1,1,18,Hom_9_18_chat_rev.txt,11,11,2,0,1,1,1,1,100,17
hom,9,1,1,18,Hom_9_18_chat_rev.txt,11,10,2,0,1,1,1,1,100,29
hom,9,1,1,18,Hom_9_18_chat_rev.txt,11,6,2,0,1,1,1,1,100,16
hom,9,1,1,18,Hom_9_18_chat_rev.txt,11,14,2,0,1,1,1,1,100,18
hom,9,1,1,18,Hom_9_18_chat_rev.txt,11,5,2,0,1,1,1,1,100,14
hom,9,1,1,18,Hom_9_18_chat_rev.txt,11,1,2,0,1,1,1,1,100,21
hom,9,1,1,18,Hom_9_18_chat_rev.txt,12,17,1,0,2,2,2,2,100,29
hom,9,1,1,18,Hom_9_18_chat_rev.txt,12,3,1,0,2,2,2,2,100,40
hom,9,1,1,18,Hom_9_18_chat_rev.txt,12,14,1,0,2,2,2,2,100,16
hom,9,1,1,18,Hom_9_18_chat_rev.txt,12,16,1,0,2,2,2,2,100,34
hom,9,1,1,18,Hom_9_18_chat_rev.txt,12,1,1,0,2,2,2,2,100,41
hom,9,1,1,18,Hom_9_18_chat_rev.txt,12,12,1,0,2,2,2,2,100,29
hom,9,1,1,18,Hom_9_18_chat_rev.txt,12,2,1,0,2,2,2,2,100,15
hom,9,1,1,18,Hom_9_18_chat_rev.txt,12,13,1,0,2,2,2,2,100,37
hom,9,1,1,18,Hom_9_18_chat_rev.txt,12,6,1,0,2,2,2,2,100,21
hom,9,1,1,18,Hom_9_18_chat_rev.txt,12,9,2,0,1,2,2,2,100,17
hom,9,1,1,18,Hom_9_18_chat_rev.txt,12,8,2,0,2,2,2,2,100,13
hom,9,1,1,18,Hom_9_18_chat_rev.txt,12,11,2,0,2,2,2,2,100,13
hom,9,1,1,18,Hom_9_18_chat_rev.txt,12,15,2,0,2,2,2,2,100,13
hom,9,1,1,18,Hom_9_18_chat_rev.txt,12,18,2,0,2,2,2,2,100,15
hom,9,1,1,18,Hom_9_18_chat_rev.txt,12,10,2,0,2,2,2,2,100,20
hom,9,1,1,18,Hom_9_18_chat_rev.txt,12,4,2,0,2,2,2,2,100,17
hom,9,1,1,18,Hom_9_18_chat_rev.txt,12,7,2,0,2,2,2,2,100,19
hom,9,1,1,18,Hom_9_18_chat_rev.txt,12,5,2,0,2,2,2,2,100,16
hom,9,1,1,18,Hom_9_18_chat_rev.txt,13,4,1,0,1,1,1,1,100,19
hom,9,1,1,18,Hom_9_18_chat_rev.txt,13,7,1,0,1,1,1,1,100,14
hom,9,1,1,18,Hom_9_18_chat_rev.txt,13,11,1,0,1,1,1,1,100,15
hom,9,1,1,18,Hom_9_18_chat_rev.txt,13,15,1,0,1,1,1,1,100,14
hom,9,1,1,18,Hom_9_18_chat_rev.txt,13,5,1,0,1,1,1,1,100,19
hom,9,1,1,18,Hom_9_18_chat_rev.txt,13,13,1,0,1,1,1,1,100,18
hom,9,1,1,18,Hom_9_18_chat_rev.txt,13,14,1,0,1,1,1,1,100,22
hom,9,1,1,18,Hom_9_18_chat_rev.txt,13,18,1,0,1,1,1,1,100,17
hom,9,1,1,18,Hom_9_18_chat_rev.txt,13,1,1,0,1,1,1,1,100,18
hom,9,1,1,18,Hom_9_18_chat_rev.txt,13,16,2,0,2,2,2,2,100,20
hom,9,1,1,18,Hom_9_18_chat_rev.txt,13,3,2,0,2,2,2,2,100,21
hom,9,1,1,18,Hom_9_18_chat_rev.txt,13,17,2,0,2,2,2,2,100,33
hom,9,1,1,18,Hom_9_18_chat_rev.txt,13,8,2,0,2,2,2,2,100,20
hom,9,1,1,18,Hom_9_18_chat_rev.txt,13,12,2,0,2,2,2,2,100,24
hom,9,1,1,18,Hom_9_18_chat_rev.txt,13,10,2,0,2,2,2,2,100,23
hom,9,1,1,18,Hom_9_18_chat_rev.txt,13,6,2,0,2,2,2,2,100,21
hom,9,1,1,18,Hom_9_18_chat_rev.txt,13,2,2,0,2,2,2,2,100,9
hom,9,1,1,18,Hom_9_18_chat_rev.txt,13,9,2,0,1,2,2,2,100,25
hom,9,1,1,18,Hom_9_18_chat_rev.txt,14,5,1,0,1,1,1,1,100,21
hom,9,1,1,18,Hom_9_18_chat_rev.txt,14,8,1,0,2,1,1,1,100,26
hom,9,1,1,18,Hom_9_18_chat_rev.txt,14,18,1,0,2,1,1,1,100,24
hom,9,1,1,18,Hom_9_18_chat_rev.txt,14,4,1,0,1,1,1,1,100,24
hom,9,1,1,18,Hom_9_18_chat_rev.txt,14,10,1,0,1,1,1,1,100,26
hom,9,1,1,18,Hom_9_18_chat_rev.txt,14,3,1,0,2,1,1,1,100,32
hom,9,1,1,18,Hom_9_18_chat_rev.txt,14,15,1,0,1,1,1,1,100,26
hom,9,1,1,18,Hom_9_18_chat_rev.txt,14,1,1,0,1,1,1,1,100,32
hom,9,1,1,18,Hom_9_18_chat_rev.txt,14,6,1,0,1,1,1,1,100,30
hom,9,1,1,18,Hom_9_18_chat_rev.txt,14,9,2,0,1,1,1,1,100,35
hom,9,1,1,18,Hom_9_18_chat_rev.txt,14,14,2,0,1,1,1,1,100,34
hom,9,1,1,18,Hom_9_18_chat_rev.txt,14,12,2,0,2,1,1,1,100,40
hom,9,1,1,18,Hom_9_18_chat_rev.txt,14,2,2,0,2,1,1,1,100,30
hom,9,1,1,18,Hom_9_18_chat_rev.txt,14,7,2,0,1,1,1,1,100,33
hom,9,1,1,18,Hom_9_18_chat_rev.txt,14,17,2,0,1,1,1,1,100,54
hom,9,1,1,18,Hom_9_18_chat_rev.txt,14,16,2,0,1,1,1,1,100,38
hom,9,1,1,18,Hom_9_18_chat_rev.txt,14,13,2,0,1,1,1,1,100,35
hom,9,1,1,18,Hom_9_18_chat_rev.txt,14,11,2,0,2,1,1,1,100,27
hom,9,1,1,18,Hom_9_18_chat_rev.txt,15,14,1,0,2,2,2,2,100,19
hom,9,1,1,18,Hom_9_18_chat_rev.txt,15,4,1,0,2,2,2,2,100,18
hom,9,1,1,18,Hom_9_18_chat_rev.txt,15,7,1,0,1,2,2,2,100,17
hom,9,1,1,18,Hom_9_18_chat_rev.txt,15,11,1,0,2,2,2,2,100,18
hom,9,1,1,18,Hom_9_18_chat_rev.txt,15,2,1,0,2,2,2,2,100,26
hom,9,1,1,18,Hom_9_18_chat_rev.txt,15,15,1,0,2,2,2,2,100,18
hom,9,1,1,18,Hom_9_18_chat_rev.txt,15,10,1,0,2,2,2,2,100,24
hom,9,1,1,18,Hom_9_18_chat_rev.txt,15,8,1,0,2,2,2,2,100,21
hom,9,1,1,18,Hom_9_18_chat_rev.txt,15,17,1,0,2,2,2,2,100,34
hom,9,1,1,18,Hom_9_18_chat_rev.txt,15,3,2,0,2,1,1,1,100,34
hom,9,1,1,18,Hom_9_18_chat_rev.txt,15,13,2,0,2,1,1,1,100,38
hom,9,1,1,18,Hom_9_18_chat_rev.txt,15,18,2,0,2,1,1,1,100,27
hom,9,1,1,18,Hom_9_18_chat_rev.txt,15,5,2,0,1,1,1,1,100,17
hom,9,1,1,18,Hom_9_18_chat_rev.txt,15,6,2,0,1,1,1,1,100,20
hom,9,1,1,18,Hom_9_18_chat_rev.txt,15,1,2,0,1,1,1,1,100,29
hom,9,1,1,18,Hom_9_18_chat_rev.txt,15,9,2,0,1,1,1,1,100,31
hom,9,1,1,18,Hom_9_18_chat_rev.txt,15,16,2,0,1,1,1,1,100,33
hom,9,1,1,18,Hom_9_18_chat_rev.txt,15,12,2,0,1,1,1,1,100,34
hom,9,0,1,18,Hom_9_18_nochat_rev.txt,1,18,1,0,2,2,2,2,100,7
hom,9,0,1,18,Hom_9_18_nochat_rev.txt,1,7,1,0,2,2,2,2,100,8
hom,9,0,1,18,Hom_9_18_nochat_rev.txt,1,12,1,0,2,1,2,2,100,4
hom,9,0,1,18,Hom_9_18_nochat_rev.txt,1,9,1,0,2,2,2,2,100,6
hom,9,0,1,18,Hom_9_18_nochat_rev.txt,1,4,1,0,2,2,2,2,100,12
hom,9,0,1,18,Hom_9_18_nochat_rev.txt,1,11,1,0,2,2,2,2,100,5
hom,9,0,1,18,Hom_9_18_nochat_rev.txt,1,14,1,0,2,1,2,2,100,4
hom,9,0,1,18,Hom_9_18_nochat_rev.txt,1,2,1,0,2,1,2,2,100,6
hom,9,0,1,18,Hom_9_18_nochat_rev.txt,1,13,1,0,2,1,2,2,100,9
hom,9,0,1,18,Hom_9_18_nochat_rev.txt,1,6,2,0,2,2,2,1,10,11
hom,9,0,1,18,Hom_9_18_nochat_rev.txt,1,17,2,0,1,1,2,1,10,5
hom,9,0,1,18,Hom_9_18_nochat_rev.txt,1,5,2,0,2,2,2,1,10,5
hom,9,0,1,18,Hom_9_18_nochat_rev.txt,1,15,2,0,1,1,2,1,10,3
hom,9,0,1,18,Hom_9_18_nochat_rev.txt,1,16,2,0,1,1,2,1,10,4
hom,9,0,1,18,Hom_9_18_nochat_rev.txt,1,8,2,0,1,1,2,1,10,5
hom,9,0,1,18,Hom_9_18_nochat_rev.txt,1,10,2,0,1,1,2,1,10,4
hom,9,0,1,18,Hom_9_18_nochat_rev.txt,1,3,2,0,1,2,2,1,10,12
hom,9,0,1,18,Hom_9_18_nochat_rev.txt,1,1,2,0,1,1,2,1,10,4
hom,9,0,1,18,Hom_9_18_nochat_rev.txt,2,4,1,0,1,2,2,2,100,27
hom,9,0,1,18,Hom_9_18_nochat_rev.txt,2,14,1,0,2,2,2,2,100,10
hom,9,0,1,18,Hom_9_18_nochat_rev.txt,2,13,1,0,1,1,2,2,100,22
hom,9,0,1,18,Hom_9_18_nochat_rev.txt,2,16,1,0,1,1,2,2,100,9
hom,9,0,1,18,Hom_9_18_nochat_rev.txt,2,12,1,0,1,1,2,2,100,3
hom,9,0,1,18,Hom_9_18_nochat_rev.txt,2,18,1,0,2,2,2,2,100,5
hom,9,0,1,18,Hom_9_18_nochat_rev.txt,2,5,1,0,1,1,2,2,100,6
hom,9,0,1,18,Hom_9_18_nochat_rev.txt,2,15,1,0,2,1,2,2,100,5
hom,9,0,1,18,Hom_9_18_nochat_rev.txt,2,11,1,0,1,1,2,2,100,4
hom,9,0,1,18,Hom_9_18_nochat_rev.txt,2,1,2,0,2,1,2,2,100,8
hom,9,0,1,18,Hom_9_18_nochat_rev.txt,2,6,2,0,2,1,2,2,100,8
hom,9,0,1,18,Hom_9_18_nochat_rev.txt,2,7,2,0,2,2,2,2,100,6
hom,9,0,1,18,Hom_9_18_nochat_rev.txt,2,8,2,0,1,1,2,2,100,8
hom,9,0,1,18,Hom_9_18_nochat_rev.txt,2,3,2,0,2,2,2,2,100,15
hom,9,0,1,18,Hom_9_18_nochat_rev.txt,2,9,2,0,2,2,2,2,100,8
hom,9,0,1,18,Hom_9_18_nochat_rev.txt,2,10,2,0,1,1,2,2,100,11
hom,9,0,1,18,Hom_9_18_nochat_rev.txt,2,17,2,0,2,2,2,2,100,8
hom,9,0,1,18,Hom_9_18_nochat_rev.txt,2,2,2,0,1,1,2,2,100,3
hom,9,0,1,18,Hom_9_18_nochat_rev.txt,3,4,1,0,2,2,2,1,10,15
hom,9,0,1,18,Hom_9_18_nochat_rev.txt,3,9,1,0,2,2,2,1,10,4
hom,9,0,1,18,Hom_9_18_nochat_rev.txt,3,5,1,0,1,1,2,1,10,7
hom,9,0,1,18,Hom_9_18_nochat_rev.txt,3,7,1,0,2,2,2,1,10,9
hom,9,0,1,18,Hom_9_18_nochat_rev.txt,3,15,1,0,1,1,2,1,10,18
hom,9,0,1,18,Hom_9_18_nochat_rev.txt,3,2,1,0,1,1,2,1,10,6
hom,9,0,1,18,Hom_9_18_nochat_rev.txt,3,13,1,0,1,1,2,1,10,17
hom,9,0,1,18,Hom_9_18_nochat_rev.txt,3,14,1,0,1,1,2,1,10,3
hom,9,0,1,18,Hom_9_18_nochat_rev.txt,3,18,1,0,1,1,2,1,10,4
hom,9,0,1,18,Hom_9_18_nochat_rev.txt,3,10,2,0,2,2,2,2,100,3
hom,9,0,1,18,Hom_9_18_nochat_rev.txt,3,11,2,0,2,2,2,2,100,15
hom,9,0,1,18,Hom_9_18_nochat_rev.txt,3,8,2,0,2,1,2,2,100,5
hom,9,0,1,18,Hom_9_18_nochat_rev.txt,3,3,2,0,1,1,2,2,100,11
hom,9,0,1,18,Hom_9_18_nochat_rev.txt,3,6,2,0,2,2,2,2,100,10
hom,9,0,1,18,Hom_9_18_nochat_rev.txt,3,17,2,0,2,1,2,2,100,5
hom,9,0,1,18,Hom_9_18_nochat_rev.txt,3,12,2,0,2,1,2,2,100,3
hom,9,0,1,18,Hom_9_18_nochat_rev.txt,3,16,2,0,1,1,2,2,100,9
hom,9,0,1,18,Hom_9_18_nochat_rev.txt,3,1,2,0,2,1,2,2,100,10
hom,9,0,1,18,Hom_9_18_nochat_rev.txt,4,3,1,0,1,1,2,1,10,16
hom,9,0,1,18,Hom_9_18_nochat_rev.txt,4,6,1,0,1,1,2,1,10,12
hom,9,0,1,18,Hom_9_18_nochat_rev.txt,4,11,1,0,2,2,2,1,10,5
hom,9,0,1,18,Hom_9_18_nochat_rev.txt,4,5,1,0,1,2,2,1,10,10
hom,9,0,1,18,Hom_9_18_nochat_rev.txt,4,15,1,0,1,1,2,1,10,9
hom,9,0,1,18,Hom_9_18_nochat_rev.txt,4,7,1,0,1,1,2,1,10,11
hom,9,0,1,18,Hom_9_18_nochat_rev.txt,4,16,1,0,1,1,2,1,10,2
hom,9,0,1,18,Hom_9_18_nochat_rev.txt,4,14,1,0,2,2,2,1,10,7
hom,9,0,1,18,Hom_9_18_nochat_rev.txt,4,17,1,0,2,1,2,1,10,3
hom,9,0,1,18,Hom_9_18_nochat_rev.txt,4,10,2,0,2,2,2,2,100,10
hom,9,0,1,18,Hom_9_18_nochat_rev.txt,4,8,2,0,2,1,2,2,100,8
hom,9,0,1,18,Hom_9_18_nochat_rev.txt,4,13,2,0,2,2,2,2,100,14
hom,9,0,1,18,Hom_9_18_nochat_rev.txt,4,12,2,0,2,1,2,2,100,3
hom,9,0,1,18,Hom_9_18_nochat_rev.txt,4,4,2,0,1,2,2,2,100,25
hom,9,0,1,18,Hom_9_18_nochat_rev.txt,4,18,2,0,2,1,2,2,100,11
hom,9,0,1,18,Hom_9_18_nochat_rev.txt,4,2,2,0,1,1,2,2,100,12
hom,9,0,1,18,Hom_9_18_nochat_rev.txt,4,1,2,0,2,2,2,2,100,6
hom,9,0,1,18,Hom_9_18_nochat_rev.txt,4,9,2,0,2,2,2,2,100,9
hom,9,0,1,18,Hom_9_18_nochat_rev.txt,5,10,1,0,2,2,2,2,100,3
hom,9,0,1,18,Hom_9_18_nochat_rev.txt,5,12,1,0,2,1,2,2,100,2
hom,9,0,1,18,Hom_9_18_nochat_rev.txt,5,11,1,0,1,1,2,2,100,10
hom,9,0,1,18,Hom_9_18_nochat_rev.txt,5,3,1,0,2,2,2,2,100,28
hom,9,0,1,18,Hom_9_18_nochat_rev.txt,5,13,1,0,1,1,2,2,100,8
hom,9,0,1,18,Hom_9_18_nochat_rev.txt,5,8,1,0,2,1,2,2,100,10
hom,9,0,1,18,Hom_9_18_nochat_rev.txt,5,6,1,0,2,2,2,2,100,4
hom,9,0,1,18,Hom_9_18_nochat_rev.txt,5,2,1,0,1,2,2,2,100,7
hom,9,0,1,18,Hom_9_18_nochat_rev.txt,5,4,1,0,2,2,2,2,100,9
hom,9,0,1,18,Hom_9_18_nochat_rev.txt,5,14,2,0,2,1,2,2,100,7
hom,9,0,1,18,Hom_9_18_nochat_rev.txt,5,18,2,0,2,1,2,2,100,10
hom,9,0,1,18,Hom_9_18_nochat_rev.txt,5,17,2,0,2,1,2,2,100,3
hom,9,0,1,18,Hom_9_18_nochat_rev.txt,5,1,2,0,2,2,2,2,100,10
hom,9,0,1,18,Hom_9_18_nochat_rev.txt,5,7,2,0,2,2,2,2,100,6
hom,9,0,1,18,Hom_9_18_nochat_rev.txt,5,5,2,0,2,2,2,2,100,7
hom,9,0,1,18,Hom_9_18_nochat_rev.txt,5,9,2,0,2,2,2,2,100,9
hom,9,0,1,18,Hom_9_18_nochat_rev.txt,5,15,2,0,1,1,2,2,100,4
hom,9,0,1,18,Hom_9_18_nochat_rev.txt,5,16,2,0,1,1,2,2,100,6
hom,9,0,1,18,Hom_9_18_nochat_rev.txt,6,18,1,0,1,1,2,1,10,8
hom,9,0,1,18,Hom_9_18_nochat_rev.txt,6,14,1,0,1,1,2,1,10,4
hom,9,0,1,18,Hom_9_18_nochat_rev.txt,6,15,1,0,1,1,2,1,10,2
hom,9,0,1,18,Hom_9_18_nochat_rev.txt,6,17,1,0,2,1,2,1,10,3
hom,9,0,1,18,Hom_9_18_nochat_rev.txt,6,13,1,0,2,1,2,1,10,16
hom,9,0,1,18,Hom_9_18_nochat_rev.txt,6,7,1,0,2,2,2,1,10,2
hom,9,0,1,18,Hom_9_18_nochat_rev.txt,6,3,1,0,1,1,2,1,10,15
hom,9,0,1,18,Hom_9_18_nochat_rev.txt,6,10,1,0,1,2,2,1,10,9
hom,9,0,1,18,Hom_9_18_nochat_rev.txt,6,1,1,0,1,1,2,1,10,2
hom,9,0,1,18,Hom_9_18_nochat_rev.txt,6,6,2,0,2,2,2,2,100,14
hom,9,0,1,18,Hom_9_18_nochat_rev.txt,6,2,2,0,2,2,2,2,100,10
hom,9,0,1,18,Hom_9_18_nochat_rev.txt,6,4,2,0,2,2,2,2,100,3
hom,9,0,1,18,Hom_9_18_nochat_rev.txt,6,12,2,0,2,1,2,2,100,3
hom,9,0,1,18,Hom_9_18_nochat_rev.txt,6,11,2,0,2,2,2,2,100,7
hom,9,0,1,18,Hom_9_18_nochat_rev.txt,6,9,2,0,2,2,2,2,100,5
hom,9,0,1,18,Hom_9_18_nochat_rev.txt,6,16,2,0,2,1,2,2,100,11
hom,9,0,1,18,Hom_9_18_nochat_rev.txt,6,5,2,0,1,1,2,2,100,7
hom,9,0,1,18,Hom_9_18_nochat_rev.txt,6,8,2,0,2,1,2,2,100,9
hom,9,0,1,18,Hom_9_18_nochat_rev.txt,7,3,1,0,1,1,2,2,100,18
hom,9,0,1,18,Hom_9_18_nochat_rev.txt,7,12,1,0,2,1,2,2,100,2
hom,9,0,1,18,Hom_9_18_nochat_rev.txt,7,2,1,0,2,1,2,2,100,6
hom,9,0,1,18,Hom_9_18_nochat_rev.txt,7,11,1,0,2,2,2,2,100,6
hom,9,0,1,18,Hom_9_18_nochat_rev.txt,7,6,1,0,1,1,2,2,100,6
hom,9,0,1,18,Hom_9_18_nochat_rev.txt,7,16,1,0,2,1,2,2,100,7
hom,9,0,1,18,Hom_9_18_nochat_rev.txt,7,17,1,0,2,1,2,2,100,5
hom,9,0,1,18,Hom_9_18_nochat_rev.txt,7,9,1,0,2,2,2,2,100,4
hom,9,0,1,18,Hom_9_18_nochat_rev.txt,7,14,1,0,1,1,2,2,100,4
hom,9,0,1,18,Hom_9_18_nochat_rev.txt,7,10,2,0,1,2,2,1,10,7
hom,9,0,1,18,Hom_9_18_nochat_rev.txt,7,5,2,0,2,2,2,1,10,6
hom,9,0,1,18,Hom_9_18_nochat_rev.txt,7,8,2,0,1,1,2,1,10,12
hom,9,0,1,18,Hom_9_18_nochat_rev.txt,7,4,2,0,2,2,2,1,10,2
hom,9,0,1,18,Hom_9_18_nochat_rev.txt,7,7,2,0,2,2,2,1,10,7
hom,9,0,1,18,Hom_9_18_nochat_rev.txt,7,1,2,0,2,2,2,1,10,5
hom,9,0,1,18,Hom_9_18_nochat_rev.txt,7,13,2,0,2,2,2,1,10,16
hom,9,0,1,18,Hom_9_18_nochat_rev.txt,7,15,2,0,1,1,2,1,10,7
hom,9,0,1,18,Hom_9_18_nochat_rev.txt,7,18,2,0,1,1,2,1,10,7
hom,9,0,1,18,Hom_9_18_nochat_rev.txt,8,11,1,0,1,1,2,1,10,3
hom,9,0,1,18,Hom_9_18_nochat_rev.txt,8,18,1,0,1,1,2,1,10,3
hom,9,0,1,18,Hom_9_18_nochat_rev.txt,8,5,1,0,1,2,2,1,10,5
hom,9,0,1,18,Hom_9_18_nochat_rev.txt,8,16,1,0,2,1,2,1,10,6
hom,9,0,1,18,Hom_9_18_nochat_rev.txt,8,6,1,0,2,2,2,1,10,10
hom,9,0,1,18,Hom_9_18_nochat_rev.txt,8,1,1,0,2,1,2,1,10,5
hom,9,0,1,18,Hom_9_18_nochat_rev.txt,8,3,1,0,2,1,2,1,10,28
hom,9,0,1,18,Hom_9_18_nochat_rev.txt,8,12,1,0,1,1,2,1,10,2
hom,9,0,1,18,Hom_9_18_nochat_rev.txt,8,17,1,0,1,1,2,1,10,8
hom,9,0,1,18,Hom_9_18_nochat_rev.txt,8,10,2,0,1,1,2,2,100,6
hom,9,0,1,18,Hom_9_18_nochat_rev.txt,8,13,2,0,2,2,2,2,100,10
hom,9,0,1,18,Hom_9_18_nochat_rev.txt,8,14,2,0,1,1,2,2,100,3
hom,9,0,1,18,Hom_9_18_nochat_rev.txt,8,2,2,0,2,1,2,2,100,8
hom,9,0,1,18,Hom_9_18_nochat_rev.txt,8,15,2,0,1,1,2,2,100,6
hom,9,0,1,18,Hom_9_18_nochat_rev.txt,8,7,2,0,2,2,2,2,100,10
hom,9,0,1,18,Hom_9_18_nochat_rev.txt,8,4,2,0,1,1,2,2,100,10
hom,9,0,1,18,Hom_9_18_nochat_rev.txt,8,9,2,0,2,2,2,2,100,12
hom,9,0,1,18,Hom_9_18_nochat_rev.txt,8,8,2,0,2,1,2,2,100,10
hom,9,0,1,18,Hom_9_18_nochat_rev.txt,9,5,1,0,2,2,2,2,100,9
hom,9,0,1,18,Hom_9_18_nochat_rev.txt,9,7,1,0,2,2,2,2,100,21
hom,9,0,1,18,Hom_9_18_nochat_rev.txt,9,8,1,0,2,1,2,2,100,8
hom,9,0,1,18,Hom_9_18_nochat_rev.txt,9,18,1,0,2,1,2,2,100,5
hom,9,0,1,18,Hom_9_18_nochat_rev.txt,9,13,1,0,1,1,2,2,100,4
hom,9,0,1,18,Hom_9_18_nochat_rev.txt,9,17,1,0,1,1,2,2,100,9
hom,9,0,1,18,Hom_9_18_nochat_rev.txt,9,6,1,0,2,2,2,2,100,3
hom,9,0,1,18,Hom_9_18_nochat_rev.txt,9,1,1,0,2,2,2,2,100,6
hom,9,0,1,18,Hom_9_18_nochat_rev.txt,9,10,1,0,1,1,2,2,100,3
hom,9,0,1,18,Hom_9_18_nochat_rev.txt,9,11,2,0,2,2,2,2,100,13
hom,9,0,1,18,Hom_9_18_nochat_rev.txt,9,15,2,0,2,1,2,2,100,4
hom,9,0,1,18,Hom_9_18_nochat_rev.txt,9,4,2,0,1,1,2,2,100,12
hom,9,0,1,18,Hom_9_18_nochat_rev.txt,9,3,2,0,1,1,2,2,100,9
hom,9,0,1,18,Hom_9_18_nochat_rev.txt,9,9,2,0,1,1,2,2,100,7
hom,9,0,1,18,Hom_9_18_nochat_rev.txt,9,12,2,0,1,1,2,2,100,5
hom,9,0,1,18,Hom_9_18_nochat_rev.txt,9,16,2,0,2,1,2,2,100,7
hom,9,0,1,18,Hom_9_18_nochat_rev.txt,9,14,2,0,2,2,2,2,100,5
hom,9,0,1,18,Hom_9_18_nochat_rev.txt,9,2,2,0,1,1,2,2,100,9
hom,9,0,1,18,Hom_9_18_nochat_rev.txt,10,5,1,0,1,1,2,2,100,10
hom,9,0,1,18,Hom_9_18_nochat_rev.txt,10,16,1,0,1,1,2,2,100,3
hom,9,0,1,18,Hom_9_18_nochat_rev.txt,10,18,1,0,1,1,2,2,100,7
hom,9,0,1,18,Hom_9_18_nochat_rev.txt,10,12,1,0,2,1,2,2,100,2
hom,9,0,1,18,Hom_9_18_nochat_rev.txt,10,9,1,0,2,2,2,2,100,5
hom,9,0,1,18,Hom_9_18_nochat_rev.txt,10,4,1,0,2,2,2,2,100,3
hom,9,0,1,18,Hom_9_18_nochat_rev.txt,10,6,1,0,1,2,2,2,100,19
hom,9,0,1,18,Hom_9_18_nochat_rev.txt,10,14,1,0,1,1,2,2,100,3
hom,9,0,1,18,Hom_9_18_nochat_rev.txt,10,17,1,0,2,1,2,2,100,6
hom,9,0,1,18,Hom_9_18_nochat_rev.txt,10,7,2,0,2,2,2,2,100,5
hom,9,0,1,18,Hom_9_18_nochat_rev.txt,10,2,2,0,2,2,2,2,100,6
hom,9,0,1,18,Hom_9_18_nochat_rev.txt,10,11,2,0,2,2,2,2,100,3
hom,9,0,1,18,Hom_9_18_nochat_rev.txt,10,1,2,0,1,1,2,2,100,4
hom,9,0,1,18,Hom_9_18_nochat_rev.txt,10,15,2,0,2,1,2,2,100,3
hom,9,0,1,18,Hom_9_18_nochat_rev.txt,10,10,2,0,2,2,2,2,100,7
hom,9,0,1,18,Hom_9_18_nochat_rev.txt,10,13,2,0,2,2,2,2,100,19
hom,9,0,1,18,Hom_9_18_nochat_rev.txt,10,8,2,0,1,1,2,2,100,14
hom,9,0,1,18,Hom_9_18_nochat_rev.txt,10,3,2,0,2,2,2,2,100,8
hom,9,0,1,18,Hom_9_18_nochat_rev.txt,11,12,1,0,1,1,2,1,10,3
hom,9,0,1,18,Hom_9_18_nochat_rev.txt,11,2,1,0,1,2,2,1,10,14
hom,9,0,1,18,Hom_9_18_nochat_rev.txt,11,17,1,0,2,1,2,1,10,13
hom,9,0,1,18,Hom_9_18_nochat_rev.txt,11,18,1,0,2,2,2,1,10,4
hom,9,0,1,18,Hom_9_18_nochat_rev.txt,11,4,1,0,1,2,2,1,10,16
hom,9,0,1,18,Hom_9_18_nochat_rev.txt,11,7,1,0,1,1,2,1,10,18
hom,9,0,1,18,Hom_9_18_nochat_rev.txt,11,16,1,0,1,1,2,1,10,4
hom,9,0,1,18,Hom_9_18_nochat_rev.txt,11,8,1,0,2,1,2,1,10,12
hom,9,0,1,18,Hom_9_18_nochat_rev.txt,11,9,1,0,1,1,2,1,10,5
hom,9,0,1,18,Hom_9_18_nochat_rev.txt,11,3,2,0,2,2,2,2,100,8
hom,9,0,1,18,Hom_9_18_nochat_rev.txt,11,15,2,0,1,1,2,2,100,6
hom,9,0,1,18,Hom_9_18_nochat_rev.txt,11,13,2,0,2,2,2,2,100,11
hom,9,0,1,18,Hom_9_18_nochat_rev.txt,11,11,2,0,2,2,2,2,100,2
hom,9,0,1,18,Hom_9_18_nochat_rev.txt,11,10,2,0,2,2,2,2,100,3
hom,9,0,1,18,Hom_9_18_nochat_rev.txt,11,6,2,0,2,2,2,2,100,9
hom,9,0,1,18,Hom_9_18_nochat_rev.txt,11,14,2,0,2,1,2,2,100,5
hom,9,0,1,18,Hom_9_18_nochat_rev.txt,11,5,2,0,1,1,2,2,100,3
hom,9,0,1,18,Hom_9_18_nochat_rev.txt,11,1,2,0,1,1,2,2,100,3
hom,9,0,1,18,Hom_9_18_nochat_rev.txt,12,17,1,0,1,1,1,1,100,4
hom,9,0,1,18,Hom_9_18_nochat_rev.txt,12,3,1,0,1,1,1,1,100,8
hom,9,0,1,18,Hom_9_18_nochat_rev.txt,12,14,1,0,1,1,1,1,100,2
hom,9,0,1,18,Hom_9_18_nochat_rev.txt,12,16,1,0,1,1,1,1,100,16
hom,9,0,1,18,Hom_9_18_nochat_rev.txt,12,1,1,0,1,1,1,1,100,4
hom,9,0,1,18,Hom_9_18_nochat_rev.txt,12,12,1,0,1,1,1,1,100,3
hom,9,0,1,18,Hom_9_18_nochat_rev.txt,12,2,1,0,1,1,1,1,100,6
hom,9,0,1,18,Hom_9_18_nochat_rev.txt,12,13,1,0,1,1,1,1,100,4
hom,9,0,1,18,Hom_9_18_nochat_rev.txt,12,6,1,0,1,1,1,1,100,4
hom,9,0,1,18,Hom_9_18_nochat_rev.txt,12,9,2,0,1,1,2,1,10,5
hom,9,0,1,18,Hom_9_18_nochat_rev.txt,12,8,2,0,1,1,2,1,10,9
hom,9,0,1,18,Hom_9_18_nochat_rev.txt,12,11,2,0,1,1,2,1,10,2
hom,9,0,1,18,Hom_9_18_nochat_rev.txt,12,15,2,0,1,1,2,1,10,2
hom,9,0,1,18,Hom_9_18_nochat_rev.txt,12,18,2,0,1,1,2,1,10,5
hom,9,0,1,18,Hom_9_18_nochat_rev.txt,12,10,2,0,1,1,2,1,10,11
hom,9,0,1,18,Hom_9_18_nochat_rev.txt,12,4,2,0,2,2,2,1,10,3
hom,9,0,1,18,Hom_9_18_nochat_rev.txt,12,7,2,0,1,1,2,1,10,12
hom,9,0,1,18,Hom_9_18_nochat_rev.txt,12,5,2,0,2,2,2,1,10,3
hom,9,0,1,18,Hom_9_18_nochat_rev.txt,13,4,1,0,2,2,2,2,100,3
hom,9,0,1,18,Hom_9_18_nochat_rev.txt,13,7,1,0,2,2,2,2,100,3
hom,9,0,1,18,Hom_9_18_nochat_rev.txt,13,11,1,0,1,1,2,2,100,5
hom,9,0,1,18,Hom_9_18_nochat_rev.txt,13,15,1,0,2,1,2,2,100,5
hom,9,0,1,18,Hom_9_18_nochat_rev.txt,13,5,1,0,2,2,2,2,100,15
hom,9,0,1,18,Hom_9_18_nochat_rev.txt,13,13,1,0,1,1,2,2,100,7
hom,9,0,1,18,Hom_9_18_nochat_rev.txt,13,14,1,0,2,1,2,2,100,11
hom,9,0,1,18,Hom_9_18_nochat_rev.txt,13,18,1,0,2,2,2,2,100,7
hom,9,0,1,18,Hom_9_18_nochat_rev.txt,13,1,1,0,2,2,2,2,100,7
hom,9,0,1,18,Hom_9_18_nochat_rev.txt,13,16,2,0,2,1,2,2,100,9
hom,9,0,1,18,Hom_9_18_nochat_rev.txt,13,3,2,0,2,2,2,2,100,12
hom,9,0,1,18,Hom_9_18_nochat_rev.txt,13,17,2,0,2,1,2,2,100,10
hom,9,0,1,18,Hom_9_18_nochat_rev.txt,13,8,2,0,2,1,2,2,100,11
hom,9,0,1,18,Hom_9_18_nochat_rev.txt,13,12,2,0,2,1,2,2,100,5
hom,9,0,1,18,Hom_9_18_nochat_rev.txt,13,10,2,0,1,1,2,2,100,12
hom,9,0,1,18,Hom_9_18_nochat_rev.txt,13,6,2,0,2,2,2,2,100,11
hom,9,0,1,18,Hom_9_18_nochat_rev.txt,13,2,2,0,2,1,2,2,100,10
hom,9,0,1,18,Hom_9_18_nochat_rev.txt,13,9,2,0,2,2,2,2,100,7
hom,9,0,1,18,Hom_9_18_nochat_rev.txt,14,5,1,0,2,2,2,1,10,7
hom,9,0,1,18,Hom_9_18_nochat_rev.txt,14,8,1,0,1,1,2,1,10,10
hom,9,0,1,18,Hom_9_18_nochat_rev.txt,14,18,1,0,1,1,2,1,10,4
hom,9,0,1,18,Hom_9_18_nochat_rev.txt,14,4,1,0,1,1,2,1,10,8
hom,9,0,1,18,Hom_9_18_nochat_rev.txt,14,10,1,0,1,1,2,1,10,13
hom,9,0,1,18,Hom_9_18_nochat_rev.txt,14,3,1,0,1,1,2,1,10,13
hom,9,0,1,18,Hom_9_18_nochat_rev.txt,14,15,1,0,1,1,2,1,10,8
hom,9,0,1,18,Hom_9_18_nochat_rev.txt,14,1,1,0,1,1,2,1,10,6
hom,9,0,1,18,Hom_9_18_nochat_rev.txt,14,6,1,0,1,2,2,1,10,8
hom,9,0,1,18,Hom_9_18_nochat_rev.txt,14,9,2,0,2,2,2,2,100,5
hom,9,0,1,18,Hom_9_18_nochat_rev.txt,14,14,2,0,2,2,2,2,100,6
hom,9,0,1,18,Hom_9_18_nochat_rev.txt,14,12,2,0,2,1,2,2,100,2
hom,9,0,1,18,Hom_9_18_nochat_rev.txt,14,2,2,0,2,2,2,2,100,8
hom,9,0,1,18,Hom_9_18_nochat_rev.txt,14,7,2,0,2,2,2,2,100,4
hom,9,0,1,18,Hom_9_18_nochat_rev.txt,14,17,2,0,1,1,2,2,100,16
hom,9,0,1,18,Hom_9_18_nochat_rev.txt,14,16,2,0,1,1,2,2,100,3
hom,9,0,1,18,Hom_9_18_nochat_rev.txt,14,13,2,0,2,2,2,2,100,16
hom,9,0,1,18,Hom_9_18_nochat_rev.txt,14,11,2,0,1,1,2,2,100,6
hom,9,0,1,18,Hom_9_18_nochat_rev.txt,15,14,1,0,2,1,2,2,100,6
hom,9,0,1,18,Hom_9_18_nochat_rev.txt,15,4,1,0,2,2,2,2,100,9
hom,9,0,1,18,Hom_9_18_nochat_rev.txt,15,7,1,0,2,2,2,2,100,6
hom,9,0,1,18,Hom_9_18_nochat_rev.txt,15,11,1,0,2,2,2,2,100,3
hom,9,0,1,18,Hom_9_18_nochat_rev.txt,15,2,1,0,2,2,2,2,100,5
hom,9,0,1,18,Hom_9_18_nochat_rev.txt,15,15,1,0,2,1,2,2,100,3
hom,9,0,1,18,Hom_9_18_nochat_rev.txt,15,10,1,0,2,2,2,2,100,8
hom,9,0,1,18,Hom_9_18_nochat_rev.txt,15,8,1,0,2,1,2,2,100,15
hom,9,0,1,18,Hom_9_18_nochat_rev.txt,15,17,1,0,1,1,2,2,100,6
hom,9,0,1,18,Hom_9_18_nochat_rev.txt,15,3,2,0,1,1,2,1,10,24
hom,9,0,1,18,Hom_9_18_nochat_rev.txt,15,13,2,0,1,1,2,1,10,22
hom,9,0,1,18,Hom_9_18_nochat_rev.txt,15,18,2,0,2,2,2,1,10,3
hom,9,0,1,18,Hom_9_18_nochat_rev.txt,15,5,2,0,1,1,2,1,10,6
hom,9,0,1,18,Hom_9_18_nochat_rev.txt,15,6,2,0,1,2,2,1,10,5
hom,9,0,1,18,Hom_9_18_nochat_rev.txt,15,1,2,0,2,2,2,1,10,6
hom,9,0,1,18,Hom_9_18_nochat_rev.txt,15,9,2,0,1,1,2,1,10,5
hom,9,0,1,18,Hom_9_18_nochat_rev.txt,15,16,2,0,2,1,2,1,10,8
hom,9,0,1,18,Hom_9_18_nochat_rev.txt,15,12,2,0,1,1,2,1,10,4
part,5,1,0,27,PART_5_27_chat.txt,1,10,1,0,1,1,1,1,100,11
part,5,1,0,27,PART_5_27_chat.txt,1,3,1,3,1,1,1,1,150,30
part,5,1,0,27,PART_5_27_chat.txt,1,1,1,0,2,1,1,1,100,43
part,5,1,0,27,PART_5_27_chat.txt,1,15,1,0,1,1,1,1,100,18
part,5,1,0,27,PART_5_27_chat.txt,1,20,1,0,1,1,1,1,100,22
part,5,1,0,27,PART_5_27_chat.txt,1,9,1,3,1,1,1,1,150,23
part,5,1,0,27,PART_5_27_chat.txt,1,14,1,0,1,1,1,1,100,26
part,5,1,0,27,PART_5_27_chat.txt,1,17,1,0,2,2,1,1,100,48
part,5,1,0,27,PART_5_27_chat.txt,1,12,1,0,1,1,1,1,100,31
part,5,1,0,27,PART_5_27_chat.txt,1,13,2,0,2,2,2,2,100,41
part,5,1,0,27,PART_5_27_chat.txt,1,25,2,0,2,2,2,2,100,60
part,5,1,0,27,PART_5_27_chat.txt,1,22,2,0,2,2,2,2,100,9
part,5,1,0,27,PART_5_27_chat.txt,1,26,2,0,1,2,2,2,100,40
part,5,1,0,27,PART_5_27_chat.txt,1,5,2,3,2,1,2,2,25,35
part,5,1,0,27,PART_5_27_chat.txt,1,19,2,0,2,2,2,2,100,35
part,5,1,0,27,PART_5_27_chat.txt,1,23,2,0,2,2,2,2,100,37
part,5,1,0,27,PART_5_27_chat.txt,1,27,2,0,2,2,2,2,100,34
part,5,1,0,27,PART_5_27_chat.txt,1,21,2,0,2,2,2,2,100,28
part,5,1,0,27,PART_5_27_chat.txt,1,8,3,3,2,2,2,2,25,34
part,5,1,0,27,PART_5_27_chat.txt,1,16,3,3,2,2,2,2,25,19
part,5,1,0,27,PART_5_27_chat.txt,1,18,3,0,2,2,2,2,100,24
part,5,1,0,27,PART_5_27_chat.txt,1,6,3,3,1,2,2,2,25,22
part,5,1,0,27,PART_5_27_chat.txt,1,4,3,3,2,2,2,2,25,19
part,5,1,0,27,PART_5_27_chat.txt,1,11,3,0,2,2,2,2,100,26
part,5,1,0,27,PART_5_27_chat.txt,1,7,3,0,2,2,2,2,100,24
part,5,1,0,27,PART_5_27_chat.txt,1,2,3,3,2,2,2,2,25,51
part,5,1,0,27,PART_5_27_chat.txt,1,24,3,0,2,2,2,2,100,20
part,5,1,0,27,PART_5_27_chat.txt,2,21,1,0,2,2,2,2,100,49
part,5,1,0,27,PART_5_27_chat.txt,2,4,1,0,2,2,2,2,100,33
part,5,1,0,27,PART_5_27_chat.txt,2,11,1,0,1,2,2,2,100,36
part,5,1,0,27,PART_5_27_chat.txt,2,18,1,0,2,2,2,2,100,35
part,5,1,0,27,PART_5_27_chat.txt,2,6,1,0,1,1,2,2,100,26
part,5,1,0,27,PART_5_27_chat.txt,2,25,1,0,1,2,2,2,100,46
part,5,1,0,27,PART_5_27_chat.txt,2,5,1,0,2,2,2,2,100,37
part,5,1,0,27,PART_5_27_chat.txt,2,8,1,0,2,2,2,2,100,42
part,5,1,0,27,PART_5_27_chat.txt,2,10,1,0,2,2,2,2,100,55
part,5,1,0,27,PART_5_27_chat.txt,2,23,2,0,2,2,2,2,100,44
part,5,1,0,27,PART_5_27_chat.txt,2,2,2,0,2,2,2,2,100,45
part,5,1,0,27,PART_5_27_chat.txt,2,27,2,0,2,2,2,2,100,27
part,5,1,0,27,PART_5_27_chat.txt,2,1,2,0,1,2,2,2,100,35
part,5,1,0,27,PART_5_27_chat.txt,2,26,2,0,2,2,2,2,100,31
part,5,1,0,27,PART_5_27_chat.txt,2,14,2,0,1,2,2,2,100,27
part,5,1,0,27,PART_5_27_chat.txt,2,20,2,0,2,2,2,2,100,17
part,5,1,0,27,PART_5_27_chat.txt,2,9,2,0,2,2,2,2,100,27
part,5,1,0,27,PART_5_27_chat.txt,2,16,2,0,2,2,2,2,100,17
part,5,1,0,27,PART_5_27_chat.txt,2,24,3,3,2,2,2,2,25,21
part,5,1,0,27,PART_5_27_chat.txt,2,22,3,3,1,1,2,2,25,30
part,5,1,0,27,PART_5_27_chat.txt,2,19,3,0,1,1,2,2,100,56
part,5,1,0,27,PART_5_27_chat.txt,2,7,3,0,2,2,2,2,100,33
part,5,1,0,27,PART_5_27_chat.txt,2,17,3,0,1,2,2,2,100,67
part,5,1,0,27,PART_5_27_chat.txt,2,13,3,0,1,2,2,2,100,63
part,5,1,0,27,PART_5_27_chat.txt,2,12,3,0,2,2,2,2,100,17
part,5,1,0,27,PART_5_27_chat.txt,2,15,3,0,2,2,2,2,100,14
part,5,1,0,27,PART_5_27_chat.txt,2,3,3,0,2,2,2,2,100,15
part,5,1,0,27,PART_5_27_chat.txt,3,19,1,0,1,1,1,1,100,53
part,5,1,0,27,PART_5_27_chat.txt,3,5,1,0,1,1,1,1,100,22
part,5,1,0,27,PART_5_27_chat.txt,3,25,1,0,1,1,1,1,100,24
part,5,1,0,27,PART_5_27_chat.txt,3,10,1,0,1,1,1,1,100,22
part,5,1,0,27,PART_5_27_chat.txt,3,2,1,0,1,1,1,1,100,16
part,5,1,0,27,PART_5_27_chat.txt,3,18,1,0,1,1,1,1,100,26
part,5,1,0,27,PART_5_27_chat.txt,3,24,1,0,2,1,1,1,100,17
part,5,1,0,27,PART_5_27_chat.txt,3,4,1,0,1,1,1,1,100,16
part,5,1,0,27,PART_5_27_chat.txt,3,17,1,0,1,1,1,1,100,31
part,5,1,0,27,PART_5_27_chat.txt,3,12,2,0,2,2,2,2,100,24
part,5,1,0,27,PART_5_27_chat.txt,3,1,2,0,1,2,2,2,100,42
part,5,1,0,27,PART_5_27_chat.txt,3,7,2,0,2,2,2,2,100,42
part,5,1,0,27,PART_5_27_chat.txt,3,8,2,3,2,2,2,2,25,33
part,5,1,0,27,PART_5_27_chat.txt,3,6,2,0,1,2,2,2,100,21
part,5,1,0,27,PART_5_27_chat.txt,3,3,2,0,2,2,2,2,100,41
part,5,1,0,27,PART_5_27_chat.txt,3,9,2,3,2,2,2,2,25,46
part,5,1,0,27,PART_5_27_chat.txt,3,14,2,0,2,2,2,2,100,43
part,5,1,0,27,PART_5_27_chat.txt,3,16,2,0,1,2,2,2,100,23
part,5,1,0,27,PART_5_27_chat.txt,3,15,3,0,1,2,2,2,100,20
part,5,1,0,27,PART_5_27_chat.txt,3,26,3,0,2,2,2,2,100,23
part,5,1,0,27,PART_5_27_chat.txt,3,22,3,0,2,2,2,2,100,29
part,5,1,0,27,PART_5_27_chat.txt,3,13,3,0,2,2,2,2,100,27
part,5,1,0,27,PART_5_27_chat.txt,3,21,3,0,2,2,2,2,100,26
part,5,1,0,27,PART_5_27_chat.txt,3,11,3,0,2,2,2,2,100,20
part,5,1,0,27,PART_5_27_chat.txt,3,20,3,0,2,2,2,2,100,21
part,5,1,0,27,PART_5_27_chat.txt,3,27,3,0,2,2,2,2,100,23
part,5,1,0,27,PART_5_27_chat.txt,3,23,3,3,2,2,2,2,25,32
part,5,1,0,27,PART_5_27_chat.txt,4,25,1,3,1,1,1,1,150,51
part,5,1,0,27,PART_5_27_chat.txt,4,14,1,0,1,1,1,1,100,28
part,5,1,0,27,PART_5_27_chat.txt,4,5,1,0,1,1,1,1,100,48
part,5,1,0,27,PART_5_27_chat.txt,4,17,1,0,2,1,1,1,100,38
part,5,1,0,27,PART_5_27_chat.txt,4,13,1,0,1,1,1,1,100,25
part,5,1,0,27,PART_5_27_chat.txt,4,21,1,3,2,1,1,1,150,48
part,5,1,0,27,PART_5_27_chat.txt,4,20,1,0,2,1,1,1,100,26
part,5,1,0,27,PART_5_27_chat.txt,4,16,1,0,1,1,1,1,100,17
part,5,1,0,27,PART_5_27_chat.txt,4,4,1,0,1,1,1,1,100,26
part,5,1,0,27,PART_5_27_chat.txt,4,22,2,0,1,2,2,2,100,35
part,5,1,0,27,PART_5_27_chat.txt,4,27,2,0,2,2,2,2,100,40
part,5,1,0,27,PART_5_27_chat.txt,4,9,2,0,2,2,2,2,100,51
part,5,1,0,27,PART_5_27_chat.txt,4,10,2,0,1,2,2,2,100,33
part,5,1,0,27,PART_5_27_chat.txt,4,19,2,0,2,1,2,2,100,43
part,5,1,0,27,PART_5_27_chat.txt,4,1,2,0,2,2,2,2,100,36
part,5,1,0,27,PART_5_27_chat.txt,4,2,2,3,1,2,2,2,25,33
part,5,1,0,27,PART_5_27_chat.txt,4,7,2,0,2,2,2,2,100,24
part,5,1,0,27,PART_5_27_chat.txt,4,11,2,0,2,2,2,2,100,16
part,5,1,0,27,PART_5_27_chat.txt,4,18,3,0,2,2,2,2,100,39
part,5,1,0,27,PART_5_27_chat.txt,4,26,3,0,1,2,2,2,100,31
part,5,1,0,27,PART_5_27_chat.txt,4,6,3,0,1,2,2,2,100,28
part,5,1,0,27,PART_5_27_chat.txt,4,15,3,0,1,2,2,2,100,37
part,5,1,0,27,PART_5_27_chat.txt,4,12,3,0,2,2,2,2,100,22
part,5,1,0,27,PART_5_27_chat.txt,4,23,3,0,2,2,2,2,100,28
part,5,1,0,27,PART_5_27_chat.txt,4,24,3,3,2,2,2,2,25,30
part,5,1,0,27,PART_5_27_chat.txt,4,3,3,0,2,2,2,2,100,25
part,5,1,0,27,PART_5_27_chat.txt,4,8,3,0,2,2,2,2,100,30
part,5,1,0,27,PART_5_27_chat.txt,5,23,1,0,2,1,1,2,10,57
part,5,1,0,27,PART_5_27_chat.txt,5,21,1,3,2,1,1,2,50,51
part,5,1,0,27,PART_5_27_chat.txt,5,16,1,0,1,1,1,2,10,19
part,5,1,0,27,PART_5_27_chat.txt,5,4,1,0,1,1,1,2,10,20
part,5,1,0,27,PART_5_27_chat.txt,5,22,1,0,2,2,1,2,10,47
part,5,1,0,27,PART_5_27_chat.txt,5,10,1,3,2,1,1,2,50,49
part,5,1,0,27,PART_5_27_chat.txt,5,12,1,0,1,1,1,2,10,17
part,5,1,0,27,PART_5_27_chat.txt,5,24,1,0,1,1,1,2,10,34
part,5,1,0,27,PART_5_27_chat.txt,5,27,1,0,2,1,1,2,10,51
part,5,1,0,27,PART_5_27_chat.txt,5,15,2,3,2,2,2,2,25,23
part,5,1,0,27,PART_5_27_chat.txt,5,26,2,0,2,2,2,2,100,27
part,5,1,0,27,PART_5_27_chat.txt,5,5,2,0,2,2,2,2,100,25
part,5,1,0,27,PART_5_27_chat.txt,5,11,2,0,2,2,2,2,100,18
part,5,1,0,27,PART_5_27_chat.txt,5,7,2,0,2,2,2,2,100,20
part,5,1,0,27,PART_5_27_chat.txt,5,20,2,0,1,2,2,2,100,26
part,5,1,0,27,PART_5_27_chat.txt,5,18,2,3,1,2,2,2,25,22
part,5,1,0,27,PART_5_27_chat.txt,5,14,2,0,2,2,2,2,100,27
part,5,1,0,27,PART_5_27_chat.txt,5,13,2,0,2,2,2,2,100,20
part,5,1,0,27,PART_5_27_chat.txt,5,1,3,0,1,1,1,1,100,25
part,5,1,0,27,PART_5_27_chat.txt,5,17,3,0,1,1,1,1,100,24
part,5,1,0,27,PART_5_27_chat.txt,5,8,3,0,1,1,1,1,100,23
part,5,1,0,27,PART_5_27_chat.txt,5,3,3,0,1,1,1,1,100,20
part,5,1,0,27,PART_5_27_chat.txt,5,2,3,0,2,1,1,1,100,19
part,5,1,0,27,PART_5_27_chat.txt,5,9,3,0,1,1,1,1,100,22
part,5,1,0,27,PART_5_27_chat.txt,5,6,3,0,2,1,1,1,100,24
part,5,1,0,27,PART_5_27_chat.txt,5,19,3,3,1,1,1,1,150,35
part,5,1,0,27,PART_5_27_chat.txt,5,25,3,0,2,1,1,1,100,25
part,5,1,0,27,PART_5_27_chat.txt,6,2,1,0,2,1,1,1,100,20
part,5,1,0,27,PART_5_27_chat.txt,6,27,1,0,1,1,1,1,100,35
part,5,1,0,27,PART_5_27_chat.txt,6,14,1,0,1,1,1,1,100,34
part,5,1,0,27,PART_5_27_chat.txt,6,25,1,0,2,1,1,1,100,35
part,5,1,0,27,PART_5_27_chat.txt,6,7,1,0,1,1,1,1,100,26
part,5,1,0,27,PART_5_27_chat.txt,6,8,1,0,2,1,1,1,100,27
part,5,1,0,27,PART_5_27_chat.txt,6,6,1,0,1,1,1,1,100,32
part,5,1,0,27,PART_5_27_chat.txt,6,19,1,0,1,1,1,1,100,27
part,5,1,0,27,PART_5_27_chat.txt,6,22,1,0,1,1,1,1,100,19
part,5,1,0,27,PART_5_27_chat.txt,6,5,2,0,1,1,1,1,100,36
part,5,1,0,27,PART_5_27_chat.txt,6,9,2,0,2,1,1,1,100,52
part,5,1,0,27,PART_5_27_chat.txt,6,16,2,3,2,1,1,1,150,21
part,5,1,0,27,PART_5_27_chat.txt,6,13,2,0,1,1,1,1,100,26
part,5,1,0,27,PART_5_27_chat.txt,6,20,2,3,1,1,1,1,150,20
part,5,1,0,27,PART_5_27_chat.txt,6,17,2,0,2,1,1,1,100,27
part,5,1,0,27,PART_5_27_chat.txt,6,11,2,3,1,1,1,1,150,24
part,5,1,0,27,PART_5_27_chat.txt,6,3,2,0,1,1,1,1,100,20
part,5,1,0,27,PART_5_27_chat.txt,6,10,2,0,1,1,1,1,100,38
part,5,1,0,27,PART_5_27_chat.txt,6,18,3,0,1,1,1,1,100,19
part,5,1,0,27,PART_5_27_chat.txt,6,15,3,0,1,1,1,1,100,15
part,5,1,0,27,PART_5_27_chat.txt,6,23,3,0,1,1,1,1,100,22
part,5,1,0,27,PART_5_27_chat.txt,6,12,3,0,2,1,1,1,100,15
part,5,1,0,27,PART_5_27_chat.txt,6,26,3,3,1,1,1,1,150,19
part,5,1,0,27,PART_5_27_chat.txt,6,21,3,0,1,1,1,1,100,17
part,5,1,0,27,PART_5_27_chat.txt,6,1,3,3,1,1,1,1,150,22
part,5,1,0,27,PART_5_27_chat.txt,6,24,3,0,1,1,1,1,100,23
part,5,1,0,27,PART_5_27_chat.txt,6,4,3,0,1,1,1,1,100,23
part,5,1,0,27,PART_5_27_chat.txt,7,9,1,0,2,2,2,2,100,10
part,5,1,0,27,PART_5_27_chat.txt,7,8,1,0,1,2,2,2,100,22
part,5,1,0,27,PART_5_27_chat.txt,7,17,1,3,2,2,2,2,25,30
part,5,1,0,27,PART_5_27_chat.txt,7,14,1,3,2,1,2,2,25,32
part,5,1,0,27,PART_5_27_chat.txt,7,22,1,0,2,2,2,2,100,14
part,5,1,0,27,PART_5_27_chat.txt,7,1,1,0,2,2,2,2,100,34
part,5,1,0,27,PART_5_27_chat.txt,7,20,1,0,2,2,2,2,100,23
part,5,1,0,27,PART_5_27_chat.txt,7,7,1,3,2,2,2,2,25,12
part,5,1,0,27,PART_5_27_chat.txt,7,26,1,0,2,2,2,2,100,28
part,5,1,0,27,PART_5_27_chat.txt,7,21,2,0,1,1,1,1,100,13
part,5,1,0,27,PART_5_27_chat.txt,7,5,2,3,2,1,1,1,150,23
part,5,1,0,27,PART_5_27_chat.txt,7,11,2,0,1,1,1,1,100,12
part,5,1,0,27,PART_5_27_chat.txt,7,10,2,0,1,1,1,1,100,14
part,5,1,0,27,PART_5_27_chat.txt,7,24,2,0,1,1,1,1,100,21
part,5,1,0,27,PART_5_27_chat.txt,7,4,2,0,1,1,1,1,100,19
part,5,1,0,27,PART_5_27_chat.txt,7,6,2,0,2,1,1,1,100,20
part,5,1,0,27,PART_5_27_chat.txt,7,23,2,0,1,1,1,1,100,19
part,5,1,0,27,PART_5_27_chat.txt,7,18,2,3,1,1,1,1,150,12
part,5,1,0,27,PART_5_27_chat.txt,7,15,3,0,1,1,1,1,100,19
part,5,1,0,27,PART_5_27_chat.txt,7,19,3,0,1,1,1,1,100,14
part,5,1,0,27,PART_5_27_chat.txt,7,13,3,0,1,1,1,1,100,27
part,5,1,0,27,PART_5_27_chat.txt,7,3,3,0,1,1,1,1,100,13
part,5,1,0,27,PART_5_27_chat.txt,7,27,3,0,1,1,1,1,100,19
part,5,1,0,27,PART_5_27_chat.txt,7,25,3,0,1,1,1,1,100,26
part,5,1,0,27,PART_5_27_chat.txt,7,2,3,0,2,1,1,1,100,31
part,5,1,0,27,PART_5_27_chat.txt,7,16,3,0,2,1,1,1,100,26
part,5,1,0,27,PART_5_27_chat.txt,7,12,3,3,2,1,1,1,150,14
part,5,1,0,27,PART_5_27_chat.txt,8,7,1,0,1,1,1,1,100,23
part,5,1,0,27,PART_5_27_chat.txt,8,21,1,0,1,1,1,1,100,12
part,5,1,0,27,PART_5_27_chat.txt,8,15,1,0,2,1,1,1,100,22
part,5,1,0,27,PART_5_27_chat.txt,8,27,1,0,1,1,1,1,100,17
part,5,1,0,27,PART_5_27_chat.txt,8,26,1,0,1,1,1,1,100,27
part,5,1,0,27,PART_5_27_chat.txt,8,14,1,0,2,1,1,1,100,21
part,5,1,0,27,PART_5_27_chat.txt,8,8,1,0,1,1,1,1,100,23
part,5,1,0,27,PART_5_27_chat.txt,8,19,1,0,2,1,1,1,100,36
part,5,1,0,27,PART_5_27_chat.txt,8,5,1,3,1,1,1,1,150,23
part,5,1,0,27,PART_5_27_chat.txt,8,25,2,0,1,2,2,2,100,39
part,5,1,0,27,PART_5_27_chat.txt,8,4,2,3,2,1,2,2,25,57
part,5,1,0,27,PART_5_27_chat.txt,8,12,2,0,2,2,2,2,100,20
part,5,1,0,27,PART_5_27_chat.txt,8,3,2,0,1,2,2,2,100,27
part,5,1,0,27,PART_5_27_chat.txt,8,17,2,0,1,1,2,2,100,26
part,5,1,0,27,PART_5_27_chat.txt,8,9,2,0,2,2,2,2,100,32
part,5,1,0,27,PART_5_27_chat.txt,8,2,2,3,2,1,2,2,25,33
part,5,1,0,27,PART_5_27_chat.txt,8,24,2,0,2,2,2,2,100,39
part,5,1,0,27,PART_5_27_chat.txt,8,1,2,3,2,2,2,2,25,46
part,5,1,0,27,PART_5_27_chat.txt,8,23,3,0,1,1,1,2,10,29
part,5,1,0,27,PART_5_27_chat.txt,8,10,3,0,1,1,1,2,10,16
part,5,1,0,27,PART_5_27_chat.txt,8,6,3,0,2,2,1,2,10,27
part,5,1,0,27,PART_5_27_chat.txt,8,13,3,0,2,1,1,2,10,74
part,5,1,0,27,PART_5_27_chat.txt,8,18,3,0,2,1,1,2,10,29
part,5,1,0,27,PART_5_27_chat.txt,8,11,3,0,1,1,1,2,10,14
part,5,1,0,27,PART_5_27_chat.txt,8,16,3,0,2,1,1,2,10,26
part,5,1,0,27,PART_5_27_chat.txt,8,22,3,0,1,1,1,2,10,14
part,5,1,0,27,PART_5_27_chat.txt,8,20,3,0,1,1,1,2,10,17
part,5,1,0,27,PART_5_27_chat.txt,9,10,1,3,2,2,2,2,25,50
part,5,1,0,27,PART_5_27_chat.txt,9,12,1,3,1,2,2,2,25,19
part,5,1,0,27,PART_5_27_chat.txt,9,15,1,0,2,2,2,2,100,21
part,5,1,0,27,PART_5_27_chat.txt,9,18,1,3,2,2,2,2,25,16
part,5,1,0,27,PART_5_27_chat.txt,9,21,1,0,2,2,2,2,100,27
part,5,1,0,27,PART_5_27_chat.txt,9,1,1,0,2,2,2,2,100,19
part,5,1,0,27,PART_5_27_chat.txt,9,11,1,0,1,2,2,2,100,20
part,5,1,0,27,PART_5_27_chat.txt,9,14,1,0,2,2,2,2,100,18
part,5,1,0,27,PART_5_27_chat.txt,9,23,1,0,2,2,2,2,100,21
part,5,1,0,27,PART_5_27_chat.txt,9,7,2,0,1,1,1,1,100,22
part,5,1,0,27,PART_5_27_chat.txt,9,8,2,3,1,1,1,1,150,20
part,5,1,0,27,PART_5_27_chat.txt,9,24,2,0,1,1,1,1,100,22
part,5,1,0,27,PART_5_27_chat.txt,9,17,2,0,2,1,1,1,100,18
part,5,1,0,27,PART_5_27_chat.txt,9,3,2,3,1,1,1,1,150,17
part,5,1,0,27,PART_5_27_chat.txt,9,26,2,0,1,1,1,1,100,16
part,5,1,0,27,PART_5_27_chat.txt,9,5,2,0,1,1,1,1,100,21
part,5,1,0,27,PART_5_27_chat.txt,9,25,2,0,2,1,1,1,100,23
part,5,1,0,27,PART_5_27_chat.txt,9,4,2,0,1,1,1,1,100,27
part,5,1,0,27,PART_5_27_chat.txt,9,20,3,0,2,1,1,1,100,34
part,5,1,0,27,PART_5_27_chat.txt,9,19,3,0,1,1,1,1,100,15
part,5,1,0,27,PART_5_27_chat.txt,9,22,3,3,1,1,1,1,150,10
part,5,1,0,27,PART_5_27_chat.txt,9,16,3,0,2,1,1,1,100,24
part,5,1,0,27,PART_5_27_chat.txt,9,6,3,0,1,1,1,1,100,21
part,5,1,0,27,PART_5_27_chat.txt,9,13,3,0,1,1,1,1,100,26
part,5,1,0,27,PART_5_27_chat.txt,9,2,3,0,1,1,1,1,100,9
part,5,1,0,27,PART_5_27_chat.txt,9,9,3,3,1,1,1,1,150,13
part,5,1,0,27,PART_5_27_chat.txt,9,27,3,3,1,1,1,1,150,40
part,5,1,0,27,PART_5_27_chat.txt,10,12,1,3,2,1,2,2,25,33
part,5,1,0,27,PART_5_27_chat.txt,10,24,1,0,2,2,2,2,100,30
part,5,1,0,27,PART_5_27_chat.txt,10,7,1,3,2,1,2,2,25,32
part,5,1,0,27,PART_5_27_chat.txt,10,23,1,0,1,2,2,2,100,31
part,5,1,0,27,PART_5_27_chat.txt,10,21,1,0,1,2,2,2,100,25
part,5,1,0,27,PART_5_27_chat.txt,10,6,1,0,2,2,2,2,100,28
part,5,1,0,27,PART_5_27_chat.txt,10,17,1,3,2,1,2,2,25,34
part,5,1,0,27,PART_5_27_chat.txt,10,19,1,0,1,2,2,2,100,34
part,5,1,0,27,PART_5_27_chat.txt,10,20,1,0,2,2,2,2,100,28
part,5,1,0,27,PART_5_27_chat.txt,10,5,2,0,1,1,1,1,100,17
part,5,1,0,27,PART_5_27_chat.txt,10,27,2,0,1,1,1,1,100,15
part,5,1,0,27,PART_5_27_chat.txt,10,15,2,0,1,1,1,1,100,16
part,5,1,0,27,PART_5_27_chat.txt,10,11,2,0,2,1,1,1,100,15
part,5,1,0,27,PART_5_27_chat.txt,10,10,2,0,1,1,1,1,100,30
part,5,1,0,27,PART_5_27_chat.txt,10,26,2,0,1,1,1,1,100,16
part,5,1,0,27,PART_5_27_chat.txt,10,25,2,0,1,1,1,1,100,26
part,5,1,0,27,PART_5_27_chat.txt,10,8,2,3,1,1,1,1,150,17
part,5,1,0,27,PART_5_27_chat.txt,10,9,2,0,1,1,1,1,100,7
part,5,1,0,27,PART_5_27_chat.txt,10,18,3,0,2,2,2,2,100,32
part,5,1,0,27,PART_5_27_chat.txt,10,13,3,0,1,2,2,2,100,32
part,5,1,0,27,PART_5_27_chat.txt,10,16,3,0,1,2,2,2,100,31
part,5,1,0,27,PART_5_27_chat.txt,10,2,3,0,2,2,2,2,100,21
part,5,1,0,27,PART_5_27_chat.txt,10,14,3,0,2,2,2,2,100,31
part,5,1,0,27,PART_5_27_chat.txt,10,3,3,0,2,2,2,2,100,14
part,5,1,0,27,PART_5_27_chat.txt,10,4,3,3,1,1,2,2,25,40
part,5,1,0,27,PART_5_27_chat.txt,10,22,3,3,2,2,2,2,25,21
part,5,1,0,27,PART_5_27_chat.txt,10,1,3,0,1,2,2,2,100,32
part,5,1,0,27,PART_5_27_chat.txt,11,12,1,3,2,1,2,2,25,23
part,5,1,0,27,PART_5_27_chat.txt,11,18,1,3,1,2,2,2,25,30
part,5,1,0,27,PART_5_27_chat.txt,11,24,1,0,2,2,2,2,100,31
part,5,1,0,27,PART_5_27_chat.txt,11,17,1,0,2,2,2,2,100,34
part,5,1,0,27,PART_5_27_chat.txt,11,23,1,0,1,2,2,2,100,34
part,5,1,0,27,PART_5_27_chat.txt,11,25,1,0,2,2,2,2,100,28
part,5,1,0,27,PART_5_27_chat.txt,11,22,1,0,2,2,2,2,100,22
part,5,1,0,27,PART_5_27_chat.txt,11,4,1,0,2,2,2,2,100,33
part,5,1,0,27,PART_5_27_chat.txt,11,2,1,0,2,2,2,2,100,25
part,5,1,0,27,PART_5_27_chat.txt,11,15,2,0,2,1,1,2,10,13
part,5,1,0,27,PART_5_27_chat.txt,11,16,2,0,2,1,1,2,10,26
part,5,1,0,27,PART_5_27_chat.txt,11,11,2,0,1,1,1,2,10,30
part,5,1,0,27,PART_5_27_chat.txt,11,14,2,0,1,1,1,2,10,26
part,5,1,0,27,PART_5_27_chat.txt,11,21,2,0,1,1,1,2,10,32
part,5,1,0,27,PART_5_27_chat.txt,11,6,2,0,2,1,1,2,10,31
part,5,1,0,27,PART_5_27_chat.txt,11,26,2,0,2,1,1,2,10,26
part,5,1,0,27,PART_5_27_chat.txt,11,9,2,3,1,1,1,2,50,12
part,5,1,0,27,PART_5_27_chat.txt,11,27,2,0,1,1,1,2,10,26
part,5,1,0,27,PART_5_27_chat.txt,11,7,3,0,1,1,1,1,100,21
part,5,1,0,27,PART_5_27_chat.txt,11,3,3,0,1,1,1,1,100,19
part,5,1,0,27,PART_5_27_chat.txt,11,10,3,0,2,1,1,1,100,24
part,5,1,0,27,PART_5_27_chat.txt,11,19,3,0,1,1,1,1,100,23
part,5,1,0,27,PART_5_27_chat.txt,11,1,3,3,1,1,1,1,150,24
part,5,1,0,27,PART_5_27_chat.txt,11,8,3,0,2,1,1,1,100,23
part,5,1,0,27,PART_5_27_chat.txt,11,13,3,0,1,1,1,1,100,22
part,5,1,0,27,PART_5_27_chat.txt,11,20,3,0,1,1,1,1,100,24
part,5,1,0,27,PART_5_27_chat.txt,11,5,3,0,1,1,1,1,100,26
part,5,1,0,27,PART_5_27_chat.txt,12,18,1,0,1,1,1,1,100,24
part,5,1,0,27,PART_5_27_chat.txt,12,11,1,0,1,1,1,1,100,24
part,5,1,0,27,PART_5_27_chat.txt,12,4,1,0,1,1,1,1,100,30
part,5,1,0,27,PART_5_27_chat.txt,12,2,1,0,1,1,1,1,100,22
part,5,1,0,27,PART_5_27_chat.txt,12,6,1,3,1,1,1,1,150,29
part,5,1,0,27,PART_5_27_chat.txt,12,16,1,3,1,1,1,1,150,31
part,5,1,0,27,PART_5_27_chat.txt,12,3,1,3,1,1,1,1,150,20
part,5,1,0,27,PART_5_27_chat.txt,12,25,1,3,2,1,1,1,150,27
part,5,1,0,27,PART_5_27_chat.txt,12,13,1,0,2,1,1,1,100,24
part,5,1,0,27,PART_5_27_chat.txt,12,15,2,0,1,1,1,1,100,20
part,5,1,0,27,PART_5_27_chat.txt,12,20,2,3,2,1,1,1,150,24
part,5,1,0,27,PART_5_27_chat.txt,12,17,2,0,2,1,1,1,100,39
part,5,1,0,27,PART_5_27_chat.txt,12,10,2,3,1,1,1,1,150,31
part,5,1,0,27,PART_5_27_chat.txt,12,1,2,0,2,1,1,1,100,22
part,5,1,0,27,PART_5_27_chat.txt,12,9,2,0,1,1,1,1,100,31
part,5,1,0,27,PART_5_27_chat.txt,12,8,2,0,1,1,1,1,100,25
part,5,1,0,27,PART_5_27_chat.txt,12,19,2,0,1,1,1,1,100,20
part,5,1,0,27,PART_5_27_chat.txt,12,12,2,0,1,1,1,1,100,16
part,5,1,0,27,PART_5_27_chat.txt,12,26,3,0,2,2,2,2,100,31
part,5,1,0,27,PART_5_27_chat.txt,12,24,3,0,2,2,2,2,100,33
part,5,1,0,27,PART_5_27_chat.txt,12,23,3,0,2,2,2,2,100,31
part,5,1,0,27,PART_5_27_chat.txt,12,21,3,0,2,2,2,2,100,27
part,5,1,0,27,PART_5_27_chat.txt,12,5,3,0,2,2,2,2,100,38
part,5,1,0,27,PART_5_27_chat.txt,12,22,3,0,1,2,2,2,100,23
part,5,1,0,27,PART_5_27_chat.txt,12,27,3,0,2,2,2,2,100,23
part,5,1,0,27,PART_5_27_chat.txt,12,7,3,3,2,2,2,2,25,37
part,5,1,0,27,PART_5_27_chat.txt,12,14,3,0,2,2,2,2,100,26
part,5,1,0,27,PART_5_27_chat.txt,13,14,1,0,2,2,2,2,100,37
part,5,1,0,27,PART_5_27_chat.txt,13,20,1,0,2,2,2,2,100,32
part,5,1,0,27,PART_5_27_chat.txt,13,21,1,0,2,2,2,2,100,32
part,5,1,0,27,PART_5_27_chat.txt,13,24,1,0,1,2,2,2,100,24
part,5,1,0,27,PART_5_27_chat.txt,13,19,1,0,1,2,2,2,100,28
part,5,1,0,27,PART_5_27_chat.txt,13,1,1,3,1,1,2,2,25,21
part,5,1,0,27,PART_5_27_chat.txt,13,3,1,0,2,2,2,2,100,21
part,5,1,0,27,PART_5_27_chat.txt,13,25,1,0,2,2,2,2,100,27
part,5,1,0,27,PART_5_27_chat.txt,13,26,1,0,2,2,2,2,100,31
part,5,1,0,27,PART_5_27_chat.txt,13,2,2,0,2,2,2,2,100,15
part,5,1,0,27,PART_5_27_chat.txt,13,7,2,0,2,2,2,2,100,13
part,5,1,0,27,PART_5_27_chat.txt,13,22,2,0,2,2,2,2,100,11
part,5,1,0,27,PART_5_27_chat.txt,13,9,2,0,2,2,2,2,100,12
part,5,1,0,27,PART_5_27_chat.txt,13,16,2,0,1,2,2,2,100,21
part,5,1,0,27,PART_5_27_chat.txt,13,6,2,0,2,2,2,2,100,29
part,5,1,0,27,PART_5_27_chat.txt,13,23,2,0,2,2,2,2,100,30
part,5,1,0,27,PART_5_27_chat.txt,13,13,2,0,2,2,2,2,100,13
part,5,1,0,27,PART_5_27_chat.txt,13,15,2,0,2,2,2,2,100,31
part,5,1,0,27,PART_5_27_chat.txt,13,12,3,3,1,1,1,1,150,14
part,5,1,0,27,PART_5_27_chat.txt,13,27,3,0,1,1,1,1,100,21
part,5,1,0,27,PART_5_27_chat.txt,13,8,3,0,1,1,1,1,100,14
part,5,1,0,27,PART_5_27_chat.txt,13,17,3,0,1,1,1,1,100,24
part,5,1,0,27,PART_5_27_chat.txt,13,10,3,3,1,1,1,1,150,17
part,5,1,0,27,PART_5_27_chat.txt,13,11,3,0,1,1,1,1,100,11
part,5,1,0,27,PART_5_27_chat.txt,13,4,3,0,1,1,1,1,100,19
part,5,1,0,27,PART_5_27_chat.txt,13,5,3,3,1,1,1,1,150,32
part,5,1,0,27,PART_5_27_chat.txt,13,18,3,0,1,1,1,1,100,12
part,5,1,0,27,PART_5_27_chat.txt,14,11,1,0,2,2,2,2,100,17
part,5,1,0,27,PART_5_27_chat.txt,14,26,1,0,2,2,2,2,100,23
part,5,1,0,27,PART_5_27_chat.txt,14,12,1,0,1,2,2,2,100,24
part,5,1,0,27,PART_5_27_chat.txt,14,7,1,0,1,2,2,2,100,24
part,5,1,0,27,PART_5_27_chat.txt,14,17,1,3,2,1,2,2,25,34
part,5,1,0,27,PART_5_27_chat.txt,14,24,1,0,2,2,2,2,100,20
part,5,1,0,27,PART_5_27_chat.txt,14,16,1,0,2,2,2,2,100,18
part,5,1,0,27,PART_5_27_chat.txt,14,15,1,3,2,2,2,2,25,19
part,5,1,0,27,PART_5_27_chat.txt,14,10,1,0,1,2,2,2,100,20
part,5,1,0,27,PART_5_27_chat.txt,14,9,2,0,2,2,2,2,100,10
part,5,1,0,27,PART_5_27_chat.txt,14,23,2,0,2,2,2,2,100,17
part,5,1,0,27,PART_5_27_chat.txt,14,3,2,0,2,2,2,2,100,8
part,5,1,0,27,PART_5_27_chat.txt,14,5,2,0,2,2,2,2,100,16
part,5,1,0,27,PART_5_27_chat.txt,14,18,2,3,2,2,2,2,25,20
part,5,1,0,27,PART_5_27_chat.txt,14,4,2,0,2,2,2,2,100,21
part,5,1,0,27,PART_5_27_chat.txt,14,20,2,0,1,2,2,2,100,19
part,5,1,0,27,PART_5_27_chat.txt,14,13,2,0,2,2,2,2,100,13
part,5,1,0,27,PART_5_27_chat.txt,14,2,2,0,2,2,2,2,100,8
part,5,1,0,27,PART_5_27_chat.txt,14,25,3,0,1,2,2,2,100,27
part,5,1,0,27,PART_5_27_chat.txt,14,21,3,0,1,2,2,2,100,27
part,5,1,0,27,PART_5_27_chat.txt,14,6,3,0,2,2,2,2,100,22
part,5,1,0,27,PART_5_27_chat.txt,14,1,3,0,2,2,2,2,100,22
part,5,1,0,27,PART_5_27_chat.txt,14,14,3,0,2,2,2,2,100,20
part,5,1,0,27,PART_5_27_chat.txt,14,22,3,0,1,2,2,2,100,23
part,5,1,0,27,PART_5_27_chat.txt,14,19,3,0,1,2,2,2,100,24
part,5,1,0,27,PART_5_27_chat.txt,14,27,3,3,2,1,2,2,25,28
part,5,1,0,27,PART_5_27_chat.txt,14,8,3,3,2,2,2,2,25,33
part,5,1,0,27,PART_5_27_chat.txt,15,4,1,0,2,2,2,2,100,23
part,5,1,0,27,PART_5_27_chat.txt,15,25,1,3,2,2,2,2,25,18
part,5,1,0,27,PART_5_27_chat.txt,15,19,1,0,2,2,2,2,100,33
part,5,1,0,27,PART_5_27_chat.txt,15,17,1,3,1,1,2,2,25,63
part,5,1,0,27,PART_5_27_chat.txt,15,26,1,0,2,2,2,2,100,22
part,5,1,0,27,PART_5_27_chat.txt,15,3,1,0,2,2,2,2,100,13
part,5,1,0,27,PART_5_27_chat.txt,15,21,1,0,2,2,2,2,100,17
part,5,1,0,27,PART_5_27_chat.txt,15,10,1,0,1,2,2,2,100,18
part,5,1,0,27,PART_5_27_chat.txt,15,13,1,0,2,2,2,2,100,14
part,5,1,0,27,PART_5_27_chat.txt,15,27,2,0,1,1,2,1,10,47
part,5,1,0,27,PART_5_27_chat.txt,15,16,2,0,1,2,2,1,10,40
part,5,1,0,27,PART_5_27_chat.txt,15,6,2,0,2,2,2,1,10,36
part,5,1,0,27,PART_5_27_chat.txt,15,18,2,0,2,2,2,1,10,38
part,5,1,0,27,PART_5_27_chat.txt,15,15,2,0,2,2,2,1,10,37
part,5,1,0,27,PART_5_27_chat.txt,15,20,2,3,1,2,2,1,10,35
part,5,1,0,27,PART_5_27_chat.txt,15,1,2,3,2,1,2,1,10,27
part,5,1,0,27,PART_5_27_chat.txt,15,7,2,0,2,2,2,1,10,39
part,5,1,0,27,PART_5_27_chat.txt,15,23,2,0,1,2,2,1,10,48
part,5,1,0,27,PART_5_27_chat.txt,15,22,3,0,1,1,1,1,100,9
part,5,1,0,27,PART_5_27_chat.txt,15,2,3,0,1,1,1,1,100,9
part,5,1,0,27,PART_5_27_chat.txt,15,5,3,0,2,1,1,1,100,24
part,5,1,0,27,PART_5_27_chat.txt,15,12,3,0,1,1,1,1,100,16
part,5,1,0,27,PART_5_27_chat.txt,15,9,3,0,1,1,1,1,100,8
part,5,1,0,27,PART_5_27_chat.txt,15,24,3,0,1,1,1,1,100,18
part,5,1,0,27,PART_5_27_chat.txt,15,8,3,0,1,1,1,1,100,15
part,5,1,0,27,PART_5_27_chat.txt,15,14,3,0,1,1,1,1,100,13
part,5,1,0,27,PART_5_27_chat.txt,15,11,3,0,1,1,1,1,100,14
part,5,0,0,27,PART_5_27_nochat.txt,1,10,1,0,1,1,1,2,10,22
part,5,0,0,27,PART_5_27_nochat.txt,1,3,1,0,1,1,1,2,10,40
part,5,0,0,27,PART_5_27_nochat.txt,1,1,1,0,2,2,1,2,10,23
part,5,0,0,27,PART_5_27_nochat.txt,1,15,1,0,2,1,1,2,10,35
part,5,0,0,27,PART_5_27_nochat.txt,1,20,1,0,1,1,1,2,10,17
part,5,0,0,27,PART_5_27_nochat.txt,1,9,1,3,2,2,1,2,50,31
part,5,0,0,27,PART_5_27_nochat.txt,1,14,1,3,2,1,1,2,50,27
part,5,0,0,27,PART_5_27_nochat.txt,1,17,1,0,1,1,1,2,10,31
part,5,0,0,27,PART_5_27_nochat.txt,1,12,1,0,1,1,1,2,10,22
part,5,0,0,27,PART_5_27_nochat.txt,1,13,2,0,1,1,2,1,10,27
part,5,0,0,27,PART_5_27_nochat.txt,1,25,2,3,2,2,2,1,10,13
part,5,0,0,27,PART_5_27_nochat.txt,1,22,2,0,1,1,2,1,10,40
part,5,0,0,27,PART_5_27_nochat.txt,1,26,2,0,1,1,2,1,10,22
part,5,0,0,27,PART_5_27_nochat.txt,1,5,2,3,1,2,2,1,10,17
part,5,0,0,27,PART_5_27_nochat.txt,1,19,2,0,1,1,2,1,10,34
part,5,0,0,27,PART_5_27_nochat.txt,1,23,2,0,2,2,2,1,10,39
part,5,0,0,27,PART_5_27_nochat.txt,1,27,2,0,2,2,2,1,10,18
part,5,0,0,27,PART_5_27_nochat.txt,1,21,2,0,2,2,2,1,10,18
part,5,0,0,27,PART_5_27_nochat.txt,1,8,3,0,1,1,1,1,100,14
part,5,0,0,27,PART_5_27_nochat.txt,1,16,3,0,1,1,1,1,100,47
part,5,0,0,27,PART_5_27_nochat.txt,1,18,3,0,1,1,1,1,100,28
part,5,0,0,27,PART_5_27_nochat.txt,1,6,3,0,1,1,1,1,100,35
part,5,0,0,27,PART_5_27_nochat.txt,1,4,3,0,1,1,1,1,100,24
part,5,0,0,27,PART_5_27_nochat.txt,1,11,3,0,1,1,1,1,100,25
part,5,0,0,27,PART_5_27_nochat.txt,1,7,3,0,1,1,1,1,100,36
part,5,0,0,27,PART_5_27_nochat.txt,1,2,3,3,2,1,1,1,150,25
part,5,0,0,27,PART_5_27_nochat.txt,1,24,3,0,1,1,1,1,100,22
part,5,0,0,27,PART_5_27_nochat.txt,2,21,1,0,2,2,2,2,100,37
part,5,0,0,27,PART_5_27_nochat.txt,2,4,1,0,2,2,2,2,100,10
part,5,0,0,27,PART_5_27_nochat.txt,2,11,1,0,2,2,2,2,100,31
part,5,0,0,27,PART_5_27_nochat.txt,2,18,1,0,1,2,2,2,100,13
part,5,0,0,27,PART_5_27_nochat.txt,2,6,1,0,1,1,2,2,100,27
part,5,0,0,27,PART_5_27_nochat.txt,2,25,1,0,2,2,2,2,100,15
part,5,0,0,27,PART_5_27_nochat.txt,2,5,1,3,1,1,2,2,25,13
part,5,0,0,27,PART_5_27_nochat.txt,2,8,1,0,2,2,2,2,100,14
part,5,0,0,27,PART_5_27_nochat.txt,2,10,1,0,2,2,2,2,100,18
part,5,0,0,27,PART_5_27_nochat.txt,2,23,2,0,2,2,2,2,100,8
part,5,0,0,27,PART_5_27_nochat.txt,2,2,2,0,2,2,2,2,100,22
part,5,0,0,27,PART_5_27_nochat.txt,2,27,2,0,1,1,2,2,100,14
part,5,0,0,27,PART_5_27_nochat.txt,2,1,2,0,2,2,2,2,100,16
part,5,0,0,27,PART_5_27_nochat.txt,2,26,2,3,2,2,2,2,25,12
part,5,0,0,27,PART_5_27_nochat.txt,2,14,2,0,2,2,2,2,100,15
part,5,0,0,27,PART_5_27_nochat.txt,2,20,2,3,2,2,2,2,25,6
part,5,0,0,27,PART_5_27_nochat.txt,2,9,2,3,2,2,2,2,25,10
part,5,0,0,27,PART_5_27_nochat.txt,2,16,2,0,2,2,2,2,100,80
part,5,0,0,27,PART_5_27_nochat.txt,2,24,3,0,2,2,2,2,100,10
part,5,0,0,27,PART_5_27_nochat.txt,2,22,3,0,2,2,2,2,100,13
part,5,0,0,27,PART_5_27_nochat.txt,2,19,3,0,2,1,2,2,100,40
part,5,0,0,27,PART_5_27_nochat.txt,2,7,3,0,2,1,2,2,100,6
part,5,0,0,27,PART_5_27_nochat.txt,2,17,3,0,2,2,2,2,100,26
part,5,0,0,27,PART_5_27_nochat.txt,2,13,3,0,2,2,2,2,100,29
part,5,0,0,27,PART_5_27_nochat.txt,2,12,3,0,1,1,2,2,100,11
part,5,0,0,27,PART_5_27_nochat.txt,2,15,3,3,2,1,2,2,25,14
part,5,0,0,27,PART_5_27_nochat.txt,2,3,3,0,2,2,2,2,100,18
part,5,0,0,27,PART_5_27_nochat.txt,3,19,1,0,1,2,2,2,100,9
part,5,0,0,27,PART_5_27_nochat.txt,3,5,1,0,2,1,2,2,100,13
part,5,0,0,27,PART_5_27_nochat.txt,3,25,1,0,2,1,2,2,100,19
part,5,0,0,27,PART_5_27_nochat.txt,3,10,1,0,2,2,2,2,100,5
part,5,0,0,27,PART_5_27_nochat.txt,3,2,1,0,2,2,2,2,100,19
part,5,0,0,27,PART_5_27_nochat.txt,3,18,1,0,2,2,2,2,100,8
part,5,0,0,27,PART_5_27_nochat.txt,3,24,1,0,2,1,2,2,100,7
part,5,0,0,27,PART_5_27_nochat.txt,3,4,1,0,2,2,2,2,100,4
part,5,0,0,27,PART_5_27_nochat.txt,3,17,1,0,2,2,2,2,100,13
part,5,0,0,27,PART_5_27_nochat.txt,3,12,2,0,2,1,2,2,100,14
part,5,0,0,27,PART_5_27_nochat.txt,3,1,2,3,1,1,2,2,25,6
part,5,0,0,27,PART_5_27_nochat.txt,3,7,2,0,2,2,2,2,100,8
part,5,0,0,27,PART_5_27_nochat.txt,3,8,2,0,2,2,2,2,100,6
part,5,0,0,27,PART_5_27_nochat.txt,3,6,2,0,1,1,2,2,100,16
part,5,0,0,27,PART_5_27_nochat.txt,3,3,2,3,1,2,2,2,25,10
part,5,0,0,27,PART_5_27_nochat.txt,3,9,2,0,2,2,2,2,100,10
part,5,0,0,27,PART_5_27_nochat.txt,3,14,2,0,1,1,2,2,100,4
part,5,0,0,27,PART_5_27_nochat.txt,3,16,2,0,2,2,2,2,100,8
part,5,0,0,27,PART_5_27_nochat.txt,3,15,3,0,1,1,1,1,100,9
part,5,0,0,27,PART_5_27_nochat.txt,3,26,3,0,1,1,1,1,100,15
part,5,0,0,27,PART_5_27_nochat.txt,3,22,3,0,1,1,1,1,100,7
part,5,0,0,27,PART_5_27_nochat.txt,3,13,3,0,1,1,1,1,100,7
part,5,0,0,27,PART_5_27_nochat.txt,3,21,3,0,2,2,1,1,100,3
part,5,0,0,27,PART_5_27_nochat.txt,3,11,3,0,2,2,1,1,100,16
part,5,0,0,27,PART_5_27_nochat.txt,3,20,3,0,2,2,1,1,100,7
part,5,0,0,27,PART_5_27_nochat.txt,3,27,3,0,2,2,1,1,100,21
part,5,0,0,27,PART_5_27_nochat.txt,3,23,3,0,1,1,1,1,100,16
part,5,0,0,27,PART_5_27_nochat.txt,4,25,1,0,1,2,1,1,100,19
part,5,0,0,27,PART_5_27_nochat.txt,4,14,1,0,1,1,1,1,100,5
part,5,0,0,27,PART_5_27_nochat.txt,4,5,1,0,2,1,1,1,100,16
part,5,0,0,27,PART_5_27_nochat.txt,4,17,1,0,2,2,1,1,100,13
part,5,0,0,27,PART_5_27_nochat.txt,4,13,1,0,2,2,1,1,100,18
part,5,0,0,27,PART_5_27_nochat.txt,4,21,1,0,1,1,1,1,100,6
part,5,0,0,27,PART_5_27_nochat.txt,4,20,1,3,1,1,1,1,150,16
part,5,0,0,27,PART_5_27_nochat.txt,4,16,1,0,1,1,1,1,100,4
part,5,0,0,27,PART_5_27_nochat.txt,4,4,1,0,1,1,1,1,100,4
part,5,0,0,27,PART_5_27_nochat.txt,4,22,2,0,1,1,1,1,100,13
part,5,0,0,27,PART_5_27_nochat.txt,4,27,2,0,2,2,1,1,100,5
part,5,0,0,27,PART_5_27_nochat.txt,4,9,2,0,1,1,1,1,100,8
part,5,0,0,27,PART_5_27_nochat.txt,4,10,2,0,1,1,1,1,100,8
part,5,0,0,27,PART_5_27_nochat.txt,4,19,2,0,1,1,1,1,100,22
part,5,0,0,27,PART_5_27_nochat.txt,4,1,2,0,1,1,1,1,100,7
part,5,0,0,27,PART_5_27_nochat.txt,4,2,2,0,2,2,1,1,100,13
part,5,0,0,27,PART_5_27_nochat.txt,4,7,2,3,1,1,1,1,150,5
part,5,0,0,27,PART_5_27_nochat.txt,4,11,2,0,1,1,1,1,100,40
part,5,0,0,27,PART_5_27_nochat.txt,4,18,3,0,1,1,1,1,100,11
part,5,0,0,27,PART_5_27_nochat.txt,4,26,3,0,1,1,1,1,100,19
part,5,0,0,27,PART_5_27_nochat.txt,4,6,3,3,2,2,1,1,150,4
part,5,0,0,27,PART_5_27_nochat.txt,4,15,3,0,1,1,1,1,100,16
part,5,0,0,27,PART_5_27_nochat.txt,4,12,3,0,2,1,1,1,100,11
part,5,0,0,27,PART_5_27_nochat.txt,4,23,3,0,1,1,1,1,100,7
part,5,0,0,27,PART_5_27_nochat.txt,4,24,3,3,1,2,1,1,150,16
part,5,0,0,27,PART_5_27_nochat.txt,4,3,3,0,1,2,1,1,100,10
part,5,0,0,27,PART_5_27_nochat.txt,4,8,3,0,1,1,1,1,100,9
part,5,0,0,27,PART_5_27_nochat.txt,5,23,1,0,2,2,2,2,100,8
part,5,0,0,27,PART_5_27_nochat.txt,5,21,1,3,2,2,2,2,25,5
part,5,0,0,27,PART_5_27_nochat.txt,5,16,1,0,2,2,2,2,100,8
part,5,0,0,27,PART_5_27_nochat.txt,5,4,1,0,1,1,2,2,100,2
part,5,0,0,27,PART_5_27_nochat.txt,5,22,1,0,1,1,2,2,100,8
part,5,0,0,27,PART_5_27_nochat.txt,5,10,1,0,2,2,2,2,100,10
part,5,0,0,27,PART_5_27_nochat.txt,5,12,1,0,2,2,2,2,100,14
part,5,0,0,27,PART_5_27_nochat.txt,5,24,1,0,2,2,2,2,100,6
part,5,0,0,27,PART_5_27_nochat.txt,5,27,1,0,2,2,2,2,100,5
part,5,0,0,27,PART_5_27_nochat.txt,5,15,2,0,1,1,2,2,100,10
part,5,0,0,27,PART_5_27_nochat.txt,5,26,2,0,1,1,2,2,100,10
part,5,0,0,27,PART_5_27_nochat.txt,5,5,2,0,2,2,2,2,100,10
part,5,0,0,27,PART_5_27_nochat.txt,5,11,2,0,2,2,2,2,100,17
part,5,0,0,27,PART_5_27_nochat.txt,5,7,2,3,2,1,2,2,25,24
part,5,0,0,27,PART_5_27_nochat.txt,5,20,2,0,2,2,2,2,100,5
part,5,0,0,27,PART_5_27_nochat.txt,5,18,2,3,1,2,2,2,25,5
part,5,0,0,27,PART_5_27_nochat.txt,5,14,2,3,2,1,2,2,25,8
part,5,0,0,27,PART_5_27_nochat.txt,5,13,2,0,2,2,2,2,100,9
part,5,0,0,27,PART_5_27_nochat.txt,5,1,3,0,2,2,1,1,100,7
part,5,0,0,27,PART_5_27_nochat.txt,5,17,3,0,2,2,1,1,100,9
part,5,0,0,27,PART_5_27_nochat.txt,5,8,3,0,1,1,1,1,100,6
part,5,0,0,27,PART_5_27_nochat.txt,5,3,3,3,1,1,1,1,150,11
part,5,0,0,27,PART_5_27_nochat.txt,5,2,3,0,2,2,1,1,100,16
part,5,0,0,27,PART_5_27_nochat.txt,5,9,3,0,1,1,1,1,100,8
part,5,0,0,27,PART_5_27_nochat.txt,5,6,3,0,1,1,1,1,100,5
part,5,0,0,27,PART_5_27_nochat.txt,5,19,3,0,1,2,1,1,100,25
part,5,0,0,27,PART_5_27_nochat.txt,5,25,3,3,1,1,1,1,150,21
part,5,0,0,27,PART_5_27_nochat.txt,6,2,1,0,2,2,2,2,100,17
part,5,0,0,27,PART_5_27_nochat.txt,6,27,1,0,2,2,2,2,100,7
part,5,0,0,27,PART_5_27_nochat.txt,6,14,1,0,2,2,2,2,100,10
part,5,0,0,27,PART_5_27_nochat.txt,6,25,1,3,1,1,2,2,25,9
part,5,0,0,27,PART_5_27_nochat.txt,6,7,1,0,2,2,2,2,100,13
part,5,0,0,27,PART_5_27_nochat.txt,6,8,1,3,1,1,2,2,25,10
part,5,0,0,27,PART_5_27_nochat.txt,6,6,1,3,1,1,2,2,25,11
part,5,0,0,27,PART_5_27_nochat.txt,6,19,1,0,2,1,2,2,100,16
part,5,0,0,27,PART_5_27_nochat.txt,6,22,1,3,2,2,2,2,25,5
part,5,0,0,27,PART_5_27_nochat.txt,6,5,2,0,2,1,1,2,10,15
part,5,0,0,27,PART_5_27_nochat.txt,6,9,2,0,1,1,1,2,10,6
part,5,0,0,27,PART_5_27_nochat.txt,6,16,2,0,1,1,1,2,10,4
part,5,0,0,27,PART_5_27_nochat.txt,6,13,2,0,2,2,1,2,10,10
part,5,0,0,27,PART_5_27_nochat.txt,6,20,2,3,2,1,1,2,50,4
part,5,0,0,27,PART_5_27_nochat.txt,6,17,2,0,2,2,1,2,10,6
part,5,0,0,27,PART_5_27_nochat.txt,6,11,2,3,1,1,1,2,50,7
part,5,0,0,27,PART_5_27_nochat.txt,6,3,2,3,2,1,1,2,50,17
part,5,0,0,27,PART_5_27_nochat.txt,6,10,2,3,1,1,1,2,50,14
part,5,0,0,27,PART_5_27_nochat.txt,6,18,3,0,1,1,1,1,100,14
part,5,0,0,27,PART_5_27_nochat.txt,6,15,3,0,1,1,1,1,100,7
part,5,0,0,27,PART_5_27_nochat.txt,6,23,3,0,1,1,1,1,100,6
part,5,0,0,27,PART_5_27_nochat.txt,6,12,3,0,1,1,1,1,100,9
part,5,0,0,27,PART_5_27_nochat.txt,6,26,3,0,1,1,1,1,100,17
part,5,0,0,27,PART_5_27_nochat.txt,6,21,3,0,1,1,1,1,100,4
part,5,0,0,27,PART_5_27_nochat.txt,6,1,3,0,1,1,1,1,100,20
part,5,0,0,27,PART_5_27_nochat.txt,6,24,3,3,1,1,1,1,150,5
part,5,0,0,27,PART_5_27_nochat.txt,6,4,3,3,2,2,1,1,150,4
part,5,0,0,27,PART_5_27_nochat.txt,7,9,1,0,1,1,1,1,100,11
part,5,0,0,27,PART_5_27_nochat.txt,7,8,1,0,1,1,1,1,100,21
part,5,0,0,27,PART_5_27_nochat.txt,7,17,1,3,1,1,1,1,150,23
part,5,0,0,27,PART_5_27_nochat.txt,7,14,1,0,2,2,1,1,100,7
part,5,0,0,27,PART_5_27_nochat.txt,7,22,1,0,2,2,1,1,100,20
part,5,0,0,27,PART_5_27_nochat.txt,7,1,1,0,2,2,1,1,100,12
part,5,0,0,27,PART_5_27_nochat.txt,7,20,1,0,2,2,1,1,100,12
part,5,0,0,27,PART_5_27_nochat.txt,7,7,1,0,1,1,1,1,100,9
part,5,0,0,27,PART_5_27_nochat.txt,7,26,1,0,1,1,1,1,100,14
part,5,0,0,27,PART_5_27_nochat.txt,7,21,2,3,2,2,2,2,25,10
part,5,0,0,27,PART_5_27_nochat.txt,7,5,2,0,2,2,2,2,100,8
part,5,0,0,27,PART_5_27_nochat.txt,7,11,2,3,2,2,2,2,25,12
part,5,0,0,27,PART_5_27_nochat.txt,7,10,2,3,2,1,2,2,25,23
part,5,0,0,27,PART_5_27_nochat.txt,7,24,2,0,2,2,2,2,100,13
part,5,0,0,27,PART_5_27_nochat.txt,7,4,2,0,2,2,2,2,100,7
part,5,0,0,27,PART_5_27_nochat.txt,7,6,2,0,2,2,2,2,100,10
part,5,0,0,27,PART_5_27_nochat.txt,7,23,2,3,2,2,2,2,25,14
part,5,0,0,27,PART_5_27_nochat.txt,7,18,2,0,2,1,2,2,100,12
part,5,0,0,27,PART_5_27_nochat.txt,7,15,3,3,2,1,1,2,50,8
part,5,0,0,27,PART_5_27_nochat.txt,7,19,3,0,2,2,1,2,10,25
part,5,0,0,27,PART_5_27_nochat.txt,7,13,3,0,2,2,1,2,10,20
part,5,0,0,27,PART_5_27_nochat.txt,7,3,3,0,1,2,1,2,10,13
part,5,0,0,27,PART_5_27_nochat.txt,7,27,3,0,2,2,1,2,10,8
part,5,0,0,27,PART_5_27_nochat.txt,7,25,3,0,1,1,1,2,10,9
part,5,0,0,27,PART_5_27_nochat.txt,7,2,3,0,1,1,1,2,10,10
part,5,0,0,27,PART_5_27_nochat.txt,7,16,3,3,1,1,1,2,50,17
part,5,0,0,27,PART_5_27_nochat.txt,7,12,3,0,1,1,1,2,10,7
part,5,0,0,27,PART_5_27_nochat.txt,8,7,1,0,2,2,2,2,100,5
part,5,0,0,27,PART_5_27_nochat.txt,8,21,1,0,2,2,2,2,100,5
part,5,0,0,27,PART_5_27_nochat.txt,8,15,1,0,2,2,2,2,100,11
part,5,0,0,27,PART_5_27_nochat.txt,8,27,1,0,1,1,2,2,100,10
part,5,0,0,27,PART_5_27_nochat.txt,8,26,1,0,2,2,2,2,100,10
part,5,0,0,27,PART_5_27_nochat.txt,8,14,1,0,2,2,2,2,100,9
part,5,0,0,27,PART_5_27_nochat.txt,8,8,1,0,2,2,2,2,100,9
part,5,0,0,27,PART_5_27_nochat.txt,8,19,1,0,2,1,2,2,100,21
part,5,0,0,27,PART_5_27_nochat.txt,8,5,1,0,1,1,2,2,100,15
part,5,0,0,27,PART_5_27_nochat.txt,8,25,2,0,2,2,2,2,100,15
part,5,0,0,27,PART_5_27_nochat.txt,8,4,2,0,2,2,2,2,100,3
part,5,0,0,27,PART_5_27_nochat.txt,8,12,2,0,2,2,2,2,100,14
part,5,0,0,27,PART_5_27_nochat.txt,8,3,2,0,2,1,2,2,100,6
part,5,0,0,27,PART_5_27_nochat.txt,8,17,2,0,2,2,2,2,100,17
part,5,0,0,27,PART_5_27_nochat.txt,8,9,2,0,2,2,2,2,100,9
part,5,0,0,27,PART_5_27_nochat.txt,8,2,2,0,2,2,2,2,100,15
part,5,0,0,27,PART_5_27_nochat.txt,8,24,2,0,1,1,2,2,100,6
part,5,0,0,27,PART_5_27_nochat.txt,8,1,2,3,2,2,2,2,25,7
part,5,0,0,27,PART_5_27_nochat.txt,8,23,3,0,2,2,1,1,100,9
part,5,0,0,27,PART_5_27_nochat.txt,8,10,3,0,2,2,1,1,100,12
part,5,0,0,27,PART_5_27_nochat.txt,8,6,3,0,2,2,1,1,100,13
part,5,0,0,27,PART_5_27_nochat.txt,8,13,3,0,1,1,1,1,100,11
part,5,0,0,27,PART_5_27_nochat.txt,8,18,3,0,1,2,1,1,100,10
part,5,0,0,27,PART_5_27_nochat.txt,8,11,3,0,1,1,1,1,100,17
part,5,0,0,27,PART_5_27_nochat.txt,8,16,3,0,1,1,1,1,100,16
part,5,0,0,27,PART_5_27_nochat.txt,8,22,3,0,1,1,1,1,100,7
part,5,0,0,27,PART_5_27_nochat.txt,8,20,3,0,1,1,1,1,100,11
part,5,0,0,27,PART_5_27_nochat.txt,9,10,1,0,1,1,1,1,100,11
part,5,0,0,27,PART_5_27_nochat.txt,9,12,1,3,2,1,1,1,150,17
part,5,0,0,27,PART_5_27_nochat.txt,9,15,1,3,1,1,1,1,150,11
part,5,0,0,27,PART_5_27_nochat.txt,9,18,1,0,2,2,1,1,100,13
part,5,0,0,27,PART_5_27_nochat.txt,9,21,1,3,2,2,1,1,150,5
part,5,0,0,27,PART_5_27_nochat.txt,9,1,1,0,2,2,1,1,100,5
part,5,0,0,27,PART_5_27_nochat.txt,9,11,1,3,1,1,1,1,150,12
part,5,0,0,27,PART_5_27_nochat.txt,9,14,1,0,1,1,1,1,100,8
part,5,0,0,27,PART_5_27_nochat.txt,9,23,1,0,1,1,1,1,100,10
part,5,0,0,27,PART_5_27_nochat.txt,9,7,2,3,1,1,1,2,50,6
part,5,0,0,27,PART_5_27_nochat.txt,9,8,2,0,1,1,1,2,10,11
part,5,0,0,27,PART_5_27_nochat.txt,9,24,2,0,1,1,1,2,10,7
part,5,0,0,27,PART_5_27_nochat.txt,9,17,2,0,2,2,1,2,10,16
part,5,0,0,27,PART_5_27_nochat.txt,9,3,2,3,2,1,1,2,50,9
part,5,0,0,27,PART_5_27_nochat.txt,9,26,2,3,1,1,1,2,50,11
part,5,0,0,27,PART_5_27_nochat.txt,9,5,2,3,2,1,1,2,50,10
part,5,0,0,27,PART_5_27_nochat.txt,9,25,2,0,1,1,1,2,10,11
part,5,0,0,27,PART_5_27_nochat.txt,9,4,2,0,1,1,1,2,10,2
part,5,0,0,27,PART_5_27_nochat.txt,9,20,3,3,2,1,1,2,50,4
part,5,0,0,27,PART_5_27_nochat.txt,9,19,3,0,2,1,1,2,10,15
part,5,0,0,27,PART_5_27_nochat.txt,9,22,3,0,2,2,1,2,10,4
part,5,0,0,27,PART_5_27_nochat.txt,9,16,3,0,1,1,1,2,10,4
part,5,0,0,27,PART_5_27_nochat.txt,9,6,3,0,2,1,1,2,10,13
part,5,0,0,27,PART_5_27_nochat.txt,9,13,3,3,2,1,1,2,50,19
part,5,0,0,27,PART_5_27_nochat.txt,9,2,3,0,1,1,1,2,10,6
part,5,0,0,27,PART_5_27_nochat.txt,9,9,3,3,1,1,1,2,50,9
part,5,0,0,27,PART_5_27_nochat.txt,9,27,3,0,2,1,1,2,10,9
part,5,0,0,27,PART_5_27_nochat.txt,10,12,1,0,2,1,1,2,10,31
part,5,0,0,27,PART_5_27_nochat.txt,10,24,1,3,2,1,1,2,50,6
part,5,0,0,27,PART_5_27_nochat.txt,10,7,1,3,2,1,1,2,50,12
part,5,0,0,27,PART_5_27_nochat.txt,10,23,1,0,1,1,1,2,10,5
part,5,0,0,27,PART_5_27_nochat.txt,10,21,1,0,2,2,1,2,10,7
part,5,0,0,27,PART_5_27_nochat.txt,10,6,1,0,1,1,1,2,10,14
part,5,0,0,27,PART_5_27_nochat.txt,10,17,1,3,2,1,1,2,50,11
part,5,0,0,27,PART_5_27_nochat.txt,10,19,1,0,2,1,1,2,10,24
part,5,0,0,27,PART_5_27_nochat.txt,10,20,1,0,1,1,1,2,10,37
part,5,0,0,27,PART_5_27_nochat.txt,10,5,2,3,1,1,1,1,150,13
part,5,0,0,27,PART_5_27_nochat.txt,10,27,2,0,1,1,1,1,100,10
part,5,0,0,27,PART_5_27_nochat.txt,10,15,2,3,1,1,1,1,150,9
part,5,0,0,27,PART_5_27_nochat.txt,10,11,2,0,1,2,1,1,100,13
part,5,0,0,27,PART_5_27_nochat.txt,10,10,2,0,1,1,1,1,100,4
part,5,0,0,27,PART_5_27_nochat.txt,10,26,2,0,1,1,1,1,100,9
part,5,0,0,27,PART_5_27_nochat.txt,10,25,2,0,1,1,1,1,100,15
part,5,0,0,27,PART_5_27_nochat.txt,10,8,2,0,2,2,1,1,100,7
part,5,0,0,27,PART_5_27_nochat.txt,10,9,2,0,1,1,1,1,100,7
part,5,0,0,27,PART_5_27_nochat.txt,10,18,3,0,2,2,2,2,100,10
part,5,0,0,27,PART_5_27_nochat.txt,10,13,3,0,2,2,2,2,100,39
part,5,0,0,27,PART_5_27_nochat.txt,10,16,3,0,1,1,2,2,100,6
part,5,0,0,27,PART_5_27_nochat.txt,10,2,3,0,1,1,2,2,100,10
part,5,0,0,27,PART_5_27_nochat.txt,10,14,3,0,1,1,2,2,100,6
part,5,0,0,27,PART_5_27_nochat.txt,10,3,3,0,2,1,2,2,100,10
part,5,0,0,27,PART_5_27_nochat.txt,10,4,3,0,2,2,2,2,100,3
part,5,0,0,27,PART_5_27_nochat.txt,10,22,3,0,2,2,2,2,100,5
part,5,0,0,27,PART_5_27_nochat.txt,10,1,3,0,2,2,2,2,100,6
part,5,0,0,27,PART_5_27_nochat.txt,11,12,1,0,2,1,1,2,10,8
part,5,0,0,27,PART_5_27_nochat.txt,11,18,1,0,2,1,1,2,10,15
part,5,0,0,27,PART_5_27_nochat.txt,11,24,1,0,1,1,1,2,10,12
part,5,0,0,27,PART_5_27_nochat.txt,11,17,1,3,1,1,1,2,50,21
part,5,0,0,27,PART_5_27_nochat.txt,11,23,1,0,2,2,1,2,10,10
part,5,0,0,27,PART_5_27_nochat.txt,11,25,1,0,2,2,1,2,10,6
part,5,0,0,27,PART_5_27_nochat.txt,11,22,1,0,1,1,1,2,10,7
part,5,0,0,27,PART_5_27_nochat.txt,11,4,1,0,2,2,1,2,10,5
part,5,0,0,27,PART_5_27_nochat.txt,11,2,1,0,2,2,1,2,10,11
part,5,0,0,27,PART_5_27_nochat.txt,11,15,2,0,2,2,2,2,100,7
part,5,0,0,27,PART_5_27_nochat.txt,11,16,2,0,2,2,2,2,100,13
part,5,0,0,27,PART_5_27_nochat.txt,11,11,2,0,2,2,2,2,100,8
part,5,0,0,27,PART_5_27_nochat.txt,11,14,2,0,2,2,2,2,100,4
part,5,0,0,27,PART_5_27_nochat.txt,11,21,2,3,2,2,2,2,25,14
part,5,0,0,27,PART_5_27_nochat.txt,11,6,2,0,2,2,2,2,100,13
part,5,0,0,27,PART_5_27_nochat.txt,11,26,2,0,2,2,2,2,100,7
part,5,0,0,27,PART_5_27_nochat.txt,11,9,2,0,2,2,2,2,100,5
part,5,0,0,27,PART_5_27_nochat.txt,11,27,2,0,2,2,2,2,100,4
part,5,0,0,27,PART_5_27_nochat.txt,11,7,3,0,1,1,2,1,10,5
part,5,0,0,27,PART_5_27_nochat.txt,11,3,3,0,2,2,2,1,10,18
part,5,0,0,27,PART_5_27_nochat.txt,11,10,3,0,2,2,2,1,10,5
part,5,0,0,27,PART_5_27_nochat.txt,11,19,3,0,1,1,2,1,10,31
part,5,0,0,27,PART_5_27_nochat.txt,11,1,3,0,1,1,2,1,10,7
part,5,0,0,27,PART_5_27_nochat.txt,11,8,3,0,1,1,2,1,10,4
part,5,0,0,27,PART_5_27_nochat.txt,11,13,3,0,2,2,2,1,10,16
part,5,0,0,27,PART_5_27_nochat.txt,11,20,3,0,2,2,2,1,10,11
part,5,0,0,27,PART_5_27_nochat.txt,11,5,3,0,1,2,2,1,10,8
part,5,0,0,27,PART_5_27_nochat.txt,12,18,1,0,2,1,2,2,100,17
part,5,0,0,27,PART_5_27_nochat.txt,12,11,1,0,1,1,2,2,100,8
part,5,0,0,27,PART_5_27_nochat.txt,12,4,1,3,2,2,2,2,25,3
part,5,0,0,27,PART_5_27_nochat.txt,12,2,1,0,1,1,2,2,100,5
part,5,0,0,27,PART_5_27_nochat.txt,12,6,1,0,2,1,2,2,100,9
part,5,0,0,27,PART_5_27_nochat.txt,12,16,1,0,2,2,2,2,100,7
part,5,0,0,27,PART_5_27_nochat.txt,12,3,1,0,1,2,2,2,100,14
part,5,0,0,27,PART_5_27_nochat.txt,12,25,1,0,2,2,2,2,100,5
part,5,0,0,27,PART_5_27_nochat.txt,12,13,1,0,2,2,2,2,100,14
part,5,0,0,27,PART_5_27_nochat.txt,12,15,2,0,1,1,1,1,100,3
part,5,0,0,27,PART_5_27_nochat.txt,12,20,2,3,2,1,1,1,150,10
part,5,0,0,27,PART_5_27_nochat.txt,12,17,2,3,1,2,1,1,150,29
part,5,0,0,27,PART_5_27_nochat.txt,12,10,2,3,2,1,1,1,150,12
part,5,0,0,27,PART_5_27_nochat.txt,12,1,2,0,2,2,1,1,100,6
part,5,0,0,27,PART_5_27_nochat.txt,12,9,2,0,1,1,1,1,100,5
part,5,0,0,27,PART_5_27_nochat.txt,12,8,2,3,2,1,1,1,150,16
part,5,0,0,27,PART_5_27_nochat.txt,12,19,2,0,1,1,1,1,100,35
part,5,0,0,27,PART_5_27_nochat.txt,12,12,2,0,1,1,1,1,100,18
part,5,0,0,27,PART_5_27_nochat.txt,12,26,3,0,2,2,2,2,100,11
part,5,0,0,27,PART_5_27_nochat.txt,12,24,3,0,2,1,2,2,100,6
part,5,0,0,27,PART_5_27_nochat.txt,12,23,3,0,2,2,2,2,100,6
part,5,0,0,27,PART_5_27_nochat.txt,12,21,3,0,2,2,2,2,100,2
part,5,0,0,27,PART_5_27_nochat.txt,12,5,3,0,2,1,2,2,100,11
part,5,0,0,27,PART_5_27_nochat.txt,12,22,3,0,2,2,2,2,100,3
part,5,0,0,27,PART_5_27_nochat.txt,12,27,3,0,2,2,2,2,100,8
part,5,0,0,27,PART_5_27_nochat.txt,12,7,3,0,2,2,2,2,100,6
part,5,0,0,27,PART_5_27_nochat.txt,12,14,3,3,1,1,2,2,25,9
part,5,0,0,27,PART_5_27_nochat.txt,13,14,1,3,2,1,1,2,50,7
part,5,0,0,27,PART_5_27_nochat.txt,13,20,1,0,2,2,1,2,10,5
part,5,0,0,27,PART_5_27_nochat.txt,13,21,1,3,2,1,1,2,50,8
part,5,0,0,27,PART_5_27_nochat.txt,13,24,1,0,2,1,1,2,10,6
part,5,0,0,27,PART_5_27_nochat.txt,13,19,1,0,2,2,1,2,10,28
part,5,0,0,27,PART_5_27_nochat.txt,13,1,1,0,2,2,1,2,10,7
part,5,0,0,27,PART_5_27_nochat.txt,13,3,1,0,1,1,1,2,10,11
part,5,0,0,27,PART_5_27_nochat.txt,13,25,1,0,2,2,1,2,10,7
part,5,0,0,27,PART_5_27_nochat.txt,13,26,1,0,2,1,1,2,10,9
part,5,0,0,27,PART_5_27_nochat.txt,13,2,2,3,1,1,2,2,25,6
part,5,0,0,27,PART_5_27_nochat.txt,13,7,2,0,2,2,2,2,100,4
part,5,0,0,27,PART_5_27_nochat.txt,13,22,2,0,2,2,2,2,100,7
part,5,0,0,27,PART_5_27_nochat.txt,13,9,2,0,2,2,2,2,100,7
part,5,0,0,27,PART_5_27_nochat.txt,13,16,2,3,2,1,2,2,25,4
part,5,0,0,27,PART_5_27_nochat.txt,13,6,2,0,1,1,2,2,100,10
part,5,0,0,27,PART_5_27_nochat.txt,13,23,2,0,1,1,2,2,100,5
part,5,0,0,27,PART_5_27_nochat.txt,13,13,2,0,2,2,2,2,100,6
part,5,0,0,27,PART_5_27_nochat.txt,13,15,2,3,2,2,2,2,25,5
part,5,0,0,27,PART_5_27_nochat.txt,13,12,3,0,1,1,1,1,100,18
part,5,0,0,27,PART_5_27_nochat.txt,13,27,3,0,2,2,1,1,100,6
part,5,0,0,27,PART_5_27_nochat.txt,13,8,3,3,2,1,1,1,150,11
part,5,0,0,27,PART_5_27_nochat.txt,13,17,3,3,1,2,1,1,150,21
part,5,0,0,27,PART_5_27_nochat.txt,13,10,3,0,1,1,1,1,100,9
part,5,0,0,27,PART_5_27_nochat.txt,13,11,3,0,1,2,1,1,100,9
part,5,0,0,27,PART_5_27_nochat.txt,13,4,3,0,1,1,1,1,100,4
part,5,0,0,27,PART_5_27_nochat.txt,13,5,3,0,2,1,1,1,100,10
part,5,0,0,27,PART_5_27_nochat.txt,13,18,3,0,1,1,1,1,100,6
part,5,0,0,27,PART_5_27_nochat.txt,14,11,1,3,2,2,1,2,50,51
part,5,0,0,27,PART_5_27_nochat.txt,14,26,1,3,1,1,1,2,50,7
part,5,0,0,27,PART_5_27_nochat.txt,14,12,1,0,1,1,1,2,10,9
part,5,0,0,27,PART_5_27_nochat.txt,14,7,1,3,1,1,1,2,50,4
part,5,0,0,27,PART_5_27_nochat.txt,14,17,1,0,2,2,1,2,10,17
part,5,0,0,27,PART_5_27_nochat.txt,14,24,1,3,2,1,1,2,50,9
part,5,0,0,27,PART_5_27_nochat.txt,14,16,1,0,2,2,1,2,10,4
part,5,0,0,27,PART_5_27_nochat.txt,14,15,1,0,1,1,1,2,10,8
part,5,0,0,27,PART_5_27_nochat.txt,14,10,1,0,2,2,1,2,10,5
part,5,0,0,27,PART_5_27_nochat.txt,14,9,2,0,2,2,1,1,100,5
part,5,0,0,27,PART_5_27_nochat.txt,14,23,2,0,1,1,1,1,100,4
part,5,0,0,27,PART_5_27_nochat.txt,14,3,2,3,1,1,1,1,150,12
part,5,0,0,27,PART_5_27_nochat.txt,14,5,2,0,1,1,1,1,100,9
part,5,0,0,27,PART_5_27_nochat.txt,14,18,2,0,1,2,1,1,100,8
part,5,0,0,27,PART_5_27_nochat.txt,14,4,2,3,1,1,1,1,150,5
part,5,0,0,27,PART_5_27_nochat.txt,14,20,2,0,1,1,1,1,100,4
part,5,0,0,27,PART_5_27_nochat.txt,14,13,2,0,1,1,1,1,100,7
part,5,0,0,27,PART_5_27_nochat.txt,14,2,2,0,2,2,1,1,100,9
part,5,0,0,27,PART_5_27_nochat.txt,14,25,3,0,2,2,2,2,100,14
part,5,0,0,27,PART_5_27_nochat.txt,14,21,3,0,2,2,2,2,100,8
part,5,0,0,27,PART_5_27_nochat.txt,14,6,3,3,2,1,2,2,25,24
part,5,0,0,27,PART_5_27_nochat.txt,14,1,3,0,2,2,2,2,100,4
part,5,0,0,27,PART_5_27_nochat.txt,14,14,3,0,2,2,2,2,100,5
part,5,0,0,27,PART_5_27_nochat.txt,14,22,3,3,2,2,2,2,25,6
part,5,0,0,27,PART_5_27_nochat.txt,14,19,3,0,2,1,2,2,100,7
part,5,0,0,27,PART_5_27_nochat.txt,14,27,3,0,2,2,2,2,100,25
part,5,0,0,27,PART_5_27_nochat.txt,14,8,3,0,1,1,2,2,100,4
part,5,0,0,27,PART_5_27_nochat.txt,15,4,1,0,1,1,1,1,100,2
part,5,0,0,27,PART_5_27_nochat.txt,15,25,1,0,2,1,1,1,100,24
part,5,0,0,27,PART_5_27_nochat.txt,15,19,1,0,1,1,1,1,100,12
part,5,0,0,27,PART_5_27_nochat.txt,15,17,1,3,1,2,1,1,150,17
part,5,0,0,27,PART_5_27_nochat.txt,15,26,1,0,1,1,1,1,100,9
part,5,0,0,27,PART_5_27_nochat.txt,15,3,1,0,2,2,1,1,100,11
part,5,0,0,27,PART_5_27_nochat.txt,15,21,1,0,1,1,1,1,100,6
part,5,0,0,27,PART_5_27_nochat.txt,15,10,1,0,1,1,1,1,100,8
part,5,0,0,27,PART_5_27_nochat.txt,15,13,1,0,2,2,1,1,100,4
part,5,0,0,27,PART_5_27_nochat.txt,15,27,2,0,1,1,1,2,10,4
part,5,0,0,27,PART_5_27_nochat.txt,15,16,2,0,2,2,1,2,10,9
part,5,0,0,27,PART_5_27_nochat.txt,15,6,2,0,2,2,1,2,10,8
part,5,0,0,27,PART_5_27_nochat.txt,15,18,2,3,2,2,1,2,50,4
part,5,0,0,27,PART_5_27_nochat.txt,15,15,2,3,2,1,1,2,50,7
part,5,0,0,27,PART_5_27_nochat.txt,15,20,2,0,1,1,1,2,10,7
part,5,0,0,27,PART_5_27_nochat.txt,15,1,2,0,2,2,1,2,10,5
part,5,0,0,27,PART_5_27_nochat.txt,15,7,2,0,1,1,1,2,10,6
part,5,0,0,27,PART_5_27_nochat.txt,15,23,2,3,1,1,1,2,50,4
part,5,0,0,27,PART_5_27_nochat.txt,15,22,3,0,2,2,2,2,100,4
part,5,0,0,27,PART_5_27_nochat.txt,15,2,3,0,2,2,2,2,100,6
part,5,0,0,27,PART_5_27_nochat.txt,15,5,3,0,2,1,2,2,100,10
part,5,0,0,27,PART_5_27_nochat.txt,15,12,3,3,2,2,2,2,25,12
part,5,0,0,27,PART_5_27_nochat.txt,15,9,3,0,1,1,2,2,100,7
part,5,0,0,27,PART_5_27_nochat.txt,15,24,3,0,1,1,2,2,100,8
part,5,0,0,27,PART_5_27_nochat.txt,15,8,3,3,2,1,2,2,25,3
part,5,0,0,27,PART_5_27_nochat.txt,15,14,3,0,2,2,2,2,100,4
part,5,0,0,27,PART_5_27_nochat.txt,15,11,3,0,2,2,2,2,100,20
part,7,1,0,36,PART_7_36_chat.txt,1,5,1,0,1,2,1,1,100,50
part,7,1,0,36,PART_7_36_chat.txt,1,27,1,0,1,1,1,1,100,57
part,7,1,0,36,PART_7_36_chat.txt,1,20,1,0,2,1,1,1,100,47
part,7,1,0,36,PART_7_36_chat.txt,1,13,1,0,1,1,1,1,100,57
part,7,1,0,36,PART_7_36_chat.txt,1,24,1,0,1,1,1,1,100,57
part,7,1,0,36,PART_7_36_chat.txt,1,33,1,0,2,1,1,1,100,47
part,7,1,0,36,PART_7_36_chat.txt,1,17,1,0,2,1,1,1,100,68
part,7,1,0,36,PART_7_36_chat.txt,1,7,1,0,1,1,1,1,100,42
part,7,1,0,36,PART_7_36_chat.txt,1,31,1,0,2,2,1,1,100,50
part,7,1,0,36,PART_7_36_chat.txt,1,6,2,0,1,1,1,2,10,46
part,7,1,0,36,PART_7_36_chat.txt,1,10,2,0,1,1,1,2,10,35
part,7,1,0,36,PART_7_36_chat.txt,1,1,2,3,1,1,1,2,50,39
part,7,1,0,36,PART_7_36_chat.txt,1,4,2,0,1,1,1,2,10,27
part,7,1,0,36,PART_7_36_chat.txt,1,18,2,0,2,1,1,2,10,32
part,7,1,0,36,PART_7_36_chat.txt,1,36,2,0,1,1,1,2,10,36
part,7,1,0,36,PART_7_36_chat.txt,1,26,2,0,1,1,1,2,10,56
part,7,1,0,36,PART_7_36_chat.txt,1,8,2,3,1,1,1,2,50,6
part,7,1,0,36,PART_7_36_chat.txt,1,25,2,0,2,1,1,2,10,63
part,7,1,0,36,PART_7_36_chat.txt,1,11,3,0,2,2,2,2,100,20
part,7,1,0,36,PART_7_36_chat.txt,1,23,3,0,2,2,2,2,100,40
part,7,1,0,36,PART_7_36_chat.txt,1,35,3,0,2,2,2,2,100,39
part,7,1,0,36,PART_7_36_chat.txt,1,19,3,3,2,2,2,2,25,38
part,7,1,0,36,PART_7_36_chat.txt,1,28,3,0,2,2,2,2,100,39
part,7,1,0,36,PART_7_36_chat.txt,1,15,3,0,2,2,2,2,100,39
part,7,1,0,36,PART_7_36_chat.txt,1,16,3,0,1,1,2,2,100,23
part,7,1,0,36,PART_7_36_chat.txt,1,22,3,0,2,2,2,2,100,40
part,7,1,0,36,PART_7_36_chat.txt,1,34,3,3,2,2,2,2,25,28
part,7,1,0,36,PART_7_36_chat.txt,1,29,4,3,2,1,1,1,150,43
part,7,1,0,36,PART_7_36_chat.txt,1,14,4,3,1,1,1,1,150,59
part,7,1,0,36,PART_7_36_chat.txt,1,2,4,0,1,1,1,1,100,81
part,7,1,0,36,PART_7_36_chat.txt,1,3,4,0,2,1,1,1,100,34
part,7,1,0,36,PART_7_36_chat.txt,1,9,4,0,1,1,1,1,100,36
part,7,1,0,36,PART_7_36_chat.txt,1,32,4,0,1,1,1,1,100,20
part,7,1,0,36,PART_7_36_chat.txt,1,12,4,0,1,1,1,1,100,44
part,7,1,0,36,PART_7_36_chat.txt,1,21,4,3,1,1,1,1,150,24
part,7,1,0,36,PART_7_36_chat.txt,1,30,4,0,1,1,1,1,100,56
part,7,1,0,36,PART_7_36_chat.txt,2,21,1,0,1,1,1,1,100,40
part,7,1,0,36,PART_7_36_chat.txt,2,34,1,0,1,1,1,1,100,21
part,7,1,0,36,PART_7_36_chat.txt,2,11,1,0,1,1,1,1,100,29
part,7,1,0,36,PART_7_36_chat.txt,2,24,1,0,1,1,1,1,100,48
part,7,1,0,36,PART_7_36_chat.txt,2,10,1,0,1,1,1,1,100,38
part,7,1,0,36,PART_7_36_chat.txt,2,20,1,0,1,1,1,1,100,35
part,7,1,0,36,PART_7_36_chat.txt,2,1,1,0,1,1,1,1,100,32
part,7,1,0,36,PART_7_36_chat.txt,2,35,1,0,2,1,1,1,100,45
part,7,1,0,36,PART_7_36_chat.txt,2,30,1,3,1,1,1,1,150,42
part,7,1,0,36,PART_7_36_chat.txt,2,5,2,0,1,1,1,1,100,30
part,7,1,0,36,PART_7_36_chat.txt,2,29,2,0,1,1,1,1,100,33
part,7,1,0,36,PART_7_36_chat.txt,2,27,2,0,1,1,1,1,100,20
part,7,1,0,36,PART_7_36_chat.txt,2,6,2,0,1,1,1,1,100,23
part,7,1,0,36,PART_7_36_chat.txt,2,15,2,0,1,1,1,1,100,27
part,7,1,0,36,PART_7_36_chat.txt,2,14,2,0,1,1,1,1,100,28
part,7,1,0,36,PART_7_36_chat.txt,2,9,2,0,1,1,1,1,100,21
part,7,1,0,36,PART_7_36_chat.txt,2,12,2,0,1,1,1,1,100,22
part,7,1,0,36,PART_7_36_chat.txt,2,28,2,0,1,1,1,1,100,21
part,7,1,0,36,PART_7_36_chat.txt,2,25,3,3,2,1,2,1,10,62
part,7,1,0,36,PART_7_36_chat.txt,2,33,3,0,2,2,2,1,10,44
part,7,1,0,36,PART_7_36_chat.txt,2,23,3,3,1,2,2,1,10,19
part,7,1,0,36,PART_7_36_chat.txt,2,16,3,0,1,1,2,1,10,35
part,7,1,0,36,PART_7_36_chat.txt,2,26,3,0,1,1,2,1,10,105
part,7,1,0,36,PART_7_36_chat.txt,2,17,3,3,2,1,2,1,10,103
part,7,1,0,36,PART_7_36_chat.txt,2,18,3,0,2,2,2,1,10,32
part,7,1,0,36,PART_7_36_chat.txt,2,8,3,0,2,1,2,1,10,12
part,7,1,0,36,PART_7_36_chat.txt,2,19,3,0,2,2,2,1,10,44
part,7,1,0,36,PART_7_36_chat.txt,2,4,4,0,1,1,1,1,100,20
part,7,1,0,36,PART_7_36_chat.txt,2,3,4,0,2,1,1,1,100,22
part,7,1,0,36,PART_7_36_chat.txt,2,36,4,0,1,1,1,1,100,29
part,7,1,0,36,PART_7_36_chat.txt,2,7,4,0,1,1,1,1,100,15
part,7,1,0,36,PART_7_36_chat.txt,2,2,4,0,1,1,1,1,100,47
part,7,1,0,36,PART_7_36_chat.txt,2,32,4,3,1,1,1,1,150,18
part,7,1,0,36,PART_7_36_chat.txt,2,13,4,3,1,1,1,1,150,27
part,7,1,0,36,PART_7_36_chat.txt,2,31,4,0,2,1,1,1,100,7
part,7,1,0,36,PART_7_36_chat.txt,2,22,4,0,1,1,1,1,100,30
part,7,1,0,36,PART_7_36_chat.txt,3,15,1,0,1,1,1,1,100,22
part,7,1,0,36,PART_7_36_chat.txt,3,34,1,0,1,1,1,1,100,19
part,7,1,0,36,PART_7_36_chat.txt,3,31,1,3,2,1,1,1,150,7
part,7,1,0,36,PART_7_36_chat.txt,3,24,1,0,1,1,1,1,100,16
part,7,1,0,36,PART_7_36_chat.txt,3,14,1,0,1,1,1,1,100,24
part,7,1,0,36,PART_7_36_chat.txt,3,20,1,0,2,1,1,1,100,18
part,7,1,0,36,PART_7_36_chat.txt,3,4,1,0,1,1,1,1,100,19
part,7,1,0,36,PART_7_36_chat.txt,3,30,1,0,1,1,1,1,100,27
part,7,1,0,36,PART_7_36_chat.txt,3,6,1,3,1,1,1,1,150,23
part,7,1,0,36,PART_7_36_chat.txt,3,12,2,0,2,2,2,2,100,35
part,7,1,0,36,PART_7_36_chat.txt,3,8,2,0,2,2,2,2,100,4
part,7,1,0,36,PART_7_36_chat.txt,3,5,2,0,2,2,2,2,100,24
part,7,1,0,36,PART_7_36_chat.txt,3,32,2,3,1,2,2,2,25,21
part,7,1,0,36,PART_7_36_chat.txt,3,22,2,0,2,2,2,2,100,43
part,7,1,0,36,PART_7_36_chat.txt,3,27,2,0,1,2,2,2,100,27
part,7,1,0,36,PART_7_36_chat.txt,3,16,2,0,2,1,2,2,100,28
part,7,1,0,36,PART_7_36_chat.txt,3,10,2,0,1,2,2,2,100,51
part,7,1,0,36,PART_7_36_chat.txt,3,23,2,0,2,2,2,2,100,25
part,7,1,0,36,PART_7_36_chat.txt,3,7,3,3,2,1,1,1,150,14
part,7,1,0,36,PART_7_36_chat.txt,3,33,3,0,1,1,1,1,100,23
part,7,1,0,36,PART_7_36_chat.txt,3,21,3,0,1,1,1,1,100,27
part,7,1,0,36,PART_7_36_chat.txt,3,3,3,0,1,1,1,1,100,18
part,7,1,0,36,PART_7_36_chat.txt,3,26,3,0,1,1,1,1,100,27
part,7,1,0,36,PART_7_36_chat.txt,3,35,3,0,1,1,1,1,100,21
part,7,1,0,36,PART_7_36_chat.txt,3,25,3,3,1,1,1,1,150,107
part,7,1,0,36,PART_7_36_chat.txt,3,18,3,3,1,1,1,1,150,25
part,7,1,0,36,PART_7_36_chat.txt,3,13,3,0,1,1,1,1,100,22
part,7,1,0,36,PART_7_36_chat.txt,3,9,4,3,1,1,2,1,10,16
part,7,1,0,36,PART_7_36_chat.txt,3,36,4,0,2,2,2,1,10,99
part,7,1,0,36,PART_7_36_chat.txt,3,1,4,0,2,2,2,1,10,86
part,7,1,0,36,PART_7_36_chat.txt,3,17,4,0,2,2,2,1,10,90
part,7,1,0,36,PART_7_36_chat.txt,3,28,4,0,1,2,2,1,10,37
part,7,1,0,36,PART_7_36_chat.txt,3,19,4,0,1,2,2,1,10,48
part,7,1,0,36,PART_7_36_chat.txt,3,29,4,0,1,1,2,1,10,65
part,7,1,0,36,PART_7_36_chat.txt,3,11,4,3,1,2,2,1,10,93
part,7,1,0,36,PART_7_36_chat.txt,3,2,4,3,2,2,2,1,10,106
part,7,1,0,36,PART_7_36_chat.txt,4,7,1,0,1,1,2,2,100,96
part,7,1,0,36,PART_7_36_chat.txt,4,23,1,0,2,2,2,2,100,37
part,7,1,0,36,PART_7_36_chat.txt,4,10,1,0,1,2,2,2,100,125
part,7,1,0,36,PART_7_36_chat.txt,4,6,1,3,1,1,2,2,25,59
part,7,1,0,36,PART_7_36_chat.txt,4,34,1,0,2,2,2,2,100,15
part,7,1,0,36,PART_7_36_chat.txt,4,32,1,0,2,2,2,2,100,24
part,7,1,0,36,PART_7_36_chat.txt,4,15,1,0,2,1,2,2,100,74
part,7,1,0,36,PART_7_36_chat.txt,4,9,1,0,2,2,2,2,100,84
part,7,1,0,36,PART_7_36_chat.txt,4,25,1,0,2,1,2,2,100,77
part,7,1,0,36,PART_7_36_chat.txt,4,30,2,3,2,2,2,2,25,26
part,7,1,0,36,PART_7_36_chat.txt,4,17,2,0,2,2,2,2,100,32
part,7,1,0,36,PART_7_36_chat.txt,4,4,2,0,2,2,2,2,100,22
part,7,1,0,36,PART_7_36_chat.txt,4,29,2,0,2,2,2,2,100,57
part,7,1,0,36,PART_7_36_chat.txt,4,18,2,0,2,2,2,2,100,40
part,7,1,0,36,PART_7_36_chat.txt,4,21,2,3,2,2,2,2,25,21
part,7,1,0,36,PART_7_36_chat.txt,4,3,2,3,2,2,2,2,25,28
part,7,1,0,36,PART_7_36_chat.txt,4,20,2,0,1,2,2,2,100,26
part,7,1,0,36,PART_7_36_chat.txt,4,2,2,0,2,2,2,2,100,54
part,7,1,0,36,PART_7_36_chat.txt,4,19,3,0,1,1,1,1,100,16
part,7,1,0,36,PART_7_36_chat.txt,4,27,3,0,1,1,1,1,100,14
part,7,1,0,36,PART_7_36_chat.txt,4,35,3,0,1,1,1,1,100,27
part,7,1,0,36,PART_7_36_chat.txt,4,1,3,3,1,1,1,1,150,19
part,7,1,0,36,PART_7_36_chat.txt,4,24,3,0,1,1,1,1,100,16
part,7,1,0,36,PART_7_36_chat.txt,4,11,3,0,1,1,1,1,100,27
part,7,1,0,36,PART_7_36_chat.txt,4,5,3,0,1,2,1,1,100,35
part,7,1,0,36,PART_7_36_chat.txt,4,14,3,0,1,1,1,1,100,18
part,7,1,0,36,PART_7_36_chat.txt,4,13,3,0,1,1,1,1,100,18
part,7,1,0,36,PART_7_36_chat.txt,4,28,4,0,1,1,1,1,100,45
part,7,1,0,36,PART_7_36_chat.txt,4,26,4,3,2,1,1,1,150,38
part,7,1,0,36,PART_7_36_chat.txt,4,12,4,0,1,1,1,1,100,27
part,7,1,0,36,PART_7_36_chat.txt,4,31,4,0,2,1,1,1,100,16
part,7,1,0,36,PART_7_36_chat.txt,4,8,4,3,1,1,1,1,150,8
part,7,1,0,36,PART_7_36_chat.txt,4,22,4,3,1,1,1,1,150,36
part,7,1,0,36,PART_7_36_chat.txt,4,36,4,0,2,1,1,1,100,29
part,7,1,0,36,PART_7_36_chat.txt,4,16,4,0,2,1,1,1,100,36
part,7,1,0,36,PART_7_36_chat.txt,4,33,4,3,1,1,1,1,150,40
part,7,1,0,36,PART_7_36_chat.txt,5,35,1,0,1,1,1,1,100,35
part,7,1,0,36,PART_7_36_chat.txt,5,16,1,0,2,1,1,1,100,28
part,7,1,0,36,PART_7_36_chat.txt,5,31,1,3,1,1,1,1,150,13
part,7,1,0,36,PART_7_36_chat.txt,5,11,1,0,2,1,1,1,100,44
part,7,1,0,36,PART_7_36_chat.txt,5,15,1,0,1,1,1,1,100,40
part,7,1,0,36,PART_7_36_chat.txt,5,18,1,0,1,1,1,1,100,34
part,7,1,0,36,PART_7_36_chat.txt,5,34,1,0,1,1,1,1,100,14
part,7,1,0,36,PART_7_36_chat.txt,5,5,1,0,2,1,1,1,100,29
part,7,1,0,36,PART_7_36_chat.txt,5,13,1,0,1,1,1,1,100,29
part,7,1,0,36,PART_7_36_chat.txt,5,25,2,0,1,1,1,1,100,120
part,7,1,0,36,PART_7_36_chat.txt,5,14,2,3,1,1,1,1,150,30
part,7,1,0,36,PART_7_36_chat.txt,5,9,2,0,1,1,1,1,100,20
part,7,1,0,36,PART_7_36_chat.txt,5,22,2,0,2,1,1,1,100,21
part,7,1,0,36,PART_7_36_chat.txt,5,4,2,0,1,1,1,1,100,19
part,7,1,0,36,PART_7_36_chat.txt,5,26,2,0,1,1,1,1,100,30
part,7,1,0,36,PART_7_36_chat.txt,5,27,2,0,1,1,1,1,100,17
part,7,1,0,36,PART_7_36_chat.txt,5,33,2,3,1,1,1,1,150,24
part,7,1,0,36,PART_7_36_chat.txt,5,17,2,0,1,1,1,1,100,39
part,7,1,0,36,PART_7_36_chat.txt,5,28,3,0,2,2,2,2,100,23
part,7,1,0,36,PART_7_36_chat.txt,5,36,3,0,1,2,2,2,100,24
part,7,1,0,36,PART_7_36_chat.txt,5,24,3,0,1,2,2,2,100,39
part,7,1,0,36,PART_7_36_chat.txt,5,21,3,0,2,2,2,2,100,19
part,7,1,0,36,PART_7_36_chat.txt,5,10,3,3,2,2,2,2,25,47
part,7,1,0,36,PART_7_36_chat.txt,5,12,3,0,2,2,2,2,100,29
part,7,1,0,36,PART_7_36_chat.txt,5,20,3,0,2,2,2,2,100,33
part,7,1,0,36,PART_7_36_chat.txt,5,3,3,3,2,2,2,2,25,16
part,7,1,0,36,PART_7_36_chat.txt,5,1,3,0,2,2,2,2,100,22
part,7,1,0,36,PART_7_36_chat.txt,5,7,4,0,1,1,1,1,100,26
part,7,1,0,36,PART_7_36_chat.txt,5,8,4,0,2,2,1,1,100,11
part,7,1,0,36,PART_7_36_chat.txt,5,19,4,0,1,1,1,1,100,34
part,7,1,0,36,PART_7_36_chat.txt,5,6,4,3,1,1,1,1,150,28
part,7,1,0,36,PART_7_36_chat.txt,5,30,4,3,1,1,1,1,150,39
part,7,1,0,36,PART_7_36_chat.txt,5,32,4,0,1,1,1,1,100,31
part,7,1,0,36,PART_7_36_chat.txt,5,23,4,0,2,1,1,1,100,18
part,7,1,0,36,PART_7_36_chat.txt,5,29,4,0,1,1,1,1,100,21
part,7,1,0,36,PART_7_36_chat.txt,5,2,4,3,1,1,1,1,150,58
part,7,1,0,36,PART_7_36_chat.txt,6,24,1,0,2,2,2,2,100,14
part,7,1,0,36,PART_7_36_chat.txt,6,25,1,0,1,1,2,2,100,104
part,7,1,0,36,PART_7_36_chat.txt,6,32,1,0,2,2,2,2,100,42
part,7,1,0,36,PART_7_36_chat.txt,6,18,1,0,2,2,2,2,100,44
part,7,1,0,36,PART_7_36_chat.txt,6,36,1,0,2,2,2,2,100,15
part,7,1,0,36,PART_7_36_chat.txt,6,19,1,3,2,2,2,2,25,34
part,7,1,0,36,PART_7_36_chat.txt,6,3,1,0,2,2,2,2,100,14
part,7,1,0,36,PART_7_36_chat.txt,6,12,1,0,2,2,2,2,100,26
part,7,1,0,36,PART_7_36_chat.txt,6,31,1,0,1,2,2,2,100,20
part,7,1,0,36,PART_7_36_chat.txt,6,13,2,0,1,1,1,1,100,17
part,7,1,0,36,PART_7_36_chat.txt,6,35,2,0,1,1,1,1,100,27
part,7,1,0,36,PART_7_36_chat.txt,6,21,2,0,1,1,1,1,100,13
part,7,1,0,36,PART_7_36_chat.txt,6,22,2,0,1,1,1,1,100,18
part,7,1,0,36,PART_7_36_chat.txt,6,17,2,0,1,1,1,1,100,20
part,7,1,0,36,PART_7_36_chat.txt,6,28,2,3,1,1,1,1,150,17
part,7,1,0,36,PART_7_36_chat.txt,6,16,2,3,1,1,1,1,150,19
part,7,1,0,36,PART_7_36_chat.txt,6,29,2,3,1,1,1,1,150,13
part,7,1,0,36,PART_7_36_chat.txt,6,27,2,0,1,1,1,1,100,13
part,7,1,0,36,PART_7_36_chat.txt,6,14,3,0,1,1,1,1,100,42
part,7,1,0,36,PART_7_36_chat.txt,6,6,3,3,1,1,1,1,150,58
part,7,1,0,36,PART_7_36_chat.txt,6,30,3,0,1,1,1,1,100,58
part,7,1,0,36,PART_7_36_chat.txt,6,34,3,0,1,1,1,1,100,23
part,7,1,0,36,PART_7_36_chat.txt,6,4,3,3,2,1,1,1,150,22
part,7,1,0,36,PART_7_36_chat.txt,6,33,3,0,2,2,1,1,100,40
part,7,1,0,36,PART_7_36_chat.txt,6,20,3,0,1,1,1,1,100,22
part,7,1,0,36,PART_7_36_chat.txt,6,7,3,0,1,1,1,1,100,20
part,7,1,0,36,PART_7_36_chat.txt,6,8,3,0,1,1,1,1,100,9
part,7,1,0,36,PART_7_36_chat.txt,6,9,4,0,2,2,2,2,100,25
part,7,1,0,36,PART_7_36_chat.txt,6,23,4,0,2,2,2,2,100,19
part,7,1,0,36,PART_7_36_chat.txt,6,1,4,0,2,2,2,2,100,29
part,7,1,0,36,PART_7_36_chat.txt,6,10,4,0,2,2,2,2,100,63
part,7,1,0,36,PART_7_36_chat.txt,6,2,4,0,1,2,2,2,100,78
part,7,1,0,36,PART_7_36_chat.txt,6,11,4,0,1,2,2,2,100,52
part,7,1,0,36,PART_7_36_chat.txt,6,15,4,0,2,2,2,2,100,46
part,7,1,0,36,PART_7_36_chat.txt,6,5,4,0,2,2,2,2,100,22
part,7,1,0,36,PART_7_36_chat.txt,6,26,4,0,2,2,2,2,100,46
part,7,1,0,36,PART_7_36_chat.txt,7,18,1,3,1,1,1,1,150,79
part,7,1,0,36,PART_7_36_chat.txt,7,30,1,0,2,2,1,1,100,107
part,7,1,0,36,PART_7_36_chat.txt,7,11,1,0,1,1,1,1,100,87
part,7,1,0,36,PART_7_36_chat.txt,7,23,1,0,1,1,1,1,100,45
part,7,1,0,36,PART_7_36_chat.txt,7,22,1,3,1,1,1,1,150,85
part,7,1,0,36,PART_7_36_chat.txt,7,4,1,0,2,1,1,1,100,57
part,7,1,0,36,PART_7_36_chat.txt,7,8,1,0,2,2,1,1,100,5
part,7,1,0,36,PART_7_36_chat.txt,7,19,1,0,1,1,1,1,100,50
part,7,1,0,36,PART_7_36_chat.txt,7,6,1,0,2,1,1,1,100,95
part,7,1,0,36,PART_7_36_chat.txt,7,5,2,0,2,1,1,1,100,32
part,7,1,0,36,PART_7_36_chat.txt,7,32,2,0,1,1,1,1,100,29
part,7,1,0,36,PART_7_36_chat.txt,7,34,2,0,1,1,1,1,100,33
part,7,1,0,36,PART_7_36_chat.txt,7,12,2,0,2,1,1,1,100,32
part,7,1,0,36,PART_7_36_chat.txt,7,15,2,0,1,1,1,1,100,76
part,7,1,0,36,PART_7_36_chat.txt,7,1,2,3,2,2,1,1,150,134
part,7,1,0,36,PART_7_36_chat.txt,7,10,2,3,1,1,1,1,150,53
part,7,1,0,36,PART_7_36_chat.txt,7,29,2,0,1,1,1,1,100,96
part,7,1,0,36,PART_7_36_chat.txt,7,24,2,3,2,1,1,1,150,82
part,7,1,0,36,PART_7_36_chat.txt,7,25,3,0,2,1,2,2,100,101
part,7,1,0,36,PART_7_36_chat.txt,7,3,3,0,2,2,2,2,100,24
part,7,1,0,36,PART_7_36_chat.txt,7,14,3,0,2,2,2,2,100,33
part,7,1,0,36,PART_7_36_chat.txt,7,7,3,0,2,2,2,2,100,16
part,7,1,0,36,PART_7_36_chat.txt,7,27,3,0,2,2,2,2,100,14
part,7,1,0,36,PART_7_36_chat.txt,7,31,3,0,2,2,2,2,100,26
part,7,1,0,36,PART_7_36_chat.txt,7,17,3,0,2,2,2,2,100,20
part,7,1,0,36,PART_7_36_chat.txt,7,16,3,0,2,2,2,2,100,36
part,7,1,0,36,PART_7_36_chat.txt,7,20,3,3,2,2,2,2,25,20
part,7,1,0,36,PART_7_36_chat.txt,7,35,4,0,2,1,1,1,100,21
part,7,1,0,36,PART_7_36_chat.txt,7,33,4,0,1,1,1,1,100,20
part,7,1,0,36,PART_7_36_chat.txt,7,28,4,0,1,1,1,1,100,20
part,7,1,0,36,PART_7_36_chat.txt,7,21,4,0,2,1,1,1,100,22
part,7,1,0,36,PART_7_36_chat.txt,7,9,4,0,1,1,1,1,100,18
part,7,1,0,36,PART_7_36_chat.txt,7,13,4,0,1,1,1,1,100,21
part,7,1,0,36,PART_7_36_chat.txt,7,26,4,0,1,1,1,1,100,22
part,7,1,0,36,PART_7_36_chat.txt,7,2,4,0,1,1,1,1,100,35
part,7,1,0,36,PART_7_36_chat.txt,7,36,4,0,1,1,1,1,100,17
part,7,1,0,36,PART_7_36_chat.txt,8,13,1,0,1,2,2,2,100,68
part,7,1,0,36,PART_7_36_chat.txt,8,27,1,0,2,2,2,2,100,38
part,7,1,0,36,PART_7_36_chat.txt,8,30,1,3,1,2,2,2,25,69
part,7,1,0,36,PART_7_36_chat.txt,8,3,1,0,2,2,2,2,100,28
part,7,1,0,36,PART_7_36_chat.txt,8,8,1,0,1,1,2,2,100,6
part,7,1,0,36,PART_7_36_chat.txt,8,24,1,0,2,2,2,2,100,52
part,7,1,0,36,PART_7_36_chat.txt,8,33,1,0,2,2,2,2,100,33
part,7,1,0,36,PART_7_36_chat.txt,8,10,1,0,2,2,2,2,100,77
part,7,1,0,36,PART_7_36_chat.txt,8,35,1,0,1,2,2,2,100,73
part,7,1,0,36,PART_7_36_chat.txt,8,22,2,0,2,1,1,1,100,81
part,7,1,0,36,PART_7_36_chat.txt,8,32,2,0,1,1,1,1,100,87
part,7,1,0,36,PART_7_36_chat.txt,8,14,2,0,2,1,1,1,100,118
part,7,1,0,36,PART_7_36_chat.txt,8,20,2,0,2,1,1,1,100,112
part,7,1,0,36,PART_7_36_chat.txt,8,7,2,0,1,1,1,1,100,85
part,7,1,0,36,PART_7_36_chat.txt,8,4,2,3,1,1,1,1,150,53
part,7,1,0,36,PART_7_36_chat.txt,8,2,2,0,1,1,1,1,100,124
part,7,1,0,36,PART_7_36_chat.txt,8,19,2,0,2,1,1,1,100,80
part,7,1,0,36,PART_7_36_chat.txt,8,11,2,0,1,1,1,1,100,82
part,7,1,0,36,PART_7_36_chat.txt,8,12,3,3,2,2,2,2,25,22
part,7,1,0,36,PART_7_36_chat.txt,8,16,3,0,2,2,2,2,100,27
part,7,1,0,36,PART_7_36_chat.txt,8,5,3,0,2,2,2,2,100,23
part,7,1,0,36,PART_7_36_chat.txt,8,6,3,0,2,2,2,2,100,29
part,7,1,0,36,PART_7_36_chat.txt,8,21,3,0,2,2,2,2,100,17
part,7,1,0,36,PART_7_36_chat.txt,8,25,3,0,1,1,2,2,100,88
part,7,1,0,36,PART_7_36_chat.txt,8,34,3,3,2,2,2,2,25,12
part,7,1,0,36,PART_7_36_chat.txt,8,28,3,3,2,2,2,2,25,16
part,7,1,0,36,PART_7_36_chat.txt,8,1,3,0,2,2,2,2,100,21
part,7,1,0,36,PART_7_36_chat.txt,8,17,4,0,2,1,1,1,100,23
part,7,1,0,36,PART_7_36_chat.txt,8,9,4,0,1,1,1,1,100,34
part,7,1,0,36,PART_7_36_chat.txt,8,29,4,0,1,1,1,1,100,23
part,7,1,0,36,PART_7_36_chat.txt,8,18,4,0,2,1,1,1,100,47
part,7,1,0,36,PART_7_36_chat.txt,8,15,4,0,1,1,1,1,100,25
part,7,1,0,36,PART_7_36_chat.txt,8,36,4,0,1,1,1,1,100,29
part,7,1,0,36,PART_7_36_chat.txt,8,31,4,0,1,1,1,1,100,19
part,7,1,0,36,PART_7_36_chat.txt,8,23,4,0,1,1,1,1,100,28
part,7,1,0,36,PART_7_36_chat.txt,8,26,4,3,1,1,1,1,150,34
part,7,1,0,36,PART_7_36_chat.txt,9,17,1,0,1,1,1,1,100,25
part,7,1,0,36,PART_7_36_chat.txt,9,10,1,0,1,1,1,1,100,23
part,7,1,0,36,PART_7_36_chat.txt,9,3,1,3,1,1,1,1,150,20
part,7,1,0,36,PART_7_36_chat.txt,9,32,1,3,1,1,1,1,150,40
part,7,1,0,36,PART_7_36_chat.txt,9,25,1,0,1,1,1,1,100,38
part,7,1,0,36,PART_7_36_chat.txt,9,24,1,0,1,1,1,1,100,16
part,7,1,0,36,PART_7_36_chat.txt,9,4,1,3,1,1,1,1,150,15
part,7,1,0,36,PART_7_36_chat.txt,9,31,1,0,1,1,1,1,100,13
part,7,1,0,36,PART_7_36_chat.txt,9,28,1,0,1,1,1,1,100,24
part,7,1,0,36,PART_7_36_chat.txt,9,1,2,0,2,2,2,2,100,26
part,7,1,0,36,PART_7_36_chat.txt,9,30,2,0,2,2,2,2,100,22
part,7,1,0,36,PART_7_36_chat.txt,9,9,2,3,1,1,2,2,25,35
part,7,1,0,36,PART_7_36_chat.txt,9,11,2,3,1,2,2,2,25,33
part,7,1,0,36,PART_7_36_chat.txt,9,29,2,3,2,2,2,2,25,37
part,7,1,0,36,PART_7_36_chat.txt,9,26,2,0,2,2,2,2,100,40
part,7,1,0,36,PART_7_36_chat.txt,9,12,2,0,2,2,2,2,100,22
part,7,1,0,36,PART_7_36_chat.txt,9,14,2,0,2,2,2,2,100,49
part,7,1,0,36,PART_7_36_chat.txt,9,27,2,0,2,2,2,2,100,20
part,7,1,0,36,PART_7_36_chat.txt,9,33,3,3,2,1,1,2,50,35
part,7,1,0,36,PART_7_36_chat.txt,9,7,3,0,2,1,1,2,10,43
part,7,1,0,36,PART_7_36_chat.txt,9,15,3,0,1,1,1,2,10,37
part,7,1,0,36,PART_7_36_chat.txt,9,23,3,3,1,1,1,2,50,43
part,7,1,0,36,PART_7_36_chat.txt,9,13,3,0,1,1,1,2,10,59
part,7,1,0,36,PART_7_36_chat.txt,9,19,3,0,2,1,1,2,10,41
part,7,1,0,36,PART_7_36_chat.txt,9,16,3,0,1,1,1,2,10,45
part,7,1,0,36,PART_7_36_chat.txt,9,35,3,0,2,1,1,2,10,41
part,7,1,0,36,PART_7_36_chat.txt,9,20,3,0,2,1,1,2,10,42
part,7,1,0,36,PART_7_36_chat.txt,9,6,4,0,1,1,1,1,100,23
part,7,1,0,36,PART_7_36_chat.txt,9,2,4,0,1,1,1,1,100,37
part,7,1,0,36,PART_7_36_chat.txt,9,21,4,0,1,1,1,1,100,14
part,7,1,0,36,PART_7_36_chat.txt,9,18,4,0,1,1,1,1,100,32
part,7,1,0,36,PART_7_36_chat.txt,9,34,4,0,1,1,1,1,100,20
part,7,1,0,36,PART_7_36_chat.txt,9,5,4,0,1,1,1,1,100,15
part,7,1,0,36,PART_7_36_chat.txt,9,22,4,0,2,1,1,1,100,20
part,7,1,0,36,PART_7_36_chat.txt,9,8,4,3,2,2,1,1,150,2
part,7,1,0,36,PART_7_36_chat.txt,9,36,4,0,1,1,1,1,100,17
part,7,1,0,36,PART_7_36_chat.txt,10,26,1,3,2,1,2,2,25,47
part,7,1,0,36,PART_7_36_chat.txt,10,3,1,0,2,2,2,2,100,29
part,7,1,0,36,PART_7_36_chat.txt,10,11,1,3,2,1,2,2,25,45
part,7,1,0,36,PART_7_36_chat.txt,10,18,1,3,2,1,2,2,25,87
part,7,1,0,36,PART_7_36_chat.txt,10,1,1,3,2,2,2,2,25,33
part,7,1,0,36,PART_7_36_chat.txt,10,6,1,0,1,2,2,2,100,49
part,7,1,0,36,PART_7_36_chat.txt,10,7,1,0,2,1,2,2,100,52
part,7,1,0,36,PART_7_36_chat.txt,10,25,1,0,1,1,2,2,100,80
part,7,1,0,36,PART_7_36_chat.txt,10,31,1,0,2,2,2,2,100,21
part,7,1,0,36,PART_7_36_chat.txt,10,28,2,0,1,1,1,1,100,38
part,7,1,0,36,PART_7_36_chat.txt,10,9,2,0,1,1,1,1,100,34
part,7,1,0,36,PART_7_36_chat.txt,10,5,2,0,2,2,1,1,100,46
part,7,1,0,36,PART_7_36_chat.txt,10,36,2,0,1,1,1,1,100,57
part,7,1,0,36,PART_7_36_chat.txt,10,35,2,0,2,1,1,1,100,53
part,7,1,0,36,PART_7_36_chat.txt,10,24,2,0,1,1,1,1,100,20
part,7,1,0,36,PART_7_36_chat.txt,10,16,2,3,1,1,1,1,150,41
part,7,1,0,36,PART_7_36_chat.txt,10,19,2,0,1,1,1,1,100,47
part,7,1,0,36,PART_7_36_chat.txt,10,33,2,0,2,1,1,1,100,37
part,7,1,0,36,PART_7_36_chat.txt,10,12,3,0,2,1,1,1,100,25
part,7,1,0,36,PART_7_36_chat.txt,10,14,3,3,2,1,1,1,150,27
part,7,1,0,36,PART_7_36_chat.txt,10,13,3,0,1,1,1,1,100,28
part,7,1,0,36,PART_7_36_chat.txt,10,34,3,0,1,1,1,1,100,14
part,7,1,0,36,PART_7_36_chat.txt,10,22,3,0,1,1,1,1,100,26
part,7,1,0,36,PART_7_36_chat.txt,10,15,3,0,1,1,1,1,100,21
part,7,1,0,36,PART_7_36_chat.txt,10,17,3,0,1,1,1,1,100,25
part,7,1,0,36,PART_7_36_chat.txt,10,4,3,0,1,1,1,1,100,25
part,7,1,0,36,PART_7_36_chat.txt,10,20,3,0,2,1,1,1,100,30
part,7,1,0,36,PART_7_36_chat.txt,10,8,4,0,2,2,2,2,100,3
part,7,1,0,36,PART_7_36_chat.txt,10,10,4,0,2,2,2,2,100,39
part,7,1,0,36,PART_7_36_chat.txt,10,30,4,3,2,2,2,2,25,114
part,7,1,0,36,PART_7_36_chat.txt,10,29,4,3,2,2,2,2,25,33
part,7,1,0,36,PART_7_36_chat.txt,10,32,4,3,2,2,2,2,25,27
part,7,1,0,36,PART_7_36_chat.txt,10,2,4,0,1,2,2,2,100,102
part,7,1,0,36,PART_7_36_chat.txt,10,23,4,0,2,2,2,2,100,27
part,7,1,0,36,PART_7_36_chat.txt,10,21,4,0,1,2,2,2,100,73
part,7,1,0,36,PART_7_36_chat.txt,10,27,4,0,1,2,2,2,100,27
part,7,1,0,36,PART_7_36_chat.txt,11,21,1,0,1,1,1,1,100,37
part,7,1,0,36,PART_7_36_chat.txt,11,31,1,0,1,1,1,1,100,17
part,7,1,0,36,PART_7_36_chat.txt,11,9,1,0,1,1,1,1,100,34
part,7,1,0,36,PART_7_36_chat.txt,11,7,1,0,2,1,1,1,100,34
part,7,1,0,36,PART_7_36_chat.txt,11,25,1,0,1,1,1,1,100,44
part,7,1,0,36,PART_7_36_chat.txt,11,2,1,3,2,1,1,1,150,80
part,7,1,0,36,PART_7_36_chat.txt,11,16,1,0,2,2,1,1,100,51
part,7,1,0,36,PART_7_36_chat.txt,11,27,1,0,1,1,1,1,100,21
part,7,1,0,36,PART_7_36_chat.txt,11,32,1,0,1,1,1,1,100,62
part,7,1,0,36,PART_7_36_chat.txt,11,8,2,0,2,1,1,2,10,7
part,7,1,0,36,PART_7_36_chat.txt,11,17,2,0,2,1,1,2,10,20
part,7,1,0,36,PART_7_36_chat.txt,11,23,2,0,1,1,1,2,10,50
part,7,1,0,36,PART_7_36_chat.txt,11,6,2,3,2,2,1,2,50,81
part,7,1,0,36,PART_7_36_chat.txt,11,28,2,0,2,1,1,2,10,19
part,7,1,0,36,PART_7_36_chat.txt,11,19,2,0,1,1,1,2,10,51
part,7,1,0,36,PART_7_36_chat.txt,11,26,2,3,2,1,1,2,50,58
part,7,1,0,36,PART_7_36_chat.txt,11,12,2,3,2,1,1,2,50,21
part,7,1,0,36,PART_7_36_chat.txt,11,24,2,0,2,1,1,2,10,28
part,7,1,0,36,PART_7_36_chat.txt,11,3,3,0,2,1,1,1,100,20
part,7,1,0,36,PART_7_36_chat.txt,11,5,3,0,2,1,1,1,100,17
part,7,1,0,36,PART_7_36_chat.txt,11,13,3,0,1,1,1,1,100,26
part,7,1,0,36,PART_7_36_chat.txt,11,14,3,0,1,1,1,1,100,40
part,7,1,0,36,PART_7_36_chat.txt,11,15,3,0,2,1,1,1,100,53
part,7,1,0,36,PART_7_36_chat.txt,11,34,3,0,1,1,1,1,100,11
part,7,1,0,36,PART_7_36_chat.txt,11,11,3,3,2,1,1,1,150,34
part,7,1,0,36,PART_7_36_chat.txt,11,22,3,3,1,1,1,1,150,29
part,7,1,0,36,PART_7_36_chat.txt,11,33,3,0,1,1,1,1,100,24
part,7,1,0,36,PART_7_36_chat.txt,11,36,4,0,2,1,1,1,100,83
part,7,1,0,36,PART_7_36_chat.txt,11,1,4,0,1,1,1,1,100,66
part,7,1,0,36,PART_7_36_chat.txt,11,35,4,0,1,1,1,1,100,70
part,7,1,0,36,PART_7_36_chat.txt,11,18,4,0,1,1,1,1,100,32
part,7,1,0,36,PART_7_36_chat.txt,11,4,4,3,1,1,1,1,150,44
part,7,1,0,36,PART_7_36_chat.txt,11,30,4,0,2,1,1,1,100,47
part,7,1,0,36,PART_7_36_chat.txt,11,20,4,0,1,1,1,1,100,62
part,7,1,0,36,PART_7_36_chat.txt,11,10,4,3,2,1,1,1,150,72
part,7,1,0,36,PART_7_36_chat.txt,11,29,4,0,1,1,1,1,100,33
part,7,1,0,36,PART_7_36_chat.txt,12,3,1,0,2,1,1,1,100,20
part,7,1,0,36,PART_7_36_chat.txt,12,36,1,3,1,1,1,1,150,27
part,7,1,0,36,PART_7_36_chat.txt,12,23,1,3,1,1,1,1,150,45
part,7,1,0,36,PART_7_36_chat.txt,12,27,1,0,1,1,1,1,100,27
part,7,1,0,36,PART_7_36_chat.txt,12,16,1,0,1,1,1,1,100,30
part,7,1,0,36,PART_7_36_chat.txt,12,5,1,0,1,1,1,1,100,24
part,7,1,0,36,PART_7_36_chat.txt,12,11,1,0,2,1,1,1,100,23
part,7,1,0,36,PART_7_36_chat.txt,12,32,1,0,1,1,1,1,100,51
part,7,1,0,36,PART_7_36_chat.txt,12,33,1,0,1,1,1,1,100,21
part,7,1,0,36,PART_7_36_chat.txt,12,8,2,0,2,2,2,2,100,9
part,7,1,0,36,PART_7_36_chat.txt,12,15,2,0,2,2,2,2,100,58
part,7,1,0,36,PART_7_36_chat.txt,12,12,2,0,1,1,2,2,100,52
part,7,1,0,36,PART_7_36_chat.txt,12,17,2,0,2,2,2,2,100,98
part,7,1,0,36,PART_7_36_chat.txt,12,18,2,0,2,2,2,2,100,48
part,7,1,0,36,PART_7_36_chat.txt,12,29,2,0,2,2,2,2,100,14
part,7,1,0,36,PART_7_36_chat.txt,12,9,2,0,1,2,2,2,100,56
part,7,1,0,36,PART_7_36_chat.txt,12,10,2,3,1,1,2,2,25,78
part,7,1,0,36,PART_7_36_chat.txt,12,31,2,0,2,2,2,2,100,13
part,7,1,0,36,PART_7_36_chat.txt,12,20,3,0,2,2,2,2,100,80
part,7,1,0,36,PART_7_36_chat.txt,12,26,3,0,2,2,2,2,100,24
part,7,1,0,36,PART_7_36_chat.txt,12,2,3,3,1,1,2,2,25,136
part,7,1,0,36,PART_7_36_chat.txt,12,19,3,0,2,2,2,2,100,77
part,7,1,0,36,PART_7_36_chat.txt,12,14,3,0,2,2,2,2,100,38
part,7,1,0,36,PART_7_36_chat.txt,12,7,3,0,1,2,2,2,100,79
part,7,1,0,36,PART_7_36_chat.txt,12,34,3,3,2,1,2,2,25,64
part,7,1,0,36,PART_7_36_chat.txt,12,28,3,3,2,1,2,2,25,103
part,7,1,0,36,PART_7_36_chat.txt,12,6,3,0,2,2,2,2,100,67
part,7,1,0,36,PART_7_36_chat.txt,12,1,4,0,1,2,2,2,100,56
part,7,1,0,36,PART_7_36_chat.txt,12,13,4,0,2,2,2,2,100,59
part,7,1,0,36,PART_7_36_chat.txt,12,35,4,3,2,2,2,2,25,55
part,7,1,0,36,PART_7_36_chat.txt,12,24,4,0,1,2,2,2,100,55
part,7,1,0,36,PART_7_36_chat.txt,12,21,4,0,1,1,2,2,100,56
part,7,1,0,36,PART_7_36_chat.txt,12,25,4,0,2,1,2,2,100,63
part,7,1,0,36,PART_7_36_chat.txt,12,30,4,0,2,2,2,2,100,63
part,7,1,0,36,PART_7_36_chat.txt,12,22,4,0,1,2,2,2,100,58
part,7,1,0,36,PART_7_36_chat.txt,12,4,4,0,2,2,2,2,100,51
part,7,1,0,36,PART_7_36_chat.txt,13,18,1,0,1,1,1,2,10,28
part,7,1,0,36,PART_7_36_chat.txt,13,10,1,0,2,2,1,2,10,66
part,7,1,0,36,PART_7_36_chat.txt,13,30,1,0,1,1,1,2,10,44
part,7,1,0,36,PART_7_36_chat.txt,13,14,1,0,2,1,1,2,10,53
part,7,1,0,36,PART_7_36_chat.txt,13,22,1,0,2,1,1,2,10,41
part,7,1,0,36,PART_7_36_chat.txt,13,12,1,0,1,1,1,2,10,40
part,7,1,0,36,PART_7_36_chat.txt,13,29,1,0,2,1,1,2,10,51
part,7,1,0,36,PART_7_36_chat.txt,13,25,1,0,2,1,1,2,10,40
part,7,1,0,36,PART_7_36_chat.txt,13,4,1,0,1,1,1,2,10,45
part,7,1,0,36,PART_7_36_chat.txt,13,9,2,3,2,1,2,2,25,31
part,7,1,0,36,PART_7_36_chat.txt,13,19,2,0,2,2,2,2,100,22
part,7,1,0,36,PART_7_36_chat.txt,13,34,2,0,1,2,2,2,100,18
part,7,1,0,36,PART_7_36_chat.txt,13,28,2,0,2,2,2,2,100,40
part,7,1,0,36,PART_7_36_chat.txt,13,24,2,0,2,2,2,2,100,17
part,7,1,0,36,PART_7_36_chat.txt,13,7,2,0,2,2,2,2,100,20
part,7,1,0,36,PART_7_36_chat.txt,13,6,2,3,2,2,2,2,25,29
part,7,1,0,36,PART_7_36_chat.txt,13,27,2,3,2,2,2,2,25,13
part,7,1,0,36,PART_7_36_chat.txt,13,17,2,0,2,2,2,2,100,42
part,7,1,0,36,PART_7_36_chat.txt,13,1,3,0,2,1,1,1,100,37
part,7,1,0,36,PART_7_36_chat.txt,13,2,3,0,1,1,1,1,100,71
part,7,1,0,36,PART_7_36_chat.txt,13,20,3,0,2,1,1,1,100,41
part,7,1,0,36,PART_7_36_chat.txt,13,26,3,0,1,1,1,1,100,35
part,7,1,0,36,PART_7_36_chat.txt,13,32,3,0,2,1,1,1,100,72
part,7,1,0,36,PART_7_36_chat.txt,13,33,3,0,1,1,1,1,100,32
part,7,1,0,36,PART_7_36_chat.txt,13,11,3,0,1,1,1,1,100,53
part,7,1,0,36,PART_7_36_chat.txt,13,3,3,0,2,1,1,1,100,35
part,7,1,0,36,PART_7_36_chat.txt,13,15,3,0,1,1,1,1,100,37
part,7,1,0,36,PART_7_36_chat.txt,13,13,4,0,2,2,2,1,10,32
part,7,1,0,36,PART_7_36_chat.txt,13,36,4,0,1,2,2,1,10,34
part,7,1,0,36,PART_7_36_chat.txt,13,8,4,0,2,1,2,1,10,6
part,7,1,0,36,PART_7_36_chat.txt,13,31,4,0,2,2,2,1,10,21
part,7,1,0,36,PART_7_36_chat.txt,13,21,4,0,2,2,2,1,10,22
part,7,1,0,36,PART_7_36_chat.txt,13,35,4,0,2,2,2,1,10,34
part,7,1,0,36,PART_7_36_chat.txt,13,23,4,0,1,2,2,1,10,26
part,7,1,0,36,PART_7_36_chat.txt,13,16,4,0,2,1,2,1,10,25
part,7,1,0,36,PART_7_36_chat.txt,13,5,4,0,1,2,2,1,10,22
part,7,1,0,36,PART_7_36_chat.txt,14,32,1,0,2,2,2,2,100,48
part,7,1,0,36,PART_7_36_chat.txt,14,31,1,0,1,1,2,2,100,9
part,7,1,0,36,PART_7_36_chat.txt,14,14,1,0,1,2,2,2,100,49
part,7,1,0,36,PART_7_36_chat.txt,14,10,1,0,2,2,2,2,100,35
part,7,1,0,36,PART_7_36_chat.txt,14,1,1,3,2,2,2,2,25,27
part,7,1,0,36,PART_7_36_chat.txt,14,4,1,0,2,2,2,2,100,35
part,7,1,0,36,PART_7_36_chat.txt,14,19,1,0,2,2,2,2,100,27
part,7,1,0,36,PART_7_36_chat.txt,14,36,1,0,2,2,2,2,100,29
part,7,1,0,36,PART_7_36_chat.txt,14,22,1,0,1,2,2,2,100,41
part,7,1,0,36,PART_7_36_chat.txt,14,34,2,0,2,2,1,1,100,14
part,7,1,0,36,PART_7_36_chat.txt,14,18,2,0,1,1,1,1,100,14
part,7,1,0,36,PART_7_36_chat.txt,14,21,2,0,1,1,1,1,100,10
part,7,1,0,36,PART_7_36_chat.txt,14,6,2,0,2,1,1,1,100,66
part,7,1,0,36,PART_7_36_chat.txt,14,13,2,0,2,1,1,1,100,66
part,7,1,0,36,PART_7_36_chat.txt,14,20,2,0,1,1,1,1,100,63
part,7,1,0,36,PART_7_36_chat.txt,14,24,2,0,1,1,1,1,100,18
part,7,1,0,36,PART_7_36_chat.txt,14,23,2,0,1,1,1,1,100,63
part,7,1,0,36,PART_7_36_chat.txt,14,30,2,0,1,1,1,1,100,61
part,7,1,0,36,PART_7_36_chat.txt,14,35,3,3,2,1,1,1,150,36
part,7,1,0,36,PART_7_36_chat.txt,14,9,3,0,1,1,1,1,100,34
part,7,1,0,36,PART_7_36_chat.txt,14,27,3,0,1,1,1,1,100,31
part,7,1,0,36,PART_7_36_chat.txt,14,2,3,0,2,1,1,1,100,56
part,7,1,0,36,PART_7_36_chat.txt,14,29,3,3,2,1,1,1,150,33
part,7,1,0,36,PART_7_36_chat.txt,14,25,3,0,1,1,1,1,100,43
part,7,1,0,36,PART_7_36_chat.txt,14,28,3,0,1,1,1,1,100,32
part,7,1,0,36,PART_7_36_chat.txt,14,3,3,0,1,1,1,1,100,32
part,7,1,0,36,PART_7_36_chat.txt,14,11,3,0,1,1,1,1,100,39
part,7,1,0,36,PART_7_36_chat.txt,14,15,4,0,1,1,1,1,100,11
part,7,1,0,36,PART_7_36_chat.txt,14,8,4,0,1,1,1,1,100,6
part,7,1,0,36,PART_7_36_chat.txt,14,17,4,0,1,1,1,1,100,41
part,7,1,0,36,PART_7_36_chat.txt,14,33,4,3,1,1,1,1,150,14
part,7,1,0,36,PART_7_36_chat.txt,14,26,4,0,2,1,1,1,100,31
part,7,1,0,36,PART_7_36_chat.txt,14,12,4,0,1,1,1,1,100,36
part,7,1,0,36,PART_7_36_chat.txt,14,5,4,0,1,1,1,1,100,13
part,7,1,0,36,PART_7_36_chat.txt,14,16,4,0,1,1,1,1,100,25
part,7,1,0,36,PART_7_36_chat.txt,14,7,4,0,1,1,1,1,100,10
part,7,1,0,36,PART_7_36_chat.txt,15,20,1,0,1,1,1,2,10,53
part,7,1,0,36,PART_7_36_chat.txt,15,21,1,0,2,1,1,2,10,46
part,7,1,0,36,PART_7_36_chat.txt,15,31,1,0,2,1,1,2,10,14
part,7,1,0,36,PART_7_36_chat.txt,15,7,1,0,1,1,1,2,10,47
part,7,1,0,36,PART_7_36_chat.txt,15,3,1,3,1,1,1,2,50,32
part,7,1,0,36,PART_7_36_chat.txt,15,9,1,0,2,2,1,2,10,29
part,7,1,0,36,PART_7_36_chat.txt,15,19,1,0,1,1,1,2,10,37
part,7,1,0,36,PART_7_36_chat.txt,15,27,1,0,1,1,1,2,10,34
part,7,1,0,36,PART_7_36_chat.txt,15,25,1,0,2,1,1,2,10,34
part,7,1,0,36,PART_7_36_chat.txt,15,22,2,0,1,1,1,1,100,18
part,7,1,0,36,PART_7_36_chat.txt,15,10,2,0,1,1,1,1,100,21
part,7,1,0,36,PART_7_36_chat.txt,15,18,2,0,2,1,1,1,100,38
part,7,1,0,36,PART_7_36_chat.txt,15,15,2,0,1,1,1,1,100,14
part,7,1,0,36,PART_7_36_chat.txt,15,1,2,0,2,1,1,1,100,28
part,7,1,0,36,PART_7_36_chat.txt,15,36,2,0,1,1,1,1,100,19
part,7,1,0,36,PART_7_36_chat.txt,15,34,2,0,1,1,1,1,100,20
part,7,1,0,36,PART_7_36_chat.txt,15,26,2,0,1,1,1,1,100,23
part,7,1,0,36,PART_7_36_chat.txt,15,12,2,0,1,1,1,1,100,19
part,7,1,0,36,PART_7_36_chat.txt,15,13,3,0,2,2,2,2,100,23
part,7,1,0,36,PART_7_36_chat.txt,15,30,3,0,2,2,2,2,100,28
part,7,1,0,36,PART_7_36_chat.txt,15,33,3,3,2,2,2,2,25,24
part,7,1,0,36,PART_7_36_chat.txt,15,17,3,0,2,2,2,2,100,22
part,7,1,0,36,PART_7_36_chat.txt,15,11,3,0,2,2,2,2,100,44
part,7,1,0,36,PART_7_36_chat.txt,15,5,3,0,1,2,2,2,100,18
part,7,1,0,36,PART_7_36_chat.txt,15,28,3,0,2,2,2,2,100,24
part,7,1,0,36,PART_7_36_chat.txt,15,14,3,0,1,2,2,2,100,36
part,7,1,0,36,PART_7_36_chat.txt,15,6,3,0,1,2,2,2,100,32
part,7,1,0,36,PART_7_36_chat.txt,15,29,4,0,2,1,1,1,100,19
part,7,1,0,36,PART_7_36_chat.txt,15,8,4,0,2,2,1,1,100,5
part,7,1,0,36,PART_7_36_chat.txt,15,16,4,0,1,1,1,1,100,28
part,7,1,0,36,PART_7_36_chat.txt,15,35,4,0,1,1,1,1,100,28
part,7,1,0,36,PART_7_36_chat.txt,15,24,4,0,1,1,1,1,100,13
part,7,1,0,36,PART_7_36_chat.txt,15,4,4,0,1,1,1,1,100,14
part,7,1,0,36,PART_7_36_chat.txt,15,2,4,0,1,1,1,1,100,59
part,7,1,0,36,PART_7_36_chat.txt,15,23,4,0,2,1,1,1,100,68
part,7,1,0,36,PART_7_36_chat.txt,15,32,4,0,1,1,1,1,100,56
part,7,0,0,36,PART_7_36_nochat.txt,1,5,1,0,2,2,2,2,100,19
part,7,0,0,36,PART_7_36_nochat.txt,1,27,1,0,2,1,2,2,100,18
part,7,0,0,36,PART_7_36_nochat.txt,1,20,1,3,2,1,2,2,25,54
part,7,0,0,36,PART_7_36_nochat.txt,1,13,1,0,1,1,2,2,100,6
part,7,0,0,36,PART_7_36_nochat.txt,1,24,1,0,2,2,2,2,100,20
part,7,0,0,36,PART_7_36_nochat.txt,1,33,1,0,2,2,2,2,100,12
part,7,0,0,36,PART_7_36_nochat.txt,1,17,1,0,2,2,2,2,100,34
part,7,0,0,36,PART_7_36_nochat.txt,1,7,1,0,2,2,2,2,100,5
part,7,0,0,36,PART_7_36_nochat.txt,1,31,1,0,1,1,2,2,100,9
part,7,0,0,36,PART_7_36_nochat.txt,1,6,2,0,2,2,1,1,100,13
part,7,0,0,36,PART_7_36_nochat.txt,1,10,2,3,1,1,1,1,150,13
part,7,0,0,36,PART_7_36_nochat.txt,1,1,2,0,1,1,1,1,100,11
part,7,0,0,36,PART_7_36_nochat.txt,1,4,2,3,2,1,1,1,150,8
part,7,0,0,36,PART_7_36_nochat.txt,1,18,2,0,1,1,1,1,100,16
part,7,0,0,36,PART_7_36_nochat.txt,1,36,2,0,1,1,1,1,100,8
part,7,0,0,36,PART_7_36_nochat.txt,1,26,2,0,1,1,1,1,100,23
part,7,0,0,36,PART_7_36_nochat.txt,1,8,2,3,1,1,1,1,150,7
part,7,0,0,36,PART_7_36_nochat.txt,1,25,2,3,1,1,1,1,150,26
part,7,0,0,36,PART_7_36_nochat.txt,1,11,3,0,2,2,2,2,100,12
part,7,0,0,36,PART_7_36_nochat.txt,1,23,3,0,2,2,2,2,100,22
part,7,0,0,36,PART_7_36_nochat.txt,1,35,3,0,2,1,2,2,100,58
part,7,0,0,36,PART_7_36_nochat.txt,1,19,3,0,2,2,2,2,100,29
part,7,0,0,36,PART_7_36_nochat.txt,1,28,3,0,2,1,2,2,100,39
part,7,0,0,36,PART_7_36_nochat.txt,1,15,3,0,2,2,2,2,100,18
part,7,0,0,36,PART_7_36_nochat.txt,1,16,3,0,1,1,2,2,100,52
part,7,0,0,36,PART_7_36_nochat.txt,1,22,3,0,1,1,2,2,100,64
part,7,0,0,36,PART_7_36_nochat.txt,1,34,3,0,2,2,2,2,100,8
part,7,0,0,36,PART_7_36_nochat.txt,1,29,4,0,1,1,2,2,100,9
part,7,0,0,36,PART_7_36_nochat.txt,1,14,4,0,2,2,2,2,100,10
part,7,0,0,36,PART_7_36_nochat.txt,1,2,4,3,2,1,2,2,25,43
part,7,0,0,36,PART_7_36_nochat.txt,1,3,4,0,2,2,2,2,100,11
part,7,0,0,36,PART_7_36_nochat.txt,1,9,4,0,2,2,2,2,100,19
part,7,0,0,36,PART_7_36_nochat.txt,1,32,4,0,2,2,2,2,100,16
part,7,0,0,36,PART_7_36_nochat.txt,1,12,4,0,2,2,2,2,100,11
part,7,0,0,36,PART_7_36_nochat.txt,1,21,4,0,2,2,2,2,100,6
part,7,0,0,36,PART_7_36_nochat.txt,1,30,4,0,2,1,2,2,100,32
part,7,0,0,36,PART_7_36_nochat.txt,2,21,1,0,1,1,2,1,10,14
part,7,0,0,36,PART_7_36_nochat.txt,2,34,1,0,2,2,2,1,10,19
part,7,0,0,36,PART_7_36_nochat.txt,2,11,1,0,1,1,2,1,10,22
part,7,0,0,36,PART_7_36_nochat.txt,2,24,1,0,2,2,2,1,10,27
part,7,0,0,36,PART_7_36_nochat.txt,2,10,1,0,1,1,2,1,10,9
part,7,0,0,36,PART_7_36_nochat.txt,2,20,1,0,1,1,2,1,10,28
part,7,0,0,36,PART_7_36_nochat.txt,2,1,1,0,1,1,2,1,10,4
part,7,0,0,36,PART_7_36_nochat.txt,2,35,1,0,1,2,2,1,10,81
part,7,0,0,36,PART_7_36_nochat.txt,2,30,1,0,2,2,2,1,10,21
part,7,0,0,36,PART_7_36_nochat.txt,2,5,2,0,1,1,2,2,100,23
part,7,0,0,36,PART_7_36_nochat.txt,2,29,2,0,2,2,2,2,100,16
part,7,0,0,36,PART_7_36_nochat.txt,2,27,2,0,2,1,2,2,100,14
part,7,0,0,36,PART_7_36_nochat.txt,2,6,2,0,2,2,2,2,100,10
part,7,0,0,36,PART_7_36_nochat.txt,2,15,2,0,1,1,2,2,100,30
part,7,0,0,36,PART_7_36_nochat.txt,2,14,2,3,2,2,2,2,25,21
part,7,0,0,36,PART_7_36_nochat.txt,2,9,2,0,2,1,2,2,100,12
part,7,0,0,36,PART_7_36_nochat.txt,2,12,2,0,2,2,2,2,100,12
part,7,0,0,36,PART_7_36_nochat.txt,2,28,2,0,1,1,2,2,100,50
part,7,0,0,36,PART_7_36_nochat.txt,2,25,3,0,2,1,2,2,100,24
part,7,0,0,36,PART_7_36_nochat.txt,2,33,3,0,2,2,2,2,100,40
part,7,0,0,36,PART_7_36_nochat.txt,2,23,3,0,2,2,2,2,100,12
part,7,0,0,36,PART_7_36_nochat.txt,2,16,3,0,1,1,2,2,100,83
part,7,0,0,36,PART_7_36_nochat.txt,2,26,3,0,2,2,2,2,100,20
part,7,0,0,36,PART_7_36_nochat.txt,2,17,3,3,2,2,2,2,25,70
part,7,0,0,36,PART_7_36_nochat.txt,2,18,3,0,2,2,2,2,100,8
part,7,0,0,36,PART_7_36_nochat.txt,2,8,3,0,1,1,2,2,100,8
part,7,0,0,36,PART_7_36_nochat.txt,2,19,3,0,1,1,2,2,100,32
part,7,0,0,36,PART_7_36_nochat.txt,2,4,4,0,1,1,1,1,100,20
part,7,0,0,36,PART_7_36_nochat.txt,2,3,4,3,2,2,1,1,150,17
part,7,0,0,36,PART_7_36_nochat.txt,2,36,4,3,1,1,1,1,150,8
part,7,0,0,36,PART_7_36_nochat.txt,2,7,4,0,1,1,1,1,100,8
part,7,0,0,36,PART_7_36_nochat.txt,2,2,4,3,1,1,1,1,150,30
part,7,0,0,36,PART_7_36_nochat.txt,2,32,4,0,1,1,1,1,100,27
part,7,0,0,36,PART_7_36_nochat.txt,2,13,4,0,1,1,1,1,100,17
part,7,0,0,36,PART_7_36_nochat.txt,2,31,4,0,1,1,1,1,100,24
part,7,0,0,36,PART_7_36_nochat.txt,2,22,4,0,1,1,1,1,100,12
part,7,0,0,36,PART_7_36_nochat.txt,3,15,1,0,1,1,2,1,10,8
part,7,0,0,36,PART_7_36_nochat.txt,3,34,1,3,1,2,2,1,10,11
part,7,0,0,36,PART_7_36_nochat.txt,3,31,1,0,2,2,2,1,10,4
part,7,0,0,36,PART_7_36_nochat.txt,3,24,1,3,2,1,2,1,10,26
part,7,0,0,36,PART_7_36_nochat.txt,3,14,1,0,1,1,2,1,10,16
part,7,0,0,36,PART_7_36_nochat.txt,3,20,1,0,2,2,2,1,10,36
part,7,0,0,36,PART_7_36_nochat.txt,3,4,1,3,2,1,2,1,10,5
part,7,0,0,36,PART_7_36_nochat.txt,3,30,1,0,1,1,2,1,10,38
part,7,0,0,36,PART_7_36_nochat.txt,3,6,1,3,1,1,2,1,10,9
part,7,0,0,36,PART_7_36_nochat.txt,3,12,2,0,1,1,1,1,100,7
part,7,0,0,36,PART_7_36_nochat.txt,3,8,2,3,1,1,1,1,150,6
part,7,0,0,36,PART_7_36_nochat.txt,3,5,2,0,1,2,1,1,100,17
part,7,0,0,36,PART_7_36_nochat.txt,3,32,2,0,1,1,1,1,100,12
part,7,0,0,36,PART_7_36_nochat.txt,3,22,2,0,2,1,1,1,100,9
part,7,0,0,36,PART_7_36_nochat.txt,3,27,2,0,1,1,1,1,100,5
part,7,0,0,36,PART_7_36_nochat.txt,3,16,2,0,1,1,1,1,100,56
part,7,0,0,36,PART_7_36_nochat.txt,3,10,2,0,1,1,1,1,100,32
part,7,0,0,36,PART_7_36_nochat.txt,3,23,2,0,1,1,1,1,100,8
part,7,0,0,36,PART_7_36_nochat.txt,3,7,3,3,2,2,2,1,10,10
part,7,0,0,36,PART_7_36_nochat.txt,3,33,3,0,1,1,2,1,10,9
part,7,0,0,36,PART_7_36_nochat.txt,3,21,3,0,1,1,2,1,10,13
part,7,0,0,36,PART_7_36_nochat.txt,3,3,3,3,2,2,2,1,10,4
part,7,0,0,36,PART_7_36_nochat.txt,3,26,3,0,1,1,2,1,10,68
part,7,0,0,36,PART_7_36_nochat.txt,3,35,3,0,2,2,2,1,10,35
part,7,0,0,36,PART_7_36_nochat.txt,3,25,3,0,2,1,2,1,10,33
part,7,0,0,36,PART_7_36_nochat.txt,3,18,3,3,1,1,2,1,10,22
part,7,0,0,36,PART_7_36_nochat.txt,3,13,3,0,1,1,2,1,10,9
part,7,0,0,36,PART_7_36_nochat.txt,3,9,4,0,2,1,2,2,100,6
part,7,0,0,36,PART_7_36_nochat.txt,3,36,4,0,2,2,2,2,100,7
part,7,0,0,36,PART_7_36_nochat.txt,3,1,4,0,2,1,2,2,100,23
part,7,0,0,36,PART_7_36_nochat.txt,3,17,4,0,1,1,2,2,100,23
part,7,0,0,36,PART_7_36_nochat.txt,3,28,4,0,2,1,2,2,100,11
part,7,0,0,36,PART_7_36_nochat.txt,3,19,4,0,2,1,2,2,100,23
part,7,0,0,36,PART_7_36_nochat.txt,3,29,4,0,2,2,2,2,100,5
part,7,0,0,36,PART_7_36_nochat.txt,3,11,4,3,1,2,2,2,25,15
part,7,0,0,36,PART_7_36_nochat.txt,3,2,4,0,2,2,2,2,100,40
part,7,0,0,36,PART_7_36_nochat.txt,4,7,1,0,2,2,2,2,100,29
part,7,0,0,36,PART_7_36_nochat.txt,4,23,1,0,2,2,2,2,100,4
part,7,0,0,36,PART_7_36_nochat.txt,4,10,1,0,2,2,2,2,100,15
part,7,0,0,36,PART_7_36_nochat.txt,4,6,1,0,1,1,2,2,100,7
part,7,0,0,36,PART_7_36_nochat.txt,4,34,1,0,2,2,2,2,100,10
part,7,0,0,36,PART_7_36_nochat.txt,4,32,1,0,2,2,2,2,100,7
part,7,0,0,36,PART_7_36_nochat.txt,4,15,1,0,2,2,2,2,100,11
part,7,0,0,36,PART_7_36_nochat.txt,4,9,1,3,2,2,2,2,25,7
part,7,0,0,36,PART_7_36_nochat.txt,4,25,1,3,2,1,2,2,25,28
part,7,0,0,36,PART_7_36_nochat.txt,4,30,2,0,2,2,2,2,100,36
part,7,0,0,36,PART_7_36_nochat.txt,4,17,2,0,2,2,2,2,100,9
part,7,0,0,36,PART_7_36_nochat.txt,4,4,2,0,1,1,2,2,100,9
part,7,0,0,36,PART_7_36_nochat.txt,4,29,2,0,2,2,2,2,100,5
part,7,0,0,36,PART_7_36_nochat.txt,4,18,2,0,2,2,2,2,100,13
part,7,0,0,36,PART_7_36_nochat.txt,4,21,2,0,2,2,2,2,100,12
part,7,0,0,36,PART_7_36_nochat.txt,4,3,2,0,1,1,2,2,100,6
part,7,0,0,36,PART_7_36_nochat.txt,4,20,2,0,2,2,2,2,100,8
part,7,0,0,36,PART_7_36_nochat.txt,4,2,2,0,2,2,2,2,100,37
part,7,0,0,36,PART_7_36_nochat.txt,4,19,3,3,1,1,2,1,10,12
part,7,0,0,36,PART_7_36_nochat.txt,4,27,3,0,1,1,2,1,10,7
part,7,0,0,36,PART_7_36_nochat.txt,4,35,3,0,1,1,2,1,10,55
part,7,0,0,36,PART_7_36_nochat.txt,4,1,3,0,1,1,2,1,10,3
part,7,0,0,36,PART_7_36_nochat.txt,4,24,3,0,1,1,2,1,10,15
part,7,0,0,36,PART_7_36_nochat.txt,4,11,3,0,2,2,2,1,10,5
part,7,0,0,36,PART_7_36_nochat.txt,4,5,3,0,2,2,2,1,10,28
part,7,0,0,36,PART_7_36_nochat.txt,4,14,3,0,2,2,2,1,10,5
part,7,0,0,36,PART_7_36_nochat.txt,4,13,3,0,2,2,2,1,10,21
part,7,0,0,36,PART_7_36_nochat.txt,4,28,4,0,2,1,2,2,100,6
part,7,0,0,36,PART_7_36_nochat.txt,4,26,4,0,1,1,2,2,100,40
part,7,0,0,36,PART_7_36_nochat.txt,4,12,4,3,2,2,2,2,25,4
part,7,0,0,36,PART_7_36_nochat.txt,4,31,4,0,2,2,2,2,100,3
part,7,0,0,36,PART_7_36_nochat.txt,4,8,4,0,1,1,2,2,100,5
part,7,0,0,36,PART_7_36_nochat.txt,4,22,4,0,2,1,2,2,100,11
part,7,0,0,36,PART_7_36_nochat.txt,4,36,4,0,2,2,2,2,100,4
part,7,0,0,36,PART_7_36_nochat.txt,4,16,4,3,2,2,2,2,25,27
part,7,0,0,36,PART_7_36_nochat.txt,4,33,4,3,1,1,2,2,25,16
part,7,0,0,36,PART_7_36_nochat.txt,5,35,1,0,2,2,2,1,10,120
part,7,0,0,36,PART_7_36_nochat.txt,5,16,1,0,1,1,2,1,10,23
part,7,0,0,36,PART_7_36_nochat.txt,5,31,1,0,1,1,2,1,10,6
part,7,0,0,36,PART_7_36_nochat.txt,5,11,1,0,2,2,2,1,10,7
part,7,0,0,36,PART_7_36_nochat.txt,5,15,1,0,1,1,2,1,10,8
part,7,0,0,36,PART_7_36_nochat.txt,5,18,1,0,1,1,2,1,10,5
part,7,0,0,36,PART_7_36_nochat.txt,5,34,1,0,1,2,2,1,10,20
part,7,0,0,36,PART_7_36_nochat.txt,5,5,1,0,1,1,2,1,10,21
part,7,0,0,36,PART_7_36_nochat.txt,5,13,1,0,1,2,2,1,10,27
part,7,0,0,36,PART_7_36_nochat.txt,5,25,2,0,2,2,2,1,10,21
part,7,0,0,36,PART_7_36_nochat.txt,5,14,2,0,1,1,2,1,10,13
part,7,0,0,36,PART_7_36_nochat.txt,5,9,2,0,2,1,2,1,10,8
part,7,0,0,36,PART_7_36_nochat.txt,5,22,2,0,2,2,2,1,10,7
part,7,0,0,36,PART_7_36_nochat.txt,5,4,2,0,1,1,2,1,10,6
part,7,0,0,36,PART_7_36_nochat.txt,5,26,2,0,1,2,2,1,10,13
part,7,0,0,36,PART_7_36_nochat.txt,5,27,2,0,2,1,2,1,10,10
part,7,0,0,36,PART_7_36_nochat.txt,5,33,2,0,1,2,2,1,10,8
part,7,0,0,36,PART_7_36_nochat.txt,5,17,2,0,1,1,2,1,10,11
part,7,0,0,36,PART_7_36_nochat.txt,5,28,3,0,2,1,2,2,100,13
part,7,0,0,36,PART_7_36_nochat.txt,5,36,3,0,2,2,2,2,100,5
part,7,0,0,36,PART_7_36_nochat.txt,5,24,3,0,2,2,2,2,100,24
part,7,0,0,36,PART_7_36_nochat.txt,5,21,3,0,2,2,2,2,100,5
part,7,0,0,36,PART_7_36_nochat.txt,5,10,3,3,2,2,2,2,25,8
part,7,0,0,36,PART_7_36_nochat.txt,5,12,3,0,1,2,2,2,100,18
part,7,0,0,36,PART_7_36_nochat.txt,5,20,3,0,1,1,2,2,100,11
part,7,0,0,36,PART_7_36_nochat.txt,5,3,3,3,2,2,2,2,25,4
part,7,0,0,36,PART_7_36_nochat.txt,5,1,3,0,1,1,2,2,100,10
part,7,0,0,36,PART_7_36_nochat.txt,5,7,4,0,1,1,2,2,100,19
part,7,0,0,36,PART_7_36_nochat.txt,5,8,4,3,2,1,2,2,25,5
part,7,0,0,36,PART_7_36_nochat.txt,5,19,4,0,2,1,2,2,100,132
part,7,0,0,36,PART_7_36_nochat.txt,5,6,4,0,2,2,2,2,100,7
part,7,0,0,36,PART_7_36_nochat.txt,5,30,4,0,2,1,2,2,100,19
part,7,0,0,36,PART_7_36_nochat.txt,5,32,4,0,2,2,2,2,100,8
part,7,0,0,36,PART_7_36_nochat.txt,5,23,4,0,2,2,2,2,100,7
part,7,0,0,36,PART_7_36_nochat.txt,5,29,4,0,2,2,2,2,100,4
part,7,0,0,36,PART_7_36_nochat.txt,5,2,4,0,2,2,2,2,100,12
part,7,0,0,36,PART_7_36_nochat.txt,6,24,1,0,2,2,2,2,100,15
part,7,0,0,36,PART_7_36_nochat.txt,6,25,1,3,2,2,2,2,25,18
part,7,0,0,36,PART_7_36_nochat.txt,6,32,1,3,2,1,2,2,25,34
part,7,0,0,36,PART_7_36_nochat.txt,6,18,1,0,1,1,2,2,100,6
part,7,0,0,36,PART_7_36_nochat.txt,6,36,1,0,2,2,2,2,100,4
part,7,0,0,36,PART_7_36_nochat.txt,6,19,1,0,2,2,2,2,100,21
part,7,0,0,36,PART_7_36_nochat.txt,6,3,1,3,2,2,2,2,25,4
part,7,0,0,36,PART_7_36_nochat.txt,6,12,1,3,2,2,2,2,25,5
part,7,0,0,36,PART_7_36_nochat.txt,6,31,1,0,2,1,2,2,100,7
part,7,0,0,36,PART_7_36_nochat.txt,6,13,2,0,1,2,1,1,100,28
part,7,0,0,36,PART_7_36_nochat.txt,6,35,2,0,2,1,1,1,100,99
part,7,0,0,36,PART_7_36_nochat.txt,6,21,2,0,1,1,1,1,100,11
part,7,0,0,36,PART_7_36_nochat.txt,6,22,2,0,1,2,1,1,100,6
part,7,0,0,36,PART_7_36_nochat.txt,6,17,2,3,1,1,1,1,150,4
part,7,0,0,36,PART_7_36_nochat.txt,6,28,2,0,1,1,1,1,100,10
part,7,0,0,36,PART_7_36_nochat.txt,6,16,2,0,1,1,1,1,100,22
part,7,0,0,36,PART_7_36_nochat.txt,6,29,2,0,2,1,1,1,100,14
part,7,0,0,36,PART_7_36_nochat.txt,6,27,2,3,2,1,1,1,150,2
part,7,0,0,36,PART_7_36_nochat.txt,6,14,3,0,1,1,1,1,100,5
part,7,0,0,36,PART_7_36_nochat.txt,6,6,3,3,1,1,1,1,150,4
part,7,0,0,36,PART_7_36_nochat.txt,6,30,3,0,2,1,1,1,100,28
part,7,0,0,36,PART_7_36_nochat.txt,6,34,3,0,1,2,1,1,100,21
part,7,0,0,36,PART_7_36_nochat.txt,6,4,3,3,1,1,1,1,150,3
part,7,0,0,36,PART_7_36_nochat.txt,6,33,3,0,1,1,1,1,100,8
part,7,0,0,36,PART_7_36_nochat.txt,6,20,3,0,1,1,1,1,100,5
part,7,0,0,36,PART_7_36_nochat.txt,6,7,3,0,2,2,1,1,100,12
part,7,0,0,36,PART_7_36_nochat.txt,6,8,3,0,1,1,1,1,100,9
part,7,0,0,36,PART_7_36_nochat.txt,6,9,4,0,2,1,1,1,100,5
part,7,0,0,36,PART_7_36_nochat.txt,6,23,4,0,2,2,1,1,100,7
part,7,0,0,36,PART_7_36_nochat.txt,6,1,4,3,1,1,1,1,150,3
part,7,0,0,36,PART_7_36_nochat.txt,6,10,4,0,1,1,1,1,100,10
part,7,0,0,36,PART_7_36_nochat.txt,6,2,4,0,1,1,1,1,100,10
part,7,0,0,36,PART_7_36_nochat.txt,6,11,4,0,1,1,1,1,100,7
part,7,0,0,36,PART_7_36_nochat.txt,6,15,4,3,2,1,1,1,150,19
part,7,0,0,36,PART_7_36_nochat.txt,6,5,4,3,1,1,1,1,150,9
part,7,0,0,36,PART_7_36_nochat.txt,6,26,4,3,1,1,1,1,150,15
part,7,0,0,36,PART_7_36_nochat.txt,7,18,1,0,1,1,1,1,100,6
part,7,0,0,36,PART_7_36_nochat.txt,7,30,1,0,1,1,1,1,100,16
part,7,0,0,36,PART_7_36_nochat.txt,7,11,1,0,1,1,1,1,100,4
part,7,0,0,36,PART_7_36_nochat.txt,7,23,1,0,1,1,1,1,100,6
part,7,0,0,36,PART_7_36_nochat.txt,7,22,1,0,1,1,1,1,100,12
part,7,0,0,36,PART_7_36_nochat.txt,7,4,1,0,1,1,1,1,100,4
part,7,0,0,36,PART_7_36_nochat.txt,7,8,1,0,2,2,1,1,100,8
part,7,0,0,36,PART_7_36_nochat.txt,7,19,1,3,2,1,1,1,150,12
part,7,0,0,36,PART_7_36_nochat.txt,7,6,1,0,1,1,1,1,100,3
part,7,0,0,36,PART_7_36_nochat.txt,7,5,2,0,2,2,2,2,100,5
part,7,0,0,36,PART_7_36_nochat.txt,7,32,2,0,2,2,2,2,100,5
part,7,0,0,36,PART_7_36_nochat.txt,7,34,2,0,1,2,2,2,100,4
part,7,0,0,36,PART_7_36_nochat.txt,7,12,2,0,2,2,2,2,100,8
part,7,0,0,36,PART_7_36_nochat.txt,7,15,2,0,1,1,2,2,100,23
part,7,0,0,36,PART_7_36_nochat.txt,7,1,2,0,1,1,2,2,100,3
part,7,0,0,36,PART_7_36_nochat.txt,7,10,2,0,2,2,2,2,100,16
part,7,0,0,36,PART_7_36_nochat.txt,7,29,2,0,2,2,2,2,100,35
part,7,0,0,36,PART_7_36_nochat.txt,7,24,2,0,2,2,2,2,100,8
part,7,0,0,36,PART_7_36_nochat.txt,7,25,3,3,2,1,1,1,150,26
part,7,0,0,36,PART_7_36_nochat.txt,7,3,3,0,1,1,1,1,100,3
part,7,0,0,36,PART_7_36_nochat.txt,7,14,3,0,1,1,1,1,100,4
part,7,0,0,36,PART_7_36_nochat.txt,7,7,3,3,2,2,1,1,150,9
part,7,0,0,36,PART_7_36_nochat.txt,7,27,3,0,1,1,1,1,100,9
part,7,0,0,36,PART_7_36_nochat.txt,7,31,3,3,1,1,1,1,150,8
part,7,0,0,36,PART_7_36_nochat.txt,7,17,3,0,1,1,1,1,100,7
part,7,0,0,36,PART_7_36_nochat.txt,7,16,3,0,1,1,1,1,100,13
part,7,0,0,36,PART_7_36_nochat.txt,7,20,3,0,1,1,1,1,100,8
part,7,0,0,36,PART_7_36_nochat.txt,7,35,4,0,1,1,2,1,10,50
part,7,0,0,36,PART_7_36_nochat.txt,7,33,4,3,2,2,2,1,10,2
part,7,0,0,36,PART_7_36_nochat.txt,7,28,4,0,1,1,2,1,10,18
part,7,0,0,36,PART_7_36_nochat.txt,7,21,4,0,2,2,2,1,10,12
part,7,0,0,36,PART_7_36_nochat.txt,7,9,4,0,1,2,2,1,10,5
part,7,0,0,36,PART_7_36_nochat.txt,7,13,4,0,2,2,2,1,10,15
part,7,0,0,36,PART_7_36_nochat.txt,7,26,4,0,2,2,2,1,10,9
part,7,0,0,36,PART_7_36_nochat.txt,7,2,4,3,1,1,2,1,10,24
part,7,0,0,36,PART_7_36_nochat.txt,7,36,4,0,1,1,2,1,10,3
part,7,0,0,36,PART_7_36_nochat.txt,8,13,1,0,2,2,2,2,100,19
part,7,0,0,36,PART_7_36_nochat.txt,8,27,1,0,2,1,2,2,100,3
part,7,0,0,36,PART_7_36_nochat.txt,8,30,1,0,2,2,2,2,100,14
part,7,0,0,36,PART_7_36_nochat.txt,8,3,1,0,2,2,2,2,100,5
part,7,0,0,36,PART_7_36_nochat.txt,8,8,1,0,1,1,2,2,100,5
part,7,0,0,36,PART_7_36_nochat.txt,8,24,1,0,2,2,2,2,100,4
part,7,0,0,36,PART_7_36_nochat.txt,8,33,1,0,1,2,2,2,100,13
part,7,0,0,36,PART_7_36_nochat.txt,8,10,1,0,2,2,2,2,100,4
part,7,0,0,36,PART_7_36_nochat.txt,8,35,1,0,2,1,2,2,100,55
part,7,0,0,36,PART_7_36_nochat.txt,8,22,2,0,2,2,2,2,100,5
part,7,0,0,36,PART_7_36_nochat.txt,8,32,2,0,2,2,2,2,100,4
part,7,0,0,36,PART_7_36_nochat.txt,8,14,2,0,2,2,2,2,100,6
part,7,0,0,36,PART_7_36_nochat.txt,8,20,2,0,2,2,2,2,100,12
part,7,0,0,36,PART_7_36_nochat.txt,8,7,2,0,2,2,2,2,100,8
part,7,0,0,36,PART_7_36_nochat.txt,8,4,2,0,1,1,2,2,100,6
part,7,0,0,36,PART_7_36_nochat.txt,8,2,2,0,1,1,2,2,100,10
part,7,0,0,36,PART_7_36_nochat.txt,8,19,2,0,1,1,2,2,100,25
part,7,0,0,36,PART_7_36_nochat.txt,8,11,2,0,2,2,2,2,100,5
part,7,0,0,36,PART_7_36_nochat.txt,8,12,3,0,2,2,2,1,10,5
part,7,0,0,36,PART_7_36_nochat.txt,8,16,3,0,1,1,2,1,10,32
part,7,0,0,36,PART_7_36_nochat.txt,8,5,3,0,2,2,2,1,10,17
part,7,0,0,36,PART_7_36_nochat.txt,8,6,3,0,2,2,2,1,10,2
part,7,0,0,36,PART_7_36_nochat.txt,8,21,3,3,1,1,2,1,10,26
part,7,0,0,36,PART_7_36_nochat.txt,8,25,3,0,1,2,2,1,10,27
part,7,0,0,36,PART_7_36_nochat.txt,8,34,3,0,1,2,2,1,10,4
part,7,0,0,36,PART_7_36_nochat.txt,8,28,3,0,2,1,2,1,10,15
part,7,0,0,36,PART_7_36_nochat.txt,8,1,3,0,1,1,2,1,10,3
part,7,0,0,36,PART_7_36_nochat.txt,8,17,4,0,2,2,2,1,10,4
part,7,0,0,36,PART_7_36_nochat.txt,8,9,4,0,1,1,2,1,10,4
part,7,0,0,36,PART_7_36_nochat.txt,8,29,4,0,1,1,2,1,10,4
part,7,0,0,36,PART_7_36_nochat.txt,8,18,4,3,1,1,2,1,10,4
part,7,0,0,36,PART_7_36_nochat.txt,8,15,4,0,1,1,2,1,10,10
part,7,0,0,36,PART_7_36_nochat.txt,8,36,4,0,2,2,2,1,10,6
part,7,0,0,36,PART_7_36_nochat.txt,8,31,4,3,1,1,2,1,10,15
part,7,0,0,36,PART_7_36_nochat.txt,8,23,4,0,2,2,2,1,10,4
part,7,0,0,36,PART_7_36_nochat.txt,8,26,4,0,1,1,2,1,10,23
part,7,0,0,36,PART_7_36_nochat.txt,9,17,1,0,1,1,2,1,10,5
part,7,0,0,36,PART_7_36_nochat.txt,9,10,1,0,2,2,2,1,10,16
part,7,0,0,36,PART_7_36_nochat.txt,9,3,1,0,1,1,2,1,10,5
part,7,0,0,36,PART_7_36_nochat.txt,9,32,1,0,1,1,2,1,10,5
part,7,0,0,36,PART_7_36_nochat.txt,9,25,1,0,2,2,2,1,10,26
part,7,0,0,36,PART_7_36_nochat.txt,9,24,1,0,2,2,2,1,10,12
part,7,0,0,36,PART_7_36_nochat.txt,9,4,1,3,1,1,2,1,10,8
part,7,0,0,36,PART_7_36_nochat.txt,9,31,1,0,1,1,2,1,10,4
part,7,0,0,36,PART_7_36_nochat.txt,9,28,1,0,2,1,2,1,10,5
part,7,0,0,36,PART_7_36_nochat.txt,9,1,2,0,1,1,2,1,10,4
part,7,0,0,36,PART_7_36_nochat.txt,9,30,2,0,2,2,2,1,10,19
part,7,0,0,36,PART_7_36_nochat.txt,9,9,2,0,1,1,2,1,10,4
part,7,0,0,36,PART_7_36_nochat.txt,9,11,2,0,2,2,2,1,10,7
part,7,0,0,36,PART_7_36_nochat.txt,9,29,2,3,2,1,2,1,10,7
part,7,0,0,36,PART_7_36_nochat.txt,9,26,2,0,1,1,2,1,10,8
part,7,0,0,36,PART_7_36_nochat.txt,9,12,2,0,2,2,2,1,10,4
part,7,0,0,36,PART_7_36_nochat.txt,9,14,2,0,1,1,2,1,10,5
part,7,0,0,36,PART_7_36_nochat.txt,9,27,2,0,2,1,2,1,10,14
part,7,0,0,36,PART_7_36_nochat.txt,9,33,3,0,1,1,2,2,100,17
part,7,0,0,36,PART_7_36_nochat.txt,9,7,3,3,2,2,2,2,25,7
part,7,0,0,36,PART_7_36_nochat.txt,9,15,3,0,2,1,2,2,100,24
part,7,0,0,36,PART_7_36_nochat.txt,9,23,3,0,1,1,2,2,100,3
part,7,0,0,36,PART_7_36_nochat.txt,9,13,3,0,2,2,2,2,100,15
part,7,0,0,36,PART_7_36_nochat.txt,9,19,3,0,1,1,2,2,100,8
part,7,0,0,36,PART_7_36_nochat.txt,9,16,3,0,2,2,2,2,100,7
part,7,0,0,36,PART_7_36_nochat.txt,9,35,3,0,1,1,2,2,100,32
part,7,0,0,36,PART_7_36_nochat.txt,9,20,3,3,2,1,2,2,25,18
part,7,0,0,36,PART_7_36_nochat.txt,9,6,4,0,1,1,1,1,100,2
part,7,0,0,36,PART_7_36_nochat.txt,9,2,4,0,1,1,1,1,100,5
part,7,0,0,36,PART_7_36_nochat.txt,9,21,4,0,1,1,1,1,100,4
part,7,0,0,36,PART_7_36_nochat.txt,9,18,4,0,1,1,1,1,100,4
part,7,0,0,36,PART_7_36_nochat.txt,9,34,4,0,2,2,1,1,100,3
part,7,0,0,36,PART_7_36_nochat.txt,9,5,4,0,2,1,1,1,100,4
part,7,0,0,36,PART_7_36_nochat.txt,9,22,4,0,1,2,1,1,100,22
part,7,0,0,36,PART_7_36_nochat.txt,9,8,4,0,1,1,1,1,100,16
part,7,0,0,36,PART_7_36_nochat.txt,9,36,4,0,1,1,1,1,100,4
part,7,0,0,36,PART_7_36_nochat.txt,10,26,1,0,2,2,2,2,100,5
part,7,0,0,36,PART_7_36_nochat.txt,10,3,1,0,2,2,2,2,100,22
part,7,0,0,36,PART_7_36_nochat.txt,10,11,1,0,1,1,2,2,100,5
part,7,0,0,36,PART_7_36_nochat.txt,10,18,1,0,2,2,2,2,100,3
part,7,0,0,36,PART_7_36_nochat.txt,10,1,1,3,1,1,2,2,25,8
part,7,0,0,36,PART_7_36_nochat.txt,10,6,1,0,1,1,2,2,100,2
part,7,0,0,36,PART_7_36_nochat.txt,10,7,1,0,2,2,2,2,100,14
part,7,0,0,36,PART_7_36_nochat.txt,10,25,1,0,1,1,2,2,100,18
part,7,0,0,36,PART_7_36_nochat.txt,10,31,1,0,2,2,2,2,100,4
part,7,0,0,36,PART_7_36_nochat.txt,10,28,2,3,2,2,2,2,25,10
part,7,0,0,36,PART_7_36_nochat.txt,10,9,2,0,1,1,2,2,100,4
part,7,0,0,36,PART_7_36_nochat.txt,10,5,2,3,2,1,2,2,25,4
part,7,0,0,36,PART_7_36_nochat.txt,10,36,2,3,2,2,2,2,25,5
part,7,0,0,36,PART_7_36_nochat.txt,10,35,2,0,2,1,2,2,100,20
part,7,0,0,36,PART_7_36_nochat.txt,10,24,2,0,2,2,2,2,100,14
part,7,0,0,36,PART_7_36_nochat.txt,10,16,2,0,2,2,2,2,100,12
part,7,0,0,36,PART_7_36_nochat.txt,10,19,2,0,2,2,2,2,100,11
part,7,0,0,36,PART_7_36_nochat.txt,10,33,2,0,1,1,2,2,100,16
part,7,0,0,36,PART_7_36_nochat.txt,10,12,3,0,2,2,2,2,100,7
part,7,0,0,36,PART_7_36_nochat.txt,10,14,3,0,1,1,2,2,100,6
part,7,0,0,36,PART_7_36_nochat.txt,10,13,3,0,2,2,2,2,100,18
part,7,0,0,36,PART_7_36_nochat.txt,10,34,3,0,2,2,2,2,100,4
part,7,0,0,36,PART_7_36_nochat.txt,10,22,3,3,2,2,2,2,25,16
part,7,0,0,36,PART_7_36_nochat.txt,10,15,3,0,1,1,2,2,100,19
part,7,0,0,36,PART_7_36_nochat.txt,10,17,3,0,1,1,2,2,100,10
part,7,0,0,36,PART_7_36_nochat.txt,10,4,3,0,2,1,2,2,100,6
part,7,0,0,36,PART_7_36_nochat.txt,10,20,3,3,1,1,2,2,25,24
part,7,0,0,36,PART_7_36_nochat.txt,10,8,4,0,2,2,1,1,100,9
part,7,0,0,36,PART_7_36_nochat.txt,10,10,4,3,1,1,1,1,150,8
part,7,0,0,36,PART_7_36_nochat.txt,10,30,4,3,1,1,1,1,150,14
part,7,0,0,36,PART_7_36_nochat.txt,10,29,4,0,1,1,1,1,100,3
part,7,0,0,36,PART_7_36_nochat.txt,10,32,4,0,1,1,1,1,100,13
part,7,0,0,36,PART_7_36_nochat.txt,10,2,4,0,1,1,1,1,100,5
part,7,0,0,36,PART_7_36_nochat.txt,10,23,4,0,1,1,1,1,100,8
part,7,0,0,36,PART_7_36_nochat.txt,10,21,4,3,2,1,1,1,150,10
part,7,0,0,36,PART_7_36_nochat.txt,10,27,4,0,1,1,1,1,100,2
part,7,0,0,36,PART_7_36_nochat.txt,11,21,1,0,1,1,2,1,10,5
part,7,0,0,36,PART_7_36_nochat.txt,11,31,1,0,1,2,2,1,10,4
part,7,0,0,36,PART_7_36_nochat.txt,11,9,1,0,2,2,2,1,10,8
part,7,0,0,36,PART_7_36_nochat.txt,11,7,1,3,2,2,2,1,10,8
part,7,0,0,36,PART_7_36_nochat.txt,11,25,1,0,1,1,2,1,10,22
part,7,0,0,36,PART_7_36_nochat.txt,11,2,1,0,1,1,2,1,10,6
part,7,0,0,36,PART_7_36_nochat.txt,11,16,1,0,1,1,2,1,10,4
part,7,0,0,36,PART_7_36_nochat.txt,11,27,1,0,1,1,2,1,10,3
part,7,0,0,36,PART_7_36_nochat.txt,11,32,1,0,1,1,2,1,10,9
part,7,0,0,36,PART_7_36_nochat.txt,11,8,2,0,2,2,2,1,10,5
part,7,0,0,36,PART_7_36_nochat.txt,11,17,2,0,1,1,2,1,10,10
part,7,0,0,36,PART_7_36_nochat.txt,11,23,2,0,2,2,2,1,10,6
part,7,0,0,36,PART_7_36_nochat.txt,11,6,2,0,1,1,2,1,10,5
part,7,0,0,36,PART_7_36_nochat.txt,11,28,2,0,1,2,2,1,10,15
part,7,0,0,36,PART_7_36_nochat.txt,11,19,2,0,2,2,2,1,10,9
part,7,0,0,36,PART_7_36_nochat.txt,11,26,2,0,1,1,2,1,10,30
part,7,0,0,36,PART_7_36_nochat.txt,11,12,2,0,1,1,2,1,10,11
part,7,0,0,36,PART_7_36_nochat.txt,11,24,2,0,2,2,2,1,10,5
part,7,0,0,36,PART_7_36_nochat.txt,11,3,3,0,1,1,1,1,100,7
part,7,0,0,36,PART_7_36_nochat.txt,11,5,3,0,1,1,1,1,100,10
part,7,0,0,36,PART_7_36_nochat.txt,11,13,3,0,2,2,1,1,100,8
part,7,0,0,36,PART_7_36_nochat.txt,11,14,3,0,1,1,1,1,100,10
part,7,0,0,36,PART_7_36_nochat.txt,11,15,3,0,1,1,1,1,100,17
part,7,0,0,36,PART_7_36_nochat.txt,11,34,3,3,1,2,1,1,150,8
part,7,0,0,36,PART_7_36_nochat.txt,11,11,3,0,1,1,1,1,100,4
part,7,0,0,36,PART_7_36_nochat.txt,11,22,3,0,1,1,1,1,100,22
part,7,0,0,36,PART_7_36_nochat.txt,11,33,3,0,1,1,1,1,100,19
part,7,0,0,36,PART_7_36_nochat.txt,11,36,4,3,2,2,2,2,25,14
part,7,0,0,36,PART_7_36_nochat.txt,11,1,4,0,2,2,2,2,100,17
part,7,0,0,36,PART_7_36_nochat.txt,11,35,4,3,2,1,2,2,25,16
part,7,0,0,36,PART_7_36_nochat.txt,11,18,4,0,2,2,2,2,100,4
part,7,0,0,36,PART_7_36_nochat.txt,11,4,4,0,1,1,2,2,100,14
part,7,0,0,36,PART_7_36_nochat.txt,11,30,4,0,2,2,2,2,100,20
part,7,0,0,36,PART_7_36_nochat.txt,11,20,4,0,2,2,2,2,100,24
part,7,0,0,36,PART_7_36_nochat.txt,11,10,4,0,2,2,2,2,100,5
part,7,0,0,36,PART_7_36_nochat.txt,11,29,4,0,2,1,2,2,100,7
part,7,0,0,36,PART_7_36_nochat.txt,12,3,1,3,1,1,1,1,150,3
part,7,0,0,36,PART_7_36_nochat.txt,12,36,1,0,1,1,1,1,100,5
part,7,0,0,36,PART_7_36_nochat.txt,12,23,1,0,1,1,1,1,100,9
part,7,0,0,36,PART_7_36_nochat.txt,12,27,1,0,1,1,1,1,100,7
part,7,0,0,36,PART_7_36_nochat.txt,12,16,1,3,1,1,1,1,150,8
part,7,0,0,36,PART_7_36_nochat.txt,12,5,1,0,2,2,1,1,100,15
part,7,0,0,36,PART_7_36_nochat.txt,12,11,1,0,1,1,1,1,100,6
part,7,0,0,36,PART_7_36_nochat.txt,12,32,1,0,1,1,1,1,100,11
part,7,0,0,36,PART_7_36_nochat.txt,12,33,1,0,2,2,1,1,100,3
part,7,0,0,36,PART_7_36_nochat.txt,12,8,2,0,1,1,1,1,100,8
part,7,0,0,36,PART_7_36_nochat.txt,12,15,2,0,1,1,1,1,100,4
part,7,0,0,36,PART_7_36_nochat.txt,12,12,2,0,1,1,1,1,100,10
part,7,0,0,36,PART_7_36_nochat.txt,12,17,2,0,1,1,1,1,100,15
part,7,0,0,36,PART_7_36_nochat.txt,12,18,2,0,2,2,1,1,100,3
part,7,0,0,36,PART_7_36_nochat.txt,12,29,2,3,1,1,1,1,150,7
part,7,0,0,36,PART_7_36_nochat.txt,12,9,2,0,1,1,1,1,100,5
part,7,0,0,36,PART_7_36_nochat.txt,12,10,2,0,1,1,1,1,100,6
part,7,0,0,36,PART_7_36_nochat.txt,12,31,2,0,2,2,1,1,100,12
part,7,0,0,36,PART_7_36_nochat.txt,12,20,3,0,2,2,2,2,100,4
part,7,0,0,36,PART_7_36_nochat.txt,12,26,3,0,2,2,2,2,100,15
part,7,0,0,36,PART_7_36_nochat.txt,12,2,3,0,2,2,2,2,100,7
part,7,0,0,36,PART_7_36_nochat.txt,12,19,3,0,2,2,2,2,100,13
part,7,0,0,36,PART_7_36_nochat.txt,12,14,3,3,1,1,2,2,25,4
part,7,0,0,36,PART_7_36_nochat.txt,12,7,3,0,2,2,2,2,100,7
part,7,0,0,36,PART_7_36_nochat.txt,12,34,3,0,2,2,2,2,100,6
part,7,0,0,36,PART_7_36_nochat.txt,12,28,3,0,2,1,2,2,100,13
part,7,0,0,36,PART_7_36_nochat.txt,12,6,3,0,2,2,2,2,100,4
part,7,0,0,36,PART_7_36_nochat.txt,12,1,4,3,2,2,1,2,50,3
part,7,0,0,36,PART_7_36_nochat.txt,12,13,4,0,1,1,1,2,10,4
part,7,0,0,36,PART_7_36_nochat.txt,12,35,4,0,2,1,1,2,10,55
part,7,0,0,36,PART_7_36_nochat.txt,12,24,4,0,2,2,1,2,10,8
part,7,0,0,36,PART_7_36_nochat.txt,12,21,4,0,1,1,1,2,10,4
part,7,0,0,36,PART_7_36_nochat.txt,12,25,4,0,1,1,1,2,10,14
part,7,0,0,36,PART_7_36_nochat.txt,12,30,4,0,1,1,1,2,10,7
part,7,0,0,36,PART_7_36_nochat.txt,12,22,4,0,1,1,1,2,10,29
part,7,0,0,36,PART_7_36_nochat.txt,12,4,4,0,2,1,1,2,10,3
part,7,0,0,36,PART_7_36_nochat.txt,13,18,1,0,2,2,1,1,100,3
part,7,0,0,36,PART_7_36_nochat.txt,13,10,1,0,1,1,1,1,100,5
part,7,0,0,36,PART_7_36_nochat.txt,13,30,1,0,1,1,1,1,100,10
part,7,0,0,36,PART_7_36_nochat.txt,13,14,1,0,1,1,1,1,100,5
part,7,0,0,36,PART_7_36_nochat.txt,13,22,1,0,1,1,1,1,100,7
part,7,0,0,36,PART_7_36_nochat.txt,13,12,1,0,1,1,1,1,100,4
part,7,0,0,36,PART_7_36_nochat.txt,13,29,1,0,1,1,1,1,100,4
part,7,0,0,36,PART_7_36_nochat.txt,13,25,1,0,1,1,1,1,100,21
part,7,0,0,36,PART_7_36_nochat.txt,13,4,1,0,2,1,1,1,100,4
part,7,0,0,36,PART_7_36_nochat.txt,13,9,2,0,1,1,2,2,100,8
part,7,0,0,36,PART_7_36_nochat.txt,13,19,2,3,2,1,2,2,25,14
part,7,0,0,36,PART_7_36_nochat.txt,13,34,2,0,2,2,2,2,100,4
part,7,0,0,36,PART_7_36_nochat.txt,13,28,2,0,2,1,2,2,100,4
part,7,0,0,36,PART_7_36_nochat.txt,13,24,2,0,2,1,2,2,100,10
part,7,0,0,36,PART_7_36_nochat.txt,13,7,2,0,1,1,2,2,100,8
part,7,0,0,36,PART_7_36_nochat.txt,13,6,2,0,2,2,2,2,100,2
part,7,0,0,36,PART_7_36_nochat.txt,13,27,2,3,2,1,2,2,25,3
part,7,0,0,36,PART_7_36_nochat.txt,13,17,2,0,2,2,2,2,100,14
part,7,0,0,36,PART_7_36_nochat.txt,13,1,3,0,1,1,2,2,100,5
part,7,0,0,36,PART_7_36_nochat.txt,13,2,3,0,2,2,2,2,100,5
part,7,0,0,36,PART_7_36_nochat.txt,13,20,3,0,2,2,2,2,100,4
part,7,0,0,36,PART_7_36_nochat.txt,13,26,3,0,2,2,2,2,100,3
part,7,0,0,36,PART_7_36_nochat.txt,13,32,3,0,2,2,2,2,100,9
part,7,0,0,36,PART_7_36_nochat.txt,13,33,3,3,1,2,2,2,25,3
part,7,0,0,36,PART_7_36_nochat.txt,13,11,3,3,2,1,2,2,25,3
part,7,0,0,36,PART_7_36_nochat.txt,13,3,3,0,1,1,2,2,100,3
part,7,0,0,36,PART_7_36_nochat.txt,13,15,3,0,2,1,2,2,100,6
part,7,0,0,36,PART_7_36_nochat.txt,13,13,4,0,2,2,2,2,100,12
part,7,0,0,36,PART_7_36_nochat.txt,13,36,4,0,1,1,2,2,100,4
part,7,0,0,36,PART_7_36_nochat.txt,13,8,4,0,1,1,2,2,100,6
part,7,0,0,36,PART_7_36_nochat.txt,13,31,4,0,2,2,2,2,100,6
part,7,0,0,36,PART_7_36_nochat.txt,13,21,4,0,2,2,2,2,100,6
part,7,0,0,36,PART_7_36_nochat.txt,13,35,4,0,2,2,2,2,100,20
part,7,0,0,36,PART_7_36_nochat.txt,13,23,4,0,2,2,2,2,100,3
part,7,0,0,36,PART_7_36_nochat.txt,13,16,4,3,1,1,2,2,25,4
part,7,0,0,36,PART_7_36_nochat.txt,13,5,4,3,2,2,2,2,25,12
part,7,0,0,36,PART_7_36_nochat.txt,14,32,1,3,1,1,2,2,25,9
part,7,0,0,36,PART_7_36_nochat.txt,14,31,1,3,2,2,2,2,25,13
part,7,0,0,36,PART_7_36_nochat.txt,14,14,1,0,1,1,2,2,100,6
part,7,0,0,36,PART_7_36_nochat.txt,14,10,1,0,2,2,2,2,100,11
part,7,0,0,36,PART_7_36_nochat.txt,14,1,1,0,2,2,2,2,100,4
part,7,0,0,36,PART_7_36_nochat.txt,14,4,1,0,2,1,2,2,100,9
part,7,0,0,36,PART_7_36_nochat.txt,14,19,1,0,2,2,2,2,100,6
part,7,0,0,36,PART_7_36_nochat.txt,14,36,1,0,2,2,2,2,100,6
part,7,0,0,36,PART_7_36_nochat.txt,14,22,1,0,1,1,2,2,100,21
part,7,0,0,36,PART_7_36_nochat.txt,14,34,2,0,1,2,2,1,10,10
part,7,0,0,36,PART_7_36_nochat.txt,14,18,2,0,1,1,2,1,10,6
part,7,0,0,36,PART_7_36_nochat.txt,14,21,2,0,2,2,2,1,10,4
part,7,0,0,36,PART_7_36_nochat.txt,14,6,2,0,1,1,2,1,10,2
part,7,0,0,36,PART_7_36_nochat.txt,14,13,2,0,1,1,2,1,10,5
part,7,0,0,36,PART_7_36_nochat.txt,14,20,2,0,1,1,2,1,10,13
part,7,0,0,36,PART_7_36_nochat.txt,14,24,2,0,1,1,2,1,10,10
part,7,0,0,36,PART_7_36_nochat.txt,14,23,2,0,2,2,2,1,10,8
part,7,0,0,36,PART_7_36_nochat.txt,14,30,2,0,1,1,2,1,10,9
part,7,0,0,36,PART_7_36_nochat.txt,14,35,3,0,2,2,2,2,100,10
part,7,0,0,36,PART_7_36_nochat.txt,14,9,3,3,2,2,2,2,25,5
part,7,0,0,36,PART_7_36_nochat.txt,14,27,3,3,1,1,2,2,25,3
part,7,0,0,36,PART_7_36_nochat.txt,14,2,3,0,2,2,2,2,100,7
part,7,0,0,36,PART_7_36_nochat.txt,14,29,3,0,1,1,2,2,100,5
part,7,0,0,36,PART_7_36_nochat.txt,14,25,3,0,2,2,2,2,100,23
part,7,0,0,36,PART_7_36_nochat.txt,14,28,3,3,2,1,2,2,25,6
part,7,0,0,36,PART_7_36_nochat.txt,14,3,3,0,1,1,2,2,100,2
part,7,0,0,36,PART_7_36_nochat.txt,14,11,3,0,2,2,2,2,100,6
part,7,0,0,36,PART_7_36_nochat.txt,14,15,4,0,2,1,2,2,100,5
part,7,0,0,36,PART_7_36_nochat.txt,14,8,4,0,2,2,2,2,100,7
part,7,0,0,36,PART_7_36_nochat.txt,14,17,4,0,2,2,2,2,100,5
part,7,0,0,36,PART_7_36_nochat.txt,14,33,4,3,1,1,2,2,25,13
part,7,0,0,36,PART_7_36_nochat.txt,14,26,4,0,2,2,2,2,100,3
part,7,0,0,36,PART_7_36_nochat.txt,14,12,4,3,2,2,2,2,25,9
part,7,0,0,36,PART_7_36_nochat.txt,14,5,4,0,2,1,2,2,100,10
part,7,0,0,36,PART_7_36_nochat.txt,14,16,4,0,1,1,2,2,100,11
part,7,0,0,36,PART_7_36_nochat.txt,14,7,4,0,2,2,2,2,100,9
part,7,0,0,36,PART_7_36_nochat.txt,15,20,1,0,2,2,2,2,100,6
part,7,0,0,36,PART_7_36_nochat.txt,15,21,1,3,2,1,2,2,25,7
part,7,0,0,36,PART_7_36_nochat.txt,15,31,1,0,2,2,2,2,100,8
part,7,0,0,36,PART_7_36_nochat.txt,15,7,1,3,2,2,2,2,25,5
part,7,0,0,36,PART_7_36_nochat.txt,15,3,1,0,2,2,2,2,100,5
part,7,0,0,36,PART_7_36_nochat.txt,15,9,1,0,2,1,2,2,100,9
part,7,0,0,36,PART_7_36_nochat.txt,15,19,1,0,2,2,2,2,100,15
part,7,0,0,36,PART_7_36_nochat.txt,15,27,1,0,1,1,2,2,100,6
part,7,0,0,36,PART_7_36_nochat.txt,15,25,1,3,2,1,2,2,25,23
part,7,0,0,36,PART_7_36_nochat.txt,15,22,2,0,1,1,2,2,100,11
part,7,0,0,36,PART_7_36_nochat.txt,15,10,2,0,2,2,2,2,100,12
part,7,0,0,36,PART_7_36_nochat.txt,15,18,2,0,2,2,2,2,100,3
part,7,0,0,36,PART_7_36_nochat.txt,15,15,2,0,1,1,2,2,100,9
part,7,0,0,36,PART_7_36_nochat.txt,15,1,2,0,2,2,2,2,100,8
part,7,0,0,36,PART_7_36_nochat.txt,15,36,2,0,2,2,2,2,100,4
part,7,0,0,36,PART_7_36_nochat.txt,15,34,2,0,2,2,2,2,100,3
part,7,0,0,36,PART_7_36_nochat.txt,15,26,2,0,2,2,2,2,100,4
part,7,0,0,36,PART_7_36_nochat.txt,15,12,2,0,2,2,2,2,100,6
part,7,0,0,36,PART_7_36_nochat.txt,15,13,3,0,1,1,1,1,100,14
part,7,0,0,36,PART_7_36_nochat.txt,15,30,3,0,1,2,1,1,100,8
part,7,0,0,36,PART_7_36_nochat.txt,15,33,3,0,2,1,1,1,100,11
part,7,0,0,36,PART_7_36_nochat.txt,15,17,3,0,1,1,1,1,100,2
part,7,0,0,36,PART_7_36_nochat.txt,15,11,3,0,1,1,1,1,100,3
part,7,0,0,36,PART_7_36_nochat.txt,15,5,3,0,1,2,1,1,100,4
part,7,0,0,36,PART_7_36_nochat.txt,15,28,3,0,1,1,1,1,100,24
part,7,0,0,36,PART_7_36_nochat.txt,15,14,3,3,1,1,1,1,150,4
part,7,0,0,36,PART_7_36_nochat.txt,15,6,3,3,1,1,1,1,150,2
part,7,0,0,36,PART_7_36_nochat.txt,15,29,4,0,1,1,2,2,100,3
part,7,0,0,36,PART_7_36_nochat.txt,15,8,4,3,1,1,2,2,25,3
part,7,0,0,36,PART_7_36_nochat.txt,15,16,4,0,2,2,2,2,100,6
part,7,0,0,36,PART_7_36_nochat.txt,15,35,4,3,2,2,2,2,25,10
part,7,0,0,36,PART_7_36_nochat.txt,15,24,4,3,2,2,2,2,25,8
part,7,0,0,36,PART_7_36_nochat.txt,15,4,4,3,2,1,2,2,25,6
part,7,0,0,36,PART_7_36_nochat.txt,15,2,4,0,2,2,2,2,100,6
part,7,0,0,36,PART_7_36_nochat.txt,15,23,4,0,1,1,2,2,100,2
part,7,0,0,36,PART_7_36_nochat.txt,15,32,4,0,2,2,2,2,100,7
part,9,1,0,36,PART_9_36_chat.txt,1,5,1,3,2,2,2,2,25,17
part,9,1,0,36,PART_9_36_chat.txt,1,27,1,0,2,2,2,2,100,27
part,9,1,0,36,PART_9_36_chat.txt,1,20,1,0,2,2,2,2,100,16
part,9,1,0,36,PART_9_36_chat.txt,1,13,1,0,2,2,2,2,100,21
part,9,1,0,36,PART_9_36_chat.txt,1,24,1,0,2,2,2,2,100,23
part,9,1,0,36,PART_9_36_chat.txt,1,33,1,3,2,2,2,2,25,25
part,9,1,0,36,PART_9_36_chat.txt,1,17,1,3,1,2,2,2,25,18
part,9,1,0,36,PART_9_36_chat.txt,1,7,1,0,2,2,2,2,100,23
part,9,1,0,36,PART_9_36_chat.txt,1,31,1,0,2,2,2,2,100,37
part,9,1,0,36,PART_9_36_chat.txt,1,6,2,0,1,2,2,1,10,43
part,9,1,0,36,PART_9_36_chat.txt,1,10,2,0,2,2,2,1,10,85
part,9,1,0,36,PART_9_36_chat.txt,1,1,2,0,1,2,2,1,10,79
part,9,1,0,36,PART_9_36_chat.txt,1,4,2,3,1,1,2,1,10,91
part,9,1,0,36,PART_9_36_chat.txt,1,18,2,0,2,1,2,1,10,66
part,9,1,0,36,PART_9_36_chat.txt,1,36,2,0,2,2,2,1,10,92
part,9,1,0,36,PART_9_36_chat.txt,1,26,2,3,1,2,2,1,10,24
part,9,1,0,36,PART_9_36_chat.txt,1,8,2,0,2,2,2,1,10,90
part,9,1,0,36,PART_9_36_chat.txt,1,25,2,0,1,1,2,1,10,87
part,9,1,0,36,PART_9_36_chat.txt,1,11,3,0,2,1,1,1,100,32
part,9,1,0,36,PART_9_36_chat.txt,1,23,3,0,1,1,1,1,100,50
part,9,1,0,36,PART_9_36_chat.txt,1,35,3,3,1,1,1,1,150,55
part,9,1,0,36,PART_9_36_chat.txt,1,19,3,0,1,1,1,1,100,50
part,9,1,0,36,PART_9_36_chat.txt,1,28,3,0,1,1,1,1,100,59
part,9,1,0,36,PART_9_36_chat.txt,1,15,3,0,1,1,1,1,100,48
part,9,1,0,36,PART_9_36_chat.txt,1,16,3,0,1,1,1,1,100,48
part,9,1,0,36,PART_9_36_chat.txt,1,22,3,0,2,1,1,1,100,49
part,9,1,0,36,PART_9_36_chat.txt,1,34,3,3,1,1,1,1,150,53
part,9,1,0,36,PART_9_36_chat.txt,1,29,4,0,2,2,2,2,100,49
part,9,1,0,36,PART_9_36_chat.txt,1,14,4,0,2,2,2,2,100,38
part,9,1,0,36,PART_9_36_chat.txt,1,2,4,3,1,2,2,2,25,50
part,9,1,0,36,PART_9_36_chat.txt,1,3,4,0,1,2,2,2,100,38
part,9,1,0,36,PART_9_36_chat.txt,1,9,4,3,2,2,2,2,25,17
part,9,1,0,36,PART_9_36_chat.txt,1,32,4,0,2,2,2,2,100,35
part,9,1,0,36,PART_9_36_chat.txt,1,12,4,3,2,2,2,2,25,62
part,9,1,0,36,PART_9_36_chat.txt,1,21,4,0,2,2,2,2,100,42
part,9,1,0,36,PART_9_36_chat.txt,1,30,4,0,2,2,2,2,100,45
part,9,1,0,36,PART_9_36_chat.txt,2,21,1,0,2,1,1,1,100,19
part,9,1,0,36,PART_9_36_chat.txt,2,34,1,0,1,1,1,1,100,33
part,9,1,0,36,PART_9_36_chat.txt,2,11,1,0,1,1,1,1,100,30
part,9,1,0,36,PART_9_36_chat.txt,2,24,1,0,1,1,1,1,100,34
part,9,1,0,36,PART_9_36_chat.txt,2,10,1,0,1,1,1,1,100,24
part,9,1,0,36,PART_9_36_chat.txt,2,20,1,0,1,1,1,1,100,40
part,9,1,0,36,PART_9_36_chat.txt,2,1,1,0,1,1,1,1,100,26
part,9,1,0,36,PART_9_36_chat.txt,2,35,1,0,1,1,1,1,100,29
part,9,1,0,36,PART_9_36_chat.txt,2,30,1,0,1,1,1,1,100,41
part,9,1,0,36,PART_9_36_chat.txt,2,5,2,3,1,1,1,1,150,33
part,9,1,0,36,PART_9_36_chat.txt,2,29,2,0,2,1,1,1,100,30
part,9,1,0,36,PART_9_36_chat.txt,2,27,2,0,1,1,1,1,100,26
part,9,1,0,36,PART_9_36_chat.txt,2,6,2,3,1,1,1,1,150,27
part,9,1,0,36,PART_9_36_chat.txt,2,15,2,0,1,1,1,1,100,26
part,9,1,0,36,PART_9_36_chat.txt,2,14,2,3,2,1,1,1,150,26
part,9,1,0,36,PART_9_36_chat.txt,2,9,2,0,2,1,1,1,100,28
part,9,1,0,36,PART_9_36_chat.txt,2,12,2,0,1,1,1,1,100,26
part,9,1,0,36,PART_9_36_chat.txt,2,28,2,0,1,1,1,1,100,58
part,9,1,0,36,PART_9_36_chat.txt,2,25,3,0,2,1,1,1,100,27
part,9,1,0,36,PART_9_36_chat.txt,2,33,3,0,2,1,1,1,100,46
part,9,1,0,36,PART_9_36_chat.txt,2,23,3,0,1,1,1,1,100,31
part,9,1,0,36,PART_9_36_chat.txt,2,16,3,0,1,1,1,1,100,40
part,9,1,0,36,PART_9_36_chat.txt,2,26,3,3,1,1,1,1,150,28
part,9,1,0,36,PART_9_36_chat.txt,2,17,3,0,2,1,1,1,100,47
part,9,1,0,36,PART_9_36_chat.txt,2,18,3,0,1,1,1,1,100,32
part,9,1,0,36,PART_9_36_chat.txt,2,8,3,0,1,1,1,1,100,29
part,9,1,0,36,PART_9_36_chat.txt,2,19,3,0,1,1,1,1,100,50
part,9,1,0,36,PART_9_36_chat.txt,2,4,4,0,2,2,2,2,100,26
part,9,1,0,36,PART_9_36_chat.txt,2,3,4,0,2,2,2,2,100,23
part,9,1,0,36,PART_9_36_chat.txt,2,36,4,0,2,2,2,2,100,40
part,9,1,0,36,PART_9_36_chat.txt,2,7,4,0,2,2,2,2,100,41
part,9,1,0,36,PART_9_36_chat.txt,2,2,4,0,2,2,2,2,100,23
part,9,1,0,36,PART_9_36_chat.txt,2,32,4,0,2,2,2,2,100,58
part,9,1,0,36,PART_9_36_chat.txt,2,13,4,0,2,2,2,2,100,25
part,9,1,0,36,PART_9_36_chat.txt,2,31,4,0,1,1,2,2,100,37
part,9,1,0,36,PART_9_36_chat.txt,2,22,4,0,2,2,2,2,100,25
part,9,1,0,36,PART_9_36_chat.txt,3,15,1,0,2,1,1,1,100,25
part,9,1,0,36,PART_9_36_chat.txt,3,34,1,0,1,1,1,1,100,42
part,9,1,0,36,PART_9_36_chat.txt,3,31,1,3,1,1,1,1,150,35
part,9,1,0,36,PART_9_36_chat.txt,3,24,1,0,1,1,1,1,100,28
part,9,1,0,36,PART_9_36_chat.txt,3,14,1,3,1,1,1,1,150,32
part,9,1,0,36,PART_9_36_chat.txt,3,20,1,0,1,1,1,1,100,33
part,9,1,0,36,PART_9_36_chat.txt,3,4,1,3,1,1,1,1,150,26
part,9,1,0,36,PART_9_36_chat.txt,3,30,1,0,2,1,1,1,100,29
part,9,1,0,36,PART_9_36_chat.txt,3,6,1,3,2,1,1,1,150,28
part,9,1,0,36,PART_9_36_chat.txt,3,12,2,0,2,2,2,2,100,32
part,9,1,0,36,PART_9_36_chat.txt,3,8,2,0,2,2,2,2,100,16
part,9,1,0,36,PART_9_36_chat.txt,3,5,2,0,2,2,2,2,100,17
part,9,1,0,36,PART_9_36_chat.txt,3,32,2,0,2,2,2,2,100,23
part,9,1,0,36,PART_9_36_chat.txt,3,22,2,0,1,2,2,2,100,24
part,9,1,0,36,PART_9_36_chat.txt,3,27,2,0,2,2,2,2,100,23
part,9,1,0,36,PART_9_36_chat.txt,3,16,2,0,1,2,2,2,100,25
part,9,1,0,36,PART_9_36_chat.txt,3,10,2,0,2,2,2,2,100,35
part,9,1,0,36,PART_9_36_chat.txt,3,23,2,0,2,2,2,2,100,20
part,9,1,0,36,PART_9_36_chat.txt,3,7,3,0,1,1,2,1,10,55
part,9,1,0,36,PART_9_36_chat.txt,3,33,3,0,1,1,2,1,10,26
part,9,1,0,36,PART_9_36_chat.txt,3,21,3,0,1,1,2,1,10,30
part,9,1,0,36,PART_9_36_chat.txt,3,3,3,0,2,1,2,1,10,30
part,9,1,0,36,PART_9_36_chat.txt,3,26,3,0,1,1,2,1,10,27
part,9,1,0,36,PART_9_36_chat.txt,3,35,3,0,2,2,2,1,10,56
part,9,1,0,36,PART_9_36_chat.txt,3,25,3,0,1,1,2,1,10,24
part,9,1,0,36,PART_9_36_chat.txt,3,18,3,0,2,1,2,1,10,21
part,9,1,0,36,PART_9_36_chat.txt,3,13,3,0,1,1,2,1,10,22
part,9,1,0,36,PART_9_36_chat.txt,3,9,4,0,1,1,1,1,100,46
part,9,1,0,36,PART_9_36_chat.txt,3,36,4,0,2,1,1,1,100,62
part,9,1,0,36,PART_9_36_chat.txt,3,1,4,0,1,1,1,1,100,31
part,9,1,0,36,PART_9_36_chat.txt,3,17,4,0,1,1,1,1,100,47
part,9,1,0,36,PART_9_36_chat.txt,3,28,4,3,2,1,1,1,150,52
part,9,1,0,36,PART_9_36_chat.txt,3,19,4,0,1,1,1,1,100,31
part,9,1,0,36,PART_9_36_chat.txt,3,29,4,3,1,1,1,1,150,45
part,9,1,0,36,PART_9_36_chat.txt,3,11,4,0,1,1,1,1,100,32
part,9,1,0,36,PART_9_36_chat.txt,3,2,4,0,1,1,1,1,100,23
part,9,1,0,36,PART_9_36_chat.txt,4,7,1,0,2,2,2,2,100,33
part,9,1,0,36,PART_9_36_chat.txt,4,23,1,0,1,2,2,2,100,21
part,9,1,0,36,PART_9_36_chat.txt,4,10,1,0,2,2,2,2,100,20
part,9,1,0,36,PART_9_36_chat.txt,4,6,1,0,2,2,2,2,100,24
part,9,1,0,36,PART_9_36_chat.txt,4,34,1,0,1,2,2,2,100,35
part,9,1,0,36,PART_9_36_chat.txt,4,32,1,3,1,2,2,2,25,39
part,9,1,0,36,PART_9_36_chat.txt,4,15,1,0,2,2,2,2,100,25
part,9,1,0,36,PART_9_36_chat.txt,4,9,1,0,2,2,2,2,100,35
part,9,1,0,36,PART_9_36_chat.txt,4,25,1,0,2,2,2,2,100,18
part,9,1,0,36,PART_9_36_chat.txt,4,30,2,3,1,1,1,1,150,23
part,9,1,0,36,PART_9_36_chat.txt,4,17,2,3,1,1,1,1,150,23
part,9,1,0,36,PART_9_36_chat.txt,4,4,2,3,1,1,1,1,150,27
part,9,1,0,36,PART_9_36_chat.txt,4,29,2,0,2,1,1,1,100,29
part,9,1,0,36,PART_9_36_chat.txt,4,18,2,3,1,1,1,1,150,18
part,9,1,0,36,PART_9_36_chat.txt,4,21,2,0,1,1,1,1,100,18
part,9,1,0,36,PART_9_36_chat.txt,4,3,2,0,2,1,1,1,100,24
part,9,1,0,36,PART_9_36_chat.txt,4,20,2,3,1,1,1,1,150,21
part,9,1,0,36,PART_9_36_chat.txt,4,2,2,0,1,1,1,1,100,15
part,9,1,0,36,PART_9_36_chat.txt,4,19,3,0,2,2,2,2,100,25
part,9,1,0,36,PART_9_36_chat.txt,4,27,3,0,2,2,2,2,100,18
part,9,1,0,36,PART_9_36_chat.txt,4,35,3,0,2,2,2,2,100,16
part,9,1,0,36,PART_9_36_chat.txt,4,1,3,0,2,2,2,2,100,22
part,9,1,0,36,PART_9_36_chat.txt,4,24,3,0,2,2,2,2,100,26
part,9,1,0,36,PART_9_36_chat.txt,4,11,3,0,2,2,2,2,100,18
part,9,1,0,36,PART_9_36_chat.txt,4,5,3,0,2,2,2,2,100,15
part,9,1,0,36,PART_9_36_chat.txt,4,14,3,0,2,2,2,2,100,18
part,9,1,0,36,PART_9_36_chat.txt,4,13,3,0,2,2,2,2,100,16
part,9,1,0,36,PART_9_36_chat.txt,4,28,4,3,1,1,2,2,25,71
part,9,1,0,36,PART_9_36_chat.txt,4,26,4,0,1,2,2,2,100,24
part,9,1,0,36,PART_9_36_chat.txt,4,12,4,0,1,2,2,2,100,29
part,9,1,0,36,PART_9_36_chat.txt,4,31,4,0,2,2,2,2,100,26
part,9,1,0,36,PART_9_36_chat.txt,4,8,4,0,2,2,2,2,100,22
part,9,1,0,36,PART_9_36_chat.txt,4,22,4,3,2,2,2,2,25,30
part,9,1,0,36,PART_9_36_chat.txt,4,36,4,3,2,2,2,2,25,53
part,9,1,0,36,PART_9_36_chat.txt,4,16,4,0,1,2,2,2,100,41
part,9,1,0,36,PART_9_36_chat.txt,4,33,4,0,2,2,2,2,100,21
part,9,1,0,36,PART_9_36_chat.txt,5,35,1,0,1,1,1,1,100,24
part,9,1,0,36,PART_9_36_chat.txt,5,16,1,0,1,1,1,1,100,75
part,9,1,0,36,PART_9_36_chat.txt,5,31,1,0,1,1,1,1,100,30
part,9,1,0,36,PART_9_36_chat.txt,5,11,1,0,1,1,1,1,100,32
part,9,1,0,36,PART_9_36_chat.txt,5,15,1,3,2,1,1,1,150,27
part,9,1,0,36,PART_9_36_chat.txt,5,18,1,0,2,1,1,1,100,24
part,9,1,0,36,PART_9_36_chat.txt,5,34,1,0,1,1,1,1,100,94
part,9,1,0,36,PART_9_36_chat.txt,5,5,1,0,2,1,1,1,100,27
part,9,1,0,36,PART_9_36_chat.txt,5,13,1,0,2,1,1,1,100,78
part,9,1,0,36,PART_9_36_chat.txt,5,25,2,0,2,2,2,2,100,25
part,9,1,0,36,PART_9_36_chat.txt,5,14,2,0,2,2,2,2,100,64
part,9,1,0,36,PART_9_36_chat.txt,5,9,2,0,2,2,2,2,100,69
part,9,1,0,36,PART_9_36_chat.txt,5,22,2,0,1,2,2,2,100,70
part,9,1,0,36,PART_9_36_chat.txt,5,4,2,0,2,2,2,2,100,51
part,9,1,0,36,PART_9_36_chat.txt,5,26,2,3,2,2,2,2,25,31
part,9,1,0,36,PART_9_36_chat.txt,5,27,2,0,1,2,2,2,100,69
part,9,1,0,36,PART_9_36_chat.txt,5,33,2,3,1,2,2,2,25,61
part,9,1,0,36,PART_9_36_chat.txt,5,17,2,0,1,2,2,2,100,69
part,9,1,0,36,PART_9_36_chat.txt,5,28,3,0,2,1,1,1,100,48
part,9,1,0,36,PART_9_36_chat.txt,5,36,3,0,1,1,1,1,100,32
part,9,1,0,36,PART_9_36_chat.txt,5,24,3,0,1,1,1,1,100,29
part,9,1,0,36,PART_9_36_chat.txt,5,21,3,0,1,1,1,1,100,21
part,9,1,0,36,PART_9_36_chat.txt,5,10,3,0,1,1,1,1,100,18
part,9,1,0,36,PART_9_36_chat.txt,5,12,3,0,1,1,1,1,100,31
part,9,1,0,36,PART_9_36_chat.txt,5,20,3,0,1,1,1,1,100,25
part,9,1,0,36,PART_9_36_chat.txt,5,3,3,0,1,1,1,1,100,28
part,9,1,0,36,PART_9_36_chat.txt,5,1,3,3,2,1,1,1,150,25
part,9,1,0,36,PART_9_36_chat.txt,5,7,4,0,1,1,1,1,100,30
part,9,1,0,36,PART_9_36_chat.txt,5,8,4,0,1,1,1,1,100,14
part,9,1,0,36,PART_9_36_chat.txt,5,19,4,0,1,1,1,1,100,22
part,9,1,0,36,PART_9_36_chat.txt,5,6,4,0,1,1,1,1,100,22
part,9,1,0,36,PART_9_36_chat.txt,5,30,4,0,1,1,1,1,100,23
part,9,1,0,36,PART_9_36_chat.txt,5,32,4,0,1,1,1,1,100,31
part,9,1,0,36,PART_9_36_chat.txt,5,23,4,0,2,1,1,1,100,18
part,9,1,0,36,PART_9_36_chat.txt,5,29,4,0,2,1,1,1,100,31
part,9,1,0,36,PART_9_36_chat.txt,5,2,4,3,1,1,1,1,150,10
part,9,1,0,36,PART_9_36_chat.txt,6,24,1,0,1,2,2,1,10,31
part,9,1,0,36,PART_9_36_chat.txt,6,25,1,0,2,2,2,1,10,21
part,9,1,0,36,PART_9_36_chat.txt,6,32,1,0,2,2,2,1,10,44
part,9,1,0,36,PART_9_36_chat.txt,6,18,1,0,2,2,2,1,10,30
part,9,1,0,36,PART_9_36_chat.txt,6,36,1,0,2,2,2,1,10,25
part,9,1,0,36,PART_9_36_chat.txt,6,19,1,0,1,2,2,1,10,29
part,9,1,0,36,PART_9_36_chat.txt,6,3,1,3,2,2,2,1,10,25
part,9,1,0,36,PART_9_36_chat.txt,6,12,1,3,2,2,2,1,10,31
part,9,1,0,36,PART_9_36_chat.txt,6,31,1,0,2,2,2,1,10,22
part,9,1,0,36,PART_9_36_chat.txt,6,13,2,0,2,2,2,1,10,21
part,9,1,0,36,PART_9_36_chat.txt,6,35,2,0,1,1,2,1,10,25
part,9,1,0,36,PART_9_36_chat.txt,6,21,2,0,1,2,2,1,10,21
part,9,1,0,36,PART_9_36_chat.txt,6,22,2,0,2,2,2,1,10,42
part,9,1,0,36,PART_9_36_chat.txt,6,17,2,0,1,2,2,1,10,68
part,9,1,0,36,PART_9_36_chat.txt,6,28,2,0,1,1,2,1,10,90
part,9,1,0,36,PART_9_36_chat.txt,6,16,2,0,1,2,2,1,10,70
part,9,1,0,36,PART_9_36_chat.txt,6,29,2,0,2,2,2,1,10,66
part,9,1,0,36,PART_9_36_chat.txt,6,27,2,0,2,2,2,1,10,73
part,9,1,0,36,PART_9_36_chat.txt,6,14,3,0,1,1,1,1,100,19
part,9,1,0,36,PART_9_36_chat.txt,6,6,3,0,1,1,1,1,100,17
part,9,1,0,36,PART_9_36_chat.txt,6,30,3,0,1,1,1,1,100,19
part,9,1,0,36,PART_9_36_chat.txt,6,34,3,0,1,1,1,1,100,24
part,9,1,0,36,PART_9_36_chat.txt,6,4,3,0,2,1,1,1,100,19
part,9,1,0,36,PART_9_36_chat.txt,6,33,3,0,1,1,1,1,100,18
part,9,1,0,36,PART_9_36_chat.txt,6,20,3,3,1,1,1,1,150,21
part,9,1,0,36,PART_9_36_chat.txt,6,7,3,0,1,1,1,1,100,25
part,9,1,0,36,PART_9_36_chat.txt,6,8,3,0,2,1,1,1,100,18
part,9,1,0,36,PART_9_36_chat.txt,6,9,4,0,2,2,2,1,10,97
part,9,1,0,36,PART_9_36_chat.txt,6,23,4,0,1,1,2,1,10,92
part,9,1,0,36,PART_9_36_chat.txt,6,1,4,3,2,2,2,1,10,64
part,9,1,0,36,PART_9_36_chat.txt,6,10,4,0,1,1,2,1,10,11
part,9,1,0,36,PART_9_36_chat.txt,6,2,4,0,2,2,2,1,10,12
part,9,1,0,36,PART_9_36_chat.txt,6,11,4,0,2,2,2,1,10,95
part,9,1,0,36,PART_9_36_chat.txt,6,15,4,0,1,2,2,1,10,88
part,9,1,0,36,PART_9_36_chat.txt,6,5,4,3,1,2,2,1,10,91
part,9,1,0,36,PART_9_36_chat.txt,6,26,4,0,1,2,2,1,10,88
part,9,1,0,36,PART_9_36_chat.txt,1,5,1,0,1,1,1,1,100,15
part,9,1,0,36,PART_9_36_chat.txt,1,27,1,3,1,1,1,1,150,19
part,9,1,0,36,PART_9_36_chat.txt,1,20,1,0,1,1,1,1,100,15
part,9,1,0,36,PART_9_36_chat.txt,1,13,1,0,1,1,1,1,100,16
part,9,1,0,36,PART_9_36_chat.txt,1,24,1,0,2,1,1,1,100,22
part,9,1,0,36,PART_9_36_chat.txt,1,33,1,3,1,1,1,1,150,28
part,9,1,0,36,PART_9_36_chat.txt,1,17,1,0,1,1,1,1,100,27
part,9,1,0,36,PART_9_36_chat.txt,1,7,1,0,2,1,1,1,100,24
part,9,1,0,36,PART_9_36_chat.txt,1,31,1,0,1,1,1,1,100,15
part,9,1,0,36,PART_9_36_chat.txt,1,6,2,3,2,1,1,1,150,16
part,9,1,0,36,PART_9_36_chat.txt,1,10,2,0,2,1,1,1,100,20
part,9,1,0,36,PART_9_36_chat.txt,1,1,2,0,1,1,1,1,100,25
part,9,1,0,36,PART_9_36_chat.txt,1,4,2,3,1,1,1,1,150,20
part,9,1,0,36,PART_9_36_chat.txt,1,18,2,0,1,1,1,1,100,19
part,9,1,0,36,PART_9_36_chat.txt,1,36,2,0,1,1,1,1,100,14
part,9,1,0,36,PART_9_36_chat.txt,1,26,2,0,2,1,1,1,100,20
part,9,1,0,36,PART_9_36_chat.txt,1,8,2,0,1,1,1,1,100,21
part,9,1,0,36,PART_9_36_chat.txt,1,25,2,0,1,1,1,1,100,17
part,9,1,0,36,PART_9_36_chat.txt,1,11,3,0,1,2,2,2,100,23
part,9,1,0,36,PART_9_36_chat.txt,1,23,3,3,2,2,2,2,25,13
part,9,1,0,36,PART_9_36_chat.txt,1,35,3,0,2,2,2,2,100,26
part,9,1,0,36,PART_9_36_chat.txt,1,19,3,0,2,2,2,2,100,17
part,9,1,0,36,PART_9_36_chat.txt,1,28,3,0,1,2,2,2,100,26
part,9,1,0,36,PART_9_36_chat.txt,1,15,3,0,2,2,2,2,100,13
part,9,1,0,36,PART_9_36_chat.txt,1,16,3,0,2,2,2,2,100,28
part,9,1,0,36,PART_9_36_chat.txt,1,22,3,3,2,2,2,2,25,22
part,9,1,0,36,PART_9_36_chat.txt,1,34,3,0,2,2,2,2,100,24
part,9,1,0,36,PART_9_36_chat.txt,1,29,4,0,2,2,2,2,100,29
part,9,1,0,36,PART_9_36_chat.txt,1,14,4,0,2,2,2,2,100,25
part,9,1,0,36,PART_9_36_chat.txt,1,2,4,3,1,1,2,2,25,21
part,9,1,0,36,PART_9_36_chat.txt,1,3,4,0,2,2,2,2,100,21
part,9,1,0,36,PART_9_36_chat.txt,1,9,4,0,1,2,2,2,100,22
part,9,1,0,36,PART_9_36_chat.txt,1,32,4,3,2,2,2,2,25,22
part,9,1,0,36,PART_9_36_chat.txt,1,12,4,0,2,2,2,2,100,25
part,9,1,0,36,PART_9_36_chat.txt,1,21,4,0,2,2,2,2,100,20
part,9,1,0,36,PART_9_36_chat.txt,1,30,4,3,1,2,2,2,25,24
part,9,1,0,36,PART_9_36_chat.txt,2,21,1,0,1,1,1,1,100,19
part,9,1,0,36,PART_9_36_chat.txt,2,34,1,0,2,1,1,1,100,18
part,9,1,0,36,PART_9_36_chat.txt,2,11,1,0,1,1,1,1,100,19
part,9,1,0,36,PART_9_36_chat.txt,2,24,1,0,1,1,1,1,100,17
part,9,1,0,36,PART_9_36_chat.txt,2,10,1,0,1,1,1,1,100,14
part,9,1,0,36,PART_9_36_chat.txt,2,20,1,0,1,1,1,1,100,14
part,9,1,0,36,PART_9_36_chat.txt,2,1,1,3,1,1,1,1,150,20
part,9,1,0,36,PART_9_36_chat.txt,2,35,1,0,1,1,1,1,100,24
part,9,1,0,36,PART_9_36_chat.txt,2,30,1,3,1,1,1,1,150,23
part,9,1,0,36,PART_9_36_chat.txt,2,5,2,0,2,2,2,2,100,27
part,9,1,0,36,PART_9_36_chat.txt,2,29,2,0,2,2,2,2,100,31
part,9,1,0,36,PART_9_36_chat.txt,2,27,2,0,2,2,2,2,100,24
part,9,1,0,36,PART_9_36_chat.txt,2,6,2,0,2,2,2,2,100,18
part,9,1,0,36,PART_9_36_chat.txt,2,15,2,0,2,2,2,2,100,18
part,9,1,0,36,PART_9_36_chat.txt,2,14,2,0,2,2,2,2,100,26
part,9,1,0,36,PART_9_36_chat.txt,2,9,2,0,2,2,2,2,100,23
part,9,1,0,36,PART_9_36_chat.txt,2,12,2,0,1,2,2,2,100,24
part,9,1,0,36,PART_9_36_chat.txt,2,28,2,0,1,2,2,2,100,27
part,9,1,0,36,PART_9_36_chat.txt,2,25,3,3,1,1,1,1,150,22
part,9,1,0,36,PART_9_36_chat.txt,2,33,3,0,2,1,1,1,100,30
part,9,1,0,36,PART_9_36_chat.txt,2,23,3,3,1,1,1,1,150,20
part,9,1,0,36,PART_9_36_chat.txt,2,16,3,0,1,1,1,1,100,25
part,9,1,0,36,PART_9_36_chat.txt,2,26,3,0,2,1,1,1,100,23
part,9,1,0,36,PART_9_36_chat.txt,2,17,3,3,1,1,1,1,150,30
part,9,1,0,36,PART_9_36_chat.txt,2,18,3,0,1,1,1,1,100,23
part,9,1,0,36,PART_9_36_chat.txt,2,8,3,0,2,1,1,1,100,25
part,9,1,0,36,PART_9_36_chat.txt,2,19,3,0,1,1,1,1,100,21
part,9,1,0,36,PART_9_36_chat.txt,2,4,4,3,1,1,1,1,150,28
part,9,1,0,36,PART_9_36_chat.txt,2,3,4,0,1,1,1,1,100,15
part,9,1,0,36,PART_9_36_chat.txt,2,36,4,3,2,1,1,1,150,29
part,9,1,0,36,PART_9_36_chat.txt,2,7,4,0,1,1,1,1,100,30
part,9,1,0,36,PART_9_36_chat.txt,2,2,4,3,1,1,1,1,150,14
part,9,1,0,36,PART_9_36_chat.txt,2,32,4,0,1,1,1,1,100,29
part,9,1,0,36,PART_9_36_chat.txt,2,13,4,0,1,1,1,1,100,18
part,9,1,0,36,PART_9_36_chat.txt,2,31,4,0,1,1,1,1,100,28
part,9,1,0,36,PART_9_36_chat.txt,2,22,4,0,1,1,1,1,100,25
part,9,1,0,36,PART_9_36_chat.txt,3,15,1,0,2,2,2,2,100,18
part,9,1,0,36,PART_9_36_chat.txt,3,34,1,0,1,2,2,2,100,19
part,9,1,0,36,PART_9_36_chat.txt,3,31,1,0,2,2,2,2,100,18
part,9,1,0,36,PART_9_36_chat.txt,3,24,1,3,2,2,2,2,25,19
part,9,1,0,36,PART_9_36_chat.txt,3,14,1,0,2,2,2,2,100,22
part,9,1,0,36,PART_9_36_chat.txt,3,20,1,0,2,2,2,2,100,17
part,9,1,0,36,PART_9_36_chat.txt,3,4,1,3,1,2,2,2,25,19
part,9,1,0,36,PART_9_36_chat.txt,3,30,1,0,2,2,2,2,100,23
part,9,1,0,36,PART_9_36_chat.txt,3,6,1,0,2,2,2,2,100,25
part,9,1,0,36,PART_9_36_chat.txt,3,12,2,0,1,1,1,1,100,27
part,9,1,0,36,PART_9_36_chat.txt,3,8,2,3,2,1,1,1,150,27
part,9,1,0,36,PART_9_36_chat.txt,3,5,2,3,1,1,1,1,150,27
part,9,1,0,36,PART_9_36_chat.txt,3,32,2,0,1,1,1,1,100,28
part,9,1,0,36,PART_9_36_chat.txt,3,22,2,3,1,1,1,1,150,26
part,9,1,0,36,PART_9_36_chat.txt,3,27,2,3,2,1,1,1,150,31
part,9,1,0,36,PART_9_36_chat.txt,3,16,2,0,1,1,1,1,100,29
part,9,1,0,36,PART_9_36_chat.txt,3,10,2,0,2,1,1,1,100,28
part,9,1,0,36,PART_9_36_chat.txt,3,23,2,0,1,1,1,1,100,25
part,9,1,0,36,PART_9_36_chat.txt,3,7,3,0,2,1,1,1,100,24
part,9,1,0,36,PART_9_36_chat.txt,3,33,3,0,1,1,1,1,100,20
part,9,1,0,36,PART_9_36_chat.txt,3,21,3,3,1,1,1,1,150,20
part,9,1,0,36,PART_9_36_chat.txt,3,3,3,0,1,1,1,1,100,12
part,9,1,0,36,PART_9_36_chat.txt,3,26,3,0,1,1,1,1,100,20
part,9,1,0,36,PART_9_36_chat.txt,3,35,3,3,1,1,1,1,150,26
part,9,1,0,36,PART_9_36_chat.txt,3,25,3,3,1,1,1,1,150,16
part,9,1,0,36,PART_9_36_chat.txt,3,18,3,0,1,1,1,1,100,20
part,9,1,0,36,PART_9_36_chat.txt,3,13,3,0,1,1,1,1,100,29
part,9,1,0,36,PART_9_36_chat.txt,3,9,4,0,1,1,1,2,10,18
part,9,1,0,36,PART_9_36_chat.txt,3,36,4,0,2,1,1,2,10,15
part,9,1,0,36,PART_9_36_chat.txt,3,1,4,0,2,1,1,2,10,16
part,9,1,0,36,PART_9_36_chat.txt,3,17,4,3,1,1,1,2,50,19
part,9,1,0,36,PART_9_36_chat.txt,3,28,4,0,2,1,1,2,10,39
part,9,1,0,36,PART_9_36_chat.txt,3,19,4,0,1,1,1,2,10,13
part,9,1,0,36,PART_9_36_chat.txt,3,29,4,0,1,1,1,2,10,26
part,9,1,0,36,PART_9_36_chat.txt,3,11,4,0,2,1,1,2,10,17
part,9,1,0,36,PART_9_36_chat.txt,3,2,4,0,2,1,1,2,10,10
part,9,1,0,36,PART_9_36_chat.txt,4,7,1,0,2,2,2,1,10,33
part,9,1,0,36,PART_9_36_chat.txt,4,23,1,0,2,2,2,1,10,30
part,9,1,0,36,PART_9_36_chat.txt,4,10,1,0,1,2,2,1,10,29
part,9,1,0,36,PART_9_36_chat.txt,4,6,1,0,1,1,2,1,10,42
part,9,1,0,36,PART_9_36_chat.txt,4,34,1,0,1,2,2,1,10,35
part,9,1,0,36,PART_9_36_chat.txt,4,32,1,0,1,2,2,1,10,32
part,9,1,0,36,PART_9_36_chat.txt,4,15,1,3,2,2,2,1,10,27
part,9,1,0,36,PART_9_36_chat.txt,4,9,1,0,2,2,2,1,10,31
part,9,1,0,36,PART_9_36_chat.txt,4,25,1,0,2,2,2,1,10,33
part,9,1,0,36,PART_9_36_chat.txt,4,30,2,0,1,1,2,1,10,16
part,9,1,0,36,PART_9_36_chat.txt,4,17,2,0,1,1,2,1,10,14
part,9,1,0,36,PART_9_36_chat.txt,4,4,2,0,1,1,2,1,10,15
part,9,1,0,36,PART_9_36_chat.txt,4,29,2,0,1,2,2,1,10,33
part,9,1,0,36,PART_9_36_chat.txt,4,18,2,0,1,1,2,1,10,15
part,9,1,0,36,PART_9_36_chat.txt,4,21,2,0,1,1,2,1,10,13
part,9,1,0,36,PART_9_36_chat.txt,4,3,2,0,1,1,2,1,10,12
part,9,1,0,36,PART_9_36_chat.txt,4,20,2,0,1,1,2,1,10,12
part,9,1,0,36,PART_9_36_chat.txt,4,2,2,0,1,1,2,1,10,34
part,9,1,0,36,PART_9_36_chat.txt,4,19,3,0,2,2,2,2,100,13
part,9,1,0,36,PART_9_36_chat.txt,4,27,3,0,1,2,2,2,100,27
part,9,1,0,36,PART_9_36_chat.txt,4,35,3,0,2,2,2,2,100,22
part,9,1,0,36,PART_9_36_chat.txt,4,1,3,0,2,2,2,2,100,20
part,9,1,0,36,PART_9_36_chat.txt,4,24,3,0,2,2,2,2,100,21
part,9,1,0,36,PART_9_36_chat.txt,4,11,3,0,2,2,2,2,100,14
part,9,1,0,36,PART_9_36_chat.txt,4,5,3,0,2,2,2,2,100,13
part,9,1,0,36,PART_9_36_chat.txt,4,14,3,0,2,2,2,2,100,21
part,9,1,0,36,PART_9_36_chat.txt,4,13,3,0,1,2,2,2,100,17
part,9,1,0,36,PART_9_36_chat.txt,4,28,4,0,2,2,2,2,100,42
part,9,1,0,36,PART_9_36_chat.txt,4,26,4,0,2,1,2,2,100,77
part,9,1,0,36,PART_9_36_chat.txt,4,12,4,0,2,1,2,2,100,23
part,9,1,0,36,PART_9_36_chat.txt,4,31,4,0,1,2,2,2,100,38
part,9,1,0,36,PART_9_36_chat.txt,4,8,4,3,1,2,2,2,25,62
part,9,1,0,36,PART_9_36_chat.txt,4,22,4,0,2,2,2,2,100,58
part,9,1,0,36,PART_9_36_chat.txt,4,36,4,3,2,2,2,2,25,44
part,9,1,0,36,PART_9_36_chat.txt,4,16,4,0,2,2,2,2,100,46
part,9,1,0,36,PART_9_36_chat.txt,4,33,4,0,2,2,2,2,100,31
part,9,1,0,36,PART_9_36_chat.txt,5,35,1,0,2,2,2,2,100,31
part,9,1,0,36,PART_9_36_chat.txt,5,16,1,0,1,2,2,2,100,36
part,9,1,0,36,PART_9_36_chat.txt,5,31,1,0,1,2,2,2,100,30
part,9,1,0,36,PART_9_36_chat.txt,5,11,1,0,2,2,2,2,100,19
part,9,1,0,36,PART_9_36_chat.txt,5,15,1,0,2,2,2,2,100,16
part,9,1,0,36,PART_9_36_chat.txt,5,18,1,0,1,2,2,2,100,31
part,9,1,0,36,PART_9_36_chat.txt,5,34,1,0,2,2,2,2,100,23
part,9,1,0,36,PART_9_36_chat.txt,5,5,1,0,2,2,2,2,100,32
part,9,1,0,36,PART_9_36_chat.txt,5,13,1,0,1,2,2,2,100,29
part,9,1,0,36,PART_9_36_chat.txt,5,25,2,0,1,2,2,2,100,11
part,9,1,0,36,PART_9_36_chat.txt,5,14,2,0,2,2,2,2,100,19
part,9,1,0,36,PART_9_36_chat.txt,5,9,2,0,2,2,2,2,100,12
part,9,1,0,36,PART_9_36_chat.txt,5,22,2,0,1,2,2,2,100,17
part,9,1,0,36,PART_9_36_chat.txt,5,4,2,3,2,2,2,2,25,15
part,9,1,0,36,PART_9_36_chat.txt,5,26,2,0,1,1,2,2,100,61
part,9,1,0,36,PART_9_36_chat.txt,5,27,2,0,2,2,2,2,100,19
part,9,1,0,36,PART_9_36_chat.txt,5,33,2,0,2,2,2,2,100,13
part,9,1,0,36,PART_9_36_chat.txt,5,17,2,0,2,2,2,2,100,17
part,9,1,0,36,PART_9_36_chat.txt,5,28,3,0,1,1,1,1,100,39
part,9,1,0,36,PART_9_36_chat.txt,5,36,3,0,1,1,1,1,100,31
part,9,1,0,36,PART_9_36_chat.txt,5,24,3,0,1,1,1,1,100,42
part,9,1,0,36,PART_9_36_chat.txt,5,21,3,0,1,1,1,1,100,29
part,9,1,0,36,PART_9_36_chat.txt,5,10,3,0,2,1,1,1,100,41
part,9,1,0,36,PART_9_36_chat.txt,5,12,3,0,1,1,1,1,100,31
part,9,1,0,36,PART_9_36_chat.txt,5,20,3,0,1,1,1,1,100,31
part,9,1,0,36,PART_9_36_chat.txt,5,3,3,0,2,1,1,1,100,27
part,9,1,0,36,PART_9_36_chat.txt,5,1,3,0,2,1,1,1,100,32
part,9,1,0,36,PART_9_36_chat.txt,5,7,4,0,1,2,2,1,10,59
part,9,1,0,36,PART_9_36_chat.txt,5,8,4,0,2,2,2,1,10,83
part,9,1,0,36,PART_9_36_chat.txt,5,19,4,0,2,2,2,1,10,49
part,9,1,0,36,PART_9_36_chat.txt,5,6,4,0,2,1,2,1,10,64
part,9,1,0,36,PART_9_36_chat.txt,5,30,4,3,1,2,2,1,10,64
part,9,1,0,36,PART_9_36_chat.txt,5,32,4,0,2,2,2,1,10,59
part,9,1,0,36,PART_9_36_chat.txt,5,23,4,0,1,2,2,1,10,37
part,9,1,0,36,PART_9_36_chat.txt,5,29,4,0,2,2,2,1,10,62
part,9,1,0,36,PART_9_36_chat.txt,5,2,4,0,1,1,2,1,10,72
part,9,1,0,36,PART_9_36_chat.txt,6,24,1,0,2,2,2,2,100,14
part,9,1,0,36,PART_9_36_chat.txt,6,25,1,0,2,2,2,2,100,13
part,9,1,0,36,PART_9_36_chat.txt,6,32,1,0,2,2,2,2,100,22
part,9,1,0,36,PART_9_36_chat.txt,6,18,1,0,2,2,2,2,100,16
part,9,1,0,36,PART_9_36_chat.txt,6,36,1,0,1,2,2,2,100,23
part,9,1,0,36,PART_9_36_chat.txt,6,19,1,0,2,2,2,2,100,12
part,9,1,0,36,PART_9_36_chat.txt,6,3,1,0,2,2,2,2,100,13
part,9,1,0,36,PART_9_36_chat.txt,6,12,1,0,1,2,2,2,100,13
part,9,1,0,36,PART_9_36_chat.txt,6,31,1,0,1,2,2,2,100,22
part,9,1,0,36,PART_9_36_chat.txt,6,13,2,3,1,1,1,1,150,15
part,9,1,0,36,PART_9_36_chat.txt,6,35,2,3,2,1,1,1,150,29
part,9,1,0,36,PART_9_36_chat.txt,6,21,2,0,1,1,1,1,100,15
part,9,1,0,36,PART_9_36_chat.txt,6,22,2,0,2,1,1,1,100,17
part,9,1,0,36,PART_9_36_chat.txt,6,17,2,0,1,1,1,1,100,26
part,9,1,0,36,PART_9_36_chat.txt,6,28,2,3,1,1,1,1,150,16
part,9,1,0,36,PART_9_36_chat.txt,6,16,2,0,1,1,1,1,100,18
part,9,1,0,36,PART_9_36_chat.txt,6,29,2,0,1,1,1,1,100,13
part,9,1,0,36,PART_9_36_chat.txt,6,27,2,0,1,1,1,1,100,18
part,9,1,0,36,PART_9_36_chat.txt,6,14,3,0,2,1,1,1,100,25
part,9,1,0,36,PART_9_36_chat.txt,6,6,3,0,1,1,1,1,100,25
part,9,1,0,36,PART_9_36_chat.txt,6,30,3,0,1,1,1,1,100,37
part,9,1,0,36,PART_9_36_chat.txt,6,34,3,0,1,1,1,1,100,23
part,9,1,0,36,PART_9_36_chat.txt,6,4,3,0,2,1,1,1,100,29
part,9,1,0,36,PART_9_36_chat.txt,6,33,3,0,1,1,1,1,100,23
part,9,1,0,36,PART_9_36_chat.txt,6,20,3,0,2,1,1,1,100,23
part,9,1,0,36,PART_9_36_chat.txt,6,7,3,0,2,1,1,1,100,22
part,9,1,0,36,PART_9_36_chat.txt,6,8,3,0,2,1,1,1,100,66
part,9,1,0,36,PART_9_36_chat.txt,6,9,4,0,1,1,1,1,100,38
part,9,1,0,36,PART_9_36_chat.txt,6,23,4,0,1,1,1,1,100,34
part,9,1,0,36,PART_9_36_chat.txt,6,1,4,0,2,1,1,1,100,39
part,9,1,0,36,PART_9_36_chat.txt,6,10,4,3,2,1,1,1,150,47
part,9,1,0,36,PART_9_36_chat.txt,6,2,4,0,2,1,1,1,100,24
part,9,1,0,36,PART_9_36_chat.txt,6,11,4,3,1,1,1,1,150,38
part,9,1,0,36,PART_9_36_chat.txt,6,15,4,0,2,1,1,1,100,50
part,9,1,0,36,PART_9_36_chat.txt,6,5,4,0,1,1,1,1,100,36
part,9,1,0,36,PART_9_36_chat.txt,6,26,4,3,2,1,1,1,150,47
part,9,1,0,36,PART_9_36_chat.txt,7,18,1,0,1,1,1,1,100,18
part,9,1,0,36,PART_9_36_chat.txt,7,30,1,0,1,1,1,1,100,31
part,9,1,0,36,PART_9_36_chat.txt,7,11,1,0,1,1,1,1,100,16
part,9,1,0,36,PART_9_36_chat.txt,7,23,1,0,1,1,1,1,100,18
part,9,1,0,36,PART_9_36_chat.txt,7,22,1,0,2,1,1,1,100,17
part,9,1,0,36,PART_9_36_chat.txt,7,4,1,3,1,1,1,1,150,25
part,9,1,0,36,PART_9_36_chat.txt,7,8,1,3,1,1,1,1,150,21
part,9,1,0,36,PART_9_36_chat.txt,7,19,1,3,1,1,1,1,150,13
part,9,1,0,36,PART_9_36_chat.txt,7,6,1,3,1,1,1,1,150,18
part,9,1,0,36,PART_9_36_chat.txt,7,5,2,0,2,2,2,2,100,34
part,9,1,0,36,PART_9_36_chat.txt,7,32,2,0,2,2,2,2,100,27
part,9,1,0,36,PART_9_36_chat.txt,7,34,2,0,1,2,2,2,100,29
part,9,1,0,36,PART_9_36_chat.txt,7,12,2,0,2,2,2,2,100,24
part,9,1,0,36,PART_9_36_chat.txt,7,15,2,3,1,2,2,2,25,23
part,9,1,0,36,PART_9_36_chat.txt,7,1,2,0,2,2,2,2,100,29
part,9,1,0,36,PART_9_36_chat.txt,7,10,2,0,2,2,2,2,100,21
part,9,1,0,36,PART_9_36_chat.txt,7,29,2,0,2,2,2,2,100,31
part,9,1,0,36,PART_9_36_chat.txt,7,24,2,3,2,2,2,2,25,24
part,9,1,0,36,PART_9_36_chat.txt,7,25,3,3,2,2,2,2,25,13
part,9,1,0,36,PART_9_36_chat.txt,7,3,3,0,2,2,2,2,100,12
part,9,1,0,36,PART_9_36_chat.txt,7,14,3,0,2,2,2,2,100,18
part,9,1,0,36,PART_9_36_chat.txt,7,7,3,0,2,2,2,2,100,17
part,9,1,0,36,PART_9_36_chat.txt,7,27,3,0,2,2,2,2,100,14
part,9,1,0,36,PART_9_36_chat.txt,7,31,3,0,1,2,2,2,100,15
part,9,1,0,36,PART_9_36_chat.txt,7,17,3,0,2,2,2,2,100,13
part,9,1,0,36,PART_9_36_chat.txt,7,16,3,0,2,2,2,2,100,14
part,9,1,0,36,PART_9_36_chat.txt,7,20,3,3,2,2,2,2,25,11
part,9,1,0,36,PART_9_36_chat.txt,7,35,4,0,1,1,1,1,100,17
part,9,1,0,36,PART_9_36_chat.txt,7,33,4,0,1,1,1,1,100,13
part,9,1,0,36,PART_9_36_chat.txt,7,28,4,3,1,1,1,1,150,14
part,9,1,0,36,PART_9_36_chat.txt,7,21,4,0,1,1,1,1,100,13
part,9,1,0,36,PART_9_36_chat.txt,7,9,4,0,2,1,1,1,100,20
part,9,1,0,36,PART_9_36_chat.txt,7,13,4,0,1,1,1,1,100,15
part,9,1,0,36,PART_9_36_chat.txt,7,26,4,0,1,1,1,1,100,21
part,9,1,0,36,PART_9_36_chat.txt,7,2,4,0,1,1,1,1,100,11
part,9,1,0,36,PART_9_36_chat.txt,7,36,4,0,1,1,1,1,100,13
part,9,1,0,36,PART_9_36_chat.txt,8,13,1,0,1,1,1,1,100,21
part,9,1,0,36,PART_9_36_chat.txt,8,27,1,0,1,1,1,1,100,22
part,9,1,0,36,PART_9_36_chat.txt,8,30,1,0,1,1,1,1,100,50
part,9,1,0,36,PART_9_36_chat.txt,8,3,1,0,1,1,1,1,100,17
part,9,1,0,36,PART_9_36_chat.txt,8,8,1,0,1,1,1,1,100,28
part,9,1,0,36,PART_9_36_chat.txt,8,24,1,0,2,1,1,1,100,27
part,9,1,0,36,PART_9_36_chat.txt,8,33,1,0,1,1,1,1,100,21
part,9,1,0,36,PART_9_36_chat.txt,8,10,1,0,2,1,1,1,100,25
part,9,1,0,36,PART_9_36_chat.txt,8,35,1,0,1,1,1,1,100,30
part,9,1,0,36,PART_9_36_chat.txt,8,22,2,0,1,1,1,1,100,13
part,9,1,0,36,PART_9_36_chat.txt,8,32,2,0,1,1,1,1,100,15
part,9,1,0,36,PART_9_36_chat.txt,8,14,2,0,1,1,1,1,100,14
part,9,1,0,36,PART_9_36_chat.txt,8,20,2,3,1,1,1,1,150,13
part,9,1,0,36,PART_9_36_chat.txt,8,7,2,0,1,1,1,1,100,16
part,9,1,0,36,PART_9_36_chat.txt,8,4,2,0,2,1,1,1,100,15
part,9,1,0,36,PART_9_36_chat.txt,8,2,2,3,1,1,1,1,150,13
part,9,1,0,36,PART_9_36_chat.txt,8,19,2,3,1,1,1,1,150,11
part,9,1,0,36,PART_9_36_chat.txt,8,11,2,0,1,1,1,1,100,13
part,9,1,0,36,PART_9_36_chat.txt,8,12,3,0,2,2,2,2,100,22
part,9,1,0,36,PART_9_36_chat.txt,8,16,3,0,1,2,2,2,100,28
part,9,1,0,36,PART_9_36_chat.txt,8,5,3,0,2,2,2,2,100,31
part,9,1,0,36,PART_9_36_chat.txt,8,6,3,0,1,2,2,2,100,25
part,9,1,0,36,PART_9_36_chat.txt,8,21,3,0,1,2,2,2,100,16
part,9,1,0,36,PART_9_36_chat.txt,8,25,3,0,2,2,2,2,100,17
part,9,1,0,36,PART_9_36_chat.txt,8,34,3,0,2,2,2,2,100,24
part,9,1,0,36,PART_9_36_chat.txt,8,28,3,0,2,2,2,2,100,29
part,9,1,0,36,PART_9_36_chat.txt,8,1,3,3,2,2,2,2,25,32
part,9,1,0,36,PART_9_36_chat.txt,8,17,4,0,2,2,2,2,100,18
part,9,1,0,36,PART_9_36_chat.txt,8,9,4,0,2,2,2,2,100,17
part,9,1,0,36,PART_9_36_chat.txt,8,29,4,0,2,2,2,2,100,66
part,9,1,0,36,PART_9_36_chat.txt,8,18,4,0,1,2,2,2,100,17
part,9,1,0,36,PART_9_36_chat.txt,8,15,4,0,1,2,2,2,100,18
part,9,1,0,36,PART_9_36_chat.txt,8,36,4,0,1,2,2,2,100,18
part,9,1,0,36,PART_9_36_chat.txt,8,31,4,0,2,2,2,2,100,24
part,9,1,0,36,PART_9_36_chat.txt,8,23,4,0,2,2,2,2,100,18
part,9,1,0,36,PART_9_36_chat.txt,8,26,4,0,1,1,2,2,100,69
part,9,1,0,36,PART_9_36_chat.txt,9,17,1,0,1,1,1,1,100,17
part,9,1,0,36,PART_9_36_chat.txt,9,10,1,0,1,1,1,1,100,14
part,9,1,0,36,PART_9_36_chat.txt,9,3,1,0,1,1,1,1,100,8
part,9,1,0,36,PART_9_36_chat.txt,9,32,1,0,2,1,1,1,100,16
part,9,1,0,36,PART_9_36_chat.txt,9,25,1,0,1,1,1,1,100,12
part,9,1,0,36,PART_9_36_chat.txt,9,24,1,0,1,1,1,1,100,15
part,9,1,0,36,PART_9_36_chat.txt,9,4,1,0,1,1,1,1,100,20
part,9,1,0,36,PART_9_36_chat.txt,9,31,1,0,2,1,1,1,100,18
part,9,1,0,36,PART_9_36_chat.txt,9,28,1,0,1,1,1,1,100,19
part,9,1,0,36,PART_9_36_chat.txt,9,1,2,0,1,1,1,1,100,32
part,9,1,0,36,PART_9_36_chat.txt,9,30,2,0,2,1,1,1,100,50
part,9,1,0,36,PART_9_36_chat.txt,9,9,2,0,2,1,1,1,100,21
part,9,1,0,36,PART_9_36_chat.txt,9,11,2,0,2,1,1,1,100,20
part,9,1,0,36,PART_9_36_chat.txt,9,29,2,0,1,1,1,1,100,45
part,9,1,0,36,PART_9_36_chat.txt,9,26,2,3,1,1,1,1,150,41
part,9,1,0,36,PART_9_36_chat.txt,9,12,2,0,1,1,1,1,100,23
part,9,1,0,36,PART_9_36_chat.txt,9,14,2,0,1,1,1,1,100,23
part,9,1,0,36,PART_9_36_chat.txt,9,27,2,0,1,1,1,1,100,32
part,9,1,0,36,PART_9_36_chat.txt,9,33,3,3,2,1,2,2,25,78
part,9,1,0,36,PART_9_36_chat.txt,9,7,3,0,2,1,2,2,100,59
part,9,1,0,36,PART_9_36_chat.txt,9,15,3,0,1,1,2,2,100,104
part,9,1,0,36,PART_9_36_chat.txt,9,23,3,0,2,1,2,2,100,80
part,9,1,0,36,PART_9_36_chat.txt,9,13,3,0,1,1,2,2,100,68
part,9,1,0,36,PART_9_36_chat.txt,9,19,3,0,2,1,2,2,100,39
part,9,1,0,36,PART_9_36_chat.txt,9,16,3,0,1,1,2,2,100,87
part,9,1,0,36,PART_9_36_chat.txt,9,35,3,0,2,2,2,2,100,107
part,9,1,0,36,PART_9_36_chat.txt,9,20,3,0,1,1,2,2,100,38
part,9,1,0,36,PART_9_36_chat.txt,9,6,4,3,1,1,1,1,150,35
part,9,1,0,36,PART_9_36_chat.txt,9,2,4,3,1,1,1,1,150,21
part,9,1,0,36,PART_9_36_chat.txt,9,21,4,0,2,1,1,1,100,21
part,9,1,0,36,PART_9_36_chat.txt,9,18,4,0,2,1,1,1,100,28
part,9,1,0,36,PART_9_36_chat.txt,9,34,4,3,2,1,1,1,150,28
part,9,1,0,36,PART_9_36_chat.txt,9,5,4,3,2,1,1,1,150,23
part,9,1,0,36,PART_9_36_chat.txt,9,22,4,3,1,1,1,1,150,18
part,9,1,0,36,PART_9_36_chat.txt,9,8,4,0,1,1,1,1,100,37
part,9,1,0,36,PART_9_36_chat.txt,9,36,4,0,1,1,1,1,100,19
part,9,0,0,36,PART_9_36_nochat.txt,1,5,1,0,2,1,2,2,100,12
part,9,0,0,36,PART_9_36_nochat.txt,1,27,1,0,1,1,2,2,100,33
part,9,0,0,36,PART_9_36_nochat.txt,1,20,1,0,2,2,2,2,100,21
part,9,0,0,36,PART_9_36_nochat.txt,1,13,1,0,2,2,2,2,100,44
part,9,0,0,36,PART_9_36_nochat.txt,1,24,1,0,1,2,2,2,100,21
part,9,0,0,36,PART_9_36_nochat.txt,1,33,1,3,2,1,2,2,25,58
part,9,0,0,36,PART_9_36_nochat.txt,1,17,1,0,2,2,2,2,100,13
part,9,0,0,36,PART_9_36_nochat.txt,1,7,1,0,2,2,2,2,100,30
part,9,0,0,36,PART_9_36_nochat.txt,1,31,1,3,2,2,2,2,25,50
part,9,0,0,36,PART_9_36_nochat.txt,1,6,2,0,2,1,2,2,100,11
part,9,0,0,36,PART_9_36_nochat.txt,1,10,2,3,2,2,2,2,25,26
part,9,0,0,36,PART_9_36_nochat.txt,1,1,2,0,2,2,2,2,100,22
part,9,0,0,36,PART_9_36_nochat.txt,1,4,2,0,2,1,2,2,100,14
part,9,0,0,36,PART_9_36_nochat.txt,1,18,2,0,1,1,2,2,100,23
part,9,0,0,36,PART_9_36_nochat.txt,1,36,2,3,1,1,2,2,25,8
part,9,0,0,36,PART_9_36_nochat.txt,1,26,2,0,2,2,2,2,100,31
part,9,0,0,36,PART_9_36_nochat.txt,1,8,2,0,2,2,2,2,100,15
part,9,0,0,36,PART_9_36_nochat.txt,1,25,2,0,2,2,2,2,100,39
part,9,0,0,36,PART_9_36_nochat.txt,1,11,3,3,2,2,2,2,25,62
part,9,0,0,36,PART_9_36_nochat.txt,1,23,3,0,2,1,2,2,100,22
part,9,0,0,36,PART_9_36_nochat.txt,1,35,3,0,2,2,2,2,100,20
part,9,0,0,36,PART_9_36_nochat.txt,1,19,3,3,1,1,2,2,25,43
part,9,0,0,36,PART_9_36_nochat.txt,1,28,3,0,2,1,2,2,100,45
part,9,0,0,36,PART_9_36_nochat.txt,1,15,3,0,2,1,2,2,100,18
part,9,0,0,36,PART_9_36_nochat.txt,1,16,3,0,1,2,2,2,100,46
part,9,0,0,36,PART_9_36_nochat.txt,1,22,3,0,2,2,2,2,100,29
part,9,0,0,36,PART_9_36_nochat.txt,1,34,3,0,1,1,2,2,100,13
part,9,0,0,36,PART_9_36_nochat.txt,1,29,4,0,2,2,2,1,10,20
part,9,0,0,36,PART_9_36_nochat.txt,1,14,4,0,1,1,2,1,10,11
part,9,0,0,36,PART_9_36_nochat.txt,1,2,4,0,2,2,2,1,10,44
part,9,0,0,36,PART_9_36_nochat.txt,1,3,4,0,2,2,2,1,10,25
part,9,0,0,36,PART_9_36_nochat.txt,1,9,4,0,2,2,2,1,10,19
part,9,0,0,36,PART_9_36_nochat.txt,1,32,4,0,1,1,2,1,10,65
part,9,0,0,36,PART_9_36_nochat.txt,1,12,4,0,2,2,2,1,10,25
part,9,0,0,36,PART_9_36_nochat.txt,1,21,4,0,2,2,2,1,10,72
part,9,0,0,36,PART_9_36_nochat.txt,1,30,4,0,1,1,2,1,10,24
part,9,0,0,36,PART_9_36_nochat.txt,2,21,1,3,1,1,2,1,10,105
part,9,0,0,36,PART_9_36_nochat.txt,2,34,1,3,2,1,2,1,10,29
part,9,0,0,36,PART_9_36_nochat.txt,2,11,1,0,1,2,2,1,10,90
part,9,0,0,36,PART_9_36_nochat.txt,2,24,1,3,1,1,2,1,10,13
part,9,0,0,36,PART_9_36_nochat.txt,2,10,1,0,2,1,2,1,10,5
part,9,0,0,36,PART_9_36_nochat.txt,2,20,1,0,1,1,2,1,10,5
part,9,0,0,36,PART_9_36_nochat.txt,2,1,1,3,1,2,2,1,10,6
part,9,0,0,36,PART_9_36_nochat.txt,2,35,1,0,1,2,2,1,10,16
part,9,0,0,36,PART_9_36_nochat.txt,2,30,1,3,2,2,2,1,10,32
part,9,0,0,36,PART_9_36_nochat.txt,2,5,2,0,2,1,2,2,100,5
part,9,0,0,36,PART_9_36_nochat.txt,2,29,2,0,2,2,2,2,100,27
part,9,0,0,36,PART_9_36_nochat.txt,2,27,2,0,2,2,2,2,100,54
part,9,0,0,36,PART_9_36_nochat.txt,2,6,2,0,2,2,2,2,100,9
part,9,0,0,36,PART_9_36_nochat.txt,2,15,2,0,2,1,2,2,100,6
part,9,0,0,36,PART_9_36_nochat.txt,2,14,2,0,2,2,2,2,100,11
part,9,0,0,36,PART_9_36_nochat.txt,2,9,2,0,1,1,2,2,100,21
part,9,0,0,36,PART_9_36_nochat.txt,2,12,2,3,1,1,2,2,25,14
part,9,0,0,36,PART_9_36_nochat.txt,2,28,2,0,2,1,2,2,100,13
part,9,0,0,36,PART_9_36_nochat.txt,2,25,3,0,2,2,2,2,100,11
part,9,0,0,36,PART_9_36_nochat.txt,2,33,3,0,2,2,2,2,100,38
part,9,0,0,36,PART_9_36_nochat.txt,2,23,3,0,2,2,2,2,100,21
part,9,0,0,36,PART_9_36_nochat.txt,2,16,3,0,2,2,2,2,100,37
part,9,0,0,36,PART_9_36_nochat.txt,2,26,3,0,2,2,2,2,100,5
part,9,0,0,36,PART_9_36_nochat.txt,2,17,3,0,2,2,2,2,100,6
part,9,0,0,36,PART_9_36_nochat.txt,2,18,3,3,1,1,2,2,25,14
part,9,0,0,36,PART_9_36_nochat.txt,2,8,3,0,2,2,2,2,100,4
part,9,0,0,36,PART_9_36_nochat.txt,2,19,3,0,1,1,2,2,100,37
part,9,0,0,36,PART_9_36_nochat.txt,2,4,4,0,2,2,2,2,100,5
part,9,0,0,36,PART_9_36_nochat.txt,2,3,4,0,2,2,2,2,100,22
part,9,0,0,36,PART_9_36_nochat.txt,2,36,4,0,2,2,2,2,100,7
part,9,0,0,36,PART_9_36_nochat.txt,2,7,4,0,1,1,2,2,100,35
part,9,0,0,36,PART_9_36_nochat.txt,2,2,4,0,1,1,2,2,100,37
part,9,0,0,36,PART_9_36_nochat.txt,2,32,4,0,2,2,2,2,100,17
part,9,0,0,36,PART_9_36_nochat.txt,2,13,4,0,1,1,2,2,100,21
part,9,0,0,36,PART_9_36_nochat.txt,2,31,4,0,2,2,2,2,100,18
part,9,0,0,36,PART_9_36_nochat.txt,2,22,4,0,1,2,2,2,100,17
part,9,0,0,36,PART_9_36_nochat.txt,3,15,1,0,2,2,2,1,10,4
part,9,0,0,36,PART_9_36_nochat.txt,3,34,1,0,1,1,2,1,10,12
part,9,0,0,36,PART_9_36_nochat.txt,3,31,1,0,2,2,2,1,10,7
part,9,0,0,36,PART_9_36_nochat.txt,3,24,1,0,1,1,2,1,10,21
part,9,0,0,36,PART_9_36_nochat.txt,3,14,1,0,1,1,2,1,10,3
part,9,0,0,36,PART_9_36_nochat.txt,3,20,1,0,1,1,2,1,10,12
part,9,0,0,36,PART_9_36_nochat.txt,3,4,1,3,1,2,2,1,10,5
part,9,0,0,36,PART_9_36_nochat.txt,3,30,1,0,1,1,2,1,10,38
part,9,0,0,36,PART_9_36_nochat.txt,3,6,1,0,1,1,2,1,10,7
part,9,0,0,36,PART_9_36_nochat.txt,3,12,2,0,1,1,2,1,10,9
part,9,0,0,36,PART_9_36_nochat.txt,3,8,2,3,1,1,2,1,10,3
part,9,0,0,36,PART_9_36_nochat.txt,3,5,2,0,2,1,2,1,10,3
part,9,0,0,36,PART_9_36_nochat.txt,3,32,2,0,1,2,2,1,10,33
part,9,0,0,36,PART_9_36_nochat.txt,3,22,2,0,2,1,2,1,10,8
part,9,0,0,36,PART_9_36_nochat.txt,3,27,2,0,1,2,2,1,10,72
part,9,0,0,36,PART_9_36_nochat.txt,3,16,2,0,1,1,2,1,10,22
part,9,0,0,36,PART_9_36_nochat.txt,3,10,2,0,1,1,2,1,10,17
part,9,0,0,36,PART_9_36_nochat.txt,3,23,2,3,2,1,2,1,10,9
part,9,0,0,36,PART_9_36_nochat.txt,3,7,3,0,1,1,2,1,10,28
part,9,0,0,36,PART_9_36_nochat.txt,3,33,3,0,1,1,2,1,10,20
part,9,0,0,36,PART_9_36_nochat.txt,3,21,3,0,1,1,2,1,10,62
part,9,0,0,36,PART_9_36_nochat.txt,3,3,3,0,1,1,2,1,10,3
part,9,0,0,36,PART_9_36_nochat.txt,3,26,3,0,1,1,2,1,10,7
part,9,0,0,36,PART_9_36_nochat.txt,3,35,3,0,1,1,2,1,10,26
part,9,0,0,36,PART_9_36_nochat.txt,3,25,3,0,2,2,2,1,10,12
part,9,0,0,36,PART_9_36_nochat.txt,3,18,3,3,1,1,2,1,10,10
part,9,0,0,36,PART_9_36_nochat.txt,3,13,3,0,1,1,2,1,10,18
part,9,0,0,36,PART_9_36_nochat.txt,3,9,4,0,2,2,2,2,100,8
part,9,0,0,36,PART_9_36_nochat.txt,3,36,4,0,1,1,2,2,100,10
part,9,0,0,36,PART_9_36_nochat.txt,3,1,4,0,2,1,2,2,100,15
part,9,0,0,36,PART_9_36_nochat.txt,3,17,4,0,2,2,2,2,100,7
part,9,0,0,36,PART_9_36_nochat.txt,3,28,4,0,2,2,2,2,100,8
part,9,0,0,36,PART_9_36_nochat.txt,3,19,4,0,2,2,2,2,100,67
part,9,0,0,36,PART_9_36_nochat.txt,3,29,4,0,2,2,2,2,100,14
part,9,0,0,36,PART_9_36_nochat.txt,3,11,4,0,1,1,2,2,100,33
part,9,0,0,36,PART_9_36_nochat.txt,3,2,4,0,1,2,2,2,100,30
part,9,0,0,36,PART_9_36_nochat.txt,4,7,1,0,2,2,2,1,10,37
part,9,0,0,36,PART_9_36_nochat.txt,4,23,1,0,2,2,2,1,10,39
part,9,0,0,36,PART_9_36_nochat.txt,4,10,1,0,2,1,2,1,10,6
part,9,0,0,36,PART_9_36_nochat.txt,4,6,1,0,1,2,2,1,10,7
part,9,0,0,36,PART_9_36_nochat.txt,4,34,1,0,2,2,2,1,10,8
part,9,0,0,36,PART_9_36_nochat.txt,4,32,1,0,1,1,2,1,10,24
part,9,0,0,36,PART_9_36_nochat.txt,4,15,1,0,2,1,2,1,10,9
part,9,0,0,36,PART_9_36_nochat.txt,4,9,1,0,1,1,2,1,10,7
part,9,0,0,36,PART_9_36_nochat.txt,4,25,1,0,2,2,2,1,10,10
part,9,0,0,36,PART_9_36_nochat.txt,4,30,2,0,2,1,2,1,10,21
part,9,0,0,36,PART_9_36_nochat.txt,4,17,2,0,2,2,2,1,10,15
part,9,0,0,36,PART_9_36_nochat.txt,4,4,2,0,1,1,2,1,10,4
part,9,0,0,36,PART_9_36_nochat.txt,4,29,2,0,1,1,2,1,10,9
part,9,0,0,36,PART_9_36_nochat.txt,4,18,2,0,2,1,2,1,10,30
part,9,0,0,36,PART_9_36_nochat.txt,4,21,2,0,2,1,2,1,10,53
part,9,0,0,36,PART_9_36_nochat.txt,4,3,2,0,1,1,2,1,10,5
part,9,0,0,36,PART_9_36_nochat.txt,4,20,2,0,1,1,2,1,10,5
part,9,0,0,36,PART_9_36_nochat.txt,4,2,2,0,1,1,2,1,10,23
part,9,0,0,36,PART_9_36_nochat.txt,4,19,3,0,2,2,2,2,100,37
part,9,0,0,36,PART_9_36_nochat.txt,4,27,3,3,2,2,2,2,25,49
part,9,0,0,36,PART_9_36_nochat.txt,4,35,3,0,1,1,2,2,100,12
part,9,0,0,36,PART_9_36_nochat.txt,4,1,3,3,1,1,2,2,25,6
part,9,0,0,36,PART_9_36_nochat.txt,4,24,3,0,2,2,2,2,100,4
part,9,0,0,36,PART_9_36_nochat.txt,4,11,3,0,2,2,2,2,100,23
part,9,0,0,36,PART_9_36_nochat.txt,4,5,3,3,2,1,2,2,25,3
part,9,0,0,36,PART_9_36_nochat.txt,4,14,3,0,2,2,2,2,100,5
part,9,0,0,36,PART_9_36_nochat.txt,4,13,3,3,1,2,2,2,25,47
part,9,0,0,36,PART_9_36_nochat.txt,4,28,4,0,1,2,2,1,10,8
part,9,0,0,36,PART_9_36_nochat.txt,4,26,4,0,1,1,2,1,10,7
part,9,0,0,36,PART_9_36_nochat.txt,4,12,4,0,2,1,2,1,10,9
part,9,0,0,36,PART_9_36_nochat.txt,4,31,4,0,1,1,2,1,10,26
part,9,0,0,36,PART_9_36_nochat.txt,4,8,4,0,1,1,2,1,10,3
part,9,0,0,36,PART_9_36_nochat.txt,4,22,4,0,1,1,2,1,10,22
part,9,0,0,36,PART_9_36_nochat.txt,4,36,4,0,2,2,2,1,10,5
part,9,0,0,36,PART_9_36_nochat.txt,4,16,4,0,1,1,2,1,10,45
part,9,0,0,36,PART_9_36_nochat.txt,4,33,4,0,2,2,2,1,10,31
part,9,0,0,36,PART_9_36_nochat.txt,5,35,1,0,1,1,2,1,10,13
part,9,0,0,36,PART_9_36_nochat.txt,5,16,1,3,1,1,2,1,10,36
part,9,0,0,36,PART_9_36_nochat.txt,5,31,1,0,2,2,2,1,10,15
part,9,0,0,36,PART_9_36_nochat.txt,5,11,1,0,2,2,2,1,10,13
part,9,0,0,36,PART_9_36_nochat.txt,5,15,1,0,2,1,2,1,10,4
part,9,0,0,36,PART_9_36_nochat.txt,5,18,1,0,1,1,2,1,10,25
part,9,0,0,36,PART_9_36_nochat.txt,5,34,1,3,2,2,2,1,10,19
part,9,0,0,36,PART_9_36_nochat.txt,5,5,1,0,2,1,2,1,10,3
part,9,0,0,36,PART_9_36_nochat.txt,5,13,1,0,1,2,2,1,10,47
part,9,0,0,36,PART_9_36_nochat.txt,5,25,2,0,2,2,2,2,100,29
part,9,0,0,36,PART_9_36_nochat.txt,5,14,2,0,2,2,2,2,100,5
part,9,0,0,36,PART_9_36_nochat.txt,5,9,2,0,2,2,2,2,100,23
part,9,0,0,36,PART_9_36_nochat.txt,5,22,2,3,2,2,2,2,25,8
part,9,0,0,36,PART_9_36_nochat.txt,5,4,2,0,1,2,2,2,100,17
part,9,0,0,36,PART_9_36_nochat.txt,5,26,2,0,2,2,2,2,100,7
part,9,0,0,36,PART_9_36_nochat.txt,5,27,2,0,1,2,2,2,100,48
part,9,0,0,36,PART_9_36_nochat.txt,5,33,2,0,2,1,2,2,100,26
part,9,0,0,36,PART_9_36_nochat.txt,5,17,2,0,2,2,2,2,100,23
part,9,0,0,36,PART_9_36_nochat.txt,5,28,3,0,2,2,2,2,100,9
part,9,0,0,36,PART_9_36_nochat.txt,5,36,3,0,2,2,2,2,100,24
part,9,0,0,36,PART_9_36_nochat.txt,5,24,3,3,1,2,2,2,25,7
part,9,0,0,36,PART_9_36_nochat.txt,5,21,3,0,2,1,2,2,100,51
part,9,0,0,36,PART_9_36_nochat.txt,5,10,3,0,2,2,2,2,100,17
part,9,0,0,36,PART_9_36_nochat.txt,5,12,3,0,1,1,2,2,100,12
part,9,0,0,36,PART_9_36_nochat.txt,5,20,3,0,2,2,2,2,100,14
part,9,0,0,36,PART_9_36_nochat.txt,5,3,3,0,1,1,2,2,100,9
part,9,0,0,36,PART_9_36_nochat.txt,5,1,3,3,2,2,2,2,25,11
part,9,0,0,36,PART_9_36_nochat.txt,5,7,4,3,2,1,2,2,25,12
part,9,0,0,36,PART_9_36_nochat.txt,5,8,4,0,2,2,2,2,100,3
part,9,0,0,36,PART_9_36_nochat.txt,5,19,4,3,2,2,2,2,25,13
part,9,0,0,36,PART_9_36_nochat.txt,5,6,4,0,1,1,2,2,100,3
part,9,0,0,36,PART_9_36_nochat.txt,5,30,4,0,2,1,2,2,100,20
part,9,0,0,36,PART_9_36_nochat.txt,5,32,4,0,2,2,2,2,100,50
part,9,0,0,36,PART_9_36_nochat.txt,5,23,4,0,1,1,2,2,100,55
part,9,0,0,36,PART_9_36_nochat.txt,5,29,4,0,2,2,2,2,100,33
part,9,0,0,36,PART_9_36_nochat.txt,5,2,4,3,2,2,2,2,25,42
part,9,0,0,36,PART_9_36_nochat.txt,6,24,1,0,1,1,2,2,100,8
part,9,0,0,36,PART_9_36_nochat.txt,6,25,1,0,1,1,2,2,100,6
part,9,0,0,36,PART_9_36_nochat.txt,6,32,1,0,2,2,2,2,100,26
part,9,0,0,36,PART_9_36_nochat.txt,6,18,1,0,2,2,2,2,100,19
part,9,0,0,36,PART_9_36_nochat.txt,6,36,1,0,2,2,2,2,100,8
part,9,0,0,36,PART_9_36_nochat.txt,6,19,1,0,2,2,2,2,100,52
part,9,0,0,36,PART_9_36_nochat.txt,6,3,1,3,2,2,2,2,25,3
part,9,0,0,36,PART_9_36_nochat.txt,6,12,1,0,1,1,2,2,100,3
part,9,0,0,36,PART_9_36_nochat.txt,6,31,1,3,1,1,2,2,25,32
part,9,0,0,36,PART_9_36_nochat.txt,6,13,2,0,1,2,2,2,100,33
part,9,0,0,36,PART_9_36_nochat.txt,6,35,2,3,1,1,2,2,25,10
part,9,0,0,36,PART_9_36_nochat.txt,6,21,2,0,2,1,2,2,100,43
part,9,0,0,36,PART_9_36_nochat.txt,6,22,2,0,1,1,2,2,100,15
part,9,0,0,36,PART_9_36_nochat.txt,6,17,2,0,2,2,2,2,100,25
part,9,0,0,36,PART_9_36_nochat.txt,6,28,2,0,1,1,2,2,100,11
part,9,0,0,36,PART_9_36_nochat.txt,6,16,2,0,2,2,2,2,100,12
part,9,0,0,36,PART_9_36_nochat.txt,6,29,2,0,2,2,2,2,100,14
part,9,0,0,36,PART_9_36_nochat.txt,6,27,2,3,2,1,2,2,25,57
part,9,0,0,36,PART_9_36_nochat.txt,6,14,3,0,2,2,2,1,10,7
part,9,0,0,36,PART_9_36_nochat.txt,6,6,3,0,1,1,2,1,10,12
part,9,0,0,36,PART_9_36_nochat.txt,6,30,3,0,1,2,2,1,10,23
part,9,0,0,36,PART_9_36_nochat.txt,6,34,3,0,1,1,2,1,10,17
part,9,0,0,36,PART_9_36_nochat.txt,6,4,3,0,1,1,2,1,10,9
part,9,0,0,36,PART_9_36_nochat.txt,6,33,3,0,1,1,2,1,10,10
part,9,0,0,36,PART_9_36_nochat.txt,6,20,3,0,1,1,2,1,10,4
part,9,0,0,36,PART_9_36_nochat.txt,6,7,3,0,1,1,2,1,10,15
part,9,0,0,36,PART_9_36_nochat.txt,6,8,3,0,1,1,2,1,10,4
part,9,0,0,36,PART_9_36_nochat.txt,6,9,4,0,2,2,2,2,100,12
part,9,0,0,36,PART_9_36_nochat.txt,6,23,4,0,1,1,2,2,100,30
part,9,0,0,36,PART_9_36_nochat.txt,6,1,4,0,1,1,2,2,100,10
part,9,0,0,36,PART_9_36_nochat.txt,6,10,4,0,2,2,2,2,100,20
part,9,0,0,36,PART_9_36_nochat.txt,6,2,4,0,2,1,2,2,100,60
part,9,0,0,36,PART_9_36_nochat.txt,6,11,4,0,1,2,2,2,100,25
part,9,0,0,36,PART_9_36_nochat.txt,6,15,4,0,2,1,2,2,100,3
part,9,0,0,36,PART_9_36_nochat.txt,6,5,4,0,2,1,2,2,100,2
part,9,0,0,36,PART_9_36_nochat.txt,6,26,4,0,1,2,2,2,100,5
part,9,0,0,36,PART_9_36_nochat.txt,7,18,1,0,1,2,2,1,10,26
part,9,0,0,36,PART_9_36_nochat.txt,7,30,1,0,1,1,2,1,10,7
part,9,0,0,36,PART_9_36_nochat.txt,7,11,1,0,1,1,2,1,10,13
part,9,0,0,36,PART_9_36_nochat.txt,7,23,1,0,1,1,2,1,10,37
part,9,0,0,36,PART_9_36_nochat.txt,7,22,1,0,1,1,2,1,10,8
part,9,0,0,36,PART_9_36_nochat.txt,7,4,1,3,1,2,2,1,10,7
part,9,0,0,36,PART_9_36_nochat.txt,7,8,1,0,1,2,2,1,10,3
part,9,0,0,36,PART_9_36_nochat.txt,7,19,1,0,2,2,2,1,10,13
part,9,0,0,36,PART_9_36_nochat.txt,7,6,1,0,1,1,2,1,10,7
part,9,0,0,36,PART_9_36_nochat.txt,7,5,2,0,2,1,2,2,100,2
part,9,0,0,36,PART_9_36_nochat.txt,7,32,2,0,2,2,2,2,100,11
part,9,0,0,36,PART_9_36_nochat.txt,7,34,2,0,2,2,2,2,100,8
part,9,0,0,36,PART_9_36_nochat.txt,7,12,2,0,1,1,2,2,100,3
part,9,0,0,36,PART_9_36_nochat.txt,7,15,2,0,1,1,2,2,100,3
part,9,0,0,36,PART_9_36_nochat.txt,7,1,2,0,2,2,2,2,100,16
part,9,0,0,36,PART_9_36_nochat.txt,7,10,2,0,1,1,2,2,100,12
part,9,0,0,36,PART_9_36_nochat.txt,7,29,2,3,1,1,2,2,25,13
part,9,0,0,36,PART_9_36_nochat.txt,7,24,2,3,2,2,2,2,25,5
part,9,0,0,36,PART_9_36_nochat.txt,7,25,3,0,1,1,2,1,10,6
part,9,0,0,36,PART_9_36_nochat.txt,7,3,3,0,1,1,2,1,10,5
part,9,0,0,36,PART_9_36_nochat.txt,7,14,3,0,1,1,2,1,10,4
part,9,0,0,36,PART_9_36_nochat.txt,7,7,3,0,2,2,2,1,10,4
part,9,0,0,36,PART_9_36_nochat.txt,7,27,3,0,1,1,2,1,10,76
part,9,0,0,36,PART_9_36_nochat.txt,7,31,3,0,2,2,2,1,10,3
part,9,0,0,36,PART_9_36_nochat.txt,7,17,3,0,2,2,2,1,10,18
part,9,0,0,36,PART_9_36_nochat.txt,7,16,3,0,1,1,2,1,10,46
part,9,0,0,36,PART_9_36_nochat.txt,7,20,3,0,1,1,2,1,10,5
part,9,0,0,36,PART_9_36_nochat.txt,7,35,4,0,2,2,2,2,100,24
part,9,0,0,36,PART_9_36_nochat.txt,7,33,4,0,2,1,2,2,100,19
part,9,0,0,36,PART_9_36_nochat.txt,7,28,4,0,2,2,2,2,100,7
part,9,0,0,36,PART_9_36_nochat.txt,7,21,4,3,2,1,2,2,25,42
part,9,0,0,36,PART_9_36_nochat.txt,7,9,4,0,2,2,2,2,100,12
part,9,0,0,36,PART_9_36_nochat.txt,7,13,4,0,1,1,2,2,100,40
part,9,0,0,36,PART_9_36_nochat.txt,7,26,4,0,1,1,2,2,100,8
part,9,0,0,36,PART_9_36_nochat.txt,7,2,4,3,2,2,2,2,25,44
part,9,0,0,36,PART_9_36_nochat.txt,7,36,4,0,2,2,2,2,100,6
part,9,0,0,36,PART_9_36_nochat.txt,8,13,1,3,1,1,2,2,25,19
part,9,0,0,36,PART_9_36_nochat.txt,8,27,1,0,1,2,2,2,100,44
part,9,0,0,36,PART_9_36_nochat.txt,8,30,1,3,2,1,2,2,25,7
part,9,0,0,36,PART_9_36_nochat.txt,8,3,1,0,1,1,2,2,100,4
part,9,0,0,36,PART_9_36_nochat.txt,8,8,1,0,2,2,2,2,100,5
part,9,0,0,36,PART_9_36_nochat.txt,8,24,1,0,2,1,2,2,100,9
part,9,0,0,36,PART_9_36_nochat.txt,8,33,1,0,1,1,2,2,100,13
part,9,0,0,36,PART_9_36_nochat.txt,8,10,1,0,2,1,2,2,100,14
part,9,0,0,36,PART_9_36_nochat.txt,8,35,1,3,2,2,2,2,25,12
part,9,0,0,36,PART_9_36_nochat.txt,8,22,2,3,1,2,2,1,10,8
part,9,0,0,36,PART_9_36_nochat.txt,8,32,2,0,1,1,2,1,10,44
part,9,0,0,36,PART_9_36_nochat.txt,8,14,2,0,1,1,2,1,10,4
part,9,0,0,36,PART_9_36_nochat.txt,8,20,2,0,2,2,2,1,10,6
part,9,0,0,36,PART_9_36_nochat.txt,8,7,2,0,1,1,2,1,10,5
part,9,0,0,36,PART_9_36_nochat.txt,8,4,2,3,2,2,2,1,10,9
part,9,0,0,36,PART_9_36_nochat.txt,8,2,2,0,1,2,2,1,10,20
part,9,0,0,36,PART_9_36_nochat.txt,8,19,2,0,2,2,2,1,10,26
part,9,0,0,36,PART_9_36_nochat.txt,8,11,2,0,1,1,2,1,10,5
part,9,0,0,36,PART_9_36_nochat.txt,8,12,3,0,2,1,2,2,100,3
part,9,0,0,36,PART_9_36_nochat.txt,8,16,3,0,1,1,2,2,100,12
part,9,0,0,36,PART_9_36_nochat.txt,8,5,3,0,2,1,2,2,100,5
part,9,0,0,36,PART_9_36_nochat.txt,8,6,3,0,1,1,2,2,100,7
part,9,0,0,36,PART_9_36_nochat.txt,8,21,3,0,2,1,2,2,100,57
part,9,0,0,36,PART_9_36_nochat.txt,8,25,3,0,2,2,2,2,100,10
part,9,0,0,36,PART_9_36_nochat.txt,8,34,3,0,2,2,2,2,100,11
part,9,0,0,36,PART_9_36_nochat.txt,8,28,3,0,2,1,2,2,100,7
part,9,0,0,36,PART_9_36_nochat.txt,8,1,3,0,2,2,2,2,100,11
part,9,0,0,36,PART_9_36_nochat.txt,8,17,4,0,1,1,2,1,10,16
part,9,0,0,36,PART_9_36_nochat.txt,8,9,4,0,1,1,2,1,10,15
part,9,0,0,36,PART_9_36_nochat.txt,8,29,4,0,1,1,2,1,10,8
part,9,0,0,36,PART_9_36_nochat.txt,8,18,4,0,1,2,2,1,10,9
part,9,0,0,36,PART_9_36_nochat.txt,8,15,4,0,1,1,2,1,10,3
part,9,0,0,36,PART_9_36_nochat.txt,8,36,4,0,1,1,2,1,10,10
part,9,0,0,36,PART_9_36_nochat.txt,8,31,4,0,2,2,2,1,10,7
part,9,0,0,36,PART_9_36_nochat.txt,8,23,4,0,2,2,2,1,10,9
part,9,0,0,36,PART_9_36_nochat.txt,8,26,4,0,1,2,2,1,10,4
part,9,0,0,36,PART_9_36_nochat.txt,9,17,1,0,2,2,2,2,100,8
part,9,0,0,36,PART_9_36_nochat.txt,9,10,1,0,1,1,2,2,100,3
part,9,0,0,36,PART_9_36_nochat.txt,9,3,1,0,2,2,2,2,100,5
part,9,0,0,36,PART_9_36_nochat.txt,9,32,1,0,2,2,2,2,100,14
part,9,0,0,36,PART_9_36_nochat.txt,9,25,1,3,2,1,2,2,25,16
part,9,0,0,36,PART_9_36_nochat.txt,9,24,1,0,1,1,2,2,100,17
part,9,0,0,36,PART_9_36_nochat.txt,9,4,1,0,2,2,2,2,100,10
part,9,0,0,36,PART_9_36_nochat.txt,9,31,1,0,2,2,2,2,100,4
part,9,0,0,36,PART_9_36_nochat.txt,9,28,1,0,2,1,2,2,100,20
part,9,0,0,36,PART_9_36_nochat.txt,9,1,2,0,1,1,2,2,100,9
part,9,0,0,36,PART_9_36_nochat.txt,9,30,2,0,2,1,2,2,100,36
part,9,0,0,36,PART_9_36_nochat.txt,9,9,2,0,1,2,2,2,100,7
part,9,0,0,36,PART_9_36_nochat.txt,9,11,2,3,2,2,2,2,25,4
part,9,0,0,36,PART_9_36_nochat.txt,9,29,2,0,1,2,2,2,100,6
part,9,0,0,36,PART_9_36_nochat.txt,9,26,2,0,1,2,2,2,100,6
part,9,0,0,36,PART_9_36_nochat.txt,9,12,2,0,1,1,2,2,100,12
part,9,0,0,36,PART_9_36_nochat.txt,9,14,2,0,2,2,2,2,100,2
part,9,0,0,36,PART_9_36_nochat.txt,9,27,2,0,2,2,2,2,100,29
part,9,0,0,36,PART_9_36_nochat.txt,9,33,3,0,2,1,2,2,100,43
part,9,0,0,36,PART_9_36_nochat.txt,9,7,3,0,2,1,2,2,100,5
part,9,0,0,36,PART_9_36_nochat.txt,9,15,3,3,2,1,2,2,25,4
part,9,0,0,36,PART_9_36_nochat.txt,9,23,3,0,2,2,2,2,100,4
part,9,0,0,36,PART_9_36_nochat.txt,9,13,3,0,2,2,2,2,100,18
part,9,0,0,36,PART_9_36_nochat.txt,9,19,3,0,1,1,2,2,100,35
part,9,0,0,36,PART_9_36_nochat.txt,9,16,3,0,1,1,2,2,100,42
part,9,0,0,36,PART_9_36_nochat.txt,9,35,3,0,2,2,2,2,100,36
part,9,0,0,36,PART_9_36_nochat.txt,9,20,3,0,2,1,2,2,100,5
part,9,0,0,36,PART_9_36_nochat.txt,9,6,4,0,1,1,2,1,10,14
part,9,0,0,36,PART_9_36_nochat.txt,9,2,4,3,2,1,2,1,10,41
part,9,0,0,36,PART_9_36_nochat.txt,9,21,4,0,1,1,2,1,10,44
part,9,0,0,36,PART_9_36_nochat.txt,9,18,4,0,1,2,2,1,10,10
part,9,0,0,36,PART_9_36_nochat.txt,9,34,4,0,1,1,2,1,10,7
part,9,0,0,36,PART_9_36_nochat.txt,9,5,4,0,1,1,2,1,10,10
part,9,0,0,36,PART_9_36_nochat.txt,9,22,4,0,1,1,2,1,10,7
part,9,0,0,36,PART_9_36_nochat.txt,9,8,4,0,2,2,2,1,10,2
part,9,0,0,36,PART_9_36_nochat.txt,9,36,4,0,2,2,2,1,10,17
part,9,0,0,36,PART_9_36_nochat.txt,10,26,1,0,2,2,2,1,10,3
part,9,0,0,36,PART_9_36_nochat.txt,10,3,1,0,1,1,2,1,10,5
part,9,0,0,36,PART_9_36_nochat.txt,10,11,1,0,1,2,2,1,10,6
part,9,0,0,36,PART_9_36_nochat.txt,10,18,1,0,1,2,2,1,10,38
part,9,0,0,36,PART_9_36_nochat.txt,10,1,1,3,1,1,2,1,10,8
part,9,0,0,36,PART_9_36_nochat.txt,10,6,1,0,2,2,2,1,10,7
part,9,0,0,36,PART_9_36_nochat.txt,10,7,1,0,2,2,2,1,10,15
part,9,0,0,36,PART_9_36_nochat.txt,10,25,1,0,1,1,2,1,10,8
part,9,0,0,36,PART_9_36_nochat.txt,10,31,1,0,1,1,2,1,10,6
part,9,0,0,36,PART_9_36_nochat.txt,10,28,2,0,1,2,2,1,10,9
part,9,0,0,36,PART_9_36_nochat.txt,10,9,2,0,1,2,2,1,10,7
part,9,0,0,36,PART_9_36_nochat.txt,10,5,2,3,1,1,2,1,10,3
part,9,0,0,36,PART_9_36_nochat.txt,10,36,2,0,1,2,2,1,10,24
part,9,0,0,36,PART_9_36_nochat.txt,10,35,2,0,1,1,2,1,10,15
part,9,0,0,36,PART_9_36_nochat.txt,10,24,2,0,1,2,2,1,10,9
part,9,0,0,36,PART_9_36_nochat.txt,10,16,2,0,1,1,2,1,10,18
part,9,0,0,36,PART_9_36_nochat.txt,10,19,2,3,1,1,2,1,10,12
part,9,0,0,36,PART_9_36_nochat.txt,10,33,2,0,2,1,2,1,10,42
part,9,0,0,36,PART_9_36_nochat.txt,10,12,3,0,1,1,2,1,10,3
part,9,0,0,36,PART_9_36_nochat.txt,10,14,3,0,1,1,2,1,10,7
part,9,0,0,36,PART_9_36_nochat.txt,10,13,3,0,2,2,2,1,10,22
part,9,0,0,36,PART_9_36_nochat.txt,10,34,3,0,1,1,2,1,10,9
part,9,0,0,36,PART_9_36_nochat.txt,10,22,3,0,1,1,2,1,10,13
part,9,0,0,36,PART_9_36_nochat.txt,10,15,3,0,2,1,2,1,10,13
part,9,0,0,36,PART_9_36_nochat.txt,10,17,3,0,1,1,2,1,10,13
part,9,0,0,36,PART_9_36_nochat.txt,10,4,3,3,1,2,2,1,10,7
part,9,0,0,36,PART_9_36_nochat.txt,10,20,3,3,1,2,2,1,10,6
part,9,0,0,36,PART_9_36_nochat.txt,10,8,4,0,2,2,2,2,100,4
part,9,0,0,36,PART_9_36_nochat.txt,10,10,4,0,2,1,2,2,100,17
part,9,0,0,36,PART_9_36_nochat.txt,10,30,4,0,2,1,2,2,100,7
part,9,0,0,36,PART_9_36_nochat.txt,10,29,4,0,1,2,2,2,100,5
part,9,0,0,36,PART_9_36_nochat.txt,10,32,4,0,2,2,2,2,100,6
part,9,0,0,36,PART_9_36_nochat.txt,10,2,4,0,1,1,2,2,100,31
part,9,0,0,36,PART_9_36_nochat.txt,10,23,4,0,1,1,2,2,100,14
part,9,0,0,36,PART_9_36_nochat.txt,10,21,4,0,2,1,2,2,100,46
part,9,0,0,36,PART_9_36_nochat.txt,10,27,4,0,2,2,2,2,100,12
part,9,0,0,36,PART_9_36_nochat.txt,11,21,1,3,2,2,2,1,10,27
part,9,0,0,36,PART_9_36_nochat.txt,11,31,1,0,1,2,2,1,10,21
part,9,0,0,36,PART_9_36_nochat.txt,11,9,1,0,1,1,2,1,10,8
part,9,0,0,36,PART_9_36_nochat.txt,11,7,1,0,1,1,2,1,10,3
part,9,0,0,36,PART_9_36_nochat.txt,11,25,1,0,2,1,2,1,10,22
part,9,0,0,36,PART_9_36_nochat.txt,11,2,1,0,2,2,2,1,10,31
part,9,0,0,36,PART_9_36_nochat.txt,11,16,1,0,1,2,2,1,10,34
part,9,0,0,36,PART_9_36_nochat.txt,11,27,1,0,2,2,2,1,10,17
part,9,0,0,36,PART_9_36_nochat.txt,11,32,1,3,1,1,2,1,10,24
part,9,0,0,36,PART_9_36_nochat.txt,11,8,2,0,2,2,2,1,10,14
part,9,0,0,36,PART_9_36_nochat.txt,11,17,2,3,1,2,2,1,10,7
part,9,0,0,36,PART_9_36_nochat.txt,11,23,2,0,1,1,2,1,10,18
part,9,0,0,36,PART_9_36_nochat.txt,11,6,2,0,1,1,2,1,10,6
part,9,0,0,36,PART_9_36_nochat.txt,11,28,2,0,1,2,2,1,10,17
part,9,0,0,36,PART_9_36_nochat.txt,11,19,2,0,2,2,2,1,10,38
part,9,0,0,36,PART_9_36_nochat.txt,11,26,2,0,2,2,2,1,10,6
part,9,0,0,36,PART_9_36_nochat.txt,11,12,2,0,1,1,2,1,10,3
part,9,0,0,36,PART_9_36_nochat.txt,11,24,2,0,1,1,2,1,10,9
part,9,0,0,36,PART_9_36_nochat.txt,11,3,3,0,2,2,2,2,100,5
part,9,0,0,36,PART_9_36_nochat.txt,11,5,3,0,2,1,2,2,100,6
part,9,0,0,36,PART_9_36_nochat.txt,11,13,3,0,1,1,2,2,100,6
part,9,0,0,36,PART_9_36_nochat.txt,11,14,3,0,2,2,2,2,100,4
part,9,0,0,36,PART_9_36_nochat.txt,11,15,3,0,2,1,2,2,100,2
part,9,0,0,36,PART_9_36_nochat.txt,11,34,3,0,2,2,2,2,100,11
part,9,0,0,36,PART_9_36_nochat.txt,11,11,3,0,1,2,2,2,100,4
part,9,0,0,36,PART_9_36_nochat.txt,11,22,3,0,2,1,2,2,100,7
part,9,0,0,36,PART_9_36_nochat.txt,11,33,3,3,2,1,2,2,25,31
part,9,0,0,36,PART_9_36_nochat.txt,11,36,4,0,1,2,2,2,100,32
part,9,0,0,36,PART_9_36_nochat.txt,11,1,4,0,2,2,2,2,100,5
part,9,0,0,36,PART_9_36_nochat.txt,11,35,4,0,2,2,2,2,100,8
part,9,0,0,36,PART_9_36_nochat.txt,11,18,4,0,1,2,2,2,100,9
part,9,0,0,36,PART_9_36_nochat.txt,11,4,4,0,2,2,2,2,100,5
part,9,0,0,36,PART_9_36_nochat.txt,11,30,4,0,2,2,2,2,100,23
part,9,0,0,36,PART_9_36_nochat.txt,11,20,4,0,2,1,2,2,100,5
part,9,0,0,36,PART_9_36_nochat.txt,11,10,4,3,1,1,2,2,25,7
part,9,0,0,36,PART_9_36_nochat.txt,11,29,4,3,1,2,2,2,25,24
part,9,0,0,36,PART_9_36_nochat.txt,12,3,1,3,1,1,2,2,25,14
part,9,0,0,36,PART_9_36_nochat.txt,12,36,1,0,2,2,2,2,100,16
part,9,0,0,36,PART_9_36_nochat.txt,12,23,1,0,2,2,2,2,100,39
part,9,0,0,36,PART_9_36_nochat.txt,12,27,1,0,1,2,2,2,100,24
part,9,0,0,36,PART_9_36_nochat.txt,12,16,1,0,1,1,2,2,100,7
part,9,0,0,36,PART_9_36_nochat.txt,12,5,1,0,1,1,2,2,100,4
part,9,0,0,36,PART_9_36_nochat.txt,12,11,1,0,1,2,2,2,100,16
part,9,0,0,36,PART_9_36_nochat.txt,12,32,1,0,1,1,2,2,100,15
part,9,0,0,36,PART_9_36_nochat.txt,12,33,1,3,2,1,2,2,25,21
part,9,0,0,36,PART_9_36_nochat.txt,12,8,2,0,2,2,2,1,10,3
part,9,0,0,36,PART_9_36_nochat.txt,12,15,2,0,2,1,2,1,10,3
part,9,0,0,36,PART_9_36_nochat.txt,12,12,2,3,1,1,2,1,10,6
part,9,0,0,36,PART_9_36_nochat.txt,12,17,2,0,1,1,2,1,10,12
part,9,0,0,36,PART_9_36_nochat.txt,12,18,2,0,2,2,2,1,10,6
part,9,0,0,36,PART_9_36_nochat.txt,12,29,2,0,2,2,2,1,10,9
part,9,0,0,36,PART_9_36_nochat.txt,12,9,2,0,1,2,2,1,10,7
part,9,0,0,36,PART_9_36_nochat.txt,12,10,2,0,2,1,2,1,10,21
part,9,0,0,36,PART_9_36_nochat.txt,12,31,2,0,1,2,2,1,10,16
part,9,0,0,36,PART_9_36_nochat.txt,12,20,3,0,1,2,2,2,100,9
part,9,0,0,36,PART_9_36_nochat.txt,12,26,3,0,2,2,2,2,100,8
part,9,0,0,36,PART_9_36_nochat.txt,12,2,3,0,2,2,2,2,100,23
part,9,0,0,36,PART_9_36_nochat.txt,12,19,3,3,2,2,2,2,25,26
part,9,0,0,36,PART_9_36_nochat.txt,12,14,3,0,2,2,2,2,100,4
part,9,0,0,36,PART_9_36_nochat.txt,12,7,3,0,2,2,2,2,100,4
part,9,0,0,36,PART_9_36_nochat.txt,12,34,3,0,2,2,2,2,100,6
part,9,0,0,36,PART_9_36_nochat.txt,12,28,3,0,1,1,2,2,100,7
part,9,0,0,36,PART_9_36_nochat.txt,12,6,3,0,2,1,2,2,100,6
part,9,0,0,36,PART_9_36_nochat.txt,12,1,4,0,2,2,2,2,100,8
part,9,0,0,36,PART_9_36_nochat.txt,12,13,4,3,1,1,2,2,25,18
part,9,0,0,36,PART_9_36_nochat.txt,12,35,4,0,1,1,2,2,100,19
part,9,0,0,36,PART_9_36_nochat.txt,12,24,4,0,2,2,2,2,100,11
part,9,0,0,36,PART_9_36_nochat.txt,12,21,4,0,2,2,2,2,100,77
part,9,0,0,36,PART_9_36_nochat.txt,12,25,4,3,2,1,2,2,25,16
part,9,0,0,36,PART_9_36_nochat.txt,12,30,4,0,2,1,2,2,100,7
part,9,0,0,36,PART_9_36_nochat.txt,12,22,4,0,1,2,2,2,100,9
part,9,0,0,36,PART_9_36_nochat.txt,12,4,4,0,2,2,2,2,100,4
part,9,0,0,36,PART_9_36_nochat.txt,13,18,1,0,1,2,2,1,10,6
part,9,0,0,36,PART_9_36_nochat.txt,13,10,1,0,1,1,2,1,10,6
part,9,0,0,36,PART_9_36_nochat.txt,13,30,1,0,2,1,2,1,10,21
part,9,0,0,36,PART_9_36_nochat.txt,13,14,1,0,1,1,2,1,10,4
part,9,0,0,36,PART_9_36_nochat.txt,13,22,1,0,2,1,2,1,10,19
part,9,0,0,36,PART_9_36_nochat.txt,13,12,1,0,1,1,2,1,10,3
part,9,0,0,36,PART_9_36_nochat.txt,13,29,1,0,1,2,2,1,10,4
part,9,0,0,36,PART_9_36_nochat.txt,13,25,1,0,1,1,2,1,10,12
part,9,0,0,36,PART_9_36_nochat.txt,13,4,1,0,1,1,2,1,10,14
part,9,0,0,36,PART_9_36_nochat.txt,13,9,2,0,1,1,2,1,10,8
part,9,0,0,36,PART_9_36_nochat.txt,13,19,2,0,1,1,2,1,10,21
part,9,0,0,36,PART_9_36_nochat.txt,13,34,2,0,2,2,2,1,10,2
part,9,0,0,36,PART_9_36_nochat.txt,13,28,2,0,1,2,2,1,10,7
part,9,0,0,36,PART_9_36_nochat.txt,13,24,2,0,1,2,2,1,10,26
part,9,0,0,36,PART_9_36_nochat.txt,13,7,2,0,1,1,2,1,10,12
part,9,0,0,36,PART_9_36_nochat.txt,13,6,2,0,2,1,2,1,10,4
part,9,0,0,36,PART_9_36_nochat.txt,13,27,2,0,1,2,2,1,10,81
part,9,0,0,36,PART_9_36_nochat.txt,13,17,2,0,1,2,2,1,10,10
part,9,0,0,36,PART_9_36_nochat.txt,13,1,3,0,2,2,2,2,100,8
part,9,0,0,36,PART_9_36_nochat.txt,13,2,3,3,1,1,2,2,25,22
part,9,0,0,36,PART_9_36_nochat.txt,13,20,3,0,1,2,2,2,100,4
part,9,0,0,36,PART_9_36_nochat.txt,13,26,3,3,1,1,2,2,25,4
part,9,0,0,36,PART_9_36_nochat.txt,13,32,3,0,2,1,2,2,100,13
part,9,0,0,36,PART_9_36_nochat.txt,13,33,3,0,2,1,2,2,100,13
part,9,0,0,36,PART_9_36_nochat.txt,13,11,3,0,2,2,2,2,100,6
part,9,0,0,36,PART_9_36_nochat.txt,13,3,3,0,2,2,2,2,100,8
part,9,0,0,36,PART_9_36_nochat.txt,13,15,3,0,1,1,2,2,100,7
part,9,0,0,36,PART_9_36_nochat.txt,13,13,4,0,2,2,2,2,100,46
part,9,0,0,36,PART_9_36_nochat.txt,13,36,4,3,2,1,2,2,25,21
part,9,0,0,36,PART_9_36_nochat.txt,13,8,4,3,1,1,2,2,25,2
part,9,0,0,36,PART_9_36_nochat.txt,13,31,4,0,2,2,2,2,100,3
part,9,0,0,36,PART_9_36_nochat.txt,13,21,4,0,2,1,2,2,100,38
part,9,0,0,36,PART_9_36_nochat.txt,13,35,4,3,2,2,2,2,25,9
part,9,0,0,36,PART_9_36_nochat.txt,13,23,4,3,2,2,2,2,25,29
part,9,0,0,36,PART_9_36_nochat.txt,13,16,4,0,2,2,2,2,100,25
part,9,0,0,36,PART_9_36_nochat.txt,13,5,4,0,2,1,2,2,100,3
part,9,0,0,36,PART_9_36_nochat.txt,14,32,1,3,2,1,2,2,25,12
part,9,0,0,36,PART_9_36_nochat.txt,14,31,1,0,2,2,2,2,100,3
part,9,0,0,36,PART_9_36_nochat.txt,14,14,1,0,2,2,2,2,100,6
part,9,0,0,36,PART_9_36_nochat.txt,14,10,1,0,2,1,2,2,100,13
part,9,0,0,36,PART_9_36_nochat.txt,14,1,1,0,1,1,2,2,100,4
part,9,0,0,36,PART_9_36_nochat.txt,14,4,1,0,2,2,2,2,100,4
part,9,0,0,36,PART_9_36_nochat.txt,14,19,1,0,1,1,2,2,100,20
part,9,0,0,36,PART_9_36_nochat.txt,14,36,1,3,2,1,2,2,25,9
part,9,0,0,36,PART_9_36_nochat.txt,14,22,1,3,1,2,2,2,25,12
part,9,0,0,36,PART_9_36_nochat.txt,14,34,2,0,1,1,2,1,10,5
part,9,0,0,36,PART_9_36_nochat.txt,14,18,2,0,1,2,2,1,10,4
part,9,0,0,36,PART_9_36_nochat.txt,14,21,2,0,1,1,2,1,10,27
part,9,0,0,36,PART_9_36_nochat.txt,14,6,2,0,1,1,2,1,10,6
part,9,0,0,36,PART_9_36_nochat.txt,14,13,2,3,1,1,2,1,10,8
part,9,0,0,36,PART_9_36_nochat.txt,14,20,2,0,1,2,2,1,10,7
part,9,0,0,36,PART_9_36_nochat.txt,14,24,2,0,1,1,2,1,10,9
part,9,0,0,36,PART_9_36_nochat.txt,14,23,2,0,1,1,2,1,10,6
part,9,0,0,36,PART_9_36_nochat.txt,14,30,2,0,1,2,2,1,10,7
part,9,0,0,36,PART_9_36_nochat.txt,14,35,3,0,2,2,2,2,100,32
part,9,0,0,36,PART_9_36_nochat.txt,14,9,3,0,2,2,2,2,100,12
part,9,0,0,36,PART_9_36_nochat.txt,14,27,3,0,1,2,2,2,100,35
part,9,0,0,36,PART_9_36_nochat.txt,14,2,3,0,2,2,2,2,100,10
part,9,0,0,36,PART_9_36_nochat.txt,14,29,3,3,1,2,2,2,25,4
part,9,0,0,36,PART_9_36_nochat.txt,14,25,3,3,2,1,2,2,25,8
part,9,0,0,36,PART_9_36_nochat.txt,14,28,3,0,2,2,2,2,100,8
part,9,0,0,36,PART_9_36_nochat.txt,14,3,3,0,1,1,2,2,100,7
part,9,0,0,36,PART_9_36_nochat.txt,14,11,3,0,1,2,2,2,100,5
part,9,0,0,36,PART_9_36_nochat.txt,14,15,4,0,1,1,2,1,10,7
part,9,0,0,36,PART_9_36_nochat.txt,14,8,4,0,2,2,2,1,10,2
part,9,0,0,36,PART_9_36_nochat.txt,14,17,4,3,2,2,2,1,10,12
part,9,0,0,36,PART_9_36_nochat.txt,14,33,4,3,1,1,2,1,10,13
part,9,0,0,36,PART_9_36_nochat.txt,14,26,4,0,1,2,2,1,10,5
part,9,0,0,36,PART_9_36_nochat.txt,14,12,4,0,2,1,2,1,10,3
part,9,0,0,36,PART_9_36_nochat.txt,14,5,4,3,2,1,2,1,10,3
part,9,0,0,36,PART_9_36_nochat.txt,14,16,4,0,2,2,2,1,10,7
part,9,0,0,36,PART_9_36_nochat.txt,14,7,4,0,1,1,2,1,10,5
part,9,0,0,36,PART_9_36_nochat.txt,15,20,1,0,2,2,2,2,100,6
part,9,0,0,36,PART_9_36_nochat.txt,15,21,1,0,2,2,2,2,100,23
part,9,0,0,36,PART_9_36_nochat.txt,15,31,1,0,2,2,2,2,100,3
part,9,0,0,36,PART_9_36_nochat.txt,15,7,1,0,1,1,2,2,100,4
part,9,0,0,36,PART_9_36_nochat.txt,15,3,1,0,2,2,2,2,100,6
part,9,0,0,36,PART_9_36_nochat.txt,15,9,1,3,1,2,2,2,25,16
part,9,0,0,36,PART_9_36_nochat.txt,15,19,1,0,2,2,2,2,100,10
part,9,0,0,36,PART_9_36_nochat.txt,15,27,1,0,1,1,2,2,100,56
part,9,0,0,36,PART_9_36_nochat.txt,15,25,1,0,2,1,2,2,100,17
part,9,0,0,36,PART_9_36_nochat.txt,15,22,2,0,2,2,2,2,100,10
part,9,0,0,36,PART_9_36_nochat.txt,15,10,2,3,2,1,2,2,25,17
part,9,0,0,36,PART_9_36_nochat.txt,15,18,2,0,2,2,2,2,100,3
part,9,0,0,36,PART_9_36_nochat.txt,15,15,2,0,2,2,2,2,100,4
part,9,0,0,36,PART_9_36_nochat.txt,15,1,2,3,1,1,2,2,25,5
part,9,0,0,36,PART_9_36_nochat.txt,15,36,2,0,2,2,2,2,100,16
part,9,0,0,36,PART_9_36_nochat.txt,15,34,2,0,2,2,2,2,100,3
part,9,0,0,36,PART_9_36_nochat.txt,15,26,2,0,1,2,2,2,100,6
part,9,0,0,36,PART_9_36_nochat.txt,15,12,2,0,2,1,2,2,100,1
part,9,0,0,36,PART_9_36_nochat.txt,15,13,3,0,1,1,2,1,10,22
part,9,0,0,36,PART_9_36_nochat.txt,15,30,3,0,1,1,2,1,10,6
part,9,0,0,36,PART_9_36_nochat.txt,15,33,3,0,1,1,2,1,10,10
part,9,0,0,36,PART_9_36_nochat.txt,15,17,3,0,2,2,2,1,10,12
part,9,0,0,36,PART_9_36_nochat.txt,15,11,3,0,1,2,2,1,10,11
part,9,0,0,36,PART_9_36_nochat.txt,15,5,3,0,2,1,2,1,10,2
part,9,0,0,36,PART_9_36_nochat.txt,15,28,3,0,1,2,2,1,10,8
part,9,0,0,36,PART_9_36_nochat.txt,15,14,3,0,1,2,2,1,10,7
part,9,0,0,36,PART_9_36_nochat.txt,15,6,3,0,2,2,2,1,10,2
part,9,0,0,36,PART_9_36_nochat.txt,15,29,4,0,2,2,2,2,100,8
part,9,0,0,36,PART_9_36_nochat.txt,15,8,4,0,2,2,2,2,100,2
part,9,0,0,36,PART_9_36_nochat.txt,15,16,4,0,1,1,2,2,100,9
part,9,0,0,36,PART_9_36_nochat.txt,15,35,4,0,1,1,2,2,100,11
part,9,0,0,36,PART_9_36_nochat.txt,15,24,4,0,2,2,2,2,100,15
part,9,0,0,36,PART_9_36_nochat.txt,15,4,4,0,2,2,2,2,100,5
part,9,0,0,36,PART_9_36_nochat.txt,15,2,4,0,1,1,2,2,100,23
part,9,0,0,36,PART_9_36_nochat.txt,15,23,4,0,2,2,2,2,100,12
part,9,0,0,36,PART_9_36_nochat.txt,15,32,4,3,2,1,2,2,25,5
